h/dp :,2
L2norm Pressure,KE,dp,Nparticles
156186,7.07871e+07,0.5,1152

t,6.96059
ID,r,z,,rho,drhodt,pressure,,u_r,u_z,velocity,,pairAr,pairAz,totalAr,totalAz,Type
0,0.25,-0.25,,1003.34,0,79354.6,,0,0,0,,0,0,316.363,-9.81,boundary
1,0.75,-0.25,,1002.85,0,67575.2,,0,0,0,,0,0,89.8445,-9.81,boundary
2,1.25,-0.25,,1002.39,0,56686.4,,0,0,0,,0,0,45.2409,-9.81,boundary
3,1.75,-0.25,,1001.32,0,31159.4,,0,0,0,,0,0,17.7819,-9.81,boundary
4,2.25,-0.25,,1000.61,0,14382,,0,0,0,,0,0,6.38811,-9.81,boundary
5,2.75,-0.25,,1000.65,0,15215.8,,0,0,0,,0,0,5.52945,-9.81,boundary
6,3.25,-0.25,,1001,0,23698.5,,0,0,0,,0,0,7.28454,-9.81,boundary
7,3.75,-0.25,,1001.42,0,33554.8,,0,0,0,,0,0,8.93527,-9.81,boundary
8,4.25,-0.25,,1001.68,0,39722,,0,0,0,,0,0,9.3307,-9.81,boundary
9,4.75,-0.25,,1001.78,0,42228.7,,0,0,0,,0,0,8.87443,-9.81,boundary
10,5.25,-0.25,,1001.86,0,44104.6,,0,0,0,,0,0,8.38526,-9.81,boundary
11,5.75,-0.25,,1002.04,0,48210.3,,0,0,0,,0,0,8.36737,-9.81,boundary
12,6.25,-0.25,,1002.29,0,54285.3,,0,0,0,,0,0,8.66581,-9.81,boundary
13,6.75,-0.25,,1002.56,0,60693.6,,0,0,0,,0,0,8.9687,-9.81,boundary
14,7.25,-0.25,,1002.73,0,64729.3,,0,0,0,,0,0,8.90389,-9.81,boundary
15,7.75,-0.25,,1002.81,0,66804.1,,0,0,0,,0,0,8.5957,-9.81,boundary
16,8.25,-0.25,,1002.83,0,67096.2,,0,0,0,,0,0,8.10996,-9.81,boundary
17,8.75,-0.25,,1002.85,0,67614.5,,0,0,0,,0,0,7.70543,-9.81,boundary
18,9.25,-0.25,,1002.9,0,68781.5,,0,0,0,,0,0,7.41436,-9.81,boundary
19,9.75,-0.25,,1002.93,0,69699.1,,0,0,0,,0,0,7.12771,-9.81,boundary
20,10.25,-0.25,,1002.86,0,67961.7,,0,0,0,,0,0,6.61148,-9.81,boundary
21,10.75,-0.25,,1002.63,0,62446.1,,0,0,0,,0,0,5.79369,-9.81,boundary
22,11.25,-0.25,,1002.34,0,55465.1,,0,0,0,,0,0,4.91873,-9.81,boundary
23,11.75,-0.25,,1002.11,0,50049.5,,0,0,0,,0,0,4.25056,-9.81,boundary
24,12.25,-0.25,,1001.93,0,45640.4,,0,0,0,,0,0,3.71858,-9.81,boundary
25,12.75,-0.25,,1001.74,0,41149.2,,0,0,0,,0,0,3.22179,-9.81,boundary
26,13.25,-0.25,,1001.57,0,37224.3,,0,0,0,,0,0,2.80496,-9.81,boundary
27,13.75,-0.25,,1001.43,0,33762.8,,0,0,0,,0,0,2.45198,-9.81,boundary
28,14.25,-0.25,,1001.26,0,29799.7,,0,0,0,,0,0,2.08857,-9.81,boundary
29,14.75,-0.25,,1001.04,0,24648.8,,0,0,0,,0,0,1.66936,-9.81,boundary
30,15.25,-0.25,,1000.89,0,21088.8,,0,0,0,,0,0,1.38164,-9.81,boundary
31,15.75,-0.25,,1000.82,0,19455.3,,0,0,0,,0,0,1.23424,-9.81,boundary
32,16.25,-0.25,,1000.82,0,19318.4,,0,0,0,,0,0,1.18786,-9.81,boundary
33,16.75,-0.25,,1000.83,0,19505,,0,0,0,,0,0,1.16351,-9.81,boundary
34,17.25,-0.25,,1000.81,0,19062.3,,0,0,0,,0,0,1.10417,-9.81,boundary
35,17.75,-0.25,,1000.78,0,18330.8,,0,0,0,,0,0,1.03192,-9.81,boundary
36,18.25,-0.25,,1000.78,0,18474.9,,0,0,0,,0,0,1.01153,-9.81,boundary
37,18.75,-0.25,,1000.8,0,18848.9,,0,0,0,,0,0,1.00447,-9.81,boundary
38,19.25,-0.25,,1000.83,0,19522.3,,0,0,0,,0,0,1.01331,-9.81,boundary
39,19.75,-0.25,,1000.87,0,20472.2,,0,0,0,,0,0,1.03567,-9.81,boundary
40,20.25,-0.25,,1000.89,0,21002,,0,0,0,,0,0,1.03622,-9.81,boundary
41,20.75,-0.25,,1000.86,0,20406.8,,0,0,0,,0,0,0.982609,-9.81,boundary
42,21.25,-0.25,,1000.8,0,18779.8,,0,0,0,,0,0,0.883055,-9.81,boundary
43,21.75,-0.25,,1000.68,0,16010.8,,0,0,0,,0,0,0.735629,-9.81,boundary
44,22.25,-0.25,,1000.6,0,14224.3,,0,0,0,,0,0,0.638909,-9.81,boundary
45,22.75,-0.25,,1000.58,0,13596,,0,0,0,,0,0,0.597281,-9.81,boundary
46,23.25,-0.25,,1000.49,0,11585.7,,0,0,0,,0,0,0.498064,-9.81,boundary
47,23.75,-0.25,,1000.35,0,8318.54,,0,0,0,,0,0,0.350131,-9.81,boundary
48,24.25,-0.25,,1000.32,0,7648.8,,0,0,0,,0,0,0.315312,-9.81,boundary
49,24.75,-0.25,,1000.44,0,10438.3,,0,0,0,,0,0,0.421563,-9.81,boundary
50,25.25,-0.25,,1000.58,0,13787.4,,0,0,0,,0,0,0.545716,-9.81,boundary
51,25.75,-0.25,,1000.61,0,14439.9,,0,0,0,,0,0,0.56043,-9.81,boundary
52,0.25,-0.75,,1003.21,0,76265.7,,0,0,0,,0,0,304.087,-9.81,boundary
53,0.75,-0.75,,1002.67,0,63458.3,,0,0,0,,0,0,84.3854,-9.81,boundary
54,1.25,-0.75,,1001.73,0,40838.6,,0,0,0,,0,0,32.6146,-9.81,boundary
55,1.75,-0.75,,1000.4,0,9362,,0,0,0,,0,0,5.34759,-9.81,boundary
56,2.25,-0.75,,1000,0,0,,0,0,0,,0,0,0,-9.81,boundary
57,2.75,-0.75,,1000,0,0,,0,0,0,,0,0,0,-9.81,boundary
58,3.25,-0.75,,1000.56,0,13202.2,,0,0,0,,0,0,4.05994,-9.81,boundary
59,3.75,-0.75,,1001.26,0,29886.8,,0,0,0,,0,0,7.95975,-9.81,boundary
60,4.25,-0.75,,1001.61,0,38178.3,,0,0,0,,0,0,8.96865,-9.81,boundary
61,4.75,-0.75,,1001.68,0,39698.5,,0,0,0,,0,0,8.34359,-9.81,boundary
62,5.25,-0.75,,1001.66,0,39368.6,,0,0,0,,0,0,7.48632,-9.81,boundary
63,5.75,-0.75,,1001.77,0,41783.2,,0,0,0,,0,0,7.25383,-9.81,boundary
64,6.25,-0.75,,1002.07,0,49066,,0,0,0,,0,0,7.83434,-9.81,boundary
65,6.75,-0.75,,1002.5,0,59342.8,,0,0,0,,0,0,8.76959,-9.81,boundary
66,7.25,-0.75,,1002.89,0,68690.5,,0,0,0,,0,0,9.44722,-9.81,boundary
67,7.75,-0.75,,1003.16,0,74997.6,,0,0,0,,0,0,9.64668,-9.81,boundary
68,8.25,-0.75,,1003.29,0,78323.6,,0,0,0,,0,0,9.4626,-9.81,boundary
69,8.75,-0.75,,1003.34,0,79393.3,,0,0,0,,0,0,9.04333,-9.81,boundary
70,9.25,-0.75,,1003.33,0,79185,,0,0,0,,0,0,8.53213,-9.81,boundary
71,9.75,-0.75,,1003.29,0,78341.9,,0,0,0,,0,0,8.00868,-9.81,boundary
72,10.25,-0.75,,1003.16,0,75071.3,,0,0,0,,0,0,7.30097,-9.81,boundary
73,10.75,-0.75,,1002.87,0,68080.1,,0,0,0,,0,0,6.31493,-9.81,boundary
74,11.25,-0.75,,1002.51,0,59543,,0,0,0,,0,0,5.27946,-9.81,boundary
75,11.75,-0.75,,1002.24,0,53173.9,,0,0,0,,0,0,4.51531,-9.81,boundary
76,12.25,-0.75,,1002.05,0,48644,,0,0,0,,0,0,3.9628,-9.81,boundary
77,12.75,-0.75,,1001.84,0,43623,,0,0,0,,0,0,3.41512,-9.81,boundary
78,13.25,-0.75,,1001.66,0,39245.6,,0,0,0,,0,0,2.95703,-9.81,boundary
79,13.75,-0.75,,1001.48,0,35096.2,,0,0,0,,0,0,2.54867,-9.81,boundary
80,14.25,-0.75,,1001.24,0,29192.1,,0,0,0,,0,0,2.04604,-9.81,boundary
81,14.75,-0.75,,1000.97,0,22845.1,,0,0,0,,0,0,1.54732,-9.81,boundary
82,15.25,-0.75,,1000.81,0,19079.1,,0,0,0,,0,0,1.25008,-9.81,boundary
83,15.75,-0.75,,1000.72,0,16894.6,,0,0,0,,0,0,1.07191,-9.81,boundary
84,16.25,-0.75,,1000.7,0,16427.2,,0,0,0,,0,0,1.0102,-9.81,boundary
85,16.75,-0.75,,1000.81,0,19061.1,,0,0,0,,0,0,1.13706,-9.81,boundary
86,17.25,-0.75,,1000.94,0,22150.3,,0,0,0,,0,0,1.28287,-9.81,boundary
87,17.75,-0.75,,1000.95,0,22438,,0,0,0,,0,0,1.26291,-9.81,boundary
88,18.25,-0.75,,1000.95,0,22459.2,,0,0,0,,0,0,1.22947,-9.81,boundary
89,18.75,-0.75,,1000.92,0,21773.7,,0,0,0,,0,0,1.16019,-9.81,boundary
90,19.25,-0.75,,1000.86,0,20323.6,,0,0,0,,0,0,1.05486,-9.81,boundary
91,19.75,-0.75,,1000.8,0,18968.9,,0,0,0,,0,0,0.959679,-9.81,boundary
92,20.25,-0.75,,1000.76,0,18003,,0,0,0,,0,0,0.888358,-9.81,boundary
93,20.75,-0.75,,1000.76,0,17897.2,,0,0,0,,0,0,0.861861,-9.81,boundary
94,21.25,-0.75,,1000.75,0,17737.9,,0,0,0,,0,0,0.834096,-9.81,boundary
95,21.75,-0.75,,1000.63,0,14912.8,,0,0,0,,0,0,0.685212,-9.81,boundary
96,22.25,-0.75,,1000.52,0,12217.5,,0,0,0,,0,0,0.548819,-9.81,boundary
97,22.75,-0.75,,1000.47,0,11045.4,,0,0,0,,0,0,0.485285,-9.81,boundary
98,23.25,-0.75,,1000.37,0,8632.36,,0,0,0,,0,0,0.371149,-9.81,boundary
99,23.75,-0.75,,1000.21,0,5030.18,,0,0,0,,0,0,0.211752,-9.81,boundary
100,24.25,-0.75,,1000.23,0,5443.17,,0,0,0,,0,0,0.224409,-9.81,boundary
101,24.75,-0.75,,1000.43,0,10244.6,,0,0,0,,0,0,0.413745,-9.81,boundary
102,25.25,-0.75,,1000.54,0,12833.4,,0,0,0,,0,0,0.507978,-9.81,boundary
103,25.75,-0.75,,1000.62,0,14553.8,,0,0,0,,0,0,0.564847,-9.81,boundary
104,0.25,-1.25,,1002.95,0,70039.4,,0,0,0,,0,0,279.334,-9.81,boundary
105,0.75,-1.25,,1002.31,0,54762.3,,0,0,0,,0,0,72.8481,-9.81,boundary
106,1.25,-1.25,,1001.2,0,28271.5,,0,0,0,,0,0,22.5902,-9.81,boundary
107,1.75,-1.25,,1000.2,0,4711.23,,0,0,0,,0,0,2.69159,-9.81,boundary
108,2.25,-1.25,,1000,0,0,,0,0,0,,0,0,0,-9.81,boundary
109,2.75,-1.25,,1000,0,0,,0,0,0,,0,0,0,-9.81,boundary
110,3.25,-1.25,,1000.94,0,22282.1,,0,0,0,,0,0,6.84958,-9.81,boundary
111,3.75,-1.25,,1001.76,0,41656.2,,0,0,0,,0,0,11.0888,-9.81,boundary
112,4.25,-1.25,,1002.13,0,50469.8,,0,0,0,,0,0,11.85,-9.81,boundary
113,4.75,-1.25,,1002.15,0,51036.8,,0,0,0,,0,0,10.7215,-9.81,boundary
114,5.25,-1.25,,1002.09,0,49615,,0,0,0,,0,0,9.43074,-9.81,boundary
115,5.75,-1.25,,1002.19,0,51978.5,,0,0,0,,0,0,9.01996,-9.81,boundary
116,6.25,-1.25,,1002.59,0,61347.4,,0,0,0,,0,0,9.79028,-9.81,boundary
117,6.75,-1.25,,1003.22,0,76588.5,,0,0,0,,0,0,11.31,-9.81,boundary
118,7.25,-1.25,,1003.92,0,93270.1,,0,0,0,,0,0,12.8147,-9.81,boundary
119,7.75,-1.25,,1004.36,0,103955,,0,0,0,,0,0,13.3553,-9.81,boundary
120,8.25,-1.25,,1004.54,0,108288,,0,0,0,,0,0,13.0665,-9.81,boundary
121,8.75,-1.25,,1004.47,0,106688,,0,0,0,,0,0,12.1387,-9.81,boundary
122,9.25,-1.25,,1004.17,0,99483.5,,0,0,0,,0,0,10.7103,-9.81,boundary
123,9.75,-1.25,,1003.8,0,90467.9,,0,0,0,,0,0,9.24364,-9.81,boundary
124,10.25,-1.25,,1003.44,0,81763.8,,0,0,0,,0,0,7.94964,-9.81,boundary
125,10.75,-1.25,,1003.05,0,72517.7,,0,0,0,,0,0,6.72531,-9.81,boundary
126,11.25,-1.25,,1002.65,0,62918.6,,0,0,0,,0,0,5.57797,-9.81,boundary
127,11.75,-1.25,,1002.3,0,54410.4,,0,0,0,,0,0,4.62007,-9.81,boundary
128,12.25,-1.25,,1002.01,0,47713.4,,0,0,0,,0,0,3.88714,-9.81,boundary
129,12.75,-1.25,,1001.79,0,42394,,0,0,0,,0,0,3.31908,-9.81,boundary
130,13.25,-1.25,,1001.61,0,38003.9,,0,0,0,,0,0,2.86362,-9.81,boundary
131,13.75,-1.25,,1001.35,0,31971.4,,0,0,0,,0,0,2.32205,-9.81,boundary
132,14.25,-1.25,,1000.97,0,22953.4,,0,0,0,,0,0,1.6092,-9.81,boundary
133,14.75,-1.25,,1000.67,0,15912.4,,0,0,0,,0,0,1.07808,-9.81,boundary
134,15.25,-1.25,,1000.55,0,13064.4,,0,0,0,,0,0,0.85621,-9.81,boundary
135,15.75,-1.25,,1000.46,0,10912.4,,0,0,0,,0,0,0.69253,-9.81,boundary
136,16.25,-1.25,,1000.29,0,6833.63,,0,0,0,,0,0,0.420409,-9.81,boundary
137,16.75,-1.25,,1000.4,0,9518.19,,0,0,0,,0,0,0.568021,-9.81,boundary
138,17.25,-1.25,,1000.85,0,19987.9,,0,0,0,,0,0,1.15774,-9.81,boundary
139,17.75,-1.25,,1001.07,0,25157.2,,0,0,0,,0,0,1.4158,-9.81,boundary
140,18.25,-1.25,,1001.1,0,25894.2,,0,0,0,,0,0,1.41731,-9.81,boundary
141,18.75,-1.25,,1000.96,0,22650.4,,0,0,0,,0,0,1.20686,-9.81,boundary
142,19.25,-1.25,,1000.75,0,17709.4,,0,0,0,,0,0,0.919278,-9.81,boundary
143,19.75,-1.25,,1000.5,0,11835.2,,0,0,0,,0,0,0.598948,-9.81,boundary
144,20.25,-1.25,,1000.4,0,9336.94,,0,0,0,,0,0,0.460901,-9.81,boundary
145,20.75,-1.25,,1000.53,0,12429.7,,0,0,0,,0,0,0.598707,-9.81,boundary
146,21.25,-1.25,,1000.68,0,16008.3,,0,0,0,,0,0,0.752823,-9.81,boundary
147,21.75,-1.25,,1000.72,0,17001.5,,0,0,0,,0,0,0.781114,-9.81,boundary
148,22.25,-1.25,,1000.62,0,14729.8,,0,0,0,,0,0,0.661602,-9.81,boundary
149,22.75,-1.25,,1000.58,0,13583,,0,0,0,,0,0,0.596713,-9.81,boundary
150,23.25,-1.25,,1000.53,0,12492.5,,0,0,0,,0,0,0.537026,-9.81,boundary
151,23.75,-1.25,,1000.44,0,10334.4,,0,0,0,,0,0,0.434942,-9.81,boundary
152,24.25,-1.25,,1000.51,0,12003.9,,0,0,0,,0,0,0.494755,-9.81,boundary
153,24.75,-1.25,,1000.7,0,16495.4,,0,0,0,,0,0,0.666015,-9.81,boundary
154,25.25,-1.25,,1000.7,0,16605.6,,0,0,0,,0,0,0.657185,-9.81,boundary
155,25.75,-1.25,,1000.85,0,20059.1,,0,0,0,,0,0,0.778333,-9.81,boundary
156,0.25,-1.75,,1002.79,0,66216.3,,0,0,0,,0,0,264.128,-9.81,boundary
157,0.75,-1.75,,1002.22,0,52684.9,,0,0,0,,0,0,70.0907,-9.81,boundary
158,1.25,-1.75,,1001.79,0,42263.1,,0,0,0,,0,0,33.7503,-9.81,boundary
159,1.75,-1.75,,1001.47,0,34735.1,,0,0,0,,0,0,19.8195,-9.81,boundary
160,2.25,-1.75,,1001.47,0,34795.2,,0,0,0,,0,0,15.4418,-9.81,boundary
161,2.75,-1.75,,1001.95,0,46133.7,,0,0,0,,0,0,16.7433,-9.81,boundary
162,3.25,-1.75,,1002.29,0,54216.8,,0,0,0,,0,0,16.644,-9.81,boundary
163,3.75,-1.75,,1002.46,0,58238.4,,0,0,0,,0,0,15.4922,-9.81,boundary
164,4.25,-1.75,,1002.64,0,62712.5,,0,0,0,,0,0,14.717,-9.81,boundary
165,4.75,-1.75,,1003,0,71216.7,,0,0,0,,0,0,14.9482,-9.81,boundary
166,5.25,-1.75,,1003.44,0,81834.3,,0,0,0,,0,0,15.534,-9.81,boundary
167,5.75,-1.75,,1003.86,0,91871.6,,0,0,0,,0,0,15.9163,-9.81,boundary
168,6.25,-1.75,,1004.36,0,104026,,0,0,0,,0,0,16.5719,-9.81,boundary
169,6.75,-1.75,,1005.09,0,121790,,0,0,0,,0,0,17.9516,-9.81,boundary
170,7.25,-1.75,,1005.66,0,135624,,0,0,0,,0,0,18.6014,-9.81,boundary
171,7.75,-1.75,,1005.89,0,141260,,0,0,0,,0,0,18.1203,-9.81,boundary
172,8.25,-1.75,,1005.8,0,138908,,0,0,0,,0,0,16.7402,-9.81,boundary
173,8.75,-1.75,,1005.46,0,130760,,0,0,0,,0,0,14.8628,-9.81,boundary
174,9.25,-1.75,,1004.87,0,116395,,0,0,0,,0,0,12.5222,-9.81,boundary
175,9.75,-1.75,,1004.17,0,99459.1,,0,0,0,,0,0,10.1586,-9.81,boundary
176,10.25,-1.75,,1003.56,0,84722.2,,0,0,0,,0,0,8.23625,-9.81,boundary
177,10.75,-1.75,,1003.09,0,73465.1,,0,0,0,,0,0,6.8129,-9.81,boundary
178,11.25,-1.75,,1002.65,0,62860,,0,0,0,,0,0,5.5728,-9.81,boundary
179,11.75,-1.75,,1002.18,0,51572.9,,0,0,0,,0,0,4.37965,-9.81,boundary
180,12.25,-1.75,,1001.75,0,41533.3,,0,0,0,,0,0,3.38453,-9.81,boundary
181,12.75,-1.75,,1001.45,0,34209.7,,0,0,0,,0,0,2.67924,-9.81,boundary
182,13.25,-1.75,,1001.21,0,28654.4,,0,0,0,,0,0,2.15998,-9.81,boundary
183,13.75,-1.75,,1000.86,0,20282.1,,0,0,0,,0,0,1.47379,-9.81,boundary
184,14.25,-1.75,,1000.41,0,9782.4,,0,0,0,,0,0,0.6862,-9.81,boundary
185,14.75,-1.75,,1000.26,0,6183.57,,0,0,0,,0,0,0.419115,-9.81,boundary
186,15.25,-1.75,,1000.69,0,16276.5,,0,0,0,,0,0,1.06658,-9.81,boundary
187,15.75,-1.75,,1001.35,0,31862.3,,0,0,0,,0,0,2.02028,-9.81,boundary
188,16.25,-1.75,,1001.46,0,34510.7,,0,0,0,,0,0,2.12064,-9.81,boundary
189,16.75,-1.75,,1001.05,0,24802.2,,0,0,0,,0,0,1.47918,-9.81,boundary
190,17.25,-1.75,,1000.58,0,13617.5,,0,0,0,,0,0,0.788966,-9.81,boundary
191,17.75,-1.75,,1000.95,0,22359.1,,0,0,0,,0,0,1.25847,-9.81,boundary
192,18.25,-1.75,,1001.19,0,28232.1,,0,0,0,,0,0,1.54512,-9.81,boundary
193,18.75,-1.75,,1000.44,0,10287.7,,0,0,0,,0,0,0.548439,-9.81,boundary
194,19.25,-1.75,,1000.46,0,10773.2,,0,0,0,,0,0,0.559391,-9.81,boundary
195,19.75,-1.75,,1000.13,0,3167.92,,0,0,0,,0,0,0.160379,-9.81,boundary
196,20.25,-1.75,,1000.26,0,6019.2,,0,0,0,,0,0,0.297169,-9.81,boundary
197,20.75,-1.75,,1000.55,0,12927.3,,0,0,0,,0,0,0.622662,-9.81,boundary
198,21.25,-1.75,,1000.9,0,21148.6,,0,0,0,,0,0,0.994339,-9.81,boundary
199,21.75,-1.75,,1001.1,0,25992.6,,0,0,0,,0,0,1.19375,-9.81,boundary
200,22.25,-1.75,,1001.14,0,26986.2,,0,0,0,,0,0,1.21148,-9.81,boundary
201,22.75,-1.75,,1001.09,0,25841.5,,0,0,0,,0,0,1.13465,-9.81,boundary
202,23.25,-1.75,,1001.14,0,26951.3,,0,0,0,,0,0,1.15788,-9.81,boundary
203,23.75,-1.75,,1001.19,0,28206.1,,0,0,0,,0,0,1.18621,-9.81,boundary
204,24.25,-1.75,,1001.3,0,30748.6,,0,0,0,,0,0,1.26633,-9.81,boundary
205,24.75,-1.75,,1001.33,0,31513.9,,0,0,0,,0,0,1.27159,-9.81,boundary
206,25.25,-1.75,,1001.26,0,29806.8,,0,0,0,,0,0,1.17898,-9.81,boundary
207,25.75,-1.75,,1001.57,0,37138.5,,0,0,0,,0,0,1.44001,-9.81,boundary
208,24.25,0.25,,1000.54,0,12702.7,,0,0,0,,0,0,0.523539,-9.81,boundary
209,24.25,0.75,,1000.82,0,19447.3,,0,0,0,,0,0,0.801292,-9.81,boundary
210,24.25,1.25,,1001.07,0,25166.1,,0,0,0,,0,0,1.03667,-9.81,boundary
211,24.25,1.75,,1001.16,0,27291.1,,0,0,0,,0,0,1.12411,-9.81,boundary
212,24.25,2.25,,1001.04,0,24674.3,,0,0,0,,0,0,1.01643,-9.81,boundary
213,24.25,2.75,,1000.88,0,20782.8,,0,0,0,,0,0,0.856267,-9.81,boundary
214,24.25,3.25,,1000.78,0,18488.4,,0,0,0,,0,0,0.76181,-9.81,boundary
215,24.25,3.75,,1000.7,0,16523.1,,0,0,0,,0,0,0.680887,-9.81,boundary
216,24.25,4.25,,1000.56,0,13238.6,,0,0,0,,0,0,0.545614,-9.81,boundary
217,24.25,4.75,,1000.37,0,8725.1,,0,0,0,,0,0,0.359665,-9.81,boundary
218,24.25,5.25,,1000.2,0,4618.08,,0,0,0,,0,0,0.190399,-9.81,boundary
219,24.25,5.75,,1000.16,0,3843.27,,0,0,0,,0,0,0.15846,-9.81,boundary
220,24.25,6.25,,1000.14,0,3303.63,,0,0,0,,0,0,0.136213,-9.81,boundary
221,24.25,6.75,,1000.12,0,2884.88,,0,0,0,,0,0,0.11895,-9.81,boundary
222,24.25,7.25,,1000,0,0,,0,0,0,,0,0,0,-9.81,boundary
223,24.25,7.75,,1000,0,0,,0,0,0,,0,0,0,-9.81,boundary
224,24.25,8.25,,1000,0,0,,0,0,0,,0,0,0,-9.81,boundary
225,24.25,8.75,,1000,0,0,,0,0,0,,0,0,0,-9.81,boundary
226,24.25,9.25,,1000,0,0,,0,0,0,,0,0,0,-9.81,boundary
227,24.25,9.75,,1000,0,0,,0,0,0,,0,0,0,-9.81,boundary
228,24.25,10.25,,1000,0,0,,0,0,0,,0,0,0,-9.81,boundary
229,24.25,10.75,,1000,0,0,,0,0,0,,0,0,0,-9.81,boundary
230,24.25,11.25,,1000,0,0,,0,0,0,,0,0,0,-9.81,boundary
231,24.25,11.75,,1000,0,0,,0,0,0,,0,0,0,-9.81,boundary
232,24.25,12.25,,1000,0,0,,0,0,0,,0,0,0,-9.81,boundary
233,24.25,12.75,,1000,0,0,,0,0,0,,0,0,0,-9.81,boundary
234,24.25,13.25,,1000,0,0,,0,0,0,,0,0,0,-9.81,boundary
235,24.25,13.75,,1000,0,0,,0,0,0,,0,0,0,-9.81,boundary
236,24.25,14.25,,1000,0,0,,0,0,0,,0,0,0,-9.81,boundary
237,24.25,14.75,,1000,0,0,,0,0,0,,0,0,0,-9.81,boundary
238,24.25,15.25,,1000,0,0,,0,0,0,,0,0,0,-9.81,boundary
239,24.25,15.75,,1000,0,0,,0,0,0,,0,0,0,-9.81,boundary
240,24.25,16.25,,1000,0,0,,0,0,0,,0,0,0,-9.81,boundary
241,24.25,16.75,,1000,0,0,,0,0,0,,0,0,0,-9.81,boundary
242,24.25,17.25,,1000,0,0,,0,0,0,,0,0,0,-9.81,boundary
243,24.25,17.75,,1000,0,0,,0,0,0,,0,0,0,-9.81,boundary
244,24.25,18.25,,1000,0,0,,0,0,0,,0,0,0,-9.81,boundary
245,24.25,18.75,,1000,0,0,,0,0,0,,0,0,0,-9.81,boundary
246,24.25,19.25,,1000,0,0,,0,0,0,,0,0,0,-9.81,boundary
247,24.25,19.75,,1000,0,0,,0,0,0,,0,0,0,-9.81,boundary
248,24.25,20.25,,1000,0,0,,0,0,0,,0,0,0,-9.81,boundary
249,24.25,20.75,,1000,0,0,,0,0,0,,0,0,0,-9.81,boundary
250,24.25,21.25,,1000,0,0,,0,0,0,,0,0,0,-9.81,boundary
251,24.25,21.75,,1000,0,0,,0,0,0,,0,0,0,-9.81,boundary
252,24.25,22.25,,1000,0,0,,0,0,0,,0,0,0,-9.81,boundary
253,24.25,22.75,,1000,0,0,,0,0,0,,0,0,0,-9.81,boundary
254,24.25,23.25,,1000,0,0,,0,0,0,,0,0,0,-9.81,boundary
255,24.25,23.75,,1000,0,0,,0,0,0,,0,0,0,-9.81,boundary
256,24.25,24.25,,1000,0,0,,0,0,0,,0,0,0,-9.81,boundary
257,24.25,24.75,,1000,0,0,,0,0,0,,0,0,0,-9.81,boundary
258,24.25,25.25,,1000,0,0,,0,0,0,,0,0,0,-9.81,boundary
259,24.25,25.75,,1000,0,0,,0,0,0,,0,0,0,-9.81,boundary
260,24.25,26.25,,1000,0,0,,0,0,0,,0,0,0,-9.81,boundary
261,24.25,26.75,,1000,0,0,,0,0,0,,0,0,0,-9.81,boundary
262,24.75,0.25,,1000.59,0,13990.5,,0,0,0,,0,0,0.564939,-9.81,boundary
263,24.75,0.75,,1000.87,0,20464.4,,0,0,0,,0,0,0.826127,-9.81,boundary
264,24.75,1.25,,1001.09,0,25782.2,,0,0,0,,0,0,1.04057,-9.81,boundary
265,24.75,1.75,,1001.14,0,26848.1,,0,0,0,,0,0,1.08354,-9.81,boundary
266,24.75,2.25,,1001.03,0,24308.7,,0,0,0,,0,0,0.981161,-9.81,boundary
267,24.75,2.75,,1000.91,0,21571.2,,0,0,0,,0,0,0.870768,-9.81,boundary
268,24.75,3.25,,1000.81,0,19178.3,,0,0,0,,0,0,0.774251,-9.81,boundary
269,24.75,3.75,,1000.71,0,16692.1,,0,0,0,,0,0,0.673953,-9.81,boundary
270,24.75,4.25,,1000.56,0,13313.9,,0,0,0,,0,0,0.537631,-9.81,boundary
271,24.75,4.75,,1000.39,0,9122.03,,0,0,0,,0,0,0.368424,-9.81,boundary
272,24.75,5.25,,1000.23,0,5336.33,,0,0,0,,0,0,0.21556,-9.81,boundary
273,24.75,5.75,,1000.15,0,3424.16,,0,0,0,,0,0,0.13833,-9.81,boundary
274,24.75,6.25,,1000.13,0,3031.23,,0,0,0,,0,0,0.122458,-9.81,boundary
275,24.75,6.75,,1000.12,0,2715.8,,0,0,0,,0,0,0.109717,-9.81,boundary
276,24.75,7.25,,1000,0,0,,0,0,0,,0,0,0,-9.81,boundary
277,24.75,7.75,,1000,0,0,,0,0,0,,0,0,0,-9.81,boundary
278,24.75,8.25,,1000,0,0,,0,0,0,,0,0,0,-9.81,boundary
279,24.75,8.75,,1000,0,0,,0,0,0,,0,0,0,-9.81,boundary
280,24.75,9.25,,1000,0,0,,0,0,0,,0,0,0,-9.81,boundary
281,24.75,9.75,,1000,0,0,,0,0,0,,0,0,0,-9.81,boundary
282,24.75,10.25,,1000,0,0,,0,0,0,,0,0,0,-9.81,boundary
283,24.75,10.75,,1000,0,0,,0,0,0,,0,0,0,-9.81,boundary
284,24.75,11.25,,1000,0,0,,0,0,0,,0,0,0,-9.81,boundary
285,24.75,11.75,,1000,0,0,,0,0,0,,0,0,0,-9.81,boundary
286,24.75,12.25,,1000,0,0,,0,0,0,,0,0,0,-9.81,boundary
287,24.75,12.75,,1000,0,0,,0,0,0,,0,0,0,-9.81,boundary
288,24.75,13.25,,1000,0,0,,0,0,0,,0,0,0,-9.81,boundary
289,24.75,13.75,,1000,0,0,,0,0,0,,0,0,0,-9.81,boundary
290,24.75,14.25,,1000,0,0,,0,0,0,,0,0,0,-9.81,boundary
291,24.75,14.75,,1000,0,0,,0,0,0,,0,0,0,-9.81,boundary
292,24.75,15.25,,1000,0,0,,0,0,0,,0,0,0,-9.81,boundary
293,24.75,15.75,,1000,0,0,,0,0,0,,0,0,0,-9.81,boundary
294,24.75,16.25,,1000,0,0,,0,0,0,,0,0,0,-9.81,boundary
295,24.75,16.75,,1000,0,0,,0,0,0,,0,0,0,-9.81,boundary
296,24.75,17.25,,1000,0,0,,0,0,0,,0,0,0,-9.81,boundary
297,24.75,17.75,,1000,0,0,,0,0,0,,0,0,0,-9.81,boundary
298,24.75,18.25,,1000,0,0,,0,0,0,,0,0,0,-9.81,boundary
299,24.75,18.75,,1000,0,0,,0,0,0,,0,0,0,-9.81,boundary
300,24.75,19.25,,1000,0,0,,0,0,0,,0,0,0,-9.81,boundary
301,24.75,19.75,,1000,0,0,,0,0,0,,0,0,0,-9.81,boundary
302,24.75,20.25,,1000,0,0,,0,0,0,,0,0,0,-9.81,boundary
303,24.75,20.75,,1000,0,0,,0,0,0,,0,0,0,-9.81,boundary
304,24.75,21.25,,1000,0,0,,0,0,0,,0,0,0,-9.81,boundary
305,24.75,21.75,,1000,0,0,,0,0,0,,0,0,0,-9.81,boundary
306,24.75,22.25,,1000,0,0,,0,0,0,,0,0,0,-9.81,boundary
307,24.75,22.75,,1000,0,0,,0,0,0,,0,0,0,-9.81,boundary
308,24.75,23.25,,1000,0,0,,0,0,0,,0,0,0,-9.81,boundary
309,24.75,23.75,,1000,0,0,,0,0,0,,0,0,0,-9.81,boundary
310,24.75,24.25,,1000,0,0,,0,0,0,,0,0,0,-9.81,boundary
311,24.75,24.75,,1000,0,0,,0,0,0,,0,0,0,-9.81,boundary
312,24.75,25.25,,1000,0,0,,0,0,0,,0,0,0,-9.81,boundary
313,24.75,25.75,,1000,0,0,,0,0,0,,0,0,0,-9.81,boundary
314,24.75,26.25,,1000,0,0,,0,0,0,,0,0,0,-9.81,boundary
315,24.75,26.75,,1000,0,0,,0,0,0,,0,0,0,-9.81,boundary
316,25.25,0.25,,1000.69,0,16272.5,,0,0,0,,0,0,0.644013,-9.81,boundary
317,25.25,0.75,,1000.86,0,20379.4,,0,0,0,,0,0,0.80641,-9.81,boundary
318,25.25,1.25,,1001.01,0,23783.6,,0,0,0,,0,0,0.940977,-9.81,boundary
319,25.25,1.75,,1001.06,0,25097.4,,0,0,0,,0,0,0.992903,-9.81,boundary
320,25.25,2.25,,1001.06,0,24978.9,,0,0,0,,0,0,0.988219,-9.81,boundary
321,25.25,2.75,,1000.96,0,22735.2,,0,0,0,,0,0,0.899536,-9.81,boundary
322,25.25,3.25,,1000.78,0,18316.7,,0,0,0,,0,0,0.72485,-9.81,boundary
323,25.25,3.75,,1000.61,0,14465.3,,0,0,0,,0,0,0.572534,-9.81,boundary
324,25.25,4.25,,1000.51,0,12123.8,,0,0,0,,0,0,0.479903,-9.81,boundary
325,25.25,4.75,,1000.4,0,9387.44,,0,0,0,,0,0,0.371632,-9.81,boundary
326,25.25,5.25,,1000.27,0,6255.76,,0,0,0,,0,0,0.247687,-9.81,boundary
327,25.25,5.75,,1000.13,0,3104.21,,0,0,0,,0,0,0.122923,-9.81,boundary
328,25.25,6.25,,1000.12,0,2817.82,,0,0,0,,0,0,0.111584,-9.81,boundary
329,25.25,6.75,,1000.11,0,2602.51,,0,0,0,,0,0,0.103058,-9.81,boundary
330,25.25,7.25,,1000,0,0,,0,0,0,,0,0,0,-9.81,boundary
331,25.25,7.75,,1000,0,0,,0,0,0,,0,0,0,-9.81,boundary
332,25.25,8.25,,1000,0,0,,0,0,0,,0,0,0,-9.81,boundary
333,25.25,8.75,,1000,0,0,,0,0,0,,0,0,0,-9.81,boundary
334,25.25,9.25,,1000,0,0,,0,0,0,,0,0,0,-9.81,boundary
335,25.25,9.75,,1000,0,0,,0,0,0,,0,0,0,-9.81,boundary
336,25.25,10.25,,1000,0,0,,0,0,0,,0,0,0,-9.81,boundary
337,25.25,10.75,,1000,0,0,,0,0,0,,0,0,0,-9.81,boundary
338,25.25,11.25,,1000,0,0,,0,0,0,,0,0,0,-9.81,boundary
339,25.25,11.75,,1000,0,0,,0,0,0,,0,0,0,-9.81,boundary
340,25.25,12.25,,1000,0,0,,0,0,0,,0,0,0,-9.81,boundary
341,25.25,12.75,,1000,0,0,,0,0,0,,0,0,0,-9.81,boundary
342,25.25,13.25,,1000,0,0,,0,0,0,,0,0,0,-9.81,boundary
343,25.25,13.75,,1000,0,0,,0,0,0,,0,0,0,-9.81,boundary
344,25.25,14.25,,1000,0,0,,0,0,0,,0,0,0,-9.81,boundary
345,25.25,14.75,,1000,0,0,,0,0,0,,0,0,0,-9.81,boundary
346,25.25,15.25,,1000,0,0,,0,0,0,,0,0,0,-9.81,boundary
347,25.25,15.75,,1000,0,0,,0,0,0,,0,0,0,-9.81,boundary
348,25.25,16.25,,1000,0,0,,0,0,0,,0,0,0,-9.81,boundary
349,25.25,16.75,,1000,0,0,,0,0,0,,0,0,0,-9.81,boundary
350,25.25,17.25,,1000,0,0,,0,0,0,,0,0,0,-9.81,boundary
351,25.25,17.75,,1000,0,0,,0,0,0,,0,0,0,-9.81,boundary
352,25.25,18.25,,1000,0,0,,0,0,0,,0,0,0,-9.81,boundary
353,25.25,18.75,,1000,0,0,,0,0,0,,0,0,0,-9.81,boundary
354,25.25,19.25,,1000,0,0,,0,0,0,,0,0,0,-9.81,boundary
355,25.25,19.75,,1000,0,0,,0,0,0,,0,0,0,-9.81,boundary
356,25.25,20.25,,1000,0,0,,0,0,0,,0,0,0,-9.81,boundary
357,25.25,20.75,,1000,0,0,,0,0,0,,0,0,0,-9.81,boundary
358,25.25,21.25,,1000,0,0,,0,0,0,,0,0,0,-9.81,boundary
359,25.25,21.75,,1000,0,0,,0,0,0,,0,0,0,-9.81,boundary
360,25.25,22.25,,1000,0,0,,0,0,0,,0,0,0,-9.81,boundary
361,25.25,22.75,,1000,0,0,,0,0,0,,0,0,0,-9.81,boundary
362,25.25,23.25,,1000,0,0,,0,0,0,,0,0,0,-9.81,boundary
363,25.25,23.75,,1000,0,0,,0,0,0,,0,0,0,-9.81,boundary
364,25.25,24.25,,1000,0,0,,0,0,0,,0,0,0,-9.81,boundary
365,25.25,24.75,,1000,0,0,,0,0,0,,0,0,0,-9.81,boundary
366,25.25,25.25,,1000,0,0,,0,0,0,,0,0,0,-9.81,boundary
367,25.25,25.75,,1000,0,0,,0,0,0,,0,0,0,-9.81,boundary
368,25.25,26.25,,1000,0,0,,0,0,0,,0,0,0,-9.81,boundary
369,25.25,26.75,,1000,0,0,,0,0,0,,0,0,0,-9.81,boundary
370,25.75,0.25,,1000.7,0,16528.4,,0,0,0,,0,0,0.641429,-9.81,boundary
371,25.75,0.75,,1000.88,0,20757.5,,0,0,0,,0,0,0.805408,-9.81,boundary
372,25.75,1.25,,1001.08,0,25507.9,,0,0,0,,0,0,0.989528,-9.81,boundary
373,25.75,1.75,,1001.28,0,30187,,0,0,0,,0,0,1.17082,-9.81,boundary
374,25.75,2.25,,1001.18,0,27978,,0,0,0,,0,0,1.08524,-9.81,boundary
375,25.75,2.75,,1000.95,0,22426.1,,0,0,0,,0,0,0.870089,-9.81,boundary
376,25.75,3.25,,1000.67,0,15822.2,,0,0,0,,0,0,0.614043,-9.81,boundary
377,25.75,3.75,,1000.47,0,11008.3,,0,0,0,,0,0,0.427307,-9.81,boundary
378,25.75,4.25,,1000.4,0,9436.45,,0,0,0,,0,0,0.366317,-9.81,boundary
379,25.75,4.75,,1000.39,0,9138.17,,0,0,0,,0,0,0.354743,-9.81,boundary
380,25.75,5.25,,1000.3,0,7105.56,,0,0,0,,0,0,0.275861,-9.81,boundary
381,25.75,5.75,,1000.13,0,2947.23,,0,0,0,,0,0,0.114441,-9.81,boundary
382,25.75,6.25,,1000.12,0,2721.61,,0,0,0,,0,0,0.105681,-9.81,boundary
383,25.75,6.75,,1000.11,0,2543.35,,0,0,0,,0,0,0.0987602,-9.81,boundary
384,25.75,7.25,,1000,0,0,,0,0,0,,0,0,0,-9.81,boundary
385,25.75,7.75,,1000,0,0,,0,0,0,,0,0,0,-9.81,boundary
386,25.75,8.25,,1000,0,0,,0,0,0,,0,0,0,-9.81,boundary
387,25.75,8.75,,1000,0,0,,0,0,0,,0,0,0,-9.81,boundary
388,25.75,9.25,,1000,0,0,,0,0,0,,0,0,0,-9.81,boundary
389,25.75,9.75,,1000,0,0,,0,0,0,,0,0,0,-9.81,boundary
390,25.75,10.25,,1000,0,0,,0,0,0,,0,0,0,-9.81,boundary
391,25.75,10.75,,1000,0,0,,0,0,0,,0,0,0,-9.81,boundary
392,25.75,11.25,,1000,0,0,,0,0,0,,0,0,0,-9.81,boundary
393,25.75,11.75,,1000,0,0,,0,0,0,,0,0,0,-9.81,boundary
394,25.75,12.25,,1000,0,0,,0,0,0,,0,0,0,-9.81,boundary
395,25.75,12.75,,1000,0,0,,0,0,0,,0,0,0,-9.81,boundary
396,25.75,13.25,,1000,0,0,,0,0,0,,0,0,0,-9.81,boundary
397,25.75,13.75,,1000,0,0,,0,0,0,,0,0,0,-9.81,boundary
398,25.75,14.25,,1000,0,0,,0,0,0,,0,0,0,-9.81,boundary
399,25.75,14.75,,1000,0,0,,0,0,0,,0,0,0,-9.81,boundary
400,25.75,15.25,,1000,0,0,,0,0,0,,0,0,0,-9.81,boundary
401,25.75,15.75,,1000,0,0,,0,0,0,,0,0,0,-9.81,boundary
402,25.75,16.25,,1000,0,0,,0,0,0,,0,0,0,-9.81,boundary
403,25.75,16.75,,1000,0,0,,0,0,0,,0,0,0,-9.81,boundary
404,25.75,17.25,,1000,0,0,,0,0,0,,0,0,0,-9.81,boundary
405,25.75,17.75,,1000,0,0,,0,0,0,,0,0,0,-9.81,boundary
406,25.75,18.25,,1000,0,0,,0,0,0,,0,0,0,-9.81,boundary
407,25.75,18.75,,1000,0,0,,0,0,0,,0,0,0,-9.81,boundary
408,25.75,19.25,,1000,0,0,,0,0,0,,0,0,0,-9.81,boundary
409,25.75,19.75,,1000,0,0,,0,0,0,,0,0,0,-9.81,boundary
410,25.75,20.25,,1000,0,0,,0,0,0,,0,0,0,-9.81,boundary
411,25.75,20.75,,1000,0,0,,0,0,0,,0,0,0,-9.81,boundary
412,25.75,21.25,,1000,0,0,,0,0,0,,0,0,0,-9.81,boundary
413,25.75,21.75,,1000,0,0,,0,0,0,,0,0,0,-9.81,boundary
414,25.75,22.25,,1000,0,0,,0,0,0,,0,0,0,-9.81,boundary
415,25.75,22.75,,1000,0,0,,0,0,0,,0,0,0,-9.81,boundary
416,25.75,23.25,,1000,0,0,,0,0,0,,0,0,0,-9.81,boundary
417,25.75,23.75,,1000,0,0,,0,0,0,,0,0,0,-9.81,boundary
418,25.75,24.25,,1000,0,0,,0,0,0,,0,0,0,-9.81,boundary
419,25.75,24.75,,1000,0,0,,0,0,0,,0,0,0,-9.81,boundary
420,25.75,25.25,,1000,0,0,,0,0,0,,0,0,0,-9.81,boundary
421,25.75,25.75,,1000,0,0,,0,0,0,,0,0,0,-9.81,boundary
422,25.75,26.25,,1000,0,0,,0,0,0,,0,0,0,-9.81,boundary
423,25.75,26.75,,1000,0,0,,0,0,0,,0,0,0,-9.81,boundary
424,0.257241,0.0992636,,1003.21,-89.7096,76308.5,,-0.0827429,-0.155969,0.176558,,-362.65,9.88511,-66.9575,0.0751071,fluid
425,0.23011,0.309408,,1003.04,-379.859,72248.6,,-0.150856,-0.109192,0.186226,,-388.931,5.02016,-75.908,-4.78984,fluid
426,0.275064,4.00178,,1001.3,303.045,30754.5,,0.0808237,5.77845,5.77901,,-125.902,7.69925,-14.2388,-2.11075,fluid
427,0.225109,5.25759,,1001.08,-813.931,25486.2,,-0.194976,8.55112,8.55334,,-115.745,12.6127,-2.64986,2.80267,fluid
428,0.361186,4.14016,,1001.28,424.048,30323.8,,0.153084,5.71754,5.71958,,-88.5308,14.3058,-4.68224,4.49579,fluid
429,0.295051,3.58845,,1001.45,80.4031,34252.3,,0.027709,8.00825,8.0083,,-126.056,-4.32093,-10.1341,-14.1309,fluid
430,0.3076,1.01593,,1002.51,-4046.92,59426.9,,-1.31298,4.00575,4.21544,,-242.685,53.4582,-49.9722,43.6482,fluid
431,0.427266,0.578457,,1002.59,-1305.59,61418,,-0.600492,-0.0223361,0.600907,,-185.522,5.09054,-42.1468,-4.71946,fluid
432,0.330325,1.74426,,1002.18,-1233.12,51691.8,,-0.438768,6.80085,6.81499,,-165.31,1.56186,-9.16329,-8.24814,fluid
433,0.33969,2.55689,,1001.97,-1220.5,46649.5,,-0.429859,9.18034,9.19039,,-165.567,16.6768,-28.5073,6.86683,fluid
434,0.366329,1.26513,,1002.2,-4217.9,52080.5,,-1.55811,5.26223,5.48806,,-169.857,44.1423,-28.0006,34.3323,fluid
435,0.50335,0.626753,,1002.49,-1529.82,59009.9,,-0.813223,0.0135997,0.813337,,-147.817,6.4905,-30.8738,-3.3195,fluid
436,0.479536,0.70137,,1002.47,-1929.7,58664.4,,-0.974626,0.572287,1.13023,,-159.126,21.8415,-37.0917,12.0315,fluid
437,0.442354,3.62403,,1001.45,70.0358,34240.1,,0.0467403,8.21247,8.2126,,-74.2557,-3.32828,3.03661,-13.1383,fluid
438,0.51897,4.38127,,1001.21,-142.773,28641.4,,-0.0503508,7.59253,7.5927,,-50.4279,12.678,4.69414,2.86802,fluid
439,0.547476,4.15757,,1001.24,416.277,29230.7,,0.26854,5.04863,5.05576,,-44.7243,15.3029,8.60153,5.49292,fluid
440,0.46756,4.54271,,1001.2,108.439,28461,,0.0562627,5.29846,5.29876,,-59.2879,17.2816,1.51013,7.47157,fluid
441,0.384746,6.25707,,1000.61,-257.473,14441.4,,-0.0981098,8.17496,8.17555,,-34.5469,7.87317,2.96489,-1.93683,fluid
442,0.399966,6.74935,,1000.45,-275.212,10720.4,,-0.111612,9.2213,9.22197,,-25.8051,3.09868,0.985903,-6.71132,fluid
443,0.354151,4.96892,,1001.14,-799.457,26981.2,,-0.290945,6.60155,6.60796,,-77.7762,11.8033,-1.6777,1.99334,fluid
444,0.406017,2.00759,,1001.96,103.581,46529.9,,0.0751724,2.51179,2.51291,,-122.959,17.2285,-8.58306,7.4185,fluid
445,0.351108,1.99674,,1002.06,-39.9092,48777.3,,-0.0178273,3.79037,3.79042,,-151.517,14.5455,-12.8783,4.73554,fluid
446,0.340038,2.9873,,1001.87,-338.747,44219.6,,-0.143378,4.16287,4.16534,,-146.374,35.6146,-16.5736,25.8046,fluid
447,0.27032,6.35851,,1000.57,-278.73,13416.3,,-0.0755406,8.05232,8.05268,,-49.7342,6.96974,-0.131343,-2.84026,fluid
448,0.32966,7.29122,,1000.35,44.1226,8274.94,,0.00875586,9.10406,9.10406,,-26.9395,2.54388,-1.84683,-7.26612,fluid
449,0.322598,7.4861,,1000.32,64.2812,7631.74,,0.0153564,8.97914,8.97916,,-25.2118,4.65582,-1.56232,-5.15418,fluid
450,0.296131,7.65881,,1000.3,50.6875,7055.53,,0.0105969,8.86335,8.86336,,-25.5038,6.46084,-1.68519,-3.34916,fluid
451,0.201173,8.83043,,1000.3,61.0643,7052.25,,-0.0214164,9.39803,9.39806,,-22.314,-1.00705,12.7313,-10.817,fluid
452,0.292553,9.9516,,1000.26,130.325,6076.05,,0.0170879,9.05615,9.05616,,-16.979,-2.38425,3.78477,-12.1942,fluid
453,0.317289,10.5714,,1000.24,-37.626,5599.99,,-0.0379372,9.38591,9.38599,,-16.6106,-0.888645,1.03471,-10.6986,fluid
454,0.318237,10.4471,,1000.24,28.3123,5575.65,,-0.0153963,8.83113,8.83114,,-16.0174,-0.534588,1.49887,-10.3446,fluid
455,0.304829,10.1938,,1000.25,-40.0638,5946.45,,-0.0355238,8.12898,8.12906,,-15.8949,0.0699821,3.60764,-9.74002,fluid
456,0.226271,10.9365,,1000.32,722.718,7473.83,,0.133444,8.07065,8.07175,,-26.1548,1.54089,6.86505,-8.26911,fluid
457,0.216603,12.0233,,1000.42,-282.209,9849.25,,-0.0679044,7.37293,7.37324,,-40.628,-6.63937,4.82441,-16.4494,fluid
458,0.213363,12.4876,,1000.54,-611.043,12680.9,,-0.129224,8.85568,8.85662,,-47.5911,-4.52341,11.8102,-14.3334,fluid
459,0.170998,13.7885,,1007.11,-680.497,170897,,-0.113596,10.9839,10.9845,,-106.208,3.0113,886.15,-6.7987,fluid
460,0.233361,14.6619,,1001.69,581.607,39944.3,,0.214297,10.1824,10.1846,,-74.7004,-7.18497,96.1806,-16.995,fluid
461,0.285522,15.1103,,1001.18,-239.446,27973.4,,0.0344362,10.0908,10.0908,,-38.9143,34.2096,58.9425,24.3996,fluid
462,0.315445,15.5927,,1001.25,-1116.05,29625,,-0.128811,10.1716,10.1724,,72.7014,135.797,166.499,125.987,fluid
463,0.316289,16.221,,993.635,-2032,-147026,,-0.370133,11.2178,11.2239,,395.119,235.837,-72.7066,226.027,fluid
464,0.378898,15.4602,,1001.54,-882.907,36400.7,,-0.236192,9.4608,9.46375,,27.7845,101.42,123.707,91.6098,fluid
465,0.351437,12.7668,,1000.79,-637.521,18621,,-0.219809,8.35917,8.36206,,-28.2533,-2.4204,24.6901,-12.2304,fluid
466,0.394703,12.3314,,1000.45,-417.94,10568.5,,-0.173182,7.43764,7.43965,,-20.4016,-3.75488,6.36228,-13.5649,fluid
467,0.335281,13.1839,,1001.73,-719.813,41002.4,,-0.201481,7.61971,7.62238,,-40.8059,-1.27727,81.2754,-11.0873,fluid
468,0.256069,16.4585,,984.371,-3490.28,-351166,,-1.52824,12.2353,12.3304,,778.564,183.592,-614.585,173.782,fluid
469,0.195314,19.2633,,1001.88,-717.925,44451.4,,-0.28895,13.1104,13.1136,,107.947,-135.044,335.11,-144.854,fluid
470,0.628433,17.3608,,735.944,31328.1,-2.97015e+06,,117.47,7.36701,117.701,,911.56,-1051.01,-5510.51,-1060.82,fluid
471,0.330852,14.6815,,1001.61,116.716,38008.6,,0.0952758,7.7504,7.75099,,-41.7672,-4.1367,72.9295,-13.9467,fluid
472,0.701656,0.311567,,1002.32,-648.903,54943.3,,-0.36278,-0.138335,0.38826,,-80.0878,1.43288,-1.96368,-8.37712,fluid
473,0.560646,3.94104,,1001.29,323.234,30523,,0.22949,9.39654,9.39934,,-44.6305,-0.454875,9.74177,-10.2649,fluid
474,0.717815,7.49232,,1000.3,183.491,7084.07,,0.142599,7.59524,7.59657,,-8.06143,6.1161,1.80454,-3.6939,fluid
475,0.575043,5.64546,,1000.89,-446.645,20951.7,,-0.25103,8.69581,8.69943,,-31.5468,12.622,4.85595,2.81203,fluid
476,0.862349,0.592503,,1001.96,-1365.4,46499,,-1.05776,-0.0823143,1.06096,,-50.4751,5.91213,3.34063,-3.89787,fluid
477,0.768081,6.14014,,1000.69,-353.479,16353.4,,-0.266467,7.53699,7.5417,,-13.2237,10.3097,8.0529,0.499653,fluid
478,1.56691,0.523421,,1001.71,-812.33,40513,,-1.24235,-0.120336,1.24817,,-8.23479,11.5797,17.5763,1.76973,fluid
479,1.65396,0.737748,,1001.82,-863.883,43138.9,,-1.44313,-0.0499655,1.44399,,-5.70052,18.3812,20.3342,8.57125,fluid
480,1.22413,2.22314,,1002.08,-433.583,49259.8,,-0.355444,3.63955,3.65686,,-16.1619,-13.566,23.9955,-23.376,fluid
481,1.2325,3.22794,,1001.99,-736.425,47108.4,,-0.844278,5.4881,5.55266,,-16.1761,24.56,21.9699,14.75,fluid
482,1.27128,2.71627,,1002,-418.926,47397.6,,-0.353023,2.28476,2.31187,,-13.8532,17.3405,23.3556,7.53051,fluid
483,1.06787,3.97996,,1001.46,-203.124,34479.5,,-0.0932308,3.33169,3.33299,,-12.5514,8.53137,19.6897,-1.27863,fluid
484,0.896147,5.81473,,1000.86,-342.42,20263.8,,-0.296578,7.23137,7.23745,,-10.7734,12.9602,11.8193,3.15019,fluid
485,0.998432,1.53702,,1002,-2786.8,47353.8,,-2.72592,4.65083,5.39081,,-17.2657,29.5256,30.0678,19.7156,fluid
486,1.28706,0.881305,,1001.67,-1647.17,39550.8,,-1.91033,0.882575,2.10436,,-2.69144,30.4122,27.9869,20.6022,fluid
487,1.06497,2.88987,,1001.82,-859.58,43045,,-0.746226,5.31501,5.36714,,-24.038,27.5208,16.3078,17.7108,fluid
488,1.04587,3.59238,,1001.62,-461.815,38435.2,,-0.369225,3.58487,3.60384,,-17.3663,12.6857,19.3236,2.87573,fluid
489,1.13368,2.49802,,1001.89,-431.521,44679.6,,-0.266601,0.796414,0.839852,,-19.9034,2.2348,19.4336,-7.5752,fluid
490,1.27078,0.673115,,1001.67,-1243.85,39468,,-1.38386,-0.0694625,1.3856,,-3.23035,11.2681,27.7762,1.45807,fluid
491,1.21359,0.74777,,1001.67,-1391.1,39461.3,,-1.48097,-0.0205167,1.48111,,-4.86028,14.171,27.6017,4.36103,fluid
492,1.08404,2.57843,,1001.84,-341.562,43611.9,,-0.157651,1.52136,1.52951,,-23.5118,8.51101,16.6451,-1.29899,fluid
493,1.0794,0.906371,,1001.67,-2227.97,39583.6,,-2.17507,1.34001,2.55471,,-18.6378,39.0608,17.973,29.2508,fluid
494,0.968756,1.05531,,1001.72,-3422.37,40737.3,,-3.10546,2.63087,4.07006,,-31.9895,54.5552,9.98942,44.7452,fluid
495,1.01913,7.48564,,1000.33,80.7983,7892.43,,0.0871343,8.65982,8.66026,,-2.43311,4.9128,5.30862,-4.8972,fluid
496,1.0075,7.87771,,1000.29,102.061,6763.09,,0.0788397,8.06641,8.0668,,-2.52939,4.95037,4.18144,-4.85963,fluid
497,0.900502,7.19614,,1000.37,68.9055,8725.86,,0.0734023,9.7791,9.77938,,-5.47135,1.38512,4.21507,-8.42488,fluid
498,0.769316,5.15159,,1001.1,-789.397,25893.1,,-0.589426,7.22459,7.24859,,-26.2622,12.742,7.35826,2.93199,fluid
499,0.742048,2.75103,,1001.74,-801.879,41220.7,,-0.473042,6.55745,6.57449,,-55.7952,23.6274,-0.341894,13.8174,fluid
500,0.973953,0.733268,,1001.8,-1630.28,42495.4,,-1.42625,0.0345991,1.42667,,-30.1941,12.9264,13.3596,3.11637,fluid
501,0.969308,0.68299,,1001.81,-1524.66,42827.5,,-1.3123,-0.0353898,1.31278,,-30.7201,9.11123,13.3836,-0.698772,fluid
502,0.905143,0.699362,,1001.88,-1612.32,44534.4,,-1.33313,-0.00962666,1.33316,,-42.4972,9.47732,6.61202,-0.332683,fluid
503,0.613356,2.60888,,1001.81,-595.779,42925.1,,-0.294214,6.91442,6.92067,,-77.5012,14.2108,-7.64388,4.4008,fluid
504,0.803902,8.69644,,1000.18,81.8042,4356.7,,0.026131,8.05698,8.05702,,-7.37648,-0.586082,-1.95804,-10.3961,fluid
505,0.706565,6.72109,,1000.47,-356.467,11040.9,,-0.245257,8.71528,8.71873,,-11.845,3.14396,3.77385,-6.66604,fluid
506,0.983308,9.19875,,1000.2,-28.0338,4600.93,,-0.0633613,7.34798,7.34825,,-6.874,-0.200724,-2.19587,-10.0107,fluid
507,0.879686,11.6929,,1000.45,-209.09,10633.4,,-0.242538,6.62841,6.63285,,-8.28442,-3.31422,3.79788,-13.1242,fluid
508,1.25518,12.797,,1000.43,-255.745,10175.7,,-0.398822,7.00886,7.02019,,-6.30635,-2.7064,1.79712,-12.5164,fluid
509,0.472948,23.3903,,1000.52,-9.42291,12335.2,,0.030811,18.8779,18.8779,,0,0,26.0678,-9.81,fluid
510,0.502255,18.2273,,953.757,-2318.49,-948815,,-2.27072,10.8065,11.0425,,121.974,-88.0441,-1858.73,-97.8541,fluid
511,1.23752,13.4714,,1000.49,480.573,11643.8,,0.467529,6.99645,7.01205,,-4.0128,-2.15963,5.39155,-11.9696,fluid
512,0.947903,12.0296,,1000.46,-378.011,10745.5,,-0.391101,6.75227,6.76359,,-5.67672,-2.28715,5.65419,-12.0971,fluid
513,0.808956,10.0223,,1000.26,-89.6777,6056.02,,-0.112627,7.21328,7.21416,,-6.06018,0.10005,1.42412,-9.70995,fluid
514,0.577141,8.07086,,1000.25,133.302,5919.21,,0.0625857,8.2774,8.27764,,-8.86095,5.81774,1.39258,-3.99226,fluid
515,0.594941,9.54699,,1000.23,0.914312,5511.85,,-0.0303687,8.50129,8.50135,,-9.40252,-1.89394,-0.140154,-11.7039,fluid
516,0.711987,11.9046,,1000.41,-347.52,9776.64,,-0.263724,6.73719,6.74235,,-9.8672,-3.96025,3.85859,-13.7702,fluid
517,0.889576,13.7011,,1001.08,194.393,25540.9,,0.152708,7.88433,7.88581,,-10.7736,1.37362,17.9067,-8.43638,fluid
518,0.623782,16.1071,,997.667,-1077.85,-54549.5,,-0.0618166,9.73288,9.73308,,38.3131,207.515,-49.341,197.705,fluid
519,0.8936,13.4244,,1000.93,118.525,22031.4,,0.0704139,7.96546,7.96578,,-9.80597,-4.15158,14.8257,-13.9616,fluid
520,0.532509,1.8106,,1001.96,-1240.26,46536.9,,-0.604733,6.28209,6.31113,,-72.4227,3.69253,14.7977,-6.11747,fluid
521,1.15035,10.7826,,1000.33,406.685,7792.08,,0.363968,6.55555,6.56565,,-10.8113,-2.1295,-4.03988,-11.9395,fluid
522,1.00603,4.7041,,1001.31,-476.378,31075.5,,-0.471654,5.27304,5.2941,,-15.764,6.06337,15.0846,-3.74663,fluid
523,1.87733,0.548501,,1001.79,-602.057,42304.7,,-1.22445,-0.126121,1.23093,,-11.4122,16.4635,11.0821,6.65345,fluid
524,2.06393,0.567709,,1001.84,-505.458,43522.9,,-1.13929,-0.134531,1.14721,,-11.9766,18.9022,9.07206,9.09221,fluid
525,3.23949,0.523939,,1002.06,-155.084,48713.8,,-0.414614,-0.167135,0.447033,,-15.4209,17.738,-0.41423,7.928,fluid
526,2.21566,1.54154,,1003.75,-565.339,89295,,-1.39292,-0.418233,1.45436,,-36.0371,12.8168,4.11408,3.00683,fluid
527,2.05593,4.47353,,1002.38,-388.877,56432.8,,-0.848645,7.38708,7.43566,,-30.168,3.50537,-2.78435,-6.30463,fluid
528,1.88856,1.99985,,1003.45,-931.399,81991.4,,-1.92929,1.9112,2.71566,,-32.2867,0.930438,10.979,-8.87956,fluid
529,2.24805,0.715565,,1002.05,-444.006,48681.5,,-1.00607,-0.11931,1.01312,,-11.6434,24.7279,9.96722,14.9179,fluid
530,1.84355,4.18911,,1002.35,-469.801,55743.2,,-0.854779,6.13249,6.19178,,-24.3015,4.15865,5.86443,-5.65135,fluid
531,1.91639,1.4485,,1003.08,-579.197,73199.4,,-1.18085,-0.617781,1.33269,,-27.6797,23.2777,10.3996,13.4677,fluid
532,1.78644,3.44556,,1002.87,-339.283,68266.9,,-0.63241,4.31198,4.35811,,-27.0343,22.1567,11.07,12.3467,fluid
533,1.6418,1.71808,,1002.9,-823.708,68818.6,,-1.45464,-0.837147,1.67833,,-26.1779,13.0156,15.6174,3.20559,fluid
534,1.65643,2.56674,,1002.65,-482.509,62971.3,,-0.797616,1.37981,1.59376,,-17.7559,7.21191,20.1598,-2.59809,fluid
535,1.47989,3.91393,,1002.07,-349.472,49000.8,,-0.545056,4.85552,4.88602,,-12.8172,8.25976,20.2256,-1.55024,fluid
536,1.4293,5.14434,,1001.45,-529.23,34400.2,,-0.818036,7.57316,7.61721,,-8.82551,12.8446,15.2074,3.03458,fluid
537,1.62901,7.99535,,1000.26,271.836,6170.96,,0.400546,10.0497,10.0577,,1.42077,-1.74497,5.20793,-11.555,fluid
538,1.27624,6.5765,,1000.71,-398.567,16649.4,,-0.543071,7.7476,7.76661,,-7.83301,4.45024,5.20342,-5.35976,fluid
539,1.29405,4.96995,,1001.43,-556.368,33879.5,,-0.774522,6.73286,6.77727,,-8.8033,9.10496,17.3403,-0.705042,fluid
540,1.59866,8.14124,,1000.22,270.873,5231.02,,0.39359,9.66167,9.66969,,0.785403,-2.1174,4.05681,-11.9274,fluid
541,1.8026,8.43977,,1000.15,419.243,3426.03,,0.746998,9.55206,9.58122,,1.20454,-4.15415,3.10487,-13.9642,fluid
542,1.86832,8.53529,,1000.13,356.625,3036.18,,0.673992,9.20816,9.2328,,1.59063,-3.34906,3.21551,-13.1591,fluid
543,1.96225,8.81384,,1000.12,347.273,2937.23,,0.705093,8.47911,8.50837,,1.28697,-0.301512,2.78365,-10.1115,fluid
544,1.93299,8.9117,,1000.13,376.417,3176.7,,0.743971,8.4436,8.47631,,1.27392,0.151496,2.91711,-9.6585,fluid
545,1.82586,8.67742,,1000.12,299.35,2876.4,,0.564113,8.55068,8.56926,,0.879144,-1.0149,2.45432,-10.8249,fluid
546,1.84523,9.14666,,1000.17,394.291,4033.44,,0.722197,8.28354,8.31497,,1.08608,0.793094,3.27159,-9.01691,fluid
547,1.77484,9.493,,1000.24,331.534,5584.3,,0.554558,7.94281,7.96215,,0.676659,1.75701,3.82229,-8.05299,fluid
548,1.6594,9.69824,,1000.27,115.233,6316.89,,0.148126,8.25314,8.25447,,-0.755293,1.61083,3.05043,-8.19917,fluid
549,1.62623,9.59808,,1000.25,148.692,5920.59,,0.202273,8.07065,8.07319,,-1.39252,1.45476,2.24725,-8.35524,fluid
550,1.48994,10.5587,,1000.36,535.042,8573.44,,0.667413,8.57076,8.5967,,-5.99794,-7.7681,-0.245829,-17.5781,fluid
551,1.62768,10.7396,,1000.36,556.429,8551.83,,0.807061,8.10994,8.14999,,-5.14963,-6.53139,0.10246,-16.3414,fluid
552,1.66343,10.9117,,1000.36,464.338,8588.74,,0.698288,7.01628,7.05094,,-5.30258,-2.15908,-0.141204,-11.9691,fluid
553,1.42137,12.3042,,1000.56,-585.992,13091.2,,-0.93151,6.38963,6.45717,,-6.91312,-3.21279,2.29206,-13.0228,fluid
554,1.47222,11.2968,,1000.45,244.752,10512.6,,0.236849,6.42214,6.42651,,-8.91723,3.57958,-1.77976,-6.23042,fluid
555,1.81806,13.1226,,1000.45,-236.552,10717.3,,-0.711054,8.3221,8.35242,,-8.70982,0.707671,-2.81757,-9.10233,fluid
556,1.78356,13.3627,,1000.38,37.6023,8948.18,,-0.260795,7.93724,7.94153,,-5.9404,0.607014,-0.925259,-9.20299,fluid
557,1.48458,13.8331,,1000.24,359.355,5642.24,,0.455232,5.62771,5.64609,,-3.2576,0.800667,0.542044,-9.00933,fluid
558,0.815767,16.6688,,977.794,2041.91,-489254,,0.338638,9.53041,9.53642,,-111.092,99.4445,-724.46,89.6345,fluid
559,0.875211,19.4892,,1000.78,13.0821,18293.4,,0.107189,14.5192,14.5196,,-8.58968,-34.0385,12.2959,-43.8485,fluid
560,0.76442,26.1372,,999.944,412.609,-1328.15,,0.342338,24.0907,24.0932,,-0.420693,-0.10474,-2.15826,-9.91474,fluid
561,1.18187,26.5745,,999.949,70.2168,-1210.95,,0.0991466,21.0129,21.0131,,0.174246,0.753975,-0.850407,-9.05602,fluid
562,0.858839,34.9472,,1010,-7.90828,242504,,0.807543,29.8026,29.8135,,0,0,279.568,-9.81,fluid
563,1.4758,13.7054,,1000.28,409.413,6671.97,,0.464711,6.36864,6.38558,,-3.31325,-0.17647,1.20641,-9.98647,fluid
564,1.35843,11.2186,,1000.43,408.485,10138.7,,0.417724,5.8542,5.86909,,-10.7399,3.09525,-3.27955,-6.71475,fluid
565,1.1791,9.59869,,1000.25,-21.3407,5850.53,,-0.0750657,7.19746,7.19785,,-5.44725,1.12867,-0.486607,-8.68133,fluid
566,1.18714,12.7937,,1000.44,-194.225,10450.9,,-0.30107,7.56648,7.57247,,-6.65605,-3.29678,2.1435,-13.1068,fluid
567,0.823086,26.9496,,999.943,-265.643,-1349.06,,-0.20487,23.7611,23.762,,0.25022,-0.649508,-1.3889,-10.4595,fluid
568,1.19507,8.82865,,1000.16,34.9743,3683,,0.022261,7.68541,7.68544,,-4.94131,-0.863984,-1.85995,-10.674,fluid
569,1.79401,0.501712,,1001.74,-631.954,41299.1,,-1.21326,-0.132897,1.22052,,-11.7514,14.6566,11.2291,4.8466,fluid
570,2.53196,0.459797,,1001.79,-292.945,42455.9,,-0.823802,-0.154025,0.838077,,-15.6177,19.7456,1.12024,9.93557,fluid
571,3.16999,0.472566,,1001.96,-162.359,46448.8,,-0.478461,-0.162003,0.505143,,-15.5943,18.0026,-0.970295,8.19261,fluid
572,3.42046,0.745163,,1002.41,-127.547,57146.2,,-0.20642,-0.194603,0.28369,,-15.6473,15.469,1.01968,5.65898,fluid
573,4.72105,0.713393,,1002.63,-28.1121,62406.5,,0.0952232,-0.209269,0.229915,,-13.4104,16.968,-0.226297,7.15802,fluid
574,4.59081,0.604712,,1002.48,-22.9759,58775.4,,0.166112,-0.185373,0.24891,,-13.9673,16.694,-1.19615,6.884,fluid
575,4.34057,0.615253,,1002.52,-29.8773,59796,,-0.0459189,-0.183101,0.188771,,-15.7968,16.6674,-2.05532,6.85743,fluid
576,3.8938,0.567228,,1002.42,-39.5072,57272.6,,-0.21279,-0.165782,0.269747,,-16.7752,15.8566,-2.10197,6.04656,fluid
577,4.35796,1.51744,,1002.97,-334.719,70499.4,,-1.82084,-0.934563,2.04667,,-11.3112,6.70332,4.81805,-3.10668,fluid
578,3.70426,2.39639,,1002.87,-864.359,68246.3,,-3.07917,0.43875,3.11028,,-10.8315,27.8119,7.53948,18.0019,fluid
579,4.32604,1.16527,,1003.05,-131.231,72443,,-0.966371,-0.291682,1.00943,,-14.309,5.0015,2.38591,-4.8085,fluid
580,3.9643,1.11166,,1003,-128.43,71157.8,,-0.98886,-0.261802,1.02293,,-19.4266,3.94724,-1.53056,-5.86276,fluid
581,4.25882,1.27609,,1003.08,-198.062,73216.7,,-1.43707,-0.370504,1.48406,,-15.8307,6.64307,1.30828,-3.16693,fluid
582,4.30288,1.11216,,1003.04,-108.274,72315.6,,-0.903618,-0.306113,0.95406,,-15.4308,5.70664,1.32448,-4.10336,fluid
583,3.83558,1.90741,,1002.58,-846.151,61248.7,,-2.86117,-0.0300578,2.86133,,-14.5056,3.26603,1.42184,-6.54397,fluid
584,3.86042,1.77918,,1002.64,-763.23,62628.8,,-2.71969,-0.804978,2.83632,,-15.2926,-0.607281,0.887997,-10.4173,fluid
585,2.72497,3.26452,,1003.53,-1094.17,83998.4,,-2.85437,3.4374,4.46801,,-10.1113,20.6742,20.6057,10.8642,fluid
586,3.21822,4.39405,,1002.06,-799.409,48877.8,,-2.08141,7.72299,7.99855,,-0.263277,22.4605,14.8933,12.6505,fluid
587,3.37963,4.56626,,1002.1,-239.264,49768.3,,-0.402229,2.52233,2.55419,,6.28671,24.0927,20.9818,14.2827,fluid
588,2.36172,3.36702,,1003.78,-1017.5,89993.1,,-2.74612,6.76495,7.30107,,-33.4136,26.1137,4.54774,16.3037,fluid
589,3.45142,2.0523,,1002.74,-1026.29,64942.7,,-2.98172,0.900918,3.11486,,-21.0473,3.13563,-2.2824,-6.67437,fluid
590,3.42239,1.80331,,1002.86,-928.954,67950.3,,-2.76502,-0.109276,2.76717,,-24.4953,-4.62864,-4.6973,-14.4386,fluid
591,3.6718,1.26974,,1002.93,-279.024,69676.3,,-1.1367,-0.492721,1.2389,,-19.1412,7.91286,-0.220637,-1.89714,fluid
592,3.56408,1.19717,,1002.9,-233.165,68936.2,,-0.779216,-0.350766,0.854526,,-20.4197,7.24211,-1.13378,-2.56789,fluid
593,2.75392,1.44516,,1003.9,-338.362,92876.7,,-1.30768,-0.85878,1.56446,,-36.7943,9.11257,-3.19998,-0.697428,fluid
594,2.62884,2.66466,,1003.47,-1066.72,82603.8,,-2.62386,2.80263,3.83919,,-28.2442,14.4268,3.06922,4.61678,fluid
595,2.25153,2.2626,,1003.68,-1010.78,87501.9,,-2.31623,1.46012,2.73804,,-38.1845,1.44072,0.536518,-8.36928,fluid
596,2.1209,2.87071,,1003.39,-746.054,80539.9,,-1.57431,5.20599,5.43883,,-36.8374,14.6395,1.00883,4.82954,fluid
597,2.05589,5.97154,,1001.48,-643.401,35067.9,,-1.31034,10.1866,10.2705,,-14.1304,14.1156,2.90164,4.30556,fluid
598,2.12054,6.70548,,1001.35,-188.153,31984.6,,-0.369965,7.53966,7.54873,,-15.6913,4.91596,-0.628409,-4.89404,fluid
599,2.30477,8.50156,,1000.16,722.947,3788.28,,1.73289,12.6447,12.7629,,-2.5701,-2.28216,-0.926699,-12.0922,fluid
600,1.6672,5.62238,,1001.36,-368.546,32078.7,,-0.616917,6.52638,6.55547,,-15.5215,14.6351,3.69349,4.82511,fluid
601,2.28872,9.1642,,1000.18,250.86,4123.03,,0.619913,10.2986,10.3172,,2.59625,0.64588,4.39739,-9.16412,fluid
602,2.38491,11.3846,,1000.6,147.646,14238,,0.211447,8.95978,8.96227,,3.67073,-1.39377,9.63718,-11.2038,fluid
603,2.45307,11.2224,,1000.55,332.007,12918.6,,0.736442,7.97534,8.00927,,3.37517,-3.71468,8.63859,-13.5247,fluid
604,2.12381,10.3726,,1000.41,488.273,9754.44,,0.977923,7.1585,7.22499,,3.77701,-6.79404,8.36799,-16.604,fluid
605,2.50608,13.8394,,1000.53,264.505,12470.6,,0.516135,8.74753,8.76275,,8.2014,-3.97438,13.1749,-13.7844,fluid
606,2.5432,13.9833,,1000.51,525.681,11929,,1.27353,8.03077,8.13112,,10.7213,-3.2278,15.4095,-13.0378,fluid
607,2.52183,14.0852,,1000.47,724.268,11118.5,,1.85119,7.82132,8.03741,,9.8889,-3.22119,14.2957,-13.0312,fluid
608,2.50611,14.2212,,1000.5,921.721,11788.9,,2.39304,8.0324,8.38129,,9.4791,-3.83442,14.1808,-13.6444,fluid
609,2.43419,14.3125,,1000.49,1017.69,11480.3,,2.68903,7.8834,8.3294,,7.37764,-2.95595,12.0916,-12.7659,fluid
610,1.99688,14.0039,,999.797,371.352,-4769.41,,1.45538,4.71685,4.93627,,-6.20475,-3.55365,-8.59367,-13.3637,fluid
611,0.912981,20.2701,,1000.95,644.807,22405.8,,0.597256,12.8487,12.8626,,0.852339,18.2575,25.3704,8.4475,fluid
612,0.99417,19.4001,,1000.82,47.0758,19324.2,,0.126713,14.7766,14.7772,,-3.26867,-38.9374,16.153,-48.7474,fluid
613,0.998514,15.1134,,1001.47,-1001.91,34880.3,,-1.15275,6.97811,7.07269,,10.9598,25.5989,45.8405,15.7889,fluid
614,1.20021,14.3273,,1000.87,-709.832,20463.8,,-1.12142,5.48204,5.59556,,-5.28835,5.32309,11.7471,-4.48691,fluid
615,1.9221,12.866,,1000.42,-519.034,9920.51,,-0.90471,8.25359,8.30302,,-12.2547,0.0905803,-7.09555,-9.71942,fluid
616,2.62938,0.50967,,1001.86,-277.807,44149.3,,-0.73239,-0.152872,0.748175,,-15.2874,20.7019,1.47207,10.8919,fluid
617,2.16646,0.588331,,1001.87,-462.028,44342.3,,-1.06238,-0.137732,1.07127,,-11.3964,20.5042,9.03302,10.6942,fluid
618,3.21779,0.979306,,1002.8,-189.714,66462,,-0.560006,-0.218312,0.601054,,-23.1593,13.0293,-2.56235,3.21925,fluid
619,4.0144,0.416441,,1002.27,-24.1527,53739.6,,-0.225009,-0.146238,0.268356,,-16.861,17.5194,-3.50457,7.70943,fluid
620,5.88376,0.6392,,1002.94,34.9778,69797.9,,0.385772,-0.175543,0.423835,,-10.7221,16.7996,1.10592,6.98959,fluid
621,5.14389,1.13291,,1003.2,-62.0884,76107.4,,-0.361215,-0.400512,0.539339,,-10.9232,12.5261,3.82524,2.71609,fluid
622,4.12913,1.8697,,1002.63,-700.776,62368.3,,-2.64863,-0.624725,2.72131,,-10.6165,5.10468,4.44838,-4.70532,fluid
623,4.99564,1.29842,,1003.25,-118.427,77150.3,,-0.793382,-0.484517,0.92963,,-11.7536,10.3983,3.63998,0.588289,fluid
624,4.61446,5.90911,,1001.34,-259.63,31605.1,,-1.22106,2.70948,2.97192,,-1.51822,16.6287,5.32177,6.81868,fluid
625,4.49816,6.02349,,1001.59,-350.97,37527.6,,-1.52366,3.39775,3.72374,,-2.11819,30.0197,6.21146,20.2097,fluid
626,4.76954,3.30176,,1002.46,-542.05,58402.3,,-2.54837,-1.00153,2.73811,,-21.8697,12.0039,-9.65488,2.19388,fluid
627,4.73161,1.21054,,1003.09,-133.181,73331.9,,-0.729689,-0.34157,0.805677,,-11.3181,8.13574,4.13255,-1.67426,fluid
628,4.56566,6.16302,,1001.42,-192.604,33526.3,,-0.513924,3.40005,3.43867,,-3.1296,36.7469,4.20314,26.9369,fluid
629,4.22604,4.3782,,1002.47,-986.636,58669,,-4.71415,1.52519,4.95473,,-29.129,32.6423,-15.2805,22.8323,fluid
630,4.22392,4.37335,,1002.24,-1294.46,52996.6,,-5.02764,2.59812,5.65928,,-27.4452,30.804,-14.9264,20.994,fluid
631,3.88907,2.53388,,1003.07,-774.262,72834.7,,-3.16892,0.373325,3.19084,,-12.2031,36.9113,6.46772,27.1013,fluid
632,3.47,2.69806,,1003.23,-928.933,76835.6,,-3.44628,0.955634,3.57632,,-10.7187,47.5772,11.3528,37.7672,fluid
633,4.14599,2.33313,,1002.89,-732.298,68617.5,,-3.03752,-0.128981,3.04026,,-12.3361,20.5916,4.16659,10.7816,fluid
634,4.55904,5.24461,,1001.09,-117.983,25780.2,,0.350602,0.162754,0.386537,,-18.635,-4.56733,-12.9864,-14.3773,fluid
635,4.90044,4.80427,,1001.41,-220.141,33426.2,,-1.31735,-0.144884,1.32529,,-16.0925,12.1751,-9.28103,2.36513,fluid
636,4.94916,5.68038,,1000.89,-528.574,21084.1,,-2.54567,-0.748944,2.65355,,-2.30744,5.34592,1.9489,-4.46408,fluid
637,5.51485,8.2452,,1000.5,34.5565,11857.9,,0.0456467,2.24924,2.24971,,-4.89756,2.36412,-2.74847,-7.44588,fluid
638,5.29277,8.78238,,1000.38,-110.388,8882.76,,-0.494993,2.0955,2.15317,,-4.37727,1.25146,-2.69962,-8.55854,fluid
639,5.04098,10.302,,1000.43,-217.452,10147.6,,-1.0633,3.80873,3.95436,,1.13523,3.74382,3.14739,-6.06618,fluid
640,5.36648,10.4311,,1000.36,-185.545,8412.38,,-1.052,3.45807,3.61455,,0.0254177,4.38095,1.59244,-5.42905,fluid
641,4.96964,10.3009,,1000.47,-133.771,11087.7,,-0.622673,4.00245,4.0506,,-0.0103026,3.49477,2.21974,-6.31523,fluid
642,4.87889,10.1833,,1000.51,-147.146,11911.5,,-0.858022,3.9392,4.03157,,-1.31559,0.474925,1.12462,-9.33507,fluid
643,4.99471,9.35561,,1000.02,-249.375,484.764,,-0.115917,3.86166,3.8634,,-3.01347,0.119714,-2.91642,-9.69029,fluid
644,5.31296,8.57706,,1000.5,-73.8054,11895.3,,-0.621698,2.36661,2.4469,,-6.18981,0.725942,-3.95201,-9.08406,fluid
645,6.02754,6.65135,,1000.73,-39.8009,17129.7,,-0.121727,0.570512,0.583354,,-7.10203,4.88763,-4.26219,-4.92237,fluid
646,4.73609,5.76831,,1001.08,-394.186,25424.7,,-1.74061,1.19936,2.11381,,-1.64066,6.29436,3.72185,-3.51564,fluid
647,4.37615,5.95492,,1001.71,-229.23,40520.4,,-0.158684,4.93279,4.93535,,-6.12341,23.2642,3.12015,13.4542,fluid
648,4.88828,4.65817,,1001.51,-512.328,35813.4,,-2.58583,0.28319,2.60129,,-14.0639,10.8083,-6.74863,0.998267,fluid
649,4.92267,4.5374,,1001.58,-510.874,37264.8,,-2.55205,0.285694,2.568,,-10.7741,8.49687,-3.21598,-1.31313,fluid
650,4.60715,2.10262,,1002.72,-621.142,64566.1,,-2.25455,-1.39224,2.64978,,-5.74679,11.103,8.2295,1.293,fluid
651,3.37637,2.55832,,1003.11,-1042.06,73838.7,,-3.52729,1.30005,3.75925,,-16.1454,38.6679,5.65606,28.8579,fluid
652,2.6241,3.04286,,1003.58,-1027.61,85241.4,,-2.57715,3.35991,4.23447,,-17.3346,18.6343,15.0335,8.82428,fluid
653,3.02324,2.123,,1003.46,-1235.78,82292,,-3.92413,0.975493,4.04356,,-39.0626,2.88123,-11.9366,-6.92877,fluid
654,2.52672,1.70176,,1004.14,-704.763,98639.8,,-2.02169,-0.54785,2.0946,,-40.5856,7.94765,-1.70782,-1.86235,fluid
655,2.21757,4.90513,,1002.34,-260.511,55550.3,,-0.706494,7.90526,7.93677,,-32.501,5.86121,-7.50953,-3.94879,fluid
656,1.75327,7.14732,,1000.75,-288.058,17800.5,,-0.519072,10.3829,10.3959,,-6.92925,9.81487,3.21581,0.00486638,fluid
657,2.45293,10.6615,,1000.5,424.208,11681.6,,1.02161,6.65539,6.73334,,3.48795,-10.1127,8.24791,-19.9227,fluid
658,2.52177,12.4515,,1001.14,758.559,27020.9,,2.00625,6.01561,6.34134,,-9.59572,-17.4209,1.1071,-27.2309,fluid
659,2.51229,11.1908,,1000.57,330.442,13421.1,,0.738882,4.4457,4.50669,,3.29721,-1.2451,8.63636,-11.0551,fluid
660,2.23439,9.70977,,1000.28,393.08,6503.41,,0.890863,8.32212,8.36967,,6.33167,0.814105,9.24146,-8.99589,fluid
661,2.30289,11.4738,,1000.63,625.15,14787.7,,1.29807,5.1238,5.28567,,-0.957412,4.92643,5.45995,-4.88357,fluid
662,2.06254,12.1959,,1000.88,-120.063,20749.1,,-0.394287,4.93158,4.94732,,-10.665,-6.8417,-0.613855,-16.6517,fluid
663,2.17333,6.39457,,1001.39,-267.798,32802.9,,-0.507635,8.36704,8.38242,,-9.99666,4.71913,5.07581,-5.09087,fluid
664,2.88725,0.477904,,1001.87,-219.434,44328.8,,-0.600514,-0.157807,0.620903,,-15.6573,19.6307,-0.332676,9.82065,fluid
665,3.58242,0.481958,,1002.16,-78.1757,51105.4,,-0.261024,-0.157851,0.305041,,-14.9181,16.2435,-0.683149,6.43349,fluid
666,4.89993,0.482207,,1002.38,27.909,56444.3,,0.241174,-0.15996,0.2894,,-14.5878,17.1696,-3.09573,7.35961,fluid
667,5.76858,0.8993,,1003.18,-12.6731,75538,,0.238289,-0.272717,0.362155,,-9.9464,18.1479,3.10684,8.33793,fluid
668,5.64548,1.16993,,1003.47,-55.6815,82548.3,,-0.298141,-0.403834,0.501966,,-11.5902,14.7302,2.98125,4.9202,fluid
669,5.37648,5.0439,,1001.42,-287.703,33638.3,,-2.5301,-0.299256,2.54773,,-4.31594,7.02211,1.93174,-2.78789,fluid
670,4.96232,5.29479,,1000.73,-684.682,17281.2,,-2.48191,-0.763808,2.59678,,-7.03748,4.36412,-3.55755,-5.44588,fluid
671,5.91155,1.21529,,1003.58,-65.6011,85098.3,,-0.0554524,-0.516446,0.519415,,-9.3321,15.7809,5.01186,5.97092,fluid
672,5.48679,5.35515,,1001.13,-351.347,26739.3,,-2.27538,-0.328836,2.29902,,-2.63866,7.02168,2.22923,-2.78832,fluid
673,4.82366,3.61596,,1001.9,-621.238,45026,,-2.34239,-0.803791,2.47647,,-13.4824,10.3396,-4.16573,0.529594,fluid
674,4.47321,4.13867,,1002.15,-692.307,50973,,-3.24387,0.570242,3.29361,,-14.2043,12.22,-2.8336,2.41003,fluid
675,4.94914,4.79009,,1001.41,-490.571,33450.4,,-2.67371,0.288848,2.68927,,-12.3476,10.8897,-5.5983,1.0797,fluid
676,5.45964,6.06823,,1000.93,-199.968,21983.2,,-1.02273,-0.196226,1.04138,,-4.45265,10.5102,-0.429897,0.700164,fluid
677,5.83845,8.1121,,1000.21,-207.98,4899.56,,-0.22643,1.12811,1.15061,,-1.10499,4.19714,-0.265972,-5.61286,fluid
678,5.92717,7.19956,,1000.66,124.682,15557.4,,0.408599,0.250737,0.479398,,-8.68827,2.81897,-6.06524,-6.99103,fluid
679,5.57275,9.07595,,1000.39,-112.456,9131.6,,-1.00629,1.85106,2.10691,,-1.08624,2.52362,0.551738,-7.28638,fluid
680,5.25141,10.1638,,1000.44,-166.216,10306.6,,-1.44519,3.32021,3.6211,,1.25641,1.68806,3.21819,-8.12194,fluid
681,5.44401,8.62818,,1000.36,-177.479,8582.5,,-0.796316,1.96108,2.11659,,-3.01668,1.98003,-1.44075,-7.82997,fluid
682,5.82601,7.77374,,1000.43,133.763,10143.1,,1.05833,1.13057,1.54863,,-4.10357,3.55171,-2.36332,-6.25829,fluid
683,6.07805,7.13606,,1000.57,97.463,13491.7,,0.735579,0.249945,0.776884,,-6.14858,3.6279,-3.93012,-6.1821,fluid
684,4.88086,9.63086,,1000.01,-380.355,261.625,,-0.714421,3.48548,3.55795,,-1.38324,-2.07845,-1.32964,-11.8885,fluid
685,5.48139,9.46221,,1000.23,-266.411,5386.83,,-1.36591,2.48617,2.83668,,-0.756288,1.86135,0.226237,-7.94865,fluid
686,5.53891,9.83914,,1000.28,-217.235,6537.97,,-1.32138,2.4547,2.78776,,0.209437,0.630211,1.38948,-9.17979,fluid
687,5.72907,10.2396,,1000.32,-159.905,7567.65,,-1.11003,2.45938,2.69828,,0.438475,1.6694,1.75897,-8.1406,fluid
688,5.87341,10.7726,,1000.24,-215.624,5732.36,,-1.23853,2.48862,2.77978,,-0.0195974,2.31062,0.95615,-7.49938,fluid
689,5.81881,11.3297,,1000.17,-138.121,4010.48,,-0.438423,2.29319,2.33473,,-1.28744,0.70591,-0.598329,-9.10409,fluid
690,5.81575,11.6918,,1000.26,-28.7231,6139.82,,-0.1576,3.1552,3.15913,,-2.46203,-0.273924,-1.40658,-10.0839,fluid
691,5.85359,11.9984,,1000.39,122.861,9112.79,,0.100524,3.47758,3.47903,,-3.68527,-0.705457,-2.12908,-10.5155,fluid
692,5.89327,11.4761,,1000.24,44.1808,5690.08,,0.191276,2.81649,2.82298,,-2.16593,-0.231936,-1.20064,-10.0419,fluid
693,5.79198,10.8205,,1000.27,-94.6505,6334.19,,-0.619021,2.52714,2.60185,,-1.68633,2.64579,-0.593006,-7.16421,fluid
694,5.50325,10.4075,,1000.37,-107.303,8659.77,,-0.861067,3.14651,3.2622,,-0.388081,3.40871,1.18492,-6.40129,fluid
695,4.89191,10.1222,,1000.47,-200.689,11067.1,,-1.15208,3.67913,3.85529,,-0.850058,-0.691945,1.4112,-10.5019,fluid
696,5.27983,9.0789,,1000.18,-234.916,4261.12,,-0.624607,2.41232,2.49187,,-2.58188,1.95596,-1.77497,-7.85404,fluid
697,5.20401,5.82313,,1000.99,-255.733,23470.8,,-1.7797,-0.840003,1.96798,,-3.3815,8.83851,1.12416,-0.971487,fluid
698,5.43498,8.45723,,1000.48,-62.7287,11231.2,,-0.498347,2.3381,2.39062,,-4.97774,1.38708,-2.91226,-8.42292,fluid
699,4.84841,8.88736,,1000.7,337.852,16450,,1.07183,2.15525,2.40706,,-13.6794,-0.715599,-10.2889,-10.5256,fluid
700,4.75666,9.93411,,1000.38,-247.676,9067.7,,-1.06882,3.53767,3.6956,,-3.32293,-4.51337,-1.41734,-14.3234,fluid
701,5.16327,8.88924,,1000.41,55.9732,9693.74,,0.215626,2.11151,2.12249,,-6.83742,1.14251,-4.96075,-8.66749,fluid
702,4.73429,9.07214,,1000.52,142.831,12318.1,,0.712885,3.59523,3.66523,,-11.1033,-0.20672,-8.50273,-10.0167,fluid
703,5.43126,11.4497,,1000.44,104.06,10283.9,,0.354677,4.70439,4.71774,,-5.2351,-1.11466,-3.34246,-10.9247,fluid
704,4.50758,3.6752,,1001.85,-700.139,43824,,-1.56796,-1.07253,1.89968,,-15.5403,3.97023,-5.83593,-5.83977,fluid
705,4.46861,4.59746,,1002.17,-259.074,51454.6,,-2.17037,-0.342774,2.19727,,-30.4124,25.0157,-18.9227,15.2057,fluid
706,4.98056,3.05696,,1002.81,-519.987,66631.3,,-2.95307,-0.407727,2.98108,,-14.4549,13.8864,-1.11408,4.07638,fluid
707,3.02352,3.75159,,1002.96,-1147.02,70306.3,,-3.43484,4.10221,5.35035,,-16.8137,4.76541,6.37078,-5.04459,fluid
708,3.02287,4.16369,,1002.4,-798.494,56958.7,,-2.34552,7.5092,7.86699,,-10.9229,16.2224,7.87456,6.41241,fluid
709,3.16289,2.40176,,1003.17,-1193.28,75243.4,,-3.72043,1.79895,4.13253,,-28.9354,23.8057,-5.22106,13.9957,fluid
710,3.09515,1.36824,,1003.47,-509.299,82600,,-1.82921,-0.0237731,1.82936,,-29.3714,2.92368,-2.7768,-6.88632,fluid
711,5.17975,5.39143,,1000.85,-482.86,20175,,-2.25812,-0.802644,2.39653,,-4.4811,5.73702,-0.58945,-4.07298,fluid
712,2.48385,4.28722,,1002.44,-334.171,57867.1,,-0.729164,7.78105,7.81514,,-24.1262,4.41946,-0.885527,-5.39054,fluid
713,4.32796,0.49136,,1002.35,-18.855,55710.1,,0.0539014,-0.161243,0.170013,,-15.3379,16.8145,-2.49595,7.00446,fluid
714,6.04154,0.468913,,1002.86,66.1001,67881.3,,0.252341,-0.136782,0.287029,,-12.5338,16.3193,-1.3301,6.50933,fluid
715,4.51877,2.51379,,1003.05,-700.165,72587.6,,-3.17556,-0.0945206,3.17697,,-14.0049,16.2818,2.00973,6.47185,fluid
716,5.41637,4.67169,,1001.61,-331.095,38089.7,,-2.14829,0.292811,2.16815,,-3.57665,5.56046,3.44437,-4.24954,fluid
717,5.82146,5.44591,,1001.14,-340.127,26994.6,,-1.78352,0.371942,1.82189,,-1.70432,7.27778,2.92747,-2.53222,fluid
718,6.25498,9.62427,,1000.3,-214.834,7082.09,,-1.25432,2.11665,2.46039,,-0.829326,2.12029,0.302565,-7.68971,fluid
719,6.65287,6.90131,,1000.78,-80.5725,18347.6,,-0.516122,0.915797,1.05122,,0.16468,3.58039,2.92038,-6.22961,fluid
720,6.63881,8.57104,,1000.46,-131.585,10794,,-0.891731,1.31832,1.59159,,-1.63579,2.04329,-0.0106403,-7.76671,fluid
721,6.40971,7.46325,,1000.64,-24.3691,15112.6,,-0.519452,0.717057,0.885438,,-0.109157,4.4061,2.24711,-5.4039,fluid
722,6.26845,10.113,,1000.27,-219.445,6288.99,,-1.31965,1.89506,2.30927,,0.228495,1.9487,1.2315,-7.8613,fluid
723,6.48759,7.06748,,1000.73,-47.6937,17184.2,,-0.540005,0.756017,0.929068,,0.174157,3.1204,2.82101,-6.6896,fluid
724,6.09672,6.2901,,1000.91,-216.825,21532,,-1.43076,1.23073,1.88726,,-3.027,4.12267,0.50151,-5.68733,fluid
725,4.95173,4.26277,,1001.52,-664.806,35947.6,,-2.5297,-0.590581,2.59772,,-7.17469,6.22895,0.0738902,-3.58105,fluid
726,5.86809,6.63232,,1000.66,-462.148,15487.6,,-2.09672,0.908341,2.28502,,-8.09439,5.59217,-5.45684,-4.21783,fluid
727,6.27352,8.27286,,1000.51,-63.2826,12069.6,,-0.857587,1.03791,1.34637,,-0.313261,3.30855,1.60965,-6.50145,fluid
728,6.04619,7.6078,,1000.43,-162.597,10159.2,,-0.646232,0.236274,0.688071,,-1.74315,4.47667,-0.063612,-5.33333,fluid
729,5.83789,7.51128,,1000.55,59.2457,12888.2,,0.410376,0.769104,0.871739,,-5.85542,2.24896,-3.64893,-7.56104,fluid
730,5.69267,7.94272,,1000.43,69.2449,10158.9,,0.66828,1.58582,1.72088,,-3.44477,3.09635,-1.66099,-6.71365,fluid
731,6.26556,11.2749,,1000.21,-110.793,4967.38,,-0.801494,2.63009,2.7495,,0.363957,0.302647,1.1566,-9.50735,fluid
732,5.85157,12.2449,,1000.18,-244.696,4230.84,,-0.9262,2.92082,3.06415,,-0.80248,-0.0923596,-0.0795831,-9.90236,fluid
733,6.43258,11.644,,1000.22,-26.639,5266.66,,-0.296399,2.66924,2.68564,,-0.209631,-0.539872,0.608934,-10.3499,fluid
734,6.44239,10.0623,,1000.27,-209.441,6476.46,,-1.32446,1.658,2.12207,,0.226085,2.21901,1.2311,-7.59099,fluid
735,6.58877,9.7363,,1000.3,-203.399,7151.48,,-1.34976,1.55578,2.05968,,-0.160332,2.68703,0.924743,-7.12297,fluid
736,6.75166,10.4913,,1000.27,-137.162,6273.47,,-1.02689,1.78292,2.0575,,-0.486523,1.31685,0.442404,-8.49315,fluid
737,6.9441,10.7293,,1000.24,-84.1846,5626.55,,-0.624485,1.71941,1.82931,,-1.16928,1.10772,-0.359213,-8.70228,fluid
738,6.63525,10.5516,,1000.27,-137.106,6429.36,,-1.06905,1.87011,2.15411,,-0.372721,1.43385,0.595985,-8.37615,fluid
739,6.17226,10.3115,,1000.26,-208.776,6139.64,,-1.25662,2.16243,2.50104,,0.509023,1.75415,1.50348,-8.05585,fluid
740,6.04182,9.65143,,1000.31,-209.248,7234.89,,-1.28417,2.12091,2.47939,,-0.766719,2.06454,0.430381,-7.74546,fluid
741,6.05074,9.1273,,1000.45,-102.82,10521.9,,-1.06403,1.8327,2.11919,,-1.06053,1.96234,0.677644,-7.84766,fluid
742,6.04447,8.5444,,1000.43,-90.7249,10208.8,,-0.82928,1.14114,1.41064,,-0.480884,3.01294,1.20733,-6.79706,fluid
743,5.77757,8.54978,,1000.36,-153.607,8369.67,,-0.845194,1.37384,1.613,,-1.05689,2.8685,0.391243,-6.9415,fluid
744,5.74467,9.24216,,1000.41,-102.975,9718.72,,-1.10081,2.06091,2.33648,,-0.894663,2.45126,0.79642,-7.35874,fluid
745,5.8138,9.58292,,1000.32,-197.993,7556.4,,-1.33002,2.32395,2.67763,,-0.771605,1.94341,0.527714,-7.86659,fluid
746,5.94396,10.0848,,1000.26,-216.978,6158.1,,-1.19873,2.10504,2.42243,,0.220686,1.37274,1.25644,-8.43726,fluid
747,5.27286,13.6751,,1000.5,111.354,11773.6,,0.0521245,5.66213,5.66236,,-0.41607,1.23885,1.81568,-8.57115,fluid
748,5.45986,12.9849,,1000.29,81.2071,6892.05,,0.562265,4.0717,4.11034,,-0.958466,-1.32576,0.303477,-11.1358,fluid
749,5.65302,12.653,,1000.31,102.607,7315.92,,0.361213,3.85636,3.87324,,-2.86054,-1.16548,-1.56678,-10.9755,fluid
750,5.62214,12.4312,,1000.39,135.967,9085.55,,0.29442,3.55538,3.56755,,-4.68694,-1.93291,-3.07153,-11.7429,fluid
751,5.14994,12.8881,,1000.49,32.5921,11626.2,,0.449501,4.24433,4.26807,,-3.86253,-5.20754,-1.60611,-15.0175,fluid
752,5.55765,11.1266,,1000.32,-31.7141,7608.45,,-0.255884,2.73859,2.75052,,-3.77852,1.92364,-2.40996,-7.88636,fluid
753,4.62972,10.2218,,1000.77,-174.503,18157.6,,-0.95498,3.77642,3.8953,,-5.87037,-1.16184,-1.95144,-10.9718,fluid
754,4.48806,9.84043,,1000.54,-255.358,12746.3,,-1.01394,4.42392,4.53863,,-11.3083,-7.07826,-8.4698,-16.8883,fluid
755,4.35357,9.55059,,1000.74,-95.4617,17380.5,,-0.825565,7.71053,7.7546,,-19.0854,-8.03439,-15.0961,-17.8444,fluid
756,4.75105,8.83308,,1000.84,391.083,19863.6,,1.18646,1.99077,2.31751,,-15.8475,-1.2632,-11.6702,-11.0732,fluid
757,6.34855,7.29152,,1000.59,-18.0409,13864.8,,-0.0388058,1.19766,1.19829,,-1.21544,3.21776,0.967211,-6.59224,fluid
758,5.80114,8.20625,,1000.24,-14.0831,5710.97,,0.663705,1.76576,1.88638,,-2.8085,2.97982,-1.82428,-6.83018,fluid
759,5.30253,10.5631,,1000.36,-208.364,8511.95,,-0.990564,3.41946,3.56005,,-0.253123,6.07635,1.35156,-3.73365,fluid
760,5.0541,0.592871,,1002.57,24.6581,60992.4,,0.186056,-0.181808,0.260137,,-13.7328,18.029,-1.69585,8.21901,fluid
761,5.43533,0.623762,,1002.78,41.2241,66077,,0.0719241,-0.18364,0.197222,,-14.2235,18.3145,-2.10029,8.50451,fluid
762,7.23448,0.490131,,1003.25,87.6951,77313.3,,0.601621,-0.146581,0.61922,,-9.12564,19.178,1.5265,9.36805,fluid
763,5.05774,3.60555,,1002.07,-569.095,49020.4,,-2.94233,-1.1725,3.16734,,-8.02485,12.8872,1.6473,3.07722,fluid
764,8.6796,0.563788,,1003.01,132.736,71436.3,,1.45191,-0.164701,1.46122,,-5.35816,19.5001,2.84752,9.69012,fluid
765,5.76503,1.61438,,1003.88,-131.792,92449.4,,-1.23957,-0.637104,1.39372,,-12.3434,11.7232,3.63079,1.91317,fluid
766,4.3859,2.83208,,1003.43,-760.582,81694.5,,-4.39702,-0.617369,4.44015,,-27.2511,28.8566,-8.68826,19.0466,fluid
767,5.37458,3.27397,,1002.63,-424.895,62457.8,,-2.75963,-0.310673,2.77706,,-7.29232,12.4806,4.29813,2.67057,fluid
768,5.28924,2.70398,,1002.8,-542.352,66449.5,,-2.27752,-0.745926,2.39656,,-8.38262,8.10937,4.14548,-1.70063,fluid
769,4.89741,2.80791,,1002.99,-622.766,71079,,-3.25866,-0.534414,3.3022,,-16.1789,10.4177,-1.70857,0.607736,fluid
770,6.89926,7.56958,,1000.62,-77.5055,14580.3,,-0.307404,1.23966,1.2772,,-1.01753,2.98356,1.09448,-6.82644,fluid
771,5.79064,5.06701,,1001.44,-284.984,34065.3,,-1.77444,0.532859,1.85272,,-2.78466,7.76015,3.0897,-2.04985,fluid
772,7.12395,8.89506,,1000.36,-175.986,8574.32,,-1.07725,1.31582,1.70054,,-0.678781,2.76525,0.524373,-7.04475,fluid
773,6.80207,8.1038,,1000.57,-74.3189,13414.7,,-0.61412,1.46319,1.58685,,-1.59364,2.72256,0.377398,-7.08744,fluid
774,6.84143,8.53668,,1000.46,-127.183,10755.8,,-0.812819,1.38126,1.60267,,-1.60372,1.98691,-0.0322824,-7.82309,fluid
775,6.59794,8.99909,,1000.34,-206.568,8110.5,,-1.07956,1.38988,1.75989,,-1.1225,2.23597,0.106327,-7.57403,fluid
776,6.41987,8.73154,,1000.43,-145.753,10232.8,,-1.00892,1.27484,1.62577,,-1.34663,2.11625,0.246612,-7.69375,fluid
777,6.65664,7.77613,,1000.61,-59.4677,14391.1,,-0.539623,1.12718,1.24969,,-0.712401,3.56128,1.4482,-6.24872,fluid
778,6.2481,6.56585,,1000.9,-98.0993,21270.9,,-1.14183,1.09174,1.57977,,-2.24933,2.57213,1.15198,-7.23787,fluid
779,6.41867,7.97389,,1000.6,-41.0117,14084.6,,-0.826615,0.948418,1.25809,,-0.562712,3.94401,1.63029,-5.86599,fluid
780,6.21521,9.23413,,1000.39,-154.529,9087.7,,-1.07599,2.02823,2.29597,,-1.28558,2.07884,0.176024,-7.73116,fluid
781,5.466,13.2017,,1000.28,76.6828,6630.48,,0.518745,4.37733,4.40796,,0.0629007,0.0425206,1.2756,-9.76748,fluid
782,7.20077,10.3981,,1000.21,-167.191,4909.44,,-1.03181,1.65448,1.94985,,-0.223192,0.83093,0.458461,-8.97907,fluid
783,7.98249,9.18456,,1000.3,-118.676,7167.19,,-0.961425,0.85199,1.28461,,0.803296,2.62634,1.70089,-7.18366,fluid
784,7.95802,9.47045,,1000.27,-133.359,6316.57,,-1.08832,0.840667,1.37519,,0.759694,2.68102,1.55322,-7.12898,fluid
785,7.61293,9.82177,,1000.21,-174.493,5027.37,,-1.16441,1.05053,1.56826,,0.340211,2.30287,1.00044,-7.50713,fluid
786,7.50387,9.66791,,1000.27,-163.387,6301.42,,-1.25308,1.03095,1.62267,,0.220377,2.66358,1.05991,-7.14642,fluid
787,7.01481,9.46791,,1000.32,-183.171,7578.26,,-1.33543,1.49944,2.0079,,-0.128937,2.81503,0.951038,-6.99497,fluid
788,7.17899,9.21298,,1000.33,-175.665,7869.83,,-1.20832,1.25997,1.74572,,-0.256102,2.89923,0.839764,-6.91077,fluid
789,7.09248,9.94882,,1000.26,-187.941,6095.77,,-1.3168,1.26924,1.82891,,0.177751,2.19608,1.037,-7.61392,fluid
790,6.89301,9.9271,,1000.29,-187,6795.48,,-1.37556,1.2399,1.8519,,0.0958061,2.51445,1.08137,-7.29555,fluid
791,6.73705,9.4181,,1000.31,-205.766,7375.85,,-1.28041,1.69092,2.121,,-0.490167,2.65588,0.604309,-7.15412,fluid
792,6.6067,9.23395,,1000.33,-213.461,7691.57,,-1.21573,1.55193,1.97142,,-0.830133,2.48024,0.333694,-7.32976,fluid
793,6.94526,10.3074,,1000.25,-166.087,5880.71,,-1.13768,1.6025,1.96528,,-0.30736,1.30105,0.539151,-8.50895,fluid
794,6.72279,11.4324,,1000.16,-105.841,3697,,-0.496832,2.08218,2.14063,,-0.534192,-0.0391606,0.015642,-9.84916,fluid
795,6.47951,10.7917,,1000.26,-110.579,6040.18,,-0.904929,2.10601,2.2922,,0.0163711,1.31956,0.948329,-8.49044,fluid
796,6.13344,11.0269,,1000.23,-151.722,5342.8,,-1.04026,2.31065,2.53401,,0.550467,1.45842,1.42136,-8.35158,fluid
797,5.66088,13.648,,999.988,-212.846,-275.188,,-0.470691,5.15632,5.17776,,2.70424,3.77038,2.65562,-6.03962,fluid
798,5.04835,15.9199,,998.771,-315.407,-28826.9,,-0.757764,9.022,9.05376,,26.5314,11.073,20.8142,1.26301,fluid
799,4.18965,17.4278,,999.975,-321.119,-582.764,,-1.2773,7.71299,7.81803,,1.29651,-3.29243,1.15741,-13.1024,fluid
800,2.72169,18.2618,,998.909,-1276.25,-25613,,-2.5289,8.75962,9.11736,,14.0564,-9.63714,4.63541,-19.4471,fluid
801,2.87679,17.5427,,999.643,341.302,-8386.07,,1.37904,7.31135,7.44027,,-4.24376,4.5643,-7.15989,-5.2457,fluid
802,4.94886,16.3477,,999.41,-259.914,-13874.5,,-1.20443,8.35155,8.43796,,12.5486,-4.27024,9.74334,-14.0802,fluid
803,5.1001,13.829,,1000.68,49.7595,16103.1,,-0.141226,6.50885,6.51038,,-4.42305,1.85903,-1.2678,-7.95097,fluid
804,5.57614,12.7548,,1000.29,89.2359,6924.14,,0.430438,3.95952,3.98285,,-2.3303,-1.27769,-1.08892,-11.0877,fluid
805,6.07322,11.6504,,1000.2,68.9201,4727.65,,0.516127,3.2887,3.32896,,-1.56986,-0.737009,-0.791569,-10.547,fluid
806,5.92015,10.7683,,1000.2,-37.7234,4659.97,,0.0343927,2.59974,2.59997,,-1.24154,1.59319,-0.454562,-8.21681,fluid
807,3.29654,17.9189,,1000.01,-405.769,139.328,,-1.49955,9.09725,9.22001,,-4.47904,-1.0112,-4.43677,-10.8212,fluid
808,5.52219,0.484084,,1002.62,64.1651,62079.5,,0.287557,-0.157112,0.327678,,-13.1844,17.3175,-1.97187,7.50748,fluid
809,6.2851,0.532801,,1003.04,66.6842,72185.9,,0.367772,-0.139967,0.393506,,-11.1598,16.1908,0.290626,6.3808,fluid
810,7.3663,0.644396,,1003.4,95.377,80836.2,,0.886349,-0.198028,0.908202,,-7.63941,19.1326,3.29721,9.32257,fluid
811,8.16656,0.7048,,1003.36,132.92,79953.1,,0.773013,-0.234955,0.807931,,-6.01561,21.6424,3.74189,11.8324,fluid
812,10.5837,0.616232,,1002.35,190.901,55807.7,,1.67419,-0.0977338,1.67704,,-3.07115,10.112,2.18948,0.301983,fluid
813,9.01695,0.640083,,1002.93,135.844,69488.9,,1.49065,-0.179011,1.50136,,-7.15375,17.6803,0.530248,7.87028,fluid
814,6.36477,1.48345,,1003.87,-89.344,92236.1,,-0.332283,-1.07075,1.12112,,-12.3407,11.7093,2.09507,1.89926,fluid
815,7.83849,8.71887,,1000.38,-105.546,8908.54,,-0.766227,0.979659,1.24372,,0.655441,2.52538,1.79152,-7.28462,fluid
816,9.50006,0.721669,,1002.72,143.541,64669.5,,1.40728,-0.193085,1.42047,,-3.67308,13.9337,3.1157,4.12367,fluid
817,5.87976,4.50023,,1001.81,-351.319,42849.8,,-2.0062,0.533978,2.07605,,-7.60333,7.60074,-0.328811,-2.20926,fluid
818,7.74314,10.72,,1000.22,-164.631,5156.24,,-1.33452,1.04191,1.69308,,2.02076,1.85805,2.68653,-7.95195,fluid
819,7.65109,8.40339,,1000.44,-96.5538,10475.9,,-0.609201,1.15896,1.30931,,0.201524,2.29526,1.57012,-7.51474,fluid
820,7.82168,9.09109,,1000.35,-114.227,8175.91,,-1.0126,0.957844,1.39385,,0.475262,2.63798,1.52019,-7.17202,fluid
821,7.50245,8.61219,,1000.41,-134.974,9642.82,,-0.879344,1.07695,1.39035,,0.0584043,2.73276,1.34317,-7.07724,fluid
822,7.52644,9.00949,,1000.37,-128.171,8750.83,,-1.03473,1.19415,1.58008,,0.0590922,2.76782,1.22134,-7.04218,fluid
823,7.29562,8.28111,,1000.5,-102.218,11770.8,,-0.677604,1.32326,1.48666,,-0.825441,2.33996,0.787156,-7.47004,fluid
824,7.16212,8.04879,,1000.56,-83.7067,13152.8,,-0.5338,1.4039,1.50195,,-1.31972,2.41135,0.515692,-7.39865,fluid
825,5.37624,4.06114,,1001.81,-562.818,42934.3,,-2.86206,-0.369047,2.88575,,-6.7964,8.07739,1.17507,-1.73261,fluid
826,6.16555,5.82098,,1001.08,-266.586,25430.3,,-1.52349,0.723584,1.6866,,-3.37148,5.64948,0.748669,-4.16052,fluid
827,7.08501,8.71413,,1000.4,-164.08,9359.88,,-0.986889,1.26685,1.60588,,-0.90194,2.44717,0.418617,-7.36283,fluid
828,7.37296,9.44176,,1000.32,-153.423,7629.33,,-1.26965,1.07807,1.66561,,0.17104,2.99673,1.20548,-6.81327,fluid
829,7.52933,10.0894,,1000.17,-191.458,3961.24,,-1.09419,0.94404,1.44515,,0.425907,1.91558,0.951927,-7.89442,fluid
830,8.1496,10.1762,,1000.2,-132.219,4688.21,,-1.13708,0.474701,1.23219,,1.76716,2.57353,2.34232,-7.23647,fluid
831,8.94981,8.94959,,1000.24,-83.7983,5690,,-0.773514,0.207357,0.800825,,2.62837,3.50495,3.26399,-6.30505,fluid
832,8.99205,8.59764,,1000.27,-72.6106,6302.14,,-0.614259,0.363719,0.713867,,2.30813,3.51497,3.0088,-6.29503,fluid
833,8.71245,9.23306,,1000.23,-113.692,5308.01,,-0.94305,0.46531,1.0516,,2.44263,3.18514,3.05174,-6.62486,fluid
834,7.61815,10.6918,,1000.23,-167.574,5338.16,,-1.35381,1.10443,1.74716,,1.67812,1.68206,2.37868,-8.12794,fluid
835,8.01001,9.88951,,1000.2,-146.774,4632.51,,-1.06029,0.589797,1.21329,,1.14216,2.80953,1.72039,-7.00047,fluid
836,8.53568,9.57656,,1000.21,-112.876,5035.04,,-0.94414,0.463977,1.05199,,2.26714,3.02358,2.8569,-6.78642,fluid
837,8.37373,9.61714,,1000.22,-126.135,5252.54,,-1.06234,0.646316,1.2435,,1.90521,2.92768,2.53233,-6.88232,fluid
838,8.43647,9.06732,,1000.24,-127.955,5701.14,,-0.877904,0.60438,1.06583,,1.66629,2.94968,2.3419,-6.86032,fluid
839,8.36562,9.33566,,1000.24,-132.363,5568.91,,-1.01321,0.695412,1.2289,,1.70378,2.75786,2.36931,-7.05214,fluid
840,8.01239,9.73206,,1000.22,-148.989,5139.44,,-1.12133,0.858025,1.41195,,0.993671,2.42981,1.63497,-7.38019,fluid
841,7.5944,10.3026,,1000.16,-192.883,3716.35,,-1.10531,0.902705,1.42709,,0.777767,1.54347,1.26704,-8.26653,fluid
842,7.40575,10.8248,,1000.24,-164.71,5574.94,,-1.31408,1.32304,1.86473,,1.14729,1.70594,1.8999,-8.10406,fluid
843,7.02945,11.8949,,1000.25,-160.974,5822.73,,-1.29433,2.56696,2.87482,,1.87817,-0.244708,2.7063,-10.0547,fluid
844,7.06154,11.2552,,1000.16,-186.344,3750.09,,-1.05171,1.65714,1.9627,,0.57579,1.03026,1.10676,-8.77974,fluid
845,6.88198,11.194,,1000.18,-113.735,4349.91,,-0.704559,1.73873,1.87606,,-0.687246,0.76447,-0.0552911,-9.04553,fluid
846,6.45665,12.5215,,1000.2,-106.608,4806.28,,-0.471777,3.28312,3.31684,,-0.299233,0.605174,0.445008,-9.20483,fluid
847,2.13735,14.6985,,1001.05,2823.51,24829.4,,5.97152,0.879993,6.03601,,-5.69821,28.1018,5.90651,18.2918,fluid
848,3.56903,17.9089,,1000.13,-522.93,3049.82,,-1.87289,8.69715,8.89653,,-1.96628,-0.999137,-1.11187,-10.8091,fluid
849,4.89999,16.526,,999.497,-268.403,-11821.6,,-0.837045,8.98834,9.02723,,7.36083,-5.88379,4.94704,-15.6938,fluid
850,5.36932,14.5842,,999.772,-309.323,-5363.97,,-0.954605,6.75669,6.82379,,10.3446,9.79827,9.34534,-0.0117312,fluid
851,5.97982,11.7274,,1000.18,-214.543,4159.73,,-0.950934,2.92424,3.07497,,-0.0194759,0.0861353,0.676029,-9.72386,fluid
852,5.79599,12.5938,,1000.21,-130.534,4838.4,,-0.502492,3.54712,3.58253,,-0.194024,-0.512049,0.640589,-10.322,fluid
853,5.39433,14.7115,,999.58,-279.916,-9876.74,,-0.42018,7.77712,7.78846,,9.49431,12.7076,7.66259,2.89757,fluid
854,4.25504,17.0071,,999.941,-549.099,-1398.98,,-2.2609,7.829,8.14892,,6.36078,-0.336879,6.03198,-10.1469,fluid
855,5.24461,15.3591,,998.646,-463.931,-31750.5,,-0.895741,7.99281,8.04284,,22.8307,14.8924,16.7685,5.08241,fluid
856,4.60614,1.85795,,1002.79,-522.603,66284.2,,-2.13041,-1.00223,2.35438,,-5.9233,7.42396,8.42704,-2.38604,fluid
857,6.58372,0.485576,,1003.11,85.2637,73817,,0.516834,-0.128846,0.532652,,-9.66012,16.519,1.5172,6.70901,fluid
858,8.352,0.409718,,1002.97,143.753,70656.3,,1.32865,-0.110172,1.33321,,-3.58816,20.5827,4.84656,10.7727,fluid
859,10.3088,0.528157,,1002.5,180.489,59318.3,,1.56353,-0.0840303,1.56579,,-4.97921,9.76331,0.760575,-0.046686,fluid
860,8.21359,7.71313,,1000.56,-29.7222,13318.6,,-0.224189,0.975271,1.00071,,0.685572,3.15444,2.30618,-6.65556,fluid
861,10.1248,6.4674,,1000.42,-75.7612,9916.9,,-0.548435,-0.396564,0.676789,,1.6054,4.56339,2.58446,-5.24661,fluid
862,10.2353,6.21741,,1000.47,-69.3474,11086.8,,-0.602708,-0.439762,0.746088,,1.23084,4.99412,2.31352,-4.81588,fluid
863,10.4909,7.8393,,1000.18,11.597,4283.54,,0.225739,-0.814491,0.845195,,1.81511,2.73921,2.22335,-7.07079,fluid
864,6.00415,1.93356,,1003.94,-239.159,93882.8,,-2.14825,-0.372961,2.18039,,-15.6936,8.74788,-0.118634,-1.06212,fluid
865,6.04573,4.8349,,1001.61,-305.63,38167.9,,-1.69391,0.640708,1.81104,,-3.84254,9.22942,2.4605,-0.580581,fluid
866,10.0275,6.65845,,1000.4,-71.9286,9409.14,,-0.526136,-0.40338,0.662974,,1.76368,4.44477,2.70164,-5.36523,fluid
867,8.67853,7.72666,,1000.48,-9.85115,11330.8,,-0.138822,0.541563,0.559072,,0.41261,2.69043,1.7176,-7.11957,fluid
868,8.8775,7.92174,,1000.4,-9.05583,9382,,-0.10815,0.476722,0.488836,,0.74486,2.54828,1.80127,-7.26172,fluid
869,8.92883,8.19455,,1000.32,-40.7048,7595.51,,-0.248366,0.46886,0.53058,,1.28332,2.77462,2.13372,-7.03538,fluid
870,8.46444,7.92561,,1000.49,-10.5824,11638.3,,-0.250119,0.8781,0.913028,,0.196638,2.72048,1.57093,-7.08952,fluid
871,7.7461,7.87973,,1000.58,-51.8534,13738,,-0.419768,1.2641,1.33198,,-0.121587,3.34751,1.65092,-6.46249,fluid
872,8.17726,8.42545,,1000.4,-63.0872,9372.39,,-0.477355,0.861214,0.984661,,0.628153,2.41197,1.77385,-7.39803,fluid
873,8.24452,8.74572,,1000.32,-82.193,7624.39,,-0.612386,0.928436,1.11221,,0.646239,2.28049,1.57072,-7.52951,fluid
874,8.56197,8.81798,,1000.25,-108.623,5966.9,,-0.697002,0.630008,0.939533,,1.58357,2.87309,2.28031,-6.93691,fluid
875,8.51969,8.42913,,1000.34,-61.3179,8027.27,,-0.452237,0.683114,0.819246,,0.766558,2.5467,1.70844,-7.2633,fluid
876,9.34547,7.65302,,1000.34,-39.6089,8129.75,,-0.20861,0.176661,0.273363,,1.66486,3.41877,2.53447,-6.39123,fluid
877,9.90461,6.94145,,1000.37,-57.8161,8803.8,,-0.421359,-0.398393,0.57988,,2.07049,4.28718,2.95902,-5.52282,fluid
878,10.0223,7.30887,,1000.33,-22.3645,7661.06,,-0.194836,-0.461857,0.501271,,2.91486,4.2472,3.67902,-5.5628,fluid
879,9.75972,7.42906,,1000.34,-41.4621,7899.74,,-0.363362,-0.247407,0.439593,,2.66844,4.06043,3.47759,-5.74957,fluid
880,9.56462,7.67985,,1000.31,-51.8708,7396.63,,-0.349532,-0.0246473,0.3504,,2.67676,3.89035,3.44985,-5.91965,fluid
881,9.23857,8.08648,,1000.3,-56.9135,7114.56,,-0.407202,0.201407,0.454289,,2.45966,3.29407,3.22952,-6.51593,fluid
882,8.91391,8.40529,,1000.29,-62.9536,6844.03,,-0.446977,0.513874,0.681069,,1.51344,2.94832,2.28101,-6.86168,fluid
883,9.44262,8.03822,,1000.3,-56.365,6962.72,,-0.496191,-0.0554293,0.499278,,2.99656,3.69403,3.73371,-6.11597,fluid
884,10.1853,6.98505,,1000.35,-38.0308,8205.43,,-0.265313,-0.410264,0.488577,,2.70768,4.58911,3.51301,-5.22089,fluid
885,9.92199,7.59165,,1000.31,-13.5982,7299.84,,-0.21409,-0.463626,0.510669,,2.96177,4.10512,3.69727,-5.70488,fluid
886,9.72433,8.09275,,1000.27,-32.5175,6423.94,,-0.413124,-0.223042,0.469488,,2.93418,3.55955,3.5946,-6.25045,fluid
887,9.49316,8.38498,,1000.27,-40.6002,6297.91,,-0.5079,0.0790872,0.514021,,3.04827,3.38307,3.7115,-6.42693,fluid
888,9.22009,8.59788,,1000.26,-54.0658,6197.57,,-0.569436,0.207736,0.606145,,2.95962,3.59937,3.63162,-6.21063,fluid
889,9.06036,9.06518,,1000.23,-70.895,5332.76,,-0.691461,0.182628,0.715172,,2.78577,3.34446,3.37421,-6.46554,fluid
890,8.25837,10.2346,,1000.19,-129.249,4462.25,,-1.09979,0.478062,1.1992,,1.9882,2.41166,2.52843,-7.39834,fluid
891,7.54073,11.1684,,1000.23,-197.852,5444.9,,-1.63967,1.34549,2.12106,,2.66762,2.37208,3.38952,-7.43792,fluid
892,7.09637,12.3539,,1000.28,-128.903,6572.05,,-1.20522,3.28291,3.49715,,2.68281,0.886761,3.60867,-8.92324,fluid
893,6.95974,12.3951,,1000.27,-136.653,6254.32,,-1.15574,3.15205,3.35726,,2.29893,1.05374,3.19734,-8.75626,fluid
894,6.29616,13.0203,,1000.23,-211.873,5376.96,,-1.30104,3.75307,3.97218,,1.3113,2.12561,2.16511,-7.68439,fluid
895,2.94697,17.2627,,999.515,-796.093,-11402.8,,-1.88188,6.72653,6.98482,,-1.31257,9.93005,-5.18379,0.120054,fluid
896,5.57607,14.2308,,999.828,-554.614,-4040.33,,-2.25121,5.14948,5.62006,,6.307,5.6294,5.5823,-4.1806,fluid
897,6.84259,12.4667,,1000.24,-152.698,5672.01,,-1.10127,3.17259,3.35829,,1.83588,1.20834,2.66461,-8.60166,fluid
898,6.78968,12.1078,,1000.21,-111.381,4991.45,,-0.61819,2.59142,2.66413,,0.415605,0.0520974,1.1506,-9.7579,fluid
899,4.81119,16.9241,,999.73,-342.906,-6358.54,,-1.29893,8.79614,8.89153,,0.390487,-9.22648,-0.931484,-19.0365,fluid
900,2.64905,17.6668,,1000.02,607.633,377.915,,1.24975,9.33934,9.42259,,-7.38104,-1.88223,-7.23838,-11.6922,fluid
901,5.92085,13.4105,,1000.18,-243.141,4264.66,,-1.43988,4.33875,4.57143,,1.81909,3.29785,2.53924,-6.51215,fluid
902,6.29601,12.2971,,1000.33,-1.402,7731.16,,-0.477425,2.75232,2.79342,,-0.772293,-0.0143815,0.455249,-9.82438,fluid
903,3.28119,19.0364,,999.858,-652.438,-3350.17,,-1.86019,7.94902,8.16378,,-4.43075,2.87452,-5.45192,-6.93548,fluid
904,6.85411,0.560113,,1003.28,96.1401,77988.8,,0.621962,-0.146775,0.639046,,-8.63147,17.4818,2.70974,7.67184,fluid
905,5.65871,6.12256,,1000.81,-354.891,18999,,-1.376,0.675269,1.53276,,-2.14476,8.49207,1.21002,-1.31793,fluid
906,10.5637,0.488885,,1002.44,134.425,57793.5,,1.01607,-0.0791856,1.01915,,-2.82889,10.7194,2.62878,0.909371,fluid
907,10.7514,0.496225,,1002.32,136.299,54993.8,,1.32605,-0.0782564,1.32836,,0.0406536,10.3808,5.14387,0.5708,fluid
908,9.66173,6.12741,,1000.57,-91.3965,13328.2,,-0.932629,-0.263317,0.969089,,0.717988,4.57531,2.09669,-5.23469,fluid
909,8.70775,5.74153,,1000.77,-158.789,18079.5,,-1.24728,0.331831,1.29066,,0.511158,5.22318,2.58582,-4.58682,fluid
910,7.39941,4.18872,,1001.41,-351.172,33432.4,,-2.6105,0.709812,2.70528,,-3.78129,8.97289,0.730589,-0.837108,fluid
911,9.99094,5.9106,,1000.55,-104.888,12884.5,,-0.939071,-0.231301,0.967137,,0.471269,4.78961,1.76018,-5.02039,fluid
912,10.4756,6.46711,,1000.42,-33.7365,9975.06,,-0.283418,-0.283781,0.40107,,2.81332,5.04137,3.76514,-4.76863,fluid
913,9.38297,6.48394,,1000.58,-33.384,13656.5,,-0.558387,-0.0395038,0.559783,,0.353039,4.27582,1.80766,-5.53418,fluid
914,8.53576,7.27516,,1000.58,-31.4719,13661.9,,-0.159611,0.875173,0.889609,,0.478832,3.31363,2.07845,-6.49637,fluid
915,7.30117,6.9869,,1000.78,-47.1166,18375.3,,-0.245724,1.61283,1.63145,,-2.43351,3.06709,0.0813027,-6.74291,fluid
916,9.48275,6.84071,,1000.49,-27.1326,11568.9,,-0.41877,-0.133943,0.439669,,0.808754,3.83867,2.02815,-5.97133,fluid
917,9.32427,7.4227,,1000.39,-12.7871,9302.84,,-0.0415397,0.0652,0.0773084,,1.06729,3.20241,2.0646,-6.60759,fluid
918,6.7528,6.57386,,1000.91,-100.726,21428.6,,-0.628921,0.976278,1.16132,,-1.29456,4.94424,1.87585,-4.86576,fluid
919,7.07605,7.20788,,1000.7,-64.829,16587.2,,-0.227048,1.46751,1.48497,,-1.55436,2.94797,0.788125,-6.86203,fluid
920,7.24068,7.71146,,1000.61,-73.0006,14454,,-0.37769,1.29071,1.34484,,-1.36825,2.83957,0.626741,-6.97043,fluid
921,8.19958,7.30296,,1000.63,-39.308,14805.2,,-0.138525,0.990498,1.00014,,0.744485,3.49094,2.54896,-6.31906,fluid
922,9.7043,6.46474,,1000.5,-72.3315,11680.1,,-0.720773,-0.220881,0.753858,,1.00247,4.11352,2.20548,-5.69648,fluid
923,10.5943,8.10134,,1000.13,-47.6707,2958.26,,-0.334358,-0.899773,0.959889,,2.94439,3.37124,3.22359,-6.43876,fluid
924,9.71555,5.87405,,1000.6,-114.709,14218.8,,-1.14436,-0.31976,1.1882,,0.601088,4.85283,2.06372,-4.95717,fluid
925,8.15885,4.97422,,1001.01,-254.702,23865,,-2.06128,0.728497,2.18623,,0.0551162,7.72018,2.97721,-2.08982,fluid
926,8.3448,5.30543,,1000.92,-204.848,21651,,-1.73107,0.519663,1.80739,,0.0376677,6.68788,2.62983,-3.12212,fluid
927,8.76114,5.3827,,1000.84,-200.231,19710.5,,-1.74325,0.247285,1.7607,,0.475824,6.34283,2.72371,-3.46717,fluid
928,8.24286,4.57629,,1001.1,-265.457,26097.8,,-2.37046,0.224721,2.38109,,0.345377,8.16862,3.50799,-1.64138,fluid
929,8.61869,4.86026,,1000.97,-259.981,22924.8,,-2.36041,0.397608,2.39367,,0.27109,6.89997,2.92841,-2.91003,fluid
930,9.09136,5.00167,,1000.85,-218.264,20158.2,,-1.93874,0.0615962,1.93972,,0.533625,6.68945,2.74902,-3.12055,fluid
931,9.36908,5.334,,1000.77,-163.31,18222,,-1.65199,-0.107003,1.65545,,0.480221,5.71658,2.42362,-4.09342,fluid
932,8.79461,5.08415,,1000.89,-225.565,21069.1,,-2.02598,0.180218,2.03397,,0.483479,6.67163,2.87702,-3.13837,fluid
933,9.62894,5.51947,,1000.68,-139.433,16069.8,,-1.31743,-0.0539407,1.31854,,0.876474,5.45911,2.54425,-4.35089,fluid
934,10.5665,6.17052,,1000.49,-23.9358,11471.1,,-0.359371,-0.334407,0.490893,,2.22296,5.76936,3.30804,-4.04064,fluid
935,10.9064,6.65793,,1000.39,22.5189,9162.81,,-0.0656207,-0.641702,0.645048,,3.3014,4.80309,4.14121,-5.00691,fluid
936,10.5646,6.70929,,1000.39,-3.98823,9150.3,,-0.0622959,-0.563731,0.567162,,3.27977,5.12618,4.14556,-4.68382,fluid
937,10.3881,6.88789,,1000.36,-18.6579,8456.18,,-0.129596,-0.498952,0.515508,,2.94785,4.77867,3.76159,-5.03133,fluid
938,10.1586,7.76819,,1000.28,36.5763,6669.54,,0.0501616,-0.67811,0.679963,,2.32082,3.2814,2.97718,-6.5286,fluid
939,9.47578,8.70051,,1000.23,-24.7799,5455.79,,-0.351824,-0.156126,0.38491,,2.81578,3.42495,3.39141,-6.38505,fluid
940,8.62197,9.89446,,1000.19,-92.5446,4516.68,,-0.852299,0.327648,0.913109,,2.06901,2.79217,2.59277,-7.01783,fluid
941,7.28625,11.8088,,1000.23,-202.187,5475.79,,-1.58129,2.23607,2.7387,,2.85163,0.124388,3.60298,-9.68561,fluid
942,7.24987,11.7137,,1000.22,-217.476,5278.69,,-1.66084,2.00602,2.60433,,2.66843,0.134601,3.39637,-9.6754,fluid
943,7.27052,11.0367,,1000.23,-165.986,5488.76,,-1.32538,1.37187,1.90753,,1.0485,1.83015,1.80326,-7.97985,fluid
944,5.15861,15.3572,,998.68,-833.146,-30950.5,,-2.73109,6.93459,7.45301,,34.8198,18.1252,28.812,8.31519,fluid
945,4.70871,17.2274,,999.759,-380.29,-5677.3,,-1.42797,7.89908,8.02712,,-0.570568,-6.26044,-1.77656,-16.0704,fluid
946,4.71197,16.3924,,999.808,-225.427,-4510.63,,-1.56706,8.43707,8.58137,,24.7763,7.86929,23.8188,-1.94071,fluid
947,3.6127,17.2983,,999.834,-697.203,-3908.51,,-2.24898,6.44856,6.82948,,0.140451,1.07963,-0.941607,-8.73037,fluid
948,5.96077,13.5821,,1000.21,-230.861,5014.01,,-1.69205,4.7416,5.03446,,2.03006,4.15017,2.87105,-5.65983,fluid
949,5.6067,13.8803,,999.938,-377.257,-1466.36,,-1.40751,5.27131,5.45599,,5.64803,4.17135,5.38648,-5.63865,fluid
950,4.56578,16.7464,,1000.02,-132.147,521.88,,-1.20048,7.91621,8.00672,,9.37373,0.667954,9.48803,-9.14205,fluid
951,4.11476,22.7433,,999.808,99.5452,-4508.53,,0.259394,11.9109,11.9137,,-2.01103,-5.11967,-3.10693,-14.9297,fluid
952,5.93097,6.99594,,1000.55,-273.392,13051.8,,-1.11361,0.158344,1.12481,,-7.79892,3.13865,-5.59951,-6.67135,fluid
953,5.29503,2.21314,,1003.06,-453.498,72783,,-2.09392,-0.616826,2.18288,,-9.27299,3.76151,4.43057,-6.04849,fluid
954,6.31599,5.30833,,1001.39,-249.882,32893.7,,-1.62501,1.69465,2.34787,,-4.30761,6.72428,0.893165,-3.08572,fluid
955,6.4648,5.8405,,1001.14,-184.997,26862,,-1.0979,0.884946,1.41014,,-3.44099,6.3317,0.709405,-3.4783,fluid
956,8.27117,6.49474,,1000.79,-63.5102,18661.3,,-0.641711,0.725104,0.968281,,0.209013,5.38826,2.46342,-4.42174,fluid
957,8.48105,6.0154,,1000.78,-120.017,18317.9,,-0.92359,0.682752,1.14855,,0.428817,5.11992,2.587,-4.69008,fluid
958,7.41867,5.64082,,1001.09,-181.92,25726.1,,-1.29026,1.29715,1.82959,,-1.94936,6.39506,1.51461,-3.41494,fluid
959,8.6653,6.87269,,1000.61,-59.4227,14415.2,,-0.325673,0.619697,0.700062,,0.464094,4.31815,2.12663,-5.49185,fluid
960,6.83026,1.5239,,1003.88,-18.126,92408.7,,-0.493964,-0.495941,0.69997,,-11.7993,5.71442,1.6777,-4.09558,fluid
961,7.99357,8.16555,,1000.49,-55.727,11653.8,,-0.485867,1.01169,1.12231,,0.624139,2.75746,2.08131,-7.05254,fluid
962,6.83592,6.18885,,1001.08,-113.364,25458.3,,-0.859972,1.36583,1.61401,,-3.4431,5.38254,0.277079,-4.42746,fluid
963,9.21798,5.79979,,1000.69,-118.59,16393.3,,-1.10168,0.124409,1.10868,,0.611713,5.38325,2.38888,-4.42675,fluid
964,9.21632,5.5705,,1000.74,-147.928,17349,,-1.35871,0.0153998,1.3588,,0.368774,5.55057,2.24982,-4.25943,fluid
965,8.1802,6.82801,,1000.73,-56.5109,17324.9,,-0.409143,0.909956,0.997707,,0.452411,4.65814,2.56876,-5.15186,fluid
966,8.78411,6.14554,,1000.69,-103.209,16344.3,,-0.741276,0.48865,0.887845,,0.80287,5.17844,2.66225,-4.63156,fluid
967,8.18844,5.47133,,1000.91,-198.359,21380.5,,-1.55457,0.807949,1.75199,,-0.426661,6.78948,2.18203,-3.02052,fluid
968,7.81521,5.43208,,1000.97,-205.16,22835.8,,-1.30983,1.05889,1.68431,,-1.422,7.19249,1.49715,-2.61751,fluid
969,8.763,2.09503,,1002.03,-336.009,48040,,-2.36363,-0.187299,2.37104,,-4.91866,7.14862,0.552387,-2.66138,fluid
970,8.4119,2.42413,,1001.91,-327.099,45284.3,,-2.51311,0.18571,2.51996,,-0.907849,6.49975,4.46523,-3.31025,fluid
971,8.18499,2.3668,,1002.12,-305.227,50115.8,,-2.66906,0.177395,2.67495,,-3.44261,5.76791,2.66735,-4.04209,fluid
972,7.42649,2.8994,,1002.05,-380.354,48552.8,,-2.79465,0.0270099,2.79478,,-6.40795,8.12489,0.116461,-1.68511,fluid
973,7.2721,4.43688,,1001.39,-318.193,32797.1,,-2.27552,1.19336,2.56945,,-5.08629,9.82607,-0.582544,0.016072,fluid
974,7.04028,3.78499,,1001.76,-404.702,41629.1,,-2.98528,0.568386,3.03891,,-6.30484,9.25446,-0.402235,-0.555544,fluid
975,7.88241,3.49924,,1001.48,-410.595,34920.8,,-3.03266,0.325256,3.05005,,-2.02294,11.0263,2.40074,1.21629,fluid
976,7.49548,4.81566,,1001.23,-326.633,29001.1,,-2.48703,0.950339,2.66242,,-2.40971,9.64861,1.45469,-0.161392,fluid
977,7.4307,3.7196,,1001.57,-417.136,37073.7,,-3.12282,0.621574,3.18408,,-3.75526,9.18617,1.22619,-0.62383,fluid
978,8.27455,3.53583,,1001.39,-350.892,32939.7,,-2.85029,0.27582,2.86361,,-0.323259,10.7049,3.65204,0.894924,fluid
979,8.67958,4.12989,,1001.1,-340.996,26024.7,,-2.89542,0.115392,2.89772,,-0.242935,8.60474,2.75214,-1.20526,fluid
980,8.09631,3.89189,,1001.28,-364.885,30306.7,,-2.86683,0.440585,2.90049,,-0.29055,9.61435,3.44793,-0.195653,fluid
981,7.88051,4.44699,,1001.19,-294.043,28126.8,,-2.30909,0.681311,2.40751,,-0.0866177,8.74237,3.4783,-1.06763,fluid
982,7.81183,4.87369,,1001.09,-291.762,25734.6,,-2.09939,0.954991,2.30639,,-0.443865,8.95489,2.84686,-0.855109,fluid
983,7.71589,4.0683,,1001.33,-347.809,31486.6,,-2.65622,0.566987,2.71606,,-0.873261,8.73017,3.20206,-1.07983,fluid
984,8.26606,4.12494,,1001.2,-328.567,28342.9,,-2.81338,0.226711,2.8225,,0.489146,9.20574,3.91387,-0.604258,fluid
985,8.60556,4.51392,,1001.03,-296.615,24238.4,,-2.54818,0.368961,2.57475,,0.421273,7.68174,3.23498,-2.12826,fluid
986,10.19,5.59908,,1000.61,-112.378,14296.5,,-1.16805,-0.183473,1.18237,,-0.119412,5.39652,1.28273,-4.41348,fluid
987,10.8121,6.30243,,1000.45,-7.97066,10652.8,,-0.271411,-0.262565,0.37763,,3.31317,5.9915,4.29799,-3.8185,fluid
988,10.8034,7.08709,,1000.34,43.0207,7928.11,,0.011358,-0.760751,0.760836,,2.52467,3.59542,3.25828,-6.21458,fluid
989,10.1774,8.14507,,1000.22,32.7669,5086.92,,0.116,-0.49618,0.509559,,1.59982,2.49592,2.09954,-7.31408,fluid
990,9.00494,9.65073,,1000.18,-44.3716,4274.77,,-0.474737,0.116685,0.488867,,2.08434,2.32698,2.55897,-7.48302,fluid
991,9.12512,9.3265,,1000.2,-54.051,4626.2,,-0.538373,0.170071,0.564597,,2.50621,2.82962,3.01308,-6.98038,fluid
992,7.96063,10.6456,,1000.2,-153.349,4734.7,,-1.24125,0.813267,1.48395,,2.11932,1.85951,2.71397,-7.95049,fluid
993,6.35733,13.6196,,1000.33,-232.109,7753,,-1.86401,4.7204,5.07511,,1.54133,4.63465,2.76047,-5.17535,fluid
994,6.53527,12.9079,,1000.21,-217.4,4856.86,,-1.28548,3.32729,3.56698,,1.44453,1.85692,2.18756,-7.95308,fluid
995,5.71967,14.3877,,999.991,-373.189,-205.771,,-2.35038,5.04765,5.56804,,2.87376,6.29578,2.83778,-3.51422,fluid
996,4.53949,17.2873,,999.733,-472.677,-6278.84,,-1.52298,8.40681,8.54365,,0.662403,-6.03374,-0.721126,-15.8437,fluid
997,2.51633,19.3245,,999.931,-1052.24,-1623.55,,-2.81989,11.6163,11.9536,,5.84756,3.11017,5.20231,-6.69983,fluid
998,3.12599,19.3957,,999.815,-444.931,-4356.23,,-1.4134,10.0569,10.1557,,-3.57946,2.52735,-4.97327,-7.28265,fluid
999,4.55401,22.5129,,999.763,81.0357,-5587.61,,0.361429,10.2958,10.3021,,-4.89571,0.527766,-6.12296,-9.28223,fluid
1000,5.23085,1.60801,,1003.43,-193.251,81497.8,,-1.25201,-0.762697,1.46602,,-9.17722,13.2433,6.34978,3.43329,fluid
1001,9.67395,7.10309,,1000.39,-48.2631,9197.21,,-0.407969,-0.149815,0.434607,,1.74136,3.85587,2.69171,-5.95413,fluid
1002,12.9439,0.468934,,1001.43,93.5515,33697.4,,1.48998,-0.0376678,1.49046,,0.92409,8.02996,3.52372,-1.78004,fluid
1003,13.7395,0.672841,,1001.29,190.677,30440.1,,1.29115,-0.053751,1.29226,,0.194094,8.20812,2.40677,-1.60188,fluid
1004,12.2296,0.610039,,1001.72,168.603,40607.1,,1.28778,-0.0743103,1.28992,,1.02851,9.08148,4.34321,-0.728516,fluid
1005,8.1793,6.05444,,1000.86,-101.083,20350.5,,-0.931836,1.04047,1.39675,,-0.358443,5.27986,2.12747,-4.53014,fluid
1006,6.52408,2.98234,,1002.56,-434.562,60679.2,,-2.58554,-0.176108,2.59153,,-12.2078,9.87275,-2.93077,0.0627548,fluid
1007,8.38745,0.997874,,1003.42,66.4686,81384.1,,0.0456366,-0.365244,0.368084,,-6.22382,15.765,3.44618,5.95499,fluid
1008,9.62544,0.869147,,1002.63,109.888,62408.8,,0.971313,-0.252017,1.00347,,-2.07063,12.1356,4.3961,2.32561,fluid
1009,7.40769,1.40382,,1003.66,5.32007,87055.8,,-0.164375,-0.574186,0.597251,,-10.4452,8.46484,1.26408,-1.34516,fluid
1010,7.95764,1.05261,,1003.53,82.6886,83938.5,,0.616541,-0.38545,0.727114,,-6.67964,13.4023,3.83144,3.59225,fluid
1011,6.33026,2.14333,,1003.61,-271.466,86034.1,,-1.71244,-0.405974,1.75991,,-12.6203,5.23134,0.921673,-4.57866,fluid
1012,5.69318,2.59771,,1003,-411.77,71231.6,,-2.03366,-0.901421,2.22449,,-7.85472,7.6945,4.61962,-2.1155,fluid
1013,6.2755,2.6983,,1003.01,-402.907,71503.3,,-2.60484,-0.59621,2.6722,,-15.5995,8.85581,-4.23963,-0.954189,fluid
1014,7.22139,5.88675,,1001.11,-146.156,26303.1,,-1.09606,1.45577,1.82225,,-3.1606,6.48647,0.477732,-3.32353,fluid
1015,7.87511,2.4094,,1002.28,-242.314,54012,,-2.33669,0.202418,2.34545,,-6.55988,6.34086,0.283109,-3.46914,fluid
1016,9.0058,1.86458,,1002.24,-122.578,53179.9,,-0.987707,-0.771482,1.2533,,-1.13942,0.962165,4.75244,-8.84783,fluid
1017,6.74084,3.35288,,1002.18,-431.074,51588.6,,-2.93505,0.731174,3.02475,,-10.2152,10.1838,-2.57865,0.373808,fluid
1018,6.48148,3.76128,,1002.08,-482.03,49207.3,,-2.97785,0.537657,3.026,,-11.3136,10.1168,-3.73731,0.306806,fluid
1019,6.9166,4.69035,,1001.45,-284.862,34315.8,,-1.85639,1.05635,2.1359,,-7.3652,9.37697,-2.41102,-0.433026,fluid
1020,6.78214,4.10564,,1001.72,-375.791,40630.3,,-2.35264,0.505036,2.40624,,-8.69817,12.1776,-2.71766,2.36758,fluid
1021,7.36551,5.16648,,1001.18,-288.92,27928.2,,-2.04396,1.20123,2.37081,,-3.20767,9.01734,0.579608,-0.792664,fluid
1022,7.08734,3.08737,,1002.12,-428.117,50161.8,,-3.04243,0.29348,3.05656,,-8.69849,8.9171,-1.63578,-0.892901,fluid
1023,9.16256,2.03557,,1002,-182.279,47482,,-1.55819,-0.853219,1.7765,,0.653439,3.17916,5.82525,-6.63084,fluid
1024,10.6992,1.22881,,1001.98,66.0709,46952.2,,0.515076,-0.537935,0.744766,,1.99041,9.78238,6.37012,-0.0276228,fluid
1025,9.43313,2.18205,,1001.82,-207.259,43171.4,,-2.03104,-0.919776,2.2296,,2.97009,5.40329,7.53832,-4.40671,fluid
1026,9.19078,2.24353,,1001.84,-242.509,43512.8,,-2.27779,-0.42663,2.3174,,-0.830385,8.72347,3.89533,-1.08653,fluid
1027,8.51009,2.7148,,1001.76,-305.772,41549.9,,-2.87341,0.250142,2.88428,,-0.793037,8.7735,4.08083,-1.0365,fluid
1028,7.86883,2.99797,,1001.79,-358.558,42317.3,,-2.83324,-0.230301,2.84258,,-2.858,8.28969,2.51025,-1.52031,fluid
1029,7.53456,3.28681,,1001.73,-423.633,40954.2,,-3.14218,0.629446,3.2046,,-5.05541,10.808,0.37071,0.997989,fluid
1030,8.15176,3.1015,,1001.67,-311.347,39423.3,,-2.76024,-0.0284868,2.76039,,-1.16104,9.29232,3.66708,-0.517681,fluid
1031,8.70808,3.59335,,1001.32,-310.145,31128.5,,-2.88492,0.0428463,2.88524,,0.20372,10.1384,3.77369,0.32839,fluid
1032,8.54477,3.33086,,1001.46,-294.563,34454.3,,-2.71717,-0.19947,2.72448,,0.0890613,9.96962,4.11541,0.159619,fluid
1033,9.18246,4.00314,,1001.05,-286.055,24861,,-2.47245,-0.0258513,2.47259,,0.192291,8.21743,2.89689,-1.59257,fluid
1034,8.90718,4.11619,,1001.04,-321.836,24642,,-2.58971,0.106142,2.59189,,0.194619,8.68656,2.95827,-1.12344,fluid
1035,9.03886,4.59491,,1000.93,-270.831,21991.2,,-2.36153,-0.0670952,2.36248,,0.133081,7.25309,2.56378,-2.55691,fluid
1036,10.1888,5.36188,,1000.65,-142.069,15222.9,,-1.39243,-0.179607,1.40397,,-0.491067,5.69408,1.00206,-4.11592,fluid
1037,10.4143,5.87913,,1000.55,-51.0438,12897.9,,-0.645371,-0.209053,0.678386,,0.836923,5.61129,2.07472,-4.19871,fluid
1038,11.332,7.09417,,1000.16,-16.2311,3882.09,,0.197129,-1.18392,1.20022,,3.02246,3.47904,3.36498,-6.33096,fluid
1039,10.819,7.57185,,1000.16,-36.1065,3694.77,,0.00560535,-0.934274,0.934291,,2.26529,3.53754,2.60675,-6.27246,fluid
1040,10.4851,7.29435,,1000.32,43.335,7611.83,,0.11649,-0.6581,0.66833,,2.38756,3.8903,3.11329,-5.9197,fluid
1041,10.0171,8.43338,,1000.2,23.2495,4757.26,,-0.00837447,-0.417448,0.417532,,1.40241,2.48594,1.87723,-7.32406,fluid
1042,6.13906,14.4281,,1000.17,-334.877,3898.13,,-2.1606,5.09319,5.53252,,0.029133,3.5372,0.663999,-6.2728,fluid
1043,5.88848,14.9179,,1000.07,-332.589,1551.22,,-2.64137,6.40653,6.92968,,-4.67899,9.64636,-4.41557,-0.16364,fluid
1044,3.28794,18.5218,,1000.07,-834.562,1717.3,,-3.04981,9.90851,10.3673,,-4.48086,-1.55141,-3.95859,-11.3614,fluid
1045,5.06645,15.7505,,998.53,-1003.16,-34459.1,,-3.53116,7.39277,8.19281,,36.7875,14.5388,29.976,4.72877,fluid
1046,1.63704,17.2892,,998.179,3377.1,-42642.6,,-0.840953,6.66994,6.72274,,-74.8784,-9.19424,-100.975,-19.0042,fluid
1047,3.48648,35.1006,,915.31,0,-1.55309e+06,,-1.92086,23.765,23.8425,,0,0,-486.678,-9.81,fluid
1048,7.84443,0.435775,,1003.08,119.169,73247.3,,1.15142,-0.119044,1.15756,,-7.28111,20.2873,2.02769,10.4773,fluid
1049,11.0138,0.472558,,1002.13,118.948,50352.7,,1.85926,-0.0688501,1.86053,,1.64631,8.55902,6.20842,-1.25098,fluid
1050,16.3592,0.24411,,1000.7,0.122598,16442.6,,0.293457,-0.0116968,0.29369,,3.19104,7.09912,4.19543,-2.71088,fluid
1051,13.695,0.406441,,1001.33,172.767,31417.5,,1.89834,-0.0416373,1.89879,,1.73006,8.36062,4.0211,-1.44938,fluid
1052,13.9837,0.612709,,1001.19,178.272,28234.6,,1.32368,-0.0471386,1.32452,,-0.0674182,6.77434,1.94927,-3.03566,fluid
1053,6.86488,5.44753,,1001.28,-186.435,30350,,-1.26666,2.04561,2.40603,,-4.97675,7.17767,-0.561362,-2.63233,fluid
1054,6.78961,2.36817,,1003.05,-303.243,72558.2,,-1.98394,0.01535,1.984,,-11.3892,5.50956,-0.735103,-4.30044,fluid
1055,11.8597,0.552674,,1001.8,190.972,42623.4,,2.04768,-0.0817526,2.04931,,-3.60632,8.62471,-0.018798,-1.18529,fluid
1056,13.1164,0.532512,,1001.35,87.3582,31934.4,,1.54095,-0.0392221,1.54145,,2.65592,8.1047,5.08733,-1.7053,fluid
1057,11.079,0.763207,,1002.06,130.318,48793.8,,1.23947,-0.144095,1.24782,,0.162728,11.1607,4.55784,1.35073,fluid
1058,11.9853,0.608492,,1001.76,195.391,41591.4,,1.9593,-0.07997,1.96093,,-1.57872,8.54512,1.88539,-1.26488,fluid
1059,9.12043,6.88034,,1000.57,4.15208,13332.8,,-0.178989,0.248853,0.306537,,0.206283,3.66203,1.66732,-6.14797,fluid
1060,7.26079,6.33715,,1000.93,-113.572,21970.5,,-0.474996,1.76588,1.82865,,-2.33494,6.32832,0.688167,-3.48168,fluid
1061,6.71443,4.93251,,1001.45,-321.648,34217.9,,-1.99394,1.12206,2.28797,,-7.52944,9.56198,-2.44063,-0.248024,fluid
1062,6.26052,4.32151,,1001.91,-417.572,45294.3,,-2.64693,1.36426,2.97783,,-6.90336,9.70841,0.317742,-0.101593,fluid
1063,5.92066,3.31319,,1002.65,-460.119,62978.3,,-2.91731,0.09167,2.91875,,-9.85658,8.3155,0.752309,-1.4945,fluid
1064,12.6488,0.892052,,1001.4,101.443,33004.4,,1.39065,-0.0537033,1.39169,,2.87129,6.89257,5.47693,-2.91743,fluid
1065,11.1966,1.59369,,1001.72,-62.2595,40753.3,,-0.887481,-0.0686802,0.890134,,3.89365,8.57253,7.52718,-1.23747,fluid
1066,10.0521,1.32745,,1002.03,-66.8875,48144.2,,-0.096122,-0.425791,0.436506,,-1.33798,7.00478,3.44176,-2.80522,fluid
1067,9.76275,1.24165,,1002.34,-10.4422,55489,,-0.140322,-0.34395,0.371472,,-3.58159,7.64719,2.08888,-2.16281,fluid
1068,7.59179,2.14353,,1002.62,-325.198,62220.4,,-2.12183,-0.526622,2.18621,,-7.43448,2.38727,0.739833,-7.42273,fluid
1069,10.1372,1.12071,,1002.14,39.7971,50709.2,,0.760996,-0.348173,0.836863,,-0.358826,5.32159,4.63279,-4.48841,fluid
1070,8.15801,1.95601,,1002.51,-324.438,59429.7,,-2.39704,-0.335697,2.42043,,-3.57935,2.48632,3.68726,-7.32368,fluid
1071,11.4715,1.3775,,1001.66,-29.2244,39231.9,,-0.146775,-0.387468,0.414336,,4.10665,7.99977,7.52093,-1.81023,fluid
1072,12.4156,1.17602,,1001.33,19.2092,31486.3,,0.747756,-0.123989,0.757966,,3.50041,8.21756,6.03306,-1.59244,fluid
1073,10.5633,1.55766,,1001.79,-103.756,42410.1,,-0.836821,-0.957783,1.27186,,1.90543,9.62989,5.9131,-0.180114,fluid
1074,10.5219,1.24417,,1001.98,42.4169,46808.3,,0.544765,-0.526174,0.757382,,-0.16356,8.01119,4.27633,-1.79881,fluid
1075,9.98081,1.73567,,1001.86,-177.512,43972.3,,-1.52158,0.209983,1.536,,-2.72122,7.70426,1.67629,-2.10574,fluid
1076,10.1982,1.93593,,1001.64,-223.332,38706.3,,-1.55501,0.0519148,1.55588,,1.30948,9.80088,5.0987,-0.00911812,fluid
1077,9.88765,1.98662,,1001.86,-155.26,44141.7,,-2.24964,0.254364,2.26397,,-0.776113,6.97092,3.67991,-2.83908,fluid
1078,9.44565,2.54405,,1001.58,-268.955,37402.8,,-2.48526,-0.311683,2.50473,,1.22551,10.8716,5.17905,1.06159,fluid
1079,9.04924,3.59083,,1001.24,-283.485,29268.7,,-2.63903,-0.215561,2.64782,,0.768117,9.22681,3.9985,-0.583189,fluid
1080,9.05886,2.80068,,1001.45,-360.618,34399.9,,-2.73541,-0.217941,2.74408,,0.156203,9.48365,3.94806,-0.326354,fluid
1081,8.72387,2.91893,,1001.58,-309.079,37419.8,,-2.91925,0.14951,2.92308,,0.229052,9.65972,4.51164,-0.150275,fluid
1082,9.51122,4.09319,,1001.02,-256.096,24045.5,,-2.59694,-0.130909,2.60024,,0.0257039,7.80603,2.55126,-2.00397,fluid
1083,9.51404,4.48697,,1000.9,-244.122,21341.1,,-2.34961,-0.0159706,2.34966,,0.0505508,7.20925,2.29164,-2.60075,fluid
1084,9.39266,4.75556,,1000.86,-229.478,20340.3,,-2.15305,0.161478,2.1591,,0.262442,7.02207,2.42612,-2.78793,fluid
1085,11.0704,5.86755,,1000.46,-75.8346,10789.9,,-0.697138,-0.142842,0.711622,,2.43515,7.29092,3.40937,-2.51908,fluid
1086,9.66648,5.16439,,1000.76,-166.174,17986.6,,-1.73063,-0.113662,1.73436,,0.325187,6.10911,2.18449,-3.70089,fluid
1087,11.7185,6.31643,,1000.25,82.8055,5978.19,,0.855947,-0.278154,0.900009,,4.46669,4.57354,4.97671,-5.23646,fluid
1088,11.4768,6.55074,,1000.29,75.2757,6847.02,,0.438521,-0.500325,0.665301,,2.95791,3.74266,3.55433,-6.06734,fluid
1089,11.5766,6.74809,,1000.16,29.7314,3729.96,,0.758156,-0.687787,1.02365,,3.79594,3.22543,4.11809,-6.58457,fluid
1090,10.3019,8.72787,,1000.09,-60.216,2060.89,,-0.521141,-0.830784,0.980709,,2.53511,3.01041,2.73514,-6.79959,fluid
1091,9.96422,9.13173,,1000.07,-84.9929,1689.9,,-0.6096,-0.390918,0.724175,,2.35906,2.53892,2.52864,-7.27108,fluid
1092,8.39015,10.3834,,1000.17,-135.319,3966.41,,-1.09267,0.501399,1.20222,,2.03227,2.07529,2.50494,-7.73471,fluid
1093,4.1341,17.8716,,1000.13,-471.746,2979.17,,-1.81452,8.04408,8.24619,,0.973992,-1.55652,1.69454,-11.3665,fluid
1094,2.84634,20.1258,,999.097,475.15,-21192.4,,1.56882,9.54041,9.66854,,2.92551,-2.87837,-4.5267,-12.6884,fluid
1095,3.63369,12.1355,,1001.54,581.981,36495.5,,2.29127,6.74541,7.12394,,-1.40178,4.83865,8.62639,-4.97135,fluid
1096,6.51283,1.11172,,1003.7,51.2023,88066.2,,0.439813,-0.476462,0.648423,,-9.79294,16.0295,3.67917,6.21951,fluid
1097,14.4729,0.481148,,1000.97,161.89,22900,,2.06425,-0.0270337,2.06443,,-1.19844,3.20443,0.382294,-6.60557,fluid
1098,17.5061,0.175801,,1000.6,-42.1309,14154.1,,-0.280884,0.0153755,0.281305,,-1.9214,9.60664,-1.11337,-0.203363,fluid
1099,18.9389,0.293059,,1000.64,-49.3736,15165.7,,-0.757847,0.205249,0.785149,,-1.6267,4.33153,-0.826443,-5.47847,fluid
1100,16.5632,0.363493,,1000.67,13.1596,15877.1,,-0.122518,-0.00376004,0.122576,,5.58142,6.99113,6.53935,-2.81887,fluid
1101,7.12165,1.8933,,1003.33,-275.812,79274.7,,-1.86197,-0.841793,2.04342,,-10.439,5.40095,0.655571,-4.40905,fluid
1102,11.2831,1.04733,,1001.87,42.6292,44280.3,,0.399355,-0.232854,0.462282,,2.44755,9.41853,6.3647,-0.391468,fluid
1103,15.8701,0.404643,,1000.8,77.7675,18769.7,,0.547415,-0.0158101,0.547643,,-0.234882,7.3142,0.946884,-2.4958,fluid
1104,15.0056,0.468803,,1000.83,85.1409,19554.3,,1.2391,-0.0285657,1.23943,,3.1486,4.89393,4.45065,-4.91607,fluid
1105,8.77824,6.54937,,1000.64,-61,15081.6,,-0.369156,0.528928,0.645012,,0.615251,4.67094,2.33222,-5.13906,fluid
1106,7.86172,5.98206,,1000.92,-98.4704,21778.9,,-0.742861,1.20439,1.41506,,-1.80627,5.53381,0.961426,-4.27619,fluid
1107,9.2003,6.1773,,1000.65,-59.6649,15225.4,,-0.64152,0.0524569,0.643661,,0.504362,4.98479,2.15818,-4.82521,fluid
1108,7.67429,6.50056,,1000.87,-40.1415,20642.9,,-0.280437,1.26489,1.2956,,-1.99803,5.1819,0.689504,-4.6281,fluid
1109,12.9602,1.42409,,1001.18,-107.118,27892.4,,-1.30407,0.220231,1.32254,,2.88004,7.36297,5.02966,-2.44703,fluid
1110,12.4303,1.47378,,1001.29,-38.6902,30372.7,,-0.228897,-0.242291,0.333315,,4.04817,6.92329,6.48847,-2.88671,fluid
1111,10.7801,1.68759,,1001.76,-95.2045,41741.7,,-1.29599,-0.725898,1.48544,,4.69111,10.9942,8.55641,1.18423,fluid
1112,12.004,1.42806,,1001.41,-67.5069,33345.7,,-0.492071,-0.53949,0.730194,,2.97007,9.26506,5.74405,-0.544941,fluid
1113,13.5561,1.26323,,1001.11,31.4215,26271.3,,-0.167747,0.0933596,0.191976,,2.93837,5.0116,4.87418,-4.7984,fluid
1114,11.1543,1.25042,,1001.93,24.526,45799.8,,-0.649389,-0.362324,0.743629,,3.57426,8.97564,7.67237,-0.834361,fluid
1115,13.2963,0.903595,,1001.28,160.51,30190.3,,1.68468,-0.0788896,1.68653,,0.693244,7.93117,2.96092,-1.87883,fluid
1116,7.29442,2.49663,,1002.52,-294.877,59850.7,,-2.26638,0.218929,2.27693,,-9.81142,5.97293,-1.62707,-3.83707,fluid
1117,12.9526,1.0474,,1001.3,97.8212,30716.8,,1.0409,-0.0807204,1.04402,,0.576395,7.83821,2.9448,-1.97179,fluid
1118,12.5735,1.62739,,1001.31,-81.6979,30856,,-1.59724,0.349636,1.63506,,5.43015,7.11117,7.881,-2.69883,fluid
1119,11.7226,1.71661,,1001.49,-117.65,35324.3,,-1.44939,-0.345812,1.49007,,2.64682,7.57811,5.65567,-2.23189,fluid
1120,10.1729,2.93272,,1001.34,-256.164,31633.1,,-2.46369,-0.132298,2.46724,,2.60665,8.7337,5.71203,-1.0763,fluid
1121,10.1911,2.3628,,1001.58,-197.408,37390.6,,-2.20155,-0.0247206,2.20169,,2.92945,9.49365,6.59261,-0.316351,fluid
1122,11.9948,1.27709,,1001.46,-35.0744,34612.7,,-0.258715,-0.280722,0.381757,,2.42359,9.26812,5.30501,-0.54188,fluid
1123,10.5343,4.11946,,1000.91,-228.948,21549.7,,-2.25206,-0.168075,2.25832,,0.98653,5.15461,3.03034,-4.65539,fluid
1124,10.871,5.28065,,1000.64,-101.816,15143.3,,-1.33194,-0.111942,1.33664,,-0.453652,6.82464,0.938447,-2.98536,fluid
1125,10.5346,5.19912,,1000.67,-132.009,15727.9,,-1.45445,-0.155558,1.46275,,-0.730547,6.11425,0.761434,-3.69575,fluid
1126,10.4999,4.90196,,1000.72,-173.934,16884.8,,-1.72406,-0.0821334,1.72601,,-0.65973,6.24232,0.947221,-3.56768,fluid
1127,9.85033,3.31068,,1001.21,-276.933,28659.3,,-2.75215,-0.0398251,2.75244,,1.1399,8.32371,4.04585,-1.48629,fluid
1128,9.46441,3.55131,,1001.19,-267.31,28226.1,,-2.72258,-0.203604,2.73018,,0.795618,8.38572,3.7744,-1.42428,fluid
1129,9.76521,2.40079,,1001.66,-195.342,39182.9,,-2.2787,-0.467681,2.32619,,3.04766,9.24814,7.05352,-0.561857,fluid
1130,9.8487,2.88981,,1001.38,-270.374,32696,,-2.67511,-0.338305,2.69642,,1.97294,8.89262,5.28817,-0.917376,fluid
1131,9.11522,3.1917,,1001.37,-298.105,32439.9,,-2.8766,0.00976539,2.87661,,0.835266,9.84903,4.38926,0.0390338,fluid
1132,9.87159,4.58232,,1000.85,-221.468,19978.4,,-2.28661,-0.104142,2.28898,,-0.0904452,6.72962,1.93167,-3.08038,fluid
1133,9.96917,5.02208,,1000.75,-182.13,17610.8,,-1.88972,-0.205884,1.9009,,-0.0892574,6.44895,1.67595,-3.36105,fluid
1134,11.4636,5.91898,,1000.34,-105.854,7977.55,,-0.524997,0.045919,0.527002,,3.51658,7.17124,4.21225,-2.63876,fluid
1135,10.681,5.62598,,1000.59,-61.3363,13921.6,,-0.913197,0.0830002,0.916961,,0.858195,6.27188,2.16082,-3.53812,fluid
1136,12.2409,6.37546,,1000.03,37.8805,728.153,,0.946044,-1.04139,1.40695,,6.85785,3.93669,6.91733,-5.87331,fluid
1137,10.9632,6.05914,,1000.46,-36.9266,10918.8,,-0.511708,-0.190781,0.546116,,2.86738,6.75879,3.86286,-3.05121,fluid
1138,11.9464,6.70617,,1000.1,74.1768,2461.44,,0.983967,-1.38523,1.69913,,5.7536,4.58149,5.95962,-5.22851,fluid
1139,11.5425,7.084,,1000.16,21.5564,3837.45,,0.310143,-1.34863,1.38383,,4.30204,4.22986,4.63445,-5.58014,fluid
1140,10.7764,8.00088,,1000.14,-41.2146,3258.22,,-0.445986,-1.15973,1.24253,,3.69171,3.84933,3.99402,-5.96067,fluid
1141,9.10038,10.0892,,1000.12,-79.9226,2911.1,,-0.739915,0.178393,0.761117,,1.40088,1.44779,1.72073,-8.36221,fluid
1142,6.94011,12.9572,,1000.17,-272.539,3973.39,,-1.69017,3.02104,3.4617,,2.17194,1.71426,2.74437,-8.09574,fluid
1143,2.82796,12.874,,1001.47,-40.4747,34687.8,,-0.196332,-0.0657083,0.207036,,12.5522,11.135,24.8003,1.325,fluid
1144,7.36113,0.981458,,1003.73,95.4738,88867.3,,0.382799,-0.338839,0.511221,,-10.8149,15.5115,1.21267,5.70154,fluid
1145,7.7265,6.9812,,1000.79,-18.3193,18547.3,,-0.243832,1.42047,1.44124,,-1.31252,3.4566,1.08606,-6.3534,fluid
1146,18.4891,0.293102,,1000.63,-45.4677,14887.4,,-0.957128,0.554503,1.10615,,-0.0382564,5.49283,0.766435,-4.31717,fluid
1147,18.5919,0.335927,,1000.63,-37.3803,14779.4,,-0.852867,0.464557,0.971182,,-0.383503,5.11728,0.410938,-4.69272,fluid
1148,17.9646,0.414352,,1000.58,-8.91163,13684,,-0.687915,0.856005,1.09817,,-0.610224,8.63931,0.151053,-1.17069,fluid
1149,11.8244,0.783247,,1001.71,89.4584,40393.3,,1.07498,-0.0770517,1.07774,,-1.41079,7.52428,1.9995,-2.28572,fluid
1150,14.3748,0.581587,,1000.92,47.8097,21638.6,,1.00647,-0.0197747,1.00667,,-0.0247422,2.28992,1.4792,-7.52008,fluid
1151,15.8597,0.407334,,1000.8,73.7298,18938.5,,0.391229,-0.0159486,0.391554,,0.152201,7.28198,1.34537,-2.52802,fluid
1152,8.73968,1.10069,,1003.19,24.7681,75721.8,,0.000665522,-0.416396,0.416396,,-6.23544,12.4275,2.40119,2.61755,fluid
1153,9.49696,1.24237,,1002.61,-4.39491,61863.7,,-0.585856,-0.294744,0.655821,,-5.57245,8.46276,0.924657,-1.34724,fluid
1154,9.02346,1.14901,,1003,49.3903,71196.3,,0.149495,-0.409987,0.436392,,-2.41481,11.224,5.45175,1.41396,fluid
1155,18.4562,0.631282,,1000.62,39.9302,14641.9,,-0.972942,0.713726,1.20666,,-1.70799,6.39664,-0.915148,-3.41336,fluid
1156,16.2965,0.773892,,1000.36,-320.75,8511.59,,-1.86635,1.00709,2.12073,,5.58252,7.52009,6.10463,-2.28991,fluid
1157,15.1292,0.720542,,1000.83,71.9729,19595.1,,0.0554251,0.0757941,0.0938973,,6.41701,5.15378,7.71111,-4.65622,fluid
1158,17.1005,0.852786,,1000.36,-83.9502,8537.28,,-1.8887,0.82017,2.0591,,2.43128,5.53736,2.93034,-4.27264,fluid
1159,14.0689,1.3512,,1000.88,-89.0205,20868.3,,-1.27096,0.147476,1.27949,,3.72159,7.27672,5.20357,-2.53328,fluid
1160,14.299,0.87646,,1000.77,-89.9137,18213.7,,-0.095433,0.142748,0.17171,,2.73343,3.28683,4.00622,-6.52317,fluid
1161,13.9198,0.869205,,1001.11,100.489,26186.8,,0.484544,-0.0309498,0.485531,,1.05554,4.87703,2.93472,-4.93297,fluid
1162,15.1941,0.575977,,1000.79,59.1735,18591.8,,0.809473,-0.0236913,0.80982,,6.66603,6.10177,7.88869,-3.70823,fluid
1163,13.3926,1.34657,,1001.11,-17.4487,26203.8,,-0.426549,0.0281034,0.427474,,1.70192,7.01707,3.65634,-2.79293,fluid
1164,13.6485,1.58189,,1000.95,-110.424,22478.3,,-1.10554,0.480847,1.20558,,3.46984,7.68223,5.11522,-2.12777,fluid
1165,12.2666,1.88242,,1001.35,-134.037,31908,,-1.88471,-0.00537878,1.88472,,4.79923,7.1017,7.39693,-2.7083,fluid
1166,14.1872,1.36755,,1000.85,-131.265,19996.4,,-1.79195,0.230986,1.80678,,6.22195,8.20868,7.63022,-1.60132,fluid
1167,10.3874,2.75378,,1001.42,-229.144,33661.6,,-2.41084,-0.290187,2.42824,,3.21231,8.09441,6.4483,-1.71559,fluid
1168,10.5209,3.76882,,1001.03,-241.012,24319.2,,-2.39697,0.347972,2.4221,,2.16735,5.76617,4.47649,-4.04383,fluid
1169,11.1543,2.0723,,1001.55,-186.329,36737.5,,-2.0537,-0.376724,2.08797,,3.40276,9.77402,6.69123,-0.0359842,fluid
1170,9.99064,3.83097,,1001.02,-264.889,24175.7,,-2.69598,-0.203588,2.70366,,1.06624,7.27469,3.48361,-2.53531,fluid
1171,14.5433,4.64266,,999.567,-121.254,-10180.6,,1.82758,-2.21884,2.87459,,2.86684,5.05952,2.16651,-4.75048,fluid
1172,13.7364,5.28768,,999.827,-66.2172,-4059.45,,0.958143,-2.03622,2.25039,,6.15589,8.81885,5.86032,-0.991145,fluid
1173,14.9116,4.24513,,999.992,1.48112,-191.346,,0.873888,-2.37774,2.53325,,5.03673,8.81286,5.0239,-0.997139,fluid
1174,14.7618,4.4226,,999.715,-119.626,-6704.65,,1.37055,-2.49336,2.84522,,2.47971,8.06629,2.02539,-1.74371,fluid
1175,11.2166,5.44658,,1000.54,-131.72,12740.2,,-1.378,-0.021764,1.37817,,1.48284,8.31361,2.61806,-1.49639,fluid
1176,10.1236,3.5272,,1001.1,-283.961,26075.1,,-2.77752,-0.38964,2.80472,,1.72285,7.13,4.29568,-2.68,fluid
1177,9.779,4.00909,,1001.01,-250.49,23768.3,,-2.612,-0.123245,2.6149,,0.630371,7.61927,3.05847,-2.19073,fluid
1178,9.491,3.06033,,1001.33,-307.069,31497.3,,-2.83423,-0.280699,2.8481,,0.980997,9.70528,4.29523,-0.104718,fluid
1179,10.2346,4.60836,,1000.8,-219.103,18966.5,,-2.28212,-0.12725,2.28566,,-0.554199,6.62822,1.29749,-3.18178,fluid
1180,13.5973,5.70474,,999.788,31.852,-4981.35,,0.612355,-2.47016,2.54493,,1.13108,3.70813,0.764656,-6.10187,fluid
1181,13.4592,5.78719,,999.779,43.5785,-5201.76,,0.950356,-2.71928,2.88057,,0.774041,4.10594,0.387472,-5.70406,fluid
1182,11.7475,5.95317,,1000.36,4.58102,8556.13,,-0.0201452,0.0741842,0.0768709,,5.40488,5.95625,6.13296,-3.85375,fluid
1183,13.8639,5.30806,,999.699,-124.099,-7076.12,,0.739476,-2.12568,2.25063,,4.86676,6.04629,4.35621,-3.76371,fluid
1184,13.6856,5.49768,,999.777,-36.4104,-5251.63,,0.644226,-2.49878,2.58049,,2.97698,6.50826,2.59316,-3.30174,fluid
1185,12.5322,6.22912,,999.936,-10.4439,-1509.93,,0.681033,-0.933999,1.15592,,7.91273,2.83046,7.79224,-6.97954,fluid
1186,12.2644,6.28698,,1000.04,9.74105,859.614,,0.740936,-0.546165,0.920479,,7.63604,3.45795,7.70613,-6.35205,fluid
1187,11.826,6.88765,,1000.13,70.3214,3068.12,,0.833096,-1.51727,1.73094,,5.67386,4.65855,5.93327,-5.15145,fluid
1188,12.3439,6.36082,,999.995,50.7644,-123.36,,1.15261,-1.34356,1.77022,,6.56506,3.81952,6.55507,-5.99048,fluid
1189,11.2169,7.45573,,1000.16,-33.7319,3852.37,,-0.284139,-1.29555,1.32634,,3.38671,3.97789,3.7301,-5.83211,fluid
1190,9.26377,10.2723,,1000.08,-143.325,1907.3,,-1.21867,0.14863,1.2277,,2.23844,1.92892,2.44431,-7.88108,fluid
1191,3.43823,22.29,,999.502,-180.13,-11701.2,,-0.59012,12.789,12.8026,,8.19281,6.415,4.78787,-3.395,fluid
1192,9.24319,0.431612,,1002.79,143.915,66346.6,,1.3977,-0.0960143,1.40099,,-4.98057,16.0943,2.17732,6.28426,fluid
1193,8.95611,7.32579,,1000.51,4.48983,12003.5,,-0.0843777,0.40602,0.414695,,0.254486,3.04896,1.59406,-6.76104,fluid
1194,17.5312,0.177292,,1000.6,-62.5706,14127.8,,-0.655863,0.0281299,0.656466,,-1.08288,9.79021,-0.277493,-0.0197944,fluid
1195,19.0889,0.267556,,1000.67,-49.6546,15823.7,,-0.885332,0.0557983,0.887089,,-1.5459,4.30613,-0.717512,-5.50387,fluid
1196,16.3109,0.445546,,1000.64,-29.657,15033.1,,-0.225535,-0.0061761,0.225619,,4.60239,7.90433,5.52347,-1.90567,fluid
1197,14.9779,0.532276,,1000.83,71.6704,19675.2,,0.757988,-0.0247289,0.758391,,3.4861,5.10995,4.79863,-4.70005,fluid
1198,13.2919,1.20883,,1001.2,10.7065,28319.5,,-0.378323,-0.044765,0.380962,,1.64308,6.2567,3.77111,-3.5533,fluid
1199,5.82868,3.80943,,1002.24,-461.664,53075.1,,-2.66949,0.0590595,2.67014,,-10.0373,11.3014,-0.951755,1.49137,fluid
1200,12.3896,0.729594,,1001.59,139.256,37527.7,,1.27635,-0.0588316,1.2777,,2.54967,7.27023,5.57385,-2.53977,fluid
1201,14.6085,0.64912,,1000.8,9.40029,18766.9,,0.71272,0.211846,0.743538,,2.39552,0.564945,3.67915,-9.24505,fluid
1202,16.1317,0.549144,,1000.66,-47.8798,15528.4,,-0.684185,0.0155243,0.684361,,4.06262,7.09925,5.02459,-2.71075,fluid
1203,21.1177,0.553704,,1000.78,-23.8357,18447.4,,-1.5215,-0.0406152,1.52204,,-1.30167,7.61393,-0.428797,-2.19607,fluid
1204,22.6107,0.691039,,1000.73,-62.9642,17327,,-0.733784,-0.110335,0.742033,,-2.73248,9.25541,-1.96672,-0.554592,fluid
1205,20.663,0.722887,,1000.63,-64.6609,14771.9,,-1.08606,-0.0370029,1.08669,,-1.7923,6.27267,-1.07785,-3.53733,fluid
1206,22.6669,0.764853,,1000.74,-70.4107,17412.7,,-0.670977,-0.127783,0.683036,,-2.59967,9.53893,-1.83203,-0.27107,fluid
1207,18.5487,0.808074,,1000.49,-30.8657,11529.4,,-0.801993,0.743852,1.09385,,-2.37272,7.49352,-1.75145,-2.31648,fluid
1208,14.4459,1.02845,,1000.66,-161.224,15671.2,,-0.702863,-0.0622671,0.705616,,5.22389,11.04,6.30799,1.22999,fluid
1209,15.2479,0.647318,,1000.78,51.4253,18431.6,,0.550153,-0.0172893,0.550425,,7.68521,6.36789,8.89306,-3.44211,fluid
1210,20.5469,0.755682,,1000.59,-76.156,13964.3,,-1.06662,-0.0410029,1.06741,,-2.02007,6.58154,-1.34085,-3.22846,fluid
1211,21.0355,0.760815,,1000.69,-68.4145,16161.6,,-1.61072,-0.0508647,1.61153,,-2.38868,7.29111,-1.6209,-2.51889,fluid
1212,23.362,0.99838,,1000.93,0.369934,21972.9,,-0.344121,-0.246807,0.423477,,-2.05019,13.2011,-1.11052,3.39112,fluid
1213,20.1323,0.823703,,1000.51,-125.711,12026.2,,-1.30692,-0.0566325,1.30815,,-3.49562,7.56266,-2.89856,-2.24734,fluid
1214,11.5574,2.79014,,1001.41,-229.52,33288.1,,-2.85075,0.447274,2.88562,,2.72196,8.7693,5.59816,-1.0407,fluid
1215,19.1291,0.789697,,1000.53,-51.6215,12576.4,,-1.41844,-0.017088,1.41855,,-2.29084,8.07947,-1.63375,-1.73053,fluid
1216,12.877,1.91069,,1001.22,-135.489,28821.4,,-2.25907,-0.0665512,2.26005,,3.3981,6.18987,5.6336,-3.62013,fluid
1217,14.4718,4.71864,,999.697,-22.4719,-7122.78,,1.205,-2.56914,2.8377,,4.24696,5.38999,3.75463,-4.42001,fluid
1218,14.8307,3.84918,,1000.57,233.4,13461.2,,1.87963,-3.27146,3.77299,,6.77697,9.71556,7.68411,-0.0944388,fluid
1219,10.765,4.5387,,1000.83,-176.153,19488.4,,-1.94802,0.0466029,1.94858,,0.104614,5.41958,1.91346,-4.39042,fluid
1220,11.6414,5.13965,,1000.62,-126.422,14625.2,,-1.47652,0.0931946,1.47945,,3.69849,9.49522,4.95402,-0.314778,fluid
1221,14.5486,4.22452,,1000.28,153.549,6608.08,,1.18464,-1.81073,2.16382,,5.17469,10.354,5.62877,0.543968,fluid
1222,16.3864,3.48967,,999.819,54.4655,-4259.76,,0.182467,-5.02353,5.02684,,-3.85212,-1.40282,-4.11212,-11.2128,fluid
1223,14.8624,4.26705,,1000,9.2791,14.6682,,0.80256,-2.30035,2.43633,,5.26092,9.00694,5.2619,-0.803055,fluid
1224,13.3453,5.87652,,999.798,37,-4762.8,,0.559994,-2.12334,2.19595,,2.58662,2.42924,2.22966,-7.38076,fluid
1225,11.5425,5.50849,,1000.5,-113.006,11795.3,,-1.1061,0.133955,1.11418,,4.27729,9.32053,5.29868,-0.489474,fluid
1226,14.2441,4.98957,,999.725,-22.4071,-6475.8,,0.865245,-2.48165,2.62816,,4.23026,4.74199,3.7755,-5.06801,fluid
1227,15.3432,3.53786,,1000.13,145.102,2946.09,,1.19473,-4.29128,4.45448,,12.0971,6.4361,12.2891,-3.3739,fluid
1228,10.2844,9.29082,,1000.06,-90.2077,1400.42,,-0.973829,-0.364691,1.03988,,2.90744,2.5975,3.0436,-7.2125,fluid
1229,14.6697,3.92943,,1000.54,153.337,12835.9,,1.39255,-2.96268,3.27363,,5.13951,10.4461,6.01403,0.636121,fluid
1230,9.93726,9.64674,,1000.07,-82.1691,1530.96,,-0.811776,-0.3034,0.866621,,2.67001,2.39857,2.82406,-7.41143,fluid
1231,8.49849,11.2395,,1000.14,-214.354,3352.63,,-1.75502,0.918157,1.98068,,1.93087,0.676962,2.32531,-9.13304,fluid
1232,14.9661,4.21804,,999.997,3.08284,-77.1895,,0.895195,-2.65862,2.80528,,4.82822,8.68856,4.82307,-1.12144,fluid
1233,10.8644,8.13169,,1000.12,-52.7781,2847.88,,-0.602925,-1.05099,1.21165,,4.19769,4.00841,4.45978,-5.80159,fluid
1234,13.5041,5.75301,,999.788,38.4857,-4978.71,,0.780722,-2.61467,2.72874,,1.01608,4.11522,0.647322,-5.69478,fluid
1235,13.1233,6.04803,,999.781,84.8863,-5153.22,,1.39497,-2.1371,2.55209,,3.03811,1.33743,2.64535,-8.47257,fluid
1236,12.1749,6.55991,,1000.05,87.6457,1077.55,,1.24175,-1.48528,1.93598,,5.8587,4.38774,5.94721,-5.42226,fluid
1237,11.3084,7.49885,,1000.15,-22.0194,3649.18,,-0.187215,-1.42336,1.43562,,3.85821,4.29316,4.18085,-5.51684,fluid
1238,10.6564,8.38125,,1000.11,-53.9443,2534.97,,-0.604115,-0.930238,1.10919,,3.80187,3.50157,4.03972,-6.30843,fluid
1239,3.58693,8.63942,,1001.94,294.611,46019.2,,1.08348,3.78421,3.93626,,-11.794,14.2957,1.01078,4.48569,fluid
1240,9.9304,0.479332,,1002.61,154.953,62039.8,,1.54938,-0.0801826,1.55145,,-3.06026,10.0701,3.17091,0.260139,fluid
1241,13.0361,0.367193,,1001.42,52.437,33540,,1.0933,-0.0349215,1.09386,,2.47473,7.71397,5.04395,-2.09603,fluid
1242,16.0522,0.214759,,1000.84,67.4269,19715.6,,-0.0167012,-0.0196737,0.0258067,,0.291496,7.87857,1.51869,-1.93143,fluid
1243,21.3654,0.193455,,1000.77,-40.8493,18112.2,,-0.666644,-0.0241501,0.667081,,0.798737,8.87227,1.64582,-0.937733,fluid
1244,16.3488,0.295662,,1000.7,0.971876,16444.7,,0.0574359,-0.0102496,0.0583433,,3.77525,7.19454,4.78041,-2.61546,fluid
1245,20.8089,0.534995,,1000.75,-21.5029,17679.6,,-1.11545,-0.0306495,1.11587,,-1.81178,6.13026,-0.962797,-3.67974,fluid
1246,19.5473,0.416805,,1000.69,-44.8472,16341.5,,-1.35363,-0.0122925,1.35368,,-0.885353,7.14411,-0.0499345,-2.66589,fluid
1247,7.90615,1.55176,,1003.22,-24.9804,76500,,-0.226519,-0.342936,0.410994,,-5.472,4.13152,4.17297,-5.67848,fluid
1248,8.66665,1.67329,,1002.68,-38.6895,63674.5,,-0.568095,-0.0228833,0.568555,,-7.91951,1.28252,-0.592094,-8.52748,fluid
1249,17.3977,0.679984,,1000.51,16.4646,11948.2,,-1.34802,0.936815,1.64158,,-0.23648,7.24751,0.449942,-2.56249,fluid
1250,16.5038,0.827464,,1000.29,-321.054,6844.39,,-1.98111,1.1455,2.28845,,5.93934,6.60178,6.35394,-3.20822,fluid
1251,23.5918,2.44648,,1000.82,-50.4657,19350,,-0.380253,-1.69511,1.73723,,2.23394,5.44227,3.05347,-4.36773,fluid
1252,23.4277,2.25114,,1000.81,-90.7241,19031.3,,-0.274838,-1.33622,1.36419,,1.4732,4.42377,2.28489,-5.38623,fluid
1253,22.9475,2.04828,,1000.81,-120.681,19151.7,,-0.932209,-0.80118,1.22919,,-1.31339,3.38303,-0.479481,-6.42697,fluid
1254,22.1715,0.899855,,1000.81,-56.931,19211,,-0.828729,-0.192772,0.850854,,-2.95606,12.8167,-2.09029,3.00665,fluid
1255,23.6285,2.84087,,1000.75,-9.72131,17692.1,,-0.265256,-1.90111,1.91953,,1.5267,5.65028,2.2749,-4.15972,fluid
1256,23.1895,0.766788,,1000.8,-28.9605,18879.1,,-0.568833,-0.14206,0.586304,,-2.98554,11.8088,-2.17207,1.99878,fluid
1257,23.4004,0.925467,,1000.91,-0.0113928,21389.9,,-0.330188,-0.214368,0.393672,,-1.70726,13.8123,-0.794004,4.00225,fluid
1258,11.4505,4.1956,,1000.96,-141.54,22620.6,,-1.79376,0.0850547,1.79577,,-0.444731,3.20191,1.52889,-6.60809,fluid
1259,14.481,4.95688,,999.754,79.0721,-5797.4,,0.659665,-2.36524,2.45551,,2.3967,1.28529,1.99625,-8.52471,fluid
1260,10.8382,2.344,,1001.49,-241.627,35198,,-2.32508,-0.0483838,2.32558,,3.35436,10.0861,6.59713,0.276101,fluid
1261,22.2844,0.795437,,1000.77,-71.868,18055.3,,-0.776551,-0.151326,0.791158,,-2.16612,11.5936,-1.35651,1.7836,fluid
1262,14.9331,1.17971,,1000.79,-96.8544,18711,,-2.16156,0.94016,2.35717,,8.09703,14.9386,9.34902,5.12857,fluid
1263,11.4143,4.54981,,1000.81,-171.731,19059.7,,-2.083,-0.0228058,2.08312,,-0.709552,4.70647,0.958906,-5.10353,fluid
1264,14.2874,4.85156,,999.727,-56.3493,-6423.56,,0.73563,-2.41589,2.52541,,5.91514,5.69627,5.46543,-4.11373,fluid
1265,10.6408,2.14815,,1001.57,-226.384,37105,,-2.32135,-0.225856,2.33231,,2.81613,10.264,6.29773,0.454036,fluid
1266,10.9809,4.2292,,1000.96,-176.362,22777.8,,-2.22769,-0.138659,2.232,,-0.263809,4.03312,1.8085,-5.77688,fluid
1267,11.4385,5.04912,,1000.64,-155.785,15185.3,,-1.81758,-0.042063,1.81806,,1.01192,7.18948,2.33863,-2.62052,fluid
1268,10.3615,4.37486,,1000.84,-230.637,19887.1,,-2.30985,-0.325851,2.33272,,-0.3418,5.95086,1.5759,-3.85914,fluid
1269,11.085,4.95657,,1000.71,-161.535,16820.4,,-2.06077,-0.34298,2.08912,,-0.805865,5.69046,0.710461,-4.11954,fluid
1270,11.9858,5.87733,,1000.42,90.8316,9883.36,,0.358613,0.00353051,0.35863,,7.36529,5.40352,8.18954,-4.40648,fluid
1271,14.7797,4.6322,,999.771,35.1388,-5397.88,,0.874869,-2.65702,2.79735,,0.981408,4.13657,0.616102,-5.67343,fluid
1272,16.0577,3.15379,,999.553,-45.8867,-10518.8,,1.18819,-6.00671,6.1231,,3.52505,9.0202,2.8697,-0.789799,fluid
1273,16.2278,3.04356,,999.794,158.002,-4839.67,,1.42154,-6.19424,6.35526,,1.65912,6.63757,1.36083,-3.17243,fluid
1274,13.0088,6.02902,,999.637,-164.188,-8544.14,,0.46401,-0.985421,1.0892,,4.65899,0.423242,4.00196,-9.38676,fluid
1275,16.2881,3.54804,,999.821,59.9974,-4208.99,,0.0428816,-5.44661,5.44678,,-2.57028,-2.0502,-2.82873,-11.8602,fluid
1276,11.3181,7.71365,,1000.14,-33.3192,3296.84,,-0.349731,-1.36504,1.40913,,4.0971,4.7354,4.38835,-5.0746,fluid
1277,16.2423,3.08525,,999.781,144.984,-5164.07,,1.3796,-6.13315,6.2864,,0.828909,6.37269,0.5109,-3.43731,fluid
1278,9.55891,10.1781,,1000.07,-94.57,1612.97,,-0.871527,-0.372396,0.947754,,2.86627,2.04007,3.03499,-7.76993,fluid
1279,5.29716,6.24231,,1001.17,-37.648,27571.2,,-0.998181,0.332754,1.05218,,-11.208,20.6511,-6.00915,10.8411,fluid
1280,5.44142,16.2008,,999.591,-190.06,-9619.53,,-2.00381,7.74605,8.00104,,-14.5123,-12.7367,-16.2809,-22.5467,fluid
1281,10.5578,8.78127,,1000.08,-56.7249,1823.04,,-0.654183,-0.942625,1.14739,,3.48265,2.98407,3.6553,-6.82593,fluid
1282,13.0422,6.09003,,999.799,82.7429,-4733.55,,1.30944,-1.98082,2.37451,,3.6317,1.53237,3.26868,-8.27763,fluid
1283,9.36626,10.3259,,1000.08,-134.346,1813.39,,-1.21283,0.0320678,1.21325,,2.65647,2.05575,2.85006,-7.75425,fluid
1284,11.6303,7.15656,,1000.15,47.4347,3641.43,,0.521647,-1.7301,1.80703,,5.16421,4.79909,5.47726,-5.01091,fluid
1285,9.96623,9.5448,,1000.07,-90.5343,1621.99,,-0.911286,-0.170504,0.927099,,2.81911,2.21433,2.98184,-7.59567,fluid
1286,10.4084,8.78481,,1000.08,-61.8352,1939.81,,-0.649618,-0.828172,1.05256,,3.02316,3.06512,3.20951,-6.74488,fluid
1287,6.10214,33.4668,,998.263,-58.5384,-40694.8,,-1.25504,17.804,17.8482,,0.359499,-2.16807,-6.32106,-11.9781,fluid
1288,12.56,0.356935,,1001.66,152.337,39218.7,,1.58646,-0.0434908,1.58706,,-1.13856,8.93183,1.97878,-0.878174,fluid
1289,14.4074,0.269302,,1001.15,236.256,27079.2,,2.4864,-0.0346992,2.48664,,-2.10621,6.44914,-0.228829,-3.36086,fluid
1290,17.4819,0.193229,,1000.6,-70.657,14218.1,,-0.909497,0.044806,0.9106,,-1.60947,10.1686,-0.796652,0.358621,fluid
1291,19.8956,0.203223,,1000.82,-10.9156,19408.7,,-0.708169,-0.00829993,0.708217,,-1.24703,6.82606,-0.272309,-2.98394,fluid
1292,21.4393,0.25231,,1000.75,-41.4817,17676,,-0.614852,-0.0285057,0.615512,,0.762415,9.01524,1.58627,-0.794757,fluid
1293,20.355,0.592917,,1000.67,-55.9593,15711.7,,-1.38336,-0.0303547,1.3837,,-2.82079,5.54854,-2.04942,-4.26146,fluid
1294,22.7878,0.483788,,1000.75,-6.5095,17600.3,,-0.538731,-0.0741592,0.543811,,-2.83024,9.44954,-2.05846,-0.360464,fluid
1295,16.7913,0.431228,,1000.79,107.427,18549.1,,-1.2222,0.0842984,1.2251,,6.59171,7.9172,7.69553,-1.8928,fluid
1296,20.6363,0.460334,,1000.78,-11.1051,18493.4,,-1.24659,-0.0283238,1.24691,,-2.11749,6.32533,-1.22203,-3.48467,fluid
1297,23.8092,0.496148,,1000.61,-62.9936,14305.9,,-0.273092,-0.0945873,0.289009,,-0.406085,13.5409,0.194408,3.73085,fluid
1298,23.6524,3.29607,,1000.65,-27.4174,15406,,-0.373461,-2.02579,2.05993,,1.46168,5.60018,2.1126,-4.20982,fluid
1299,23.3609,1.40526,,1001.08,32.3752,25599.9,,-0.244123,-0.97362,1.00376,,-2.28307,10.0664,-1.18842,0.256432,fluid
1300,13.8951,3.82106,,1001.08,-56.7603,25475.6,,-0.970312,-0.521359,1.10151,,1.81933,11.3695,3.65078,1.55947,fluid
1301,21.7823,1.03042,,1000.85,-39.9838,20096,,-1.41039,-0.188356,1.42291,,-4.77552,11.5159,-3.85371,1.70593,fluid
1302,23.4068,4.90582,,1000.19,-32.6583,4588.05,,-0.171546,-4.03912,4.04276,,1.39838,9.13331,1.59435,-0.67669,fluid
1303,23.5883,3.75725,,1000.62,22.1156,14525.6,,-0.18568,-2.63208,2.63862,,1.0977,8.54955,1.71311,-1.26045,fluid
1304,21.7242,0.793651,,1000.81,-51.3646,19133.8,,-1.69245,-0.131809,1.69758,,-3.30305,12.1017,-2.42301,2.29166,fluid
1305,22.8206,1.43079,,1000.88,-92.2254,20860.4,,-0.892808,-0.901191,1.26856,,-1.72842,7.20959,-0.815125,-2.60041,fluid
1306,23.4039,1.67854,,1001.03,-36.2059,24213.1,,-0.233261,-1.02093,1.04724,,-0.78667,5.44973,0.246846,-4.36027,fluid
1307,22.1532,0.95553,,1000.84,-47.765,19851.1,,-0.886366,-0.213695,0.911762,,-3.35574,12.9504,-2.46041,3.14037,fluid
1308,12.4076,4.90044,,1000.81,-117.285,19052.4,,-1.53625,0.906326,1.78367,,8.32906,12.9963,9.86336,3.18626,fluid
1309,23.2234,4.38838,,1000.29,-19.5956,6850.66,,-0.253777,-3.26699,3.27683,,-0.289513,4.39076,0.00538977,-5.41924,fluid
1310,12.6344,3.98822,,1001.2,-107.132,28259.7,,-1.38593,-0.215593,1.4026,,10.8572,4.9127,13.0912,-4.8973,fluid
1311,12.5175,2.44789,,1001.35,-246.332,31921.6,,-3.07005,-0.0919245,3.07142,,3.66295,10.2101,6.20967,0.400127,fluid
1312,20.3945,0.920186,,1000.52,-105.939,12146.1,,-0.909688,-0.0835934,0.913521,,-2.37578,10.1594,-1.78053,0.349357,fluid
1313,19.5591,0.836427,,1000.48,-105.616,11337.8,,-1.02624,-0.0437927,1.02718,,-3.13188,8.78469,-2.55249,-1.02531,fluid
1314,15.4433,1.1269,,1000.69,-189.593,16377.7,,-2.17191,1.76639,2.79952,,7.05007,14.5657,8.10984,4.75569,fluid
1315,11.637,2.62841,,1001.4,-237.389,33002.9,,-2.70804,0.063732,2.70879,,3.52195,7.387,6.35402,-2.423,fluid
1316,11.4603,2.07805,,1001.5,-187.307,35572.6,,-2.21879,-0.124051,2.22226,,2.87529,9.7082,5.97462,-0.101796,fluid
1317,15.3805,1.01284,,1000.68,-135.982,16127.6,,-1.37704,1.45602,2.00405,,6.76972,10.9922,7.81757,1.18223,fluid
1318,22.6746,0.924811,,1000.75,-92.1764,17762.8,,-0.680685,-0.189175,0.706484,,-2.34636,11.0858,-1.56357,1.27576,fluid
1319,13.3082,2.04111,,1001.05,-193.98,24824.9,,-2.40745,0.957549,2.59089,,2.87754,5.25956,4.74095,-4.55044,fluid
1320,10.5873,3.42025,,1001.18,-247.623,27796,,-2.54599,-0.0393313,2.54629,,2.18361,7.02266,4.80595,-2.78734,fluid
1321,12.1469,3.58917,,1001.24,-106.697,29238.6,,-1.28359,0.689239,1.45694,,2.04454,-0.0696338,4.44865,-9.87963,fluid
1322,13.2354,4.03854,,1001.44,-70.7912,33952.9,,-1.98516,0.0807193,1.9868,,10.5159,5.53243,13.0775,-4.27757,fluid
1323,11.8491,4.78818,,1000.71,-159.172,16695,,-1.87822,-0.191709,1.88797,,2.92104,8.09389,4.32901,-1.71611,fluid
1324,13.3995,6.06757,,999.782,59.0314,-5132.27,,0.267288,-1.88563,1.90448,,1.47223,-1.58847,1.08913,-11.3985,fluid
1325,9.84823,9.90916,,1000.06,-81.2426,1428.88,,-0.793681,-0.388313,0.883582,,2.6468,2.30017,2.79188,-7.50983,fluid
1326,7.97069,12.5557,,1000.31,-191.408,7197.88,,-2.14592,2.25289,3.11135,,0.840482,0.366715,1.74325,-9.44329,fluid
1327,6.85556,13.6939,,1000.29,-323.267,6922.68,,-2.34767,4.84739,5.38597,,1.07802,5.00876,2.08752,-4.80124,fluid
1328,8.79339,10.8312,,1000.13,-205.813,3064.22,,-1.79441,0.179822,1.8034,,2.88065,1.66767,3.22907,-8.14233,fluid
1329,7.17015,13.542,,1000.17,-280.488,4047,,-1.91381,4.33632,4.73987,,1.07534,2.22879,1.63967,-7.58121,fluid
1330,2.97539,20.8314,,999.866,-163.724,-3161.34,,-0.576934,10.2212,10.2375,,-1.10821,-6.86228,-2.17085,-16.6723,fluid
1331,5.68748,15.5361,,999.688,-224.647,-7348.67,,-2.66181,6.61194,7.12762,,-15.9774,4.46687,-17.2699,-5.34313,fluid
1332,4.48911,13.3045,,1001.8,99.8434,42572,,0.624418,4.92858,4.96798,,-25.1056,-1.79472,-15.6392,-11.6047,fluid
1333,8.101,11.3422,,1000.17,-185.442,3940.59,,-1.45191,1.26113,1.92315,,0.759657,0.969397,1.24601,-8.8406,fluid
1334,9.59148,9.13067,,1000.17,-17.3305,4040.46,,-0.332569,-0.0367525,0.334594,,1.95426,2.44696,2.37545,-7.36304,fluid
1335,6.3653,31.8797,,994.271,-55.9243,-132591,,-1.66716,12.9438,13.0507,,-0.340066,2.05087,-21.2904,-7.75913,fluid
1336,7.71325,7.49076,,1000.66,-33.6614,15682.5,,-0.2489,1.21037,1.2357,,-0.647411,3.3903,1.38443,-6.4197,fluid
1337,17.4112,0.148683,,1000.64,-8.11564,15119.6,,-0.0603116,0.00893199,0.0609694,,-3.68912,9.00303,-2.82129,-0.806974,fluid
1338,17.8488,0.296539,,1000.56,-54.2854,13265.2,,-0.644809,0.521631,0.829384,,-0.102765,9.17695,0.640013,-0.633049,fluid
1339,21.9895,0.232768,,1000.65,-46.0383,15344,,-0.300282,-0.0387469,0.302771,,0.623601,10.4979,1.32093,0.687938,fluid
1340,23.7347,1.34799,,1001.25,94.0895,29485.4,,0.0222414,-0.502073,0.502566,,-0.623196,8.07314,0.617547,-1.73686,fluid
1341,23.4981,0.643077,,1000.76,-26.6922,17946.8,,-0.552802,-0.124181,0.566578,,-1.52629,13.9064,-0.76312,4.09644,fluid
1342,21.9084,0.602782,,1000.77,-47.96,18200,,-1.19903,-0.0945472,1.20276,,-1.40164,12.1281,-0.57155,2.31806,fluid
1343,23.8254,1.74367,,1001.29,91.5948,30567.5,,0.00589698,-1.28964,1.28966,,-0.107026,7.36254,1.17429,-2.44746,fluid
1344,23.8363,0.791718,,1000.83,-25.0961,19606.1,,0.00298962,-0.173911,0.173936,,-0.000143486,16.8132,0.821707,7.00324,fluid
1345,23.7496,2.90024,,1000.75,-27.5749,17626.3,,-0.460231,-1.99032,2.04284,,1.14604,5.8214,1.88766,-3.9886,fluid
1346,22.4194,4.18418,,1000.28,-86.7677,6674.08,,-1.9223,-3.37731,3.88606,,-6.41874,5.09357,-6.12113,-4.71643,fluid
1347,22.4615,4.69767,,1000.14,-69.5448,3184.76,,-0.976567,-3.64452,3.77309,,-4.83828,4.87282,-4.69651,-4.93718,fluid
1348,22.3615,4.77551,,1000.13,-67.1992,3128.15,,-1.08673,-3.8598,4.00987,,-5.96104,5.87432,-5.82117,-3.93568,fluid
1349,23.5124,1.40294,,1001.17,75.2178,27711.4,,-0.0370453,-0.877279,0.878061,,-0.188373,9.51603,0.988834,-0.293966,fluid
1350,22.989,0.932402,,1000.78,-72.0988,18458.6,,-0.560763,-0.190701,0.592303,,-3.27077,11.3459,-2.46847,1.53589,fluid
1351,12.4213,4.9278,,1000.82,-98.2729,19450.6,,-1.5573,1.21727,1.9766,,8.76397,13.3719,10.3286,3.56187,fluid
1352,22.5548,4.95769,,1000.11,-50.2306,2700.11,,-0.738344,-3.94321,4.01174,,-3.42066,6.45377,-3.30096,-3.35623,fluid
1353,22.7554,5.12006,,1000.1,-39.1112,2464.64,,-0.44856,-4.02027,4.04522,,-1.84508,7.15001,-1.73678,-2.65999,fluid
1354,19.1767,1.284,,1000.46,46.797,10764.6,,0.790776,0.0792896,0.794741,,-8.06767,15.4583,-7.50659,5.64827,fluid
1355,23.0344,2.39911,,1000.87,18.6499,20516.4,,-0.932387,-1.12721,1.46286,,-1.57277,4.87674,-0.682858,-4.93326,fluid
1356,22.4405,3.72522,,1000.46,-46.5055,10821.8,,-2.01804,-2.7265,3.3921,,-5.66342,6.57823,-5.1814,-3.23177,fluid
1357,21.1536,2.67045,,1000.6,-172.811,14192.1,,-3.44677,-0.0727025,3.44753,,-15.8676,11.8822,-15.1971,2.07217,fluid
1358,13.4361,2.10114,,1001.03,-183.64,24419.9,,-2.28157,1.1737,2.56577,,4.2842,6.02088,6.09981,-3.78912,fluid
1359,11.8968,4.22271,,1000.88,-180.702,20872.9,,-2.07405,-0.297371,2.09526,,0.82049,3.67444,2.57344,-6.13556,fluid
1360,12.1549,4.50606,,1000.79,-197.156,18705.3,,-2.17648,-0.458222,2.22419,,4.09483,7.3932,5.63252,-2.4168,fluid
1361,12.5095,5.84855,,1000.4,189.193,9316.01,,0.160915,-0.66224,0.68151,,8.81322,5.98138,9.55764,-3.82862,fluid
1362,18.7298,1.1624,,1000.39,-21.6523,9129.65,,-0.0976807,-0.0223602,0.100207,,-3.91053,15.1926,-3.42328,5.38256,fluid
1363,14.7187,2.11793,,1001.31,-107.998,30859.8,,-3.06642,4.22225,5.21827,,22.978,4.77799,25.0719,-5.03201,fluid
1364,20.9162,1.61651,,1000.73,-6.45073,17204.3,,0.111901,0.938044,0.944695,,-5.50618,5.53243,-4.68424,-4.27757,fluid
1365,20.7776,2.01901,,1000.92,-141.402,21831.8,,-4.63357,-0.00464095,4.63357,,-10.5748,13.0297,-9.52504,3.21972,fluid
1366,23.3147,2.58272,,1000.81,19.19,19068.5,,-0.208194,-1.5438,1.55777,,0.713593,5.29614,1.53081,-4.51386,fluid
1367,23.4984,1.5704,,1001.16,53.0382,27334.3,,-0.0536537,-1.17987,1.18109,,-0.010621,6.92818,1.15128,-2.88182,fluid
1368,23.1765,1.87253,,1000.82,-150.811,19275,,-0.52746,-1.11302,1.23168,,-0.868018,3.50587,-0.0370369,-6.30413,fluid
1369,23.1597,1.11417,,1000.88,-51.6714,20761.4,,-0.505819,-0.320963,0.599058,,-3.35847,12.3724,-2.46281,2.56243,fluid
1370,18.8571,0.946887,,1000.42,-49.5367,9788.94,,-0.2635,0.13846,0.297663,,-3.82959,9.19658,-3.31069,-0.613417,fluid
1371,11.9031,5.15593,,1000.66,-83.982,15544.8,,-1.22808,0.488055,1.32151,,6.96569,11.6104,8.27078,1.80036,fluid
1372,11.5233,3.67688,,1001.23,-113.873,29031.1,,-1.91412,0.288669,1.93577,,0.431692,1.12145,2.94793,-8.68855,fluid
1373,16.5159,3.28929,,999.861,125.437,-3259.6,,0.83753,-6.41784,6.47226,,-3.06771,2.13607,-3.2651,-7.67393,fluid
1374,15.02,4.26531,,999.907,-18.7162,-2190.94,,1.16211,-3.61032,3.79274,,3.34171,7.86615,3.19583,-1.94385,fluid
1375,8.56948,11.6608,,1000.16,-257.458,3755.97,,-2.2868,0.650422,2.3775,,3.28599,1.59029,3.72422,-8.21971,fluid
1376,8.16972,12.7035,,1000.19,-355.418,4414.4,,-2.85447,2.49022,3.78803,,3.65513,2.3222,4.19537,-7.4878,fluid
1377,6.34727,14.8093,,1000.3,-395.512,7078.68,,-2.32917,5.83153,6.27948,,0.40218,4.59249,1.51708,-5.21751,fluid
1378,7.78988,12.0401,,1000.16,-172.285,3871.46,,-1.01869,2.18529,2.41107,,0.823944,-0.995012,1.32085,-10.805,fluid
1379,4.27894,7.62192,,1002.6,306.402,61625.3,,1.42573,5.88086,6.05122,,-1.09328,1.32134,13.2714,-8.48866,fluid
1380,3.85581,5.80686,,1003.61,-17.4144,85916.3,,-0.273276,5.70228,5.70883,,-24.4552,13.1378,-2.253,3.32776,fluid
1381,3.49617,22.8851,,999.819,472.796,-4259.96,,1.53837,12.2448,12.3411,,2.85981,-5.81072,1.64112,-15.6207,fluid
1382,3.91614,10.8827,,1003.45,-458.57,82121.7,,-2.21276,4.92386,5.39822,,-21.7563,-1.64737,-0.858425,-11.4574,fluid
1383,3.80326,15.3492,,1015.61,-230.579,385246,,-1.85978,4.67765,5.0338,,-97.9178,8.26816,1.81877,-1.54184,fluid
1384,13.5536,0.357526,,1001.32,129.725,31153.2,,2.07976,-0.0341032,2.08004,,1.37807,7.36902,3.67356,-2.44098,fluid
1385,18.2073,0.239052,,1000.61,-63.3146,14366.5,,-0.945285,0.683849,1.16671,,0.701742,6.96055,1.49031,-2.84945,fluid
1386,20.0558,0.167388,,1000.87,13.0126,20604.9,,-0.608712,-0.0094805,0.608786,,-0.873393,6.86128,0.15309,-2.94872,fluid
1387,22.9806,0.228162,,1000.73,50.2316,17182.7,,-0.198115,-0.0509093,0.204551,,-1.06782,10.6002,-0.320659,0.790175,fluid
1388,23.5808,0.46874,,1000.65,-44.3788,15239.1,,-0.585719,-0.0892971,0.592487,,-1.07318,12.6976,-0.427349,2.88761,fluid
1389,23.7652,3.48946,,1000.65,-42.0657,15368.9,,-0.464862,-1.92391,1.97927,,0.846717,6.71307,1.49299,-3.09693,fluid
1390,23.625,2.50607,,1000.81,-45.962,19138.7,,-0.379814,-1.7873,1.82721,,2.2201,5.7883,3.02954,-4.0217,fluid
1391,10.9346,3.39287,,1001.22,-217.836,28847.2,,-2.17329,0.19269,2.18181,,4.58784,6.68391,7.22279,-3.12609,fluid
1392,22.8828,5.13335,,1000.11,-32.8046,2517.58,,-0.272393,-4.07468,4.08377,,-1.19993,7.56361,-1.08992,-2.24639,fluid
1393,14.3051,1.5134,,1000.87,-147.723,20562.1,,-2.26616,0.58546,2.34056,,8.70672,10.614,10.1429,0.804027,fluid
1394,21.0736,2.49525,,1000.67,-169.214,15893,,-3.66448,-0.206313,3.67028,,-16.1997,8.72329,-15.446,-1.08671,fluid
1395,21.1477,2.40983,,1000.72,-114.108,16889.9,,-3.42285,0.0202206,3.42291,,-12.2681,4.6712,-11.47,-5.1388,fluid
1396,22.6284,1.10698,,1000.81,-89.991,19111.2,,-0.76209,-0.321755,0.827229,,-2.12742,12.372,-1.28353,2.56196,fluid
1397,11.9044,2.00108,,1001.4,-170.468,33129.6,,-1.98009,0.128707,1.98427,,2.29045,8.59305,5.06954,-1.21695,fluid
1398,22.3163,2.4041,,1000.69,-61.2594,16368.1,,-1.52188,-0.747841,1.6957,,-7.52224,5.91356,-6.78929,-3.89644,fluid
1399,22.5572,2.03875,,1000.92,-64.62,21835.2,,-1.95727,-0.439943,2.00611,,-5.37455,5.18587,-4.40745,-4.62413,fluid
1400,22.4318,3.43146,,1000.44,-94.0327,10427,,-1.684,-2.72344,3.20203,,-4.30776,7.34104,-3.84314,-2.46896,fluid
1401,21.8712,2.54408,,1000.29,-281.493,6935.9,,-1.31643,-1.1173,1.72666,,-3.34617,2.28827,-3.02913,-7.52173,fluid
1402,22.4511,1.74715,,1001.01,-54.1645,23765.7,,-1.97475,-0.542725,2.04797,,-6.59214,3.59017,-5.53465,-6.21983,fluid
1403,22.4428,1.18044,,1000.9,-34.8773,21316.3,,-0.79769,-0.369826,0.87925,,-3.28452,11.4719,-2.33558,1.6619,fluid
1404,23.1076,2.75647,,1000.84,103.161,19915,,-0.594583,-1.76433,1.86182,,-1.30381,5.36724,-0.442693,-4.44276,fluid
1405,23.2436,3.76992,,1000.48,1.38098,11406.5,,-0.474558,-3.05114,3.08782,,-1.25451,8.53796,-0.764008,-1.27204,fluid
1406,23.2649,2.16569,,1000.78,-115.387,18487.4,,-0.381015,-1.40475,1.4555,,0.395259,4.41697,1.18928,-5.39303,fluid
1407,20.4323,0.908716,,1000.5,-108.026,11798.1,,-0.602627,-0.0771762,0.607549,,-2.67899,9.94139,-2.10186,0.131393,fluid
1408,15.9254,3.86752,,999.923,74.4391,-1817.69,,-0.36643,-5.25179,5.26456,,3.60549,-3.17909,3.49135,-12.9891,fluid
1409,14.964,4.81449,,999.742,29.4092,-6070.87,,0.182019,-1.89169,1.90043,,-3.15174,-1.56952,-3.55754,-11.3795,fluid
1410,10.7622,2.96422,,1001.4,-206.239,33127,,-2.50138,0.344263,2.52496,,3.33727,7.56748,6.41105,-2.24252,fluid
1411,21.0904,2.59565,,1000.63,-179.137,14745.6,,-3.42238,0.243995,3.43106,,-17.2008,10.5626,-16.502,0.75262,fluid
1412,21.0446,2.25557,,1000.79,-112.673,18737.4,,-3.62532,0.415598,3.64907,,-12.8517,4.30875,-11.962,-5.50125,fluid
1413,23.2229,3.41093,,1000.54,-26.0856,12752,,-0.74062,-2.4703,2.57893,,-1.20603,6.80484,-0.657209,-3.00516,fluid
1414,22.5858,5.05676,,1000.11,-49.135,2528.59,,-0.716077,-3.97864,4.04257,,-2.97153,6.85482,-2.85959,-2.95518,fluid
1415,23.1809,4.86999,,1000.16,-33.6655,3777.95,,-0.225991,-4.15765,4.16378,,-0.0523441,8.18886,0.110607,-1.62114,fluid
1416,23.2691,3.20393,,1000.65,22.6269,15238,,-0.557947,-2.27135,2.33888,,-0.0116538,5.33783,0.642783,-4.47217,fluid
1417,22.7422,2.53325,,1000.83,18.4211,19701.7,,-1.85095,-1.05413,2.13007,,-4.66426,6.32153,-3.79868,-3.48847,fluid
1418,23.373,4.58058,,1000.27,-35.9768,6251.01,,-0.295963,-3.2934,3.30667,,1.75564,6.00404,2.02302,-3.80596,fluid
1419,21.512,0.956933,,1000.76,-70.3121,17974.7,,-1.67806,-0.143426,1.68417,,-4.88944,10.5526,-4.05451,0.742646,fluid
1420,21.2381,1.10414,,1000.63,-109.52,14754.1,,-1.09194,-0.192218,1.10873,,-6.09517,12.5177,-5.4009,2.70771,fluid
1421,15.732,3.3036,,999.196,-481.819,-18894.3,,0.0978127,-5.33807,5.33896,,15.5208,8.82137,14.3188,-0.988625,fluid
1422,13.7871,5.65204,,999.774,17.8132,-5319.05,,0.198161,-1.90447,1.91475,,1.21655,1.46733,0.830663,-8.34267,fluid
1423,18.2511,1.20345,,1000.35,-24.9798,8308.91,,-0.509688,0.0916216,0.517857,,-1.68928,13.6533,-1.23418,3.84334,fluid
1424,15.1877,2.9785,,1000.22,-236.442,5248.42,,0.776869,-2.41634,2.53816,,18.6684,0.876069,19.0139,-8.93393,fluid
1425,8.82405,11.308,,1000.13,-214.691,3085.37,,-1.86767,0.0847763,1.86959,,3.87357,1.51967,4.22318,-8.29033,fluid
1426,8.05102,13.0742,,1000.15,-410.731,3431.87,,-3.27563,2.87423,4.35786,,3.03775,3.55075,3.46395,-6.25925,fluid
1427,4.07876,19.3568,,1000.08,-343.818,1935.57,,-1.37291,10.2561,10.3476,,-0.606858,0.833196,-0.132347,-8.9768,fluid
1428,4.7554,14.6889,,1001.84,-42.0948,43509.1,,-0.980928,6.73147,6.80256,,16.6052,-19.6204,25.7378,-29.4304,fluid
1429,3.79776,3.71539,,1003.06,-721.978,72821.2,,-2.81886,1.72938,3.30707,,-18.6123,-1.01128,0.50394,-10.8213,fluid
1430,2.89465,5.37598,,1002.51,-223.455,59625,,-0.568094,7.08925,7.11197,,-10.2456,11.8535,10.3011,2.04351,fluid
1431,3.24292,7.19471,,1004.53,-126.057,108224,,-0.291516,7.14676,7.1527,,-19.9764,-4.44624,13.2454,-14.2562,fluid
1432,11.5561,0.549906,,1001.84,140.994,43601.8,,2.08271,-0.0776018,2.08416,,-4.82182,7.42523,-1.05571,-2.38477,fluid
1433,19.451,0.14295,,1000.74,-48.5964,17527.3,,-0.649253,-0.00756648,0.649297,,-1.24708,7.83709,-0.346644,-1.97291,fluid
1434,23.6338,0.202997,,1000.49,-39.9188,11662.7,,-0.432363,-0.0559949,0.435974,,-0.405262,11.186,0.0879675,1.37602,fluid
1435,24.086,0.668544,,1000.71,-58.3403,16856.8,,0.00227878,-0.133321,0.133341,,0.37788,16.3891,1.07724,6.57915,fluid
1436,23.1568,0.667179,,1000.77,-21.2475,18285.6,,-0.565583,-0.116221,0.5774,,-2.92441,11.1458,-2.13538,1.33585,fluid
1437,23.5954,4.05277,,1000.58,53.9712,13795,,0.0162575,-2.77267,2.77272,,-0.0959305,7.63282,0.488375,-2.17718,fluid
1438,16.8669,1.25652,,1000.19,-274.359,4417.7,,-2.13149,-0.981262,2.34651,,4.83346,29.5997,5.09532,19.7897,fluid
1439,23.0749,3.5519,,1000.39,-100.749,9270.39,,-0.681552,-2.85038,2.93073,,-3.4526,8.04854,-3.05101,-1.76146,fluid
1440,22.3264,4.36183,,1000.22,-100.727,5096.57,,-1.75177,-3.27861,3.71726,,-7.68433,4.82509,-7.4561,-4.98491,fluid
1441,22.188,3.62374,,1000.56,-52.7336,13173.3,,-3.02442,-2.50074,3.92439,,-8.28112,10.655,-7.68774,0.845016,fluid
1442,22.0007,1.09142,,1000.91,-8.4604,21501.5,,-0.975185,-0.226278,1.00109,,-5.02935,11.4529,-4.05293,1.64289,fluid
1443,22.3031,4.26234,,1000.25,-105.131,5976.31,,-1.97109,-3.22058,3.77589,,-8.39181,5.21265,-8.12392,-4.59735,fluid
1444,11.9789,2.96008,,1001.31,-278.056,31013.5,,-2.73153,0.761981,2.83582,,5.87293,5.56931,8.45854,-4.24069,fluid
1445,22.7036,2.81421,,1000.64,-26.5628,15187.7,,-1.19937,-1.7843,2.14993,,-5.23033,7.07517,-4.56181,-2.73483,fluid
1446,14.59,1.69045,,1000.96,-160.071,22655.3,,-2.75516,1.36585,3.07514,,14.4278,13.4312,15.9791,3.62123,fluid
1447,21.4496,2.74374,,1000.6,-89.0929,14123.5,,-3.09081,-0.435764,3.12138,,-8.45589,8.61516,-7.79784,-1.19484,fluid
1448,21.7611,3.09606,,1000.58,-83.9512,13583.2,,-3.12136,-0.895719,3.24734,,-7.74655,11.673,-7.12271,1.86302,fluid
1449,21.6069,2.95752,,1000.57,-101.343,13465.6,,-3.2871,-0.810787,3.38561,,-8.50558,11.6582,-7.88272,1.84825,fluid
1450,21.757,2.99112,,1000.59,-50.8866,13985.5,,-2.94555,-0.978411,3.1038,,-6.11307,9.33899,-5.47064,-0.471013,fluid
1451,21.2231,1.08734,,1000.63,-72.762,14963.8,,-0.570742,-0.175072,0.596989,,-6.89589,12.0383,-6.19126,2.22832,fluid
1452,20.1116,0.971773,,1000.5,-78.0782,11894.3,,-0.45112,-0.10525,0.463235,,-4.57129,10.8957,-3.98017,1.08565,fluid
1453,21.9337,2.81312,,1000.4,-172.135,9520.72,,-2.0181,-1.66733,2.61777,,-2.32694,4.77049,-1.89305,-5.03951,fluid
1454,22.2829,2.01239,,1000.91,-54.1262,21413.5,,-1.72245,-0.0974652,1.7252,,-11.5408,4.58884,-10.5806,-5.22116,fluid
1455,14.2035,1.85176,,1000.98,-187.72,23069.1,,-2.60226,1.46619,2.98688,,8.6783,10.7448,10.3009,0.934779,fluid
1456,13.0266,2.28111,,1001.22,-146.808,28793,,-2.23232,-0.0786849,2.23371,,2.25252,9.15071,4.46016,-0.659295,fluid
1457,13.6793,1.92643,,1000.98,-195.727,23053.6,,-2.48823,1.50681,2.90891,,6.89517,6.09222,8.57881,-3.71778,fluid
1458,12.6425,2.54839,,1001.32,-266.88,31266.9,,-2.92935,-0.133163,2.93238,,4.36897,11.197,6.83886,1.38702,fluid
1459,12.8981,4.6937,,1001.05,-96.1778,24764.4,,-1.54078,1.1347,1.91352,,10.985,8.59782,12.903,-1.21218,fluid
1460,13.4799,4.92097,,1000.63,29.7826,14858.1,,-0.428439,-0.983576,1.07284,,7.23327,8.39388,8.33482,-1.41612,fluid
1461,13.0094,5.38622,,1000.38,-2.62892,8896.45,,-0.740817,-1.5917,1.75565,,7.0246,12.2314,7.70819,2.42137,fluid
1462,23.117,3.33969,,1000.51,-53.397,12037.5,,-0.802037,-2.73034,2.8457,,-2.65847,7.32158,-2.13802,-2.48842,fluid
1463,12.2252,3.82173,,1001.11,-110.709,26295.5,,-1.08591,0.372045,1.14787,,2.65627,2.37252,4.80481,-7.43748,fluid
1464,21.3742,2.57434,,1000.64,-61.5998,15161.6,,-2.66854,0.711961,2.76188,,-8.51772,3.06724,-7.80884,-6.74276,fluid
1465,22.3594,4.70674,,1000.14,-70.7591,3322.4,,-1.12671,-3.73543,3.90166,,-6.18134,5.50635,-6.03277,-4.30365,fluid
1466,23.1183,5.0519,,1000.13,-27.3484,3037.46,,-0.0999168,-4.18392,4.18511,,-0.16365,8.51779,-0.0322792,-1.29221,fluid
1467,23.3032,4.58147,,1000.26,-20.6587,6175.42,,-0.303212,-3.97204,3.9836,,0.815945,7.01676,1.08088,-2.79324,fluid
1468,23.2422,4.74151,,1000.19,-43.9923,4583.94,,-0.466785,-3.75773,3.78661,,0.709307,6.88283,0.906493,-2.92717,fluid
1469,22.9644,3.132,,1000.55,-45.9766,13061.6,,-0.825478,-2.10767,2.26355,,-4.2948,6.06181,-3.72634,-3.74819,fluid
1470,22.3996,3.32124,,1000.44,-111.218,10258.8,,-1.6438,-2.57683,3.05649,,-3.9961,7.09997,-3.53831,-2.71003,fluid
1471,15.7734,3.87127,,999.951,91.1159,-1155.49,,-0.342069,-5.06264,5.07419,,5.63227,-1.1362,5.55901,-10.9462,fluid
1472,17.1166,1.23531,,1000.09,-215.368,2200.26,,-1.48665,-0.760415,1.66984,,3.44818,26.2315,3.57672,16.4215,fluid
1473,17.4526,1.33685,,1000.2,23.0331,4716.45,,0.0923995,-0.899611,0.904344,,0.430337,21.8502,0.700528,12.0402,fluid
1474,10.6613,9.1032,,1000.06,-65.7431,1348.06,,-0.80432,-0.67334,1.04896,,3.03456,2.52314,3.16099,-7.28686,fluid
1475,8.39993,12.6306,,1000.17,-349.82,3936.96,,-2.87531,1.99027,3.49694,,5.57592,1.88927,6.04453,-7.92073,fluid
1476,7.40652,13.7454,,1000.16,-357.87,3720.01,,-2.70858,4.83124,5.5387,,3.2072,4.4128,3.70938,-5.3972,fluid
1477,4.40079,22.2603,,999.771,34.2202,-5392.97,,0.0310278,11.3106,11.3106,,-5.03464,2.43744,-6.26038,-7.37256,fluid
1478,5.06784,7.49932,,1001.63,154.279,38453.7,,0.713038,1.14253,1.34677,,-9.87721,-8.03568,-2.30174,-17.8457,fluid
1479,4.7081,11.8148,,1001.2,110.489,28355.1,,0.3943,4.28785,4.30594,,-0.951573,4.75602,5.06384,-5.05398,fluid
1480,15.1065,0.311666,,1000.81,97.0317,19046.1,,2.17487,-0.0279709,2.17505,,3.37231,4.19544,4.63208,-5.61456,fluid
1481,22.0901,0.051721,,1000.6,-30.1652,14232.4,,0.0449494,-0.0299279,0.0540012,,1.12206,10.8899,1.76596,1.07992,fluid
1482,19.3416,0.66584,,1000.58,-60.573,13690.5,,-1.54053,-0.0208264,1.54067,,-1.78623,7.75334,-1.07881,-2.05666,fluid
1483,23.7249,2.07949,,1001.08,6.88621,25522,,-0.673936,-1.9707,2.08275,,1.56874,7.15878,2.64332,-2.65122,fluid
1484,23.4864,4.30254,,1000.43,18.726,10162.1,,0.0136437,-2.99335,2.99338,,0.850185,5.9898,1.28268,-3.8202,fluid
1485,21.6055,1.41902,,1000.83,-20.5542,19478.1,,-0.7796,-0.448864,0.899586,,-7.08131,12.6627,-6.18052,2.85271,fluid
1486,22.39,4.31969,,1000.23,-93.2905,5436.6,,-1.7454,-3.38497,3.80847,,-6.67127,4.77365,-6.42851,-5.03635,fluid
1487,12.6784,4.41473,,1001,-201.023,23660.9,,-2.02375,0.273695,2.04218,,10.8913,7.06874,12.7557,-2.74126,fluid
1488,15.3848,1.30832,,1000.78,-232.268,18314.1,,-3.51899,2.23753,4.17011,,8.42545,21.6213,9.61493,11.8113,fluid
1489,22.4892,1.99844,,1000.94,-54.3451,22265.4,,-1.87341,-0.493375,1.93729,,-6.97703,5.04495,-5.98792,-4.76505,fluid
1490,22.3659,2.79127,,1000.42,-171.972,9946.21,,-1.29877,-1.74108,2.17213,,-4.40904,6.48926,-3.96453,-3.32074,fluid
1491,22.751,2.14259,,1000.89,-52.645,20949.6,,-1.5532,-0.644632,1.68166,,-3.2761,5.1131,-2.35609,-4.6969,fluid
1492,22.398,1.75779,,1001.05,16.6735,24842.9,,-1.38611,-0.462795,1.46133,,-8.99987,3.67992,-7.89188,-6.13008,fluid
1493,12.7347,3.17261,,1001.63,-70.3197,38683.3,,-2.4217,0.932293,2.59496,,4.56611,5.1773,7.59879,-4.6327,fluid
1494,13.6327,2.5087,,1001.24,-106.28,29330.4,,-2.74116,0.910754,2.8885,,3.62548,4.59391,5.77428,-5.21609,fluid
1495,21.4694,1.05846,,1000.75,-24.0156,17701.6,,-0.599638,-0.156616,0.619753,,-7.05895,10.9697,-6.23507,1.15966,fluid
1496,14.0366,3.12972,,1001.11,-288.854,26204.9,,-2.0757,0.46884,2.12799,,4.82233,9.15198,6.68716,-0.65802,fluid
1497,22.2399,1.41172,,1001.08,77.9944,25405.7,,-0.741752,-0.231878,0.777151,,-8.22254,6.14171,-7.08143,-3.66829,fluid
1498,21.7251,1.30091,,1000.87,-1.07647,20610.3,,-0.67265,-0.237227,0.713257,,-7.16597,11.7083,-6.21811,1.89829,fluid
1499,18.7358,1.03801,,1000.42,-28.4374,9988.97,,-0.481631,0.0426469,0.483516,,-3.53194,11.8185,-2.99901,2.00851,fluid
1500,22.2202,2.08069,,1000.95,63.0082,22417.4,,-0.974345,0.0270295,0.97472,,-13.0928,4.47345,-12.0849,-5.33655,fluid
1501,15.6269,1.31094,,1000.84,-275.598,19822.5,,-4.7782,2.39072,5.34291,,10.4439,23.3724,11.7113,13.5624,fluid
1502,14.7945,1.69646,,1000.97,-187.93,22890.3,,-3.26287,2.17059,3.9189,,19.0999,15.3687,20.6457,5.5587,fluid
1503,14.0103,3.39921,,1001.12,-214.434,26405.1,,-1.77901,1.39019,2.25777,,3.48172,12.3865,5.3643,2.57649,fluid
1504,13.7482,2.832,,1001.2,-174.68,28285.7,,-2.47767,0.204399,2.48608,,1.79641,5.60223,3.85137,-4.20777,fluid
1505,12.7157,3.60984,,1001.43,-24.1852,33900.9,,-0.642218,0.693817,0.945424,,9.70977,3.5626,12.372,-6.2474,fluid
1506,11.7954,3.24218,,1001.31,-192.349,30976.3,,-2.28897,0.331561,2.31286,,1.28744,5.67396,3.91013,-4.13604,fluid
1507,13.0863,3.09591,,1001.51,-99.1529,35727.3,,-2.44791,1.00703,2.64695,,3.87841,8.5271,6.60443,-1.2829,fluid
1508,21.9522,3.34797,,1000.59,-80.5406,14020.9,,-3.37909,-1.47458,3.68682,,-7.4841,13.4007,-6.84578,3.59072,fluid
1509,22.9922,3.02838,,1000.65,10.9238,15422.8,,-0.889723,-2.25888,2.42779,,-3.52918,6.15644,-2.85884,-3.65356,fluid
1510,22.6543,3.91315,,1000.29,-107.778,6921.47,,-1.28969,-3.66078,3.88131,,-3.73284,6.61669,-3.4274,-3.19331,fluid
1511,23.0748,3.8314,,1000.35,-72.8702,8151.31,,-0.437156,-2.79854,2.83247,,-2.79872,7.11584,-2.44559,-2.69416,fluid
1512,12.2062,2.28715,,1001.4,-214.349,33161.3,,-3.04393,0.222509,3.05205,,3.31938,9.94515,6.03234,0.135148,fluid
1513,16.5042,3.05611,,999.879,122.01,-2843.56,,0.543554,-7.31938,7.33954,,-0.890667,4.0948,-1.06298,-5.7152,fluid
1514,22.4241,4.73944,,1000.13,-65.8095,3159.64,,-0.994678,-3.72209,3.8527,,-5.26342,5.36814,-5.12254,-4.44186,fluid
1515,22.5064,4.94849,,1000.12,-53.8059,2717.39,,-0.827014,-3.94304,4.02884,,-3.87711,6.50398,-3.75639,-3.30602,fluid
1516,23.0017,5.1132,,1000.11,-28.2481,2689.06,,-0.145276,-4.1369,4.13945,,-0.695849,8.05391,-0.578955,-1.75609,fluid
1517,17.6972,1.22582,,1000.26,-38.2649,6107.08,,-1.10912,-0.0945039,1.11314,,0.895362,12.4824,1.24036,2.67242,fluid
1518,23.3695,4.6323,,1000.25,-41.7047,5828.38,,-0.357544,-3.35376,3.37277,,1.82706,6.38268,2.0764,-3.42732,fluid
1519,11.2634,3.91078,,1001.11,-141.141,26299.1,,-1.95869,0.0824667,1.96042,,-0.537692,1.83628,1.79462,-7.97372,fluid
1520,17.3425,1.34056,,1000.2,-0.0735168,4651.39,,-0.235087,-0.96117,0.989502,,1.4521,21.7736,1.72025,11.9636,fluid
1521,19.9281,1.43605,,1000.65,17.9367,15347.9,,0.00811987,0.627578,0.627631,,-8.74016,14.4589,-7.9705,4.64893,fluid
1522,20.9601,1.35432,,1000.61,-46.3065,14382.4,,0.338775,-0.176024,0.381776,,-5.79688,7.97473,-5.11112,-1.83527,fluid
1523,13.1336,6.54097,,999.776,100.608,-5277.72,,1.12706,-1.95639,2.25782,,0.25666,-6.40138,-0.145278,-16.2114,fluid
1524,9.43659,10.7062,,1000.08,-131.8,1768.91,,-1.23551,-0.312314,1.27438,,3.00186,2.69142,3.1893,-7.11858,fluid
1525,7.79097,13.6185,,1000.13,-340.931,2962.86,,-2.80301,4.00695,4.89004,,3.92504,3.58056,4.30529,-6.22944,fluid
1526,5.01268,18.1645,,1000.05,-605.542,1139.15,,-3.06035,10.4115,10.852,,-0.278039,-0.809131,-0.0507965,-10.6191,fluid
1527,5.24005,29.5516,,977.63,0,-492614,,-2.77183,15.4692,15.7156,,0,0,-96.1604,-9.81,fluid
1528,21.0103,0.0241509,,1000.88,-13.743,20867.6,,-0.746891,-0.0143737,0.747029,,-0.582092,8.46135,0.410241,-1.34865,fluid
1529,22.8202,0.10016,,1000.72,52.3606,16982.9,,-0.357191,-0.0393961,0.359357,,-0.886025,10.5534,-0.142356,0.743429,fluid
1530,23.771,0.890114,,1000.92,1.8151,21729.6,,0.00135079,-0.208158,0.208163,,0.175559,16.2192,1.08884,6.40916,fluid
1531,23.1312,4.96738,,1000.14,-39.3857,3310.27,,-0.378099,-4.0579,4.07548,,0.0151737,7.9596,0.158262,-1.8504,fluid
1532,23.3833,3.57377,,1000.58,13.6293,13668,,-0.476484,-2.81239,2.85247,,0.35603,8.1484,0.940212,-1.6616,fluid
1533,22.3796,4.87832,,1000.12,-59.9756,2810.05,,-0.900743,-3.76328,3.86958,,-5.38598,6.04171,-5.26043,-3.76829,fluid
1534,22.1606,3.89466,,1000.44,-109.166,10330,,-2.90084,-2.91561,4.11287,,-10.7851,9.68745,-10.3192,-0.122555,fluid
1535,21.2403,2.78535,,1000.57,-161.905,13336.3,,-3.17645,0.0743055,3.17731,,-14.9261,13.3135,-14.2986,3.50348,fluid
1536,19.8617,1.20063,,1000.6,6.49725,14126.7,,-0.479659,-0.036265,0.481028,,-6.50304,8.57545,-5.79221,-1.23455,fluid
1537,21.4662,2.11919,,1000.62,-98.2524,14705.7,,-1.1412,0.0946063,1.14512,,-3.49617,-0.83718,-2.81153,-10.6472,fluid
1538,5.81326,18.002,,1000.08,-344.956,1780.33,,-2.00593,10.4581,10.6487,,0.542303,-0.309713,0.848533,-10.1197,fluid
1539,14.371,5.30478,,999.733,179.436,-6274.99,,2.09094,-3.80921,4.34536,,-2.62999,0.130813,-3.06675,-9.67919,fluid
1540,16.4383,3.52552,,999.864,115.177,-3192.46,,0.726354,-6.47549,6.5161,,-3.40575,-0.586051,-3.59998,-10.3961,fluid
1541,19.2786,1.26515,,1000.48,51.6816,11349,,0.777572,0.14127,0.790301,,-8.38454,14.4514,-7.79614,4.64136,fluid
1542,14.9418,3.06692,,1001.35,379.42,31890.9,,0.28893,0.49882,0.576456,,14.4275,-3.64866,16.559,-13.4587,fluid
1543,14.2551,2.6579,,1001.32,-186.984,31275.6,,-2.49696,0.263119,2.51078,,8.98267,0.352162,11.1738,-9.45784,fluid
1544,15.4094,3.8614,,999.854,-43.9956,-3442.85,,0.970194,-3.53042,3.6613,,6.51621,3.73513,6.29275,-6.07487,fluid
1545,20.1742,1.49477,,1000.74,39.0843,17401.7,,-0.0226689,0.882608,0.882899,,-6.85854,13.7599,-5.99661,3.94986,fluid
1546,17.9699,1.08568,,1000.36,5.30071,8411.8,,-0.401187,0.114302,0.417152,,-1.60111,10.5205,-1.13318,0.710545,fluid
1547,16.0444,1.25131,,1000.84,-224.919,19753.5,,-4.39828,0.524187,4.42941,,5.87798,18.0824,7.10812,8.27243,fluid
1548,19.7919,1.49754,,1000.62,20.7612,14609.3,,0.396743,0.75183,0.850091,,-11.5364,17.6531,-10.7987,7.84312,fluid
1549,16.2319,1.54303,,1001.04,-84.0638,24476.1,,-3.36188,0.164763,3.36591,,0.847615,24.9551,2.35396,15.1451,fluid
1550,16.5149,1.55333,,1000.87,-29.0707,20450.5,,-2.36022,-0.651903,2.44859,,2.3898,21.9224,3.62703,12.1124,fluid
1551,17.9571,1.22682,,1000.3,-11.4197,7093.15,,-0.404812,-0.0712952,0.411042,,-1.08712,14.1246,-0.692234,4.31464,fluid
1552,14.7445,3.05877,,1001.5,175.921,35415.1,,-0.799464,1.41062,1.62141,,10.6613,-0.182602,13.0596,-9.9926,fluid
1553,15.6643,2.88365,,1000.09,485.911,2134.82,,4.68343,-4.71988,6.64919,,7.76556,-0.598205,7.90183,-10.4082,fluid
1554,21.2712,1.79447,,1000.66,-98.4975,15536,,-0.54847,0.611196,0.821206,,-4.31156,3.29031,-3.58166,-6.51969,fluid
1555,21.6848,3.28172,,1000.53,-120.657,12564,,-2.43291,-0.0723905,2.43399,,-13.562,15.14,-12.9829,5.32995,fluid
1556,13.5807,3.15545,,1001.18,-214.753,27865.7,,-2.41478,1.02738,2.62425,,-0.88078,11.4224,1.16866,1.61244,fluid
1557,13.7989,4.1035,,1000.93,-74.0279,21867.5,,-0.594526,0.297108,0.664631,,3.6399,7.42556,5.22317,-2.38444,fluid
1558,21.9228,3.32675,,1000.58,-89.751,13743.5,,-3.28242,-1.27861,3.52266,,-7.86354,13.2439,-7.237,3.43395,fluid
1559,13.6411,4.60247,,1000.94,207.638,22294.3,,0.437873,0.0404264,0.439735,,5.75448,3.78526,7.38728,-6.02474,fluid
1560,15.9841,2.90179,,999.822,488.717,-4192.87,,6.703,-5.72477,8.81494,,-1.5414,2.23977,-1.80376,-7.57023,fluid
1561,16.5138,3.20966,,999.825,124.822,-4110.42,,1.40833,-4.98768,5.1827,,-3.85513,1.65914,-4.10408,-8.15086,fluid
1562,16.1112,3.91984,,999.93,34.3239,-1645.57,,-0.786897,-5.07633,5.13696,,1.7389,-4.12191,1.63675,-13.9319,fluid
1563,18.3384,1.2125,,1000.36,-26.5719,8439.94,,-0.458343,0.0746397,0.46438,,-1.88307,14.2134,-1.423,4.40336,fluid
1564,15.8767,3.9012,,999.934,72.7939,-1544.09,,-0.382396,-5.118,5.13227,,4.01251,-2.57228,3.91525,-12.3823,fluid
1565,11.1326,2.77132,,1001.46,-192.808,34622.6,,-2.52564,0.169866,2.53134,,3.27861,8.80268,6.38409,-1.00732,fluid
1566,17.3379,1.26788,,1000.15,-95.3247,3424.91,,-0.921389,-0.681994,1.14633,,1.73912,22.2881,1.93663,12.4781,fluid
1567,16.8453,1.57988,,1000.59,36.1497,13931.7,,-1.17274,-1.08898,1.60037,,4.07617,18.2066,4.90272,8.39662,fluid
1568,20.0812,1.6665,,1000.74,-28.7131,17349.4,,-0.413084,1.21167,1.28015,,-11.0008,20.4956,-10.1375,10.6856,fluid
1569,20.437,1.63087,,1000.85,56.2982,20090,,-0.323155,1.46767,1.50283,,-7.91864,13.0634,-6.93646,3.25338,fluid
1570,20.5908,1.95601,,1000.89,-96.5485,20998.2,,-2.29822,2.2684,3.22916,,-15.8991,14.2363,-14.8802,4.42632,fluid
1571,19.4221,1.26203,,1000.51,29.5574,12080.9,,0.288939,0.159526,0.330052,,-7.85137,13.3472,-7.22967,3.53718,fluid
1572,14.7116,2.61363,,1001.28,-102.127,30173.8,,-0.490774,1.88349,1.94638,,18.1589,-5.96638,20.2074,-15.7764,fluid
1573,11.7164,7.87335,,1000.14,4.89965,3239.96,,0.0351994,-1.72603,1.72639,,4.68368,4.31414,4.96018,-5.49586,fluid
1574,8.96821,12.1372,,1000.13,-282.915,3081.22,,-2.52664,0.686947,2.61836,,4.56548,1.24158,4.90901,-8.56842,fluid
1575,7.21788,15.2709,,1000.4,-196.9,9545.75,,-1.38287,5.39843,5.57274,,2.63896,1.86429,3.96094,-7.94571,fluid
