h/dp :,2
L2norm Pressure,KE,dp,Nparticles
111016,2.90517e+08,0.5,1152

t,5.08
ID,r,z,,rho,drhodt,pressure,,u_r,u_z,velocity,,pairAr,pairAz,totalAr,totalAz,Type
0,0.25,-0.25,,1000,0,0,,0,0,0,,0,0,0,-9.81,boundary
1,0.75,-0.25,,1000,0,0,,0,0,0,,0,0,0,-9.81,boundary
2,1.25,-0.25,,1000,0,0,,0,0,0,,0,0,0,-9.81,boundary
3,1.75,-0.25,,1000,0,0,,0,0,0,,0,0,0,-9.81,boundary
4,2.25,-0.25,,1000,0,0,,0,0,0,,0,0,0,-9.81,boundary
5,2.75,-0.25,,1000,0,0,,0,0,0,,0,0,0,-9.81,boundary
6,3.25,-0.25,,1000.02,0,390.031,,0,0,0,,0,0,0.120007,-9.81,boundary
7,3.75,-0.25,,1000.05,0,1271.59,,0,0,0,,0,0,0.339072,-9.81,boundary
8,4.25,-0.25,,1000.08,0,1835.52,,0,0,0,,0,0,0.431853,-9.81,boundary
9,4.75,-0.25,,1000,0,0,,0,0,0,,0,0,0,-9.81,boundary
10,5.25,-0.25,,1000,0,0,,0,0,0,,0,0,0,-9.81,boundary
11,5.75,-0.25,,1000,0,0,,0,0,0,,0,0,0,-9.81,boundary
12,6.25,-0.25,,1000,0,0,,0,0,0,,0,0,0,-9.81,boundary
13,6.75,-0.25,,1000,0,0,,0,0,0,,0,0,0,-9.81,boundary
14,7.25,-0.25,,1000.27,0,6457.09,,0,0,0,,0,0,0.890389,-9.81,boundary
15,7.75,-0.25,,1000.57,0,13453,,0,0,0,,0,0,1.73488,-9.81,boundary
16,8.25,-0.25,,1000.74,0,17421.6,,0,0,0,,0,0,2.11015,-9.81,boundary
17,8.75,-0.25,,1000.85,0,20099,,0,0,0,,0,0,2.29507,-9.81,boundary
18,9.25,-0.25,,1000.98,0,23238.6,,0,0,0,,0,0,2.50981,-9.81,boundary
19,9.75,-0.25,,1001.09,0,25719.8,,0,0,0,,0,0,2.63506,-9.81,boundary
20,10.25,-0.25,,1001.2,0,28470.9,,0,0,0,,0,0,2.77431,-9.81,boundary
21,10.75,-0.25,,1001.52,0,35919.6,,0,0,0,,0,0,3.33629,-9.81,boundary
22,11.25,-0.25,,1002.12,0,50344.1,,0,0,0,,0,0,4.46555,-9.81,boundary
23,11.75,-0.25,,1002.73,0,64776.8,,0,0,0,,0,0,5.49792,-9.81,boundary
24,12.25,-0.25,,1003.18,0,75685,,0,0,0,,0,0,6.15876,-9.81,boundary
25,12.75,-0.25,,1003.73,0,88890.3,,0,0,0,,0,0,6.94585,-9.81,boundary
26,13.25,-0.25,,1004.32,0,102940,,0,0,0,,0,0,7.73568,-9.81,boundary
27,13.75,-0.25,,1004.16,0,99056.9,,0,0,0,,0,0,7.17432,-9.81,boundary
28,14.25,-0.25,,1003.56,0,84670.8,,0,0,0,,0,0,5.92074,-9.81,boundary
29,14.75,-0.25,,1003.25,0,77156.9,,0,0,0,,0,0,5.21405,-9.81,boundary
30,15.25,-0.25,,1003.16,0,75014.7,,0,0,0,,0,0,4.90352,-9.81,boundary
31,15.75,-0.25,,1002.97,0,70443.7,,0,0,0,,0,0,4.45939,-9.81,boundary
32,16.25,-0.25,,1002.94,0,69810.9,,0,0,0,,0,0,4.28346,-9.81,boundary
33,16.75,-0.25,,1003.31,0,78805.2,,0,0,0,,0,0,4.68925,-9.81,boundary
34,17.25,-0.25,,1003.46,0,82199.8,,0,0,0,,0,0,4.7488,-9.81,boundary
35,17.75,-0.25,,1002.88,0,68324.2,,0,0,0,,0,0,3.83821,-9.81,boundary
36,18.25,-0.25,,1002.24,0,53140.9,,0,0,0,,0,0,2.90531,-9.81,boundary
37,18.75,-0.25,,1001.94,0,46003.5,,0,0,0,,0,0,2.44876,-9.81,boundary
38,19.25,-0.25,,1001.86,0,43986.5,,0,0,0,,0,0,2.28078,-9.81,boundary
39,19.75,-0.25,,1001.74,0,41282.4,,0,0,0,,0,0,2.08661,-9.81,boundary
40,20.25,-0.25,,1001.43,0,33753.4,,0,0,0,,0,0,1.66446,-9.81,boundary
41,20.75,-0.25,,1001.12,0,26389.8,,0,0,0,,0,0,1.27038,-9.81,boundary
42,21.25,-0.25,,1001.09,0,25649.3,,0,0,0,,0,0,1.20572,-9.81,boundary
43,21.75,-0.25,,1001.17,0,27656.2,,0,0,0,,0,0,1.27006,-9.81,boundary
44,22.25,-0.25,,1001.13,0,26781.2,,0,0,0,,0,0,1.20229,-9.81,boundary
45,22.75,-0.25,,1001.05,0,24793.6,,0,0,0,,0,0,1.08868,-9.81,boundary
46,23.25,-0.25,,1001.06,0,25023.4,,0,0,0,,0,0,1.07514,-9.81,boundary
47,23.75,-0.25,,1001.13,0,26634,,0,0,0,,0,0,1.12017,-9.81,boundary
48,24.25,-0.25,,1001.14,0,26892.8,,0,0,0,,0,0,1.10772,-9.81,boundary
49,24.75,-0.25,,1001.03,0,24218.7,,0,0,0,,0,0,0.977532,-9.81,boundary
50,25.25,-0.25,,1001.13,0,26756.2,,0,0,0,,0,0,1.05845,-9.81,boundary
51,25.75,-0.25,,1001.46,0,34551,,0,0,0,,0,0,1.33983,-9.81,boundary
52,0.25,-0.75,,1000,0,0,,0,0,0,,0,0,0,-9.81,boundary
53,0.75,-0.75,,1000,0,0,,0,0,0,,0,0,0,-9.81,boundary
54,1.25,-0.75,,1000,0,0,,0,0,0,,0,0,0,-9.81,boundary
55,1.75,-0.75,,1000,0,0,,0,0,0,,0,0,0,-9.81,boundary
56,2.25,-0.75,,1000,0,0,,0,0,0,,0,0,0,-9.81,boundary
57,2.75,-0.75,,1000,0,0,,0,0,0,,0,0,0,-9.81,boundary
58,3.25,-0.75,,1000.74,0,17451.2,,0,0,0,,0,0,5.36564,-9.81,boundary
59,3.75,-0.75,,1001.33,0,31350.8,,0,0,0,,0,0,8.34914,-9.81,boundary
60,4.25,-0.75,,1000.57,0,13507.8,,0,0,0,,0,0,3.17649,-9.81,boundary
61,4.75,-0.75,,1000.16,0,3773.64,,0,0,0,,0,0,0.794322,-9.81,boundary
62,5.25,-0.75,,1000,0,0,,0,0,0,,0,0,0,-9.81,boundary
63,5.75,-0.75,,1000,0,0,,0,0,0,,0,0,0,-9.81,boundary
64,6.25,-0.75,,1000,0,0,,0,0,0,,0,0,0,-9.81,boundary
65,6.75,-0.75,,1000,0,0,,0,0,0,,0,0,0,-9.81,boundary
66,7.25,-0.75,,1000.36,0,8597.09,,0,0,0,,0,0,1.18537,-9.81,boundary
67,7.75,-0.75,,1000.75,0,17802.6,,0,0,0,,0,0,2.29538,-9.81,boundary
68,8.25,-0.75,,1000.93,0,22059.8,,0,0,0,,0,0,2.67142,-9.81,boundary
69,8.75,-0.75,,1001.06,0,25049.3,,0,0,0,,0,0,2.85975,-9.81,boundary
70,9.25,-0.75,,1001.26,0,29797.4,,0,0,0,,0,0,3.21728,-9.81,boundary
71,9.75,-0.75,,1001.4,0,33105.6,,0,0,0,,0,0,3.3907,-9.81,boundary
72,10.25,-0.75,,1001.51,0,35763.5,,0,0,0,,0,0,3.48385,-9.81,boundary
73,10.75,-0.75,,1001.98,0,46809.2,,0,0,0,,0,0,4.34575,-9.81,boundary
74,11.25,-0.75,,1002.76,0,65450,,0,0,0,,0,0,5.80178,-9.81,boundary
75,11.75,-0.75,,1003.35,0,79593.9,,0,0,0,,0,0,6.75135,-9.81,boundary
76,12.25,-0.75,,1003.45,0,82063.3,,0,0,0,,0,0,6.67602,-9.81,boundary
77,12.75,-0.75,,1003.66,0,87051.4,,0,0,0,,0,0,6.80269,-9.81,boundary
78,13.25,-0.75,,1004.1,0,97824.5,,0,0,0,,0,0,7.35281,-9.81,boundary
79,13.75,-0.75,,1004.19,0,99777.5,,0,0,0,,0,0,7.2263,-9.81,boundary
80,14.25,-0.75,,1003.82,0,91063.1,,0,0,0,,0,0,6.36605,-9.81,boundary
81,14.75,-0.75,,1003.6,0,85748.5,,0,0,0,,0,0,5.79259,-9.81,boundary
82,15.25,-0.75,,1003.57,0,85068,,0,0,0,,0,0,5.55836,-9.81,boundary
83,15.75,-0.75,,1003.42,0,81243.5,,0,0,0,,0,0,5.14076,-9.81,boundary
84,16.25,-0.75,,1003.28,0,77884.1,,0,0,0,,0,0,4.77722,-9.81,boundary
85,16.75,-0.75,,1003.57,0,85012.5,,0,0,0,,0,0,5.05731,-9.81,boundary
86,17.25,-0.75,,1003.77,0,89777.5,,0,0,0,,0,0,5.18495,-9.81,boundary
87,17.75,-0.75,,1003.14,0,74675,,0,0,0,,0,0,4.19387,-9.81,boundary
88,18.25,-0.75,,1002.27,0,53922.4,,0,0,0,,0,0,2.94794,-9.81,boundary
89,18.75,-0.75,,1001.83,0,43270.3,,0,0,0,,0,0,2.30354,-9.81,boundary
90,19.25,-0.75,,1001.74,0,41232.8,,0,0,0,,0,0,2.13824,-9.81,boundary
91,19.75,-0.75,,1001.71,0,40503.7,,0,0,0,,0,0,2.04731,-9.81,boundary
92,20.25,-0.75,,1001.46,0,34609.8,,0,0,0,,0,0,1.70663,-9.81,boundary
93,20.75,-0.75,,1001.06,0,25006.2,,0,0,0,,0,0,1.20384,-9.81,boundary
94,21.25,-0.75,,1000.95,0,22531.5,,0,0,0,,0,0,1.05929,-9.81,boundary
95,21.75,-0.75,,1000.94,0,22170.9,,0,0,0,,0,0,1.0184,-9.81,boundary
96,22.25,-0.75,,1000.73,0,17135.1,,0,0,0,,0,0,0.769556,-9.81,boundary
97,22.75,-0.75,,1000.5,0,11696.8,,0,0,0,,0,0,0.513889,-9.81,boundary
98,23.25,-0.75,,1000.45,0,10590.5,,0,0,0,,0,0,0.455299,-9.81,boundary
99,23.75,-0.75,,1000.48,0,11247,,0,0,0,,0,0,0.473331,-9.81,boundary
100,24.25,-0.75,,1000.48,0,11247.5,,0,0,0,,0,0,0.463592,-9.81,boundary
101,24.75,-0.75,,1000.37,0,8676.81,,0,0,0,,0,0,0.350449,-9.81,boundary
102,25.25,-0.75,,1000.72,0,16908.6,,0,0,0,,0,0,0.669169,-9.81,boundary
103,25.75,-0.75,,1001.45,0,34348.5,,0,0,0,,0,0,1.33199,-9.81,boundary
104,0.25,-1.25,,1000,0,0,,0,0,0,,0,0,0,-9.81,boundary
105,0.75,-1.25,,1000,0,0,,0,0,0,,0,0,0,-9.81,boundary
106,1.25,-1.25,,1000,0,0,,0,0,0,,0,0,0,-9.81,boundary
107,1.75,-1.25,,1000,0,0,,0,0,0,,0,0,0,-9.81,boundary
108,2.25,-1.25,,1000,0,0,,0,0,0,,0,0,0,-9.81,boundary
109,2.75,-1.25,,1000,0,0,,0,0,0,,0,0,0,-9.81,boundary
110,3.25,-1.25,,1000.49,0,11564.1,,0,0,0,,0,0,3.55645,-9.81,boundary
111,3.75,-1.25,,1001.73,0,40891.6,,0,0,0,,0,0,10.8856,-9.81,boundary
112,4.25,-1.25,,1001.2,0,28280.3,,0,0,0,,0,0,6.64624,-9.81,boundary
113,4.75,-1.25,,1000,0,0,,0,0,0,,0,0,0,-9.81,boundary
114,5.25,-1.25,,1000,0,0,,0,0,0,,0,0,0,-9.81,boundary
115,5.75,-1.25,,1000,0,0,,0,0,0,,0,0,0,-9.81,boundary
116,6.25,-1.25,,1000,0,0,,0,0,0,,0,0,0,-9.81,boundary
117,6.75,-1.25,,1000.13,0,3004.2,,0,0,0,,0,0,0.445009,-9.81,boundary
118,7.25,-1.25,,1000.52,0,12227.6,,0,0,0,,0,0,1.68569,-9.81,boundary
119,7.75,-1.25,,1000.99,0,23432,,0,0,0,,0,0,3.02049,-9.81,boundary
120,8.25,-1.25,,1001.24,0,29263.1,,0,0,0,,0,0,3.54265,-9.81,boundary
121,8.75,-1.25,,1001.43,0,33839.8,,0,0,0,,0,0,3.86188,-9.81,boundary
122,9.25,-1.25,,1001.65,0,39063.6,,0,0,0,,0,0,4.21613,-9.81,boundary
123,9.75,-1.25,,1001.74,0,41190.2,,0,0,0,,0,0,4.2173,-9.81,boundary
124,10.25,-1.25,,1001.92,0,45379.3,,0,0,0,,0,0,4.41878,-9.81,boundary
125,10.75,-1.25,,1002.59,0,61419.4,,0,0,0,,0,0,5.69868,-9.81,boundary
126,11.25,-1.25,,1003.48,0,82761.3,,0,0,0,,0,0,7.33106,-9.81,boundary
127,11.75,-1.25,,1003.71,0,88331.1,,0,0,0,,0,0,7.48975,-9.81,boundary
128,12.25,-1.25,,1003.29,0,78316.4,,0,0,0,,0,0,6.37218,-9.81,boundary
129,12.75,-1.25,,1002.92,0,69421.1,,0,0,0,,0,0,5.42892,-9.81,boundary
130,13.25,-1.25,,1003.03,0,71929.4,,0,0,0,,0,0,5.41225,-9.81,boundary
131,13.75,-1.25,,1003.47,0,82592.7,,0,0,0,,0,0,5.98596,-9.81,boundary
132,14.25,-1.25,,1003.76,0,89473.8,,0,0,0,,0,0,6.25536,-9.81,boundary
133,14.75,-1.25,,1003.83,0,91228.6,,0,0,0,,0,0,6.16139,-9.81,boundary
134,15.25,-1.25,,1003.92,0,93368.8,,0,0,0,,0,0,6.09864,-9.81,boundary
135,15.75,-1.25,,1003.98,0,94756.6,,0,0,0,,0,0,5.99246,-9.81,boundary
136,16.25,-1.25,,1003.83,0,91171.4,,0,0,0,,0,0,5.58915,-9.81,boundary
137,16.75,-1.25,,1003.65,0,86769.5,,0,0,0,,0,0,5.16145,-9.81,boundary
138,17.25,-1.25,,1003.65,0,86776.7,,0,0,0,,0,0,5.01226,-9.81,boundary
139,17.75,-1.25,,1003.44,0,81855.1,,0,0,0,,0,0,4.59574,-9.81,boundary
140,18.25,-1.25,,1002.87,0,68202.7,,0,0,0,,0,0,3.72643,-9.81,boundary
141,18.75,-1.25,,1002.44,0,57888.9,,0,0,0,,0,0,3.07989,-9.81,boundary
142,19.25,-1.25,,1002.51,0,59641.8,,0,0,0,,0,0,3.0905,-9.81,boundary
143,19.75,-1.25,,1002.77,0,65683.7,,0,0,0,,0,0,3.31658,-9.81,boundary
144,20.25,-1.25,,1002.74,0,65077.4,,0,0,0,,0,0,3.20492,-9.81,boundary
145,20.75,-1.25,,1002.53,0,60027,,0,0,0,,0,0,2.88557,-9.81,boundary
146,21.25,-1.25,,1002.42,0,57374.3,,0,0,0,,0,0,2.69345,-9.81,boundary
147,21.75,-1.25,,1002.19,0,51809.8,,0,0,0,,0,0,2.37686,-9.81,boundary
148,22.25,-1.25,,1001.72,0,40742.9,,0,0,0,,0,0,1.828,-9.81,boundary
149,22.75,-1.25,,1001.29,0,30467.6,,0,0,0,,0,0,1.33751,-9.81,boundary
150,23.25,-1.25,,1001.01,0,23884.8,,0,0,0,,0,0,1.02627,-9.81,boundary
151,23.75,-1.25,,1000.88,0,20791.8,,0,0,0,,0,0,0.874674,-9.81,boundary
152,24.25,-1.25,,1000.87,0,20445.5,,0,0,0,,0,0,0.842382,-9.81,boundary
153,24.75,-1.25,,1000.99,0,23333.6,,0,0,0,,0,0,0.941841,-9.81,boundary
154,25.25,-1.25,,1001.78,0,42184.6,,0,0,0,,0,0,1.66771,-9.81,boundary
155,25.75,-1.25,,1003.2,0,76137,,0,0,0,,0,0,2.94734,-9.81,boundary
156,0.25,-1.75,,1000,0,0,,0,0,0,,0,0,0,-9.81,boundary
157,0.75,-1.75,,1000,0,0,,0,0,0,,0,0,0,-9.81,boundary
158,1.25,-1.75,,1000,0,0,,0,0,0,,0,0,0,-9.81,boundary
159,1.75,-1.75,,1000,0,0,,0,0,0,,0,0,0,-9.81,boundary
160,2.25,-1.75,,1000,0,0,,0,0,0,,0,0,0,-9.81,boundary
161,2.75,-1.75,,1000,0,0,,0,0,0,,0,0,0,-9.81,boundary
162,3.25,-1.75,,1000.01,0,264.809,,0,0,0,,0,0,0.0814789,-9.81,boundary
163,3.75,-1.75,,1000.04,0,986.866,,0,0,0,,0,0,0.263153,-9.81,boundary
164,4.25,-1.75,,1000.07,0,1631.73,,0,0,0,,0,0,0.383911,-9.81,boundary
165,4.75,-1.75,,1000.1,0,2280.63,,0,0,0,,0,0,0.480086,-9.81,boundary
166,5.25,-1.75,,1000.13,0,3138.67,,0,0,0,,0,0,0.597763,-9.81,boundary
167,5.75,-1.75,,1000.17,0,3965.68,,0,0,0,,0,0,0.689568,-9.81,boundary
168,6.25,-1.75,,1000.2,0,4719.44,,0,0,0,,0,0,0.754959,-9.81,boundary
169,6.75,-1.75,,1000.23,0,5363.49,,0,0,0,,0,0,0.79441,-9.81,boundary
170,7.25,-1.75,,1000.24,0,5683.46,,0,0,0,,0,0,0.783736,-9.81,boundary
171,7.75,-1.75,,1001.38,0,32583.5,,0,0,0,,0,0,4.19854,-9.81,boundary
172,8.25,-1.75,,1001.5,0,35577.1,,0,0,0,,0,0,4.3059,-9.81,boundary
173,8.75,-1.75,,1001.86,0,44068.6,,0,0,0,,0,0,5.02705,-9.81,boundary
174,9.25,-1.75,,1002.11,0,49952.2,,0,0,0,,0,0,5.38888,-9.81,boundary
175,9.75,-1.75,,1002.05,0,48579.3,,0,0,0,,0,0,4.97229,-9.81,boundary
176,10.25,-1.75,,1002.28,0,54083.9,,0,0,0,,0,0,5.26447,-9.81,boundary
177,10.75,-1.75,,1003.2,0,76004.5,,0,0,0,,0,0,7.04766,-9.81,boundary
178,11.25,-1.75,,1003.99,0,95091.5,,0,0,0,,0,0,8.41898,-9.81,boundary
179,11.75,-1.75,,1003.71,0,88295.9,,0,0,0,,0,0,7.48678,-9.81,boundary
180,12.25,-1.75,,1002.56,0,60715.6,,0,0,0,,0,0,4.94372,-9.81,boundary
181,12.75,-1.75,,1001.69,0,39980.8,,0,0,0,,0,0,3.13046,-9.81,boundary
182,13.25,-1.75,,1001.69,0,39986,,0,0,0,,0,0,3.01272,-9.81,boundary
183,13.75,-1.75,,1002.65,0,62780.3,,0,0,0,,0,0,4.55379,-9.81,boundary
184,14.25,-1.75,,1003.61,0,85882.2,,0,0,0,,0,0,6.00515,-9.81,boundary
185,14.75,-1.75,,1004.09,0,97512.2,,0,0,0,,0,0,6.58406,-9.81,boundary
186,15.25,-1.75,,1004.18,0,99562.7,,0,0,0,,0,0,6.50155,-9.81,boundary
187,15.75,-1.75,,1004.38,0,104557,,0,0,0,,0,0,6.60955,-9.81,boundary
188,16.25,-1.75,,1004.57,0,108964,,0,0,0,,0,0,6.67503,-9.81,boundary
189,16.75,-1.75,,1004.17,0,99499.1,,0,0,0,,0,0,5.91555,-9.81,boundary
190,17.25,-1.75,,1003.61,0,86000.1,,0,0,0,,0,0,4.96756,-9.81,boundary
191,17.75,-1.75,,1003.58,0,85283.1,,0,0,0,,0,0,4.78753,-9.81,boundary
192,18.25,-1.75,,1003.85,0,91667.6,,0,0,0,,0,0,5.00363,-9.81,boundary
193,18.75,-1.75,,1004,0,95368.1,,0,0,0,,0,0,5.06602,-9.81,boundary
194,19.25,-1.75,,1004.16,0,99144.6,,0,0,0,,0,0,5.12904,-9.81,boundary
195,19.75,-1.75,,1004.42,0,105361,,0,0,0,,0,0,5.31127,-9.81,boundary
196,20.25,-1.75,,1004.55,0,108514,,0,0,0,,0,0,5.33444,-9.81,boundary
197,20.75,-1.75,,1004.63,0,110490,,0,0,0,,0,0,5.3003,-9.81,boundary
198,21.25,-1.75,,1004.69,0,111915,,0,0,0,,0,0,5.24204,-9.81,boundary
199,21.75,-1.75,,1004.57,0,109013,,0,0,0,,0,0,4.9893,-9.81,boundary
200,22.25,-1.75,,1004.34,0,103434,,0,0,0,,0,0,4.62867,-9.81,boundary
201,22.75,-1.75,,1004.06,0,96872.6,,0,0,0,,0,0,4.2409,-9.81,boundary
202,23.25,-1.75,,1003.67,0,87246.8,,0,0,0,,0,0,3.73885,-9.81,boundary
203,23.75,-1.75,,1003.23,0,76850.2,,0,0,0,,0,0,3.22537,-9.81,boundary
204,24.25,-1.75,,1003.26,0,77455.2,,0,0,0,,0,0,3.18366,-9.81,boundary
205,24.75,-1.75,,1003.82,0,90937.2,,0,0,0,,0,0,3.66025,-9.81,boundary
206,25.25,-1.75,,1005,0,119592,,0,0,0,,0,0,4.71272,-9.81,boundary
207,25.75,-1.75,,1006.63,0,159153,,0,0,0,,0,0,6.14001,-9.81,boundary
208,24.25,0.25,,1001.99,0,47245.9,,0,0,0,,0,0,1.94441,-9.81,boundary
209,24.25,0.75,,1002.84,0,67335.4,,0,0,0,,0,0,2.76887,-9.81,boundary
210,24.25,1.25,,1003.5,0,83301.3,,0,0,0,,0,0,3.42312,-9.81,boundary
211,24.25,1.75,,1003.84,0,91427.2,,0,0,0,,0,0,3.75578,-9.81,boundary
212,24.25,2.25,,1004.05,0,96536.4,,0,0,0,,0,0,3.96482,-9.81,boundary
213,24.25,2.75,,1003.99,0,95035,,0,0,0,,0,0,3.9034,-9.81,boundary
214,24.25,3.25,,1003.79,0,90229.7,,0,0,0,,0,0,3.70677,-9.81,boundary
215,24.25,3.75,,1003.51,0,83590.6,,0,0,0,,0,0,3.43497,-9.81,boundary
216,24.25,4.25,,1003.54,0,84215.6,,0,0,0,,0,0,3.46056,-9.81,boundary
217,24.25,4.75,,1004.71,0,112416,,0,0,0,,0,0,4.61397,-9.81,boundary
218,24.25,5.25,,1006.95,0,167025,,0,0,0,,0,0,6.84012,-9.81,boundary
219,24.25,5.75,,1001.96,0,46484.3,,0,0,0,,0,0,1.91312,-9.81,boundary
220,24.25,6.25,,1001.84,0,43529.8,,0,0,0,,0,0,1.79175,-9.81,boundary
221,24.25,6.75,,1001.58,0,37311.3,,0,0,0,,0,0,1.53619,-9.81,boundary
222,24.25,7.25,,1001.24,0,29198.2,,0,0,0,,0,0,1.20257,-9.81,boundary
223,24.25,7.75,,1000.93,0,22048.9,,0,0,0,,0,0,0.908383,-9.81,boundary
224,24.25,8.25,,1000.68,0,16049.4,,0,0,0,,0,0,0.66138,-9.81,boundary
225,24.25,8.75,,1000.44,0,10382.3,,0,0,0,,0,0,0.427947,-9.81,boundary
226,24.25,9.25,,1000.29,0,6908.93,,0,0,0,,0,0,0.284821,-9.81,boundary
227,24.25,9.75,,1000.24,0,5594.99,,0,0,0,,0,0,0.230666,-9.81,boundary
228,24.25,10.25,,1000.22,0,5192.94,,0,0,0,,0,0,0.214095,-9.81,boundary
229,24.25,10.75,,1000.16,0,3785.26,,0,0,0,,0,0,0.156068,-9.81,boundary
230,24.25,11.25,,1000.07,0,1694.52,,0,0,0,,0,0,0.0698721,-9.81,boundary
231,24.25,11.75,,1000.05,0,1215.93,,0,0,0,,0,0,0.0501389,-9.81,boundary
232,24.25,12.25,,1000.04,0,874.866,,0,0,0,,0,0,0.0360756,-9.81,boundary
233,24.25,12.75,,1000,0,0,,0,0,0,,0,0,0,-9.81,boundary
234,24.25,13.25,,1000,0,0,,0,0,0,,0,0,0,-9.81,boundary
235,24.25,13.75,,1000,0,0,,0,0,0,,0,0,0,-9.81,boundary
236,24.25,14.25,,1000,0,0,,0,0,0,,0,0,0,-9.81,boundary
237,24.25,14.75,,1000,0,0,,0,0,0,,0,0,0,-9.81,boundary
238,24.25,15.25,,1000,0,0,,0,0,0,,0,0,0,-9.81,boundary
239,24.25,15.75,,1000,0,0,,0,0,0,,0,0,0,-9.81,boundary
240,24.25,16.25,,1000,0,0,,0,0,0,,0,0,0,-9.81,boundary
241,24.25,16.75,,1000,0,0,,0,0,0,,0,0,0,-9.81,boundary
242,24.25,17.25,,1000,0,0,,0,0,0,,0,0,0,-9.81,boundary
243,24.25,17.75,,1000,0,0,,0,0,0,,0,0,0,-9.81,boundary
244,24.25,18.25,,1000,0,0,,0,0,0,,0,0,0,-9.81,boundary
245,24.25,18.75,,1000,0,0,,0,0,0,,0,0,0,-9.81,boundary
246,24.25,19.25,,1000,0,0,,0,0,0,,0,0,0,-9.81,boundary
247,24.25,19.75,,1000,0,0,,0,0,0,,0,0,0,-9.81,boundary
248,24.25,20.25,,1000,0,0,,0,0,0,,0,0,0,-9.81,boundary
249,24.25,20.75,,1000,0,0,,0,0,0,,0,0,0,-9.81,boundary
250,24.25,21.25,,1000,0,0,,0,0,0,,0,0,0,-9.81,boundary
251,24.25,21.75,,1000,0,0,,0,0,0,,0,0,0,-9.81,boundary
252,24.25,22.25,,1000,0,0,,0,0,0,,0,0,0,-9.81,boundary
253,24.25,22.75,,1000,0,0,,0,0,0,,0,0,0,-9.81,boundary
254,24.25,23.25,,1000,0,0,,0,0,0,,0,0,0,-9.81,boundary
255,24.25,23.75,,1000,0,0,,0,0,0,,0,0,0,-9.81,boundary
256,24.25,24.25,,1000,0,0,,0,0,0,,0,0,0,-9.81,boundary
257,24.25,24.75,,1000,0,0,,0,0,0,,0,0,0,-9.81,boundary
258,24.25,25.25,,1000,0,0,,0,0,0,,0,0,0,-9.81,boundary
259,24.25,25.75,,1000,0,0,,0,0,0,,0,0,0,-9.81,boundary
260,24.25,26.25,,1000,0,0,,0,0,0,,0,0,0,-9.81,boundary
261,24.25,26.75,,1000,0,0,,0,0,0,,0,0,0,-9.81,boundary
262,24.75,0.25,,1001.92,0,45442.5,,0,0,0,,0,0,1.83254,-9.81,boundary
263,24.75,0.75,,1002.76,0,65556.2,,0,0,0,,0,0,2.64144,-9.81,boundary
264,24.75,1.25,,1003.51,0,83417.8,,0,0,0,,0,0,3.35864,-9.81,boundary
265,24.75,1.75,,1003.93,0,93710.8,,0,0,0,,0,0,3.77146,-9.81,boundary
266,24.75,2.25,,1004.02,0,95782.3,,0,0,0,,0,0,3.8545,-9.81,boundary
267,24.75,2.75,,1003.8,0,90418.7,,0,0,0,,0,0,3.63946,-9.81,boundary
268,24.75,3.25,,1003.46,0,82247.9,,0,0,0,,0,0,3.3117,-9.81,boundary
269,24.75,3.75,,1003.16,0,75158.4,,0,0,0,,0,0,3.02713,-9.81,boundary
270,24.75,4.25,,1003.2,0,76131.9,,0,0,0,,0,0,3.06621,-9.81,boundary
271,24.75,4.75,,1004.29,0,102283,,0,0,0,,0,0,4.11499,-9.81,boundary
272,24.75,5.25,,1005.82,0,139337,,0,0,0,,0,0,5.59724,-9.81,boundary
273,24.75,5.75,,1006.5,0,156059,,0,0,0,,0,0,6.26469,-9.81,boundary
274,24.75,6.25,,1007.17,0,172577,,0,0,0,,0,0,6.92316,-9.81,boundary
275,24.75,6.75,,1008.1,0,195367,,0,0,0,,0,0,7.83021,-9.81,boundary
276,24.75,7.25,,1009.01,0,218028,,0,0,0,,0,0,8.73052,-9.81,boundary
277,24.75,7.75,,1008.64,0,208804,,0,0,0,,0,0,8.36425,-9.81,boundary
278,24.75,8.25,,1006.68,0,160469,,0,0,0,,0,0,6.44057,-9.81,boundary
279,24.75,8.75,,1003.39,0,80564.9,,0,0,0,,0,0,3.24416,-9.81,boundary
280,24.75,9.25,,1001.64,0,38809.7,,0,0,0,,0,0,1.5655,-9.81,boundary
281,24.75,9.75,,1000.22,0,5085.94,,0,0,0,,0,0,0.205448,-9.81,boundary
282,24.75,10.25,,1000.18,0,4252.89,,0,0,0,,0,0,0.171803,-9.81,boundary
283,24.75,10.75,,1000.12,0,2907.28,,0,0,0,,0,0,0.117451,-9.81,boundary
284,24.75,11.25,,1000.08,0,1769.95,,0,0,0,,0,0,0.0715078,-9.81,boundary
285,24.75,11.75,,1000.06,0,1328.6,,0,0,0,,0,0,0.053678,-9.81,boundary
286,24.75,12.25,,1000.05,0,1207.58,,0,0,0,,0,0,0.0487884,-9.81,boundary
287,24.75,12.75,,1000.04,0,879.128,,0,0,0,,0,0,0.035519,-9.81,boundary
288,24.75,13.25,,1000,0,82.2047,,0,0,0,,0,0,0.00332139,-9.81,boundary
289,24.75,13.75,,1000,0,0,,0,0,0,,0,0,0,-9.81,boundary
290,24.75,14.25,,1000,0,0,,0,0,0,,0,0,0,-9.81,boundary
291,24.75,14.75,,1000,0,0,,0,0,0,,0,0,0,-9.81,boundary
292,24.75,15.25,,1000,0,0,,0,0,0,,0,0,0,-9.81,boundary
293,24.75,15.75,,1000,0,0,,0,0,0,,0,0,0,-9.81,boundary
294,24.75,16.25,,1000,0,0,,0,0,0,,0,0,0,-9.81,boundary
295,24.75,16.75,,1000,0,0,,0,0,0,,0,0,0,-9.81,boundary
296,24.75,17.25,,1000,0,0,,0,0,0,,0,0,0,-9.81,boundary
297,24.75,17.75,,1000,0,0,,0,0,0,,0,0,0,-9.81,boundary
298,24.75,18.25,,1000,0,0,,0,0,0,,0,0,0,-9.81,boundary
299,24.75,18.75,,1000,0,0,,0,0,0,,0,0,0,-9.81,boundary
300,24.75,19.25,,1000,0,0,,0,0,0,,0,0,0,-9.81,boundary
301,24.75,19.75,,1000,0,0,,0,0,0,,0,0,0,-9.81,boundary
302,24.75,20.25,,1000,0,0,,0,0,0,,0,0,0,-9.81,boundary
303,24.75,20.75,,1000,0,0,,0,0,0,,0,0,0,-9.81,boundary
304,24.75,21.25,,1000,0,0,,0,0,0,,0,0,0,-9.81,boundary
305,24.75,21.75,,1000,0,0,,0,0,0,,0,0,0,-9.81,boundary
306,24.75,22.25,,1000,0,0,,0,0,0,,0,0,0,-9.81,boundary
307,24.75,22.75,,1000,0,0,,0,0,0,,0,0,0,-9.81,boundary
308,24.75,23.25,,1000,0,0,,0,0,0,,0,0,0,-9.81,boundary
309,24.75,23.75,,1000,0,0,,0,0,0,,0,0,0,-9.81,boundary
310,24.75,24.25,,1000,0,0,,0,0,0,,0,0,0,-9.81,boundary
311,24.75,24.75,,1000,0,0,,0,0,0,,0,0,0,-9.81,boundary
312,24.75,25.25,,1000,0,0,,0,0,0,,0,0,0,-9.81,boundary
313,24.75,25.75,,1000,0,0,,0,0,0,,0,0,0,-9.81,boundary
314,24.75,26.25,,1000,0,0,,0,0,0,,0,0,0,-9.81,boundary
315,24.75,26.75,,1000,0,0,,0,0,0,,0,0,0,-9.81,boundary
316,25.25,0.25,,1002.03,0,48169.1,,0,0,0,,0,0,1.90382,-9.81,boundary
317,25.25,0.75,,1003.07,0,72917.2,,0,0,0,,0,0,2.87898,-9.81,boundary
318,25.25,1.25,,1003.99,0,95171.6,,0,0,0,,0,0,3.75418,-9.81,boundary
319,25.25,1.75,,1004.62,0,110374,,0,0,0,,0,0,4.35114,-9.81,boundary
320,25.25,2.25,,1004.5,0,107308,,0,0,0,,0,0,4.2308,-9.81,boundary
321,25.25,2.75,,1003.77,0,89791,,0,0,0,,0,0,3.54272,-9.81,boundary
322,25.25,3.25,,1003.13,0,74507.8,,0,0,0,,0,0,2.94158,-9.81,boundary
323,25.25,3.75,,1002.9,0,68852.8,,0,0,0,,0,0,2.71896,-9.81,boundary
324,25.25,4.25,,1002.63,0,62307.4,,0,0,0,,0,0,2.46116,-9.81,boundary
325,25.25,4.75,,1002.62,0,62231.3,,0,0,0,,0,0,2.45816,-9.81,boundary
326,25.25,5.25,,1003.3,0,78520.2,,0,0,0,,0,0,3.09948,-9.81,boundary
327,25.25,5.75,,1004.25,0,101247,,0,0,0,,0,0,3.99284,-9.81,boundary
328,25.25,6.25,,1006,0,143883,,0,0,0,,0,0,5.66433,-9.81,boundary
329,25.25,6.75,,1008.51,0,205521,,0,0,0,,0,0,8.07079,-9.81,boundary
330,25.25,7.25,,1010.98,0,267109,,0,0,0,,0,0,10.4637,-9.81,boundary
331,25.25,7.75,,1011.38,0,277350,,0,0,0,,0,0,10.8605,-9.81,boundary
332,25.25,8.25,,1008.06,0,194387,,0,0,0,,0,0,7.63693,-9.81,boundary
333,25.25,8.75,,1004.61,0,110016,,0,0,0,,0,0,4.33709,-9.81,boundary
334,25.25,9.25,,1002.69,0,63865,,0,0,0,,0,0,2.52252,-9.81,boundary
335,25.25,9.75,,1002.5,0,59235.6,,0,0,0,,0,0,2.34012,-9.81,boundary
336,25.25,10.25,,1002.09,0,49524.9,,0,0,0,,0,0,1.95729,-9.81,boundary
337,25.25,10.75,,1001.79,0,42436,,0,0,0,,0,0,1.67763,-9.81,boundary
338,25.25,11.25,,1000.69,0,16365.3,,0,0,0,,0,0,0.647682,-9.81,boundary
339,25.25,11.75,,1000.05,0,1259.73,,0,0,0,,0,0,0.0498875,-9.81,boundary
340,25.25,12.25,,1000.04,0,1044.9,,0,0,0,,0,0,0.0413804,-9.81,boundary
341,25.25,12.75,,1000.03,0,669.606,,0,0,0,,0,0,0.0265183,-9.81,boundary
342,25.25,13.25,,1000.01,0,173.722,,0,0,0,,0,0,0.00688004,-9.81,boundary
343,25.25,13.75,,1000,0,0,,0,0,0,,0,0,0,-9.81,boundary
344,25.25,14.25,,1000,0,0,,0,0,0,,0,0,0,-9.81,boundary
345,25.25,14.75,,1000,0,0,,0,0,0,,0,0,0,-9.81,boundary
346,25.25,15.25,,1000,0,0,,0,0,0,,0,0,0,-9.81,boundary
347,25.25,15.75,,1000,0,0,,0,0,0,,0,0,0,-9.81,boundary
348,25.25,16.25,,1000,0,83.164,,0,0,0,,0,0,0.00329361,-9.81,boundary
349,25.25,16.75,,1000,0,6.45065,,0,0,0,,0,0,0.000255471,-9.81,boundary
350,25.25,17.25,,1000,0,0,,0,0,0,,0,0,0,-9.81,boundary
351,25.25,17.75,,1000,0,0,,0,0,0,,0,0,0,-9.81,boundary
352,25.25,18.25,,1000,0,0,,0,0,0,,0,0,0,-9.81,boundary
353,25.25,18.75,,1000,0,0,,0,0,0,,0,0,0,-9.81,boundary
354,25.25,19.25,,1000,0,0,,0,0,0,,0,0,0,-9.81,boundary
355,25.25,19.75,,1000,0,0,,0,0,0,,0,0,0,-9.81,boundary
356,25.25,20.25,,1000,0,0,,0,0,0,,0,0,0,-9.81,boundary
357,25.25,20.75,,1000,0,0,,0,0,0,,0,0,0,-9.81,boundary
358,25.25,21.25,,1000,0,0,,0,0,0,,0,0,0,-9.81,boundary
359,25.25,21.75,,1000,0,0,,0,0,0,,0,0,0,-9.81,boundary
360,25.25,22.25,,1000,0,0,,0,0,0,,0,0,0,-9.81,boundary
361,25.25,22.75,,1000,0,0,,0,0,0,,0,0,0,-9.81,boundary
362,25.25,23.25,,1000,0,0,,0,0,0,,0,0,0,-9.81,boundary
363,25.25,23.75,,1000,0,0,,0,0,0,,0,0,0,-9.81,boundary
364,25.25,24.25,,1000,0,0,,0,0,0,,0,0,0,-9.81,boundary
365,25.25,24.75,,1000,0,0,,0,0,0,,0,0,0,-9.81,boundary
366,25.25,25.25,,1000,0,0,,0,0,0,,0,0,0,-9.81,boundary
367,25.25,25.75,,1000,0,0,,0,0,0,,0,0,0,-9.81,boundary
368,25.25,26.25,,1000,0,0,,0,0,0,,0,0,0,-9.81,boundary
369,25.25,26.75,,1000,0,0,,0,0,0,,0,0,0,-9.81,boundary
370,25.75,0.25,,1002.29,0,54262.5,,0,0,0,,0,0,2.10247,-9.81,boundary
371,25.75,0.75,,1003.51,0,83516.1,,0,0,0,,0,0,3.232,-9.81,boundary
372,25.75,1.25,,1004.81,0,114994,,0,0,0,,0,0,4.44438,-9.81,boundary
373,25.75,1.75,,1005.7,0,136639,,0,0,0,,0,0,5.27628,-9.81,boundary
374,25.75,2.25,,1005.54,0,132668,,0,0,0,,0,0,5.12376,-9.81,boundary
375,25.75,2.75,,1004.63,0,110600,,0,0,0,,0,0,4.27535,-9.81,boundary
376,25.75,3.25,,1004.18,0,99658.4,,0,0,0,,0,0,3.85412,-9.81,boundary
377,25.75,3.75,,1003.91,0,93261.5,,0,0,0,,0,0,3.60768,-9.81,boundary
378,25.75,4.25,,1002.8,0,66477.7,,0,0,0,,0,0,2.57445,-9.81,boundary
379,25.75,4.75,,1001.63,0,38643.3,,0,0,0,,0,0,1.49826,-9.81,boundary
380,25.75,5.25,,1001.08,0,25400.3,,0,0,0,,0,0,0.985361,-9.81,boundary
381,25.75,5.75,,1001.56,0,36829.4,,0,0,0,,0,0,1.42805,-9.81,boundary
382,25.75,6.25,,1003.68,0,87675,,0,0,0,,0,0,3.39236,-9.81,boundary
383,25.75,6.75,,1007.77,0,187276,,0,0,0,,0,0,7.21676,-9.81,boundary
384,25.75,7.25,,1011.94,0,291429,,0,0,0,,0,0,11.1841,-9.81,boundary
385,25.75,7.75,,1012.95,0,317014,,0,0,0,,0,0,12.1538,-9.81,boundary
386,25.75,8.25,,1010.16,0,246549,,0,0,0,,0,0,9.47845,-9.81,boundary
387,25.75,8.75,,1006.07,0,145525,,0,0,0,,0,0,5.61737,-9.81,boundary
388,25.75,9.25,,1003.54,0,84257.1,,0,0,0,,0,0,3.26058,-9.81,boundary
389,25.75,9.75,,1003.47,0,82519.9,,0,0,0,,0,0,3.19358,-9.81,boundary
390,25.75,10.25,,1002.5,0,59335.5,,0,0,0,,0,0,2.29854,-9.81,boundary
391,25.75,10.75,,1001.73,0,40839.8,,0,0,0,,0,0,1.58328,-9.81,boundary
392,25.75,11.25,,1001.06,0,25065.1,,0,0,0,,0,0,0.972372,-9.81,boundary
393,25.75,11.75,,1000.56,0,13268.8,,0,0,0,,0,0,0.515004,-9.81,boundary
394,25.75,12.25,,1000.44,0,10285.3,,0,0,0,,0,0,0.399254,-9.81,boundary
395,25.75,12.75,,1000.3,0,7084.9,,0,0,0,,0,0,0.275059,-9.81,boundary
396,25.75,13.25,,1000.01,0,162.011,,0,0,0,,0,0,0.00629164,-9.81,boundary
397,25.75,13.75,,1000,0,0,,0,0,0,,0,0,0,-9.81,boundary
398,25.75,14.25,,1000,0,0,,0,0,0,,0,0,0,-9.81,boundary
399,25.75,14.75,,1000,0,0,,0,0,0,,0,0,0,-9.81,boundary
400,25.75,15.25,,1000,0,0,,0,0,0,,0,0,0,-9.81,boundary
401,25.75,15.75,,1000,0,0,,0,0,0,,0,0,0,-9.81,boundary
402,25.75,16.25,,1000,0,0,,0,0,0,,0,0,0,-9.81,boundary
403,25.75,16.75,,1000,0,0,,0,0,0,,0,0,0,-9.81,boundary
404,25.75,17.25,,1000,0,0,,0,0,0,,0,0,0,-9.81,boundary
405,25.75,17.75,,1000,0,0,,0,0,0,,0,0,0,-9.81,boundary
406,25.75,18.25,,1000,0,0,,0,0,0,,0,0,0,-9.81,boundary
407,25.75,18.75,,1000,0,0,,0,0,0,,0,0,0,-9.81,boundary
408,25.75,19.25,,1000,0,0,,0,0,0,,0,0,0,-9.81,boundary
409,25.75,19.75,,1000,0,0,,0,0,0,,0,0,0,-9.81,boundary
410,25.75,20.25,,1000,0,0,,0,0,0,,0,0,0,-9.81,boundary
411,25.75,20.75,,1000,0,0,,0,0,0,,0,0,0,-9.81,boundary
412,25.75,21.25,,1000,0,0,,0,0,0,,0,0,0,-9.81,boundary
413,25.75,21.75,,1000,0,0,,0,0,0,,0,0,0,-9.81,boundary
414,25.75,22.25,,1000,0,0,,0,0,0,,0,0,0,-9.81,boundary
415,25.75,22.75,,1000,0,0,,0,0,0,,0,0,0,-9.81,boundary
416,25.75,23.25,,1000,0,0,,0,0,0,,0,0,0,-9.81,boundary
417,25.75,23.75,,1000,0,0,,0,0,0,,0,0,0,-9.81,boundary
418,25.75,24.25,,1000,0,0,,0,0,0,,0,0,0,-9.81,boundary
419,25.75,24.75,,1000,0,0,,0,0,0,,0,0,0,-9.81,boundary
420,25.75,25.25,,1000,0,0,,0,0,0,,0,0,0,-9.81,boundary
421,25.75,25.75,,1000,0,0,,0,0,0,,0,0,0,-9.81,boundary
422,25.75,26.25,,1000,0,0,,0,0,0,,0,0,0,-9.81,boundary
423,25.75,26.75,,1000,0,0,,0,0,0,,0,0,0,-9.81,boundary
424,0.367327,0.254816,,999.948,-7.00009,-1219.51,,-0.000630284,0.0780615,0.0780641,,3.7587,3.05329,0.438567,-6.75671,fluid
425,0.469889,0.449813,,999.915,137.2,-2000.61,,0.0645771,0.474713,0.479085,,3.91897,2.78745,-0.339015,-7.02255,fluid
426,0.715849,0.620265,,999.824,258.318,-4141.67,,0.187856,0.503141,0.537067,,3.42924,2.63653,-2.35746,-7.17347,fluid
427,0.975537,0.694003,,999.77,254.119,-5403.35,,0.255963,0.445961,0.514197,,2.55801,2.42951,-2.9821,-7.38049,fluid
428,1.26797,0.745201,,999.74,175.336,-6126.8,,0.232868,0.327525,0.401871,,1.36149,2.1287,-3.47175,-7.6813,fluid
429,1.54091,0.756357,,999.765,92.6791,-5527.48,,0.152691,0.120442,0.194475,,0.0897486,2.12837,-3.49825,-7.68163,fluid
430,1.74569,0.755049,,999.838,49.7225,-3812.62,,0.0816635,-0.0453142,0.0933932,,-1.03716,8.64863,-3.22153,-1.16137,fluid
431,1.87576,0.769528,,999.966,45.3033,-793.578,,0.0720648,-0.0541026,0.0901134,,-0.989135,9.46226,-1.41222,-0.347739,fluid
432,1.95212,0.788747,,999.978,48.988,-515.98,,0.0822195,-0.0583914,0.100844,,-1.1223,9.49867,-1.38662,-0.311328,fluid
433,1.99805,0.801053,,999.976,51.7818,-564.692,,0.0902185,-0.0611102,0.108967,,-1.22209,9.512,-1.50472,-0.298003,fluid
434,2.01369,0.801914,,999.975,52.6094,-580.221,,0.0927396,-0.0613771,0.11121,,-1.25079,9.5132,-1.53893,-0.296802,fluid
435,2.02233,0.800493,,999.975,53.019,-593.198,,0.0940438,-0.0611182,0.112159,,-1.26565,9.50872,-1.55898,-0.301276,fluid
436,2.02399,0.803294,,999.974,53.2401,-609.358,,0.0946478,-0.0616974,0.112981,,-1.2705,9.51201,-1.57158,-0.297994,fluid
437,2.01834,0.817597,,999.972,53.5863,-652.134,,0.0952811,-0.0647546,0.115203,,-1.26895,9.5346,-1.59206,-0.275401,fluid
438,2.00634,0.835853,,999.971,53.7669,-687.441,,0.0952261,-0.0690255,0.117612,,-1.25724,9.56738,-1.59989,-0.242625,fluid
439,1.98694,0.853662,,999.97,53.5133,-698.76,,0.0938338,-0.073625,0.11927,,-1.22892,9.6045,-1.58061,-0.205496,fluid
440,1.9611,0.870137,,999.97,52.856,-698.213,,0.0912862,-0.0783216,0.120281,,-1.18412,9.64418,-1.54016,-0.16582,fluid
441,1.92949,0.885223,,999.97,51.8551,-702.288,,0.0878323,-0.0830793,0.120899,,-1.12334,9.68672,-1.48733,-0.123279,fluid
442,1.89274,0.898997,,999.969,50.5747,-724.568,,0.0837146,-0.0879133,0.121396,,-1.04791,9.73242,-1.43073,-0.0775849,fluid
443,1.85307,0.911649,,999.967,49.1929,-768.559,,0.0794219,-0.0928874,0.122213,,-0.965742,9.78069,-1.3805,-0.0293136,fluid
444,1.81055,0.922736,,999.965,47.6605,-826.682,,0.0748577,-0.0977806,0.123145,,-0.879981,9.83122,-1.33659,0.0212157,fluid
445,1.7652,0.93218,,999.961,46.0747,-917.188,,0.0703055,-0.102407,0.124218,,-0.781701,9.88095,-1.30132,0.0709495,fluid
446,1.71987,0.940844,,999.955,44.9665,-1051.13,,0.0668684,-0.107102,0.126262,,-0.6705,9.93062,-1.2817,0.120615,fluid
447,1.67575,0.948909,,999.949,44.5663,-1210.57,,0.0648494,-0.111996,0.129416,,-0.555367,9.98087,-1.27781,0.17087,fluid
448,1.63244,0.956133,,999.941,44.8348,-1388.52,,0.0640601,-0.116837,0.133247,,-0.430787,10.0305,-1.28142,0.220476,fluid
449,1.59044,0.962699,,999.933,45.7847,-1575.26,,0.0644237,-0.121602,0.137613,,-0.299339,10.0782,-1.28986,0.268179,fluid
450,1.55032,0.968805,,999.925,47.3532,-1757.07,,0.065737,-0.126281,0.142367,,-0.166961,10.1239,-1.30041,0.313861,fluid
451,1.51198,0.974507,,999.918,49.41,-1925.38,,0.067703,-0.130818,0.147299,,-0.0373486,10.1672,-1.31087,0.357153,fluid
452,1.47483,0.979771,,999.912,51.81,-2076.54,,0.0700196,-0.135124,0.152188,,0.0887427,10.2075,-1.31937,0.397455,fluid
453,1.43786,0.984592,,999.906,54.4549,-2210,,0.0724619,-0.139146,0.156883,,0.212386,10.2445,-1.32476,0.434504,fluid
454,1.39952,0.988778,,999.901,57.2243,-2326.41,,0.0747531,-0.142713,0.161105,,0.337785,10.277,-1.32467,0.466953,fluid
455,1.35822,0.992091,,999.897,60.0099,-2425.35,,0.0766303,-0.145603,0.164537,,0.469489,10.303,-1.31638,0.493021,fluid
456,1.31246,0.994604,,999.893,62.8904,-2507.12,,0.0780865,-0.147828,0.167184,,0.610637,10.3229,-1.29981,0.512908,fluid
457,1.2618,0.996496,,999.891,66.0107,-2572.24,,0.0792342,-0.149519,0.169215,,0.762291,10.3377,-1.27648,0.527727,fluid
458,1.20704,0.998011,,999.888,69.5157,-2624.73,,0.0802397,-0.150902,0.170909,,0.925552,10.3494,-1.24922,0.539387,fluid
459,1.15054,0.999804,,999.887,73.5653,-2669.92,,0.0813632,-0.152526,0.172871,,1.09537,10.3642,-1.22546,0.554246,fluid
460,1.09466,1.00219,,999.885,77.9639,-2702.25,,0.08243,-0.154612,0.175213,,1.26523,10.3831,-1.20363,0.573116,fluid
461,1.04045,1.00578,,999.885,82.6451,-2715.71,,0.083391,-0.157633,0.178331,,1.42727,10.4104,-1.18317,0.600373,fluid
462,0.986215,1.01234,,999.885,88.2844,-2712.52,,0.0847452,-0.163146,0.183844,,1.58087,10.4602,-1.16988,0.650192,fluid
463,0.930487,1.02053,,999.886,94.2726,-2686.31,,0.0856133,-0.170255,0.190569,,1.73149,10.5264,-1.15583,0.716438,fluid
464,0.872633,1.02777,,999.888,99.173,-2625.57,,0.0845679,-0.176744,0.195934,,1.88159,10.5919,-1.12754,0.781882,fluid
465,0.808912,1.03708,,999.893,104.165,-2523.7,,0.0823384,-0.185384,0.202847,,2.03265,10.6813,-1.08756,0.871313,fluid
466,0.735155,1.04959,,999.9,109.351,-2356.15,,0.0783916,-0.197587,0.21257,,2.18439,10.8063,-1.0209,0.996262,fluid
467,0.65302,1.05766,,999.912,108.975,-2072.37,,0.0689558,-0.205318,0.216588,,2.33118,10.9008,-0.842616,1.09079,fluid
468,0.560183,1.06057,,999.936,100.481,-1506.94,,0.0547325,-0.206564,0.213692,,2.45458,10.9973,-0.235671,1.18734,fluid
469,0.460985,1.06131,,999.957,88.6596,-1008.64,,0.0412758,-0.204828,0.208946,,2.76631,11.0261,0.578207,1.2161,fluid
470,0.409274,1.05878,,999.963,81.3626,-873.114,,0.0344551,-0.201154,0.204084,,3.07347,10.9973,0.94006,1.18733,fluid
471,0.552352,1.0587,,999.938,98.3294,-1449.56,,0.0529093,-0.204297,0.211037,,2.4685,10.9874,-0.156014,1.1774,fluid
472,1.77394,0.564797,,999.778,406.089,-5217.22,,0.735888,0.742139,1.04513,,-1.76054,3.17622,-4.70223,-6.63378,fluid
473,2.17655,0.798747,,999.595,240.221,-9513.15,,0.564057,1.04998,1.19189,,-2.84747,1.79328,-7.21998,-8.01672,fluid
474,2.51939,0.986562,,1000.03,32.5394,769.701,,0.0515266,0.146087,0.154907,,-0.985286,-0.0466777,-0.679785,-9.85668,fluid
475,2.76083,0.984231,,1000.06,57.9091,1401.03,,0.13438,-0.114205,0.176354,,-1.85224,9.43168,-1.3448,-0.378316,fluid
476,3.07738,0.94712,,1000.06,48.6182,1298.65,,0.123494,-0.105172,0.162209,,-2.07103,9.87524,-1.64905,0.0652387,fluid
477,3.88192,0.980262,,999.845,66.5418,-3654.82,,0.27004,-0.0717928,0.27942,,-1.85137,5.92321,-2.79302,-3.88679,fluid
478,4.9583,0.845671,,1000.25,22.4565,5809.5,,0.0525323,-0.0924581,0.10634,,-2.15891,9.2787,-0.987531,-0.531297,fluid
479,5.22363,0.874163,,1000.16,33.7475,3844.55,,0.144283,-0.0953322,0.172933,,-2.01928,9.41931,-1.28341,-0.390688,fluid
480,5.22026,0.890035,,1000.18,30.7437,4140.28,,0.124833,-0.0982291,0.158847,,-1.98996,9.46966,-1.19698,-0.340345,fluid
481,5.12443,0.905567,,1000.23,21.7525,5401.12,,0.0601357,-0.101835,0.118266,,-2.00701,9.55297,-0.953262,-0.257026,fluid
482,4.96826,0.915616,,1000.26,11.1504,6178.78,,-0.00699184,-0.1033,0.103536,,-2.04818,9.61311,-0.80486,-0.196887,fluid
483,4.8426,0.923161,,1000.23,9.82639,5361.53,,-0.00786614,-0.103292,0.103591,,-2.02981,9.66868,-0.922905,-0.141319,fluid
484,4.75271,0.928706,,1000.17,12.5631,4107.24,,0.0160863,-0.103489,0.104732,,-1.99915,9.73485,-1.13511,-0.0751526,fluid
485,4.63467,0.923787,,1000.12,15.0957,2943.97,,0.0356503,-0.101677,0.107746,,-1.83247,9.75205,-1.19735,-0.0579474,fluid
486,4.56265,0.926231,,1000.13,11.788,3119.05,,0.0166399,-0.102248,0.103593,,-1.73059,9.77662,-1.04707,-0.03338,fluid
487,4.49975,0.93103,,1000.16,5.67922,3873.58,,-0.0195868,-0.10348,0.105318,,-1.69843,9.80476,-0.837731,-0.00524462,fluid
488,4.42587,0.93437,,1000.23,-2.9311,5333.07,,-0.0727437,-0.104088,0.126988,,-1.6774,9.80517,-0.472697,-0.00483395,fluid
489,4.32814,0.934641,,1000.33,-8.58977,7689.61,,-0.119234,-0.104388,0.158473,,-1.49886,9.79497,0.277213,-0.0150278,fluid
490,4.17139,0.926222,,1000.38,6.42926,8893.22,,-0.0628396,-0.10289,0.120562,,-1.4145,9.75283,0.716646,-0.0571672,fluid
491,4.10526,0.930567,,1000.33,18.2704,7748.18,,-0.00250126,-0.102497,0.102527,,-1.47634,9.79686,0.410419,-0.0131378,fluid
492,4.04878,0.93602,,1000.27,28.3588,6318.53,,0.0510174,-0.10248,0.114477,,-1.56653,9.83906,-0.0063484,0.0290594,fluid
493,3.95808,0.935507,,1000.18,40.8005,4339.65,,0.115301,-0.101165,0.15339,,-1.76882,9.84174,-0.672617,0.0317391,fluid
494,3.88992,0.938022,,1000.15,45.5415,3440,,0.138781,-0.101324,0.171834,,-1.87228,9.84549,-0.988069,0.0354858,fluid
495,3.84097,0.943992,,1000.13,46.9483,3042.66,,0.145324,-0.102803,0.17801,,-1.8928,9.86475,-1.10074,0.0547534,fluid
496,3.77473,0.947435,,1000.12,48.0316,2738.78,,0.148653,-0.103703,0.181251,,-1.9612,9.87532,-1.23573,0.0653209,fluid
497,3.70164,0.9498,,1000.1,49.0213,2362.74,,0.151468,-0.104412,0.183968,,-2.02501,9.88051,-1.38678,0.0705113,fluid
498,3.62974,0.9529,,1000.08,50.3266,1795.37,,0.156488,-0.105667,0.188823,,-2.08796,9.89619,-1.59337,0.0861948,fluid
499,3.5581,0.954721,,1000.04,52.2749,1055.41,,0.164698,-0.106696,0.196238,,-2.14942,9.9153,-1.85281,0.105301,fluid
500,3.48517,0.955292,,1000.01,54.8089,207.527,,0.175066,-0.107629,0.205504,,-2.14197,9.94622,-2.08243,0.136224,fluid
501,3.41199,0.957475,,999.98,56.7354,-479.606,,0.181692,-0.109396,0.212083,,-2.10319,9.99445,-2.24375,0.184454,fluid
502,3.34183,0.963774,,999.97,56.5927,-709.486,,0.177953,-0.112903,0.210747,,-2.06833,10.0472,-2.28065,0.23716,fluid
503,3.28075,0.975089,,999.986,53.1625,-332.277,,0.160037,-0.118364,0.199052,,-2.05798,10.1152,-2.15927,0.305231,fluid
504,3.24144,0.991747,,1000,49.8953,23.2953,,0.14479,-0.126676,0.192382,,-2.02916,10.2089,-2.02197,0.398891,fluid
505,3.23187,1.01298,,999.988,52.4562,-294.218,,0.154854,-0.139464,0.208398,,-2.03564,10.3391,-2.12668,0.529103,fluid
506,3.22886,1.03341,,999.965,58.9772,-817.859,,0.179646,-0.154195,0.236746,,-2.06453,10.4686,-2.31783,0.658586,fluid
507,3.18133,1.0487,,999.988,60.2839,-276.968,,0.177647,-0.164902,0.242386,,-2.05824,10.6044,-2.1453,0.794395,fluid
508,3.08434,1.05669,,1000.04,56.1918,1024.68,,0.150868,-0.168221,0.225963,,-1.98511,10.7409,-1.65291,0.930853,fluid
509,2.98443,1.05653,,1000.06,59.2215,1381.41,,0.152087,-0.16781,0.226475,,-2.00973,10.7503,-1.54688,0.94028,fluid
510,2.88698,1.05262,,1000.02,71.5706,570.024,,0.187412,-0.169021,0.252371,,-1.95205,10.6973,-1.75461,0.887327,fluid
511,2.7907,1.04851,,999.977,83.206,-531.905,,0.220055,-0.171123,0.27876,,-1.88681,10.6515,-2.07742,0.841521,fluid
512,2.6962,1.04467,,999.95,88.9102,-1173.74,,0.231477,-0.171603,0.288148,,-1.81898,10.6263,-2.25433,0.816288,fluid
513,2.60007,1.04119,,999.938,91.5692,-1456.43,,0.231451,-0.170874,0.287693,,-1.75375,10.5959,-2.31393,0.785853,fluid
514,2.49694,1.03791,,999.94,92.6261,-1413.41,,0.224515,-0.168112,0.280479,,-1.69203,10.5603,-2.25812,0.750302,fluid
515,2.38042,1.03497,,999.938,93.7511,-1456.2,,0.216542,-0.165869,0.27277,,-1.6406,10.5607,-2.25237,0.750702,fluid
516,2.22498,1.03655,,999.93,95.914,-1652.92,,0.207156,-0.167267,0.266255,,-1.63554,10.6073,-2.37848,0.797255,fluid
517,1.97754,1.04705,,999.914,99.7985,-2015.23,,0.191791,-0.180101,0.263097,,-1.40858,10.626,-2.42773,0.816027,fluid
518,1.79739,1.05207,,999.914,99.0466,-2026.85,,0.172056,-0.187752,0.254665,,-1.06611,10.6385,-2.19387,0.828526,fluid
519,2.29196,1.04269,,999.927,98.8754,-1719.65,,0.221238,-0.173632,0.281238,,-1.66891,10.6699,-2.41926,0.859862,fluid
520,3.08177,0.971345,,1000.08,39.1173,1946.78,,0.0903228,-0.115047,0.146267,,-2.07534,9.99883,-1.44369,0.188828,fluid
521,3.64882,1.04608,,1000.1,46.1248,2470.82,,0.138991,-0.143975,0.200118,,-1.89538,10.4337,-1.21829,0.623746,fluid
522,4.72911,0.923259,,999.712,93.5887,-6783.59,,0.506898,-0.105695,0.5178,,-2.61919,9.75318,-4.05404,-0.0568176,fluid
523,5.24441,0.804954,,1000.07,51.8047,1706.29,,0.265767,-0.0811065,0.277868,,-2.20824,9.35025,-1.88291,-0.459754,fluid
524,5.64237,0.817594,,1000.14,37.8537,3214.14,,0.197136,-0.0879428,0.215862,,-2.11374,9.31932,-1.54418,-0.490683,fluid
525,7.40601,0.756517,,1000.3,32.6972,7123.42,,0.2227,-0.0805341,0.236814,,-3.06929,9.45254,-2.10774,-0.357462,fluid
526,7.60857,0.797393,,1000.29,29.0203,6928.37,,0.21091,-0.0824464,0.226452,,-2.90587,9.49015,-1.99553,-0.319852,fluid
527,7.6389,0.827108,,1000.28,27.0615,6702.95,,0.199514,-0.0841466,0.216533,,-2.84052,9.45956,-1.9633,-0.350435,fluid
528,7.19003,0.824913,,1000.25,28.4383,5882.49,,0.192693,-0.0858424,0.210949,,-2.85994,9.39219,-2.042,-0.417809,fluid
529,6.39988,0.855297,,1000.12,44.1893,2820.95,,0.291007,-0.0959697,0.306424,,-3.0373,9.35995,-2.59657,-0.450053,fluid
530,7.3493,0.859807,,1000.28,17.2534,6660.78,,0.105943,-0.0875624,0.137445,,-2.74028,9.40906,-1.83422,-0.400941,fluid
531,7.52794,0.910573,,1000.25,20.3699,5772.92,,0.149149,-0.088363,0.173359,,-2.71844,9.46595,-1.95177,-0.344046,fluid
532,7.53451,0.939689,,1000.23,18.855,5511.52,,0.139626,-0.0898408,0.166033,,-2.67747,9.55139,-1.94614,-0.258606,fluid
533,7.30914,0.930795,,1000.29,1.46982,6851.85,,-0.0201445,-0.090515,0.0927295,,-2.5036,9.58974,-1.56644,-0.220262,fluid
534,7.1704,0.938311,,1000.33,-6.47077,7724.02,,-0.0961243,-0.0921331,0.133148,,-2.2646,9.67033,-1.18774,-0.139673,fluid
535,7.08061,0.949286,,1000.35,-6.33742,8240.95,,-0.105162,-0.0934909,0.140711,,-2.05983,9.75614,-0.89636,-0.0538626,fluid
536,6.99437,0.957717,,1000.36,-2.03745,8456.64,,-0.0790361,-0.0955066,0.123969,,-1.93322,9.81575,-0.724591,0.00574557,fluid
537,6.92373,0.963115,,1000.37,1.09208,8664.24,,-0.0609384,-0.0975614,0.115029,,-1.86961,9.84981,-0.618682,0.0398075,fluid
538,6.84088,0.96618,,1000.38,3.39874,9043.18,,-0.0515479,-0.0994128,0.111983,,-1.84872,9.87163,-0.527295,0.0616331,fluid
539,6.76144,0.969875,,1000.4,4.92322,9364.33,,-0.047064,-0.100901,0.111338,,-1.88201,9.88763,-0.4976,0.0776278,fluid
540,6.67566,0.979668,,1000.39,7.54892,9149.77,,-0.0278,-0.103053,0.106737,,-1.98724,9.9525,-0.617161,0.142502,fluid
541,6.59138,0.989522,,1000.36,10.0609,8485.23,,-0.00360191,-0.106377,0.106438,,-2.15101,10.0265,-0.864155,0.216507,fluid
542,6.51423,0.998228,,1000.33,11.2275,7785.14,,0.011571,-0.110023,0.11063,,-2.27195,10.1093,-1.07725,0.299332,fluid
543,6.42809,1.00385,,1000.3,11.4322,7116.5,,0.0191074,-0.113894,0.115485,,-2.35434,10.1741,-1.24758,0.364107,fluid
544,6.33464,1.00657,,1000.28,10.7034,6540.22,,0.0188174,-0.117292,0.118792,,-2.37276,10.2183,-1.34059,0.408329,fluid
545,6.23674,1.0073,,1000.26,9.03274,6181.38,,0.0094011,-0.119691,0.120059,,-2.3569,10.2448,-1.36604,0.434768,fluid
546,6.12638,1.00709,,1000.26,5.63948,6150.92,,-0.0151264,-0.120721,0.121665,,-2.28661,10.2602,-1.28287,0.45017,fluid
547,6.00157,1.00675,,1000.26,3.50812,6237.66,,-0.0326757,-0.121008,0.125342,,-2.1034,10.2777,-1.06433,0.467702,fluid
548,5.87546,1.00628,,1000.27,4.17024,6279.24,,-0.0318109,-0.120467,0.124596,,-1.90717,10.276,-0.838732,0.466014,fluid
549,5.75445,1.00643,,1000.27,6.2878,6376.35,,-0.0225299,-0.119753,0.121854,,-1.74398,10.2687,-0.636211,0.458718,fluid
550,5.64083,1.00842,,1000.26,10.2469,6237.2,,0.000346908,-0.120143,0.120144,,-1.64823,10.2682,-0.542802,0.4582,fluid
551,5.53763,1.01265,,1000.24,14.8613,5757.28,,0.0305958,-0.121747,0.125532,,-1.63094,10.2902,-0.591526,0.480233,fluid
552,5.44448,1.01763,,1000.22,19.0711,5173.27,,0.0589125,-0.124024,0.137305,,-1.67597,10.3244,-0.725989,0.514385,fluid
553,5.3544,1.02295,,1000.21,21.2598,4851.23,,0.072293,-0.125585,0.144906,,-1.75028,10.3655,-0.844441,0.555495,fluid
554,5.26096,1.02975,,1000.21,21.4028,4865.26,,0.0702549,-0.126787,0.144951,,-1.82736,10.4309,-0.902766,0.620893,fluid
555,5.16607,1.03903,,1000.21,20.8729,4935.77,,0.0641009,-0.129335,0.144348,,-1.91714,10.5334,-0.961917,0.723353,fluid
556,5.06043,1.04846,,1000.2,21.7082,4675.87,,0.0682801,-0.133863,0.150271,,-2.04068,10.6443,-1.11686,0.834285,fluid
557,4.91502,1.05509,,1000.14,29.4292,3405.96,,0.11572,-0.14305,0.183996,,-2.18224,10.7431,-1.48937,0.933142,fluid
558,4.7665,1.05853,,1000.04,46.7612,1052.84,,0.217784,-0.157701,0.268886,,-2.27492,10.8238,-2.05405,1.01375,fluid
559,4.64073,1.05848,,999.976,54.8919,-558.13,,0.264312,-0.165436,0.311817,,-2.08597,10.7813,-2.20624,0.971305,fluid
560,4.49742,1.05861,,999.997,44.8907,-64.4092,,0.204337,-0.16289,0.261317,,-1.88216,10.8122,-1.89648,1.00216,fluid
561,4.3605,1.05593,,1000.1,26.6688,2292.18,,0.0930079,-0.150798,0.177173,,-1.74627,10.883,-1.22065,1.073,fluid
562,4.18538,1.05564,,1000.13,33.7663,2988.76,,0.109676,-0.146088,0.182676,,-1.68991,10.7744,-0.975905,0.964438,fluid
563,3.99867,1.05693,,1000.01,58.4658,328.895,,0.225407,-0.16065,0.276797,,-1.99083,10.7407,-1.90858,0.930688,fluid
564,3.7596,1.05937,,999.974,65.1303,-609.166,,0.241147,-0.167631,0.293687,,-2.16225,10.6871,-2.32428,0.877146,fluid
565,3.44306,1.05798,,999.845,79.296,-3636.66,,0.286546,-0.179694,0.338229,,-2.04718,10.7202,-3.10358,0.91021,fluid
566,3.18107,1.06321,,999.956,72.5034,-1038.85,,0.222194,-0.179419,0.285589,,-2.12288,10.7086,-2.44947,0.898624,fluid
567,4.20557,1.04767,,1000.17,25.0027,3912.29,,0.0641873,-0.137946,0.152148,,-1.64882,10.7037,-0.718711,0.893739,fluid
568,4.44718,0.974948,,999.582,83.8341,-9837.71,,0.444577,-0.0229427,0.445168,,-1.89673,0.928934,-4.10978,-8.88107,fluid
569,5.15049,0.792999,,999.95,69.9982,-1170.69,,0.383616,-0.0738314,0.390656,,-2.43916,9.55246,-2.66647,-0.257544,fluid
570,6.05477,0.73954,,1000.04,63.2532,850.154,,0.412191,-0.0752974,0.419012,,-2.76213,9.46909,-2.62173,-0.340909,fluid
571,7.20303,0.729829,,1000.22,51.6095,5130.12,,0.378204,-0.0763605,0.385836,,-3.35658,9.50384,-2.64452,-0.306159,fluid
572,7.94843,0.76771,,1000.35,28.9525,8256,,0.210078,-0.0817434,0.225422,,-3.04834,9.60831,-2.01,-0.201686,fluid
573,9.81401,0.782658,,1000.62,-5.49971,14674,,-0.11434,-0.0955519,0.149009,,-3.31349,9.33589,-1.81921,-0.474111,fluid
574,9.55396,0.76596,,1000.63,16.2666,14773.9,,0.0638435,-0.0908646,0.111051,,-3.6626,9.34645,-2.1172,-0.463548,fluid
575,9.4014,0.771788,,1000.65,15.5193,15313.1,,0.0248492,-0.0911157,0.0944434,,-4.48359,9.26207,-2.85584,-0.547926,fluid
576,8.66725,0.758144,,1000.34,26.0044,7953.18,,0.226738,-0.0773768,0.239577,,-3.87443,9.74753,-2.95713,-0.0624711,fluid
577,9.90267,0.877351,,1000.54,-15.3962,12830.5,,-0.179348,-0.0954274,0.203155,,-3.72162,9.14549,-2.42667,-0.664507,fluid
578,10.0535,0.920582,,1000.47,-22.2441,11186.9,,-0.198527,-0.095491,0.220299,,-4.10569,9.06801,-2.99348,-0.741987,fluid
579,9.57929,0.879091,,1000.56,17.2518,13149.7,,0.0905663,-0.0853371,0.124437,,-3.70622,9.21827,-2.33426,-0.591727,fluid
580,9.50082,0.895755,,1000.56,19.7752,13092.4,,0.102332,-0.0818684,0.131051,,-4.06164,9.21774,-2.68437,-0.592264,fluid
581,9.54626,0.92829,,1000.54,19.3145,12756.1,,0.103394,-0.0758094,0.128208,,-3.88694,9.23123,-2.55142,-0.578774,fluid
582,9.46963,0.944755,,1000.52,22.4558,12239.5,,0.131294,-0.0705503,0.149049,,-4.24406,9.2846,-2.95222,-0.525396,fluid
583,9.44097,0.970804,,1000.49,23.3027,11663.1,,0.142849,-0.0629577,0.156108,,-4.35946,9.38285,-3.1247,-0.42715,fluid
584,9.41519,0.987035,,1000.47,24.6704,11021.9,,0.163423,-0.0581328,0.173455,,-4.4584,9.47102,-3.28829,-0.338984,fluid
585,9.36554,1.0057,,1000.45,21.9173,10711.3,,0.136793,-0.0527204,0.146601,,-4.4997,9.60231,-3.35653,-0.207685,fluid
586,9.30009,1.02116,,1000.45,16.5548,10568.8,,0.0830574,-0.0490068,0.0964375,,-4.43508,9.73526,-3.29918,-0.0747441,fluid
587,9.2158,1.02911,,1000.45,10.9891,10567.8,,0.0255981,-0.0491768,0.0554403,,-4.25405,9.81081,-3.10786,0.000807461,fluid
588,9.12098,1.03065,,1000.46,6.47654,10758.4,,-0.0243221,-0.0521099,0.0575065,,-3.95744,9.82536,-2.77846,0.0153623,fluid
589,9.0125,1.02868,,1000.47,3.20373,11131.5,,-0.065147,-0.0560896,0.0859662,,-3.56349,9.79083,-2.32896,-0.0191703,fluid
590,8.89405,1.02638,,1000.49,1.88376,11636.1,,-0.089114,-0.0604793,0.107699,,-3.11228,9.74259,-1.80463,-0.0674061,fluid
591,8.77643,1.02819,,1000.5,3.69795,11792.4,,-0.0765674,-0.0641813,0.099909,,-2.69492,9.72443,-1.35194,-0.0855717,fluid
592,8.66933,1.03605,,1000.49,6.79762,11464.7,,-0.0427829,-0.0667915,0.0793189,,-2.48672,9.74145,-1.16492,-0.0685458,fluid
593,8.57046,1.05174,,1000.45,9.3059,10637.2,,-0.00561958,-0.067521,0.0677545,,-2.49643,9.83668,-1.25584,0.0266819,fluid
594,8.48498,1.0688,,1000.4,10.9788,9539.95,,0.0283547,-0.0685073,0.0741433,,-2.62952,9.97679,-1.50564,0.166793,fluid
595,8.40292,1.07647,,1000.37,11.7381,8785.3,,0.0474346,-0.0721923,0.0863816,,-2.775,10.0585,-1.72988,0.248473,fluid
596,8.29864,1.07754,,1000.36,9.6729,8503.7,,0.0333565,-0.076271,0.0832461,,-2.86892,10.092,-1.84458,0.282015,fluid
597,8.16997,1.07557,,1000.36,4.1054,8459.88,,-0.0140991,-0.0790431,0.0802907,,-2.85864,10.1227,-1.82352,0.31269,fluid
598,8.03292,1.07326,,1000.36,-1.99028,8571.46,,-0.0670164,-0.0796582,0.104099,,-2.76163,10.1749,-1.69497,0.364883,fluid
599,7.91072,1.06969,,1000.37,-7.50309,8751.84,,-0.114964,-0.0783441,0.13912,,-2.60495,10.2327,-1.49903,0.422658,fluid
600,7.78208,1.06539,,1000.37,-7.30452,8609.24,,-0.110888,-0.0784378,0.135826,,-2.34011,10.2852,-1.23422,0.475242,fluid
601,7.65682,1.06048,,1000.31,0.416893,7351.83,,-0.0288337,-0.0858165,0.090531,,-2.32704,10.3433,-1.36718,0.533284,fluid
602,7.56124,1.05639,,1000.23,10.4916,5450.34,,0.0790872,-0.0969137,0.125088,,-2.51264,10.4063,-1.79198,0.596259,fluid
603,7.45666,1.05087,,1000.2,11.105,4692.06,,0.0930692,-0.102028,0.1381,,-2.48989,10.4331,-1.86077,0.623058,fluid
604,6.83399,1.06416,,1000.3,6.94625,7043.52,,0.00728921,-0.100926,0.101189,,-1.70943,10.6224,-0.679082,0.812437,fluid
605,6.52041,1.07637,,1000.19,31.4579,4577.77,,0.196671,-0.130959,0.236283,,-2.48917,10.8415,-1.78724,1.03152,fluid
606,6.36897,1.07683,,1000.14,38.4314,3285.2,,0.250345,-0.146354,0.289987,,-2.7442,10.9568,-2.22846,1.14684,fluid
607,6.21947,1.07734,,1000.11,39.5344,2596.2,,0.256074,-0.156006,0.299853,,-2.74566,11.0448,-2.32827,1.23482,fluid
608,6.08921,1.07539,,1000.11,36.0466,2560.64,,0.225278,-0.158306,0.275338,,-2.64151,11.0649,-2.22104,1.25493,fluid
609,5.9391,1.07244,,1000.1,34.6094,2257.47,,0.210603,-0.160551,0.264821,,-2.46242,11.0457,-2.08236,1.23567,fluid
610,5.77579,1.06986,,1000.1,33.0611,2281.32,,0.191236,-0.159156,0.248801,,-2.25313,11.0016,-1.85819,1.19156,fluid
611,5.5826,1.06702,,1000.1,34.648,2247.84,,0.18985,-0.157414,0.246621,,-2.09884,10.9086,-1.69623,1.0986,fluid
612,5.36123,1.06407,,1000.1,37.1911,2260.55,,0.191378,-0.154,0.245645,,-2.07132,10.7853,-1.64971,0.975338,fluid
613,5.07008,1.06018,,1000.16,30.3122,3675.18,,0.12395,-0.143188,0.189384,,-2.14943,10.7266,-1.42467,0.916649,fluid
614,4.88512,1.05616,,1000.11,35.1619,2692.53,,0.150373,-0.147572,0.210688,,-2.23774,10.7691,-1.68663,0.959128,fluid
615,6.16795,1.0581,,1000.18,22.1112,4198.01,,0.119049,-0.139841,0.183652,,-2.50068,10.8406,-1.82019,1.03056,fluid
616,6.55295,0.783634,,1000.03,71.3738,717.671,,0.516956,-0.0822721,0.523462,,-3.29426,9.49162,-3.18474,-0.318381,fluid
617,5.83726,0.824371,,1000.09,40.1721,2013.76,,0.237501,-0.0878879,0.253241,,-2.37748,9.33961,-2.03253,-0.470393,fluid
618,8.28742,0.776919,,1000.39,22.6069,9138.03,,0.156476,-0.0850433,0.178093,,-3.52473,9.60549,-2.42251,-0.204507,fluid
619,8.53285,0.64284,,1000.57,14.4998,13463.2,,0.0225323,-0.0753657,0.0786619,,-3.77504,9.56986,-2.19813,-0.240137,fluid
620,10.7548,0.70865,,1000.67,-6.68137,15748.5,,0.0246622,-0.0770839,0.080933,,-7.5101,10.6195,-6.04675,0.809477,fluid
621,11.8225,0.783552,,1000.91,-110.175,21479,,-1.16774,-0.0668225,1.16965,,-7.26441,12.7404,-5.44926,2.93035,fluid
622,10.9367,0.853103,,1000.78,22.6811,18290.4,,0.265667,-0.0837038,0.278542,,-7.91177,9.87201,-6.24068,0.0620062,fluid
623,11.4619,0.753962,,1000.95,-79.7482,22447,,-0.885179,-0.0832962,0.889089,,-6.50799,11.7012,-4.55145,1.8912,fluid
624,12.1521,0.972619,,1000.74,-122.478,17560.8,,-1.097,0.108541,1.10236,,-9.01531,10.1094,-7.5713,0.299369,fluid
625,12.2998,1.21967,,1000.93,-65.0121,21874,,-0.549233,1.42934,1.53123,,-8.10188,14.7702,-6.32513,4.9602,fluid
626,11.6836,0.858037,,1000.65,-90.5028,15254.8,,-0.806954,-0.052427,0.808655,,-6.25217,11.9489,-4.94735,2.13891,fluid
627,11.3478,0.814329,,1000.99,-74.9273,23302.1,,-0.879308,-0.0912093,0.884026,,-6.7546,10.8394,-4.70318,1.02944,fluid
628,11.8803,1.02511,,1000.87,-62.4959,20433.6,,-0.609974,0.337459,0.697099,,-6.93009,9.47433,-5.21162,-0.335671,fluid
629,11.8975,1.12675,,1000.94,-45.0051,22234.4,,-0.501849,0.925618,1.05291,,-6.84938,13.4289,-4.9823,3.61893,fluid
630,11.4841,0.892164,,1000.73,-64.2874,17174.7,,-0.599078,-0.0583299,0.601911,,-5.55647,10.9662,-4.06204,1.15625,fluid
631,11.3835,0.889367,,1000.89,-59.4852,20979.1,,-0.658555,-0.072793,0.662566,,-6.02529,10.5583,-4.18398,0.74831,fluid
632,11.3371,0.899449,,1000.97,-56.0834,22844.5,,-0.67818,-0.0765209,0.682483,,-6.40607,10.2896,-4.39299,0.479638,fluid
633,11.3084,0.913579,,1001.02,-51.109,24042.8,,-0.661478,-0.07577,0.665803,,-6.65753,10.0992,-4.53359,0.289187,fluid
634,11.3121,0.941481,,1001.03,-41.5792,24431.7,,-0.572956,-0.0644823,0.576573,,-6.55185,9.97425,-4.39429,0.164253,fluid
635,11.3408,1.02419,,1001.2,-11.8139,28452,,-0.37248,0.202526,0.423979,,-5.99227,9.15571,-3.48647,-0.654288,fluid
636,11.3705,1.16976,,1000.24,-50.5173,5647.99,,-0.243391,0.928815,0.960175,,-4.30927,14.6527,-3.81267,4.84272,fluid
637,11.3984,1.21408,,1000.27,-36.9668,6451.14,,-0.104502,0.768562,0.775634,,-4.45584,16.3477,-3.89003,6.53767,fluid
638,11.379,1.22451,,1000.29,-29.3699,6848.7,,-0.022562,0.740611,0.740954,,-4.6028,16.7954,-4.0011,6.9854,fluid
639,11.2501,1.22402,,1000.34,-29.8074,8093.17,,-0.0680047,0.729815,0.732977,,-4.54738,16.7827,-3.82824,6.97272,fluid
640,11.0847,1.22608,,1000.43,-20.9498,10117.7,,-0.0427126,0.67196,0.673316,,-4.21694,16.7152,-3.30457,6.90517,fluid
641,10.9035,1.2204,,1000.51,-6.7971,12140.6,,0.0274995,0.553015,0.553698,,-3.63498,16.3013,-2.52209,6.49133,fluid
642,10.7146,1.2117,,1000.56,1.8379,13224.8,,0.0579342,0.396945,0.401151,,-3.05514,15.3718,-1.82156,5.56176,fluid
643,10.5342,1.2064,,1000.55,1.88525,12952.5,,0.0356652,0.26219,0.264604,,-2.89133,14.3643,-1.66244,4.55427,fluid
644,10.4054,1.19747,,1000.55,6.02655,13039.7,,0.054351,0.156324,0.165503,,-3.33888,13.6388,-2.08641,3.82883,fluid
645,10.3344,1.18172,,1000.58,10.9918,13744.8,,0.0707408,0.0849358,0.110537,,-3.79835,12.8936,-2.46912,3.08365,fluid
646,10.2682,1.16418,,1000.59,12.6846,13881.1,,0.0658577,0.029021,0.0719684,,-4.18919,11.846,-2.83813,2.03598,fluid
647,10.1851,1.14635,,1000.55,8.1494,12912.5,,0.0259298,-0.00690053,0.0268323,,-4.56767,10.7734,-3.30058,0.963395,fluid
648,10.0294,1.12356,,1000.45,-11.2911,10632.4,,-0.130397,-0.0305175,0.133921,,-4.89787,10.3902,-3.83823,0.580165,fluid
649,9.74006,1.09824,,1000.45,-13.5981,10701.7,,-0.178392,-0.0200129,0.179511,,-4.07285,10.2883,-2.97462,0.478348,fluid
650,9.51635,1.09757,,1000.32,26.0674,7448.37,,0.261159,-0.0276006,0.262614,,-4.32949,10.3447,-3.54705,0.534744,fluid
651,8.6479,1.12518,,1000.32,11.6117,7586.15,,0.0791565,-0.0496919,0.0934614,,-2.50811,10.469,-1.63117,0.659038,fluid
652,8.47508,1.12592,,1000.23,27.4228,5371.92,,0.253059,-0.0797532,0.265328,,-3.07317,10.549,-2.43946,0.739029,fluid
653,8.39625,1.12393,,1000.22,29.479,5202.86,,0.26959,-0.0853463,0.282777,,-3.20074,10.5526,-2.58121,0.742557,fluid
654,8.23361,1.12472,,1000.21,31.2739,4962.6,,0.281747,-0.0937983,0.29695,,-3.32704,10.6057,-2.72445,0.795709,fluid
655,8.04689,1.12694,,1000.19,35.3396,4418.62,,0.317122,-0.104078,0.333764,,-3.33619,10.7096,-2.78719,0.899553,fluid
656,7.90823,1.12307,,1000.16,41.3765,3755.78,,0.370473,-0.112449,0.387162,,-3.36405,10.7668,-2.88921,0.956825,fluid
657,7.5662,1.12357,,1000.08,56.3162,1894.17,,0.502,-0.136533,0.520236,,-3.10613,10.9889,-2.85581,1.17892,fluid
658,7.29187,1.11712,,1000.14,27.2983,3411.66,,0.239631,-0.124406,0.27,,-2.51733,11.0099,-2.04952,1.19987,fluid
659,7.35128,1.09616,,1000.16,20.1498,3709.67,,0.180656,-0.117022,0.215246,,-2.50899,10.8714,-2.00445,1.06141,fluid
660,7.38934,1.07626,,1000.17,16.0174,3972.58,,0.143423,-0.111059,0.181395,,-2.50015,10.7032,-1.96263,0.893196,fluid
661,6.8282,1.07572,,1000.25,15.5138,5807.42,,0.0868281,-0.109323,0.139609,,-1.8268,10.705,-0.976507,0.895018,fluid
662,6.58643,1.07118,,1000.21,28.3316,4998.42,,0.173251,-0.124165,0.21315,,-2.34081,10.7542,-1.58208,0.944242,fluid
663,8.01276,1.10549,,1000.25,18.8165,5808.56,,0.153053,-0.0931705,0.179182,,-3.07646,10.5227,-2.35173,0.712671,fluid
664,6.91689,0.754813,,1000.05,73.3493,1266.28,,0.564376,-0.0759005,0.569456,,-3.4154,9.57987,-3.23234,-0.230132,fluid
665,7.7913,0.708677,,1000.36,34.0389,8573.21,,0.23869,-0.0761652,0.250548,,-3.01379,9.63532,-1.91383,-0.174676,fluid
666,9.52674,0.689592,,1000.7,18.2298,16505.6,,0.0527803,-0.0877349,0.102387,,-3.77392,9.36584,-2.04257,-0.444163,fluid
667,11.003,0.71353,,1000.77,10.9298,18186.4,,0.195478,-0.0786391,0.210703,,-9.06029,10.9657,-7.4087,1.15572,fluid
668,12.5238,0.687788,,1001.5,-137.89,35402.7,,-1.60868,-0.0471789,1.60937,,-14.9086,14.6878,-12.086,4.87781,fluid
669,12.768,0.729738,,1001.11,-151.711,26115.2,,-1.30905,0.0770658,1.31132,,-13.3415,13.1424,-11.2984,3.33237,fluid
670,12.7246,0.882399,,1000.75,-136.379,17808.1,,-0.977435,0.506156,1.10072,,-11.7081,16.6224,-10.3096,6.81245,fluid
671,12.6354,0.68675,,1001.72,-181.973,40812.5,,-2.27346,-0.0499742,2.27401,,-12.5488,14.6286,-9.32438,4.81856,fluid
672,13.3073,0.888604,,1001.21,-236.449,28573.7,,-2.52015,1.12141,2.75839,,-11.4763,18.4243,-9.33169,8.61427,fluid
673,12.8154,0.752665,,1001.37,-217.345,32348.9,,-2.34651,0.0124487,2.34654,,-10.9798,11.5901,-8.45905,1.78009,fluid
674,12.7503,0.776609,,1001.26,-211.486,29785.6,,-2.2298,0.0265406,2.22996,,-10.8746,11.9453,-8.54144,2.13534,fluid
675,13.0576,0.870531,,1001.16,-236.29,27510.5,,-2.50725,0.661273,2.59299,,-10.8767,16.333,-8.77232,6.52298,fluid
676,13.1948,0.971352,,1000.75,-245.884,17584.7,,-2.33739,1.21011,2.63207,,-11.502,19.0964,-10.1703,9.28636,fluid
677,13.4431,1.2373,,1000.03,-257.248,635.252,,-2.06706,2.04503,2.90772,,-14.6348,15.3517,-14.5875,5.54173,fluid
678,13.323,1.1601,,1000.02,-263.407,582.471,,-2.11087,1.80079,2.77464,,-13.3291,17.8428,-13.2854,8.03278,fluid
679,13.3882,1.28297,,999.825,-263.431,-4109.06,,-2.02698,2.02495,2.86515,,-14.291,14.6315,-14.598,4.82151,fluid
680,13.44,1.41998,,999.803,-253.124,-4641.99,,-1.93422,2.13099,2.8779,,-14.6269,10.6128,-14.9724,0.802828,fluid
681,13.2364,1.23319,,999.725,-272.053,-6478.66,,-2.04886,1.75673,2.69887,,-13.0283,16.4231,-13.5179,6.61311,fluid
682,13.1254,1.18885,,999.817,-269.049,-4311.62,,-2.06294,1.53078,2.56886,,-11.8438,17.2215,-12.1723,7.41151,fluid
683,13.0681,1.20398,,999.788,-265.728,-4995.37,,-2.01112,1.4706,2.49144,,-11.385,16.7574,-11.7673,6.94739,fluid
684,13.1061,1.36459,,999.488,-261.857,-12033.7,,-1.822,1.71735,2.50379,,-12.0887,13.1866,-13.0073,3.37656,fluid
685,13.193,1.75753,,1001.01,-140.196,23875.3,,-1.5757,2.05454,2.5892,,-13.522,10.0279,-11.7141,0.217867,fluid
686,13.2548,1.85398,,1001.29,-113.41,30567.2,,-1.45791,2.45104,2.85186,,-15.5016,15.3405,-13.1984,5.53047,fluid
687,13.2232,1.88078,,1001.21,-116.131,28502.1,,-1.43947,2.59217,2.96503,,-16.5481,17.2617,-14.3952,7.45174,fluid
688,13.1731,1.88607,,1001.09,-123.891,25853.1,,-1.46064,2.61782,2.99774,,-17.075,17.9066,-15.1146,8.09662,fluid
689,13.1124,1.88337,,1000.99,-129.63,23276.8,,-1.45538,2.60167,2.98107,,-17.5423,18.1146,-15.7689,8.30459,fluid
690,12.8742,1.77667,,1000.8,-122.693,18932.2,,-1.25066,2.2738,2.59506,,-17.4773,16.4849,-16.008,6.67492,fluid
691,12.5466,1.61462,,1000.49,-96.6317,11668.9,,-0.758126,1.98959,2.12913,,-12.8933,16.814,-11.9637,7.00405,fluid
692,12.3769,1.53452,,1000.34,-85.6258,7919.48,,-0.547476,1.79505,1.87668,,-10.5016,16.8767,-9.86193,7.06671,fluid
693,12.2947,1.49175,,1000.27,-81.5068,6374.33,,-0.471359,1.68558,1.75025,,-9.49017,16.7543,-8.97185,6.94434,fluid
694,12.2159,1.45635,,1000.22,-80.0122,5206.51,,-0.436858,1.57698,1.63637,,-8.70406,16.7003,-8.27795,6.89025,fluid
695,12.1128,1.41444,,1000.19,-76.0788,4462.64,,-0.3912,1.42962,1.48218,,-7.87491,16.8236,-7.50656,7.01357,fluid
696,11.9928,1.36109,,1000.22,-63.8358,5173.87,,-0.292213,1.24568,1.2795,,-7.28966,17.1474,-6.85834,7.33737,fluid
697,11.888,1.31332,,1000.28,-49.1516,6527.8,,-0.179537,1.07584,1.09072,,-7.03787,17.4677,-6.48891,7.65766,fluid
698,11.5293,1.26319,,1000.24,-14.4018,5740.31,,0.191239,0.744811,0.768971,,-5.19935,17.4157,-4.70159,7.60568,fluid
699,10.6213,1.24095,,1000.44,3.50077,10374.2,,0.142037,0.326155,0.355741,,-3.02031,15.3029,-2.04401,5.49289,fluid
700,10.4405,1.2252,,1000.47,27.2261,11063,,0.334597,0.157223,0.369695,,-3.6156,14.4602,-2.55647,4.65025,fluid
701,10.381,1.22301,,1000.46,33.4959,10749.7,,0.395145,0.117237,0.41217,,-3.97218,14.1428,-2.93713,4.33277,fluid
702,10.3015,1.22212,,1000.43,33.3609,10077.4,,0.397371,0.0883426,0.407073,,-4.40346,13.7573,-3.42562,3.94734,fluid
703,10.0328,1.2043,,1000.36,24.5435,8510.73,,0.301946,0.0248768,0.302969,,-5.50919,12.3008,-4.6612,2.49085,fluid
704,9.7875,1.17658,,1000.29,41.0594,6822.34,,0.464213,-0.00644966,0.464258,,-5.41685,11.1724,-4.72,1.3624,fluid
705,9.36745,1.17086,,1000.17,31.273,4003.13,,0.394915,-0.0303861,0.396082,,-4.37136,10.9446,-3.94409,1.13464,fluid
706,9.12517,1.16762,,1000.19,17.6404,4517.9,,0.233341,-0.0399653,0.236739,,-3.82194,10.9213,-3.32694,1.11133,fluid
707,9.02591,1.15731,,1000.23,11.8985,5368.56,,0.151629,-0.0402112,0.15687,,-3.5143,10.8458,-2.91964,1.03581,fluid
708,8.9122,1.1465,,1000.27,7.33958,6439,,0.0779464,-0.0390912,0.0871996,,-3.14141,10.7409,-2.41912,0.930911,fluid
709,8.5381,1.12692,,1000.2,31.4106,4618.4,,0.305537,-0.0837864,0.316817,,-3.14404,10.5779,-2.60323,0.767889,fluid
710,8.25326,1.11902,,1000.22,29.9674,5147.34,,0.267261,-0.0920788,0.282678,,-3.29986,10.5491,-2.67632,0.739131,fluid
711,10.1276,1.17985,,1000.45,21.9749,10558.6,,0.222755,0.0124306,0.223102,,-5.11613,11.8042,-4.07403,1.99422,fluid
712,8.87382,0.849803,,1000.19,40.8908,4511.99,,0.424455,-0.0755015,0.431117,,-4.43377,9.51257,-3.92541,-0.297431,fluid
713,9.14444,0.708022,,1000.4,55.2162,9327.21,,0.502562,-0.0730367,0.507842,,-5.41497,9.81562,-4.39539,0.00561864,fluid
714,10.8248,0.636143,,1000.91,-21.9049,21479.3,,-0.255333,-0.0777369,0.266904,,-8.05024,10.6383,-6.06777,0.828259,fluid
715,12.5597,0.711795,,1001.31,-138.121,31014.1,,-1.45759,-0.035029,1.45801,,-14.2156,14.6599,-11.7495,4.84988,fluid
716,14.2378,1.01583,,1002,-200.658,47261.1,,-2.78566,1.6839,3.25506,,-15.2787,10.087,-11.9659,0.27696,fluid
717,14.2809,1.06072,,1001.96,-202.534,46358.8,,-2.80115,1.66151,3.25684,,-14.9555,9.25334,-11.7156,-0.556662,fluid
718,14.4166,1.77955,,1001.33,-196.762,31335.6,,-2.38737,2.51307,3.46627,,-11.6957,12.9617,-9.52499,3.15175,fluid
719,15.0733,1.53649,,1001.33,-274.745,31425.8,,-3.59412,1.20673,3.79129,,-8.08689,7.79896,-6.00479,-2.01104,fluid
720,15.062,1.7711,,1001.71,-253.236,40500.1,,-3.66184,2.17401,4.25856,,-8.43833,11.8836,-5.75403,2.07361,fluid
721,14.8499,1.57758,,1001.73,-244.42,41059.2,,-3.42787,1.62305,3.7927,,-9.19709,8.34247,-6.43694,-1.46753,fluid
722,14.8957,1.88086,,1001.78,-246.751,42215.3,,-3.58746,2.8518,4.58287,,-10.2996,14.939,-7.47063,5.12895,fluid
723,14.6947,1.44421,,1001.58,-243.338,37282.7,,-3.22125,1.41918,3.52001,,-9.56996,6.57629,-7.03679,-3.23371,fluid
724,14.5083,1.33602,,1001.56,-267.544,36830.2,,-3.50588,1.25429,3.7235,,-11.157,6.22748,-8.6224,-3.58252,fluid
725,14.4155,1.36023,,1001.63,-278.145,38656.4,,-3.71186,1.3114,3.93671,,-12.7861,6.2525,-10.1088,-3.5575,fluid
726,14.4569,1.44998,,1001.69,-262.569,39947.7,,-3.55997,1.48362,3.85675,,-12.1272,6.66409,-9.36866,-3.14591,fluid
727,14.5573,1.60365,,1001.79,-230.256,42363.6,,-3.2251,2.00228,3.7961,,-10.57,9.6693,-7.66513,-0.140699,fluid
728,14.4783,1.61379,,1001.8,-238.835,42676,,-3.35075,1.99471,3.89953,,-11.3185,9.57421,-8.37623,-0.235792,fluid
729,14.3584,1.58717,,1001.81,-257.016,42834.4,,-3.59713,1.7966,4.02083,,-12.9788,8.02858,-10.0009,-1.78142,fluid
730,14.3624,1.64493,,1001.8,-247.322,42667.1,,-3.46722,1.97223,3.9889,,-12.3926,9.22471,-9.42723,-0.585287,fluid
731,14.4868,1.80748,,1001.5,-230.67,35525.9,,-3.02206,2.64051,4.01312,,-9.7182,13.7461,-7.26958,3.93607,fluid
732,14.6326,2.02321,,1000.86,-242.9,20272.7,,-2.73947,3.16455,4.18558,,-9.07412,15.2872,-7.68987,5.47715,fluid
733,14.6675,2.16231,,1000.29,-257.583,6906.41,,-2.55324,3.00827,3.94573,,-8.6334,14.5299,-8.16267,4.71995,fluid
734,14.7068,2.42664,,998.994,-292.493,-23607.9,,-2.11454,2.22825,3.07187,,-7.47613,11.1669,-9.08298,1.35691,fluid
735,14.7874,2.66371,,998.927,-292.291,-25170.5,,-2.0053,2.28221,3.03804,,-4.71051,6.54947,-6.41449,-3.26053,fluid
736,14.5932,2.84922,,1000.93,-225.809,21949.8,,-2.77728,3.35443,4.35494,,-6.51767,7.46868,-5.01495,-2.34132,fluid
737,14.3134,2.77891,,1001.11,-233.872,26294.3,,-3.16633,3.75298,4.91025,,-15.2409,15.429,-13.4059,5.61901,fluid
738,14.1296,2.58213,,1000.94,-228.191,22228.3,,-2.88681,3.59351,4.60945,,-16.1137,15.8889,-14.542,6.07892,fluid
739,14.0549,2.34818,,1001.05,-204.069,24730.5,,-2.49989,3.21387,4.07166,,-12.5974,13.8675,-10.8397,4.05748,fluid
740,14.008,2.1044,,1001.24,-166.417,29403.7,,-1.95475,2.43189,3.12012,,-10.4192,11.281,-8.32278,1.47105,fluid
741,13.9609,1.96233,,1001.08,-163.502,25580.2,,-1.74691,1.87601,2.56342,,-11.1486,8.90446,-9.31835,-0.905541,fluid
742,13.9292,1.92363,,1001.03,-162.465,24255.7,,-1.68316,1.75676,2.43294,,-11.8496,8.13112,-10.1101,-1.67888,fluid
743,13.8295,1.91051,,1001.33,-142.802,31507.8,,-1.66474,1.89264,2.5206,,-12.7484,7.58558,-10.4731,-2.22442,fluid
744,13.7127,1.9352,,1001.75,-114.118,41302.4,,-1.67074,2.34316,2.8778,,-14.3244,10.3024,-11.3177,0.492384,fluid
745,13.656,1.94515,,1001.8,-105.624,42527.7,,-1.63698,2.54487,3.0259,,-15.398,12.3441,-12.2893,2.53407,fluid
746,13.5289,1.94075,,1001.69,-92.3972,40025.3,,-1.43947,2.71931,3.0768,,-16.9175,15.239,-13.964,5.42899,fluid
747,12.6157,1.67048,,1000.59,-88.3155,13885.2,,-0.706062,2.13865,2.25219,,-15.1439,17.2877,-14.0439,7.47771,fluid
748,12.3103,1.54266,,1000.36,-54.3857,8489.51,,-0.196344,1.76973,1.78059,,-11.3232,18.0461,-10.6338,8.23612,fluid
749,12.2022,1.51165,,1000.31,-42.4642,7291.71,,-0.042011,1.62676,1.6273,,-10.5476,18.3181,-9.95019,8.50815,fluid
750,12.1209,1.4866,,1000.29,-33.3638,6726.2,,0.0644783,1.51305,1.51442,,-10.0216,18.521,-9.4668,8.71101,fluid
751,11.8335,1.41155,,1000.24,-6.71586,5660.91,,0.349999,1.11624,1.16982,,-8.15995,19.007,-7.68169,9.19698,fluid
752,11.3513,1.35201,,1000.14,-5.34792,3331.23,,0.40086,0.711382,0.81655,,-4.50931,17.6798,-4.21588,7.86976,fluid
753,11.117,1.32691,,1000.21,-6.02725,5033.73,,0.308878,0.625129,0.697275,,-4.04706,17.4493,-3.59436,7.63927,fluid
754,10.9423,1.30811,,1000.28,2.99756,6608.98,,0.324208,0.528651,0.620147,,-3.70788,17.1729,-3.10407,7.36286,fluid
755,10.7565,1.28973,,1000.33,11.9031,7808.05,,0.343332,0.397804,0.525476,,-3.29725,16.5003,-2.5716,6.69028,fluid
756,10.6776,1.26715,,1000.38,12.5534,8942.08,,0.294512,0.345667,0.454118,,-3.22525,15.9622,-2.38811,6.15216,fluid
757,10.0508,1.19841,,1000.38,24.1784,8926.48,,0.286379,0.0215221,0.287186,,-5.46026,12.1922,-4.57246,2.38225,fluid
758,10.1225,1.1904,,1000.43,24.0987,10051.5,,0.262068,0.0218091,0.262974,,-5.17894,12.1848,-4.18637,2.37479,fluid
759,11.6343,1.34535,,1000.22,5.18371,5231.94,,0.460543,0.853666,0.969972,,-6.45727,18.5512,-6.00767,8.74119,fluid
760,10.0508,0.749953,,1000.58,-26.1372,13632.5,,-0.253569,-0.0932046,0.270156,,-3.84804,9.60798,-2.49247,-0.202017,fluid
761,10.4855,0.727088,,1000.63,-30.9566,14777,,-0.256875,-0.0858557,0.270844,,-6.13618,10.0931,-4.72778,0.283103,fluid
762,12.5159,0.62735,,1001.9,-137.194,44883.6,,-1.85014,-0.0600686,1.85112,,-16.099,14.152,-12.5197,4.34203,fluid
763,13.6092,0.621914,,1002.6,-224.725,61657.7,,-3.31403,0.697938,3.38673,,-13.0127,13.9365,-8.49386,4.12652,fluid
764,14.3305,0.561089,,1002.27,-288.638,53717.1,,-4.00103,0.370579,4.01815,,-10.3199,9.04358,-6.57993,-0.766423,fluid
765,14.4607,0.739763,,1002.13,-267.465,50366.3,,-3.72782,0.754195,3.80335,,-10.7875,9.81668,-7.31196,0.00668231,fluid
766,14.0907,0.899475,,1002.18,-264.769,51740.7,,-3.77631,1.42228,4.03527,,-14.0127,12.6839,-10.3487,2.87391,fluid
767,15.5371,1.25635,,1001.79,-338.262,42378.5,,-5.0214,0.231861,5.02675,,-8.97707,9.32079,-6.25438,-0.489214,fluid
768,15.2672,1.20997,,1001.66,-342.703,39284.9,,-4.88169,0.222396,4.88675,,-9.10146,7.52467,-6.53257,-2.28533,fluid
769,14.5405,0.82981,,1002.01,-297.502,47625.6,,-4.13683,0.706005,4.19664,,-9.33363,10.0562,-6.06482,0.24624,fluid
770,15.475,1.67959,,1001.31,-326.777,30878.4,,-4.60284,1.34501,4.79533,,-5.68577,10.1614,-3.69299,0.351411,fluid
771,14.8061,1.07051,,1001.65,-301.317,38968.7,,-4.0579,0.708597,4.11931,,-8.34415,8.31418,-5.71654,-1.49582,fluid
772,15.5596,2.27841,,1002.18,-254.688,51552,,-4.46191,2.85433,5.29678,,-7.41887,8.69222,-4.11286,-1.11778,fluid
773,15.3214,1.789,,1001.63,-304.566,38530.3,,-4.51613,1.65139,4.80858,,-5.23348,10.2771,-2.72277,0.46713,fluid
774,15.3413,2.00578,,1001.89,-286.796,44642.2,,-4.56035,2.34947,5.13,,-6.80079,10.8289,-3.89633,1.01886,fluid
775,15.3914,2.25325,,1002.12,-272.092,50173.7,,-4.61221,2.9587,5.47963,,-9.77494,11.2395,-6.52197,1.42954,fluid
776,15.2673,2.10278,,1002.05,-284.188,48551.9,,-4.64879,2.68985,5.37089,,-9.07616,12.5641,-5.90254,2.75411,fluid
777,15.1207,1.68154,,1001.62,-282.131,38399.1,,-4.02148,1.46408,4.2797,,-6.76251,9.78819,-4.22711,-0.0218089,fluid
778,14.941,1.54548,,1001.57,-281.307,37205.5,,-3.85771,1.12843,4.01936,,-7.78446,7.58008,-5.29821,-2.22992,fluid
779,14.9316,1.68369,,1001.87,-263.063,44335.8,,-3.86903,1.76285,4.25171,,-8.35279,10.6977,-5.38909,0.887736,fluid
780,15.0488,1.94404,,1001.92,-268.815,45390.8,,-4.12362,2.64043,4.89654,,-9.31429,14.6814,-6.30382,4.87141,fluid
781,15.1785,2.18112,,1001.87,-285.08,44268.8,,-4.47928,2.90887,5.34092,,-11.1102,14.4595,-8.19907,4.64952,fluid
782,15.6577,2.69896,,1001.69,-257.352,40013.6,,-4.24409,3.15368,5.28753,,-12.0886,12.9959,-9.5374,3.18588,fluid
783,16.0157,2.94094,,1001.78,-242.859,42098.4,,-4.24829,2.55006,4.95487,,-10.7191,9.68447,-8.09521,-0.125525,fluid
784,15.96,3.09972,,1001.43,-225.277,33811.3,,-3.81829,2.28105,4.44776,,-16.0538,15.2734,-13.9383,5.46336,fluid
785,15.6711,2.98697,,1000.52,-245.783,12272.7,,-3.39156,2.05514,3.96563,,-14.9677,14.2278,-14.185,4.41776,fluid
786,15.5414,2.73869,,1000.72,-241.91,17099.7,,-3.30274,2.53632,4.16426,,-14.8626,14.1909,-13.7631,4.38086,fluid
787,15.4013,2.55287,,1000.86,-250.029,20268.8,,-3.40879,2.43443,4.18883,,-13.9877,14.2461,-12.6727,4.43611,fluid
788,15.4052,2.55766,,1000.82,-247.54,19401,,-3.35104,2.37763,4.10884,,-14.1163,14.323,-12.858,4.51303,fluid
789,15.4033,2.73802,,1000.09,-255.469,2220.25,,-2.98062,2.31499,3.77403,,-13.968,13.4849,-13.8239,3.67494,fluid
790,15.2819,2.72672,,999.658,-273.065,-8034.7,,-2.82616,2.20346,3.58363,,-12.1054,12.57,-12.6313,2.76,fluid
791,15.206,2.55665,,1000.08,-260.191,1887.49,,-2.89048,2.05924,3.549,,-12.7307,14.137,-12.6065,4.327,fluid
792,15.112,2.53435,,999.801,-262.487,-4677.25,,-2.64727,2.00125,3.31859,,-11.7143,13.6233,-12.0238,3.81327,fluid
793,14.6815,2.86696,,1000.61,-231.708,14299,,-2.5241,3.20608,4.08044,,-4.19131,5.20606,-3.21795,-4.60394,fluid
794,14.2359,2.73547,,1001.04,-233.086,24582.2,,-3.07934,3.80801,4.89727,,-17.3519,16.6578,-15.6269,6.84778,fluid
795,14.0617,2.52247,,1000.86,-226.295,20367.5,,-2.78056,3.62946,4.57215,,-16.7774,16.1502,-15.3302,6.34024,fluid
796,13.8383,2.32841,,1000.64,-229.645,15070.2,,-2.56541,3.63849,4.45196,,-16.8016,16.8475,-15.7133,7.03745,fluid
797,13.6446,2.22352,,1000.58,-215.774,13657.3,,-2.27275,3.61917,4.27361,,-17.6925,17.9443,-16.6922,8.13434,fluid
798,13.4849,2.14716,,1000.67,-183.461,15796.3,,-1.88735,3.49343,3.97066,,-18.7836,19.4233,-17.613,9.61327,fluid
799,13.2391,2.05474,,1000.66,-160.755,15575.7,,-1.57308,3.1265,3.49994,,-18.4956,20.299,-17.3198,10.489,fluid
800,13.0669,1.977,,1000.64,-148.741,15025.4,,-1.40854,2.84922,3.17837,,-18.5399,19.6196,-17.3908,9.80956,fluid
801,12.9722,1.91923,,1000.66,-138.213,15506.7,,-1.30506,2.68219,2.98284,,-18.8547,18.8701,-17.6601,9.06006,fluid
802,12.8456,1.84502,,1000.65,-123.49,15328.8,,-1.13443,2.49272,2.73872,,-18.8307,17.9662,-17.6381,8.15622,fluid
803,12.6938,1.74505,,1000.63,-91.9917,14938.9,,-0.763328,2.32035,2.44268,,-17.4841,17.7046,-16.308,7.89461,fluid
804,12.4966,1.61438,,1000.53,-57.4834,12604.2,,-0.314401,2.04569,2.06971,,-14.169,17.9357,-13.1609,8.12567,fluid
805,11.9506,1.40807,,1000.27,-19.8176,6334.69,,0.191527,1.23933,1.25405,,-8.56696,18.6001,-8.03703,8.79006,fluid
806,11.9108,1.38844,,1000.27,-17.4447,6412.85,,0.207132,1.17373,1.19186,,-8.28569,18.5879,-7.74743,8.77786,fluid
807,12.898,1.87188,,1000.67,-125.426,15895,,-1.16843,2.57298,2.82585,,-19.136,18.3116,-17.9045,8.50162,fluid
808,10.5892,0.663966,,1000.7,-25.2573,16485.5,,-0.209304,-0.0775879,0.223222,,-7.01891,10.4588,-5.46318,0.648839,fluid
809,11.4557,0.671131,,1001.18,-80.1103,27886,,-1.01438,-0.0864744,1.01806,,-7.30715,11.6231,-4.87577,1.81307,fluid
810,13.5585,0.577447,,1002.62,-242.436,62262.5,,-3.52623,0.467302,3.55706,,-13.494,12.5029,-8.91383,2.69292,fluid
811,14.8483,0.655812,,1002.29,-311.167,54332,,-4.53878,0.167902,4.54188,,-8.42905,7.84493,-4.77829,-1.96507,fluid
812,15.4097,0.501774,,1002.65,-271.599,62805.4,,-4.21081,-0.0230957,4.21087,,-6.52761,9.32944,-2.46268,-0.480564,fluid
813,15.0453,0.67959,,1002.34,-302.596,55502.4,,-4.50731,0.173676,4.51065,,-8.15581,7.53496,-4.4754,-2.27504,fluid
814,15.0414,0.81746,,1002.31,-298.737,54667.2,,-4.50819,0.6189,4.55048,,-8.53125,8.98878,-4.90515,-0.821217,fluid
815,16.2116,2.57528,,1001.28,-285.258,30189.3,,-4.32059,1.71665,4.64912,,-1.19858,6.988,0.661253,-2.822,fluid
816,15.2652,0.753796,,1002.44,-291.806,57784,,-4.51185,0.261962,4.51945,,-8.15243,7.6077,-4.3763,-2.2023,fluid
817,15.7096,1.28361,,1001.91,-324.426,45202.6,,-4.94011,0.338721,4.95171,,-8.7779,10.9439,-5.90599,1.1339,fluid
818,16.4748,3.37417,,1001.36,-325.269,32231.7,,-5.33751,3.53744,6.40332,,-6.04524,10.0021,-4.09149,0.192062,fluid
819,15.9311,2.15887,,1001.41,-292.245,33352.8,,-4.42547,1.64089,4.71988,,-4.88934,8.26732,-2.79873,-1.54268,fluid
820,16.1222,2.84638,,1002.01,-264.563,47552,,-4.70815,2.36593,5.26918,,-3.98589,5.16673,-1.04233,-4.64327,fluid
821,15.9208,2.44265,,1001.92,-260.384,45407.3,,-4.42585,2.11288,4.90432,,-3.67301,6.5206,-0.826401,-3.2894,fluid
822,15.9045,2.56058,,1002.22,-248.091,52701.6,,-4.53314,2.44893,5.15234,,-4.4695,6.90675,-1.16323,-2.90325,fluid
823,15.7996,2.10395,,1001.5,-291.249,35358,,-4.44946,1.87117,4.8269,,-5.36931,7.84019,-3.13474,-1.96981,fluid
824,15.6957,1.83466,,1001.26,-323.389,29743.1,,-4.64335,1.53883,4.8917,,-6.3332,9.90913,-4.4406,0.0991289,fluid
825,15.4081,1.32452,,1001.63,-357.155,38458.6,,-5.17183,0.148566,5.17397,,-8.01141,8.55444,-5.51946,-1.25556,fluid
826,15.4563,1.55649,,1001.41,-341.234,33289.7,,-4.85164,0.81494,4.91961,,-5.98647,9.53212,-3.8357,-0.277882,fluid
827,15.6058,2.20124,,1001.99,-269.547,47209.4,,-4.5277,2.43121,5.13915,,-6.01323,7.88403,-2.99414,-1.92597,fluid
828,15.7136,2.61863,,1002.33,-255.355,55357.4,,-4.71633,3.06302,5.62368,,-8.81433,10.471,-5.29964,0.660983,fluid
829,16.0607,3.00886,,1001.89,-291.023,44792.2,,-5.08818,3.04494,5.92969,,-9.87955,10.3299,-7.09589,0.519923,fluid
830,16.6637,3.5333,,1001.15,-341.866,27072.6,,-5.4909,3.31135,6.4121,,-4.47817,9.7178,-2.85538,-0.0921953,fluid
831,16.7954,3.49731,,1001.47,-296.939,34716.6,,-5.02565,2.69381,5.70208,,-1.02582,6.33959,1.03818,-3.47041,fluid
832,16.7622,3.4196,,1001.68,-273.285,39746.4,,-4.75336,2.18194,5.23023,,-0.248562,4.82568,2.11866,-4.98432,fluid
833,16.5685,3.39712,,1001.86,-263.797,44115.8,,-4.77966,2.77387,5.52626,,-4.77848,9.65432,-2.1208,-0.155679,fluid
834,16.3215,3.28767,,1001.44,-293.986,33944.7,,-4.87514,3.34218,5.91077,,-9.64199,11.7351,-7.56522,1.92511,fluid
835,16.2905,3.24213,,1001.56,-283.172,36793.3,,-4.7949,3.1987,5.76392,,-9.45335,11.3454,-7.19829,1.53538,fluid
836,16.4365,3.34408,,1001.6,-276.363,37958.6,,-4.76014,3.22836,5.75163,,-7.51323,10.5973,-5.20752,0.78728,fluid
837,16.3475,3.29263,,1001.68,-263.209,39845.2,,-4.60499,3.02077,5.50736,,-9.36479,11.7999,-6.93151,1.98991,fluid
838,16.2268,3.11164,,1001.74,-245.305,41236.7,,-4.306,2.69569,5.08019,,-7.86639,8.89419,-5.32955,-0.915813,fluid
839,16.1836,3.14109,,1001.69,-234.624,39996.9,,-4.1211,2.68734,4.91988,,-10.8652,11.3013,-8.39797,1.49132,fluid
840,15.9851,3.12703,,1001.43,-223.63,33778.4,,-3.79918,2.34831,4.46636,,-16.1301,15.59,-14.02,5.77997,fluid
841,15.766,3.18116,,1000.28,-251.619,6579.59,,-3.45492,1.92131,3.95322,,-15.1467,14.3343,-14.7295,4.52432,fluid
842,15.4623,3.38037,,997.585,-393.897,-56455.3,,-3.00154,2.1286,3.6797,,-3.66269,1.90298,-7.3227,-7.90702,fluid
843,15.3317,3.39426,,998.289,-387.063,-40086,,-3.19841,2.68519,4.17613,,0.585719,0.305536,-2.03335,-9.50446,fluid
844,15.0568,3.3462,,1000.87,-275.577,20645.7,,-3.65156,3.84962,5.30598,,-2.67428,7.3563,-1.3043,-2.4537,fluid
845,14.9007,3.27953,,1001.52,-246.722,36007.2,,-3.86212,4.24388,5.73816,,-8.50681,11.5054,-6.094,1.69539,fluid
846,14.6952,3.17433,,1001.52,-250.413,35951.2,,-3.93712,4.42983,5.92658,,-15.0737,15.4569,-12.631,5.64685,fluid
847,14.3736,2.97779,,1001.06,-274.297,25123.9,,-3.79009,4.161,5.62838,,-20.0139,18.6405,-18.2678,8.83051,fluid
848,14.2918,2.89226,,1000.99,-265.197,23431,,-3.55167,4.04754,5.38488,,-20.3246,18.6097,-18.6867,8.79967,fluid
849,14.1725,2.7485,,1000.91,-248.834,21573.3,,-3.17873,3.90263,5.03337,,-20.2534,18.3788,-18.7325,8.56879,fluid
850,14.0783,2.61837,,1000.84,-238.25,19924.3,,-2.93786,3.77078,4.78015,,-19.3444,17.774,-17.9303,7.96395,fluid
851,13.8365,2.35617,,1000.59,-231.992,14023.3,,-2.57037,3.67707,4.48638,,-17.3232,17.0933,-16.3103,7.28332,fluid
852,13.3953,2.09709,,1000.75,-164.805,17687,,-1.7037,3.34845,3.75695,,-18.9711,20.1183,-17.6517,10.3083,fluid
853,13.0118,1.9339,,1000.68,-138.853,16029.2,,-1.3272,2.73628,3.04117,,-18.7753,19.1611,-17.5442,9.35111,fluid
854,12.9271,1.88613,,1000.68,-129.728,16029.5,,-1.22337,2.60386,2.87693,,-19.0327,18.4755,-17.7936,8.66552,fluid
855,13.9348,2.46991,,1000.68,-233.51,15986.4,,-2.69465,3.73247,4.60353,,-18.6071,17.4485,-17.4607,7.63846,fluid
856,12.3064,0.798698,,1001.09,-165.41,25781,,-1.80217,-0.04893,1.80283,,-12.238,13.8408,-10.1454,4.0308,fluid
857,11.91,0.63681,,1001.86,-126.039,44010.8,,-1.9343,-0.0908324,1.93643,,-8.51148,11.7466,-4.82305,1.93658,fluid
858,14.4897,0.494494,,1002.27,-307.957,53742.5,,-4.25557,0.0714561,4.25617,,-8.86438,8.30079,-5.16375,-1.50921,fluid
859,15.2304,0.485874,,1002.63,-278.316,62418.6,,-4.288,-0.0209142,4.28805,,-7.05904,9.62638,-2.9715,-0.183624,fluid
860,17.0661,2.13643,,1002.31,-315.216,54753.6,,-5.74549,0.839324,5.80647,,-10.6084,13.9739,-7.40748,4.16388,fluid
861,18.0972,3.22398,,1002.11,-219.064,50019.3,,-4.32263,0.200235,4.32726,,-8.79057,12.6789,-6.03246,2.86888,fluid
862,18.3193,3.14171,,1001.97,-229.327,46622.9,,-4.25099,0.310317,4.26231,,-5.79867,11.3519,-3.25866,1.54189,fluid
863,18.0359,3.86314,,1000.7,-271.841,16415,,-4.20021,1.0925,4.33996,,-7.12201,9.54392,-6.21252,-0.266077,fluid
864,15.6416,1.00188,,1002.65,-314.425,62796,,-5.25185,-0.0287001,5.25193,,-10.2351,9.04867,-6.231,-0.761326,fluid
865,15.9493,1.48819,,1002.01,-319.218,47682.1,,-5.09351,0.302137,5.10246,,-8.92203,11.6781,-5.93843,1.86806,fluid
866,17.8541,3.33079,,1001.4,-225.21,33090.5,,-3.89913,0.35623,3.91537,,-10.5492,11.6564,-8.69845,1.84643,fluid
867,17.1726,2.54738,,1001.75,-283.015,41456.1,,-4.98756,1.20892,5.13198,,-11.998,16.8517,-9.5881,7.04171,fluid
868,17.1929,2.59125,,1001.69,-280.691,40017.8,,-4.92533,1.21691,5.07344,,-11.9813,17.0622,-9.65765,7.25218,fluid
869,16.8733,2.62738,,1000.66,-290.206,15586.1,,-4.15584,1.39253,4.38294,,-6.74399,14.8788,-5.82089,5.06881,fluid
870,16.8458,2.4991,,1001.12,-300.861,26358.3,,-4.70406,1.04898,4.8196,,-7.31875,15.694,-5.75581,5.88396,fluid
871,16.215,2.23211,,1001.31,-299.431,31064.5,,-4.55006,1.18667,4.70226,,-4.25586,10.4612,-2.34259,0.65117,fluid
872,16.3156,2.44366,,1001.03,-291.882,24334.5,,-4.23366,1.48483,4.48649,,-2.29374,10.0046,-0.803782,0.194554,fluid
873,16.5427,2.73503,,1000.35,-320.942,8337.93,,-4.18576,1.38222,4.40807,,-0.457259,9.07736,0.0465895,-0.732642,fluid
874,16.6882,2.92428,,1000.08,-332.789,1789.14,,-4.16752,1.37368,4.38808,,0.508516,7.02862,0.615718,-2.78138,fluid
875,16.8287,2.82577,,999.921,-351.418,-1863.53,,-4.48693,0.940178,4.58438,,-2.45526,12.0893,-2.56601,2.27926,fluid
876,17.3243,2.91111,,1000.78,-296.459,18488.2,,-4.56171,0.633154,4.60544,,-11.2091,15.5699,-10.1427,5.75985,fluid
877,17.6697,3.35987,,1000.68,-250.147,16116.4,,-3.71469,0.560237,3.7567,,-10.2158,10.0789,-9.30429,0.268916,fluid
878,17.6719,3.53781,,1000.58,-254.352,13787.6,,-3.6742,0.891019,3.7807,,-7.56903,7.6247,-6.78929,-2.1853,fluid
879,17.4995,3.25008,,1000.24,-282.787,5565.56,,-3.8605,0.612679,3.90882,,-9.5345,10.8268,-9.21654,1.01685,fluid
880,17.2833,3.13452,,999.741,-335.386,-6094.51,,-4.25348,0.497524,4.28247,,-7.28849,11.5618,-7.6412,1.75183,fluid
881,17.1929,3.25891,,999.743,-344.333,-6043.78,,-4.26449,0.687709,4.31959,,-3.12289,6.80972,-3.47451,-3.00028,fluid
882,16.9808,3.28455,,1000.38,-344.319,8919.74,,-4.69875,0.95751,4.79532,,1.81405,2.32419,2.33914,-7.48581,fluid
883,17.1833,3.48808,,1000.59,-305.592,13936.5,,-4.3492,1.5174,4.6063,,0.301108,1.8176,1.11168,-7.9924,fluid
884,17.7385,3.48172,,1000.67,-236.361,15864.6,,-3.4698,0.645599,3.52935,,-9.22194,9.31285,-8.32818,-0.497153,fluid
885,17.5553,3.64235,,1000.35,-271.303,8261.49,,-3.69204,1.17757,3.87529,,-4.47613,4.63609,-4.0057,-5.17391,fluid
886,17.3126,3.67089,,1000.56,-295.387,13145.4,,-4.19665,1.73557,4.54137,,-0.441001,2.29703,0.317873,-7.51297,fluid
887,17.1885,3.59434,,1000.73,-294.778,17253.7,,-4.30976,1.84758,4.68909,,0.350541,2.17142,1.3536,-7.63858,fluid
888,17.0319,3.53548,,1001.07,-290.278,25225.1,,-4.51763,2.01042,4.94478,,0.849705,2.86356,2.32918,-6.94644,fluid
889,16.8388,3.60605,,1001.4,-292.875,33056.4,,-4.89381,2.73204,5.60476,,-2.89738,8.57113,-0.937019,-1.23887,fluid
890,16.6595,3.61751,,1001.57,-298.384,37039.6,,-5.10176,2.93853,5.88752,,-8.28443,14.766,-6.06457,4.95596,fluid
891,16.3666,3.62189,,1002.72,-188.972,64556.4,,-4.38708,2.07427,4.85274,,-19.7388,29.0965,-15.8051,19.2865,fluid
892,16.1,3.71429,,1001.09,-217.103,25822.5,,-4.17245,1.00695,4.29224,,-15.2496,19.6181,-13.6474,9.8081,fluid
893,15.7114,3.97072,,996.33,-499.103,-85454.4,,-3.92613,2.5921,4.70462,,-4.61681,1.58779,-10.0758,-8.22221,fluid
894,15.419,3.96941,,999.969,-371.391,-725.203,,-4.96364,3.78813,6.24401,,-2.75691,6.6083,-2.80394,-3.2017,fluid
895,15.1583,3.79633,,1001.43,-343.719,33705.9,,-5.72977,4.33416,7.18437,,-9.99831,13.1835,-7.77788,3.37347,fluid
896,15.0856,3.61943,,1001.42,-313.778,33578.2,,-5.09665,4.38388,6.72266,,-9.12516,13.6611,-6.90247,3.85112,fluid
897,14.9876,3.45013,,1001.49,-281.739,35124.4,,-4.50334,4.48786,6.35775,,-9.78728,13.5599,-7.44719,3.74991,fluid
898,14.8604,3.31161,,1001.59,-259.94,37552.5,,-4.18392,4.51019,6.15199,,-12.1218,14.3946,-9.59876,4.58464,fluid
899,14.5449,3.10366,,1001.29,-268.441,30398.2,,-3.97552,4.39896,5.92922,,-18.3493,17.4797,-16.262,7.66973,fluid
900,14.3064,2.91085,,1001.01,-266.108,23787.9,,-3.58726,4.08411,5.43584,,-20.4498,18.7126,-18.7887,8.90262,fluid
901,14.1703,2.70914,,1000.96,-236.558,22558.7,,-3.03938,3.86205,4.9146,,-19.2965,17.6721,-17.706,7.86209,fluid
902,14.0714,2.59241,,1000.85,-232.852,20089.4,,-2.86865,3.75514,4.72549,,-18.8407,17.3553,-17.4143,7.54534,fluid
903,14.4755,3.10709,,1001.15,-286.568,27106.5,,-4.11019,4.46019,6.06523,,-20.8415,19.0446,-18.9711,9.23465,fluid
904,12.4622,0.670298,,1001.65,-146.414,39011.1,,-1.8416,-0.0570333,1.84249,,-15.7135,14.2599,-12.5883,4.44988,fluid
905,13.849,1.30044,,1001.13,-219.109,26710.2,,-2.43113,1.95396,3.11903,,-16.2263,9.14255,-14.2998,-0.667449,fluid
906,15.4085,0.449828,,1002.7,-266.556,63970.1,,-4.13541,-0.0243219,4.13548,,-6.09313,9.36847,-1.95268,-0.44153,fluid
907,15.5761,0.495689,,1002.71,-265.308,64378.6,,-4.15751,-0.027993,4.1576,,-5.95278,9.08421,-1.83078,-0.725788,fluid
908,18.35,2.80604,,1001.96,-273.398,46485.1,,-4.93856,0.677084,4.98476,,-3.51502,9.25534,-0.98674,-0.554657,fluid
909,18.8409,2.31189,,1001.55,-317.903,36771.7,,-5.30135,-0.37328,5.31447,,-12.143,11.5712,-10.1943,1.76124,fluid
910,19.517,2.0867,,1002.58,-249.157,61181.6,,-4.94341,-0.575125,4.97675,,-7.3516,10.0102,-4.22487,0.200182,fluid
911,18.6077,2.84154,,1001.28,-283.909,30165.5,,-4.48425,0.211114,4.48922,,-4.39914,9.53536,-2.78008,-0.274637,fluid
912,18.4007,3.25758,,1001.75,-231.915,41487.1,,-4.14183,0.25948,4.14995,,-5.906,11.0094,-3.6553,1.19944,fluid
913,18.0822,2.80978,,1002.63,-250.947,62399.3,,-5.16684,0.665055,5.20947,,-6.57506,11.0779,-3.13324,1.26791,fluid
914,17.4277,2.25431,,1002.21,-319.84,52417.9,,-5.73996,1.23622,5.87157,,-10.1905,10.8073,-7.18937,0.997339,fluid
915,16.6265,1.68602,,1002.76,-326.554,65472.4,,-6.04432,0.880231,6.10807,,-6.99773,10.317,-3.07072,0.506959,fluid
916,17.7808,2.69916,,1002.84,-235.448,67334.2,,-5.07998,1.33078,5.2514,,-10.7664,13.4274,-6.99017,3.61737,fluid
917,17.4963,2.547,,1002.52,-269.574,59852.5,,-5.35992,1.59897,5.59333,,-13.4332,15.5076,-10.021,5.69759,fluid
918,16.3058,1.69694,,1002.63,-303.361,62333.4,,-5.53396,0.427512,5.55045,,-8.9918,11.5268,-5.17905,1.71681,fluid
919,16.3043,1.78865,,1002.54,-299.918,60177.8,,-5.46729,0.678012,5.50917,,-8.86496,12.6421,-5.18339,2.83211,fluid
920,16.5667,1.82262,,1002.77,-293.927,65763.3,,-5.6159,0.913206,5.68967,,-8.5636,12.5896,-4.60495,2.77965,fluid
921,17.1496,2.07731,,1002.23,-327.536,52950,,-5.823,0.726839,5.86818,,-9.51671,11.5556,-6.43605,1.74556,fluid
922,18.0898,3.07705,,1002.36,-225.912,55898.1,,-4.59782,0.173807,4.6011,,-8.71541,12.5884,-5.63264,2.77843,fluid
923,18.2664,4.04058,,1000.53,-288.64,12556.6,,-4.4528,1.03501,4.5715,,-8.14218,10.0959,-7.45513,0.285907,fluid
924,18.5775,2.97512,,1001.46,-282.558,34561.6,,-4.67977,-0.100965,4.68086,,-4.33823,10.3297,-2.48054,0.519667,fluid
925,19.1135,2.49057,,1001.74,-254.415,41066.1,,-4.32912,-0.981535,4.439,,-12.101,13.0162,-9.95624,3.2062,fluid
926,19.0062,2.54113,,1001.45,-276.123,34342.7,,-4.47943,-0.851782,4.55969,,-11.5404,12.4829,-9.7361,2.67294,fluid
927,18.8949,2.68731,,1001.16,-293.095,27421,,-4.54207,-0.56285,4.57681,,-9.15937,11.2956,-7.70981,1.48563,fluid
928,19.2906,2.68089,,1001.93,-223.192,45625,,-4.01684,-1.06467,4.15555,,-11.0138,12.0999,-8.65317,2.28994,fluid
929,19.4485,2.79644,,1002.11,-202.555,49954.7,,-3.87917,-1.1352,4.04186,,-9.56446,12.0698,-7.0013,2.25976,fluid
930,19.3395,2.95869,,1001.87,-208.371,44187.7,,-3.8445,-0.840976,3.9354,,-9.5247,12.0917,-7.24412,2.28166,fluid
931,19.2654,3.04216,,1001.72,-210.684,40688.1,,-3.78619,-0.753678,3.86048,,-9.21294,11.7687,-7.10458,1.9587,fluid
932,19.0517,3.10373,,1001.43,-234.002,33905.7,,-3.91623,-0.81299,3.99973,,-8.91729,9.68738,-7.14017,-0.122615,fluid
933,18.8974,3.26514,,1001.37,-235.742,32447.1,,-3.91375,-0.5215,3.94835,,-7.748,8.998,-6.03334,-0.811996,fluid
934,18.7557,3.48426,,1001.41,-221.203,33292.8,,-3.75433,-0.100727,3.75568,,-7.46709,9.24194,-5.69451,-0.568065,fluid
935,18.4474,3.57494,,1001.36,-221.952,32102.4,,-3.75363,0.245951,3.76167,,-8.09566,10.8037,-6.35781,0.993655,fluid
936,18.2182,3.57785,,1001.41,-220.615,33449.5,,-3.83364,0.283016,3.84407,,-8.45055,11.7973,-6.6171,1.9873,fluid
937,17.989,3.61441,,1001.19,-223.938,28005,,-3.7298,0.386696,3.7498,,-8.3472,11.1897,-6.79226,1.37967,fluid
938,17.718,3.80296,,1000.56,-265.686,13096.6,,-3.86005,0.998782,3.98717,,-4.67974,6.65657,-3.94098,-3.15343,fluid
939,17.2634,3.91213,,1001.06,-303.174,24972.2,,-4.84346,1.81394,5.17199,,-0.276676,5.93452,1.16833,-3.87548,fluid
940,16.9383,3.94719,,1002.42,-258.38,57422.4,,-5.34245,1.71539,5.61109,,-10.0011,17.3374,-6.61917,7.5274,fluid
941,16.6047,4.13147,,1001.96,-227.703,46439.8,,-5.12068,0.850913,5.19089,,-16.1726,16.3809,-13.3813,6.57086,fluid
942,16.2296,4.40967,,999.224,-355.662,-18235,,-4.98531,2.563,5.60556,,-9.8861,11.7362,-11.0105,1.92616,fluid
943,16.106,4.27624,,998.212,-413.943,-41868.1,,-4.88099,2.36314,5.42296,,-10.6831,9.58747,-13.2873,-0.222526,fluid
944,15.6558,4.32951,,1000.88,-293.49,20854.6,,-5.13101,4.118,6.57915,,-4.09392,5.52113,-2.76303,-4.28887,fluid
945,15.5061,4.18896,,1000.84,-325.205,19751,,-5.36035,4.2621,6.84827,,-5.40884,7.12693,-4.13615,-2.68307,fluid
946,15.4396,4.07218,,1000.52,-348.442,12214.8,,-5.25891,4.10689,6.67253,,-4.59823,7.38139,-3.8075,-2.42861,fluid
947,15.2212,3.88567,,1001.33,-346.486,31543.5,,-5.76444,4.34627,7.21933,,-8.86087,11.9517,-6.79129,2.14171,fluid
948,15.0727,3.59573,,1001.43,-310.018,33751.5,,-5.02244,4.39821,6.67601,,-9.23191,13.6955,-6.99586,3.88553,fluid
949,14.8226,3.31254,,1001.56,-269.757,36841.9,,-4.32276,4.61965,6.32672,,-14.1254,15.7375,-11.6437,5.92751,fluid
950,14.6631,3.20383,,1001.43,-268.62,33791.7,,-4.15379,4.59911,6.19724,,-17.5135,17.2993,-15.2122,7.48927,fluid
951,15.1172,3.8478,,1001.47,-368.898,34661.8,,-6.18665,4.65142,7.74018,,-14.4151,14.6471,-12.1255,4.83712,fluid
952,14.0369,1.41943,,1001.47,-193.803,34705.1,,-2.37932,1.8944,3.04137,,-17.1206,6.32825,-14.6518,-3.48175,fluid
953,13.9603,0.603291,,1002.68,-240.561,63505.7,,-3.62527,0.886451,3.73208,,-10.3576,11.9953,-5.82073,2.18533,fluid
954,16.7008,1.56099,,1002.51,-366.833,59484.3,,-6.40645,0.761759,6.45158,,-5.15517,8.56699,-1.60232,-1.24301,fluid
955,16.1401,1.60911,,1002.34,-302.911,55525,,-5.21085,0.458185,5.23096,,-9.65184,11.1922,-6.21969,1.38218,fluid
956,18.1686,2.09623,,1001.82,-332.666,43143.4,,-5.77447,-0.156673,5.77659,,-5.01192,7.8905,-2.64162,-1.9195,fluid
957,18.732,1.99014,,1002.19,-337.036,51936.3,,-6.24678,-0.0789367,6.24728,,-12.0561,13.8172,-9.2896,4.00724,fluid
958,19.1329,1.79303,,1002.7,-334.573,63980.8,,-6.54152,-0.361882,6.55152,,-13.4757,11.4951,-10.1406,1.68514,fluid
959,17.9338,2.39517,,1002.41,-311.649,57195.1,,-5.85733,0.926583,5.93016,,-3.88775,6.61945,-0.7062,-3.19055,fluid
960,15.8134,0.964497,,1003.24,-324.282,77014.9,,-5.88623,-0.0389865,5.88636,,-8.04595,8.9754,-3.19143,-0.834599,fluid
961,16.5926,2.15854,,1002.21,-246.603,52342.4,,-4.57438,1.46332,4.80274,,-8.71134,13.9593,-5.56373,4.14932,fluid
962,17.1297,1.91337,,1002.18,-369.306,51669.7,,-6.38335,0.451182,6.39927,,-7.61721,7.66004,-4.60739,-2.14996,fluid
963,18.3882,2.67702,,1001.7,-291.052,40302.7,,-4.97963,0.628303,5.01912,,-2.82433,8.0775,-0.636289,-1.7325,fluid
964,18.6614,2.59714,,1001.24,-297.168,29235.2,,-4.66092,0.380517,4.67643,,-6.18872,8.97359,-4.62404,-0.836412,fluid
965,17.7663,2.13476,,1001.82,-348.161,43048.5,,-5.78588,0.258175,5.79164,,-5.03229,5.21155,-2.61364,-4.59845,fluid
966,18.8334,2.3082,,1001.58,-328.314,37330.4,,-5.50564,-0.215337,5.50985,,-12.0298,11.2709,-10.0508,1.46093,fluid
967,19.1155,2.17496,,1002.28,-311.682,54084,,-5.7748,-0.304867,5.78284,,-14.1244,11.6791,-11.3015,1.8691,fluid
968,19.2723,1.9552,,1002.7,-303.456,64109.3,,-6.00197,-0.364497,6.01303,,-11.3589,10.5168,-8.04142,0.706781,fluid
969,20.8221,1.77143,,1003.21,-196.381,76374.2,,-4.419,-1.56592,4.68825,,-12.7039,9.84084,-9.04773,0.0308365,fluid
970,20.6907,1.81297,,1002.78,-237.923,66041.9,,-4.78361,-1.54843,5.02798,,-16.0476,10.4303,-12.8646,0.620347,fluid
971,20.3255,1.62298,,1002.5,-265.723,59401.9,,-5.22663,-1.50398,5.43871,,-13.536,11.3456,-10.6207,1.53557,fluid
972,20.0128,1.59749,,1002.79,-275.204,66328.5,,-5.87849,-1.30286,6.02114,,-9.25808,13.1901,-5.95301,3.38008,fluid
973,19.7289,1.68339,,1002.92,-282.192,69449.5,,-6.06348,-0.933126,6.13486,,-8.12894,12.7855,-4.61902,2.97552,fluid
974,19.9748,1.89513,,1002.28,-288.961,53953.2,,-5.58667,-1.01351,5.67786,,-9.32693,11.3306,-6.632,1.52062,fluid
975,20.1282,2.06011,,1001.86,-282.048,43961.7,,-4.95099,-0.932717,5.03808,,-10.7526,11.6561,-8.57255,1.84608,fluid
976,19.2996,2.12063,,1002.47,-272.879,58527.2,,-5.23633,-0.767217,5.29224,,-11.2179,12.071,-8.19279,2.26105,fluid
977,19.8021,2.08706,,1002.29,-253.184,54207.3,,-4.84033,-1.14146,4.9731,,-7.47964,10.7857,-4.74844,0.97571,fluid
978,20.3142,2.28355,,1001.52,-273.54,35927.3,,-4.33941,-1.43175,4.56951,,-13.654,11.9581,-11.8881,2.14808,fluid
979,20.1546,2.40543,,1001.65,-266.925,39101.3,,-4.45995,-1.42712,4.68272,,-10.6912,11.7752,-8.75428,1.96525,fluid
980,19.974,2.38952,,1001.99,-254.713,47031.6,,-4.61999,-1.4044,4.82874,,-8.06033,11.9123,-5.71036,2.10227,fluid
981,19.6131,2.30495,,1002.44,-239.103,57866.3,,-4.70035,-1.06587,4.81969,,-7.40659,12.1724,-4.46338,2.36237,fluid
982,19.394,2.32956,,1002.4,-243.294,56809.8,,-4.68866,-0.899431,4.77415,,-9.83331,13.0475,-6.91106,3.23747,fluid
983,19.8204,2.26088,,1002.22,-243.344,52515.9,,-4.59548,-1.18136,4.7449,,-7.2194,11.5246,-4.57567,1.71456,fluid
984,19.8322,2.58537,,1002.23,-227.367,52918.7,,-4.39956,-1.52893,4.65766,,-7.19911,11.9957,-4.53672,2.18574,fluid
985,19.6363,2.76619,,1002.31,-204.005,54765.4,,-4.10102,-1.44049,4.34665,,-7.92407,12.264,-5.14151,2.45396,fluid
986,19.1589,3.24927,,1001.54,-204.611,36516.5,,-3.5889,-0.608029,3.64004,,-7.08084,11.0879,-5.1778,1.27794,fluid
987,18.7843,3.54462,,1001.45,-211.748,34250.5,,-3.65408,-0.311663,3.66735,,-7.1454,10.0004,-5.32468,0.190361,fluid
988,18.3257,3.73409,,1001.24,-219.178,29281.3,,-3.70666,0.0346778,3.70683,,-8.58583,12.2302,-6.98998,2.42018,fluid
989,17.4756,4.03551,,1001.37,-261.251,32401.3,,-4.47531,0.693708,4.52876,,0.998577,10.1884,2.85013,0.378377,fluid
990,16.9933,4.4481,,1001.3,-281.67,30677.8,,-5.31229,0.629339,5.34944,,-8.17983,11.4503,-6.37688,1.64026,fluid
991,17.0031,4.23232,,1002.49,-226.584,59034.6,,-5.29944,0.442034,5.31784,,-10.4812,15.5617,-7.01782,5.75171,fluid
992,16.5358,4.5973,,1000.32,-306.154,7553.88,,-5.21189,2.11458,5.62452,,-10.4694,9.91677,-10.0127,0.106773,fluid
993,16.3036,4.5669,,999.976,-315.137,-557.72,,-5.07635,2.60983,5.70794,,-8.21671,10.5334,-8.25092,0.72336,fluid
994,16.0147,4.62455,,1001.08,-261.34,25551.8,,-5.00804,3.47563,6.09594,,-3.16843,5.69381,-1.57463,-4.11619,fluid
995,15.8346,4.50074,,1001.32,-260.506,31318.5,,-5.14135,3.80261,6.39479,,-3.36523,3.98543,-1.39,-5.82457,fluid
996,15.494,4.32386,,1002.04,-290.03,48350.8,,-6.0526,4.73212,7.6829,,-10.3986,7.34526,-7.28433,-2.46474,fluid
997,15.3443,4.07226,,1001.26,-345.459,29715.4,,-5.88272,4.46867,7.38752,,-8.87817,9.98422,-6.94404,0.174222,fluid
998,15.2054,3.94129,,1001.42,-361.983,33634.8,,-6.1311,4.58086,7.6534,,-11.9879,13.1046,-9.77903,3.29465,fluid
999,15.2403,4.66266,,1000.76,-617.138,17868.5,,-9.17586,6.51812,11.2553,,-20.0502,12.2095,-18.8787,2.39952,fluid
1000,13.2622,0.668239,,1002.02,-245.717,47883.1,,-3.15586,0.297456,3.16984,,-12.3801,12.9912,-8.77686,3.18118,fluid
1001,17.7374,2.81533,,1002.69,-222.619,63836.5,,-4.81615,1.01129,4.92118,,-12.9004,15.2499,-9.31103,5.43988,fluid
1002,17.0914,0.540588,,1003.13,-187.611,74397.4,,-3.43517,-0.0755172,3.436,,-13.153,10.2769,-8.81371,0.466944,fluid
1003,17.5645,0.615201,,1002.81,-192.284,66614.9,,-3.28935,-0.120377,3.29156,,-1.61733,10.1919,2.16464,0.38192,fluid
1004,17.756,0.739441,,1002.59,-223.611,61425.1,,-3.74961,-0.145238,3.75242,,-0.898638,9.88336,2.55182,0.0733577,fluid
1005,18.7547,1.69188,,1002.61,-349.669,61842.8,,-6.75056,0.358787,6.76008,,-10.9905,14.8753,-7.70158,5.0653,fluid
1006,18.6187,1.26864,,1002.68,-381.56,63719.8,,-7.25617,-0.0504922,7.25635,,-7.15184,8.86983,-3.73865,-0.94017,fluid
1007,16.7416,1.00985,,1002.24,-379.866,53081,,-6.02077,-0.035946,6.02088,,-4.62082,9.73097,-1.45729,-0.0790337,fluid
1008,16.7072,0.818477,,1002.47,-321.226,58516.9,,-5.12298,-0.0612438,5.12334,,-5.51805,9.87527,-2.02418,0.0652663,fluid
1009,15.9924,1.03821,,1003.1,-311.3,73758.7,,-5.6128,-0.0178012,5.61282,,-7.62597,9.01151,-3.02813,-0.798487,fluid
1010,16.3082,0.99417,,1003.08,-328.816,73241.8,,-5.85166,-0.0413966,5.8518,,-5.50607,9.16613,-1.02877,-0.643872,fluid
1011,17.0152,1.21876,,1001.46,-445.733,34433.2,,-6.56647,0.0126535,6.56648,,-5.64969,10.2927,-3.62895,0.482656,fluid
1012,16.3241,1.22512,,1003.14,-355.892,74527.3,,-6.52385,0.220689,6.52759,,-5.89252,10.1493,-1.34132,0.339349,fluid
1013,16.7156,1.38396,,1002.24,-399.418,52986.1,,-6.57061,0.270047,6.57616,,-4.33892,8.1735,-1.17613,-1.6365,fluid
1014,18.6055,1.57393,,1002.77,-359.139,65773.5,,-7.05724,0.359054,7.06637,,-9.51311,15.1202,-5.98771,5.31022,fluid
1015,19.6217,1.15862,,1003.2,-253.489,75969.4,,-5.67487,-0.279573,5.68175,,-8.70557,10.4081,-4.84621,0.598055,fluid
1016,20.2211,1.27254,,1002.92,-266.493,69253.7,,-5.742,-0.50422,5.7641,,-10.6518,11.7668,-7.23691,1.95682,fluid
1017,19.5001,1.35267,,1003.11,-293.045,73794.3,,-6.2789,-0.266117,6.28454,,-9.90272,11.512,-6.13013,1.70197,fluid
1018,19.1265,1.31699,,1002.68,-335.641,63586.2,,-6.48745,-0.207482,6.49077,,-9.98842,9.50369,-6.6728,-0.306307,fluid
1019,18.9252,1.48115,,1002.55,-372.865,60468.4,,-7.05065,0.308705,7.0574,,-10.1245,10.8304,-6.93754,1.02044,fluid
1020,19.3541,1.56167,,1003.03,-314.975,72008.1,,-6.55335,-0.499156,6.57233,,-9.65771,11.2827,-5.94838,1.47268,fluid
1021,19.2922,1.80179,,1002.82,-312.009,66884.6,,-6.27091,-0.504848,6.2912,,-10.2937,10.4741,-6.83655,0.664066,fluid
1022,19.9184,1.40991,,1003.26,-262.194,77543.2,,-6.06745,-0.973444,6.14504,,-7.52232,16.8688,-3.64194,7.05878,fluid
1023,20.5801,1.34676,,1003.26,-223.474,77517.8,,-5.03206,-0.995374,5.12956,,-14.6571,15.6794,-10.9027,5.86936,fluid
1024,21.3426,1.73349,,1003.63,-157.905,86313.2,,-4.31139,-1.61248,4.60306,,-4.56075,11.1836,-0.531181,1.37356,fluid
1025,21.3533,2.09606,,1002.76,-189.357,65435.6,,-3.94995,-1.8439,4.35914,,-4.79709,12.3103,-1.7411,2.50033,fluid
1026,21.1584,1.92933,,1003.09,-165.95,73544.7,,-3.76353,-1.76039,4.15489,,-4.53105,11.7779,-1.06587,1.96791,fluid
1027,20.8173,1.90747,,1002.76,-206.28,65528.9,,-4.14311,-1.64875,4.45912,,-12.7692,11.6413,-9.63004,1.83134,fluid
1028,20.3111,1.82729,,1002.04,-286.14,48440.3,,-5.13317,-1.22042,5.27626,,-13.5978,11.5642,-11.2178,1.75416,fluid
1029,20.2338,1.913,,1001.93,-295.251,45749,,-5.24588,-1.06371,5.35264,,-12.5091,11.7734,-10.2524,1.96336,fluid
1030,20.5752,2.06852,,1001.95,-269.88,46181.2,,-4.57126,-1.5536,4.82805,,-16.4101,12.1892,-14.17,2.37924,fluid
1031,20.7646,2.31093,,1002.25,-215.607,53345.4,,-3.84031,-1.24303,4.03647,,-13.1796,12.766,-10.6163,2.95603,fluid
1032,20.6145,2.29382,,1001.94,-248.811,45830.3,,-4.17081,-1.33162,4.37822,,-15.6723,12.3741,-13.4533,2.56406,fluid
1033,20.6997,2.52563,,1002.18,-194.95,51766.7,,-3.47379,-1.38028,3.73796,,-13.701,13.1942,-11.2056,3.38424,fluid
1034,20.3843,2.5625,,1001.63,-248.486,38646.9,,-4.02552,-1.52132,4.3034,,-14.1998,11.6283,-12.307,1.81833,fluid
1035,19.8602,2.86561,,1002.13,-221.503,50520.1,,-4.33688,-1.47669,4.5814,,-7.08393,12.1676,-4.54556,2.35759,fluid
1036,19.5088,3.14546,,1001.99,-183.726,47065.1,,-3.62863,-1.05077,3.77771,,-7.84925,14.7667,-5.44153,4.95668,fluid
1037,19.0906,3.35197,,1001.59,-203.341,37727.9,,-3.64266,-0.667701,3.70335,,-6.30406,10.9891,-4.33095,1.17914,fluid
1038,18.3438,4.07708,,1001.22,-201.647,28822,,-3.56705,-0.27875,3.57793,,-8.58717,13.4992,-7.01787,3.68917,fluid
1039,17.9426,4.16875,,1001.11,-223.747,26298.6,,-3.91826,-0.0392307,3.91846,,-4.36327,13.0171,-2.89919,3.20712,fluid
1040,17.8711,3.97939,,1001.23,-226.104,28976.8,,-3.91898,0.0834057,3.91987,,-4.33964,12.1449,-2.72019,2.33491,fluid
1041,17.2839,4.20535,,1002.2,-229.196,52159.2,,-4.84896,0.344577,4.86118,,-0.974923,14.8618,2.03624,5.05177,fluid
1042,16.7023,4.90968,,1001.01,-259.757,23867,,-5.12831,2.30785,5.62367,,-9.21188,8.77981,-7.78435,-1.03019,fluid
1043,16.5337,4.85996,,1000.69,-279.748,16235.7,,-5.19183,2.49533,5.76037,,-9.60465,9.17908,-8.62335,-0.630916,fluid
1044,15.9913,4.87337,,1002.53,-262.812,60016.4,,-6.23878,3.75049,7.27932,,-5.38795,5.84658,-1.64435,-3.96342,fluid
1045,15.9169,4.61172,,1001.75,-240.219,41375.3,,-5.20409,3.75178,6.41548,,-3.12811,3.86083,-0.533199,-5.94917,fluid
1046,15.5665,4.63539,,1003.68,-263.237,87569.3,,-7.22364,5.26409,8.93821,,-19.1801,6.54261,-13.5752,-3.26739,fluid
1047,15.2136,5.19272,,998.94,-543.476,-24871.9,,-8.21651,1.71931,8.39446,,-4.7939,-2.07666,-6.43048,-11.8867,fluid
1048,13.1327,0.547801,,1002.69,-255.541,63779.4,,-3.78613,-0.027049,3.78623,,-13.8105,13.5907,-8.96698,3.78072,fluid
1049,15.8505,0.508734,,1002.74,-250.107,65108.7,,-3.93957,-0.0368124,3.93974,,-6.12049,8.80515,-2.02406,-1.00485,fluid
1050,18.9032,0.394213,,1001.96,-111.743,46344.1,,-1.72587,-0.108657,1.72929,,-4.52343,9.13431,-2.07657,-0.675693,fluid
1051,18.4021,0.412403,,1002.39,-131.967,56654.4,,-2.26755,-0.100553,2.26978,,-4.20872,9.13747,-1.13737,-0.672534,fluid
1052,18.6139,0.512479,,1002.25,-166.7,53352.6,,-2.84486,-0.121634,2.84746,,-3.42427,9.12109,-0.564431,-0.688907,fluid
1053,17.816,1.58638,,1002.19,-363.795,52018.4,,-6.30277,0.461714,6.31966,,-9.60046,15.2068,-6.68709,5.39679,fluid
1054,17.168,1.37012,,1001.29,-451.799,30441.7,,-6.61944,0.133092,6.62078,,-6.59414,10.4325,-4.82325,0.622486,fluid
1055,17.2067,0.576535,,1003.06,-226.937,72595,,-4.06235,-0.081847,4.06317,,-11.1999,10.4262,-6.99373,0.616216,fluid
1056,17.3513,0.617922,,1003.01,-211.74,71434.7,,-3.80112,-0.0949179,3.8023,,-9.13873,10.3537,-5.0341,0.543712,fluid
1057,16.5217,0.710535,,1002.58,-252.44,61210.2,,-3.9723,-0.0688585,3.9729,,-5.35585,9.51194,-1.66055,-0.298065,fluid
1058,17.5408,0.701798,,1002.88,-218.523,68389.9,,-3.88196,-0.11384,3.88363,,-5.15163,10.1668,-1.26392,0.356781,fluid
1059,18.1172,2.43691,,1002.15,-311.659,51038.9,,-5.68171,0.793209,5.73681,,-2.47151,6.31835,0.339588,-3.49165,fluid
1060,18.204,1.50333,,1002.85,-349.038,67784.4,,-6.80779,0.760888,6.85018,,-9.63168,18.0325,-5.91867,8.22246,fluid
1061,18.2974,1.35727,,1002.93,-334.472,69618.3,,-6.58775,0.437664,6.60227,,-7.41682,13.4725,-3.62311,3.6625,fluid
1062,17.6191,1.52096,,1001.74,-397.977,41078,,-6.33441,0.301541,6.34158,,-10.1487,13.2398,-7.82126,3.42984,fluid
1063,18.0658,1.23856,,1003.08,-324.511,73158.8,,-6.38866,0.213814,6.39224,,-7.19501,12.807,-3.15786,2.99698,fluid
1064,20.4471,1.08016,,1002.72,-239.906,64680.5,,-4.94361,-0.400273,4.95979,,-11.8675,10.1056,-8.71275,0.295554,fluid
1065,21.4627,1.3493,,1003.89,-143.022,92682.2,,-4.24916,-1.37517,4.46614,,-6.77869,19.3639,-2.47713,9.55388,fluid
1066,20.3769,1.17758,,1002.8,-253.503,66561.4,,-5.2987,-0.428856,5.31603,,-12.2997,10.2318,-9.04229,0.42182,fluid
1067,19.3754,1.02858,,1002.81,-273.628,66754.8,,-5.57866,-0.247615,5.58416,,-10.7168,10.1166,-7.28109,0.306619,fluid
1068,18.8859,1.06914,,1002.35,-331.941,55837.8,,-6.01207,-0.220467,6.01611,,-6.66947,10.2708,-3.71983,0.460761,fluid
1069,19.7551,1.05825,,1003.15,-227.88,74940.1,,-5.17991,-0.299615,5.18856,,-5.4227,9.77394,-1.64115,-0.0360627,fluid
1070,19.8682,1.2239,,1003.32,-254.566,79010.4,,-5.93931,-0.348789,5.94955,,-5.80192,11.015,-1.83836,1.20498,fluid
1071,21.0555,1.22704,,1004.03,-136.981,95943.4,,-4.16968,-0.627618,4.21665,,-6.14671,11.6101,-1.60829,1.8001,fluid
1072,21.6069,1.54354,,1003.38,-162.732,80462.2,,-4.09585,-1.91952,4.52334,,-8.98622,12.6713,-5.27486,2.86133,fluid
1073,21.654,1.75389,,1002.85,-194.77,67662.2,,-4.12537,-1.81534,4.50712,,-10.3378,12.3351,-7.22196,2.52507,fluid
1074,20.8874,1.44495,,1004.11,-155.048,97898.5,,-4.56168,-1.53454,4.81288,,-10.8408,14.4782,-6.17305,4.66825,fluid
1075,21.0594,1.66269,,1003.91,-144.28,93235.6,,-4.18872,-1.51676,4.45488,,-5.73918,9.68606,-1.32918,-0.123939,fluid
1076,21.7098,2.28939,,1002.07,-221.64,49103.9,,-3.68459,-2.29396,4.34033,,-12.2981,11.9863,-10.041,2.17634,fluid
1077,21.6018,2.02131,,1002.46,-216.249,58444.7,,-4.1423,-1.88196,4.54977,,-9.4464,12.1516,-6.7475,2.3416,fluid
1078,21.4623,2.35175,,1002.4,-208.868,56897.7,,-3.97645,-2.22956,4.55885,,-7.42936,13.217,-4.78465,3.40705,fluid
1079,21.0535,2.49603,,1002.96,-169.342,70374.8,,-3.78341,-1.76557,4.1751,,-5.97543,15.6059,-2.64264,5.7959,fluid
1080,21.0942,2.24825,,1002.76,-179.043,65457,,-3.66273,-1.61644,4.00355,,-5.45659,13.0063,-2.36204,3.19627,fluid
1081,20.9405,2.12819,,1002.64,-192.794,62573.7,,-3.75858,-1.59105,4.08146,,-9.20255,12.5217,-6.22224,2.7117,fluid
1082,20.921,2.68669,,1002.86,-143.898,67905.4,,-3.27645,-1.58507,3.63972,,-7.65912,16.1462,-4.42258,6.33619,fluid
1083,20.6321,2.75056,,1002.37,-177.259,56256.5,,-3.48698,-1.69201,3.87582,,-13.2345,13.5314,-10.5143,3.72144,fluid
1084,20.1316,2.84059,,1001.83,-239.885,43239.5,,-4.31169,-1.80443,4.67404,,-9.87688,10.9625,-7.73295,1.15248,fluid
1085,20.0159,3.19729,,1001.72,-231.85,40588.6,,-4.31459,-1.1421,4.46319,,-10.5481,12.1625,-8.5238,2.35249,fluid
1086,19.7604,2.97697,,1002.19,-203.999,51803.2,,-4.11885,-1.47591,4.3753,,-7.66663,13.9633,-5.05079,4.15327,fluid
1087,19.3122,3.56363,,1001.81,-166.556,42746.5,,-3.37979,-0.713892,3.45436,,-4.15565,12.9269,-1.9462,3.11691,fluid
1088,19.0058,3.65173,,1001.63,-182.535,38478.9,,-3.41318,-0.56078,3.45895,,-4.69814,11.6204,-2.67684,1.81037,fluid
1089,18.7344,3.81908,,1001.5,-185.713,35454.4,,-3.37669,-0.636107,3.43609,,-7.55351,12.4021,-5.66387,2.59211,fluid
1090,17.7305,4.39106,,1000.79,-260.409,18595.8,,-4.28195,0.143312,4.28435,,-0.479007,11.6499,0.568969,1.83985,fluid
1091,17.3617,4.44729,,1001.22,-259.803,28766.4,,-4.63595,0.303935,4.64591,,1.23664,12.4807,2.89152,2.67071,fluid
1092,16.9395,4.74099,,1001.06,-278.178,24950.6,,-5.26499,1.30866,5.42519,,-7.41648,10.1855,-5.94511,0.375533,fluid
1093,16.3868,5.11438,,999.969,-376.094,-728.091,,-5.72603,3.67429,6.80351,,-10.3273,10.2695,-10.3718,0.459514,fluid
1094,15.8502,5.25213,,995.772,-837.03,-98298.5,,-8.58682,4.90354,9.88828,,4.63277,-27.9666,-1.59528,-37.7766,fluid
1095,15.389,5.28251,,999.824,-602.223,-4133.73,,-9.58217,0.69459,9.60731,,-7.91283,9.7277,-8.18149,-0.0822988,fluid
1096,13.6805,0.568754,,1002.66,-230.16,63184.1,,-3.39377,0.625558,3.45094,,-12.4704,12.7273,-7.86404,2.91725,fluid
1097,17.4547,0.457991,,1002.97,-148.687,70536.4,,-2.55096,-0.100826,2.55295,,-1.69978,10.1564,2.32937,0.346356,fluid
1098,19.9211,0.309635,,1002.43,-83.7571,57687.3,,-1.79022,-0.104836,1.79329,,-3.99208,8.25888,-1.10333,-1.55112,fluid
1099,21.2979,0.354749,,1002.24,-51.6248,53201.9,,-1.11999,-0.143354,1.12913,,-6.63791,7.57362,-4.14551,-2.23638,fluid
1100,20.7199,0.579434,,1001.94,-126.042,46000.2,,-2.09416,-0.190944,2.10285,,-5.40568,7.56549,-3.18989,-2.24451,fluid
1101,17.8654,1.13286,,1002.92,-305.58,69432.8,,-5.77246,0.00664354,5.77247,,-9.23276,10.0561,-5.35765,0.246121,fluid
1102,18.607,0.815222,,1002.12,-293.156,50312.9,,-4.93899,-0.168865,4.94187,,-6.50187,9.46468,-3.80362,-0.345317,fluid
1103,18.7236,0.547572,,1002.08,-169.797,49304,,-2.76575,-0.129823,2.76879,,-3.63615,9.15816,-1.00837,-0.651845,fluid
1104,19.0384,0.606964,,1001.96,-180.546,46472.7,,-3.00547,-0.146739,3.00905,,-7.26518,8.9989,-4.82895,-0.811102,fluid
1105,18.4511,1.95381,,1002.35,-315.466,55746.3,,-6.07262,-0.0269993,6.07268,,-9.20626,14.015,-6.19205,4.205,fluid
1106,18.3726,1.79016,,1002.85,-316.281,67645.9,,-6.50045,-0.0708198,6.50083,,-10.4025,16.2086,-6.7311,6.39858,fluid
1107,18.3039,2.44598,,1001.78,-320.606,42109.2,,-5.54927,0.650885,5.58731,,-2.02172,6.49208,0.274755,-3.31792,fluid
1108,17.7472,2.05923,,1001.86,-360.526,44092.6,,-6.02823,0.179891,6.03091,,-4.94283,4.56625,-2.46296,-5.24375,fluid
1109,20.9812,1.01213,,1003.35,-143.009,79688.5,,-3.6414,-0.449117,3.669,,-8.03242,9.45737,-4.24702,-0.352625,fluid
1110,21.8425,1.39804,,1003.14,-144.757,74633.6,,-3.21802,-1.89803,3.73606,,-10.825,16.692,-7.41878,6.88195,fluid
1111,22.2456,2.23978,,1003.26,-110.813,77527.8,,-2.52144,-2.2137,3.35531,,-13.1098,12.976,-9.63609,3.16601,fluid
1112,22.2539,1.96635,,1003.38,-104.465,80437.6,,-2.516,-2.60418,3.62105,,-14.4507,12.8101,-10.8484,3.00007,fluid
1113,21.757,1.20132,,1002.98,-146.09,70856.1,,-3.1574,-0.813533,3.26053,,-7.19253,13.1695,-3.94551,3.35954,fluid
1114,20.902,1.17976,,1003.75,-160.102,89177.9,,-4.32723,-0.539677,4.36075,,-10.3224,9.91105,-6.07185,0.10105,fluid
1115,20.1217,0.932921,,1002.79,-246.383,66163.3,,-5.25675,-0.275398,5.26396,,-6.57871,9.15126,-3.29969,-0.658736,fluid
1116,18.139,1.05337,,1002.86,-316.693,67840,,-5.97399,-0.1705,5.97642,,-2.64122,9.02922,1.08814,-0.780784,fluid
1117,20.7418,0.959011,,1002.84,-173.633,67418.9,,-3.74857,-0.379866,3.76777,,-10.7008,9.3157,-7.45965,-0.494297,fluid
1118,22.2544,1.71082,,1003.77,-61.2691,89711.4,,-2.06637,-2.25963,3.06199,,-13.7273,10.3479,-9.71127,0.537861,fluid
1119,22.2021,2.48682,,1002.76,-101.871,65535.4,,-1.81997,-2.93001,3.44924,,-12.4048,12.4026,-9.46117,2.59263,fluid
1120,22.1026,2.68941,,1002.79,-100.992,66141.9,,-1.90698,-2.70341,3.30832,,-12.885,10.5388,-9.9008,0.72884,fluid
1121,21.9854,2.11412,,1002.53,-193.776,59903.7,,-3.44654,-2.15498,4.0648,,-16.4804,12.278,-13.7625,2.468,fluid
1122,21.958,1.83,,1002.71,-182.92,64268.3,,-3.45652,-2.04714,4.01725,,-16.6273,11.6642,-13.7083,1.85421,fluid
1123,21.9348,2.98689,,1002.48,-109.47,58803,,-1.9392,-2.91647,3.50232,,-14.1575,9.38242,-11.4833,-0.427577,fluid
1124,20.7852,3.33618,,1002.92,-111.202,69342.6,,-3.31857,-1.90869,3.82831,,-3.04033,12.4023,0.286111,2.59233,fluid
1125,20.6561,3.30563,,1002.8,-130.835,66474.9,,-3.52637,-1.87062,3.9918,,-6.52212,11.6784,-3.31293,1.86835,fluid
1126,20.9222,3.1019,,1003.15,-112.288,74915.1,,-3.41508,-2.0997,4.00893,,-4.02019,15.8764,-0.450783,6.06645,fluid
1127,21.6292,2.7517,,1002.23,-194.779,52874.6,,-3.44735,-2.59771,4.31652,,-13.287,12.1126,-10.8479,2.30256,fluid
1128,21.2667,2.83161,,1002.88,-174.758,68344.5,,-4.14208,-2.28305,4.7296,,-7.31592,16.4749,-4.11146,6.66486,fluid
1129,21.6454,2.54985,,1002.07,-206.972,49070.4,,-3.4384,-2.73969,4.39642,,-12.0935,12.8996,-9.83118,3.08956,fluid
1130,21.8275,2.39644,,1002.02,-200.269,47947.4,,-3.0955,-2.584,4.03227,,-13.9398,12.2408,-11.7476,2.43076,fluid
1131,21.2006,2.49936,,1002.95,-169.675,70163,,-3.81188,-2.30327,4.4537,,-4.41501,16.1821,-1.11528,6.37212,fluid
1132,20.795,2.89709,,1002.93,-126.781,69610.8,,-3.21726,-1.86363,3.71804,,-8.24931,15.8093,-4.91162,5.99935,fluid
1133,20.4792,3.02358,,1002.19,-184.759,51908.3,,-3.6806,-1.72388,4.06431,,-12.1217,11.1318,-9.5926,1.32181,fluid
1134,20.4816,3.34884,,1002.44,-149.056,57814.5,,-3.50485,-1.33788,3.75152,,-10.9611,10.6011,-8.14524,0.791143,fluid
1135,20.2096,3.14966,,1001.73,-229.031,41050,,-4.18382,-1.31247,4.38485,,-11.7857,10.7265,-9.75804,0.916476,fluid
1136,19.6561,3.70945,,1001.92,-198.952,45486.5,,-4.41251,-1.06157,4.53842,,-7.98378,13.7573,-5.6741,3.94733,fluid
1137,19.7423,3.30977,,1002.01,-198.66,47721.6,,-4.12352,-1.16835,4.28584,,-8.95122,14.9546,-6.53885,5.1446,fluid
1138,18.9499,4.06646,,1001.49,-172.654,35318.2,,-3.3369,-0.374942,3.35789,,-4.76635,13.4305,-2.90536,3.62045,fluid
1139,18.7858,4.07329,,1001.38,-188.731,32692.7,,-3.48439,-0.304305,3.49765,,-7.10375,13.4492,-5.36586,3.63921,fluid
1140,18.0892,4.44212,,1000.84,-226.547,19718,,-3.92346,0.00244537,3.92346,,-5.78323,11.9327,-4.6941,2.12274,fluid
1141,17.1536,4.76303,,1001.23,-257.195,29182.5,,-4.92395,1.08632,5.04236,,-2.7222,10.9706,-1.02305,1.1606,fluid
1142,16.9208,5.07883,,1001.26,-245.8,29821.5,,-4.99944,2.45538,5.56986,,-6.30918,10.5613,-4.54899,0.75126,fluid
1143,15.6338,5.3713,,999.902,-603.696,-2297.74,,-9.73463,0.7953,9.76706,,-9.6411,10.8364,-9.78808,1.02638,fluid
1144,13.9498,0.546355,,1002.68,-248.474,63608.4,,-3.68112,0.714962,3.74991,,-9.85078,10.7695,-5.30316,0.959517,fluid
1145,17.3889,1.98767,,1002.03,-368.307,47979.6,,-6.25375,0.682572,6.29089,,-6.05525,6.39152,-3.30162,-3.41848,fluid
1146,21.1144,0.29551,,1002.01,-40.923,47585.6,,-0.774655,-0.127722,0.785114,,-6.77301,7.73539,-4.52382,-2.07461,fluid
1147,21.6217,0.36178,,1002.13,-64.6015,50418.6,,-1.1766,-0.141269,1.18505,,-2.32743,7.7889,-0.00053533,-2.0211,fluid
1148,21.3733,0.448254,,1002.38,-69.8025,56331,,-1.49935,-0.164499,1.50835,,-5.65554,7.42173,-3.02622,-2.38827,fluid
1149,19.3187,0.814211,,1002.48,-227.54,58855.9,,-4.42127,-0.199886,4.42578,,-10.0262,9.04445,-6.98715,-0.765554,fluid
1150,19.5355,0.705939,,1002.57,-186.633,61050.4,,-3.76701,-0.184569,3.77153,,-6.72207,8.40801,-3.60499,-1.40199,fluid
1151,19.326,0.602705,,1002.27,-161.226,53906.7,,-3.00473,-0.157179,3.00884,,-9.40584,8.54771,-6.62284,-1.26229,fluid
1152,17.6306,1.03552,,1002.57,-318.914,61028.5,,-5.51747,-0.0201488,5.51751,,-11.5369,10.0819,-8.08425,0.271882,fluid
1153,18.8472,0.995914,,1002.28,-322.638,53992.8,,-5.74985,-0.216469,5.75392,,-6.23677,10.1769,-3.37852,0.366856,fluid
1154,18.6413,0.943228,,1002.2,-326.482,52175.6,,-5.63996,-0.189292,5.64313,,-7.02066,9.69864,-4.22788,-0.111364,fluid
1155,22.6012,0.889975,,1003.19,-30.2455,75736,,-1.02592,-0.431794,1.11309,,-4.77755,8.46235,-1.43722,-1.34765,fluid
1156,22.4424,1.05634,,1003.5,-40.7152,83319.3,,-1.49285,-0.623966,1.61801,,-9.19498,9.60709,-5.49535,-0.202912,fluid
1157,22.3269,1.61187,,1004.06,-23.1015,96655.3,,-1.58046,-2.15746,2.67442,,-10.329,8.74838,-6.01743,-1.06162,fluid
1158,22.6138,2.48302,,1003.46,-71.9576,82319.3,,-1.90275,-3.61258,4.08304,,-0.377859,16.2893,3.24981,6.47933,fluid
1159,22.5276,2.15579,,1003.76,-54.0071,89414.4,,-1.82996,-2.68498,3.24929,,-3.81177,15.9455,0.142487,6.13554,fluid
1160,21.7639,1.11982,,1002.88,-143.064,68457.7,,-3.01689,-0.64473,3.08501,,-5.818,11.0334,-2.68157,1.22338,fluid
1161,21.4793,0.970067,,1003.31,-137.967,78803.9,,-3.55217,-0.418811,3.57677,,-3.95747,9.39107,-0.300764,-0.41893,fluid
1162,21.5309,0.908564,,1003.11,-133.134,74024.7,,-3.24308,-0.381196,3.2654,,-2.61729,8.9907,0.810105,-0.819298,fluid
1163,21.3698,1.06173,,1003.67,-144.944,87290.3,,-4.07623,-0.469229,4.10315,,-5.60147,9.86476,-1.53165,0.0547603,fluid
1164,22.457,2.0543,,1003.77,-57.6893,89789.2,,-1.94624,-2.71074,3.33706,,-6.91658,13.6777,-2.93333,3.86768,fluid
1165,22.4201,2.64391,,1003.36,-80.7422,79807.7,,-1.99393,-3.82989,4.31784,,-3.35712,14.5908,0.190628,4.78076,fluid
1166,22.682,2.87014,,1002.88,-111.165,68471,,-2.25058,-3.94766,4.54413,,-2.8896,13.992,0.120451,4.18197,fluid
1167,22.2768,3.0917,,1003.08,-76.4111,73249.3,,-1.89413,-3.55209,4.02555,,-2.89493,12.711,0.383105,2.90103,fluid
1168,22.0425,3.13298,,1002.31,-95.0504,54716.8,,-1.59555,-3.72255,4.05008,,-11.1466,11.7857,-8.66998,1.97571,fluid
1169,22.2342,2.7399,,1002.93,-72.0953,69527.9,,-1.4335,-2.63785,3.0022,,-8.80828,11.5538,-5.69033,1.7438,fluid
1170,21.678,3.43853,,1001.44,-195.974,34130.2,,-3.17961,-3.37825,4.63923,,-16.1711,11.3507,-14.5989,1.54066,fluid
1171,20.151,4.42845,,1001.42,-157.171,33473.2,,-3.29947,-1.41187,3.58885,,-8.10778,13.8461,-6.449,4.03608,fluid
1172,19.8956,4.43983,,1000.83,-237.758,19481,,-4.21526,-1.29771,4.41049,,-9.93567,13.5615,-8.95731,3.75153,fluid
1173,20.3527,4.2774,,1001.69,-137.151,39909.3,,-3.11319,-1.23734,3.35007,,-6.37655,15.4666,-4.41897,5.65663,fluid
1174,20.4702,4.17557,,1001.85,-131.899,43684.5,,-3.09429,-1.34214,3.37283,,-5.45082,15.308,-3.32069,5.49797,fluid
1175,20.9253,3.71661,,1001.95,-172.22,46079.1,,-3.84513,-2.58089,4.63099,,-2.40508,12.9491,-0.207285,3.13913,fluid
1176,21.7057,3.15211,,1001.82,-180.516,43045.2,,-2.9525,-3.55968,4.62478,,-16.0036,12.39,-14.024,2.58001,fluid
1177,21.2863,3.0991,,1002.28,-193.351,54051,,-4.15942,-2.90819,5.07527,,-9.49802,16.2572,-6.96456,6.4472,fluid
1178,21.5979,3.02543,,1001.92,-196.73,45413.6,,-3.36889,-3.37605,4.76939,,-15.0858,13.3164,-12.9872,3.5064,fluid
1179,21.348,3.41062,,1001.06,-253.886,24938.5,,-4.24516,-3.14776,5.28486,,-11.0385,14.009,-9.87153,4.19904,fluid
1180,20.6547,3.79189,,1002.43,-122.263,57734.2,,-3.28413,-1.7695,3.7305,,-4.79134,13.7234,-2.00292,3.91341,fluid
1181,19.7074,4.21395,,1000.93,-254.959,21972.8,,-4.7096,-1.32706,4.89299,,-7.82974,13.0555,-6.71582,3.2455,fluid
1182,20.6398,3.63309,,1002.59,-114.102,61414,,-3.18662,-1.88282,3.70129,,-5.53395,11.8221,-2.56611,2.01205,fluid
1183,20.223,4.06583,,1001.62,-166.014,38345.7,,-3.4629,-1.10149,3.63386,,-10.8604,13.0571,-8.96731,3.24709,fluid
1184,20.0443,3.89851,,1001.26,-216.74,29862,,-3.99152,-1.19968,4.16791,,-12.7589,12.7485,-11.2709,2.93853,fluid
1185,20.1524,3.61702,,1001.57,-191.063,37249.4,,-3.60246,-1.67879,3.97443,,-13.2329,11.8717,-11.3874,2.06167,fluid
1186,19.8979,3.58016,,1001.58,-215.551,37423.8,,-4.1903,-1.45726,4.43646,,-11.8452,13.0986,-9.96737,3.28856,fluid
1187,19.1995,4.16562,,1001.78,-168.377,42157.1,,-3.74891,-0.592552,3.79545,,-2.79826,14.4776,-0.606425,4.66763,fluid
1188,19.3049,3.77451,,1001.9,-158.337,44970.2,,-3.47175,-0.618599,3.52643,,-3.188,13.27,-0.862944,3.45997,fluid
1189,18.5139,4.38848,,1001.18,-203.036,27884.2,,-3.76538,-0.0119518,3.7654,,-8.43519,12.9889,-6.93084,3.17886,fluid
1190,17.8986,4.77185,,1000.86,-239.73,20256.7,,-4.28904,0.649487,4.33794,,-3.65431,10.1056,-2.52353,0.295574,fluid
1191,16.0932,5.49953,,1000.15,-515.96,3465.8,,-8.7791,0.751104,8.81117,,-7.32086,12.6551,-7.10553,2.84506,fluid
1192,14.5607,0.438731,,1002.41,-293.169,57093.2,,-4.13305,0.0100579,4.13306,,-8.09109,7.62974,-4.17946,-2.18026,fluid
1193,17.6547,2.41428,,1002.56,-293.796,60799.8,,-5.69617,1.58195,5.91176,,-9.08541,10.3165,-5.65038,0.506532,fluid
1194,20.029,0.319589,,1002.35,-81.7166,55697.4,,-1.68385,-0.10836,1.68734,,-1.94551,8.20727,0.828817,-1.60273,fluid
1195,21.896,0.357951,,1002.06,-69.5209,48703.7,,-1.23684,-0.13881,1.2446,,-2.17504,7.88608,0.0447085,-1.92392,fluid
1196,21.4819,0.691276,,1002.85,-114.741,67765.1,,-2.70807,-0.249913,2.71958,,-3.12875,7.59571,0.0167933,-2.21429,fluid
1197,21.0497,0.807661,,1002.86,-124.696,67928.6,,-2.87385,-0.31384,2.89094,,-7.26979,8.04665,-4.05193,-1.76335,fluid
1198,20.3348,0.732642,,1002.44,-189.491,57764.5,,-3.80663,-0.209345,3.81238,,-5.83828,8.20905,-3.00451,-1.60095,fluid
1199,17.2489,1.70362,,1001.78,-419.862,42193.1,,-6.7638,0.422869,6.77701,,-5.65218,6.18148,-3.2104,-3.62852,fluid
1200,19.6802,0.882735,,1002.93,-212.465,69697.9,,-4.63436,-0.242189,4.64069,,-5.18064,8.91103,-1.64948,-0.898972,fluid
1201,20.6134,0.821614,,1002.48,-185.258,58816.7,,-3.69489,-0.282809,3.7057,,-8.69405,8.52946,-5.84778,-1.28054,fluid
1202,22.2154,0.862714,,1002.77,-110.179,65717.4,,-2.34674,-0.400546,2.38068,,-11.3457,8.61595,-8.39563,-1.19405,fluid
1203,23.2922,1.06577,,1003.1,-57.4152,73632.4,,-1.22104,-0.636667,1.37706,,-8.21745,10.1991,-5.06597,0.389075,fluid
1204,23.0253,1.8329,,1003.92,-49.943,93371.9,,-1.95368,-2.04017,2.82474,,-1.96767,9.58649,2.07169,-0.223512,fluid
1205,22.9301,1.93659,,1004.03,-47.4027,96141.7,,-2.01579,-2.00873,2.84577,,0.18182,11.9217,4.35778,2.11173,fluid
1206,23.2116,2.57916,,1002.83,-82.8192,67143.1,,-1.08836,-3.57811,3.73998,,-12.6005,12.4263,-9.71596,2.61625,fluid
1207,22.725,1.96023,,1004.51,-28.8911,107740,,-2.16587,-2.29576,3.15619,,1.34479,11.823,6.06453,2.013,fluid
1208,22.2257,1.42999,,1003.94,-51.5913,93943.8,,-2.04581,-2.01524,2.87168,,-14.2621,11.9168,-10.0519,2.10682,fluid
1209,22.2166,1.17146,,1003.33,-82.3386,79263,,-2.1222,-0.866325,2.29222,,-14.2332,11.3299,-10.6773,1.51988,fluid
1210,22.7819,2.22409,,1003.67,-56.1971,87388.7,,-1.75606,-2.88982,3.38154,,0.690164,17.7045,4.51201,7.8945,fluid
1211,23.1836,2.67348,,1002.66,-90.4868,63060,,-1.08514,-3.78317,3.93572,,-12.2018,13.0701,-9.48897,3.26013,fluid
1212,23.3355,3.11892,,1002.42,-49.8365,57397.1,,-0.091104,-4.12216,4.12316,,-5.05627,11.7466,-2.60257,1.93661,fluid
1213,23.1326,3.23746,,1001.93,-115.889,45800.8,,-1.07201,-4.49256,4.61869,,-10.6569,10.0316,-8.68077,0.22161,fluid
1214,22.6526,3.29256,,1002.26,-157.753,53570,,-2.97767,-4.40285,5.31522,,-5.8106,12.9598,-3.45108,3.14984,fluid
1215,22.9768,3.01089,,1001.9,-151.13,44908.1,,-1.76575,-4.29534,4.64411,,-10.301,11.074,-8.35018,1.26396,fluid
1216,22.6577,2.83717,,1003.01,-105.074,71585.5,,-2.26169,-4.02531,4.61718,,-2.30109,14.0379,0.848847,4.22787,fluid
1217,20.8863,4.32869,,1000.98,-222.196,23234.6,,-4.34981,-2.94089,5.25068,,-5.20757,17.3621,-4.09623,7.55208,fluid
1218,20.0996,5.0536,,1001.28,-179.031,30329.5,,-3.80088,-1.38963,4.04694,,-6.89677,14.8572,-5.38974,5.04716,fluid
1219,21.77,3.58153,,1001.61,-158.805,38088.4,,-2.72929,-3.18903,4.19749,,-13.9626,11.8099,-12.2158,1.99991,fluid
1220,21.5351,3.91406,,1001.24,-183.346,29357.2,,-3.14135,-2.88308,4.26383,,-13.755,9.94963,-12.3934,0.139628,fluid
1221,20.1033,4.92488,,1001.34,-169.07,31718.1,,-3.62406,-1.48727,3.91737,,-7.18535,14.1023,-5.60972,4.29234,fluid
1222,20.2049,4.75335,,1001.39,-137.363,32827.3,,-3.03983,-1.72142,3.4934,,-4.39946,14.1757,-2.77699,4.36575,fluid
1223,20.6469,4.3281,,1001.79,-162.838,42260.5,,-3.87802,-2.30151,4.50954,,-2.26628,19.2667,-0.223112,9.4567,fluid
1224,20.9914,4.0642,,1000.82,-235.26,19412.4,,-4.16184,-2.90981,5.07818,,-5.72159,14.8268,-4.79757,5.01682,fluid
1225,21.1249,3.90133,,1000.66,-244.849,15611.3,,-4.01361,-3.13695,5.09407,,-7.21107,13.107,-6.47256,3.29704,fluid
1226,19.9651,4.49914,,1001.03,-207.536,24416.5,,-3.86197,-1.33498,4.08619,,-10.1067,13.7211,-8.88499,3.91114,fluid
1227,20.196,4.73026,,1001.4,-137.981,33155,,-3.05283,-1.68369,3.48634,,-4.82765,14.0535,-3.18828,4.24352,fluid
1228,19.3028,5.6173,,1000.15,-247.129,3449.13,,-4.2598,-0.903163,4.3545,,-2.69633,13.4853,-2.51767,3.67528,fluid
1229,19.6332,5.25053,,1000.37,-207.576,8659.5,,-3.38881,-0.431922,3.41622,,-7.65392,13.2309,-7.21302,3.42091,fluid
1230,18.7625,5.40111,,1000.58,-263.993,13642.8,,-4.72967,0.135592,4.73161,,-2.95322,13.1793,-2.22651,3.36935,fluid
1231,18.0736,5.22984,,1000.52,-300.601,12326.7,,-5.20715,0.437298,5.22548,,-4.0903,12.5804,-3.40863,2.77038,fluid
1232,19.5277,4.77994,,1000.67,-212.326,15744.2,,-3.68038,-0.476994,3.71116,,-6.68598,14.4098,-5.88027,4.59985,fluid
1233,18.9451,4.81827,,1001.39,-207.448,32859.8,,-4.33769,-0.413539,4.35736,,-2.50732,13.7795,-0.775257,3.96948,fluid
1234,20.3855,3.74339,,1002.07,-130.307,49116.8,,-3.01575,-1.59658,3.4123,,-10.8328,12.4467,-8.42835,2.63665,fluid
1235,19.5428,4.50054,,1000.83,-228.33,19581.6,,-4.11492,-0.409319,4.13523,,-6.63176,14.2301,-5.6306,4.42009,fluid
1236,19.3991,4.23785,,1001.57,-186.716,37167.9,,-4.03186,-0.758887,4.10266,,-4.36875,14.0071,-2.45579,4.19712,fluid
1237,18.904,4.37295,,1001.37,-196.347,32488.3,,-3.82796,-0.0603075,3.82844,,-4.36168,14.8503,-2.64544,5.04027,fluid
1238,18.5886,4.59634,,1001.44,-192.68,33953,,-3.97609,0.234245,3.98299,,-7.16642,13.1066,-5.3425,3.29659,fluid
1239,14.0937,4.67687,,999.871,-793.203,-3025.62,,-11.3261,-1.62038,11.4414,,3.10508,3.86937,2.89037,-5.94063,fluid
1240,14.9587,0.382987,,1002.83,-277.954,67227.3,,-4.34712,-0.0135332,4.34714,,-7.24986,10.0216,-2.76836,0.211637,fluid
1241,16.4106,0.430178,,1002.42,-201.713,57488.3,,-2.83948,-0.0511649,2.83994,,-3.99893,9.54919,-0.504272,-0.260809,fluid
1242,19.6674,0.358737,,1002.38,-68.174,56476,,-1.34784,-0.110739,1.35238,,-7.14699,8.39175,-4.28226,-1.41825,fluid
1243,22.9221,0.37739,,1002.07,-29.9183,49055.5,,-0.337662,-0.159413,0.373401,,-1.81193,7.63081,0.323741,-2.17919,fluid
1244,20.2364,0.468351,,1002.27,-123.941,53861,,-2.42189,-0.135591,2.42568,,-0.296938,7.89881,2.35861,-1.91119,fluid
1245,23.1501,0.988025,,1003.15,-67.1045,74955.5,,-1.68993,-0.518222,1.7676,,-5.31315,9.62407,-2.08552,-0.185928,fluid
1246,22.6743,0.721704,,1002.95,-41.4426,70149.9,,-1.18449,-0.304231,1.22294,,-3.87098,7.39,-0.786278,-2.42,fluid
1247,17.4186,0.970747,,1002.13,-362.471,50409,,-5.70879,-0.0131865,5.70881,,-12.9303,10.368,-10.0425,0.558002,fluid
1248,17.9197,0.969987,,1002.89,-282.209,68584.1,,-5.27312,-0.158357,5.2755,,-3.896,9.39813,-0.0797291,-0.411869,fluid
1249,22.5228,0.98992,,1003.38,-31.5995,80330.4,,-1.19608,-0.536658,1.31096,,-6.56934,9.21263,-3.01472,-0.597365,fluid
1250,22.4656,1.31197,,1004.41,-12.8784,105332,,-1.72312,-1.16251,2.0786,,-4.90433,11.9485,-0.236356,2.13854,fluid
1251,23.5407,2.3976,,1003.74,7.46531,88971.5,,0.00189917,-2.51497,2.51497,,-4.79725,13.1964,-1.03184,3.38644,fluid
1252,23.3608,3.59591,,1002.69,-8.36256,63926,,0.14037,-4.52179,4.52397,,-3.04818,13.6266,-0.319062,3.81659,fluid
1253,23.1899,3.91769,,1003.04,20.1619,72164.6,,0.107403,-4.90227,4.90345,,-3.1994,13.0202,-0.0969253,3.21015,fluid
1254,23.1865,3.69664,,1002.59,-24.1588,61570.2,,-0.180317,-4.96674,4.97001,,-5.66833,11.1861,-3.01978,1.37612,fluid
1255,23.5117,2.74481,,1003.56,5.11091,84776.4,,0.0613568,-2.40311,2.4039,,-5.03412,14.0094,-1.44121,4.19941,fluid
1256,23.3728,2.12812,,1003.5,-34.8792,83267.7,,-0.802612,-2.65325,2.77199,,-11.0976,11.7207,-7.54741,1.91068,fluid
1257,23.4093,2.4967,,1003.4,-19.5774,80906.9,,-0.284026,-2.97143,2.98498,,-9.23743,13.1809,-5.79296,3.37091,fluid
1258,22.1862,3.75413,,1003.91,-44.8676,93126.4,,-2.87739,-4.19141,5.08402,,0.526507,23.4617,4.70766,13.6517,fluid
1259,21.8568,4.23601,,1002.04,-29.2647,48226.7,,-1.11643,-3.39562,3.57445,,-1.74114,11.8237,0.460866,2.01365,fluid
1260,22.4405,3.51849,,1003.61,-76.2161,85885.4,,-3.09494,-5.41535,6.23736,,-2.18591,18.3934,1.62758,8.58341,fluid
1261,23.2018,3.32807,,1002.07,-83.5941,49068.4,,-0.594393,-4.79463,4.83134,,-8.19754,11.0381,-6.08706,1.22811,fluid
1262,23.0079,3.29369,,1001.54,-168.107,36529.3,,-1.81108,-4.91132,5.2346,,-12.3597,11.127,-10.7745,1.317,fluid
1263,21.9733,3.74678,,1002.06,-96.7227,48732.8,,-2.00301,-3.47175,4.00812,,-7.06201,16.3581,-4.84875,6.54814,fluid
1264,21.2703,4.38136,,1000.55,-220.931,12971.5,,-3.47953,-3.30765,4.8008,,-16.5874,11.0513,-15.9779,1.24133,fluid
1265,22.17,3.24648,,1002.83,-79.1677,67276.1,,-1.89756,-4.92232,5.27541,,-4.73549,15.8951,-1.70951,6.08513,fluid
1266,22.0316,3.4091,,1002.01,-111.75,47537.3,,-1.90646,-3.68091,4.14532,,-9.43906,13.5558,-7.2857,3.74585,fluid
1267,21.8022,3.65057,,1001.67,-144.517,39418.1,,-2.55358,-3.2173,4.10753,,-12.4237,12.8652,-10.6187,3.05524,fluid
1268,21.5328,3.76388,,1001.14,-198.703,27022.9,,-3.23423,-3.57582,4.82148,,-14.8827,10.7722,-13.6292,0.962151,fluid
1269,21.4773,3.95338,,1001.1,-178.931,25913,,-2.9196,-3.50428,4.56115,,-14.3841,10.4714,-13.1789,0.661429,fluid
1270,21.3364,4.12871,,1000.79,-204.142,18589.6,,-3.22539,-3.47916,4.74423,,-14.5064,10.7099,-13.6358,0.899937,fluid
1271,20.9363,4.35205,,1000.78,-230.164,18310.1,,-4.27873,-3.06844,5.26525,,-6.60945,16.6352,-5.73557,6.82525,fluid
1272,20.7503,4.65242,,1001.34,-179.782,31653.1,,-4.21303,-2.83944,5.08056,,-3.16439,18.6033,-1.64101,8.79332,fluid
1273,20.4884,5.11569,,1001.25,-144.869,29515.4,,-3.46857,-2.55647,4.30889,,1.01618,15.0093,2.45498,5.19934,fluid
1274,21.551,4.54592,,1001.9,-59.6958,44955.9,,-1.87119,-3.56816,4.02903,,-13.4652,11.7301,-11.3831,1.92014,fluid
1275,20.2002,5.47909,,1000.87,-203.393,20562.5,,-4.1004,-1.29199,4.29913,,-3.39363,21.2829,-2.37658,11.4729,fluid
1276,19.691,5.61713,,1000.16,-246.319,3818.03,,-4.23549,-0.991724,4.35005,,-5.20339,15.1448,-5.00952,5.3348,fluid
1277,20.3781,5.19652,,1001.17,-148.153,27623.1,,-3.37472,-2.05604,3.95171,,-0.655537,16.1148,0.698407,6.30476,fluid
1278,18.5128,5.56741,,999.826,-315.871,-4085.2,,-5.11952,-0.445245,5.13885,,-2.4189,11.5175,-2.63961,1.70749,fluid
1279,15.475,5.27647,,999.539,-716.527,-10838.2,,-11.0367,0.0184511,11.0367,,-5.06763,8.12633,-5.76832,-1.68367,fluid
1280,16.8615,5.58371,,1000.29,-431.912,6833.36,,-7.58369,0.111729,7.58451,,-4.00986,16.1957,-3.60472,6.38568,fluid
1281,18.9914,5.12916,,1001.13,-212.611,26620.1,,-4.27276,-0.263299,4.28086,,-2.39984,12.2657,-0.999732,2.45572,fluid
1282,19.2682,4.99561,,1000.77,-208.331,18071.3,,-3.78003,-0.289065,3.79106,,-3.13837,13.3475,-2.2012,3.53746,fluid
1283,18.1784,5.08087,,1001.04,-240.675,24652.3,,-4.66163,0.034469,4.66176,,-4.3196,11.1795,-2.96489,1.3695,fluid
1284,19.2405,4.60706,,1001.05,-211.485,24827.8,,-4.03242,-0.557167,4.07073,,-3.13066,15.0446,-1.84162,5.23462,fluid
1285,18.6271,4.74849,,1001.71,-189.717,40526.2,,-4.28564,0.04355,4.28586,,-5.93672,13.3979,-3.76479,3.58789,fluid
1286,18.0834,4.81484,,1000.96,-233.789,22706.7,,-4.34926,0.0513385,4.34957,,-4.67091,10.6749,-3.41645,0.864861,fluid
1287,13.6357,4.6782,,1000.07,-805.646,1572.08,,-11.127,-1.57171,11.2375,,1.95544,0.995749,2.07073,-8.81425,fluid
1288,15.9261,0.367952,,1002.51,-218.592,59582.7,,-3.13097,-0.0328946,3.13114,,-3.84171,9.07123,-0.10989,-0.73877,fluid
1289,18.1632,0.326431,,1002.34,-128.318,55568.8,,-1.97953,-0.0781086,1.98107,,-3.5152,9.45045,-0.462934,-0.359546,fluid
1290,20.7723,0.347547,,1001.59,-82.6312,37547.3,,-1.07484,-0.129511,1.08261,,-2.95274,7.9146,-1.14805,-1.8954,fluid
1291,22.2177,0.379584,,1002.08,-60.9892,49277,,-1.0836,-0.147211,1.09356,,-4.95342,7.73723,-2.7401,-2.07277,fluid
1292,22.7942,0.461762,,1002.34,-42.0743,55465.6,,-0.821025,-0.184098,0.841412,,-2.76581,7.37015,-0.338163,-2.43985,fluid
1293,22.753,1.1456,,1004.01,-14.3828,95511.5,,-1.3696,-0.677926,1.5282,,2.14022,10.2593,6.32123,0.449319,fluid
1294,23.4696,0.901309,,1002.81,-44.3242,66623.7,,-0.686189,-0.444546,0.817604,,-6.9736,8.87445,-4.14282,-0.935548,fluid
1295,21.9407,0.738802,,1002.4,-116.612,56867.6,,-2.18403,-0.279187,2.2018,,-4.89575,8.10473,-2.31007,-1.70527,fluid
1296,22.8838,0.820756,,1003.19,-39.9953,75783.8,,-1.28449,-0.356631,1.33308,,0.625878,7.96464,3.92704,-1.84536,fluid
1297,23.7866,0.814237,,1002.91,-5.26211,69024.5,,0.0126433,-0.357463,0.357687,,-2.69125,8.41508,0.202173,-1.39492,fluid
1298,23.4698,3.6616,,1002.87,6.40655,68088.1,,0.245449,-3.89987,3.90759,,-2.92099,17.2399,-0.0281802,7.42986,fluid
1299,23.2264,4.3214,,1002.43,8.70819,57544.2,,0.327849,-5.65019,5.65969,,-3.3134,11.7787,-0.841863,1.96872,fluid
1300,22.6554,5.38998,,996.377,-471.826,-84378.2,,-2.94514,-8.05484,8.57638,,-13.3734,11.2301,-17.1113,1.42015,fluid
1301,23.0789,5.17768,,1002.31,17.4446,54851.6,,0.0328448,-6.58109,6.58118,,-7.17015,10.963,-4.79894,1.15297,fluid
1302,23.4619,3.89423,,1002.67,1.98228,63470.3,,0.304871,-3.39077,3.40445,,-2.87747,19.2222,-0.179435,9.41221,fluid
1303,23.3909,3.81922,,1002.8,9.05604,66528.7,,0.267597,-3.8543,3.86358,,-2.50648,17.2079,0.329784,7.39785,fluid
1304,23.1265,4.0482,,1002.98,19.0385,70711.7,,0.0284357,-6.86682,6.86687,,-4.04352,15.4095,-0.994993,5.59947,fluid
1305,23.0517,5.81422,,1002.29,49.5315,54303.4,,0.525545,-8.05299,8.07012,,-4.11135,20.3948,-1.76102,10.5848,fluid
1306,23.0891,5.65321,,1002.49,59.0235,59172.8,,0.572198,-7.6996,7.72083,,-6.04076,20.3698,-3.48433,10.5598,fluid
1307,23.1031,5.40449,,1002.63,53.0025,62382.4,,0.390292,-7.17782,7.18842,,-7.46361,16.1401,-4.77051,6.33014,fluid
1308,21.8857,5.25343,,1001.79,-86.5013,42286,,-3.06123,-7.39258,8.00133,,8.08858,16.635,10.0173,6.825,fluid
1309,22.1053,5.0876,,999.715,-149.329,-6695.15,,-2.11912,-6.94351,7.25968,,3.55247,15.5718,3.24951,5.76182,fluid
1310,22.7367,5.05215,,997.666,-389.773,-54560.9,,-3.00226,-6.7903,7.4244,,-12.9585,13.1322,-15.3638,3.32222,fluid
1311,23.0278,4.95347,,1002.35,-9.65139,55660.6,,-0.636287,-6.40677,6.43829,,-13.4849,11.504,-11.0734,1.69404,fluid
1312,23.0586,4.89494,,1002.2,-6.86827,52022.6,,-0.333744,-6.44213,6.45077,,-7.54248,10.2716,-5.29131,0.461604,fluid
1313,23.0473,4.83591,,1002.24,-10.5379,53147.6,,-0.452185,-6.52336,6.53902,,-8.51404,9.87935,-6.21317,0.0693533,fluid
1314,23.0248,4.76509,,1002.31,-18.771,54779.2,,-0.690293,-6.63003,6.66587,,-11.7209,10.3566,-9.34727,0.546588,fluid
1315,22.9599,4.68124,,1002.13,-66.0833,50363.4,,-1.41404,-6.75571,6.90211,,-18.4809,10.2266,-16.292,0.416561,fluid
1316,22.8589,4.60428,,1000.85,-189.441,20097.3,,-2.40669,-6.76705,7.18228,,-22.0216,13.4878,-21.1431,3.67778,fluid
1317,22.9754,4.50608,,1002.31,-52.9202,54711.2,,-1.2151,-6.96215,7.06739,,-15.2067,10.4457,-12.8309,0.635746,fluid
1318,23.1074,4.42671,,1002.16,-11.082,51246.6,,0.0294818,-6.85231,6.85237,,-2.33036,11.4531,-0.11738,1.64309,fluid
1319,22.8607,4.2644,,1001.53,-157.443,36300.3,,-2.26489,-7.08613,7.43928,,-18.3291,13.0785,-16.7436,3.26852,fluid
1320,22.472,4.26521,,1002.01,-129.411,47692.7,,-3.66292,-6.24755,7.24216,,-14.0997,21.2394,-11.9817,11.4294,fluid
1321,22.0256,4.30206,,1004.29,63.003,102199,,-1.59051,-5.00952,5.25594,,11.9614,23.2506,16.5816,13.4406,fluid
1322,21.8876,4.59455,,1002.87,24.2131,68271.7,,-1.06794,-4.65919,4.78002,,11.246,18.3708,14.3562,8.56084,fluid
1323,21.6724,4.55006,,1002.47,3.09759,58671.4,,-1.16907,-4.81791,4.95772,,-4.25221,15.0256,-1.55169,5.21564,fluid
1324,21.5487,4.61558,,1001.94,-50.7238,46010.1,,-1.80354,-3.75028,4.16142,,-13.5288,13.2453,-11.3978,3.43532,fluid
1325,19.4735,5.69742,,1000.34,-246.745,7961.04,,-4.4535,-0.980959,4.56026,,-3.10408,16.3459,-2.69541,6.53593,fluid
1326,18.0761,5.60969,,1000.25,-304.248,5865.64,,-5.31082,-0.958847,5.39669,,-3.27537,15.7609,-2.95095,5.95087,fluid
1327,17.3102,5.55314,,1000.41,-374.709,9748.45,,-6.68724,-0.310624,6.69445,,-0.425766,17.2931,0.137163,7.4831,fluid
1328,18.977,5.66934,,1000.48,-248.921,11340.9,,-4.56314,-0.876207,4.6465,,-1.87768,16.8978,-1.28036,7.08783,fluid
1329,17.4029,5.53994,,1000.3,-393.631,7052.22,,-6.94467,-0.290678,6.95075,,-0.0773629,15.9548,0.327749,6.14482,fluid
1330,16.2107,5.56556,,1000.32,-500.149,7468.16,,-8.72313,0.518955,8.73855,,-7.26726,14.1473,-6.80671,4.33733,fluid
1331,16.987,5.5095,,998.978,-483.388,-23985.9,,-7.31913,0.750098,7.35747,,-3.64091,2.77466,-5.05437,-7.03534,fluid
1332,14.4876,4.72356,,998.989,-891.965,-23727.5,,-12.3255,-1.61729,12.4312,,0.605702,7.02673,-1.03373,-2.78327,fluid
1333,17.5452,5.1508,,1000.64,-303.334,15138.4,,-5.24654,0.740666,5.29856,,-0.880671,12.2483,-0.0184018,2.43827,fluid
1334,17.2629,4.77921,,1000.99,-299.892,23429.8,,-5.35986,0.0105546,5.35987,,0.463772,13.0694,1.81966,3.25941,fluid
1335,13.4282,4.41731,,999.942,-907.843,-1356.77,,-12.1194,-2.74579,12.4265,,1.45971,0.362014,1.35867,-9.44799,fluid
1336,16.8657,2.05266,,1002.48,-306.176,58754.2,,-5.73084,0.56626,5.75875,,-10.4561,13.3042,-6.9811,3.49419,fluid
1337,19.3037,0.271078,,1002.29,-43.2138,54347,,-0.884264,-0.093432,0.889186,,-8.13886,8.68953,-5.32993,-1.12047,fluid
1338,20.1248,0.366375,,1002.25,-91.6582,53388.7,,-1.77311,-0.116525,1.77694,,-0.457577,8.11414,2.18934,-1.69586,fluid
1339,23.3582,0.436462,,1002.27,-39.2899,53814.8,,-0.639604,-0.177314,0.663727,,-3.83476,7.81456,-1.53608,-1.99544,fluid
1340,23.5539,1.84803,,1003.82,16.4292,90966.1,,-0.0187185,-1.52715,1.52726,,-5.39192,10.9683,-1.54458,1.15828,fluid
1341,23.663,1.14917,,1003.54,13.4799,84348.3,,0.0199933,-0.746351,0.746618,,-3.49359,10.0955,0.0583886,0.28552,fluid
1342,23.3046,1.2511,,1003.6,-33.3282,85586.2,,-1.06411,-1.19932,1.60334,,-10.512,16.5724,-6.85269,6.76244,fluid
1343,23.635,1.90172,,1004,25.8239,95364.2,,0.0352131,-1.64235,1.64273,,-4.33211,11.9133,-0.313326,2.10328,fluid
1344,23.6608,1.35557,,1004.23,44.4639,100850,,0.045918,-1.41622,1.41697,,-4.20232,12.3013,0.042064,2.49128,fluid
1345,23.6503,2.44898,,1003.96,20.4465,94445.9,,0.0673157,-1.89828,1.89947,,-4.93045,15.1604,-0.952794,5.35037,fluid
1346,22.8081,7.81722,,1001.47,48.6079,34824,,-0.24501,-11.3435,11.3462,,-4.36785,6.64414,-2.84327,-3.16586,fluid
1347,22.5751,9.51911,,1000.14,-11.2575,3280.29,,-0.222996,-12.1457,12.1478,,0.528863,2.95147,0.674149,-6.85853,fluid
1348,22.6634,9.24525,,1000.23,-4.03821,5324.25,,-0.130751,-12.0719,12.0726,,0.836495,3.3546,1.07137,-6.4554,fluid
1349,23.2187,5.02198,,1001.67,-18.4984,39591.7,,0.265462,-6.27926,6.28487,,-5.50868,9.64956,-3.80636,-0.160445,fluid
1350,23.1345,5.28925,,1002.34,30.4478,55424.4,,0.317978,-6.64665,6.65425,,-6.90784,13.0034,-4.51768,3.1934,fluid
1351,22.4824,7.59247,,998.94,-186.291,-24869.8,,-1.86859,-11.616,11.7654,,-7.81468,0.892374,-8.92204,-8.91763,fluid
1352,22.7131,9.05597,,1000.28,0.537398,6586.65,,-0.0522552,-12.0456,12.0457,,0.933383,3.66958,1.2233,-6.14042,fluid
1353,22.8192,8.73017,,1000.24,-0.970706,5670.12,,0.0610843,-11.8737,11.8739,,0.897663,5.18269,1.14608,-4.62731,fluid
1354,22.5167,8.02365,,999.464,-133.099,-12588.2,,-1.45671,-12.0537,12.1414,,-10.1285,-2.77084,-10.6878,-12.5808,fluid
1355,22.867,7.76338,,1001.1,29.8406,25952.3,,-0.0792332,-11.379,11.3793,,0.349058,6.80391,1.48273,-3.00609,fluid
1356,22.8507,7.58595,,1001.44,38.5183,33946.6,,-0.177711,-11.1283,11.1297,,-0.754614,7.26195,0.728838,-2.54805,fluid
1357,22.8084,7.52558,,1001.86,53.3429,44015.5,,-0.352967,-11.0508,11.0564,,-3.93182,7.87966,-2.00561,-1.93034,fluid
1358,22.4753,7.46166,,998.672,-213.667,-31147.8,,-2.08977,-11.4341,11.6235,,-4.99445,1.30345,-6.38215,-8.50655,fluid
1359,22.4243,7.39039,,998.785,-198.733,-28504.5,,-1.96639,-11.5555,11.7216,,-5.65851,1.5485,-6.9312,-8.2615,fluid
1360,22.3981,7.31824,,998.797,-198.987,-28225.6,,-1.98733,-11.5943,11.7634,,-5.76284,1.65863,-7.02454,-8.15137,fluid
1361,22.3712,7.21983,,998.806,-201.661,-28010.2,,-2.04118,-11.5704,11.7491,,-5.8255,2.97646,-7.07907,-6.83354,fluid
1362,22.3295,7.09438,,998.937,-198.8,-24948.4,,-2.09896,-11.4206,11.6119,,-7.05949,6.69749,-8.17796,-3.11251,fluid
1363,22.2844,6.98518,,999.14,-191.699,-20186.7,,-2.16743,-11.2079,11.4155,,-9.0336,10.6687,-9.94025,0.858712,fluid
1364,22.2247,6.52164,,999.481,-204.411,-12193.4,,-2.56014,-9.8214,10.1496,,-13.7404,20.7595,-14.2893,10.9495,fluid
1365,22.8482,6.50085,,1002.86,59.5534,68030.6,,-0.148617,-8.58575,8.58704,,-3.27171,14.4693,-0.302712,4.65927,fluid
1366,22.9765,6.37443,,1001.67,17.0017,39566.9,,0.454695,-8.79961,8.81135,,-0.0630049,15.7111,1.65618,5.90108,fluid
1367,23.0142,6.13653,,1001.76,20.5361,41732,,0.461684,-8.72875,8.74095,,-0.679718,16.804,1.13041,6.99401,fluid
1368,23.0274,5.9979,,1001.98,33.9619,47004.2,,0.479961,-8.49111,8.50466,,-1.80398,18.514,0.233212,8.70404,fluid
1369,23.0883,5.6396,,1002.51,58.9513,59461.3,,0.558965,-7.6544,7.67478,,-6.17713,19.9999,-3.60818,10.1899,fluid
1370,23.0095,5.52338,,1002.72,51.9134,64633.3,,0.124545,-7.63764,7.63866,,-8.94873,15.7194,-6.14738,5.90936,fluid
1371,21.6957,5.13171,,1002.63,-49.1452,62451.9,,-2.88422,-6.34564,6.97036,,1.47906,17.3875,4.35005,7.57752,fluid
1372,21.8222,4.66396,,1002.57,33.0497,60915.6,,-0.738173,-5.8069,5.85363,,7.02793,20.1546,9.81224,10.3446,fluid
1373,21.0491,5.1807,,1000.2,-252.384,4604.87,,-4.44801,-3.67801,5.77171,,-14.4748,14.3124,-14.256,4.50238,fluid
1374,20.2234,5.60869,,1000.5,-241.125,11736.6,,-4.48443,-1.1256,4.62354,,-2.53916,21.9791,-1.9591,12.1691,fluid
1375,19.0506,5.77181,,1000.4,-257.676,9392.51,,-4.66332,-0.853983,4.74087,,-1.66907,17.3398,-1.17624,7.52978,fluid
1376,18.5765,5.69954,,1000.31,-289.458,7367.6,,-5.10872,-0.788238,5.16917,,-3.2224,16.2424,-2.82592,6.43236,fluid
1377,17.2668,5.63153,,1000.3,-366.45,7147.28,,-6.46198,-0.326511,6.47022,,-0.933188,16.7392,-0.519382,6.92918,fluid
1378,17.6984,5.51161,,1000.21,-357.724,4953.03,,-6.19366,-0.804419,6.24568,,-1.16453,15.2558,-0.88473,5.44575,fluid
1379,15.2885,5.22192,,999.343,-746.215,-15443.3,,-11.1629,-0.511924,11.1746,,-3.84794,5.15876,-4.85873,-4.65124,fluid
1380,14.2637,4.55944,,999.925,-727.007,-1762.49,,-10.4654,-2.13744,10.6814,,-2.80168,8.25714,-2.92525,-1.55286,fluid
1381,16.0308,5.49942,,1000.28,-554.187,6658.72,,-9.48292,0.664835,9.5062,,-7.95214,15.1258,-7.53688,5.31585,fluid
1382,13.998,4.58262,,1000.35,-740.334,8214.71,,-10.8027,-1.56763,10.9158,,0.498807,5.39084,1.08545,-4.41916,fluid
1383,13.4942,4.20306,,999.809,-886.823,-4483.1,,-11.754,-3.44098,12.2473,,1.51899,2.626,1.1867,-7.184,fluid
1384,16.9404,0.427738,,1003.21,-128.324,76347.4,,-2.48039,-0.0648541,2.48124,,-13.4893,9.91752,-8.9969,0.107519,fluid
1385,20.6168,0.230874,,1001.47,-77.5234,34864.3,,-0.907607,-0.103353,0.913472,,-0.150128,8.31671,1.53844,-1.49329,fluid
1386,22.5227,0.33196,,1002.17,-49.7031,51494,,-1.02926,-0.145828,1.03954,,-3.99831,7.66096,-1.71695,-2.14904,fluid
1387,23.6768,0.43506,,1002.3,-18.1726,54604.6,,-0.147464,-0.185947,0.237322,,-3.92955,7.98672,-1.6286,-1.82328,fluid
1388,23.7676,0.792023,,1002.85,-7.17735,67737.8,,0.00442631,-0.345514,0.345543,,-2.64368,8.34634,0.198219,-1.46366,fluid
1389,23.6449,3.07073,,1003.53,12.9606,83899.6,,0.141671,-2.24882,2.25328,,-4.90227,15.3727,-1.36642,5.56271,fluid
1390,23.538,3.03135,,1003.29,-0.120582,78113.4,,0.103625,-3.55782,3.55933,,-4.80302,14.8353,-1.49528,5.02527,fluid
1391,22.6112,4.02619,,1001.74,-177.085,41159.4,,-3.45974,-5.95688,6.8887,,-14.0149,16.6987,-12.1978,6.88867,fluid
1392,22.8633,8.46685,,1000.43,8.05422,10029.2,,0.121852,-11.7967,11.7973,,0.420293,6.34347,0.858766,-3.46653,fluid
1393,21.8724,11.306,,999.892,-37.8199,-2546.12,,-0.629719,-12.4613,12.4772,,-0.401666,0.613492,-0.518087,-9.19651,fluid
1394,22.4967,8.76107,,999.812,-67.2826,-4423.59,,-0.78706,-12.095,12.1206,,-4.80852,2.99414,-5.00519,-6.81586,fluid
1395,22.6038,9.36268,,1000.26,-3.29001,6199.05,,-0.192114,-12.1185,12.12,,0.346172,3.09432,0.620348,-6.71568,fluid
1396,22.9547,6.40627,,1001.79,22.0471,42313.9,,0.405774,-8.77619,8.78556,,-0.246537,15.6504,1.59354,5.84038,fluid
1397,22.5723,3.77027,,1002.73,-123.097,64761.4,,-3.31827,-6.35,7.16473,,-9.35632,17.6857,-6.49506,7.87565,fluid
1398,22.5356,9.57721,,1000.16,-10.6839,3805.81,,-0.252062,-12.1542,12.1568,,0.285278,2.88416,0.45413,-6.92584,fluid
1399,21.9996,11.4166,,1000.07,-20.7389,1551.07,,-0.476471,-12.3323,12.3415,,0.222167,1.10282,0.292667,-8.70718,fluid
1400,21.903,11.6949,,1000.09,-20.1272,2131.99,,-0.512584,-12.3204,12.331,,0.0435767,1.16773,0.140905,-8.64227,fluid
1401,21.9478,11.5368,,1000.09,-20.8736,2071.01,,-0.515432,-12.3134,12.3242,,0.0583869,1.12756,0.152739,-8.68244,fluid
1402,22.0398,11.2274,,1000.08,-19.1605,1920.99,,-0.453328,-12.3545,12.3628,,0.244903,1.09694,0.332056,-8.71306,fluid
1403,22.0553,11.056,,1000.12,-16.2018,2787.46,,-0.431268,-12.339,12.3465,,0.00154069,1.00236,0.127911,-8.80764,fluid
1404,22.107,10.9344,,1000.08,-17.7478,1864.67,,-0.408842,-12.3118,12.3186,,0.328279,0.964062,0.41262,-8.84594,fluid
1405,22.1395,10.8508,,1000.06,-18.958,1380.75,,-0.403595,-12.2923,12.299,,0.428933,0.993137,0.491295,-8.81686,fluid
1406,22.1342,10.7657,,1000.09,-16.276,2187.09,,-0.390078,-12.3016,12.3077,,0.343529,0.918444,0.44233,-8.89156,fluid
1407,22.0804,10.6409,,1000.27,-13.1796,6376.83,,-0.557912,-12.409,12.4215,,-0.952046,0.336173,-0.663324,-9.47383,fluid
1408,22.0336,10.4683,,1000.08,-34.8843,1795.46,,-0.766527,-12.3516,12.3754,,-1.97938,0.499608,-1.89789,-9.31039,fluid
1409,22.126,10.1196,,1000.06,-36.7885,1307.14,,-0.756839,-12.3528,12.376,,-2.56881,1.15848,-2.50973,-8.65152,fluid
1410,22.3404,9.86871,,1000.34,-8.38992,7895.62,,-0.486889,-12.1799,12.1897,,-1.42405,2.48805,-1.07074,-7.32195,fluid
1411,22.4587,9.67576,,1000.23,-9.10555,5450.24,,-0.335056,-12.15,12.1546,,-0.551281,2.7714,-0.308658,-7.0386,fluid
1412,22.4717,9.6069,,1000.29,-7.1057,6870.01,,-0.359876,-12.1516,12.157,,-0.868563,2.68523,-0.562934,-7.12477,fluid
1413,22.6768,9.13336,,1000.32,2.53318,7652.83,,-0.096815,-12.0641,12.0644,,0.649642,3.40885,0.987007,-6.40115,fluid
1414,22.7662,8.97422,,1000.18,-6.07278,4295.95,,-0.0196347,-11.9706,11.9706,,1.38595,4.19623,1.57462,-5.61377,fluid
1415,22.8596,8.1563,,1000.78,24.7036,18338.8,,0.0855153,-11.6111,11.6115,,-0.417165,6.31124,0.38445,-3.49876,fluid
1416,22.8572,7.85966,,1001.05,30.9745,24818.7,,-0.0517711,-11.4382,11.4383,,-0.489191,6.73985,0.595484,-3.07015,fluid
1417,22.8827,7.2351,,1001.55,34.9948,36735.3,,0.130384,-10.3979,10.3987,,-1.1885,13.1326,0.414382,3.32258,fluid
1418,22.977,6.90375,,1001.41,25.9371,33307.6,,0.5787,-9.93802,9.95486,,-2.50777,18.0342,-1.0602,8.22416,fluid
1419,22.9484,6.27771,,1001.82,16.5471,43008.3,,0.282744,-8.88474,8.88923,,-1.24714,14.768,0.6236,4.958,fluid
1420,22.9215,5.7903,,1002.22,13.0467,52499.4,,-0.203197,-8.29892,8.30141,,-12.1947,15.6796,-9.90933,5.86965,fluid
1421,21.8135,5.47795,,1003.08,-60.1995,73120.4,,-3.87628,-6.95071,7.95851,,-0.330728,28.9101,3.01106,19.1001,fluid
1422,21.5672,5.0085,,1002.11,-63.1264,49911.7,,-2.51143,-5.33437,5.89599,,-9.60922,14.8403,-7.29984,5.03026,fluid
1423,21.2099,5.30796,,999.857,-275.344,-3364.84,,-4.241,-3.22187,5.32602,,-17.7115,13.7111,-17.8702,3.90113,fluid
1424,20.4332,5.55655,,1000.97,-202.693,22823.1,,-4.30714,-1.53675,4.57308,,0.515464,25.9021,1.63135,16.0921,fluid
1425,19.3742,5.76834,,1000.37,-250.452,8707.21,,-4.54075,-0.937231,4.63647,,-2.33032,17.3288,-1.88106,7.51881,fluid
1426,18.4464,5.69779,,1000.29,-299.246,6761.74,,-5.26157,-0.829597,5.32657,,-3.63883,16.0958,-3.27237,6.28576,fluid
1427,16.6017,5.65815,,1000.31,-426.507,7232.38,,-7.54502,0.144328,7.5464,,-5.37455,14.8547,-4.93904,5.04467,fluid
1428,15.7046,5.49143,,1000.21,-622.659,4965.05,,-10.4211,0.41071,10.4292,,-10.8642,13.6111,-10.5481,3.8011,fluid
1429,14.5594,4.63852,,998.851,-856.053,-26968.9,,-11.5606,-2.10105,11.75,,-1.56152,9.68978,-3.41599,-0.120223,fluid
1430,14.0625,4.5168,,1000.56,-712.433,13136.6,,-10.6233,-2.25597,10.8602,,-0.831998,5.76634,0.10164,-4.04366,fluid
1431,13.6569,4.07604,,999.854,-842.442,-3435.07,,-11.3458,-3.38645,11.8404,,-1.41031,5.8832,-1.66188,-3.9268,fluid
1432,16.2262,0.610604,,1002.81,-250.317,66728.5,,-4.07517,-0.0584509,4.07559,,-5.12046,8.89419,-1.01959,-0.91581,fluid
1433,21.6193,0.240065,,1001.95,-35.8085,46159.7,,-0.536789,-0.119532,0.549936,,-3.15064,8.05759,-1.01968,-1.75241,fluid
1434,23.8186,0.394806,,1002.33,-7.94929,55326.1,,-0.00956268,-0.175076,0.175337,,-2.62733,8.00543,-0.309928,-1.80457,fluid
1435,23.9292,1.01394,,1003.41,12.4434,81032.9,,0.0595949,-0.496463,0.500028,,-3.03258,9.20035,0.342277,-0.609647,fluid
1436,23.4949,1.52631,,1004.33,43.5873,103359,,-0.166871,-2.00637,2.0133,,-8.90808,8.84849,-4.52784,-0.961508,fluid
1437,23.586,3.42646,,1003.07,6.46355,73063.2,,0.189177,-3.321,3.32638,,-3.62544,17.2017,-0.537196,7.39167,fluid
1438,22.256,6.38956,,999.19,-228.53,-19027,,-2.53208,-9.70301,10.0279,,-10.5815,20.0924,-11.4371,10.2824,fluid
1439,22.0895,11.1819,,1000.04,-21.5655,854.64,,-0.442952,-12.3446,12.3525,,0.404884,1.12094,0.443572,-8.68906,fluid
1440,21.9444,11.7142,,1000.05,-20.5666,1123.56,,-0.464807,-12.351,12.3597,,0.265048,1.1236,0.316246,-8.6864,fluid
1441,21.7175,13.7208,,999.996,-27.4559,-101.48,,-0.618463,-12.4064,12.4218,,0.00164155,0.326271,-0.0030312,-9.48373,fluid
1442,21.5356,13.1984,,1000.01,-30.608,132.381,,-0.68931,-12.4753,12.4944,,0.0252155,0.507468,0.0313625,-9.30253,fluid
1443,21.8565,11.8452,,1000.09,-18.222,2053.07,,-0.478003,-12.3517,12.3609,,0.035813,1.17717,0.129739,-8.63283,fluid
1444,21.3992,13.2454,,1000.01,-24.5233,314.146,,-0.56464,-12.3289,12.3419,,-0.213059,0.202281,-0.198379,-9.60772,fluid
1445,21.5441,13.8454,,1000,-27.2114,19.4825,,-0.61209,-12.3204,12.3356,,0.00598941,0.284771,0.00689372,-9.52523,fluid
1446,21.3012,14.1188,,1000,-31.8145,99.0711,,-0.706448,-12.4032,12.4233,,0.00789556,0.424903,0.0125465,-9.3851,fluid
1447,21.3881,14.3207,,999.997,-28.7689,-74.5679,,-0.632179,-12.3226,12.3389,,-0.0570666,0.282481,-0.060553,-9.52752,fluid
1448,21.456,14.2828,,999.998,-27.8346,-43.4235,,-0.616858,-12.348,12.3634,,-0.0626974,0.281147,-0.0647213,-9.52885,fluid
1449,21.4599,14.2523,,999.998,-27.5416,-39.8609,,-0.611142,-12.3468,12.3619,,-0.0610297,0.282117,-0.0628872,-9.52788,fluid
1450,21.4812,14.2003,,1000,-27.5379,-10.5651,,-0.613776,-12.3458,12.361,,-0.0506456,0.29149,-0.0511374,-9.51851,fluid
1451,21.3729,13.8114,,1000.02,-26.145,570.773,,-0.611418,-12.3705,12.3856,,-0.147382,0.307301,-0.120677,-9.5027,fluid
1452,21.4171,13.6563,,1000.01,-23.8283,271.241,,-0.549386,-12.3617,12.3739,,-0.0689461,0.279573,-0.0562815,-9.53043,fluid
1453,21.5188,14.0713,,1000,-27.4899,9.80743,,-0.615785,-12.339,12.3543,,-0.0286804,0.305021,-0.0282247,-9.50498,fluid
1454,21.4376,13.7115,,1000,-24.0035,43.6407,,-0.541985,-12.3514,12.3633,,-0.0340724,0.307699,-0.0320367,-9.5023,fluid
1455,21.4855,13.4328,,1000,-29.6707,30.6112,,-0.664817,-12.349,12.3669,,-0.000740515,0.279926,0.000684225,-9.53007,fluid
1456,21.4756,13.2451,,999.985,-26.5186,-355.129,,-0.577364,-12.3001,12.3136,,-0.0594428,0.257002,-0.0759794,-9.553,fluid
1457,21.5035,12.9199,,999.979,-25.9531,-503.484,,-0.553439,-12.3292,12.3417,,-0.145816,0.432264,-0.16923,-9.37774,fluid
1458,21.5333,12.4802,,1000.06,-21.7563,1346.99,,-0.548755,-12.4153,12.4274,,-0.514251,0.502994,-0.4517,-9.30701,fluid
1459,21.5637,12.3536,,1000.07,-22.2872,1584.76,,-0.569737,-12.397,12.4101,,-0.584359,0.383598,-0.510872,-9.4264,fluid
1460,21.6036,12.1627,,1000.05,-24.8975,1188.55,,-0.59617,-12.3856,12.3999,,-0.71175,0.36934,-0.656736,-9.44066,fluid
1461,21.6617,11.8613,,1000,-28.6793,116.088,,-0.590408,-12.4448,12.4588,,-0.780797,0.542332,-0.775437,-9.26767,fluid
1462,22.1108,11.0125,,1000.06,-19.8445,1337.08,,-0.426159,-12.3292,12.3366,,0.422656,1.07651,0.483124,-8.73349,fluid
1463,22.0527,10.5495,,1000.17,-27.3277,3923,,-0.726441,-12.4119,12.4332,,-1.81641,0.40846,-1.63855,-9.40154,fluid
1464,22.3268,9.93174,,1000.32,-7.93379,7608.85,,-0.467848,-12.157,12.166,,-1.00237,2.63887,-0.661686,-7.17113,fluid
1465,22.6284,9.36741,,1000.18,-7.80111,4335.45,,-0.178546,-12.0952,12.0965,,0.76563,3.14156,0.957188,-6.66844,fluid
1466,22.8945,8.25892,,1000.52,10.7661,12301.4,,0.117534,-11.721,11.7216,,0.548366,6.7094,1.08539,-3.1006,fluid
1467,22.8745,8.02327,,1000.81,22.624,19091.8,,0.0479358,-11.5649,11.565,,0.0836658,6.57681,0.917624,-3.23319,fluid
1468,22.9472,7.05899,,1001.37,25.2206,32448,,0.41233,-10.1082,10.1166,,-1.90696,16.369,-0.494877,6.55902,fluid
1469,22.9288,6.57705,,1002.02,41.2499,47951.6,,0.467478,-8.58913,8.60185,,-0.298321,16.2134,1.78878,6.40337,fluid
1470,22.6415,6.05066,,998.295,-377.231,-39930.3,,-2.84473,-9.04911,9.48572,,-17.783,13.4057,-19.5496,3.59572,fluid
1471,21.8995,5.58588,,1002.73,-67.7065,64868.6,,-3.93161,-7.81015,8.74391,,-1.32973,31.0618,1.6243,21.2518,fluid
1472,21.4029,5.33818,,1000.54,-244.373,12740,,-4.12267,-3.53466,5.43049,,-17.6662,17.3831,-17.0712,7.57307,fluid
1473,20.8205,5.5279,,1001.19,-201.265,28032.6,,-4.91657,-2.58561,5.555,,-5.16557,28.4491,-3.82077,18.6391,fluid
1474,19.9563,5.75399,,1000.25,-260.56,5781.13,,-4.58543,-0.993117,4.69174,,-3.63304,18.9619,-3.34342,9.15193,fluid
1475,18.6585,5.77782,,1000.3,-284.22,6967.14,,-4.99722,-0.784477,5.05842,,-2.8583,16.5848,-2.485,6.77476,fluid
1476,17.7699,5.62148,,1000.23,-324.711,5513.13,,-5.65022,-0.935459,5.72713,,-1.76878,15.6429,-1.4586,5.83293,fluid
1477,16.1502,5.61194,,1000.38,-496.205,9034.64,,-8.73849,0.531127,8.75462,,-7.97413,15.1036,-7.41493,5.29361,fluid
1478,14.8361,4.92567,,998.68,-843.96,-30945.7,,-11.4158,-1.86021,11.5663,,0.41131,1.80977,-1.67728,-8.00023,fluid
1479,13.5677,4.41095,,999.84,-894.247,-3774.86,,-11.9633,-3.40967,12.4397,,3.24219,1.42199,2.96392,-8.38801,fluid
1480,18.3919,0.405415,,1002.41,-123.114,57138.7,,-2.123,-0.0998316,2.12535,,-4.4784,9.12842,-1.37913,-0.681576,fluid
1481,23.0011,0.195527,,1001.8,-16.0138,42625.8,,-0.00834672,-0.123941,0.124222,,-1.82307,7.97501,0.0268055,-1.83499,fluid
1482,22.7906,1.52032,,1005.01,10.0143,119820,,-1.94866,-1.62569,2.53774,,2.99094,8.3444,8.22214,-1.4656,fluid
1483,23.7094,2.241,,1004.1,26.8863,97814.4,,0.0563928,-1.82293,1.8238,,-4.65041,11.7652,-0.541704,1.95522,fluid
1484,23.2985,5.27213,,1002.01,7.76679,47505.7,,0.441461,-6.19902,6.21472,,-7.48797,14.8503,-5.45305,5.04025,fluid
1485,22.6439,8.6468,,1001.07,17.2081,25238,,-0.603889,-12.226,12.2409,,-8.15364,2.39408,-7.04027,-7.41592,fluid
1486,22.048,11.4718,,1000.02,-23.4409,488.482,,-0.474147,-12.3279,12.337,,0.407364,1.03288,0.429519,-8.77712,fluid
1487,21.192,14.6778,,1000,-39.8098,72.1791,,-0.873723,-12.4335,12.4642,,-0.0693104,0.451163,-0.0659045,-9.35884,fluid
1488,21.1419,15.5901,,999.993,-55.1987,-161.897,,-1.20016,-12.5548,12.612,,-0.0434215,0.0585681,-0.0510792,-9.75143,fluid
1489,21.1583,15.8533,,1000.01,-50.8796,207.659,,-1.13763,-12.4466,12.4984,,-0.0497064,-0.150412,-0.0398919,-9.96041,fluid
1490,21.1922,15.9321,,1000.01,-50.0691,180.65,,-1.12832,-12.429,12.4801,,-0.0964471,-0.198776,-0.0879228,-10.0088,fluid
1491,21.2316,15.7169,,1000,-50.7036,76.3992,,-1.13226,-12.5429,12.5939,,-0.111905,-0.0642621,-0.108306,-9.87426,fluid
1492,20.8946,16.3933,,999.987,-48.4992,-298.828,,-1.04014,-12.3042,12.3481,,-0.0175181,-0.367823,-0.03182,-10.1778,fluid
1493,21.1069,15.5003,,999.942,-62.1197,-1367.29,,-1.27995,-12.5516,12.6167,,-0.0767539,0.142668,-0.141537,-9.66733,fluid
1494,20.6768,16.4999,,999.966,-50.061,-791.433,,-1.03075,-12.3038,12.3469,,0.0755932,-0.177785,0.0373156,-9.98778,fluid
1495,20.7351,16.6253,,999.962,-44.4375,-891.925,,-0.913364,-12.3391,12.3728,,-0.191187,-0.20512,-0.234204,-10.0151,fluid
1496,20.746,16.1429,,1000.01,-46.7089,326.181,,-1.03285,-12.2776,12.321,,0.0669925,-0.23241,0.0827148,-10.0424,fluid
1497,21.1411,15.7534,,1000.01,-51.8455,168.86,,-1.15012,-12.4748,12.5277,,-0.0207887,-0.0929084,-0.0128015,-9.90291,fluid
1498,20.7544,16.7564,,999.98,-42.7519,-459.761,,-0.899162,-12.3147,12.3475,,-0.180176,-0.143444,-0.202329,-9.95344,fluid
1499,20.5472,16.991,,999.983,-42.3009,-389.161,,-0.878177,-12.2241,12.2556,,-0.0277215,-0.228895,-0.0466618,-10.0389,fluid
1500,20.8127,16.6543,,999.973,-42.532,-643.334,,-0.889257,-12.4136,12.4454,,-0.222696,-0.158309,-0.253608,-9.96831,fluid
1501,20.5275,16.9932,,999.982,-41.8398,-419.46,,-0.86584,-12.2256,12.2562,,-0.0351222,-0.226541,-0.0555566,-10.0365,fluid
1502,20.6235,16.8258,,999.979,-45.5182,-486.328,,-0.946107,-12.21,12.2466,,-0.0274697,-0.232098,-0.0510515,-10.0421,fluid
1503,20.9208,15.6988,,999.917,-64.6706,-1956.92,,-1.30251,-12.1556,12.2252,,0.349669,0.200856,0.256122,-9.60914,fluid
1504,21.012,15.544,,999.943,-61.1913,-1330.59,,-1.26264,-12.3861,12.4503,,0.089804,0.127293,0.0264753,-9.68271,fluid
1505,21.0769,15.4181,,999.895,-65.8987,-2471.94,,-1.29997,-12.4853,12.5528,,0.043385,0.210711,-0.0739092,-9.59929,fluid
1506,21.1598,15.2036,,1000.01,-50.6398,141.496,,-1.1162,-12.4535,12.5034,,-0.0275665,-0.0781414,-0.0208796,-9.88814,fluid
1507,21.331,14.6246,,999.945,-47.1684,-1285.35,,-0.958276,-12.3234,12.3606,,-0.0271296,0.0871059,-0.0873903,-9.72289,fluid
1508,21.423,14.4479,,999.903,-25.7477,-2278.39,,-0.454579,-12.3974,12.4057,,-0.345207,-0.0555811,-0.45157,-9.86558,fluid
1509,21.5942,12.8264,,1000.02,-25.4037,455.046,,-0.587234,-12.3961,12.41,,0.0294779,0.559056,0.0505502,-9.25094,fluid
1510,21.6257,12.8169,,1000.01,-25.54,255.213,,-0.579095,-12.3889,12.4025,,0.0431588,0.568921,0.0549601,-9.24108,fluid
1511,21.6452,12.4549,,1000.04,-22.3367,917.347,,-0.538477,-12.3417,12.3535,,0.0214418,0.589349,0.0638213,-9.22065,fluid
1512,21.7926,11.5129,,999.992,-29.8001,-197.777,,-0.57613,-12.3183,12.3318,,-0.735263,0.582634,-0.744339,-9.22737,fluid
1513,22.069,10.3183,,1000.08,-35.577,1951.12,,-0.784371,-12.3588,12.3836,,-2.22818,0.672587,-2.13978,-9.13741,fluid
1514,22.3534,9.9428,,1000.22,-10.8576,5105.82,,-0.389413,-12.1397,12.146,,-0.360882,2.72096,-0.132518,-7.08904,fluid
1515,22.7137,9.06888,,1000.26,-0.493935,6186.68,,-0.0560408,-12.0405,12.0407,,1.02664,3.73769,1.29895,-6.07231,fluid
1516,22.8861,8.35047,,1000.47,8.86267,11045.7,,0.123675,-11.7524,11.753,,0.486243,6.6741,0.968654,-3.1359,fluid
1517,22.3327,7.39754,,999.075,-170.521,-21720,,-1.75728,-11.737,11.8678,,-8.47607,1.82829,-9.44953,-7.98171,fluid
1518,22.989,6.79057,,1001.44,24.7828,34131.6,,0.656027,-9.56752,9.58998,,-2.82104,18.1135,-1.33848,8.30348,fluid
1519,22.2207,6.16725,,999.293,-232.083,-16602,,-2.68146,-10.0876,10.4379,,-9.38366,19.5192,-10.1313,9.70915,fluid
1520,21.986,5.77565,,1001.76,-105.934,41649.6,,-3.7289,-8.37862,9.17093,,-8.15188,31.3759,-6.26084,21.5659,fluid
1521,21.475,5.56615,,1000.37,-310.187,8632.5,,-5.29307,-3.97115,6.61714,,-14.7498,23.4575,-14.348,13.6475,fluid
1522,20.9958,5.54264,,1000.35,-257.215,8190.76,,-5.03712,-2.97284,5.84897,,-11.1433,20.8745,-10.7533,11.0645,fluid
1523,20.4086,5.68691,,1000.52,-235.231,12146.4,,-4.45828,-1.38705,4.66907,,-0.554493,24.7143,0.040362,14.9043,fluid
1524,19.6187,5.79832,,1000.31,-250.933,7193.5,,-4.47664,-0.961271,4.57869,,-3.24714,17.8811,-2.88058,8.07109,fluid
1525,18.2003,5.69393,,1000.29,-294.574,6928.42,,-5.18266,-0.903776,5.26088,,-3.72094,16.4636,-3.34037,6.65358,fluid
1526,16.6474,5.71941,,1000.3,-417.422,7159.55,,-7.41617,0.102334,7.41687,,-4.84123,15.0761,-4.41129,5.26607,fluid
1527,14.8472,5.18414,,999.723,-729.75,-6521.65,,-11.2147,-1.3782,11.2991,,-2.24538,2.02898,-2.68475,-7.78102,fluid
1528,22.2218,0.154183,,1001.83,-30.4572,43382.4,,-0.462769,-0.106084,0.474773,,-3.04668,8.14669,-1.09801,-1.66331,fluid
1529,23.3446,0.258023,,1002.03,-21.761,48010.5,,-0.267185,-0.138238,0.300829,,-2.19442,7.99762,-0.141981,-1.81238,fluid
1530,23.5927,1.62899,,1004.34,49.0137,103452,,0.0226777,-1.91068,1.91081,,-4.58009,9.66859,-0.214115,-0.141412,fluid
1531,23.3747,4.36419,,1002.27,-2.93091,53915.9,,0.396046,-4.77899,4.79537,,-4.98096,12.1444,-2.67961,2.33438,fluid
1532,22.9424,7.06499,,1001.41,26.9796,33248.7,,0.398549,-10.1928,10.2006,,-1.72087,16.4889,-0.273685,6.67893,fluid
1533,21.8521,12.0958,,1000.03,-21.5425,715.315,,-0.486757,-12.391,12.4005,,0.274257,0.944816,0.306991,-8.86518,fluid
1534,21.7847,14.1329,,999.998,-28.6999,-37.3183,,-0.655895,-12.2457,12.2632,,-0.0387381,0.185867,-0.0404511,-9.62413,fluid
1535,20.9905,16.7029,,999.991,-45.7873,-218.155,,-0.997164,-12.2223,12.263,,-0.0707819,-0.272552,-0.081175,-10.0826,fluid
1536,20.3492,17.3686,,999.993,-42.04,-157.861,,-0.872984,-12.1891,12.2203,,0.0626851,-0.250306,0.0549275,-10.0603,fluid
1537,19.6088,17.3821,,999.973,-47.2114,-635.75,,-0.899987,-12.2607,12.2937,,-0.0311749,-0.0648665,-0.0635974,-9.87487,fluid
1538,18.2026,17.0572,,999.989,-59.5934,-248.228,,-1.07738,-12.2161,12.2635,,0.0734663,0.0623691,0.0598292,-9.74763,fluid
1539,18.2341,17.1551,,999.995,-60.9802,-112.656,,-1.11167,-12.1673,12.218,,0.0635335,0.0439472,0.0573551,-9.76605,fluid
1540,18.283,17.1713,,999.998,-61.2359,-51.9418,,-1.12217,-12.1039,12.1558,,0.0730663,0.0181442,0.0702253,-9.79186,fluid
1541,18.3583,17.1829,,1000,-59.9566,22.0343,,-1.10651,-12.1345,12.1848,,0.0411316,0.0142642,0.0423318,-9.79574,fluid
1542,20.2468,17.2374,,999.989,-39.0936,-247.861,,-0.801001,-12.2042,12.2304,,0.00885004,-0.21615,-0.00339205,-10.0262,fluid
1543,20.0161,16.9479,,1000.02,-42.7819,540.521,,-0.906302,-12.1133,12.1472,,0.0188408,-0.0828183,0.0458446,-9.89282,fluid
1544,18.34,17.0279,,999.999,-62.6392,-15.8683,,-1.15365,-12.1269,12.1816,,0.105652,0.00458979,0.104787,-9.80541,fluid
1545,18.6873,17.0567,,1000,-60.8643,92.3059,,-1.14764,-12.1469,12.2009,,0.0989995,0.00699788,0.103939,-9.803,fluid
1546,19.1152,17.2054,,1000,-60.5242,8.50665,,-1.16171,-12.1669,12.2223,,0.151091,-0.0324188,0.151536,-9.84242,fluid
1547,19.1365,17.4869,,999.997,-49.3626,-76.8589,,-0.945888,-12.1809,12.2176,,0.00291725,0.00652987,-0.00109912,-9.80347,fluid
1548,18.981,17.5883,,999.999,-47.1587,-20.2099,,-0.899206,-12.1564,12.1896,,0.0045563,-0.00279187,0.00349155,-9.81279,fluid
1549,18.8021,17.6116,,1000,-48.1295,36.4612,,-0.912135,-12.1301,12.1643,,0.0042041,-0.00455929,0.00614331,-9.81456,fluid
1550,18.7762,17.6102,,1000,-45.7807,-11.7036,,-0.863691,-12.1248,12.1555,,-0.0403112,-0.020424,-0.0409346,-9.83042,fluid
1551,18.2162,17.2515,,999.979,-60.2187,-494.271,,-1.07609,-11.9351,11.9835,,0.2639,0.0479617,0.236766,-9.76204,fluid
1552,19.7529,17.3793,,999.978,-43.7226,-507.887,,-0.847038,-12.2351,12.2644,,0.0386021,-0.0665088,0.0128895,-9.87651,fluid
1553,20.2127,17.3494,,999.99,-36.2626,-242.855,,-0.74132,-12.2163,12.2387,,-0.0842894,-0.193963,-0.0963045,-10.004,fluid
1554,19.35,17.2799,,999.962,-59.6327,-884.682,,-1.11258,-11.9846,12.0362,,0.205453,-0.152933,0.159731,-9.96293,fluid
1555,19.8235,16.9977,,1000,-52.111,64.2524,,-1.05094,-11.9503,11.9964,,0.232719,-0.152026,0.23596,-9.96203,fluid
1556,20.2342,16.5265,,1000.01,-47.5368,264.284,,-1.02423,-12.1494,12.1925,,0.159299,-0.111323,0.17236,-9.92132,fluid
1557,20.7027,15.6528,,1000,-50.5589,-4.34228,,-1.11936,-12.4196,12.47,,0.127397,-0.0399965,0.127187,-9.85,fluid
1558,21.2023,15.1624,,999.963,-43.9171,-869.786,,-0.919874,-12.3778,12.412,,-0.10856,0.0174863,-0.149584,-9.79251,fluid
1559,21.0419,13.8618,,1000,-29.2513,108.306,,-0.654167,-12.213,12.2305,,-0.14615,0.131406,-0.141003,-9.67859,fluid
1560,21.2657,12.7338,,999.991,-27.36,-221.07,,-0.578093,-12.4661,12.4795,,-0.340844,0.552211,-0.35124,-9.25779,fluid
1561,21.3125,12.594,,999.991,-27.7692,-222.512,,-0.583078,-12.4371,12.4508,,-0.382259,0.502227,-0.3927,-9.30777,fluid
1562,21.3315,12.5069,,999.985,-30.9024,-360.473,,-0.63797,-12.271,12.2876,,-0.332088,0.259709,-0.348987,-9.55029,fluid
1563,21.9241,10.358,,999.95,-39.2728,-1180.9,,-0.655235,-12.4001,12.4174,,-1.74343,0.778155,-1.79729,-9.03185,fluid
1564,22.0584,10.0157,,999.904,-41.896,-2249.46,,-0.628013,-12.4022,12.4181,,-1.92518,1.02438,-2.02717,-8.78562,fluid
1565,22.1509,9.61533,,999.791,-47.8847,-4913.65,,-0.505808,-12.3097,12.3201,,-1.1594,1.15503,-1.38127,-8.65497,fluid
1566,22.3933,8.65943,,999.723,-74.3968,-6515.19,,-0.693224,-12.0854,12.1052,,-4.79629,1.71799,-5.08732,-8.09201,fluid
1567,22.4097,8.44956,,999.683,-87.258,-7449.32,,-0.830288,-12.1596,12.1879,,-5.84697,-0.142989,-6.17949,-9.95299,fluid
1568,22.184,6.69687,,999.712,-174.459,-6769.43,,-2.48763,-10.422,10.7147,,-15.7628,19.5246,-16.0681,9.71465,fluid
1569,22.0326,6.0881,,1001.47,-112.482,34665.2,,-3.69796,-9.5208,10.2137,,-22.9646,35.8813,-21.3935,26.0713,fluid
1570,21.7685,5.84232,,1002.39,-141.244,56560.6,,-5.09619,-6.74149,8.45097,,-19.2003,51.0921,-16.6082,41.2821,fluid
1571,21.2909,5.7422,,999.931,-339.736,-1621.43,,-5.85533,-3.84523,7.00505,,-12.3157,21.3327,-12.3919,11.5227,fluid
1572,20.5931,5.77923,,1000.54,-235.001,12734.2,,-4.52758,-1.76826,4.86063,,-0.640981,27.3897,-0.0229444,17.5797,fluid
1573,19.928,5.90937,,1000.27,-251.383,6294.41,,-4.36607,-1.03473,4.48701,,-2.63508,19.9779,-2.31931,10.1679,fluid
1574,19.0405,5.9793,,1000.31,-262.031,7365.36,,-4.64838,-0.803152,4.71725,,-1.58101,17.3995,-1.19431,7.58951,fluid
1575,17.2451,5.95618,,1000.25,-334.662,5798.81,,-6.01245,-0.360728,6.02326,,-1.03011,14.3621,-0.693929,4.55209,fluid
