h/dp :,2
L2norm Pressure,KE,dp,Nparticles
123548,2.66579e+07,0.5,1152

t,3.79
ID,r,z,,rho,drhodt,pressure,,u_r,u_z,velocity,,pairAr,pairAz,totalAr,totalAz,Type
0,0.25,-0.25,,1000.58,0,13720,,0,0,0,,0,0,54.848,-9.81,boundary
1,0.75,-0.25,,1000.6,0,14251.1,,0,0,0,,0,0,18.99,-9.81,boundary
2,1.25,-0.25,,1000.66,0,15598.4,,0,0,0,,0,0,12.4705,-9.81,boundary
3,1.75,-0.25,,1000.63,0,14754.2,,0,0,0,,0,0,8.42572,-9.81,boundary
4,2.25,-0.25,,1000.66,0,15553.4,,0,0,0,,0,0,6.90805,-9.81,boundary
5,2.75,-0.25,,1000.71,0,16723.5,,0,0,0,,0,0,6.07696,-9.81,boundary
6,3.25,-0.25,,1000.74,0,17408.7,,0,0,0,,0,0,5.35258,-9.81,boundary
7,3.75,-0.25,,1000.69,0,16241.1,,0,0,0,,0,0,4.32797,-9.81,boundary
8,4.25,-0.25,,1000.67,0,15804.1,,0,0,0,,0,0,3.71613,-9.81,boundary
9,4.75,-0.25,,1000.69,0,16301.6,,0,0,0,,0,0,3.42954,-9.81,boundary
10,5.25,-0.25,,1000.64,0,15065.7,,0,0,0,,0,0,2.86782,-9.81,boundary
11,5.75,-0.25,,1000.65,0,15281.5,,0,0,0,,0,0,2.65593,-9.81,boundary
12,6.25,-0.25,,1000.78,0,18455.7,,0,0,0,,0,0,2.9506,-9.81,boundary
13,6.75,-0.25,,1000.86,0,20282.4,,0,0,0,,0,0,3.00223,-9.81,boundary
14,7.25,-0.25,,1000.8,0,18941.2,,0,0,0,,0,0,2.61048,-9.81,boundary
15,7.75,-0.25,,1000.87,0,20566.7,,0,0,0,,0,0,2.65146,-9.81,boundary
16,8.25,-0.25,,1000.94,0,22132,,0,0,0,,0,0,2.68015,-9.81,boundary
17,8.75,-0.25,,1000.8,0,18786.7,,0,0,0,,0,0,2.14534,-9.81,boundary
18,9.25,-0.25,,1000.55,0,13075.4,,0,0,0,,0,0,1.41277,-9.81,boundary
19,9.75,-0.25,,1000.69,0,16260.8,,0,0,0,,0,0,1.66663,-9.81,boundary
20,10.25,-0.25,,1000.99,0,23490.6,,0,0,0,,0,0,2.28949,-9.81,boundary
21,10.75,-0.25,,1001.12,0,26397,,0,0,0,,0,0,2.45279,-9.81,boundary
22,11.25,-0.25,,1000.96,0,22648.2,,0,0,0,,0,0,2.01124,-9.81,boundary
23,11.75,-0.25,,1000.86,0,20214.1,,0,0,0,,0,0,1.71887,-9.81,boundary
24,12.25,-0.25,,1001.03,0,24388.2,,0,0,0,,0,0,1.98882,-9.81,boundary
25,12.75,-0.25,,1001.19,0,28012.5,,0,0,0,,0,0,2.19446,-9.81,boundary
26,13.25,-0.25,,1001.09,0,25845.3,,0,0,0,,0,0,1.94846,-9.81,boundary
27,13.75,-0.25,,1001.2,0,28249.7,,0,0,0,,0,0,2.05207,-9.81,boundary
28,14.25,-0.25,,1001.48,0,35053.6,,0,0,0,,0,0,2.45626,-9.81,boundary
29,14.75,-0.25,,1001.63,0,38516.2,,0,0,0,,0,0,2.60703,-9.81,boundary
30,15.25,-0.25,,1001.65,0,38984.3,,0,0,0,,0,0,2.55214,-9.81,boundary
31,15.75,-0.25,,1001.83,0,43247,,0,0,0,,0,0,2.74084,-9.81,boundary
32,16.25,-0.25,,1001.87,0,44322.5,,0,0,0,,0,0,2.72244,-9.81,boundary
33,16.75,-0.25,,1001.85,0,43877.5,,0,0,0,,0,0,2.6147,-9.81,boundary
34,17.25,-0.25,,1001.94,0,45935.8,,0,0,0,,0,0,2.65779,-9.81,boundary
35,17.75,-0.25,,1002.2,0,52020.9,,0,0,0,,0,0,2.92433,-9.81,boundary
36,18.25,-0.25,,1002.3,0,54582.1,,0,0,0,,0,0,2.98393,-9.81,boundary
37,18.75,-0.25,,1002.24,0,53129,,0,0,0,,0,0,2.82721,-9.81,boundary
38,19.25,-0.25,,1002.17,0,51526.6,,0,0,0,,0,0,2.6709,-9.81,boundary
39,19.75,-0.25,,1001.97,0,46551,,0,0,0,,0,0,2.35239,-9.81,boundary
40,20.25,-0.25,,1001.66,0,39249.8,,0,0,0,,0,0,1.93505,-9.81,boundary
41,20.75,-0.25,,1001.44,0,33956.6,,0,0,0,,0,0,1.63412,-9.81,boundary
42,21.25,-0.25,,1001.35,0,32016,,0,0,0,,0,0,1.5046,-9.81,boundary
43,21.75,-0.25,,1001.27,0,29925.8,,0,0,0,,0,0,1.37416,-9.81,boundary
44,22.25,-0.25,,1001.19,0,28108.9,,0,0,0,,0,0,1.26182,-9.81,boundary
45,22.75,-0.25,,1001.16,0,27474.3,,0,0,0,,0,0,1.20626,-9.81,boundary
46,23.25,-0.25,,1001.15,0,27250.6,,0,0,0,,0,0,1.17072,-9.81,boundary
47,23.75,-0.25,,1001.11,0,26190.2,,0,0,0,,0,0,1.10152,-9.81,boundary
48,24.25,-0.25,,1001.16,0,27314,,0,0,0,,0,0,1.12505,-9.81,boundary
49,24.75,-0.25,,1001.17,0,27604.5,,0,0,0,,0,0,1.11403,-9.81,boundary
50,25.25,-0.25,,1001.05,0,24886.3,,0,0,0,,0,0,0.984558,-9.81,boundary
51,25.75,-0.25,,1001.06,0,25139.2,,0,0,0,,0,0,0.975242,-9.81,boundary
52,0.25,-0.75,,1000.68,0,16013.8,,0,0,0,,0,0,64.0116,-9.81,boundary
53,0.75,-0.75,,1000.65,0,15404.1,,0,0,0,,0,0,20.5253,-9.81,boundary
54,1.25,-0.75,,1000.66,0,15647.6,,0,0,0,,0,0,12.5098,-9.81,boundary
55,1.75,-0.75,,1000.64,0,14981.9,,0,0,0,,0,0,8.55564,-9.81,boundary
56,2.25,-0.75,,1000.74,0,17438.3,,0,0,0,,0,0,7.74462,-9.81,boundary
57,2.75,-0.75,,1000.86,0,20354.4,,0,0,0,,0,0,7.39522,-9.81,boundary
58,3.25,-0.75,,1000.99,0,23293.5,,0,0,0,,0,0,7.16017,-9.81,boundary
59,3.75,-0.75,,1000.96,0,22686.3,,0,0,0,,0,0,6.04388,-9.81,boundary
60,4.25,-0.75,,1001.01,0,23846.4,,0,0,0,,0,0,5.60526,-9.81,boundary
61,4.75,-0.75,,1001.15,0,27147.5,,0,0,0,,0,0,5.7087,-9.81,boundary
62,5.25,-0.75,,1001.24,0,29347.3,,0,0,0,,0,0,5.58302,-9.81,boundary
63,5.75,-0.75,,1001.21,0,28689.1,,0,0,0,,0,0,4.98336,-9.81,boundary
64,6.25,-0.75,,1001.2,0,28347.3,,0,0,0,,0,0,4.53014,-9.81,boundary
65,6.75,-0.75,,1001.23,0,28976.1,,0,0,0,,0,0,4.2875,-9.81,boundary
66,7.25,-0.75,,1001.2,0,28439.8,,0,0,0,,0,0,3.91801,-9.81,boundary
67,7.75,-0.75,,1001.26,0,29769.2,,0,0,0,,0,0,3.83635,-9.81,boundary
68,8.25,-0.75,,1001.33,0,31362.1,,0,0,0,,0,0,3.79642,-9.81,boundary
69,8.75,-0.75,,1001.34,0,31602.4,,0,0,0,,0,0,3.60688,-9.81,boundary
70,9.25,-0.75,,1001.29,0,30534.6,,0,0,0,,0,0,3.29678,-9.81,boundary
71,9.75,-0.75,,1001.4,0,33096.1,,0,0,0,,0,0,3.38972,-9.81,boundary
72,10.25,-0.75,,1001.52,0,35918.7,,0,0,0,,0,0,3.49895,-9.81,boundary
73,10.75,-0.75,,1001.62,0,38410.5,,0,0,0,,0,0,3.56728,-9.81,boundary
74,11.25,-0.75,,1001.64,0,38802.7,,0,0,0,,0,0,3.44348,-9.81,boundary
75,11.75,-0.75,,1001.68,0,39865,,0,0,0,,0,0,3.38706,-9.81,boundary
76,12.25,-0.75,,1001.76,0,41667.3,,0,0,0,,0,0,3.39543,-9.81,boundary
77,12.75,-0.75,,1001.88,0,44497.1,,0,0,0,,0,0,3.48342,-9.81,boundary
78,13.25,-0.75,,1001.88,0,44529.9,,0,0,0,,0,0,3.35444,-9.81,boundary
79,13.75,-0.75,,1001.94,0,45886.8,,0,0,0,,0,0,3.33077,-9.81,boundary
80,14.25,-0.75,,1001.96,0,46457.5,,0,0,0,,0,0,3.2538,-9.81,boundary
81,14.75,-0.75,,1001.96,0,46456.3,,0,0,0,,0,0,3.14341,-9.81,boundary
82,15.25,-0.75,,1002.02,0,47803.8,,0,0,0,,0,0,3.12836,-9.81,boundary
83,15.75,-0.75,,1002.19,0,51920.9,,0,0,0,,0,0,3.28936,-9.81,boundary
84,16.25,-0.75,,1002.17,0,51386.2,,0,0,0,,0,0,3.15539,-9.81,boundary
85,16.75,-0.75,,1001.97,0,46703.6,,0,0,0,,0,0,2.78279,-9.81,boundary
86,17.25,-0.75,,1002.03,0,48012.5,,0,0,0,,0,0,2.77771,-9.81,boundary
87,17.75,-0.75,,1002.34,0,55390.3,,0,0,0,,0,0,3.11331,-9.81,boundary
88,18.25,-0.75,,1002.47,0,58472.5,,0,0,0,,0,0,3.19609,-9.81,boundary
89,18.75,-0.75,,1002.45,0,58074.6,,0,0,0,,0,0,3.08975,-9.81,boundary
90,19.25,-0.75,,1002.39,0,56783.9,,0,0,0,,0,0,2.94276,-9.81,boundary
91,19.75,-0.75,,1002.17,0,51353,,0,0,0,,0,0,2.59453,-9.81,boundary
92,20.25,-0.75,,1001.81,0,42880.8,,0,0,0,,0,0,2.11374,-9.81,boundary
93,20.75,-0.75,,1001.53,0,36230.8,,0,0,0,,0,0,1.74339,-9.81,boundary
94,21.25,-0.75,,1001.44,0,34129.1,,0,0,0,,0,0,1.60376,-9.81,boundary
95,21.75,-0.75,,1001.33,0,31467.2,,0,0,0,,0,0,1.44484,-9.81,boundary
96,22.25,-0.75,,1001.21,0,28481.3,,0,0,0,,0,0,1.27852,-9.81,boundary
97,22.75,-0.75,,1001.16,0,27451.5,,0,0,0,,0,0,1.20526,-9.81,boundary
98,23.25,-0.75,,1001.13,0,26648.2,,0,0,0,,0,0,1.14487,-9.81,boundary
99,23.75,-0.75,,1001.06,0,24976.6,,0,0,0,,0,0,1.05054,-9.81,boundary
100,24.25,-0.75,,1001.16,0,27479.1,,0,0,0,,0,0,1.13184,-9.81,boundary
101,24.75,-0.75,,1001.2,0,28383.4,,0,0,0,,0,0,1.14543,-9.81,boundary
102,25.25,-0.75,,1001.04,0,24645.2,,0,0,0,,0,0,0.97503,-9.81,boundary
103,25.75,-0.75,,1001.16,0,27376.9,,0,0,0,,0,0,1.06195,-9.81,boundary
104,0.25,-1.25,,1000.92,0,21685,,0,0,0,,0,0,86.6603,-9.81,boundary
105,0.75,-1.25,,1000.82,0,19454.4,,0,0,0,,0,0,25.9178,-9.81,boundary
106,1.25,-1.25,,1000.54,0,12723.2,,0,0,0,,0,0,10.1731,-9.81,boundary
107,1.75,-1.25,,1000.56,0,13315,,0,0,0,,0,0,7.60427,-9.81,boundary
108,2.25,-1.25,,1000.88,0,20711.7,,0,0,0,,0,0,9.19714,-9.81,boundary
109,2.75,-1.25,,1001.2,0,28449.1,,0,0,0,,0,0,10.3327,-9.81,boundary
110,3.25,-1.25,,1001.22,0,28882.1,,0,0,0,,0,0,8.87597,-9.81,boundary
111,3.75,-1.25,,1001.19,0,28040.9,,0,0,0,,0,0,7.46872,-9.81,boundary
112,4.25,-1.25,,1001.32,0,31108.1,,0,0,0,,0,0,7.30992,-9.81,boundary
113,4.75,-1.25,,1001.65,0,39132.3,,0,0,0,,0,0,8.22477,-9.81,boundary
114,5.25,-1.25,,1001.77,0,41965.4,,0,0,0,,0,0,7.97927,-9.81,boundary
115,5.75,-1.25,,1001.52,0,35906.6,,0,0,0,,0,0,6.23515,-9.81,boundary
116,6.25,-1.25,,1001.44,0,33977,,0,0,0,,0,0,5.42852,-9.81,boundary
117,6.75,-1.25,,1001.62,0,38220.1,,0,0,0,,0,0,5.6531,-9.81,boundary
118,7.25,-1.25,,1001.54,0,36451.9,,0,0,0,,0,0,5.02011,-9.81,boundary
119,7.75,-1.25,,1001.47,0,34756.1,,0,0,0,,0,0,4.47807,-9.81,boundary
120,8.25,-1.25,,1001.61,0,38136.3,,0,0,0,,0,0,4.61514,-9.81,boundary
121,8.75,-1.25,,1001.86,0,44136,,0,0,0,,0,0,5.03473,-9.81,boundary
122,9.25,-1.25,,1002.14,0,50714.9,,0,0,0,,0,0,5.47099,-9.81,boundary
123,9.75,-1.25,,1002.11,0,49876.2,,0,0,0,,0,0,5.10476,-9.81,boundary
124,10.25,-1.25,,1002,0,47425.3,,0,0,0,,0,0,4.61762,-9.81,boundary
125,10.75,-1.25,,1002.26,0,53594,,0,0,0,,0,0,4.97424,-9.81,boundary
126,11.25,-1.25,,1002.71,0,64207.6,,0,0,0,,0,0,5.69195,-9.81,boundary
127,11.75,-1.25,,1002.59,0,61345.9,,0,0,0,,0,0,5.20747,-9.81,boundary
128,12.25,-1.25,,1002.49,0,59038.4,,0,0,0,,0,0,4.80749,-9.81,boundary
129,12.75,-1.25,,1002.9,0,68925.2,,0,0,0,,0,0,5.39026,-9.81,boundary
130,13.25,-1.25,,1003.22,0,76621,,0,0,0,,0,0,5.76414,-9.81,boundary
131,13.75,-1.25,,1002.74,0,64995.9,,0,0,0,,0,0,4.71407,-9.81,boundary
132,14.25,-1.25,,1002.31,0,54735.1,,0,0,0,,0,0,3.83222,-9.81,boundary
133,14.75,-1.25,,1002.36,0,55867.8,,0,0,0,,0,0,3.77874,-9.81,boundary
134,15.25,-1.25,,1002.53,0,59970,,0,0,0,,0,0,3.92254,-9.81,boundary
135,15.75,-1.25,,1002.59,0,61488.3,,0,0,0,,0,0,3.89393,-9.81,boundary
136,16.25,-1.25,,1002.49,0,59132.7,,0,0,0,,0,0,3.62989,-9.81,boundary
137,16.75,-1.25,,1002.2,0,52021.2,,0,0,0,,0,0,3.09894,-9.81,boundary
138,17.25,-1.25,,1002.12,0,50301.1,,0,0,0,,0,0,2.90983,-9.81,boundary
139,17.75,-1.25,,1002.26,0,53484.2,,0,0,0,,0,0,3.00641,-9.81,boundary
140,18.25,-1.25,,1002.53,0,60077.1,,0,0,0,,0,0,3.28358,-9.81,boundary
141,18.75,-1.25,,1002.71,0,64365.6,,0,0,0,,0,0,3.42355,-9.81,boundary
142,19.25,-1.25,,1002.58,0,61288,,0,0,0,,0,0,3.17559,-9.81,boundary
143,19.75,-1.25,,1002.42,0,57379.8,,0,0,0,,0,0,2.89829,-9.81,boundary
144,20.25,-1.25,,1002.16,0,51268.9,,0,0,0,,0,0,2.52633,-9.81,boundary
145,20.75,-1.25,,1001.92,0,45496.2,,0,0,0,,0,0,2.18838,-9.81,boundary
146,21.25,-1.25,,1001.78,0,42235.7,,0,0,0,,0,0,1.98402,-9.81,boundary
147,21.75,-1.25,,1001.71,0,40526.7,,0,0,0,,0,0,1.86011,-9.81,boundary
148,22.25,-1.25,,1001.62,0,38367.4,,0,0,0,,0,0,1.72159,-9.81,boundary
149,22.75,-1.25,,1001.53,0,36093.7,,0,0,0,,0,0,1.58412,-9.81,boundary
150,23.25,-1.25,,1001.48,0,35053.1,,0,0,0,,0,0,1.50543,-9.81,boundary
151,23.75,-1.25,,1001.53,0,36154.7,,0,0,0,,0,0,1.51998,-9.81,boundary
152,24.25,-1.25,,1001.68,0,39809.8,,0,0,0,,0,0,1.63889,-9.81,boundary
153,24.75,-1.25,,1001.64,0,38823.8,,0,0,0,,0,0,1.56607,-9.81,boundary
154,25.25,-1.25,,1001.43,0,33868.4,,0,0,0,,0,0,1.33941,-9.81,boundary
155,25.75,-1.25,,1001.71,0,40482.2,,0,0,0,,0,0,1.56944,-9.81,boundary
156,0.25,-1.75,,1001.47,0,34780.4,,0,0,0,,0,0,138.917,-9.81,boundary
157,0.75,-1.75,,1001.33,0,31461.7,,0,0,0,,0,0,41.8932,-9.81,boundary
158,1.25,-1.75,,1000.74,0,17501.9,,0,0,0,,0,0,13.9912,-9.81,boundary
159,1.75,-1.75,,1000.63,0,14869.4,,0,0,0,,0,0,8.49146,-9.81,boundary
160,2.25,-1.75,,1001.09,0,25636.8,,0,0,0,,0,0,11.3818,-9.81,boundary
161,2.75,-1.75,,1001.54,0,36330.8,,0,0,0,,0,0,13.1909,-9.81,boundary
162,3.25,-1.75,,1001.45,0,34354.8,,0,0,0,,0,0,10.5554,-9.81,boundary
163,3.75,-1.75,,1001.31,0,31081.2,,0,0,0,,0,0,8.27743,-9.81,boundary
164,4.25,-1.75,,1001.43,0,33878.1,,0,0,0,,0,0,7.9599,-9.81,boundary
165,4.75,-1.75,,1001.84,0,43615.5,,0,0,0,,0,0,9.16532,-9.81,boundary
166,5.25,-1.75,,1001.74,0,41192.4,,0,0,0,,0,0,7.83255,-9.81,boundary
167,5.75,-1.75,,1001.27,0,30111.1,,0,0,0,,0,0,5.23005,-9.81,boundary
168,6.25,-1.75,,1001.29,0,30501.3,,0,0,0,,0,0,4.87391,-9.81,boundary
169,6.75,-1.75,,1001.57,0,37033.7,,0,0,0,,0,0,5.4779,-9.81,boundary
170,7.25,-1.75,,1001.57,0,37195.5,,0,0,0,,0,0,5.12236,-9.81,boundary
171,7.75,-1.75,,1001.48,0,34921.6,,0,0,0,,0,0,4.49937,-9.81,boundary
172,8.25,-1.75,,1001.62,0,38377.5,,0,0,0,,0,0,4.64429,-9.81,boundary
173,8.75,-1.75,,1002.1,0,49646.1,,0,0,0,,0,0,5.66197,-9.81,boundary
174,9.25,-1.75,,1002.54,0,60255.7,,0,0,0,,0,0,6.49763,-9.81,boundary
175,9.75,-1.75,,1002.39,0,56593.2,,0,0,0,,0,0,5.79061,-9.81,boundary
176,10.25,-1.75,,1002.12,0,50313.3,,0,0,0,,0,0,4.89822,-9.81,boundary
177,10.75,-1.75,,1002.57,0,61009.9,,0,0,0,,0,0,5.66079,-9.81,boundary
178,11.25,-1.75,,1003.19,0,75769.7,,0,0,0,,0,0,6.71369,-9.81,boundary
179,11.75,-1.75,,1002.89,0,68535.5,,0,0,0,,0,0,5.81603,-9.81,boundary
180,12.25,-1.75,,1002.8,0,66542.2,,0,0,0,,0,0,5.41683,-9.81,boundary
181,12.75,-1.75,,1003.54,0,84271.2,,0,0,0,,0,0,6.58618,-9.81,boundary
182,13.25,-1.75,,1003.76,0,89595.1,,0,0,0,,0,0,6.73655,-9.81,boundary
183,13.75,-1.75,,1002.85,0,67666.7,,0,0,0,,0,0,4.90723,-9.81,boundary
184,14.25,-1.75,,1002.4,0,56999.6,,0,0,0,,0,0,3.99038,-9.81,boundary
185,14.75,-1.75,,1002.62,0,62235.8,,0,0,0,,0,0,4.20834,-9.81,boundary
186,15.25,-1.75,,1002.78,0,65928.8,,0,0,0,,0,0,4.31123,-9.81,boundary
187,15.75,-1.75,,1002.55,0,60606.9,,0,0,0,,0,0,3.83825,-9.81,boundary
188,16.25,-1.75,,1002.31,0,54872.5,,0,0,0,,0,0,3.36897,-9.81,boundary
189,16.75,-1.75,,1002.16,0,51161.9,,0,0,0,,0,0,3.04786,-9.81,boundary
190,17.25,-1.75,,1002.32,0,55091.9,,0,0,0,,0,0,3.18633,-9.81,boundary
191,17.75,-1.75,,1002.61,0,62043.6,,0,0,0,,0,0,3.4863,-9.81,boundary
192,18.25,-1.75,,1002.99,0,71066.8,,0,0,0,,0,0,3.88246,-9.81,boundary
193,18.75,-1.75,,1003.16,0,75062.6,,0,0,0,,0,0,3.99074,-9.81,boundary
194,19.25,-1.75,,1002.94,0,69766.4,,0,0,0,,0,0,3.61362,-9.81,boundary
195,19.75,-1.75,,1002.76,0,65551.9,,0,0,0,,0,0,3.30995,-9.81,boundary
196,20.25,-1.75,,1002.82,0,66896.9,,0,0,0,,0,0,3.29427,-9.81,boundary
197,20.75,-1.75,,1002.7,0,64084.6,,0,0,0,,0,0,3.0801,-9.81,boundary
198,21.25,-1.75,,1002.49,0,59137,,0,0,0,,0,0,2.776,-9.81,boundary
199,21.75,-1.75,,1002.49,0,59044.2,,0,0,0,,0,0,2.70794,-9.81,boundary
200,22.25,-1.75,,1002.48,0,58751.4,,0,0,0,,0,0,2.63399,-9.81,boundary
201,22.75,-1.75,,1002.4,0,56914.8,,0,0,0,,0,0,2.49576,-9.81,boundary
202,23.25,-1.75,,1002.39,0,56781,,0,0,0,,0,0,2.43636,-9.81,boundary
203,23.75,-1.75,,1002.55,0,60595.5,,0,0,0,,0,0,2.54489,-9.81,boundary
204,24.25,-1.75,,1002.71,0,64351.3,,0,0,0,,0,0,2.64649,-9.81,boundary
205,24.75,-1.75,,1002.56,0,60619,,0,0,0,,0,0,2.44301,-9.81,boundary
206,25.25,-1.75,,1002.36,0,56056.9,,0,0,0,,0,0,2.21484,-9.81,boundary
207,25.75,-1.75,,1002.71,0,64276.2,,0,0,0,,0,0,2.48942,-9.81,boundary
208,24.25,0.25,,1001.31,0,30892.1,,0,0,0,,0,0,1.27224,-9.81,boundary
209,24.25,0.75,,1001.55,0,36695.4,,0,0,0,,0,0,1.51087,-9.81,boundary
210,24.25,1.25,,1001.71,0,40549.2,,0,0,0,,0,0,1.66927,-9.81,boundary
211,24.25,1.75,,1001.63,0,38570.3,,0,0,0,,0,0,1.58794,-9.81,boundary
212,24.25,2.25,,1001.47,0,34740.5,,0,0,0,,0,0,1.4305,-9.81,boundary
213,24.25,2.75,,1001.34,0,31679.4,,0,0,0,,0,0,1.30462,-9.81,boundary
214,24.25,3.25,,1001.16,0,27421.2,,0,0,0,,0,0,1.12946,-9.81,boundary
215,24.25,3.75,,1000.91,0,21385.4,,0,0,0,,0,0,0.881072,-9.81,boundary
216,24.25,4.25,,1000.71,0,16867.3,,0,0,0,,0,0,0.695062,-9.81,boundary
217,24.25,4.75,,1000.62,0,14700.2,,0,0,0,,0,0,0.605818,-9.81,boundary
218,24.25,5.25,,1000.58,0,13626.4,,0,0,0,,0,0,0.561591,-9.81,boundary
219,24.25,5.75,,1000.52,0,12276.6,,0,0,0,,0,0,0.505987,-9.81,boundary
220,24.25,6.25,,1000.51,0,11997.9,,0,0,0,,0,0,0.494508,-9.81,boundary
221,24.25,6.75,,1000.53,0,12437,,0,0,0,,0,0,0.512594,-9.81,boundary
222,24.25,7.25,,1000.49,0,11502.5,,0,0,0,,0,0,0.4741,-9.81,boundary
223,24.25,7.75,,1000.38,0,9044.92,,0,0,0,,0,0,0.372843,-9.81,boundary
224,24.25,8.25,,1000.32,0,7454.64,,0,0,0,,0,0,0.307311,-9.81,boundary
225,24.25,8.75,,1000.12,0,2908.67,,0,0,0,,0,0,0.11993,-9.81,boundary
226,24.25,9.25,,1000,0,0,,0,0,0,,0,0,0,-9.81,boundary
227,24.25,9.75,,1000,0,0,,0,0,0,,0,0,0,-9.81,boundary
228,24.25,10.25,,1000,0,0,,0,0,0,,0,0,0,-9.81,boundary
229,24.25,10.75,,1000,0,0,,0,0,0,,0,0,0,-9.81,boundary
230,24.25,11.25,,1000,0,0,,0,0,0,,0,0,0,-9.81,boundary
231,24.25,11.75,,1000,0,0,,0,0,0,,0,0,0,-9.81,boundary
232,24.25,12.25,,1000,0,0,,0,0,0,,0,0,0,-9.81,boundary
233,24.25,12.75,,1000,0,0,,0,0,0,,0,0,0,-9.81,boundary
234,24.25,13.25,,1000,0,0,,0,0,0,,0,0,0,-9.81,boundary
235,24.25,13.75,,1000,0,0,,0,0,0,,0,0,0,-9.81,boundary
236,24.25,14.25,,1000,0,0,,0,0,0,,0,0,0,-9.81,boundary
237,24.25,14.75,,1000,0,0,,0,0,0,,0,0,0,-9.81,boundary
238,24.25,15.25,,1000,0,0,,0,0,0,,0,0,0,-9.81,boundary
239,24.25,15.75,,1000,0,0,,0,0,0,,0,0,0,-9.81,boundary
240,24.25,16.25,,1000,0,0,,0,0,0,,0,0,0,-9.81,boundary
241,24.25,16.75,,1000,0,0,,0,0,0,,0,0,0,-9.81,boundary
242,24.25,17.25,,1000,0,0,,0,0,0,,0,0,0,-9.81,boundary
243,24.25,17.75,,1000,0,0,,0,0,0,,0,0,0,-9.81,boundary
244,24.25,18.25,,1000,0,0,,0,0,0,,0,0,0,-9.81,boundary
245,24.25,18.75,,1000,0,0,,0,0,0,,0,0,0,-9.81,boundary
246,24.25,19.25,,1000,0,0,,0,0,0,,0,0,0,-9.81,boundary
247,24.25,19.75,,1000,0,0,,0,0,0,,0,0,0,-9.81,boundary
248,24.25,20.25,,1000,0,0,,0,0,0,,0,0,0,-9.81,boundary
249,24.25,20.75,,1000,0,0,,0,0,0,,0,0,0,-9.81,boundary
250,24.25,21.25,,1000,0,0,,0,0,0,,0,0,0,-9.81,boundary
251,24.25,21.75,,1000,0,0,,0,0,0,,0,0,0,-9.81,boundary
252,24.25,22.25,,1000,0,0,,0,0,0,,0,0,0,-9.81,boundary
253,24.25,22.75,,1000,0,0,,0,0,0,,0,0,0,-9.81,boundary
254,24.25,23.25,,1000,0,0,,0,0,0,,0,0,0,-9.81,boundary
255,24.25,23.75,,1000,0,0,,0,0,0,,0,0,0,-9.81,boundary
256,24.25,24.25,,1000,0,0,,0,0,0,,0,0,0,-9.81,boundary
257,24.25,24.75,,1000,0,0,,0,0,0,,0,0,0,-9.81,boundary
258,24.25,25.25,,1000.02,0,569.07,,0,0,0,,0,0,0.0234662,-9.81,boundary
259,24.25,25.75,,1000,0,0,,0,0,0,,0,0,0,-9.81,boundary
260,24.25,26.25,,1000,0,0,,0,0,0,,0,0,0,-9.81,boundary
261,24.25,26.75,,1000,0,0,,0,0,0,,0,0,0,-9.81,boundary
262,24.75,0.25,,1001.27,0,30033.5,,0,0,0,,0,0,1.21193,-9.81,boundary
263,24.75,0.75,,1001.44,0,33950.6,,0,0,0,,0,0,1.36977,-9.81,boundary
264,24.75,1.25,,1001.57,0,37177.3,,0,0,0,,0,0,1.49976,-9.81,boundary
265,24.75,1.75,,1001.49,0,35150,,0,0,0,,0,0,1.41809,-9.81,boundary
266,24.75,2.25,,1001.32,0,31245.6,,0,0,0,,0,0,1.26078,-9.81,boundary
267,24.75,2.75,,1001.25,0,29528.7,,0,0,0,,0,0,1.19159,-9.81,boundary
268,24.75,3.25,,1001.14,0,27033.8,,0,0,0,,0,0,1.09103,-9.81,boundary
269,24.75,3.75,,1000.96,0,22587.4,,0,0,0,,0,0,0.91175,-9.81,boundary
270,24.75,4.25,,1000.85,0,20037.1,,0,0,0,,0,0,0.808894,-9.81,boundary
271,24.75,4.75,,1000.79,0,18615.4,,0,0,0,,0,0,0.751543,-9.81,boundary
272,24.75,5.25,,1000.74,0,17488.1,,0,0,0,,0,0,0.706065,-9.81,boundary
273,24.75,5.75,,1000.68,0,15976.7,,0,0,0,,0,0,0.645086,-9.81,boundary
274,24.75,6.25,,1000.61,0,14315.1,,0,0,0,,0,0,0.578035,-9.81,boundary
275,24.75,6.75,,1000.57,0,13392.8,,0,0,0,,0,0,0.540815,-9.81,boundary
276,24.75,7.25,,1000.57,0,13470.4,,0,0,0,,0,0,0.543946,-9.81,boundary
277,24.75,7.75,,1000.57,0,13523.1,,0,0,0,,0,0,0.546075,-9.81,boundary
278,24.75,8.25,,1000.52,0,12366.1,,0,0,0,,0,0,0.499379,-9.81,boundary
279,24.75,8.75,,1000.26,0,6144.08,,0,0,0,,0,0,0.248181,-9.81,boundary
280,24.75,9.25,,1000,0,0,,0,0,0,,0,0,0,-9.81,boundary
281,24.75,9.75,,1000,0,0,,0,0,0,,0,0,0,-9.81,boundary
282,24.75,10.25,,1000,0,0,,0,0,0,,0,0,0,-9.81,boundary
283,24.75,10.75,,1000,0,0,,0,0,0,,0,0,0,-9.81,boundary
284,24.75,11.25,,1000,0,0,,0,0,0,,0,0,0,-9.81,boundary
285,24.75,11.75,,1000,0,0,,0,0,0,,0,0,0,-9.81,boundary
286,24.75,12.25,,1000,0,0,,0,0,0,,0,0,0,-9.81,boundary
287,24.75,12.75,,1000,0,0,,0,0,0,,0,0,0,-9.81,boundary
288,24.75,13.25,,1000,0,0,,0,0,0,,0,0,0,-9.81,boundary
289,24.75,13.75,,1000,0,0,,0,0,0,,0,0,0,-9.81,boundary
290,24.75,14.25,,1000,0,0,,0,0,0,,0,0,0,-9.81,boundary
291,24.75,14.75,,1000,0,0,,0,0,0,,0,0,0,-9.81,boundary
292,24.75,15.25,,1000,0,0,,0,0,0,,0,0,0,-9.81,boundary
293,24.75,15.75,,1000,0,0,,0,0,0,,0,0,0,-9.81,boundary
294,24.75,16.25,,1000,0,0,,0,0,0,,0,0,0,-9.81,boundary
295,24.75,16.75,,1000,0,0,,0,0,0,,0,0,0,-9.81,boundary
296,24.75,17.25,,1000,0,0,,0,0,0,,0,0,0,-9.81,boundary
297,24.75,17.75,,1000,0,0,,0,0,0,,0,0,0,-9.81,boundary
298,24.75,18.25,,1000,0,0,,0,0,0,,0,0,0,-9.81,boundary
299,24.75,18.75,,1000,0,0,,0,0,0,,0,0,0,-9.81,boundary
300,24.75,19.25,,1000,0,0,,0,0,0,,0,0,0,-9.81,boundary
301,24.75,19.75,,1000,0,0,,0,0,0,,0,0,0,-9.81,boundary
302,24.75,20.25,,1000,0,0,,0,0,0,,0,0,0,-9.81,boundary
303,24.75,20.75,,1000,0,0,,0,0,0,,0,0,0,-9.81,boundary
304,24.75,21.25,,1000,0,0,,0,0,0,,0,0,0,-9.81,boundary
305,24.75,21.75,,1000,0,0,,0,0,0,,0,0,0,-9.81,boundary
306,24.75,22.25,,1000,0,0,,0,0,0,,0,0,0,-9.81,boundary
307,24.75,22.75,,1000,0,0,,0,0,0,,0,0,0,-9.81,boundary
308,24.75,23.25,,1000,0,0,,0,0,0,,0,0,0,-9.81,boundary
309,24.75,23.75,,1000,0,0,,0,0,0,,0,0,0,-9.81,boundary
310,24.75,24.25,,1000,0,0,,0,0,0,,0,0,0,-9.81,boundary
311,24.75,24.75,,1000,0,0,,0,0,0,,0,0,0,-9.81,boundary
312,24.75,25.25,,1000,0,60.1751,,0,0,0,,0,0,0.00243131,-9.81,boundary
313,24.75,25.75,,1000.03,0,647.532,,0,0,0,,0,0,0.0261622,-9.81,boundary
314,24.75,26.25,,1000,0,0,,0,0,0,,0,0,0,-9.81,boundary
315,24.75,26.75,,1000,0,0,,0,0,0,,0,0,0,-9.81,boundary
316,25.25,0.25,,1001.16,0,27293.8,,0,0,0,,0,0,1.0797,-9.81,boundary
317,25.25,0.75,,1001.25,0,29482.3,,0,0,0,,0,0,1.16616,-9.81,boundary
318,25.25,1.25,,1001.31,0,30873.2,,0,0,0,,0,0,1.2211,-9.81,boundary
319,25.25,1.75,,1001.27,0,30011.3,,0,0,0,,0,0,1.18706,-9.81,boundary
320,25.25,2.25,,1001.14,0,27038,,0,0,0,,0,0,1.06959,-9.81,boundary
321,25.25,2.75,,1001.09,0,25769.3,,0,0,0,,0,0,1.01945,-9.81,boundary
322,25.25,3.25,,1001.08,0,25444.1,,0,0,0,,0,0,1.0066,-9.81,boundary
323,25.25,3.75,,1001.01,0,23950.2,,0,0,0,,0,0,0.947561,-9.81,boundary
324,25.25,4.25,,1000.88,0,20743.9,,0,0,0,,0,0,0.820821,-9.81,boundary
325,25.25,4.75,,1000.71,0,16646.3,,0,0,0,,0,0,0.658795,-9.81,boundary
326,25.25,5.25,,1000.57,0,13384.8,,0,0,0,,0,0,0.52979,-9.81,boundary
327,25.25,5.75,,1000.36,0,8514.78,,0,0,0,,0,0,0.337097,-9.81,boundary
328,25.25,6.25,,1000.29,0,6905.6,,0,0,0,,0,0,0.273409,-9.81,boundary
329,25.25,6.75,,1000.24,0,5766.39,,0,0,0,,0,0,0.228316,-9.81,boundary
330,25.25,7.25,,1000.15,0,3456.79,,0,0,0,,0,0,0.136883,-9.81,boundary
331,25.25,7.75,,1000.19,0,4593.61,,0,0,0,,0,0,0.18189,-9.81,boundary
332,25.25,8.25,,1000.24,0,5745.77,,0,0,0,,0,0,0.2275,-9.81,boundary
333,25.25,8.75,,1000.14,0,3381.43,,0,0,0,,0,0,0.133899,-9.81,boundary
334,25.25,9.25,,1000,0,0,,0,0,0,,0,0,0,-9.81,boundary
335,25.25,9.75,,1000,0,0,,0,0,0,,0,0,0,-9.81,boundary
336,25.25,10.25,,1000,0,0,,0,0,0,,0,0,0,-9.81,boundary
337,25.25,10.75,,1000,0,0,,0,0,0,,0,0,0,-9.81,boundary
338,25.25,11.25,,1000,0,0,,0,0,0,,0,0,0,-9.81,boundary
339,25.25,11.75,,1000,0,0,,0,0,0,,0,0,0,-9.81,boundary
340,25.25,12.25,,1000,0,0,,0,0,0,,0,0,0,-9.81,boundary
341,25.25,12.75,,1000,0,0,,0,0,0,,0,0,0,-9.81,boundary
342,25.25,13.25,,1000,0,0,,0,0,0,,0,0,0,-9.81,boundary
343,25.25,13.75,,1000,0,0,,0,0,0,,0,0,0,-9.81,boundary
344,25.25,14.25,,1000,0,0,,0,0,0,,0,0,0,-9.81,boundary
345,25.25,14.75,,1000,0,0,,0,0,0,,0,0,0,-9.81,boundary
346,25.25,15.25,,1000,0,0,,0,0,0,,0,0,0,-9.81,boundary
347,25.25,15.75,,1000,0,0,,0,0,0,,0,0,0,-9.81,boundary
348,25.25,16.25,,1000,0,0,,0,0,0,,0,0,0,-9.81,boundary
349,25.25,16.75,,1000,0,0,,0,0,0,,0,0,0,-9.81,boundary
350,25.25,17.25,,1000,0,0,,0,0,0,,0,0,0,-9.81,boundary
351,25.25,17.75,,1000,0,0,,0,0,0,,0,0,0,-9.81,boundary
352,25.25,18.25,,1000,0,0,,0,0,0,,0,0,0,-9.81,boundary
353,25.25,18.75,,1000,0,0,,0,0,0,,0,0,0,-9.81,boundary
354,25.25,19.25,,1000,0,0,,0,0,0,,0,0,0,-9.81,boundary
355,25.25,19.75,,1000,0,0,,0,0,0,,0,0,0,-9.81,boundary
356,25.25,20.25,,1000,0,0,,0,0,0,,0,0,0,-9.81,boundary
357,25.25,20.75,,1000,0,0,,0,0,0,,0,0,0,-9.81,boundary
358,25.25,21.25,,1000,0,0,,0,0,0,,0,0,0,-9.81,boundary
359,25.25,21.75,,1000.5,0,11692.2,,0,0,0,,0,0,0.462829,-9.81,boundary
360,25.25,22.25,,1000.52,0,12162.4,,0,0,0,,0,0,0.48143,-9.81,boundary
361,25.25,22.75,,1000,0,0,,0,0,0,,0,0,0,-9.81,boundary
362,25.25,23.25,,1000,0,0,,0,0,0,,0,0,0,-9.81,boundary
363,25.25,23.75,,1000.16,0,3663.14,,0,0,0,,0,0,0.145052,-9.81,boundary
364,25.25,24.25,,1000.31,0,7368.52,,0,0,0,,0,0,0.291731,-9.81,boundary
365,25.25,24.75,,1000,0,0,,0,0,0,,0,0,0,-9.81,boundary
366,25.25,25.25,,1000,0,0,,0,0,0,,0,0,0,-9.81,boundary
367,25.25,25.75,,1000,0,0,,0,0,0,,0,0,0,-9.81,boundary
368,25.25,26.25,,1000,0,0,,0,0,0,,0,0,0,-9.81,boundary
369,25.25,26.75,,1000,0,0,,0,0,0,,0,0,0,-9.81,boundary
370,25.75,0.25,,1001.16,0,27494.6,,0,0,0,,0,0,1.06651,-9.81,boundary
371,25.75,0.75,,1001.34,0,31711.2,,0,0,0,,0,0,1.22986,-9.81,boundary
372,25.75,1.25,,1001.5,0,35414.7,,0,0,0,,0,0,1.37327,-9.81,boundary
373,25.75,1.75,,1001.53,0,36148.9,,0,0,0,,0,0,1.4017,-9.81,boundary
374,25.75,2.25,,1001.41,0,33404.9,,0,0,0,,0,0,1.29545,-9.81,boundary
375,25.75,2.75,,1001.4,0,33179.5,,0,0,0,,0,0,1.28672,-9.81,boundary
376,25.75,3.25,,1001.47,0,34861.6,,0,0,0,,0,0,1.35185,-9.81,boundary
377,25.75,3.75,,1001.27,0,30046.8,,0,0,0,,0,0,1.16538,-9.81,boundary
378,25.75,4.25,,1000.86,0,20214.3,,0,0,0,,0,0,0.78435,-9.81,boundary
379,25.75,4.75,,1000.51,0,11945.6,,0,0,0,,0,0,0.463673,-9.81,boundary
380,25.75,5.25,,1000.21,0,4837.65,,0,0,0,,0,0,0.187831,-9.81,boundary
381,25.75,5.75,,1000,0,0,,0,0,0,,0,0,0,-9.81,boundary
382,25.75,6.25,,1000,0,0,,0,0,0,,0,0,0,-9.81,boundary
383,25.75,6.75,,1000,0,0,,0,0,0,,0,0,0,-9.81,boundary
384,25.75,7.25,,1000,0,0,,0,0,0,,0,0,0,-9.81,boundary
385,25.75,7.75,,1000,0,0,,0,0,0,,0,0,0,-9.81,boundary
386,25.75,8.25,,1000,0,0,,0,0,0,,0,0,0,-9.81,boundary
387,25.75,8.75,,1000,0,0,,0,0,0,,0,0,0,-9.81,boundary
388,25.75,9.25,,1000,0,0,,0,0,0,,0,0,0,-9.81,boundary
389,25.75,9.75,,1000,0,0,,0,0,0,,0,0,0,-9.81,boundary
390,25.75,10.25,,1000,0,0,,0,0,0,,0,0,0,-9.81,boundary
391,25.75,10.75,,1000,0,0,,0,0,0,,0,0,0,-9.81,boundary
392,25.75,11.25,,1000,0,0,,0,0,0,,0,0,0,-9.81,boundary
393,25.75,11.75,,1000,0,0,,0,0,0,,0,0,0,-9.81,boundary
394,25.75,12.25,,1000,0,0,,0,0,0,,0,0,0,-9.81,boundary
395,25.75,12.75,,1000,0,0,,0,0,0,,0,0,0,-9.81,boundary
396,25.75,13.25,,1000,0,0,,0,0,0,,0,0,0,-9.81,boundary
397,25.75,13.75,,1000,0,0,,0,0,0,,0,0,0,-9.81,boundary
398,25.75,14.25,,1000,0,0,,0,0,0,,0,0,0,-9.81,boundary
399,25.75,14.75,,1000,0,0,,0,0,0,,0,0,0,-9.81,boundary
400,25.75,15.25,,1000,0,0,,0,0,0,,0,0,0,-9.81,boundary
401,25.75,15.75,,1000,0,0,,0,0,0,,0,0,0,-9.81,boundary
402,25.75,16.25,,1000,0,0,,0,0,0,,0,0,0,-9.81,boundary
403,25.75,16.75,,1000,0,0,,0,0,0,,0,0,0,-9.81,boundary
404,25.75,17.25,,1000,0,0,,0,0,0,,0,0,0,-9.81,boundary
405,25.75,17.75,,1000,0,0,,0,0,0,,0,0,0,-9.81,boundary
406,25.75,18.25,,1000,0,0,,0,0,0,,0,0,0,-9.81,boundary
407,25.75,18.75,,1000,0,0,,0,0,0,,0,0,0,-9.81,boundary
408,25.75,19.25,,1000,0,0,,0,0,0,,0,0,0,-9.81,boundary
409,25.75,19.75,,1000,0,0,,0,0,0,,0,0,0,-9.81,boundary
410,25.75,20.25,,1000,0,0,,0,0,0,,0,0,0,-9.81,boundary
411,25.75,20.75,,1000,0,0,,0,0,0,,0,0,0,-9.81,boundary
412,25.75,21.25,,1000,0,0,,0,0,0,,0,0,0,-9.81,boundary
413,25.75,21.75,,1000.21,0,4839.7,,0,0,0,,0,0,0.187911,-9.81,boundary
414,25.75,22.25,,1000.19,0,4574.94,,0,0,0,,0,0,0.177633,-9.81,boundary
415,25.75,22.75,,1000,0,0,,0,0,0,,0,0,0,-9.81,boundary
416,25.75,23.25,,1000,0,0,,0,0,0,,0,0,0,-9.81,boundary
417,25.75,23.75,,1000.01,0,167.433,,0,0,0,,0,0,0.00650219,-9.81,boundary
418,25.75,24.25,,1000,0,0,,0,0,0,,0,0,0,-9.81,boundary
419,25.75,24.75,,1000,0,0,,0,0,0,,0,0,0,-9.81,boundary
420,25.75,25.25,,1000,0,0,,0,0,0,,0,0,0,-9.81,boundary
421,25.75,25.75,,1000,0,0,,0,0,0,,0,0,0,-9.81,boundary
422,25.75,26.25,,1000,0,0,,0,0,0,,0,0,0,-9.81,boundary
423,25.75,26.75,,1000,0,0,,0,0,0,,0,0,0,-9.81,boundary
424,0.333366,0.188448,,1000.56,29.1519,13206.5,,-0.0150598,-0.0123375,0.0194682,,-37.2251,11.4993,2.36826,1.68928,fluid
425,0.384772,0.342745,,1000.47,79.8383,11057.5,,0.0212764,-0.01728,0.0274096,,-31.6627,10.7336,-2.93842,0.923616,fluid
426,0.519744,0.48682,,1000.64,124.596,15067.5,,0.0682995,-0.0260992,0.0731163,,-26.2955,10.6099,2.67623,0.799937,fluid
427,0.681521,0.533729,,1000.69,131.189,16371,,0.0803771,-0.0374698,0.0886818,,-21.8823,10.6256,2.12228,0.815562,fluid
428,0.899232,0.573965,,1000.73,145.531,17127.8,,0.115291,-0.0518404,0.12641,,-17.8803,10.4269,1.15299,0.616938,fluid
429,1.15778,0.610848,,1000.65,225.714,15311.7,,0.249563,-0.0617437,0.257088,,-12.929,10.4152,0.287428,0.605211,fluid
430,1.35828,0.649829,,1000.47,346.17,11022,,0.471797,-0.0615598,0.475796,,-8.58562,10.6646,-0.474705,0.854556,fluid
431,1.47204,0.685181,,1000.36,407.314,8595.59,,0.610162,-0.0615564,0.613259,,-6.62156,10.7922,-0.784442,0.98219,fluid
432,1.53431,0.717404,,1000.31,437.616,7378.56,,0.686968,-0.0635671,0.689903,,-5.77395,10.8281,-0.966416,1.01806,fluid
433,1.57266,0.748597,,1000.28,457.561,6625.09,,0.738299,-0.0668879,0.741322,,-5.31646,10.8278,-1.10499,1.01777,fluid
434,1.58892,0.775738,,1000.26,471.13,6181.65,,0.769018,-0.0708933,0.772279,,-5.10494,10.8141,-1.21549,1.00409,fluid
435,1.60032,0.804048,,1000.25,483.432,5791.08,,0.79551,-0.0757333,0.799107,,-4.94899,10.7895,-1.33118,0.97952,fluid
436,1.60524,0.831915,,1000.23,494.08,5468.33,,0.816034,-0.0812513,0.820069,,-4.85015,10.7557,-1.44438,0.945718,fluid
437,1.60224,0.858152,,1000.22,503.006,5216.34,,0.829498,-0.0872667,0.834075,,-4.80351,10.7171,-1.54857,0.907145,fluid
438,1.59457,0.883902,,1000.21,510.759,4994.73,,0.838441,-0.0939071,0.843683,,-4.78129,10.6728,-1.64962,0.862817,fluid
439,1.58239,0.908936,,1000.2,517.251,4798.6,,0.84275,-0.101152,0.848798,,-4.77889,10.6238,-1.74702,0.813807,fluid
440,1.56633,0.933145,,1000.2,522.387,4624.46,,0.842587,-0.108951,0.849602,,-4.79089,10.5724,-1.83904,0.762378,fluid
441,1.54657,0.956488,,1000.19,526.031,4473.52,,0.837859,-0.117364,0.846039,,-4.81743,10.5199,-1.92544,0.709913,fluid
442,1.52324,0.97903,,1000.18,528.049,4344.98,,0.82847,-0.126433,0.838062,,-4.85769,10.4674,-2.00575,0.6574,fluid
443,1.49764,1.00096,,1000.18,528.319,4233.25,,0.815074,-0.136259,0.826385,,-4.90721,10.4161,-2.0811,0.606107,fluid
444,1.46927,1.02152,,1000.18,526.637,4152.93,,0.797175,-0.146602,0.810543,,-4.97395,10.3702,-2.14791,0.560225,fluid
445,1.43762,1.04039,,1000.17,522.894,4118.3,,0.774491,-0.157302,0.790304,,-5.06684,10.3335,-2.20266,0.523463,fluid
446,1.4049,1.05877,,1000.17,517.127,4114.21,,0.748534,-0.168877,0.767348,,-5.17715,10.3034,-2.24918,0.493365,fluid
447,1.37198,1.0769,,1000.18,509.304,4138.48,,0.719946,-0.181526,0.742478,,-5.30284,10.2804,-2.28695,0.470378,fluid
448,1.33831,1.09429,,1000.18,499.376,4211.11,,0.688527,-0.195147,0.715648,,-5.45658,10.2679,-2.31054,0.457897,fluid
449,1.30439,1.11109,,1000.18,487.393,4334.62,,0.654841,-0.209887,0.687655,,-5.64053,10.267,-2.31805,0.457019,fluid
450,1.27091,1.12755,,1000.19,473.429,4504.84,,0.619544,-0.226045,0.659493,,-5.85217,10.2799,-2.30825,0.469943,fluid
451,1.23793,1.1437,,1000.2,457.502,4728.36,,0.582874,-0.243912,0.631851,,-6.09584,10.3084,-2.27703,0.498358,fluid
452,1.20497,1.15948,,1000.21,439.503,5029,,0.544588,-0.263849,0.605138,,-6.39187,10.3586,-2.21922,0.54862,fluid
453,1.17114,1.17495,,1000.23,419.091,5441.17,,0.504022,-0.286589,0.579803,,-6.76935,10.44,-2.12436,0.629992,fluid
454,1.13475,1.1899,,1000.26,395.649,6049.88,,0.459898,-0.313538,0.556608,,-7.30061,10.574,-1.97051,0.763965,fluid
455,1.09399,1.20407,,1000.3,368.167,6991.4,,0.41064,-0.347469,0.537922,,-8.10419,10.8064,-1.71537,0.996392,fluid
456,1.04736,1.21835,,1000.36,333.567,8454.62,,0.352976,-0.396588,0.530918,,-9.36353,11.2568,-1.29411,1.44677,fluid
457,0.994835,1.2346,,1000.45,284.993,10667.1,,0.28125,-0.480346,0.556627,,-11.3333,12.1911,-0.615617,2.38111,fluid
458,0.938542,1.25608,,1000.58,210.98,13597.3,,0.188362,-0.638436,0.665643,,-14.1084,14.0526,0.37099,4.24261,fluid
459,0.883172,1.28889,,1000.68,108.149,16035.8,,0.0794841,-0.92292,0.926336,,-16.8429,16.7441,1.30186,6.93414,fluid
460,0.832361,1.33846,,1000.7,2.44091,16482.8,,-0.015845,-1.31363,1.31373,,-18.1487,17.8142,1.64001,8.00421,fluid
461,0.786861,1.40709,,1000.66,-71.0437,15470.7,,-0.0717202,-1.64692,1.64848,,-17.9621,14.6694,1.68632,4.85938,fluid
462,0.74435,1.49812,,1000.6,-109.923,14053.2,,-0.0940755,-1.73983,1.74237,,-16.7133,9.71045,2.15523,-0.0995485,fluid
463,0.701849,1.5927,,1000.54,-148.255,12802.5,,-0.111732,-1.59727,1.60118,,-15.233,7.63408,2.99823,-2.17592,fluid
464,0.659296,1.6737,,1000.5,-188.741,11862.6,,-0.126941,-1.41291,1.4186,,-14.3124,7.94931,3.67148,-1.86069,fluid
465,0.614885,1.76014,,1000.44,-223.266,10440.6,,-0.134136,-1.20635,1.21379,,-13.292,8.92476,3.68023,-0.885243,fluid
466,0.564984,1.8678,,1000.33,-254.187,7870.77,,-0.139147,-0.965339,0.975316,,-11.9891,9.86943,1.93718,0.0594296,fluid
467,0.507988,1.9902,,1000.23,-279.639,5504.31,,-0.142175,-0.757272,0.770503,,-11.0547,10.3245,-0.221748,0.514452,fluid
468,0.440441,2.12198,,1000.18,-285.699,4154.05,,-0.131483,-0.654645,0.667718,,-10.7327,10.4292,-1.30278,0.619221,fluid
469,0.359121,2.27469,,1000.19,-258.522,4589.22,,-0.102885,-0.67273,0.680552,,-10.7716,11.2767,2.00497,1.46673,fluid
470,0.310557,2.34851,,1000.19,-32.3411,4562.42,,-0.0187922,-1.00687,1.00705,,-11.7704,11.8821,2.9178,2.07212,fluid
471,0.408488,2.27314,,1000.15,-126.701,3455.1,,-0.0645574,-0.947147,0.949345,,-8.87547,10.9214,-0.41845,1.11144,fluid
472,1.49712,0.199822,,1000.56,83.4881,13225.5,,0.124554,-0.0166087,0.125657,,-9.37932,10.3649,-0.550322,0.554945,fluid
473,1.72059,0.302712,,1000.45,194.287,10623.8,,0.345391,-0.0188327,0.345904,,-6.49265,10.3266,-0.320928,0.516571,fluid
474,1.96858,0.44688,,1000.43,277.162,10178.1,,0.558586,-0.0243217,0.559115,,-4.92716,10.213,0.240895,0.402976,fluid
475,2.10001,0.471816,,1000.47,271.161,11094.5,,0.577368,-0.0256837,0.577939,,-4.62403,10.1222,0.65658,0.312157,fluid
476,2.23577,0.484672,,1000.54,246.86,12671.7,,0.550057,-0.0278949,0.550764,,-4.49572,10.044,1.16896,0.234037,fluid
477,3.11492,0.511019,,1000.69,-35.6161,16336,,-0.147843,-0.0501582,0.15612,,-8.53193,9.87385,-3.29112,0.0638462,fluid
478,3.91722,0.57129,,1000.62,249.151,14543,,0.957612,-0.0398363,0.95844,,-2.53166,9.99939,1.17862,0.189394,fluid
479,4.044,0.610276,,1000.55,252.099,13021.1,,1.01407,-0.0406983,1.01489,,-1.80984,10.0602,1.40824,0.25024,fluid
480,4.03501,0.642337,,1000.55,265.98,13059.4,,1.06653,-0.0432806,1.06741,,-1.84496,10.0928,1.38977,0.282816,fluid
481,3.97394,0.669836,,1000.56,286.813,13307.8,,1.13039,-0.0456587,1.13131,,-2.04819,10.131,1.29869,0.321028,fluid
482,3.88416,0.690997,,1000.58,310.427,13731.7,,1.19248,-0.0484689,1.19346,,-2.45577,10.1619,1.07748,0.351943,fluid
483,3.80669,0.711735,,1000.59,331.044,13976.7,,1.24451,-0.051971,1.24559,,-2.87349,10.1907,0.795944,0.380746,fluid
484,3.74322,0.731903,,1000.59,347.74,13999.5,,1.28546,-0.0555323,1.28666,,-3.21609,10.2176,0.521643,0.40765,fluid
485,3.6557,0.747888,,1000.61,359.534,14309.6,,1.29509,-0.0607047,1.29651,,-3.78292,10.2252,0.129031,0.415167,fluid
486,3.60876,0.768544,,1000.6,369.466,14070.5,,1.31557,-0.0644171,1.31715,,-4.02509,10.2573,-0.128423,0.447321,fluid
487,3.57264,0.79054,,1000.58,379.295,13587.3,,1.34083,-0.0676017,1.34253,,-4.14674,10.2975,-0.345784,0.487462,fluid
488,3.53501,0.812233,,1000.55,387.69,13011.4,,1.3604,-0.0709863,1.36225,,-4.25325,10.3371,-0.574545,0.527103,fluid
489,3.4893,0.832725,,1000.53,393.045,12395.5,,1.36577,-0.0750951,1.36784,,-4.40052,10.3737,-0.849965,0.563674,fluid
490,3.4146,0.849114,,1000.5,388.217,11895.9,,1.32334,-0.0817595,1.32586,,-4.74811,10.4046,-1.26603,0.594572,fluid
491,3.37555,0.870656,,1000.47,392.18,10979,,1.32823,-0.0857149,1.33099,,-4.74226,10.4441,-1.49125,0.634123,fluid
492,3.33673,0.892335,,1000.42,395.308,10006.8,,1.33039,-0.0897678,1.33342,,-4.7074,10.4764,-1.7097,0.666434,fluid
493,3.26191,0.908368,,1000.39,383.64,9289.98,,1.26738,-0.0970056,1.27109,,-4.90185,10.5084,-2.05495,0.698418,fluid
494,3.19638,0.92597,,1000.36,373.648,8547.94,,1.21483,-0.103779,1.21925,,-4.99072,10.5345,-2.31743,0.724495,fluid
495,3.14859,0.946696,,1000.33,370.518,7681,,1.19245,-0.10948,1.19747,,-4.9216,10.5505,-2.48289,0.740456,fluid
496,3.08208,0.964846,,1000.31,358.618,7194.89,,1.13322,-0.117591,1.13931,,-4.95283,10.5599,-2.61912,0.749878,fluid
497,3.00762,0.982151,,1000.31,343.021,7257.2,,1.05745,-0.12843,1.06522,,-5.05792,10.5605,-2.64573,0.750459,fluid
498,2.93422,1.00005,,1000.34,328.172,7964.04,,0.982014,-0.142283,0.992268,,-5.25968,10.5444,-2.5464,0.734383,fluid
499,2.85922,1.01805,,1000.41,312.962,9586.94,,0.901198,-0.161021,0.915471,,-5.66073,10.5143,-2.30911,0.704333,fluid
500,2.78255,1.03627,,1000.52,296.976,12277.9,,0.813515,-0.186416,0.8346,,-6.3591,10.4704,-1.94893,0.660364,fluid
501,2.71228,1.05658,,1000.65,283.604,15402.8,,0.735517,-0.216534,0.766729,,-7.22723,10.4423,-1.55201,0.632336,fluid
502,2.65638,1.08094,,1000.76,277.371,17869.6,,0.687648,-0.246281,0.730421,,-7.9507,10.4653,-1.22872,0.655337,fluid
503,2.61814,1.1103,,1000.8,280.114,18891.2,,0.67844,-0.271627,0.730795,,-8.26128,10.5484,-1.05156,0.738415,fluid
504,2.60191,1.1472,,1000.75,291.642,17686.9,,0.71173,-0.288775,0.768082,,-7.90648,10.6721,-1.1139,0.862067,fluid
505,2.61046,1.19752,,1000.58,306.05,13581.5,,0.7766,-0.296069,0.831123,,-6.72236,10.785,-1.52264,0.97504,fluid
506,2.62841,1.26887,,1000.32,301.536,7477.99,,0.805486,-0.326816,0.869262,,-5.08866,10.9879,-2.24449,1.17788,fluid
507,2.60528,1.37575,,1000.18,271.073,4282.68,,0.734693,-0.557474,0.922253,,-4.03679,11.7714,-2.39324,1.96141,fluid
508,2.48838,1.53873,,1000.31,236.27,7267.52,,0.593952,-0.770417,0.972791,,-2.95281,10.1221,-0.0331284,0.31213,fluid
509,2.34786,1.66663,,1000.28,191.552,6563.46,,0.458529,-0.75079,0.879735,,-1.9437,9.67621,0.851019,-0.133791,fluid
510,2.23423,1.73621,,1000.24,164.121,5631.12,,0.380845,-0.750056,0.841206,,-1.74686,9.75542,0.772926,-0.0545837,fluid
511,2.15121,1.76218,,1000.23,165.584,5466.19,,0.370875,-0.776929,0.86091,,-2.04948,9.90906,0.490917,0.0990603,fluid
512,2.08633,1.76242,,1000.24,199.48,5746.33,,0.428495,-0.830217,0.934274,,-2.4368,10.0074,0.316813,0.197425,fluid
513,2.02412,1.74972,,1000.27,261.35,6474.78,,0.536356,-0.915912,1.0614,,-2.95423,10.0984,0.243702,0.288381,fluid
514,1.95675,1.72603,,1000.33,354.124,7660.27,,0.693233,-1.05286,1.26059,,-3.60796,10.2032,0.305559,0.393168,fluid
515,1.86724,1.70236,,1000.37,458.608,8630.06,,0.851347,-1.23763,1.50217,,-4.14278,10.2551,0.47736,0.445131,fluid
516,1.7109,1.71088,,1000.34,527.727,8084.37,,0.900731,-1.42003,1.68161,,-4.1683,10.6178,0.555293,0.80776,fluid
517,1.41277,1.80159,,1000.23,476.635,5532.32,,0.684298,-1.62177,1.76023,,-3.36517,11.4556,0.549836,1.64564,fluid
518,1.23346,1.85627,,1000.21,471.003,4879.33,,0.595374,-1.84722,1.9408,,-3.2441,12.0542,0.710887,2.24418,fluid
519,1.6714,1.82879,,1000.25,451.118,5972.95,,0.762432,-1.41003,1.60296,,-3.80398,11.5381,-0.231274,1.72806,fluid
520,2.27289,0.190847,,1000.52,127.822,12275.7,,0.300589,-0.00973133,0.300746,,-4.51429,10.0047,0.883796,0.194727,fluid
521,2.61166,0.226732,,1000.7,44.8251,16633.6,,0.095114,-0.0120934,0.0958797,,-4.50875,10.0163,1.85575,0.206275,fluid
522,3.75303,0.379597,,1000.7,132.043,16621.9,,0.461716,-0.0286902,0.462607,,-5.20715,9.89306,-0.781345,0.0830576,fluid
523,4.11617,0.420627,,1000.52,172.917,12200.4,,0.720601,-0.0259052,0.721067,,-1.86888,9.95057,1.09361,0.140568,fluid
524,4.42974,0.424723,,1000.59,150.266,13883.6,,0.656894,-0.0275734,0.657472,,-2.35437,9.78588,0.777973,-0.0241193,fluid
525,6.18738,0.490539,,1000.59,192.207,13854.3,,1.19064,-0.0279861,1.19097,,-2.20345,9.88292,0.0343488,0.072916,fluid
526,6.25404,0.528638,,1000.59,211.701,13818.2,,1.32384,-0.0293934,1.32417,,-1.73553,9.93194,0.472658,0.12194,fluid
527,6.22575,0.561715,,1000.59,221.978,13917.2,,1.37638,-0.0316891,1.37674,,-1.77185,9.95156,0.462263,0.141558,fluid
528,5.95669,0.576848,,1000.63,193.026,14813.3,,1.12262,-0.0382056,1.12327,,-2.94755,9.81459,-0.462281,0.00458895,fluid
529,5.19973,0.583853,,1000.86,143.081,20344,,0.644826,-0.0626658,0.647863,,-4.30281,9.19388,-0.393661,-0.616124,fluid
530,5.98153,0.635148,,1000.65,229.025,15418.5,,1.33029,-0.0410905,1.33093,,-2.56942,9.88119,0.00658057,0.071186,fluid
531,6.02544,0.667154,,1000.64,251.485,15088.5,,1.47897,-0.0413598,1.47955,,-2.27513,9.96923,0.227393,0.15923,fluid
532,5.99147,0.695667,,1000.66,262.432,15542.3,,1.52704,-0.0438869,1.52767,,-2.33698,9.98151,0.255385,0.171509,fluid
533,5.86541,0.718248,,1000.71,261.799,16781.4,,1.46957,-0.049657,1.47041,,-2.56398,9.90699,0.295067,0.0969908,fluid
534,5.75258,0.739164,,1000.73,268.003,17305.5,,1.46699,-0.0555946,1.46804,,-2.3924,9.86618,0.613696,0.0561817,fluid
535,5.65572,0.759271,,1000.76,280.103,17984.5,,1.5007,-0.0616785,1.50197,,-2.15843,9.83669,1.01902,0.0266859,fluid
536,5.55784,0.778166,,1000.81,294.764,19030.1,,1.54296,-0.0688534,1.5445,,-2.02566,9.81269,1.39559,0.00268681,fluid
537,5.48108,0.798084,,1000.85,310.746,20097.6,,1.59649,-0.0755115,1.59828,,-2.04828,9.81592,1.61533,0.0059231,fluid
538,5.40781,0.818096,,1000.9,326.586,21143.9,,1.64889,-0.0823882,1.65095,,-2.1928,9.8438,1.71358,0.0338021,fluid
539,5.3428,0.838961,,1000.93,342.413,21941.4,,1.70487,-0.0889704,1.70719,,-2.42341,9.90263,1.6795,0.0926304,fluid
540,5.2703,0.859298,,1000.95,357.851,22457.3,,1.75772,-0.0959134,1.76033,,-2.77737,9.97737,1.47969,0.167369,fluid
541,5.19185,0.878616,,1000.95,372.204,22425,,1.80672,-0.102468,1.80962,,-3.23647,10.0628,1.0787,0.25276,fluid
542,5.12057,0.898445,,1000.92,385.249,21724.3,,1.85624,-0.107233,1.85934,,-3.67918,10.1634,0.559479,0.353382,fluid
543,5.05189,0.918428,,1000.87,395.838,20503.7,,1.89771,-0.110787,1.90094,,-4.07166,10.2491,-0.0165634,0.43912,fluid
544,4.98488,0.938766,,1000.8,403.488,18998.5,,1.92632,-0.113484,1.92966,,-4.40513,10.322,-0.596978,0.512013,fluid
545,4.91946,0.959759,,1000.74,408.318,17423.1,,1.94096,-0.115804,1.94441,,-4.68356,10.3709,-1.1445,0.560891,fluid
546,4.855,0.981369,,1000.67,410.762,15911.6,,1.94268,-0.118107,1.94627,,-4.91516,10.3954,-1.64,0.585429,fluid
547,4.78894,1.00309,,1000.62,410.955,14530,,1.93084,-0.120833,1.93462,,-5.1131,10.3962,-2.0809,0.58624,fluid
548,4.71944,1.02499,,1000.56,409.436,13285.7,,1.90757,-0.124379,1.91162,,-5.27818,10.3785,-2.46467,0.568497,fluid
549,4.64844,1.04871,,1000.51,407.906,12117.9,,1.88271,-0.128697,1.8871,,-5.38486,10.3465,-2.77933,0.536496,fluid
550,4.57811,1.07629,,1000.46,407.858,10943.8,,1.86493,-0.133657,1.86972,,-5.42425,10.3097,-3.03489,0.499652,fluid
551,4.50901,1.10863,,1000.41,409.401,9648.91,,1.85562,-0.139599,1.86086,,-5.40097,10.2665,-3.26193,0.456533,fluid
552,4.43825,1.14449,,1000.35,410.889,8162.12,,1.84646,-0.147411,1.85234,,-5.31312,10.2208,-3.47472,0.410849,fluid
553,4.36286,1.18265,,1000.27,410.578,6393.31,,1.82927,-0.159468,1.83621,,-5.1327,10.187,-3.6677,0.377041,fluid
554,4.28526,1.22516,,1000.17,406.896,4077.02,,1.8011,-0.182596,1.81033,,-4.79303,10.1936,-3.84179,0.383592,fluid
555,4.21594,1.28346,,1000.03,395.889,685.706,,1.75459,-0.261098,1.77391,,-4.25274,10.5911,-4.0901,0.781128,fluid
556,4.11239,1.40034,,1000,375.239,18.0013,,1.62658,-0.688759,1.7664,,-3.3853,11.8923,-3.38092,2.08232,fluid
557,3.86742,1.56064,,1000.29,332.115,6919.71,,1.29165,-1.0157,1.64317,,-1.64056,11.3119,0.148151,1.50193,fluid
558,3.65354,1.6457,,1000.24,285.321,5539.95,,1.06091,-1.03201,1.48006,,-0.828351,11.0387,0.687618,1.22866,fluid
559,3.4967,1.68687,,1000.18,257.972,4247.6,,0.933531,-1.04302,1.39977,,-0.714718,10.9513,0.499809,1.14128,fluid
560,3.38866,1.69687,,1000.16,264.84,3728.61,,0.934227,-1.07418,1.4236,,-0.728692,10.9497,0.371452,1.1397,fluid
561,3.31799,1.68207,,1000.16,307.348,3682.93,,1.05651,-1.12833,1.54575,,-0.945347,10.9975,0.16447,1.1875,fluid
562,3.23451,1.66062,,1000.16,360.451,3712.05,,1.20167,-1.20206,1.6997,,-1.28158,11.1114,-0.134119,1.3014,fluid
563,3.08703,1.65012,,1000.14,391.712,3399.42,,1.24707,-1.27893,1.78629,,-1.47195,11.2628,-0.370912,1.45283,fluid
564,2.78685,1.69369,,1000.14,383.944,3182.11,,1.10846,-1.33497,1.73518,,-1.2617,11.5496,-0.120028,1.73965,fluid
565,2.39223,1.81335,,1000.17,386.443,4004.72,,0.95378,-1.30187,1.61386,,-1.46168,11.5154,0.212089,1.70541,fluid
566,2.18215,1.88579,,1000.17,395.12,4085.6,,0.889018,-1.26416,1.54546,,-2.02943,11.5618,-0.157471,1.75177,fluid
567,3.17633,1.67069,,1000.17,470.357,4118.56,,1.52577,-1.37839,2.05619,,-1.84301,11.7007,-0.546595,1.89065,fluid
568,3.69555,0.194171,,1000.53,33.877,12562.8,,0.135947,-0.0151349,0.136786,,-5.983,10.0636,-2.58537,0.253584,fluid
569,4.114,0.185574,,1000.43,105.075,10126.9,,0.472025,-0.0116749,0.47217,,-2.54633,10.0082,-0.0858206,0.198177,fluid
570,5.04747,0.329567,,1000.9,20.4054,21287.1,,-0.00324485,-0.029115,0.0292953,,-4.43888,9.38009,-0.225308,-0.429913,fluid
571,6.14484,0.373629,,1000.55,143.881,12941.2,,0.910634,-0.0213524,0.910884,,-3.02269,9.85939,-0.917826,0.0493949,fluid
572,6.57814,0.394189,,1000.88,158.613,20808.9,,0.94958,-0.0206889,0.949806,,-0.531623,9.74615,2.62894,-0.0638482,fluid
573,8.32852,0.466929,,1000.7,176.481,16464.1,,1.44113,-0.0204931,1.44127,,1.52328,9.851,3.49873,0.041003,fluid
574,8.21134,0.498869,,1000.73,187.523,17286.8,,1.49384,-0.022996,1.49402,,0.0555833,9.90319,2.15928,0.0931851,fluid
575,8.11675,0.528725,,1000.79,193.211,18655.1,,1.49438,-0.0262519,1.49461,,-1.25517,9.90639,1.04136,0.0963869,fluid
576,7.39758,0.539763,,999.895,61.6371,-2481.9,,0.745645,-0.0239133,0.746028,,-1.9113,10.8712,-2.24684,1.06116,fluid
577,8.20189,0.59514,,1000.72,218.202,16879.2,,1.73634,-0.026767,1.73654,,0.0399548,9.98779,2.09645,0.17779,fluid
578,8.1865,0.626117,,1000.72,229.449,16876.8,,1.82105,-0.0279592,1.82127,,-0.166166,10.0236,1.8939,0.213565,fluid
579,8.00711,0.644508,,1000.8,240.105,18958,,1.82757,-0.0328774,1.82787,,-2.35759,10.0224,0.00815704,0.212422,fluid
580,7.92102,0.66634,,1000.81,245.286,19083,,1.84243,-0.0366196,1.8428,,-3.23286,10.037,-0.825645,0.226958,fluid
581,7.8947,0.690996,,1000.81,256.462,19053,,1.92138,-0.0383129,1.92177,,-3.3328,10.0686,-0.921358,0.258567,fluid
582,7.78567,0.71154,,1000.77,253.581,18132,,1.88357,-0.0433133,1.88407,,-3.89763,10.1085,-1.57052,0.298452,fluid
583,7.69493,0.733159,,1000.71,252.278,16760.3,,1.87054,-0.0473156,1.87114,,-3.9284,10.1693,-1.75186,0.359348,fluid
584,7.60351,0.754493,,1000.65,250.758,15398.6,,1.85506,-0.0513999,1.85577,,-3.70081,10.2199,-1.67693,0.409942,fluid
585,7.51348,0.776022,,1000.61,250.913,14498.3,,1.8438,-0.0559054,1.84465,,-3.33551,10.2429,-1.40706,0.432859,fluid
586,7.4299,0.798116,,1000.61,254.134,14317.2,,1.84399,-0.0612139,1.84501,,-2.95181,10.2373,-1.02602,0.427264,fluid
587,7.34073,0.819784,,1000.62,258.147,14700.6,,1.83825,-0.0674875,1.83949,,-2.56745,10.1863,-0.566094,0.376305,fluid
588,7.24857,0.84146,,1000.67,264.147,15738.3,,1.83493,-0.0748137,1.83646,,-2.26575,10.1199,-0.0959633,0.309878,fluid
589,7.15001,0.863082,,1000.74,272.59,17425.5,,1.83704,-0.0831457,1.83892,,-2.03694,10.0305,0.398392,0.220459,fluid
590,7.04536,0.884752,,1000.83,284.768,19613.4,,1.8562,-0.0922416,1.85849,,-1.88021,9.97657,0.901348,0.166569,fluid
591,6.93443,0.906238,,1000.93,301.69,21901.9,,1.90656,-0.10095,1.90923,,-1.75218,9.96951,1.40331,0.159511,fluid
592,6.82403,0.928021,,1000.99,323.917,23374,,2.0066,-0.106767,2.00944,,-1.70599,10.0384,1.71586,0.228368,fluid
593,6.71537,0.949991,,1000.97,349.864,22975.1,,2.15816,-0.106222,2.16077,,-1.76897,10.1569,1.64898,0.346947,fluid
594,6.61105,0.972872,,1000.86,375.918,20323.5,,2.33904,-0.0988559,2.34112,,-1.9767,10.2641,1.09482,0.454113,fluid
595,6.50696,0.996811,,1000.69,399.225,16253.2,,2.51456,-0.0871153,2.51607,,-2.32365,10.3086,0.172438,0.498648,fluid
596,6.40426,1.02324,,1000.51,419.454,12112.3,,2.66379,-0.0757323,2.66487,,-2.72557,10.3007,-0.835255,0.490657,fluid
597,6.30534,1.05339,,1000.36,438.788,8555.9,,2.79401,-0.0676809,2.79483,,-3.05901,10.2796,-1.70258,0.469573,fluid
598,6.21438,1.08966,,1000.23,459.506,5360.74,,2.92563,-0.063541,2.92632,,-3.21471,10.2567,-2.35227,0.446737,fluid
599,6.13079,1.13359,,1000.09,481.32,2115.79,,3.0637,-0.0637236,3.06437,,-3.14257,10.1882,-2.79749,0.378204,fluid
600,6.04169,1.18267,,999.943,502.542,-1347.77,,3.19415,-0.0719242,3.19496,,-2.87065,10.1037,-3.09374,0.293691,fluid
601,5.92104,1.23292,,999.816,521.658,-4319.68,,3.28408,-0.0944448,3.28544,,-2.40214,10.1084,-3.13182,0.298439,fluid
602,5.75742,1.28792,,999.717,531.32,-6663.64,,3.27897,-0.152526,3.28251,,-1.84103,9.84618,-2.99875,0.0361802,fluid
603,5.57665,1.38385,,999.574,505.099,-10022.3,,3.06107,-0.445645,3.09334,,-1.288,9.95895,-3.08596,0.148954,fluid
604,5.30593,1.57525,,999.986,405.558,-323.369,,2.23804,-1.13536,2.50955,,-0.57732,10.1471,-0.638265,0.337115,fluid
605,5.00184,1.69174,,1000.09,321.306,2061.6,,1.65738,-1.22845,2.063,,-0.182636,10.9101,0.229497,1.10012,fluid
606,4.77648,1.75772,,1000.13,274.075,3001.43,,1.34807,-1.18585,1.79542,,-0.39466,11.4966,0.233636,1.6866,fluid
607,4.63349,1.7847,,1000.15,258.171,3605.04,,1.2287,-1.15674,1.68753,,-0.665173,11.8394,0.112747,2.02944,fluid
608,4.54313,1.78491,,1000.17,263.383,4005.68,,1.22447,-1.14828,1.67865,,-1.03126,11.9675,-0.149711,2.15745,fluid
609,4.4369,1.77832,,1000.19,275.742,4514.12,,1.24571,-1.14192,1.6899,,-1.47099,12.12,-0.453777,2.30999,fluid
610,4.33159,1.76173,,1000.22,296.772,5065.53,,1.30187,-1.1381,1.7292,,-1.94719,12.207,-0.777999,2.39696,fluid
611,4.20587,1.734,,1000.25,323.125,5816.41,,1.36782,-1.13849,1.77963,,-2.37034,12.2711,-0.987751,2.46108,fluid
612,4.02265,1.70144,,1000.29,365.679,6789.56,,1.47088,-1.17873,1.88491,,-2.45831,12.3746,-0.770962,2.56462,fluid
613,3.75656,1.68766,,1000.27,419.479,6477.62,,1.58195,-1.2778,2.03355,,-1.79011,12.2056,-0.0662328,2.39559,fluid
614,3.53841,1.72266,,1000.22,446.814,5097.65,,1.60315,-1.34011,2.08949,,-1.5374,12.0177,-0.0970462,2.20765,fluid
615,4.56056,1.73099,,1000.16,417.662,3794.72,,1.93487,-1.31039,2.33685,,-1.77079,11.7687,-0.938847,1.95873,fluid
616,5.47285,0.183455,,1000.1,-58.2503,2284.17,,-0.151836,-0.0125881,0.152357,,-2.87304,9.84117,-2.45572,0.0311661,fluid
617,4.57395,0.155634,,1000.53,90.946,12515.2,,0.440702,-0.00888486,0.440791,,-2.43241,9.85783,0.302329,0.0478309,fluid
618,6.83437,0.298523,,1000.95,76.1271,22378.7,,0.385673,-0.0143493,0.385939,,0.258666,9.77556,3.52999,-0.0344365,fluid
619,7.95792,0.341329,,1000.55,68.3837,13010.1,,0.629913,-0.0167044,0.630134,,-4.25082,10.0889,-2.61685,0.27887,fluid
620,9.52391,0.395164,,999.981,4.45033,-451.863,,0.470736,-0.0231828,0.471307,,-4.59085,9.64682,-4.6383,-0.163183,fluid
621,10.3392,0.452584,,1000.79,154.56,18701.7,,1.53963,-0.0114973,1.53967,,0.472527,9.50511,2.2799,-0.304885,fluid
622,8.75242,0.456629,,1000.96,117.143,22570,,0.799201,-0.0309232,0.799799,,1.98128,9.18256,4.55754,-0.62744,fluid
623,10.1995,0.518006,,1000.84,178.83,19780,,1.72942,-0.017317,1.7295,,0.039029,9.39858,1.97672,-0.411424,fluid
624,10.2683,0.556505,,1000.76,181.567,17971.2,,1.80164,-0.0153459,1.80171,,0.734025,9.50043,2.48286,-0.309567,fluid
625,10.2208,0.590275,,1000.75,194.833,17769.2,,1.9294,-0.0164373,1.92947,,0.608588,9.49739,2.34581,-0.312611,fluid
626,10.0447,0.61008,,1000.81,222.781,19183.9,,2.15165,-0.0229918,2.15177,,-0.824168,9.3786,1.08414,-0.431401,fluid
627,9.949,0.631598,,1000.88,238.766,20849.5,,2.25352,-0.0286013,2.25371,,-1.79759,9.26966,0.296202,-0.540344,fluid
628,9.95351,0.65875,,1000.86,250.565,20240.3,,2.38283,-0.0271785,2.38298,,-1.46827,9.34747,0.563476,-0.462529,fluid
629,9.89636,0.683177,,1000.92,264.094,21810.7,,2.46664,-0.0311461,2.46684,,-1.91989,9.30078,0.281986,-0.509217,fluid
630,9.77904,0.703035,,1001.06,273.369,24940.3,,2.4567,-0.0421268,2.45706,,-3.15504,9.14759,-0.607345,-0.662412,fluid
631,9.69653,0.724631,,1001.12,278.003,26511,,2.44253,-0.0500201,2.44304,,-3.86754,9.08023,-1.13653,-0.729773,fluid
632,9.61254,0.746841,,1001.16,278.785,27299,,2.40577,-0.0584989,2.40649,,-4.47811,9.05389,-1.64145,-0.756113,fluid
633,9.51527,0.76869,,1001.14,274.328,26952.9,,2.3371,-0.0676191,2.33808,,-4.99224,9.06985,-2.16287,-0.740152,fluid
634,9.40841,0.790649,,1001.07,266.045,25298.3,,2.25541,-0.0757956,2.25668,,-5.20166,9.14806,-2.51563,-0.661945,fluid
635,9.29837,0.813836,,1000.97,257.675,22916.3,,2.18628,-0.0817506,2.18781,,-5.09102,9.25135,-2.62886,-0.55865,fluid
636,9.18662,0.838242,,1000.87,251.323,20519.6,,2.13509,-0.0850321,2.13678,,-4.77788,9.35892,-2.54618,-0.451079,fluid
637,9.07907,0.863961,,1000.79,249.58,18689.1,,2.11639,-0.0865159,2.11815,,-4.38772,9.43971,-2.33087,-0.370286,fluid
638,8.96384,0.890173,,1000.73,251.637,17305.9,,2.12218,-0.0866485,2.12394,,-3.89744,9.49498,-1.96822,-0.315017,fluid
639,8.84672,0.917562,,1000.7,261.113,16583.7,,2.18278,-0.0853171,2.18445,,-3.41989,9.52985,-1.54664,-0.280152,fluid
640,8.7143,0.944123,,1000.68,279.289,16148.9,,2.31092,-0.0806408,2.31233,,-2.93109,9.56685,-1.07921,-0.243148,fluid
641,8.5521,0.968674,,1000.64,308.202,15068.4,,2.53679,-0.0691043,2.53773,,-2.3598,9.71013,-0.598974,-0.0998651,fluid
642,8.34929,0.991685,,1000.52,348.58,12329.9,,2.87981,-0.0496035,2.88024,,-1.92272,9.96233,-0.446738,0.152334,fluid
643,8.14072,1.01817,,1000.37,391.621,8619.72,,3.23887,-0.0307795,3.23902,,-2.09657,10.0745,-1.03812,0.264549,fluid
644,7.96409,1.04782,,1000.25,421.941,6004.52,,3.45819,-0.0224155,3.45826,,-2.38315,10.1116,-1.6294,0.301571,fluid
645,7.81523,1.08074,,1000.2,440.863,4674.13,,3.56266,-0.0224761,3.56274,,-2.37276,10.1147,-1.7748,0.304722,fluid
646,7.68302,1.11772,,1000.15,455.066,3540.6,,3.62868,-0.0287192,3.6288,,-2.14889,10.1107,-1.68812,0.30066,fluid
647,7.5569,1.15849,,1000.1,468.701,2347.15,,3.69004,-0.0406985,3.69027,,-1.82852,10.1098,-1.51796,0.29985,fluid
648,7.41175,1.19859,,1000.11,483.142,2518.28,,3.72112,-0.0643088,3.72167,,-1.49114,10.1347,-1.15141,0.324711,fluid
649,7.2209,1.23898,,1000.24,493.427,5609.1,,3.64274,-0.107678,3.64433,,-1.55414,10.2616,-0.777538,0.451611,fluid
650,7.00272,1.30664,,1000.25,480.923,5993.71,,3.42781,-0.17325,3.43218,,-2.28463,10.5289,-1.42894,0.718922,fluid
651,6.74465,1.45933,,999.829,411.144,-4026.9,,2.95989,-0.483182,2.99907,,-2.33355,9.23382,-2.93071,-0.576181,fluid
652,6.43346,1.63054,,1000.18,351.935,4347.41,,2.28807,-0.986306,2.4916,,-0.961532,10.7253,-0.285907,0.915252,fluid
653,6.23086,1.72166,,1000.23,342.046,5458.84,,2.13231,-1.0667,2.38424,,-0.188222,10.9553,0.687672,1.14526,fluid
654,6.05739,1.78898,,1000.23,316.166,5388.27,,1.91529,-1.07885,2.19824,,0.0986866,10.9209,0.98802,1.11095,fluid
655,5.95699,1.81942,,1000.22,300.172,5240.32,,1.78992,-1.09145,2.09644,,-0.0511028,10.9407,0.828394,1.13072,fluid
656,5.88121,1.82773,,1000.22,291.418,5134.69,,1.71724,-1.10451,2.04178,,-0.276979,10.9145,0.595899,1.10447,fluid
657,5.69005,1.8406,,1000.2,270.177,4729.87,,1.54675,-1.15607,1.93105,,-0.394515,10.8567,0.436572,1.04667,fluid
658,5.54785,1.82754,,1000.19,293.82,4530.1,,1.64212,-1.21527,2.0429,,-0.596652,10.9723,0.219743,1.16228,fluid
659,5.49146,1.79025,,1000.2,344.021,4672.17,,1.89879,-1.24591,2.27106,,-0.910343,11.0375,-0.0597055,1.22752,fluid
660,5.43309,1.7389,,1000.21,397.746,4830.3,,2.16925,-1.27631,2.51687,,-1.24922,11.0854,-0.360352,1.27539,fluid
661,5.14722,1.70997,,1000.15,416.542,3543.66,,2.17292,-1.38503,2.5768,,-0.783005,11.4304,-0.0946473,1.62039,fluid
662,4.85246,1.74811,,1000.13,423.736,3088.08,,2.09352,-1.43356,2.53731,,-0.840285,11.7038,-0.203974,1.89382,fluid
663,5.82774,1.80067,,1000.25,397.349,5955.31,,2.30505,-1.25184,2.62304,,-1.11623,11.3989,-0.0945989,1.58888,fluid
664,5.98756,0.145357,,1000.34,37.876,7953.02,,0.352572,-0.0087109,0.352679,,-4.45779,9.96542,-3.12998,0.155424,fluid
665,6.66329,0.150971,,1001.02,96.2512,24022.9,,0.522435,-0.00516583,0.522461,,-0.698276,9.91842,2.90333,0.108424,fluid
666,8.38003,0.271466,,1000.75,135.471,17808,,1.11427,-0.0101089,1.11432,,1.93318,9.82134,4.05664,0.0113401,fluid
667,9.75675,0.320094,,1000.38,28.4089,9053.23,,0.520009,-0.018139,0.520326,,-6.2385,9.42286,-5.31097,-0.387143,fluid
668,11.5958,0.392383,,1000.03,-7.43253,626.272,,0.463301,-0.013515,0.463498,,-2.62079,9.40667,-2.56678,-0.403332,fluid
669,11.9515,0.442733,,1000.94,115.93,22220,,1.29122,-0.0161092,1.29132,,-2.9303,8.76218,-1.07287,-1.04782,fluid
670,10.6706,0.452265,,1000.65,118.462,15362.2,,1.2926,-0.00999663,1.29263,,-0.375971,9.54516,1.06277,-0.264843,fluid
671,12.2743,0.525091,,1000.86,170.738,20358.1,,2.02667,-0.00711575,2.02668,,-1.346,8.92508,0.311162,-0.884918,fluid
672,12.3553,0.56624,,1000.85,180.862,20066.4,,2.16157,-0.00631064,2.16157,,-1.43412,8.94073,0.188622,-0.869274,fluid
673,12.137,0.592023,,1000.8,181.077,18865.2,,2.14682,-0.00901081,2.14683,,-0.875076,8.947,0.678038,-0.862997,fluid
674,12.0049,0.61517,,1000.84,192.958,19847.7,,2.22889,-0.0126978,2.22893,,-0.928874,8.89126,0.723041,-0.918741,fluid
675,11.9796,0.64199,,1000.82,204.126,19388,,2.36302,-0.0118777,2.36305,,-0.941064,8.93556,0.676018,-0.874438,fluid
676,11.8943,0.664915,,1000.9,219.908,21279.2,,2.47461,-0.0153697,2.47466,,-1.28877,8.86068,0.498643,-0.949317,fluid
677,11.8189,0.68809,,1000.99,235.47,23419.8,,2.57769,-0.0193606,2.57776,,-1.72317,8.83233,0.256417,-0.977675,fluid
678,11.7277,0.70919,,1001.12,248.723,26389.2,,2.62634,-0.0266743,2.62648,,-2.42394,8.73098,-0.176287,-1.07902,fluid
679,11.6611,0.732225,,1001.21,259.504,28492.6,,2.67476,-0.0322567,2.67495,,-2.94087,8.69366,-0.500413,-1.11634,fluid
680,11.5968,0.75625,,1001.28,269.034,30313.3,,2.71587,-0.0379412,2.71614,,-3.4198,8.66886,-0.809208,-1.14114,fluid
681,11.5104,0.779214,,1001.34,275.583,31784.3,,2.72452,-0.046595,2.72491,,-4.05036,8.64107,-1.2927,-1.16893,fluid
682,11.4103,0.803568,,1001.36,280.038,32052,,2.73543,-0.0563349,2.73601,,-4.59086,8.68673,-1.78562,-1.12327,fluid
683,11.2816,0.828635,,1001.27,279.164,30030.6,,2.73629,-0.0657139,2.73708,,-4.96626,8.82236,-2.30772,-0.987637,fluid
684,11.1287,0.854786,,1001.07,271.776,25176.1,,2.72884,-0.0677085,2.72968,,-5.14353,9.07473,-2.88366,-0.735267,fluid
685,10.9643,0.882913,,1000.8,259.443,18906.9,,2.69441,-0.0585577,2.69505,,-5.05989,9.34625,-3.33685,-0.463751,fluid
686,10.8111,0.91439,,1000.6,252.167,14046.4,,2.68219,-0.0438992,2.68255,,-4.63247,9.45648,-3.33399,-0.353518,fluid
687,10.6545,0.945556,,1000.42,256.64,10012.2,,2.77201,-0.0244089,2.77212,,-3.80474,9.43385,-2.86542,-0.37615,fluid
688,10.4767,0.973727,,1000.27,282.018,6435.22,,3.06638,0.0311134,3.06653,,-2.53508,9.06201,-1.92101,-0.747985,fluid
689,10.2246,0.993994,,1000.17,332.614,3948.74,,3.58473,0.116623,3.58662,,-0.882477,10.5103,-0.496341,0.700344,fluid
690,9.94116,1.00888,,1000.35,382.777,8329.66,,3.92571,0.0898992,3.92674,,0.00756116,10.7588,0.845161,0.948781,fluid
691,9.67368,1.02443,,1000.69,406.203,16344.6,,3.87604,0.0128547,3.87606,,-0.831285,9.82521,0.857142,0.015213,fluid
692,9.46652,1.04713,,1000.76,401.957,18020.4,,3.69918,-0.0149286,3.69921,,-2.14631,9.76418,-0.244167,-0.0458239,fluid
693,9.30962,1.07939,,1000.69,394.045,16181.5,,3.58693,-0.020252,3.58699,,-2.82411,9.77086,-1.08715,-0.0391379,fluid
694,9.1848,1.12006,,1000.55,392.709,13053.7,,3.57722,-0.013747,3.57725,,-3.12334,9.768,-1.7029,-0.0419974,fluid
695,9.06181,1.16435,,1000.4,397.687,9538.91,,3.6347,-0.000400114,3.6347,,-3.36874,9.63121,-2.31652,-0.178794,fluid
696,8.91147,1.20602,,1000.29,408.872,6931.65,,3.71531,-0.00652723,3.71532,,-3.67704,9.81199,-2.89943,0.00198701,fluid
697,8.75835,1.2659,,1000.17,424.049,4002.31,,3.83445,-0.0207121,3.83451,,-3.72557,10.0267,-3.26868,0.216744,fluid
698,8.54548,1.36799,,1000.05,425.629,1121.25,,3.79762,-0.142809,3.80031,,-3.24034,10.3004,-3.10914,0.490447,fluid
699,8.14639,1.51534,,999.871,368.338,-3034.82,,3.18472,-0.578236,3.23679,,-1.40341,8.93459,-1.77599,-0.875412,fluid
700,7.74238,1.63837,,1000.14,328.157,3265.72,,2.59587,-0.833885,2.72651,,0.660352,10.291,1.08209,0.480959,fluid
701,7.53364,1.73675,,1000.15,325.466,3474.42,,2.49902,-0.905456,2.658,,1.46381,10.1357,1.92493,0.325736,fluid
702,7.42994,1.78197,,1000.15,329.67,3475.58,,2.49477,-0.955861,2.67162,,1.46954,10.2135,1.93725,0.40351,fluid
703,7.32285,1.80881,,1000.14,326.177,3399.78,,2.43375,-0.976654,2.62241,,1.16153,10.2816,1.62573,0.471644,fluid
704,7.22043,1.81773,,1000.14,317.604,3347.64,,2.33763,-0.995738,2.54086,,0.5101,10.3257,0.973669,0.515693,fluid
705,7.0638,1.81601,,1000.14,306.028,3346.61,,2.20413,-1.04334,2.43859,,-0.0831756,10.4716,0.390526,0.661606,fluid
706,6.93173,1.79607,,1000.15,319.961,3517.74,,2.25481,-1.08017,2.50018,,-0.620378,10.6728,-0.11297,0.862818,fluid
707,6.84965,1.76153,,1000.16,349.551,3779.74,,2.4245,-1.08966,2.65811,,-1.10113,10.7857,-0.549401,0.975746,fluid
708,6.77008,1.71283,,1000.18,386.11,4285.71,,2.63535,-1.09389,2.85336,,-1.66423,10.8315,-1.03131,1.02153,fluid
709,6.2074,1.76761,,1000.24,383.708,5767.83,,2.3752,-1.22998,2.67478,,-0.246793,11.5158,0.682165,1.70584,fluid
710,5.93655,1.82343,,1000.24,377.332,5752.75,,2.23246,-1.24018,2.5538,,-0.540051,11.4572,0.428752,1.64718,fluid
711,7.20228,1.78649,,1000.17,416.439,3963.91,,3.03008,-1.13574,3.23594,,-0.390912,10.7533,0.159364,0.943267,fluid
712,7.17853,0.121872,,1000.31,-69.1896,7246.64,,-0.358341,-0.00324688,0.358355,,-0.96014,10.0037,0.0490382,0.193698,fluid
713,8.1596,0.142068,,1000.79,76.9746,18680.8,,0.633535,-0.00550167,0.633558,,-2.14534,9.98966,0.142267,0.179656,fluid
714,10.3334,0.264634,,1000.88,119.541,20665.8,,1.18266,-0.00363554,1.18267,,-1.34431,9.59891,0.653835,-0.21109,fluid
715,11.1661,0.314015,,1000.03,-33.4595,680.517,,0.143794,-0.00686741,0.143958,,-1.23527,9.53322,-1.17433,-0.276776,fluid
716,13.4112,0.393051,,1000.24,33.216,5561.58,,1.00223,-0.00287899,1.00224,,-2.98985,8.95464,-2.57525,-0.855357,fluid
717,13.4278,0.438435,,1000.33,52.3557,7887.34,,1.15976,-0.00639052,1.15977,,-3.16601,9.0916,-2.57882,-0.718405,fluid
718,12.5632,0.463616,,1001,183.968,23559.8,,2.18394,0.00105772,2.18394,,-1.91546,8.10954,-0.0420332,-1.70046,fluid
719,14.3384,0.53298,,1000.86,153.038,20393.2,,2.28235,0.0461036,2.28282,,-0.436708,11.5791,0.98434,1.7691,fluid
720,14.2912,0.570591,,1000.86,158.84,20360.2,,2.32929,0.0451938,2.32973,,-0.374516,11.3897,1.04892,1.57972,fluid
721,14.1665,0.600298,,1000.91,163.657,21557.9,,2.30188,0.0321596,2.30211,,-0.687605,10.6193,0.832759,0.809267,fluid
722,14.1288,0.631238,,1000.89,170.526,21091.5,,2.3846,0.0379957,2.3849,,-0.78436,10.7124,0.707111,0.902441,fluid
723,14.0205,0.65641,,1000.89,178.166,21034.4,,2.44832,0.0266533,2.44847,,-1.33229,10.1098,0.166637,0.299759,fluid
724,13.9347,0.68166,,1000.89,188.555,20901.8,,2.55983,0.0190653,2.5599,,-1.70644,9.70638,-0.207782,-0.103623,fluid
725,13.8418,0.705242,,1000.91,199.15,21397.5,,2.65762,0.00182135,2.65762,,-2.0539,8.95102,-0.50944,-0.858981,fluid
726,13.7667,0.728686,,1000.96,209.946,22643.8,,2.73546,-0.00573298,2.73547,,-2.28747,9.24136,-0.644225,-0.56864,fluid
727,13.7024,0.753389,,1001.04,220.963,24497,,2.80281,-0.00929888,2.80282,,-2.45037,9.09294,-0.664432,-0.717064,fluid
728,13.613,0.777972,,1001.17,232.245,27604,,2.82886,-0.0171273,2.82891,,-2.72908,8.88792,-0.703671,-0.922085,fluid
729,13.4889,0.802675,,1001.37,245.366,32345.5,,2.82066,-0.0325171,2.82085,,-3.09144,8.67041,-0.69679,-1.13959,fluid
730,13.335,0.829407,,1001.61,263.579,37997.6,,2.84733,-0.0547779,2.84786,,-3.41559,8.35683,-0.570711,-1.45317,fluid
731,13.1361,0.857246,,1001.7,282.251,40268.9,,2.96934,-0.0750634,2.97029,,-3.65404,8.2846,-0.593734,-1.5254,fluid
732,12.9293,0.887387,,1001.42,284.808,33557.2,,3.13206,-0.0667586,3.13277,,-3.94494,8.56754,-1.35319,-1.24246,fluid
733,12.7557,0.920101,,1001.05,274.962,24871.5,,3.19288,-0.039588,3.19313,,-4.39737,8.78169,-2.44959,-1.02831,fluid
734,12.6142,0.951114,,1000.72,269.362,17087,,3.28778,-0.00572104,3.28779,,-4.76459,8.73553,-3.41098,-1.07447,fluid
735,12.4568,0.988687,,1000.55,289.919,12956.8,,3.5705,0.249057,3.57918,,-4.43129,10.1847,-3.39172,0.374726,fluid
736,12.2141,1.00848,,1000.12,306.899,2943.68,,3.98309,0.423002,4.00549,,-3.08125,12.8054,-2.84027,2.99539,fluid
737,11.8844,1.01378,,1000.25,335.575,5956.46,,4.20365,0.365726,4.21953,,-0.289155,13.5667,0.211919,3.75668,fluid
738,11.5559,1.01481,,1001.02,369.095,24188.5,,3.99093,0.147001,3.99364,,-0.349506,12.249,1.74152,2.43898,fluid
739,11.3214,1.02903,,1001.16,377.195,27414.8,,3.88893,0.00676194,3.88894,,-2.25619,9.73751,0.162507,-0.0724924,fluid
740,11.1525,1.05873,,1001.02,375.304,24151.3,,3.86808,-0.0089692,3.86809,,-3.45018,9.4666,-1.28685,-0.343404,fluid
741,11.0244,1.10389,,1000.86,374.958,20233,,3.89654,0.0209586,3.89659,,-4.12165,9.54002,-2.28793,-0.269975,fluid
742,10.9164,1.16289,,1000.72,382.568,16905.7,,4.00373,0.145923,4.00639,,-4.51337,10.4624,-2.96583,0.65242,fluid
743,10.7846,1.21703,,1000.49,386.613,11502.1,,4.11491,0.239125,4.12186,,-4.97878,11.029,-3.91277,1.21896,fluid
744,10.624,1.27017,,1000.15,390.352,3460.36,,4.27774,0.264787,4.28592,,-4.62966,11.0613,-4.30399,1.25134,fluid
745,10.4609,1.35956,,999.634,386.221,-8610.38,,4.43932,0.134458,4.44135,,-3.41956,9.21207,-4.24296,-0.597928,fluid
746,10.1349,1.46217,,999.497,381.374,-11822.6,,4.27456,-0.413763,4.29454,,-0.995587,7.86237,-2.1627,-1.94763,fluid
747,9.61673,1.52738,,999.65,327.216,-8226.36,,3.48079,-0.660447,3.5429,,0.0949785,8.80994,-0.760743,-1.00006,fluid
748,9.16024,1.65028,,999.907,290.176,-2195.08,,2.84936,-0.753215,2.94723,,0.385238,9.99852,0.145584,0.188516,fluid
749,8.94807,1.74232,,1000.03,301.694,690.156,,2.81525,-0.8173,2.93149,,0.672627,10.2713,0.749753,0.461348,fluid
750,8.82354,1.78227,,1000.08,314.219,1805.02,,2.85835,-0.865442,2.9865,,0.694637,10.4125,0.89919,0.60252,fluid
751,8.67031,1.80561,,1000.12,320.669,2723.63,,2.84076,-0.899941,2.9799,,0.409468,10.5814,0.723564,0.771382,fluid
752,8.54533,1.80039,,1000.14,322.733,3404.91,,2.80042,-0.934173,2.95213,,-0.288302,10.7376,0.110092,0.927645,fluid
753,8.45817,1.77929,,1000.16,327.685,3865.31,,2.80321,-0.956874,2.96202,,-0.80651,10.8387,-0.349594,1.02874,fluid
754,8.34679,1.75394,,1000.19,333.36,4400.53,,2.80213,-0.980589,2.96875,,-1.15562,10.9889,-0.628509,1.17891,fluid
755,8.15963,1.71541,,1000.21,346.593,4979.2,,2.83663,-0.994763,3.006,,-1.14344,11.2431,-0.533348,1.43311,fluid
756,7.98156,1.67712,,1000.24,384.262,5554.88,,3.06796,-1.0267,3.23519,,-0.910336,11.5547,-0.214537,1.7447,fluid
757,7.25715,1.8174,,1000.16,360.221,3722.33,,2.65134,-1.06453,2.85707,,0.477971,10.666,0.990809,0.85597,fluid
758,7.22991,1.80195,,1000.16,393.348,3865.32,,2.87718,-1.11253,3.08478,,0.0174351,10.7536,0.551977,0.943561,fluid
759,8.45485,1.77373,,1000.18,391.872,4293.97,,3.33582,-0.98382,3.47787,,-1.61498,11.1318,-1.1072,1.32175,fluid
760,8.5682,0.101948,,1000.9,108.125,21181.5,,0.852811,-0.000377227,0.852811,,3.61028,9.86988,6.08017,0.0598841,fluid
761,9.2867,0.134346,,999.793,-96.4017,-4881.88,,-0.413566,-0.00655858,0.413618,,-2.18946,9.46688,-2.71525,-0.343116,fluid
762,12.3436,0.280362,,1000.9,131.161,21151.3,,1.62395,0.0999619,1.62702,,-3.04427,9.67523,-1.33225,-0.134769,fluid
763,14.0405,0.347284,,1001.1,74.425,26047,,1.03113,0.00762535,1.03116,,-3.86317,9.5002,-2.01008,-0.309798,fluid
764,15.5935,0.43088,,1001.06,82.3201,24923.9,,1.41558,-0.00471822,1.41559,,-4.20649,10.3204,-2.60982,0.510369,fluid
765,14.7864,0.458041,,1001.07,28.697,25181.8,,0.356309,0.00607362,0.35636,,-1.52384,10.193,0.177383,0.383049,fluid
766,14.2665,0.47259,,1001.03,140.981,24346.2,,1.99432,0.0210387,1.99443,,-0.648259,10.5595,1.05651,0.749462,fluid
767,15.8992,0.56213,,1001.19,147.775,28021,,2.33135,0.0366202,2.33164,,-0.788501,10.4732,0.971828,0.663234,fluid
768,15.6594,0.587912,,1000.99,131.119,23303.2,,2.15165,0.0241756,2.15178,,-1.5742,9.91073,-0.0875338,0.100729,fluid
769,15.5127,0.61215,,1000.85,111.027,20111,,1.90536,-0.00248612,1.90536,,-4.00329,9.73498,-2.70797,-0.0750155,fluid
770,15.6032,0.649545,,1000.91,138.962,21575.7,,2.27836,0.0637034,2.27925,,-1.90931,10.3852,-0.5278,0.575212,fluid
771,15.4689,0.669631,,1000.8,124.381,18980.8,,2.10235,0.0156652,2.10241,,-4.29709,9.70751,-3.07104,-0.102495,fluid
772,15.5216,0.703716,,1000.86,147.761,20259.1,,2.40225,0.0911982,2.40398,,-2.92379,10.6866,-1.61969,0.876638,fluid
773,15.4669,0.728808,,1000.84,151.066,19785.2,,2.44165,0.0815658,2.44302,,-3.78872,10.6556,-2.5106,0.845551,fluid
774,15.4293,0.75522,,1000.84,157.324,19793.7,,2.51613,0.0812625,2.51744,,-4.27413,10.7377,-2.99234,0.927655,fluid
775,15.3933,0.782371,,1000.85,164.047,20102.5,,2.59037,0.0763874,2.5915,,-4.66171,10.7755,-3.35689,0.965516,fluid
776,15.3479,0.810368,,1000.87,169.645,20574.6,,2.6435,0.0570652,2.64411,,-5.10506,10.6379,-3.76568,0.827896,fluid
777,15.2724,0.837415,,1000.89,171.205,20892.1,,2.64423,0.014105,2.64427,,-5.75164,10.0196,-4.38488,0.209609,fluid
778,15.1359,0.864338,,1000.89,171.618,21102.6,,2.61929,-0.0104925,2.61931,,-6.26764,10.0359,-4.87468,0.22585,fluid
779,14.9304,0.892368,,1000.86,188.052,20406,,2.83303,-0.0196182,2.83309,,-5.94209,10.2491,-4.57653,0.439125,fluid
780,14.7581,0.92583,,1000.77,215.049,18162.7,,3.23241,-0.0113372,3.23243,,-5.2045,10.192,-3.97475,0.381998,fluid
781,14.6388,0.957282,,1000.64,233.082,15144.9,,3.51789,0.0226532,3.51796,,-4.63837,10.5391,-3.60446,0.729061,fluid
782,14.4684,0.983112,,1000.5,254.291,11852.7,,3.8131,0.210295,3.8189,,-3.67238,12.1409,-2.85358,2.3309,fluid
783,14.256,1.00866,,1000.27,271.714,6441.75,,4.13267,0.402515,4.15223,,-2.47254,13.9221,-2.0208,4.1121,fluid
784,13.9069,1.00725,,1000.46,294.61,10769.7,,4.23054,0.347607,4.2448,,-0.205785,14.9178,0.568273,5.1078,fluid
785,13.568,1.01473,,1001.21,318.728,28601.8,,3.88187,0.108129,3.88338,,-0.262553,12.6034,1.84293,2.79345,fluid
786,13.2845,1.03293,,1001.59,339.938,37590.9,,3.80625,-0.014329,3.80628,,-0.969062,9.51824,1.85614,-0.291762,fluid
787,13.1079,1.06731,,1001.48,354.209,35036.3,,3.99291,-0.0167196,3.99294,,-1.90796,9.52531,0.760993,-0.284686,fluid
788,12.9879,1.1175,,1001.25,364.554,29434.6,,4.21358,0.0589521,4.21399,,-3.02508,10.6295,-0.761598,0.819497,fluid
789,12.878,1.19438,,1001,375.41,23724.4,,4.44391,0.354227,4.45801,,-3.84526,13.0507,-2.00487,3.24065,fluid
790,12.7166,1.25393,,1000.5,366.51,11891.9,,4.58887,0.536405,4.62012,,-5.19151,14.1316,-4.25683,4.32159,fluid
791,12.4776,1.27757,,999.926,357.464,-1746.87,,4.74881,0.449327,4.77002,,-5.53737,13.6086,-5.67738,3.79856,fluid
792,12.1884,1.31763,,999.303,343.827,-16379.3,,4.86443,0.283641,4.87269,,-3.12585,9.87272,-4.47063,0.0627161,fluid
793,11.9212,1.40514,,999.064,327.405,-21986.8,,4.66534,-0.196519,4.66947,,-1.16037,7.05831,-3.00645,-2.75169,fluid
794,11.5283,1.4964,,999.526,306.739,-11146.4,,3.99664,-0.558592,4.03549,,0.427954,10.5111,-0.539381,0.701118,fluid
795,11.1619,1.59672,,999.81,304.959,-4463.32,,3.65507,-0.55715,3.69729,,0.340712,10.6693,-0.0592355,0.859279,fluid
796,10.8685,1.68232,,1000.01,307.973,205.693,,3.45802,-0.639676,3.51668,,-0.240578,11.2912,-0.221653,1.48123,fluid
797,10.6501,1.72367,,1000.13,313.063,2956.03,,3.36474,-0.745219,3.44627,,-0.787326,11.8499,-0.509803,2.03994,fluid
798,10.4468,1.73422,,1000.19,312.635,4408.13,,3.25505,-0.821255,3.35705,,-0.854092,12.1971,-0.432212,2.38708,fluid
799,10.266,1.7258,,1000.21,320.04,4852.02,,3.2625,-0.867375,3.37583,,-0.632849,12.3163,-0.160316,2.50634,fluid
800,10.0794,1.70714,,1000.19,330.704,4428.88,,3.32543,-0.901926,3.44557,,-0.206743,12.2178,0.232573,2.40775,fluid
801,9.92267,1.68985,,1000.14,343.465,3340.17,,3.4338,-0.929391,3.55735,,0.154443,11.9676,0.491016,2.15756,fluid
802,9.7437,1.68121,,1000.06,348.181,1501.76,,3.47035,-0.961731,3.60114,,0.510201,11.5285,0.664318,1.71853,fluid
803,9.45682,1.67842,,999.973,343.629,-631.105,,3.39329,-1.00728,3.53964,,0.45616,10.9839,0.389422,1.17394,fluid
804,9.02769,1.74157,,1000.02,347.494,493.166,,3.25823,-0.989256,3.4051,,0.210105,10.6088,0.264732,0.798797,fluid
805,8.60456,1.7816,,1000.14,373.09,3338.02,,3.25577,-0.973911,3.39831,,-0.626205,10.9115,-0.238324,1.10146,fluid
806,8.55863,1.77107,,1000.15,389.285,3640.63,,3.37035,-0.984001,3.51106,,-1.09249,10.98,-0.667177,1.17003,fluid
807,9.60297,1.70634,,1000.06,394.259,1464.44,,3.8646,-1.07048,4.01012,,-0.196808,11.7958,-0.0443191,1.98577,fluid
808,9.94088,0.0807942,,1000.63,-0.572124,14878.8,,0.16417,-0.00130942,0.164175,,-7.18237,9.69539,-5.68659,-0.114613,fluid
809,10.5184,0.138066,,1001.01,93.5999,23869.4,,0.917398,0.140235,0.928054,,-0.420603,12.1469,1.8464,2.33685,fluid
810,14.1835,0.293184,,1001.32,92.5956,31220.1,,1.17342,0.0387886,1.17406,,-2.34084,10.8477,-0.142596,1.03772,fluid
811,16.1789,0.403165,,1002.31,62.4639,54687,,0.00900752,-0.0107753,0.0140443,,-0.00401185,9.71919,3.36835,-0.0908132,fluid
812,17.1942,0.481122,,1000.94,60.7182,22231.4,,1.40901,0.138948,1.41584,,-4.10697,9.90873,-2.81523,0.0987294,fluid
813,16.6703,0.481639,,1000.42,-16.2627,9920.55,,0.543733,0.0672804,0.54788,,-3.11859,10.2551,-2.52373,0.445073,fluid
814,16.5738,0.516199,,1000.54,-13.2201,12739.4,,0.44499,0.0367902,0.446508,,-2.6695,9.8745,-1.90128,0.0644968,fluid
815,17.3462,0.658731,,1001.04,91.9971,24454.5,,1.77254,0.61423,1.87595,,-2.95153,12.079,-1.5432,2.26904,fluid
816,16.9265,0.597696,,1000.71,52.9601,16826.4,,1.36923,0.119168,1.37441,,-4.68466,10.0773,-3.69128,0.267343,fluid
817,17.0413,0.648518,,1000.86,83.3793,20199,,1.73011,0.289627,1.75418,,-3.84648,11.1414,-2.6622,1.33137,fluid
818,17.1563,0.757844,,1000.88,106.518,20883.4,,2.07282,0.754888,2.206,,-2.83474,13.0578,-1.61857,3.24782,fluid
819,16.9814,0.716987,,1000.84,94.075,19751,,1.87703,0.350151,1.90941,,-3.72006,11.9027,-2.55793,2.09275,fluid
820,16.9796,0.763394,,1000.84,104.226,19820,,2.02423,0.465443,2.07705,,-3.44277,12.6222,-2.27646,2.81219,fluid
821,16.8933,0.769879,,1000.82,100.32,19402.7,,1.95413,0.319704,1.98011,,-3.8384,12.248,-2.6908,2.43802,fluid
822,16.8439,0.797152,,1000.84,104.164,19709.8,,1.9879,0.2987,2.01021,,-3.83244,12.3206,-2.66327,2.51055,fluid
823,16.7471,0.818872,,1000.88,104.55,20756.6,,1.9351,0.205237,1.94595,,-3.78714,11.8097,-2.54882,1.99972,fluid
824,16.6623,0.846992,,1000.95,110.532,22518.4,,1.94731,0.145778,1.95276,,-3.62467,11.4311,-2.27451,1.62106,fluid
825,16.5478,0.874805,,1001.07,120.905,25210.6,,1.99286,0.0730127,1.99419,,-3.4601,10.7785,-1.93822,0.96845,fluid
826,16.4461,0.906547,,1001.15,137.719,27109.5,,2.16832,0.0398508,2.16868,,-3.527,10.5029,-1.8805,0.692943,fluid
827,16.3466,0.936919,,1001.16,159.131,27384,,2.47056,0.0423252,2.47092,,-3.91705,10.6572,-2.24377,0.847175,fluid
828,16.2815,0.97165,,1001.13,178.065,26654.1,,2.76001,0.0930063,2.76157,,-4.15322,11.3077,-2.518,1.4977,fluid
829,16.2431,1.028,,1001.11,202.016,26214,,3.10997,0.238996,3.11914,,-4.10032,12.2603,-2.48825,2.45032,fluid
830,16.1866,1.11894,,1001.18,238.22,27944.1,,3.56533,0.663924,3.62662,,-3.60667,12.8015,-1.88234,2.99146,fluid
831,16.0083,1.13792,,1001.08,260.221,25415.3,,3.89919,0.947383,4.01263,,-3.4182,13.098,-1.83228,3.28798,fluid
832,15.7345,1.1314,,1000.43,250.893,10164.9,,4.19151,1.00636,4.31062,,-2.35051,15.2483,-1.70476,5.43825,fluid
833,15.3528,1.09492,,1000.83,265.275,19649.7,,4.0638,0.528264,4.09799,,-1.99507,14.6902,-0.716257,4.88017,fluid
834,15.1382,1.10314,,1001.15,285.494,27187.1,,4.02043,0.215469,4.0262,,-4.26544,12.786,-2.47157,2.97595,fluid
835,15.0129,1.14411,,1001.15,307.464,27224.2,,4.2789,0.219859,4.28454,,-5.23031,12.4638,-3.419,2.65375,fluid
836,14.8884,1.26713,,1001,333.147,23623.5,,4.69619,0.70828,4.7493,,-4.70403,13.3186,-3.11891,3.50863,fluid
837,14.648,1.32505,,1000.49,322.512,11499.1,,4.78746,0.841092,4.86078,,-4.91514,12.5926,-4.1305,2.78261,fluid
838,14.3229,1.24886,,1000.05,314.163,1133.15,,4.82595,0.545375,4.85667,,-4.11577,13.1605,-4.03666,3.35052,fluid
839,14.0048,1.26165,,999.601,301.06,-9389.15,,4.89139,0.561335,4.92349,,-1.77818,12.8681,-2.44887,3.05814,fluid
840,13.749,1.32819,,999.231,281.466,-18064.5,,4.82001,0.641284,4.86248,,-0.157628,10.5679,-1.47252,0.75792,fluid
841,13.5393,1.44856,,998.778,257.969,-28654.3,,4.59775,0.295454,4.60723,,0.177383,3.9552,-1.94158,-5.8548,fluid
842,13.2977,1.55034,,999.621,283.951,-8918.89,,4.23483,-0.283179,4.24429,,0.110305,11.3142,-0.560658,1.50422,fluid
843,13.028,1.61946,,999.832,304.293,-3959.85,,4.23678,-0.422042,4.25775,,-0.275524,12.4151,-0.579525,2.60512,fluid
844,12.7209,1.66528,,1000.01,314.313,259.506,,4.11504,-0.511766,4.14674,,-1.74654,13.253,-1.72614,3.44299,fluid
845,12.4907,1.67786,,1000.13,329.529,3092.29,,4.13015,-0.60725,4.17455,,-2.66388,13.7892,-2.41635,3.97918,fluid
846,12.2671,1.66446,,1000.17,335.773,3960.05,,4.10124,-0.704791,4.16136,,-2.70676,13.9382,-2.38399,4.12822,fluid
847,11.9315,1.63244,,1000.08,331.16,1936.52,,3.99686,-0.831299,4.0824,,-0.91062,13.4327,-0.748331,3.62271,fluid
848,11.62,1.62403,,999.955,325.671,-1047.64,,3.92522,-0.840182,4.01413,,1.1309,12.5032,1.04074,2.69322,fluid
849,11.2581,1.67488,,999.94,315.147,-1418.09,,3.69554,-0.737419,3.76839,,1.08788,11.4711,0.961915,1.66113,fluid
850,11.0488,1.70755,,999.998,329.203,-50.6323,,3.74738,-0.749947,3.82168,,0.334413,11.5173,0.329831,1.70731,fluid
851,10.7143,1.73969,,1000.13,341.51,3039.07,,3.68489,-0.790111,3.76865,,-0.728359,12.1229,-0.44475,2.31286,fluid
852,10.2472,1.72564,,1000.22,346.482,5071.46,,3.52098,-0.888092,3.63125,,-1.07279,12.4852,-0.577985,2.67522,fluid
853,9.87551,1.69441,,1000.14,364.977,3293.51,,3.63094,-0.96398,3.75673,,-0.101701,12.0635,0.231755,2.2535,fluid
854,9.72089,1.69307,,1000.08,376.551,1955.68,,3.725,-1.00856,3.85912,,0.070889,11.7947,0.272056,1.98468,fluid
855,10.6413,1.78327,,1000.18,376.488,4221.42,,3.99367,-0.875512,4.08851,,-1.21616,12.6497,-0.819528,2.83974,fluid
856,10.9052,0.0946766,,1001.36,-1.38116,32255.4,,-0.30936,0.274066,0.413298,,1.40649,14.1608,4.36026,4.35075,fluid
857,11.868,0.143678,,1000.23,-45.5237,5461.31,,0.00581142,0.122407,0.122545,,-4.48434,9.99119,-4.02428,0.181192,fluid
858,15.7425,0.329487,,1001.39,102.097,32921.5,,1.53401,0.00832904,1.53403,,-1.99353,9.69947,0.0948195,-0.110531,fluid
859,17.1325,0.467143,,1001.14,28.9284,26844.5,,0.709814,-0.00579211,0.709838,,-3.75465,10.201,-2.18955,0.391011,fluid
860,19.2224,1.41851,,1001.35,83.9572,31862.9,,1.26376,0.820932,1.50699,,-4.51719,8.55111,-2.86183,-1.25889,fluid
861,18.9805,1.61423,,1001.04,131.789,24596.2,,2.36835,0.866984,2.52205,,-3.46765,8.23111,-2.17313,-1.57889,fluid
862,19.0592,1.60242,,1001.05,128.624,24785.2,,2.32543,0.778586,2.45231,,-3.53387,8.48266,-2.2348,-1.32734,fluid
863,18.8267,1.66425,,1001.14,146.783,26896,,2.48553,1.1535,2.74015,,-3.60042,7.4725,-2.17343,-2.3375,fluid
864,17.5256,0.636005,,1001.54,43.0166,36438.2,,0.441702,0.0636606,0.446266,,-0.362094,9.86821,1.71384,0.0582064,fluid
865,18.025,0.838324,,1000.56,7.58672,13261,,0.772738,0.412973,0.876168,,-4.10442,10.0935,-3.36913,0.283473,fluid
866,18.4526,1.41213,,1001.52,156.236,35921.7,,2.23122,1.92307,2.9456,,-0.102771,8.5175,1.84098,-1.2925,fluid
867,18.2962,1.21233,,1001.06,106.09,25112.1,,1.88562,1.47613,2.39469,,-0.860759,9.81258,0.510313,0.00257676,fluid
868,18.2744,1.22035,,1001.03,106.033,24343.3,,1.90815,1.45629,2.40038,,-0.969958,9.96075,0.360767,0.150752,fluid
869,18.067,1.00221,,1000.54,39.8336,12705.2,,1.29989,0.644076,1.45071,,-4.05617,10.0005,-3.35332,0.190475,fluid
870,18.1491,1.14908,,1000.75,81.0245,17709.6,,1.76475,1.06918,2.06337,,-2.57084,9.94519,-1.59579,0.135195,fluid
871,17.9446,0.995896,,1000.4,27.177,9324.18,,1.18701,0.469154,1.27637,,-4.85795,10.7139,-4.33854,0.90391,fluid
872,17.9152,1.02673,,1000.4,32.7883,9397.04,,1.26562,0.471791,1.3507,,-4.98868,10.7901,-4.46436,0.980145,fluid
873,17.903,1.07038,,1000.45,44.8956,10504.6,,1.4182,0.517913,1.50981,,-5.02515,10.7113,-4.43866,0.901333,fluid
874,17.8779,1.11428,,1000.51,58.5635,12036.2,,1.58002,0.559113,1.67603,,-5.13613,10.6329,-4.46323,0.82291,fluid
875,17.9303,1.23559,,1000.71,102.894,16698.4,,2.13964,0.884298,2.31518,,-4.26292,10.6312,-3.33228,0.821248,fluid
876,17.9406,1.32838,,1000.8,133.923,18783.4,,2.57061,1.13045,2.80819,,-3.66805,11.1438,-2.62191,1.33381,fluid
877,17.9249,1.39159,,1000.82,155.411,19268.5,,2.91408,1.25918,3.17449,,-3.66731,11.5904,-2.59323,1.78036,fluid
878,17.8543,1.43006,,1000.96,179.272,22763.9,,3.18982,1.24454,3.424,,-4.31966,11.3847,-3.0459,1.57472,fluid
879,17.6853,1.40139,,1001.3,206.91,30730.5,,3.31878,1.06385,3.48512,,-6.43873,9.87763,-4.70335,0.0676295,fluid
880,17.425,1.35257,,1001.34,235.914,31707.5,,3.64295,1.11988,3.81119,,-6.23837,8.79462,-4.42116,-1.01538,fluid
881,17.1402,1.30875,,1000.77,222.652,18114.8,,3.84067,1.12703,4.00262,,-4.01113,10.6689,-2.95508,0.858853,fluid
882,16.9203,1.27865,,1000.41,208.268,9621.18,,3.91047,0.936812,4.02112,,-3.72382,12.391,-3.15544,2.58105,fluid
883,16.8194,1.36764,,1000.39,228.744,9099.96,,4.20197,0.995013,4.31817,,-3.92056,11.9715,-3.37973,2.16154,fluid
884,16.7311,1.51252,,1000.18,247.377,4177,,4.5879,1.21967,4.74726,,-4.12158,10.8021,-3.87197,0.992057,fluid
885,16.5296,1.59452,,999.728,236.678,-6399.02,,4.69946,1.26664,4.86717,,-4.14176,9.6507,-4.52899,-0.159299,fluid
886,16.2267,1.55685,,999.744,245.437,-6025.67,,4.72717,1.17179,4.87023,,-3.78615,10.8623,-4.15759,1.05234,fluid
887,15.9296,1.49038,,999.779,261.147,-5192.99,,4.81404,1.01671,4.92023,,-3.37973,12.5965,-3.7058,2.78653,fluid
888,15.6913,1.52738,,999.444,257.587,-13068.1,,4.89404,0.698003,4.94356,,-2.81249,9.27694,-3.64578,-0.533063,fluid
889,15.474,1.61538,,999.833,284.928,-3924.6,,4.8946,0.12258,4.89613,,-2.10504,11.9266,-2.3587,2.11655,fluid
890,15.1674,1.66048,,999.9,293.871,-2343.41,,4.87569,0.00628587,4.87569,,-1.49987,11.7953,-1.65438,1.98528,fluid
891,14.7578,1.67335,,1000.05,297.075,1260.41,,4.62149,-0.0687618,4.62201,,-2.24548,12.5364,-2.16008,2.72642,fluid
892,14.4586,1.66988,,1000.23,319.007,5347.85,,4.66358,-0.248896,4.67022,,-3.59406,13.8738,-3.22427,4.06384,fluid
893,14.1384,1.65886,,1000.28,328.912,6518.07,,4.62459,-0.438533,4.64534,,-3.79877,14.8466,-3.33788,5.03656,fluid
894,13.8142,1.65128,,1000.14,331.305,3355.43,,4.63646,-0.541693,4.668,,-1.55165,14.6813,-1.30878,4.87126,fluid
895,13.3736,1.67817,,999.96,310.325,-930.15,,4.31968,-0.558429,4.35563,,0.577441,13.2874,0.507887,3.47738,fluid
896,12.9822,1.71051,,999.992,307.812,-187.219,,4.12242,-0.535367,4.15704,,-0.0198925,13.0461,-0.0343139,3.23613,fluid
897,12.7044,1.71144,,1000.08,318.111,1931.73,,4.09454,-0.568153,4.13377,,-1.56799,13.5864,-1.41596,3.77637,fluid
898,12.4618,1.69748,,1000.16,333.188,3827.45,,4.13826,-0.636649,4.18695,,-2.70192,14.0035,-2.39483,4.19354,fluid
899,12.1016,1.65848,,1000.16,343.561,3744.98,,4.1432,-0.780639,4.2161,,-2.14541,13.927,-1.836,4.11701,fluid
900,11.571,1.64262,,999.968,338.39,-762.854,,4.04233,-0.872353,4.13539,,1.10856,12.4151,1.04263,2.60506,fluid
901,11.0835,1.71218,,999.997,346.149,-69.8308,,3.94503,-0.821083,4.02957,,0.268287,11.624,0.261986,1.81396,fluid
902,10.8943,1.74263,,1000.08,362.163,1798.08,,4.00426,-0.845088,4.09247,,-0.327189,12.011,-0.162154,2.20096,fluid
903,11.8807,1.68863,,1000.16,374.362,3808.74,,4.41374,-0.88676,4.50194,,-1.41797,14.0275,-1.09744,4.21746,fluid
904,12.0158,0.0901909,,1000.54,4.04419,12830.1,,0.392307,0.457834,0.602924,,-4.94973,11.6431,-3.88254,1.83309,fluid
905,12.6902,0.212894,,1001.56,120.835,36788,,1.12782,0.820321,1.3946,,-0.75398,12.8447,2.14045,3.03467,fluid
906,17.4845,0.45964,,1001.76,44.5805,41686.8,,0.391113,-0.010556,0.391255,,-0.295942,10.3713,2.08409,0.561256,fluid
907,17.8031,0.504798,,1001.62,7.33999,38215.1,,-0.196061,-0.00978483,0.196305,,-0.536056,10.5196,1.60703,0.709612,fluid
908,20.4106,1.71524,,1001.31,47.6235,30876.6,,0.614091,0.913751,1.10093,,-3.6104,10.2931,-2.0996,0.483128,fluid
909,20.9363,2.09235,,1001.23,80.6426,29183.4,,1.33126,1.2287,1.81162,,-5.2068,8.8921,-3.81461,-0.9179,fluid
910,20.9637,2.20965,,1001.18,91.5054,27890.6,,1.60275,1.3391,2.08854,,-4.08969,8.99578,-2.76084,-0.814221,fluid
911,20.3481,1.91767,,1001.29,67.1857,30522.7,,0.938542,1.22922,1.54656,,-2.78436,9.65979,-1.28627,-0.150212,fluid
912,20.1809,1.65643,,1001.42,57.8111,33554.6,,0.739822,0.937711,1.19442,,-4.15638,9.28798,-2.49605,-0.52202,fluid
913,20.0831,1.58462,,1001.31,50.8361,31045.2,,0.745987,0.820433,1.10888,,-5.02208,8.66724,-3.47827,-1.14276,fluid
914,19.9392,1.44855,,1001.04,29.4901,24446,,0.651294,0.592291,0.880337,,-5.52117,8.01374,-4.29641,-1.79626,fluid
915,19.7474,1.31509,,1000.77,3.53081,18085.8,,0.436511,0.495027,0.659995,,-4.74055,8.41808,-3.82539,-1.39192,fluid
916,19.8379,1.48898,,1000.96,28.0764,22581.8,,0.675273,0.764181,1.01979,,-5.3074,8.73246,-4.17017,-1.07754,fluid
917,19.7544,1.4509,,1000.85,17.7946,19984.1,,0.581548,0.7301,0.933405,,-5.07167,8.91849,-4.0609,-0.891506,fluid
918,19.4004,1.14702,,1000.8,-1.65031,18931.3,,0.346547,0.713253,0.792985,,-3.66879,9.7707,-2.69375,-0.0393027,fluid
919,19.3629,1.14391,,1000.87,5.72959,20431.5,,0.424214,0.765424,0.875118,,-3.95997,9.87138,-2.9057,0.0613791,fluid
920,19.4344,1.21493,,1000.86,20.4565,20287.1,,0.677462,0.777587,1.03131,,-4.16315,9.73937,-3.12017,-0.0706343,fluid
921,19.4931,1.34048,,1000.87,38.8217,20622.8,,0.959688,0.792265,1.24446,,-4.83961,9.73658,-3.78257,-0.0734247,fluid
922,19.6039,1.51009,,1000.81,55.3932,19224.5,,1.29483,0.820485,1.5329,,-5.84007,9.99307,-4.86022,0.183069,fluid
923,19.7785,1.67741,,1000.78,79.861,18356.4,,1.79997,1.03029,2.07398,,-6.3207,10.2977,-5.39332,0.487745,fluid
924,19.9389,1.86514,,1000.66,108.853,15611.8,,2.46809,1.36936,2.82252,,-5.89329,10.7613,-5.11083,0.951323,fluid
925,20.0003,1.99497,,1000.46,121.228,10815.1,,2.90902,1.57366,3.30738,,-5.66617,10.9381,-5.12567,1.12814,fluid
926,19.8765,1.98874,,1000.4,131.362,9404.22,,3.15843,1.40767,3.45792,,-5.96791,10.9813,-5.49496,1.17135,fluid
927,19.618,1.95031,,1000.61,161.622,14290.5,,3.51841,1.207,3.71968,,-5.71475,10.0145,-4.98676,0.204472,fluid
928,19.3073,1.99371,,1000.94,211.382,22170.4,,3.9956,1.48379,4.26221,,-4.07913,8.26866,-2.93192,-1.54134,fluid
929,19.0516,2.02505,,1001.01,226.802,23912.9,,4.07116,1.82665,4.46217,,-3.54207,8.6895,-2.28817,-1.1205,fluid
930,18.864,2.01917,,1000.95,225.394,22362.5,,4.00993,2.01345,4.48704,,-4.34764,9.48392,-3.1633,-0.326081,fluid
931,18.7016,2.01917,,1000.7,220.63,16561.5,,4.07013,2.13648,4.59679,,-5.24696,10.4411,-4.36201,0.631127,fluid
932,18.4892,1.99928,,1000.23,212.88,5308.01,,4.2756,2.04279,4.73854,,-5.99434,11.2015,-5.70732,1.39152,fluid
933,18.2033,1.91019,,999.799,207.111,-4723.33,,4.55279,1.8759,4.92411,,-5.50523,11.3667,-5.76476,1.55667,fluid
934,17.8963,1.83339,,1000.04,226.361,1012.11,,4.73509,1.7769,5.05751,,-4.17823,11.7993,-4.12168,1.98927,fluid
935,17.617,1.77336,,1000.7,259.897,16550.3,,4.62671,1.53424,4.87446,,-4.36668,12.9881,-3.42789,3.17809,fluid
936,17.3907,1.8153,,1000.48,262.165,11316.2,,4.65896,1.19331,4.80936,,-4.35385,13.0487,-3.70346,3.23869,fluid
937,17.1436,1.86708,,1000.61,281.747,14458.8,,4.72607,0.602238,4.76429,,-4.74325,14.9601,-3.90037,5.1501,fluid
938,16.8442,1.86804,,1000.43,283.965,10159.3,,4.81331,0.44834,4.83414,,-4.8175,14.038,-4.21463,4.22804,fluid
939,16.4938,1.82642,,1000.33,282.227,7803.57,,4.75512,0.372109,4.76966,,-5.27091,13.3009,-4.79794,3.49095,fluid
940,16.0527,1.78443,,1000.36,290.182,8506.04,,4.69168,0.258884,4.69881,,-4.56434,15.074,-4.03464,5.264,fluid
941,15.6627,1.77387,,1000.24,302.195,5708.68,,4.83042,0.059206,4.83078,,-2.99458,14.9248,-2.63019,5.11479,fluid
942,15.2947,1.76935,,1000.1,295.561,2279.57,,4.74176,-0.0828421,4.74248,,-1.37564,13.231,-1.22661,3.42098,fluid
943,14.928,1.75338,,1000.08,292.148,1839.34,,4.58421,-0.1184,4.58574,,-1.25641,12.8206,-1.13321,3.0106,fluid
944,14.487,1.72814,,1000.22,306.086,5166.94,,4.48666,-0.264204,4.49444,,-3.01006,13.9131,-2.65348,4.10309,fluid
945,14.199,1.69252,,1000.29,324.045,6732.93,,4.5669,-0.418718,4.58606,,-3.91455,14.8164,-3.4405,5.00636,fluid
946,13.9253,1.66742,,1000.22,336.5,5211.05,,4.68447,-0.524228,4.71371,,-2.58303,15.0281,-2.20889,5.21813,fluid
947,13.4597,1.68048,,999.992,327.217,-179.909,,4.55086,-0.59809,4.59,,0.250083,13.6121,0.236717,3.80209,fluid
948,12.8609,1.7281,,1000.05,326.073,1174.37,,4.27061,-0.587795,4.31087,,-0.754976,13.444,-0.663667,3.63402,fluid
949,12.3971,1.70674,,1000.19,343.077,4523.16,,4.21272,-0.67231,4.26603,,-2.94145,14.2277,-2.57666,4.41768,fluid
950,12.1706,1.68757,,1000.2,355.198,4740.82,,4.27104,-0.761463,4.33839,,-2.78038,14.2649,-2.39093,4.45492,fluid
951,13.005,1.76855,,1000.07,362.821,1544.96,,4.77517,-0.705778,4.82705,,-0.226176,13.5953,-0.107386,3.78529,fluid
952,12.8762,0.116117,,1001.34,34.1917,31640.6,,0.25324,0.960205,0.993037,,-0.272868,15.8501,2.18113,6.04007,fluid
953,14.9558,0.20241,,1000.39,-80.0642,9244.06,,-0.521278,0.3433,0.624168,,-2.30966,15.8203,-1.69181,6.01031,fluid
954,20.3855,1.40268,,1001.46,29.152,34505.4,,0.202043,0.0482038,0.207714,,-5.63392,8.03607,-3.94374,-1.77393,fluid
955,18.6592,0.714896,,1001.8,19.843,42538.1,,-0.0720967,0.268383,0.277898,,-4.31969,8.73876,-2.04404,-1.07124,fluid
956,21.5359,1.83547,,1000.94,-13.736,22189.8,,-0.169173,0.290486,0.336157,,-4.06837,9.82418,-3.03898,0.0141806,fluid
957,21.9414,2.26618,,1000.91,9.78046,21432.1,,0.330003,0.151157,0.362974,,-4.28845,7.34687,-3.31255,-2.46313,fluid
958,21.859,2.62387,,1001.08,39.7247,25573.5,,0.676057,0.534071,0.86156,,-3.7784,5.67462,-2.60973,-4.13538,fluid
959,21.1169,1.87406,,1001.15,23.7356,27147.4,,0.330077,0.534578,0.628272,,-5.44463,9.45734,-4.16053,-0.352655,fluid
960,19.4034,0.792372,,1000.92,-48.2367,21660.6,,-0.47273,0.0769501,0.478952,,-2.40781,8.59443,-1.29251,-1.21557,fluid
961,19.1486,0.852224,,1001.19,-46.1126,28071.6,,-0.768728,0.519595,0.927859,,-2.09031,10.4636,-0.626062,0.653649,fluid
962,20.3639,1.47619,,1001.47,31.3479,34701.2,,0.208046,0.203038,0.290702,,-5.0042,8.6073,-3.30264,-1.2027,fluid
963,20.6186,1.77061,,1001.08,43.239,25573.8,,0.769728,1.00507,1.26596,,-4.51145,10.2843,-3.27247,0.474318,fluid
964,20.9646,1.92382,,1001.2,52.5976,28374.4,,0.835654,0.888646,1.21984,,-6.35727,9.16441,-5.00544,-0.645588,fluid
965,21.07,1.84206,,1001.13,26.5872,26702.7,,0.42055,0.48567,0.642447,,-6.07329,9.23927,-4.80738,-0.570734,fluid
966,21.4067,2.08459,,1000.99,16.5841,23471,,0.298748,0.820573,0.873264,,-4.07145,10.1184,-2.97611,0.308435,fluid
967,21.4836,2.14479,,1000.92,19.8801,21620.7,,0.459069,0.89556,1.00637,,-4.35269,9.84351,-3.34723,0.0335116,fluid
968,21.7637,2.49748,,1000.95,45.6183,22313.1,,0.973752,0.786919,1.25197,,-5.1707,6.09977,-4.14642,-3.71023,fluid
969,22.0334,3.05068,,1001,83.5542,23541.8,,1.61765,1.52962,2.22633,,-5.64964,5.11686,-4.58224,-4.69314,fluid
970,21.9109,2.98617,,1000.88,81.8056,20718.8,,1.71812,1.55632,2.3182,,-5.91266,5.91226,-4.96789,-3.89774,fluid
971,21.7457,2.8173,,1000.85,86.6265,20003,,1.88228,1.45872,2.38136,,-5.8906,6.47858,-4.97152,-3.33142,fluid
972,21.6381,2.76142,,1000.83,92.4,19684.8,,2.02232,1.47792,2.5048,,-6.26766,6.58007,-5.35868,-3.22993,fluid
973,21.4577,2.66056,,1000.76,98.3794,17966.9,,2.22586,1.53447,2.70353,,-6.71428,6.69258,-5.8776,-3.11742,fluid
974,21.0959,2.50195,,1000.78,109.32,18463.6,,2.3984,1.80458,3.00147,,-4.60563,8.33517,-3.7311,-1.47483,fluid
975,20.7927,2.36082,,1000.86,123.069,20265.4,,2.57114,1.81814,3.14903,,-4.23688,8.59642,-3.26307,-1.21358,fluid
976,20.6225,2.26523,,1000.75,111.514,17813.4,,2.40539,1.67156,2.92917,,-5.44269,8.35951,-4.57955,-1.45049,fluid
977,20.6241,2.31299,,1000.68,119.898,16108.7,,2.647,1.75601,3.1765,,-5.47101,8.52195,-4.69049,-1.28805,fluid
978,20.6813,2.45453,,1000.51,134.424,11915.6,,3.14191,1.99732,3.72302,,-5.09901,8.85152,-4.52315,-0.958478,fluid
979,20.5541,2.45652,,1000.39,140.384,9299.08,,3.34374,2.00963,3.90118,,-5.82015,8.63109,-5.36791,-1.17891,fluid
980,20.3311,2.41553,,1000.2,147.763,4828,,3.64371,2.01979,4.16607,,-6.6404,8.5095,-6.40298,-1.3005,fluid
981,20.0005,2.25816,,999.972,149.244,-660.834,,3.91582,1.84772,4.32986,,-6.30119,9.78831,-6.33423,-0.0216881,fluid
982,19.7419,2.19353,,1000.27,181.227,6445.38,,4.20708,1.72693,4.54773,,-5.55518,9.94369,-5.22879,0.133687,fluid
983,19.561,2.32058,,1000.42,211.038,9815.15,,4.4819,2.111,4.95417,,-4.92601,9.98344,-4.42445,0.173438,fluid
984,19.3432,2.4315,,1000.35,226.406,8266.72,,4.64019,2.05983,5.07684,,-5.49511,12.1225,-5.06789,2.31246,fluid
985,19.0211,2.35324,,1000.4,243.039,9346,,4.79722,1.90358,5.1611,,-6.00315,13.6908,-5.51199,3.88075,fluid
986,18.4935,2.19654,,1000.4,252.508,9511.29,,4.7479,1.51609,4.98409,,-7.49312,14.6209,-6.97903,4.81089,fluid
987,18.0868,2.11779,,1000.22,258.049,5075.3,,4.94093,1.34862,5.12168,,-5.54271,13.3336,-5.26216,3.52359,fluid
988,17.6737,2.06086,,1000.27,257.93,6356.91,,4.82832,1.17806,4.96996,,-3.70944,14.3335,-3.34986,4.5235,fluid
989,17.1663,1.99418,,1000.39,262.635,9196.86,,4.6046,0.68263,4.65493,,-4.07168,15.4574,-3.53614,5.64743,fluid
990,16.728,1.95667,,1000.33,268.247,7729.09,,4.6017,0.431559,4.62189,,-4.50288,14.3875,-4.04098,4.57749,fluid
991,16.5524,1.91412,,1000.32,276.468,7657.22,,4.67824,0.381505,4.69377,,-5.10912,14.049,-4.64667,4.23902,fluid
992,16.0272,1.82438,,1000.34,282.823,7988.58,,4.56992,0.240249,4.57623,,-4.35287,15.1644,-3.8546,5.35439,fluid
993,15.6135,1.79094,,1000.23,298.307,5305.54,,4.76424,0.0338478,4.76436,,-2.68285,14.6977,-2.34312,4.88774,fluid
994,15.1874,1.78176,,1000.09,295.857,2191.84,,4.71382,-0.109992,4.7151,,-1.13232,13.1025,-0.98801,3.29253,fluid
995,14.7996,1.76512,,1000.12,299.09,2940.48,,4.59491,-0.160543,4.59771,,-1.65743,13.1795,-1.45877,3.36945,fluid
996,14.299,1.72102,,1000.28,327.745,6699.26,,4.65886,-0.371762,4.67366,,-4.02189,14.7317,-3.55351,4.92168,fluid
997,13.7844,1.67598,,1000.16,344.12,3793.78,,4.77726,-0.573477,4.81156,,-1.70215,14.8816,-1.42697,5.07157,fluid
998,13.4208,1.70148,,1000.02,340.976,375.821,,4.69448,-0.641507,4.73811,,0.17419,13.7037,0.202192,3.89367,fluid
999,14.2981,1.77714,,1000.3,350.473,7000.52,,4.95725,-0.385179,4.97219,,-4.47847,15.2022,-3.98901,5.39221,fluid
1000,13.2077,0.0738115,,1000.47,-93.3281,11198.1,,-0.746717,0.542101,0.922746,,-0.939057,15.8798,-0.0916139,6.0698,fluid
1001,18.824,1.54417,,1001.33,144.095,31527.5,,2.2795,1.19641,2.5744,,-3.50783,6.82182,-1.8352,-2.98818,fluid
1002,18.7422,0.584322,,1001.57,32.8489,37162.4,,0.528781,0.0283938,0.529542,,-5.7203,7.11843,-3.7406,-2.69157,fluid
1003,20.4001,0.711201,,1001.33,-68.7636,31405.1,,-1.34579,-0.0474972,1.34663,,-4.06074,9.35945,-2.52333,-0.450546,fluid
1004,20.8765,0.863154,,1001.28,-57.4559,30151.9,,-1.14837,-0.0632822,1.15012,,-2.53053,9.34972,-1.08807,-0.460275,fluid
1005,22.1342,2.44845,,1000.95,15.8203,22444.6,,0.413731,-0.152798,0.441045,,-3.54026,6.19703,-2.5272,-3.61297,fluid
1006,22.7107,2.54478,,1000.76,-9.09324,17935,,0.207684,-1.47354,1.48811,,-5.07418,6.2912,-4.28506,-3.5188,fluid
1007,21.1489,1.12967,,1001.23,-76.517,29066.4,,-1.6132,-0.120845,1.61772,,-4.50042,9.9206,-3.12774,0.110603,fluid
1008,20.5238,0.896439,,1001.4,-66.4926,33145.8,,-1.45952,-0.0538952,1.46052,,-4.23578,9.40553,-2.62305,-0.404471,fluid
1009,20.1859,0.936798,,1001.56,-73.5827,36784.7,,-1.76913,-0.0448169,1.76969,,-4.9392,9.567,-3.11974,-0.243,fluid
1010,20.6003,1.05204,,1001.55,-51.9569,36644.2,,-1.40028,-0.0632256,1.40171,,-3.84297,9.54408,-2.0669,-0.265921,fluid
1011,21.3025,1.34651,,1001.14,-62.0917,26879,,-1.25661,-0.256504,1.28252,,-5.18349,10.1542,-3.92315,0.344217,fluid
1012,20.7744,1.25846,,1001.6,-35.5814,37862.8,,-1.25074,-0.106339,1.25525,,-2.99846,9.84545,-1.1788,0.0354488,fluid
1013,21.1804,1.38923,,1001.15,-65.7747,27066.4,,-1.38058,-0.297333,1.41224,,-5.21799,10.2355,-3.94155,0.425525,fluid
1014,22.3264,2.34618,,1001.02,22.1758,23989.4,,0.548384,-0.309162,0.629529,,-4.46991,6.69384,-3.39651,-3.11616,fluid
1015,22.8534,2.71457,,1000.78,-13.1617,18340.4,,0.0542726,-1.15703,1.1583,,-3.49595,5.43586,-2.69405,-4.37414,fluid
1016,22.8385,3.25892,,1000.69,2.07748,16191,,0.278112,-0.198739,0.341824,,-4.02246,4.5081,-3.31401,-5.3019,fluid
1017,22.7212,2.95787,,1000.79,10.2735,18738.9,,0.438304,-0.629744,0.76726,,-5.3831,4.78641,-4.55903,-5.02359,fluid
1018,22.662,2.75829,,1000.88,13.7925,20692.7,,0.50108,-0.923569,1.05074,,-5.66303,4.81891,-4.75073,-4.99109,fluid
1019,22.569,2.76151,,1000.98,25.7207,23048.8,,0.628527,-0.707146,0.946098,,-5.38522,4.55209,-4.36496,-5.25791,fluid
1020,22.3758,2.83282,,1001.17,53.5987,27637.5,,0.930543,0.157161,0.943721,,-4.69235,4.17231,-3.45865,-5.63769,fluid
1021,22.0788,2.58394,,1001.03,46.3972,24264.5,,0.923746,0.487374,1.04443,,-4.04151,5.50124,-2.94364,-4.30876,fluid
1022,22.1727,2.9033,,1001.18,71.8966,27905.8,,1.22918,0.914295,1.53193,,-4.42574,4.50742,-3.16865,-5.30258,fluid
1023,22.3919,3.35387,,1001.08,73.7029,25450.7,,1.30218,0.737169,1.49636,,-5.10863,3.45263,-3.97325,-6.35737,fluid
1024,22.3711,3.5362,,1001.04,79.5926,24495.2,,1.4056,1.29327,1.91004,,-6.23179,5.24326,-5.13797,-4.56674,fluid
1025,22.2366,3.47914,,1000.98,88.4856,23086.2,,1.6612,1.61533,2.31708,,-7.55683,5.00109,-6.51964,-4.80891,fluid
1026,22.0384,3.29964,,1000.75,93.1335,17722.9,,2.02036,1.8566,2.74387,,-7.71954,4.64827,-6.91596,-5.16173,fluid
1027,21.6993,2.94584,,1000.58,91.9791,13753.8,,2.27299,1.84083,2.92492,,-7.13361,6.74554,-6.50014,-3.06446,fluid
1028,21.4445,2.74163,,1000.68,108.955,15977.9,,2.52999,1.73424,3.06731,,-7.06114,6.91687,-6.31656,-2.89313,fluid
1029,21.3203,2.72523,,1000.56,113.421,13133.6,,2.74159,1.79475,3.2768,,-7.03311,7.15727,-6.41744,-2.65273,fluid
1030,21.302,2.82736,,1000.34,118.59,8128.31,,3.08021,1.93432,3.6372,,-7.18419,7.26403,-6.80274,-2.54597,fluid
1031,21.1814,2.84787,,1000.15,127.972,3562.89,,3.47898,2.00431,4.01504,,-7.03525,7.19736,-6.86706,-2.61264,fluid
1032,20.7953,2.78914,,1000.11,151.92,2568.03,,3.94473,2.10887,4.47306,,-5.36486,7.04215,-5.24138,-2.76785,fluid
1033,20.4518,2.85512,,1000.71,200.453,16710.9,,4.05888,2.45826,4.74526,,-6.47372,8.95711,-5.6572,-0.85289,fluid
1034,20.1539,2.75704,,1000.76,213.386,17820.2,,4.15353,2.29908,4.74737,,-8.09734,10.7707,-7.2138,0.960727,fluid
1035,19.752,2.6284,,1000.61,220.398,14442.4,,4.3223,2.09642,4.80388,,-7.7637,12.8301,-7.03296,3.0201,fluid
1036,19.2361,2.53374,,1000.32,218.772,7559.6,,4.47598,1.95976,4.88621,,-5.95591,14.3484,-5.56304,4.5384,fluid
1037,18.9045,2.42312,,1000.29,230.954,6813.54,,4.62264,1.81145,4.96489,,-6.31749,14.5933,-5.95717,4.78325,fluid
1038,18.2559,2.23976,,1000.29,240.058,6932.74,,4.56388,1.38179,4.76847,,-6.30567,15.0158,-5.92603,5.20576,fluid
1039,17.9077,2.17488,,1000.23,254.68,5421.8,,4.83518,1.26402,4.99767,,-4.31018,14.3726,-4.00749,4.56263,fluid
1040,17.6682,2.10962,,1000.25,256.43,5813.45,,4.8045,1.14392,4.93881,,-3.6286,14.5666,-3.29964,4.75665,fluid
1041,17.1283,2.00736,,1000.36,262.024,8552.19,,4.60362,0.652348,4.64961,,-4.11181,15.3724,-3.61269,5.56241,fluid
1042,16.5585,1.94395,,1000.31,272.572,7324.38,,4.62849,0.380878,4.64413,,-5.01541,14.2159,-4.57321,4.40595,fluid
1043,16.2492,1.87864,,1000.33,278.447,7796.01,,4.58713,0.303184,4.59713,,-5.07743,14.5649,-4.59781,4.75492,fluid
1044,15.5884,1.80853,,1000.23,303.321,5366.57,,4.82613,0.0135197,4.82615,,-2.7076,14.7426,-2.36341,4.93262,fluid
1045,14.9609,1.78246,,1000.11,302.41,2479.3,,4.72224,-0.147552,4.72454,,-1.19116,13.0722,-1.02546,3.26218,fluid
1046,14.6587,1.77402,,1000.18,315.747,4307.64,,4.72853,-0.218901,4.7336,,-2.51086,13.77,-2.21705,3.96,fluid
1047,15.4109,1.86064,,1000.21,326.253,4928.65,,5.1223,-0.0930676,5.12314,,-2.52,14.5259,-2.20025,4.71589,fluid
1048,13.8984,0.0812658,,1000.79,-51.0418,18737.7,,-0.248725,0.433025,0.499374,,-5.49324,15.3249,-4.14612,5.51487,fluid
1049,17.9159,0.500682,,1001.39,-3.6769,32922,,-0.126273,-0.00688519,0.12646,,-0.628249,10.3547,1.20678,0.544654,fluid
1050,20.3068,0.484802,,1001.41,-22.8745,33419.3,,-0.406606,-0.0437744,0.408955,,-3.38925,9.48392,-1.74586,-0.326084,fluid
1051,20.0833,0.493193,,1001.52,-38.9773,35875.5,,-0.834442,-0.0372839,0.835274,,-2.27796,9.61353,-0.494329,-0.196468,fluid
1052,20.7132,0.614096,,1001.22,-46.1635,28731.1,,-0.745363,-0.0536562,0.747291,,-2.32675,9.3056,-0.941348,-0.504402,fluid
1053,22.5096,1.86212,,1001.49,-18.1877,35338.3,,-0.765523,-1.02763,1.28142,,-6.38461,10.827,-4.81703,1.01705,fluid
1054,21.4439,1.45308,,1001.16,-52.9427,27295.3,,-1.10211,-0.247898,1.12965,,-4.79476,9.30702,-3.52336,-0.502984,fluid
1055,19.8372,0.652512,,1001.51,-69.8254,35817,,-1.47548,-0.0307539,1.4758,,-2.12657,9.75859,-0.323749,-0.0514066,fluid
1056,19.9345,0.697512,,1001.53,-68.0468,36195.1,,-1.49679,-0.0317909,1.49713,,-2.47619,9.65048,-0.663265,-0.159515,fluid
1057,19.6249,0.750599,,1001.16,-69.5095,27449,,-1.11354,-0.0190569,1.1137,,-2.32373,9.86966,-0.926667,0.0596607,fluid
1058,20.5978,0.806885,,1001.31,-65.003,31021.9,,-1.29949,-0.0553278,1.30066,,-3.15307,9.31084,-1.64897,-0.499165,fluid
1059,21.4115,1.96412,,1001.23,-15.7226,29070.8,,-0.628547,0.422457,0.757325,,-2.73756,9.81737,-1.3815,0.00737016,fluid
1060,22.4512,2.1392,,1001.14,5.0581,26940.4,,0.0932466,-0.953309,0.957859,,-5.49896,9.08863,-4.30038,-0.721368,fluid
1061,22.6053,2.01668,,1001.35,-0.413825,32021.7,,-0.212727,-1.03835,1.05992,,-5.95746,10.1022,-4.54283,0.292232,fluid
1062,22.378,1.66937,,1001.65,-46.7788,39072.1,,-1.58447,-0.835481,1.79125,,-5.89925,10.8772,-4.15612,1.06721,fluid
1063,22.6649,1.69396,,1001.5,-37.8972,35586.1,,-1.14014,-0.846656,1.42012,,-5.36005,10.2087,-3.7923,0.398665,fluid
1064,23.0903,2.78173,,1000.83,-16.4106,19506.9,,-0.063608,-1.30973,1.31127,,-2.45365,6.0584,-1.60953,-3.7516,fluid
1065,23.0975,3.84462,,1000.73,4.71665,17206.2,,0.0865234,-0.483939,0.491613,,-0.742701,4.91104,0.00169427,-4.89896,fluid
1066,23.0533,3.09927,,1000.73,-12.9164,17280.2,,-0.00122287,-0.874401,0.874401,,-1.43414,5.77709,-0.685112,-4.03291,fluid
1067,22.9302,2.13281,,1001.03,-30.1975,24327.1,,-0.472087,-1.71788,1.78156,,-4.56004,9.89783,-3.50021,0.087833,fluid
1068,22.8978,2.11136,,1001.06,-29.6078,25134.5,,-0.503759,-1.74219,1.81356,,-4.74826,9.99677,-3.65175,0.186775,fluid
1069,22.9383,2.4748,,1000.78,-28.6848,18421.1,,-0.206394,-1.6556,1.66842,,-3.77683,7.4955,-2.97438,-2.3145,fluid
1070,22.961,3.09377,,1000.72,-12.269,16935.9,,0.0122905,-0.768974,0.769072,,-1.77057,5.39888,-1.03351,-4.41112,fluid
1071,22.9663,3.59921,,1000.88,13.0614,20780.6,,0.166366,-0.242153,0.293795,,-1.51437,4.29714,-0.610336,-5.51286,fluid
1072,22.911,3.95871,,1000.9,21.7308,21193.1,,0.222447,0.553306,0.596347,,-2.88332,5.52488,-1.95913,-4.28512,fluid
1073,22.7724,3.94059,,1000.89,35.6043,20917.3,,0.551811,0.937894,1.08818,,-6.05215,5.89836,-5.13443,-3.91164,fluid
1074,22.6389,3.51186,,1000.88,54.385,20879.1,,1.08798,0.5156,1.20397,,-5.50824,3.98894,-4.58679,-5.82106,fluid
1075,22.5956,3.53248,,1000.94,61.3499,22095.2,,1.16871,0.649175,1.33691,,-5.36061,4.23928,-4.38367,-5.57072,fluid
1076,22.6166,3.86708,,1000.87,58.0845,20577.3,,1.08371,1.37586,1.7514,,-7.5568,6.15825,-6.64776,-3.65175,fluid
1077,22.5298,3.73844,,1000.9,72.9607,21230.4,,1.39495,1.39459,1.9725,,-7.10765,5.97667,-6.16617,-3.83333,fluid
1078,22.36,3.63607,,1000.87,83.7655,20562.6,,1.66566,1.63377,2.33316,,-7.40059,5.91915,-6.48178,-3.89085,fluid
1079,22.136,3.48794,,1000.74,95.4508,17411.1,,2.05617,1.80594,2.73665,,-8.59086,5.13949,-7.80489,-4.67051,fluid
1080,21.924,3.32708,,1000.34,94.2061,8079.61,,2.47683,1.83681,3.0836,,-8.49859,4.89248,-8.13018,-4.91752,fluid
1081,21.732,3.26832,,999.944,88.207,-1325.06,,2.83193,1.75558,3.33195,,-8.24491,5.13799,-8.30589,-4.67201,fluid
1082,21.4949,3.48738,,999.922,105.056,-1831.75,,3.27596,2.16544,3.92696,,-6.03963,3.33427,-6.12485,-6.47573,fluid
1083,21.27,3.41747,,1000.48,144.432,11212,,3.41887,2.48329,4.22556,,-5.90943,4.61393,-5.38256,-5.19607,fluid
1084,20.6954,3.16658,,1000.78,169.017,18437.9,,3.34406,2.71428,4.30698,,-8.1818,10.4684,-7.29158,0.658393,fluid
1085,20.3336,3.01927,,1000.52,176.142,12302.6,,3.69586,2.72951,4.59452,,-8.75509,12.2227,-8.15037,2.41273,fluid
1086,19.9629,2.82126,,1000.55,196.719,12860.4,,3.98383,2.36325,4.63205,,-9.25928,13.3483,-8.61542,3.53826,fluid
1087,19.3455,2.58697,,1000.35,211.761,8298.85,,4.34319,1.98714,4.7762,,-6.11676,14.6768,-5.68793,4.86682,fluid
1088,19.0516,2.49732,,1000.28,224.233,6582.96,,4.56628,1.88154,4.93874,,-6.02712,14.6644,-5.68169,4.85442,fluid
1089,18.5815,2.3386,,1000.3,232.704,7072.24,,4.52761,1.58154,4.79589,,-6.99392,15.3207,-6.61343,5.51067,fluid
1090,17.9321,2.1952,,1000.24,255.342,5601.18,,4.84413,1.27181,5.0083,,-4.50406,14.6196,-4.19178,4.80962,fluid
1091,17.5678,2.11813,,1000.25,252.024,6006.05,,4.68535,1.04067,4.79953,,-3.62447,14.9411,-3.28268,5.13106,fluid
1092,16.937,2.00319,,1000.34,267.141,7897.16,,4.64874,0.5249,4.67828,,-4.40091,15.0043,-3.9348,5.19434,fluid
1093,16.2858,1.89795,,1000.33,280.47,7694.59,,4.63644,0.314877,4.64712,,-5.21582,14.5553,-4.7435,4.7453,fluid
1094,15.9526,1.85255,,1000.34,298.723,7948.71,,4.78335,0.211662,4.78803,,-4.68307,15.5873,-4.18497,5.77731,fluid
1095,16.5814,2.02574,,1000.29,289.062,6720.67,,4.93636,0.407257,4.95313,,-5.34045,14.7196,-4.93525,4.9096,fluid
1096,14.6644,0.135481,,1002.09,7.80791,49580,,-0.655134,0.522969,0.838271,,0.50541,16.6126,3.87932,6.80259,fluid
1097,19.0257,0.525674,,1001.76,-3.46689,41707.2,,-0.29143,-0.0181998,0.291997,,-2.71949,9.93574,-0.53119,0.125743,fluid
1098,20.7151,0.405954,,1001.27,-12.6058,29953,,-0.0539869,-0.0471453,0.0716747,,-2.43892,9.44344,-0.994799,-0.366557,fluid
1099,22.0855,0.479363,,1001.32,-28.1637,31142.1,,-0.581106,-0.0655918,0.584796,,-2.0921,9.12547,-0.683884,-0.684531,fluid
1100,22.208,0.762528,,1001.42,-22.3668,33620.2,,-0.577026,-0.102156,0.585999,,-2.16336,9.19166,-0.651633,-0.618341,fluid
1101,21.9748,1.34274,,1001.67,-27.0017,39454.3,,-1.08628,-0.204033,1.10527,,-3.33416,10.108,-1.54172,0.297957,fluid
1102,21.9389,1.01105,,1001.57,-27.1849,37131.5,,-0.900461,-0.152182,0.91323,,-3.81019,9.71617,-2.12034,-0.0938306,fluid
1103,21.1463,0.65699,,1001.31,-55.6052,31011.8,,-1.11902,-0.060383,1.12065,,-2.58916,9.29617,-1.12454,-0.513828,fluid
1104,21.4187,0.744058,,1001.28,-37.6071,30204.3,,-0.731,-0.074332,0.734769,,-2.95182,9.33551,-1.54344,-0.474487,fluid
1105,21.8336,2.21025,,1000.96,-11.6226,22634.8,,-0.200497,-0.0624811,0.210007,,-3.89732,8.02813,-2.86161,-1.78187,fluid
1106,22.1081,2.08229,,1001.22,-2.07818,28807.6,,-0.217241,0.0893748,0.234908,,-3.85964,7.68643,-2.55819,-2.12357,fluid
1107,21.8865,1.82404,,1001.45,-28.2448,34387.2,,-1.03279,0.469255,1.13439,,-2.65409,9.93331,-1.08521,0.123308,fluid
1108,22.005,1.5793,,1001.57,-28.1968,37191.5,,-1.07137,-0.0166638,1.0715,,-3.2094,10.5384,-1.52192,0.728449,fluid
1109,23.1894,2.54824,,1000.94,-18.0198,22194.8,,-0.132918,-1.16054,1.16813,,-3.03604,7.32885,-2.07983,-2.48115,fluid
1110,23.3093,3.99604,,1000.69,0.820832,16352.8,,0.0354152,-0.571516,0.572613,,-0.462668,4.86282,0.238404,-4.94718,fluid
1111,23.2497,5.134,,1000.72,14.9652,17052.9,,0.0101648,0.38805,0.388183,,-0.301603,3.66169,0.431333,-6.14831,fluid
1112,23.2086,4.98777,,1000.67,10.5175,15758.9,,-0.00918359,0.423173,0.423273,,0.0355829,3.79243,0.714143,-6.01757,fluid
1113,23.2229,3.738,,1000.63,-4.90821,14962.6,,0.0414966,-0.911744,0.912688,,-0.457191,5.04861,0.186705,-4.76139,fluid
1114,23.1834,3.13208,,1000.76,-12.2751,17996.1,,-0.0154229,-0.772728,0.772882,,-1.45941,6.22736,-0.68375,-3.58264,fluid
1115,22.9354,1.69304,,1001.45,-8.38254,34172.6,,-0.341721,-0.850788,0.91685,,-3.79169,9.09694,-2.30389,-0.713062,fluid
1116,22.6244,1.40021,,1001.52,-54.3725,36059.1,,-1.47068,-0.874792,1.71119,,-5.16749,12.9711,-3.57611,3.16111,fluid
1117,23.0543,2.11746,,1001.03,-27.6038,24312.2,,-0.374837,-1.55764,1.60211,,-4.04856,9.4896,-2.99508,-0.320403,fluid
1118,23.1787,4.34148,,1000.77,9.26904,18137.9,,0.0420547,0.608799,0.61025,,-0.72673,5.98244,0.0551924,-3.82756,fluid
1119,23.077,5.17407,,1000.74,10.5942,17479.5,,-0.12072,1.0583,1.06516,,-2.22992,4.23104,-1.47304,-5.57896,fluid
1120,23.0335,5.07246,,1000.74,8.86713,17438.8,,-0.152972,1.21919,1.22875,,-2.57997,3.8615,-1.82342,-5.9485,fluid
1121,23.042,4.36479,,1000.7,6.389,16581.9,,0.035866,0.987952,0.988603,,-1.12187,6.44626,-0.402735,-3.36374,fluid
1122,22.9921,4.26376,,1000.75,9.01988,17683.5,,0.0585494,0.780489,0.782682,,-1.53281,6.30387,-0.764275,-3.50613,fluid
1123,22.9191,4.68703,,1000.49,-5.93804,11455.1,,-0.113437,1.70786,1.71163,,-2.76749,5.36167,-2.26793,-4.44833,fluid
1124,22.8779,4.78775,,1000.46,-7.74182,10774,,-0.147294,1.82927,1.83519,,-3.45997,4.79284,-2.98925,-5.01716,fluid
1125,22.8395,4.65283,,1000.29,-13.7207,6893.14,,-0.0456779,1.92804,1.92858,,-3.4924,5.23521,-3.19068,-4.57479,fluid
1126,22.7982,4.50375,,1000.21,-11.2968,5005.02,,0.162669,2.00914,2.01572,,-4.94407,5.60848,-4.72458,-4.20152,fluid
1127,22.7785,4.34517,,1000.39,5.63426,9216.88,,0.385057,1.81091,1.8514,,-6.515,6.31455,-6.11053,-3.49545,fluid
1128,22.7328,4.33825,,1000.37,13.3335,8783.31,,0.584433,1.85944,1.94912,,-7.59981,6.21838,-7.21358,-3.59162,fluid
1129,22.6695,4.26915,,1000.48,35.8614,11289.3,,0.981774,1.80972,2.05888,,-8.98594,6.09059,-8.48818,-3.71941,fluid
1130,22.5394,4.0726,,1000.66,72.058,15533.3,,1.59314,1.68219,2.31686,,-8.74584,6.23445,-8.05713,-3.57555,fluid
1131,22.2172,4.14083,,999.873,60.606,-2999.02,,2.21019,1.96859,2.95977,,-5.688,4.47109,-5.823,-5.33891,fluid
1132,21.868,4.12902,,1000.2,78.0199,4783.87,,2.2705,2.55873,3.42086,,-4.29377,3.36889,-4.07505,-6.44111,fluid
1133,21.5143,3.86631,,1000.77,115.649,18230.2,,2.27254,2.78686,3.59598,,-8.08438,5.72412,-7.23768,-4.08588,fluid
1134,21.1381,3.61556,,1000.68,129.659,15954.4,,2.64374,3.08707,4.0644,,-10.3498,9.34214,-9.59552,-0.467856,fluid
1135,20.8791,3.36283,,1000.71,155.004,16756.6,,3.13974,2.94889,4.30743,,-9.24889,10.3483,-8.44691,0.538325,fluid
1136,20.3103,3.04771,,1000.44,167.556,10424.2,,3.61543,2.72463,4.52713,,-8.80165,12.4142,-8.28863,2.60421,fluid
1137,20.0262,2.87736,,1000.5,191.707,11891.4,,3.95239,2.47067,4.66107,,-9.36786,13.3583,-8.77437,3.54835,fluid
1138,19.2854,2.58988,,1000.32,211.759,7638.07,,4.36298,1.96265,4.7841,,-6.11431,14.9013,-5.71838,5.09134,fluid
1139,18.8952,2.47219,,1000.26,226.832,6224.78,,4.57776,1.79219,4.91607,,-6.36443,15.0162,-6.03508,5.20616,fluid
1140,18.3008,2.28142,,1000.3,242.712,7052.96,,4.6226,1.41906,4.83551,,-6.72134,15.4654,-6.33607,5.65542,fluid
1141,17.5059,2.1162,,1000.26,252.88,6211.86,,4.67094,0.983146,4.77329,,-3.69718,15.1352,-3.34243,5.32518,fluid
1142,17.1379,2.05558,,1000.32,266.593,7512.76,,4.72318,0.667343,4.77009,,-4.05617,15.5482,-3.61794,5.73818,fluid
1143,17.6863,2.23653,,1000.25,270.461,5965.96,,5.0485,1.13343,5.17417,,-4.07557,15.8377,-3.73833,6.02773,fluid
1144,15.6633,0.20845,,1001.52,47.4302,36040.1,,0.673874,0.0475143,0.675547,,-3.72229,11.0172,-1.42486,1.20725,fluid
1145,21.2337,1.74311,,1001.05,-13.8563,24850.2,,-0.290295,0.182083,0.342674,,-4.84201,9.01776,-3.67291,-0.792243,fluid
1146,21.8394,0.408165,,1001.45,-29.7149,34314.7,,-0.777444,-0.0617277,0.77989,,-1.70376,9.10568,-0.134807,-0.704319,fluid
1147,22.6031,0.491818,,1001.32,-10.3352,31284.8,,-0.194946,-0.069782,0.207059,,-1.29931,9.26635,0.0829573,-0.54365,fluid
1148,22.4361,0.596747,,1001.29,-15.9712,30607.1,,-0.27064,-0.0781766,0.281705,,-1.55258,9.19479,-0.190157,-0.615215,fluid
1149,22.3857,1.07433,,1001.69,-32.2904,39963.6,,-1.15157,-0.197382,1.16836,,-3.28349,9.87011,-1.50127,0.0601068,fluid
1150,22.1151,0.914481,,1001.58,-26.9302,37409.3,,-0.888739,-0.131191,0.89837,,-2.64808,9.46074,-0.959168,-0.349258,fluid
1151,21.4419,0.747395,,1001.27,-35.5488,30076.8,,-0.682077,-0.0754987,0.686243,,-2.85238,9.33529,-1.45145,-0.474707,fluid
1152,21.6953,1.22553,,1001.41,-41.7973,33314.1,,-1.07386,-0.200827,1.09248,,-5.15766,10.0895,-3.62427,0.279451,fluid
1153,22.7261,1.47583,,1001.5,-37.9358,35529.5,,-1.06031,-0.916574,1.40156,,-4.51229,10.7136,-2.95126,0.903637,fluid
1154,22.5862,1.23133,,1001.48,-58.6736,35082.2,,-1.50856,-0.37207,1.55377,,-4.14422,10.7452,-2.59326,0.935215,fluid
1155,23.3852,1.86521,,1001.31,-1.34376,30950.2,,0.000106114,-1.23645,1.23645,,-1.28352,8.89824,0.0382476,-0.911759,fluid
1156,23.4755,2.66488,,1001.12,-4.14333,26425,,-0.0133002,-0.81812,0.818228,,-1.53035,6.88762,-0.405973,-2.92238,fluid
1157,23.4629,4.33147,,1000.86,11.2272,20289.3,,0.0142862,-0.366136,0.366415,,-0.522356,5.34253,0.34164,-4.46747,fluid
1158,23.2917,6.26115,,1000.57,-3.59281,13339.6,,-0.346864,0.334617,0.481958,,-0.260569,3.06572,0.311826,-6.74428,fluid
1159,23.3273,5.65676,,1000.57,2.18144,13504,,-0.120463,0.0580774,0.133732,,-0.93426,4.83923,-0.355701,-4.97077,fluid
1160,23.3884,3.07355,,1001,-2.66672,23703.8,,-0.0415335,-1.01693,1.01778,,-1.86768,6.79349,-0.855214,-3.01651,fluid
1161,23.3498,2.25372,,1000.97,-21.7898,22825.2,,-0.123294,-0.887952,0.896471,,-2.662,8.50245,-1.68541,-1.30755,fluid
1162,23.3256,1.9554,,1001.18,-11.4404,27803.3,,-0.101215,-1.33076,1.33461,,-2.42223,9.14971,-1.23166,-0.660291,fluid
1163,23.3581,2.84694,,1001.04,-4.87544,24571.8,,-0.0377331,-1.14365,1.14427,,-1.93999,6.55514,-0.889125,-3.25486,fluid
1164,23.3182,5.20348,,1000.73,15.9766,17321.2,,0.0214116,0.153047,0.154538,,-0.324969,3.74229,0.417307,-6.06771,fluid
1165,23.1756,6.44618,,1000.68,4.57509,16020.7,,-0.336305,0.583369,0.673365,,-0.775009,2.86443,-0.0842052,-6.94557,fluid
1166,23.1662,6.83183,,1000.33,-5.53899,7735.65,,-0.143987,0.425609,0.449305,,-1.47693,2.1216,-1.14312,-7.6884,fluid
1167,23.1026,6.76718,,1000.45,-0.116829,10680.1,,-0.170036,0.652129,0.673932,,-1.60287,1.84531,-1.14079,-7.96469,fluid
1168,23.0597,6.19043,,1000.49,-14.4822,11533.1,,-0.527137,1.16864,1.28203,,-2.25172,2.64416,-1.75183,-7.16584,fluid
1169,23.1181,5.4442,,1000.62,4.24358,14691.8,,-0.121759,0.90075,0.908942,,-2.19135,5.02511,-1.55624,-4.78489,fluid
1170,23.0092,6.11522,,1000.32,-22.7736,7479.21,,-0.48826,1.27187,1.36237,,-2.68368,2.60006,-2.35873,-7.20994,fluid
1171,22.9278,6.48422,,1000.34,-23.5478,8055.9,,-0.552081,1.38126,1.48751,,-2.67201,1.81039,-2.32077,-7.99961,fluid
1172,22.9118,6.14192,,1000.05,-37.4809,1143.4,,-0.483762,1.5031,1.57903,,-2.79251,2.43367,-2.7426,-7.37633,fluid
1173,22.8967,5.99057,,999.952,-40.0235,-1135.08,,-0.387021,1.69701,1.74058,,-2.75551,2.49846,-2.80509,-7.31154,fluid
1174,22.8765,5.8914,,999.89,-41.8933,-2583.93,,-0.322393,1.89299,1.92025,,-2.69246,2.43204,-2.80543,-7.37796,fluid
1175,22.8644,5.75309,,999.909,-38.615,-2143.09,,-0.232802,1.99262,2.00618,,-2.58437,2.88782,-2.67811,-6.92218,fluid
1176,22.866,5.59028,,1000.03,-30.4894,765.565,,-0.164917,2.01481,2.02155,,-2.64967,3.71475,-2.61619,-6.09525,fluid
1177,22.8709,5.22604,,1000.39,-10.9939,9130.87,,-0.146293,1.88403,1.8897,,-3.68339,4.27201,-3.28431,-5.53799,fluid
1178,22.823,5.20941,,1000.3,-8.11083,7031.05,,0.0252448,1.95828,1.95845,,-3.93268,4.17997,-3.6247,-5.63003,fluid
1179,22.6794,5.54679,,999.766,-10.4226,-5510.36,,0.638331,2.3684,2.45291,,-5.09049,2.74841,-5.33352,-7.06159,fluid
1180,22.3514,5.26236,,1000.17,14.6242,4052.32,,0.827334,2.70118,2.82504,,-1.29228,3.44648,-1.11101,-6.36352,fluid
1181,22.1156,4.97387,,1000.78,46.9796,18394.5,,0.701789,2.98447,3.06587,,-4.08019,3.87974,-3.24909,-5.93026,fluid
1182,21.9096,4.5423,,1000.78,66.667,18421.4,,1.11814,2.97924,3.18216,,-6.57115,5.25442,-5.73101,-4.55558,fluid
1183,21.7049,4.29677,,1000.75,77.3122,17743.9,,1.37966,3.16342,3.45119,,-9.8922,6.60277,-9.07531,-3.20723,fluid
1184,21.2896,3.80093,,1000.63,100.889,14746.8,,2.08527,3.00616,3.6586,,-10.6625,8.78088,-9.97026,-1.02912,fluid
1185,21.004,3.54267,,1000.58,128.084,13717.7,,2.72214,3.06098,4.0963,,-10.3123,10.3009,-9.65955,0.490908,fluid
1186,20.6384,3.26172,,1000.49,140.804,11483.3,,3.0815,2.81436,4.17328,,-9.03354,11.3401,-8.47741,1.5301,fluid
1187,20.1765,2.98972,,1000.43,176.678,10082.9,,3.7879,2.64663,4.62091,,-9.16551,12.9316,-8.66599,3.12156,fluid
1188,19.6566,2.7136,,1000.48,208.714,11225.4,,4.22303,2.15779,4.74236,,-8.394,14.6466,-7.82319,4.8366,fluid
1189,18.7735,2.44447,,1000.27,229.119,6274.3,,4.57418,1.71532,4.88523,,-6.78696,15.2433,-6.45284,5.43334,fluid
1190,18.3983,2.33691,,1000.3,243.028,7009.82,,4.66577,1.49086,4.89817,,-7.1637,15.8545,-6.78281,6.04455,fluid
1191,18.7338,2.52983,,1000.26,234.994,6109.1,,4.7177,1.72086,5.02176,,-7.31945,16.1484,-6.99344,6.33844,fluid
1192,16.3713,0.281812,,1001.58,-32.4141,37410.2,,-0.858179,0.0719881,0.861193,,-0.654068,9.49254,1.62743,-0.317458,fluid
1193,20.6137,1.48176,,1001.45,16.2574,34229.7,,-0.0784385,0.466184,0.472737,,-3.57269,9.19725,-1.91456,-0.61275,fluid
1194,20.8907,0.419873,,1001.29,-11.9624,30573.3,,-0.103567,-0.0498928,0.114958,,-2.42348,9.37853,-0.961889,-0.431473,fluid
1195,22.7034,0.489039,,1001.34,-10.155,31692.1,,-0.215603,-0.0706297,0.226877,,-1.30237,9.2995,0.0916798,-0.510501,fluid
1196,23.2419,0.987774,,1001.26,-12.9726,29838.1,,-0.10905,-0.206029,0.233109,,-3.30675,9.89876,-2.02457,0.0887629,fluid
1197,23.1522,1.22037,,1001.23,-15.0201,28956.7,,-0.116426,-0.350655,0.369478,,-3.52611,10.2032,-2.27693,0.393172,fluid
1198,22.6633,1.00196,,1001.37,-40.0526,32426.6,,-0.897699,-0.198958,0.919483,,-2.66064,9.88313,-1.23181,0.0731259,fluid
1199,21.8196,1.50534,,1001.45,-35.1705,34202.1,,-1.05875,-0.0410835,1.05955,,-4.20455,9.76389,-2.63932,-0.0461074,fluid
1200,22.7753,1.32099,,1001.31,-43.8915,31050.4,,-0.919375,-0.643239,1.12205,,-3.58342,12.0564,-2.22187,2.24642,fluid
1201,23.1196,1.23151,,1001.2,-17.8488,28428.5,,-0.154845,-0.366542,0.397907,,-3.77405,10.2493,-2.5459,0.439265,fluid
1202,23.3487,1.6362,,1001.63,15.1624,38567.9,,0.0178881,-0.895569,0.895748,,-1.92319,8.59528,-0.274055,-1.21472,fluid
1203,23.5901,2.41445,,1001.05,-11.9408,24862.5,,0.00724289,-0.355685,0.355759,,-1.33015,7.58583,-0.277321,-2.22417,fluid
1204,23.5672,4.70837,,1000.54,-10.4495,12675,,-0.181935,-0.652348,0.677243,,0.0470333,6.21275,0.584569,-3.59725,fluid
1205,23.524,5.42129,,1000.51,1.84297,12014.9,,0.00407796,-0.929635,0.929644,,0.567106,4.37237,1.0776,-5.43763,fluid
1206,23.3851,7.11263,,1000.15,-29.3939,3634.57,,-0.522528,-1.20824,1.31639,,-0.278112,3.18002,-0.122713,-6.62998,fluid
1207,23.4917,5.39343,,1000.55,5.38365,12969.1,,0.0168338,-0.798995,0.799173,,-0.260732,4.33787,0.291034,-5.47213,fluid
1208,23.5356,4.15308,,1000.76,3.05161,17999.1,,0.00782315,-0.849308,0.849344,,-0.450386,4.82987,0.31379,-4.98013,fluid
1209,23.5181,3.31722,,1001.05,2.17208,24752.5,,-0.0936214,-1.18059,1.1843,,-2.08004,7.96994,-1.02866,-1.84006,fluid
1210,23.3835,6.07941,,1000.43,-12.5006,10069.4,,-0.331414,-0.0750429,0.339804,,-0.721714,3.63167,-0.291278,-6.17833,fluid
1211,23.3338,7.42605,,1000.09,-20.1812,2129.66,,-0.25756,-0.755516,0.798212,,-0.860877,1.90245,-0.769616,-7.90755,fluid
1212,23.2627,7.72929,,1000.48,10.3562,11318.7,,-0.108848,-0.233611,0.257725,,0.321243,3.73069,0.807568,-6.07931,fluid
1213,23.2064,7.72047,,1000.65,13.365,15242.5,,-0.267684,-0.0558799,0.273454,,0.0751155,4.31678,0.731515,-5.49322,fluid
1214,23.1796,7.69459,,1000.66,8.14082,15588.9,,-0.41494,0.104768,0.427962,,-0.409075,4.1436,0.263008,-5.6664,fluid
1215,23.2189,7.53641,,1000.42,-2.48939,10000,,-0.317857,-0.0534947,0.322327,,0.288195,2.37216,0.718699,-7.43784,fluid
1216,23.2141,7.36923,,1000.29,-11.8931,6717.87,,-0.333837,-0.185006,0.381673,,-0.301498,1.47473,-0.0121935,-8.33527,fluid
1217,23.0765,7.65977,,1000.47,-18.3122,11037.4,,-0.781259,0.373595,0.86599,,-2.32774,3.97498,-1.84967,-5.83502,fluid
1218,22.988,7.68899,,1000,-55.6405,106.89,,-1.03968,0.464631,1.13878,,-3.08026,2.83181,-3.07561,-6.97819,fluid
1219,23.0642,7.45154,,1000.35,-14.6906,8160.21,,-0.506401,0.289831,0.583476,,-1.82975,1.94016,-1.47606,-7.86984,fluid
1220,23.0207,7.42442,,1000.21,-22.0248,4985.04,,-0.502066,0.457854,0.679485,,-2.41651,1.51052,-2.20001,-8.29948,fluid
1221,22.9109,7.50341,,999.515,-73.3778,-11399.8,,-0.79941,0.77199,1.11132,,-3.20625,1.45356,-3.70406,-8.35644,fluid
1222,22.8791,7.43565,,999.515,-67.8657,-11407.1,,-0.652322,0.815908,1.04462,,-3.21137,0.724262,-3.71019,-9.08574,fluid
1223,22.8846,7.28645,,999.913,-34.3824,-2054.29,,-0.34813,0.871976,0.938902,,-2.5516,0.607403,-2.64138,-9.2026,fluid
1224,22.8695,7.14192,,1000.07,-22.0674,1639.56,,-0.222904,1.07004,1.09301,,-2.58513,0.578744,-2.51344,-9.23126,fluid
1225,22.8577,6.96163,,1000.17,-15.6597,3899.45,,-0.161723,1.35477,1.36439,,-2.32961,0.662493,-2.15904,-9.14751,fluid
1226,22.8213,6.63606,,1000.05,-32.7982,1160.2,,-0.373259,1.66182,1.70322,,-2.14274,1.23883,-2.09191,-8.57117,fluid
1227,22.6767,6.85091,,999.524,-46.464,-11201.3,,0.00415135,2.02453,2.02454,,-1.74151,0.64531,-2.23571,-9.16469,fluid
1228,22.2018,6.73045,,1000.02,-59.3095,409.661,,-0.669235,2.36192,2.4549,,1.22189,1.69679,1.24034,-8.11321,fluid
1229,22.237,6.30601,,1000.25,-34.8771,5928.39,,-0.486197,2.67076,2.71465,,0.238994,2.04207,0.505527,-7.76793,fluid
1230,22.1195,5.91589,,1000.59,-24.5431,13968.3,,-0.786019,2.91623,3.0203,,-4.50053,2.01773,-3.86941,-7.79227,fluid
1231,22.0052,5.26508,,1000.55,-11.0341,13021.6,,-0.36079,3.18425,3.20463,,-7.90487,4.60585,-7.31345,-5.20415,fluid
1232,21.9424,4.88239,,1000.73,28.0308,17253.4,,0.276857,3.09929,3.11163,,-8.76453,5.31757,-7.9788,-4.49243,fluid
1233,21.7168,4.42183,,1000.63,53.6783,14756.8,,1.00354,3.19,3.34413,,-10.5471,6.87194,-9.86797,-2.93806,fluid
1234,21.5657,4.11892,,1000.71,86.961,16833.7,,1.65436,3.14414,3.55282,,-10.9288,7.22347,-10.1488,-2.58653,fluid
1235,21.1392,3.67381,,1000.59,117.234,13908.8,,2.4823,3.12966,3.99457,,-10.9852,9.68458,-10.3276,-0.12542,fluid
1236,20.6974,3.32435,,1000.48,139.52,11260.3,,3.07294,2.90503,4.22873,,-9.39947,11.3405,-8.85569,1.53052,fluid
1237,20.0178,2.91412,,1000.44,187.43,10413.1,,3.94598,2.51024,4.67676,,-9.57002,13.5769,-9.05006,3.76694,fluid
1238,19.6082,2.73023,,1000.43,208.089,10237.5,,4.25404,2.15658,4.76946,,-8.5084,15.0436,-7.98652,5.23362,fluid
1239,19.8276,2.92873,,1000.36,191.25,8412.47,,4.10892,2.43168,4.77455,,-10.1871,14.6729,-9.76301,4.8629,fluid
1240,17.197,0.294163,,1001.51,10.248,35777.2,,0.167489,-0.00808389,0.167684,,-3.45216,10.5051,-1.37486,0.69508,fluid
1241,18.4986,0.460029,,1001.67,-8.72347,39596.5,,-0.336389,-0.0132363,0.336649,,-4.55432,10.2172,-2.41739,0.407215,fluid
1242,20.4554,0.454028,,1001.31,-38.3973,31045.1,,-0.615105,-0.0452483,0.616767,,-2.37288,9.48319,-0.857174,-0.326813,fluid
1243,23.2849,0.526604,,1001.18,-20.7597,27810.9,,-0.252242,-0.0814612,0.26507,,-2.60401,9.43648,-1.41104,-0.37352,fluid
1244,21.7152,0.60388,,1001.38,-23.5706,32645.2,,-0.54909,-0.0743912,0.554106,,-1.91255,9.15715,-0.411289,-0.652853,fluid
1245,23.6105,2.18009,,1001.08,-13.5068,25485.9,,0.0146469,-0.421429,0.421684,,-1.48168,7.62087,-0.403408,-2.18913,fluid
1246,23.4014,1.06892,,1001.43,0.869327,33828.7,,0.0217203,-0.238142,0.239131,,-1.81266,9.93205,-0.369144,0.122046,fluid
1247,21.3567,1.12796,,1001.24,-69.2815,29250.1,,-1.44109,-0.141036,1.44797,,-4.61831,9.9893,-3.2504,0.179302,fluid
1248,21.9619,1.18165,,1001.7,-32.1926,40118.1,,-1.1876,-0.18731,1.20228,,-3.37083,9.98374,-1.5472,0.17374,fluid
1249,23.465,2.27447,,1000.97,-18.7496,22813.3,,-0.0253358,-0.495225,0.495873,,-1.5333,8.00552,-0.562008,-1.80448,fluid
1250,23.6511,3.75177,,1000.75,-9.98533,17635.9,,-0.160569,-1.11345,1.12497,,-1.80963,6.57874,-1.06452,-3.23126,fluid
1251,23.5264,6.61258,,1000.41,-14.2465,9775.61,,-0.431604,-1.45916,1.52165,,1.01443,4.62876,1.42978,-5.18124,fluid
1252,23.481,8.83935,,999.979,-24.5225,-500.372,,-0.415413,-0.324812,0.527324,,-0.738127,2.9016,-0.759437,-6.9084,fluid
1253,23.0922,9.44675,,1000,-8.38757,31.8599,,-0.162671,-0.912197,0.926588,,0.0639586,2.64882,0.0653383,-7.16118,fluid
1254,23.2536,9.21034,,1000.01,-17.2945,183.908,,-0.334112,-0.608817,0.69447,,-0.168336,2.70864,-0.160427,-7.10136,fluid
1255,23.4816,6.62096,,1000.34,-16.8823,8083.43,,-0.389169,-0.894979,0.975931,,0.386344,3.92486,0.730471,-5.88514,fluid
1256,23.5506,5.83085,,1000.42,-10.9481,10014.6,,-0.239613,-0.718056,0.756981,,-0.482735,4.55426,-0.0576779,-5.25574,fluid
1257,23.4388,6.84388,,1000.31,-21.6394,7263.01,,-0.510811,-1.49284,1.57782,,0.6512,4.40379,0.960975,-5.40621,fluid
1258,23.0259,9.38813,,999.994,-16.4451,-148.674,,-0.321531,-0.727514,0.795398,,0.0676853,2.14774,0.0612285,-7.66226,fluid
1259,22.9097,9.56048,,999.879,-25.5904,-2845.66,,-0.414717,-0.87197,0.965568,,-0.218565,1.92395,-0.342792,-7.88605,fluid
1260,23.1694,9.213,,1000.03,-21.3665,663.483,,-0.453225,-0.477977,0.658692,,-0.0185731,2.39085,0.0100623,-7.41915,fluid
1261,23.3378,8.56792,,1000.24,-5.87551,5644.22,,-0.292304,-0.649461,0.712209,,-0.339837,2.51506,-0.0980459,-7.29494,fluid
1262,23.3028,8.56578,,1000.28,-3.90201,6535.46,,-0.29628,-0.655071,0.718957,,-0.400709,2.30989,-0.120329,-7.50011,fluid
1263,23.1063,9.1778,,1000.03,-21.9031,814.445,,-0.467901,-0.441283,0.643166,,-0.147663,2.23376,-0.112416,-7.57624,fluid
1264,22.9208,9.30074,,999.914,-38.7522,-2022.08,,-0.698868,-0.472181,0.843428,,-0.187526,1.18856,-0.275754,-8.62144,fluid
1265,23.1786,8.84636,,1000.15,-8.89872,3516.65,,-0.274433,-0.191076,0.3344,,-1.03431,2.50926,-0.882614,-7.30074,fluid
1266,23.1313,8.50411,,1000.36,-6.37203,8441.56,,-0.461852,-0.656125,0.802376,,-1.77652,1.32374,-1.41171,-8.48626,fluid
1267,23.0945,8.55328,,1000.34,-5.03817,8058.58,,-0.410525,-0.540551,0.678768,,-2.04722,1.5037,-1.6984,-8.3063,fluid
1268,23.0387,8.60101,,1000.29,-6.10423,6806.4,,-0.369141,-0.399705,0.544086,,-2.44034,1.71175,-2.145,-8.09825,fluid
1269,22.9749,8.6058,,1000.18,-10.3805,4324.03,,-0.335589,-0.28845,0.44252,,-2.72082,1.69691,-2.53265,-8.11309,fluid
1270,22.9078,8.57365,,1000.05,-17.5268,1260.21,,-0.333373,-0.160088,0.369819,,-2.49459,1.78727,-2.43958,-8.02273,fluid
1271,22.8652,8.49978,,999.977,-25.6067,-530.402,,-0.410904,-0.0131291,0.411114,,-2.22726,1.87592,-2.25046,-7.93408,fluid
1272,22.787,8.40397,,999.842,-42.2063,-3712.02,,-0.581204,0.35662,0.681891,,-1.53496,1.9344,-1.69789,-7.8756,fluid
1273,22.626,8.28006,,998.992,-105.53,-23659.8,,-0.862148,0.67853,1.09713,,-0.531801,2.85235,-1.57855,-6.95765,fluid
1274,22.3769,8.59865,,998.982,-62.7243,-23897.4,,0.179729,0.934181,0.951314,,2.80927,1.94176,1.74024,-7.86824,fluid
1275,21.9794,8.40833,,1000.27,-45.4254,6401.05,,-1.01255,1.44723,1.76628,,0.603837,2.04169,0.894987,-7.76831,fluid
1276,21.9421,8.20623,,1000.42,-46.0804,9809.36,,-1.18655,1.55441,1.95553,,-0.245044,2.06438,0.201827,-7.74562,fluid
1277,22.0131,7.59617,,1000.21,-56.2796,4967.27,,-1.04478,1.71386,2.00721,,0.925283,2.06587,1.15089,-7.74413,fluid
1278,21.9926,7.07283,,1000.4,-64.7849,9435.81,,-1.49205,2.0229,2.51364,,-2.73924,0.999804,-2.31037,-8.8102,fluid
1279,21.9869,6.4852,,1000.47,-65.5752,11095.2,,-1.54858,2.29562,2.76911,,-6.21281,1.50354,-5.70841,-8.30646,fluid
1280,22.0287,6.04587,,1000.54,-45.7773,12715.3,,-1.20779,2.74272,2.99687,,-7.10324,1.72351,-6.52634,-8.08649,fluid
1281,22.0807,5.585,,1000.54,-21.169,12629.8,,-0.602223,3.01601,3.07555,,-5.74017,3.27599,-5.16849,-6.53401,fluid
1282,22.0021,5.10762,,1000.71,11.9774,16823.2,,-0.0538087,3.21517,3.21562,,-8.44969,4.9004,-7.68562,-4.9096,fluid
1283,21.7574,4.53263,,1000.58,40.4004,13771.3,,0.758494,3.16294,3.25262,,-10.3982,6.64479,-9.76564,-3.16521,fluid
1284,21.481,4.06339,,1000.62,82.6522,14604.3,,1.6833,3.14431,3.56654,,-11.6404,7.7007,-10.9609,-2.1093,fluid
1285,20.9411,3.52977,,1000.51,126.164,12099.6,,2.76534,3.07678,4.13687,,-10.5729,10.6947,-9.99541,0.884697,fluid
1286,20.6067,3.30637,,1000.38,131.939,8861.4,,3.03961,2.84079,4.16045,,-9.36387,11.5116,-8.934,1.70165,fluid
1287,20.6384,3.45539,,1000.27,119.022,6464.16,,2.96013,2.95992,4.18611,,-10.3032,11.7696,-9.99003,1.95964,fluid
1288,17.8961,0.382252,,1001.85,8.78664,43723.2,,-0.286634,-0.0107599,0.286836,,0.255511,10.4283,2.69418,0.618316,fluid
1289,19.1955,0.384683,,1001.84,-33.7772,43626.9,,-0.877592,-0.0184606,0.877786,,-0.208498,9.97043,2.06009,0.16043,fluid
1290,21.5653,0.465719,,1001.33,-15.3561,31479.9,,-0.298786,-0.0645036,0.305669,,-1.59643,9.23682,-0.138622,-0.573181,fluid
1291,22.8795,0.517991,,1001.33,-18.7039,31383.9,,-0.395434,-0.0744245,0.402376,,-1.62565,9.3622,-0.25576,-0.447805,fluid
1292,23.4297,0.636159,,1001.25,-12.7552,29604.9,,-0.131323,-0.0946661,0.161887,,-2.84267,9.33275,-1.58068,-0.477248,fluid
1293,23.6826,3.27394,,1001.13,1.03054,26712,,-0.154268,-0.894656,0.907859,,-2.58817,7.77643,-1.46152,-2.03357,fluid
1294,23.6293,1.81479,,1001.54,10.4034,36329.6,,0.0378806,-0.865483,0.866312,,-1.68215,8.06779,-0.147025,-1.74221,fluid
1295,23.2846,1.09755,,1001.31,-6.97461,31031.1,,-0.0261525,-0.257722,0.259046,,-2.40181,10.0345,-1.07087,0.224542,fluid
1296,23.573,1.34492,,1001.81,22.9187,42906.4,,0.0486907,-0.409088,0.411976,,-2.05869,9.88941,-0.241831,0.0794123,fluid
1297,23.7389,1.32009,,1001.95,30.0301,46224.4,,0.0604946,-0.383166,0.387912,,-2.00903,9.9669,-0.0656279,0.156904,fluid
1298,23.5023,9.02569,,999.919,-20.8281,-1915.57,,-0.273004,-0.841795,0.884958,,-0.800637,3.0651,-0.882149,-6.7449,fluid
1299,22.9961,9.99592,,999.914,-27.4033,-2032.48,,-0.620626,-1.40941,1.54,,0.585799,1.98878,0.497407,-7.82122,fluid
1300,22.9908,12.6533,,999.716,-15.0529,-6682.98,,-0.25676,-0.607997,0.65999,,0.636871,1.47602,0.346108,-8.33398,fluid
1301,23.1622,11.9567,,1000.05,3.27249,1089.81,,-0.262155,-0.511036,0.574355,,0.634245,2.10782,0.681294,-7.70218,fluid
1302,23.4149,9.19138,,999.945,-11.8669,-1289.37,,-0.119604,-0.931739,0.939384,,-0.631515,2.98234,-0.686584,-6.82766,fluid
1303,23.3784,9.16311,,999.966,-14.3338,-789.391,,-0.204093,-0.80254,0.828085,,-0.542886,2.97789,-0.576653,-6.83211,fluid
1304,23.1296,10.8799,,999.856,-11.9292,-3377.98,,-0.365168,-0.883461,0.955956,,0.836381,1.17528,0.690315,-8.63472,fluid
1305,22.962,13.1779,,999.721,-4.66618,-6554.85,,-0.00820719,-0.331691,0.331792,,0.577471,0.862594,0.291927,-8.94741,fluid
1306,22.9631,12.9585,,999.51,-13.2304,-11510.2,,0.0460704,-0.288575,0.292229,,0.197269,1.01295,-0.304225,-8.79705,fluid
1307,22.9721,12.6565,,999.583,-9.68609,-9796.12,,0.0215452,-0.508464,0.50892,,0.455333,1.15204,0.02872,-8.65796,fluid
1308,22.9353,12.2325,,999.64,-19.9986,-8457.3,,-0.309411,-0.256817,0.402107,,2.33213,1.57941,1.96325,-8.23059,fluid
1309,23.0986,11.866,,999.978,-0.51852,-511.15,,-0.259058,-0.452321,0.521254,,0.849908,1.95212,0.827778,-7.85788,fluid
1310,23.1187,11.7804,,999.938,-1.38277,-1447.77,,-0.235142,-0.492732,0.545964,,0.590537,1.76885,0.52791,-8.04115,fluid
1311,23.1503,11.6259,,999.891,-4.78563,-2560.39,,-0.265785,-0.43731,0.511743,,0.30398,1.30021,0.193369,-8.50979,fluid
1312,23.1517,11.5335,,999.851,-6.6123,-3505.43,,-0.265172,-0.355248,0.443303,,0.273912,0.992854,0.122478,-8.81715,fluid
1313,23.1404,11.4635,,999.799,-8.17012,-4729.37,,-0.241029,-0.330302,0.408894,,0.0762379,0.914597,-0.12818,-8.8954,fluid
1314,23.1253,11.3873,,999.743,-9.56706,-6057.05,,-0.205521,-0.333551,0.391785,,-0.106558,0.951274,-0.368549,-8.85873,fluid
1315,23.101,11.2963,,999.681,-10.5426,-7496.95,,-0.150038,-0.358625,0.388746,,-0.32072,1.10999,-0.645352,-8.70001,fluid
1316,23.0685,11.1971,,999.647,-9.6359,-8303.63,,-0.0717447,-0.378843,0.385577,,-0.427551,1.24182,-0.787633,-8.56818,fluid
1317,23.0442,11.035,,999.745,-2.94539,-5987.49,,-0.0113466,-0.328572,0.328768,,-0.109147,0.938807,-0.36904,-8.87119,fluid
1318,23.0106,10.8347,,999.924,9.0455,-1795.85,,0.0465869,-0.0746777,0.0880176,,0.183434,-0.387252,0.105383,-10.1973,fluid
1319,22.9245,10.596,,999.887,3.26842,-2662.6,,-0.0079068,0.158511,0.158708,,1.22881,-0.0916017,1.11265,-9.9016,fluid
1320,22.874,10.5076,,999.836,-3.17867,-3855.14,,-0.0732504,0.156519,0.172812,,1.1186,0.337432,0.950034,-9.47257,fluid
1321,22.8108,10.3423,,999.686,-19.8096,-7380.49,,-0.22416,0.0416593,0.227998,,0.603809,0.672173,0.280155,-9.13783,fluid
1322,22.6346,10.2293,,999.215,-16.0096,-18427.8,,0.610545,0.374259,0.716125,,-0.415259,-0.941953,-1.23004,-10.752,fluid
1323,22.4283,9.98332,,1000.02,7.22149,558.973,,0.144794,0.607179,0.624205,,1.41111,-0.395327,1.43604,-10.2053,fluid
1324,22.2523,9.37615,,1000.13,-20.8284,3108.87,,-0.477916,0.634624,0.79445,,0.546254,0.941427,0.685946,-8.86857,fluid
1325,22.0376,8.88131,,1000.26,-41.9126,6205.54,,-1.02358,0.87995,1.34982,,-0.682005,2.18759,-0.40049,-7.62241,fluid
1326,21.8017,8.19535,,1000.22,-77.5284,5203.11,,-1.6348,1.39213,2.14723,,-2.49457,2.53023,-2.25597,-7.27977,fluid
1327,21.8797,7.8844,,1000.48,-58.8634,11429.3,,-1.54727,1.47191,2.13555,,-3.00696,1.79112,-2.48484,-8.01888,fluid
1328,21.9628,7.34772,,1000.44,-59.0522,10474,,-1.45212,1.76368,2.28456,,-2.5556,1.49255,-2.07891,-8.31745,fluid
1329,21.9861,6.88472,,1000.42,-68.15,9867.06,,-1.57306,2.16467,2.67588,,-3.97267,0.788291,-3.52407,-9.02171,fluid
1330,22.0187,6.19175,,1000.54,-51.6226,12833.4,,-1.343,2.59584,2.92268,,-7.04968,1.66618,-6.46715,-8.14382,fluid
1331,22.0055,5.52664,,1000.4,-34.5286,9498.18,,-0.725294,2.99736,3.08386,,-7.10145,3.5503,-6.67,-6.2597,fluid
1332,21.8449,4.84791,,1000.46,5.63677,10896.2,,0.14155,3.08797,3.09121,,-9.87723,5.62157,-9.37866,-4.18843,fluid
1333,21.604,4.30374,,1000.52,55.0413,12226.1,,1.18897,3.22395,3.43621,,-11.5243,7.22352,-10.9587,-2.58648,fluid
1334,21.3771,4.00248,,1000.5,76.2727,11731.9,,1.7144,3.10893,3.5503,,-12.002,8.2133,-11.4534,-1.5967,fluid
1335,21.2884,4.09436,,1000.28,53.0048,6617.86,,1.56808,3.16447,3.53168,,-12.7043,8.43141,-12.3936,-1.37859,fluid
1336,18.7186,1.0931,,1001.83,113.519,43230.1,,1.35765,1.99353,2.41192,,-2.07458,9.1953,0.230673,-0.614697,fluid
1337,19.9163,0.345844,,1001.68,-7.46978,39666.9,,-0.281856,-0.0285373,0.283297,,-1.59735,9.72664,0.390999,-0.0833592,fluid
1338,21.2548,0.477224,,1001.41,-28.6565,33233.1,,-0.640038,-0.0590387,0.642756,,-1.26121,9.26665,0.300148,-0.543352,fluid
1339,23.6623,0.606805,,1001.35,-4.21156,31909.2,,-0.043934,-0.0846507,0.0953727,,-2.10498,9.18461,-0.758273,-0.625395,fluid
1340,23.7347,4.53874,,1000.67,-13.439,15752.4,,-0.351536,-1.088,1.14339,,-1.21132,6.48755,-0.548074,-3.32245,fluid
1341,23.7953,2.9413,,1001.31,2.83738,30912.8,,-0.14458,-0.905043,0.916519,,-2.95508,5.68236,-1.65767,-4.12764,fluid
1342,23.7346,3.52833,,1000.96,-7.17626,22773,,-0.260116,-1.07203,1.10313,,-2.71365,7.84219,-1.75509,-1.96781,fluid
1343,23.6834,5.56641,,1000.43,-10.8294,10209.7,,-0.216824,-1.37117,1.38821,,0.222916,4.39383,0.65382,-5.41617,fluid
1344,23.8246,3.02583,,1001.26,1.14752,29787.5,,-0.145831,-0.585117,0.603017,,-2.96812,6.10648,-1.71942,-3.70352,fluid
1345,23.7093,6.1457,,1000.35,-24.7607,8336.26,,-0.504854,-1.14977,1.25573,,-0.939585,4.58092,-0.588106,-5.22908,fluid
1346,22.9392,15.5953,,999.717,-10.8444,-6652.51,,-0.122047,0.0425225,0.129243,,0.338003,0.158,0.0479147,-9.652,fluid
1347,22.8823,17.4658,,999.741,-6.71969,-6092.48,,-0.105714,0.108625,0.151575,,0.397317,-0.166077,0.130994,-9.97608,fluid
1348,22.9095,17.0976,,999.6,-9.00742,-9407.79,,0.0128948,0.206706,0.207108,,0.0413057,-0.124953,-0.369509,-9.93495,fluid
1349,23.2218,11.8497,,1000.01,3.51223,273.101,,-0.219748,-0.748085,0.779693,,0.399889,2.01443,0.411649,-7.79557,fluid
1350,23.1465,12.1967,,1000.07,5.47847,1667.65,,-0.243431,-0.486559,0.544058,,0.481561,2.25763,0.553603,-7.55237,fluid
1351,22.9119,15.3658,,999.818,-15.6319,-4285.41,,-0.340295,-0.0238523,0.34113,,0.628074,0.505409,0.441002,-9.30459,fluid
1352,22.9185,16.9689,,999.627,-7.95997,-8766.8,,0.00164649,0.16066,0.160669,,0.061236,-0.528002,-0.321427,-10.338,fluid
1353,22.9587,16.4616,,999.768,-7.46377,-5459.49,,-0.155541,0.19219,0.247245,,0.302797,0.687042,0.064945,-9.12296,fluid
1354,22.9606,15.7864,,999.765,-13.5056,-5535,,-0.243579,0.140669,0.28128,,0.191619,0.917887,-0.049503,-8.89211,fluid
1355,22.9567,15.5912,,999.617,-10.6808,-9004.82,,0.000858353,0.0655402,0.0655458,,0.179734,-0.14713,-0.212669,-9.95713,fluid
1356,22.9382,15.4123,,999.798,-2.02913,-4761.06,,-0.00823288,-0.0500145,0.0506876,,0.342131,0.271723,0.134528,-9.53828,fluid
1357,22.9062,15.2946,,999.912,-1.44616,-2071.11,,-0.132302,-0.0311355,0.135917,,0.52141,0.675434,0.430984,-9.13457,fluid
1358,22.87,15.1875,,999.928,-4.13115,-1683.4,,-0.215554,0.0835717,0.231188,,0.83133,0.456487,0.757717,-9.35351,fluid
1359,22.8619,15.1277,,999.94,-5.02568,-1409.82,,-0.248402,0.131629,0.281123,,0.897881,0.317958,0.83621,-9.49204,fluid
1360,22.8704,15.0576,,999.959,-6.80031,-963.815,,-0.301092,0.167834,0.344709,,0.748952,0.122827,0.706808,-9.68717,fluid
1361,22.9004,14.9633,,1000.04,-4.52426,876.528,,-0.330966,0.177987,0.37579,,0.227699,-0.260409,0.265974,-10.0704,fluid
1362,22.9066,14.8077,,1000.04,-5.26537,845.317,,-0.351616,0.296433,0.459898,,0.18034,-0.789013,0.217242,-10.599,fluid
1363,22.9228,14.5716,,999.728,-23.6343,-6398.44,,-0.411726,0.519865,0.663157,,0.616905,-0.613902,0.337699,-10.4239,fluid
1364,22.9769,14.0745,,999.586,-30.0872,-9735.91,,-0.385408,-0.0544562,0.389237,,-0.0647654,0.244902,-0.488667,-9.5651,fluid
1365,23.0064,13.858,,999.879,-4.7913,-2855.12,,-0.199071,-0.157918,0.2541,,-0.142591,0.30929,-0.266707,-9.50071,fluid
1366,23.0164,13.708,,999.897,1.69163,-2429.39,,-0.0795792,0.0426631,0.0902939,,-0.335474,-0.0562617,-0.441036,-9.86626,fluid
1367,23.0002,13.401,,999.868,3.62015,-3104.19,,-0.0159319,0.140762,0.141661,,-0.119597,-0.0826987,-0.254579,-9.8927,fluid
1368,22.9872,13.1433,,999.621,-8.56918,-8904.91,,-0.00112574,0.313058,0.31306,,0.0795415,-0.237435,-0.30799,-10.0474,fluid
1369,22.9681,12.7266,,999.445,-16.9773,-13043.9,,0.0416356,0.111631,0.119143,,0.140851,0.359301,-0.427378,-9.4507,fluid
1370,22.9317,12.3279,,999.632,-2.97501,-8644.34,,0.133051,0.567838,0.583218,,-0.485983,-0.048525,-0.863082,-9.85852,fluid
1371,22.7738,11.631,,1000.11,21.7956,2676.52,,0.0980587,0.561905,0.570397,,-0.233386,1.25642,-0.115873,-8.55358,fluid
1372,22.6005,10.833,,1000.53,36.753,12483.7,,0.00713833,0.330232,0.330309,,-1.85591,0.516351,-1.30384,-9.29365,fluid
1373,22.3438,10.215,,1000.16,7.79153,3720.85,,-0.0725981,0.40688,0.413306,,-0.344657,-0.192916,-0.178156,-10.0029,fluid
1374,22.2008,9.59612,,1000.08,-20.6587,1891.34,,-0.461413,0.602713,0.759055,,0.39795,1.03509,0.483135,-8.77491,fluid
1375,22.01,8.97571,,1000.22,-47.2898,5089.85,,-1.09644,0.78507,1.34852,,-1.05824,2.39737,-0.827036,-7.41263,fluid
1376,21.8902,8.58154,,1000.21,-60.7274,4971.53,,-1.31314,1.2233,1.79465,,-1.24977,2.62686,-1.02271,-7.18314,fluid
1377,21.8233,7.97676,,1000.33,-74.4417,7729.9,,-1.68863,1.42636,2.21042,,-3.34132,2.00858,-2.98724,-7.80142,fluid
1378,21.9235,7.43011,,1000.47,-62.7537,10981.8,,-1.57345,1.69538,2.31302,,-3.63827,1.46662,-3.13759,-8.34338,fluid
1379,21.9285,6.69901,,1000.33,-80.4663,7733.12,,-1.70709,2.15277,2.74747,,-5.68666,1.03252,-5.33413,-8.77748,fluid
1380,21.9823,5.89656,,1000.4,-53.0482,9455.74,,-1.16557,2.81394,3.04579,,-7.72784,1.91195,-7.29786,-7.89805,fluid
1381,21.955,5.22388,,1000.44,-18.0448,10424.3,,-0.372481,3.21129,3.23282,,-8.59439,4.60221,-8.1198,-5.20779,fluid
1382,21.84,4.86963,,1000.44,2.93123,10332.4,,0.115063,3.13849,3.1406,,-10.066,5.54245,-9.59315,-4.26755,fluid
1383,21.6768,4.8536,,1000.16,-20.7987,3666.83,,0.0835097,3.07729,3.07842,,-10.625,5.41274,-10.4559,-4.39726,fluid
1384,18.4689,0.463243,,1001.51,-2.00216,35819.9,,-0.0659347,-0.0114909,0.0669285,,-5.25146,10.3152,-3.31492,0.505228,fluid
1385,21.1507,0.325982,,1001.43,-10.9262,33909.5,,-0.265419,-0.0495594,0.270006,,-1.07498,9.31016,0.525956,-0.499839,fluid
1386,23.0321,0.465056,,1001.3,-22.1369,30726.6,,-0.456802,-0.0720198,0.462445,,-1.52493,9.39955,-0.192591,-0.410446,fluid
1387,23.697,0.606027,,1001.36,-2.74715,32127.4,,-0.0165175,-0.0829119,0.0845412,,-1.72379,9.17031,-0.369874,-0.639695,fluid
1388,23.7255,1.26825,,1001.92,28.3197,45559.4,,0.0595007,-0.361948,0.366806,,-2.01677,9.98409,-0.100187,0.174085,fluid
1389,23.6445,7.66477,,999.929,-34.2294,-1660.49,,-0.297568,-1.67451,1.70074,,-2.51949,2.68167,-2.58972,-7.12833,fluid
1390,23.5654,8.29931,,1000.36,-19.8091,8517.1,,-0.758654,-1.27975,1.48773,,1.05814,2.71486,1.41943,-7.09514,fluid
1391,23.0289,10.3575,,999.8,-32.199,-4716.01,,-0.639957,-1.25598,1.40962,,0.507833,1.71795,0.303005,-8.09205,fluid
1392,22.8855,16.383,,999.815,4.03707,-4358.03,,0.0670781,-0.0551243,0.0868226,,0.203123,0.267112,0.0126596,-9.54289,fluid
1393,22.5826,19.2992,,999.89,-20.354,-2598.33,,-0.483917,0.113568,0.497065,,0.083603,-0.109051,-0.0314688,-9.91905,fluid
1394,23.0196,16.9486,,999.901,-9.1883,-2340.02,,-0.373088,-0.425637,0.566005,,-0.273929,0.4001,-0.375593,-9.4099,fluid
1395,22.9016,17.2567,,999.667,-12.2273,-7837.33,,-0.14946,0.136326,0.202294,,0.336124,0.193734,-0.00620762,-9.61627,fluid
1396,23.019,13.9326,,999.964,-3.72458,-843.613,,-0.279123,-0.451137,0.530503,,0.197484,1.0506,0.160835,-8.7594,fluid
1397,23.2457,11.0494,,999.831,-29.8718,-3966.69,,-0.762442,-1.82675,1.97948,,1.13183,2.42049,0.961162,-7.38951,fluid
1398,22.902,17.5521,,999.915,-5.75524,-2004.81,,-0.300374,0.00226255,0.300383,,0.200596,0.0600063,0.11305,-9.74999,fluid
1399,22.5693,19.3707,,999.682,-17.2483,-7482.64,,-0.153531,0.140421,0.208062,,-0.510429,-0.197161,-0.842075,-10.0072,fluid
1400,22.5599,19.6604,,999.744,-23.5046,-6023.01,,-0.392268,0.0149953,0.392554,,-0.872412,-0.0943454,-1.13946,-9.90435,fluid
1401,22.5999,19.4695,,999.802,-20.2003,-4665.43,,-0.390506,0.0697662,0.396689,,-0.780618,0.030307,-0.987095,-9.77969,fluid
1402,22.555,19.2033,,999.89,-10.1352,-2596.85,,-0.252507,0.188581,0.315155,,0.373789,-0.21247,0.258642,-10.0225,fluid
1403,22.5734,19.002,,999.818,-23.2512,-4280.27,,-0.479732,0.193446,0.517266,,0.90877,-0.0292432,0.71912,-9.83924,fluid
1404,22.5957,18.8664,,999.792,-24.4711,-4895.3,,-0.481528,0.151819,0.504894,,1.10277,0.254888,0.886077,-9.55511,fluid
1405,22.6181,18.7448,,999.793,-23.9761,-4871.21,,-0.47569,0.153361,0.499801,,1.17103,0.398723,0.955622,-9.41128,fluid
1406,22.6594,18.6419,,999.81,-25.6339,-4479.76,,-0.530187,0.16247,0.554522,,0.878081,0.375033,0.680344,-9.43497,fluid
1407,22.7165,18.5125,,999.85,-22.9723,-3525.26,,-0.525352,0.213617,0.567122,,0.431609,0.173547,0.276401,-9.63645,fluid
1408,22.7756,18.3667,,999.852,-22.4131,-3479.12,,-0.527114,0.188178,0.559696,,0.0173034,-0.0143897,-0.135475,-9.82439,fluid
1409,22.8346,18.1399,,999.838,-20.5187,-3815.05,,-0.490161,0.135779,0.508619,,-0.197611,-0.515185,-0.364711,-10.3252,fluid
1410,22.8554,17.9068,,999.9,-14.1486,-2351.47,,-0.445839,0.00694752,0.445894,,0.0533445,-0.830281,-0.0495505,-10.6403,fluid
1411,22.8698,17.564,,999.835,-15.1948,-3876.57,,-0.417967,0.242479,0.483211,,0.554497,-0.48375,0.384963,-10.2938,fluid
1412,22.9011,17.4751,,999.841,-14.0383,-3743.16,,-0.403915,0.268454,0.48499,,0.348935,-0.49307,0.18546,-10.3031,fluid
1413,22.987,16.9787,,999.857,-7.27692,-3371.24,,-0.272979,0.313223,0.415483,,-0.156563,-0.738224,-0.303242,-10.5482,fluid
1414,22.9908,16.7131,,999.988,1.51902,-282.607,,-0.241441,0.492739,0.548712,,-0.0681852,-0.599518,-0.0804775,-10.4095,fluid
1415,22.9627,15.9792,,999.935,-1.3759,-1521.53,,-0.208759,-0.023726,0.210103,,0.0248208,0.564444,-0.0414446,-9.24556,fluid
1416,22.9442,15.6193,,999.47,-17.7602,-12454.3,,0.0106362,0.251406,0.251631,,0.213557,-0.55,-0.329541,-10.36,fluid
1417,22.9681,14.8862,,999.986,6.38498,-338.759,,-0.026647,0.235881,0.237382,,-0.32623,-0.399733,-0.340979,-10.2097,fluid
1418,22.9596,14.3123,,999.036,-44.4629,-22623.5,,-0.0125163,0.480311,0.480474,,0.501403,0.844205,-0.484907,-8.96579,fluid
1419,22.9385,13.6141,,999.949,9.74742,-1189.68,,0.0477051,0.0970213,0.108115,,-0.432924,-0.125432,-0.48479,-9.93543,fluid
1420,22.8801,12.8355,,999.723,0.742317,-6504.77,,0.114701,0.39538,0.411682,,0.0829998,-0.118455,-0.201377,-9.92845,fluid
1421,22.8146,12.0896,,999.981,17.5387,-435.966,,0.152719,0.790945,0.805553,,-0.242691,0.913196,-0.2618,-8.8968,fluid
1422,22.6018,11.0703,,1000.27,22.4671,6449.01,,-0.0371528,0.379182,0.380997,,-0.791588,1.00739,-0.506335,-8.80261,fluid
1423,22.4045,10.5202,,1000.23,14.6446,5495.73,,-0.0704967,0.350432,0.357453,,-0.955491,0.0925045,-0.710253,-9.7175,fluid
1424,22.251,9.8697,,1000.09,-7.62041,2056.05,,-0.248504,0.492095,0.551282,,0.402192,0.606896,0.494587,-9.2031,fluid
1425,22.0711,9.12748,,1000.21,-39.9863,4924.4,,-0.95786,0.647227,1.15603,,-0.831775,2.09345,-0.608707,-7.71655,fluid
1426,21.8558,8.5612,,1000.18,-66.2596,4189.53,,-1.38229,1.22601,1.84765,,-1.44228,2.72744,-1.25062,-7.08256,fluid
1427,21.8243,7.64558,,1000.32,-81.4406,7434.44,,-1.78888,1.46033,2.30925,,-4.43495,1.6634,-4.09441,-8.1466,fluid
1428,21.8852,6.9857,,1000.29,-86.3459,6771.3,,-1.80742,1.93362,2.64682,,-5.33125,0.741099,-5.02194,-9.0689,fluid
1429,21.9772,6.28477,,1000.44,-64.8831,10490.2,,-1.49745,2.49884,2.91317,,-7.23096,1.48591,-6.75385,-8.32409,fluid
1430,21.9647,5.7638,,1000.35,-51.5169,8262.11,,-1.04682,2.89628,3.07966,,-7.86022,2.26905,-7.48419,-7.54095,fluid
1431,21.8078,5.59099,,1000.11,-68.6914,2617.49,,-0.964964,2.8123,2.97324,,-8.41459,2.96185,-8.29458,-6.84815,fluid
1432,19.0276,0.610219,,1001.76,-39.8845,41601.2,,-1.08061,-0.0121137,1.08067,,-1.54881,9.8401,0.633708,0.0300978,fluid
1433,22.1365,0.345749,,1001.29,-28.3728,30494.5,,-0.561657,-0.0554791,0.56439,,-1.82872,9.20939,-0.452927,-0.600611,fluid
1434,23.8045,0.552744,,1001.36,-2.00727,32057.4,,0.00122388,-0.0752046,0.0752145,,-1.40454,9.13896,-0.0596648,-0.671038,fluid
1435,23.8895,2.08121,,1001.4,1.26322,33180,,0.00897675,-0.381116,0.381222,,-1.63202,6.8506,-0.245067,-2.9594,fluid
1436,23.8341,4.47953,,1000.67,-18.5298,15884.4,,-0.44904,-1.67028,1.72959,,-1.75444,6.629,-1.08843,-3.181,fluid
1437,23.7104,8.62849,,999.949,-42.3056,-1209.47,,-0.78372,-1.2645,1.48767,,-1.00634,4.43559,-1.05736,-5.37441,fluid
1438,23.0181,14.0699,,999.905,-11.3227,-2232.31,,-0.368277,-0.500553,0.621435,,0.0997488,1.00639,0.00275883,-8.80361,fluid
1439,22.6872,19.1794,,1000,-13.2772,0.554347,,-0.477858,0.113356,0.491118,,-0.139761,-0.143828,-0.139736,-9.95383,fluid
1440,22.4421,19.6847,,999.845,-6.40279,-3657.84,,-0.0657611,0.21395,0.223828,,0.534704,0.0401801,0.371689,-9.76982,fluid
1441,22.523,21.6937,,1000.05,-7.84416,1182.92,,-0.708784,0.116058,0.718223,,-0.327249,-0.0325114,-0.274731,-9.84251,fluid
1442,22.4393,21.4286,,1000.02,-14.3074,574.535,,-0.778103,-0.136073,0.789911,,-0.291097,-0.0719749,-0.265494,-9.88197,fluid
1443,22.4094,19.865,,999.783,-20.4085,-5113.36,,-0.336499,-0.049871,0.340174,,0.634974,0.63438,0.406745,-9.17562,fluid
1444,22.2369,21.061,,999.744,-43.4532,-6015.95,,-0.943318,0.00755346,0.943349,,0.764426,0.644148,0.493817,-9.16585,fluid
1445,22.3647,21.6767,,1000.05,-13.6814,1128.98,,-0.719987,0.289242,0.775914,,-0.0648635,-0.256699,-0.0143853,-10.0667,fluid
1446,22.2984,22.0225,,999.888,-31.9904,-2642.3,,-0.850887,0.443918,0.959725,,0.254986,-0.88844,0.136475,-10.6984,fluid
1447,22.2281,22.1554,,999.727,-38.7887,-6431.13,,-0.789232,0.335485,0.857576,,0.770888,-0.789698,0.481484,-10.5997,fluid
1448,22.1998,22.1306,,999.829,-26.1626,-4028.53,,-0.634728,0.317734,0.709813,,0.650232,-0.513471,0.468733,-10.3235,fluid
1449,22.1912,22.1038,,999.865,-22.7707,-3171.58,,-0.606514,0.31909,0.685331,,0.552912,-0.493463,0.409972,-10.3035,fluid
1450,22.1962,22.0714,,999.877,-19.272,-2884.02,,-0.548088,0.338136,0.644,,0.431168,-0.635941,0.301218,-10.4459,fluid
1451,22.1496,21.8243,,999.731,-37.0159,-6321.14,,-0.825293,0.0982807,0.831124,,1.61038,-1.21057,1.32492,-11.0206,fluid
1452,22.1294,21.4673,,999.911,-19.2811,-2088.6,,-0.668196,0.44735,0.80412,,1.07029,-0.489408,0.975899,-10.2994,fluid
1453,22.2217,22.0043,,999.822,-16.4164,-4195.59,,-0.43062,0.361005,0.561923,,0.2712,-1.33285,0.0823607,-11.1428,fluid
1454,22.128,21.5459,,1000.02,-9.69624,499.301,,-0.575126,0.378344,0.688414,,0.341219,-0.475307,0.363783,-10.2853,fluid
1455,22.3044,21.2441,,999.874,-15.3511,-2966.06,,-0.545851,0.565826,0.786201,,-0.707443,-1.05438,-0.840441,-10.8644,fluid
1456,22.1894,21.0151,,999.887,-22.5373,-2667.62,,-0.660402,0.48095,0.816972,,0.973226,-0.868943,0.852992,-10.6789,fluid
1457,22.226,20.8229,,999.79,-33.8888,-4942.75,,-0.772536,0.297158,0.827716,,1.40889,-0.348585,1.18646,-10.1586,fluid
1458,22.2668,20.5068,,999.599,-53.2142,-9428.41,,-0.903013,0.116316,0.910473,,1.33403,-0.31437,0.910427,-10.1244,fluid
1459,22.3327,20.3195,,999.765,-43.7064,-5539.48,,-0.871624,0.114169,0.879069,,0.7005,-0.448682,0.452398,-10.2587,fluid
1460,22.424,20.0687,,999.841,-34.8697,-3750.8,,-0.751007,0.21588,0.781419,,0.26003,-0.188957,0.0927362,-9.99896,fluid
1461,22.5031,19.8141,,999.774,-37.5095,-5315.03,,-0.714116,0.297736,0.773698,,-0.234909,-0.261673,-0.471154,-10.0717,fluid
1462,22.7016,18.9883,,999.823,-19.2655,-4153.43,,-0.419358,0.204728,0.466663,,-0.545558,-0.443,-0.728547,-10.253,fluid
1463,22.7869,18.4293,,999.882,-20.3285,-2774.38,,-0.520035,0.303381,0.602061,,-0.184726,-0.220571,-0.306494,-10.0306,fluid
1464,22.8797,17.9579,,999.872,-14.9053,-3021.86,,-0.431441,0.0488913,0.434203,,-0.333417,-0.90533,-0.46551,-10.7153,fluid
1465,22.9215,17.1669,,999.517,-13.7495,-11351.9,,0.00504834,0.329748,0.329787,,-0.0264103,-0.120384,-0.521898,-9.93038,fluid
1466,22.9822,16.3028,,999.654,-10.7124,-8139.01,,-0.0831807,-0.156384,0.17713,,-0.0280491,-0.400726,-0.382316,-10.2107,fluid
1467,22.8741,15.6943,,999.527,-11.4514,-11129.8,,0.112446,0.480381,0.493366,,0.0390413,-0.369359,-0.447756,-10.1794,fluid
1468,22.936,14.6191,,999.782,-1.59461,-5119.17,,0.0259179,0.448425,0.449174,,-0.121634,-0.643131,-0.344877,-10.4531,fluid
1469,22.9086,13.9133,,999.693,-5.31184,-7217.3,,0.0395694,-0.0186965,0.0437641,,-0.0203338,-0.0704658,-0.335478,-9.88047,fluid
1470,22.8723,13.3383,,1000.06,17.4935,1332.77,,0.0776687,0.265595,0.276718,,-0.350469,-0.444694,-0.292202,-10.2547,fluid
1471,22.8408,12.4629,,999.965,12.7812,-823.363,,0.0741902,0.782379,0.785889,,-0.279171,0.085909,-0.31522,-9.72409,fluid
1472,22.6072,11.2159,,1000.21,21.5097,4921.2,,-0.00455499,0.424145,0.42417,,-0.622602,1.27858,-0.404965,-8.53142,fluid
1473,22.3405,10.4457,,1000.16,7.98323,3848.36,,-0.113745,0.302176,0.322875,,-0.797976,0.0325497,-0.625745,-9.77745,fluid
1474,22.1506,9.62885,,1000.06,-23.4088,1522.43,,-0.505035,0.559181,0.753488,,0.20594,1.17567,0.274667,-8.63433,fluid
1475,21.9076,8.83403,,1000.16,-60.1109,3880.04,,-1.2718,0.927802,1.57426,,-1.35068,2.77306,-1.1736,-7.03694,fluid
1476,21.7783,8.13444,,1000.19,-82.9727,4393.11,,-1.69656,1.39708,2.19776,,-2.72425,2.39619,-2.52257,-7.41381,fluid
1477,21.8741,7.22568,,1000.33,-82.1669,7770.55,,-1.79544,1.74573,2.50423,,-5.07367,0.970287,-4.71855,-8.83971,fluid
1478,21.873,6.66695,,1000.22,-90.8576,5238.99,,-1.77477,2.10496,2.7533,,-6.07991,1.06929,-5.84044,-8.74071,fluid
1479,21.7723,6.46284,,1000.08,-103.849,1848.82,,-1.75665,2.12766,2.75912,,-6.61403,1.26695,-6.52912,-8.54305,fluid
1480,19.5724,0.481978,,1001.5,-18.4509,35503.2,,-0.346967,-0.026036,0.347942,,-2.19316,10.0017,-0.381939,0.191705,fluid
1481,23.1121,0.30774,,1001.34,-18.4296,31609.7,,-0.461167,-0.0604529,0.465112,,-0.88741,9.40248,0.478429,-0.407515,fluid
1482,23.9411,3.93271,,1000.65,-31.5524,15363.6,,-0.519294,-0.875903,1.01827,,-3.73605,6.11393,-3.09474,-3.69607,fluid
1483,23.8849,5.83243,,1000.26,-33.7027,6071.23,,-0.546289,-1.84333,1.92258,,-1.72053,4.5618,-1.4664,-5.2482,fluid
1484,23.1881,12.5737,,1000.05,11.3539,1121.41,,-0.111288,-1.17441,1.17968,,0.0982671,2.48445,0.146626,-7.32555,fluid
1485,22.9087,16.5058,,999.687,-22.9891,-7362.09,,-0.401408,0.0470235,0.404153,,1.09094,1.39608,0.769471,-8.41392,fluid
1486,22.6831,19.385,,999.992,-13.3103,-178.835,,-0.472502,0.120395,0.487599,,-0.298756,-0.100373,-0.30664,-9.91037,fluid
1487,22.3549,22.7868,,999.653,-54.2997,-8170.53,,-0.873337,0.0858808,0.877549,,-0.255086,-0.647659,-0.620705,-10.4577,fluid
1488,22.5878,23.5416,,999.97,-33.5538,-714.965,,-0.924254,0.119978,0.932009,,-0.63144,-0.0787702,-0.663094,-9.88877,fluid
1489,22.5876,23.7012,,999.99,-32.0465,-229.993,,-0.934019,0.192115,0.953572,,-0.682591,-0.0905794,-0.692773,-9.90058,fluid
1490,22.6059,23.7696,,999.996,-30.926,-96.8057,,-0.926643,0.189325,0.945786,,-0.715938,-0.0995058,-0.72022,-9.90951,fluid
1491,22.6279,23.6741,,999.986,-31.3102,-328.974,,-0.909504,0.114505,0.916684,,-0.680848,-0.10528,-0.695387,-9.91528,fluid
1492,22.4103,23.9294,,999.999,-40.0812,-27.4537,,-1.15875,0.460441,1.24688,,-0.712981,0.0075991,-0.714206,-9.8024,fluid
1493,22.58,23.4552,,999.956,-34.4927,-1040.15,,-0.918467,0.128228,0.927375,,-0.608541,-0.0721124,-0.654608,-9.88211,fluid
1494,22.2024,24.0191,,999.974,-51.5376,-611.15,,-1.38982,0.573959,1.50368,,-0.355713,0.138237,-0.38324,-9.67176,fluid
1495,21.7689,24.1874,,999.828,-39.6617,-4056.78,,-0.912098,0.51917,1.04951,,0.828632,0.0388244,0.642243,-9.77118,fluid
1496,22.4297,23.8028,,999.975,-42.2292,-599.011,,-1.14929,0.448145,1.23357,,-0.863404,-0.144796,-0.890111,-9.9548,fluid
1497,22.5811,23.593,,999.979,-33.0455,-489.392,,-0.930772,0.248674,0.963418,,-0.675509,-0.216731,-0.697182,-10.0267,fluid
1498,21.7341,24.3106,,999.829,-29.8167,-4022.32,,-0.698705,0.624299,0.936983,,0.439559,-0.284465,0.254457,-10.0945,fluid
1499,21.6163,24.384,,999.781,-36.3575,-5163.42,,-0.763239,0.794106,1.10143,,0.163324,-0.432143,-0.0755952,-10.2421,fluid
1500,21.6855,24.306,,999.703,-28.086,-6993.93,,-0.500464,0.683932,0.847483,,0.419713,-1.02769,0.0970998,-10.8377,fluid
1501,21.5578,24.3484,,999.489,-48.9965,-12023.9,,-0.672125,1.08185,1.27364,,0.438636,-2.0686,-0.119401,-11.8786,fluid
1502,21.7784,23.9021,,1000.1,-23.8645,2462.12,,-0.924834,1.43285,1.70539,,-0.266725,-0.399181,-0.153684,-10.2092,fluid
1503,22.3656,23.2811,,999.893,-29.6971,-2512.41,,-0.70337,0.488661,0.856458,,-0.557738,-0.269598,-0.670084,-10.0796,fluid
1504,22.3219,23.223,,999.905,-24.6382,-2244.89,,-0.595345,0.499449,0.7771,,-0.271679,-0.434078,-0.372258,-10.2441,fluid
1505,22.4833,23.2179,,999.892,-29.9472,-2545.29,,-0.698888,0.449424,0.830919,,-0.857946,-0.520637,-0.971166,-10.3306,fluid
1506,22.3765,22.9032,,999.747,-37.5779,-5961.52,,-0.638524,0.477378,0.797247,,-0.344749,-0.219618,-0.611236,-10.0296,fluid
1507,22.4055,22.4238,,999.981,-23.6869,-444.534,,-0.724383,0.194928,0.750152,,-0.411539,-0.197586,-0.43138,-10.0076,fluid
1508,21.9552,21.9116,,999.952,-8.98752,-1134.73,,-0.504837,0.860893,0.997996,,1.02555,-0.885354,0.973866,-10.6954,fluid
1509,22.1545,20.8259,,1000.07,4.58451,1638.24,,-0.231335,0.0655132,0.240433,,0.414041,-0.777521,0.487982,-10.5875,fluid
1510,22.3508,20.6355,,999.286,-44.5539,-16785.1,,-0.396686,0.639104,0.752206,,-1.59644,-0.3062,-2.34796,-10.1162,fluid
1511,22.3852,20.3032,,999.722,-35.7081,-6548.13,,-0.667534,0.402009,0.779239,,-0.0345788,-0.913066,-0.327181,-10.7231,fluid
1512,22.4052,19.2363,,1000.08,-3.18167,1795.49,,-0.353173,0.458717,0.578923,,0.0342643,-0.29631,0.114395,-10.1063,fluid
1513,22.8226,18.2735,,999.579,-27.8678,-9904.88,,-0.348675,0.199091,0.401511,,-1.26007,-0.1957,-1.69425,-10.0057,fluid
1514,22.8685,17.9741,,999.562,-22.8376,-10294.6,,-0.237095,0.0825113,0.251042,,-1.16879,-1.32416,-1.61915,-11.1342,fluid
1515,22.7998,17.0015,,1000.06,17.5401,1338.89,,0.0489591,0.110914,0.121239,,-0.122977,-0.356764,-0.0642562,-10.1668,fluid
1516,22.9262,16.3271,,999.714,-2.83217,-6720.9,,0.0378215,-0.0267138,0.0463043,,0.164578,-0.335065,-0.128659,-10.1451,fluid
1517,22.7224,15.1192,,1000.08,8.88271,1958.65,,-0.155645,0.174236,0.233631,,0.388101,0.233487,0.474293,-9.57651,fluid
1518,22.8584,14.2321,,999.537,-10.1762,-10891.4,,0.17706,0.168423,0.24437,,0.2304,0.133321,-0.246295,-9.67668,fluid
1519,22.819,13.6941,,1000.13,19.0727,2988.82,,0.036057,0.0769007,0.0849342,,-0.0397695,0.23884,0.0911936,-9.57116,fluid
1520,22.7802,12.9712,,1000.02,17.1251,475.579,,0.0766186,0.429034,0.435822,,0.213513,-0.549898,0.23439,-10.3599,fluid
1521,22.6611,11.7283,,1000.11,23.8046,2704.27,,0.0864092,0.722098,0.727249,,-0.332313,1.86276,-0.212992,-7.94724,fluid
1522,22.4451,10.8295,,1000.2,13.7241,4668.25,,-0.0978905,0.263635,0.281222,,-0.955708,0.642052,-0.747764,-9.16795,fluid
1523,22.2212,10.1,,1000.09,-3.83267,2025.35,,-0.205357,0.351243,0.40687,,-0.128564,0.37565,-0.0374268,-9.43435,fluid
1524,22.089,9.36615,,1000.11,-35.8558,2509.8,,-0.77455,0.588296,0.972636,,-0.368355,1.65043,-0.254745,-8.15957,fluid
1525,21.7464,8.35652,,1000.11,-83.5891,2481.1,,-1.60999,1.27935,2.05641,,-2.10395,2.9074,-1.98987,-6.9026,fluid
1526,21.743,7.77132,,1000.14,-96.0818,3326.87,,-1.86015,1.38404,2.31856,,-3.91666,1.83464,-3.76367,-7.97536,fluid
1527,21.6542,7.30083,,1000.02,-115.806,475.781,,-1.96467,1.44559,2.43919,,-4.99069,0.925482,-4.96872,-8.88452,fluid
1528,22.4159,0.249404,,1001.23,2.76174,29032.3,,0.182873,-0.049018,0.189329,,-1.16466,9.33187,0.128919,-0.478132,fluid
1529,23.8443,0.387226,,1001.3,-10.4774,30679.1,,-0.175879,-0.0636714,0.187049,,-2.96717,9.21186,-1.6822,-0.598143,fluid
1530,23.9651,4.62297,,1000.44,-37.9096,10377.5,,-0.629758,-1.82024,1.9261,,-2.50923,7.44423,-2.07639,-2.36577,fluid
1531,23.0646,9.75628,,1000.12,3.35204,2887.21,,-0.169982,-1.72029,1.72867,,1.64111,4.42663,1.76628,-5.38337,fluid
1532,23.1301,15.1039,,1000.07,1.66167,1669.81,,-0.291159,-0.570302,0.640326,,-0.326314,1.18664,-0.254127,-8.62336,fluid
1533,22.5018,20.3075,,1000,-13.2326,12.2976,,-0.562467,-0.45981,0.726495,,0.00336605,0.53677,0.00391256,-9.27323,fluid
1534,22.6069,21.9885,,1000.03,-7.25692,757.962,,-0.67057,-0.0182461,0.670818,,-0.673193,0.504387,-0.639666,-9.30561,fluid
1535,22.3966,24.1312,,1000.03,-33.2113,664.449,,-1.1046,0.486135,1.20684,,-0.67611,0.435117,-0.646443,-9.37488,fluid
1536,21.6439,24.6525,,999.966,-45.9532,-801.23,,-1.2972,0.985526,1.6291,,0.149813,-0.517063,0.112793,-10.3271,fluid
1537,20.6623,24.954,,999.979,-33.7427,-488.328,,-0.719999,0.474352,0.862211,,-0.0530963,-0.0811696,-0.0767305,-9.89117,fluid
1538,19.6662,24.7503,,999.958,-64.8513,-999.703,,-1.21764,0.206512,1.23503,,0.511644,0.416907,0.460809,-9.39309,fluid
1539,19.7207,24.7757,,999.963,-64.1584,-871.392,,-1.217,0.259644,1.24439,,0.522391,0.440463,0.478203,-9.36954,fluid
1540,19.7955,24.6567,,999.975,-64.4819,-578.257,,-1.24808,0.456623,1.32899,,0.508127,0.344019,0.478915,-9.46598,fluid
1541,19.8222,24.7169,,999.973,-61.3808,-627.288,,-1.18511,0.384026,1.24577,,0.509552,0.45673,0.477905,-9.35327,fluid
1542,21.4094,24.557,,999.912,-55.8921,-2062.06,,-1.31992,0.984975,1.64693,,0.835422,-0.421889,0.739098,-10.2319,fluid
1543,21.1809,24.282,,1000.11,-27.373,2507.33,,-0.920046,0.702979,1.15787,,0.250537,0.823091,0.368902,-8.98691,fluid
1544,19.9934,24.5003,,999.978,-74.8907,-520.197,,-1.47737,0.5328,1.57051,,0.652287,0.351903,0.626268,-9.4581,fluid
1545,20.2951,24.5511,,999.985,-68.8016,-358.546,,-1.39068,0.526851,1.48714,,0.431925,0.538598,0.414258,-9.2714,fluid
1546,20.5465,24.8222,,999.936,-42.283,-1495.87,,-0.804549,0.248097,0.841933,,-0.238748,-0.0713729,-0.311556,-9.88137,fluid
1547,20.3549,25.0548,,999.984,-49.302,-379.403,,-0.999578,0.44091,1.0925,,0.138844,-0.494866,0.120204,-10.3049,fluid
1548,20.1946,25.1289,,999.993,-53.7751,-175.106,,-1.09026,0.444614,1.17743,,0.279365,-0.510161,0.270694,-10.3202,fluid
1549,20.0302,25.1272,,999.996,-53.7545,-94.7566,,-1.08054,0.436436,1.16535,,0.339496,-0.400608,0.334765,-10.2106,fluid
1550,19.8669,25.0635,,999.974,-45.7759,-620.203,,-0.873607,0.59318,1.05596,,0.305205,-0.587081,0.273986,-10.3971,fluid
1551,19.846,24.5462,,999.942,-82.4252,-1373.96,,-1.55977,0.629704,1.68208,,1.05354,0.260106,0.984309,-9.54989,fluid
1552,20.8318,24.8369,,999.868,-46.9471,-3095.35,,-0.865362,0.896949,1.24634,,0.267495,-1.1375,0.118888,-10.9475,fluid
1553,21.0829,24.7204,,999.776,-45.2519,-5269.44,,-0.781605,1.12233,1.36767,,0.895225,-2.00531,0.64523,-11.8153,fluid
1554,21.0771,24.3261,,1000.29,-49.2683,6794.45,,-1.61727,1.47653,2.18991,,-0.251365,-1.24939,0.0709037,-11.0594,fluid
1555,21.4008,23.9405,,1000.13,-41.8309,2973.58,,-1.3789,1.47827,2.02154,,-0.491009,-0.632296,-0.352079,-10.4423,fluid
1556,21.6535,23.662,,1000.1,-25.6124,2373.18,,-1.0158,1.26555,1.62279,,-0.701164,-0.620947,-0.591577,-10.4309,fluid
1557,21.9407,23.2753,,1000.06,-15.3385,1393.84,,-0.674079,0.80734,1.05175,,-0.179119,-1.24924,-0.115596,-11.0592,fluid
1558,22.1814,22.7873,,1000.2,2.25853,4827,,-0.391034,1.00373,1.07721,,-1.75389,-2.42332,-1.53632,-12.2333,fluid
1559,21.8228,21.4509,,1000.05,-2.38885,1115.96,,-0.613686,0.594551,0.85446,,0.755835,-0.428573,0.806969,-10.2386,fluid
1560,21.9448,20.8366,,1000.08,-2.12266,1974.11,,-0.528477,0.189432,0.561402,,0.562234,-0.986537,0.652184,-10.7965,fluid
1561,22.0187,20.6114,,1000.11,-4.43408,2591.86,,-0.557551,0.335469,0.650694,,0.237426,-1.15621,0.355125,-10.9662,fluid
1562,22.1729,19.9539,,1000.16,-2.64676,3665.73,,-0.506313,1.07523,1.18848,,-0.767304,-0.972912,-0.602005,-10.7829,fluid
1563,22.4477,18.4261,,1000.12,5.44213,2832.15,,-0.315267,0.0409678,0.317917,,0.147952,-0.135811,0.274104,-9.94581,fluid
1564,22.5532,18.0619,,1000.14,8.31229,3291.15,,-0.287745,0.100893,0.304921,,0.232292,-0.582807,0.3782,-10.3928,fluid
1565,22.6027,17.4066,,1000.16,19.0735,3718.2,,-0.172379,0.494555,0.523736,,-0.290947,-0.766332,-0.126471,-10.5763,fluid
1566,22.691,16.5301,,1000.14,22.4156,3317.99,,-0.0339582,0.145139,0.149059,,-0.0687016,0.14725,0.0775026,-9.66275,fluid
1567,22.707,16.0604,,1000.16,25.2375,3836.82,,0.021597,0.714938,0.715264,,-0.518211,-1.16993,-0.349267,-10.9799,fluid
1568,22.6843,14.3013,,1000.07,20.4985,1561.81,,0.0786134,0.221802,0.235322,,0.224039,-0.170729,0.292884,-9.98073,fluid
1569,22.6499,13.639,,1000.1,21.039,2405.75,,-0.0220901,0.0227817,0.0317329,,0.740472,0.405101,0.846675,-9.4049,fluid
1570,22.6422,12.9943,,1000.07,22.8034,1604.7,,0.0123059,0.452157,0.452324,,0.975365,-0.702214,1.04623,-10.5122,fluid
1571,22.5494,11.719,,1000.12,24.5827,2751.52,,0.0724618,0.748198,0.751699,,-0.632279,2.12405,-0.510271,-7.68595,fluid
1572,22.2643,10.6911,,1000.1,1.02887,2407.03,,-0.192404,0.0599712,0.201534,,-0.995214,0.537447,-0.887114,-9.27255,fluid
1573,22.0681,9.99808,,1000.04,-16.2439,838.761,,-0.367208,0.217869,0.426976,,-0.20921,0.986799,-0.171204,-8.8232,fluid
1574,21.9209,9.42764,,1000.04,-46.2705,829.166,,-0.881094,0.476206,1.00155,,-0.766536,1.97653,-0.728712,-7.83347,fluid
1575,21.5421,8.57781,,999.99,-97.6643,-225.892,,-1.63215,0.892044,1.86001,,-2.3392,2.65033,-2.34968,-7.15967,fluid
