dx/h :,0.1
dy/h :,0.1
L2normdrhodt
12.4737

t,0.001
x,y,,rho,drhodt,pressure,,u,v,,dudt,dvdt
-0.3,-0.3,,1010.33,0,48069,,0,0,,0,0
-0.3,-0.2,,1010.12,0,47088,,0,0,,0,0
-0.3,-0.1,,1009.92,0,46107,,0,0,,0,0
-0.3,0,,1009.71,0,45126,,0,0,,0,0
-0.3,0.1,,1009.51,0,44145,,0,0,,0,0
-0.3,0.2,,1009.3,0,43164,,0,0,,0,0
-0.3,0.3,,1009.1,0,42183,,0,0,,0,0
-0.3,0.4,,1008.89,0,41202,,0,0,,0,0
-0.3,0.5,,1008.68,0,40221,,0,0,,0,0
-0.3,0.6,,1008.48,0,39240,,0,0,,0,0
-0.3,0.7,,1008.27,0,38259,,0,0,,0,0
-0.3,0.8,,1008.06,0,37278,,0,0,,0,0
-0.3,0.9,,1007.86,0,36297,,0,0,,0,0
-0.3,1,,1007.65,0,35316,,0,0,,0,0
-0.3,1.1,,1007.44,0,34335,,0,0,,0,0
-0.3,1.2,,1007.23,0,33354,,0,0,,0,0
-0.3,1.3,,1007.02,0,32373,,0,0,,0,0
-0.3,1.4,,1006.82,0,31392,,0,0,,0,0
-0.3,1.5,,1006.61,0,30411,,0,0,,0,0
-0.3,1.6,,1006.4,0,29430,,0,0,,0,0
-0.3,1.7,,1006.19,0,28449,,0,0,,0,0
-0.3,1.8,,1005.98,0,27468,,0,0,,0,0
-0.3,1.9,,1005.77,0,26487,,0,0,,0,0
-0.3,2,,1005.56,0,25506,,0,0,,0,0
-0.3,2.1,,1005.35,0,24525,,0,0,,0,0
-0.3,2.2,,1005.14,0,23544,,0,0,,0,0
-0.3,2.3,,1004.93,0,22563,,0,0,,0,0
-0.3,2.4,,1004.72,0,21582,,0,0,,0,0
-0.3,2.5,,1004.5,0,20601,,0,0,,0,0
-0.3,2.6,,1004.29,0,19620,,0,0,,0,0
-0.3,2.7,,1004.08,0,18639,,0,0,,0,0
-0.3,2.8,,1003.87,0,17658,,0,0,,0,0
-0.3,2.9,,1003.66,0,16677,,0,0,,0,0
-0.3,3,,1003.44,0,15696,,0,0,,0,0
-0.3,3.1,,1003.23,0,14715,,0,0,,0,0
-0.3,3.2,,1003.02,0,13734,,0,0,,0,0
-0.3,3.3,,1002.8,0,12753,,0,0,,0,0
-0.3,3.4,,1002.59,0,11772,,0,0,,0,0
-0.3,3.5,,1002.37,0,10791,,0,0,,0,0
-0.3,3.6,,1002.16,0,9810,,0,0,,0,0
-0.3,3.7,,1001.95,0,8829,,0,0,,0,0
-0.3,3.8,,1001.73,0,7848,,0,0,,0,0
-0.3,3.9,,1001.51,0,6867,,0,0,,0,0
-0.3,4,,1001.3,0,5886,,0,0,,0,0
-0.3,4.1,,1001.08,0,4905,,0,0,,0,0
-0.3,4.2,,1000.87,0,3924,,0,0,,0,0
-0.3,4.3,,1000.65,0,2943,,0,0,,0,0
-0.3,4.4,,1000.43,0,1962,,0,0,,0,0
-0.3,4.5,,1000.22,0,981,,0,0,,0,0
-0.3,4.6,,1000,0,0,,0,0,,0,0
-0.2,-0.3,,1010.33,0,48069,,0,0,,0,0
-0.2,-0.2,,1010.12,0,47088,,0,0,,0,0
-0.2,-0.1,,1009.92,0,46107,,0,0,,0,0
-0.2,0,,1009.71,0,45126,,0,0,,0,0
-0.2,0.1,,1009.51,0,44145,,0,0,,0,0
-0.2,0.2,,1009.3,0,43164,,0,0,,0,0
-0.2,0.3,,1009.1,0,42183,,0,0,,0,0
-0.2,0.4,,1008.89,0,41202,,0,0,,0,0
-0.2,0.5,,1008.68,0,40221,,0,0,,0,0
-0.2,0.6,,1008.48,0,39240,,0,0,,0,0
-0.2,0.7,,1008.27,0,38259,,0,0,,0,0
-0.2,0.8,,1008.06,0,37278,,0,0,,0,0
-0.2,0.9,,1007.86,0,36297,,0,0,,0,0
-0.2,1,,1007.65,0,35316,,0,0,,0,0
-0.2,1.1,,1007.44,0,34335,,0,0,,0,0
-0.2,1.2,,1007.23,0,33354,,0,0,,0,0
-0.2,1.3,,1007.02,0,32373,,0,0,,0,0
-0.2,1.4,,1006.82,0,31392,,0,0,,0,0
-0.2,1.5,,1006.61,0,30411,,0,0,,0,0
-0.2,1.6,,1006.4,0,29430,,0,0,,0,0
-0.2,1.7,,1006.19,0,28449,,0,0,,0,0
-0.2,1.8,,1005.98,0,27468,,0,0,,0,0
-0.2,1.9,,1005.77,0,26487,,0,0,,0,0
-0.2,2,,1005.56,0,25506,,0,0,,0,0
-0.2,2.1,,1005.35,0,24525,,0,0,,0,0
-0.2,2.2,,1005.14,0,23544,,0,0,,0,0
-0.2,2.3,,1004.93,0,22563,,0,0,,0,0
-0.2,2.4,,1004.72,0,21582,,0,0,,0,0
-0.2,2.5,,1004.5,0,20601,,0,0,,0,0
-0.2,2.6,,1004.29,0,19620,,0,0,,0,0
-0.2,2.7,,1004.08,0,18639,,0,0,,0,0
-0.2,2.8,,1003.87,0,17658,,0,0,,0,0
-0.2,2.9,,1003.66,0,16677,,0,0,,0,0
-0.2,3,,1003.44,0,15696,,0,0,,0,0
-0.2,3.1,,1003.23,0,14715,,0,0,,0,0
-0.2,3.2,,1003.02,0,13734,,0,0,,0,0
-0.2,3.3,,1002.8,0,12753,,0,0,,0,0
-0.2,3.4,,1002.59,0,11772,,0,0,,0,0
-0.2,3.5,,1002.37,0,10791,,0,0,,0,0
-0.2,3.6,,1002.16,0,9810,,0,0,,0,0
-0.2,3.7,,1001.95,0,8829,,0,0,,0,0
-0.2,3.8,,1001.73,0,7848,,0,0,,0,0
-0.2,3.9,,1001.51,0,6867,,0,0,,0,0
-0.2,4,,1001.3,0,5886,,0,0,,0,0
-0.2,4.1,,1001.08,0,4905,,0,0,,0,0
-0.2,4.2,,1000.87,0,3924,,0,0,,0,0
-0.2,4.3,,1000.65,0,2943,,0,0,,0,0
-0.2,4.4,,1000.43,0,1962,,0,0,,0,0
-0.2,4.5,,1000.22,0,981,,0,0,,0,0
-0.2,4.6,,1000,0,0,,0,0,,0,0
-0.1,-0.3,,1010.33,0,48069,,0,0,,0,0
-0.1,-0.2,,1010.12,0,47088,,0,0,,0,0
-0.1,-0.1,,1009.92,0,46107,,0,0,,0,0
-0.1,0,,1009.71,0,45126,,0,0,,0,0
-0.1,0.1,,1009.51,0,44145,,0,0,,0,0
-0.1,0.2,,1009.3,0,43164,,0,0,,0,0
-0.1,0.3,,1009.1,0,42183,,0,0,,0,0
-0.1,0.4,,1008.89,0,41202,,0,0,,0,0
-0.1,0.5,,1008.68,0,40221,,0,0,,0,0
-0.1,0.6,,1008.48,0,39240,,0,0,,0,0
-0.1,0.7,,1008.27,0,38259,,0,0,,0,0
-0.1,0.8,,1008.06,0,37278,,0,0,,0,0
-0.1,0.9,,1007.86,0,36297,,0,0,,0,0
-0.1,1,,1007.65,0,35316,,0,0,,0,0
-0.1,1.1,,1007.44,0,34335,,0,0,,0,0
-0.1,1.2,,1007.23,0,33354,,0,0,,0,0
-0.1,1.3,,1007.02,0,32373,,0,0,,0,0
-0.1,1.4,,1006.82,0,31392,,0,0,,0,0
-0.1,1.5,,1006.61,0,30411,,0,0,,0,0
-0.1,1.6,,1006.4,0,29430,,0,0,,0,0
-0.1,1.7,,1006.19,0,28449,,0,0,,0,0
-0.1,1.8,,1005.98,0,27468,,0,0,,0,0
-0.1,1.9,,1005.77,0,26487,,0,0,,0,0
-0.1,2,,1005.56,0,25506,,0,0,,0,0
-0.1,2.1,,1005.35,0,24525,,0,0,,0,0
-0.1,2.2,,1005.14,0,23544,,0,0,,0,0
-0.1,2.3,,1004.93,0,22563,,0,0,,0,0
-0.1,2.4,,1004.72,0,21582,,0,0,,0,0
-0.1,2.5,,1004.5,0,20601,,0,0,,0,0
-0.1,2.6,,1004.29,0,19620,,0,0,,0,0
-0.1,2.7,,1004.08,0,18639,,0,0,,0,0
-0.1,2.8,,1003.87,0,17658,,0,0,,0,0
-0.1,2.9,,1003.66,0,16677,,0,0,,0,0
-0.1,3,,1003.44,0,15696,,0,0,,0,0
-0.1,3.1,,1003.23,0,14715,,0,0,,0,0
-0.1,3.2,,1003.02,0,13734,,0,0,,0,0
-0.1,3.3,,1002.8,0,12753,,0,0,,0,0
-0.1,3.4,,1002.59,0,11772,,0,0,,0,0
-0.1,3.5,,1002.37,0,10791,,0,0,,0,0
-0.1,3.6,,1002.16,0,9810,,0,0,,0,0
-0.1,3.7,,1001.95,0,8829,,0,0,,0,0
-0.1,3.8,,1001.73,0,7848,,0,0,,0,0
-0.1,3.9,,1001.51,0,6867,,0,0,,0,0
-0.1,4,,1001.3,0,5886,,0,0,,0,0
-0.1,4.1,,1001.08,0,4905,,0,0,,0,0
-0.1,4.2,,1000.87,0,3924,,0,0,,0,0
-0.1,4.3,,1000.65,0,2943,,0,0,,0,0
-0.1,4.4,,1000.43,0,1962,,0,0,,0,0
-0.1,4.5,,1000.22,0,981,,0,0,,0,0
-0.1,4.6,,1000,0,0,,0,0,,0,0
0,-0.3,,1010.33,0,48069,,0,0,,0,0
0,-0.2,,1010.12,0,47088,,0,0,,0,0
0,-0.1,,1009.92,0,46107,,0,0,,0,0
-3.82392e-05,-4.52987e-05,,1009.71,-25.8695,45126,,-0.0382392,-0.0452987,,-38.2391,-35.4889
-4.04231e-05,0.0999606,,1009.51,-24.828,44145,,-0.0404231,-0.0393815,,-40.423,-29.5713
-4.21027e-05,0.199967,,1009.3,-24.3364,43164,,-0.0421027,-0.033353,,-42.1027,-23.5425
-4.32853e-05,0.299972,,1009.1,-24.3643,42183,,-0.0432853,-0.0275393,,-43.2852,-17.7285
-4.4001e-05,0.399978,,1008.89,-24.7504,41202,,-0.044001,-0.0221848,,-44.0007,-12.3739
-4.42959e-05,0.499983,,1008.68,-25.2761,40221,,-0.0442959,-0.0174546,,-44.2954,-7.6439
-4.42261e-05,0.599987,,1008.48,-25.7262,39240,,-0.0442261,-0.0134418,,-44.2255,-3.63132
-4.38523e-05,0.69999,,1008.27,-25.9301,38259,,-0.0438523,-0.0101762,,-43.8516,-0.365985
-4.32349e-05,0.799992,,1008.06,-25.784,37278,,-0.0432349,-0.00763548,,-43.2342,2.17447
-4.24311e-05,0.899994,,1007.86,-25.2536,36297,,-0.0424311,-0.00575681,,-42.4304,4.05288
-4.14919e-05,0.999996,,1007.65,-24.3648,35316,,-0.0414919,-0.00444902,,-41.4912,5.36045
-4.04603e-05,1.1,,1007.44,-23.1859,34335,,-0.0404603,-0.00360433,,-40.4596,6.20499
-3.93707e-05,1.2,,1007.23,-21.8085,33354,,-0.0393707,-0.00310957,,-39.3701,6.69966
-3.82485e-05,1.3,,1007.02,-20.3293,32373,,-0.0382485,-0.00285643,,-38.2479,6.9528
-3.71105e-05,1.4,,1006.82,-18.8366,31392,,-0.0371105,-0.00275024,,-37.11,7.05902
-3.59664e-05,1.5,,1006.61,-17.4021,30411,,-0.0359664,-0.0027171,,-35.966,7.09223
-3.48205e-05,1.6,,1006.4,-16.077,29430,,-0.0348205,-0.0027085,,-34.8202,7.10094
-3.36736e-05,1.7,,1006.19,-14.8921,28449,,-0.0336736,-0.00270268,,-33.6733,7.10687
-3.25257e-05,1.8,,1005.98,-13.8591,27468,,-0.0325257,-0.00269684,,-32.5255,7.11282
-3.13769e-05,1.9,,1005.77,-12.9729,26487,,-0.0313769,-0.00269099,,-31.3768,7.11878
-3.02272e-05,2,,1005.56,-12.2142,25506,,-0.0302272,-0.00268512,,-30.2271,7.12472
-2.90765e-05,2.1,,1005.35,-11.5574,24525,,-0.0290765,-0.00267923,,-29.0764,7.13067
-2.79248e-05,2.2,,1005.14,-10.9784,23544,,-0.0279248,-0.00267333,,-27.9248,7.13662
-2.67722e-05,2.3,,1004.93,-10.457,22563,,-0.0267722,-0.00266741,,-26.7722,7.14256
-2.56187e-05,2.4,,1004.72,-9.97678,21582,,-0.0256187,-0.00266147,,-25.6186,7.14852
-2.44641e-05,2.5,,1004.5,-9.52432,20601,,-0.0244641,-0.00265552,,-24.4641,7.15449
-2.33087e-05,2.6,,1004.29,-9.08883,19620,,-0.0233087,-0.00264955,,-23.3086,7.16046
-2.21522e-05,2.7,,1004.08,-8.66119,18639,,-0.0221522,-0.00264356,,-22.1522,7.16645
-2.09948e-05,2.8,,1003.87,-8.23321,17658,,-0.0209948,-0.00263696,,-20.9948,7.17305
-1.98362e-05,2.9,,1003.66,-7.79704,16677,,-0.0198362,-0.00262563,,-19.8362,7.18438
-1.86758e-05,3,,1003.44,-7.34457,15696,,-0.0186758,-0.00260212,,-18.6758,7.20788
-1.75121e-05,3.1,,1003.23,-6.86734,14715,,-0.0175121,-0.00255806,,-17.5121,7.25194
-1.63435e-05,3.2,,1003.02,-6.35734,13734,,-0.0163435,-0.00248673,,-16.3434,7.32326
-1.51678e-05,3.3,,1002.8,-5.80832,12753,,-0.0151678,-0.00238545,,-15.1678,7.42454
-1.39838e-05,3.4,,1002.59,-5.21735,11772,,-0.0139838,-0.00225736,,-13.9838,7.55263
-1.27909e-05,3.5,,1002.37,-4.586,10791,,-0.0127909,-0.00211257,,-12.7909,7.69741
-1.15905e-05,3.6,,1002.16,-3.92068,9810,,-0.0115905,-0.00196852,,-11.5904,7.84146
-1.03859e-05,3.7,,1001.95,-3.23159,8829,,-0.0103859,-0.00184939,,-10.3859,7.96059
-9.18352e-06,3.8,,1001.73,-2.5303,7848,,-0.00918352,-0.00178477,,-9.18351,8.02521
-7.99253e-06,3.9,,1001.51,-1.82651,6867,,-0.00799253,-0.00180743,,-7.99252,8.00256
-6.82529e-06,4,,1001.3,-1.12482,5886,,-0.00682529,-0.00195024,,-6.82528,7.85976
-5.69698e-06,4.1,,1001.08,-0.423025,4905,,-0.00569698,-0.00224254,,-5.69697,7.56747
-4.62501e-06,4.2,,1000.87,0.286525,3924,,-0.00462501,-0.00270587,,-4.62501,7.10414
-3.62804e-06,4.3,,1000.65,1.01165,2943,,-0.00362804,-0.00334952,,-3.62804,6.4605
-2.72448e-06,4.4,,1000.43,1.75097,1962,,-0.00272448,-0.00416598,,-2.72449,5.64405
-1.93069e-06,4.49999,,1000.22,2.48251,981,,-0.00193069,-0.0051271,,-1.93069,4.68293
-1.2588e-06,4.59999,,1000,3.15471,0,,-0.0012588,-0.00618173,,-1.25881,3.62831
0.1,-0.3,,1010.33,0,48069,,0,0,,0,0
0.1,-0.2,,1010.12,0,47088,,0,0,,0,0
0.1,-0.1,,1009.92,0,46107,,0,0,,0,0
0.0999666,-4.79751e-05,,1009.71,-25.5536,45126,,-0.0333949,-0.0479751,,-33.3944,-38.1654
0.0999647,0.0999584,,1009.51,-23.8658,44145,,-0.0353134,-0.0416231,,-35.313,-31.8129
0.0999632,0.199965,,1009.3,-22.8985,43164,,-0.0367939,-0.0351474,,-36.7934,-25.3368
0.0999622,0.299971,,1009.1,-22.624,42183,,-0.0378394,-0.0288995,,-37.8388,-19.0886
0.0999615,0.399977,,1008.89,-22.8599,41202,,-0.0384739,-0.0231427,,-38.4732,-13.3317
0.0999613,0.499982,,1008.68,-23.3517,40221,,-0.0387367,-0.0180551,,-38.7358,-8.24422
0.0999613,0.599986,,1008.48,-23.8431,39240,,-0.0386767,-0.0137371,,-38.6757,-3.92651
0.0999617,0.69999,,1008.27,-24.1252,38259,,-0.0383475,-0.0102214,,-38.3464,-0.411136
0.0999622,0.799993,,1008.06,-24.0632,37278,,-0.0378032,-0.00748457,,-37.802,2.32541
0.0999629,0.899995,,1007.86,-23.6016,36297,,-0.0370949,-0.00545959,,-37.0936,4.35009
0.0999637,0.999996,,1007.65,-22.7551,35316,,-0.0362682,-0.00404899,,-36.267,5.76042
0.0999646,1.1,,1007.44,-21.5892,34335,,-0.0353617,-0.00313732,,-35.3605,6.67191
0.0999656,1.2,,1007.23,-20.1984,33354,,-0.0344058,-0.00260312,,-34.4048,7.20602
0.0999666,1.3,,1007.02,-18.6866,32373,,-0.0334229,-0.00232985,,-33.422,7.47925
0.0999676,1.4,,1006.82,-17.1506,31392,,-0.0324275,-0.00221547,,-32.4266,7.59367
0.0999686,1.5,,1006.61,-15.6709,30411,,-0.0314275,-0.00218001,,-31.4268,7.62921
0.0999696,1.6,,1006.4,-14.3067,29430,,-0.0304262,-0.00217086,,-30.4255,7.63847
0.0999706,1.7,,1006.19,-13.0951,28449,,-0.029424,-0.0021646,,-29.4234,7.64486
0.0999716,1.8,,1005.98,-12.052,27468,,-0.028421,-0.00215832,,-28.4205,7.65127
0.0999726,1.9,,1005.77,-11.1738,26487,,-0.0274172,-0.00215202,,-27.4168,7.65767
0.0999736,2,,1005.56,-10.4404,25506,,-0.0264125,-0.00214571,,-26.4122,7.66408
0.0999746,2.1,,1005.35,-9.82282,24525,,-0.025407,-0.00213938,,-25.4067,7.67048
0.0999756,2.2,,1005.14,-9.29421,23544,,-0.0244007,-0.00213303,,-24.4005,7.67688
0.0999766,2.3,,1004.93,-8.8316,22563,,-0.0233936,-0.00212666,,-23.3934,7.68328
0.0999776,2.4,,1004.72,-8.41617,21582,,-0.0223856,-0.00212027,,-22.3854,7.68969
0.0999786,2.5,,1004.5,-8.03268,20601,,-0.0213768,-0.00211387,,-21.3766,7.69611
0.0999796,2.6,,1004.29,-7.66873,19620,,-0.0203671,-0.00210744,,-20.367,7.70254
0.0999806,2.7,,1004.08,-7.31387,18639,,-0.0193566,-0.002101,,-19.3565,7.70899
0.0999817,2.8,,1003.87,-6.95876,17658,,-0.0183453,-0.00209393,,-18.3451,7.71606
0.0999827,2.9,,1003.66,-6.59492,16677,,-0.017333,-0.00208177,,-17.3329,7.72822
0.0999837,3,,1003.44,-6.21423,15696,,-0.0163192,-0.00205645,,-16.3191,7.75354
0.0999847,3.1,,1003.23,-5.80884,14715,,-0.0153027,-0.00200889,,-15.3026,7.8011
0.0999857,3.2,,1003.02,-5.37186,13734,,-0.014282,-0.00193187,,-14.2819,7.87811
0.0999867,3.3,,1002.8,-4.89858,12753,,-0.0132553,-0.00182257,,-13.2552,7.98741
0.0999878,3.4,,1002.59,-4.38791,11772,,-0.0122211,-0.00168445,,-12.221,8.12552
0.0999888,3.5,,1002.37,-3.84335,10791,,-0.011179,-0.00152848,,-11.1789,8.28149
0.0999899,3.6,,1002.16,-3.27288,9810,,-0.0101299,-0.00137347,,-10.1299,8.4365
0.0999909,3.7,,1001.95,-2.68743,8829,,-0.00907691,-0.00124549,,-9.07686,8.56448
0.099992,3.8,,1001.73,-2.09781,7848,,-0.00802543,-0.00117636,,-8.02538,8.63361
0.099993,3.9,,1001.51,-1.51082,6867,,-0.0069837,-0.00120127,,-6.98366,8.60871
0.099994,4,,1001.3,-0.925614,5886,,-0.0059627,-0.00135553,,-5.96267,8.45446
0.099995,4.1,,1001.08,-0.332135,4905,,-0.00497592,-0.0016706,,-4.97589,8.1394
0.099996,4.2,,1000.87,0.28684,3924,,-0.00403877,-0.00216955,,-4.03875,7.64045
0.0999968,4.3,,1000.65,0.948726,2943,,-0.00316763,-0.00286223,,-3.16761,6.94778
0.0999976,4.4,,1000.43,1.65946,1962,,-0.00237849,-0.00374043,,-2.37849,6.06959
0.0999983,4.5,,1000.22,2.3995,981,,-0.00168539,-0.00477372,,-1.68539,5.03631
0.0999989,4.59999,,1000,3.11322,0,,-0.00109859,-0.00590705,,-1.09859,3.90299
0.2,-0.3,,1010.33,0,48069,,0,0,,0,0
0.2,-0.2,,1010.12,0,47088,,0,0,,0,0
0.2,-0.1,,1009.92,0,46107,,0,0,,0,0
0.199972,-5.02868e-05,,1009.71,-25.6574,45126,,-0.0282936,-0.0502868,,-28.2929,-40.4771
0.19997,0.0999564,,1009.51,-23.4437,44145,,-0.0299284,-0.0435636,,-29.9277,-33.7533
0.199969,0.199963,,1009.3,-22.1001,43164,,-0.0311926,-0.0367032,,-31.1918,-26.8925
0.199968,0.29997,,1009.1,-21.6016,42183,,-0.0320865,-0.0300793,,-32.0855,-20.2682
0.199967,0.399976,,1008.89,-21.7462,41202,,-0.0326288,-0.0239725,,-32.6276,-14.1614
0.199967,0.499981,,1008.68,-22.2462,40221,,-0.0328522,-0.0185731,,-32.8509,-8.76212
0.199967,0.599986,,1008.48,-22.8072,39240,,-0.0327984,-0.0139889,,-32.7969,-4.17812
0.199967,0.69999,,1008.27,-23.1843,38259,,-0.0325136,-0.0102552,,-32.512,-0.444837
0.199968,0.799993,,1008.06,-23.2141,37278,,-0.0320449,-0.00734807,,-32.0433,2.46194
0.199969,0.899995,,1007.86,-22.822,36297,,-0.0314368,-0.00519691,,-31.4352,4.61275
0.199969,0.999996,,1007.65,-22.0127,35316,,-0.0307292,-0.00369859,,-30.7276,6.11077
0.19997,1.1,,1007.44,-20.85,34335,,-0.0299555,-0.00273068,,-29.9539,7.07846
0.199971,1.2,,1007.23,-19.4326,33354,,-0.0291418,-0.00216417,,-29.1404,7.64485
0.199972,1.3,,1007.02,-17.872,32373,,-0.028307,-0.00187508,,-28.3057,7.9339
0.199973,1.4,,1006.82,-16.2742,31392,,-0.027463,-0.00175469,,-27.4618,8.05432
0.199973,1.5,,1006.61,-14.7291,30411,,-0.0266159,-0.00171771,,-26.6148,8.09138
0.199974,1.6,,1006.4,-13.3043,29430,,-0.0257678,-0.00170817,,-25.7669,8.10105
0.199975,1.7,,1006.19,-12.0436,28449,,-0.0249191,-0.00170153,,-24.9183,8.10783
0.199976,1.8,,1005.98,-10.9673,27468,,-0.0240697,-0.00169487,,-24.0689,8.11463
0.199977,1.9,,1005.77,-10.0734,26487,,-0.0232195,-0.00168819,,-23.2189,8.12143
0.199978,2,,1005.56,-9.3408,25506,,-0.0223687,-0.00168149,,-22.3681,8.12823
0.199978,2.1,,1005.35,-8.73782,24525,,-0.0215172,-0.00167477,,-21.5167,8.13503
0.199979,2.2,,1005.14,-8.23447,23544,,-0.0206649,-0.00166804,,-20.6645,8.14182
0.19998,2.3,,1004.93,-7.80521,22563,,-0.019812,-0.00166129,,-19.8116,8.14861
0.199981,2.4,,1004.72,-7.42897,21582,,-0.0189583,-0.00165451,,-18.958,8.15542
0.199982,2.5,,1004.5,-7.08867,20601,,-0.018104,-0.00164772,,-18.1036,8.16223
0.199983,2.6,,1004.29,-6.77039,19620,,-0.0172489,-0.00164091,,-17.2486,8.16905
0.199984,2.7,,1004.08,-6.46235,18639,,-0.0163931,-0.00163408,,-16.3928,8.17589
0.199984,2.8,,1003.87,-6.1541,17658,,-0.0155366,-0.00162661,,-15.5363,8.18336
0.199985,2.9,,1003.66,-5.83647,16677,,-0.0146793,-0.00161384,,-14.6791,8.19613
0.199986,3,,1003.44,-5.50131,15696,,-0.0138209,-0.00158712,,-13.8207,8.22284
0.199987,3.1,,1003.23,-5.14134,14715,,-0.0129605,-0.00153675,,-12.9603,8.27321
0.199988,3.2,,1003.02,-4.75074,13734,,-0.0120966,-0.00145501,,-12.0964,8.35494
0.199989,3.3,,1002.8,-4.32637,12753,,-0.0112277,-0.00133888,,-11.2275,8.47107
0.19999,3.4,,1002.59,-3.86898,11772,,-0.0103524,-0.00119206,,-10.3523,8.61789
0.199991,3.5,,1002.37,-3.38401,10791,,-0.00947027,-0.00102627,,-9.47016,8.78368
0.199991,3.6,,1002.16,-2.88109,9810,,-0.00858188,-0.000861522,,-8.58178,8.94843
0.199992,3.7,,1001.95,-2.372,8829,,-0.00768972,-0.000725558,,-7.68963,9.0844
0.199993,3.8,,1001.73,-1.86695,7848,,-0.00679844,-0.000652204,,-6.79837,9.15776
0.199994,3.9,,1001.51,-1.37014,6867,,-0.00591509,-0.000678823,,-5.91503,9.13115
0.199995,4,,1001.3,-0.875705,5886,,-0.00504913,-0.000842865,,-5.04908,8.96711
0.199996,4.1,,1001.08,-0.366281,4905,,-0.00421221,-0.00117764,,-4.21217,8.63234
0.199997,4.2,,1000.87,0.184193,3924,,-0.00341756,-0.00170751,,-3.41753,8.10249
0.199997,4.3,,1000.65,0.80193,2943,,-0.00267917,-0.00244271,,-2.67915,7.3673
0.199998,4.4,,1000.43,1.49944,1962,,-0.00201061,-0.00337428,,-2.0106,6.43574
0.199999,4.5,,1000.22,2.25925,981,,-0.0014236,-0.00446972,,-1.4236,5.34031
0.199999,4.59999,,1000,3.02161,0,,-0.000926676,-0.00567066,,-0.926676,4.13938
0.3,-0.3,,1010.33,0,48069,,0,0,,0,0
0.3,-0.2,,1010.12,0,47088,,0,0,,0,0
0.3,-0.1,,1009.92,0,46107,,0,0,,0,0
0.299977,-5.22244e-05,,1009.71,-26.1842,45126,,-0.0232407,-0.0522244,,-23.2399,-42.4147
0.299975,0.0999548,,1009.51,-23.5769,44145,,-0.0245914,-0.0451919,,-24.5905,-35.3816
0.299974,0.199962,,1009.3,-21.9654,43164,,-0.0256363,-0.0380091,,-25.6353,-28.1983
0.299974,0.299969,,1009.1,-21.3279,42183,,-0.0263743,-0.0310685,,-26.3731,-21.2573
0.299973,0.399975,,1008.89,-21.4442,41202,,-0.02682,-0.0246658,,-26.8186,-14.8545
0.299973,0.499981,,1008.68,-21.9958,40221,,-0.0270001,-0.0190025,,-26.9985,-9.19135
0.299973,0.599986,,1008.48,-22.6535,39240,,-0.0269494,-0.0141929,,-26.9477,-4.38203
0.299973,0.69999,,1008.27,-23.1399,38259,,-0.0267069,-0.0102754,,-26.7051,-0.464923
0.299974,0.799993,,1008.06,-23.2659,37278,,-0.0263125,-0.00722543,,-26.3106,2.58461
0.299974,0.899995,,1007.86,-22.9403,36297,,-0.0258041,-0.00496947,,-25.8022,4.84017
0.299975,0.999997,,1007.65,-22.16,35316,,-0.0252154,-0.00339937,,-25.2136,6.40993
0.299975,1.1,,1007.44,-20.9884,34335,,-0.0245745,-0.00238647,,-24.5728,7.42259
0.299976,1.2,,1007.23,-19.5296,33354,,-0.023903,-0.00179499,,-23.9014,8.01392
0.299977,1.3,,1007.02,-17.9031,32373,,-0.0232162,-0.00149436,,-23.2147,8.31449
0.299977,1.4,,1006.82,-16.225,31392,,-0.0225232,-0.00137001,,-22.5218,8.43887
0.299978,1.5,,1006.61,-14.5949,30411,,-0.0218283,-0.00133218,,-21.8271,8.47678
0.299979,1.6,,1006.4,-13.0888,29430,,-0.0211328,-0.00132232,,-21.1317,8.48677
0.29998,1.7,,1006.19,-11.7576,28449,,-0.0204368,-0.00131537,,-20.4358,8.49388
0.29998,1.8,,1005.98,-10.6257,27468,,-0.0197401,-0.00130839,,-19.7392,8.50101
0.299981,1.9,,1005.77,-9.693,26487,,-0.0190429,-0.00130139,,-19.0421,8.50815
0.299982,2,,1005.56,-8.93726,25506,,-0.0183451,-0.00129438,,-18.3444,8.51528
0.299982,2.1,,1005.35,-8.32401,24525,,-0.0176468,-0.00128734,,-17.6461,8.5224
0.299983,2.2,,1005.14,-7.82047,23544,,-0.0169478,-0.00128028,,-16.9472,8.52952
0.299984,2.3,,1004.93,-7.3986,22563,,-0.0162483,-0.00127321,,-16.2478,8.53664
0.299984,2.4,,1004.72,-7.03524,21582,,-0.0155482,-0.00126611,,-15.5477,8.54377
0.299985,2.5,,1004.5,-6.71156,20601,,-0.0148475,-0.001259,,-14.8471,8.55091
0.299986,2.6,,1004.29,-6.41219,19620,,-0.0141463,-0.00125186,,-14.1459,8.55806
0.299987,2.7,,1004.08,-6.12409,18639,,-0.0134444,-0.0012447,,-13.444,8.56522
0.299987,2.8,,1003.87,-5.83575,17658,,-0.012742,-0.00123691,,-12.7416,8.57302
0.299988,2.9,,1003.66,-5.5373,16677,,-0.0120389,-0.0012237,,-12.0386,8.58623
0.299989,3,,1003.44,-5.22045,15696,,-0.0113351,-0.00119601,,-11.3348,8.61392
0.299989,3.1,,1003.23,-4.87834,14715,,-0.0106297,-0.00114354,,-10.6295,8.66639
0.29999,3.2,,1003.02,-4.50617,13734,,-0.00992179,-0.00105808,,-9.92158,8.75185
0.299991,3.3,,1002.8,-4.10218,12753,,-0.00920989,-0.000936383,,-9.20971,8.87355
0.299992,3.4,,1002.59,-3.66891,11772,,-0.00849281,-0.000782308,,-8.49264,9.02762
0.299992,3.5,,1002.37,-3.21363,10791,,-0.00776988,-0.000608152,,-7.76974,9.20178
0.299993,3.6,,1002.16,-2.74767,9810,,-0.00704153,-0.000434986,,-7.0414,9.37495
0.299994,3.7,,1001.95,-2.28374,8829,,-0.00630964,-0.000291984,,-6.30954,9.51796
0.299994,3.8,,1001.73,-1.83176,7848,,-0.005578,-0.000214719,,-5.57791,9.59523
0.299995,3.9,,1001.51,-1.39378,6867,,-0.00485243,-0.000242449,,-4.85236,9.56751
0.299996,4,,1001.3,-0.959671,5886,,-0.00414084,-0.000414475,,-4.14078,9.39549
0.299997,4.1,,1001.08,-0.505698,4905,,-0.00345296,-0.000765686,,-3.45291,9.04429
0.299997,4.2,,1000.87,0.0018703,3924,,-0.00279985,-0.00132148,,-2.79981,8.48851
0.299998,4.3,,1000.65,0.596836,2943,,-0.00219314,-0.00209237,,-2.19312,7.71763
0.299998,4.4,,1000.43,1.29726,1962,,-0.00164405,-0.00306869,,-1.64403,6.74132
0.299999,4.5,,1000.22,2.08715,981,,-0.00116218,-0.00421613,,-1.16217,5.59389
0.299999,4.59999,,1000,2.9027,0,,-0.000754467,-0.00547352,,-0.754465,4.33651
0.4,-0.3,,1010.33,0,48069,,0,0,,0,0
0.4,-0.2,,1010.12,0,47088,,0,0,,0,0
0.4,-0.1,,1009.92,0,46107,,0,0,,0,0
0.399982,-5.3799e-05,,1009.71,-27.0167,45126,,-0.0184772,-0.053799,,-18.4763,-43.9892
0.39998,0.0999535,,1009.51,-24.1404,44145,,-0.0195576,-0.0465152,,-19.5566,-36.7047
0.39998,0.199961,,1009.3,-22.3623,43164,,-0.0203921,-0.039069,,-20.391,-29.258
0.399979,0.299968,,1009.1,-21.6633,42183,,-0.0209792,-0.0318687,,-20.9779,-22.0573
0.399979,0.399975,,1008.89,-21.8063,41202,,-0.0213302,-0.0252231,,-21.3288,-15.4117
0.399979,0.499981,,1008.68,-22.4454,40221,,-0.0214667,-0.0193431,,-21.4651,-9.53177
0.399979,0.599986,,1008.48,-23.2198,39240,,-0.0214172,-0.0143489,,-21.4155,-4.53787
0.399979,0.69999,,1008.27,-23.8236,38259,,-0.021214,-0.0102815,,-21.2122,-0.470966
0.399979,0.799993,,1008.06,-24.0455,37278,,-0.02089,-0.0071162,,-20.8881,2.69387
0.39998,0.899995,,1007.86,-23.7804,36297,,-0.0204766,-0.00477675,,-20.4747,5.03287
0.39998,0.999997,,1007.65,-23.0195,35316,,-0.0200014,-0.00315062,,-19.9996,6.65863
0.399981,1.1,,1007.44,-21.8274,34335,,-0.0194872,-0.00210366,,-19.4854,7.7053
0.399981,1.2,,1007.23,-20.3143,33354,,-0.0189512,-0.0014942,,-18.9495,8.31459
0.399982,1.3,,1007.02,-18.6086,32373,,-0.0184049,-0.00118592,,-18.4034,8.6228
0.399982,1.4,,1006.82,-16.8365,31392,,-0.017855,-0.00105932,,-17.8536,8.74943
0.399983,1.5,,1006.61,-15.1072,30411,,-0.0173041,-0.00102108,,-17.3028,8.78776
0.399983,1.6,,1006.4,-13.5054,29430,,-0.0167527,-0.00101096,,-16.7516,8.79801
0.399984,1.7,,1006.19,-12.0885,28449,,-0.0162009,-0.00100375,,-16.1999,8.80539
0.399984,1.8,,1005.98,-10.8851,27468,,-0.0156487,-0.000996519,,-15.6478,8.81279
0.399985,1.9,,1005.77,-9.89652,26487,,-0.015096,-0.000989266,,-15.0952,8.82019
0.399985,2,,1005.56,-9.09941,25506,,-0.0145428,-0.000981992,,-14.5421,8.82759
0.399986,2.1,,1005.35,-8.45662,24525,,-0.0139892,-0.000974698,,-13.9885,8.83498
0.399987,2.2,,1005.14,-7.93277,23544,,-0.0134352,-0.000967383,,-13.4345,8.84237
0.399987,2.3,,1004.93,-7.49754,22563,,-0.0128806,-0.000960048,,-12.8801,8.84975
0.399988,2.4,,1004.72,-7.12582,21582,,-0.0123256,-0.000952692,,-12.3251,8.85715
0.399988,2.5,,1004.5,-6.79716,20601,,-0.0117702,-0.000945315,,-11.7697,8.86455
0.399989,2.6,,1004.29,-6.49486,19620,,-0.0112143,-0.000937917,,-11.2138,8.87196
0.399989,2.7,,1004.08,-6.20477,18639,,-0.0106579,-0.000930498,,-10.6575,8.87939
0.39999,2.8,,1003.87,-5.91434,17658,,-0.010101,-0.000922438,,-10.1007,8.88746
0.39999,2.9,,1003.66,-5.613,16677,,-0.00954374,-0.000908939,,-9.54341,8.90096
0.399991,3,,1003.44,-5.2922,15696,,-0.00898586,-0.000880621,,-8.98557,8.92928
0.399992,3.1,,1003.23,-4.94539,14715,,-0.008427,-0.000826697,,-8.42674,8.9832
0.399992,3.2,,1003.02,-4.56853,13734,,-0.00786631,-0.000738493,,-7.86608,9.07141
0.399993,3.3,,1002.8,-4.16111,12753,,-0.00730266,-0.000612489,,-7.30247,9.19741
0.399993,3.4,,1002.59,-3.72717,11772,,-0.00673498,-0.000452608,,-6.73481,9.3573
0.399994,3.5,,1002.37,-3.27576,10791,,-0.00616256,-0.000271595,,-6.16241,9.53831
0.399994,3.6,,1002.16,-2.81977,9810,,-0.00558555,-9.13703e-05,,-5.58542,9.71854
0.399995,3.7,,1001.95,-2.37297,8829,,-0.00500532,5.76845e-05,,-5.00521,9.86761
0.399996,3.8,,1001.73,-1.94529,7848,,-0.00442477,0.00013852,,-4.42469,9.94845
0.399996,3.9,,1001.51,-1.53721,6867,,-0.00384856,0.00011027,,-3.84849,9.92021
0.399997,4,,1001.3,-1.13518,5886,,-0.00328303,-6.79328e-05,,-3.28297,9.74202
0.399997,4.1,,1001.08,-0.710308,4905,,-0.00273608,-0.000432292,,-2.73603,9.37768
0.399998,4.2,,1000.87,-0.222553,3924,,-0.00221667,-0.00100906,,-2.21664,8.80092
0.399998,4.3,,1000.65,0.368082,2943,,-0.00173423,-0.00180893,,-1.73421,8.00107
0.399999,4.4,,1000.43,1.08407,1962,,-0.00129777,-0.00282159,,-1.29776,6.98842
0.399999,4.5,,1000.22,1.91036,981,,-0.000915023,-0.00401124,,-0.915016,5.79877
0.399999,4.59999,,1000,2.77945,0,,-0.00059151,-0.00531444,,-0.591507,4.49559
0.5,-0.3,,1010.33,0,48069,,0,0,,0,0
0.5,-0.2,,1010.12,0,47088,,0,0,,0,0
0.5,-0.1,,1009.92,0,46107,,0,0,,0,0
0.499986,-5.50374e-05,,1009.71,-27.9773,45126,,-0.0141787,-0.0550374,,-14.1779,-45.2275
0.499985,0.0999524,,1009.51,-24.9354,44145,,-0.0150131,-0.0475541,,-15.0122,-37.7436
0.499984,0.19996,,1009.3,-23.0732,43164,,-0.0156552,-0.0398985,,-15.6542,-30.0874
0.499984,0.299968,,1009.1,-22.3728,42183,,-0.0161036,-0.0324915,,-16.1024,-22.68
0.499984,0.399974,,1008.89,-22.5824,41202,,-0.0163671,-0.0256525,,-16.3657,-15.8408
0.499984,0.49998,,1008.68,-23.3314,40221,,-0.016463,-0.0196001,,-16.4615,-9.78864
0.499984,0.599986,,1008.48,-24.2317,39240,,-0.0164143,-0.0144598,,-16.4127,-4.64875
0.499984,0.69999,,1008.27,-24.9529,38259,,-0.0162471,-0.010275,,-16.2454,-0.464336
0.499984,0.799993,,1008.06,-25.2649,37278,,-0.0159879,-0.00702031,,-15.9862,2.78979
0.499984,0.899995,,1007.86,-25.0515,36297,,-0.0156619,-0.00461741,,-15.6601,5.1922
0.499985,0.999997,,1007.65,-24.3003,35316,,-0.0152909,-0.0029499,,-15.2892,6.8593
0.499985,1.1,,1007.44,-23.0785,34335,,-0.0148926,-0.00187887,,-14.891,7.93002
0.499986,1.2,,1007.23,-21.5027,33354,,-0.0144801,-0.00125754,,-14.4786,8.55115
0.499986,1.3,,1007.02,-19.7107,32373,,-0.0140615,-0.000944804,,-14.0601,8.86381
0.499986,1.4,,1006.82,-17.8382,31392,,-0.0136411,-0.000817163,,-13.6398,8.99146
0.499987,1.5,,1006.61,-16.004,30411,,-0.0132202,-0.000778712,,-13.219,9.03001
0.499987,1.6,,1006.4,-14.301,29430,,-0.012799,-0.000768399,,-12.7979,9.04047
0.499988,1.7,,1006.19,-12.7924,28449,,-0.0123774,-0.000760987,,-12.3765,9.04805
0.499988,1.8,,1005.98,-11.5108,27468,,-0.0119555,-0.000753555,,-11.9547,9.05566
0.499988,1.9,,1005.77,-10.4583,26487,,-0.0115333,-0.000746101,,-11.5325,9.06328
0.499989,2,,1005.56,-9.61048,25506,,-0.0111106,-0.000738627,,-11.11,9.07089
0.499989,2.1,,1005.35,-8.92756,24525,,-0.0106877,-0.000731132,,-10.6871,9.07849
0.49999,2.2,,1005.14,-8.37182,23544,,-0.0102644,-0.000723615,,-10.2638,9.08609
0.49999,2.3,,1004.93,-7.91089,22563,,-0.00984074,-0.000716078,,-9.84022,9.09368
0.499991,2.4,,1004.72,-7.51788,21582,,-0.00941673,-0.000708519,,-9.41626,9.10128
0.499991,2.5,,1004.5,-7.17094,20601,,-0.00899237,-0.000700938,,-8.99194,9.10889
0.499991,2.6,,1004.29,-6.85214,19620,,-0.00856766,-0.000693337,,-8.56726,9.11651
0.499992,2.7,,1004.08,-6.54634,18639,,-0.00814259,-0.000685713,,-8.14223,9.12414
0.499992,2.8,,1003.87,-6.2401,17658,,-0.00771717,-0.000677449,,-7.71685,9.13242
0.499993,2.9,,1003.66,-5.92211,16677,,-0.00729139,-0.000663741,,-7.2911,9.14613
0.499993,3,,1003.44,-5.58351,15696,,-0.00686523,-0.000635064,,-6.86497,9.17481
0.499994,3.1,,1003.23,-5.21787,14715,,-0.00643847,-0.000580238,,-6.43824,9.22964
0.499994,3.2,,1003.02,-4.82169,13734,,-0.00601053,-0.000490163,,-6.01033,9.31971
0.499994,3.3,,1002.8,-4.39541,12753,,-0.00558056,-0.00036103,,-5.58038,9.44885
0.499995,3.4,,1002.59,-3.9444,11772,,-0.0051476,-0.000196736,,-5.14745,9.61315
0.499995,3.5,,1002.37,-3.47919,10791,,-0.004711,-1.03321e-05,,-4.71087,9.79956
0.499996,3.6,,1002.16,-3.01414,9810,,-0.00427066,0.000175606,,-4.27055,9.9855
0.499996,3.7,,1001.95,-2.56413,8829,,-0.00382748,0.000329722,,-3.82739,10.1396
0.499997,3.8,,1001.73,-2.13933,7848,,-0.00338357,0.000413756,,-3.38349,10.2237
0.499997,3.9,,1001.51,-1.73924,6867,,-0.00294245,0.000385509,,-2.94239,10.1954
0.499997,4,,1001.3,-1.3478,5886,,-0.00250905,0.000202824,,-2.509,10.0128
0.499998,4.1,,1001.08,-0.932155,4905,,-0.00208954,-0.000171584,,-2.0895,9.63837
0.499998,4.2,,1000.87,-0.447364,3924,,-0.00169096,-0.000764655,,-1.69093,9.04532
0.499999,4.3,,1000.65,0.151375,2943,,-0.00132072,-0.00158721,,-1.3207,8.22277
0.499999,4.4,,1000.43,0.88989,1962,,-0.000985911,-0.00262842,,-0.9859,7.18158
0.499999,4.5,,1000.22,1.75365,981,,-0.000692573,-0.00385128,,-0.692567,5.95873
0.5,4.59999,,1000,2.67202,0,,-0.000445025,-0.0051905,,-0.445024,4.61952
0.6,-0.3,,1010.33,0,48069,,0,0,,0,0
0.6,-0.2,,1010.12,0,47088,,0,0,,0,0
0.6,-0.1,,1009.92,0,46107,,0,0,,0,0
0.59999,-5.59768e-05,,1009.71,-28.8814,45126,,-0.0104581,-0.0559768,,-10.4575,-46.1669
0.599989,0.0999517,,1009.51,-25.7491,44145,,-0.0110778,-0.0483397,,-11.0771,-38.529
0.599988,0.199959,,1009.3,-23.8601,43164,,-0.0115516,-0.0405223,,-11.5508,-30.711
0.599988,0.299967,,1009.1,-23.1969,42183,,-0.0118785,-0.0329557,,-11.8775,-23.144
0.599988,0.399974,,1008.89,-23.4941,41202,,-0.0120656,-0.0259675,,-12.0645,-16.1558
0.599988,0.49998,,1008.68,-24.36,40221,,-0.0121265,-0.0197831,,-12.1253,-9.97151
0.599988,0.599985,,1008.48,-25.3835,39240,,-0.0120795,-0.0145318,,-12.0782,-4.72057
0.599988,0.69999,,1008.27,-26.2133,38259,,-0.0119451,-0.0102586,,-11.9437,-0.447882
0.599988,0.799993,,1008.06,-26.6044,37278,,-0.0117441,-0.00693801,,-11.7426,2.87212
0.599989,0.899996,,1007.86,-26.4319,36297,,-0.0114958,-0.00448954,,-11.4944,5.32005
0.599989,0.999997,,1007.65,-25.6818,35316,,-0.0112171,-0.00279347,,-11.2157,7.01568
0.599989,1.1,,1007.44,-24.4242,34335,,-0.0109209,-0.00170681,,-10.9195,8.102
0.599989,1.2,,1007.23,-22.7829,33354,,-0.0106163,-0.00107855,,-10.6151,8.73005
0.59999,1.3,,1007.02,-20.9042,32373,,-0.0103087,-0.000763668,,-10.3076,9.04484
0.59999,1.4,,1006.82,-18.9333,31392,,-0.0100004,-0.000635666,,-9.99941,9.17286
0.59999,1.5,,1006.61,-16.9976,30411,,-0.00969189,-0.000597068,,-9.69097,9.21155
0.599991,1.6,,1006.4,-15.1972,29430,,-0.00938309,-0.000586606,,-9.38227,9.22217
0.599991,1.7,,1006.19,-13.6008,28449,,-0.00907404,-0.000579045,,-9.0733,9.22991
0.599991,1.8,,1005.98,-12.2439,27468,,-0.00876474,-0.000571463,,-8.76407,9.23768
0.599992,1.9,,1005.77,-11.1292,26487,,-0.00845518,-0.00056386,,-8.45458,9.24546
0.599992,2,,1005.56,-10.2307,25506,,-0.00814536,-0.000556235,,-8.14482,9.25323
0.599992,2.1,,1005.35,-9.50635,24525,,-0.00783529,-0.00054859,,-7.8348,9.26099
0.599992,2.2,,1005.14,-8.91642,23544,,-0.00752497,-0.000540922,,-7.52452,9.26874
0.599993,2.3,,1004.93,-8.42664,22563,,-0.00721438,-0.000533233,,-7.21398,9.27649
0.599993,2.4,,1004.72,-8.00861,21582,,-0.00690354,-0.000525522,,-6.90317,9.28424
0.599993,2.5,,1004.5,-7.63921,20601,,-0.00659244,-0.000517789,,-6.5921,9.292
0.599994,2.6,,1004.29,-7.2995,19620,,-0.00628108,-0.000510034,,-6.28077,9.29978
0.599994,2.7,,1004.08,-6.97343,18639,,-0.00596946,-0.000502258,,-5.96918,9.30757
0.599994,2.8,,1003.87,-6.6468,17658,,-0.00565758,-0.000493839,,-5.65733,9.316
0.599995,2.9,,1003.66,-6.30765,16677,,-0.00534544,-0.000479978,,-5.34521,9.32987
0.599995,3,,1003.44,-5.94671,15696,,-0.00503304,-0.000451107,,-5.03283,9.35874
0.599995,3.1,,1003.23,-5.5575,14715,,-0.00472029,-0.000395795,,-4.72011,9.41406
0.599996,3.2,,1003.02,-5.13687,13734,,-0.00440687,-0.000304575,,-4.40671,9.50528
0.599996,3.3,,1002.8,-4.68594,12753,,-0.00409218,-0.000173343,,-4.09204,9.63651
0.599996,3.4,,1002.59,-4.21109,11772,,-0.00377546,-5.89878e-06,,-3.77534,9.80396
0.599997,3.5,,1002.37,-3.72409,10791,,-0.00345608,0.000184534,,-3.45598,9.99441
0.599997,3.6,,1002.16,-3.24059,9810,,-0.00313382,0.000374906,,-3.13373,10.1848
0.599997,3.7,,1001.95,-2.77652,8829,,-0.00280915,0.000533112,,-2.80908,10.343
0.599998,3.8,,1001.73,-2.34252,7848,,-0.00248351,0.000619931,,-2.48345,10.4298
0.599998,3.9,,1001.51,-1.93758,6867,,-0.00215941,0.000592101,,-2.15936,10.402
0.599998,4,,1001.3,-1.54396,5886,,-0.0018405,0.000406417,,-1.84047,10.2164
0.599998,4.1,,1001.08,-1.12593,4905,,-0.00153143,2.47239e-05,,-1.5314,9.83467
0.599999,4.2,,1000.87,-0.634966,3924,,-0.00123754,-0.000580474,,-1.23752,9.22949
0.599999,4.3,,1000.65,-0.0226906,2943,,-0.000964467,-0.00142011,,-0.964455,8.38987
0.599999,4.4,,1000.43,0.739166,1962,,-0.00071762,-0.00248294,,-0.717614,7.32706
0.599999,4.5,,1000.22,1.63636,981,,-0.000501607,-0.003731,,-0.501604,6.07901
0.6,4.59999,,1000,2.59574,0,,-0.000319717,-0.00509761,,-0.319717,4.71242
0.7,-0.3,,1010.33,0,48069,,0,0,,0,0
0.7,-0.2,,1010.12,0,47088,,0,0,,0,0
0.7,-0.1,,1009.92,0,46107,,0,0,,0,0
0.699993,-5.66609e-05,,1009.71,-29.5762,45126,,-0.0073713,-0.0566609,,-7.37094,-46.8509
0.699992,0.0999511,,1009.51,-26.3995,44145,,-0.00781118,-0.0489087,,-7.81074,-39.0979
0.699992,0.199959,,1009.3,-24.5155,43164,,-0.00814418,-0.0409704,,-8.14365,-31.159
0.699992,0.299967,,1009.1,-23.9059,42183,,-0.00836986,-0.0332848,,-8.36922,-23.4729
0.699992,0.399974,,1008.89,-24.2936,41202,,-0.00849395,-0.0261861,,-8.4932,-16.3742
0.699991,0.49998,,1008.68,-25.2692,40221,,-0.00852715,-0.0199044,,-8.52629,-10.0927
0.699992,0.599985,,1008.48,-26.4022,39240,,-0.00848351,-0.0145724,,-8.48256,-4.76108
0.699992,0.69999,,1008.27,-27.3247,38259,,-0.00837873,-0.0102361,,-8.37772,-0.425373
0.699992,0.799993,,1008.06,-27.7796,37278,,-0.00822855,-0.00686971,,-8.22752,2.94044
0.699992,0.899996,,1007.86,-27.6363,36297,,-0.0080474,-0.00439071,,-8.04638,5.41887
0.699992,0.999997,,1007.65,-26.8797,35316,,-0.00784729,-0.00267657,,-7.8463,7.13254
0.699992,1.1,,1007.44,-25.5839,34335,,-0.00763723,-0.0015809,,-7.63629,8.22785
0.699993,1.2,,1007.23,-23.8793,33354,,-0.00742305,-0.000949242,,-7.42219,8.85928
0.699993,1.3,,1007.02,-21.9202,32373,,-0.00720774,-0.000633595,,-7.20695,9.17483
0.699993,1.4,,1006.82,-19.8602,31392,,-0.00699218,-0.000505478,,-6.99148,9.30296
0.699993,1.5,,1006.61,-17.8342,30411,,-0.00677645,-0.000466773,,-6.77583,9.34176
0.699993,1.6,,1006.4,-15.9486,29430,,-0.00656055,-0.000456204,,-6.56,9.35249
0.699994,1.7,,1006.19,-14.2766,28449,,-0.00634446,-0.000448537,,-6.34398,9.36035
0.699994,1.8,,1005.98,-12.8556,27468,,-0.0061282,-0.000440848,,-6.12778,9.36824
0.699994,1.9,,1005.77,-11.6885,26487,,-0.00591177,-0.000433137,,-5.91139,9.37614
0.699994,2,,1005.56,-10.7475,25506,,-0.00569515,-0.000425405,,-5.69481,9.38402
0.699995,2.1,,1005.35,-9.98873,24525,,-0.00547835,-0.000417651,,-5.47805,9.39189
0.699995,2.2,,1005.14,-9.3704,23544,,-0.00526138,-0.000409875,,-5.2611,9.39975
0.699995,2.3,,1004.93,-8.85675,22563,,-0.00504423,-0.000402077,,-5.04397,9.40762
0.699995,2.4,,1004.72,-8.41805,21582,,-0.00482689,-0.000394257,,-4.82666,9.41548
0.699995,2.5,,1004.5,-8.03012,20601,,-0.00460938,-0.000386415,,-4.60917,9.42336
0.699996,2.6,,1004.29,-7.67315,19620,,-0.00439168,-0.000378551,,-4.39149,9.43124
0.699996,2.7,,1004.08,-7.33037,18639,,-0.0041738,-0.000370664,,-4.17363,9.43915
0.699996,2.8,,1003.87,-6.98693,17658,,-0.00395574,-0.000362135,,-3.95558,9.44768
0.699996,2.9,,1003.66,-6.63025,16677,,-0.0037375,-0.000348164,,-3.73736,9.46166
0.699996,3,,1003.44,-6.25067,15696,,-0.00351907,-0.00031918,,-3.51894,9.49065
0.699997,3.1,,1003.23,-5.84154,14715,,-0.00330045,-0.000263646,,-3.30034,9.54619
0.699997,3.2,,1003.02,-5.39983,13734,,-0.00308149,-0.000171823,,-3.0814,9.63802
0.699997,3.3,,1002.8,-4.92712,12753,,-0.00286184,-3.93283e-05,,-2.86176,9.77052
0.699997,3.4,,1002.59,-4.43049,11772,,-0.00264095,0.00013019,,-2.64088,9.94004
0.699998,3.5,,1002.37,-3.92268,10791,,-0.00241827,0.000323445,,-2.41821,10.1333
0.699998,3.6,,1002.16,-3.4204,9810,,-0.0021935,0.000517082,,-2.19345,10.327
0.699998,3.7,,1001.95,-2.94053,8829,,-0.00196682,0.000678453,,-1.96678,10.4883
0.699998,3.8,,1001.73,-2.49428,7848,,-0.00173908,0.000767612,,-1.73904,10.5775
0.699998,3.9,,1001.51,-2.0805,6867,,-0.00151197,0.000740466,,-1.51195,10.5504
0.699999,4,,1001.3,-1.68044,5886,,-0.00128805,0.000552992,,-1.28803,10.3629
0.699999,4.1,,1001.08,-1.25646,4905,,-0.00107065,0.00016634,,-1.07064,9.97629
0.699999,4.2,,1000.87,-0.757477,3924,,-0.000863667,-0.000447429,,-0.863659,9.36253
0.699999,4.3,,1000.65,-0.132617,2943,,-0.000671235,-0.00129935,,-0.671231,8.51063
0.7,4.4,,1000.43,0.648124,1962,,-0.000497342,-0.00237787,,-0.497341,7.43212
0.7,4.5,,1000.22,1.57065,981,,-0.000345396,-0.00364433,,-0.345397,6.16568
0.7,4.59999,,1000,2.55997,0,,-0.00021783,-0.00503097,,-0.217832,4.77905
0.8,-0.3,,1010.33,0,48069,,0,0,,0,0
0.8,-0.2,,1010.12,0,47088,,0,0,,0,0
0.8,-0.1,,1009.92,0,46107,,0,0,,0,0
0.799995,-5.71359e-05,,1009.71,-29.9628,45126,,-0.00492407,-0.0571359,,-4.92399,-47.3258
0.799995,0.0999507,,1009.51,-26.7624,44145,,-0.00521989,-0.0493006,,-5.21976,-39.4898
0.799995,0.199959,,1009.3,-24.8933,43164,,-0.00544064,-0.0412754,,-5.44045,-31.4639
0.799994,0.299966,,1009.1,-24.3352,42183,,-0.00558641,-0.0335046,,-5.58613,-23.6926
0.799994,0.399974,,1008.89,-24.8013,41202,,-0.00566181,-0.0263275,,-5.66144,-16.5154
0.799994,0.49998,,1008.68,-25.8677,40221,,-0.00567505,-0.0199778,,-5.67461,-10.166
0.799994,0.599985,,1008.48,-27.0884,39240,,-0.00563671,-0.0145902,,-5.6362,-4.7788
0.799994,0.69999,,1008.27,-28.0825,38259,,-0.00555839,-0.0102116,,-5.55783,-0.400845
0.799995,0.799993,,1008.06,-28.5838,37278,,-0.00545146,-0.00681561,,-5.45088,2.99456
0.799995,0.899996,,1007.86,-28.4575,36297,,-0.00532606,-0.00431795,,-5.32548,5.49162
0.799995,0.999997,,1007.65,-27.6887,35316,,-0.00519025,-0.00259367,,-5.1897,7.2154
0.799995,1.1,,1007.44,-26.3555,34335,,-0.00504968,-0.00149363,,-5.04917,8.31507
0.799995,1.2,,1007.23,-24.594,33354,,-0.00490758,-0.000860729,,-4.90712,8.94773
0.799995,1.3,,1007.02,-22.5658,32373,,-0.00476519,-0.000544921,,-4.76479,9.26344
0.799995,1.4,,1006.82,-20.4314,31392,,-0.00462268,-0.000416732,,-4.62234,9.39164
0.799996,1.5,,1006.61,-18.3322,30411,,-0.00448006,-0.000377954,,-4.47978,9.43052
0.799996,1.6,,1006.4,-16.3796,29430,,-0.00433732,-0.000367313,,-4.33709,9.44133
0.799996,1.7,,1006.19,-14.6498,28449,,-0.00419446,-0.000359573,,-4.19427,9.44927
0.799996,1.8,,1005.98,-13.1818,27468,,-0.00405149,-0.00035181,,-4.05133,9.45724
0.799996,1.9,,1005.77,-11.9778,26487,,-0.0039084,-0.000344027,,-3.90827,9.46522
0.799996,2,,1005.56,-11.0083,25506,,-0.00376519,-0.000336221,,-3.76508,9.47318
0.799996,2.1,,1005.35,-10.2275,24525,,-0.00362187,-0.000328393,,-3.62177,9.48113
0.799997,2.2,,1005.14,-9.59234,23544,,-0.00347842,-0.000320543,,-3.47833,9.48907
0.799997,2.3,,1004.93,-9.06553,22563,,-0.00333486,-0.000312671,,-3.33478,9.49701
0.799997,2.4,,1004.72,-8.6163,21582,,-0.00319117,-0.000304777,,-3.1911,9.50495
0.799997,2.5,,1004.5,-8.21958,20601,,-0.00304737,-0.00029686,,-3.04731,9.5129
0.799997,2.6,,1004.29,-7.85485,19620,,-0.00290345,-0.000288921,,-2.90339,9.52086
0.799997,2.7,,1004.08,-7.50476,18639,,-0.00275941,-0.00028096,,-2.75935,9.52884
0.799997,2.8,,1003.87,-7.15391,17658,,-0.00261524,-0.000272356,,-2.6152,9.53745
0.799998,2.9,,1003.66,-6.78925,16677,,-0.00247096,-0.000258309,,-2.47092,9.55151
0.799998,3,,1003.44,-6.40068,15696,,-0.00232655,-0.000229249,,-2.32652,9.58057
0.799998,3.1,,1003.23,-5.98131,14715,,-0.00218203,-0.000173625,,-2.182,9.6362
0.799998,3.2,,1003.02,-5.52811,13734,,-0.00203735,-8.15472e-05,,-2.03733,9.72828
0.799998,3.3,,1002.8,-5.04284,12753,,-0.00189236,5.15977e-05,,-1.89234,9.86143
0.799998,3.4,,1002.59,-4.53308,11772,,-0.00174672,0.000222334,,-1.7467,10.0322
0.799998,3.5,,1002.37,-4.01222,10791,,-0.0016,0.000417404,,-1.59999,10.2273
0.799999,3.6,,1002.16,-3.49782,9810,,-0.0014519,0.000613287,,-1.45189,10.4232
0.799999,3.7,,1001.95,-3.00754,8829,,-0.00130239,0.000776974,,-1.30238,10.5869
0.799999,3.8,,1001.73,-2.55317,7848,,-0.00115189,0.000868,,-1.15189,10.6779
0.799999,3.9,,1001.51,-2.13369,6867,,-0.00100145,0.000841656,,-1.00145,10.6516
0.799999,4,,1001.3,-1.72978,5886,,-0.000852725,0.000653294,,-0.852725,10.4632
0.799999,4.1,,1001.08,-1.30262,4905,,-0.000707975,0.000263526,,-0.707977,10.0735
0.799999,4.2,,1000.87,-0.799476,3924,,-0.000569902,-0.000355942,,-0.569905,9.45402
0.8,4.3,,1000.65,-0.167729,2943,,-0.000441411,-0.00121624,,-0.441415,8.59373
0.8,4.4,,1000.43,0.623806,1962,,-0.000325328,-0.00230562,,-0.325333,7.50437
0.8,4.5,,1000.22,1.56114,981,,-0.000224078,-0.00358489,,-0.224082,6.22512
0.8,4.6,,1000,2.56801,0,,-0.000139398,-0.00498554,,-0.139402,4.82448
0.9,-0.3,,1010.33,0,48069,,0,0,,0,0
0.9,-0.2,,1010.12,0,47088,,0,0,,0,0
0.9,-0.1,,1009.92,0,46107,,0,0,,0,0
0.899997,-5.74472e-05,,1009.71,-30.0032,45126,,-0.0030809,-0.0574472,,-3.0811,-47.6371
0.899997,0.0999504,,1009.51,-26.7809,44145,,-0.003267,-0.0495546,,-3.26718,-39.7437
0.899997,0.199959,,1009.3,-24.9197,43164,,-0.00340303,-0.0414697,,-3.40316,-31.6581
0.899997,0.299966,,1009.1,-24.3978,42183,,-0.00348948,-0.0336409,,-3.48956,-23.8289
0.899996,0.399974,,1008.89,-24.9201,41202,,-0.00353003,-0.0264112,,-3.53005,-16.5991
0.899996,0.49998,,1008.68,-26.0511,40221,,-0.00353081,-0.0200166,,-3.53078,-10.2048
0.899997,0.599985,,1008.48,-27.3333,39240,,-0.00349948,-0.0145934,,-3.4994,-4.78198
0.899997,0.69999,,1008.27,-28.3755,38259,,-0.0034442,-0.0101887,,-3.44409,-0.377928
0.899997,0.799993,,1008.06,-28.9051,37278,,-0.00337273,-0.00677541,,-3.3726,3.03477
0.899997,0.899996,,1007.86,-28.7844,36297,,-0.00329164,-0.00426772,,-3.29151,5.54185
0.899997,0.999997,,1007.65,-27.9995,35316,,-0.00320583,-0.00253869,,-3.20571,7.27036
0.899997,1.1,,1007.44,-26.632,34335,,-0.00311831,-0.00143707,,-3.11823,8.3716
0.899997,1.2,,1007.23,-24.823,33354,,-0.00303046,-0.000803905,,-3.03041,9.00452
0.899997,1.3,,1007.02,-22.7401,32373,,-0.00294254,-0.000488051,,-2.94252,9.32026
0.899997,1.4,,1006.82,-20.5494,31392,,-0.00285454,-0.000359815,,-2.85456,9.44851
0.899997,1.5,,1006.61,-18.3971,30411,,-0.00276647,-0.000320991,,-2.76652,9.48745
0.899997,1.6,,1006.4,-16.3985,29430,,-0.00267833,-0.000310303,,-2.6784,9.49831
0.899997,1.7,,1006.19,-14.6319,28449,,-0.00259011,-0.000302516,,-2.5902,9.5063
0.899997,1.8,,1005.98,-13.1366,27468,,-0.00250183,-0.000294707,,-2.50193,9.51433
0.899998,1.9,,1005.77,-11.9137,26487,,-0.00241347,-0.000286876,,-2.41358,9.52236
0.899998,2,,1005.56,-10.9323,25506,,-0.00232504,-0.000279023,,-2.32514,9.53037
0.899998,2.1,,1005.35,-10.145,24525,,-0.00223654,-0.000271148,,-2.23664,9.53837
0.899998,2.2,,1005.14,-9.50734,23544,,-0.00214796,-0.000263251,,-2.14806,9.54636
0.899998,2.3,,1004.93,-8.98106,22563,,-0.00205931,-0.000255332,,-2.0594,9.55435
0.899998,2.4,,1004.72,-8.53443,21582,,-0.00197058,-0.00024739,,-1.97067,9.56234
0.899998,2.5,,1004.5,-8.14169,20601,,-0.00188179,-0.000239425,,-1.88187,9.57033
0.899998,2.6,,1004.29,-7.78177,19620,,-0.00179291,-0.000231438,,-1.79299,9.57835
0.899998,2.7,,1004.08,-7.43685,18639,,-0.00170397,-0.000223429,,-1.70403,9.58637
0.899998,2.8,,1003.87,-7.09112,17658,,-0.00161495,-0.000214777,,-1.61501,9.59503
0.899998,2.9,,1003.66,-6.73113,16677,,-0.00152585,-0.000200681,,-1.52591,9.60914
0.899999,3,,1003.44,-6.34637,15696,,-0.00143668,-0.000171573,,-1.43673,9.63825
0.899999,3.1,,1003.23,-5.92969,14715,,-0.00134744,-0.000115901,,-1.34748,9.69393
0.899999,3.2,,1003.02,-5.4779,13734,,-0.00125812,-2.37411e-05,,-1.25815,9.78609
0.899999,3.3,,1002.8,-4.99283,12753,,-0.00116868,0.000109665,,-1.16872,9.9195
0.899999,3.4,,1002.59,-4.4823,11772,,-0.00107897,0.000281006,,-1.07901,10.0908
0.899999,3.5,,1002.37,-3.96014,10791,,-0.000988727,0.000477109,,-0.988756,10.287
0.899999,3.6,,1002.16,-3.44446,9810,,-0.000897672,0.000674397,,-0.897699,10.4843
0.899999,3.7,,1001.95,-2.95359,8829,,-0.000805679,0.000839656,,-0.805702,10.6495
0.899999,3.8,,1001.73,-2.4998,7848,,-0.000712896,0.000932074,,-0.712917,10.742
0.899999,3.9,,1001.51,-2.08229,6867,,-0.000619869,0.000906511,,-0.619888,10.7164
0.899999,4,,1001.3,-1.68157,5886,,-0.000527588,0.000717861,,-0.527605,10.5278
0.9,4.1,,1001.08,-1.25811,4905,,-0.000437474,0.000326334,,-0.437489,10.1363
0.9,4.2,,1000.87,-0.758119,3924,,-0.000351285,-0.000296644,,-0.351298,9.51331
0.9,4.3,,1000.65,-0.127871,2943,,-0.000270953,-0.0011623,,-0.270964,8.64767
0.9,4.4,,1000.43,0.664633,1962,,-0.000198381,-0.00225875,,-0.19839,7.55124
0.9,4.5,,1000.22,1.60551,981,,-0.000135217,-0.00354646,,-0.135225,6.26354
0.9,4.6,,1000,2.6177,0,,-8.26479e-05,-0.0049564,,-0.082654,4.85362
1,-0.3,,1010.33,0,48069,,0,0,,0,0
1,-0.2,,1010.12,0,47088,,0,0,,0,0
1,-0.1,,1009.92,0,46107,,0,0,,0,0
0.999998,-5.7637e-05,,1009.71,-29.7138,45126,,-0.0017746,-0.057637,,-1.77503,-47.8269
0.999998,0.0999503,,1009.51,-26.4592,44145,,-0.00188203,-0.049707,,-1.88246,-39.8961
0.999998,0.199958,,1009.3,-24.5894,43164,,-0.0019582,-0.0415835,,-1.95862,-31.7718
0.999998,0.299966,,1009.1,-24.0806,42183,,-0.00200387,-0.0337178,,-2.00426,-23.9057
0.999998,0.399974,,1008.89,-24.6317,41202,,-0.00202187,-0.0264551,,-2.02223,-16.6429
0.999998,0.49998,,1008.68,-25.7985,40221,,-0.00201658,-0.0200332,,-2.01691,-10.2213
0.999998,0.599985,,1008.48,-27.1146,39240,,-0.00199326,-0.0145892,,-1.99356,-4.77773
0.999998,0.69999,,1008.27,-28.1816,38259,,-0.00195727,-0.0101701,,-1.95755,-0.359283
0.999998,0.799993,,1008.06,-28.7224,37278,,-0.00191345,-0.00674801,,-1.91372,3.06217
0.999998,0.899996,,1007.86,-28.5977,36297,,-0.0018656,-0.0042359,,-1.86586,5.57366
0.999998,0.999997,,1007.65,-27.7947,35316,,-0.0018162,-0.00250524,,-1.81648,7.30379
0.999998,1.1,,1007.44,-26.3977,34335,,-0.00176648,-0.0014033,,-1.76677,8.40534
0.999998,1.2,,1007.23,-24.5522,33354,,-0.00171671,-0.000770111,,-1.71701,9.03828
0.999998,1.3,,1007.02,-22.4301,32373,,-0.0016669,-0.000454229,,-1.66722,9.35406
0.999998,1.4,,1006.82,-20.2018,31392,,-0.00161705,-0.000325966,,-1.61738,9.48234
0.999998,1.5,,1006.61,-18.0172,30411,,-0.00156717,-0.000287114,,-1.5675,9.5213
0.999998,1.6,,1006.4,-15.9939,29430,,-0.00151724,-0.000276398,,-1.51757,9.5322
0.999999,1.7,,1006.19,-14.2113,28449,,-0.00146726,-0.000268583,,-1.4676,9.54023
0.999999,1.8,,1005.98,-12.7082,27468,,-0.00141725,-0.000260747,,-1.41758,9.54829
0.999999,1.9,,1005.77,-11.4845,26487,,-0.0013672,-0.000252888,,-1.36751,9.55635
0.999999,2,,1005.56,-10.5077,25506,,-0.00131711,-0.000245007,,-1.3174,9.56439
0.999999,2.1,,1005.35,-9.72939,24525,,-0.00126697,-0.000237104,,-1.26725,9.57242
0.999999,2.2,,1005.14,-9.10394,23544,,-0.00121679,-0.000229178,,-1.21705,9.58044
0.999999,2.3,,1004.93,-8.59217,22563,,-0.00116657,-0.000221231,,-1.16682,9.58846
0.999999,2.4,,1004.72,-8.16167,21582,,-0.00111631,-0.00021326,,-1.11654,9.59647
0.999999,2.5,,1004.5,-7.78611,20601,,-0.00106601,-0.000205267,,-1.06622,9.6045
0.999999,2.6,,1004.29,-7.44402,19620,,-0.00101567,-0.000197252,,-1.01585,9.61254
0.999999,2.7,,1004.08,-7.11723,18639,,-0.000965282,-0.000189214,,-0.965451,9.62059
0.999999,2.8,,1003.87,-6.78961,17658,,-0.000914854,-0.000180533,,-0.915007,9.62929
0.999999,2.9,,1003.66,-6.44739,16677,,-0.000864383,-0.000166409,,-0.864521,9.64342
0.999999,3,,1003.44,-6.07974,15696,,-0.00081387,-0.000137272,,-0.813994,9.67256
0.999999,3.1,,1003.23,-5.67919,14715,,-0.000763315,-8.15703e-05,,-0.763425,9.72826
0.999999,3.2,,1003.02,-5.24235,13734,,-0.000712717,1.06183e-05,,-0.712814,9.82045
0.999999,3.3,,1002.8,-4.771,12753,,-0.000662075,0.000144094,,-0.662162,9.95393
0.999999,3.4,,1002.59,-4.273,11772,,-0.000611354,0.000315662,,-0.61143,10.1255
0.999999,3.5,,1002.37,-3.76244,10791,,-0.000560428,0.000512252,,-0.560495,10.3221
0.999999,3.6,,1002.16,-3.25778,9810,,-0.000509118,0.000710307,,-0.509176,10.5202
1,3.7,,1001.95,-2.77778,8829,,-0.000457275,0.000876522,,-0.457325,10.6864
1,3.8,,1001.73,-2.33513,7848,,-0.000404889,0.000969886,,-0.404933,10.7798
1,3.9,,1001.51,-1.92927,6867,,-0.000352186,0.000944977,,-0.352223,10.7549
1,4,,1001.3,-1.54069,5886,,-0.000299676,0.000756377,,-0.299707,10.5663
1,4.1,,1001.08,-1.12949,4905,,-0.000248166,0.000364003,,-0.248192,10.1739
1,4.2,,1000.87,-0.641277,3924,,-0.00019871,-0.000260931,,-0.198731,9.54903
1,4.3,,1000.65,-0.0216063,2943,,-0.000152501,-0.00112974,,-0.152518,8.68024
1,4.4,,1000.43,0.762069,1962,,-0.00011074,-0.00223047,,-0.110754,7.57952
1,4.5,,1000.22,1.696,981,,-7.44833e-05,-0.00352338,,-0.0744936,6.28663
1,4.6,,1000,2.70268,0,,-4.44952e-05,-0.00493907,,-0.0445028,4.87096
1.1,-0.3,,1010.33,0,48069,,0,0,,0,0
1.1,-0.2,,1010.12,0,47088,,0,0,,0,0
1.1,-0.1,,1009.92,0,46107,,0,0,,0,0
1.1,-5.77424e-05,,1009.71,-29.1514,45126,,-0.000916348,-0.0577424,,-0.916951,-47.9324
1.1,0.0999502,,1009.51,-25.8487,44145,,-0.000971539,-0.0497897,,-0.972167,-39.9788
1.1,0.199958,,1009.3,-23.9494,43164,,-0.0010089,-0.041643,,-1.00954,-31.8314
1.1,0.299966,,1009.1,-23.4286,42183,,-0.00102925,-0.0337557,,-1.02989,-23.9436
1.1,0.399974,,1008.89,-23.9807,41202,,-0.00103464,-0.0264742,,-1.03527,-16.6621
1.1,0.49998,,1008.68,-25.1552,40221,,-0.00102803,-0.0200376,,-1.02864,-10.2256
1.1,0.599985,,1008.48,-26.4796,39240,,-0.00101272,-0.0145829,,-1.01332,-4.7714
1.1,0.69999,,1008.27,-27.5506,38259,,-0.000991874,-0.0101571,,-0.992466,-0.346243
1.1,0.799993,,1008.06,-28.0881,37278,,-0.000968121,-0.00673146,,-0.968707,3.07873
1.1,0.899996,,1007.86,-27.9518,36297,,-0.000943243,-0.00421798,,-0.943825,5.59157
1.1,0.999998,,1007.65,-27.1301,35316,,-0.000918127,-0.00248703,,-0.918709,7.32199
1.1,1.1,,1007.44,-25.7094,34335,,-0.000892989,-0.00138507,,-0.893572,8.42355
1.1,1.2,,1007.23,-23.8385,33354,,-0.000867831,-0.000751868,,-0.868414,9.05651
1.1,1.3,,1007.02,-21.6923,32373,,-0.000842653,-0.000435972,,-0.843233,9.3723
1.1,1.4,,1006.82,-19.4443,31392,,-0.000817453,-0.000307694,,-0.818027,9.5006
1.1,1.5,,1006.61,-17.2465,30411,,-0.000792234,-0.000268827,,-0.792796,9.53959
1.1,1.6,,1006.4,-15.2179,29430,,-0.000766994,-0.000258097,,-0.767539,9.5505
1.1,1.7,,1006.19,-13.4377,28449,,-0.000741733,-0.000250267,,-0.742257,9.55855
1.1,1.8,,1005.98,-11.9439,27468,,-0.000716451,-0.000242415,,-0.716951,9.56663
1.1,1.9,,1005.77,-10.7349,26487,,-0.000691149,-0.000234541,,-0.691621,9.57471
1.1,2,,1005.56,-9.77721,25506,,-0.000665826,-0.000226645,,-0.66627,9.58277
1.1,2.1,,1005.35,-9.02145,24525,,-0.000640481,-0.000218726,,-0.640896,9.59081
1.1,2.2,,1005.14,-8.42097,23544,,-0.000615116,-0.000210786,,-0.615502,9.59885
1.1,2.3,,1004.93,-7.93593,22563,,-0.00058973,-0.000202823,,-0.590086,9.60688
1.1,2.4,,1004.72,-7.53336,21582,,-0.000564323,-0.000194837,,-0.564651,9.61492
1.1,2.5,,1004.5,-7.18653,20601,,-0.000538895,-0.000186829,,-0.539195,9.62296
1.1,2.6,,1004.29,-6.87367,19620,,-0.000513445,-0.000178798,,-0.513719,9.63101
1.1,2.7,,1004.08,-6.57634,18639,,-0.000487974,-0.000170744,,-0.488223,9.63908
1.1,2.8,,1003.87,-6.27822,17658,,-0.000462482,-0.000162048,,-0.462707,9.64778
1.1,2.9,,1003.66,-5.96527,16677,,-0.000436969,-0.000147909,,-0.437171,9.66193
1.1,3,,1003.44,-5.6264,15696,,-0.000411434,-0.000118756,,-0.411614,9.69109
1.1,3.1,,1003.23,-5.25383,14715,,-0.000385878,-6.3039e-05,,-0.386038,9.74681
1.1,3.2,,1003.02,-4.84395,13734,,-0.0003603,2.91653e-05,,-0.360442,9.83901
1.1,3.3,,1002.8,-4.39837,12753,,-0.0003347,0.000162657,,-0.334825,9.97251
1.1,3.4,,1002.59,-3.92493,11772,,-0.000309079,0.000334276,,-0.309188,10.1441
1.1,3.5,,1002.37,-3.43777,10791,,-0.00028341,0.00053103,,-0.283505,10.3409
1.1,3.6,,1002.16,-2.95554,9810,,-0.000257615,0.000729419,,-0.257697,10.5393
1.1,3.7,,1001.95,-2.49726,8829,,-0.000231587,0.000896128,,-0.231657,10.706
1.1,3.8,,1001.73,-2.0759,7848,,-0.000205258,0.000990052,,-0.205317,10.8
1.1,3.9,,1001.51,-1.69112,6867,,-0.000178674,0.000965613,,-0.178724,10.7755
1.1,4,,1001.3,-1.32343,5886,,-0.000152044,0.000777192,,-0.152085,10.5871
1.1,4.1,,1001.08,-0.932801,4905,,-0.00012576,0.000384512,,-0.125794,10.1945
1.1,4.2,,1000.87,-0.46447,3924,,-0.000100382,-0.000241368,,-0.100409,9.5686
1.1,4.3,,1000.65,0.13645,2943,,-7.65769e-05,-0.00111184,,-0.0765981,8.69814
1.1,4.4,,1000.43,0.902884,1962,,-5.50393e-05,-0.00221492,,-0.0550556,7.59507
1.1,4.5,,1000.22,1.82123,981,,-3.63913e-05,-0.00351075,,-0.0364034,6.29926
1.1,4.6,,1000,2.81383,0,,-2.10903e-05,-0.00492971,,-0.0210988,4.88032
1.2,-0.3,,1010.33,0,48069,,0,0,,0,0
1.2,-0.2,,1010.12,0,47088,,0,0,,0,0
1.2,-0.1,,1009.92,0,46107,,0,0,,0,0
1.2,-5.77939e-05,,1009.71,-28.3962,45126,,-0.000406081,-0.0577939,,-0.406793,-47.9839
1.2,0.0999502,,1009.51,-25.029,44145,,-0.000430028,-0.0498286,,-0.430782,-40.0177
1.2,0.199958,,1009.3,-23.0801,43164,,-0.000445042,-0.0416695,,-0.445826,-31.8579
1.2,0.299966,,1009.1,-22.5239,42183,,-0.000451837,-0.033771,,-0.45264,-23.9589
1.2,0.399974,,1008.89,-23.0521,41202,,-0.000451787,-0.0264803,,-0.4526,-16.6681
1.2,0.49998,,1008.68,-24.2101,40221,,-0.00044666,-0.0200368,,-0.447476,-10.2249
1.2,0.599985,,1008.48,-25.5213,39240,,-0.000438277,-0.0145777,,-0.439092,-4.76622
1.2,0.69999,,1008.27,-26.5793,38259,,-0.000428187,-0.0101496,,-0.428999,-0.338717
1.2,0.799993,,1008.06,-27.1021,37278,,-0.000417471,-0.00672302,,-0.418279,3.08716
1.2,0.899996,,1007.86,-26.9492,36297,,-0.000406651,-0.00420936,,-0.407454,5.60019
1.2,0.999998,,1007.65,-26.1095,35316,,-0.000395823,-0.0024784,,-0.396619,7.33061
1.2,1.1,,1007.44,-24.6714,34335,,-0.000384986,-0.00137644,,-0.385773,8.43218
1.2,1.2,,1007.23,-22.7853,33354,,-0.00037414,-0.000743226,,-0.374915,9.06515
1.2,1.3,,1007.02,-20.6286,32373,,-0.000363285,-0.000427322,,-0.364044,9.38095
1.2,1.4,,1006.82,-18.3762,31392,,-0.000352421,-0.000299037,,-0.35316,9.50927
1.2,1.5,,1006.61,-16.1815,30411,,-0.000341549,-0.000260163,,-0.342261,9.54826
1.2,1.6,,1006.4,-14.1632,29430,,-0.000330667,-0.000249426,,-0.33135,9.55919
1.2,1.7,,1006.19,-12.4,28449,,-0.000319777,-0.000241589,,-0.320426,9.56725
1.2,1.8,,1005.98,-10.9285,27468,,-0.000308878,-0.00023373,,-0.309492,9.57534
1.2,1.9,,1005.77,-9.74627,26487,,-0.00029797,-0.000225849,,-0.298547,9.58342
1.2,2,,1005.56,-8.81878,25506,,-0.000287052,-0.000217945,,-0.287593,9.59149
1.2,2.1,,1005.35,-8.09572,24525,,-0.000276126,-0.00021002,,-0.276629,9.59955
1.2,2.2,,1005.14,-7.52978,23544,,-0.000265191,-0.000202072,,-0.265657,9.60759
1.2,2.3,,1004.93,-7.08055,22563,,-0.000254247,-0.000194102,,-0.254677,9.61563
1.2,2.4,,1004.72,-6.71468,21582,,-0.000243293,-0.000186109,,-0.243689,9.62367
1.2,2.5,,1004.5,-6.40515,20601,,-0.000232331,-0.000178094,,-0.232693,9.63172
1.2,2.6,,1004.29,-6.12996,19620,,-0.000221359,-0.000170055,,-0.22169,9.63978
1.2,2.7,,1004.08,-5.87051,18639,,-0.000210378,-0.000161994,,-0.210678,9.64785
1.2,2.8,,1003.87,-5.6103,17658,,-0.000199388,-0.000153291,,-0.199659,9.65656
1.2,2.9,,1003.66,-5.33514,16677,,-0.000188389,-0.000139144,,-0.188633,9.67071
1.2,3,,1003.44,-5.03372,15696,,-0.000177381,-0.000109984,,-0.177598,9.69988
1.2,3.1,,1003.23,-4.69802,14715,,-0.000166363,-5.42594e-05,,-0.166556,9.7556
1.2,3.2,,1003.02,-4.32415,13734,,-0.000155336,3.79523e-05,,-0.155507,9.84781
1.2,3.3,,1002.8,-3.91354,12753,,-0.0001443,0.000171451,,-0.14445,9.98132
1.2,3.4,,1002.59,-3.4739,11772,,-0.000133254,0.000343078,,-0.133385,10.1529
1.2,3.5,,1002.37,-3.01932,10791,,-0.000122199,0.000539859,,-0.122312,10.3497
1.2,3.6,,1002.16,-2.56851,9810,,-0.000111125,0.000738344,,-0.111222,10.5482
1.2,3.7,,1001.95,-2.1406,8829,,-9.99889e-05,0.000905244,,-0.100071,10.7151
1.2,3.8,,1001.73,-1.7487,7848,,-8.87369e-05,0.000999438,,-0.0888062,10.8093
1.2,3.9,,1001.51,-1.39262,6867,,-7.73455e-05,0.000975273,,-0.0774031,10.7852
1.2,4,,1001.3,-1.05293,5886,,-6.58626e-05,0.000787027,,-0.0659098,10.597
1.2,4.1,,1001.08,-0.689501,4905,,-5.44346e-05,0.000394302,,-0.0544727,10.2043
1.2,4.2,,1000.87,-0.247395,3924,,-4.33079e-05,-0.000231944,,-0.0433381,9.57803
1.2,4.3,,1000.65,0.328561,2943,,-3.28038e-05,-0.00110316,,-0.0328272,8.70682
1.2,4.4,,1000.43,1.07157,1962,,-2.32743e-05,-0.00220738,,-0.023292,7.60262
1.2,4.5,,1000.22,1.96819,981,,-1.50463e-05,-0.00350466,,-0.0150592,6.30535
1.2,4.6,,1000,2.94076,0,,-8.36494e-06,-0.00492528,,-0.0083739,4.88475
1.3,-0.3,,1010.33,0,48069,,0,0,,0,0
1.3,-0.2,,1010.12,0,47088,,0,0,,0,0
1.3,-0.1,,1009.92,0,46107,,0,0,,0,0
1.3,-5.78146e-05,,1009.71,-27.5351,45126,,-0.000142669,-0.0578146,,-0.143424,-48.0047
1.3,0.0999502,,1009.51,-24.0899,44145,,-0.00015059,-0.0498435,,-0.1514,-40.0326
1.3,0.199958,,1009.3,-22.075,43164,,-0.000154868,-0.0416787,,-0.155721,-31.8672
1.3,0.299966,,1009.1,-21.4648,42183,,-0.000156015,-0.0337753,,-0.156902,-23.9633
1.3,0.399974,,1008.89,-21.9495,41202,,-0.000154804,-0.026481,,-0.155714,-16.6689
1.3,0.49998,,1008.68,-23.0723,40221,,-0.000152105,-0.0200351,,-0.153029,-10.2232
1.3,0.599985,,1008.48,-24.3541,39240,,-0.000148681,-0.0145748,,-0.149614,-4.76335
1.3,0.69999,,1008.27,-25.3868,38259,,-0.000145034,-0.0101462,,-0.145969,-0.33541
1.3,0.799993,,1008.06,-25.8874,37278,,-0.000141373,-0.00671963,,-0.142306,3.09054
1.3,0.899996,,1007.86,-25.7151,36297,,-0.000137709,-0.00420597,,-0.138635,5.60357
1.3,0.999998,,1007.65,-24.8596,35316,,-0.000134042,-0.00247501,,-0.134957,7.334
1.3,1.1,,1007.44,-23.41,34335,,-0.000130372,-0.00137305,,-0.131272,8.43558
1.3,1.2,,1007.23,-21.518,33354,,-0.0001267,-0.00073983,,-0.127578,9.06855
1.3,1.3,,1007.02,-19.3618,32373,,-0.000123024,-0.000423923,,-0.123877,9.38437
1.3,1.4,,1006.82,-17.1173,31392,,-0.000119345,-0.000295635,,-0.120167,9.51268
1.3,1.5,,1006.61,-14.9376,30411,,-0.000115663,-0.000256759,,-0.11645,9.55169
1.3,1.6,,1006.4,-12.9409,29430,,-0.000111978,-0.000246019,,-0.112728,9.56262
1.3,1.7,,1006.19,-11.2046,28449,,-0.00010829,-0.000238179,,-0.109,9.57069
1.3,1.8,,1005.98,-9.76422,27468,,-0.0001046,-0.000230317,,-0.105268,9.57878
1.3,1.9,,1005.77,-8.6165,26487,,-0.000100906,-0.000222433,,-0.101532,9.58687
1.3,2,,1005.56,-7.72611,25506,,-9.72087e-05,-0.000214527,,-0.0977933,9.59494
1.3,2.1,,1005.35,-7.04201,24525,,-9.35087e-05,-0.000206599,,-0.0940522,9.603
1.3,2.2,,1005.14,-6.51637,23544,,-8.98056e-05,-0.000198648,,-0.090309,9.61104
1.3,2.3,,1004.93,-6.10836,22563,,-8.60995e-05,-0.000190675,,-0.0865638,9.61908
1.3,2.4,,1004.72,-5.78435,21582,,-8.23903e-05,-0.000182679,,-0.082817,9.62712
1.3,2.5,,1004.5,-5.5171,20601,,-7.8678e-05,-0.000174661,,-0.0790685,9.63517
1.3,2.6,,1004.29,-5.28446,19620,,-7.49626e-05,-0.00016662,,-0.0753185,9.64324
1.3,2.7,,1004.08,-5.06774,18639,,-7.12441e-05,-0.000158556,,-0.071567,9.65131
1.3,2.8,,1003.87,-4.85033,17658,,-6.75225e-05,-0.00014985,,-0.0678141,9.66003
1.3,2.9,,1003.66,-4.6179,16677,,-6.37977e-05,-0.0001357,,-0.0640597,9.67418
1.3,3,,1003.44,-4.359,15696,,-6.00699e-05,-0.000106537,,-0.0603038,9.70334
1.3,3.1,,1003.23,-4.06541,14715,,-5.63389e-05,-5.08095e-05,,-0.0565466,9.75907
1.3,3.2,,1003.02,-3.73302,13734,,-5.26047e-05,4.14051e-05,,-0.052788,9.85128
1.3,3.3,,1002.8,-3.363,12753,,-4.88674e-05,0.000174907,,-0.049028,9.98479
1.3,3.4,,1002.59,-2.96291,11772,,-4.51269e-05,0.000346537,,-0.0452666,10.1564
1.3,3.5,,1002.37,-2.54672,10791,,-4.13833e-05,0.000543321,,-0.0415038,10.3532
1.3,3.6,,1002.16,-2.1331,9810,,-3.76365e-05,0.000741816,,-0.0377395,10.5517
1.3,3.7,,1001.95,-1.74116,8829,,-3.38855e-05,0.000908757,,-0.0339727,10.7187
1.3,3.8,,1001.73,-1.38407,7848,,-3.01144e-05,0.00100304,,-0.0301874,10.813
1.3,3.9,,1001.51,-1.06169,6867,,-2.63006e-05,0.00097899,,-0.026361,10.7889
1.3,4,,1001.3,-0.754582,5886,,-2.24355e-05,0.000790851,,-0.0224846,10.6008
1.3,4.1,,1001.08,-0.422606,4905,,-1.85476e-05,0.000398164,,-0.018587,10.2081
1.3,4.2,,1000.87,-0.0106801,3924,,-1.47141e-05,-0.000228175,,-0.014745,9.5818
1.3,4.3,,1000.65,0.536555,2943,,-1.10545e-05,-0.00109966,,-0.0110782,8.71033
1.3,4.4,,1000.43,1.25251,1962,,-7.71396e-06,-0.00220433,,-0.00773165,7.60568
1.3,4.5,,1000.22,2.12391,981,,-4.8356e-06,-0.00350221,,-0.00484833,6.3078
1.3,4.6,,1000,3.0732,0,,-2.5306e-06,-0.00492353,,-0.00253934,4.8865
1.4,-0.3,,1010.33,0,48069,,0,0,,0,0
1.4,-0.2,,1010.12,0,47088,,0,0,,0,0
1.4,-0.1,,1009.92,0,46107,,0,0,,0,0
1.4,-5.78208e-05,,1009.71,-26.6488,45126,,-3.35251e-05,-0.0578208,,-0.0342671,-48.0109
1.4,0.0999502,,1009.51,-23.1172,44145,,-3.50784e-05,-0.0498474,,-0.0358816,-40.0366
1.4,0.199958,,1009.3,-21.0254,43164,,-3.5621e-05,-0.0416807,,-0.036476,-31.8692
1.4,0.299966,,1009.1,-20.3488,42183,,-3.54243e-05,-0.0337758,,-0.0363207,-23.9639
1.4,0.399974,,1008.89,-20.7769,41202,,-3.47921e-05,-0.0264806,,-0.0357199,-16.6685
1.4,0.49998,,1008.68,-21.8521,40221,,-3.39925e-05,-0.0200343,,-0.0349424,-10.2224
1.4,0.599985,,1008.48,-23.0944,39240,,-3.3177e-05,-0.0145738,,-0.0341405,-4.76239
1.4,0.69999,,1008.27,-24.0945,38259,,-3.23608e-05,-0.0101453,,-0.0333301,-0.334432
1.4,0.799993,,1008.06,-24.569,37278,,-3.15439e-05,-0.00671864,,-0.032512,3.09152
1.4,0.899996,,1007.86,-24.3772,36297,,-3.07264e-05,-0.00420498,,-0.0316866,5.60456
1.4,0.999998,,1007.65,-23.5086,35316,,-2.99082e-05,-0.00247402,,-0.0308542,7.335
1.4,1.1,,1007.44,-22.053,34335,,-2.90894e-05,-0.00137205,,-0.0300151,8.43658
1.4,1.2,,1007.23,-20.1625,33354,,-2.82699e-05,-0.000738835,,-0.0291695,9.06956
1.4,1.3,,1007.02,-18.0154,32373,,-2.74498e-05,-0.000422928,,-0.0283181,9.38538
1.4,1.4,,1006.82,-15.7872,31392,,-2.6629e-05,-0.000294639,,-0.0274616,9.5137
1.4,1.5,,1006.61,-13.6303,30411,,-2.58075e-05,-0.000255762,,-0.0266012,9.55271
1.4,1.6,,1006.4,-11.6616,29430,,-2.49853e-05,-0.00024502,,-0.0257379,9.56365
1.4,1.7,,1006.19,-9.95752,28449,,-2.41625e-05,-0.00023718,,-0.0248728,9.57172
1.4,1.8,,1005.98,-8.55277,27468,,-2.33389e-05,-0.000229317,,-0.0240064,9.57981
1.4,1.9,,1005.77,-7.44318,26487,,-2.25147e-05,-0.000221432,,-0.0231393,9.5879
1.4,2,,1005.56,-6.5928,25506,,-2.16899e-05,-0.000213526,,-0.0222721,9.59597
1.4,2.1,,1005.35,-5.95006,24525,,-2.08643e-05,-0.000205596,,-0.0214051,9.60403
1.4,2.2,,1005.14,-5.46674,23544,,-2.00381e-05,-0.000197645,,-0.0205386,9.61207
1.4,2.3,,1004.93,-5.10169,22563,,-1.92112e-05,-0.000189671,,-0.0196727,9.62011
1.4,2.4,,1004.72,-4.82107,21582,,-1.83836e-05,-0.000181675,,-0.0188075,9.62816
1.4,2.5,,1004.5,-4.59752,20601,,-1.75553e-05,-0.000173655,,-0.0179432,9.63621
1.4,2.6,,1004.29,-4.40879,19620,,-1.67263e-05,-0.000165614,,-0.0170798,9.64427
1.4,2.7,,1004.08,-4.23612,18639,,-1.58966e-05,-0.000157549,,-0.0162173,9.65234
1.4,2.8,,1003.87,-4.06284,17658,,-1.50663e-05,-0.000148842,,-0.0153557,9.66106
1.4,2.9,,1003.66,-3.87453,16677,,-1.42352e-05,-0.000134691,,-0.0144951,9.67521
1.4,3,,1003.44,-3.65962,15696,,-1.34034e-05,-0.000105527,,-0.0136355,9.70437
1.4,3.1,,1003.23,-3.40975,14715,,-1.2571e-05,-4.97989e-05,,-0.0127769,9.7601
1.4,3.2,,1003.02,-3.12062,13734,,-1.17378e-05,4.24166e-05,,-0.0119193,9.85231
1.4,3.3,,1002.8,-2.79321,12753,,-1.09039e-05,0.00017592,,-0.0110628,9.98582
1.4,3.4,,1002.59,-2.43485,11772,,-1.00693e-05,0.00034755,,-0.0102073,10.1574
1.4,3.5,,1002.37,-2.05937,10791,,-9.23405e-06,0.000544335,,-0.00935278,10.3542
1.4,3.6,,1002.16,-1.68531,9810,,-8.39806e-06,0.000742831,,-0.00849931,10.5527
1.4,3.7,,1001.95,-1.33172,8829,,-7.56135e-06,0.000909773,,-0.0076468,10.7197
1.4,3.8,,1001.73,-1.01172,7848,,-6.72392e-06,0.00100406,,-0.0067952,10.814
1.4,3.9,,1001.51,-0.725129,6867,,-5.88477e-06,0.000980044,,-0.00594343,10.79
1.4,4,,1001.3,-0.4525,5886,,-5.03632e-06,0.000791944,,-0.00508388,10.6019
1.4,4.1,,1001.08,-0.153619,4905,,-4.17453e-06,0.000399287,,-0.00421241,10.2093
1.4,4.2,,1000.87,0.226694,3924,,-3.30881e-06,-0.000227055,,-0.00333836,9.58293
1.4,4.3,,1000.65,0.743941,2943,,-2.46489e-06,-0.0010986,,-0.00248739,8.7114
1.4,4.4,,1000.43,1.43169,1962,,-1.68297e-06,-0.00220339,,-0.00169959,7.60661
1.4,4.5,,1000.22,2.27686,981,,-1.0082e-06,-0.00350147,,-0.00102003,6.30855
1.4,4.6,,1000,3.20201,0,,-4.78229e-07,-0.00492302,,-0.000486253,4.88701
1.5,-0.3,,1010.33,0,48069,,0,0,,0,0
1.5,-0.2,,1010.12,0,47088,,0,0,,0,0
1.5,-0.1,,1009.92,0,46107,,0,0,,0,0
1.5,-5.78217e-05,,1009.71,-25.8032,45126,,-3.16594e-06,-0.0578217,,-0.00384963,-48.0119
1.5,0.0999502,,1009.51,-22.1827,44145,,-3.21705e-06,-0.0498479,,-0.00396318,-40.0372
1.5,0.199958,,1009.3,-20.0098,43164,,-3.17286e-06,-0.0416808,,-0.00397308,-31.8694
1.5,0.299966,,1009.1,-19.261,42183,,-3.10226e-06,-0.0337757,,-0.00394719,-23.9638
1.5,0.399974,,1008.89,-19.6264,41202,,-3.03135e-06,-0.0264804,,-0.00391127,-16.6684
1.5,0.49998,,1008.68,-20.6483,40221,,-2.96039e-06,-0.0200341,,-0.00386561,-10.2223
1.5,0.599985,,1008.48,-21.8465,39240,,-2.88936e-06,-0.0145736,,-0.00381058,-4.76224
1.5,0.69999,,1008.27,-22.8115,38259,,-2.81828e-06,-0.0101451,,-0.00374665,-0.334277
1.5,0.799993,,1008.06,-23.2595,37278,,-2.74715e-06,-0.00671847,,-0.00367441,3.09168
1.5,0.899996,,1007.86,-23.0498,36297,,-2.67595e-06,-0.00420481,,-0.00359439,5.60473
1.5,0.999998,,1007.65,-22.1718,35316,,-2.6047e-06,-0.00247385,,-0.00350717,7.33517
1.5,1.1,,1007.44,-20.7151,34335,,-2.53339e-06,-0.00137188,,-0.00341337,8.43676
1.5,1.2,,1007.23,-18.8315,33354,,-2.46202e-06,-0.000738664,,-0.00331379,9.06975
1.5,1.3,,1007.02,-16.6988,32373,,-2.3906e-06,-0.000422757,,-0.00320948,9.38557
1.5,1.4,,1006.82,-14.4916,31392,,-2.31911e-06,-0.000294468,,-0.00310166,9.5139
1.5,1.5,,1006.61,-12.3609,30411,,-2.24757e-06,-0.00025559,,-0.0029914,9.55291
1.5,1.6,,1006.4,-10.4226,29430,,-2.17597e-06,-0.000244849,,-0.00287964,9.56385
1.5,1.7,,1006.19,-8.75222,28449,,-2.10431e-06,-0.000237008,,-0.00276713,9.57192
1.5,1.8,,1005.98,-7.38368,27468,,-2.03259e-06,-0.000229145,,-0.00265447,9.58001
1.5,1.9,,1005.77,-6.31216,26487,,-1.96082e-06,-0.00022126,,-0.00254211,9.5881
1.5,2,,1005.56,-5.50121,25506,,-1.88898e-06,-0.000213353,,-0.00243043,9.59618
1.5,2.1,,1005.35,-4.89886,24525,,-1.81709e-06,-0.000205424,,-0.00231967,9.60423
1.5,2.2,,1005.14,-4.45658,23544,,-1.74513e-06,-0.000197472,,-0.00221004,9.61227
1.5,2.3,,1004.93,-4.13302,22563,,-1.67312e-06,-0.000189498,,-0.00210166,9.62031
1.5,2.4,,1004.72,-3.89418,21582,,-1.60104e-06,-0.000181502,,-0.00199461,9.62836
1.5,2.5,,1004.5,-3.71262,20601,,-1.52891e-06,-0.000173482,,-0.00188896,9.6364
1.5,2.6,,1004.29,-3.56605,19620,,-1.45671e-06,-0.00016544,,-0.00178474,9.64446
1.5,2.7,,1004.08,-3.43565,18639,,-1.38446e-06,-0.000157376,,-0.00168196,9.65254
1.5,2.8,,1003.87,-3.30471,17658,,-1.31214e-06,-0.000148668,,-0.00158064,9.66125
1.5,2.9,,1003.66,-3.15877,16677,,-1.23977e-06,-0.000134517,,-0.0014808,9.6754
1.5,3,,1003.44,-2.98616,15696,,-1.16733e-06,-0.000105354,,-0.00138245,9.70457
1.5,3.1,,1003.23,-2.77843,14715,,-1.09483e-06,-4.96251e-05,,-0.00128562,9.76029
1.5,3.2,,1003.02,-2.53113,13734,,-1.02228e-06,4.25906e-05,,-0.00119032,9.8525
1.5,3.3,,1002.8,-2.24506,12753,,-9.49655e-07,0.000176094,,-0.00109656,9.98601
1.5,3.4,,1002.59,-1.92739,11772,,-8.76974e-07,0.000347724,,-0.00100435,10.1576
1.5,3.5,,1002.37,-1.59176,10791,,-8.04231e-07,0.000544509,,-0.000913688,10.3544
1.5,3.6,,1002.16,-1.25655,9810,,-7.31426e-07,0.000743005,,-0.000824565,10.5529
1.5,3.7,,1001.95,-0.940685,8829,,-6.58558e-07,0.000909948,,-0.00073695,10.7199
1.5,3.8,,1001.73,-0.657191,7848,,-5.85629e-07,0.00100424,,-0.000650806,10.8142
1.5,3.9,,1001.51,-0.405797,6867,,-5.12637e-07,0.000980219,,-0.000566082,10.7902
1.5,4,,1001.3,-0.166979,5886,,-4.39583e-07,0.000792123,,-0.00048272,10.6021
1.5,4.1,,1001.08,0.0995664,4905,,-3.66455e-07,0.000399473,,-0.000400642,10.2094
1.5,4.2,,1000.87,0.449122,3924,,-2.92425e-07,-0.000226863,,-0.000318947,9.58312
1.5,4.3,,1000.65,0.937315,2943,,-2.17185e-07,-0.00109841,,-0.000237244,8.71159
1.5,4.4,,1000.43,1.59786,1962,,-1.44138e-07,-0.00220322,,-0.000158847,7.60679
1.5,4.5,,1000.22,2.41782,981,,-7.97311e-08,-0.00350134,,-9.01072e-05,6.30869
1.5,4.6,,1000,3.31987,0,,-3.05664e-08,-0.00492293,,-3.75231e-05,4.8871
1.6,-0.3,,1010.33,0,48069,,0,0,,0,0
1.6,-0.2,,1010.12,0,47088,,0,0,,0,0
1.6,-0.1,,1009.92,0,46107,,0,0,,0,0
1.6,-5.78218e-05,,1009.71,-25.0466,45126,,-1.28852e-17,-0.0578218,,-0.000593659,-48.012
1.6,0.0999502,,1009.51,-21.3407,44145,,-1.52685e-17,-0.0498479,,-0.000652356,-40.0372
1.6,0.199958,,1009.3,-19.0886,43164,,-1.61026e-17,-0.0416808,,-0.000703962,-31.8694
1.6,0.299966,,1009.1,-18.2685,42183,,-3.10757e-18,-0.0337757,,-0.000747249,-23.9639
1.6,0.399974,,1008.89,-18.5715,41202,,1.20904e-17,-0.0264804,,-0.000781513,-16.6684
1.6,0.49998,,1008.68,-19.5405,40221,,3.71608e-17,-0.0200341,,-0.000806496,-10.2223
1.6,0.599985,,1008.48,-20.6953,39240,,-1.31832e-17,-0.0145736,,-0.000822274,-4.76226
1.6,0.69999,,1008.27,-21.6267,38259,,9.42619e-19,-0.0101451,,-0.000829159,-0.334283
1.6,0.799993,,1008.06,-22.0507,37278,,1.61832e-17,-0.00671846,,-0.00082766,3.09169
1.6,0.899996,,1007.86,-21.8261,36297,,5.07539e-18,-0.0042048,,-0.000818383,5.60474
1.6,0.999998,,1007.65,-20.9423,35316,,5.75265e-19,-0.00247384,,-0.000802105,7.33519
1.6,1.1,,1007.44,-19.4882,34335,,1.62108e-17,-0.00137187,,-0.000779741,8.43678
1.6,1.2,,1007.23,-17.6149,33354,,5.69986e-18,-0.000738656,,-0.00075247,9.06978
1.6,1.3,,1007.02,-15.499,32373,,-8.66215e-18,-0.000422748,,-0.000721489,9.3856
1.6,1.4,,1006.82,-13.3138,31392,,-3.23622e-17,-0.000294459,,-0.000687879,9.51393
1.6,1.5,,1006.61,-11.2092,30411,,-1.66355e-17,-0.000255582,,-0.000652577,9.55295
1.6,1.6,,1006.4,-9.30046,29430,,2.15336e-17,-0.000244841,,-0.000616355,9.56389
1.6,1.7,,1006.19,-7.66203,28449,,-1.81196e-17,-0.000237,,-0.000579826,9.57196
1.6,1.8,,1005.98,-6.32729,27468,,-4.61737e-18,-0.000229137,,-0.000543462,9.58005
1.6,1.9,,1005.77,-5.29091,26487,,-1.80961e-17,-0.000221252,,-0.000507612,9.58814
1.6,2,,1005.56,-4.51606,25506,,-5.8723e-18,-0.000213345,,-0.000472539,9.59621
1.6,2.1,,1005.35,-3.95047,24525,,-2.0651e-17,-0.000205416,,-0.000438434,9.60427
1.6,2.2,,1005.14,-3.54539,23544,,6.69177e-18,-0.000197464,,-0.000405433,9.61231
1.6,2.3,,1004.93,-3.25932,22563,,-3.15612e-18,-0.00018949,,-0.000373626,9.62035
1.6,2.4,,1004.72,-3.05818,21582,,-9.80647e-18,-0.000181494,,-0.00034307,9.62839
1.6,2.5,,1004.5,-2.91446,20601,,-4.51084e-19,-0.000173474,,-0.000313798,9.63644
1.6,2.6,,1004.29,-2.80584,19620,,3.96676e-18,-0.000165432,,-0.000285831,9.6445
1.6,2.7,,1004.08,-2.7135,18639,,-1.69224e-17,-0.000157367,,-0.000259182,9.65257
1.6,2.8,,1003.87,-2.62068,17658,,5.47449e-19,-0.00014866,,-0.000233861,9.66128
1.6,2.9,,1003.66,-2.51289,16677,,3.666e-18,-0.000134509,,-0.000209881,9.67543
1.6,3,,1003.44,-2.37843,15696,,9.03225e-19,-0.000105346,,-0.000187252,9.70459
1.6,3.1,,1003.23,-2.20873,14715,,6.2688e-18,-4.96169e-05,,-0.00016599,9.76032
1.6,3.2,,1003.02,-1.99927,13734,,1.21915e-18,4.25987e-05,,-0.000146107,9.85253
1.6,3.3,,1002.8,-1.75072,12753,,-1.63039e-17,0.000176102,,-0.000127616,9.98603
1.6,3.4,,1002.59,-1.47009,11772,,2.77682e-18,0.000347732,,-0.000110525,10.1577
1.6,3.5,,1002.37,-1.17085,10791,,-1.79177e-18,0.000544518,,-9.48356e-05,10.3544
1.6,3.6,,1002.16,-0.871227,9810,,-4.72184e-18,0.000743013,,-8.05429e-05,10.5529
1.6,3.7,,1001.95,-0.589998,8829,,-3.03562e-18,0.000909956,,-6.76302e-05,10.7199
1.6,3.8,,1001.73,-0.340051,7848,,3.2353e-18,0.00100425,,-5.60695e-05,10.8142
1.6,3.9,,1001.51,-0.120997,6867,,-3.98803e-18,0.000980227,,-4.58222e-05,10.7902
1.6,4,,1001.3,0.0867987,5886,,5.53654e-18,0.000792131,,-3.68396e-05,10.6021
1.6,4.1,,1001.08,0.323752,4905,,2.0355e-18,0.000399481,,-2.90641e-05,10.2095
1.6,4.2,,1000.87,0.645261,3924,,-2.10921e-19,-0.000226854,,-2.24295e-05,9.58314
1.6,4.3,,1000.65,1.10707,2943,,1.15207e-18,-0.0010984,,-1.68613e-05,8.7116
1.6,4.4,,1000.43,1.74303,1962,,1.13848e-19,-0.00220321,,-1.22772e-05,7.6068
1.6,4.5,,1000.22,2.54031,981,,-3.3687e-19,-0.00350133,,-8.58768e-06,6.3087
1.6,4.6,,1000,3.42171,0,,1.42544e-19,-0.00492293,,-5.69684e-06,4.88711
1.7,-0.3,,1010.33,0,48069,,0,0,,0,0
1.7,-0.2,,1010.12,0,47088,,0,0,,0,0
1.7,-0.1,,1009.92,0,46107,,0,0,,0,0
1.7,-5.78218e-05,,1009.71,-24.4091,45126,,-6.72783e-19,-0.0578218,,-0.000484687,-48.0121
1.7,0.0999502,,1009.51,-20.6269,44145,,-1.55083e-17,-0.0498479,,-0.000535599,-40.0373
1.7,0.199958,,1009.3,-18.3036,43164,,-2.61181e-17,-0.0416808,,-0.000580726,-31.8695
1.7,0.299966,,1009.1,-17.4189,42183,,-2.47396e-18,-0.0337757,,-0.000618821,-23.9639
1.7,0.399974,,1008.89,-17.6653,41202,,5.61817e-18,-0.0264804,,-0.000649072,-16.6684
1.7,0.49998,,1008.68,-18.5866,40221,,2.44857e-17,-0.0200341,,-0.000671067,-10.2223
1.7,0.599985,,1008.48,-19.7029,39240,,-2.2751e-17,-0.0145736,,-0.000684736,-4.76228
1.7,0.69999,,1008.27,-20.6051,38259,,2.31475e-17,-0.0101451,,-0.000690291,-0.334295
1.7,0.799993,,1008.06,-21.0091,37278,,3.96032e-18,-0.00671846,,-0.000688223,3.09168
1.7,0.899996,,1007.86,-20.7736,36297,,2.86362e-18,-0.0042048,,-0.000679201,5.60474
1.7,0.999998,,1007.65,-19.8872,35316,,-8.52466e-18,-0.00247384,,-0.000664164,7.3352
1.7,1.1,,1007.44,-18.4379,34335,,2.80013e-17,-0.00137187,,-0.000644214,8.4368
1.7,1.2,,1007.23,-16.5757,33354,,1.438e-17,-0.000738656,,-0.000620422,9.06979
1.7,1.3,,1007.02,-14.476,32373,,-1.26312e-17,-0.000422748,,-0.000593797,9.38562
1.7,1.4,,1006.82,-12.3113,31392,,-2.29956e-17,-0.000294459,,-0.000565241,9.51396
1.7,1.5,,1006.61,-10.2305,30411,,-1.79227e-17,-0.000255582,,-0.000535515,9.55297
1.7,1.6,,1006.4,-8.34782,29430,,2.26872e-17,-0.000244841,,-0.000505232,9.56391
1.7,1.7,,1006.19,-6.73734,28449,,-1.47412e-17,-0.000237,,-0.000474868,9.57198
1.7,1.8,,1005.98,-5.43186,27468,,6.32527e-18,-0.000229137,,-0.000444775,9.58007
1.7,1.9,,1005.77,-4.42569,26487,,-2.04736e-17,-0.000221252,,-0.00041521,9.58816
1.7,2,,1005.56,-3.6817,25506,,1.08452e-17,-0.000213345,,-0.000386363,9.59624
1.7,2.1,,1005.35,-3.14742,24525,,-2.12377e-17,-0.000205416,,-0.000358365,9.60429
1.7,2.2,,1005.14,-2.77393,23544,,5.66741e-18,-0.000197464,,-0.000331311,9.61233
1.7,2.3,,1004.93,-2.51965,22563,,-7.95479e-18,-0.00018949,,-0.00030526,9.62037
1.7,2.4,,1004.72,-2.35042,21582,,-1.34917e-17,-0.000181494,,-0.000280248,9.62841
1.7,2.5,,1004.5,-2.23872,20601,,1.58527e-17,-0.000173474,,-0.000256295,9.63646
1.7,2.6,,1004.29,-2.1622,19620,,8.51239e-18,-0.000165432,,-0.000233416,9.64451
1.7,2.7,,1004.08,-2.10203,18639,,-2.74656e-17,-0.000157367,,-0.000211616,9.65259
1.7,2.8,,1003.87,-2.04144,17658,,2.54975e-18,-0.00014866,,-0.000190902,9.6613
1.7,2.9,,1003.66,-1.96592,16677,,1.62169e-17,-0.000134509,,-0.000171283,9.67545
1.7,3,,1003.44,-1.86373,15696,,2.36148e-18,-0.000105346,,-0.000152767,9.70461
1.7,3.1,,1003.23,-1.72626,14715,,5.62218e-18,-4.96169e-05,,-0.000135364,9.76033
1.7,3.2,,1003.02,-1.5489,13734,,2.46815e-18,4.25987e-05,,-0.000119084,9.85254
1.7,3.3,,1002.8,-1.33223,12753,,-1.08314e-17,0.000176102,,-0.000103938,9.98604
1.7,3.4,,1002.59,-1.08315,11772,,1.37322e-18,0.000347732,,-8.99328e-05,10.1577
1.7,3.5,,1002.37,-0.814998,10791,,-5.07864e-18,0.000544518,,-7.70716e-05,10.3545
1.7,3.6,,1002.16,-0.545861,9810,,-6.44941e-18,0.000743013,,-6.53523e-05,10.553
1.7,3.7,,1001.95,-0.294366,8829,,-4.19983e-18,0.000909956,,-5.47651e-05,10.7199
1.7,3.8,,1001.73,-0.073257,7848,,-2.53124e-19,0.00100425,,-4.5292e-05,10.8142
1.7,3.9,,1001.51,0.117984,6867,,-3.03025e-18,0.000980227,,-3.69052e-05,10.7902
1.7,4,,1001.3,0.299119,5886,,6.88968e-18,0.000792131,,-2.95673e-05,10.6021
1.7,4.1,,1001.08,0.510684,4905,,2.56253e-18,0.000399481,,-2.32319e-05,10.2095
1.7,4.2,,1000.87,0.808194,3924,,-5.12329e-19,-0.000226854,,-1.78439e-05,9.58314
1.7,4.3,,1000.65,1.24751,2943,,-3.64619e-19,-0.0010984,,-1.33402e-05,8.7116
1.7,4.4,,1000.43,1.86259,1962,,1.99175e-19,-0.00220321,,-9.65048e-06,7.6068
1.7,4.5,,1000.22,2.64071,981,,2.80176e-19,-0.00350133,,-6.69771e-06,6.3087
1.7,4.6,,1000,3.50475,0,,3.4503e-20,-0.00492293,,-4.39959e-06,4.88711
1.8,-0.3,,1010.33,0,48069,,0,0,,0,0
1.8,-0.2,,1010.12,0,47088,,0,0,,0,0
1.8,-0.1,,1009.92,0,46107,,0,0,,0,0
1.8,-5.78218e-05,,1009.71,-23.9061,45126,,-6.40249e-18,-0.0578218,,-0.000368086,-48.0122
1.8,0.0999502,,1009.51,-20.061,44145,,-1.49642e-17,-0.0498479,,-0.000408472,-40.0374
1.8,0.199958,,1009.3,-17.6787,43164,,-1.62514e-17,-0.0416808,,-0.000444404,-31.8695
1.8,0.299966,,1009.1,-16.7405,42183,,9.44432e-18,-0.0337757,,-0.000474778,-23.9639
1.8,0.399974,,1008.89,-16.9401,41202,,9.80838e-18,-0.0264804,,-0.000498831,-16.6685
1.8,0.49998,,1008.68,-17.8221,40221,,2.37604e-17,-0.0200341,,-0.000516147,-10.2223
1.8,0.599985,,1008.48,-18.9072,39240,,-1.04982e-17,-0.0145736,,-0.000526625,-4.76229
1.8,0.69999,,1008.27,-19.7864,38259,,7.68095e-18,-0.0101451,,-0.000530462,-0.334304
1.8,0.799993,,1008.06,-20.1755,37278,,2.32394e-17,-0.00671846,,-0.000528173,3.09168
1.8,0.899996,,1007.86,-19.9326,36297,,1.35161e-17,-0.0042048,,-0.000520492,5.60475
1.8,0.999998,,1007.65,-19.0455,35316,,-2.61643e-18,-0.00247384,,-0.000508234,7.33521
1.8,1.1,,1007.44,-17.6013,34335,,6.29094e-18,-0.00137187,,-0.000492279,8.43681
1.8,1.2,,1007.23,-15.7492,33354,,1.46123e-18,-0.000738656,,-0.000473473,9.06981
1.8,1.3,,1007.02,-13.6636,32373,,-6.20158e-18,-0.000422748,,-0.000452608,9.38564
1.8,1.4,,1006.82,-11.516,31392,,-3.3297e-17,-0.000294459,,-0.000430381,9.51397
1.8,1.5,,1006.61,-9.45477,30411,,-7.4869e-18,-0.000255582,,-0.000407374,9.55299
1.8,1.6,,1006.4,-7.59342,29430,,1.10353e-17,-0.000244841,,-0.000384044,9.56393
1.8,1.7,,1006.19,-6.00552,28449,,-1.12157e-17,-0.000237,,-0.00036074,9.572
1.8,1.8,,1005.98,-4.72353,27468,,4.98628e-18,-0.000229137,,-0.000337714,9.58009
1.8,1.9,,1005.77,-3.74148,26487,,-1.67417e-17,-0.000221252,,-0.000315145,9.58818
1.8,2,,1005.56,-3.02205,25506,,-1.28475e-17,-0.000213345,,-0.000293163,9.59625
1.8,2.1,,1005.35,-2.51261,24525,,-2.2817e-17,-0.000205416,,-0.000271857,9.60431
1.8,2.2,,1005.14,-2.16414,23544,,1.7343e-17,-0.000197464,,-0.000251289,9.61235
1.8,2.3,,1004.93,-1.93501,22563,,-1.33593e-19,-0.00018949,,-0.000231496,9.62039
1.8,2.4,,1004.72,-1.79101,21582,,-7.82873e-18,-0.000181494,,-0.000212501,9.62842
1.8,2.5,,1004.5,-1.7046,20601,,-3.37328e-18,-0.000173474,,-0.000194315,9.63647
1.8,2.6,,1004.29,-1.65343,19620,,9.22359e-18,-0.000165432,,-0.000176945,9.64453
1.8,2.7,,1004.08,-1.61866,18639,,-2.33165e-17,-0.000157367,,-0.000160396,9.6526
1.8,2.8,,1003.87,-1.58353,17658,,-3.01418e-18,-0.00014866,,-0.000144672,9.66131
1.8,2.9,,1003.66,-1.5335,16677,,1.02503e-17,-0.000134509,,-0.000129777,9.67546
1.8,3,,1003.44,-1.45681,15696,,-1.14394e-18,-0.000105346,,-0.000115718,9.70462
1.8,3.1,,1003.23,-1.34482,14715,,9.11543e-18,-4.96169e-05,,-0.000102502,9.76034
1.8,3.2,,1003.02,-1.19287,13734,,-2.32523e-18,4.25987e-05,,-9.01357e-05,9.85255
1.8,3.3,,1002.8,-1.00147,12753,,-1.59056e-17,0.000176102,,-7.86277e-05,9.98605
1.8,3.4,,1002.59,-0.777428,11772,,-2.11846e-18,0.000347732,,-6.79836e-05,10.1577
1.8,3.5,,1002.37,-0.533999,10791,,-2.04527e-19,0.000544518,,-5.82066e-05,10.3545
1.8,3.6,,1002.16,-0.289152,9810,,-2.2825e-18,0.000743013,,-4.92965e-05,10.553
1.8,3.7,,1001.95,-0.0613943,8829,,-1.44632e-18,0.000909956,,-4.12474e-05,10.7199
1.8,3.8,,1001.73,0.136651,7848,,4.18474e-18,0.00100425,,-3.40475e-05,10.8142
1.8,3.9,,1001.51,0.305631,6867,,-6.05274e-18,0.000980227,,-2.7678e-05,10.7902
1.8,4,,1001.3,0.465427,5886,,3.91779e-18,0.000792131,,-2.21125e-05,10.6021
1.8,4.1,,1001.08,0.656689,4905,,4.10518e-18,0.000399481,,-1.73167e-05,10.2095
1.8,4.2,,1000.87,0.935042,3924,,4.70892e-19,-0.000226854,,-1.32486e-05,9.58314
1.8,4.3,,1000.65,1.35645,2943,,9.48431e-19,-0.0010984,,-9.85947e-06,8.71161
1.8,4.4,,1000.43,1.95496,1962,,4.15356e-19,-0.00220321,,-7.09393e-06,7.6068
1.8,4.5,,1000.22,2.71793,981,,-4.64328e-19,-0.00350133,,-4.89135e-06,6.3087
1.8,4.6,,1000,3.5683,0,,-1.98658e-19,-0.00492293,,-3.1869e-06,4.88711
1.9,-0.3,,1010.33,0,48069,,0,0,,0,0
1.9,-0.2,,1010.12,0,47088,,0,0,,0,0
1.9,-0.1,,1009.92,0,46107,,0,0,,0,0
1.9,-5.78218e-05,,1009.71,-23.5405,45126,,-9.76091e-18,-0.0578218,,-0.000253474,-48.0122
1.9,0.0999502,,1009.51,-19.6483,44145,,-1.92108e-17,-0.0498479,,-0.000281985,-40.0374
1.9,0.199958,,1009.3,-17.2217,43164,,-1.6973e-17,-0.0416808,,-0.000307366,-31.8696
1.9,0.299966,,1009.1,-16.2434,42183,,-1.10393e-17,-0.0337757,,-0.00032878,-23.964
1.9,0.399974,,1008.89,-16.4081,41202,,7.1716e-18,-0.0264804,,-0.00034565,-16.6685
1.9,0.49998,,1008.68,-17.2611,40221,,3.34749e-17,-0.0200341,,-0.000357678,-10.2223
1.9,0.599985,,1008.48,-18.3234,39240,,-1.39954e-17,-0.0145736,,-0.000364839,-4.7623
1.9,0.69999,,1008.27,-19.1862,38259,,6.73726e-18,-0.0101451,,-0.000367338,-0.33431
1.9,0.799993,,1008.06,-19.5649,37278,,1.3636e-17,-0.00671846,,-0.000365545,3.09168
1.9,0.899996,,1007.86,-19.3171,36297,,5.57804e-18,-0.0042048,,-0.000359987,5.60475
1.9,0.999998,,1007.65,-18.43,35316,,-4.33728e-18,-0.00247384,,-0.000351244,7.33521
1.9,1.1,,1007.44,-16.9903,34335,,2.94668e-17,-0.00137187,,-0.000339948,8.43682
1.9,1.2,,1007.23,-15.1461,33354,,1.62777e-18,-0.000738656,,-0.000326702,9.06982
1.9,1.3,,1007.02,-13.0713,32373,,-1.05592e-17,-0.000422748,,-0.000312068,9.38565
1.9,1.4,,1006.82,-10.9367,31392,,-2.59973e-17,-0.000294459,,-0.000296537,9.51399
1.9,1.5,,1006.61,-8.88999,30411,,-2.32659e-17,-0.000255582,,-0.000280515,9.553
1.9,1.6,,1006.4,-7.04444,29430,,7.70461e-18,-0.000244841,,-0.000264315,9.56395
1.9,1.7,,1006.19,-5.47319,28449,,-2.43163e-17,-0.000237,,-0.000248171,9.57202
1.9,1.8,,1005.98,-4.20844,27468,,1.62785e-18,-0.000229137,,-0.000232252,9.58011
1.9,1.9,,1005.77,-3.24405,26487,,-1.83654e-17,-0.000221252,,-0.000216674,9.5882
1.9,2,,1005.56,-2.54255,25506,,-1.92573e-18,-0.000213345,,-0.000201519,9.59627
1.9,2.1,,1005.35,-2.05121,24525,,-2.33859e-17,-0.000205416,,-0.000186844,9.60432
1.9,2.2,,1005.14,-1.72096,23544,,4.71421e-18,-0.000197464,,-0.000172687,9.61236
1.9,2.3,,1004.93,-1.51011,22563,,-7.3778e-18,-0.00018949,,-0.00015907,9.6204
1.9,2.4,,1004.72,-1.38445,21582,,-1.109e-17,-0.000181494,,-0.000146006,9.62844
1.9,2.5,,1004.5,-1.31642,20601,,1.44232e-18,-0.000173474,,-0.0001335,9.63648
1.9,2.6,,1004.29,-1.28366,19620,,1.1791e-17,-0.000165432,,-0.000121557,9.64454
1.9,2.7,,1004.08,-1.26734,18639,,-2.69247e-17,-0.000157367,,-0.000110178,9.65261
1.9,2.8,,1003.87,-1.25069,17658,,4.4937e-18,-0.00014866,,-9.93657e-05,9.66132
1.9,2.9,,1003.66,-1.21919,16677,,9.75069e-18,-0.000134509,,-8.91233e-05,9.67547
1.9,3,,1003.44,-1.16103,15696,,1.9855e-18,-0.000105346,,-7.94548e-05,9.70463
1.9,3.1,,1003.23,-1.06757,14715,,4.32065e-18,-4.96169e-05,,-7.03648e-05,9.76035
1.9,3.2,,1003.02,-0.934099,13734,,1.35933e-18,4.25987e-05,,-6.18586e-05,9.85256
1.9,3.3,,1002.8,-0.761095,12753,,-9.97974e-18,0.000176102,,-5.39412e-05,9.98606
1.9,3.4,,1002.59,-0.555305,11772,,3.37021e-18,0.000347732,,-4.6617e-05,10.1577
1.9,3.5,,1002.37,-0.329914,10791,,-2.67477e-18,0.000544518,,-3.98887e-05,10.3545
1.9,3.6,,1002.16,-0.10281,9810,,-3.62864e-18,0.000743013,,-3.37565e-05,10.553
1.9,3.7,,1001.95,0.107584,8829,,-3.88881e-18,0.000909956,,-2.82173e-05,10.7199
1.9,3.8,,1001.73,0.288741,7848,,1.55837e-18,0.00100425,,-2.32636e-05,10.8142
1.9,3.9,,1001.51,0.441403,6867,,-1.76798e-18,0.000980227,,-1.88833e-05,10.7902
1.9,4,,1001.3,0.58555,5886,,7.11662e-18,0.000792131,,-1.50586e-05,10.6021
1.9,4.1,,1001.08,0.761925,4905,,1.66963e-18,0.000399481,,-1.17667e-05,10.2095
1.9,4.2,,1000.87,1.02624,3924,,-3.79123e-19,-0.000226854,,-8.97875e-06,9.58314
1.9,4.3,,1000.65,1.43455,2943,,3.3087e-19,-0.0010984,,-6.66097e-06,8.71161
1.9,4.4,,1000.43,2.02097,1962,,6.43472e-19,-0.00220321,,-4.77473e-06,7.60681
1.9,4.5,,1000.22,2.77291,981,,8.32378e-19,-0.00350133,,-3.2774e-06,6.3087
1.9,4.6,,1000,3.61337,0,,1.96859e-19,-0.00492293,,-2.12336e-06,4.88711
2,-0.3,,1010.33,0,48069,,0,0,,0,0
2,-0.2,,1010.12,0,47088,,0,0,,0,0
2,-0.1,,1009.92,0,46107,,0,0,,0,0
2,-5.78218e-05,,1009.71,-23.3055,45126,,-1.1069e-17,-0.0578218,,-0.00014716,-48.0122
2,0.0999502,,1009.51,-19.3825,44145,,-2.51077e-17,-0.0498479,,-0.000163868,-40.0374
2,0.199958,,1009.3,-16.9271,43164,,-1.31736e-17,-0.0416808,,-0.000178753,-31.8696
2,0.299966,,1009.1,-15.9227,42183,,6.25991e-18,-0.0337757,,-0.000191318,-23.964
2,0.399974,,1008.89,-16.0647,41202,,7.24582e-18,-0.0264804,,-0.000201219,-16.6685
2,0.49998,,1008.68,-16.8989,40221,,3.27555e-17,-0.0200341,,-0.000208272,-10.2224
2,0.599985,,1008.48,-17.9466,39240,,3.06146e-18,-0.0145736,,-0.00021246,-4.76231
2,0.69999,,1008.27,-18.7988,38259,,-2.45551e-17,-0.0101451,,-0.000213901,-0.334314
2,0.799993,,1008.06,-19.1708,37278,,4.45171e-18,-0.00671846,,-0.000212814,3.09168
2,0.899996,,1007.86,-18.9201,36297,,-1.54295e-17,-0.0042048,,-0.000209511,5.60475
2,0.999998,,1007.65,-18.0333,35316,,-2.50115e-18,-0.00247384,,-0.00020434,7.33522
2,1.1,,1007.44,-16.5967,34335,,-6.40944e-18,-0.00137187,,-0.000197678,8.43683
2,1.2,,1007.23,-14.7578,33354,,1.28691e-18,-0.000738656,,-0.000189883,9.06983
2,1.3,,1007.02,-12.6901,32373,,-6.30102e-18,-0.000422748,,-0.000181291,9.38566
2,1.4,,1006.82,-10.564,31392,,-5.00979e-17,-0.000294459,,-0.000172193,9.514
2,1.5,,1006.61,-8.52685,30411,,6.59473e-18,-0.000255582,,-0.000162824,9.55301
2,1.6,,1006.4,-6.69158,29430,,9.56776e-18,-0.000244841,,-0.000153369,9.56395
2,1.7,,1006.19,-5.13113,28449,,-1.68726e-17,-0.000237,,-0.000143962,9.57202
2,1.8,,1005.98,-3.87754,27468,,-1.0033e-17,-0.000229137,,-0.000134698,9.58012
2,1.9,,1005.77,-2.92454,26487,,-1.59628e-17,-0.000221252,,-0.000125641,9.58821
2,2,,1005.56,-2.23459,25506,,-2.428e-17,-0.000213345,,-0.000116837,9.59628
2,2.1,,1005.35,-1.7549,24525,,-2.1298e-17,-0.000205416,,-0.000108319,9.60433
2,2.2,,1005.14,-1.43636,23544,,1.16017e-18,-0.000197464,,-0.000100104,9.61237
2,2.3,,1004.93,-1.23726,22563,,2.52278e-18,-0.00018949,,-9.22053e-05,9.62041
2,2.4,,1004.72,-1.12337,21582,,-1.55617e-17,-0.000181494,,-8.46285e-05,9.62844
2,2.5,,1004.5,-1.06713,20601,,-6.5397e-18,-0.000173474,,-7.73765e-05,9.63649
2,2.6,,1004.29,-1.04619,19620,,1.25302e-17,-0.000165432,,-7.04509e-05,9.64455
2,2.7,,1004.08,-1.04172,18639,,-7.69231e-18,-0.000157367,,-6.38526e-05,9.65262
2,2.8,,1003.87,-1.03694,17658,,-8.81905e-19,-0.00014866,,-5.75829e-05,9.66133
2,2.9,,1003.66,-1.01733,16677,,2.68099e-18,-0.000134509,,-5.16434e-05,9.67547
2,3,,1003.44,-0.971071,15696,,-1.85899e-18,-0.000105346,,-4.60363e-05,9.70463
2,3.1,,1003.23,-0.889507,14715,,1.0721e-17,-4.96169e-05,,-4.07643e-05,9.76035
2,3.2,,1003.02,-0.767916,13734,,-2.68409e-19,4.25987e-05,,-3.58305e-05,9.85256
2,3.3,,1002.8,-0.606741,12753,,-2.33996e-17,0.000176102,,-3.12378e-05,9.98606
2,3.4,,1002.59,-0.412693,11772,,-3.87461e-18,0.000347732,,-2.69888e-05,10.1577
2,3.5,,1002.37,-0.198913,10791,,-5.66808e-18,0.000544518,,-2.30852e-05,10.3545
2,3.6,,1002.16,0.0167599,9810,,-3.27085e-18,0.000743013,,-1.95275e-05,10.553
2,3.7,,1001.95,0.215962,8829,,-3.30593e-18,0.000909956,,-1.63139e-05,10.7199
2,3.8,,1001.73,0.386226,7848,,4.21221e-18,0.00100425,,-1.34405e-05,10.8142
2,3.9,,1001.51,0.528358,6867,,-4.48211e-18,0.000980227,,-1.09004e-05,10.7902
2,4,,1001.3,0.662403,5886,,2.32223e-18,0.000792131,,-8.68345e-06,10.6021
2,4.1,,1001.08,0.829169,4905,,3.73274e-18,0.000399481,,-6.77652e-06,10.2095
2,4.2,,1000.87,1.08443,3924,,-2.56624e-18,-0.000226854,,-5.16299e-06,9.58315
2,4.3,,1000.65,1.48429,2943,,1.33513e-18,-0.0010984,,-3.82311e-06,8.71161
2,4.4,,1000.43,2.06292,1962,,1.17029e-18,-0.00220321,,-2.73431e-06,7.60681
2,4.5,,1000.22,2.80776,981,,-8.21614e-19,-0.00350133,,-1.87162e-06,6.3087
2,4.6,,1000,3.64185,0,,-8.60967e-20,-0.00492293,,-1.20828e-06,4.88711
2.1,-0.3,,1010.33,0,48069,,0,0,,0,0
2.1,-0.2,,1010.12,0,47088,,0,0,,0,0
2.1,-0.1,,1009.92,0,46107,,0,0,,0,0
2.1,-5.78218e-05,,1009.71,-23.191,45126,,-5.77981e-18,-0.0578218,,-4.81971e-05,-48.0122
2.1,0.0999502,,1009.51,-19.2529,44145,,-2.23739e-17,-0.0498479,,-5.36959e-05,-40.0374
2.1,0.199958,,1009.3,-16.7833,43164,,-1.61026e-17,-0.0416808,,-5.85966e-05,-31.8696
2.1,0.299966,,1009.1,-15.7661,42183,,3.99786e-18,-0.0337757,,-6.27347e-05,-23.964
2.1,0.399974,,1008.89,-15.897,41202,,4.985e-18,-0.0264804,,-6.59951e-05,-16.6685
2.1,0.49998,,1008.68,-16.722,40221,,3.00554e-17,-0.0200341,,-6.83169e-05,-10.2224
2.1,0.599985,,1008.48,-17.7625,39240,,1.0277e-18,-0.0145736,,-6.96931e-05,-4.76231
2.1,0.69999,,1008.27,-18.6095,38259,,9.42619e-19,-0.0101451,,-7.0163e-05,-0.334315
2.1,0.799993,,1008.06,-18.9784,37278,,1.97232e-18,-0.00671846,,-6.97985e-05,3.09168
2.1,0.899996,,1007.86,-18.7263,36297,,-9.13546e-18,-0.0042048,,-6.87035e-05,5.60475
2.1,0.999998,,1007.65,-17.8397,35316,,-6.53016e-18,-0.00247384,,-6.69934e-05,7.33522
2.1,1.1,,1007.44,-16.4046,34335,,1.99996e-18,-0.00137187,,-6.47932e-05,8.43683
2.1,1.2,,1007.23,-14.5683,33354,,5.69986e-18,-0.000738656,,-6.22225e-05,9.06983
2.1,1.3,,1007.02,-12.5042,32373,,-8.66215e-18,-0.000422748,,-5.93921e-05,9.38567
2.1,1.4,,1006.82,-10.3823,31392,,-4.65731e-17,-0.000294459,,-5.6398e-05,9.514
2.1,1.5,,1006.61,-8.34987,30411,,-9.53011e-18,-0.000255582,,-5.33184e-05,9.55302
2.1,1.6,,1006.4,-6.51965,29430,,2.15336e-17,-0.000244841,,-5.02135e-05,9.56396
2.1,1.7,,1006.19,-4.96448,28449,,-2.5225e-17,-0.000237,,-4.71268e-05,9.57203
2.1,1.8,,1005.98,-3.71635,27468,,-1.17228e-17,-0.000229137,,-4.40888e-05,9.58012
2.1,1.9,,1005.77,-2.76892,26487,,-1.80961e-17,-0.000221252,,-4.11207e-05,9.58821
2.1,2,,1005.56,-2.0846,25506,,-1.29777e-17,-0.000213345,,-3.82368e-05,9.59628
2.1,2.1,,1005.35,-1.61059,24525,,-2.0651e-17,-0.000205416,,-3.54471e-05,9.60433
2.1,2.2,,1005.14,-1.29776,23544,,3.13905e-18,-0.000197464,,-3.27576e-05,9.61237
2.1,2.3,,1004.93,-1.10438,22563,,-3.15612e-18,-0.00018949,,-3.0172e-05,9.62041
2.1,2.4,,1004.72,-0.996223,21582,,-1.69119e-17,-0.000181494,,-2.7692e-05,9.62845
2.1,2.5,,1004.5,-0.94573,20601,,-4.51084e-19,-0.000173474,,-2.53184e-05,9.63649
2.1,2.6,,1004.29,-0.930549,19620,,1.10722e-17,-0.000165432,,-2.30518e-05,9.64455
2.1,2.7,,1004.08,-0.931843,18639,,-1.69224e-17,-0.000157367,,-2.08922e-05,9.65262
2.1,2.8,,1003.87,-0.932842,17658,,5.47449e-19,-0.00014866,,-1.88402e-05,9.66133
2.1,2.9,,1003.66,-0.919015,16677,,-3.43943e-18,-0.000134509,,-1.68962e-05,9.67548
2.1,3,,1003.44,-0.878556,15696,,4.45594e-18,-0.000105346,,-1.50609e-05,9.70464
2.1,3.1,,1003.23,-0.802789,14715,,9.82151e-18,-4.96169e-05,,-1.33353e-05,9.76036
2.1,3.2,,1003.02,-0.686985,13734,,-2.33356e-18,4.25987e-05,,-1.17202e-05,9.85257
2.1,3.3,,1002.8,-0.531574,12753,,-1.98566e-17,0.000176102,,-1.02168e-05,9.98606
2.1,3.4,,1002.59,-0.343251,11772,,2.77682e-18,0.000347732,,-8.8258e-06,10.1577
2.1,3.5,,1002.37,-0.135134,10791,,-7.12084e-18,0.000544518,,-7.54787e-06,10.3545
2.1,3.6,,1002.16,0.0749623,9810,,-4.72184e-18,0.000743013,,-6.38313e-06,10.553
2.1,3.7,,1001.95,0.268702,8829,,-1.25926e-18,0.000909956,,-5.3311e-06,10.7199
2.1,3.8,,1001.73,0.433647,7848,,3.2353e-18,0.00100425,,-4.39049e-06,10.8142
2.1,3.9,,1001.51,0.570637,6867,,-3.98803e-18,0.000980227,,-3.5591e-06,10.7902
2.1,4,,1001.3,0.699748,5886,,4.64836e-18,0.000792131,,-2.83367e-06,10.6021
2.1,4.1,,1001.08,0.86182,4905,,1.14732e-18,0.000399481,,-2.20989e-06,10.2095
2.1,4.2,,1000.87,1.11266,3924,,-2.87546e-18,-0.000226854,,-1.68233e-06,9.58315
2.1,4.3,,1000.65,1.5084,2943,,1.15207e-18,-0.0010984,,-1.2445e-06,8.71161
2.1,4.4,,1000.43,2.08322,1962,,5.57937e-19,-0.00220321,,-8.89003e-07,7.60681
2.1,4.5,,1000.22,2.82461,981,,-5.58915e-19,-0.00350133,,-6.07608e-07,6.3087
2.1,4.6,,1000,3.6556,0,,-7.95008e-20,-0.00492293,,-3.91505e-07,4.88711
2.2,-0.3,,1010.33,0,48069,,0,0,,0,0
2.2,-0.2,,1010.12,0,47088,,0,0,,0,0
2.2,-0.1,,1009.92,0,46107,,0,0,,0,0
2.2,-5.78218e-05,,1009.71,-23.191,45126,,-6.32894e-19,-0.0578218,,4.81971e-05,-48.0122
2.2,0.0999502,,1009.51,-19.2529,44145,,-2.2572e-17,-0.0498479,,5.36959e-05,-40.0374
2.2,0.199958,,1009.3,-16.7833,43164,,-1.89706e-17,-0.0416808,,5.85966e-05,-31.8696
2.2,0.299966,,1009.1,-15.7661,42183,,-2.43236e-18,-0.0337757,,6.27347e-05,-23.964
2.2,0.399974,,1008.89,-15.897,41202,,5.65855e-18,-0.0264804,,6.59951e-05,-16.6685
2.2,0.49998,,1008.68,-16.722,40221,,1.03104e-17,-0.0200341,,6.83169e-05,-10.2224
2.2,0.599985,,1008.48,-17.7625,39240,,-2.27157e-17,-0.0145736,,6.96931e-05,-4.76231
2.2,0.69999,,1008.27,-18.6095,38259,,8.97411e-18,-0.0101451,,7.0163e-05,-0.334315
2.2,0.799993,,1008.06,-18.9784,37278,,3.99722e-18,-0.00671846,,6.97985e-05,3.09168
2.2,0.899996,,1007.86,-18.7263,36297,,2.89789e-18,-0.0042048,,6.87035e-05,5.60475
2.2,0.999998,,1007.65,-17.8397,35316,,-1.38703e-18,-0.00247384,,6.69934e-05,7.33522
2.2,1.1,,1007.44,-16.4046,34335,,1.38187e-17,-0.00137187,,6.47932e-05,8.43683
2.2,1.2,,1007.23,-14.5683,33354,,1.97072e-19,-0.000738656,,6.22225e-05,9.06983
2.2,1.3,,1007.02,-12.5042,32373,,-1.26015e-17,-0.000422748,,5.93921e-05,9.38567
2.2,1.4,,1006.82,-10.3823,31392,,-4.4284e-17,-0.000294459,,5.6398e-05,9.514
2.2,1.5,,1006.61,-8.34987,30411,,-1.78961e-17,-0.000255582,,5.33184e-05,9.55302
2.2,1.6,,1006.4,-6.51965,29430,,2.27118e-17,-0.000244841,,5.02135e-05,9.56396
2.2,1.7,,1006.19,-4.96448,28449,,-2.18209e-17,-0.000237,,4.71268e-05,9.57203
2.2,1.8,,1005.98,-3.71635,27468,,6.34975e-18,-0.000229137,,4.40888e-05,9.58012
2.2,1.9,,1005.77,-2.76892,26487,,-2.04497e-17,-0.000221252,,4.11207e-05,9.58821
2.2,2,,1005.56,-2.0846,25506,,-1.04493e-17,-0.000213345,,3.82368e-05,9.59628
2.2,2.1,,1005.35,-1.61059,24525,,-2.12186e-17,-0.000205416,,3.54471e-05,9.60433
2.2,2.2,,1005.14,-1.29776,23544,,1.27924e-17,-0.000197464,,3.27576e-05,9.61237
2.2,2.3,,1004.93,-1.10438,22563,,-7.93804e-18,-0.00018949,,3.0172e-05,9.62041
2.2,2.4,,1004.72,-0.996223,21582,,-1.34738e-17,-0.000181494,,2.7692e-05,9.62845
2.2,2.5,,1004.5,-0.94573,20601,,1.65948e-18,-0.000173474,,2.53184e-05,9.63649
2.2,2.6,,1004.29,-0.930549,19620,,1.42173e-18,-0.000165432,,2.30518e-05,9.64455
2.2,2.7,,1004.08,-0.931843,18639,,-2.74504e-17,-0.000157367,,2.08922e-05,9.65262
2.2,2.8,,1003.87,-0.932842,17658,,-4.54174e-18,-0.00014866,,1.88402e-05,9.66133
2.2,2.9,,1003.66,-0.919015,16677,,9.1257e-18,-0.000134509,,1.68962e-05,9.67548
2.2,3,,1003.44,-0.878556,15696,,2.37482e-18,-0.000105346,,1.50609e-05,9.70464
2.2,3.1,,1003.23,-0.802789,14715,,5.6335e-18,-4.96169e-05,,1.33353e-05,9.76036
2.2,3.2,,1003.02,-0.686985,13734,,-1.07332e-18,4.25987e-05,,1.17202e-05,9.85257
2.2,3.3,,1002.8,-0.531574,12753,,-1.79272e-17,0.000176102,,1.02168e-05,9.98606
2.2,3.4,,1002.59,-0.343251,11772,,1.38312e-18,0.000347732,,8.8258e-06,10.1577
2.2,3.5,,1002.37,-0.135134,10791,,-5.06917e-18,0.000544518,,7.54787e-06,10.3545
2.2,3.6,,1002.16,0.0749623,9810,,-6.4417e-18,0.000743013,,6.38313e-06,10.553
2.2,3.7,,1001.95,0.268702,8829,,-2.41623e-18,0.000909956,,5.3311e-06,10.7199
2.2,3.8,,1001.73,0.433647,7848,,-2.4766e-19,0.00100425,,4.39049e-06,10.8142
2.2,3.9,,1001.51,0.570637,6867,,-6.57744e-18,0.000980227,,3.5591e-06,10.7902
2.2,4,,1001.3,0.699748,5886,,5.1186e-18,0.000792131,,2.83367e-06,10.6021
2.2,4.1,,1001.08,0.86182,4905,,2.56668e-18,0.000399481,,2.20989e-06,10.2095
2.2,4.2,,1000.87,1.11266,3924,,-5.0842e-19,-0.000226854,,1.68233e-06,9.58315
2.2,4.3,,1000.65,1.5084,2943,,-3.61974e-19,-0.0010984,,1.2445e-06,8.71161
2.2,4.4,,1000.43,2.08322,1962,,-2.4318e-19,-0.00220321,,8.89003e-07,7.60681
2.2,4.5,,1000.22,2.82461,981,,-1.62934e-19,-0.00350133,,6.07608e-07,6.3087
2.2,4.6,,1000,3.6556,0,,-4.09243e-19,-0.00492293,,3.91505e-07,4.88711
2.3,-0.3,,1010.33,0,48069,,0,0,,0,0
2.3,-0.2,,1010.12,0,47088,,0,0,,0,0
2.3,-0.1,,1009.92,0,46107,,0,0,,0,0
2.3,-5.78218e-05,,1009.71,-23.3055,45126,,-7.57698e-18,-0.0578218,,0.00014716,-48.0122
2.3,0.0999502,,1009.51,-19.3825,44145,,-1.75306e-17,-0.0498479,,0.000163868,-40.0374
2.3,0.199958,,1009.3,-16.9271,43164,,-1.57279e-17,-0.0416808,,0.000178753,-31.8696
2.3,0.299966,,1009.1,-15.9227,42183,,-1.42584e-17,-0.0337757,,0.000191318,-23.964
2.3,0.399974,,1008.89,-16.0647,41202,,1.80699e-18,-0.0264804,,0.000201219,-16.6685
2.3,0.49998,,1008.68,-16.8989,40221,,1.04183e-17,-0.0200341,,0.000208272,-10.2224
2.3,0.599985,,1008.48,-17.9466,39240,,-1.45432e-17,-0.0145736,,0.00021246,-4.76231
2.3,0.69999,,1008.27,-18.7988,38259,,3.30558e-17,-0.0101451,,0.000213901,-0.334314
2.3,0.799993,,1008.06,-19.1708,37278,,-2.07305e-18,-0.00671846,,0.000212814,3.09168
2.3,0.899996,,1007.86,-18.9201,36297,,1.59348e-17,-0.0042048,,0.000209511,5.60475
2.3,0.999998,,1007.65,-18.0333,35316,,9.46399e-18,-0.00247384,,0.00020434,7.33522
2.3,1.1,,1007.44,-16.5967,34335,,7.79393e-18,-0.00137187,,0.000197678,8.43683
2.3,1.2,,1007.23,-14.7578,33354,,-2.7309e-18,-0.000738656,,0.000189883,9.06983
2.3,1.3,,1007.02,-12.6901,32373,,-1.82031e-17,-0.000422748,,0.000181291,9.38566
2.3,1.4,,1006.82,-10.564,31392,,-3.47769e-17,-0.000294459,,0.000172193,9.514
2.3,1.5,,1006.61,-8.52685,30411,,-2.43655e-17,-0.000255582,,0.000162824,9.55301
2.3,1.6,,1006.4,-6.69158,29430,,2.07044e-17,-0.000244841,,0.000153369,9.56395
2.3,1.7,,1006.19,-5.13113,28449,,-1.67248e-17,-0.000237,,0.000143962,9.57202
2.3,1.8,,1005.98,-3.87754,27468,,-1.02864e-17,-0.000229137,,0.000134698,9.58012
2.3,1.9,,1005.77,-2.92454,26487,,-1.44567e-17,-0.000221252,,0.000125641,9.58821
2.3,2,,1005.56,-2.23459,25506,,-5.75433e-18,-0.000213345,,0.000116837,9.59628
2.3,2.1,,1005.35,-1.7549,24525,,-2.53937e-17,-0.000205416,,0.000108319,9.60433
2.3,2.2,,1005.14,-1.43636,23544,,1.12818e-17,-0.000197464,,0.000100104,9.61237
2.3,2.3,,1004.93,-1.23726,22563,,-9.41153e-18,-0.00018949,,9.22053e-05,9.62041
2.3,2.4,,1004.72,-1.12337,21582,,-1.53853e-17,-0.000181494,,8.46285e-05,9.62844
2.3,2.5,,1004.5,-1.06713,20601,,1.39402e-17,-0.000173474,,7.73765e-05,9.63649
2.3,2.6,,1004.29,-1.04619,19620,,5.26433e-18,-0.000165432,,7.04509e-05,9.64455
2.3,2.7,,1004.08,-1.04172,18639,,-2.14014e-17,-0.000157367,,6.38526e-05,9.65262
2.3,2.8,,1003.87,-1.03694,17658,,-1.22479e-17,-0.00014866,,5.75829e-05,9.66133
2.3,2.9,,1003.66,-1.01733,16677,,1.52227e-17,-0.000134509,,5.16434e-05,9.67547
2.3,3,,1003.44,-0.971071,15696,,-2.62694e-18,-0.000105346,,4.60363e-05,9.70463
2.3,3.1,,1003.23,-0.889507,14715,,5.09612e-18,-4.96169e-05,,4.07643e-05,9.76035
2.3,3.2,,1003.02,-0.767916,13734,,-2.0508e-18,4.25987e-05,,3.58305e-05,9.85256
2.3,3.3,,1002.8,-0.606741,12753,,-1.49231e-17,0.000176102,,3.12378e-05,9.98606
2.3,3.4,,1002.59,-0.412693,11772,,-3.3641e-18,0.000347732,,2.69888e-05,10.1577
2.3,3.5,,1002.37,-0.198913,10791,,-2.26709e-18,0.000544518,,2.30852e-05,10.3545
2.3,3.6,,1002.16,0.0167599,9810,,-3.30457e-18,0.000743013,,1.95275e-05,10.553
2.3,3.7,,1001.95,0.215962,8829,,-2.81184e-18,0.000909956,,1.63139e-05,10.7199
2.3,3.8,,1001.73,0.386226,7848,,-2.7443e-18,0.00100425,,1.34405e-05,10.8142
2.3,3.9,,1001.51,0.528358,6867,,-7.0741e-18,0.000980227,,1.09004e-05,10.7902
2.3,4,,1001.3,0.662403,5886,,4.73944e-18,0.000792131,,8.68345e-06,10.6021
2.3,4.1,,1001.08,0.829169,4905,,3.0772e-18,0.000399481,,6.77652e-06,10.2095
2.3,4.2,,1000.87,1.08443,3924,,4.60417e-19,-0.000226854,,5.16299e-06,9.58315
2.3,4.3,,1000.65,1.48429,2943,,-1.54499e-18,-0.0010984,,3.82311e-06,8.71161
2.3,4.4,,1000.43,2.06292,1962,,-8.96845e-19,-0.00220321,,2.73431e-06,7.60681
2.3,4.5,,1000.22,2.80776,981,,-3.6636e-19,-0.00350133,,1.87162e-06,6.3087
2.3,4.6,,1000,3.64185,0,,-2.76717e-19,-0.00492293,,1.20828e-06,4.88711
2.4,-0.3,,1010.33,0,48069,,0,0,,0,0
2.4,-0.2,,1010.12,0,47088,,0,0,,0,0
2.4,-0.1,,1009.92,0,46107,,0,0,,0,0
2.4,-5.78218e-05,,1009.71,-23.5405,45126,,-3.2518e-18,-0.0578218,,0.000253474,-48.0122
2.4,0.0999502,,1009.51,-19.6483,44145,,-1.59801e-17,-0.0498479,,0.000281985,-40.0374
2.4,0.199958,,1009.3,-17.2217,43164,,1.11681e-19,-0.0416808,,0.000307366,-31.8696
2.4,0.299966,,1009.1,-16.2434,42183,,-1.10203e-17,-0.0337757,,0.00032878,-23.964
2.4,0.399974,,1008.89,-16.4081,41202,,-1.88864e-17,-0.0264804,,0.00034565,-16.6685
2.4,0.49998,,1008.68,-17.2611,40221,,7.69789e-18,-0.0200341,,0.000357678,-10.2223
2.4,0.599985,,1008.48,-18.3234,39240,,-4.89827e-18,-0.0145736,,0.000364839,-4.7623
2.4,0.69999,,1008.27,-19.1862,38259,,3.03705e-17,-0.0101451,,0.000367338,-0.33431
2.4,0.799993,,1008.06,-19.5649,37278,,2.54239e-17,-0.00671846,,0.000365545,3.09168
2.4,0.899996,,1007.86,-19.3171,36297,,2.36614e-17,-0.0042048,,0.000359987,5.60475
2.4,0.999998,,1007.65,-18.43,35316,,6.80662e-18,-0.00247384,,0.000351244,7.33521
2.4,1.1,,1007.44,-16.9903,34335,,1.66891e-17,-0.00137187,,0.000339948,8.43682
2.4,1.2,,1007.23,-15.1461,33354,,-1.01122e-18,-0.000738656,,0.000326702,9.06982
2.4,1.3,,1007.02,-13.0713,32373,,-2.5301e-17,-0.000422748,,0.000312068,9.38565
2.4,1.4,,1006.82,-10.9367,31392,,-1.96774e-17,-0.000294459,,0.000296537,9.51399
2.4,1.5,,1006.61,-8.88999,30411,,-2.50676e-17,-0.000255582,,0.000280515,9.553
2.4,1.6,,1006.4,-7.04444,29430,,2.79237e-17,-0.000244841,,0.000264315,9.56395
2.4,1.7,,1006.19,-5.47319,28449,,-1.74555e-17,-0.000237,,0.000248171,9.57202
2.4,1.8,,1005.98,-4.20844,27468,,-1.27364e-17,-0.000229137,,0.000232252,9.58011
2.4,1.9,,1005.77,-3.24405,26487,,-1.10427e-17,-0.000221252,,0.000216674,9.5882
2.4,2,,1005.56,-2.54255,25506,,1.0839e-18,-0.000213345,,0.000201519,9.59627
2.4,2.1,,1005.35,-2.05121,24525,,-2.60151e-17,-0.000205416,,0.000186844,9.60432
2.4,2.2,,1005.14,-1.72096,23544,,8.34372e-18,-0.000197464,,0.000172687,9.61236
2.4,2.3,,1004.93,-1.51011,22563,,1.53632e-18,-0.00018949,,0.00015907,9.6204
2.4,2.4,,1004.72,-1.38445,21582,,-1.23676e-17,-0.000181494,,0.000146006,9.62844
2.4,2.5,,1004.5,-1.31642,20601,,1.4716e-17,-0.000173474,,0.0001335,9.63648
2.4,2.6,,1004.29,-1.28366,19620,,3.85201e-18,-0.000165432,,0.000121557,9.64454
2.4,2.7,,1004.08,-1.26734,18639,,-2.49633e-17,-0.000157367,,0.000110178,9.65261
2.4,2.8,,1003.87,-1.25069,17658,,-7.28438e-18,-0.00014866,,9.93657e-05,9.66132
2.4,2.9,,1003.66,-1.21919,16677,,1.25738e-17,-0.000134509,,8.91233e-05,9.67547
2.4,3,,1003.44,-1.16103,15696,,1.45301e-18,-0.000105346,,7.94548e-05,9.70463
2.4,3.1,,1003.23,-1.06757,14715,,1.31943e-17,-4.96169e-05,,7.03648e-05,9.76035
2.4,3.2,,1003.02,-0.934099,13734,,1.60385e-18,4.25987e-05,,6.18586e-05,9.85256
2.4,3.3,,1002.8,-0.761095,12753,,-8.55094e-18,0.000176102,,5.39412e-05,9.98606
2.4,3.4,,1002.59,-0.555305,11772,,-4.96344e-18,0.000347732,,4.6617e-05,10.1577
2.4,3.5,,1002.37,-0.329914,10791,,-7.18815e-18,0.000544518,,3.98887e-05,10.3545
2.4,3.6,,1002.16,-0.10281,9810,,-6.6145e-18,0.000743013,,3.37565e-05,10.553
2.4,3.7,,1001.95,0.107584,8829,,7.69787e-20,0.000909956,,2.82173e-05,10.7199
2.4,3.8,,1001.73,0.288741,7848,,-3.61478e-18,0.00100425,,2.32636e-05,10.8142
2.4,3.9,,1001.51,0.441403,6867,,-4.78778e-18,0.000980227,,1.88833e-05,10.7902
2.4,4,,1001.3,0.58555,5886,,6.01464e-18,0.000792131,,1.50586e-05,10.6021
2.4,4.1,,1001.08,0.761925,4905,,2.94857e-18,0.000399481,,1.17667e-05,10.2095
2.4,4.2,,1000.87,1.02624,3924,,3.53535e-19,-0.000226854,,8.97875e-06,9.58314
2.4,4.3,,1000.65,1.43455,2943,,-2.18086e-18,-0.0010984,,6.66097e-06,8.71161
2.4,4.4,,1000.43,2.02097,1962,,-6.13401e-19,-0.00220321,,4.77473e-06,7.60681
2.4,4.5,,1000.22,2.77291,981,,3.18666e-19,-0.00350133,,3.2774e-06,6.3087
2.4,4.6,,1000,3.61337,0,,-4.1107e-19,-0.00492293,,2.12336e-06,4.88711
2.5,-0.3,,1010.33,0,48069,,0,0,,0,0
2.5,-0.2,,1010.12,0,47088,,0,0,,0,0
2.5,-0.1,,1009.92,0,46107,,0,0,,0,0
2.5,-5.78218e-05,,1009.71,-23.9061,45126,,-2.4808e-17,-0.0578218,,0.000368086,-48.0122
2.5,0.0999502,,1009.51,-20.061,44145,,-3.16758e-17,-0.0498479,,0.000408472,-40.0374
2.5,0.199958,,1009.3,-17.6787,43164,,-4.09253e-17,-0.0416808,,0.000444404,-31.8695
2.5,0.299966,,1009.1,-16.7405,42183,,-2.39667e-19,-0.0337757,,0.000474778,-23.9639
2.5,0.399974,,1008.89,-16.9401,41202,,7.90675e-18,-0.0264804,,0.000498831,-16.6685
2.5,0.49998,,1008.68,-17.8221,40221,,2.63531e-17,-0.0200341,,0.000516147,-10.2223
2.5,0.599985,,1008.48,-18.9072,39240,,-3.34227e-18,-0.0145736,,0.000526625,-4.76229
2.5,0.69999,,1008.27,-19.7864,38259,,-3.81826e-17,-0.0101451,,0.000530462,-0.334304
2.5,0.799993,,1008.06,-20.1755,37278,,-9.13117e-18,-0.00671846,,0.000528173,3.09168
2.5,0.899996,,1007.86,-19.9326,36297,,-2.19156e-17,-0.0042048,,0.000520492,5.60475
2.5,0.999998,,1007.65,-19.0455,35316,,-1.6042e-17,-0.00247384,,0.000508234,7.33521
2.5,1.1,,1007.44,-17.6013,34335,,-1.29654e-17,-0.00137187,,0.000492279,8.43681
2.5,1.2,,1007.23,-15.7492,33354,,2.00118e-18,-0.000738656,,0.000473473,9.06981
2.5,1.3,,1007.02,-13.6636,32373,,-5.80142e-18,-0.000422748,,0.000452608,9.38564
2.5,1.4,,1006.82,-11.516,31392,,-5.67185e-17,-0.000294459,,0.000430381,9.51397
2.5,1.5,,1006.61,-9.45477,30411,,7.11168e-18,-0.000255582,,0.000407374,9.55299
2.5,1.6,,1006.4,-7.59342,29430,,-1.83942e-17,-0.000244841,,0.000384044,9.56393
2.5,1.7,,1006.19,-6.00552,28449,,-3.06888e-17,-0.000237,,0.00036074,9.572
2.5,1.8,,1005.98,-4.72353,27468,,-9.47092e-18,-0.000229137,,0.000337714,9.58009
2.5,1.9,,1005.77,-3.74148,26487,,-2.97062e-17,-0.000221252,,0.000315145,9.58818
2.5,2,,1005.56,-3.02205,25506,,-1.67914e-17,-0.000213345,,0.000293163,9.59625
2.5,2.1,,1005.35,-2.51261,24525,,-2.79632e-17,-0.000205416,,0.000271857,9.60431
2.5,2.2,,1005.14,-2.16414,23544,,1.53747e-18,-0.000197464,,0.000251289,9.61235
2.5,2.3,,1004.93,-1.93501,22563,,-1.13936e-17,-0.00018949,,0.000231496,9.62039
2.5,2.4,,1004.72,-1.79101,21582,,-1.50975e-17,-0.000181494,,0.000212501,9.62842
2.5,2.5,,1004.5,-1.7046,20601,,-1.3273e-17,-0.000173474,,0.000194315,9.63647
2.5,2.6,,1004.29,-1.65343,19620,,1.2857e-17,-0.000165432,,0.000176945,9.64453
2.5,2.7,,1004.08,-1.61866,18639,,-7.39698e-18,-0.000157367,,0.000160396,9.6526
2.5,2.8,,1003.87,-1.58353,17658,,-6.00446e-19,-0.00014866,,0.000144672,9.66131
2.5,2.9,,1003.66,-1.5335,16677,,-4.14146e-18,-0.000134509,,0.000129777,9.67546
2.5,3,,1003.44,-1.45681,15696,,-1.56647e-18,-0.000105346,,0.000115718,9.70462
2.5,3.1,,1003.23,-1.34482,14715,,7.49313e-18,-4.96169e-05,,0.000102502,9.76034
2.5,3.2,,1003.02,-1.19287,13734,,9.1463e-21,4.25987e-05,,9.01357e-05,9.85255
2.5,3.3,,1002.8,-1.00147,12753,,-2.67396e-17,0.000176102,,7.86277e-05,9.98605
2.5,3.4,,1002.59,-0.777428,11772,,-3.62676e-18,0.000347732,,6.79836e-05,10.1577
2.5,3.5,,1002.37,-0.533999,10791,,-5.45081e-18,0.000544518,,5.82066e-05,10.3545
2.5,3.6,,1002.16,-0.289152,9810,,-3.04858e-18,0.000743013,,4.92965e-05,10.553
2.5,3.7,,1001.95,-0.0613943,8829,,-4.93505e-18,0.000909956,,4.12474e-05,10.7199
2.5,3.8,,1001.73,0.136651,7848,,4.34589e-18,0.00100425,,3.40475e-05,10.8142
2.5,3.9,,1001.51,0.305631,6867,,-4.34312e-18,0.000980227,,2.7678e-05,10.7902
2.5,4,,1001.3,0.465427,5886,,2.41243e-18,0.000792131,,2.21125e-05,10.6021
2.5,4.1,,1001.08,0.656689,4905,,2.90669e-18,0.000399481,,1.73167e-05,10.2095
2.5,4.2,,1000.87,0.935042,3924,,-7.30464e-19,-0.000226854,,1.32486e-05,9.58314
2.5,4.3,,1000.65,1.35645,2943,,2.28174e-18,-0.0010984,,9.85947e-06,8.71161
2.5,4.4,,1000.43,1.95496,1962,,1.21572e-18,-0.00220321,,7.09393e-06,7.6068
2.5,4.5,,1000.22,2.71793,981,,-7.90037e-19,-0.00350133,,4.89135e-06,6.3087
2.5,4.6,,1000,3.5683,0,,-2.91716e-19,-0.00492293,,3.1869e-06,4.88711
2.6,-0.3,,1010.33,0,48069,,0,0,,0,0
2.6,-0.2,,1010.12,0,47088,,0,0,,0,0
2.6,-0.1,,1009.92,0,46107,,0,0,,0,0
2.6,-5.78218e-05,,1009.71,-24.4091,45126,,-3.35562e-17,-0.0578218,,0.000484687,-48.0121
2.6,0.0999502,,1009.51,-20.6269,44145,,-2.86328e-17,-0.0498479,,0.000535599,-40.0373
2.6,0.199958,,1009.3,-18.3036,43164,,-3.66001e-17,-0.0416808,,0.000580726,-31.8695
2.6,0.299966,,1009.1,-17.4189,42183,,-2.26796e-18,-0.0337757,,0.000618821,-23.9639
2.6,0.399974,,1008.89,-17.6653,41202,,6.13686e-18,-0.0264804,,0.000649072,-16.6684
2.6,0.49998,,1008.68,-18.5866,40221,,2.39631e-17,-0.0200341,,0.000671067,-10.2223
2.6,0.599985,,1008.48,-19.7029,39240,,1.83261e-18,-0.0145736,,0.000684736,-4.76228
2.6,0.69999,,1008.27,-20.6051,38259,,-1.20747e-17,-0.0101451,,0.000690291,-0.334295
2.6,0.799993,,1008.06,-21.0091,37278,,2.81193e-18,-0.00671846,,0.000688223,3.09168
2.6,0.899996,,1007.86,-20.7736,36297,,-1.54846e-17,-0.0042048,,0.000679201,5.60474
2.6,0.999998,,1007.65,-19.8872,35316,,-1.96239e-17,-0.00247384,,0.000664164,7.3352
2.6,1.1,,1007.44,-18.4379,34335,,2.90895e-18,-0.00137187,,0.000644214,8.4368
2.6,1.2,,1007.23,-16.5757,33354,,6.26191e-18,-0.000738656,,0.000620422,9.06979
2.6,1.3,,1007.02,-14.476,32373,,-7.71152e-18,-0.000422748,,0.000593797,9.38562
2.6,1.4,,1006.82,-12.3113,31392,,-4.58792e-17,-0.000294459,,0.000565241,9.51396
2.6,1.5,,1006.61,-10.2305,30411,,-9.0999e-18,-0.000255582,,0.000535515,9.55297
2.6,1.6,,1006.4,-8.34782,29430,,2.20921e-17,-0.000244841,,0.000505232,9.56391
2.6,1.7,,1006.19,-6.73734,28449,,-1.7502e-17,-0.000237,,0.000474868,9.57198
2.6,1.8,,1005.98,-5.43186,27468,,-1.12301e-17,-0.000229137,,0.000444775,9.58007
2.6,1.9,,1005.77,-4.42569,26487,,-2.46707e-17,-0.000221252,,0.00041521,9.58816
2.6,2,,1005.56,-3.6817,25506,,-1.22491e-17,-0.000213345,,0.000386363,9.59624
2.6,2.1,,1005.35,-3.14742,24525,,-2.03977e-17,-0.000205416,,0.000358365,9.60429
2.6,2.2,,1005.14,-2.77393,23544,,3.67682e-18,-0.000197464,,0.000331311,9.61233
2.6,2.3,,1004.93,-2.51965,22563,,-2.52815e-18,-0.00018949,,0.00030526,9.62037
2.6,2.4,,1004.72,-2.35042,21582,,-1.64956e-17,-0.000181494,,0.000280248,9.62841
2.6,2.5,,1004.5,-2.23872,20601,,-1.42317e-17,-0.000173474,,0.000256295,9.63646
2.6,2.6,,1004.29,-2.1622,19620,,1.15371e-17,-0.000165432,,0.000233416,9.64451
2.6,2.7,,1004.08,-2.10203,18639,,-1.66275e-17,-0.000157367,,0.000211616,9.65259
2.6,2.8,,1003.87,-2.04144,17658,,9.08271e-19,-0.00014866,,0.000190902,9.6613
2.6,2.9,,1003.66,-1.96592,16677,,-3.09596e-18,-0.000134509,,0.000171283,9.67545
2.6,3,,1003.44,-1.86373,15696,,4.95033e-18,-0.000105346,,0.000152767,9.70461
2.6,3.1,,1003.23,-1.72626,14715,,1.01754e-17,-4.96169e-05,,0.000135364,9.76033
2.6,3.2,,1003.02,-1.5489,13734,,-2.02305e-18,4.25987e-05,,0.000119084,9.85254
2.6,3.3,,1002.8,-1.33223,12753,,-1.9475e-17,0.000176102,,0.000103938,9.98604
2.6,3.4,,1002.59,-1.08315,11772,,-4.22007e-19,0.000347732,,8.99328e-05,10.1577
2.6,3.5,,1002.37,-0.814998,10791,,-6.819e-18,0.000544518,,7.70716e-05,10.3545
2.6,3.6,,1002.16,-0.545861,9810,,-4.58133e-18,0.000743013,,6.53523e-05,10.553
2.6,3.7,,1001.95,-0.294366,8829,,-2.83959e-18,0.000909956,,5.47651e-05,10.7199
2.6,3.8,,1001.73,-0.073257,7848,,3.38969e-18,0.00100425,,4.5292e-05,10.8142
2.6,3.9,,1001.51,0.117984,6867,,-3.78507e-18,0.000980227,,3.69052e-05,10.7902
2.6,4,,1001.3,0.299119,5886,,4.73944e-18,0.000792131,,2.95673e-05,10.6021
2.6,4.1,,1001.08,0.510684,4905,,3.84907e-19,0.000399481,,2.32319e-05,10.2095
2.6,4.2,,1000.87,0.808194,3924,,-2.79392e-18,-0.000226854,,1.78439e-05,9.58314
2.6,4.3,,1000.65,1.24751,2943,,1.23057e-18,-0.0010984,,1.33402e-05,8.7116
2.6,4.4,,1000.43,1.86259,1962,,6.01956e-19,-0.00220321,,9.65048e-06,7.6068
2.6,4.5,,1000.22,2.64071,981,,-5.08608e-19,-0.00350133,,6.69771e-06,6.3087
2.6,4.6,,1000,3.50475,0,,-2.78452e-19,-0.00492293,,4.39959e-06,4.88711
2.7,-0.3,,1010.33,0,48069,,0,0,,0,0
2.7,-0.2,,1010.12,0,47088,,0,0,,0,0
2.7,-0.1,,1009.92,0,46107,,0,0,,0,0
2.7,-5.78218e-05,,1009.71,-25.0466,45126,,-1.42609e-17,-0.0578218,,0.000593659,-48.012
2.7,0.0999502,,1009.51,-21.3407,44145,,-2.1323e-17,-0.0498479,,0.000652356,-40.0372
2.7,0.199958,,1009.3,-19.0886,43164,,-2.48826e-17,-0.0416808,,0.000703962,-31.8694
2.7,0.299966,,1009.1,-18.2685,42183,,-8.70512e-18,-0.0337757,,0.000747249,-23.9639
2.7,0.399974,,1008.89,-18.5715,41202,,6.51897e-18,-0.0264804,,0.000781513,-16.6684
2.7,0.49998,,1008.68,-19.5405,40221,,1.88868e-17,-0.0200341,,0.000806496,-10.2223
2.7,0.599985,,1008.48,-20.6953,39240,,-2.19108e-17,-0.0145736,,0.000822274,-4.76226
2.7,0.69999,,1008.27,-21.6267,38259,,-3.73795e-18,-0.0101451,,0.000829159,-0.334283
2.7,0.799993,,1008.06,-22.0507,37278,,5.30173e-18,-0.00671846,,0.00082766,3.09169
2.7,0.899996,,1007.86,-21.8261,36297,,4.31343e-18,-0.0042048,,0.000818383,5.60474
2.7,0.999998,,1007.65,-20.9423,35316,,-2.21294e-19,-0.00247384,,0.000802105,7.33519
2.7,1.1,,1007.44,-19.4882,34335,,1.49845e-17,-0.00137187,,0.000779741,8.43678
2.7,1.2,,1007.23,-17.6149,33354,,1.72363e-18,-0.000738656,,0.00075247,9.06978
2.7,1.3,,1007.02,-15.499,32373,,-1.13525e-17,-0.000422748,,0.000721489,9.3856
2.7,1.4,,1006.82,-13.3138,31392,,-3.67068e-17,-0.000294459,,0.000687879,9.51393
2.7,1.5,,1006.61,-11.2092,30411,,-1.71189e-17,-0.000255582,,0.000652577,9.55295
2.7,1.6,,1006.4,-9.30046,29430,,2.39885e-17,-0.000244841,,0.000616355,9.56389
2.7,1.7,,1006.19,-7.66203,28449,,-2.15017e-17,-0.000237,,0.000579826,9.57196
2.7,1.8,,1005.98,-6.32729,27468,,-7.01456e-18,-0.000229137,,0.000543462,9.58005
2.7,1.9,,1005.77,-5.29091,26487,,-1.90897e-17,-0.000221252,,0.000507612,9.58814
2.7,2,,1005.56,-4.51606,25506,,-1.01856e-17,-0.000213345,,0.000472539,9.59621
2.7,2.1,,1005.35,-3.95047,24525,,-2.79632e-17,-0.000205416,,0.000438434,9.60427
2.7,2.2,,1005.14,-3.54539,23544,,1.35001e-17,-0.000197464,,0.000405433,9.61231
2.7,2.3,,1004.93,-3.25932,22563,,-7.41068e-18,-0.00018949,,0.000373626,9.62035
2.7,2.4,,1004.72,-3.05818,21582,,-1.2766e-17,-0.000181494,,0.00034307,9.62839
2.7,2.5,,1004.5,-2.91446,20601,,1.99254e-18,-0.000173474,,0.000313798,9.63644
2.7,2.6,,1004.29,-2.80584,19620,,2.22664e-18,-0.000165432,,0.000285831,9.6445
2.7,2.7,,1004.08,-2.7135,18639,,-1.97066e-17,-0.000157367,,0.000259182,9.65257
2.7,2.8,,1003.87,-2.62068,17658,,-3.80621e-18,-0.00014866,,0.000233861,9.66128
2.7,2.9,,1003.66,-2.51289,16677,,2.39498e-18,-0.000134509,,0.000209881,9.67543
2.7,3,,1003.44,-2.37843,15696,,-8.44825e-19,-0.000105346,,0.000187252,9.70459
2.7,3.1,,1003.23,-2.20873,14715,,6.11922e-18,-4.96169e-05,,0.00016599,9.76032
2.7,3.2,,1003.02,-1.99927,13734,,-3.10043e-19,4.25987e-05,,0.000146107,9.85253
2.7,3.3,,1002.8,-1.75072,12753,,-1.74068e-17,0.000176102,,0.000127616,9.98603
2.7,3.4,,1002.59,-1.47009,11772,,-2.05163e-18,0.000347732,,0.000110525,10.1577
2.7,3.5,,1002.37,-1.17085,10791,,-4.83324e-18,0.000544518,,9.48356e-05,10.3544
2.7,3.6,,1002.16,-0.871227,9810,,-6.15027e-18,0.000743013,,8.05429e-05,10.5529
2.7,3.7,,1001.95,-0.589998,8829,,-3.95666e-18,0.000909956,,6.76302e-05,10.7199
2.7,3.8,,1001.73,-0.340051,7848,,3.68348e-20,0.00100425,,5.60695e-05,10.8142
2.7,3.9,,1001.51,-0.120997,6867,,-6.38315e-18,0.000980227,,4.58222e-05,10.7902
2.7,4,,1001.3,0.0867987,5886,,5.25044e-18,0.000792131,,3.68396e-05,10.6021
2.7,4.1,,1001.08,0.323752,4905,,1.87626e-18,0.000399481,,2.90641e-05,10.2095
2.7,4.2,,1000.87,0.645261,3924,,-3.31478e-19,-0.000226854,,2.24295e-05,9.58314
2.7,4.3,,1000.65,1.10707,2943,,-2.73504e-19,-0.0010984,,1.68613e-05,8.7116
2.7,4.4,,1000.43,1.74303,1962,,-1.37362e-19,-0.00220321,,1.22772e-05,7.6068
2.7,4.5,,1000.22,2.54031,981,,-1.36914e-19,-0.00350133,,8.58768e-06,6.3087
2.7,4.6,,1000,3.42171,0,,-1.67249e-19,-0.00492293,,5.69684e-06,4.88711
2.8,-0.3,,1010.33,0,48069,,0,0,,0,0
2.8,-0.2,,1010.12,0,47088,,0,0,,0,0
2.8,-0.1,,1009.92,0,46107,,0,0,,0,0
2.8,-5.78217e-05,,1009.71,-25.8032,45126,,3.16594e-06,-0.0578217,,0.00384963,-48.0119
2.8,0.0999502,,1009.51,-22.1827,44145,,3.21705e-06,-0.0498479,,0.00396318,-40.0372
2.8,0.199958,,1009.3,-20.0098,43164,,3.17286e-06,-0.0416808,,0.00397308,-31.8694
2.8,0.299966,,1009.1,-19.261,42183,,3.10226e-06,-0.0337757,,0.00394719,-23.9638
2.8,0.399974,,1008.89,-19.6264,41202,,3.03135e-06,-0.0264804,,0.00391127,-16.6684
2.8,0.49998,,1008.68,-20.6483,40221,,2.96039e-06,-0.0200341,,0.00386561,-10.2223
2.8,0.599985,,1008.48,-21.8465,39240,,2.88936e-06,-0.0145736,,0.00381058,-4.76224
2.8,0.69999,,1008.27,-22.8115,38259,,2.81828e-06,-0.0101451,,0.00374665,-0.334277
2.8,0.799993,,1008.06,-23.2595,37278,,2.74715e-06,-0.00671847,,0.00367441,3.09168
2.8,0.899996,,1007.86,-23.0498,36297,,2.67595e-06,-0.00420481,,0.00359439,5.60473
2.8,0.999998,,1007.65,-22.1718,35316,,2.6047e-06,-0.00247385,,0.00350717,7.33517
2.8,1.1,,1007.44,-20.7151,34335,,2.53339e-06,-0.00137188,,0.00341337,8.43676
2.8,1.2,,1007.23,-18.8315,33354,,2.46202e-06,-0.000738664,,0.00331379,9.06975
2.8,1.3,,1007.02,-16.6988,32373,,2.3906e-06,-0.000422757,,0.00320948,9.38557
2.8,1.4,,1006.82,-14.4916,31392,,2.31911e-06,-0.000294468,,0.00310166,9.5139
2.8,1.5,,1006.61,-12.3609,30411,,2.24757e-06,-0.00025559,,0.0029914,9.55291
2.8,1.6,,1006.4,-10.4226,29430,,2.17597e-06,-0.000244849,,0.00287964,9.56385
2.8,1.7,,1006.19,-8.75222,28449,,2.10431e-06,-0.000237008,,0.00276713,9.57192
2.8,1.8,,1005.98,-7.38368,27468,,2.03259e-06,-0.000229145,,0.00265447,9.58001
2.8,1.9,,1005.77,-6.31216,26487,,1.96082e-06,-0.00022126,,0.00254211,9.5881
2.8,2,,1005.56,-5.50121,25506,,1.88898e-06,-0.000213353,,0.00243043,9.59618
2.8,2.1,,1005.35,-4.89886,24525,,1.81709e-06,-0.000205424,,0.00231967,9.60423
2.8,2.2,,1005.14,-4.45658,23544,,1.74513e-06,-0.000197472,,0.00221004,9.61227
2.8,2.3,,1004.93,-4.13302,22563,,1.67312e-06,-0.000189498,,0.00210166,9.62031
2.8,2.4,,1004.72,-3.89418,21582,,1.60104e-06,-0.000181502,,0.00199461,9.62836
2.8,2.5,,1004.5,-3.71262,20601,,1.52891e-06,-0.000173482,,0.00188896,9.6364
2.8,2.6,,1004.29,-3.56605,19620,,1.45671e-06,-0.00016544,,0.00178474,9.64446
2.8,2.7,,1004.08,-3.43565,18639,,1.38446e-06,-0.000157376,,0.00168196,9.65254
2.8,2.8,,1003.87,-3.30471,17658,,1.31214e-06,-0.000148668,,0.00158064,9.66125
2.8,2.9,,1003.66,-3.15877,16677,,1.23977e-06,-0.000134517,,0.0014808,9.6754
2.8,3,,1003.44,-2.98616,15696,,1.16733e-06,-0.000105354,,0.00138245,9.70457
2.8,3.1,,1003.23,-2.77843,14715,,1.09483e-06,-4.96251e-05,,0.00128562,9.76029
2.8,3.2,,1003.02,-2.53113,13734,,1.02228e-06,4.25906e-05,,0.00119032,9.8525
2.8,3.3,,1002.8,-2.24506,12753,,9.49655e-07,0.000176094,,0.00109656,9.98601
2.8,3.4,,1002.59,-1.92739,11772,,8.76974e-07,0.000347724,,0.00100435,10.1576
2.8,3.5,,1002.37,-1.59176,10791,,8.04231e-07,0.000544509,,0.000913688,10.3544
2.8,3.6,,1002.16,-1.25655,9810,,7.31426e-07,0.000743005,,0.000824565,10.5529
2.8,3.7,,1001.95,-0.940685,8829,,6.58558e-07,0.000909948,,0.00073695,10.7199
2.8,3.8,,1001.73,-0.657191,7848,,5.85629e-07,0.00100424,,0.000650806,10.8142
2.8,3.9,,1001.51,-0.405797,6867,,5.12637e-07,0.000980219,,0.000566082,10.7902
2.8,4,,1001.3,-0.166979,5886,,4.39583e-07,0.000792123,,0.00048272,10.6021
2.8,4.1,,1001.08,0.0995664,4905,,3.66455e-07,0.000399473,,0.000400642,10.2094
2.8,4.2,,1000.87,0.449122,3924,,2.92425e-07,-0.000226863,,0.000318947,9.58312
2.8,4.3,,1000.65,0.937315,2943,,2.17185e-07,-0.00109841,,0.000237244,8.71159
2.8,4.4,,1000.43,1.59786,1962,,1.44138e-07,-0.00220322,,0.000158847,7.60679
2.8,4.5,,1000.22,2.41782,981,,7.97311e-08,-0.00350134,,9.01072e-05,6.30869
2.8,4.6,,1000,3.31987,0,,3.05664e-08,-0.00492293,,3.75231e-05,4.8871
2.9,-0.3,,1010.33,0,48069,,0,0,,0,0
2.9,-0.2,,1010.12,0,47088,,0,0,,0,0
2.9,-0.1,,1009.92,0,46107,,0,0,,0,0
2.9,-5.78208e-05,,1009.71,-26.6488,45126,,3.35251e-05,-0.0578208,,0.0342671,-48.0109
2.9,0.0999502,,1009.51,-23.1172,44145,,3.50784e-05,-0.0498474,,0.0358816,-40.0366
2.9,0.199958,,1009.3,-21.0254,43164,,3.5621e-05,-0.0416807,,0.036476,-31.8692
2.9,0.299966,,1009.1,-20.3488,42183,,3.54243e-05,-0.0337758,,0.0363207,-23.9639
2.9,0.399974,,1008.89,-20.7769,41202,,3.47921e-05,-0.0264806,,0.0357199,-16.6685
2.9,0.49998,,1008.68,-21.8521,40221,,3.39925e-05,-0.0200343,,0.0349424,-10.2224
2.9,0.599985,,1008.48,-23.0944,39240,,3.3177e-05,-0.0145738,,0.0341405,-4.76239
2.9,0.69999,,1008.27,-24.0945,38259,,3.23608e-05,-0.0101453,,0.0333301,-0.334432
2.9,0.799993,,1008.06,-24.569,37278,,3.15439e-05,-0.00671864,,0.032512,3.09152
2.9,0.899996,,1007.86,-24.3772,36297,,3.07264e-05,-0.00420498,,0.0316866,5.60456
2.9,0.999998,,1007.65,-23.5086,35316,,2.99082e-05,-0.00247402,,0.0308542,7.335
2.9,1.1,,1007.44,-22.053,34335,,2.90894e-05,-0.00137205,,0.0300151,8.43658
2.9,1.2,,1007.23,-20.1625,33354,,2.82699e-05,-0.000738835,,0.0291695,9.06956
2.9,1.3,,1007.02,-18.0154,32373,,2.74498e-05,-0.000422928,,0.0283181,9.38538
2.9,1.4,,1006.82,-15.7872,31392,,2.6629e-05,-0.000294639,,0.0274616,9.5137
2.9,1.5,,1006.61,-13.6303,30411,,2.58075e-05,-0.000255762,,0.0266012,9.55271
2.9,1.6,,1006.4,-11.6616,29430,,2.49853e-05,-0.00024502,,0.0257379,9.56365
2.9,1.7,,1006.19,-9.95752,28449,,2.41625e-05,-0.00023718,,0.0248728,9.57172
2.9,1.8,,1005.98,-8.55277,27468,,2.33389e-05,-0.000229317,,0.0240064,9.57981
2.9,1.9,,1005.77,-7.44318,26487,,2.25147e-05,-0.000221432,,0.0231393,9.5879
2.9,2,,1005.56,-6.5928,25506,,2.16899e-05,-0.000213526,,0.0222721,9.59597
2.9,2.1,,1005.35,-5.95006,24525,,2.08643e-05,-0.000205596,,0.0214051,9.60403
2.9,2.2,,1005.14,-5.46674,23544,,2.00381e-05,-0.000197645,,0.0205386,9.61207
2.9,2.3,,1004.93,-5.10169,22563,,1.92112e-05,-0.000189671,,0.0196727,9.62011
2.9,2.4,,1004.72,-4.82107,21582,,1.83836e-05,-0.000181675,,0.0188075,9.62816
2.9,2.5,,1004.5,-4.59752,20601,,1.75553e-05,-0.000173655,,0.0179432,9.63621
2.9,2.6,,1004.29,-4.40879,19620,,1.67263e-05,-0.000165614,,0.0170798,9.64427
2.9,2.7,,1004.08,-4.23612,18639,,1.58966e-05,-0.000157549,,0.0162173,9.65234
2.9,2.8,,1003.87,-4.06284,17658,,1.50663e-05,-0.000148842,,0.0153557,9.66106
2.9,2.9,,1003.66,-3.87453,16677,,1.42352e-05,-0.000134691,,0.0144951,9.67521
2.9,3,,1003.44,-3.65962,15696,,1.34034e-05,-0.000105527,,0.0136355,9.70437
2.9,3.1,,1003.23,-3.40975,14715,,1.2571e-05,-4.97989e-05,,0.0127769,9.7601
2.9,3.2,,1003.02,-3.12062,13734,,1.17378e-05,4.24166e-05,,0.0119193,9.85231
2.9,3.3,,1002.8,-2.79321,12753,,1.09039e-05,0.00017592,,0.0110628,9.98582
2.9,3.4,,1002.59,-2.43485,11772,,1.00693e-05,0.00034755,,0.0102073,10.1574
2.9,3.5,,1002.37,-2.05937,10791,,9.23405e-06,0.000544335,,0.00935278,10.3542
2.9,3.6,,1002.16,-1.68531,9810,,8.39806e-06,0.000742831,,0.00849931,10.5527
2.9,3.7,,1001.95,-1.33172,8829,,7.56135e-06,0.000909773,,0.0076468,10.7197
2.9,3.8,,1001.73,-1.01172,7848,,6.72392e-06,0.00100406,,0.0067952,10.814
2.9,3.9,,1001.51,-0.725129,6867,,5.88477e-06,0.000980044,,0.00594343,10.79
2.9,4,,1001.3,-0.4525,5886,,5.03632e-06,0.000791944,,0.00508388,10.6019
2.9,4.1,,1001.08,-0.153619,4905,,4.17453e-06,0.000399287,,0.00421241,10.2093
2.9,4.2,,1000.87,0.226694,3924,,3.30881e-06,-0.000227055,,0.00333836,9.58293
2.9,4.3,,1000.65,0.743941,2943,,2.46489e-06,-0.0010986,,0.00248739,8.7114
2.9,4.4,,1000.43,1.43169,1962,,1.68297e-06,-0.00220339,,0.00169959,7.60661
2.9,4.5,,1000.22,2.27686,981,,1.0082e-06,-0.00350147,,0.00102003,6.30855
2.9,4.6,,1000,3.20201,0,,4.78229e-07,-0.00492302,,0.000486253,4.88701
3,-0.3,,1010.33,0,48069,,0,0,,0,0
3,-0.2,,1010.12,0,47088,,0,0,,0,0
3,-0.1,,1009.92,0,46107,,0,0,,0,0
3,-5.78146e-05,,1009.71,-27.5351,45126,,0.000142669,-0.0578146,,0.143424,-48.0047
3,0.0999502,,1009.51,-24.0899,44145,,0.00015059,-0.0498435,,0.1514,-40.0326
3,0.199958,,1009.3,-22.075,43164,,0.000154868,-0.0416787,,0.155721,-31.8672
3,0.299966,,1009.1,-21.4648,42183,,0.000156015,-0.0337753,,0.156902,-23.9633
3,0.399974,,1008.89,-21.9495,41202,,0.000154804,-0.026481,,0.155714,-16.6689
3,0.49998,,1008.68,-23.0723,40221,,0.000152105,-0.0200351,,0.153029,-10.2232
3,0.599985,,1008.48,-24.3541,39240,,0.000148681,-0.0145748,,0.149614,-4.76335
3,0.69999,,1008.27,-25.3868,38259,,0.000145034,-0.0101462,,0.145969,-0.33541
3,0.799993,,1008.06,-25.8874,37278,,0.000141373,-0.00671963,,0.142306,3.09054
3,0.899996,,1007.86,-25.7151,36297,,0.000137709,-0.00420597,,0.138635,5.60357
3,0.999998,,1007.65,-24.8596,35316,,0.000134042,-0.00247501,,0.134957,7.334
3,1.1,,1007.44,-23.41,34335,,0.000130372,-0.00137305,,0.131272,8.43558
3,1.2,,1007.23,-21.518,33354,,0.0001267,-0.00073983,,0.127578,9.06855
3,1.3,,1007.02,-19.3618,32373,,0.000123024,-0.000423923,,0.123877,9.38437
3,1.4,,1006.82,-17.1173,31392,,0.000119345,-0.000295635,,0.120167,9.51268
3,1.5,,1006.61,-14.9376,30411,,0.000115663,-0.000256759,,0.11645,9.55169
3,1.6,,1006.4,-12.9409,29430,,0.000111978,-0.000246019,,0.112728,9.56262
3,1.7,,1006.19,-11.2046,28449,,0.00010829,-0.000238179,,0.109,9.57069
3,1.8,,1005.98,-9.76422,27468,,0.0001046,-0.000230317,,0.105268,9.57878
3,1.9,,1005.77,-8.6165,26487,,0.000100906,-0.000222433,,0.101532,9.58687
3,2,,1005.56,-7.72611,25506,,9.72087e-05,-0.000214527,,0.0977933,9.59494
3,2.1,,1005.35,-7.04201,24525,,9.35087e-05,-0.000206599,,0.0940522,9.603
3,2.2,,1005.14,-6.51637,23544,,8.98056e-05,-0.000198648,,0.090309,9.61104
3,2.3,,1004.93,-6.10836,22563,,8.60995e-05,-0.000190675,,0.0865638,9.61908
3,2.4,,1004.72,-5.78435,21582,,8.23903e-05,-0.000182679,,0.082817,9.62712
3,2.5,,1004.5,-5.5171,20601,,7.8678e-05,-0.000174661,,0.0790685,9.63517
3,2.6,,1004.29,-5.28446,19620,,7.49626e-05,-0.00016662,,0.0753185,9.64324
3,2.7,,1004.08,-5.06774,18639,,7.12441e-05,-0.000158556,,0.071567,9.65131
3,2.8,,1003.87,-4.85033,17658,,6.75225e-05,-0.00014985,,0.0678141,9.66003
3,2.9,,1003.66,-4.6179,16677,,6.37977e-05,-0.0001357,,0.0640597,9.67418
3,3,,1003.44,-4.359,15696,,6.00699e-05,-0.000106537,,0.0603038,9.70334
3,3.1,,1003.23,-4.06541,14715,,5.63389e-05,-5.08095e-05,,0.0565466,9.75907
3,3.2,,1003.02,-3.73302,13734,,5.26047e-05,4.14051e-05,,0.052788,9.85128
3,3.3,,1002.8,-3.363,12753,,4.88674e-05,0.000174907,,0.049028,9.98479
3,3.4,,1002.59,-2.96291,11772,,4.51269e-05,0.000346537,,0.0452666,10.1564
3,3.5,,1002.37,-2.54672,10791,,4.13833e-05,0.000543321,,0.0415038,10.3532
3,3.6,,1002.16,-2.1331,9810,,3.76365e-05,0.000741816,,0.0377395,10.5517
3,3.7,,1001.95,-1.74116,8829,,3.38855e-05,0.000908757,,0.0339727,10.7187
3,3.8,,1001.73,-1.38407,7848,,3.01144e-05,0.00100304,,0.0301874,10.813
3,3.9,,1001.51,-1.06169,6867,,2.63006e-05,0.00097899,,0.026361,10.7889
3,4,,1001.3,-0.754582,5886,,2.24355e-05,0.000790851,,0.0224846,10.6008
3,4.1,,1001.08,-0.422606,4905,,1.85476e-05,0.000398164,,0.018587,10.2081
3,4.2,,1000.87,-0.0106801,3924,,1.47141e-05,-0.000228175,,0.014745,9.5818
3,4.3,,1000.65,0.536555,2943,,1.10545e-05,-0.00109966,,0.0110782,8.71033
3,4.4,,1000.43,1.25251,1962,,7.71396e-06,-0.00220433,,0.00773165,7.60568
3,4.5,,1000.22,2.12391,981,,4.8356e-06,-0.00350221,,0.00484833,6.3078
3,4.6,,1000,3.0732,0,,2.5306e-06,-0.00492353,,0.00253934,4.8865
3.1,-0.3,,1010.33,0,48069,,0,0,,0,0
3.1,-0.2,,1010.12,0,47088,,0,0,,0,0
3.1,-0.1,,1009.92,0,46107,,0,0,,0,0
3.1,-5.77939e-05,,1009.71,-28.3962,45126,,0.000406081,-0.0577939,,0.406793,-47.9839
3.1,0.0999502,,1009.51,-25.029,44145,,0.000430028,-0.0498286,,0.430782,-40.0177
3.1,0.199958,,1009.3,-23.0801,43164,,0.000445042,-0.0416695,,0.445826,-31.8579
3.1,0.299966,,1009.1,-22.5239,42183,,0.000451837,-0.033771,,0.45264,-23.9589
3.1,0.399974,,1008.89,-23.0521,41202,,0.000451787,-0.0264803,,0.4526,-16.6681
3.1,0.49998,,1008.68,-24.2101,40221,,0.00044666,-0.0200368,,0.447476,-10.2249
3.1,0.599985,,1008.48,-25.5213,39240,,0.000438277,-0.0145777,,0.439092,-4.76622
3.1,0.69999,,1008.27,-26.5793,38259,,0.000428187,-0.0101496,,0.428999,-0.338717
3.1,0.799993,,1008.06,-27.1021,37278,,0.000417471,-0.00672302,,0.418279,3.08716
3.1,0.899996,,1007.86,-26.9492,36297,,0.000406651,-0.00420936,,0.407454,5.60019
3.1,0.999998,,1007.65,-26.1095,35316,,0.000395823,-0.0024784,,0.396619,7.33061
3.1,1.1,,1007.44,-24.6714,34335,,0.000384986,-0.00137644,,0.385773,8.43218
3.1,1.2,,1007.23,-22.7853,33354,,0.00037414,-0.000743226,,0.374915,9.06515
3.1,1.3,,1007.02,-20.6286,32373,,0.000363285,-0.000427322,,0.364044,9.38095
3.1,1.4,,1006.82,-18.3762,31392,,0.000352421,-0.000299037,,0.35316,9.50927
3.1,1.5,,1006.61,-16.1815,30411,,0.000341549,-0.000260163,,0.342261,9.54826
3.1,1.6,,1006.4,-14.1632,29430,,0.000330667,-0.000249426,,0.33135,9.55919
3.1,1.7,,1006.19,-12.4,28449,,0.000319777,-0.000241589,,0.320426,9.56725
3.1,1.8,,1005.98,-10.9285,27468,,0.000308878,-0.00023373,,0.309492,9.57534
3.1,1.9,,1005.77,-9.74627,26487,,0.00029797,-0.000225849,,0.298547,9.58342
3.1,2,,1005.56,-8.81878,25506,,0.000287052,-0.000217945,,0.287593,9.59149
3.1,2.1,,1005.35,-8.09572,24525,,0.000276126,-0.00021002,,0.276629,9.59955
3.1,2.2,,1005.14,-7.52978,23544,,0.000265191,-0.000202072,,0.265657,9.60759
3.1,2.3,,1004.93,-7.08055,22563,,0.000254247,-0.000194102,,0.254677,9.61563
3.1,2.4,,1004.72,-6.71468,21582,,0.000243293,-0.000186109,,0.243689,9.62367
3.1,2.5,,1004.5,-6.40515,20601,,0.000232331,-0.000178094,,0.232693,9.63172
3.1,2.6,,1004.29,-6.12996,19620,,0.000221359,-0.000170055,,0.22169,9.63978
3.1,2.7,,1004.08,-5.87051,18639,,0.000210378,-0.000161994,,0.210678,9.64785
3.1,2.8,,1003.87,-5.6103,17658,,0.000199388,-0.000153291,,0.199659,9.65656
3.1,2.9,,1003.66,-5.33514,16677,,0.000188389,-0.000139144,,0.188633,9.67071
3.1,3,,1003.44,-5.03372,15696,,0.000177381,-0.000109984,,0.177598,9.69988
3.1,3.1,,1003.23,-4.69802,14715,,0.000166363,-5.42594e-05,,0.166556,9.7556
3.1,3.2,,1003.02,-4.32415,13734,,0.000155336,3.79523e-05,,0.155507,9.84781
3.1,3.3,,1002.8,-3.91354,12753,,0.0001443,0.000171451,,0.14445,9.98132
3.1,3.4,,1002.59,-3.4739,11772,,0.000133254,0.000343078,,0.133385,10.1529
3.1,3.5,,1002.37,-3.01932,10791,,0.000122199,0.000539859,,0.122312,10.3497
3.1,3.6,,1002.16,-2.56851,9810,,0.000111125,0.000738344,,0.111222,10.5482
3.1,3.7,,1001.95,-2.1406,8829,,9.99889e-05,0.000905244,,0.100071,10.7151
3.1,3.8,,1001.73,-1.7487,7848,,8.87369e-05,0.000999438,,0.0888062,10.8093
3.1,3.9,,1001.51,-1.39262,6867,,7.73455e-05,0.000975273,,0.0774031,10.7852
3.1,4,,1001.3,-1.05293,5886,,6.58626e-05,0.000787027,,0.0659098,10.597
3.1,4.1,,1001.08,-0.689501,4905,,5.44346e-05,0.000394302,,0.0544727,10.2043
3.1,4.2,,1000.87,-0.247395,3924,,4.33079e-05,-0.000231944,,0.0433381,9.57803
3.1,4.3,,1000.65,0.328561,2943,,3.28038e-05,-0.00110316,,0.0328272,8.70682
3.1,4.4,,1000.43,1.07157,1962,,2.32743e-05,-0.00220738,,0.023292,7.60262
3.1,4.5,,1000.22,1.96819,981,,1.50463e-05,-0.00350466,,0.0150592,6.30535
3.1,4.6,,1000,2.94076,0,,8.36494e-06,-0.00492528,,0.0083739,4.88475
3.2,-0.3,,1010.33,0,48069,,0,0,,0,0
3.2,-0.2,,1010.12,0,47088,,0,0,,0,0
3.2,-0.1,,1009.92,0,46107,,0,0,,0,0
3.2,-5.77424e-05,,1009.71,-29.1514,45126,,0.000916348,-0.0577424,,0.916951,-47.9324
3.2,0.0999502,,1009.51,-25.8487,44145,,0.000971539,-0.0497897,,0.972167,-39.9788
3.2,0.199958,,1009.3,-23.9494,43164,,0.0010089,-0.041643,,1.00954,-31.8314
3.2,0.299966,,1009.1,-23.4286,42183,,0.00102925,-0.0337557,,1.02989,-23.9436
3.2,0.399974,,1008.89,-23.9807,41202,,0.00103464,-0.0264742,,1.03527,-16.6621
3.2,0.49998,,1008.68,-25.1552,40221,,0.00102803,-0.0200376,,1.02864,-10.2256
3.2,0.599985,,1008.48,-26.4796,39240,,0.00101272,-0.0145829,,1.01332,-4.7714
3.2,0.69999,,1008.27,-27.5506,38259,,0.000991874,-0.0101571,,0.992466,-0.346243
3.2,0.799993,,1008.06,-28.0881,37278,,0.000968121,-0.00673146,,0.968707,3.07873
3.2,0.899996,,1007.86,-27.9518,36297,,0.000943243,-0.00421798,,0.943825,5.59157
3.2,0.999998,,1007.65,-27.1301,35316,,0.000918127,-0.00248703,,0.918709,7.32199
3.2,1.1,,1007.44,-25.7094,34335,,0.000892989,-0.00138507,,0.893572,8.42355
3.2,1.2,,1007.23,-23.8385,33354,,0.000867831,-0.000751868,,0.868414,9.05651
3.2,1.3,,1007.02,-21.6923,32373,,0.000842653,-0.000435972,,0.843233,9.3723
3.2,1.4,,1006.82,-19.4443,31392,,0.000817453,-0.000307694,,0.818027,9.5006
3.2,1.5,,1006.61,-17.2465,30411,,0.000792234,-0.000268827,,0.792796,9.53959
3.2,1.6,,1006.4,-15.2179,29430,,0.000766994,-0.000258097,,0.767539,9.5505
3.2,1.7,,1006.19,-13.4377,28449,,0.000741733,-0.000250267,,0.742257,9.55855
3.2,1.8,,1005.98,-11.9439,27468,,0.000716451,-0.000242415,,0.716951,9.56663
3.2,1.9,,1005.77,-10.7349,26487,,0.000691149,-0.000234541,,0.691621,9.57471
3.2,2,,1005.56,-9.77721,25506,,0.000665826,-0.000226645,,0.66627,9.58277
3.2,2.1,,1005.35,-9.02145,24525,,0.000640481,-0.000218726,,0.640896,9.59081
3.2,2.2,,1005.14,-8.42097,23544,,0.000615116,-0.000210786,,0.615502,9.59885
3.2,2.3,,1004.93,-7.93593,22563,,0.00058973,-0.000202823,,0.590086,9.60688
3.2,2.4,,1004.72,-7.53336,21582,,0.000564323,-0.000194837,,0.564651,9.61492
3.2,2.5,,1004.5,-7.18653,20601,,0.000538895,-0.000186829,,0.539195,9.62296
3.2,2.6,,1004.29,-6.87367,19620,,0.000513445,-0.000178798,,0.513719,9.63101
3.2,2.7,,1004.08,-6.57634,18639,,0.000487974,-0.000170744,,0.488223,9.63908
3.2,2.8,,1003.87,-6.27822,17658,,0.000462482,-0.000162048,,0.462707,9.64778
3.2,2.9,,1003.66,-5.96527,16677,,0.000436969,-0.000147909,,0.437171,9.66193
3.2,3,,1003.44,-5.6264,15696,,0.000411434,-0.000118756,,0.411614,9.69109
3.2,3.1,,1003.23,-5.25383,14715,,0.000385878,-6.3039e-05,,0.386038,9.74681
3.2,3.2,,1003.02,-4.84395,13734,,0.0003603,2.91653e-05,,0.360442,9.83901
3.2,3.3,,1002.8,-4.39837,12753,,0.0003347,0.000162657,,0.334825,9.97251
3.2,3.4,,1002.59,-3.92493,11772,,0.000309079,0.000334276,,0.309188,10.1441
3.2,3.5,,1002.37,-3.43777,10791,,0.00028341,0.00053103,,0.283505,10.3409
3.2,3.6,,1002.16,-2.95554,9810,,0.000257615,0.000729419,,0.257697,10.5393
3.2,3.7,,1001.95,-2.49726,8829,,0.000231587,0.000896128,,0.231657,10.706
3.2,3.8,,1001.73,-2.0759,7848,,0.000205258,0.000990052,,0.205317,10.8
3.2,3.9,,1001.51,-1.69112,6867,,0.000178674,0.000965613,,0.178724,10.7755
3.2,4,,1001.3,-1.32343,5886,,0.000152044,0.000777192,,0.152085,10.5871
3.2,4.1,,1001.08,-0.932801,4905,,0.00012576,0.000384512,,0.125794,10.1945
3.2,4.2,,1000.87,-0.46447,3924,,0.000100382,-0.000241368,,0.100409,9.5686
3.2,4.3,,1000.65,0.13645,2943,,7.65769e-05,-0.00111184,,0.0765981,8.69814
3.2,4.4,,1000.43,0.902884,1962,,5.50393e-05,-0.00221492,,0.0550556,7.59507
3.2,4.5,,1000.22,1.82123,981,,3.63913e-05,-0.00351075,,0.0364034,6.29926
3.2,4.6,,1000,2.81383,0,,2.10903e-05,-0.00492971,,0.0210988,4.88032
3.3,-0.3,,1010.33,0,48069,,0,0,,0,0
3.3,-0.2,,1010.12,0,47088,,0,0,,0,0
3.3,-0.1,,1009.92,0,46107,,0,0,,0,0
3.3,-5.7637e-05,,1009.71,-29.7138,45126,,0.0017746,-0.057637,,1.77503,-47.8269
3.3,0.0999503,,1009.51,-26.4592,44145,,0.00188203,-0.049707,,1.88246,-39.8961
3.3,0.199958,,1009.3,-24.5894,43164,,0.0019582,-0.0415835,,1.95862,-31.7718
3.3,0.299966,,1009.1,-24.0806,42183,,0.00200387,-0.0337178,,2.00426,-23.9057
3.3,0.399974,,1008.89,-24.6317,41202,,0.00202187,-0.0264551,,2.02223,-16.6429
3.3,0.49998,,1008.68,-25.7985,40221,,0.00201658,-0.0200332,,2.01691,-10.2213
3.3,0.599985,,1008.48,-27.1146,39240,,0.00199326,-0.0145892,,1.99356,-4.77773
3.3,0.69999,,1008.27,-28.1816,38259,,0.00195727,-0.0101701,,1.95755,-0.359283
3.3,0.799993,,1008.06,-28.7224,37278,,0.00191345,-0.00674801,,1.91372,3.06217
3.3,0.899996,,1007.86,-28.5977,36297,,0.0018656,-0.0042359,,1.86586,5.57366
3.3,0.999997,,1007.65,-27.7947,35316,,0.0018162,-0.00250524,,1.81648,7.30379
3.3,1.1,,1007.44,-26.3977,34335,,0.00176648,-0.0014033,,1.76677,8.40534
3.3,1.2,,1007.23,-24.5522,33354,,0.00171671,-0.000770111,,1.71701,9.03828
3.3,1.3,,1007.02,-22.4301,32373,,0.0016669,-0.000454229,,1.66722,9.35406
3.3,1.4,,1006.82,-20.2018,31392,,0.00161705,-0.000325966,,1.61738,9.48234
3.3,1.5,,1006.61,-18.0172,30411,,0.00156717,-0.000287114,,1.5675,9.5213
3.3,1.6,,1006.4,-15.9939,29430,,0.00151724,-0.000276398,,1.51757,9.5322
3.3,1.7,,1006.19,-14.2113,28449,,0.00146726,-0.000268583,,1.4676,9.54023
3.3,1.8,,1005.98,-12.7082,27468,,0.00141725,-0.000260747,,1.41758,9.54829
3.3,1.9,,1005.77,-11.4845,26487,,0.0013672,-0.000252888,,1.36751,9.55635
3.3,2,,1005.56,-10.5077,25506,,0.00131711,-0.000245007,,1.3174,9.56439
3.3,2.1,,1005.35,-9.72939,24525,,0.00126697,-0.000237104,,1.26725,9.57242
3.3,2.2,,1005.14,-9.10394,23544,,0.00121679,-0.000229178,,1.21705,9.58044
3.3,2.3,,1004.93,-8.59217,22563,,0.00116657,-0.000221231,,1.16682,9.58846
3.3,2.4,,1004.72,-8.16167,21582,,0.00111631,-0.00021326,,1.11654,9.59647
3.3,2.5,,1004.5,-7.78611,20601,,0.00106601,-0.000205267,,1.06622,9.6045
3.3,2.6,,1004.29,-7.44402,19620,,0.00101567,-0.000197252,,1.01585,9.61254
3.3,2.7,,1004.08,-7.11723,18639,,0.000965282,-0.000189214,,0.965451,9.62059
3.3,2.8,,1003.87,-6.78961,17658,,0.000914854,-0.000180533,,0.915007,9.62929
3.3,2.9,,1003.66,-6.44739,16677,,0.000864383,-0.000166409,,0.864521,9.64342
3.3,3,,1003.44,-6.07974,15696,,0.00081387,-0.000137272,,0.813994,9.67256
3.3,3.1,,1003.23,-5.67919,14715,,0.000763315,-8.15703e-05,,0.763425,9.72826
3.3,3.2,,1003.02,-5.24235,13734,,0.000712717,1.06183e-05,,0.712814,9.82045
3.3,3.3,,1002.8,-4.771,12753,,0.000662075,0.000144094,,0.662162,9.95393
3.3,3.4,,1002.59,-4.273,11772,,0.000611354,0.000315662,,0.61143,10.1255
3.3,3.5,,1002.37,-3.76244,10791,,0.000560428,0.000512252,,0.560495,10.3221
3.3,3.6,,1002.16,-3.25778,9810,,0.000509118,0.000710307,,0.509176,10.5202
3.3,3.7,,1001.95,-2.77778,8829,,0.000457275,0.000876522,,0.457325,10.6864
3.3,3.8,,1001.73,-2.33513,7848,,0.000404889,0.000969886,,0.404933,10.7798
3.3,3.9,,1001.51,-1.92927,6867,,0.000352186,0.000944977,,0.352223,10.7549
3.3,4,,1001.3,-1.54069,5886,,0.000299676,0.000756377,,0.299707,10.5663
3.3,4.1,,1001.08,-1.12949,4905,,0.000248166,0.000364003,,0.248192,10.1739
3.3,4.2,,1000.87,-0.641277,3924,,0.00019871,-0.000260931,,0.198731,9.54903
3.3,4.3,,1000.65,-0.0216063,2943,,0.000152501,-0.00112974,,0.152518,8.68024
3.3,4.4,,1000.43,0.762069,1962,,0.00011074,-0.00223047,,0.110754,7.57952
3.3,4.5,,1000.22,1.696,981,,7.44833e-05,-0.00352338,,0.0744936,6.28663
3.3,4.6,,1000,2.70268,0,,4.44952e-05,-0.00493907,,0.0445028,4.87096
3.4,-0.3,,1010.33,0,48069,,0,0,,0,0
3.4,-0.2,,1010.12,0,47088,,0,0,,0,0
3.4,-0.1,,1009.92,0,46107,,0,0,,0,0
3.4,-5.74472e-05,,1009.71,-30.0032,45126,,0.0030809,-0.0574472,,3.0811,-47.6371
3.4,0.0999504,,1009.51,-26.7809,44145,,0.003267,-0.0495546,,3.26718,-39.7437
3.4,0.199959,,1009.3,-24.9197,43164,,0.00340303,-0.0414697,,3.40316,-31.6581
3.4,0.299966,,1009.1,-24.3978,42183,,0.00348948,-0.0336409,,3.48956,-23.8289
3.4,0.399974,,1008.89,-24.9201,41202,,0.00353003,-0.0264112,,3.53005,-16.5991
3.4,0.49998,,1008.68,-26.0511,40221,,0.00353081,-0.0200166,,3.53078,-10.2048
3.4,0.599985,,1008.48,-27.3333,39240,,0.00349948,-0.0145934,,3.4994,-4.78198
3.4,0.69999,,1008.27,-28.3755,38259,,0.0034442,-0.0101887,,3.44409,-0.377928
3.4,0.799993,,1008.06,-28.9051,37278,,0.00337273,-0.00677541,,3.3726,3.03477
3.4,0.899996,,1007.86,-28.7844,36297,,0.00329164,-0.00426772,,3.29151,5.54185
3.4,0.999997,,1007.65,-27.9995,35316,,0.00320583,-0.00253869,,3.20571,7.27036
3.4,1.1,,1007.44,-26.632,34335,,0.00311831,-0.00143707,,3.11823,8.3716
3.4,1.2,,1007.23,-24.823,33354,,0.00303046,-0.000803905,,3.03041,9.00452
3.4,1.3,,1007.02,-22.7401,32373,,0.00294254,-0.000488051,,2.94252,9.32026
3.4,1.4,,1006.82,-20.5494,31392,,0.00285454,-0.000359815,,2.85456,9.44851
3.4,1.5,,1006.61,-18.3971,30411,,0.00276647,-0.000320991,,2.76652,9.48745
3.4,1.6,,1006.4,-16.3985,29430,,0.00267833,-0.000310303,,2.6784,9.49831
3.4,1.7,,1006.19,-14.6319,28449,,0.00259011,-0.000302516,,2.5902,9.5063
3.4,1.8,,1005.98,-13.1366,27468,,0.00250183,-0.000294707,,2.50193,9.51433
3.4,1.9,,1005.77,-11.9137,26487,,0.00241347,-0.000286876,,2.41358,9.52236
3.4,2,,1005.56,-10.9323,25506,,0.00232504,-0.000279023,,2.32514,9.53037
3.4,2.1,,1005.35,-10.145,24525,,0.00223654,-0.000271148,,2.23664,9.53837
3.4,2.2,,1005.14,-9.50734,23544,,0.00214796,-0.000263251,,2.14806,9.54636
3.4,2.3,,1004.93,-8.98106,22563,,0.00205931,-0.000255332,,2.0594,9.55435
3.4,2.4,,1004.72,-8.53443,21582,,0.00197058,-0.00024739,,1.97067,9.56234
3.4,2.5,,1004.5,-8.14169,20601,,0.00188179,-0.000239425,,1.88187,9.57033
3.4,2.6,,1004.29,-7.78177,19620,,0.00179291,-0.000231438,,1.79299,9.57835
3.4,2.7,,1004.08,-7.43685,18639,,0.00170397,-0.000223429,,1.70403,9.58637
3.4,2.8,,1003.87,-7.09112,17658,,0.00161495,-0.000214777,,1.61501,9.59503
3.4,2.9,,1003.66,-6.73113,16677,,0.00152585,-0.000200681,,1.52591,9.60914
3.4,3,,1003.44,-6.34637,15696,,0.00143668,-0.000171573,,1.43673,9.63825
3.4,3.1,,1003.23,-5.92969,14715,,0.00134744,-0.000115901,,1.34748,9.69393
3.4,3.2,,1003.02,-5.4779,13734,,0.00125812,-2.37411e-05,,1.25815,9.78609
3.4,3.3,,1002.8,-4.99283,12753,,0.00116868,0.000109665,,1.16872,9.9195
3.4,3.4,,1002.59,-4.4823,11772,,0.00107897,0.000281006,,1.07901,10.0908
3.4,3.5,,1002.37,-3.96014,10791,,0.000988727,0.000477109,,0.988756,10.287
3.4,3.6,,1002.16,-3.44446,9810,,0.000897672,0.000674397,,0.897699,10.4843
3.4,3.7,,1001.95,-2.95359,8829,,0.000805679,0.000839656,,0.805702,10.6495
3.4,3.8,,1001.73,-2.4998,7848,,0.000712896,0.000932074,,0.712917,10.742
3.4,3.9,,1001.51,-2.08229,6867,,0.000619869,0.000906511,,0.619888,10.7164
3.4,4,,1001.3,-1.68157,5886,,0.000527588,0.000717861,,0.527605,10.5278
3.4,4.1,,1001.08,-1.25811,4905,,0.000437474,0.000326334,,0.437489,10.1363
3.4,4.2,,1000.87,-0.758119,3924,,0.000351285,-0.000296644,,0.351298,9.51331
3.4,4.3,,1000.65,-0.127871,2943,,0.000270953,-0.0011623,,0.270964,8.64767
3.4,4.4,,1000.43,0.664633,1962,,0.000198381,-0.00225875,,0.19839,7.55124
3.4,4.5,,1000.22,1.60551,981,,0.000135217,-0.00354646,,0.135225,6.26354
3.4,4.6,,1000,2.6177,0,,8.26479e-05,-0.0049564,,0.082654,4.85362
3.5,-0.3,,1010.33,0,48069,,0,0,,0,0
3.5,-0.2,,1010.12,0,47088,,0,0,,0,0
3.5,-0.1,,1009.92,0,46107,,0,0,,0,0
3.5,-5.71359e-05,,1009.71,-29.9628,45126,,0.00492407,-0.0571359,,4.92399,-47.3258
3.50001,0.0999507,,1009.51,-26.7624,44145,,0.00521989,-0.0493006,,5.21976,-39.4898
3.50001,0.199959,,1009.3,-24.8933,43164,,0.00544064,-0.0412754,,5.44045,-31.4639
3.50001,0.299966,,1009.1,-24.3352,42183,,0.00558641,-0.0335046,,5.58613,-23.6926
3.50001,0.399974,,1008.89,-24.8013,41202,,0.00566181,-0.0263275,,5.66144,-16.5154
3.50001,0.49998,,1008.68,-25.8677,40221,,0.00567505,-0.0199778,,5.67461,-10.166
3.50001,0.599985,,1008.48,-27.0884,39240,,0.00563671,-0.0145902,,5.6362,-4.7788
3.50001,0.69999,,1008.27,-28.0825,38259,,0.00555839,-0.0102116,,5.55783,-0.400845
3.50001,0.799993,,1008.06,-28.5838,37278,,0.00545146,-0.00681561,,5.45088,2.99456
3.50001,0.899996,,1007.86,-28.4575,36297,,0.00532606,-0.00431795,,5.32548,5.49162
3.50001,0.999997,,1007.65,-27.6887,35316,,0.00519025,-0.00259367,,5.1897,7.2154
3.50001,1.1,,1007.44,-26.3555,34335,,0.00504968,-0.00149363,,5.04917,8.31507
3.5,1.2,,1007.23,-24.594,33354,,0.00490758,-0.000860729,,4.90712,8.94773
3.5,1.3,,1007.02,-22.5658,32373,,0.00476519,-0.000544921,,4.76479,9.26344
3.5,1.4,,1006.82,-20.4314,31392,,0.00462268,-0.000416732,,4.62234,9.39164
3.5,1.5,,1006.61,-18.3322,30411,,0.00448006,-0.000377954,,4.47978,9.43052
3.5,1.6,,1006.4,-16.3796,29430,,0.00433732,-0.000367313,,4.33709,9.44133
3.5,1.7,,1006.19,-14.6498,28449,,0.00419446,-0.000359573,,4.19427,9.44927
3.5,1.8,,1005.98,-13.1818,27468,,0.00405149,-0.00035181,,4.05133,9.45724
3.5,1.9,,1005.77,-11.9778,26487,,0.0039084,-0.000344027,,3.90827,9.46522
3.5,2,,1005.56,-11.0083,25506,,0.00376519,-0.000336221,,3.76508,9.47318
3.5,2.1,,1005.35,-10.2275,24525,,0.00362187,-0.000328393,,3.62177,9.48113
3.5,2.2,,1005.14,-9.59234,23544,,0.00347842,-0.000320543,,3.47833,9.48907
3.5,2.3,,1004.93,-9.06553,22563,,0.00333486,-0.000312671,,3.33478,9.49701
3.5,2.4,,1004.72,-8.6163,21582,,0.00319117,-0.000304777,,3.1911,9.50495
3.5,2.5,,1004.5,-8.21958,20601,,0.00304737,-0.00029686,,3.04731,9.5129
3.5,2.6,,1004.29,-7.85485,19620,,0.00290345,-0.000288921,,2.90339,9.52086
3.5,2.7,,1004.08,-7.50476,18639,,0.00275941,-0.00028096,,2.75935,9.52884
3.5,2.8,,1003.87,-7.15391,17658,,0.00261524,-0.000272356,,2.6152,9.53745
3.5,2.9,,1003.66,-6.78925,16677,,0.00247096,-0.000258309,,2.47092,9.55151
3.5,3,,1003.44,-6.40068,15696,,0.00232655,-0.000229249,,2.32652,9.58057
3.5,3.1,,1003.23,-5.98131,14715,,0.00218203,-0.000173625,,2.182,9.6362
3.5,3.2,,1003.02,-5.52811,13734,,0.00203735,-8.15472e-05,,2.03733,9.72828
3.5,3.3,,1002.8,-5.04284,12753,,0.00189236,5.15977e-05,,1.89234,9.86143
3.5,3.4,,1002.59,-4.53308,11772,,0.00174672,0.000222334,,1.7467,10.0322
3.5,3.5,,1002.37,-4.01222,10791,,0.0016,0.000417404,,1.59999,10.2273
3.5,3.6,,1002.16,-3.49782,9810,,0.0014519,0.000613287,,1.45189,10.4232
3.5,3.7,,1001.95,-3.00754,8829,,0.00130239,0.000776974,,1.30238,10.5869
3.5,3.8,,1001.73,-2.55317,7848,,0.00115189,0.000868,,1.15189,10.6779
3.5,3.9,,1001.51,-2.13369,6867,,0.00100145,0.000841656,,1.00145,10.6516
3.5,4,,1001.3,-1.72978,5886,,0.000852725,0.000653294,,0.852725,10.4632
3.5,4.1,,1001.08,-1.30262,4905,,0.000707975,0.000263526,,0.707977,10.0735
3.5,4.2,,1000.87,-0.799476,3924,,0.000569902,-0.000355942,,0.569905,9.45402
3.5,4.3,,1000.65,-0.167729,2943,,0.000441411,-0.00121624,,0.441415,8.59373
3.5,4.4,,1000.43,0.623806,1962,,0.000325328,-0.00230562,,0.325333,7.50437
3.5,4.5,,1000.22,1.56114,981,,0.000224078,-0.00358489,,0.224082,6.22512
3.5,4.6,,1000,2.56801,0,,0.000139398,-0.00498554,,0.139402,4.82448
3.6,-0.3,,1010.33,0,48069,,0,0,,0,0
3.6,-0.2,,1010.12,0,47088,,0,0,,0,0
3.6,-0.1,,1009.92,0,46107,,0,0,,0,0
3.60001,-5.66609e-05,,1009.71,-29.5762,45126,,0.0073713,-0.0566609,,7.37094,-46.8509
3.60001,0.0999511,,1009.51,-26.3995,44145,,0.00781118,-0.0489087,,7.81074,-39.0979
3.60001,0.199959,,1009.3,-24.5155,43164,,0.00814418,-0.0409704,,8.14365,-31.159
3.60001,0.299967,,1009.1,-23.9059,42183,,0.00836986,-0.0332848,,8.36922,-23.4729
3.60001,0.399974,,1008.89,-24.2936,41202,,0.00849395,-0.0261861,,8.4932,-16.3742
3.60001,0.49998,,1008.68,-25.2692,40221,,0.00852715,-0.0199044,,8.52629,-10.0927
3.60001,0.599985,,1008.48,-26.4022,39240,,0.00848351,-0.0145724,,8.48256,-4.76108
3.60001,0.69999,,1008.27,-27.3247,38259,,0.00837873,-0.0102361,,8.37772,-0.425373
3.60001,0.799993,,1008.06,-27.7796,37278,,0.00822855,-0.00686971,,8.22752,2.94044
3.60001,0.899996,,1007.86,-27.6363,36297,,0.0080474,-0.00439071,,8.04638,5.41887
3.60001,0.999997,,1007.65,-26.8797,35316,,0.00784729,-0.00267657,,7.8463,7.13254
3.60001,1.1,,1007.44,-25.5839,34335,,0.00763723,-0.0015809,,7.63629,8.22785
3.60001,1.2,,1007.23,-23.8793,33354,,0.00742305,-0.000949242,,7.42219,8.85928
3.60001,1.3,,1007.02,-21.9202,32373,,0.00720774,-0.000633595,,7.20695,9.17483
3.60001,1.4,,1006.82,-19.8602,31392,,0.00699218,-0.000505478,,6.99148,9.30296
3.60001,1.5,,1006.61,-17.8342,30411,,0.00677645,-0.000466773,,6.77583,9.34176
3.60001,1.6,,1006.4,-15.9486,29430,,0.00656055,-0.000456204,,6.56,9.35249
3.60001,1.7,,1006.19,-14.2766,28449,,0.00634446,-0.000448537,,6.34398,9.36035
3.60001,1.8,,1005.98,-12.8556,27468,,0.0061282,-0.000440848,,6.12778,9.36824
3.60001,1.9,,1005.77,-11.6885,26487,,0.00591177,-0.000433137,,5.91139,9.37614
3.60001,2,,1005.56,-10.7475,25506,,0.00569515,-0.000425405,,5.69481,9.38402
3.60001,2.1,,1005.35,-9.98873,24525,,0.00547835,-0.000417651,,5.47805,9.39189
3.60001,2.2,,1005.14,-9.3704,23544,,0.00526138,-0.000409875,,5.2611,9.39975
3.60001,2.3,,1004.93,-8.85675,22563,,0.00504423,-0.000402077,,5.04397,9.40762
3.6,2.4,,1004.72,-8.41805,21582,,0.00482689,-0.000394257,,4.82666,9.41548
3.6,2.5,,1004.5,-8.03012,20601,,0.00460938,-0.000386415,,4.60917,9.42336
3.6,2.6,,1004.29,-7.67315,19620,,0.00439168,-0.000378551,,4.39149,9.43124
3.6,2.7,,1004.08,-7.33037,18639,,0.0041738,-0.000370664,,4.17363,9.43915
3.6,2.8,,1003.87,-6.98693,17658,,0.00395574,-0.000362135,,3.95558,9.44768
3.6,2.9,,1003.66,-6.63025,16677,,0.0037375,-0.000348164,,3.73736,9.46166
3.6,3,,1003.44,-6.25067,15696,,0.00351907,-0.00031918,,3.51894,9.49065
3.6,3.1,,1003.23,-5.84154,14715,,0.00330045,-0.000263646,,3.30034,9.54619
3.6,3.2,,1003.02,-5.39983,13734,,0.00308149,-0.000171823,,3.0814,9.63802
3.6,3.3,,1002.8,-4.92712,12753,,0.00286184,-3.93283e-05,,2.86176,9.77052
3.6,3.4,,1002.59,-4.43049,11772,,0.00264095,0.00013019,,2.64088,9.94004
3.6,3.5,,1002.37,-3.92268,10791,,0.00241827,0.000323445,,2.41821,10.1333
3.6,3.6,,1002.16,-3.4204,9810,,0.0021935,0.000517082,,2.19345,10.327
3.6,3.7,,1001.95,-2.94053,8829,,0.00196682,0.000678453,,1.96678,10.4883
3.6,3.8,,1001.73,-2.49428,7848,,0.00173908,0.000767612,,1.73904,10.5775
3.6,3.9,,1001.51,-2.0805,6867,,0.00151197,0.000740466,,1.51195,10.5504
3.6,4,,1001.3,-1.68044,5886,,0.00128805,0.000552992,,1.28803,10.3629
3.6,4.1,,1001.08,-1.25646,4905,,0.00107065,0.00016634,,1.07064,9.97629
3.6,4.2,,1000.87,-0.757477,3924,,0.000863667,-0.000447429,,0.863659,9.36253
3.6,4.3,,1000.65,-0.132617,2943,,0.000671235,-0.00129935,,0.671231,8.51063
3.6,4.4,,1000.43,0.648124,1962,,0.000497342,-0.00237787,,0.497341,7.43212
3.6,4.5,,1000.22,1.57065,981,,0.000345396,-0.00364433,,0.345397,6.16568
3.6,4.59999,,1000,2.55997,0,,0.00021783,-0.00503097,,0.217832,4.77905
3.7,-0.3,,1010.33,0,48069,,0,0,,0,0
3.7,-0.2,,1010.12,0,47088,,0,0,,0,0
3.7,-0.1,,1009.92,0,46107,,0,0,,0,0
3.70001,-5.59768e-05,,1009.71,-28.8814,45126,,0.0104581,-0.0559768,,10.4575,-46.1669
3.70001,0.0999517,,1009.51,-25.7491,44145,,0.0110778,-0.0483397,,11.0771,-38.529
3.70001,0.199959,,1009.3,-23.8601,43164,,0.0115516,-0.0405223,,11.5508,-30.711
3.70001,0.299967,,1009.1,-23.1969,42183,,0.0118785,-0.0329557,,11.8775,-23.144
3.70001,0.399974,,1008.89,-23.4941,41202,,0.0120656,-0.0259675,,12.0645,-16.1558
3.70001,0.49998,,1008.68,-24.36,40221,,0.0121265,-0.0197831,,12.1253,-9.97151
3.70001,0.599985,,1008.48,-25.3835,39240,,0.0120795,-0.0145318,,12.0782,-4.72057
3.70001,0.69999,,1008.27,-26.2133,38259,,0.0119451,-0.0102586,,11.9437,-0.447882
3.70001,0.799993,,1008.06,-26.6044,37278,,0.0117441,-0.00693801,,11.7426,2.87212
3.70001,0.899996,,1007.86,-26.4319,36297,,0.0114958,-0.00448954,,11.4944,5.32005
3.70001,0.999997,,1007.65,-25.6818,35316,,0.0112171,-0.00279347,,11.2157,7.01568
3.70001,1.1,,1007.44,-24.4242,34335,,0.0109209,-0.00170681,,10.9195,8.102
3.70001,1.2,,1007.23,-22.7829,33354,,0.0106163,-0.00107855,,10.6151,8.73005
3.70001,1.3,,1007.02,-20.9042,32373,,0.0103087,-0.000763668,,10.3076,9.04484
3.70001,1.4,,1006.82,-18.9333,31392,,0.0100004,-0.000635666,,9.99941,9.17286
3.70001,1.5,,1006.61,-16.9976,30411,,0.00969189,-0.000597068,,9.69097,9.21155
3.70001,1.6,,1006.4,-15.1972,29430,,0.00938309,-0.000586606,,9.38227,9.22217
3.70001,1.7,,1006.19,-13.6008,28449,,0.00907404,-0.000579045,,9.0733,9.22991
3.70001,1.8,,1005.98,-12.2439,27468,,0.00876474,-0.000571463,,8.76407,9.23768
3.70001,1.9,,1005.77,-11.1292,26487,,0.00845518,-0.00056386,,8.45458,9.24546
3.70001,2,,1005.56,-10.2307,25506,,0.00814536,-0.000556235,,8.14482,9.25323
3.70001,2.1,,1005.35,-9.50635,24525,,0.00783529,-0.00054859,,7.8348,9.26099
3.70001,2.2,,1005.14,-8.91642,23544,,0.00752497,-0.000540922,,7.52452,9.26874
3.70001,2.3,,1004.93,-8.42664,22563,,0.00721438,-0.000533233,,7.21398,9.27649
3.70001,2.4,,1004.72,-8.00861,21582,,0.00690354,-0.000525522,,6.90317,9.28424
3.70001,2.5,,1004.5,-7.63921,20601,,0.00659244,-0.000517789,,6.5921,9.292
3.70001,2.6,,1004.29,-7.2995,19620,,0.00628108,-0.000510034,,6.28077,9.29978
3.70001,2.7,,1004.08,-6.97343,18639,,0.00596946,-0.000502258,,5.96918,9.30757
3.70001,2.8,,1003.87,-6.6468,17658,,0.00565758,-0.000493839,,5.65733,9.316
3.70001,2.9,,1003.66,-6.30765,16677,,0.00534544,-0.000479978,,5.34521,9.32987
3.70001,3,,1003.44,-5.94671,15696,,0.00503304,-0.000451107,,5.03283,9.35874
3.7,3.1,,1003.23,-5.5575,14715,,0.00472029,-0.000395795,,4.72011,9.41406
3.7,3.2,,1003.02,-5.13687,13734,,0.00440687,-0.000304575,,4.40671,9.50528
3.7,3.3,,1002.8,-4.68594,12753,,0.00409218,-0.000173343,,4.09204,9.63651
3.7,3.4,,1002.59,-4.21109,11772,,0.00377546,-5.89878e-06,,3.77534,9.80396
3.7,3.5,,1002.37,-3.72409,10791,,0.00345608,0.000184534,,3.45598,9.99441
3.7,3.6,,1002.16,-3.24059,9810,,0.00313382,0.000374906,,3.13373,10.1848
3.7,3.7,,1001.95,-2.77652,8829,,0.00280915,0.000533112,,2.80908,10.343
3.7,3.8,,1001.73,-2.34252,7848,,0.00248351,0.000619931,,2.48345,10.4298
3.7,3.9,,1001.51,-1.93758,6867,,0.00215941,0.000592101,,2.15936,10.402
3.7,4,,1001.3,-1.54396,5886,,0.0018405,0.000406417,,1.84047,10.2164
3.7,4.1,,1001.08,-1.12593,4905,,0.00153143,2.47239e-05,,1.5314,9.83467
3.7,4.2,,1000.87,-0.634966,3924,,0.00123754,-0.000580474,,1.23752,9.22949
3.7,4.3,,1000.65,-0.0226906,2943,,0.000964467,-0.00142011,,0.964455,8.38987
3.7,4.4,,1000.43,0.739166,1962,,0.00071762,-0.00248294,,0.717614,7.32706
3.7,4.5,,1000.22,1.63636,981,,0.000501607,-0.003731,,0.501604,6.07901
3.7,4.59999,,1000,2.59574,0,,0.000319717,-0.00509761,,0.319717,4.71242
3.8,-0.3,,1010.33,0,48069,,0,0,,0,0
3.8,-0.2,,1010.12,0,47088,,0,0,,0,0
3.8,-0.1,,1009.92,0,46107,,0,0,,0,0
3.80001,-5.50374e-05,,1009.71,-27.9773,45126,,0.0141787,-0.0550374,,14.1779,-45.2275
3.80002,0.0999524,,1009.51,-24.9354,44145,,0.0150131,-0.0475541,,15.0122,-37.7436
3.80002,0.19996,,1009.3,-23.0732,43164,,0.0156552,-0.0398985,,15.6542,-30.0874
3.80002,0.299968,,1009.1,-22.3728,42183,,0.0161036,-0.0324915,,16.1024,-22.68
3.80002,0.399974,,1008.89,-22.5824,41202,,0.0163671,-0.0256525,,16.3657,-15.8408
3.80002,0.49998,,1008.68,-23.3314,40221,,0.016463,-0.0196001,,16.4615,-9.78864
3.80002,0.599986,,1008.48,-24.2317,39240,,0.0164143,-0.0144598,,16.4127,-4.64875
3.80002,0.69999,,1008.27,-24.9529,38259,,0.0162471,-0.010275,,16.2454,-0.464336
3.80002,0.799993,,1008.06,-25.2649,37278,,0.0159879,-0.00702031,,15.9862,2.78979
3.80002,0.899995,,1007.86,-25.0515,36297,,0.0156619,-0.00461741,,15.6601,5.1922
3.80002,0.999997,,1007.65,-24.3003,35316,,0.0152909,-0.0029499,,15.2892,6.8593
3.80001,1.1,,1007.44,-23.0785,34335,,0.0148926,-0.00187887,,14.891,7.93002
3.80001,1.2,,1007.23,-21.5027,33354,,0.0144801,-0.00125754,,14.4786,8.55115
3.80001,1.3,,1007.02,-19.7107,32373,,0.0140615,-0.000944804,,14.0601,8.86381
3.80001,1.4,,1006.82,-17.8382,31392,,0.0136411,-0.000817163,,13.6398,8.99146
3.80001,1.5,,1006.61,-16.004,30411,,0.0132202,-0.000778712,,13.219,9.03001
3.80001,1.6,,1006.4,-14.301,29430,,0.012799,-0.000768399,,12.7979,9.04047
3.80001,1.7,,1006.19,-12.7924,28449,,0.0123774,-0.000760987,,12.3765,9.04805
3.80001,1.8,,1005.98,-11.5108,27468,,0.0119555,-0.000753555,,11.9547,9.05566
3.80001,1.9,,1005.77,-10.4583,26487,,0.0115333,-0.000746101,,11.5325,9.06328
3.80001,2,,1005.56,-9.61048,25506,,0.0111106,-0.000738627,,11.11,9.07089
3.80001,2.1,,1005.35,-8.92756,24525,,0.0106877,-0.000731132,,10.6871,9.07849
3.80001,2.2,,1005.14,-8.37182,23544,,0.0102644,-0.000723615,,10.2638,9.08609
3.80001,2.3,,1004.93,-7.91089,22563,,0.00984074,-0.000716078,,9.84022,9.09368
3.80001,2.4,,1004.72,-7.51788,21582,,0.00941673,-0.000708519,,9.41626,9.10128
3.80001,2.5,,1004.5,-7.17094,20601,,0.00899237,-0.000700938,,8.99194,9.10889
3.80001,2.6,,1004.29,-6.85214,19620,,0.00856766,-0.000693337,,8.56726,9.11651
3.80001,2.7,,1004.08,-6.54634,18639,,0.00814259,-0.000685713,,8.14223,9.12414
3.80001,2.8,,1003.87,-6.2401,17658,,0.00771717,-0.000677449,,7.71685,9.13242
3.80001,2.9,,1003.66,-5.92211,16677,,0.00729139,-0.000663741,,7.2911,9.14613
3.80001,3,,1003.44,-5.58351,15696,,0.00686523,-0.000635064,,6.86497,9.17481
3.80001,3.1,,1003.23,-5.21787,14715,,0.00643847,-0.000580238,,6.43824,9.22964
3.80001,3.2,,1003.02,-4.82169,13734,,0.00601053,-0.000490163,,6.01033,9.31971
3.80001,3.3,,1002.8,-4.39541,12753,,0.00558056,-0.00036103,,5.58038,9.44885
3.80001,3.4,,1002.59,-3.9444,11772,,0.0051476,-0.000196736,,5.14745,9.61315
3.8,3.5,,1002.37,-3.47919,10791,,0.004711,-1.03321e-05,,4.71087,9.79956
3.8,3.6,,1002.16,-3.01414,9810,,0.00427066,0.000175606,,4.27055,9.9855
3.8,3.7,,1001.95,-2.56413,8829,,0.00382748,0.000329722,,3.82739,10.1396
3.8,3.8,,1001.73,-2.13933,7848,,0.00338357,0.000413756,,3.38349,10.2237
3.8,3.9,,1001.51,-1.73924,6867,,0.00294245,0.000385509,,2.94239,10.1954
3.8,4,,1001.3,-1.3478,5886,,0.00250905,0.000202824,,2.509,10.0128
3.8,4.1,,1001.08,-0.932155,4905,,0.00208954,-0.000171584,,2.0895,9.63837
3.8,4.2,,1000.87,-0.447364,3924,,0.00169096,-0.000764655,,1.69093,9.04532
3.8,4.3,,1000.65,0.151375,2943,,0.00132072,-0.00158721,,1.3207,8.22277
3.8,4.4,,1000.43,0.88989,1962,,0.000985911,-0.00262842,,0.9859,7.18158
3.8,4.5,,1000.22,1.75365,981,,0.000692573,-0.00385128,,0.692567,5.95873
3.8,4.59999,,1000,2.67202,0,,0.000445025,-0.0051905,,0.445024,4.61952
3.9,-0.3,,1010.33,0,48069,,0,0,,0,0
3.9,-0.2,,1010.12,0,47088,,0,0,,0,0
3.9,-0.1,,1009.92,0,46107,,0,0,,0,0
3.90002,-5.3799e-05,,1009.71,-27.0167,45126,,0.0184772,-0.053799,,18.4763,-43.9892
3.90002,0.0999535,,1009.51,-24.1404,44145,,0.0195576,-0.0465152,,19.5566,-36.7047
3.90002,0.199961,,1009.3,-22.3623,43164,,0.0203921,-0.039069,,20.391,-29.258
3.90002,0.299968,,1009.1,-21.6633,42183,,0.0209792,-0.0318687,,20.9779,-22.0573
3.90002,0.399975,,1008.89,-21.8063,41202,,0.0213302,-0.0252231,,21.3288,-15.4117
3.90002,0.499981,,1008.68,-22.4454,40221,,0.0214667,-0.0193431,,21.4651,-9.53177
3.90002,0.599986,,1008.48,-23.2198,39240,,0.0214172,-0.0143489,,21.4155,-4.53787
3.90002,0.69999,,1008.27,-23.8236,38259,,0.021214,-0.0102815,,21.2122,-0.470966
3.90002,0.799993,,1008.06,-24.0455,37278,,0.02089,-0.0071162,,20.8881,2.69387
3.90002,0.899995,,1007.86,-23.7804,36297,,0.0204766,-0.00477675,,20.4747,5.03287
3.90002,0.999997,,1007.65,-23.0195,35316,,0.0200014,-0.00315062,,19.9996,6.65863
3.90002,1.1,,1007.44,-21.8274,34335,,0.0194872,-0.00210366,,19.4854,7.7053
3.90002,1.2,,1007.23,-20.3143,33354,,0.0189512,-0.0014942,,18.9495,8.31459
3.90002,1.3,,1007.02,-18.6086,32373,,0.0184049,-0.00118592,,18.4034,8.6228
3.90002,1.4,,1006.82,-16.8365,31392,,0.017855,-0.00105932,,17.8536,8.74943
3.90002,1.5,,1006.61,-15.1072,30411,,0.0173041,-0.00102108,,17.3028,8.78776
3.90002,1.6,,1006.4,-13.5054,29430,,0.0167527,-0.00101096,,16.7516,8.79801
3.90002,1.7,,1006.19,-12.0885,28449,,0.0162009,-0.00100375,,16.1999,8.80539
3.90002,1.8,,1005.98,-10.8851,27468,,0.0156487,-0.000996519,,15.6478,8.81279
3.90002,1.9,,1005.77,-9.89652,26487,,0.015096,-0.000989266,,15.0952,8.82019
3.90001,2,,1005.56,-9.09941,25506,,0.0145428,-0.000981992,,14.5421,8.82759
3.90001,2.1,,1005.35,-8.45662,24525,,0.0139892,-0.000974698,,13.9885,8.83498
3.90001,2.2,,1005.14,-7.93277,23544,,0.0134352,-0.000967383,,13.4345,8.84237
3.90001,2.3,,1004.93,-7.49754,22563,,0.0128806,-0.000960048,,12.8801,8.84975
3.90001,2.4,,1004.72,-7.12582,21582,,0.0123256,-0.000952692,,12.3251,8.85715
3.90001,2.5,,1004.5,-6.79716,20601,,0.0117702,-0.000945315,,11.7697,8.86455
3.90001,2.6,,1004.29,-6.49486,19620,,0.0112143,-0.000937917,,11.2138,8.87196
3.90001,2.7,,1004.08,-6.20477,18639,,0.0106579,-0.000930498,,10.6575,8.87939
3.90001,2.8,,1003.87,-5.91434,17658,,0.010101,-0.000922438,,10.1007,8.88746
3.90001,2.9,,1003.66,-5.613,16677,,0.00954374,-0.000908939,,9.54341,8.90096
3.90001,3,,1003.44,-5.2922,15696,,0.00898586,-0.000880621,,8.98557,8.92928
3.90001,3.1,,1003.23,-4.94539,14715,,0.008427,-0.000826697,,8.42674,8.9832
3.90001,3.2,,1003.02,-4.56853,13734,,0.00786631,-0.000738493,,7.86608,9.07141
3.90001,3.3,,1002.8,-4.16111,12753,,0.00730266,-0.000612489,,7.30247,9.19741
3.90001,3.4,,1002.59,-3.72717,11772,,0.00673498,-0.000452608,,6.73481,9.3573
3.90001,3.5,,1002.37,-3.27576,10791,,0.00616256,-0.000271595,,6.16241,9.53831
3.90001,3.6,,1002.16,-2.81977,9810,,0.00558555,-9.13703e-05,,5.58542,9.71854
3.90001,3.7,,1001.95,-2.37297,8829,,0.00500532,5.76845e-05,,5.00521,9.86761
3.9,3.8,,1001.73,-1.94529,7848,,0.00442477,0.00013852,,4.42469,9.94845
3.9,3.9,,1001.51,-1.53721,6867,,0.00384856,0.00011027,,3.84849,9.92021
3.9,4,,1001.3,-1.13518,5886,,0.00328303,-6.79328e-05,,3.28297,9.74202
3.9,4.1,,1001.08,-0.710308,4905,,0.00273608,-0.000432292,,2.73603,9.37768
3.9,4.2,,1000.87,-0.222553,3924,,0.00221667,-0.00100906,,2.21664,8.80092
3.9,4.3,,1000.65,0.368082,2943,,0.00173423,-0.00180893,,1.73421,8.00107
3.9,4.4,,1000.43,1.08407,1962,,0.00129777,-0.00282159,,1.29776,6.98842
3.9,4.5,,1000.22,1.91036,981,,0.000915023,-0.00401124,,0.915016,5.79877
3.9,4.59999,,1000,2.77945,0,,0.00059151,-0.00531444,,0.591507,4.49559
4,-0.3,,1010.33,0,48069,,0,0,,0,0
4,-0.2,,1010.12,0,47088,,0,0,,0,0
4,-0.1,,1009.92,0,46107,,0,0,,0,0
4.00002,-5.22244e-05,,1009.71,-26.1842,45126,,0.0232407,-0.0522244,,23.2399,-42.4147
4.00002,0.0999548,,1009.51,-23.5769,44145,,0.0245914,-0.0451919,,24.5905,-35.3816
4.00003,0.199962,,1009.3,-21.9654,43164,,0.0256363,-0.0380091,,25.6353,-28.1983
4.00003,0.299969,,1009.1,-21.3279,42183,,0.0263743,-0.0310685,,26.3731,-21.2573
4.00003,0.399975,,1008.89,-21.4442,41202,,0.02682,-0.0246658,,26.8186,-14.8545
4.00003,0.499981,,1008.68,-21.9958,40221,,0.0270001,-0.0190025,,26.9985,-9.19135
4.00003,0.599986,,1008.48,-22.6535,39240,,0.0269494,-0.0141929,,26.9477,-4.38203
4.00003,0.69999,,1008.27,-23.1399,38259,,0.0267069,-0.0102754,,26.7051,-0.464923
4.00003,0.799993,,1008.06,-23.2659,37278,,0.0263125,-0.00722543,,26.3106,2.58461
4.00003,0.899995,,1007.86,-22.9403,36297,,0.0258041,-0.00496947,,25.8022,4.84017
4.00003,0.999997,,1007.65,-22.16,35316,,0.0252154,-0.00339937,,25.2136,6.40993
4.00002,1.1,,1007.44,-20.9884,34335,,0.0245745,-0.00238647,,24.5728,7.42259
4.00002,1.2,,1007.23,-19.5296,33354,,0.023903,-0.00179499,,23.9014,8.01392
4.00002,1.3,,1007.02,-17.9031,32373,,0.0232162,-0.00149436,,23.2147,8.31449
4.00002,1.4,,1006.82,-16.225,31392,,0.0225232,-0.00137001,,22.5218,8.43887
4.00002,1.5,,1006.61,-14.5949,30411,,0.0218283,-0.00133218,,21.8271,8.47678
4.00002,1.6,,1006.4,-13.0888,29430,,0.0211328,-0.00132232,,21.1317,8.48677
4.00002,1.7,,1006.19,-11.7576,28449,,0.0204368,-0.00131537,,20.4358,8.49388
4.00002,1.8,,1005.98,-10.6257,27468,,0.0197401,-0.00130839,,19.7392,8.50101
4.00002,1.9,,1005.77,-9.693,26487,,0.0190429,-0.00130139,,19.0421,8.50815
4.00002,2,,1005.56,-8.93726,25506,,0.0183451,-0.00129438,,18.3444,8.51528
4.00002,2.1,,1005.35,-8.32401,24525,,0.0176468,-0.00128734,,17.6461,8.5224
4.00002,2.2,,1005.14,-7.82047,23544,,0.0169478,-0.00128028,,16.9472,8.52952
4.00002,2.3,,1004.93,-7.3986,22563,,0.0162483,-0.00127321,,16.2478,8.53664
4.00002,2.4,,1004.72,-7.03524,21582,,0.0155482,-0.00126611,,15.5477,8.54377
4.00001,2.5,,1004.5,-6.71156,20601,,0.0148475,-0.001259,,14.8471,8.55091
4.00001,2.6,,1004.29,-6.41219,19620,,0.0141463,-0.00125186,,14.1459,8.55806
4.00001,2.7,,1004.08,-6.12409,18639,,0.0134444,-0.0012447,,13.444,8.56522
4.00001,2.8,,1003.87,-5.83575,17658,,0.012742,-0.00123691,,12.7416,8.57302
4.00001,2.9,,1003.66,-5.5373,16677,,0.0120389,-0.0012237,,12.0386,8.58623
4.00001,3,,1003.44,-5.22045,15696,,0.0113351,-0.00119601,,11.3348,8.61392
4.00001,3.1,,1003.23,-4.87834,14715,,0.0106297,-0.00114354,,10.6295,8.66639
4.00001,3.2,,1003.02,-4.50617,13734,,0.00992179,-0.00105808,,9.92158,8.75185
4.00001,3.3,,1002.8,-4.10218,12753,,0.00920989,-0.000936383,,9.20971,8.87355
4.00001,3.4,,1002.59,-3.66891,11772,,0.00849281,-0.000782308,,8.49264,9.02762
4.00001,3.5,,1002.37,-3.21363,10791,,0.00776988,-0.000608152,,7.76974,9.20178
4.00001,3.6,,1002.16,-2.74767,9810,,0.00704153,-0.000434986,,7.0414,9.37495
4.00001,3.7,,1001.95,-2.28374,8829,,0.00630964,-0.000291984,,6.30954,9.51796
4.00001,3.8,,1001.73,-1.83176,7848,,0.005578,-0.000214719,,5.57791,9.59523
4,3.9,,1001.51,-1.39378,6867,,0.00485243,-0.000242449,,4.85236,9.56751
4,4,,1001.3,-0.959671,5886,,0.00414084,-0.000414475,,4.14078,9.39549
4,4.1,,1001.08,-0.505698,4905,,0.00345296,-0.000765686,,3.45291,9.04429
4,4.2,,1000.87,0.0018703,3924,,0.00279985,-0.00132148,,2.79981,8.48851
4,4.3,,1000.65,0.596836,2943,,0.00219314,-0.00209237,,2.19312,7.71763
4,4.4,,1000.43,1.29726,1962,,0.00164405,-0.00306869,,1.64403,6.74132
4,4.5,,1000.22,2.08715,981,,0.00116218,-0.00421613,,1.16217,5.59389
4,4.59999,,1000,2.9027,0,,0.000754467,-0.00547352,,0.754465,4.33651
4.1,-0.3,,1010.33,0,48069,,0,0,,0,0
4.1,-0.2,,1010.12,0,47088,,0,0,,0,0
4.1,-0.1,,1009.92,0,46107,,0,0,,0,0
4.10003,-5.02868e-05,,1009.71,-25.6574,45126,,0.0282936,-0.0502868,,28.2929,-40.4771
4.10003,0.0999564,,1009.51,-23.4437,44145,,0.0299284,-0.0435636,,29.9277,-33.7533
4.10003,0.199963,,1009.3,-22.1001,43164,,0.0311926,-0.0367032,,31.1918,-26.8925
4.10003,0.29997,,1009.1,-21.6016,42183,,0.0320865,-0.0300793,,32.0855,-20.2682
4.10003,0.399976,,1008.89,-21.7462,41202,,0.0326288,-0.0239725,,32.6276,-14.1614
4.10003,0.499981,,1008.68,-22.2462,40221,,0.0328522,-0.0185731,,32.8509,-8.76212
4.10003,0.599986,,1008.48,-22.8072,39240,,0.0327984,-0.0139889,,32.7969,-4.17812
4.10003,0.69999,,1008.27,-23.1843,38259,,0.0325136,-0.0102552,,32.512,-0.444837
4.10003,0.799993,,1008.06,-23.2141,37278,,0.0320449,-0.00734807,,32.0433,2.46194
4.10003,0.899995,,1007.86,-22.822,36297,,0.0314368,-0.00519691,,31.4352,4.61275
4.10003,0.999996,,1007.65,-22.0127,35316,,0.0307292,-0.00369859,,30.7276,6.11077
4.10003,1.1,,1007.44,-20.85,34335,,0.0299555,-0.00273068,,29.9539,7.07846
4.10003,1.2,,1007.23,-19.4326,33354,,0.0291418,-0.00216417,,29.1404,7.64485
4.10003,1.3,,1007.02,-17.872,32373,,0.028307,-0.00187508,,28.3057,7.9339
4.10003,1.4,,1006.82,-16.2742,31392,,0.027463,-0.00175469,,27.4618,8.05432
4.10003,1.5,,1006.61,-14.7291,30411,,0.0266159,-0.00171771,,26.6148,8.09138
4.10003,1.6,,1006.4,-13.3043,29430,,0.0257678,-0.00170817,,25.7669,8.10105
4.10002,1.7,,1006.19,-12.0436,28449,,0.0249191,-0.00170153,,24.9183,8.10783
4.10002,1.8,,1005.98,-10.9673,27468,,0.0240697,-0.00169487,,24.0689,8.11463
4.10002,1.9,,1005.77,-10.0734,26487,,0.0232195,-0.00168819,,23.2189,8.12143
4.10002,2,,1005.56,-9.3408,25506,,0.0223687,-0.00168149,,22.3681,8.12823
4.10002,2.1,,1005.35,-8.73782,24525,,0.0215172,-0.00167477,,21.5167,8.13503
4.10002,2.2,,1005.14,-8.23447,23544,,0.0206649,-0.00166804,,20.6645,8.14182
4.10002,2.3,,1004.93,-7.80521,22563,,0.019812,-0.00166129,,19.8116,8.14861
4.10002,2.4,,1004.72,-7.42897,21582,,0.0189583,-0.00165451,,18.958,8.15542
4.10002,2.5,,1004.5,-7.08867,20601,,0.018104,-0.00164772,,18.1036,8.16223
4.10002,2.6,,1004.29,-6.77039,19620,,0.0172489,-0.00164091,,17.2486,8.16905
4.10002,2.7,,1004.08,-6.46235,18639,,0.0163931,-0.00163408,,16.3928,8.17589
4.10002,2.8,,1003.87,-6.1541,17658,,0.0155366,-0.00162661,,15.5363,8.18336
4.10001,2.9,,1003.66,-5.83647,16677,,0.0146793,-0.00161384,,14.6791,8.19613
4.10001,3,,1003.44,-5.50131,15696,,0.0138209,-0.00158712,,13.8207,8.22284
4.10001,3.1,,1003.23,-5.14134,14715,,0.0129605,-0.00153675,,12.9603,8.27321
4.10001,3.2,,1003.02,-4.75074,13734,,0.0120966,-0.00145501,,12.0964,8.35494
4.10001,3.3,,1002.8,-4.32637,12753,,0.0112277,-0.00133888,,11.2275,8.47107
4.10001,3.4,,1002.59,-3.86898,11772,,0.0103524,-0.00119206,,10.3523,8.61789
4.10001,3.5,,1002.37,-3.38401,10791,,0.00947027,-0.00102627,,9.47016,8.78368
4.10001,3.6,,1002.16,-2.88109,9810,,0.00858188,-0.000861522,,8.58178,8.94843
4.10001,3.7,,1001.95,-2.372,8829,,0.00768972,-0.000725558,,7.68963,9.0844
4.10001,3.8,,1001.73,-1.86695,7848,,0.00679844,-0.000652204,,6.79837,9.15776
4.10001,3.9,,1001.51,-1.37014,6867,,0.00591509,-0.000678823,,5.91503,9.13115
4.10001,4,,1001.3,-0.875705,5886,,0.00504913,-0.000842865,,5.04908,8.96711
4.1,4.1,,1001.08,-0.366281,4905,,0.00421221,-0.00117764,,4.21217,8.63234
4.1,4.2,,1000.87,0.184193,3924,,0.00341756,-0.00170751,,3.41753,8.10249
4.1,4.3,,1000.65,0.80193,2943,,0.00267917,-0.00244271,,2.67915,7.3673
4.1,4.4,,1000.43,1.49944,1962,,0.00201061,-0.00337428,,2.0106,6.43574
4.1,4.5,,1000.22,2.25925,981,,0.0014236,-0.00446972,,1.4236,5.34031
4.1,4.59999,,1000,3.02161,0,,0.000926676,-0.00567066,,0.926676,4.13938
4.2,-0.3,,1010.33,0,48069,,0,0,,0,0
4.2,-0.2,,1010.12,0,47088,,0,0,,0,0
4.2,-0.1,,1009.92,0,46107,,0,0,,0,0
4.20003,-4.79751e-05,,1009.71,-25.5536,45126,,0.0333949,-0.0479751,,33.3944,-38.1654
4.20004,0.0999584,,1009.51,-23.8658,44145,,0.0353134,-0.0416231,,35.313,-31.8129
4.20004,0.199965,,1009.3,-22.8985,43164,,0.0367939,-0.0351474,,36.7934,-25.3368
4.20004,0.299971,,1009.1,-22.624,42183,,0.0378394,-0.0288995,,37.8388,-19.0886
4.20004,0.399977,,1008.89,-22.8599,41202,,0.0384739,-0.0231427,,38.4732,-13.3317
4.20004,0.499982,,1008.68,-23.3517,40221,,0.0387367,-0.0180551,,38.7358,-8.24422
4.20004,0.599986,,1008.48,-23.8431,39240,,0.0386767,-0.0137371,,38.6757,-3.92651
4.20004,0.69999,,1008.27,-24.1252,38259,,0.0383475,-0.0102214,,38.3464,-0.411136
4.20004,0.799993,,1008.06,-24.0632,37278,,0.0378032,-0.00748457,,37.802,2.32541
4.20004,0.899995,,1007.86,-23.6016,36297,,0.0370949,-0.00545959,,37.0936,4.35009
4.20004,0.999996,,1007.65,-22.7551,35316,,0.0362682,-0.00404899,,36.267,5.76042
4.20004,1.1,,1007.44,-21.5892,34335,,0.0353617,-0.00313732,,35.3605,6.67191
4.20003,1.2,,1007.23,-20.1984,33354,,0.0344058,-0.00260312,,34.4048,7.20602
4.20003,1.3,,1007.02,-18.6866,32373,,0.0334229,-0.00232985,,33.422,7.47925
4.20003,1.4,,1006.82,-17.1506,31392,,0.0324275,-0.00221547,,32.4266,7.59367
4.20003,1.5,,1006.61,-15.6709,30411,,0.0314275,-0.00218001,,31.4268,7.62921
4.20003,1.6,,1006.4,-14.3067,29430,,0.0304262,-0.00217086,,30.4255,7.63847
4.20003,1.7,,1006.19,-13.0951,28449,,0.029424,-0.0021646,,29.4234,7.64486
4.20003,1.8,,1005.98,-12.052,27468,,0.028421,-0.00215832,,28.4205,7.65127
4.20003,1.9,,1005.77,-11.1738,26487,,0.0274172,-0.00215202,,27.4168,7.65767
4.20003,2,,1005.56,-10.4404,25506,,0.0264125,-0.00214571,,26.4122,7.66408
4.20003,2.1,,1005.35,-9.82282,24525,,0.025407,-0.00213938,,25.4067,7.67048
4.20002,2.2,,1005.14,-9.29421,23544,,0.0244007,-0.00213303,,24.4005,7.67688
4.20002,2.3,,1004.93,-8.8316,22563,,0.0233936,-0.00212666,,23.3934,7.68328
4.20002,2.4,,1004.72,-8.41617,21582,,0.0223856,-0.00212027,,22.3854,7.68969
4.20002,2.5,,1004.5,-8.03268,20601,,0.0213768,-0.00211387,,21.3766,7.69611
4.20002,2.6,,1004.29,-7.66873,19620,,0.0203671,-0.00210744,,20.367,7.70254
4.20002,2.7,,1004.08,-7.31387,18639,,0.0193566,-0.002101,,19.3565,7.70899
4.20002,2.8,,1003.87,-6.95876,17658,,0.0183453,-0.00209393,,18.3451,7.71606
4.20002,2.9,,1003.66,-6.59492,16677,,0.017333,-0.00208177,,17.3329,7.72822
4.20002,3,,1003.44,-6.21423,15696,,0.0163192,-0.00205645,,16.3191,7.75354
4.20002,3.1,,1003.23,-5.80884,14715,,0.0153027,-0.00200889,,15.3026,7.8011
4.20001,3.2,,1003.02,-5.37186,13734,,0.014282,-0.00193187,,14.2819,7.87811
4.20001,3.3,,1002.8,-4.89858,12753,,0.0132553,-0.00182257,,13.2552,7.98741
4.20001,3.4,,1002.59,-4.38791,11772,,0.0122211,-0.00168445,,12.221,8.12552
4.20001,3.5,,1002.37,-3.84335,10791,,0.011179,-0.00152848,,11.1789,8.28149
4.20001,3.6,,1002.16,-3.27288,9810,,0.0101299,-0.00137347,,10.1299,8.4365
4.20001,3.7,,1001.95,-2.68743,8829,,0.00907691,-0.00124549,,9.07686,8.56448
4.20001,3.8,,1001.73,-2.09781,7848,,0.00802543,-0.00117636,,8.02538,8.63361
4.20001,3.9,,1001.51,-1.51082,6867,,0.0069837,-0.00120127,,6.98366,8.60871
4.20001,4,,1001.3,-0.925614,5886,,0.0059627,-0.00135553,,5.96267,8.45446
4.2,4.1,,1001.08,-0.332135,4905,,0.00497592,-0.0016706,,4.97589,8.1394
4.2,4.2,,1000.87,0.28684,3924,,0.00403877,-0.00216955,,4.03875,7.64045
4.2,4.3,,1000.65,0.948726,2943,,0.00316763,-0.00286223,,3.16761,6.94778
4.2,4.4,,1000.43,1.65946,1962,,0.00237849,-0.00374043,,2.37849,6.06959
4.2,4.5,,1000.22,2.3995,981,,0.00168539,-0.00477372,,1.68539,5.03631
4.2,4.59999,,1000,3.11322,0,,0.00109859,-0.00590705,,1.09859,3.90299
4.3,-0.3,,1010.33,0,48069,,0,0,,0,0
4.3,-0.2,,1010.12,0,47088,,0,0,,0,0
4.3,-0.1,,1009.92,0,46107,,0,0,,0,0
4.30004,-4.52987e-05,,1009.71,-25.8695,45126,,0.0382392,-0.0452987,,38.2391,-35.4889
4.30004,0.0999606,,1009.51,-24.828,44145,,0.0404231,-0.0393815,,40.423,-29.5713
4.30004,0.199967,,1009.3,-24.3364,43164,,0.0421027,-0.033353,,42.1027,-23.5425
4.30004,0.299972,,1009.1,-24.3643,42183,,0.0432853,-0.0275393,,43.2852,-17.7285
4.30004,0.399978,,1008.89,-24.7504,41202,,0.044001,-0.0221848,,44.0007,-12.3739
4.30004,0.499983,,1008.68,-25.2761,40221,,0.0442959,-0.0174546,,44.2954,-7.6439
4.30004,0.599987,,1008.48,-25.7262,39240,,0.0442261,-0.0134418,,44.2255,-3.63132
4.30004,0.69999,,1008.27,-25.9301,38259,,0.0438523,-0.0101762,,43.8516,-0.365985
4.30004,0.799992,,1008.06,-25.784,37278,,0.0432349,-0.00763548,,43.2342,2.17447
4.30004,0.899994,,1007.86,-25.2536,36297,,0.0424311,-0.00575681,,42.4304,4.05288
4.30004,0.999996,,1007.65,-24.3648,35316,,0.0414919,-0.00444902,,41.4912,5.36045
4.30004,1.1,,1007.44,-23.1859,34335,,0.0404603,-0.00360433,,40.4596,6.20499
4.30004,1.2,,1007.23,-21.8085,33354,,0.0393707,-0.00310957,,39.3701,6.69966
4.30004,1.3,,1007.02,-20.3293,32373,,0.0382485,-0.00285643,,38.2479,6.9528
4.30004,1.4,,1006.82,-18.8366,31392,,0.0371105,-0.00275024,,37.11,7.05902
4.30004,1.5,,1006.61,-17.4021,30411,,0.0359664,-0.0027171,,35.966,7.09223
4.30003,1.6,,1006.4,-16.077,29430,,0.0348205,-0.0027085,,34.8202,7.10094
4.30003,1.7,,1006.19,-14.8921,28449,,0.0336736,-0.00270268,,33.6733,7.10687
4.30003,1.8,,1005.98,-13.8591,27468,,0.0325257,-0.00269684,,32.5255,7.11282
4.30003,1.9,,1005.77,-12.9729,26487,,0.0313769,-0.00269099,,31.3768,7.11878
4.30003,2,,1005.56,-12.2142,25506,,0.0302272,-0.00268512,,30.2271,7.12472
4.30003,2.1,,1005.35,-11.5574,24525,,0.0290765,-0.00267923,,29.0764,7.13067
4.30003,2.2,,1005.14,-10.9784,23544,,0.0279248,-0.00267333,,27.9248,7.13662
4.30003,2.3,,1004.93,-10.457,22563,,0.0267722,-0.00266741,,26.7722,7.14256
4.30003,2.4,,1004.72,-9.97678,21582,,0.0256187,-0.00266147,,25.6186,7.14852
4.30002,2.5,,1004.5,-9.52432,20601,,0.0244641,-0.00265552,,24.4641,7.15449
4.30002,2.6,,1004.29,-9.08883,19620,,0.0233087,-0.00264955,,23.3086,7.16046
4.30002,2.7,,1004.08,-8.66119,18639,,0.0221522,-0.00264356,,22.1522,7.16645
4.30002,2.8,,1003.87,-8.23321,17658,,0.0209948,-0.00263696,,20.9948,7.17305
4.30002,2.9,,1003.66,-7.79704,16677,,0.0198362,-0.00262563,,19.8362,7.18438
4.30002,3,,1003.44,-7.34457,15696,,0.0186758,-0.00260212,,18.6758,7.20788
4.30002,3.1,,1003.23,-6.86734,14715,,0.0175121,-0.00255806,,17.5121,7.25194
4.30002,3.2,,1003.02,-6.35734,13734,,0.0163435,-0.00248673,,16.3434,7.32326
4.30002,3.3,,1002.8,-5.80832,12753,,0.0151678,-0.00238545,,15.1678,7.42454
4.30001,3.4,,1002.59,-5.21735,11772,,0.0139838,-0.00225736,,13.9838,7.55263
4.30001,3.5,,1002.37,-4.586,10791,,0.0127909,-0.00211257,,12.7909,7.69741
4.30001,3.6,,1002.16,-3.92068,9810,,0.0115905,-0.00196852,,11.5904,7.84146
4.30001,3.7,,1001.95,-3.23159,8829,,0.0103859,-0.00184939,,10.3859,7.96059
4.30001,3.8,,1001.73,-2.5303,7848,,0.00918352,-0.00178477,,9.18351,8.02521
4.30001,3.9,,1001.51,-1.82651,6867,,0.00799253,-0.00180743,,7.99252,8.00256
4.30001,4,,1001.3,-1.12482,5886,,0.00682529,-0.00195024,,6.82528,7.85976
4.30001,4.1,,1001.08,-0.423025,4905,,0.00569698,-0.00224254,,5.69697,7.56747
4.3,4.2,,1000.87,0.286525,3924,,0.00462501,-0.00270587,,4.62501,7.10414
4.3,4.3,,1000.65,1.01165,2943,,0.00362804,-0.00334952,,3.62804,6.4605
4.3,4.4,,1000.43,1.75097,1962,,0.00272448,-0.00416598,,2.72449,5.64405
4.3,4.49999,,1000.22,2.48251,981,,0.00193069,-0.0051271,,1.93069,4.68293
4.3,4.59999,,1000,3.15471,0,,0.0012588,-0.00618173,,1.25881,3.62831
4.4,-0.3,,1010.33,0,48069,,0,0,,0,0
4.4,-0.2,,1010.12,0,47088,,0,0,,0,0
4.4,-0.1,,1009.92,0,46107,,0,0,,0,0
4.4,0,,1009.71,0,45126,,0,0,,0,0
4.4,0.1,,1009.51,0,44145,,0,0,,0,0
4.4,0.2,,1009.3,0,43164,,0,0,,0,0
4.4,0.3,,1009.1,0,42183,,0,0,,0,0
4.4,0.4,,1008.89,0,41202,,0,0,,0,0
4.4,0.5,,1008.68,0,40221,,0,0,,0,0
4.4,0.6,,1008.48,0,39240,,0,0,,0,0
4.4,0.7,,1008.27,0,38259,,0,0,,0,0
4.4,0.8,,1008.06,0,37278,,0,0,,0,0
4.4,0.9,,1007.86,0,36297,,0,0,,0,0
4.4,1,,1007.65,0,35316,,0,0,,0,0
4.4,1.1,,1007.44,0,34335,,0,0,,0,0
4.4,1.2,,1007.23,0,33354,,0,0,,0,0
4.4,1.3,,1007.02,0,32373,,0,0,,0,0
4.4,1.4,,1006.82,0,31392,,0,0,,0,0
4.4,1.5,,1006.61,0,30411,,0,0,,0,0
4.4,1.6,,1006.4,0,29430,,0,0,,0,0
4.4,1.7,,1006.19,0,28449,,0,0,,0,0
4.4,1.8,,1005.98,0,27468,,0,0,,0,0
4.4,1.9,,1005.77,0,26487,,0,0,,0,0
4.4,2,,1005.56,0,25506,,0,0,,0,0
4.4,2.1,,1005.35,0,24525,,0,0,,0,0
4.4,2.2,,1005.14,0,23544,,0,0,,0,0
4.4,2.3,,1004.93,0,22563,,0,0,,0,0
4.4,2.4,,1004.72,0,21582,,0,0,,0,0
4.4,2.5,,1004.5,0,20601,,0,0,,0,0
4.4,2.6,,1004.29,0,19620,,0,0,,0,0
4.4,2.7,,1004.08,0,18639,,0,0,,0,0
4.4,2.8,,1003.87,0,17658,,0,0,,0,0
4.4,2.9,,1003.66,0,16677,,0,0,,0,0
4.4,3,,1003.44,0,15696,,0,0,,0,0
4.4,3.1,,1003.23,0,14715,,0,0,,0,0
4.4,3.2,,1003.02,0,13734,,0,0,,0,0
4.4,3.3,,1002.8,0,12753,,0,0,,0,0
4.4,3.4,,1002.59,0,11772,,0,0,,0,0
4.4,3.5,,1002.37,0,10791,,0,0,,0,0
4.4,3.6,,1002.16,0,9810,,0,0,,0,0
4.4,3.7,,1001.95,0,8829,,0,0,,0,0
4.4,3.8,,1001.73,0,7848,,0,0,,0,0
4.4,3.9,,1001.51,0,6867,,0,0,,0,0
4.4,4,,1001.3,0,5886,,0,0,,0,0
4.4,4.1,,1001.08,0,4905,,0,0,,0,0
4.4,4.2,,1000.87,0,3924,,0,0,,0,0
4.4,4.3,,1000.65,0,2943,,0,0,,0,0
4.4,4.4,,1000.43,0,1962,,0,0,,0,0
4.4,4.5,,1000.22,0,981,,0,0,,0,0
4.4,4.6,,1000,0,0,,0,0,,0,0
4.5,-0.3,,1010.33,0,48069,,0,0,,0,0
4.5,-0.2,,1010.12,0,47088,,0,0,,0,0
4.5,-0.1,,1009.92,0,46107,,0,0,,0,0
4.5,0,,1009.71,0,45126,,0,0,,0,0
4.5,0.1,,1009.51,0,44145,,0,0,,0,0
4.5,0.2,,1009.3,0,43164,,0,0,,0,0
4.5,0.3,,1009.1,0,42183,,0,0,,0,0
4.5,0.4,,1008.89,0,41202,,0,0,,0,0
4.5,0.5,,1008.68,0,40221,,0,0,,0,0
4.5,0.6,,1008.48,0,39240,,0,0,,0,0
4.5,0.7,,1008.27,0,38259,,0,0,,0,0
4.5,0.8,,1008.06,0,37278,,0,0,,0,0
4.5,0.9,,1007.86,0,36297,,0,0,,0,0
4.5,1,,1007.65,0,35316,,0,0,,0,0
4.5,1.1,,1007.44,0,34335,,0,0,,0,0
4.5,1.2,,1007.23,0,33354,,0,0,,0,0
4.5,1.3,,1007.02,0,32373,,0,0,,0,0
4.5,1.4,,1006.82,0,31392,,0,0,,0,0
4.5,1.5,,1006.61,0,30411,,0,0,,0,0
4.5,1.6,,1006.4,0,29430,,0,0,,0,0
4.5,1.7,,1006.19,0,28449,,0,0,,0,0
4.5,1.8,,1005.98,0,27468,,0,0,,0,0
4.5,1.9,,1005.77,0,26487,,0,0,,0,0
4.5,2,,1005.56,0,25506,,0,0,,0,0
4.5,2.1,,1005.35,0,24525,,0,0,,0,0
4.5,2.2,,1005.14,0,23544,,0,0,,0,0
4.5,2.3,,1004.93,0,22563,,0,0,,0,0
4.5,2.4,,1004.72,0,21582,,0,0,,0,0
4.5,2.5,,1004.5,0,20601,,0,0,,0,0
4.5,2.6,,1004.29,0,19620,,0,0,,0,0
4.5,2.7,,1004.08,0,18639,,0,0,,0,0
4.5,2.8,,1003.87,0,17658,,0,0,,0,0
4.5,2.9,,1003.66,0,16677,,0,0,,0,0
4.5,3,,1003.44,0,15696,,0,0,,0,0
4.5,3.1,,1003.23,0,14715,,0,0,,0,0
4.5,3.2,,1003.02,0,13734,,0,0,,0,0
4.5,3.3,,1002.8,0,12753,,0,0,,0,0
4.5,3.4,,1002.59,0,11772,,0,0,,0,0
4.5,3.5,,1002.37,0,10791,,0,0,,0,0
4.5,3.6,,1002.16,0,9810,,0,0,,0,0
4.5,3.7,,1001.95,0,8829,,0,0,,0,0
4.5,3.8,,1001.73,0,7848,,0,0,,0,0
4.5,3.9,,1001.51,0,6867,,0,0,,0,0
4.5,4,,1001.3,0,5886,,0,0,,0,0
4.5,4.1,,1001.08,0,4905,,0,0,,0,0
4.5,4.2,,1000.87,0,3924,,0,0,,0,0
4.5,4.3,,1000.65,0,2943,,0,0,,0,0
4.5,4.4,,1000.43,0,1962,,0,0,,0,0
4.5,4.5,,1000.22,0,981,,0,0,,0,0
4.5,4.6,,1000,0,0,,0,0,,0,0
4.6,-0.3,,1010.33,0,48069,,0,0,,0,0
4.6,-0.2,,1010.12,0,47088,,0,0,,0,0
4.6,-0.1,,1009.92,0,46107,,0,0,,0,0
4.6,0,,1009.71,0,45126,,0,0,,0,0
4.6,0.1,,1009.51,0,44145,,0,0,,0,0
4.6,0.2,,1009.3,0,43164,,0,0,,0,0
4.6,0.3,,1009.1,0,42183,,0,0,,0,0
4.6,0.4,,1008.89,0,41202,,0,0,,0,0
4.6,0.5,,1008.68,0,40221,,0,0,,0,0
4.6,0.6,,1008.48,0,39240,,0,0,,0,0
4.6,0.7,,1008.27,0,38259,,0,0,,0,0
4.6,0.8,,1008.06,0,37278,,0,0,,0,0
4.6,0.9,,1007.86,0,36297,,0,0,,0,0
4.6,1,,1007.65,0,35316,,0,0,,0,0
4.6,1.1,,1007.44,0,34335,,0,0,,0,0
4.6,1.2,,1007.23,0,33354,,0,0,,0,0
4.6,1.3,,1007.02,0,32373,,0,0,,0,0
4.6,1.4,,1006.82,0,31392,,0,0,,0,0
4.6,1.5,,1006.61,0,30411,,0,0,,0,0
4.6,1.6,,1006.4,0,29430,,0,0,,0,0
4.6,1.7,,1006.19,0,28449,,0,0,,0,0
4.6,1.8,,1005.98,0,27468,,0,0,,0,0
4.6,1.9,,1005.77,0,26487,,0,0,,0,0
4.6,2,,1005.56,0,25506,,0,0,,0,0
4.6,2.1,,1005.35,0,24525,,0,0,,0,0
4.6,2.2,,1005.14,0,23544,,0,0,,0,0
4.6,2.3,,1004.93,0,22563,,0,0,,0,0
4.6,2.4,,1004.72,0,21582,,0,0,,0,0
4.6,2.5,,1004.5,0,20601,,0,0,,0,0
4.6,2.6,,1004.29,0,19620,,0,0,,0,0
4.6,2.7,,1004.08,0,18639,,0,0,,0,0
4.6,2.8,,1003.87,0,17658,,0,0,,0,0
4.6,2.9,,1003.66,0,16677,,0,0,,0,0
4.6,3,,1003.44,0,15696,,0,0,,0,0
4.6,3.1,,1003.23,0,14715,,0,0,,0,0
4.6,3.2,,1003.02,0,13734,,0,0,,0,0
4.6,3.3,,1002.8,0,12753,,0,0,,0,0
4.6,3.4,,1002.59,0,11772,,0,0,,0,0
4.6,3.5,,1002.37,0,10791,,0,0,,0,0
4.6,3.6,,1002.16,0,9810,,0,0,,0,0
4.6,3.7,,1001.95,0,8829,,0,0,,0,0
4.6,3.8,,1001.73,0,7848,,0,0,,0,0
4.6,3.9,,1001.51,0,6867,,0,0,,0,0
4.6,4,,1001.3,0,5886,,0,0,,0,0
4.6,4.1,,1001.08,0,4905,,0,0,,0,0
4.6,4.2,,1000.87,0,3924,,0,0,,0,0
4.6,4.3,,1000.65,0,2943,,0,0,,0,0
4.6,4.4,,1000.43,0,1962,,0,0,,0,0
4.6,4.5,,1000.22,0,981,,0,0,,0,0
4.6,4.6,,1000,0,0,,0,0,,0,0
