dx/h :,0.1
dy/h :,0.1
L2normdrhodt
1957.95

t,0.126
x,y,,rho,drhodt,pressure,,u,v,,dudt,dvdt
-0.3,-0.3,,1010.33,0,48069,,0,0,,0,0
-0.3,-0.2,,1010.12,0,47088,,0,0,,0,0
-0.3,-0.1,,1009.92,0,46107,,0,0,,0,0
-0.3,0,,1009.71,0,45126,,0,0,,0,0
-0.3,0.1,,1009.51,0,44145,,0,0,,0,0
-0.3,0.2,,1009.3,0,43164,,0,0,,0,0
-0.3,0.3,,1009.1,0,42183,,0,0,,0,0
-0.3,0.4,,1008.89,0,41202,,0,0,,0,0
-0.3,0.5,,1008.68,0,40221,,0,0,,0,0
-0.3,0.6,,1008.48,0,39240,,0,0,,0,0
-0.3,0.7,,1008.27,0,38259,,0,0,,0,0
-0.3,0.8,,1008.06,0,37278,,0,0,,0,0
-0.3,0.9,,1007.86,0,36297,,0,0,,0,0
-0.3,1,,1007.65,0,35316,,0,0,,0,0
-0.3,1.1,,1007.44,0,34335,,0,0,,0,0
-0.3,1.2,,1007.23,0,33354,,0,0,,0,0
-0.3,1.3,,1007.02,0,32373,,0,0,,0,0
-0.3,1.4,,1006.82,0,31392,,0,0,,0,0
-0.3,1.5,,1006.61,0,30411,,0,0,,0,0
-0.3,1.6,,1006.4,0,29430,,0,0,,0,0
-0.3,1.7,,1006.19,0,28449,,0,0,,0,0
-0.3,1.8,,1005.98,0,27468,,0,0,,0,0
-0.3,1.9,,1005.77,0,26487,,0,0,,0,0
-0.3,2,,1005.56,0,25506,,0,0,,0,0
-0.3,2.1,,1005.35,0,24525,,0,0,,0,0
-0.3,2.2,,1005.14,0,23544,,0,0,,0,0
-0.3,2.3,,1004.93,0,22563,,0,0,,0,0
-0.3,2.4,,1004.72,0,21582,,0,0,,0,0
-0.3,2.5,,1004.5,0,20601,,0,0,,0,0
-0.3,2.6,,1004.29,0,19620,,0,0,,0,0
-0.3,2.7,,1004.08,0,18639,,0,0,,0,0
-0.3,2.8,,1003.87,0,17658,,0,0,,0,0
-0.3,2.9,,1003.66,0,16677,,0,0,,0,0
-0.3,3,,1003.44,0,15696,,0,0,,0,0
-0.3,3.1,,1003.23,0,14715,,0,0,,0,0
-0.3,3.2,,1003.02,0,13734,,0,0,,0,0
-0.3,3.3,,1002.8,0,12753,,0,0,,0,0
-0.3,3.4,,1002.59,0,11772,,0,0,,0,0
-0.3,3.5,,1002.37,0,10791,,0,0,,0,0
-0.3,3.6,,1002.16,0,9810,,0,0,,0,0
-0.3,3.7,,1001.95,0,8829,,0,0,,0,0
-0.3,3.8,,1001.73,0,7848,,0,0,,0,0
-0.3,3.9,,1001.51,0,6867,,0,0,,0,0
-0.3,4,,1001.3,0,5886,,0,0,,0,0
-0.3,4.1,,1001.08,0,4905,,0,0,,0,0
-0.3,4.2,,1000.87,0,3924,,0,0,,0,0
-0.3,4.3,,1000.65,0,2943,,0,0,,0,0
-0.3,4.4,,1000.43,0,1962,,0,0,,0,0
-0.3,4.5,,1000.22,0,981,,0,0,,0,0
-0.3,4.6,,1000,0,0,,0,0,,0,0
-0.2,-0.3,,1010.33,0,48069,,0,0,,0,0
-0.2,-0.2,,1010.12,0,47088,,0,0,,0,0
-0.2,-0.1,,1009.92,0,46107,,0,0,,0,0
-0.2,0,,1009.71,0,45126,,0,0,,0,0
-0.2,0.1,,1009.51,0,44145,,0,0,,0,0
-0.2,0.2,,1009.3,0,43164,,0,0,,0,0
-0.2,0.3,,1009.1,0,42183,,0,0,,0,0
-0.2,0.4,,1008.89,0,41202,,0,0,,0,0
-0.2,0.5,,1008.68,0,40221,,0,0,,0,0
-0.2,0.6,,1008.48,0,39240,,0,0,,0,0
-0.2,0.7,,1008.27,0,38259,,0,0,,0,0
-0.2,0.8,,1008.06,0,37278,,0,0,,0,0
-0.2,0.9,,1007.86,0,36297,,0,0,,0,0
-0.2,1,,1007.65,0,35316,,0,0,,0,0
-0.2,1.1,,1007.44,0,34335,,0,0,,0,0
-0.2,1.2,,1007.23,0,33354,,0,0,,0,0
-0.2,1.3,,1007.02,0,32373,,0,0,,0,0
-0.2,1.4,,1006.82,0,31392,,0,0,,0,0
-0.2,1.5,,1006.61,0,30411,,0,0,,0,0
-0.2,1.6,,1006.4,0,29430,,0,0,,0,0
-0.2,1.7,,1006.19,0,28449,,0,0,,0,0
-0.2,1.8,,1005.98,0,27468,,0,0,,0,0
-0.2,1.9,,1005.77,0,26487,,0,0,,0,0
-0.2,2,,1005.56,0,25506,,0,0,,0,0
-0.2,2.1,,1005.35,0,24525,,0,0,,0,0
-0.2,2.2,,1005.14,0,23544,,0,0,,0,0
-0.2,2.3,,1004.93,0,22563,,0,0,,0,0
-0.2,2.4,,1004.72,0,21582,,0,0,,0,0
-0.2,2.5,,1004.5,0,20601,,0,0,,0,0
-0.2,2.6,,1004.29,0,19620,,0,0,,0,0
-0.2,2.7,,1004.08,0,18639,,0,0,,0,0
-0.2,2.8,,1003.87,0,17658,,0,0,,0,0
-0.2,2.9,,1003.66,0,16677,,0,0,,0,0
-0.2,3,,1003.44,0,15696,,0,0,,0,0
-0.2,3.1,,1003.23,0,14715,,0,0,,0,0
-0.2,3.2,,1003.02,0,13734,,0,0,,0,0
-0.2,3.3,,1002.8,0,12753,,0,0,,0,0
-0.2,3.4,,1002.59,0,11772,,0,0,,0,0
-0.2,3.5,,1002.37,0,10791,,0,0,,0,0
-0.2,3.6,,1002.16,0,9810,,0,0,,0,0
-0.2,3.7,,1001.95,0,8829,,0,0,,0,0
-0.2,3.8,,1001.73,0,7848,,0,0,,0,0
-0.2,3.9,,1001.51,0,6867,,0,0,,0,0
-0.2,4,,1001.3,0,5886,,0,0,,0,0
-0.2,4.1,,1001.08,0,4905,,0,0,,0,0
-0.2,4.2,,1000.87,0,3924,,0,0,,0,0
-0.2,4.3,,1000.65,0,2943,,0,0,,0,0
-0.2,4.4,,1000.43,0,1962,,0,0,,0,0
-0.2,4.5,,1000.22,0,981,,0,0,,0,0
-0.2,4.6,,1000,0,0,,0,0,,0,0
-0.1,-0.3,,1010.33,0,48069,,0,0,,0,0
-0.1,-0.2,,1010.12,0,47088,,0,0,,0,0
-0.1,-0.1,,1009.92,0,46107,,0,0,,0,0
-0.1,0,,1009.71,0,45126,,0,0,,0,0
-0.1,0.1,,1009.51,0,44145,,0,0,,0,0
-0.1,0.2,,1009.3,0,43164,,0,0,,0,0
-0.1,0.3,,1009.1,0,42183,,0,0,,0,0
-0.1,0.4,,1008.89,0,41202,,0,0,,0,0
-0.1,0.5,,1008.68,0,40221,,0,0,,0,0
-0.1,0.6,,1008.48,0,39240,,0,0,,0,0
-0.1,0.7,,1008.27,0,38259,,0,0,,0,0
-0.1,0.8,,1008.06,0,37278,,0,0,,0,0
-0.1,0.9,,1007.86,0,36297,,0,0,,0,0
-0.1,1,,1007.65,0,35316,,0,0,,0,0
-0.1,1.1,,1007.44,0,34335,,0,0,,0,0
-0.1,1.2,,1007.23,0,33354,,0,0,,0,0
-0.1,1.3,,1007.02,0,32373,,0,0,,0,0
-0.1,1.4,,1006.82,0,31392,,0,0,,0,0
-0.1,1.5,,1006.61,0,30411,,0,0,,0,0
-0.1,1.6,,1006.4,0,29430,,0,0,,0,0
-0.1,1.7,,1006.19,0,28449,,0,0,,0,0
-0.1,1.8,,1005.98,0,27468,,0,0,,0,0
-0.1,1.9,,1005.77,0,26487,,0,0,,0,0
-0.1,2,,1005.56,0,25506,,0,0,,0,0
-0.1,2.1,,1005.35,0,24525,,0,0,,0,0
-0.1,2.2,,1005.14,0,23544,,0,0,,0,0
-0.1,2.3,,1004.93,0,22563,,0,0,,0,0
-0.1,2.4,,1004.72,0,21582,,0,0,,0,0
-0.1,2.5,,1004.5,0,20601,,0,0,,0,0
-0.1,2.6,,1004.29,0,19620,,0,0,,0,0
-0.1,2.7,,1004.08,0,18639,,0,0,,0,0
-0.1,2.8,,1003.87,0,17658,,0,0,,0,0
-0.1,2.9,,1003.66,0,16677,,0,0,,0,0
-0.1,3,,1003.44,0,15696,,0,0,,0,0
-0.1,3.1,,1003.23,0,14715,,0,0,,0,0
-0.1,3.2,,1003.02,0,13734,,0,0,,0,0
-0.1,3.3,,1002.8,0,12753,,0,0,,0,0
-0.1,3.4,,1002.59,0,11772,,0,0,,0,0
-0.1,3.5,,1002.37,0,10791,,0,0,,0,0
-0.1,3.6,,1002.16,0,9810,,0,0,,0,0
-0.1,3.7,,1001.95,0,8829,,0,0,,0,0
-0.1,3.8,,1001.73,0,7848,,0,0,,0,0
-0.1,3.9,,1001.51,0,6867,,0,0,,0,0
-0.1,4,,1001.3,0,5886,,0,0,,0,0
-0.1,4.1,,1001.08,0,4905,,0,0,,0,0
-0.1,4.2,,1000.87,0,3924,,0,0,,0,0
-0.1,4.3,,1000.65,0,2943,,0,0,,0,0
-0.1,4.4,,1000.43,0,1962,,0,0,,0,0
-0.1,4.5,,1000.22,0,981,,0,0,,0,0
-0.1,4.6,,1000,0,0,,0,0,,0,0
0,-0.3,,1010.33,0,48069,,0,0,,0,0
0,-0.2,,1010.12,0,47088,,0,0,,0,0
0,-0.1,,1009.92,0,46107,,0,0,,0,0
0.00310941,-0.0617735,,1008.11,382.668,37496.1,,0.474787,-0.578602,,-25.9859,-25.9184
-0.00215874,0.0370166,,1007.22,315.249,33304.3,,0.370587,-0.707857,,-25.4396,-19.0363
-0.00664134,0.137723,,1006.67,242.909,30725.2,,0.243399,-0.810757,,-25.0642,-13.2057
-0.00970109,0.23991,,1006.48,169.631,29797.5,,0.105411,-0.87742,,-25.0656,-8.44046
-0.0112356,0.342686,,1006.46,100.282,29717.6,,-0.0258439,-0.906258,,-25.174,-4.47179
-0.0116179,0.4452,,1006.42,38.9211,29552.9,,-0.136211,-0.904599,,-24.9805,-1.14229
-0.011398,0.54695,,1006.24,-10.5631,28682.1,,-0.217117,-0.883483,,-24.2074,1.5359
-0.011025,0.647796,,1005.86,-44.3218,26925.7,,-0.264443,-0.853373,,-22.8132,3.48138
-0.0107251,0.747845,,1005.34,-59.2928,24480.4,,-0.277356,-0.82224,,-20.9692,4.64379
-0.0105196,0.847322,,1004.76,-54.1402,21767.5,,-0.25785,-0.795119,,-18.9776,5.04763
-0.0103058,0.946489,,1004.22,-29.7878,19273.4,,-0.210523,-0.774387,,-17.1795,4.78726
-0.0099449,1.0456,,1003.82,10.66,17426.4,,-0.142119,-0.760438,,-15.8801,3.99983
-0.00932461,1.14486,,1003.62,62.4685,16526.4,,-0.0607871,-0.752563,,-15.3027,2.83894
-0.00839216,1.24443,,1003.66,120.036,16717.6,,0.0248435,-0.749789,,-15.5665,1.45914
-0.0071607,1.34439,,1003.94,177.653,17990.6,,0.106606,-0.751472,,-16.684,0.0105405
-0.00569689,1.44471,,1004.42,230.137,20200.3,,0.177661,-0.757541,,-18.5693,-1.36342
-0.00409882,1.54528,,1005.04,273.321,23092.8,,0.233172,-0.768439,,-21.0535,-2.53162
-0.0024735,1.64592,,1005.74,304.379,26339.9,,0.270698,-0.784853,,-23.907,-3.3874
-0.000924914,1.74643,,1006.43,321.951,29575.9,,0.290143,-0.807111,,-26.8654,-3.8627
0.000440627,1.8467,,1007.04,326.048,32437.4,,0.293139,-0.834112,,-29.6602,-3.92697
0.00152269,1.94671,,1007.5,317.879,34608.9,,0.28246,-0.863279,,-32.0499,-3.58037
0.00224935,2.04649,,1007.77,299.508,35871.2,,0.261442,-0.891447,,-33.8498,-2.84888
0.00260056,2.1461,,1007.82,273.569,36131.2,,0.233687,-0.915885,,-34.9504,-1.78369
0.00260664,2.24559,,1007.67,243.038,35413.4,,0.202882,-0.934595,,-35.315,-0.462097
0.00233709,2.34503,,1007.34,210.956,33841.1,,0.172513,-0.946374,,-34.9734,1.02024
0.00188605,2.44448,,1006.86,180.173,31609.6,,0.145587,-0.95084,,-34.0111,2.55958
0.00135728,2.54397,,1006.3,153.132,28955.4,,0.124433,-0.948397,,-32.5541,4.05486
0.000850658,2.64354,,1005.69,131.718,26125.5,,0.110608,-0.94016,,-30.7518,5.41719
0.00045044,2.74321,,1005.1,117.188,23348.5,,0.104887,-0.927815,,-28.7587,6.57744
0.000209934,2.84297,,1004.55,110.074,20809,,0.107181,-0.913457,,-26.7163,7.49357
0.000143083,2.94278,,1004.08,110.201,18628.9,,0.116601,-0.899402,,-24.7366,8.15238
0.000224498,3.04262,,1003.69,116.746,16854.6,,0.131674,-0.887978,,-22.8901,8.56563
0.00039402,3.14244,,1003.39,128.355,15457.2,,0.150512,-0.881331,,-21.2015,8.76538
0.000564869,3.2422,,1003.15,143.276,14345.8,,0.170911,-0.881237,,-19.6541,8.79834
0.000634392,3.34186,,1002.94,159.53,13394.3,,0.190376,-0.888893,,-18.2037,8.71794
0.000496853,3.44143,,1002.74,175.096,12476.2,,0.206106,-0.904696,,-16.7984,8.57454
5.84688e-05,3.54093,,1002.53,188.114,11499.7,,0.215082,-0.927992,,-15.3992,8.40642
-0.000745103,3.64044,,1002.3,197.106,10431.2,,0.214391,-0.956824,,-13.9947,8.23559
-0.0019304,3.74007,,1002.05,201.18,9295.34,,0.201881,-0.987833,,-12.6015,8.0701
-0.00345187,3.83998,,1001.8,200.158,8145.29,,0.177032,-1.01654,,-11.2473,7.90822
-0.00519913,3.94031,,1001.55,194.557,7013.15,,0.141652,-1.03826,,-9.94486,7.73569
-0.0070114,4.04115,,1001.3,185.424,5868.43,,0.0998806,-1.04949,,-8.67434,7.51192
-0.00870899,4.14253,,1001.02,174.071,4615.54,,0.0571415,-1.04917,,-7.39296,7.15646
-0.010134,4.24437,,1000.69,161.647,3137.03,,0.0182747,-1.03888,,-6.06849,6.55754
-0.0111874,4.34653,,1000.3,148.375,1350.43,,-0.0143206,-1.02122,,-4.71107,5.61171
-0.0118452,4.44882,,999.833,132.47,-752.466,,-0.041517,-0.996875,,-3.38103,4.28193
-0.0121413,4.55107,,999.326,109.451,-3035.25,,-0.066807,-0.96208,,-2.18867,2.67974
0.1,-0.3,,1010.33,0,48069,,0,0,,0,0
0.1,-0.2,,1010.12,0,47088,,0,0,,0,0
0.1,-0.1,,1009.92,0,46107,,0,0,,0,0
0.102015,-0.0636162,,1007.29,327.701,33621.6,,0.359647,-0.605742,,-20.3328,-25.3771
0.0955627,0.0335872,,1005.44,270.312,24967.9,,0.278165,-0.721724,,-17.8517,-16.4379
0.0897358,0.133456,,1004.26,197.528,19480,,0.161129,-0.830527,,-16.0024,-9.80029
0.0855846,0.2358,,1003.8,123.529,17353,,0.0266263,-0.904546,,-15.1975,-5.17245
0.0835424,0.339487,,1003.8,57.7732,17330.6,,-0.0994899,-0.932786,,-15.101,-1.76438
0.0832666,0.443183,,1003.91,3.2557,17871.4,,-0.199769,-0.923402,,-15.1018,0.955348
0.0839825,0.545976,,1003.92,-39.3605,17878.4,,-0.268238,-0.892024,,-14.7277,3.12715
0.0849415,0.647544,,1003.7,-68.947,16860.9,,-0.305365,-0.852451,,-13.7856,4.68705
0.0856884,0.74799,,1003.25,-83.6248,14829.1,,-0.313328,-0.813835,,-12.3293,5.54969
0.0860958,0.847618,,1002.67,-81.7239,12122.7,,-0.294464,-0.781208,,-10.5773,5.69677
0.0862662,0.946783,,1002.04,-62.8319,9242.1,,-0.251709,-0.756625,,-8.82953,5.19197
0.0864034,1.04582,,1001.48,-28.3498,6706.13,,-0.189357,-0.740159,,-7.39547,4.15909
0.0867088,1.14499,,1001.09,18.5394,4949.51,,-0.113283,-0.7308,,-6.53871,2.75202
0.0873197,1.24451,,1000.94,73.3277,4264.46,,-0.0305614,-0.727287,,-6.44105,1.13231
0.0882883,1.34446,,1001.06,130.83,4777.7,,0.0513265,-0.72875,,-7.18448,-0.541641
0.0895889,1.44485,,1001.42,185.856,6451.7,,0.125466,-0.735033,,-8.74748,-2.11859
0.0911418,1.54554,,1002,233.804,9101.95,,0.186423,-0.746653,,-11.0126,-3.45933
0.0928409,1.64632,,1002.73,271.144,12426.5,,0.230899,-0.764507,,-13.7838,-4.44761
0.0945681,1.74696,,1003.52,295.683,16043.6,,0.257877,-0.789116,,-16.8112,-5.00509
0.0961895,1.84731,,1004.28,306.583,19542.1,,0.268025,-0.819353,,-19.8251,-5.09321
0.097568,1.94735,,1004.92,304.298,22537.2,,0.263211,-0.852365,,-22.5699,-4.70897
0.0985944,2.04711,,1005.39,290.331,24732,,0.24609,-0.884533,,-24.8383,-3.88049
0.0992212,2.14667,,1005.66,267.033,25961.3,,0.219947,-0.91269,,-26.4925,-2.66549
0.0994634,2.24608,,1005.7,237.346,26186.9,,0.188535,-0.93448,,-27.4643,-1.15165
0.0993855,2.34542,,1005.55,204.507,25482.3,,0.155714,-0.948439,,-27.7506,0.552159
0.0990853,2.44476,,1005.24,171.732,24008.4,,0.125088,-0.95403,,-27.4052,2.32743
0.0986759,2.54416,,1004.8,141.936,21983.8,,0.099697,-0.951623,,-26.5268,4.05821
0.0982695,2.64366,,1004.3,117.526,19651.4,,0.0818149,-0.94242,,-25.2431,5.64183
0.0979632,2.74327,,1003.78,100.25,17247.9,,0.0728453,-0.928298,,-23.6947,6.99757
0.097822,2.84299,,1003.29,91.0281,14976,,0.0731395,-0.911603,,-22.0178,8.07403
0.0978686,2.9428,,1002.85,89.8961,12983.8,,0.0819667,-0.894926,,-20.329,8.85048
0.0980824,3.04266,,1002.5,96.0429,11348.7,,0.0977069,-0.880883,,-18.7128,9.33316
0.098405,3.14255,,1002.22,107.933,10074.1,,0.118073,-0.871915,,-17.2146,9.5509
0.0987504,3.2424,,1002.01,123.519,9102.84,,0.140313,-0.870061,,-15.845,9.55017
0.0990193,3.3422,,1001.84,140.522,8345.34,,0.161377,-0.876695,,-14.5911,9.38856
0.0991155,3.44193,,1001.7,156.747,7716.2,,0.178081,-0.892222,,-13.4342,9.1269
0.0989623,3.54161,,1001.58,170.382,7166.64,,0.187356,-0.915759,,-12.3654,8.82306
0.0985182,3.64131,,1001.48,180.229,6697.69,,0.186693,-0.944906,,-11.3914,8.52983
0.0977873,3.74112,,1001.4,185.775,6341.76,,0.174776,-0.975786,,-10.525,8.29531
0.096822,3.84116,,1001.35,187.095,6114.39,,0.152128,-1.00361,,-9.76125,8.15711
0.0957136,3.94154,,1001.32,184.641,5958.91,,0.121426,-1.0239,,-9.05413,8.12125
0.0945753,4.04233,,1001.26,179.139,5723.52,,0.0871335,-1.03403,,-8.3169,8.13031
0.0935234,4.14353,,1001.15,171.663,5201.73,,0.0543223,-1.0345,,-7.45668,8.04776
0.0926546,4.24505,,1000.93,163.597,4221.8,,0.0269252,-1.02866,,-6.42669,7.68958
0.0920227,4.34679,,1000.6,155.833,2711.81,,0.00617475,-1.02039,,-5.2526,6.89412
0.0916219,4.44862,,1000.15,147.056,676.666,,-0.00984481,-1.01048,,-4.00971,5.57688
0.0913985,4.55045,,999.594,132.141,-1831.5,,-0.0252971,-0.993563,,-2.79345,3.7708
0.2,-0.3,,1010.33,0,48069,,0,0,,0,0
0.2,-0.2,,1010.12,0,47088,,0,0,,0,0
0.2,-0.1,,1009.92,0,46107,,0,0,,0,0
0.201384,-0.0654807,,1006.63,262.404,30525.8,,0.240999,-0.662526,,-15.4456,-24.758
0.194326,0.0299656,,1004.05,205.436,18477.2,,0.165001,-0.773729,,-12.0252,-14.0832
0.187552,0.128678,,1002.47,122.205,11215.2,,0.040137,-0.89894,,-9.62258,-6.94319
0.18251,0.230958,,1002.01,40.8594,9112.49,,-0.107843,-0.986201,,-8.7936,-2.71913
0.180024,0.33555,,1002.23,-23.9247,10146.3,,-0.241495,-1.0109,,-9.03333,0.0325981
0.179874,0.44057,,1002.62,-71.8252,11917.8,,-0.337753,-0.98418,,-9.47664,2.23175
0.181117,0.544578,,1002.83,-106.859,12899.7,,-0.393954,-0.931279,,-9.52473,4.07331
0.182717,0.646988,,1002.75,-131.267,12518.7,,-0.418035,-0.872857,,-8.97215,5.41977
0.183973,0.747886,,1002.38,-144.688,10808.6,,-0.418271,-0.820214,,-7.87702,6.11553
0.184628,0.847676,,1001.79,-145.484,8124.12,,-0.399395,-0.77786,,-6.43232,6.10068
0.184766,0.946833,,1001.1,-132.247,4973.62,,-0.363462,-0.746687,,-4.8933,5.41849
0.184647,1.04579,,1000.42,-104.849,1907.42,,-0.312066,-0.725834,,-3.53242,4.18707
0.184558,1.14487,,999.874,-64.8585,-570.045,,-0.247962,-0.713663,,-2.6019,2.56517
0.184729,1.24434,,999.542,-15.4301,-2065.98,,-0.175596,-0.708462,,-2.30088,0.725127
0.185289,1.3443,,999.481,39.1496,-2340.16,,-0.100712,-0.709032,,-2.75068,-1.16238
0.186267,1.44475,,999.706,94.0727,-1323.67,,-0.0294278,-0.715032,,-3.98046,-2.9348
0.187617,1.54557,,1000.2,144.653,880.891,,0.0328531,-0.726999,,-5.92403,-4.44265
0.189245,1.64649,,1000.89,186.905,4016.5,,0.0823403,-0.74603,,-8.42836,-5.5597
0.191027,1.74726,,1001.7,217.932,7706.67,,0.11715,-0.772867,,-11.2746,-6.19803
0.192807,1.8477,,1002.53,236.074,11518.6,,0.136778,-0.806367,,-14.2144,-6.31163
0.19441,1.94776,,1003.3,240.967,15027.2,,0.141774,-0.84339,,-17.0039,-5.89406
0.195691,2.04751,,1003.92,233.434,17884.7,,0.133596,-0.879823,,-19.4378,-4.97436
0.19657,2.147,,1004.35,215.383,19869.1,,0.114751,-0.912009,,-21.3688,-3.61524
0.197043,2.24632,,1004.56,189.55,20882,,0.0886537,-0.937186,,-22.7083,-1.91321
0.197164,2.34555,,1004.58,159.168,20939.2,,0.059214,-0.953585,,-23.4249,0.0108562
0.197026,2.44478,,1004.41,127.629,20152,,0.0303908,-0.96048,,-23.5389,2.02441
0.196747,2.54408,,1004.09,98.1514,18700.5,,0.00577287,-0.958184,,-23.1147,3.99662
0.196444,2.64349,,1003.68,73.5218,16804.5,,-0.0117387,-0.947976,,-22.2493,5.81045
0.196225,2.74304,,1003.22,55.8841,14691.3,,-0.0201405,-0.931927,,-21.0584,7.37251
0.196162,2.84272,,1002.76,46.5169,12570.2,,-0.018588,-0.91262,,-19.6631,8.62123
0.196289,2.94254,,1002.34,45.7142,10612.7,,-0.0075268,-0.892875,,-18.1778,9.52846
0.196594,3.04244,,1001.97,52.7872,8932.3,,0.0114643,-0.87554,,-16.6961,10.0956
0.197026,3.14241,,1001.67,66.1883,7576.62,,0.0359363,-0.863293,,-15.2842,10.349
0.197509,3.2424,,1001.44,83.7704,6536.33,,0.0628749,-0.858416,,-13.9796,10.3356
0.197955,3.34236,,1001.27,103.153,5769.44,,0.0890099,-0.862493,,-12.7998,10.1177
0.198283,3.44227,,1001.16,122.13,5234.07,,0.111125,-0.876056,,-11.7539,9.76709
0.198439,3.54215,,1001.09,139.02,4915.36,,0.126402,-0.898244,,-10.8525,9.36139
0.198398,3.64202,,1001.07,152.841,4830.35,,0.132818,-0.926616,,-10.1083,8.98238
0.198171,3.74196,,1001.1,163.227,5001.18,,0.129551,-0.957301,,-9.52399,8.71305
0.197789,3.84203,,1001.19,170.114,5402.65,,0.117267,-0.98562,,-9.07018,8.62258
0.197296,3.94233,,1001.3,173.437,5909.26,,0.0981797,-1.00726,,-8.66982,8.73105
0.196737,4.0429,,1001.39,173.196,6281.76,,0.075812,-1.01983,,-8.20612,8.96316
0.196167,4.14377,,1001.38,170.047,6231.73,,0.0542794,-1.02429,,-7.56595,9.13016
0.195648,4.24492,,1001.23,165.762,5552.03,,0.0369001,-1.02486,,-6.7005,8.98488
0.195225,4.34623,,1000.93,162.316,4201.57,,0.0246485,-1.0263,,-5.64946,8.32684
0.194902,4.44763,,1000.49,159.356,2225.03,,0.0156585,-1.02959,,-4.49725,7.0511
0.194638,4.5491,,999.914,151.737,-388.086,,0.00618181,-1.02856,,-3.32038,5.12654
0.3,-0.3,,1010.33,0,48069,,0,0,,0,0
0.3,-0.2,,1010.12,0,47088,,0,0,,0,0
0.3,-0.1,,1009.92,0,46107,,0,0,,0,0
0.301227,-0.0670494,,1006.24,189.102,28678.1,,0.131195,-0.74888,,-11.5612,-24.4543
0.294364,0.0268154,,1003.22,130.97,14664.2,,0.0550523,-0.860401,,-8.1072,-12.6012
0.28746,0.124355,,1001.57,38.3081,7133.08,,-0.0790394,-1.00721,,-5.96871,-5.40235
0.282201,0.226504,,1001.45,-45.6553,6584.18,,-0.239314,-1.10932,,-5.74475,-1.86274
0.279718,0.331983,,1002.17,-102.98,9847.09,,-0.377939,-1.12544,,-6.68708,0.241352
0.279929,0.438344,,1002.93,-139.247,13351,,-0.466464,-1.07174,,-7.66056,2.18388
0.281794,0.543558,,1003.34,-164.285,15205.2,,-0.505864,-0.987606,,-8.02026,4.04448
0.284061,0.646749,,1003.31,-182.695,15084.3,,-0.512334,-0.903417,,-7.68383,5.4775
0.285843,0.747996,,1002.94,-194.293,13366.7,,-0.501155,-0.832933,,-6.83032,6.21746
0.286776,0.847837,,1002.33,-196.83,10590.1,,-0.480212,-0.779132,,-5.6887,6.1786
0.286927,0.946893,,1001.61,-187.991,7289.15,,-0.451149,-0.740635,,-4.47737,5.40973
0.286594,1.0457,,1000.88,-166.54,3976.59,,-0.412993,-0.714951,,-3.4029,4.04079
0.286134,1.14466,,1000.25,-132.843,1130.46,,-0.365158,-0.699547,,-2.65904,2.24409
0.285853,1.24405,,999.813,-88.9271,-841.379,,-0.308939,-0.692232,,-2.41242,0.207775
0.285951,1.34401,,999.635,-38.1908,-1644.9,,-0.247644,-0.691515,,-2.78138,-1.88031
0.286514,1.44454,,999.748,15.0972,-1138.19,,-0.185836,-0.696903,,-3.81577,-3.841
0.287537,1.54548,,1000.14,66.4012,644.328,,-0.128199,-0.708955,,-5.48394,-5.5101
0.288948,1.64655,,1000.77,111.523,3489.5,,-0.0785016,-0.728986,,-7.67168,-6.74931
0.290624,1.74744,,1001.55,147.065,7037.88,,-0.0392304,-0.757955,,-10.1988,-7.46167
0.292396,1.84795,,1002.39,170.734,10861.2,,-0.0119945,-0.794702,,-12.8552,-7.59522
0.294066,1.94804,,1003.19,181.511,14532.3,,0.00234843,-0.835782,,-15.4327,-7.14107
0.295456,2.04775,,1003.88,179.655,17693,,0.00386738,-0.876567,,-17.7524,-6.12886
0.296464,2.14717,,1004.39,166.673,20093.8,,-0.00595499,-0.912891,,-19.678,-4.62505
0.297066,2.24639,,1004.72,145.042,21592.9,,-0.0243355,-0.941559,,-21.1164,-2.73369
0.2973,2.3455,,1004.84,117.879,22152.2,,-0.0476288,-0.960477,,-22.0179,-0.586484
0.297253,2.44462,,1004.77,88.5801,21827.2,,-0.0718388,-0.968712,,-22.3757,1.67066
0.297038,2.54381,,1004.54,60.4833,20748.3,,-0.0931158,-0.966504,,-22.2215,3.89213
0.296771,2.64313,,1004.18,36.5755,19096.9,,-0.108169,-0.955201,,-21.6197,5.94598
0.296561,2.74262,,1003.74,19.2498,17078.1,,-0.114566,-0.937071,,-20.6573,7.72524
0.296488,2.84228,,1003.27,10.0541,14896.8,,-0.111042,-0.914925,,-19.4349,9.15814
0.296593,2.94209,,1002.8,9.52667,12740.8,,-0.0976964,-0.891792,,-18.0569,10.2105
0.296874,3.04205,,1002.37,17.1642,10758.5,,-0.0758938,-0.87071,,-16.6195,10.8814
0.297293,3.1421,,1001.99,31.5269,9044.11,,-0.0479766,-0.854563,,-15.2015,11.1972
0.297788,3.2422,,1001.68,50.5115,7638.73,,-0.0168953,-0.845871,,-13.8601,11.2072
0.298288,3.34231,,1001.44,71.7606,6546.87,,0.0141952,-0.84648,,-12.6338,10.9779
0.298731,3.44239,,1001.27,93.1221,5762.85,,0.0423224,-0.857195,,-11.5494,10.5897
0.299079,3.54242,,1001.17,113.023,5293.69,,0.0650347,-0.877453,,-10.6277,10.1333
0.299318,3.64241,,1001.14,130.609,5164.15,,0.080647,-0.905168,,-9.88374,9.70887
0.299451,3.74238,,1001.19,145.549,5395.68,,0.088343,-0.936845,,-9.31806,9.42197
0.299477,3.84236,,1001.32,157.585,5959.93,,0.088169,-0.96798,,-8.90141,9.36682
0.299385,3.94244,,1001.48,166.104,6717.81,,0.0811269,-0.993898,,-8.55911,9.58371
0.299164,4.0427,,1001.63,170.316,7382.6,,0.0694574,-1.0114,,-8.17225,9.99526
0.29883,4.14323,,1001.67,170.353,7583.26,,0.0565653,-1.02098,,-7.61742,10.372
0.298438,4.24404,,1001.56,168.39,7051.57,,0.0457846,-1.02745,,-6.83681,10.4059
0.298051,4.34502,,1001.27,167.682,5764.31,,0.038472,-1.03682,,-5.87155,9.86378
0.29769,4.44611,,1000.84,169.065,3817.97,,0.0332614,-1.0507,,-4.80754,8.63917
0.297334,4.54731,,1000.26,167.664,1163.12,,0.0271095,-1.06275,,-3.70453,6.65495
0.4,-0.3,,1010.33,0,48069,,0,0,,0,0
0.4,-0.2,,1010.12,0,47088,,0,0,,0,0
0.4,-0.1,,1009.92,0,46107,,0,0,,0,0
0.401263,-0.0682603,,1006.03,112.843,27729.3,,0.0415654,-0.854802,,-8.53276,-24.4274
0.395267,0.0245021,,1002.86,56.7803,13036.1,,-0.0321466,-0.966279,,-5.59413,-11.9948
0.389058,0.121188,,1001.4,-38.421,6363.1,,-0.164659,-1.13128,,-4.0914,-5.11034
0.384349,0.223353,,1001.82,-116.008,8258.97,,-0.321895,-1.24288,,-4.56841,-2.38416
0.382392,0.329732,,1003.11,-158.075,14177.9,,-0.45121,-1.24342,,-6.07635,-0.785344
0.383184,0.437337,,1004.21,-179.143,19221.2,,-0.522262,-1.15609,,-7.32023,1.21559
0.385657,0.543572,,1004.65,-194.722,21293.7,,-0.539849,-1.03682,,-7.71488,3.41027
0.388476,0.647308,,1004.52,-209.358,20667.3,,-0.526625,-0.926315,,-7.36875,5.14688
0.390672,0.748665,,1004.02,-220.786,18357.3,,-0.502939,-0.839768,,-6.61185,6.04883
0.391842,0.848347,,1003.34,-225.118,15217.9,,-0.478776,-0.777193,,-5.7183,6.04277
0.392042,0.947138,,1002.6,-219.166,11809.5,,-0.455311,-0.733863,,-4.86837,5.21775
0.391589,1.04569,,1001.88,-201.177,8532.58,,-0.429508,-0.705134,,-4.19243,3.73378
0.390877,1.14445,,1001.27,-171.036,5739,,-0.398035,-0.687493,,-3.80561,1.78234
0.390254,1.24374,,1000.83,-130.253,3757.67,,-0.359405,-0.678433,,-3.81429,-0.432576
0.389967,1.34369,,1000.63,-81.7288,2861.99,,-0.314526,-0.676406,,-4.30296,-2.70634
0.390146,1.44429,,1000.71,-29.3693,3214.54,,-0.266154,-0.680968,,-5.31346,-4.84212
0.390818,1.54535,,1001.06,22.4311,4815.78,,-0.217844,-0.692846,,-6.82654,-6.65926
0.391936,1.64655,,1001.65,69.3524,7479.79,,-0.172939,-0.713635,,-8.75446,-8.00657
0.393386,1.74755,,1002.39,107.675,10866.7,,-0.134171,-0.744505,,-10.9542,-8.77879
0.394997,1.84813,,1003.2,134.73,14572.8,,-0.103921,-0.784264,,-13.2601,-8.91964
0.396564,1.94823,,1003.99,149.15,18202.5,,-0.0841487,-0.829151,,-15.5107,-8.41926
0.397899,2.04791,,1004.68,150.92,21426.3,,-0.0759379,-0.874049,,-17.5671,-7.30814
0.398886,2.14725,,1005.24,141.328,23997.8,,-0.078753,-0.9143,,-19.3172,-5.65595
0.399487,2.24637,,1005.61,122.67,25751.8,,-0.0905261,-0.946296,,-20.6757,-3.57325
0.399728,2.34537,,1005.79,97.9278,26607.5,,-0.108095,-0.967621,,-21.5872,-1.20153
0.399681,2.44437,,1005.79,70.4142,26567.5,,-0.127726,-0.977129,,-22.0277,1.30089
0.399449,2.54345,,1005.6,43.4512,25709.4,,-0.145644,-0.974975,,-22.005,3.77418
0.399142,2.64269,,1005.27,20.0791,24170.7,,-0.158484,-0.962557,,-21.5564,6.07155
0.398863,2.74211,,1004.83,2.80649,22127,,-0.163651,-0.942321,,-20.7436,8.07223
0.398693,2.84174,,1004.33,-6.65036,19772.4,,-0.159624,-0.917312,,-19.646,9.69443
0.398677,2.94156,,1003.79,-7.56232,17303.5,,-0.146198,-0.890782,,-18.3539,10.8989
0.398824,3.04154,,1003.27,-0.249936,14897.7,,-0.124425,-0.86598,,-16.9586,11.684
0.399107,3.14165,,1002.79,13.9918,12691,,-0.0963486,-0.846014,,-15.5419,12.0784
0.399482,3.24184,,1002.37,33.1541,10769.3,,-0.064616,-0.833662,,-14.17,12.1344
0.399893,3.34205,,1002.02,54.9367,9176.54,,-0.0320469,-0.831073,,-12.892,11.9231
0.400295,3.44223,,1001.75,77.2366,7934.92,,-0.00124278,-0.839403,,-11.743,11.5298
0.400663,3.54234,,1001.56,98.5512,7067.18,,0.0256941,-0.858501,,-10.7486,11.0519
0.400985,3.64235,,1001.46,118.124,6609.72,,0.0472492,-0.886754,,-9.92659,10.5989
0.401252,3.74225,,1001.46,135.72,6605.6,,0.0623739,-0.921037,,-9.284,10.2918
0.401437,3.84206,,1001.56,151.033,7062.99,,0.0703552,-0.956714,,-8.80514,10.2504
0.401491,3.94187,,1001.73,163.048,7866.46,,0.0711082,-0.988109,,-8.43126,10.5468
0.40137,4.04183,,1001.91,170.167,8688.36,,0.065975,-1.01055,,-8.04962,11.1137
0.401081,4.14209,,1001.99,171.873,9046.9,,0.0580616,-1.02388,,-7.529,11.6807
0.400684,4.24266,,1001.89,170.727,8583.1,,0.0509068,-1.03401,,-6.80166,11.8701
0.400254,4.34346,,1001.61,171.372,7290.87,,0.0462023,-1.04872,,-5.90687,11.4196
0.399825,4.44435,,1001.18,175.882,5340.54,,0.0429511,-1.07053,,-4.92984,10.2403
0.399386,4.54537,,1000.59,179.696,2671.15,,0.0386846,-1.0931,,-3.91858,8.23086
0.5,-0.3,,1010.33,0,48069,,0,0,,0,0
0.5,-0.2,,1010.12,0,47088,,0,0,,0,0
0.5,-0.1,,1009.92,0,46107,,0,0,,0,0
0.501191,-0.0692824,,1005.88,38.7993,27001.1,,-0.0224433,-0.966595,,-6.17284,-24.4019
0.496382,0.0229311,,1002.75,-11.9254,12496.7,,-0.089399,-1.07523,,-3.94248,-11.8751
0.491347,0.119237,,1001.58,-103.568,7171.86,,-0.208475,-1.24989,,-3.07023,-5.50228
0.487646,0.221688,,1002.53,-169.206,11519.8,,-0.34696,-1.36143,,-3.97927,-3.52347
0.486464,0.328999,,1004.29,-193.867,19621.4,,-0.454172,-1.33957,,-5.65282,-2.20495
0.487809,0.437689,,1005.53,-201.881,25368.9,,-0.502292,-1.2164,,-6.82658,0.0886345
0.490658,0.544681,,1005.82,-212.666,26714.8,,-0.499366,-1.06414,,-7.06034,2.75451
0.49373,0.648675,,1005.4,-228.168,24775.4,,-0.470872,-0.932088,,-6.6227,4.82646
0.496094,0.749884,,1004.66,-242.426,21330.6,,-0.438639,-0.835036,,-5.93011,5.86177
0.49737,0.849202,,1003.85,-249.453,17570.1,,-0.412854,-0.768778,,-5.26201,5.84396
0.497617,0.947582,,1003.08,-245.432,14043.5,,-0.394017,-0.72463,,-4.75383,4.92794
0.497144,1.04578,,1002.42,-228.646,10981.8,,-0.37787,-0.695633,,-4.47038,3.31298
0.49634,1.1443,,1001.88,-199.133,8548.68,,-0.359507,-0.677394,,-4.45995,1.20872
0.495557,1.24346,,1001.53,-158.457,6934,,-0.335705,-0.667335,,-4.77244,-1.17022
0.495053,1.34338,,1001.4,-109.481,6337.13,,-0.305651,-0.664138,,-5.45268,-3.60804
0.494976,1.44404,,1001.52,-56.0619,6896.6,,-0.270602,-0.667681,,-6.52211,-5.89439
0.495376,1.54521,,1001.9,-2.63164,8613.34,,-0.233002,-0.67907,,-7.95983,-7.83473
0.49622,1.64654,,1002.49,46.3223,11309,,-0.195608,-0.700261,,-9.69375,-9.26666
0.497407,1.74764,,1003.22,86.8489,14659.5,,-0.161094,-0.732629,,-11.6114,-10.0779
0.498779,1.84827,,1004.01,116.102,18293.5,,-0.132158,-0.774936,,-13.5872,-10.2093
0.50014,1.94838,,1004.78,132.632,21865.7,,-0.111329,-0.823109,,-15.5034,-9.651
0.501311,2.04803,,1005.47,136.421,25095.9,,-0.100332,-0.871592,,-17.2598,-8.43481
0.502178,2.14731,,1006.04,128.736,27759.5,,-0.0992741,-0.915304,,-18.7707,-6.63326
0.502696,2.24633,,1006.45,111.814,29683.3,,-0.106713,-0.950267,,-19.9652,-4.36272
0.50288,2.34522,,1006.68,88.5531,30756.5,,-0.120054,-0.973767,,-20.7909,-1.77323
0.502789,2.4441,,1006.72,62.1794,30937.8,,-0.136044,-0.984448,,-21.2178,0.965821
0.50251,2.54308,,1006.57,35.9519,30257.9,,-0.151261,-0.982363,,-21.2408,3.68168
0.50214,2.64223,,1006.27,12.895,28813.1,,-0.162565,-0.968931,,-20.8798,6.21372
0.501771,2.74159,,1005.83,-4.4404,26750.9,,-0.167459,-0.946739,,-20.178,8.428
0.501481,2.84118,,1005.29,-14.2384,24253,,-0.164375,-0.919061,,-19.1976,10.2329
0.501315,2.94099,,1004.7,-15.6356,21520.6,,-0.152896,-0.889407,,-18.014,11.5841
0.50129,3.041,,1004.1,-8.81166,18752.8,,-0.133759,-0.861289,,-16.7088,12.4794
0.501391,3.14114,,1003.53,5.05763,16119.2,,-0.108622,-0.838082,,-15.3594,12.9498
0.501585,3.24138,,1003.02,24.0399,13742.2,,-0.0797078,-0.822853,,-14.0315,13.0512
0.501835,3.34163,,1002.57,45.8705,11697.3,,-0.0494048,-0.818059,,-12.7764,12.8588
0.502107,3.44183,,1002.21,68.4671,10028.6,,-0.0199139,-0.825178,,-11.6312,12.4623
0.502381,3.54194,,1001.93,90.3704,8773.62,,0.00696703,-0.844404,,-10.6224,11.9641
0.502646,3.64189,,1001.76,110.927,7985.84,,0.0298385,-0.874445,,-9.76994,11.4809
0.502885,3.74167,,1001.71,130.05,7741.76,,0.0474861,-0.912278,,-9.0866,11.1488
0.503057,3.84128,,1001.78,147.486,8097.5,,0.0587501,-0.952764,,-8.56824,11.1165
0.503099,3.94085,,1001.97,161.873,8960.55,,0.0629832,-0.988913,,-8.16921,11.491
0.502959,4.04058,,1002.19,170.791,9945.09,,0.0610939,-1.01459,,-7.78455,12.2123
0.502644,4.14067,,1002.3,173.075,10440.1,,0.0559821,-1.02945,,-7.28422,12.9591
0.502217,4.24114,,1002.2,171.764,9998.16,,0.0510941,-1.04104,,-6.60051,13.2794
0.501752,4.34184,,1001.91,172.952,8653.13,,0.0480735,-1.05915,,-5.77333,12.8918
0.501284,4.44263,,1001.47,179.85,6672.01,,0.0460579,-1.08706,,-4.88467,11.7443
0.500805,4.54352,,1000.88,188.104,4000.57,,0.0430202,-1.11823,,-3.97352,9.72875
0.6,-0.3,,1010.33,0,48069,,0,0,,0,0
0.6,-0.2,,1010.12,0,47088,,0,0,,0,0
0.6,-0.1,,1009.92,0,46107,,0,0,,0,0
0.600859,-0.0703467,,1005.65,-28.0408,25918.5,,-0.0609609,-1.0709,,-4.39522,-24.108
0.597225,0.0217272,,1002.64,-72.8053,12018.1,,-0.118505,-1.17544,,-2.84583,-11.7966
0.593433,0.118047,,1001.78,-158.697,8065.86,,-0.217744,-1.35253,,-2.44974,-5.9987
0.590789,0.221012,,1003.16,-212.147,14399,,-0.329962,-1.45637,,-3.49583,-4.62788
0.590292,0.329258,,1005.21,-222.568,23894.3,,-0.411388,-1.40883,,-5.03939,-3.41476
0.591924,0.438868,,1006.42,-222.824,29525.9,,-0.439487,-1.25195,,-6.00015,-0.753714
0.594777,0.546389,,1006.42,-233.962,29519.2,,-0.423969,-1.07215,,-6.09826,2.34329
0.597727,0.650432,,1005.64,-253.97,25892.5,,-0.389277,-0.92472,,-5.67028,4.65563
0.599974,0.751339,,1004.62,-272.987,21131,,-0.355455,-0.822508,,-5.12635,5.72879
0.601197,0.850195,,1003.66,-283.219,16685.4,,-0.331399,-0.756658,,-4.70886,5.62721
0.601458,0.948107,,1002.87,-280.579,13051.2,,-0.316996,-0.714613,,-4.5101,4.57671
0.601036,1.04592,,1002.26,-263.702,10274,,-0.307694,-0.687286,,-4.55242,2.81347
0.600281,1.14418,,1001.83,-233.063,8322.99,,-0.298243,-0.669589,,-4.84364,0.560539
0.599511,1.24321,,1001.6,-190.554,7240.86,,-0.284819,-0.659041,,-5.39722,-1.96276
0.598967,1.34311,,1001.57,-139.256,7137.79,,-0.265763,-0.654742,,-6.22878,-4.53547
0.598791,1.44383,,1001.79,-83.2006,8108.22,,-0.241386,-0.657081,,-7.34131,-6.93921
0.599037,1.5451,,1002.23,-27.0202,10133.7,,-0.213303,-0.667684,,-8.70908,-8.96997
0.599681,1.64654,,1002.86,24.5601,13031.4,,-0.183715,-0.688907,,-10.2705,-10.457
0.600637,1.74772,,1003.61,67.3808,16486.4,,-0.155039,-0.722321,,-11.9368,-11.2829
0.601765,1.84841,,1004.41,98.5057,20157.8,,-0.129904,-0.766627,,-13.6139,-11.3867
0.602894,1.94853,,1005.18,116.535,23750,,-0.110887,-0.817456,,-15.218,-10.7595
0.603869,2.04815,,1005.89,121.584,27032.6,,-0.0998492,-0.868892,,-16.6782,-9.43426
0.604587,2.14737,,1006.48,115.012,29805.9,,-0.0972077,-0.9155,,-17.9314,-7.48629
0.605004,2.24631,,1006.92,99.0941,31896.6,,-0.101984,-0.95299,,-18.9218,-5.03703
0.605128,2.34509,,1007.19,76.712,33173.7,,-0.112144,-0.978384,,-19.6055,-2.24393
0.605003,2.44386,,1007.28,51.0515,33563.6,,-0.125008,-0.990124,,-19.9541,0.714119
0.604699,2.54274,,1007.17,25.3293,33060.7,,-0.137684,-0.988144,,-19.9586,3.65312
0.604298,2.6418,,1006.89,2.55472,31729.3,,-0.147458,-0.973853,,-19.6305,6.40025
0.603879,2.7411,,1006.45,-14.6923,29695.5,,-0.152119,-0.949943,,-19.0022,8.80971
0.603511,2.84066,,1005.91,-24.5205,27133,,-0.150217,-0.919891,,-18.1233,10.7807
0.603237,2.94046,,1005.29,-25.967,24246.4,,-0.141241,-0.887478,,-17.0566,12.2635
0.603079,3.04047,,1004.64,-19.1166,21250.9,,-0.125655,-0.856506,,-15.8719,13.2547
0.60303,3.14063,,1004.02,-5.07486,18341.2,,-0.104725,-0.830648,,-14.6377,13.787
0.603072,3.24088,,1003.44,14.2545,15667.4,,-0.0802185,-0.81326,,-13.4139,13.9203
0.603176,3.34114,,1002.93,36.5981,13328.5,,-0.0540669,-0.807077,,-12.2478,13.7343
0.603319,3.44134,,1002.5,59.8539,11385.5,,-0.0280744,-0.813827,,-11.1741,13.3239
0.603484,3.5414,,1002.18,82.5719,9888.36,,-0.00375298,-0.833908,,-10.2173,12.7978
0.603661,3.64127,,1001.96,104.173,8906.61,,0.0176408,-0.866143,,-9.39619,12.2815
0.603828,3.74092,,1001.88,124.702,8545.91,,0.0348966,-0.907377,,-8.72452,11.9268
0.603942,3.84036,,1001.96,143.939,8898.53,,0.0467634,-0.95182,,-8.2025,11.9096
0.603941,3.93975,,1002.17,160.192,9877.98,,0.0524488,-0.991278,,-7.79275,12.3649
0.60378,4.03933,,1002.43,170.315,11031.1,,0.0526364,-1.01857,,-7.40219,13.2301
0.603464,4.13933,,1002.56,172.673,11630,,0.0498475,-1.03364,,-6.91461,14.1288
0.603049,4.23976,,1002.46,170.908,11168.8,,0.0470438,-1.04584,,-6.27248,14.5437
0.6026,4.34042,,1002.15,172.475,9744.55,,0.0455375,-1.06666,,-5.51553,14.1903
0.602144,4.44113,,1001.7,181.475,7724.31,,0.0445303,-1.09976,,-4.71693,13.0632
0.601674,4.54193,,1001.12,193.6,5061.66,,0.0424176,-1.1382,,-3.907,11.0538
0.7,-0.3,,1010.33,0,48069,,0,0,,0,0
0.7,-0.2,,1010.12,0,47088,,0,0,,0,0
0.7,-0.1,,1009.92,0,46107,,0,0,,0,0
0.700278,-0.0715889,,1005.29,-82.9177,24238.4,,-0.0776178,-1.15682,,-3.19372,-23.4388
0.697621,0.0205225,,1002.42,-123.907,10978.7,,-0.124932,-1.2591,,-2.20992,-11.4716
0.694884,0.117045,,1001.81,-205.566,8190.43,,-0.203276,-1.43649,,-2.13568,-6.24618
0.693089,0.220603,,1003.51,-250.018,16014.4,,-0.289305,-1.5308,,-3.15148,-5.39415
0.693011,0.329722,,1005.74,-251.019,26354,,-0.348362,-1.45948,,-4.47498,-4.24835
0.694604,0.440112,,1006.85,-247.965,31542.5,,-0.363773,-1.27415,,-5.27054,-1.2937
0.697119,0.548032,,1006.55,-262.103,30160.8,,-0.345018,-1.07277,,-5.37794,2.10247
0.69965,0.652054,,1005.45,-287.569,25013.9,,-0.312787,-0.914562,,-5.11293,4.53711
0.701564,0.752653,,1004.19,-311.359,19134.7,,-0.283472,-0.809954,,-4.81656,5.57242
0.702613,0.851079,,1003.1,-324.453,14142.8,,-0.264051,-0.745928,,-4.67574,5.3494
0.702856,0.94857,,1002.3,-322.74,10461.9,,-0.254077,-0.706665,,-4.75027,4.15261
0.702525,1.04605,,1001.76,-305.255,7977.11,,-0.249451,-0.681348,,-5.04234,2.24644
0.701907,1.14409,,1001.43,-272.91,6497.93,,-0.245457,-0.664356,,-5.54247,-0.137465
0.701269,1.24301,,1001.31,-227.94,5946.16,,-0.238496,-0.653349,,-6.2464,-2.77822
0.700812,1.3429,,1001.4,-173.698,6355.48,,-0.226744,-0.647872,,-7.15313,-5.45296
0.700657,1.44368,,1001.71,-114.466,7776.77,,-0.210067,-0.648868,,-8.25383,-7.93876
0.70085,1.54504,,1002.24,-55.1452,10168.7,,-0.189547,-0.658491,,-9.5201,-10.0257
0.701371,1.64657,,1002.93,-0.726296,13339.7,,-0.166918,-0.679476,,-10.8992,-11.5373
0.702148,1.74783,,1003.72,44.4287,16979.6,,-0.144237,-0.713566,,-12.3211,-12.3529
0.703064,1.84856,,1004.54,77.3141,20770.1,,-0.12381,-0.759378,,-13.7158,-12.4112
0.703983,1.94869,,1005.33,96.6076,24455,,-0.107908,-0.812286,,-15.0231,-11.7043
0.704776,2.04828,,1006.06,102.574,27841.4,,-0.0981998,-0.866081,,-16.1933,-10.2666
0.70536,2.14745,,1006.68,96.7011,30749.2,,-0.0951702,-0.915045,,-17.1802,-8.17612
0.705695,2.24631,,1007.16,81.3459,33006,,-0.0981627,-0.954627,,-17.9421,-5.55874
0.705785,2.345,,1007.47,59.4297,34467.3,,-0.10564,-0.981615,,-18.445,-2.57832
0.70566,2.44367,,1007.59,34.1479,35037.4,,-0.115512,-0.994266,,-18.6666,0.578098
0.705376,2.54244,,1007.51,8.71909,34686,,-0.125472,-0.992393,,-18.5996,3.71689
0.704997,2.64143,,1007.25,-13.831,33456.3,,-0.13332,-0.977373,,-18.2533,6.65476
0.704588,2.74067,,1006.83,-30.8757,31462,,-0.137231,-0.951965,,-17.6543,9.23568
0.704207,2.8402,,1006.28,-40.4467,28874.4,,-0.135965,-0.919817,,-16.844,11.3506
0.703896,2.93999,,1005.64,-41.4932,25904.9,,-0.129012,-0.884949,,-15.8752,12.9451
0.703676,3.04001,,1004.97,-34.0369,22781.1,,-0.116626,-0.851438,,-14.8062,14.0144
0.70355,3.14019,,1004.31,-19.1591,19715.4,,-0.0997143,-0.823228,,-13.695,14.5929
0.703507,3.24046,,1003.7,1.21394,16876.6,,-0.0796069,-0.803935,,-12.5927,14.7446
0.703529,3.34073,,1003.16,24.7474,14378.5,,-0.0577913,-0.79652,,-11.5396,14.5546
0.703598,3.44091,,1002.7,49.2657,12291.7,,-0.0356864,-0.802893,,-10.5651,14.1243
0.703703,3.54094,,1002.35,73.273,10671.5,,-0.0145196,-0.823576,,-9.68909,13.5691
0.703831,3.64075,,1002.11,96.2073,9595.99,,0.00463576,-0.857424,,-8.92638,13.023
0.70396,3.7403,,1002.02,118.186,9188.3,,0.0206933,-0.901123,,-8.28788,12.6505
0.704051,3.83963,,1002.11,139.01,9562.74,,0.0325052,-0.948373,,-7.77379,12.6468
0.70405,3.93889,,1002.34,156.753,10632,,0.0393059,-0.990133,,-7.35362,13.1645
0.703917,4.03838,,1002.61,167.772,11890.1,,0.0415596,-1.01859,,-6.95121,14.1339
0.703657,4.13832,,1002.75,170.197,12528.5,,0.0412205,-1.03412,,-6.47264,15.1337
0.703312,4.23871,,1002.64,168.271,12015.5,,0.040552,-1.04747,,-5.87403,15.6019
0.70293,4.33933,,1002.31,170.511,10512.8,,0.0404763,-1.07127,,-5.19036,15.263
0.70253,4.43997,,1001.87,181.584,8465.72,,0.0403209,-1.10919,,-4.48039,14.1532
0.702109,4.54066,,1001.29,197.112,5823.6,,0.0389237,-1.15389,,-3.76619,12.1588
0.8,-0.3,,1010.33,0,48069,,0,0,,0,0
0.8,-0.2,,1010.12,0,47088,,0,0,,0,0
0.8,-0.1,,1009.92,0,46107,,0,0,,0,0
0.799551,-0.0729919,,1004.82,-121.844,22078.2,,-0.0774566,-1.21713,,-2.56795,-22.489
0.797624,0.0191372,,1002.03,-162.781,9227.07,,-0.114699,-1.32098,,-2.02697,-10.8356
0.795678,0.115847,,1001.61,-243.884,7287.59,,-0.173809,-1.50128,,-2.16741,-6.13708
0.794468,0.219928,,1003.56,-283.799,16240.8,,-0.237113,-1.58986,,-3.09902,-5.78489
0.794552,0.329797,,1005.93,-279.587,27237.2,,-0.279144,-1.50091,,-4.23241,-4.78431
0.795872,0.440854,,1006.97,-275.534,32131.2,,-0.288379,-1.29399,,-4.96594,-1.68911
0.797854,0.549131,,1006.47,-292.849,29791.5,,-0.27272,-1.07622,,-5.20689,1.86124
0.79982,0.653178,,1005.15,-322.794,23609.6,,-0.247943,-0.909731,,-5.20006,4.33156
0.801304,0.753572,,1003.73,-350.221,17003.3,,-0.226247,-0.803086,,-5.19568,5.29911
0.802127,0.851694,,1002.57,-365.365,11698.2,,-0.212696,-0.740137,,-5.32639,4.95926
0.802337,0.948884,,1001.78,-364.167,8059.65,,-0.206796,-0.702649,,-5.63117,3.63642
0.802113,1.04612,,1001.29,-345.966,5857.87,,-0.205306,-0.67851,,-6.10633,1.61358
0.801673,1.14401,,1001.06,-311.98,4790.93,,-0.204477,-0.661676,,-6.73855,-0.872177
0.801221,1.24286,,1001.04,-264.703,4696.41,,-0.201362,-0.649908,,-7.51712,-3.59898
0.800913,1.34277,,1001.23,-207.717,5552.68,,-0.194359,-0.643115,,-8.43295,-6.34254
0.800841,1.44361,,1001.63,-145.543,7376.8,,-0.183208,-0.642715,,-9.47104,-8.87681
0.801038,1.54505,,1002.23,-83.3443,10109.1,,-0.168657,-0.651297,,-10.603,-10.9876
0.801487,1.64666,,1002.98,-26.3586,13549.8,,-0.152039,-0.671906,,-11.7844,-12.4948
0.802127,1.74798,,1003.81,20.866,17390.8,,-0.135007,-0.706411,,-12.9607,-13.2761
0.802869,1.84874,,1004.66,55.259,21330.1,,-0.11941,-0.753336,,-14.0801,-13.2712
0.803609,1.94887,,1005.48,75.558,25137.6,,-0.107048,-0.807845,,-15.0997,-12.4736
0.804249,2.04844,,1006.23,82.1508,28644.1,,-0.0992451,-0.863495,,-15.9843,-10.9192
0.804725,2.14755,,1006.88,76.6433,31681.2,,-0.0964333,-0.914337,,-16.7012,-8.68884
0.805005,2.24634,,1007.39,61.487,34076.2,,-0.0981779,-0.955603,,-17.2207,-5.91247
0.805086,2.34494,,1007.72,39.6701,35675.2,,-0.103368,-0.983884,,-17.5191,-2.75961
0.804992,2.44351,,1007.87,14.433,36367.6,,-0.110455,-0.997266,,-17.5818,0.575542
0.804761,2.5422,,1007.82,-10.9679,36108.2,,-0.1177,-0.99545,,-17.4055,3.89109
0.804443,2.64111,,1007.57,-33.4599,34928.8,,-0.123422,-0.979772,,-17.0008,6.99479
0.804091,2.74031,,1007.14,-50.3492,32938.5,,-0.126199,-0.953035,,-16.3915,9.72199
0.803751,2.83981,,1006.59,-59.5821,30312.5,,-0.125037,-0.919015,,-15.6139,11.9569
0.803461,2.9396,,1005.94,-60.0223,27272.6,,-0.119479,-0.881917,,-14.7125,13.6414
0.803243,3.03963,,1005.25,-51.642,24058.2,,-0.109634,-0.846029,,-13.736,14.7702
0.803104,3.13985,,1004.57,-35.5307,20893.7,,-0.0961033,-0.81551,,-12.7317,15.3802
0.803041,3.24015,,1003.93,-13.6791,17958.1,,-0.0798267,-0.794167,,-11.7411,15.5402
0.803044,3.34046,,1003.37,11.4657,15370.7,,-0.0618864,-0.785136,,-10.7967,15.3415
0.803101,3.44067,,1002.9,37.5958,13200.9,,-0.0433424,-0.790473,,-9.92077,14.8921
0.803201,3.54071,,1002.53,63.1032,11499.4,,-0.0251466,-0.810826,,-9.12777,14.3133
0.803333,3.64051,,1002.28,87.3793,10341.7,,-0.00817323,-0.845149,,-8.42706,13.7439
0.803475,3.74002,,1002.17,110.583,9858.64,,0.00665869,-0.890151,,-7.82514,13.3539
0.803592,3.83928,,1002.24,132.586,10181.9,,0.0183599,-0.939337,,-7.32097,13.3474
0.80364,3.93847,,1002.47,151.416,11234.4,,0.026219,-0.983201,,-6.89105,13.8878
0.803584,4.03787,,1002.75,163.22,12489.9,,0.0304481,-1.01351,,-6.47805,14.9027
0.803422,4.13774,,1002.88,166.052,13100.8,,0.0323742,-1.0308,,-6.01192,15.9468
0.803183,4.23807,,1002.75,164.57,12526.8,,0.0335605,-1.04654,,-5.46053,16.4363
0.802898,4.3386,,1002.41,167.933,10972.5,,0.0346158,-1.07388,,-4.84988,16.1068
0.80258,4.43914,,1001.97,181.075,8923.61,,0.0350633,-1.11636,,-4.22229,15.0192
0.80223,4.53974,,1001.39,199.532,6310.33,,0.0341641,-1.16643,,-3.59309,13.0448
0.9,-0.3,,1010.33,0,48069,,0,0,,0,0
0.9,-0.2,,1010.12,0,47088,,0,0,,0,0
0.9,-0.1,,1009.92,0,46107,,0,0,,0,0
0.898812,-0.0744153,,1004.33,-142.367,19814.7,,-0.0653866,-1.24881,,-2.47129,-21.5077
0.897396,0.0176056,,1001.54,-186.927,6996.3,,-0.0931115,-1.3581,,-2.2756,-10.0196
0.896005,0.114363,,1001.22,-271.618,5535.79,,-0.135402,-1.54608,,-2.57,-5.75005
0.895167,0.218799,,1003.37,-311.391,15348.5,,-0.179788,-1.63565,,-3.42409,-5.89729
0.895257,0.329256,,1005.88,-305.129,27015.9,,-0.208916,-1.53723,,-4.42912,-5.15734
0.896214,0.440885,,1006.94,-300.928,31971.2,,-0.215372,-1.31595,,-5.17536,-2.08088
0.897629,0.549528,,1006.35,-320.46,29222.4,,-0.204988,-1.08613,,-5.60064,1.50593
0.899029,0.653695,,1004.92,-353.31,22541.4,,-0.188684,-0.91271,,-5.86693,3.96305
0.900093,0.754031,,1003.42,-383.025,15604.3,,-0.174779,-0.803355,,-6.13897,4.86548
0.9007,0.852008,,1002.25,-399.399,10213.6,,-0.166691,-0.739978,,-6.50465,4.43693
0.900884,0.949036,,1001.48,-398.403,6704.06,,-0.164046,-0.702744,,-6.99017,3.02406
0.900768,1.04614,,1001.06,-379.551,4777.62,,-0.164549,-0.678629,,-7.59213,0.92058
0.900509,1.14395,,1000.9,-344.242,4064.27,,-0.165506,-0.661245,,-8.29867,-1.63271
0.900249,1.24279,,1000.96,-295.134,4348.29,,-0.164742,-0.648384,,-9.09764,-4.41246
0.900099,1.34272,,1001.23,-235.98,5570.9,,-0.161031,-0.640211,,-9.9763,-7.19246
0.900123,1.44361,,1001.7,-171.498,7726.12,,-0.154124,-0.638475,,-10.9171,-9.74362
0.900342,1.54513,,1002.36,-107.063,10741.4,,-0.14453,-0.64607,,-11.8935,-11.8483
0.900737,1.6468,,1003.16,-48.1214,14411.1,,-0.133226,-0.666265,,-12.8686,-13.324
0.901265,1.74816,,1004.03,0.629987,18429,,-0.121437,-0.701003,,-13.8009,-14.0485
0.90186,1.84895,,1004.91,36.0687,22505,,-0.110512,-0.748717,,-14.6528,-13.9632
0.902448,1.94907,,1005.76,56.9737,26424.6,,-0.101753,-0.804416,,-15.3944,-13.0636
0.902961,2.04862,,1006.53,63.8228,30032,,-0.0961185,-0.861478,,-16.0015,-11.3876
0.903349,2.14768,,1007.19,58.3189,33164.4,,-0.0939447,-0.913766,,-16.4522,-9.01872
0.903588,2.24639,,1007.72,43.0022,35647.5,,-0.0949599,-0.956335,,-16.7275,-6.09092
0.903673,2.34492,,1008.07,20.934,37319.9,,-0.098409,-0.985606,,-16.8129,-2.7789
0.903619,2.4434,,1008.23,-4.58521,38062,,-0.103212,-0.999524,,-16.7015,0.716813
0.903453,2.54201,,1008.18,-30.2434,37820.1,,-0.108137,-0.997687,,-16.3955,4.18708
0.903211,2.64086,,1007.92,-52.9052,36621.8,,-0.11197,-0.981389,,-15.9075,7.4321
0.902935,2.74001,,1007.49,-69.7989,34578.2,,-0.113667,-0.953463,,-15.2607,10.2801
0.902662,2.83949,,1006.92,-78.7823,31872.7,,-0.112473,-0.917771,,-14.4872,12.6102
0.902423,2.93929,,1006.25,-78.6366,28740.3,,-0.108006,-0.878642,,-13.6255,14.3619
0.902242,3.03936,,1005.54,-69.2886,25433.9,,-0.100278,-0.840502,,-12.7159,15.5308
0.902129,3.13962,,1004.85,-51.849,22186.1,,-0.0896502,-0.807643,,-11.7964,16.1575
0.902086,3.23999,,1004.2,-28.4004,19179.1,,-0.0767364,-0.784002,,-10.8996,16.316
0.902109,3.34037,,1003.62,-1.53854,16528.2,,-0.0622733,-0.772831,,-10.05,16.1048
0.902191,3.44066,,1003.14,26.2472,14291.3,,-0.0470095,-0.776321,,-9.2633,15.6382
0.902322,3.54076,,1002.75,53.18,12502.8,,-0.0316503,-0.795297,,-8.54814,15.0413
0.90249,3.64061,,1002.47,78.5579,11225.5,,-0.0168823,-0.828964,,-7.90864,14.4525
0.902675,3.74014,,1002.33,102.582,10592,,-0.00345891,-0.874312,,-7.34679,14.0392
0.902847,3.83937,,1002.37,125.294,10756.3,,0.00778717,-0.924993,,-6.85994,14.0062
0.902968,3.93849,,1002.57,144.891,11672.6,,0.0161964,-0.97133,,-6.4307,14.5244
0.903006,4.03781,,1002.82,157.541,12831.2,,0.0217489,-1.00466,,-6.01847,15.53
0.902955,4.13757,,1002.94,161.258,13377.3,,0.0252193,-1.02521,,-5.57353,16.5767
0.902829,4.23779,,1002.8,160.823,12762.1,,0.027593,-1.04446,,-5.07193,17.0746
0.902647,4.33821,,1002.46,165.626,11197.3,,0.0292688,-1.07565,,-4.52962,16.7629
0.902419,4.43863,,1002.02,180.698,9171.41,,0.029978,-1.12226,,-3.97418,15.7056
0.902148,4.53911,,1001.45,201.552,6585.88,,0.0293309,-1.17677,,-3.41647,13.7499
1,-0.3,,1010.33,0,48069,,0,0,,0,0
1,-0.2,,1010.12,0,47088,,0,0,,0,0
1,-0.1,,1009.92,0,46107,,0,0,,0,0
0.998187,-0.0756629,,1003.93,-144.047,17933.8,,-0.045369,-1.25286,,-2.80103,-20.8118
0.997115,0.016106,,1001.05,-194.659,4748.27,,-0.0643302,-1.36988,,-2.88038,-9.27562
0.996104,0.112734,,1000.75,-286.233,3383.02,,-0.0921993,-1.56981,,-3.29954,-5.28046
0.995503,0.217326,,1003.03,-329.427,13802.7,,-0.120815,-1.66715,,-4.10723,-5.88871
0.995544,0.328196,,1005.7,-323.411,26171.9,,-0.139408,-1.56729,,-5.04089,-5.49012
0.996167,0.440306,,1006.84,-319.339,31512.3,,-0.143746,-1.3384,,-5.83359,-2.54953
0.997095,0.549324,,1006.27,-340.021,28815,,-0.137751,-1.10046,,-6.4347,0.996637
0.998024,0.653704,,1004.82,-374.39,22061.4,,-0.128268,-0.92132,,-6.93444,3.41982
0.998746,0.754115,,1003.31,-405.294,15098.9,,-0.120434,-0.808805,,-7.42996,4.27463
0.999185,0.852084,,1002.16,-422.264,9795.4,,-0.116368,-0.743891,,-7.97578,3.79201
0.999361,0.949071,,1001.43,-421.265,6482.22,,-0.115848,-0.705809,,-8.58971,2.32785
0.99935,1.04614,,1001.07,-401.894,4828.65,,-0.117423,-0.680921,,-9.26987,0.181198
0.999253,1.14393,,1000.98,-365.647,4426.77,,-0.119335,-0.662565,,-10.0066,-2.40456
0.999162,1.24278,,1001.11,-315.287,5027.65,,-0.120129,-0.648517,,-10.7877,-5.20418
0.999147,1.34275,,1001.44,-254.687,6547.97,,-0.118953,-0.639081,,-11.599,-7.98908
0.999248,1.44369,,1001.98,-188.709,8966.21,,-0.11559,-0.636197,,-12.4224,-10.527
0.999477,1.54526,,1002.68,-122.885,12201.1,,-0.110346,-0.642952,,-13.2336,-12.5975
0.999819,1.64698,,1003.52,-62.8049,16044,,-0.103857,-0.662753,,-14.0031,-14.0167
1.00024,1.74838,,1004.42,-13.2666,20192.7,,-0.0969178,-0.69757,,-14.7001,-14.6636
1.00071,1.84917,,1005.31,22.5821,24365.9,,-0.0904057,-0.745777,,-15.2981,-14.4818
1.00116,1.94929,,1006.17,43.5551,28358.9,,-0.0851709,-0.802284,,-15.777,-13.4695
1.00156,2.0488,,1006.95,50.1974,32023.6,,-0.0818519,-0.860337,,-16.1217,-11.6671
1.00187,2.14782,,1007.62,44.2887,35199.2,,-0.0806932,-0.913656,,-16.3194,-9.1611
1.00207,2.24647,,1008.15,28.4435,37708.9,,-0.081549,-0.957157,,-16.36,-6.08919
1.00216,2.34492,,1008.51,5.78898,39385.9,,-0.0839538,-0.987126,,-16.2376,-2.63096
1.00214,2.44333,,1008.66,-20.3165,40104.9,,-0.0872154,-1.00139,,-15.9522,1.0074
1.00203,2.54187,,1008.6,-46.5048,39808.4,,-0.0905234,-0.999452,,-15.511,4.61051
1.00186,2.64066,,1008.33,-69.5773,38524.6,,-0.09306,-0.982577,,-14.9294,7.97226
1.00165,2.73978,,1007.87,-86.6868,36370.6,,-0.0941034,-0.953611,,-14.2303,10.9153
1.00144,2.83925,,1007.27,-95.6072,33541.3,,-0.0931116,-0.916466,,-13.4431,13.315
1.00126,2.93907,,1006.58,-95.0442,30286.5,,-0.0897803,-0.875542,,-12.6011,15.1102
1.00113,3.03918,,1005.85,-84.8807,26873.4,,-0.0840623,-0.835336,,-11.7379,16.2985
1.00105,3.13951,,1005.14,-66.248,23542.7,,-0.0761416,-0.800208,,-10.8838,16.9249
1.00104,3.23996,,1004.48,-41.3265,20474.5,,-0.0663774,-0.774163,,-10.0637,17.07
1.0011,3.34044,,1003.89,-12.8772,17772.8,,-0.0552324,-0.760531,,-9.29529,16.8392
1.00121,3.44084,,1003.39,16.4034,15474.7,,-0.0432051,-0.761629,,-8.58845,16.3529
1.00138,3.54106,,1002.98,44.5372,13589.3,,-0.0307982,-0.778512,,-7.94685,15.7382
1.0016,3.641,,1002.67,70.7057,12158.9,,-0.0185382,-0.810775,,-7.37007,15.1292
1.00183,3.74058,,1002.49,95.1706,11315.4,,-0.0070298,-0.855914,,-6.85596,14.6847
1.00206,3.83982,,1002.47,118.24,11243.1,,0.00303995,-0.907987,,-6.39987,14.6046
1.00224,3.93888,,1002.63,138.435,11948.6,,0.0110764,-0.957294,,-5.98828,15.0687
1.00237,4.03808,,1002.85,152.076,12966.4,,0.016901,-0.994622,,-5.59279,16.0328
1.00241,4.13771,,1002.95,157.071,13451.2,,0.0208824,-1.01943,,-5.17852,17.066
1.00239,4.23778,,1002.82,158.029,12833.9,,0.0235892,-1.04269,,-4.72677,17.5793
1.00229,4.33805,,1002.49,164.289,11298.4,,0.0252876,-1.07752,,-4.24506,17.3018
1.00215,4.43835,,1002.05,180.937,9308.31,,0.0258786,-1.12755,,-3.75008,16.2805
1.00195,4.53873,,1001.49,203.598,6736.14,,0.0252185,-1.18555,,-3.25027,14.3347
1.1,-0.3,,1010.33,0,48069,,0,0,,0,0
1.1,-0.2,,1010.12,0,47088,,0,0,,0,0
1.1,-0.1,,1009.92,0,46107,,0,0,,0,0
1.09778,-0.0765472,,1003.7,-128.421,16894.6,,-0.0203178,-1.23343,,-3.41705,-20.7004
1.09693,0.0148659,,1000.67,-185.714,3009.79,,-0.0314005,-1.35823,,-3.71772,-8.89105
1.09618,0.111214,,1000.31,-285.857,1387.79,,-0.0470866,-1.57225,,-4.24703,-4.97251
1.09575,0.215781,,1002.67,-334.766,12149.3,,-0.0624893,-1.68224,,-5.04385,-5.93854
1.09575,0.326899,,1005.49,-330.555,25171.2,,-0.0718346,-1.58738,,-5.9509,-5.88883
1.09613,0.439391,,1006.75,-326.742,31074.1,,-0.0733066,-1.35666,,-6.79788,-3.13719
1.09671,0.54877,,1006.24,-347.762,28713.8,,-0.0694119,-1.1143,,-7.53733,0.333537
1.0973,0.653413,,1004.84,-382.643,22156.5,,-0.0639597,-0.931145,,-8.20767,2.72226
1.09779,0.753985,,1003.37,-413.946,15360.5,,-0.0597181,-0.815868,,-8.85961,3.55252
1.09812,0.852038,,1002.26,-431.052,10253.4,,-0.0578426,-0.749253,,-9.52518,3.04937
1.09831,0.949064,,1001.58,-429.912,7179.89,,-0.0582373,-0.710069,,-10.2165,1.56998
1.0984,1.04615,,1001.28,-410.165,5798.17,,-0.060107,-0.684293,,-10.9323,-0.584584
1.09844,1.14396,,1001.25,-373.368,5678.9,,-0.062444,-0.665056,,-11.6642,-3.16921
1.09848,1.24283,,1001.45,-322.357,6551.05,,-0.0643685,-0.650088,,-12.4001,-5.95684
1.09856,1.34284,,1001.83,-261.086,8313.83,,-0.0653101,-0.639734,,-13.1252,-8.71638
1.0987,1.44382,,1002.41,-194.505,10934.2,,-0.0650617,-0.636032,,-13.8217,-11.2127
1.09892,1.54542,,1003.14,-128.238,14325.3,,-0.0637276,-0.642171,,-14.4683,-13.223
1.0992,1.64717,,1004,-67.9551,18279.1,,-0.0616063,-0.661625,,-15.0416,-14.5632
1.09952,1.74859,,1004.91,-18.4887,22499.7,,-0.0590929,-0.696378,,-15.5194,-15.1139
1.09987,1.84939,,1005.82,17.0213,26714,,-0.0566548,-0.74479,,-15.8839,-14.8215
1.1002,1.9495,,1006.67,37.4287,30724.8,,-0.0547762,-0.801725,,-16.1229,-13.6875
1.1005,2.04898,,1007.45,43.3334,34388.8,,-0.0538424,-0.86035,,-16.2285,-11.7555
1.10073,2.14795,,1008.12,36.5742,37546.1,,-0.0540272,-0.914291,,-16.1956,-9.11481
1.10089,2.24655,,1008.64,19.8228,40017.5,,-0.0552849,-0.958364,,-16.0217,-5.90708
1.10096,2.34493,,1008.98,-3.74377,41632.6,,-0.057377,-0.988753,,-15.7081,-2.31636
1.10095,2.44328,,1009.11,-30.7224,42262.5,,-0.0599169,-1.00319,,-15.2607,1.44616
1.10088,2.54176,,1009.03,-57.7003,41849,,-0.0624269,-1.0011,,-14.6914,5.15982
1.10075,2.64051,,1008.73,-81.4273,40423.9,,-0.0644054,-0.983717,,-14.0176,8.61343
1.1006,2.7396,,1008.24,-98.9922,38112.7,,-0.0653913,-0.953889,,-13.2627,11.6254
1.10044,2.83907,,1007.61,-108.097,35123.5,,-0.06502,-0.915552,,-12.4538,14.0691
1.1003,2.93891,,1006.89,-107.382,31721.6,,-0.0630613,-0.873131,,-11.6201,15.8837
1.1002,3.03907,,1006.13,-96.6888,28188.5,,-0.0594346,-0.831153,,-10.7897,17.0697
1.10016,3.13947,,1005.4,-77.1621,24773.4,,-0.0542015,-0.794002,,-9.98687,17.6773
1.10018,3.24003,,1004.73,-51.0677,21652.9,,-0.047538,-0.765709,,-9.23047,17.7938
1.10026,3.34063,,1004.14,-21.3248,18915.1,,-0.0397023,-0.749656,,-8.53247,17.532
1.1004,3.44116,,1003.63,9.16408,16570.8,,-0.0310044,-0.74827,,-7.89822,17.0182
1.1006,3.54151,,1003.2,38.2159,14597.5,,-0.0217912,-0.762863,,-7.32737,16.3807
1.10084,3.64156,,1002.86,64.8947,13012.6,,-0.0124584,-0.793491,,-6.8158,15.7474
1.10111,3.74122,,1002.63,89.5407,11947.3,,-0.00348045,-0.838275,,-6.35775,15.266
1.10137,3.84047,,1002.56,112.776,11622,,0.0045933,-0.891794,,-5.94602,15.1301
1.10161,3.93947,,1002.66,133.516,12108.2,,0.0112559,-0.944362,,-5.56853,15.5305
1.10179,4.03855,,1002.86,148.243,12997.6,,0.016258,-0.986061,,-5.20423,16.45
1.1019,4.13802,,1002.96,154.646,13457,,0.0197169,-1.01529,,-4.82787,17.4805
1.10195,4.23792,,1002.83,156.953,12880.3,,0.021932,-1.04225,,-4.42407,18.0307
1.10193,4.33805,,1002.51,164.331,11398.9,,0.0230871,-1.07998,,-3.99468,17.8046
1.10184,4.43823,,1002.08,182.007,9438.73,,0.023194,-1.13249,,-3.54951,16.8186
1.10171,4.53852,,1001.51,205.852,6851.62,,0.0222574,-1.19304,,-3.09605,14.8661
1.2,-0.3,,1010.33,0,48069,,0,0,,0,0
1.2,-0.2,,1010.12,0,47088,,0,0,,0,0
1.2,-0.1,,1009.92,0,46107,,0,0,,0,0
1.19765,-0.0769343,,1003.73,-98.5416,17036.9,,0.00751732,-1.19662,,-4.16707,-21.3917
1.19697,0.0140844,,1000.5,-161.383,2238.84,,0.00337469,-1.32717,,-4.6413,-9.11341
1.19641,0.110065,,1000.02,-269.991,79.9179,,-0.00219607,-1.55481,,-5.26712,-5.05676
1.19611,0.214471,,1002.4,-325.484,10917.5,,-0.00661219,-1.67955,,-6.08048,-6.21716
1.19611,0.325694,,1005.33,-323.915,24452.3,,-0.00764118,-1.59391,,-6.99149,-6.44517
1.19636,0.438461,,1006.72,-320.411,30938.7,,-0.00524015,-1.36586,,-7.88733,-3.86987
1.19673,0.548151,,1006.31,-341.201,29030,,-0.00103878,-1.12259,,-8.71962,-0.4704
1.19712,0.653058,,1004.98,-375.868,22795.5,,0.00317642,-0.937637,,-9.49491,1.89956
1.19747,0.753819,,1003.57,-406.972,16261.4,,0.0062377,-0.820899,,-10.2369,2.73138
1.19777,0.851993,,1002.51,-423.845,11405.6,,0.00764954,-0.753392,,-10.9647,2.23881
1.19799,0.949091,,1001.89,-422.443,8592.47,,0.00741634,-0.713725,,-11.6867,0.776599
1.19816,1.04622,,1001.65,-402.446,7477.23,,0.00585696,-0.687655,,-12.4016,-1.3539
1.1983,1.14405,,1001.68,-365.466,7616.29,,0.0034418,-0.668158,,-13.1009,-3.90659
1.19843,1.24294,,1001.92,-314.392,8721.54,,0.000655451,-0.652885,,-13.7724,-6.65283
1.19856,1.34296,,1002.35,-253.223,10677.6,,-0.002112,-0.642178,,-14.4009,-9.35927
1.19872,1.44396,,1002.95,-186.947,13442.1,,-0.00461869,-0.638109,,-14.9695,-11.7884
1.1989,1.54558,,1003.71,-121.214,16925.7,,-0.00675755,-0.643909,,-15.4598,-13.7158
1.1991,1.64735,,1004.57,-61.6922,20924.7,,-0.00850624,-0.663077,,-15.8537,-14.9579
1.19932,1.74877,,1005.48,-13.191,25151.8,,-0.00991578,-0.697636,,-16.1352,-15.397
1.19955,1.84957,,1006.38,21.1947,29342.5,,-0.011128,-0.745976,,-16.2934,-14.983
1.19977,1.94967,,1007.22,40.3703,33307,,-0.012348,-0.802969,,-16.3223,-13.721
1.19997,2.04913,,1007.98,44.9834,36906.1,,-0.0137757,-0.861758,,-16.2199,-11.6582
1.20012,2.14806,,1008.63,36.9167,39981,,-0.015537,-0.915927,,-15.9872,-8.88719
1.20022,2.24661,,1009.13,18.88,42350.7,,-0.0176626,-0.960233,,-15.628,-5.5534
1.20027,2.34494,,1009.44,-5.91864,43842.1,,-0.0200847,-0.990789,,-15.1494,-1.84494
1.20025,2.44323,,1009.54,-34.0502,44325.2,,-0.0226442,-1.00525,,-14.5623,2.02264
1.20018,2.54166,,1009.42,-62.0756,43742.9,,-0.0251135,-1.003,,-13.8818,5.8244
1.20008,2.64037,,1009.09,-86.7102,42132,,-0.0272304,-0.985205,,-13.1275,9.34527
1.19995,2.73945,,1008.56,-104.996,39627.9,,-0.028735,-0.954723,,-12.3227,12.4009
1.19982,2.83892,,1007.89,-114.579,36452.2,,-0.0294041,-0.915487,,-11.4931,14.8637
1.19971,2.93879,,1007.13,-114.045,32885.9,,-0.0290746,-0.871927,,-10.6645,16.6744
1.19963,3.039,,1006.35,-103.201,29224.3,,-0.0276548,-0.82857,,-9.86059,17.8368
1.1996,3.13948,,1005.61,-83.1939,25724.8,,-0.0251276,-0.789809,,-9.1011,18.4067
1.19963,3.24014,,1004.93,-56.354,22561.4,,-0.0215464,-0.759682,,-8.40009,18.478
1.19972,3.34086,,1004.33,-25.7308,19805.8,,-0.0170271,-0.7416,,-7.76533,18.1713
1.19987,3.44152,,1003.82,5.59319,17440.4,,-0.0117427,-0.738085,,-7.19852,17.6186
1.20008,3.54201,,1003.38,35.2514,15409.5,,-0.00592153,-0.750687,,-6.69617,16.95
1.20032,3.64218,,1003.01,62.2057,13704.2,,0.000147615,-0.779914,,-6.25121,16.288
1.2006,3.74192,,1002.74,86.8813,12455.1,,0.00610529,-0.824502,,-5.85473,15.7696
1.20087,3.84118,,1002.62,110.206,11920.3,,0.0115321,-0.879536,,-5.49684,15.5841
1.20113,3.94011,,1002.69,131.459,12237,,0.0160247,-0.935281,,-5.16508,15.935
1.20134,4.03905,,1002.87,147.209,13052.9,,0.0193336,-0.981023,,-4.84204,16.8337
1.20149,4.13836,,1002.97,154.813,13538,,0.021449,-1.014,,-4.50799,17.8921
1.20157,4.2381,,1002.86,158.029,13034.7,,0.0225176,-1.04366,,-4.14966,18.5075
1.2016,4.33811,,1002.55,165.883,11610.4,,0.0226742,-1.08313,,-3.76578,18.3457
1.20156,4.4382,,1002.13,183.897,9654.51,,0.0219902,-1.13707,,-3.36241,17.3865
1.20146,4.53842,,1001.55,208.322,7012.83,,0.0205436,-1.19932,,-2.94688,15.4047
1.3,-0.3,,1010.33,0,48069,,0,0,,0,0
1.3,-0.2,,1010.12,0,47088,,0,0,,0,0
1.3,-0.1,,1009.92,0,46107,,0,0,,0,0
1.29784,-0.076765,,1004.06,-58.3284,18532.6,,0.036025,-1.14923,,-4.90493,-22.9871
1.29728,0.0138848,,1000.61,-124.274,2737.9,,0.0378973,-1.28206,,-5.50576,-10.0976
1.29687,0.109475,,999.968,-239.715,-142.917,,0.0405728,-1.5206,,-6.20797,-5.69977
1.2967,0.213641,,1002.32,-301.357,10533.2,,0.0451189,-1.65955,,-7.04925,-6.85533
1.29675,0.324855,,1005.32,-302.573,24384.6,,0.0514384,-1.58499,,-7.97743,-7.22847
1.29695,0.43779,,1006.81,-299.303,31359,,0.0583509,-1.36275,,-8.90734,-4.7628
1.29723,0.547714,,1006.5,-319.424,29889.7,,0.0646713,-1.12165,,-9.78738,-1.39848
1.29754,0.652838,,1005.24,-353.306,24001.4,,0.0698012,-0.937403,,-10.6082,0.981631
1.29785,0.753766,,1003.89,-383.708,17755,,0.0735363,-0.821134,,-11.3815,1.84372
1.29815,0.852049,,1002.89,-400.011,13165.2,,0.0757797,-0.754258,,-12.1214,1.39081
1.29841,0.949207,,1002.34,-398.219,10612.3,,0.0764613,-0.71539,,-12.8343,-0.0254166
1.29865,1.04636,,1002.15,-378.072,9749.43,,0.0755943,-0.690156,,-13.518,-2.10387
1.29886,1.1442,,1002.23,-341.238,10120,,0.0733143,-0.671398,,-14.1636,-4.59777
1.29903,1.24309,,1002.51,-290.645,11419.7,,0.0698643,-0.656687,,-14.7581,-7.2772
1.29918,1.3431,,1002.97,-230.304,13519.6,,0.0655462,-0.646336,,-15.2864,-9.90704
1.29932,1.44409,,1003.59,-165.188,16370.2,,0.0606798,-0.642419,,-15.7327,-12.2479
1.29944,1.54571,,1004.35,-100.9,19883.1,,0.0555867,-0.648175,,-16.0814,-14.0745
1.29957,1.64747,,1005.21,-43.0415,23861.9,,0.0505626,-0.667138,,-16.3182,-15.2036
1.29969,1.7489,,1006.1,3.66071,28029.3,,0.0458249,-0.701399,,-16.432,-15.52
1.29981,1.8497,,1006.97,36.1889,32130.9,,0.0414765,-0.749424,,-16.4169,-14.9771
1.29992,1.94979,,1007.79,53.5097,35984.7,,0.0375131,-0.806141,,-16.2714,-13.5842
1.30001,2.04923,,1008.52,56.3124,39456.2,,0.0338634,-0.864723,,-15.9986,-11.3922
1.30008,2.14813,,1009.14,46.5098,42387.5,,0.0304335,-0.918762,,-15.6041,-8.49737
1.30012,2.24664,,1009.6,26.832,44596.9,,0.0271375,-0.963,,-15.0965,-5.04868
1.30012,2.34492,,1009.88,0.498401,45910.3,,0.0239241,-0.99351,,-14.4873,-1.23794
1.30008,2.44317,,1009.94,-29.0557,46197.3,,0.0207917,-1.00789,,-13.791,2.71566
1.29999,2.54157,,1009.77,-58.3837,45403.6,,0.0177899,-1.00548,,-13.0252,6.5838
1.29988,2.64025,,1009.39,-84.1856,43572.1,,0.0150084,-0.9874,,-12.2108,10.1487
1.29976,2.73931,,1008.82,-103.475,40848.1,,0.0125576,-0.956486,,-11.3711,13.2245
1.29963,2.83879,,1008.1,-113.859,37467,,0.0105518,-0.91666,,-10.5302,15.6838
1.29952,2.93869,,1007.31,-113.879,33724.3,,0.009095,-0.872343,,-9.71136,17.4694
1.29944,3.03895,,1006.5,-103.314,29928.8,,0.00827311,-0.828061,,-8.93506,18.5893
1.29941,3.1395,,1005.74,-83.3059,26345.4,,0.00814546,-0.788212,,-8.21724,19.1041
1.29943,3.24025,,1005.05,-56.2245,23146.6,,0.00873533,-0.756842,,-7.56844,19.1148
1.29951,3.34108,,1004.46,-25.211,20390,,0.01002,-0.73738,,-6.9933,18.749
1.29964,3.44186,,1003.95,6.51683,18032.4,,0.0119231,-0.732417,,-6.49076,18.1455
1.29983,3.54246,,1003.51,36.4504,15986.4,,0.0143087,-0.743686,,-6.05491,17.4372
1.30007,3.64273,,1003.12,63.4746,14218.8,,0.0169799,-0.772066,,-5.67624,16.7437
1.30032,3.74253,,1002.83,88.0904,12859.2,,0.0196808,-0.816795,,-5.34327,16.1953
1.30058,3.84179,,1002.68,111.474,12199.5,,0.0221112,-0.873333,,-5.04364,15.9796
1.30083,3.94065,,1002.73,133.158,12434.2,,0.0239739,-0.931796,,-4.76372,16.3138
1.30104,4.03947,,1002.91,149.677,13252.9,,0.0250606,-0.980646,,-4.48741,17.2337
1.3012,4.13863,,1003.03,157.971,13814.7,,0.0253189,-1.01606,,-4.19781,18.3617
1.30129,4.23825,,1002.94,161.349,13400.6,,0.0248244,-1.04694,,-3.88293,19.0708
1.30133,4.33816,,1002.64,168.84,12014.2,,0.0236875,-1.0868,,-3.54006,18.9794
1.30132,4.43818,,1002.21,186.45,10021.5,,0.022006,-1.14111,,-3.17362,18.0319
1.30125,4.53836,,1001.61,210.905,7279.16,,0.0198816,-1.20433,,-2.79115,15.995
1.4,-0.3,,1010.33,0,48069,,0,0,,0,0
1.4,-0.2,,1010.12,0,47088,,0,0,,0,0
1.4,-0.1,,1009.92,0,46107,,0,0,,0,0
1.39831,-0.0760585,,1004.67,-11.9754,21370.7,,0.0628453,-1.09773,,-5.49985,-25.4602
1.39788,0.014296,,1001.02,-77.8999,4611.84,,0.0698171,-1.22876,,-6.1807,-11.8784
1.39761,0.109529,,1000.2,-197.549,923.978,,0.0790657,-1.47405,,-6.93091,-6.97192
1.39757,0.213429,,1002.48,-263.928,11254.6,,0.0907105,-1.62465,,-7.79252,-7.9191
1.3977,0.324555,,1005.5,-267.499,25213.5,,0.103242,-1.56106,,-8.7312,-8.27179
1.39793,0.437557,,1007.05,-264.249,32516.6,,0.114703,-1.34634,,-9.67049,-5.81436
1.39821,0.54762,,1006.82,-283.336,31396.5,,0.124071,-1.10986,,-10.5551,-2.42751
1.39851,0.652886,,1005.62,-315.969,25811.7,,0.131337,-0.928768,,-11.3706,0.000497268
1.39882,0.75392,,1004.34,-345.241,19832.5,,0.136787,-0.815137,,-12.1271,0.922734
1.39914,0.852264,,1003.4,-360.676,15493.6,,0.14053,-0.750769,,-12.8382,0.535925
1.39945,0.949442,,1002.9,-358.372,13183.4,,0.14246,-0.714312,,-13.51,-0.809802
1.39973,1.04658,,1002.76,-338.149,12548.5,,0.142426,-0.691296,,-14.1393,-2.81319
1.39997,1.1444,,1002.88,-301.739,13117.4,,0.140378,-0.674445,,-14.7161,-5.2268
1.40016,1.24324,,1003.2,-252.092,14569.1,,0.136434,-0.661254,,-15.227,-7.81971
1.4003,1.34322,,1003.67,-193.198,16762.2,,0.130882,-0.652,,-15.6573,-10.3554
1.40039,1.44418,,1004.3,-129.959,19642.8,,0.124145,-0.648742,,-15.9924,-12.5931
1.40045,1.54578,,1005.05,-67.8738,23126,,0.116728,-0.65474,,-16.2187,-14.3066
1.40049,1.64754,,1005.88,-12.4167,27024.4,,0.109126,-0.673594,,-16.3249,-15.3133
1.40051,1.74896,,1006.75,31.8084,31072.2,,0.10175,-0.707496,,-16.3036,-15.5008
1.40053,1.84975,,1007.59,61.8862,35026.2,,0.0948742,-0.755019,,-16.1523,-14.8263
1.40054,1.94983,,1008.37,76.8498,38712.6,,0.0886316,-0.811189,,-15.8733,-13.3034
1.40054,2.04926,,1009.06,77.4233,42001.4,,0.083038,-0.86926,,-15.4728,-10.9869
1.40053,2.14814,,1009.63,65.5366,44736.7,,0.0780218,-0.922878,,-14.9602,-7.97681
1.4005,2.24661,,1010.05,43.9241,46736.8,,0.0734636,-0.966805,,-14.3474,-4.42548
1.40044,2.34486,,1010.28,15.7998,47827.4,,0.0692349,-0.997103,,-13.6487,-0.527967
1.40035,2.44308,,1010.29,-15.4116,47879.2,,0.0652289,-1.01134,,-12.8809,3.49354
1.40024,2.54145,,1010.07,-46.273,46841.4,,0.0613759,-1.00879,,-12.0632,7.40823
1.40011,2.64011,,1009.64,-73.4857,44763.3,,0.0576461,-0.990551,,-11.2171,10.9966
1.39997,2.73917,,1009.02,-94.0516,41800.3,,0.0540441,-0.959419,,-10.3652,14.0723
1.39983,2.83866,,1008.26,-105.553,38200.6,,0.050602,-0.919296,,-9.5303,16.509
1.3997,2.93858,,1007.43,-106.5,34273.5,,0.0473736,-0.874594,,-8.73359,18.2523
1.3996,3.03888,,1006.59,-96.6448,30340,,0.0444283,-0.829846,,-7.99275,19.3141
1.39955,3.1395,,1005.81,-77.1212,26672.1,,0.0418411,-0.789466,,-7.32092,19.7602
1.39954,3.24033,,1005.12,-50.3165,23441.8,,0.0396767,-0.75752,,-6.72596,19.6976
1.39959,3.34124,,1004.52,-19.4233,20696,,0.0379705,-0.73745,,-6.21018,19.2612
1.3997,3.44211,,1004.02,12.2592,18371,,0.0367124,-0.731884,,-5.77053,18.5969
1.39985,3.5428,,1003.59,42.1339,16353.5,,0.0358391,-0.742664,,-5.3993,17.8422
1.40004,3.64314,,1003.2,69.0396,14589.8,,0.0352347,-0.770906,,-5.0852,17.1175
1.40026,3.74297,,1002.9,93.5332,13208.4,,0.0347382,-0.816169,,-4.81476,16.5513
1.40048,3.84221,,1002.75,116.946,12527,,0.0341558,-0.874094,,-4.57369,16.3335
1.40069,3.941,,1002.81,138.911,12781.1,,0.0332894,-0.934532,,-4.34716,16.6943
1.40088,4.03971,,1003,155.791,13682.1,,0.0319893,-0.985172,,-4.11936,17.6856
1.40102,4.13876,,1003.15,164.064,14361.3,,0.0302078,-1.02135,,-3.87466,18.9268
1.40111,4.23828,,1003.08,166.699,14034.1,,0.0279999,-1.0518,,-3.60185,19.7534
1.40114,4.33814,,1002.78,172.932,12650.4,,0.0254691,-1.09067,,-3.29776,19.7317
1.40113,4.43813,,1002.33,189.431,10571.2,,0.0227211,-1.14441,,-2.96632,18.7766
1.40107,4.5383,,1001.69,213.456,7681.69,,0.0198536,-1.20801,,-2.61547,16.6592
1.5,-0.3,,1010.33,0,48069,,0,0,,0,0
1.5,-0.2,,1010.12,0,47088,,0,0,,0,0
1.5,-0.1,,1009.92,0,46107,,0,0,,0,0
1.499,-0.0749023,,1005.53,36.5002,25365.4,,0.0852564,-1.04755,,-5.84176,-28.6626
1.49869,0.0152568,,1001.71,-26.2548,7761.09,,0.0963305,-1.17286,,-6.55736,-14.3669
1.49857,0.110205,,1000.72,-147.117,3270.57,,0.110579,-1.42028,,-7.32059,-8.83525
1.49866,0.213853,,1002.89,-216.283,13138.3,,0.127538,-1.57879,,-8.17772,-9.39558
1.49889,0.324846,,1005.88,-221.409,27016.4,,0.144912,-1.52458,,-9.10148,-9.56013
1.49919,0.43783,,1007.47,-217.891,34467.9,,0.160301,-1.31788,,-10.016,-6.99727
1.4995,0.547936,,1007.28,-235.68,33567.4,,0.172693,-1.08771,,-10.8641,-3.52158
1.49983,0.653252,,1006.14,-266.742,28205.2,,0.1823,-0.911839,,-11.6328,-1.00571
1.50016,0.754313,,1004.9,-294.579,22442.9,,0.189629,-0.802887,,-12.3352,0.00425107
1.5005,0.85265,,1004.01,-308.928,18319.6,,0.194899,-0.742865,,-12.9866,-0.294652
1.50084,0.949792,,1003.56,-306.024,16220.6,,0.198003,-0.710413,,-13.5934,-1.55119
1.50113,1.04688,,1003.46,-285.79,15779.8,,0.198718,-0.690957,,-14.1515,-3.46299
1.50138,1.14462,,1003.62,-250.017,16507.9,,0.19691,-0.677119,,-14.6503,-5.78176
1.50155,1.2434,,1003.96,-201.662,18067.1,,0.192655,-0.66632,,-15.0763,-8.27566
1.50166,1.34332,,1004.44,-144.66,20305.5,,0.18627,-0.6588,,-15.4153,-10.707
1.50171,1.44423,,1005.06,-83.8033,23166.7,,0.178268,-0.656628,,-15.6539,-12.8334
1.5017,1.5458,,1005.79,-24.4392,26570.8,,0.169266,-0.663119,,-15.7804,-14.4281
1.50166,1.64753,,1006.59,28.122,30340.5,,0.159885,-0.681973,,-15.7855,-15.3093
1.5016,1.74893,,1007.42,69.4275,34222.1,,0.150659,-0.715501,,-15.6644,-15.3675
1.50153,1.84972,,1008.21,96.6762,37984,,0.141968,-0.762409,,-15.4174,-14.5637
1.50145,1.94979,,1008.94,108.967,41460.6,,0.134035,-0.817849,,-15.0489,-12.9157
1.50136,2.04921,,1009.59,107.05,44526.5,,0.126934,-0.875195,,-14.5675,-10.4825
1.50127,2.14807,,1010.11,92.8618,47027.9,,0.120613,-0.928186,,-13.9847,-7.36764
1.50117,2.24653,,1010.48,69.1283,48783.8,,0.114935,-0.971632,,-13.3143,-3.72659
1.50106,2.34476,,1010.65,39.0453,49620.6,,0.109731,-1.0016,,-12.5722,0.242762
1.50093,2.44295,,1010.61,6.01448,49411,,0.104831,-1.01565,,-11.7763,4.31585
1.50078,2.5413,,1010.33,-26.5489,48108.1,,0.100091,-1.013,,-10.9462,8.2601
1.50062,2.63995,,1009.85,-55.3602,45768.1,,0.0954032,-0.994726,,-10.1029,11.8551
1.50045,2.73901,,1009.17,-77.4223,42555.8,,0.090701,-0.963564,,-9.26821,14.9148
1.50029,2.83851,,1008.37,-90.3048,38730.8,,0.0859572,-0.923396,,-8.46333,17.3145
1.50014,2.93845,,1007.5,-92.4977,34615.3,,0.0811847,-0.878635,,-7.70726,19.003
1.50001,3.03879,,1006.63,-83.7288,30541.1,,0.0764324,-0.833836,,-7.01545,19.9962
1.49993,3.13945,,1005.83,-65.1183,26787.1,,0.0717743,-0.793447,,-6.39879,20.3646
1.49988,3.24033,,1005.13,-39.0539,23525.7,,0.0672918,-0.761566,,-5.86308,20.221
1.49989,3.34131,,1004.55,-8.74478,20796.4,,0.0630523,-0.741652,,-5.40895,19.7068
1.49995,3.44224,,1004.05,22.48,18521.1,,0.0590899,-0.736336,,-5.032,18.9753
1.50005,3.54298,,1003.63,51.9905,16568.3,,0.0553964,-0.74749,,-4.72343,18.1706
1.50019,3.64335,,1003.26,78.6122,14869.5,,0.0519246,-0.776311,,-4.47085,17.4178
1.50035,3.74318,,1002.98,102.933,13551.8,,0.0485972,-0.822468,,-4.25964,16.8487
1.50052,3.84239,,1002.85,126.332,12949.3,,0.0453143,-0.881573,,-4.07433,16.6596
1.50068,3.94111,,1002.93,148.384,13318.8,,0.0419658,-0.94311,,-3.89931,17.0915
1.50082,4.03974,,1003.15,165.145,14370.6,,0.0384635,-0.994094,,-3.71884,18.2028
1.50093,4.13871,,1003.33,172.636,15193.2,,0.034785,-1.02934,,-3.51805,19.595
1.50099,4.23819,,1003.28,173.63,14936.5,,0.0309889,-1.05777,,-3.28631,20.5553
1.50101,4.33803,,1002.97,177.785,13512.5,,0.0271798,-1.09444,,-3.02053,20.5971
1.50099,4.43803,,1002.48,192.581,11297.6,,0.0234619,-1.14684,,-2.72466,19.6145
1.50093,4.53821,,1001.81,215.829,8220.52,,0.0199168,-1.21042,,-2.40701,17.3946
1.6,-0.3,,1010.33,0,48069,,0,0,,0,0
1.6,-0.2,,1010.12,0,47088,,0,0,,0,0
1.6,-0.1,,1009.92,0,46107,,0,0,,0,0
1.59975,-0.0734347,,1006.56,83.5497,30180.3,,0.100335,-1.00263,,-5.84866,-32.3449
1.59959,0.0166337,,1002.62,26.5712,11901.1,,0.11429,-1.11917,,-6.55524,-17.3644
1.59961,0.111388,,1001.47,-92.7247,6681.99,,0.131874,-1.36445,,-7.29263,-11.1501
1.59982,0.214829,,1003.52,-162.65,16035.3,,0.152262,-1.5268,,-8.1087,-11.1926
1.60015,0.325672,,1006.45,-168.414,29683.8,,0.172763,-1.47953,,-8.9793,-11.0264
1.60051,0.438574,,1008.03,-164.376,37110.7,,0.190778,-1.28039,,-9.8295,-8.25432
1.60086,0.548636,,1007.85,-180.768,36288,,0.205281,-1.05741,,-10.6038,-4.62892
1.60121,0.653911,,1006.74,-210.134,31050.4,,0.216562,-0.88825,,-11.2933,-1.9911
1.60155,0.754917,,1005.54,-236.402,25439.4,,0.225219,-0.785568,,-11.9146,-0.872603
1.6019,0.853178,,1004.69,-249.57,21483.8,,0.231532,-0.731362,,-12.4846,-1.06922
1.60223,0.950228,,1004.28,-246.042,19555,,0.235415,-0.704185,,-13.0099,-2.2257
1.60252,1.04721,,1004.22,-225.855,19268.4,,0.236636,-0.689342,,-13.4862,-4.0375
1.60274,1.14485,,1004.4,-190.853,20114.8,,0.235045,-0.679348,,-13.903,-6.25515
1.60289,1.24354,,1004.75,-143.983,21740.5,,0.230723,-0.671561,,-14.2469,-8.64578
1.60296,1.34338,,1005.23,-89.1006,23984.5,,0.224005,-0.666216,,-14.5047,-10.9703
1.60296,1.44423,,1005.83,-30.8643,26789.1,,0.215438,-0.665428,,-14.6643,-12.9849
1.6029,1.54575,,1006.54,25.5511,30080,,0.205687,-0.672606,,-14.7152,-14.4621
1.6028,1.64745,,1007.3,75.0178,33690.2,,0.195424,-0.691567,,-14.6503,-15.2212
1.60267,1.74884,,1008.08,113.244,37378,,0.185236,-0.724751,,-14.4666,-15.1555
1.60252,1.84961,,1008.83,137.542,40922.9,,0.175558,-0.77101,,-14.1657,-14.2298
1.60237,1.94968,,1009.51,147.071,44167.1,,0.166662,-0.825636,,-13.7537,-12.4659
1.60222,2.04909,,1010.1,142.598,46989.3,,0.15866,-0.882146,,-13.2401,-9.92682
1.60207,2.14795,,1010.57,126.058,49237.8,,0.151517,-0.934396,,-12.6371,-6.71931
1.60192,2.2464,,1010.88,100.161,50733,,0.145099,-0.977266,,-11.9592,-3.00173
1.60176,2.34461,,1011,68.0746,51302.7,,0.139217,-1.00685,,-11.2228,1.02565
1.60158,2.44279,,1010.9,33.1715,50822,,0.133674,-1.02069,,-10.4453,5.1364
1.6014,2.54112,,1010.57,-1.16225,49248.2,,0.128285,-1.01799,,-9.6457,9.09676
1.60121,2.63977,,1010.03,-31.6635,46643.9,,0.122898,-0.999769,,-8.8439,12.686
1.60102,2.73882,,1009.31,-55.3453,43182.7,,0.117402,-0.96872,,-8.06001,15.7188
1.60084,2.83833,,1008.45,-69.774,39134.6,,0.111732,-0.928702,,-7.31323,18.0728
1.60067,2.93829,,1007.55,-73.4252,34832.7,,0.105869,-0.884135,,-6.62038,19.6997
1.60052,3.03866,,1006.65,-66.0077,30618.4,,0.0998437,-0.839615,,-5.99479,20.6194
1.6004,3.13936,,1005.83,-48.6238,26777.2,,0.0937199,-0.799644,,-5.44542,20.9068
1.60032,3.24027,,1005.12,-23.647,23482.9,,0.0875813,-0.768367,,-4.9765,20.6797
1.60029,3.34128,,1004.54,5.72433,20771,,0.0815078,-0.749259,,-4.58752,20.0858
1.60029,3.44224,,1004.06,36.1733,18554.6,,0.0755583,-0.744929,,-4.27336,19.2854
1.60034,3.54299,,1003.66,65.0843,16691.5,,0.0697634,-0.757199,,-4.0248,18.4309
1.60042,3.64336,,1003.31,91.2985,15104.8,,0.0641287,-0.787206,,-3.82925,17.6549
1.60052,3.74317,,1003.06,115.409,13920.3,,0.0586444,-0.834529,,-3.67184,17.0977
1.60063,3.84233,,1002.96,138.746,13478.5,,0.0532888,-0.894558,,-3.53683,16.9647
1.60073,3.94099,,1003.08,160.684,14039.1,,0.0480273,-0.956338,,-3.40856,17.5053
1.60082,4.03956,,1003.35,176.875,15290.4,,0.0428281,-1.00635,,-3.27177,18.7746
1.60089,4.13849,,1003.57,182.911,16266.5,,0.0376977,-1.03919,,-3.11246,20.3442
1.60092,4.23797,,1003.52,181.527,16056.4,,0.032703,-1.06431,,-2.9208,21.4452
1.60091,4.33783,,1003.19,182.982,14550.8,,0.0279485,-1.09788,,-2.69402,21.5404
1.60088,4.43787,,1002.67,195.657,12159.7,,0.0235323,-1.14842,,-2.43614,20.5129
1.60081,4.53809,,1001.95,217.906,8866.6,,0.0195176,-1.2117,,-2.15556,18.1756
1.7,-0.3,,1010.33,0,48069,,0,0,,0,0
1.7,-0.2,,1010.12,0,47088,,0,0,,0,0
1.7,-0.1,,1009.92,0,46107,,0,0,,0,0
1.7004,-0.0718238,,1007.66,126.255,35367,,0.105323,-0.965365,,-5.478,-36.1878
1.70037,0.0182463,,1003.64,76.7173,16601.8,,0.120584,-1.07133,,-6.13265,-20.5922
1.70051,0.112898,,1002.37,-38.9016,10773,,0.139529,-1.31118,,-6.80443,-13.6974
1.70081,0.216191,,1004.29,-107.877,19615.2,,0.16113,-1.47371,,-7.53889,-13.152
1.7012,0.32689,,1007.14,-113.49,32931.9,,0.182604,-1.43071,,-8.31472,-12.5591
1.7016,0.439668,,1008.68,-108.81,40189.3,,0.201382,-1.23806,,-9.06224,-9.50304
1.70196,0.549617,,1008.49,-123.893,39314.4,,0.216485,-1.02243,,-9.7315,-5.68537
1.7023,0.654779,,1007.39,-151.649,34105.1,,0.228231,-0.86072,,-10.3177,-2.9046
1.70263,0.755661,,1006.22,-176.403,28576.8,,0.237237,-0.765224,,-10.8395,-1.66764
1.70295,0.853791,,1005.39,-188.432,24736.5,,0.243818,-0.7177,,-11.3142,-1.75746
1.70325,0.950705,,1005.01,-184.326,22933.7,,0.247927,-0.696521,,-11.7482,-2.81243
1.70351,1.04756,,1004.97,-164.23,22761.2,,0.249366,-0.686849,,-12.1374,-4.52493
1.7037,1.14508,,1005.17,-130.038,23689.2,,0.248005,-0.681102,,-12.4719,-6.64388
1.70382,1.24365,,1005.52,-84.6738,25348.9,,0.24392,-0.676607,,-12.7394,-8.93514
1.70386,1.3434,,1006,-31.907,27571.2,,0.237432,-0.673629,,-12.9279,-11.1581
1.70382,1.44418,,1006.58,23.7457,30297.9,,0.229068,-0.674369,,-13.0268,-13.0676
1.70372,1.54565,,1007.26,77.2832,33460.2,,0.219471,-0.682347,,-13.0272,-14.4355
1.70358,1.64732,,1007.98,123.757,36900.7,,0.209298,-0.701504,,-12.9234,-15.0823
1.70341,1.74869,,1008.72,159.029,40389,,0.199125,-0.734409,,-12.7136,-14.9041
1.70322,1.84945,,1009.42,180.515,43714.2,,0.189394,-0.780053,,-12.4005,-13.8689
1.70303,1.94952,,1010.05,187.422,46725.4,,0.180391,-0.833872,,-11.9903,-12.0021
1.70284,2.04893,,1010.58,180.53,49305.1,,0.172247,-0.889536,,-11.4924,-9.37056
1.70265,2.14779,,1011,161.766,51303.4,,0.164945,-0.941024,,-10.9187,-6.08389
1.70246,2.24623,,1011.26,133.816,52542.3,,0.158361,-0.983297,,-10.2832,-2.30293
1.70227,2.34443,,1011.32,99.8222,52851.3,,0.152313,-1.01249,,-9.60093,1.77008
1.70208,2.4426,,1011.17,63.1236,52108.2,,0.146599,-1.02613,,-8.88834,5.90726
1.70188,2.54093,,1010.79,27.0752,50274.5,,0.141024,-1.02341,,-8.1626,9.87407
1.70168,2.63957,,1010.19,-5.08453,47418.8,,0.13542,-1.0053,,-7.4415,13.4499
1.70148,2.73862,,1009.42,-30.3833,43722.3,,0.129654,-0.974454,,-6.74285,16.4505
1.70129,2.83814,,1008.52,-46.3895,39463.7,,0.123641,-0.934708,,-6.08332,18.7555
1.70111,2.93812,,1007.58,-51.5702,34985.5,,0.117344,-0.890502,,-5.47734,20.32
1.70095,3.03851,,1006.65,-45.6186,30637.6,,0.110778,-0.846483,,-4.93605,21.1672
1.70081,3.13922,,1005.82,-29.6172,26711.1,,0.103994,-0.807224,,-4.46669,21.3761
1.70071,3.24015,,1005.1,-5.91642,23382.1,,0.0970697,-0.776928,,-4.0723,21.0689
1.70064,3.34116,,1004.52,22.317,20685.3,,0.0900834,-0.759087,,-3.75168,20.3986
1.7006,3.44212,,1004.06,51.8078,18530.1,,0.0831032,-0.756265,,-3.49961,19.5327
1.7006,3.54286,,1003.68,79.9879,16769.7,,0.07618,-0.770176,,-3.30721,18.6318
1.70062,3.6432,,1003.36,105.733,15324.1,,0.0693537,-0.801785,,-3.16252,17.839
1.70067,3.74297,,1003.14,129.621,14318.1,,0.0626617,-0.85042,,-3.05145,17.3055
1.70072,3.84207,,1003.09,152.856,14090.6,,0.0561393,-0.91111,,-2.95905,17.2478
1.70077,3.94068,,1003.27,174.513,14888.5,,0.04981,-0.97243,,-2.87051,17.9213
1.70081,4.03921,,1003.59,189.791,16363.1,,0.043687,-1.02047,,-2.77175,19.3702
1.70084,4.13814,,1003.83,193.906,17488.1,,0.0377995,-1.04988,,-2.6502,21.1276
1.70084,4.23764,,1003.79,189.685,17299,,0.0322173,-1.07088,,-2.49724,22.3662
1.70081,4.33756,,1003.44,188.103,15680.2,,0.0270394,-1.10085,,-2.31053,22.503
1.70076,4.43765,,1002.88,198.464,13088.4,,0.0223542,-1.14927,,-2.09395,21.4188
1.7007,4.53793,,1002.11,219.62,9567.41,,0.0182091,-1.21211,,-1.85549,18.9582
1.8,-0.3,,1010.33,0,48069,,0,0,,0,0
1.8,-0.2,,1010.12,0,47088,,0,0,,0,0
1.8,-0.1,,1009.92,0,46107,,0,0,,0,0
1.80079,-0.0702473,,1008.72,162.399,40413.7,,0.098405,-0.936721,,-4.73265,-39.84
1.80085,0.0198913,,1004.66,120.815,21339.3,,0.113074,-1.03173,,-5.29388,-23.7282
1.80105,0.114518,,1003.3,10.0261,15038.7,,0.131094,-1.26429,,-5.86222,-16.2103
1.80139,0.217721,,1005.11,-56.8932,23415.6,,0.151401,-1.42431,,-6.4771,-15.0753
1.80178,0.328296,,1007.87,-61.8457,36351.3,,0.171417,-1.38325,,-7.12059,-14.0204
1.80216,0.440932,,1009.34,-56.5524,43342.1,,0.188836,-1.19571,,-7.73305,-10.6487
1.8025,0.550728,,1009.12,-70.5675,42318.2,,0.202805,-0.986907,,-8.27321,-6.62333
1.8028,0.655729,,1008.02,-96.9702,37059.6,,0.213632,-0.832606,,-8.73971,-3.69646
1.80308,0.756447,,1006.85,-120.42,31554.6,,0.221903,-0.744398,,-9.15086,-2.34429
1.80336,0.854414,,1006.05,-131.465,27782,,0.227943,-0.703649,,-9.52261,-2.33371
1.80361,0.951171,,1005.68,-126.871,26064.6,,0.231747,-0.688496,,-9.86057,-3.29532
1.80382,1.04788,,1005.66,-106.889,25971.2,,0.23316,-0.683954,,-10.1612,-4.91788
1.80397,1.14527,,1005.87,-73.4505,26951.9,,0.232071,-0.682372,,-10.4157,-6.94846
1.80406,1.24374,,1006.23,-29.4551,28623.8,,0.228541,-0.681081,,-10.6138,-9.15156
1.80407,1.3434,,1006.69,21.4112,30810.8,,0.222848,-0.680405,,-10.7452,-11.2851
1.80402,1.44412,,1007.25,74.7613,33454.8,,0.215449,-0.682644,,-10.8011,-13.1027
1.80391,1.54554,,1007.9,125.751,36491.8,,0.206909,-0.691437,,-10.7742,-14.3758
1.80376,1.64717,,1008.59,169.591,39772.9,,0.197805,-0.710845,,-10.6604,-14.9259
1.80358,1.74852,,1009.28,202.275,43076.9,,0.188651,-0.743549,,-10.4585,-14.6515
1.80338,1.84927,,1009.94,221.307,46201.1,,0.179843,-0.788667,,-10.1713,-13.5235
1.80318,1.94933,,1010.52,225.93,49000.3,,0.171652,-0.841764,,-9.80452,-11.5704
1.80299,2.04875,,1011.01,216.931,51359.7,,0.164207,-0.896653,,-9.36645,-8.8621
1.8028,2.1476,,1011.38,196.223,53131.4,,0.157504,-0.947437,,-8.86762,-5.51079
1.80261,2.24604,,1011.59,166.476,54138.7,,0.151442,-0.989155,,-8.32009,-1.67938
1.80242,2.34425,,1011.6,130.802,54213,,0.145859,-1.01798,,-7.73701,2.4283
1.80223,2.44241,,1011.4,92.5102,53234.7,,0.140573,-1.03145,,-7.13231,6.58327
1.80204,2.54073,,1010.97,54.9276,51169.2,,0.135404,-1.02873,,-6.52053,10.5505
1.80185,2.63937,,1010.33,21.2685,48090.3,,0.130189,-1.01076,,-5.9166,14.1098
1.80166,2.73843,,1009.52,-5.51024,44185.4,,0.124801,-0.980155,,-5.33524,17.0777
1.80148,2.83796,,1008.58,-22.9822,39740.6,,0.11915,-0.940733,,-4.79014,19.3362
1.80131,2.93794,,1007.6,-29.6094,35105.9,,0.113194,-0.896961,,-4.293,20.8431
1.80115,3.03834,,1006.66,-25.0726,30637.9,,0.106935,-0.853545,,-3.8527,21.6246
1.80102,3.13906,,1005.8,-10.4357,26632.9,,0.100412,-0.815136,,-3.47485,21.7631
1.8009,3.23999,,1005.08,11.9784,23269.9,,0.0936892,-0.785998,,-3.16153,21.3844
1.80082,3.341,,1004.5,39.0445,20584.4,,0.0868359,-0.769642,,-2.91134,20.6463
1.80076,3.44193,,1004.05,67.5456,18486.3,,0.0799166,-0.768577,,-2.71948,19.7224
1.80073,3.54263,,1003.69,94.9791,16829.2,,0.0729868,-0.784372,,-2.57814,18.7818
1.80072,3.64293,,1003.41,120.264,15533.5,,0.0661005,-0.817753,,-2.47687,17.9781
1.80072,3.74264,,1003.23,143.946,14723.1,,0.0593188,-0.867705,,-2.40336,17.4752
1.80073,3.84169,,1003.23,167.061,14729.6,,0.052708,-0.928823,,-2.34453,17.5012
1.80074,3.94025,,1003.46,188.339,15777.3,,0.046326,-0.989231,,-2.28748,18.3145
1.80075,4.03877,,1003.83,202.527,17472.7,,0.0402139,-1.03476,,-2.22009,19.9441
1.80075,4.13771,,1004.1,204.538,18729.6,,0.034413,-1.06031,,-2.13187,21.882
1.80072,4.23727,,1004.06,197.378,18539.6,,0.0289889,-1.07695,,-2.01576,23.245
1.80069,4.33725,,1003.68,192.759,16792.2,,0.0240281,-1.10328,,-1.86994,23.4116
1.80063,4.43742,,1003.07,200.856,13996.4,,0.0196057,-1.14958,,-1.69784,22.266
1.80057,4.53775,,1002.26,220.95,10255.4,,0.015757,-1.21197,,-1.50645,19.6867
1.9,-0.3,,1010.33,0,48069,,0,0,,0,0
1.9,-0.2,,1010.12,0,47088,,0,0,,0,0
1.9,-0.1,,1009.92,0,46107,,0,0,,0,0
1.90085,-0.0688779,,1009.64,190.475,44794.4,,0.079798,-0.916512,,-3.65164,-42.9542
1.90095,0.0213615,,1005.57,156.172,25552.4,,0.0919402,-1.00168,,-4.08243,-26.4442
1.90115,0.116013,,1004.14,50.285,18917.5,,0.106754,-1.2267,,-4.51436,-18.4097
1.90146,0.219174,,1005.86,-14.2011,26909.3,,0.123313,-1.3829,,-4.97764,-16.7526
1.90179,0.329652,,1008.53,-18.3108,39475.2,,0.139528,-1.34214,,-5.45855,-15.2686
1.90211,0.442152,,1009.93,-12.5427,46167,,0.153571,-1.1583,,-5.91166,-11.5992
1.90237,0.551788,,1009.68,-25.8068,44948.5,,0.164788,-0.955227,,-6.30655,-7.38185
1.90261,0.656618,,1008.55,-51.2049,39596.8,,0.173452,-0.807453,,-6.64395,-4.32492
1.90282,0.757166,,1007.39,-73.6549,34075.9,,0.180054,-0.725751,,-6.93914,-2.87384
1.90303,0.85497,,1006.59,-83.9362,30335.2,,0.184878,-0.691038,,-7.20487,-2.77918
1.90322,0.951578,,1006.24,-78.9691,28670.9,,0.187939,-0.681209,,-7.4455,-3.66379
1.90337,1.04815,,1006.23,-59.0937,28628.6,,0.189122,-0.681158,,-7.65823,-5.21289
1.90349,1.14543,,1006.44,-26.2728,29640.9,,0.18834,-0.683194,,-7.83631,-7.17183
1.90354,1.24381,,1006.8,16.6157,31313.1,,0.185636,-0.684669,,-7.97177,-9.30388
1.90355,1.34339,,1007.26,65.955,33463.7,,0.181222,-0.685979,,-8.05686,-11.3658
1.90349,1.44405,,1007.8,117.464,36034.4,,0.175449,-0.68952,,-8.08487,-13.11
1.90339,1.54543,,1008.42,166.424,38965.4,,0.168755,-0.699042,,-8.05058,-14.3077
1.90326,1.64703,,1009.08,208.174,42114.2,,0.161588,-0.718705,,-7.95083,-14.7814
1.90311,1.74836,,1009.74,238.81,45266.5,,0.154351,-0.751284,,-7.78518,-14.4313
1.90294,1.8491,,1010.36,255.9,48226.1,,0.147361,-0.795995,,-7.55589,-13.2307
1.90277,1.94916,,1010.91,258.717,50851.9,,0.140834,-0.848509,,-7.26744,-11.2105
1.9026,2.04858,,1011.36,248.048,53031.3,,0.134883,-0.902762,,-6.92632,-8.44292
1.90244,2.14743,,1011.69,225.797,54617.7,,0.12951,-0.952961,,-6.5407,-5.04232
1.90228,2.24587,,1011.85,194.615,55435.7,,0.12464,-0.994217,,-6.11992,-1.17316
1.90212,2.34408,,1011.83,157.593,55318.3,,0.120148,-1.02274,,-5.67408,2.95948
1.90196,2.44224,,1011.59,118.016,54148.2,,0.115888,-1.03607,,-5.21386,7.12585
1.90181,2.54056,,1011.12,79.1866,51894.3,,0.111715,-1.03336,,-4.75034,11.0907
1.90165,2.6392,,1010.44,44.2999,48634.3,,0.107498,-1.01553,,-4.29475,14.6339
1.9015,2.73826,,1009.59,16.2989,44560.6,,0.103128,-0.98515,,-3.85817,17.5733
1.90135,2.83779,,1008.63,-2.39546,39965,,0.0985306,-0.946038,,-3.4508,19.7925
1.90121,2.93779,,1007.62,-10.2428,35203,,0.0936657,-0.902685,,-3.08126,21.2514
1.90108,3.03819,,1006.65,-6.9148,30636.5,,0.0885305,-0.859855,,-2.75607,21.9789
1.90096,3.13891,,1005.79,6.54034,26565.8,,0.0831525,-0.82227,,-2.47922,22.0599
1.90086,3.23984,,1005.06,27.8257,23172.7,,0.0775784,-0.794254,,-2.25205,21.6231
1.90079,3.34082,,1004.48,53.8579,20494.9,,0.0718622,-0.779335,,-2.07326,20.8301
1.90073,3.44172,,1004.04,81.4801,18444.8,,0.0660556,-0.779968,,-1.93904,19.8596
1.90068,3.54238,,1003.7,108.257,16878.9,,0.0602071,-0.797573,,-1.84325,18.8877
1.90066,3.64262,,1003.45,133.15,15720.6,,0.0543681,-0.832623,,-1.77778,18.0781
1.90064,3.74228,,1003.31,156.668,15092.9,,0.0486004,-0.883748,,-1.73304,17.6067
1.90063,3.84128,,1003.36,179.671,15317.3,,0.0429743,-0.945116,,-1.69885,17.7114
1.90062,3.93981,,1003.64,200.559,16592.4,,0.0375551,-1.00446,,-1.66514,18.6523
1.90061,4.03832,,1004.05,213.682,18480.7,,0.0323918,-1.04747,,-1.6226,20.4423
1.90059,4.13729,,1004.34,213.727,19843.4,,0.027526,-1.06935,,-1.56335,22.5354
1.90056,4.2369,,1004.3,203.908,19638.8,,0.0230114,-1.08204,,-1.48216,24.0006
1.90053,4.33696,,1003.89,196.606,17767.8,,0.0189154,-1.10513,,-1.37776,24.1863
1.90048,4.43719,,1003.25,202.734,14788.8,,0.0152962,-1.14959,,-1.25283,22.9836
1.90042,4.53757,,1002.39,221.913,10857.2,,0.0121786,-1.21156,,-1.11282,20.3016
2,-0.3,,1010.33,0,48069,,0,0,,0,0
2,-0.2,,1010.12,0,47088,,0,0,,0,0
2,-0.1,,1009.92,0,46107,,0,0,,0,0
2.00063,-0.067868,,1010.32,209.609,48026.8,,0.0517909,-0.903838,,-2.30505,-45.2233
2.00071,0.0224662,,1006.24,180.835,28710.9,,0.0597695,-0.981602,,-2.57617,-28.4434
2.00086,0.11716,,1004.78,78.8888,21866.6,,0.0694683,-1.20049,,-2.84617,-20.0397
2.00107,0.220308,,1006.43,16.4944,29582.2,,0.0802604,-1.35307,,-3.13396,-17.9924
2.00129,0.33072,,1009.03,13.1153,41853.6,,0.0907847,-1.31185,,-3.43093,-16.178
2.0015,0.443113,,1010.37,19.1811,48288.6,,0.0998695,-1.13038,,-3.70873,-12.2779
2.00167,0.552616,,1010.08,6.36419,46892.7,,0.107108,-0.931454,,-3.94888,-7.91357
2.00182,0.657306,,1008.94,-18.3909,41447,,0.112686,-0.788548,,-4.15258,-4.75969
2.00195,0.757715,,1007.77,-40.1763,35896.5,,0.116932,-0.711734,,-4.32991,-3.23665
2.00208,0.855389,,1006.98,-49.942,32166.5,,0.120037,-0.681544,,-4.48909,-3.08179
2.00219,0.951878,,1006.63,-44.7239,30531.4,,0.122017,-0.675682,,-4.63286,-3.9118
2.00229,1.04835,,1006.63,-24.9273,30518.9,,0.122803,-0.678956,,-4.75942,-5.40914
2.00236,1.14554,,1006.85,7.46237,31548.4,,0.122338,-0.683655,,-4.86452,-7.31782
2.00239,1.24385,,1007.2,49.5829,33216.8,,0.120647,-0.687157,,-4.94312,-9.40019
2.00239,1.34338,,1007.65,97.8659,35338.7,,0.117862,-0.689921,,-4.9904,-11.4121
2.00235,1.44399,,1008.19,148.104,37855.7,,0.114204,-0.694422,,-5.0022,-13.1054
2.00229,1.54534,,1008.79,195.667,40710.9,,0.10995,-0.704491,,-4.97529,-14.2509
2.0022,1.64692,,1009.43,235.978,43765.9,,0.105383,-0.724361,,-4.90781,-14.6717
2.00209,1.74823,,1010.06,265.207,46811.4,,0.100758,-0.756872,,-4.79956,-14.2695
2.00198,1.84897,,1010.66,280.964,49655.4,,0.0962797,-0.801307,,-4.65202,-13.0192
2.00187,1.94903,,1011.18,282.537,52159.2,,0.0920891,-0.853414,,-4.46805,-10.953
2.00176,2.04844,,1011.6,270.716,54211.7,,0.0882602,-0.907217,,-4.25176,-8.14514
2.00165,2.1473,,1011.9,247.398,55667.4,,0.0847979,-0.957,,-4.00831,-4.71126
2.00154,2.24575,,1012.04,215.22,56351.7,,0.0816552,-0.997925,,-3.7436,-0.816973
2.00143,2.34395,,1011.99,177.258,56098.9,,0.0787532,-1.02623,,-3.464,3.33182
2.00133,2.44211,,1011.72,136.781,54793.5,,0.0759988,-1.03946,,-3.1762,7.50485
2.00123,2.54043,,1011.23,97.0737,52406.6,,0.0732979,-1.03677,,-2.88713,11.4667
2.00113,2.63907,,1010.52,61.3185,49019,,0.0705647,-1.01904,,-2.6038,14.9975
2.00103,2.73813,,1009.65,32.4482,44826.6,,0.0677281,-0.98884,,-2.33307,17.9159
2.00093,2.83767,,1008.66,12.8792,40124.8,,0.0647376,-0.949969,,-2.08123,20.1066
2.00084,2.93767,,1007.64,4.15288,35273,,0.0615659,-0.906943,,-1.85361,21.5312
2.00075,3.03808,,1006.65,6.60338,30636.6,,0.0582094,-0.864572,,-1.65416,22.2204
2.00068,3.1388,,1005.78,19.1936,26518.7,,0.054684,-0.827636,,-1.48527,22.2608
2.00061,3.23971,,1005.04,39.6464,23103.3,,0.0510185,-0.800504,,-1.34769,21.7832
2.00056,3.34067,,1004.47,64.9118,20430.2,,0.0472467,-0.786716,,-1.24053,20.9516
2.00051,3.44155,,1004.03,91.8814,18414.7,,0.0434021,-0.788685,,-1.16132,19.9483
2.00048,3.54217,,1003.71,118.175,16917,,0.0395173,-0.80771,,-1.10616,18.955
2.00046,3.64236,,1003.48,142.786,15863.5,,0.0356285,-0.844059,,-1.06989,18.1429
2.00044,3.74197,,1003.37,166.192,15376.6,,0.0317802,-0.896067,,-1.04644,17.6969
2.00042,3.84094,,1003.46,189.111,15768.7,,0.0280246,-0.957566,,-1.02933,17.8627
2.00041,3.93945,,1003.77,209.683,17216.7,,0.024411,-1.01601,,-1.01216,18.9009
2.0004,4.03796,,1004.21,221.964,19247.6,,0.0209772,-1.05699,,-0.98907,20.8109
2.00038,4.13696,,1004.52,220.491,20684,,0.0177534,-1.07603,,-0.955155,23.0178
2.00036,4.23662,,1004.47,208.66,20461.7,,0.0147748,-1.08571,,-0.907218,24.5555
2.00033,4.33673,,1004.05,199.357,18493.3,,0.0120844,-1.10638,,-0.844516,24.7521
2.0003,4.43701,,1003.37,204.031,15375.9,,0.00971924,-1.14948,,-0.768748,23.5051
2.00026,4.53744,,1002.49,222.538,11303.4,,0.00769413,-1.21115,,-0.68337,20.7475
2.1,-0.3,,1010.33,0,48069,,0,0,,0,0
2.1,-0.2,,1010.12,0,47088,,0,0,,0,0
2.1,-0.1,,1009.92,0,46107,,0,0,,0,0
2.10023,-0.0673327,,1010.67,219.306,49741.2,,0.0179244,-0.897753,,-0.787944,-46.4178
2.10026,0.0230578,,1006.6,193.507,30400.6,,0.020701,-0.971551,,-0.880504,-29.5017
2.10031,0.117781,,1005.12,93.7401,23455.8,,0.0240713,-1.18702,,-0.972367,-20.9055
2.10039,0.220926,,1006.74,32.5356,31027,,0.0278137,-1.33746,,-1.06996,-18.6497
2.10047,0.331306,,1009.3,29.5706,43135.4,,0.0314565,-1.2958,,-1.17034,-16.6563
2.10054,0.44364,,1010.61,35.7754,49423.6,,0.0345964,-1.11548,,-1.2639,-12.6307
2.1006,0.553069,,1010.3,23.1621,47923.6,,0.0370949,-0.918735,,-1.34445,-8.18718
2.10065,0.65768,,1009.15,-1.28237,42420.7,,0.0390185,-0.778427,,-1.41251,-4.98171
2.10069,0.758011,,1007.97,-22.7379,36849.2,,0.040482,-0.704228,,-1.47162,-3.42086
2.10074,0.855612,,1007.18,-32.2451,33121.1,,0.0415527,-0.676455,,-1.5246,-3.23466
2.10078,0.952038,,1006.84,-26.9012,31498.5,,0.0422375,-0.672707,,-1.57239,-4.0364
2.10081,1.04845,,1006.84,-7.14612,31499.5,,0.0425126,-0.677746,,-1.61437,-5.50703
2.10083,1.1456,,1007.06,25.0228,32536.4,,0.0423587,-0.683854,,-1.64908,-7.38982
2.10084,1.24387,,1007.41,66.7513,34201.7,,0.0417842,-0.688427,,-1.67481,-9.44667
2.10084,1.34337,,1007.86,114.496,36307.9,,0.0408336,-0.691958,,-1.6899,-11.4329
2.10083,1.44396,,1008.38,164.088,38796.7,,0.0395824,-0.696967,,-1.69296,-13.1001
2.1008,1.54529,,1008.98,210.94,41612.5,,0.0381248,-0.707328,,-1.6829,-14.2189
2.10077,1.64686,,1009.61,250.521,44619.2,,0.0365582,-0.727313,,-1.6591,-14.6127
2.10074,1.74816,,1010.23,279.035,47609.7,,0.0349698,-0.759795,,-1.6215,-14.1841
2.1007,1.8489,,1010.81,294.114,50394,,0.0334296,-0.804093,,-1.57063,-12.9084
2.10066,1.94896,,1011.32,295.056,52835,,0.0319869,-0.855991,,-1.50745,-10.8189
2.10062,2.04837,,1011.73,282.648,54822.1,,0.0306674,-0.909561,,-1.43338,-7.99065
2.10058,2.14724,,1012.01,258.785,56210.2,,0.0294734,-0.959128,,-1.35018,-4.54002
2.10054,2.24568,,1012.14,226.097,56825.4,,0.0283888,-0.999881,,-1.25986,-0.633176
2.10051,2.34388,,1012.07,187.654,56502.6,,0.0273867,-1.02807,,-1.16461,3.52355
2.10047,2.44204,,1011.79,146.713,55127.2,,0.0264352,-1.04125,,-1.0667,7.69962
2.10043,2.54036,,1011.28,106.553,52671.6,,0.0255017,-1.03857,,-0.968484,11.6595
2.1004,2.639,,1010.57,70.3484,49218.1,,0.0245563,-1.0209,,-0.872351,15.1837
2.10037,2.73807,,1009.68,41.0269,44964.5,,0.0235744,-0.990796,,-0.780621,18.0909
2.10033,2.83761,,1008.68,21.0024,40207.8,,0.0225383,-0.952056,,-0.695427,20.2667
2.1003,2.93761,,1007.65,11.8166,35309.7,,0.0214382,-0.909208,,-0.618558,21.6735
2.10027,3.03801,,1006.65,13.8064,30637.1,,0.0202726,-0.867089,,-0.551345,22.3427
2.10024,3.13873,,1005.77,25.9406,26494.5,,0.0190468,-0.830508,,-0.494589,22.3621
2.10022,3.23964,,1005.04,45.9526,23067.2,,0.0177703,-0.803861,,-0.448527,21.8634
2.1002,3.34059,,1004.46,70.8106,20396.4,,0.0164548,-0.790694,,-0.412842,21.0119
2.10018,3.44145,,1004.03,97.4333,18399.1,,0.0151119,-0.793395,,-0.386682,19.9918
2.10017,3.54204,,1003.71,123.47,16937.7,,0.0137529,-0.813199,,-0.368706,18.9876
2.10016,3.64222,,1003.5,147.934,15940.8,,0.0123908,-0.850256,,-0.357148,18.1747
2.10016,3.7418,,1003.41,171.284,15530.3,,0.0110418,-0.902739,,-0.349928,17.7428
2.10015,3.84074,,1003.51,194.158,16013.4,,0.00972489,-0.964292,,-0.34482,17.9419
2.10014,3.93924,,1003.85,214.554,17554.4,,0.0084584,-1.02221,,-0.339634,19.0325
2.10014,4.03775,,1004.3,226.373,19661.2,,0.00725634,-1.06208,,-0.332365,21.0066
2.10013,4.13677,,1004.62,224.075,21135.3,,0.00612964,-1.07958,,-0.321349,23.2737
2.10012,4.23646,,1004.57,211.162,20901.6,,0.00509059,-1.08764,,-0.305509,24.8491
2.10011,4.3366,,1004.13,200.792,18879.8,,0.00415399,-1.10702,,-0.284601,25.0505
2.1001,4.43691,,1003.44,204.694,15688,,0.0033325,-1.14939,,-0.259207,23.7795
2.10009,4.53736,,1002.54,222.845,11540.6,,0.0026311,-1.2109,,-0.230511,20.9816
2.2,-0.3,,1010.33,0,48069,,0,0,,0,0
2.2,-0.2,,1010.12,0,47088,,0,0,,0,0
2.2,-0.1,,1009.92,0,46107,,0,0,,0,0
2.19977,-0.0673327,,1010.67,219.306,49741.2,,-0.0179244,-0.897753,,0.787944,-46.4178
2.19974,0.0230578,,1006.6,193.507,30400.6,,-0.020701,-0.971551,,0.880504,-29.5017
2.19969,0.117781,,1005.12,93.7401,23455.8,,-0.0240713,-1.18702,,0.972367,-20.9055
2.19961,0.220926,,1006.74,32.5356,31027,,-0.0278137,-1.33746,,1.06996,-18.6497
2.19953,0.331306,,1009.3,29.5706,43135.4,,-0.0314565,-1.2958,,1.17034,-16.6563
2.19946,0.44364,,1010.61,35.7754,49423.6,,-0.0345964,-1.11548,,1.2639,-12.6307
2.1994,0.553069,,1010.3,23.1621,47923.6,,-0.0370949,-0.918735,,1.34445,-8.18718
2.19935,0.65768,,1009.15,-1.28237,42420.7,,-0.0390185,-0.778427,,1.41251,-4.98171
2.19931,0.758011,,1007.97,-22.7379,36849.2,,-0.040482,-0.704228,,1.47162,-3.42086
2.19926,0.855612,,1007.18,-32.2451,33121.1,,-0.0415527,-0.676455,,1.5246,-3.23466
2.19922,0.952038,,1006.84,-26.9012,31498.5,,-0.0422375,-0.672707,,1.57239,-4.0364
2.19919,1.04845,,1006.84,-7.14612,31499.5,,-0.0425126,-0.677746,,1.61437,-5.50703
2.19917,1.1456,,1007.06,25.0228,32536.4,,-0.0423587,-0.683854,,1.64908,-7.38982
2.19916,1.24387,,1007.41,66.7513,34201.7,,-0.0417842,-0.688427,,1.67481,-9.44667
2.19916,1.34337,,1007.86,114.496,36307.9,,-0.0408336,-0.691958,,1.6899,-11.4329
2.19917,1.44396,,1008.38,164.088,38796.7,,-0.0395824,-0.696967,,1.69296,-13.1001
2.1992,1.54529,,1008.98,210.94,41612.5,,-0.0381248,-0.707328,,1.6829,-14.2189
2.19923,1.64686,,1009.61,250.521,44619.2,,-0.0365582,-0.727313,,1.6591,-14.6127
2.19926,1.74816,,1010.23,279.035,47609.7,,-0.0349698,-0.759795,,1.6215,-14.1841
2.1993,1.8489,,1010.81,294.114,50394,,-0.0334296,-0.804093,,1.57063,-12.9084
2.19934,1.94896,,1011.32,295.056,52835,,-0.0319869,-0.855991,,1.50745,-10.8189
2.19938,2.04837,,1011.73,282.648,54822.1,,-0.0306674,-0.909561,,1.43338,-7.99065
2.19942,2.14724,,1012.01,258.785,56210.2,,-0.0294734,-0.959128,,1.35018,-4.54002
2.19946,2.24568,,1012.14,226.097,56825.4,,-0.0283888,-0.999881,,1.25986,-0.633176
2.19949,2.34388,,1012.07,187.654,56502.6,,-0.0273867,-1.02807,,1.16461,3.52355
2.19953,2.44204,,1011.79,146.713,55127.2,,-0.0264352,-1.04125,,1.0667,7.69962
2.19957,2.54036,,1011.28,106.553,52671.6,,-0.0255017,-1.03857,,0.968484,11.6595
2.1996,2.639,,1010.57,70.3484,49218.1,,-0.0245563,-1.0209,,0.872351,15.1837
2.19963,2.73807,,1009.68,41.0269,44964.5,,-0.0235744,-0.990796,,0.780621,18.0909
2.19967,2.83761,,1008.68,21.0024,40207.8,,-0.0225383,-0.952056,,0.695427,20.2667
2.1997,2.93761,,1007.65,11.8166,35309.7,,-0.0214382,-0.909208,,0.618558,21.6735
2.19973,3.03801,,1006.65,13.8064,30637.1,,-0.0202726,-0.867089,,0.551345,22.3427
2.19976,3.13873,,1005.77,25.9406,26494.5,,-0.0190468,-0.830508,,0.494589,22.3621
2.19978,3.23964,,1005.04,45.9526,23067.2,,-0.0177703,-0.803861,,0.448527,21.8634
2.1998,3.34059,,1004.46,70.8106,20396.4,,-0.0164548,-0.790694,,0.412842,21.0119
2.19982,3.44145,,1004.03,97.4333,18399.1,,-0.0151119,-0.793395,,0.386682,19.9918
2.19983,3.54204,,1003.71,123.47,16937.7,,-0.0137529,-0.813199,,0.368706,18.9876
2.19984,3.64222,,1003.5,147.934,15940.8,,-0.0123908,-0.850256,,0.357148,18.1747
2.19984,3.7418,,1003.41,171.284,15530.3,,-0.0110418,-0.902739,,0.349928,17.7428
2.19985,3.84074,,1003.51,194.158,16013.4,,-0.00972489,-0.964292,,0.34482,17.9419
2.19986,3.93924,,1003.85,214.554,17554.4,,-0.0084584,-1.02221,,0.339634,19.0325
2.19986,4.03775,,1004.3,226.373,19661.2,,-0.00725634,-1.06208,,0.332365,21.0066
2.19987,4.13677,,1004.62,224.075,21135.3,,-0.00612964,-1.07958,,0.321349,23.2737
2.19988,4.23646,,1004.57,211.162,20901.6,,-0.00509059,-1.08764,,0.305509,24.8491
2.19989,4.3366,,1004.13,200.792,18879.8,,-0.00415399,-1.10702,,0.284601,25.0505
2.1999,4.43691,,1003.44,204.694,15688,,-0.0033325,-1.14939,,0.259207,23.7795
2.19991,4.53736,,1002.54,222.845,11540.6,,-0.0026311,-1.2109,,0.230511,20.9816
2.3,-0.3,,1010.33,0,48069,,0,0,,0,0
2.3,-0.2,,1010.12,0,47088,,0,0,,0,0
2.3,-0.1,,1009.92,0,46107,,0,0,,0,0
2.29937,-0.067868,,1010.32,209.609,48026.8,,-0.0517909,-0.903838,,2.30505,-45.2233
2.29929,0.0224662,,1006.24,180.835,28710.9,,-0.0597695,-0.981602,,2.57617,-28.4434
2.29914,0.11716,,1004.78,78.8888,21866.6,,-0.0694683,-1.20049,,2.84617,-20.0397
2.29893,0.220308,,1006.43,16.4944,29582.2,,-0.0802604,-1.35307,,3.13396,-17.9924
2.29871,0.33072,,1009.03,13.1153,41853.6,,-0.0907847,-1.31185,,3.43093,-16.178
2.2985,0.443113,,1010.37,19.1811,48288.6,,-0.0998695,-1.13038,,3.70873,-12.2779
2.29833,0.552616,,1010.08,6.36419,46892.7,,-0.107108,-0.931454,,3.94888,-7.91357
2.29818,0.657306,,1008.94,-18.3909,41447,,-0.112686,-0.788548,,4.15258,-4.75969
2.29805,0.757715,,1007.77,-40.1763,35896.5,,-0.116932,-0.711734,,4.32991,-3.23665
2.29792,0.855389,,1006.98,-49.942,32166.5,,-0.120037,-0.681544,,4.48909,-3.08179
2.29781,0.951878,,1006.63,-44.7239,30531.4,,-0.122017,-0.675682,,4.63286,-3.9118
2.29771,1.04835,,1006.63,-24.9273,30518.9,,-0.122803,-0.678956,,4.75942,-5.40914
2.29764,1.14554,,1006.85,7.46237,31548.4,,-0.122338,-0.683655,,4.86452,-7.31782
2.29761,1.24385,,1007.2,49.5829,33216.8,,-0.120647,-0.687157,,4.94312,-9.40019
2.29761,1.34338,,1007.65,97.8659,35338.7,,-0.117862,-0.689921,,4.9904,-11.4121
2.29765,1.44399,,1008.19,148.104,37855.7,,-0.114204,-0.694422,,5.0022,-13.1054
2.29771,1.54534,,1008.79,195.667,40710.9,,-0.10995,-0.704491,,4.97529,-14.2509
2.2978,1.64692,,1009.43,235.978,43765.9,,-0.105383,-0.724361,,4.90781,-14.6717
2.29791,1.74823,,1010.06,265.207,46811.4,,-0.100758,-0.756872,,4.79956,-14.2695
2.29802,1.84897,,1010.66,280.964,49655.4,,-0.0962797,-0.801307,,4.65202,-13.0192
2.29813,1.94903,,1011.18,282.537,52159.2,,-0.0920891,-0.853414,,4.46805,-10.953
2.29824,2.04844,,1011.6,270.716,54211.7,,-0.0882602,-0.907217,,4.25176,-8.14514
2.29835,2.1473,,1011.9,247.398,55667.4,,-0.0847979,-0.957,,4.00831,-4.71126
2.29846,2.24575,,1012.04,215.22,56351.7,,-0.0816552,-0.997925,,3.7436,-0.816973
2.29857,2.34395,,1011.99,177.258,56098.9,,-0.0787532,-1.02623,,3.464,3.33182
2.29867,2.44211,,1011.72,136.781,54793.5,,-0.0759988,-1.03946,,3.1762,7.50485
2.29877,2.54043,,1011.23,97.0737,52406.6,,-0.0732979,-1.03677,,2.88713,11.4667
2.29887,2.63907,,1010.52,61.3185,49019,,-0.0705647,-1.01904,,2.6038,14.9975
2.29897,2.73813,,1009.65,32.4482,44826.6,,-0.0677281,-0.98884,,2.33307,17.9159
2.29907,2.83767,,1008.66,12.8792,40124.8,,-0.0647376,-0.949969,,2.08123,20.1066
2.29916,2.93767,,1007.64,4.15288,35273,,-0.0615659,-0.906943,,1.85361,21.5312
2.29925,3.03808,,1006.65,6.60338,30636.6,,-0.0582094,-0.864572,,1.65416,22.2204
2.29932,3.1388,,1005.78,19.1936,26518.7,,-0.054684,-0.827636,,1.48527,22.2608
2.29939,3.23971,,1005.04,39.6464,23103.3,,-0.0510185,-0.800504,,1.34769,21.7832
2.29944,3.34067,,1004.47,64.9118,20430.2,,-0.0472467,-0.786716,,1.24053,20.9516
2.29949,3.44155,,1004.03,91.8814,18414.7,,-0.0434021,-0.788685,,1.16132,19.9483
2.29952,3.54217,,1003.71,118.175,16917,,-0.0395173,-0.80771,,1.10616,18.955
2.29954,3.64236,,1003.48,142.786,15863.5,,-0.0356285,-0.844059,,1.06989,18.1429
2.29956,3.74197,,1003.37,166.192,15376.6,,-0.0317802,-0.896067,,1.04644,17.6969
2.29958,3.84094,,1003.46,189.111,15768.7,,-0.0280246,-0.957566,,1.02933,17.8627
2.29959,3.93945,,1003.77,209.683,17216.7,,-0.024411,-1.01601,,1.01216,18.9009
2.2996,4.03796,,1004.21,221.964,19247.6,,-0.0209772,-1.05699,,0.98907,20.8109
2.29962,4.13696,,1004.52,220.491,20684,,-0.0177534,-1.07603,,0.955155,23.0178
2.29964,4.23662,,1004.47,208.66,20461.7,,-0.0147748,-1.08571,,0.907218,24.5555
2.29967,4.33673,,1004.05,199.357,18493.3,,-0.0120844,-1.10638,,0.844516,24.7521
2.2997,4.43701,,1003.37,204.031,15375.9,,-0.00971924,-1.14948,,0.768748,23.5051
2.29974,4.53744,,1002.49,222.538,11303.4,,-0.00769413,-1.21115,,0.68337,20.7475
2.4,-0.3,,1010.33,0,48069,,0,0,,0,0
2.4,-0.2,,1010.12,0,47088,,0,0,,0,0
2.4,-0.1,,1009.92,0,46107,,0,0,,0,0
2.39915,-0.0688779,,1009.64,190.475,44794.4,,-0.079798,-0.916512,,3.65164,-42.9542
2.39905,0.0213615,,1005.57,156.172,25552.4,,-0.0919402,-1.00168,,4.08243,-26.4442
2.39885,0.116013,,1004.14,50.285,18917.5,,-0.106754,-1.2267,,4.51436,-18.4097
2.39854,0.219174,,1005.86,-14.2011,26909.3,,-0.123313,-1.3829,,4.97764,-16.7526
2.39821,0.329652,,1008.53,-18.3108,39475.2,,-0.139528,-1.34214,,5.45855,-15.2686
2.39789,0.442152,,1009.93,-12.5427,46167,,-0.153571,-1.1583,,5.91166,-11.5992
2.39763,0.551788,,1009.68,-25.8068,44948.5,,-0.164788,-0.955227,,6.30655,-7.38185
2.39739,0.656618,,1008.55,-51.2049,39596.8,,-0.173452,-0.807453,,6.64395,-4.32492
2.39718,0.757166,,1007.39,-73.6549,34075.9,,-0.180054,-0.725751,,6.93914,-2.87384
2.39697,0.85497,,1006.59,-83.9362,30335.2,,-0.184878,-0.691038,,7.20487,-2.77918
2.39678,0.951578,,1006.24,-78.9691,28670.9,,-0.187939,-0.681209,,7.4455,-3.66379
2.39663,1.04815,,1006.23,-59.0937,28628.6,,-0.189122,-0.681158,,7.65823,-5.21289
2.39651,1.14543,,1006.44,-26.2728,29640.9,,-0.18834,-0.683194,,7.83631,-7.17183
2.39646,1.24381,,1006.8,16.6157,31313.1,,-0.185636,-0.684669,,7.97177,-9.30388
2.39645,1.34339,,1007.26,65.955,33463.7,,-0.181222,-0.685979,,8.05686,-11.3658
2.39651,1.44405,,1007.8,117.464,36034.4,,-0.175449,-0.68952,,8.08487,-13.11
2.39661,1.54543,,1008.42,166.424,38965.4,,-0.168755,-0.699042,,8.05058,-14.3077
2.39674,1.64703,,1009.08,208.174,42114.2,,-0.161588,-0.718705,,7.95083,-14.7814
2.39689,1.74836,,1009.74,238.81,45266.5,,-0.154351,-0.751284,,7.78518,-14.4313
2.39706,1.8491,,1010.36,255.9,48226.1,,-0.147361,-0.795995,,7.55589,-13.2307
2.39723,1.94916,,1010.91,258.717,50851.9,,-0.140834,-0.848509,,7.26744,-11.2105
2.3974,2.04858,,1011.36,248.048,53031.3,,-0.134883,-0.902762,,6.92632,-8.44292
2.39756,2.14743,,1011.69,225.797,54617.7,,-0.12951,-0.952961,,6.5407,-5.04232
2.39772,2.24587,,1011.85,194.615,55435.7,,-0.12464,-0.994217,,6.11992,-1.17316
2.39788,2.34408,,1011.83,157.593,55318.3,,-0.120148,-1.02274,,5.67408,2.95948
2.39804,2.44224,,1011.59,118.016,54148.2,,-0.115888,-1.03607,,5.21386,7.12585
2.39819,2.54056,,1011.12,79.1866,51894.3,,-0.111715,-1.03336,,4.75034,11.0907
2.39835,2.6392,,1010.44,44.2999,48634.3,,-0.107498,-1.01553,,4.29475,14.6339
2.3985,2.73826,,1009.59,16.2989,44560.6,,-0.103128,-0.98515,,3.85817,17.5733
2.39865,2.83779,,1008.63,-2.39546,39965,,-0.0985306,-0.946038,,3.4508,19.7925
2.39879,2.93779,,1007.62,-10.2428,35203,,-0.0936657,-0.902685,,3.08126,21.2514
2.39892,3.03819,,1006.65,-6.9148,30636.5,,-0.0885305,-0.859855,,2.75607,21.9789
2.39904,3.13891,,1005.79,6.54034,26565.8,,-0.0831525,-0.82227,,2.47922,22.0599
2.39914,3.23984,,1005.06,27.8257,23172.7,,-0.0775784,-0.794254,,2.25205,21.6231
2.39921,3.34082,,1004.48,53.8579,20494.9,,-0.0718622,-0.779335,,2.07326,20.8301
2.39927,3.44172,,1004.04,81.4801,18444.8,,-0.0660556,-0.779968,,1.93904,19.8596
2.39932,3.54238,,1003.7,108.257,16878.9,,-0.0602071,-0.797573,,1.84325,18.8877
2.39934,3.64262,,1003.45,133.15,15720.6,,-0.0543681,-0.832623,,1.77778,18.0781
2.39936,3.74228,,1003.31,156.668,15092.9,,-0.0486004,-0.883748,,1.73304,17.6067
2.39937,3.84128,,1003.36,179.671,15317.3,,-0.0429743,-0.945116,,1.69885,17.7114
2.39938,3.93981,,1003.64,200.559,16592.4,,-0.0375551,-1.00446,,1.66514,18.6523
2.39939,4.03832,,1004.05,213.682,18480.7,,-0.0323918,-1.04747,,1.6226,20.4423
2.39941,4.13729,,1004.34,213.727,19843.4,,-0.027526,-1.06935,,1.56335,22.5354
2.39944,4.2369,,1004.3,203.908,19638.8,,-0.0230114,-1.08204,,1.48216,24.0006
2.39947,4.33696,,1003.89,196.606,17767.8,,-0.0189154,-1.10513,,1.37776,24.1863
2.39952,4.43719,,1003.25,202.734,14788.8,,-0.0152962,-1.14959,,1.25283,22.9836
2.39958,4.53757,,1002.39,221.913,10857.2,,-0.0121786,-1.21156,,1.11282,20.3016
2.5,-0.3,,1010.33,0,48069,,0,0,,0,0
2.5,-0.2,,1010.12,0,47088,,0,0,,0,0
2.5,-0.1,,1009.92,0,46107,,0,0,,0,0
2.49921,-0.0702473,,1008.72,162.399,40413.7,,-0.098405,-0.936721,,4.73265,-39.84
2.49915,0.0198913,,1004.66,120.815,21339.3,,-0.113074,-1.03173,,5.29388,-23.7282
2.49895,0.114518,,1003.3,10.0261,15038.7,,-0.131094,-1.26429,,5.86222,-16.2103
2.49861,0.217721,,1005.11,-56.8932,23415.6,,-0.151401,-1.42431,,6.4771,-15.0753
2.49822,0.328296,,1007.87,-61.8457,36351.3,,-0.171417,-1.38325,,7.12059,-14.0204
2.49784,0.440932,,1009.34,-56.5524,43342.1,,-0.188836,-1.19571,,7.73305,-10.6487
2.4975,0.550728,,1009.12,-70.5675,42318.2,,-0.202805,-0.986907,,8.27321,-6.62333
2.4972,0.655729,,1008.02,-96.9702,37059.6,,-0.213632,-0.832606,,8.73971,-3.69646
2.49692,0.756447,,1006.85,-120.42,31554.6,,-0.221903,-0.744398,,9.15086,-2.34429
2.49664,0.854414,,1006.05,-131.465,27782,,-0.227943,-0.703649,,9.52261,-2.33371
2.49639,0.951171,,1005.68,-126.871,26064.6,,-0.231747,-0.688496,,9.86057,-3.29532
2.49618,1.04788,,1005.66,-106.889,25971.2,,-0.23316,-0.683954,,10.1612,-4.91788
2.49603,1.14527,,1005.87,-73.4505,26951.9,,-0.232071,-0.682372,,10.4157,-6.94846
2.49594,1.24374,,1006.23,-29.4551,28623.8,,-0.228541,-0.681081,,10.6138,-9.15156
2.49593,1.3434,,1006.69,21.4112,30810.8,,-0.222848,-0.680405,,10.7452,-11.2851
2.49598,1.44412,,1007.25,74.7613,33454.8,,-0.215449,-0.682644,,10.8011,-13.1027
2.49609,1.54554,,1007.9,125.751,36491.8,,-0.206909,-0.691437,,10.7742,-14.3758
2.49624,1.64717,,1008.59,169.591,39772.9,,-0.197805,-0.710845,,10.6604,-14.9259
2.49642,1.74852,,1009.28,202.275,43076.9,,-0.188651,-0.743549,,10.4585,-14.6515
2.49662,1.84927,,1009.94,221.307,46201.1,,-0.179843,-0.788667,,10.1713,-13.5235
2.49682,1.94933,,1010.52,225.93,49000.3,,-0.171652,-0.841764,,9.80452,-11.5704
2.49701,2.04875,,1011.01,216.931,51359.7,,-0.164207,-0.896653,,9.36645,-8.8621
2.4972,2.1476,,1011.38,196.223,53131.4,,-0.157504,-0.947437,,8.86762,-5.51079
2.49739,2.24604,,1011.59,166.476,54138.7,,-0.151442,-0.989155,,8.32009,-1.67938
2.49758,2.34425,,1011.6,130.802,54213,,-0.145859,-1.01798,,7.73701,2.4283
2.49777,2.44241,,1011.4,92.5102,53234.7,,-0.140573,-1.03145,,7.13231,6.58327
2.49796,2.54073,,1010.97,54.9276,51169.2,,-0.135404,-1.02873,,6.52053,10.5505
2.49815,2.63937,,1010.33,21.2685,48090.3,,-0.130189,-1.01076,,5.9166,14.1098
2.49834,2.73843,,1009.52,-5.51024,44185.4,,-0.124801,-0.980155,,5.33524,17.0777
2.49852,2.83796,,1008.58,-22.9822,39740.6,,-0.11915,-0.940733,,4.79014,19.3362
2.49869,2.93794,,1007.6,-29.6094,35105.9,,-0.113194,-0.896961,,4.293,20.8431
2.49885,3.03834,,1006.66,-25.0726,30637.9,,-0.106935,-0.853545,,3.8527,21.6246
2.49898,3.13906,,1005.8,-10.4357,26632.9,,-0.100412,-0.815136,,3.47485,21.7631
2.4991,3.23999,,1005.08,11.9784,23269.9,,-0.0936892,-0.785998,,3.16153,21.3844
2.49918,3.341,,1004.5,39.0445,20584.4,,-0.0868359,-0.769642,,2.91134,20.6463
2.49924,3.44193,,1004.05,67.5456,18486.3,,-0.0799166,-0.768577,,2.71948,19.7224
2.49927,3.54263,,1003.69,94.9791,16829.2,,-0.0729868,-0.784372,,2.57814,18.7818
2.49928,3.64293,,1003.41,120.264,15533.5,,-0.0661005,-0.817753,,2.47687,17.9781
2.49928,3.74264,,1003.23,143.946,14723.1,,-0.0593188,-0.867705,,2.40336,17.4752
2.49927,3.84169,,1003.23,167.061,14729.6,,-0.052708,-0.928823,,2.34453,17.5012
2.49926,3.94025,,1003.46,188.339,15777.3,,-0.046326,-0.989231,,2.28748,18.3145
2.49925,4.03877,,1003.83,202.527,17472.7,,-0.0402139,-1.03476,,2.22009,19.9441
2.49925,4.13771,,1004.1,204.538,18729.6,,-0.034413,-1.06031,,2.13187,21.882
2.49928,4.23727,,1004.06,197.378,18539.6,,-0.0289889,-1.07695,,2.01576,23.245
2.49931,4.33725,,1003.68,192.759,16792.2,,-0.0240281,-1.10328,,1.86994,23.4116
2.49937,4.43742,,1003.07,200.856,13996.4,,-0.0196057,-1.14958,,1.69784,22.266
2.49943,4.53775,,1002.26,220.95,10255.4,,-0.015757,-1.21197,,1.50645,19.6867
2.6,-0.3,,1010.33,0,48069,,0,0,,0,0
2.6,-0.2,,1010.12,0,47088,,0,0,,0,0
2.6,-0.1,,1009.92,0,46107,,0,0,,0,0
2.5996,-0.0718238,,1007.66,126.255,35367,,-0.105323,-0.965365,,5.478,-36.1878
2.59963,0.0182463,,1003.64,76.7173,16601.8,,-0.120584,-1.07133,,6.13265,-20.5922
2.59949,0.112898,,1002.37,-38.9016,10773,,-0.139529,-1.31118,,6.80443,-13.6974
2.59919,0.216191,,1004.29,-107.877,19615.2,,-0.16113,-1.47371,,7.53889,-13.152
2.5988,0.32689,,1007.14,-113.49,32931.9,,-0.182604,-1.43071,,8.31472,-12.5591
2.5984,0.439668,,1008.68,-108.81,40189.3,,-0.201382,-1.23806,,9.06224,-9.50304
2.59804,0.549617,,1008.49,-123.893,39314.4,,-0.216485,-1.02243,,9.7315,-5.68537
2.5977,0.654779,,1007.39,-151.649,34105.1,,-0.228231,-0.86072,,10.3177,-2.9046
2.59737,0.755661,,1006.22,-176.403,28576.8,,-0.237237,-0.765224,,10.8395,-1.66764
2.59705,0.853791,,1005.39,-188.432,24736.5,,-0.243818,-0.7177,,11.3142,-1.75746
2.59675,0.950705,,1005.01,-184.326,22933.7,,-0.247927,-0.696521,,11.7482,-2.81243
2.59649,1.04756,,1004.97,-164.23,22761.2,,-0.249366,-0.686849,,12.1374,-4.52493
2.5963,1.14508,,1005.17,-130.038,23689.2,,-0.248005,-0.681102,,12.4719,-6.64388
2.59618,1.24365,,1005.52,-84.6738,25348.9,,-0.24392,-0.676607,,12.7394,-8.93514
2.59614,1.3434,,1006,-31.907,27571.2,,-0.237432,-0.673629,,12.9279,-11.1581
2.59618,1.44418,,1006.58,23.7457,30297.9,,-0.229068,-0.674369,,13.0268,-13.0676
2.59628,1.54565,,1007.26,77.2832,33460.2,,-0.219471,-0.682347,,13.0272,-14.4355
2.59642,1.64732,,1007.98,123.757,36900.7,,-0.209298,-0.701504,,12.9234,-15.0823
2.59659,1.74869,,1008.72,159.029,40389,,-0.199125,-0.734409,,12.7136,-14.9041
2.59678,1.84945,,1009.42,180.515,43714.2,,-0.189394,-0.780053,,12.4005,-13.8689
2.59697,1.94952,,1010.05,187.422,46725.4,,-0.180391,-0.833872,,11.9903,-12.0021
2.59716,2.04893,,1010.58,180.53,49305.1,,-0.172247,-0.889536,,11.4924,-9.37056
2.59735,2.14779,,1011,161.766,51303.4,,-0.164945,-0.941024,,10.9187,-6.08389
2.59754,2.24623,,1011.26,133.816,52542.3,,-0.158361,-0.983297,,10.2832,-2.30293
2.59773,2.34443,,1011.32,99.8222,52851.3,,-0.152313,-1.01249,,9.60093,1.77008
2.59792,2.4426,,1011.17,63.1236,52108.2,,-0.146599,-1.02613,,8.88834,5.90726
2.59812,2.54093,,1010.79,27.0752,50274.5,,-0.141024,-1.02341,,8.1626,9.87407
2.59832,2.63957,,1010.19,-5.08453,47418.8,,-0.13542,-1.0053,,7.4415,13.4499
2.59852,2.73862,,1009.42,-30.3833,43722.3,,-0.129654,-0.974454,,6.74285,16.4505
2.59871,2.83814,,1008.52,-46.3895,39463.7,,-0.123641,-0.934708,,6.08332,18.7555
2.59889,2.93812,,1007.58,-51.5702,34985.5,,-0.117344,-0.890502,,5.47734,20.32
2.59905,3.03851,,1006.65,-45.6186,30637.6,,-0.110778,-0.846483,,4.93605,21.1672
2.59919,3.13922,,1005.82,-29.6172,26711.1,,-0.103994,-0.807224,,4.46669,21.3761
2.59929,3.24015,,1005.1,-5.91642,23382.1,,-0.0970697,-0.776928,,4.0723,21.0689
2.59936,3.34116,,1004.52,22.317,20685.3,,-0.0900834,-0.759087,,3.75168,20.3986
2.5994,3.44212,,1004.06,51.8078,18530.1,,-0.0831032,-0.756265,,3.49961,19.5327
2.5994,3.54286,,1003.68,79.9879,16769.7,,-0.07618,-0.770176,,3.30721,18.6318
2.59938,3.6432,,1003.36,105.733,15324.1,,-0.0693537,-0.801785,,3.16252,17.839
2.59933,3.74297,,1003.14,129.621,14318.1,,-0.0626617,-0.85042,,3.05145,17.3055
2.59928,3.84207,,1003.09,152.856,14090.6,,-0.0561393,-0.91111,,2.95905,17.2478
2.59923,3.94068,,1003.27,174.513,14888.5,,-0.04981,-0.97243,,2.87051,17.9213
2.59919,4.03921,,1003.59,189.791,16363.1,,-0.043687,-1.02047,,2.77175,19.3702
2.59916,4.13814,,1003.83,193.906,17488.1,,-0.0377995,-1.04988,,2.6502,21.1276
2.59916,4.23764,,1003.79,189.685,17299,,-0.0322173,-1.07088,,2.49724,22.3662
2.59919,4.33756,,1003.44,188.103,15680.2,,-0.0270394,-1.10085,,2.31053,22.503
2.59924,4.43765,,1002.88,198.464,13088.4,,-0.0223542,-1.14927,,2.09395,21.4188
2.5993,4.53793,,1002.11,219.62,9567.41,,-0.0182091,-1.21211,,1.85549,18.9582
2.7,-0.3,,1010.33,0,48069,,0,0,,0,0
2.7,-0.2,,1010.12,0,47088,,0,0,,0,0
2.7,-0.1,,1009.92,0,46107,,0,0,,0,0
2.70025,-0.0734347,,1006.56,83.5497,30180.3,,-0.100335,-1.00263,,5.84866,-32.3449
2.70041,0.0166337,,1002.62,26.5712,11901.1,,-0.11429,-1.11917,,6.55524,-17.3644
2.70039,0.111388,,1001.47,-92.7247,6681.99,,-0.131874,-1.36445,,7.29263,-11.1501
2.70018,0.214829,,1003.52,-162.65,16035.3,,-0.152262,-1.5268,,8.1087,-11.1926
2.69985,0.325672,,1006.45,-168.414,29683.8,,-0.172763,-1.47953,,8.9793,-11.0264
2.69949,0.438574,,1008.03,-164.376,37110.7,,-0.190778,-1.28039,,9.8295,-8.25432
2.69914,0.548636,,1007.85,-180.768,36288,,-0.205281,-1.05741,,10.6038,-4.62892
2.69879,0.653911,,1006.74,-210.134,31050.4,,-0.216562,-0.88825,,11.2933,-1.9911
2.69845,0.754917,,1005.54,-236.402,25439.4,,-0.225219,-0.785568,,11.9146,-0.872603
2.6981,0.853178,,1004.69,-249.57,21483.8,,-0.231532,-0.731362,,12.4846,-1.06922
2.69777,0.950228,,1004.28,-246.042,19555,,-0.235415,-0.704185,,13.0099,-2.2257
2.69748,1.04721,,1004.22,-225.855,19268.4,,-0.236636,-0.689342,,13.4862,-4.0375
2.69726,1.14485,,1004.4,-190.853,20114.8,,-0.235045,-0.679348,,13.903,-6.25515
2.69711,1.24354,,1004.75,-143.983,21740.5,,-0.230723,-0.671561,,14.2469,-8.64578
2.69704,1.34338,,1005.23,-89.1006,23984.5,,-0.224005,-0.666216,,14.5047,-10.9703
2.69704,1.44423,,1005.83,-30.8643,26789.1,,-0.215438,-0.665428,,14.6643,-12.9849
2.6971,1.54575,,1006.54,25.5511,30080,,-0.205687,-0.672606,,14.7152,-14.4621
2.6972,1.64745,,1007.3,75.0178,33690.2,,-0.195424,-0.691567,,14.6503,-15.2212
2.69733,1.74884,,1008.08,113.244,37378,,-0.185236,-0.724751,,14.4666,-15.1555
2.69748,1.84961,,1008.83,137.542,40922.9,,-0.175558,-0.77101,,14.1657,-14.2298
2.69763,1.94968,,1009.51,147.071,44167.1,,-0.166662,-0.825636,,13.7537,-12.4659
2.69778,2.04909,,1010.1,142.598,46989.3,,-0.15866,-0.882146,,13.2401,-9.92682
2.69793,2.14795,,1010.57,126.058,49237.8,,-0.151517,-0.934396,,12.6371,-6.71931
2.69808,2.2464,,1010.88,100.161,50733,,-0.145099,-0.977266,,11.9592,-3.00173
2.69824,2.34461,,1011,68.0746,51302.7,,-0.139217,-1.00685,,11.2228,1.02565
2.69842,2.44279,,1010.9,33.1715,50822,,-0.133674,-1.02069,,10.4453,5.1364
2.6986,2.54112,,1010.57,-1.16225,49248.2,,-0.128285,-1.01799,,9.6457,9.09676
2.69879,2.63977,,1010.03,-31.6635,46643.9,,-0.122898,-0.999769,,8.8439,12.686
2.69898,2.73882,,1009.31,-55.3453,43182.7,,-0.117402,-0.96872,,8.06001,15.7188
2.69916,2.83833,,1008.45,-69.774,39134.6,,-0.111732,-0.928702,,7.31323,18.0728
2.69933,2.93829,,1007.55,-73.4252,34832.7,,-0.105869,-0.884135,,6.62038,19.6997
2.69948,3.03866,,1006.65,-66.0077,30618.4,,-0.0998437,-0.839615,,5.99479,20.6194
2.6996,3.13936,,1005.83,-48.6238,26777.2,,-0.0937199,-0.799644,,5.44542,20.9068
2.69968,3.24027,,1005.12,-23.647,23482.9,,-0.0875813,-0.768367,,4.9765,20.6797
2.69971,3.34128,,1004.54,5.72433,20771,,-0.0815078,-0.749259,,4.58752,20.0858
2.69971,3.44224,,1004.06,36.1733,18554.6,,-0.0755583,-0.744929,,4.27336,19.2854
2.69966,3.54299,,1003.66,65.0843,16691.5,,-0.0697634,-0.757199,,4.0248,18.4309
2.69958,3.64336,,1003.31,91.2985,15104.8,,-0.0641287,-0.787206,,3.82925,17.6549
2.69948,3.74317,,1003.06,115.409,13920.3,,-0.0586444,-0.834529,,3.67184,17.0977
2.69937,3.84233,,1002.96,138.746,13478.5,,-0.0532888,-0.894558,,3.53683,16.9647
2.69927,3.94099,,1003.08,160.684,14039.1,,-0.0480273,-0.956338,,3.40856,17.5053
2.69918,4.03956,,1003.35,176.875,15290.4,,-0.0428281,-1.00635,,3.27177,18.7746
2.69911,4.13849,,1003.57,182.911,16266.5,,-0.0376977,-1.03919,,3.11246,20.3442
2.69908,4.23797,,1003.52,181.527,16056.4,,-0.032703,-1.06431,,2.9208,21.4452
2.69909,4.33783,,1003.19,182.982,14550.8,,-0.0279485,-1.09788,,2.69402,21.5404
2.69912,4.43787,,1002.67,195.657,12159.7,,-0.0235323,-1.14842,,2.43614,20.5129
2.69919,4.53809,,1001.95,217.906,8866.6,,-0.0195176,-1.2117,,2.15556,18.1756
2.8,-0.3,,1010.33,0,48069,,0,0,,0,0
2.8,-0.2,,1010.12,0,47088,,0,0,,0,0
2.8,-0.1,,1009.92,0,46107,,0,0,,0,0
2.801,-0.0749023,,1005.53,36.5002,25365.4,,-0.0852564,-1.04755,,5.84176,-28.6626
2.80131,0.0152568,,1001.71,-26.2548,7761.09,,-0.0963305,-1.17286,,6.55736,-14.3669
2.80143,0.110205,,1000.72,-147.117,3270.57,,-0.110579,-1.42028,,7.32059,-8.83525
2.80134,0.213853,,1002.89,-216.283,13138.3,,-0.127538,-1.57879,,8.17772,-9.39558
2.80111,0.324846,,1005.88,-221.409,27016.4,,-0.144912,-1.52458,,9.10148,-9.56013
2.80081,0.43783,,1007.47,-217.891,34467.9,,-0.160301,-1.31788,,10.016,-6.99727
2.8005,0.547936,,1007.28,-235.68,33567.4,,-0.172693,-1.08771,,10.8641,-3.52158
2.80017,0.653252,,1006.14,-266.742,28205.2,,-0.1823,-0.911839,,11.6328,-1.00571
2.79984,0.754313,,1004.9,-294.579,22442.9,,-0.189629,-0.802887,,12.3352,0.00425107
2.7995,0.85265,,1004.01,-308.928,18319.6,,-0.194899,-0.742865,,12.9866,-0.294652
2.79916,0.949792,,1003.56,-306.024,16220.6,,-0.198003,-0.710413,,13.5934,-1.55119
2.79887,1.04688,,1003.46,-285.79,15779.8,,-0.198718,-0.690957,,14.1515,-3.46299
2.79862,1.14462,,1003.62,-250.017,16507.9,,-0.19691,-0.677119,,14.6503,-5.78176
2.79845,1.2434,,1003.96,-201.662,18067.1,,-0.192655,-0.66632,,15.0763,-8.27566
2.79834,1.34332,,1004.44,-144.66,20305.5,,-0.18627,-0.6588,,15.4153,-10.707
2.79829,1.44423,,1005.06,-83.8033,23166.7,,-0.178268,-0.656628,,15.6539,-12.8334
2.7983,1.5458,,1005.79,-24.4392,26570.8,,-0.169266,-0.663119,,15.7804,-14.4281
2.79834,1.64753,,1006.59,28.122,30340.5,,-0.159885,-0.681973,,15.7855,-15.3093
2.7984,1.74893,,1007.42,69.4275,34222.1,,-0.150659,-0.715501,,15.6644,-15.3675
2.79847,1.84972,,1008.21,96.6762,37984,,-0.141968,-0.762409,,15.4174,-14.5637
2.79855,1.94979,,1008.94,108.967,41460.6,,-0.134035,-0.817849,,15.0489,-12.9157
2.79864,2.04921,,1009.59,107.05,44526.5,,-0.126934,-0.875195,,14.5675,-10.4825
2.79873,2.14807,,1010.11,92.8618,47027.9,,-0.120613,-0.928186,,13.9847,-7.36764
2.79883,2.24653,,1010.48,69.1283,48783.8,,-0.114935,-0.971632,,13.3143,-3.72659
2.79894,2.34476,,1010.65,39.0453,49620.6,,-0.109731,-1.0016,,12.5722,0.242762
2.79907,2.44295,,1010.61,6.01448,49411,,-0.104831,-1.01565,,11.7763,4.31585
2.79922,2.5413,,1010.33,-26.5489,48108.1,,-0.100091,-1.013,,10.9462,8.2601
2.79938,2.63995,,1009.85,-55.3602,45768.1,,-0.0954032,-0.994726,,10.1029,11.8551
2.79955,2.73901,,1009.17,-77.4223,42555.8,,-0.090701,-0.963564,,9.26821,14.9148
2.79971,2.83851,,1008.37,-90.3048,38730.8,,-0.0859572,-0.923396,,8.46333,17.3145
2.79986,2.93845,,1007.5,-92.4977,34615.3,,-0.0811847,-0.878635,,7.70726,19.003
2.79999,3.03879,,1006.63,-83.7288,30541.1,,-0.0764324,-0.833836,,7.01545,19.9962
2.80007,3.13945,,1005.83,-65.1183,26787.1,,-0.0717743,-0.793447,,6.39879,20.3646
2.80012,3.24033,,1005.13,-39.0539,23525.7,,-0.0672918,-0.761566,,5.86308,20.221
2.80011,3.34131,,1004.55,-8.74478,20796.4,,-0.0630523,-0.741652,,5.40895,19.7068
2.80005,3.44224,,1004.05,22.48,18521.1,,-0.0590899,-0.736336,,5.032,18.9753
2.79995,3.54298,,1003.63,51.9905,16568.3,,-0.0553964,-0.74749,,4.72343,18.1706
2.79981,3.64335,,1003.26,78.6122,14869.5,,-0.0519246,-0.776311,,4.47085,17.4178
2.79965,3.74318,,1002.98,102.933,13551.8,,-0.0485972,-0.822468,,4.25964,16.8487
2.79948,3.84239,,1002.85,126.332,12949.3,,-0.0453143,-0.881573,,4.07433,16.6596
2.79932,3.94111,,1002.93,148.384,13318.8,,-0.0419658,-0.94311,,3.89931,17.0915
2.79918,4.03974,,1003.15,165.145,14370.6,,-0.0384635,-0.994094,,3.71884,18.2028
2.79907,4.13871,,1003.33,172.636,15193.2,,-0.034785,-1.02934,,3.51805,19.595
2.79901,4.23819,,1003.28,173.63,14936.5,,-0.0309889,-1.05777,,3.28631,20.5553
2.79899,4.33803,,1002.97,177.785,13512.5,,-0.0271798,-1.09444,,3.02053,20.5971
2.79901,4.43803,,1002.48,192.581,11297.6,,-0.0234619,-1.14684,,2.72466,19.6145
2.79907,4.53821,,1001.81,215.829,8220.52,,-0.0199168,-1.21042,,2.40701,17.3946
2.9,-0.3,,1010.33,0,48069,,0,0,,0,0
2.9,-0.2,,1010.12,0,47088,,0,0,,0,0
2.9,-0.1,,1009.92,0,46107,,0,0,,0,0
2.90169,-0.0760585,,1004.67,-11.9754,21370.7,,-0.0628453,-1.09773,,5.49985,-25.4602
2.90212,0.014296,,1001.02,-77.8999,4611.84,,-0.0698171,-1.22876,,6.1807,-11.8784
2.90239,0.109529,,1000.2,-197.549,923.978,,-0.0790657,-1.47405,,6.93091,-6.97192
2.90243,0.213429,,1002.48,-263.928,11254.6,,-0.0907105,-1.62465,,7.79252,-7.9191
2.9023,0.324555,,1005.5,-267.499,25213.5,,-0.103242,-1.56106,,8.7312,-8.27179
2.90207,0.437557,,1007.05,-264.249,32516.6,,-0.114703,-1.34634,,9.67049,-5.81436
2.90179,0.54762,,1006.82,-283.336,31396.5,,-0.124071,-1.10986,,10.5551,-2.42751
2.90149,0.652886,,1005.62,-315.969,25811.7,,-0.131337,-0.928768,,11.3706,0.000497268
2.90118,0.75392,,1004.34,-345.241,19832.5,,-0.136787,-0.815137,,12.1271,0.922734
2.90086,0.852264,,1003.4,-360.676,15493.6,,-0.14053,-0.750769,,12.8382,0.535925
2.90055,0.949442,,1002.9,-358.372,13183.4,,-0.14246,-0.714312,,13.51,-0.809802
2.90027,1.04658,,1002.76,-338.149,12548.5,,-0.142426,-0.691296,,14.1393,-2.81319
2.90003,1.1444,,1002.88,-301.739,13117.4,,-0.140378,-0.674445,,14.7161,-5.2268
2.89984,1.24324,,1003.2,-252.092,14569.1,,-0.136434,-0.661254,,15.227,-7.81971
2.8997,1.34322,,1003.67,-193.198,16762.2,,-0.130882,-0.652,,15.6573,-10.3554
2.89961,1.44418,,1004.3,-129.959,19642.8,,-0.124145,-0.648742,,15.9924,-12.5931
2.89955,1.54578,,1005.05,-67.8738,23126,,-0.116728,-0.65474,,16.2187,-14.3066
2.89951,1.64754,,1005.88,-12.4167,27024.4,,-0.109126,-0.673594,,16.3249,-15.3133
2.89949,1.74896,,1006.75,31.8084,31072.2,,-0.10175,-0.707496,,16.3036,-15.5008
2.89947,1.84975,,1007.59,61.8862,35026.2,,-0.0948742,-0.755019,,16.1523,-14.8263
2.89946,1.94983,,1008.37,76.8498,38712.6,,-0.0886316,-0.811189,,15.8733,-13.3034
2.89946,2.04926,,1009.06,77.4233,42001.4,,-0.083038,-0.86926,,15.4728,-10.9869
2.89947,2.14814,,1009.63,65.5366,44736.7,,-0.0780218,-0.922878,,14.9602,-7.97681
2.8995,2.24661,,1010.05,43.9241,46736.8,,-0.0734636,-0.966805,,14.3474,-4.42548
2.89956,2.34486,,1010.28,15.7998,47827.4,,-0.0692349,-0.997103,,13.6487,-0.527967
2.89965,2.44308,,1010.29,-15.4116,47879.2,,-0.0652289,-1.01134,,12.8809,3.49354
2.89976,2.54145,,1010.07,-46.273,46841.4,,-0.0613759,-1.00879,,12.0632,7.40823
2.89989,2.64011,,1009.64,-73.4857,44763.3,,-0.0576461,-0.990551,,11.2171,10.9966
2.90003,2.73917,,1009.02,-94.0516,41800.3,,-0.0540441,-0.959419,,10.3652,14.0723
2.90017,2.83866,,1008.26,-105.553,38200.6,,-0.050602,-0.919296,,9.5303,16.509
2.9003,2.93858,,1007.43,-106.5,34273.5,,-0.0473736,-0.874594,,8.73359,18.2523
2.9004,3.03888,,1006.59,-96.6448,30340,,-0.0444283,-0.829846,,7.99275,19.3141
2.90045,3.1395,,1005.81,-77.1212,26672.1,,-0.0418411,-0.789466,,7.32092,19.7602
2.90046,3.24033,,1005.12,-50.3165,23441.8,,-0.0396767,-0.75752,,6.72596,19.6976
2.90041,3.34124,,1004.52,-19.4233,20696,,-0.0379705,-0.73745,,6.21018,19.2612
2.9003,3.44211,,1004.02,12.2592,18371,,-0.0367124,-0.731884,,5.77053,18.5969
2.90015,3.5428,,1003.59,42.1339,16353.5,,-0.0358391,-0.742664,,5.3993,17.8422
2.89996,3.64314,,1003.2,69.0396,14589.8,,-0.0352347,-0.770906,,5.0852,17.1175
2.89974,3.74297,,1002.9,93.5332,13208.4,,-0.0347382,-0.816169,,4.81476,16.5513
2.89952,3.84221,,1002.75,116.946,12527,,-0.0341558,-0.874094,,4.57369,16.3335
2.89931,3.941,,1002.81,138.911,12781.1,,-0.0332894,-0.934532,,4.34716,16.6943
2.89912,4.03971,,1003,155.791,13682.1,,-0.0319893,-0.985172,,4.11936,17.6856
2.89898,4.13876,,1003.15,164.064,14361.3,,-0.0302078,-1.02135,,3.87466,18.9268
2.89889,4.23828,,1003.08,166.699,14034.1,,-0.0279999,-1.0518,,3.60185,19.7534
2.89886,4.33814,,1002.78,172.932,12650.4,,-0.0254691,-1.09067,,3.29776,19.7317
2.89887,4.43813,,1002.33,189.431,10571.2,,-0.0227211,-1.14441,,2.96632,18.7766
2.89893,4.5383,,1001.69,213.456,7681.69,,-0.0198536,-1.20801,,2.61547,16.6592
3,-0.3,,1010.33,0,48069,,0,0,,0,0
3,-0.2,,1010.12,0,47088,,0,0,,0,0
3,-0.1,,1009.92,0,46107,,0,0,,0,0
3.00216,-0.076765,,1004.06,-58.3284,18532.6,,-0.036025,-1.14923,,4.90493,-22.9871
3.00272,0.0138848,,1000.61,-124.274,2737.9,,-0.0378973,-1.28206,,5.50576,-10.0976
3.00313,0.109475,,999.968,-239.715,-142.917,,-0.0405728,-1.5206,,6.20797,-5.69977
3.0033,0.213641,,1002.32,-301.357,10533.2,,-0.0451189,-1.65955,,7.04925,-6.85533
3.00325,0.324855,,1005.32,-302.573,24384.6,,-0.0514384,-1.58499,,7.97743,-7.22847
3.00305,0.43779,,1006.81,-299.303,31359,,-0.0583509,-1.36275,,8.90734,-4.7628
3.00277,0.547714,,1006.5,-319.424,29889.7,,-0.0646713,-1.12165,,9.78738,-1.39848
3.00246,0.652838,,1005.24,-353.306,24001.4,,-0.0698012,-0.937403,,10.6082,0.981631
3.00215,0.753766,,1003.89,-383.708,17755,,-0.0735363,-0.821134,,11.3815,1.84372
3.00185,0.852049,,1002.89,-400.011,13165.2,,-0.0757797,-0.754258,,12.1214,1.39081
3.00159,0.949207,,1002.34,-398.219,10612.3,,-0.0764613,-0.71539,,12.8343,-0.0254166
3.00135,1.04636,,1002.15,-378.072,9749.43,,-0.0755943,-0.690156,,13.518,-2.10387
3.00114,1.1442,,1002.23,-341.238,10120,,-0.0733143,-0.671398,,14.1636,-4.59777
3.00097,1.24309,,1002.51,-290.645,11419.7,,-0.0698643,-0.656687,,14.7581,-7.2772
3.00082,1.3431,,1002.97,-230.304,13519.6,,-0.0655462,-0.646336,,15.2864,-9.90704
3.00068,1.44409,,1003.59,-165.188,16370.2,,-0.0606798,-0.642419,,15.7327,-12.2479
3.00056,1.54571,,1004.35,-100.9,19883.1,,-0.0555867,-0.648175,,16.0814,-14.0745
3.00043,1.64747,,1005.21,-43.0415,23861.9,,-0.0505626,-0.667138,,16.3182,-15.2036
3.00031,1.7489,,1006.1,3.66071,28029.3,,-0.0458249,-0.701399,,16.432,-15.52
3.00019,1.8497,,1006.97,36.1889,32130.9,,-0.0414765,-0.749424,,16.4169,-14.9771
3.00008,1.94979,,1007.79,53.5097,35984.7,,-0.0375131,-0.806141,,16.2714,-13.5842
2.99999,2.04923,,1008.52,56.3124,39456.2,,-0.0338634,-0.864723,,15.9986,-11.3922
2.99992,2.14813,,1009.14,46.5098,42387.5,,-0.0304335,-0.918762,,15.6041,-8.49737
2.99988,2.24664,,1009.6,26.832,44596.9,,-0.0271375,-0.963,,15.0965,-5.04868
2.99988,2.34492,,1009.88,0.498401,45910.3,,-0.0239241,-0.99351,,14.4873,-1.23794
2.99992,2.44317,,1009.94,-29.0557,46197.3,,-0.0207917,-1.00789,,13.791,2.71566
3.00001,2.54157,,1009.77,-58.3837,45403.6,,-0.0177899,-1.00548,,13.0252,6.5838
3.00012,2.64025,,1009.39,-84.1856,43572.1,,-0.0150084,-0.9874,,12.2108,10.1487
3.00024,2.73931,,1008.82,-103.475,40848.1,,-0.0125576,-0.956486,,11.3711,13.2245
3.00037,2.83879,,1008.1,-113.859,37467,,-0.0105518,-0.91666,,10.5302,15.6838
3.00048,2.93869,,1007.31,-113.879,33724.3,,-0.009095,-0.872343,,9.71136,17.4694
3.00056,3.03895,,1006.5,-103.314,29928.8,,-0.00827311,-0.828061,,8.93506,18.5893
3.00059,3.1395,,1005.74,-83.3059,26345.4,,-0.00814546,-0.788212,,8.21724,19.1041
3.00057,3.24025,,1005.05,-56.2245,23146.6,,-0.00873533,-0.756842,,7.56844,19.1148
3.00049,3.34108,,1004.46,-25.211,20390,,-0.01002,-0.73738,,6.9933,18.749
3.00036,3.44186,,1003.95,6.51683,18032.4,,-0.0119231,-0.732417,,6.49076,18.1455
3.00017,3.54246,,1003.51,36.4504,15986.4,,-0.0143087,-0.743686,,6.05491,17.4372
2.99993,3.64273,,1003.12,63.4746,14218.8,,-0.0169799,-0.772066,,5.67624,16.7437
2.99968,3.74253,,1002.83,88.0904,12859.2,,-0.0196808,-0.816795,,5.34327,16.1953
2.99942,3.84179,,1002.68,111.474,12199.5,,-0.0221112,-0.873333,,5.04364,15.9796
2.99917,3.94065,,1002.73,133.158,12434.2,,-0.0239739,-0.931796,,4.76372,16.3138
2.99896,4.03947,,1002.91,149.677,13252.9,,-0.0250606,-0.980646,,4.48741,17.2337
2.9988,4.13863,,1003.03,157.971,13814.7,,-0.0253189,-1.01606,,4.19781,18.3617
2.99871,4.23825,,1002.94,161.349,13400.6,,-0.0248244,-1.04694,,3.88293,19.0708
2.99867,4.33816,,1002.64,168.84,12014.2,,-0.0236875,-1.0868,,3.54006,18.9794
2.99868,4.43818,,1002.21,186.45,10021.5,,-0.022006,-1.14111,,3.17362,18.0319
2.99875,4.53836,,1001.61,210.905,7279.16,,-0.0198816,-1.20433,,2.79115,15.995
3.1,-0.3,,1010.33,0,48069,,0,0,,0,0
3.1,-0.2,,1010.12,0,47088,,0,0,,0,0
3.1,-0.1,,1009.92,0,46107,,0,0,,0,0
3.10235,-0.0769343,,1003.73,-98.5416,17036.9,,-0.00751732,-1.19662,,4.16707,-21.3917
3.10303,0.0140844,,1000.5,-161.383,2238.84,,-0.00337469,-1.32717,,4.6413,-9.11341
3.10359,0.110065,,1000.02,-269.991,79.9179,,0.00219607,-1.55481,,5.26712,-5.05676
3.10389,0.214471,,1002.4,-325.484,10917.5,,0.00661219,-1.67955,,6.08048,-6.21716
3.10389,0.325694,,1005.33,-323.915,24452.3,,0.00764118,-1.59391,,6.99149,-6.44517
3.10364,0.438461,,1006.72,-320.411,30938.7,,0.00524015,-1.36586,,7.88733,-3.86987
3.10327,0.548151,,1006.31,-341.201,29030,,0.00103878,-1.12259,,8.71962,-0.4704
3.10288,0.653058,,1004.98,-375.868,22795.5,,-0.00317642,-0.937637,,9.49491,1.89956
3.10253,0.753819,,1003.57,-406.972,16261.4,,-0.0062377,-0.820899,,10.2369,2.73138
3.10223,0.851993,,1002.51,-423.845,11405.6,,-0.00764954,-0.753392,,10.9647,2.23881
3.10201,0.949091,,1001.89,-422.443,8592.47,,-0.00741634,-0.713725,,11.6867,0.776599
3.10184,1.04622,,1001.65,-402.446,7477.23,,-0.00585696,-0.687655,,12.4016,-1.3539
3.1017,1.14405,,1001.68,-365.466,7616.29,,-0.0034418,-0.668158,,13.1009,-3.90659
3.10157,1.24294,,1001.92,-314.392,8721.54,,-0.000655451,-0.652885,,13.7724,-6.65283
3.10144,1.34296,,1002.35,-253.223,10677.6,,0.002112,-0.642178,,14.4009,-9.35927
3.10128,1.44396,,1002.95,-186.947,13442.1,,0.00461869,-0.638109,,14.9695,-11.7884
3.1011,1.54558,,1003.71,-121.214,16925.7,,0.00675755,-0.643909,,15.4598,-13.7158
3.1009,1.64735,,1004.57,-61.6922,20924.7,,0.00850624,-0.663077,,15.8537,-14.9579
3.10068,1.74877,,1005.48,-13.191,25151.8,,0.00991578,-0.697636,,16.1352,-15.397
3.10045,1.84957,,1006.38,21.1947,29342.5,,0.011128,-0.745976,,16.2934,-14.983
3.10023,1.94967,,1007.22,40.3703,33307,,0.012348,-0.802969,,16.3223,-13.721
3.10003,2.04913,,1007.98,44.9834,36906.1,,0.0137757,-0.861758,,16.2199,-11.6582
3.09988,2.14806,,1008.63,36.9167,39981,,0.015537,-0.915927,,15.9872,-8.88719
3.09978,2.24661,,1009.13,18.88,42350.7,,0.0176626,-0.960233,,15.628,-5.5534
3.09973,2.34494,,1009.44,-5.91864,43842.1,,0.0200847,-0.990789,,15.1494,-1.84494
3.09975,2.44323,,1009.54,-34.0502,44325.2,,0.0226442,-1.00525,,14.5623,2.02264
3.09982,2.54166,,1009.42,-62.0756,43742.9,,0.0251135,-1.003,,13.8818,5.8244
3.09992,2.64037,,1009.09,-86.7102,42132,,0.0272304,-0.985205,,13.1275,9.34527
3.10005,2.73945,,1008.56,-104.996,39627.9,,0.028735,-0.954723,,12.3227,12.4009
3.10018,2.83892,,1007.89,-114.579,36452.2,,0.0294041,-0.915487,,11.4931,14.8637
3.10029,2.93879,,1007.13,-114.045,32885.9,,0.0290746,-0.871927,,10.6645,16.6744
3.10037,3.039,,1006.35,-103.201,29224.3,,0.0276548,-0.82857,,9.86059,17.8368
3.1004,3.13948,,1005.61,-83.1939,25724.8,,0.0251276,-0.789809,,9.1011,18.4067
3.10037,3.24014,,1004.93,-56.354,22561.4,,0.0215464,-0.759682,,8.40009,18.478
3.10028,3.34086,,1004.33,-25.7308,19805.8,,0.0170271,-0.7416,,7.76533,18.1713
3.10013,3.44152,,1003.82,5.59319,17440.4,,0.0117427,-0.738085,,7.19852,17.6186
3.09992,3.54201,,1003.38,35.2514,15409.5,,0.00592153,-0.750687,,6.69617,16.95
3.09968,3.64218,,1003.01,62.2057,13704.2,,-0.000147615,-0.779914,,6.25121,16.288
3.0994,3.74192,,1002.74,86.8813,12455.1,,-0.00610529,-0.824502,,5.85473,15.7696
3.09913,3.84118,,1002.62,110.206,11920.3,,-0.0115321,-0.879536,,5.49684,15.5841
3.09887,3.94011,,1002.69,131.459,12237,,-0.0160247,-0.935281,,5.16508,15.935
3.09866,4.03905,,1002.87,147.209,13052.9,,-0.0193336,-0.981023,,4.84204,16.8337
3.09851,4.13836,,1002.97,154.813,13538,,-0.021449,-1.014,,4.50799,17.8921
3.09843,4.2381,,1002.86,158.029,13034.7,,-0.0225176,-1.04366,,4.14966,18.5075
3.0984,4.33811,,1002.55,165.883,11610.4,,-0.0226742,-1.08313,,3.76578,18.3457
3.09844,4.4382,,1002.13,183.897,9654.51,,-0.0219902,-1.13707,,3.36241,17.3865
3.09854,4.53842,,1001.55,208.322,7012.83,,-0.0205436,-1.19932,,2.94688,15.4047
3.2,-0.3,,1010.33,0,48069,,0,0,,0,0
3.2,-0.2,,1010.12,0,47088,,0,0,,0,0
3.2,-0.1,,1009.92,0,46107,,0,0,,0,0
3.20222,-0.0765472,,1003.7,-128.421,16894.6,,0.0203178,-1.23343,,3.41705,-20.7004
3.20307,0.0148659,,1000.67,-185.714,3009.79,,0.0314005,-1.35823,,3.71772,-8.89105
3.20382,0.111214,,1000.31,-285.857,1387.79,,0.0470866,-1.57225,,4.24703,-4.97251
3.20425,0.215781,,1002.67,-334.766,12149.3,,0.0624893,-1.68224,,5.04385,-5.93854
3.20425,0.326899,,1005.49,-330.555,25171.2,,0.0718346,-1.58738,,5.9509,-5.88883
3.20387,0.439391,,1006.75,-326.742,31074.1,,0.0733066,-1.35666,,6.79788,-3.13719
3.20329,0.54877,,1006.24,-347.762,28713.8,,0.0694119,-1.1143,,7.53733,0.333537
3.2027,0.653413,,1004.84,-382.643,22156.5,,0.0639597,-0.931145,,8.20767,2.72226
3.20221,0.753985,,1003.37,-413.946,15360.5,,0.0597181,-0.815868,,8.85961,3.55252
3.20188,0.852038,,1002.26,-431.052,10253.4,,0.0578426,-0.749253,,9.52518,3.04937
3.20169,0.949064,,1001.58,-429.912,7179.89,,0.0582373,-0.710069,,10.2165,1.56998
3.2016,1.04615,,1001.28,-410.165,5798.17,,0.060107,-0.684293,,10.9323,-0.584584
3.20156,1.14396,,1001.25,-373.368,5678.9,,0.062444,-0.665056,,11.6642,-3.16921
3.20152,1.24283,,1001.45,-322.357,6551.05,,0.0643685,-0.650088,,12.4001,-5.95684
3.20144,1.34284,,1001.83,-261.086,8313.83,,0.0653101,-0.639734,,13.1252,-8.71638
3.2013,1.44382,,1002.41,-194.505,10934.2,,0.0650617,-0.636032,,13.8217,-11.2127
3.20108,1.54542,,1003.14,-128.238,14325.3,,0.0637276,-0.642171,,14.4683,-13.223
3.2008,1.64717,,1004,-67.9551,18279.1,,0.0616063,-0.661625,,15.0416,-14.5632
3.20048,1.74859,,1004.91,-18.4887,22499.7,,0.0590929,-0.696378,,15.5194,-15.1139
3.20013,1.84939,,1005.82,17.0213,26714,,0.0566548,-0.74479,,15.8839,-14.8215
3.1998,1.9495,,1006.67,37.4287,30724.8,,0.0547762,-0.801725,,16.1229,-13.6875
3.1995,2.04898,,1007.45,43.3334,34388.8,,0.0538424,-0.86035,,16.2285,-11.7555
3.19927,2.14795,,1008.12,36.5742,37546.1,,0.0540272,-0.914291,,16.1956,-9.11481
3.19911,2.24655,,1008.64,19.8228,40017.5,,0.0552849,-0.958364,,16.0217,-5.90708
3.19904,2.34493,,1008.98,-3.74377,41632.6,,0.057377,-0.988753,,15.7081,-2.31636
3.19905,2.44328,,1009.11,-30.7224,42262.5,,0.0599169,-1.00319,,15.2607,1.44616
3.19912,2.54176,,1009.03,-57.7003,41849,,0.0624269,-1.0011,,14.6914,5.15982
3.19925,2.64051,,1008.73,-81.4273,40423.9,,0.0644054,-0.983717,,14.0176,8.61343
3.1994,2.7396,,1008.24,-98.9922,38112.7,,0.0653913,-0.953889,,13.2627,11.6254
3.19956,2.83907,,1007.61,-108.097,35123.5,,0.06502,-0.915552,,12.4538,14.0691
3.1997,2.93891,,1006.89,-107.382,31721.6,,0.0630613,-0.873131,,11.6201,15.8837
3.1998,3.03907,,1006.13,-96.6888,28188.5,,0.0594346,-0.831153,,10.7897,17.0697
3.19984,3.13947,,1005.4,-77.1621,24773.4,,0.0542015,-0.794002,,9.98687,17.6773
3.19982,3.24003,,1004.73,-51.0677,21652.9,,0.047538,-0.765709,,9.23047,17.7938
3.19974,3.34063,,1004.14,-21.3248,18915.1,,0.0397023,-0.749656,,8.53247,17.532
3.1996,3.44116,,1003.63,9.16408,16570.8,,0.0310044,-0.74827,,7.89822,17.0182
3.1994,3.54151,,1003.2,38.2159,14597.5,,0.0217912,-0.762863,,7.32737,16.3807
3.19916,3.64156,,1002.86,64.8947,13012.6,,0.0124584,-0.793491,,6.8158,15.7474
3.19889,3.74122,,1002.63,89.5407,11947.3,,0.00348045,-0.838275,,6.35775,15.266
3.19863,3.84047,,1002.56,112.776,11622,,-0.0045933,-0.891794,,5.94602,15.1301
3.19839,3.93947,,1002.66,133.516,12108.2,,-0.0112559,-0.944362,,5.56853,15.5305
3.19821,4.03855,,1002.86,148.243,12997.6,,-0.016258,-0.986061,,5.20423,16.45
3.1981,4.13802,,1002.96,154.646,13457,,-0.0197169,-1.01529,,4.82787,17.4805
3.19805,4.23792,,1002.83,156.953,12880.3,,-0.021932,-1.04225,,4.42407,18.0307
3.19807,4.33805,,1002.51,164.331,11398.9,,-0.0230871,-1.07998,,3.99468,17.8046
3.19816,4.43823,,1002.08,182.007,9438.73,,-0.023194,-1.13249,,3.54951,16.8186
3.19829,4.53852,,1001.51,205.852,6851.62,,-0.0222574,-1.19304,,3.09605,14.8661
3.3,-0.3,,1010.33,0,48069,,0,0,,0,0
3.3,-0.2,,1010.12,0,47088,,0,0,,0,0
3.3,-0.1,,1009.92,0,46107,,0,0,,0,0
3.30181,-0.0756629,,1003.93,-144.047,17933.8,,0.045369,-1.25286,,2.80103,-20.8118
3.30288,0.016106,,1001.05,-194.659,4748.27,,0.0643302,-1.36988,,2.88038,-9.27562
3.3039,0.112734,,1000.75,-286.233,3383.02,,0.0921993,-1.56981,,3.29954,-5.28046
3.3045,0.217326,,1003.03,-329.427,13802.7,,0.120815,-1.66715,,4.10723,-5.88871
3.30446,0.328196,,1005.7,-323.411,26171.9,,0.139408,-1.56729,,5.04089,-5.49012
3.30383,0.440306,,1006.84,-319.339,31512.3,,0.143746,-1.3384,,5.83359,-2.54953
3.3029,0.549324,,1006.27,-340.021,28815,,0.137751,-1.10046,,6.4347,0.996637
3.30198,0.653704,,1004.82,-374.39,22061.4,,0.128268,-0.92132,,6.93444,3.41982
3.30125,0.754115,,1003.31,-405.294,15098.9,,0.120434,-0.808805,,7.42996,4.27463
3.30081,0.852084,,1002.16,-422.264,9795.4,,0.116368,-0.743891,,7.97578,3.79201
3.30064,0.949071,,1001.43,-421.265,6482.22,,0.115848,-0.705809,,8.58971,2.32785
3.30065,1.04614,,1001.07,-401.894,4828.65,,0.117423,-0.680921,,9.26987,0.181198
3.30075,1.14393,,1000.98,-365.647,4426.77,,0.119335,-0.662565,,10.0066,-2.40456
3.30084,1.24278,,1001.11,-315.287,5027.65,,0.120129,-0.648517,,10.7877,-5.20418
3.30085,1.34275,,1001.44,-254.687,6547.97,,0.118953,-0.639081,,11.599,-7.98908
3.30075,1.44369,,1001.98,-188.709,8966.21,,0.11559,-0.636197,,12.4224,-10.527
3.30052,1.54526,,1002.68,-122.885,12201.1,,0.110346,-0.642952,,13.2336,-12.5975
3.30018,1.64698,,1003.52,-62.8049,16044,,0.103857,-0.662753,,14.0031,-14.0167
3.29976,1.74838,,1004.42,-13.2666,20192.7,,0.0969178,-0.69757,,14.7001,-14.6636
3.29929,1.84917,,1005.31,22.5821,24365.9,,0.0904057,-0.745777,,15.2981,-14.4818
3.29884,1.94929,,1006.17,43.5551,28358.9,,0.0851709,-0.802284,,15.777,-13.4695
3.29844,2.0488,,1006.95,50.1974,32023.6,,0.0818519,-0.860337,,16.1217,-11.6671
3.29813,2.14782,,1007.62,44.2887,35199.2,,0.0806932,-0.913656,,16.3194,-9.1611
3.29793,2.24647,,1008.15,28.4435,37708.9,,0.081549,-0.957157,,16.36,-6.08919
3.29784,2.34492,,1008.51,5.78898,39385.9,,0.0839538,-0.987126,,16.2376,-2.63096
3.29786,2.44333,,1008.66,-20.3165,40104.9,,0.0872154,-1.00139,,15.9522,1.0074
3.29797,2.54187,,1008.6,-46.5048,39808.4,,0.0905234,-0.999452,,15.511,4.61051
3.29814,2.64066,,1008.33,-69.5773,38524.6,,0.09306,-0.982577,,14.9294,7.97226
3.29835,2.73978,,1007.87,-86.6868,36370.6,,0.0941034,-0.953611,,14.2303,10.9153
3.29856,2.83925,,1007.27,-95.6072,33541.3,,0.0931116,-0.916466,,13.4431,13.315
3.29874,2.93907,,1006.58,-95.0442,30286.5,,0.0897803,-0.875542,,12.6011,15.1102
3.29887,3.03918,,1005.85,-84.8807,26873.4,,0.0840623,-0.835336,,11.7379,16.2985
3.29895,3.13951,,1005.14,-66.248,23542.7,,0.0761416,-0.800208,,10.8838,16.9249
3.29896,3.23996,,1004.48,-41.3265,20474.5,,0.0663774,-0.774163,,10.0637,17.07
3.2989,3.34044,,1003.89,-12.8772,17772.8,,0.0552324,-0.760531,,9.29529,16.8392
3.29879,3.44084,,1003.39,16.4034,15474.7,,0.0432051,-0.761629,,8.58845,16.3529
3.29862,3.54106,,1002.98,44.5372,13589.3,,0.0307982,-0.778512,,7.94685,15.7382
3.2984,3.641,,1002.67,70.7057,12158.9,,0.0185382,-0.810775,,7.37007,15.1292
3.29817,3.74058,,1002.49,95.1706,11315.4,,0.0070298,-0.855914,,6.85596,14.6847
3.29794,3.83982,,1002.47,118.24,11243.1,,-0.00303995,-0.907987,,6.39987,14.6046
3.29776,3.93888,,1002.63,138.435,11948.6,,-0.0110764,-0.957294,,5.98828,15.0687
3.29763,4.03808,,1002.85,152.076,12966.4,,-0.016901,-0.994622,,5.59279,16.0328
3.29759,4.13771,,1002.95,157.071,13451.2,,-0.0208824,-1.01943,,5.17852,17.066
3.29761,4.23778,,1002.82,158.029,12833.9,,-0.0235892,-1.04269,,4.72677,17.5793
3.29771,4.33805,,1002.49,164.289,11298.4,,-0.0252876,-1.07752,,4.24506,17.3018
3.29785,4.43835,,1002.05,180.937,9308.31,,-0.0258786,-1.12755,,3.75008,16.2805
3.29805,4.53873,,1001.49,203.598,6736.14,,-0.0252185,-1.18555,,3.25027,14.3347
3.4,-0.3,,1010.33,0,48069,,0,0,,0,0
3.4,-0.2,,1010.12,0,47088,,0,0,,0,0
3.4,-0.1,,1009.92,0,46107,,0,0,,0,0
3.40119,-0.0744153,,1004.33,-142.367,19814.7,,0.0653866,-1.24881,,2.47129,-21.5077
3.4026,0.0176056,,1001.54,-186.927,6996.3,,0.0931115,-1.3581,,2.2756,-10.0196
3.40399,0.114363,,1001.22,-271.618,5535.79,,0.135402,-1.54608,,2.57,-5.75005
3.40483,0.218799,,1003.37,-311.391,15348.5,,0.179788,-1.63565,,3.42409,-5.89729
3.40474,0.329256,,1005.88,-305.129,27015.9,,0.208916,-1.53723,,4.42912,-5.15734
3.40379,0.440885,,1006.94,-300.928,31971.2,,0.215372,-1.31595,,5.17536,-2.08088
3.40237,0.549528,,1006.35,-320.46,29222.4,,0.204988,-1.08613,,5.60064,1.50593
3.40097,0.653695,,1004.92,-353.31,22541.4,,0.188684,-0.91271,,5.86693,3.96305
3.39991,0.754031,,1003.42,-383.025,15604.3,,0.174779,-0.803355,,6.13897,4.86548
3.3993,0.852008,,1002.25,-399.399,10213.6,,0.166691,-0.739978,,6.50465,4.43693
3.39912,0.949036,,1001.48,-398.403,6704.06,,0.164046,-0.702744,,6.99017,3.02406
3.39923,1.04614,,1001.06,-379.551,4777.62,,0.164549,-0.678629,,7.59213,0.92058
3.39949,1.14395,,1000.9,-344.242,4064.27,,0.165506,-0.661245,,8.29867,-1.63271
3.39975,1.24279,,1000.96,-295.134,4348.29,,0.164742,-0.648384,,9.09764,-4.41246
3.3999,1.34272,,1001.23,-235.98,5570.9,,0.161031,-0.640211,,9.9763,-7.19246
3.39988,1.44361,,1001.7,-171.498,7726.12,,0.154124,-0.638475,,10.9171,-9.74362
3.39966,1.54513,,1002.36,-107.063,10741.4,,0.14453,-0.64607,,11.8935,-11.8483
3.39926,1.6468,,1003.16,-48.1214,14411.1,,0.133226,-0.666265,,12.8686,-13.324
3.39873,1.74816,,1004.03,0.629987,18429,,0.121437,-0.701003,,13.8009,-14.0485
3.39814,1.84895,,1004.91,36.0687,22505,,0.110512,-0.748717,,14.6528,-13.9632
3.39755,1.94907,,1005.76,56.9737,26424.6,,0.101753,-0.804416,,15.3944,-13.0636
3.39704,2.04862,,1006.53,63.8228,30032,,0.0961185,-0.861478,,16.0015,-11.3876
3.39665,2.14768,,1007.19,58.3189,33164.4,,0.0939447,-0.913766,,16.4522,-9.01872
3.39641,2.24639,,1007.72,43.0022,35647.5,,0.0949599,-0.956335,,16.7275,-6.09092
3.39633,2.34492,,1008.07,20.934,37319.9,,0.098409,-0.985606,,16.8129,-2.7789
3.39638,2.4434,,1008.23,-4.58521,38062,,0.103212,-0.999524,,16.7015,0.716813
3.39655,2.54201,,1008.18,-30.2434,37820.1,,0.108137,-0.997687,,16.3955,4.18708
3.39679,2.64086,,1007.92,-52.9052,36621.8,,0.11197,-0.981389,,15.9075,7.4321
3.39707,2.74001,,1007.49,-69.7989,34578.2,,0.113667,-0.953463,,15.2607,10.2801
3.39734,2.83949,,1006.92,-78.7823,31872.7,,0.112473,-0.917771,,14.4872,12.6102
3.39758,2.93929,,1006.25,-78.6366,28740.3,,0.108006,-0.878642,,13.6255,14.3619
3.39776,3.03936,,1005.54,-69.2886,25433.9,,0.100278,-0.840502,,12.7159,15.5308
3.39787,3.13962,,1004.85,-51.849,22186.1,,0.0896502,-0.807643,,11.7964,16.1575
3.39791,3.23999,,1004.2,-28.4004,19179.1,,0.0767364,-0.784002,,10.8996,16.316
3.39789,3.34037,,1003.62,-1.53854,16528.2,,0.0622733,-0.772831,,10.05,16.1048
3.39781,3.44066,,1003.14,26.2472,14291.3,,0.0470095,-0.776321,,9.2633,15.6382
3.39768,3.54076,,1002.75,53.18,12502.8,,0.0316503,-0.795297,,8.54814,15.0413
3.39751,3.64061,,1002.47,78.5579,11225.5,,0.0168823,-0.828964,,7.90864,14.4525
3.39732,3.74014,,1002.33,102.582,10592,,0.00345891,-0.874312,,7.34679,14.0392
3.39715,3.83937,,1002.37,125.294,10756.3,,-0.00778717,-0.924993,,6.85994,14.0062
3.39703,3.93849,,1002.57,144.891,11672.6,,-0.0161964,-0.97133,,6.4307,14.5244
3.39699,4.03781,,1002.82,157.541,12831.2,,-0.0217489,-1.00466,,6.01847,15.53
3.39704,4.13757,,1002.94,161.258,13377.3,,-0.0252193,-1.02521,,5.57353,16.5767
3.39717,4.23779,,1002.8,160.823,12762.1,,-0.027593,-1.04446,,5.07193,17.0746
3.39735,4.33821,,1002.46,165.626,11197.3,,-0.0292688,-1.07565,,4.52962,16.7629
3.39758,4.43863,,1002.02,180.698,9171.41,,-0.029978,-1.12226,,3.97418,15.7056
3.39785,4.53911,,1001.45,201.552,6585.88,,-0.0293309,-1.17677,,3.41647,13.7499
3.5,-0.3,,1010.33,0,48069,,0,0,,0,0
3.5,-0.2,,1010.12,0,47088,,0,0,,0,0
3.5,-0.1,,1009.92,0,46107,,0,0,,0,0
3.50045,-0.0729919,,1004.82,-121.844,22078.2,,0.0774566,-1.21713,,2.56795,-22.489
3.50238,0.0191372,,1002.03,-162.781,9227.07,,0.114699,-1.32098,,2.02697,-10.8356
3.50432,0.115847,,1001.61,-243.884,7287.59,,0.173809,-1.50128,,2.16741,-6.13708
3.50553,0.219928,,1003.56,-283.799,16240.8,,0.237113,-1.58986,,3.09902,-5.78489
3.50545,0.329797,,1005.93,-279.587,27237.2,,0.279144,-1.50091,,4.23241,-4.78431
3.50413,0.440854,,1006.97,-275.534,32131.2,,0.288379,-1.29399,,4.96594,-1.68911
3.50215,0.549131,,1006.47,-292.849,29791.5,,0.27272,-1.07622,,5.20689,1.86124
3.50018,0.653178,,1005.15,-322.794,23609.6,,0.247943,-0.909731,,5.20006,4.33156
3.4987,0.753572,,1003.73,-350.221,17003.3,,0.226247,-0.803086,,5.19568,5.29911
3.49787,0.851694,,1002.57,-365.365,11698.2,,0.212696,-0.740137,,5.32639,4.95926
3.49766,0.948884,,1001.78,-364.167,8059.65,,0.206796,-0.702649,,5.63117,3.63642
3.49789,1.04612,,1001.29,-345.966,5857.87,,0.205306,-0.67851,,6.10633,1.61358
3.49833,1.14401,,1001.06,-311.98,4790.93,,0.204477,-0.661676,,6.73855,-0.872177
3.49878,1.24286,,1001.04,-264.703,4696.41,,0.201362,-0.649908,,7.51712,-3.59898
3.49909,1.34277,,1001.23,-207.717,5552.68,,0.194359,-0.643115,,8.43295,-6.34254
3.49916,1.44361,,1001.63,-145.543,7376.8,,0.183208,-0.642715,,9.47104,-8.87681
3.49896,1.54505,,1002.23,-83.3443,10109.1,,0.168657,-0.651297,,10.603,-10.9876
3.49851,1.64666,,1002.98,-26.3586,13549.8,,0.152039,-0.671906,,11.7844,-12.4948
3.49787,1.74798,,1003.81,20.866,17390.8,,0.135007,-0.706411,,12.9607,-13.2761
3.49713,1.84874,,1004.66,55.259,21330.1,,0.11941,-0.753336,,14.0801,-13.2712
3.49639,1.94887,,1005.48,75.558,25137.6,,0.107048,-0.807845,,15.0997,-12.4736
3.49575,2.04844,,1006.23,82.1508,28644.1,,0.0992451,-0.863495,,15.9843,-10.9192
3.49528,2.14755,,1006.88,76.6433,31681.2,,0.0964333,-0.914337,,16.7012,-8.68884
3.495,2.24634,,1007.39,61.487,34076.2,,0.0981779,-0.955603,,17.2207,-5.91247
3.49491,2.34494,,1007.72,39.6701,35675.2,,0.103368,-0.983884,,17.5191,-2.75961
3.49501,2.44351,,1007.87,14.433,36367.6,,0.110455,-0.997266,,17.5818,0.575542
3.49524,2.5422,,1007.82,-10.9679,36108.2,,0.1177,-0.99545,,17.4055,3.89109
3.49556,2.64111,,1007.57,-33.4599,34928.8,,0.123422,-0.979772,,17.0008,6.99479
3.49591,2.74031,,1007.14,-50.3492,32938.5,,0.126199,-0.953035,,16.3915,9.72199
3.49625,2.83981,,1006.59,-59.5821,30312.5,,0.125037,-0.919015,,15.6139,11.9569
3.49654,2.9396,,1005.94,-60.0223,27272.6,,0.119479,-0.881917,,14.7125,13.6414
3.49676,3.03963,,1005.25,-51.642,24058.2,,0.109634,-0.846029,,13.736,14.7702
3.4969,3.13985,,1004.57,-35.5307,20893.7,,0.0961033,-0.81551,,12.7317,15.3802
3.49696,3.24015,,1003.93,-13.6791,17958.1,,0.0798267,-0.794167,,11.7411,15.5402
3.49696,3.34046,,1003.37,11.4657,15370.7,,0.0618864,-0.785136,,10.7967,15.3415
3.4969,3.44067,,1002.9,37.5958,13200.9,,0.0433424,-0.790473,,9.92077,14.8921
3.4968,3.54071,,1002.53,63.1032,11499.4,,0.0251466,-0.810826,,9.12777,14.3133
3.49667,3.64051,,1002.28,87.3793,10341.7,,0.00817323,-0.845149,,8.42706,13.7439
3.49653,3.74002,,1002.17,110.583,9858.64,,-0.00665869,-0.890151,,7.82514,13.3539
3.49641,3.83928,,1002.24,132.586,10181.9,,-0.0183599,-0.939337,,7.32097,13.3474
3.49636,3.93847,,1002.47,151.416,11234.4,,-0.026219,-0.983201,,6.89105,13.8878
3.49642,4.03787,,1002.75,163.22,12489.9,,-0.0304481,-1.01351,,6.47805,14.9027
3.49658,4.13774,,1002.88,166.052,13100.8,,-0.0323742,-1.0308,,6.01192,15.9468
3.49682,4.23807,,1002.75,164.57,12526.8,,-0.0335605,-1.04654,,5.46053,16.4363
3.4971,4.3386,,1002.41,167.933,10972.5,,-0.0346158,-1.07388,,4.84988,16.1068
3.49742,4.43914,,1001.97,181.075,8923.61,,-0.0350633,-1.11636,,4.22229,15.0192
3.49777,4.53974,,1001.39,199.532,6310.33,,-0.0341641,-1.16643,,3.59309,13.0448
3.6,-0.3,,1010.33,0,48069,,0,0,,0,0
3.6,-0.2,,1010.12,0,47088,,0,0,,0,0
3.6,-0.1,,1009.92,0,46107,,0,0,,0,0
3.59972,-0.0715889,,1005.29,-82.9177,24238.4,,0.0776178,-1.15682,,3.19372,-23.4388
3.60238,0.0205225,,1002.42,-123.907,10978.7,,0.124932,-1.2591,,2.20992,-11.4716
3.60512,0.117045,,1001.81,-205.566,8190.43,,0.203276,-1.43649,,2.13568,-6.24618
3.60691,0.220603,,1003.51,-250.018,16014.4,,0.289305,-1.5308,,3.15148,-5.39415
3.60699,0.329722,,1005.74,-251.019,26354,,0.348362,-1.45948,,4.47498,-4.24835
3.6054,0.440112,,1006.85,-247.965,31542.5,,0.363773,-1.27415,,5.27054,-1.2937
3.60288,0.548032,,1006.55,-262.103,30160.8,,0.345018,-1.07277,,5.37794,2.10247
3.60035,0.652054,,1005.45,-287.569,25013.9,,0.312787,-0.914562,,5.11293,4.53711
3.59844,0.752653,,1004.19,-311.359,19134.7,,0.283472,-0.809954,,4.81656,5.57242
3.59739,0.851079,,1003.1,-324.453,14142.8,,0.264051,-0.745928,,4.67574,5.3494
3.59714,0.94857,,1002.3,-322.74,10461.9,,0.254077,-0.706665,,4.75027,4.15261
3.59748,1.04605,,1001.76,-305.255,7977.11,,0.249451,-0.681348,,5.04234,2.24644
3.59809,1.14409,,1001.43,-272.91,6497.93,,0.245457,-0.664356,,5.54247,-0.137465
3.59873,1.24301,,1001.31,-227.94,5946.16,,0.238496,-0.653349,,6.2464,-2.77822
3.59919,1.3429,,1001.4,-173.698,6355.48,,0.226744,-0.647872,,7.15313,-5.45296
3.59934,1.44368,,1001.71,-114.466,7776.77,,0.210067,-0.648868,,8.25383,-7.93876
3.59915,1.54504,,1002.24,-55.1452,10168.7,,0.189547,-0.658491,,9.5201,-10.0257
3.59863,1.64657,,1002.93,-0.726296,13339.7,,0.166918,-0.679476,,10.8992,-11.5373
3.59785,1.74783,,1003.72,44.4287,16979.6,,0.144237,-0.713566,,12.3211,-12.3529
3.59694,1.84856,,1004.54,77.3141,20770.1,,0.12381,-0.759378,,13.7158,-12.4112
3.59602,1.94869,,1005.33,96.6076,24455,,0.107908,-0.812286,,15.0231,-11.7043
3.59522,2.04828,,1006.06,102.574,27841.4,,0.0981998,-0.866081,,16.1933,-10.2666
3.59464,2.14745,,1006.68,96.7011,30749.2,,0.0951702,-0.915045,,17.1802,-8.17612
3.5943,2.24631,,1007.16,81.3459,33006,,0.0981627,-0.954627,,17.9421,-5.55874
3.59422,2.345,,1007.47,59.4297,34467.3,,0.10564,-0.981615,,18.445,-2.57832
3.59434,2.44367,,1007.59,34.1479,35037.4,,0.115512,-0.994266,,18.6666,0.578098
3.59462,2.54244,,1007.51,8.71909,34686,,0.125472,-0.992393,,18.5996,3.71689
3.595,2.64143,,1007.25,-13.831,33456.3,,0.13332,-0.977373,,18.2533,6.65476
3.59541,2.74067,,1006.83,-30.8757,31462,,0.137231,-0.951965,,17.6543,9.23568
3.59579,2.8402,,1006.28,-40.4467,28874.4,,0.135965,-0.919817,,16.844,11.3506
3.5961,2.93999,,1005.64,-41.4932,25904.9,,0.129012,-0.884949,,15.8752,12.9451
3.59632,3.04001,,1004.97,-34.0369,22781.1,,0.116626,-0.851438,,14.8062,14.0144
3.59645,3.14019,,1004.31,-19.1591,19715.4,,0.0997143,-0.823228,,13.695,14.5929
3.59649,3.24046,,1003.7,1.21394,16876.6,,0.0796069,-0.803935,,12.5927,14.7446
3.59647,3.34073,,1003.16,24.7474,14378.5,,0.0577913,-0.79652,,11.5396,14.5546
3.5964,3.44091,,1002.7,49.2657,12291.7,,0.0356864,-0.802893,,10.5651,14.1243
3.5963,3.54094,,1002.35,73.273,10671.5,,0.0145196,-0.823576,,9.68909,13.5691
3.59617,3.64075,,1002.11,96.2073,9595.99,,-0.00463576,-0.857424,,8.92638,13.023
3.59604,3.7403,,1002.02,118.186,9188.3,,-0.0206933,-0.901123,,8.28788,12.6505
3.59595,3.83963,,1002.11,139.01,9562.74,,-0.0325052,-0.948373,,7.77379,12.6468
3.59595,3.93889,,1002.34,156.753,10632,,-0.0393059,-0.990133,,7.35362,13.1645
3.59608,4.03838,,1002.61,167.772,11890.1,,-0.0415596,-1.01859,,6.95121,14.1339
3.59634,4.13832,,1002.75,170.197,12528.5,,-0.0412205,-1.03412,,6.47264,15.1337
3.59669,4.23871,,1002.64,168.271,12015.5,,-0.040552,-1.04747,,5.87403,15.6019
3.59707,4.33933,,1002.31,170.511,10512.8,,-0.0404763,-1.07127,,5.19036,15.263
3.59747,4.43997,,1001.87,181.584,8465.72,,-0.0403209,-1.10919,,4.48039,14.1532
3.59789,4.54066,,1001.29,197.112,5823.6,,-0.0389237,-1.15389,,3.76619,12.1588
3.7,-0.3,,1010.33,0,48069,,0,0,,0,0
3.7,-0.2,,1010.12,0,47088,,0,0,,0,0
3.7,-0.1,,1009.92,0,46107,,0,0,,0,0
3.69914,-0.0703467,,1005.65,-28.0408,25918.5,,0.0609609,-1.0709,,4.39522,-24.108
3.70277,0.0217272,,1002.64,-72.8053,12018.1,,0.118505,-1.17544,,2.84583,-11.7966
3.70657,0.118047,,1001.78,-158.697,8065.86,,0.217744,-1.35253,,2.44974,-5.9987
3.70921,0.221012,,1003.16,-212.147,14399,,0.329962,-1.45637,,3.49583,-4.62788
3.70971,0.329258,,1005.21,-222.568,23894.3,,0.411388,-1.40883,,5.03939,-3.41476
3.70808,0.438868,,1006.42,-222.824,29525.9,,0.439487,-1.25195,,6.00015,-0.753714
3.70522,0.546389,,1006.42,-233.962,29519.2,,0.423969,-1.07215,,6.09826,2.34329
3.70227,0.650432,,1005.64,-253.97,25892.5,,0.389277,-0.92472,,5.67028,4.65563
3.70003,0.751339,,1004.62,-272.987,21131,,0.355455,-0.822508,,5.12635,5.72879
3.6988,0.850195,,1003.66,-283.219,16685.4,,0.331399,-0.756658,,4.70886,5.62721
3.69854,0.948107,,1002.87,-280.579,13051.2,,0.316996,-0.714613,,4.5101,4.57671
3.69896,1.04592,,1002.26,-263.702,10274,,0.307694,-0.687286,,4.55242,2.81347
3.69972,1.14418,,1001.83,-233.063,8322.99,,0.298243,-0.669589,,4.84364,0.560539
3.70049,1.24321,,1001.6,-190.554,7240.86,,0.284819,-0.659041,,5.39722,-1.96276
3.70103,1.34311,,1001.57,-139.256,7137.79,,0.265763,-0.654742,,6.22878,-4.53547
3.70121,1.44383,,1001.79,-83.2006,8108.22,,0.241386,-0.657081,,7.34131,-6.93921
3.70096,1.5451,,1002.23,-27.0202,10133.7,,0.213303,-0.667684,,8.70908,-8.96997
3.70032,1.64654,,1002.86,24.5601,13031.4,,0.183715,-0.688907,,10.2705,-10.457
3.69936,1.74772,,1003.61,67.3808,16486.4,,0.155039,-0.722321,,11.9368,-11.2829
3.69824,1.84841,,1004.41,98.5057,20157.8,,0.129904,-0.766627,,13.6139,-11.3867
3.69711,1.94853,,1005.18,116.535,23750,,0.110887,-0.817456,,15.218,-10.7595
3.69613,2.04815,,1005.89,121.584,27032.6,,0.0998492,-0.868892,,16.6782,-9.43426
3.69541,2.14737,,1006.48,115.012,29805.9,,0.0972077,-0.9155,,17.9314,-7.48629
3.695,2.24631,,1006.92,99.0941,31896.6,,0.101984,-0.95299,,18.9218,-5.03703
3.69487,2.34509,,1007.19,76.712,33173.7,,0.112144,-0.978384,,19.6055,-2.24393
3.695,2.44386,,1007.28,51.0515,33563.6,,0.125008,-0.990124,,19.9541,0.714119
3.6953,2.54274,,1007.17,25.3293,33060.7,,0.137684,-0.988144,,19.9586,3.65312
3.6957,2.6418,,1006.89,2.55472,31729.3,,0.147458,-0.973853,,19.6305,6.40025
3.69612,2.7411,,1006.45,-14.6923,29695.5,,0.152119,-0.949943,,19.0022,8.80971
3.69649,2.84066,,1005.91,-24.5205,27133,,0.150217,-0.919891,,18.1233,10.7807
3.69676,2.94046,,1005.29,-25.967,24246.4,,0.141241,-0.887478,,17.0566,12.2635
3.69692,3.04047,,1004.64,-19.1166,21250.9,,0.125655,-0.856506,,15.8719,13.2547
3.69697,3.14063,,1004.02,-5.07486,18341.2,,0.104725,-0.830648,,14.6377,13.787
3.69693,3.24088,,1003.44,14.2545,15667.4,,0.0802185,-0.81326,,13.4139,13.9203
3.69682,3.34114,,1002.93,36.5981,13328.5,,0.0540669,-0.807077,,12.2478,13.7343
3.69668,3.44134,,1002.5,59.8539,11385.5,,0.0280744,-0.813827,,11.1741,13.3239
3.69652,3.5414,,1002.18,82.5719,9888.36,,0.00375298,-0.833908,,10.2173,12.7978
3.69634,3.64127,,1001.96,104.173,8906.61,,-0.0176408,-0.866143,,9.39619,12.2815
3.69617,3.74092,,1001.88,124.702,8545.91,,-0.0348966,-0.907377,,8.72452,11.9268
3.69606,3.84036,,1001.96,143.939,8898.53,,-0.0467634,-0.95182,,8.2025,11.9096
3.69606,3.93975,,1002.17,160.192,9877.98,,-0.0524488,-0.991278,,7.79275,12.3649
3.69622,4.03933,,1002.43,170.315,11031.1,,-0.0526364,-1.01857,,7.40219,13.2301
3.69654,4.13933,,1002.56,172.673,11630,,-0.0498475,-1.03364,,6.91461,14.1288
3.69695,4.23976,,1002.46,170.908,11168.8,,-0.0470438,-1.04584,,6.27248,14.5437
3.6974,4.34042,,1002.15,172.475,9744.55,,-0.0455375,-1.06666,,5.51553,14.1903
3.69786,4.44113,,1001.7,181.475,7724.31,,-0.0445303,-1.09976,,4.71693,13.0632
3.69833,4.54193,,1001.12,193.6,5061.66,,-0.0424176,-1.1382,,3.907,11.0538
3.8,-0.3,,1010.33,0,48069,,0,0,,0,0
3.8,-0.2,,1010.12,0,47088,,0,0,,0,0
3.8,-0.1,,1009.92,0,46107,,0,0,,0,0
3.79881,-0.0692824,,1005.88,38.7993,27001.1,,0.0224433,-0.966595,,6.17284,-24.4019
3.80362,0.0229311,,1002.75,-11.9254,12496.7,,0.089399,-1.07523,,3.94248,-11.8751
3.80865,0.119237,,1001.58,-103.568,7171.86,,0.208475,-1.24989,,3.07023,-5.50228
3.81235,0.221688,,1002.53,-169.206,11519.8,,0.34696,-1.36143,,3.97927,-3.52347
3.81354,0.328999,,1004.29,-193.867,19621.4,,0.454172,-1.33957,,5.65282,-2.20495
3.81219,0.437689,,1005.53,-201.881,25368.9,,0.502292,-1.2164,,6.82658,0.0886345
3.80934,0.544681,,1005.82,-212.666,26714.8,,0.499366,-1.06414,,7.06034,2.75451
3.80627,0.648675,,1005.4,-228.168,24775.4,,0.470872,-0.932088,,6.6227,4.82646
3.80391,0.749884,,1004.66,-242.426,21330.6,,0.438639,-0.835036,,5.93011,5.86177
3.80263,0.849202,,1003.85,-249.453,17570.1,,0.412854,-0.768778,,5.26201,5.84396
3.80238,0.947582,,1003.08,-245.432,14043.5,,0.394017,-0.72463,,4.75383,4.92794
3.80286,1.04578,,1002.42,-228.646,10981.8,,0.37787,-0.695633,,4.47038,3.31298
3.80366,1.1443,,1001.88,-199.133,8548.68,,0.359507,-0.677394,,4.45995,1.20872
3.80444,1.24346,,1001.53,-158.457,6934,,0.335705,-0.667335,,4.77244,-1.17022
3.80495,1.34338,,1001.4,-109.481,6337.13,,0.305651,-0.664138,,5.45268,-3.60804
3.80502,1.44404,,1001.52,-56.0619,6896.6,,0.270602,-0.667681,,6.52211,-5.89439
3.80462,1.54521,,1001.9,-2.63164,8613.34,,0.233002,-0.67907,,7.95983,-7.83473
3.80378,1.64654,,1002.49,46.3223,11309,,0.195608,-0.700261,,9.69375,-9.26666
3.80259,1.74764,,1003.22,86.8489,14659.5,,0.161094,-0.732629,,11.6114,-10.0779
3.80122,1.84827,,1004.01,116.102,18293.5,,0.132158,-0.774936,,13.5872,-10.2093
3.79986,1.94838,,1004.78,132.632,21865.7,,0.111329,-0.823109,,15.5034,-9.651
3.79869,2.04803,,1005.47,136.421,25095.9,,0.100332,-0.871592,,17.2598,-8.43481
3.79782,2.14731,,1006.04,128.736,27759.5,,0.0992741,-0.915304,,18.7707,-6.63326
3.7973,2.24633,,1006.45,111.814,29683.3,,0.106713,-0.950267,,19.9652,-4.36272
3.79712,2.34522,,1006.68,88.5531,30756.5,,0.120054,-0.973767,,20.7909,-1.77323
3.79721,2.4441,,1006.72,62.1794,30937.8,,0.136044,-0.984448,,21.2178,0.965821
3.79749,2.54308,,1006.57,35.9519,30257.9,,0.151261,-0.982363,,21.2408,3.68168
3.79786,2.64223,,1006.27,12.895,28813.1,,0.162565,-0.968931,,20.8798,6.21372
3.79823,2.74159,,1005.83,-4.4404,26750.9,,0.167459,-0.946739,,20.178,8.428
3.79852,2.84118,,1005.29,-14.2384,24253,,0.164375,-0.919061,,19.1976,10.2329
3.79868,2.94099,,1004.7,-15.6356,21520.6,,0.152896,-0.889407,,18.014,11.5841
3.79871,3.041,,1004.1,-8.81166,18752.8,,0.133759,-0.861289,,16.7088,12.4794
3.79861,3.14114,,1003.53,5.05763,16119.2,,0.108622,-0.838082,,15.3594,12.9498
3.79841,3.24138,,1003.02,24.0399,13742.2,,0.0797078,-0.822853,,14.0315,13.0512
3.79817,3.34163,,1002.57,45.8705,11697.3,,0.0494048,-0.818059,,12.7764,12.8588
3.79789,3.44183,,1002.21,68.4671,10028.6,,0.0199139,-0.825178,,11.6312,12.4623
3.79762,3.54194,,1001.93,90.3704,8773.62,,-0.00696703,-0.844404,,10.6224,11.9641
3.79735,3.64189,,1001.76,110.927,7985.84,,-0.0298385,-0.874445,,9.76994,11.4809
3.79711,3.74167,,1001.71,130.05,7741.76,,-0.0474861,-0.912278,,9.0866,11.1488
3.79694,3.84128,,1001.78,147.486,8097.5,,-0.0587501,-0.952764,,8.56824,11.1165
3.7969,3.94085,,1001.97,161.873,8960.55,,-0.0629832,-0.988913,,8.16921,11.491
3.79704,4.04058,,1002.19,170.791,9945.09,,-0.0610939,-1.01459,,7.78455,12.2123
3.79736,4.14067,,1002.3,173.075,10440.1,,-0.0559821,-1.02945,,7.28422,12.9591
3.79778,4.24114,,1002.2,171.764,9998.16,,-0.0510941,-1.04104,,6.60051,13.2794
3.79825,4.34184,,1001.91,172.952,8653.13,,-0.0480735,-1.05915,,5.77333,12.8918
3.79872,4.44263,,1001.47,179.85,6672.01,,-0.0460579,-1.08706,,4.88467,11.7443
3.79919,4.54352,,1000.88,188.104,4000.57,,-0.0430202,-1.11823,,3.97352,9.72875
3.9,-0.3,,1010.33,0,48069,,0,0,,0,0
3.9,-0.2,,1010.12,0,47088,,0,0,,0,0
3.9,-0.1,,1009.92,0,46107,,0,0,,0,0
3.89874,-0.0682603,,1006.03,112.843,27729.3,,-0.0415654,-0.854802,,8.53276,-24.4274
3.90473,0.0245021,,1002.86,56.7803,13036.1,,0.0321466,-0.966279,,5.59413,-11.9948
3.91094,0.121188,,1001.4,-38.421,6363.1,,0.164659,-1.13128,,4.0914,-5.11034
3.91565,0.223353,,1001.82,-116.008,8258.97,,0.321895,-1.24288,,4.56841,-2.38416
3.91761,0.329732,,1003.11,-158.075,14177.9,,0.45121,-1.24342,,6.07635,-0.785344
3.91682,0.437337,,1004.21,-179.143,19221.2,,0.522262,-1.15609,,7.32023,1.21559
3.91434,0.543572,,1004.65,-194.722,21293.7,,0.539849,-1.03682,,7.71488,3.41027
3.91152,0.647308,,1004.52,-209.358,20667.3,,0.526625,-0.926315,,7.36875,5.14688
3.90933,0.748665,,1004.02,-220.786,18357.3,,0.502939,-0.839768,,6.61185,6.04883
3.90816,0.848347,,1003.34,-225.118,15217.9,,0.478776,-0.777193,,5.7183,6.04277
3.90796,0.947138,,1002.6,-219.166,11809.5,,0.455311,-0.733863,,4.86837,5.21775
3.90841,1.04569,,1001.88,-201.177,8532.58,,0.429508,-0.705134,,4.19243,3.73378
3.90912,1.14445,,1001.27,-171.036,5739,,0.398035,-0.687493,,3.80561,1.78234
3.90975,1.24374,,1000.83,-130.253,3757.67,,0.359405,-0.678433,,3.81429,-0.432576
3.91003,1.34369,,1000.63,-81.7288,2861.99,,0.314526,-0.676406,,4.30296,-2.70634
3.90985,1.44429,,1000.71,-29.3693,3214.54,,0.266154,-0.680968,,5.31346,-4.84212
3.90918,1.54535,,1001.06,22.4311,4815.78,,0.217844,-0.692846,,6.82654,-6.65926
3.90806,1.64655,,1001.65,69.3524,7479.79,,0.172939,-0.713635,,8.75446,-8.00657
3.90661,1.74755,,1002.39,107.675,10866.7,,0.134171,-0.744505,,10.9542,-8.77879
3.905,1.84813,,1003.2,134.73,14572.8,,0.103921,-0.784264,,13.2601,-8.91964
3.90344,1.94823,,1003.99,149.15,18202.5,,0.0841487,-0.829151,,15.5107,-8.41926
3.9021,2.04791,,1004.68,150.92,21426.3,,0.0759379,-0.874049,,17.5671,-7.30814
3.90111,2.14725,,1005.24,141.328,23997.8,,0.078753,-0.9143,,19.3172,-5.65595
3.90051,2.24637,,1005.61,122.67,25751.8,,0.0905261,-0.946296,,20.6757,-3.57325
3.90027,2.34537,,1005.79,97.9278,26607.5,,0.108095,-0.967621,,21.5872,-1.20153
3.90032,2.44437,,1005.79,70.4142,26567.5,,0.127726,-0.977129,,22.0277,1.30089
3.90055,2.54345,,1005.6,43.4512,25709.4,,0.145644,-0.974975,,22.005,3.77418
3.90086,2.64269,,1005.27,20.0791,24170.7,,0.158484,-0.962557,,21.5564,6.07155
3.90114,2.74211,,1004.83,2.80649,22127,,0.163651,-0.942321,,20.7436,8.07223
3.90131,2.84174,,1004.33,-6.65036,19772.4,,0.159624,-0.917312,,19.646,9.69443
3.90132,2.94156,,1003.79,-7.56232,17303.5,,0.146198,-0.890782,,18.3539,10.8989
3.90118,3.04154,,1003.27,-0.249936,14897.7,,0.124425,-0.86598,,16.9586,11.684
3.90089,3.14165,,1002.79,13.9918,12691,,0.0963486,-0.846014,,15.5419,12.0784
3.90052,3.24184,,1002.37,33.1541,10769.3,,0.064616,-0.833662,,14.17,12.1344
3.90011,3.34205,,1002.02,54.9367,9176.54,,0.0320469,-0.831073,,12.892,11.9231
3.8997,3.44223,,1001.75,77.2366,7934.92,,0.00124278,-0.839403,,11.743,11.5298
3.89934,3.54234,,1001.56,98.5512,7067.18,,-0.0256941,-0.858501,,10.7486,11.0519
3.89901,3.64235,,1001.46,118.124,6609.72,,-0.0472492,-0.886754,,9.92659,10.5989
3.89875,3.74225,,1001.46,135.72,6605.6,,-0.0623739,-0.921037,,9.284,10.2918
3.89856,3.84206,,1001.56,151.033,7062.99,,-0.0703552,-0.956714,,8.80514,10.2504
3.89851,3.94187,,1001.73,163.048,7866.46,,-0.0711082,-0.988109,,8.43126,10.5468
3.89863,4.04183,,1001.91,170.167,8688.36,,-0.065975,-1.01055,,8.04962,11.1137
3.89892,4.14209,,1001.99,171.873,9046.9,,-0.0580616,-1.02388,,7.529,11.6807
3.89932,4.24266,,1001.89,170.727,8583.1,,-0.0509068,-1.03401,,6.80166,11.8701
3.89975,4.34346,,1001.61,171.372,7290.87,,-0.0462023,-1.04872,,5.90687,11.4196
3.90018,4.44435,,1001.18,175.882,5340.54,,-0.0429511,-1.07053,,4.92984,10.2403
3.90061,4.54537,,1000.59,179.696,2671.15,,-0.0386846,-1.0931,,3.91858,8.23086
4,-0.3,,1010.33,0,48069,,0,0,,0,0
4,-0.2,,1010.12,0,47088,,0,0,,0,0
4,-0.1,,1009.92,0,46107,,0,0,,0,0
3.99877,-0.0670494,,1006.24,189.102,28678.1,,-0.131195,-0.74888,,11.5612,-24.4543
4.00564,0.0268154,,1003.22,130.97,14664.2,,-0.0550523,-0.860401,,8.1072,-12.6012
4.01254,0.124355,,1001.57,38.3081,7133.08,,0.0790394,-1.00721,,5.96871,-5.40235
4.0178,0.226504,,1001.45,-45.6553,6584.18,,0.239314,-1.10932,,5.74475,-1.86274
4.02028,0.331983,,1002.17,-102.98,9847.09,,0.377939,-1.12544,,6.68708,0.241352
4.02007,0.438344,,1002.93,-139.247,13351,,0.466464,-1.07174,,7.66056,2.18388
4.01821,0.543558,,1003.34,-164.285,15205.2,,0.505864,-0.987606,,8.02026,4.04448
4.01594,0.646749,,1003.31,-182.695,15084.3,,0.512334,-0.903417,,7.68383,5.4775
4.01416,0.747996,,1002.94,-194.293,13366.7,,0.501155,-0.832933,,6.83032,6.21746
4.01322,0.847837,,1002.33,-196.83,10590.1,,0.480212,-0.779132,,5.6887,6.1786
4.01307,0.946893,,1001.61,-187.991,7289.15,,0.451149,-0.740635,,4.47737,5.40973
4.01341,1.0457,,1000.88,-166.54,3976.59,,0.412993,-0.714951,,3.4029,4.04079
4.01387,1.14466,,1000.25,-132.843,1130.46,,0.365158,-0.699547,,2.65904,2.24409
4.01415,1.24405,,999.813,-88.9271,-841.379,,0.308939,-0.692232,,2.41242,0.207775
4.01405,1.34401,,999.635,-38.1908,-1644.9,,0.247644,-0.691515,,2.78138,-1.88031
4.01349,1.44454,,999.748,15.0972,-1138.19,,0.185836,-0.696903,,3.81577,-3.841
4.01246,1.54548,,1000.14,66.4012,644.328,,0.128199,-0.708955,,5.48394,-5.5101
4.01105,1.64655,,1000.77,111.523,3489.5,,0.0785016,-0.728986,,7.67168,-6.74931
4.00938,1.74744,,1001.55,147.065,7037.88,,0.0392304,-0.757955,,10.1988,-7.46167
4.0076,1.84795,,1002.39,170.734,10861.2,,0.0119945,-0.794702,,12.8552,-7.59522
4.00593,1.94804,,1003.19,181.511,14532.3,,-0.00234843,-0.835782,,15.4327,-7.14107
4.00454,2.04775,,1003.88,179.655,17693,,-0.00386738,-0.876567,,17.7524,-6.12886
4.00354,2.14717,,1004.39,166.673,20093.8,,0.00595499,-0.912891,,19.678,-4.62505
4.00293,2.24639,,1004.72,145.042,21592.9,,0.0243355,-0.941559,,21.1164,-2.73369
4.0027,2.3455,,1004.84,117.879,22152.2,,0.0476288,-0.960477,,22.0179,-0.586484
4.00275,2.44462,,1004.77,88.5801,21827.2,,0.0718388,-0.968712,,22.3757,1.67066
4.00296,2.54381,,1004.54,60.4833,20748.3,,0.0931158,-0.966504,,22.2215,3.89213
4.00323,2.64313,,1004.18,36.5755,19096.9,,0.108169,-0.955201,,21.6197,5.94598
4.00344,2.74262,,1003.74,19.2498,17078.1,,0.114566,-0.937071,,20.6573,7.72524
4.00351,2.84228,,1003.27,10.0541,14896.8,,0.111042,-0.914925,,19.4349,9.15814
4.00341,2.94209,,1002.8,9.52667,12740.8,,0.0976964,-0.891792,,18.0569,10.2105
4.00313,3.04205,,1002.37,17.1642,10758.5,,0.0758938,-0.87071,,16.6195,10.8814
4.00271,3.1421,,1001.99,31.5269,9044.11,,0.0479766,-0.854563,,15.2015,11.1972
4.00221,3.2422,,1001.68,50.5115,7638.73,,0.0168953,-0.845871,,13.8601,11.2072
4.00171,3.34231,,1001.44,71.7606,6546.87,,-0.0141952,-0.84648,,12.6338,10.9779
4.00127,3.44239,,1001.27,93.1221,5762.85,,-0.0423224,-0.857195,,11.5494,10.5897
4.00092,3.54242,,1001.17,113.023,5293.69,,-0.0650347,-0.877453,,10.6277,10.1333
4.00068,3.64241,,1001.14,130.609,5164.15,,-0.080647,-0.905168,,9.88374,9.70887
4.00055,3.74238,,1001.19,145.549,5395.68,,-0.088343,-0.936845,,9.31806,9.42197
4.00052,3.84236,,1001.32,157.585,5959.93,,-0.088169,-0.96798,,8.90141,9.36682
4.00061,3.94244,,1001.48,166.104,6717.81,,-0.0811269,-0.993898,,8.55911,9.58371
4.00084,4.0427,,1001.63,170.316,7382.6,,-0.0694574,-1.0114,,8.17225,9.99526
4.00117,4.14323,,1001.67,170.353,7583.26,,-0.0565653,-1.02098,,7.61742,10.372
4.00156,4.24404,,1001.56,168.39,7051.57,,-0.0457846,-1.02745,,6.83681,10.4059
4.00195,4.34502,,1001.27,167.682,5764.31,,-0.038472,-1.03682,,5.87155,9.86378
4.00231,4.44611,,1000.84,169.065,3817.97,,-0.0332614,-1.0507,,4.80754,8.63917
4.00267,4.54731,,1000.26,167.664,1163.12,,-0.0271095,-1.06275,,3.70453,6.65495
4.1,-0.3,,1010.33,0,48069,,0,0,,0,0
4.1,-0.2,,1010.12,0,47088,,0,0,,0,0
4.1,-0.1,,1009.92,0,46107,,0,0,,0,0
4.09862,-0.0654807,,1006.63,262.404,30525.8,,-0.240999,-0.662526,,15.4456,-24.758
4.10567,0.0299656,,1004.05,205.436,18477.2,,-0.165001,-0.773729,,12.0252,-14.0832
4.11245,0.128678,,1002.47,122.205,11215.2,,-0.040137,-0.89894,,9.62258,-6.94319
4.11749,0.230958,,1002.01,40.8594,9112.49,,0.107843,-0.986201,,8.7936,-2.71913
4.11998,0.33555,,1002.23,-23.9247,10146.3,,0.241495,-1.0109,,9.03333,0.0325981
4.12013,0.44057,,1002.62,-71.8252,11917.8,,0.337753,-0.98418,,9.47664,2.23175
4.11888,0.544578,,1002.83,-106.859,12899.7,,0.393954,-0.931279,,9.52473,4.07331
4.11728,0.646988,,1002.75,-131.267,12518.7,,0.418035,-0.872857,,8.97215,5.41977
4.11603,0.747886,,1002.38,-144.688,10808.6,,0.418271,-0.820214,,7.87702,6.11553
4.11537,0.847676,,1001.79,-145.484,8124.12,,0.399395,-0.77786,,6.43232,6.10068
4.11523,0.946833,,1001.1,-132.247,4973.62,,0.363462,-0.746687,,4.8933,5.41849
4.11535,1.04579,,1000.42,-104.849,1907.42,,0.312066,-0.725834,,3.53242,4.18707
4.11544,1.14487,,999.874,-64.8585,-570.045,,0.247962,-0.713663,,2.6019,2.56517
4.11527,1.24434,,999.542,-15.4301,-2065.98,,0.175596,-0.708462,,2.30088,0.725127
4.11471,1.3443,,999.481,39.1496,-2340.16,,0.100712,-0.709032,,2.75068,-1.16238
4.11373,1.44475,,999.706,94.0727,-1323.67,,0.0294278,-0.715032,,3.98046,-2.9348
4.11238,1.54557,,1000.2,144.653,880.891,,-0.0328531,-0.726999,,5.92403,-4.44265
4.11076,1.64649,,1000.89,186.905,4016.5,,-0.0823403,-0.74603,,8.42836,-5.5597
4.10897,1.74726,,1001.7,217.932,7706.67,,-0.11715,-0.772867,,11.2746,-6.19803
4.10719,1.8477,,1002.53,236.074,11518.6,,-0.136778,-0.806367,,14.2144,-6.31163
4.10559,1.94776,,1003.3,240.967,15027.2,,-0.141774,-0.84339,,17.0039,-5.89406
4.10431,2.04751,,1003.92,233.434,17884.7,,-0.133596,-0.879823,,19.4378,-4.97436
4.10343,2.147,,1004.35,215.383,19869.1,,-0.114751,-0.912009,,21.3688,-3.61524
4.10296,2.24632,,1004.56,189.55,20882,,-0.0886537,-0.937186,,22.7083,-1.91321
4.10284,2.34555,,1004.58,159.168,20939.2,,-0.059214,-0.953585,,23.4249,0.0108562
4.10297,2.44478,,1004.41,127.629,20152,,-0.0303908,-0.96048,,23.5389,2.02441
4.10325,2.54408,,1004.09,98.1514,18700.5,,-0.00577287,-0.958184,,23.1147,3.99662
4.10356,2.64349,,1003.68,73.5218,16804.5,,0.0117387,-0.947976,,22.2493,5.81045
4.10378,2.74304,,1003.22,55.8841,14691.3,,0.0201405,-0.931927,,21.0584,7.37251
4.10384,2.84272,,1002.76,46.5169,12570.2,,0.018588,-0.91262,,19.6631,8.62123
4.10371,2.94254,,1002.34,45.7142,10612.7,,0.0075268,-0.892875,,18.1778,9.52846
4.10341,3.04244,,1001.97,52.7872,8932.3,,-0.0114643,-0.87554,,16.6961,10.0956
4.10297,3.14241,,1001.67,66.1883,7576.62,,-0.0359363,-0.863293,,15.2842,10.349
4.10249,3.2424,,1001.44,83.7704,6536.33,,-0.0628749,-0.858416,,13.9796,10.3356
4.10205,3.34236,,1001.27,103.153,5769.44,,-0.0890099,-0.862493,,12.7998,10.1177
4.10172,3.44227,,1001.16,122.13,5234.07,,-0.111125,-0.876056,,11.7539,9.76709
4.10156,3.54215,,1001.09,139.02,4915.36,,-0.126402,-0.898244,,10.8525,9.36139
4.1016,3.64202,,1001.07,152.841,4830.35,,-0.132818,-0.926616,,10.1083,8.98238
4.10183,3.74196,,1001.1,163.227,5001.18,,-0.129551,-0.957301,,9.52399,8.71305
4.10221,3.84203,,1001.19,170.114,5402.65,,-0.117267,-0.98562,,9.07018,8.62258
4.1027,3.94233,,1001.3,173.437,5909.26,,-0.0981797,-1.00726,,8.66982,8.73105
4.10326,4.0429,,1001.39,173.196,6281.76,,-0.075812,-1.01983,,8.20612,8.96316
4.10383,4.14377,,1001.38,170.047,6231.73,,-0.0542794,-1.02429,,7.56595,9.13016
4.10435,4.24492,,1001.23,165.762,5552.03,,-0.0369001,-1.02486,,6.7005,8.98488
4.10477,4.34623,,1000.93,162.316,4201.57,,-0.0246485,-1.0263,,5.64946,8.32684
4.1051,4.44763,,1000.49,159.356,2225.03,,-0.0156585,-1.02959,,4.49725,7.0511
4.10536,4.5491,,999.914,151.737,-388.086,,-0.00618181,-1.02856,,3.32038,5.12654
4.2,-0.3,,1010.33,0,48069,,0,0,,0,0
4.2,-0.2,,1010.12,0,47088,,0,0,,0,0
4.2,-0.1,,1009.92,0,46107,,0,0,,0,0
4.19799,-0.0636162,,1007.29,327.701,33621.6,,-0.359647,-0.605742,,20.3328,-25.3771
4.20444,0.0335872,,1005.44,270.312,24967.9,,-0.278165,-0.721724,,17.8517,-16.4379
4.21026,0.133456,,1004.26,197.528,19480,,-0.161129,-0.830527,,16.0024,-9.80029
4.21442,0.2358,,1003.8,123.529,17353,,-0.0266263,-0.904546,,15.1975,-5.17245
4.21646,0.339487,,1003.8,57.7732,17330.6,,0.0994899,-0.932786,,15.101,-1.76438
4.21673,0.443183,,1003.91,3.2557,17871.4,,0.199769,-0.923402,,15.1018,0.955348
4.21602,0.545976,,1003.92,-39.3605,17878.4,,0.268238,-0.892024,,14.7277,3.12715
4.21506,0.647544,,1003.7,-68.947,16860.9,,0.305365,-0.852451,,13.7856,4.68705
4.21431,0.74799,,1003.25,-83.6248,14829.1,,0.313328,-0.813835,,12.3293,5.54969
4.2139,0.847618,,1002.67,-81.7239,12122.7,,0.294464,-0.781208,,10.5773,5.69677
4.21373,0.946783,,1002.04,-62.8319,9242.1,,0.251709,-0.756625,,8.82953,5.19197
4.2136,1.04582,,1001.48,-28.3498,6706.13,,0.189357,-0.740159,,7.39547,4.15909
4.21329,1.14499,,1001.09,18.5394,4949.51,,0.113283,-0.7308,,6.53871,2.75202
4.21268,1.24451,,1000.94,73.3277,4264.46,,0.0305614,-0.727287,,6.44105,1.13231
4.21171,1.34446,,1001.06,130.83,4777.7,,-0.0513265,-0.72875,,7.18448,-0.541641
4.21041,1.44485,,1001.42,185.856,6451.7,,-0.125466,-0.735033,,8.74748,-2.11859
4.20886,1.54554,,1002,233.804,9101.95,,-0.186423,-0.746653,,11.0126,-3.45933
4.20716,1.64632,,1002.73,271.144,12426.5,,-0.230899,-0.764507,,13.7838,-4.44761
4.20543,1.74696,,1003.52,295.683,16043.6,,-0.257877,-0.789116,,16.8112,-5.00509
4.20381,1.84731,,1004.28,306.583,19542.1,,-0.268025,-0.819353,,19.8251,-5.09321
4.20243,1.94735,,1004.92,304.298,22537.2,,-0.263211,-0.852365,,22.5699,-4.70897
4.20141,2.04711,,1005.39,290.331,24732,,-0.24609,-0.884533,,24.8383,-3.88049
4.20078,2.14667,,1005.66,267.033,25961.3,,-0.219947,-0.91269,,26.4925,-2.66549
4.20054,2.24608,,1005.7,237.346,26186.9,,-0.188535,-0.93448,,27.4643,-1.15165
4.20061,2.34542,,1005.55,204.507,25482.3,,-0.155714,-0.948439,,27.7506,0.552159
4.20091,2.44476,,1005.24,171.732,24008.4,,-0.125088,-0.95403,,27.4052,2.32743
4.20132,2.54416,,1004.8,141.936,21983.8,,-0.099697,-0.951623,,26.5268,4.05821
4.20173,2.64366,,1004.3,117.526,19651.4,,-0.0818149,-0.94242,,25.2431,5.64183
4.20204,2.74327,,1003.78,100.25,17247.9,,-0.0728453,-0.928298,,23.6947,6.99757
4.20218,2.84299,,1003.29,91.0281,14976,,-0.0731395,-0.911603,,22.0178,8.07403
4.20213,2.9428,,1002.85,89.8961,12983.8,,-0.0819667,-0.894926,,20.329,8.85048
4.20192,3.04266,,1002.5,96.0429,11348.7,,-0.0977069,-0.880883,,18.7128,9.33316
4.2016,3.14255,,1002.22,107.933,10074.1,,-0.118073,-0.871915,,17.2146,9.5509
4.20125,3.2424,,1002.01,123.519,9102.84,,-0.140313,-0.870061,,15.845,9.55017
4.20098,3.3422,,1001.84,140.522,8345.34,,-0.161377,-0.876695,,14.5911,9.38856
4.20088,3.44193,,1001.7,156.747,7716.2,,-0.178081,-0.892222,,13.4342,9.1269
4.20104,3.54161,,1001.58,170.382,7166.64,,-0.187356,-0.915759,,12.3654,8.82306
4.20148,3.64131,,1001.48,180.229,6697.69,,-0.186693,-0.944906,,11.3914,8.52983
4.20221,3.74112,,1001.4,185.775,6341.76,,-0.174776,-0.975786,,10.525,8.29531
4.20318,3.84116,,1001.35,187.095,6114.39,,-0.152128,-1.00361,,9.76125,8.15711
4.20429,3.94154,,1001.32,184.641,5958.91,,-0.121426,-1.0239,,9.05413,8.12125
4.20542,4.04233,,1001.26,179.139,5723.52,,-0.0871335,-1.03403,,8.3169,8.13031
4.20648,4.14353,,1001.15,171.663,5201.73,,-0.0543223,-1.0345,,7.45668,8.04776
4.20735,4.24505,,1000.93,163.597,4221.8,,-0.0269252,-1.02866,,6.42669,7.68958
4.20798,4.34679,,1000.6,155.833,2711.81,,-0.00617475,-1.02039,,5.2526,6.89412
4.20838,4.44862,,1000.15,147.056,676.666,,0.00984481,-1.01048,,4.00971,5.57688
4.2086,4.55045,,999.594,132.141,-1831.5,,0.0252971,-0.993563,,2.79345,3.7708
4.3,-0.3,,1010.33,0,48069,,0,0,,0,0
4.3,-0.2,,1010.12,0,47088,,0,0,,0,0
4.3,-0.1,,1009.92,0,46107,,0,0,,0,0
4.29689,-0.0617735,,1008.11,382.668,37496.1,,-0.474787,-0.578602,,25.9859,-25.9184
4.30216,0.0370166,,1007.22,315.249,33304.3,,-0.370587,-0.707857,,25.4396,-19.0363
4.30664,0.137723,,1006.67,242.909,30725.2,,-0.243399,-0.810757,,25.0642,-13.2057
4.3097,0.23991,,1006.48,169.631,29797.5,,-0.105411,-0.87742,,25.0656,-8.44046
4.31124,0.342686,,1006.46,100.282,29717.6,,0.0258439,-0.906258,,25.174,-4.47179
4.31162,0.4452,,1006.42,38.9211,29552.9,,0.136211,-0.904599,,24.9805,-1.14229
4.3114,0.54695,,1006.24,-10.5631,28682.1,,0.217117,-0.883483,,24.2074,1.5359
4.31102,0.647796,,1005.86,-44.3218,26925.7,,0.264443,-0.853373,,22.8132,3.48138
4.31073,0.747845,,1005.34,-59.2928,24480.4,,0.277356,-0.82224,,20.9692,4.64379
4.31052,0.847322,,1004.76,-54.1402,21767.5,,0.25785,-0.795119,,18.9776,5.04763
4.31031,0.946489,,1004.22,-29.7878,19273.4,,0.210523,-0.774387,,17.1795,4.78726
4.30994,1.0456,,1003.82,10.66,17426.4,,0.142119,-0.760438,,15.8801,3.99983
4.30932,1.14486,,1003.62,62.4685,16526.4,,0.0607871,-0.752563,,15.3027,2.83894
4.30839,1.24443,,1003.66,120.036,16717.6,,-0.0248435,-0.749789,,15.5665,1.45914
4.30716,1.34439,,1003.94,177.653,17990.6,,-0.106606,-0.751472,,16.684,0.0105405
4.3057,1.44471,,1004.42,230.137,20200.3,,-0.177661,-0.757541,,18.5693,-1.36342
4.3041,1.54528,,1005.04,273.321,23092.8,,-0.233172,-0.768439,,21.0535,-2.53162
4.30247,1.64592,,1005.74,304.379,26339.9,,-0.270698,-0.784853,,23.907,-3.3874
4.30092,1.74643,,1006.43,321.951,29575.9,,-0.290143,-0.807111,,26.8654,-3.8627
4.29956,1.8467,,1007.04,326.048,32437.4,,-0.293139,-0.834112,,29.6602,-3.92697
4.29848,1.94671,,1007.5,317.879,34608.9,,-0.28246,-0.863279,,32.0499,-3.58037
4.29775,2.04649,,1007.77,299.508,35871.2,,-0.261442,-0.891447,,33.8498,-2.84888
4.2974,2.1461,,1007.82,273.569,36131.2,,-0.233687,-0.915885,,34.9504,-1.78369
4.29739,2.24559,,1007.67,243.038,35413.4,,-0.202882,-0.934595,,35.315,-0.462097
4.29766,2.34503,,1007.34,210.956,33841.1,,-0.172513,-0.946374,,34.9734,1.02024
4.29811,2.44448,,1006.86,180.173,31609.6,,-0.145587,-0.95084,,34.0111,2.55958
4.29864,2.54397,,1006.3,153.132,28955.4,,-0.124433,-0.948397,,32.5541,4.05486
4.29915,2.64354,,1005.69,131.718,26125.5,,-0.110608,-0.94016,,30.7518,5.41719
4.29955,2.74321,,1005.1,117.188,23348.5,,-0.104887,-0.927815,,28.7587,6.57744
4.29979,2.84297,,1004.55,110.074,20809,,-0.107181,-0.913457,,26.7163,7.49357
4.29986,2.94278,,1004.08,110.201,18628.9,,-0.116601,-0.899402,,24.7366,8.15238
4.29978,3.04262,,1003.69,116.746,16854.6,,-0.131674,-0.887978,,22.8901,8.56563
4.29961,3.14244,,1003.39,128.355,15457.2,,-0.150512,-0.881331,,21.2015,8.76538
4.29944,3.2422,,1003.15,143.276,14345.8,,-0.170911,-0.881237,,19.6541,8.79834
4.29937,3.34186,,1002.94,159.53,13394.3,,-0.190376,-0.888893,,18.2037,8.71794
4.2995,3.44143,,1002.74,175.096,12476.2,,-0.206106,-0.904696,,16.7984,8.57454
4.29994,3.54093,,1002.53,188.114,11499.7,,-0.215082,-0.927992,,15.3992,8.40642
4.30075,3.64044,,1002.3,197.106,10431.2,,-0.214391,-0.956824,,13.9947,8.23559
4.30193,3.74007,,1002.05,201.18,9295.34,,-0.201881,-0.987833,,12.6015,8.0701
4.30345,3.83998,,1001.8,200.158,8145.29,,-0.177032,-1.01654,,11.2473,7.90822
4.3052,3.94031,,1001.55,194.557,7013.15,,-0.141652,-1.03826,,9.94486,7.73569
4.30701,4.04115,,1001.3,185.424,5868.43,,-0.0998806,-1.04949,,8.67434,7.51192
4.30871,4.14253,,1001.02,174.071,4615.54,,-0.0571415,-1.04917,,7.39296,7.15646
4.31013,4.24437,,1000.69,161.647,3137.03,,-0.0182747,-1.03888,,6.06849,6.55754
4.31119,4.34653,,1000.3,148.375,1350.43,,0.0143206,-1.02122,,4.71107,5.61171
4.31185,4.44882,,999.833,132.47,-752.466,,0.041517,-0.996875,,3.38103,4.28193
4.31214,4.55107,,999.326,109.451,-3035.25,,0.066807,-0.96208,,2.18867,2.67974
4.4,-0.3,,1010.33,0,48069,,0,0,,0,0
4.4,-0.2,,1010.12,0,47088,,0,0,,0,0
4.4,-0.1,,1009.92,0,46107,,0,0,,0,0
4.4,0,,1009.71,0,45126,,0,0,,0,0
4.4,0.1,,1009.51,0,44145,,0,0,,0,0
4.4,0.2,,1009.3,0,43164,,0,0,,0,0
4.4,0.3,,1009.1,0,42183,,0,0,,0,0
4.4,0.4,,1008.89,0,41202,,0,0,,0,0
4.4,0.5,,1008.68,0,40221,,0,0,,0,0
4.4,0.6,,1008.48,0,39240,,0,0,,0,0
4.4,0.7,,1008.27,0,38259,,0,0,,0,0
4.4,0.8,,1008.06,0,37278,,0,0,,0,0
4.4,0.9,,1007.86,0,36297,,0,0,,0,0
4.4,1,,1007.65,0,35316,,0,0,,0,0
4.4,1.1,,1007.44,0,34335,,0,0,,0,0
4.4,1.2,,1007.23,0,33354,,0,0,,0,0
4.4,1.3,,1007.02,0,32373,,0,0,,0,0
4.4,1.4,,1006.82,0,31392,,0,0,,0,0
4.4,1.5,,1006.61,0,30411,,0,0,,0,0
4.4,1.6,,1006.4,0,29430,,0,0,,0,0
4.4,1.7,,1006.19,0,28449,,0,0,,0,0
4.4,1.8,,1005.98,0,27468,,0,0,,0,0
4.4,1.9,,1005.77,0,26487,,0,0,,0,0
4.4,2,,1005.56,0,25506,,0,0,,0,0
4.4,2.1,,1005.35,0,24525,,0,0,,0,0
4.4,2.2,,1005.14,0,23544,,0,0,,0,0
4.4,2.3,,1004.93,0,22563,,0,0,,0,0
4.4,2.4,,1004.72,0,21582,,0,0,,0,0
4.4,2.5,,1004.5,0,20601,,0,0,,0,0
4.4,2.6,,1004.29,0,19620,,0,0,,0,0
4.4,2.7,,1004.08,0,18639,,0,0,,0,0
4.4,2.8,,1003.87,0,17658,,0,0,,0,0
4.4,2.9,,1003.66,0,16677,,0,0,,0,0
4.4,3,,1003.44,0,15696,,0,0,,0,0
4.4,3.1,,1003.23,0,14715,,0,0,,0,0
4.4,3.2,,1003.02,0,13734,,0,0,,0,0
4.4,3.3,,1002.8,0,12753,,0,0,,0,0
4.4,3.4,,1002.59,0,11772,,0,0,,0,0
4.4,3.5,,1002.37,0,10791,,0,0,,0,0
4.4,3.6,,1002.16,0,9810,,0,0,,0,0
4.4,3.7,,1001.95,0,8829,,0,0,,0,0
4.4,3.8,,1001.73,0,7848,,0,0,,0,0
4.4,3.9,,1001.51,0,6867,,0,0,,0,0
4.4,4,,1001.3,0,5886,,0,0,,0,0
4.4,4.1,,1001.08,0,4905,,0,0,,0,0
4.4,4.2,,1000.87,0,3924,,0,0,,0,0
4.4,4.3,,1000.65,0,2943,,0,0,,0,0
4.4,4.4,,1000.43,0,1962,,0,0,,0,0
4.4,4.5,,1000.22,0,981,,0,0,,0,0
4.4,4.6,,1000,0,0,,0,0,,0,0
4.5,-0.3,,1010.33,0,48069,,0,0,,0,0
4.5,-0.2,,1010.12,0,47088,,0,0,,0,0
4.5,-0.1,,1009.92,0,46107,,0,0,,0,0
4.5,0,,1009.71,0,45126,,0,0,,0,0
4.5,0.1,,1009.51,0,44145,,0,0,,0,0
4.5,0.2,,1009.3,0,43164,,0,0,,0,0
4.5,0.3,,1009.1,0,42183,,0,0,,0,0
4.5,0.4,,1008.89,0,41202,,0,0,,0,0
4.5,0.5,,1008.68,0,40221,,0,0,,0,0
4.5,0.6,,1008.48,0,39240,,0,0,,0,0
4.5,0.7,,1008.27,0,38259,,0,0,,0,0
4.5,0.8,,1008.06,0,37278,,0,0,,0,0
4.5,0.9,,1007.86,0,36297,,0,0,,0,0
4.5,1,,1007.65,0,35316,,0,0,,0,0
4.5,1.1,,1007.44,0,34335,,0,0,,0,0
4.5,1.2,,1007.23,0,33354,,0,0,,0,0
4.5,1.3,,1007.02,0,32373,,0,0,,0,0
4.5,1.4,,1006.82,0,31392,,0,0,,0,0
4.5,1.5,,1006.61,0,30411,,0,0,,0,0
4.5,1.6,,1006.4,0,29430,,0,0,,0,0
4.5,1.7,,1006.19,0,28449,,0,0,,0,0
4.5,1.8,,1005.98,0,27468,,0,0,,0,0
4.5,1.9,,1005.77,0,26487,,0,0,,0,0
4.5,2,,1005.56,0,25506,,0,0,,0,0
4.5,2.1,,1005.35,0,24525,,0,0,,0,0
4.5,2.2,,1005.14,0,23544,,0,0,,0,0
4.5,2.3,,1004.93,0,22563,,0,0,,0,0
4.5,2.4,,1004.72,0,21582,,0,0,,0,0
4.5,2.5,,1004.5,0,20601,,0,0,,0,0
4.5,2.6,,1004.29,0,19620,,0,0,,0,0
4.5,2.7,,1004.08,0,18639,,0,0,,0,0
4.5,2.8,,1003.87,0,17658,,0,0,,0,0
4.5,2.9,,1003.66,0,16677,,0,0,,0,0
4.5,3,,1003.44,0,15696,,0,0,,0,0
4.5,3.1,,1003.23,0,14715,,0,0,,0,0
4.5,3.2,,1003.02,0,13734,,0,0,,0,0
4.5,3.3,,1002.8,0,12753,,0,0,,0,0
4.5,3.4,,1002.59,0,11772,,0,0,,0,0
4.5,3.5,,1002.37,0,10791,,0,0,,0,0
4.5,3.6,,1002.16,0,9810,,0,0,,0,0
4.5,3.7,,1001.95,0,8829,,0,0,,0,0
4.5,3.8,,1001.73,0,7848,,0,0,,0,0
4.5,3.9,,1001.51,0,6867,,0,0,,0,0
4.5,4,,1001.3,0,5886,,0,0,,0,0
4.5,4.1,,1001.08,0,4905,,0,0,,0,0
4.5,4.2,,1000.87,0,3924,,0,0,,0,0
4.5,4.3,,1000.65,0,2943,,0,0,,0,0
4.5,4.4,,1000.43,0,1962,,0,0,,0,0
4.5,4.5,,1000.22,0,981,,0,0,,0,0
4.5,4.6,,1000,0,0,,0,0,,0,0
4.6,-0.3,,1010.33,0,48069,,0,0,,0,0
4.6,-0.2,,1010.12,0,47088,,0,0,,0,0
4.6,-0.1,,1009.92,0,46107,,0,0,,0,0
4.6,0,,1009.71,0,45126,,0,0,,0,0
4.6,0.1,,1009.51,0,44145,,0,0,,0,0
4.6,0.2,,1009.3,0,43164,,0,0,,0,0
4.6,0.3,,1009.1,0,42183,,0,0,,0,0
4.6,0.4,,1008.89,0,41202,,0,0,,0,0
4.6,0.5,,1008.68,0,40221,,0,0,,0,0
4.6,0.6,,1008.48,0,39240,,0,0,,0,0
4.6,0.7,,1008.27,0,38259,,0,0,,0,0
4.6,0.8,,1008.06,0,37278,,0,0,,0,0
4.6,0.9,,1007.86,0,36297,,0,0,,0,0
4.6,1,,1007.65,0,35316,,0,0,,0,0
4.6,1.1,,1007.44,0,34335,,0,0,,0,0
4.6,1.2,,1007.23,0,33354,,0,0,,0,0
4.6,1.3,,1007.02,0,32373,,0,0,,0,0
4.6,1.4,,1006.82,0,31392,,0,0,,0,0
4.6,1.5,,1006.61,0,30411,,0,0,,0,0
4.6,1.6,,1006.4,0,29430,,0,0,,0,0
4.6,1.7,,1006.19,0,28449,,0,0,,0,0
4.6,1.8,,1005.98,0,27468,,0,0,,0,0
4.6,1.9,,1005.77,0,26487,,0,0,,0,0
4.6,2,,1005.56,0,25506,,0,0,,0,0
4.6,2.1,,1005.35,0,24525,,0,0,,0,0
4.6,2.2,,1005.14,0,23544,,0,0,,0,0
4.6,2.3,,1004.93,0,22563,,0,0,,0,0
4.6,2.4,,1004.72,0,21582,,0,0,,0,0
4.6,2.5,,1004.5,0,20601,,0,0,,0,0
4.6,2.6,,1004.29,0,19620,,0,0,,0,0
4.6,2.7,,1004.08,0,18639,,0,0,,0,0
4.6,2.8,,1003.87,0,17658,,0,0,,0,0
4.6,2.9,,1003.66,0,16677,,0,0,,0,0
4.6,3,,1003.44,0,15696,,0,0,,0,0
4.6,3.1,,1003.23,0,14715,,0,0,,0,0
4.6,3.2,,1003.02,0,13734,,0,0,,0,0
4.6,3.3,,1002.8,0,12753,,0,0,,0,0
4.6,3.4,,1002.59,0,11772,,0,0,,0,0
4.6,3.5,,1002.37,0,10791,,0,0,,0,0
4.6,3.6,,1002.16,0,9810,,0,0,,0,0
4.6,3.7,,1001.95,0,8829,,0,0,,0,0
4.6,3.8,,1001.73,0,7848,,0,0,,0,0
4.6,3.9,,1001.51,0,6867,,0,0,,0,0
4.6,4,,1001.3,0,5886,,0,0,,0,0
4.6,4.1,,1001.08,0,4905,,0,0,,0,0
4.6,4.2,,1000.87,0,3924,,0,0,,0,0
4.6,4.3,,1000.65,0,2943,,0,0,,0,0
4.6,4.4,,1000.43,0,1962,,0,0,,0,0
4.6,4.5,,1000.22,0,981,,0,0,,0,0
4.6,4.6,,1000,0,0,,0,0,,0,0
