dx/h :,0.5
dy/h :,0.5
L2normdrhodt
534.978

t,0.3
x,y,,rho,drhodt,pressure,,u,v,,dudt,dvdt
-1.5,-1.5,,1010.33,0,240345,,0,0,,0,0
-1.5,-1,,1010.12,0,235440,,0,0,,0,0
-1.5,-0.5,,1009.92,0,230535,,0,0,,0,0
-1.5,0,,1009.71,0,225630,,0,0,,0,0
-1.5,0.5,,1009.51,0,220725,,0,0,,0,0
-1.5,1,,1009.3,0,215820,,0,0,,0,0
-1.5,1.5,,1009.1,0,210915,,0,0,,0,0
-1.5,2,,1008.89,0,206010,,0,0,,0,0
-1.5,2.5,,1008.68,0,201105,,0,0,,0,0
-1.5,3,,1008.48,0,196200,,0,0,,0,0
-1.5,3.5,,1008.27,0,191295,,0,0,,0,0
-1.5,4,,1008.06,0,186390,,0,0,,0,0
-1.5,4.5,,1007.86,0,181485,,0,0,,0,0
-1.5,5,,1007.65,0,176580,,0,0,,0,0
-1.5,5.5,,1007.44,0,171675,,0,0,,0,0
-1.5,6,,1007.23,0,166770,,0,0,,0,0
-1.5,6.5,,1007.02,0,161865,,0,0,,0,0
-1.5,7,,1006.82,0,156960,,0,0,,0,0
-1.5,7.5,,1006.61,0,152055,,0,0,,0,0
-1.5,8,,1006.4,0,147150,,0,0,,0,0
-1.5,8.5,,1006.19,0,142245,,0,0,,0,0
-1.5,9,,1005.98,0,137340,,0,0,,0,0
-1.5,9.5,,1005.77,0,132435,,0,0,,0,0
-1.5,10,,1005.56,0,127530,,0,0,,0,0
-1.5,10.5,,1005.35,0,122625,,0,0,,0,0
-1.5,11,,1005.14,0,117720,,0,0,,0,0
-1.5,11.5,,1004.93,0,112815,,0,0,,0,0
-1.5,12,,1004.72,0,107910,,0,0,,0,0
-1.5,12.5,,1004.5,0,103005,,0,0,,0,0
-1.5,13,,1004.29,0,98100,,0,0,,0,0
-1.5,13.5,,1004.08,0,93195,,0,0,,0,0
-1.5,14,,1003.87,0,88290,,0,0,,0,0
-1.5,14.5,,1003.66,0,83385,,0,0,,0,0
-1.5,15,,1003.44,0,78480,,0,0,,0,0
-1.5,15.5,,1003.23,0,73575,,0,0,,0,0
-1.5,16,,1003.02,0,68670,,0,0,,0,0
-1.5,16.5,,1002.8,0,63765,,0,0,,0,0
-1.5,17,,1002.59,0,58860,,0,0,,0,0
-1.5,17.5,,1002.37,0,53955,,0,0,,0,0
-1.5,18,,1002.16,0,49050,,0,0,,0,0
-1.5,18.5,,1001.95,0,44145,,0,0,,0,0
-1.5,19,,1001.73,0,39240,,0,0,,0,0
-1.5,19.5,,1001.51,0,34335,,0,0,,0,0
-1.5,20,,1001.3,0,29430,,0,0,,0,0
-1.5,20.5,,1001.08,0,24525,,0,0,,0,0
-1.5,21,,1000.87,0,19620,,0,0,,0,0
-1.5,21.5,,1000.65,0,14715,,0,0,,0,0
-1.5,22,,1000.43,0,9810,,0,0,,0,0
-1.5,22.5,,1000.22,0,4905,,0,0,,0,0
-1.5,23,,1000,0,0,,0,0,,0,0
-1,-1.5,,1010.33,0,240345,,0,0,,0,0
-1,-1,,1010.12,0,235440,,0,0,,0,0
-1,-0.5,,1009.92,0,230535,,0,0,,0,0
-1,0,,1009.71,0,225630,,0,0,,0,0
-1,0.5,,1009.51,0,220725,,0,0,,0,0
-1,1,,1009.3,0,215820,,0,0,,0,0
-1,1.5,,1009.1,0,210915,,0,0,,0,0
-1,2,,1008.89,0,206010,,0,0,,0,0
-1,2.5,,1008.68,0,201105,,0,0,,0,0
-1,3,,1008.48,0,196200,,0,0,,0,0
-1,3.5,,1008.27,0,191295,,0,0,,0,0
-1,4,,1008.06,0,186390,,0,0,,0,0
-1,4.5,,1007.86,0,181485,,0,0,,0,0
-1,5,,1007.65,0,176580,,0,0,,0,0
-1,5.5,,1007.44,0,171675,,0,0,,0,0
-1,6,,1007.23,0,166770,,0,0,,0,0
-1,6.5,,1007.02,0,161865,,0,0,,0,0
-1,7,,1006.82,0,156960,,0,0,,0,0
-1,7.5,,1006.61,0,152055,,0,0,,0,0
-1,8,,1006.4,0,147150,,0,0,,0,0
-1,8.5,,1006.19,0,142245,,0,0,,0,0
-1,9,,1005.98,0,137340,,0,0,,0,0
-1,9.5,,1005.77,0,132435,,0,0,,0,0
-1,10,,1005.56,0,127530,,0,0,,0,0
-1,10.5,,1005.35,0,122625,,0,0,,0,0
-1,11,,1005.14,0,117720,,0,0,,0,0
-1,11.5,,1004.93,0,112815,,0,0,,0,0
-1,12,,1004.72,0,107910,,0,0,,0,0
-1,12.5,,1004.5,0,103005,,0,0,,0,0
-1,13,,1004.29,0,98100,,0,0,,0,0
-1,13.5,,1004.08,0,93195,,0,0,,0,0
-1,14,,1003.87,0,88290,,0,0,,0,0
-1,14.5,,1003.66,0,83385,,0,0,,0,0
-1,15,,1003.44,0,78480,,0,0,,0,0
-1,15.5,,1003.23,0,73575,,0,0,,0,0
-1,16,,1003.02,0,68670,,0,0,,0,0
-1,16.5,,1002.8,0,63765,,0,0,,0,0
-1,17,,1002.59,0,58860,,0,0,,0,0
-1,17.5,,1002.37,0,53955,,0,0,,0,0
-1,18,,1002.16,0,49050,,0,0,,0,0
-1,18.5,,1001.95,0,44145,,0,0,,0,0
-1,19,,1001.73,0,39240,,0,0,,0,0
-1,19.5,,1001.51,0,34335,,0,0,,0,0
-1,20,,1001.3,0,29430,,0,0,,0,0
-1,20.5,,1001.08,0,24525,,0,0,,0,0
-1,21,,1000.87,0,19620,,0,0,,0,0
-1,21.5,,1000.65,0,14715,,0,0,,0,0
-1,22,,1000.43,0,9810,,0,0,,0,0
-1,22.5,,1000.22,0,4905,,0,0,,0,0
-1,23,,1000,0,0,,0,0,,0,0
-0.5,-1.5,,1010.33,0,240345,,0,0,,0,0
-0.5,-1,,1010.12,0,235440,,0,0,,0,0
-0.5,-0.5,,1009.92,0,230535,,0,0,,0,0
-0.5,0,,1009.71,0,225630,,0,0,,0,0
-0.5,0.5,,1009.51,0,220725,,0,0,,0,0
-0.5,1,,1009.3,0,215820,,0,0,,0,0
-0.5,1.5,,1009.1,0,210915,,0,0,,0,0
-0.5,2,,1008.89,0,206010,,0,0,,0,0
-0.5,2.5,,1008.68,0,201105,,0,0,,0,0
-0.5,3,,1008.48,0,196200,,0,0,,0,0
-0.5,3.5,,1008.27,0,191295,,0,0,,0,0
-0.5,4,,1008.06,0,186390,,0,0,,0,0
-0.5,4.5,,1007.86,0,181485,,0,0,,0,0
-0.5,5,,1007.65,0,176580,,0,0,,0,0
-0.5,5.5,,1007.44,0,171675,,0,0,,0,0
-0.5,6,,1007.23,0,166770,,0,0,,0,0
-0.5,6.5,,1007.02,0,161865,,0,0,,0,0
-0.5,7,,1006.82,0,156960,,0,0,,0,0
-0.5,7.5,,1006.61,0,152055,,0,0,,0,0
-0.5,8,,1006.4,0,147150,,0,0,,0,0
-0.5,8.5,,1006.19,0,142245,,0,0,,0,0
-0.5,9,,1005.98,0,137340,,0,0,,0,0
-0.5,9.5,,1005.77,0,132435,,0,0,,0,0
-0.5,10,,1005.56,0,127530,,0,0,,0,0
-0.5,10.5,,1005.35,0,122625,,0,0,,0,0
-0.5,11,,1005.14,0,117720,,0,0,,0,0
-0.5,11.5,,1004.93,0,112815,,0,0,,0,0
-0.5,12,,1004.72,0,107910,,0,0,,0,0
-0.5,12.5,,1004.5,0,103005,,0,0,,0,0
-0.5,13,,1004.29,0,98100,,0,0,,0,0
-0.5,13.5,,1004.08,0,93195,,0,0,,0,0
-0.5,14,,1003.87,0,88290,,0,0,,0,0
-0.5,14.5,,1003.66,0,83385,,0,0,,0,0
-0.5,15,,1003.44,0,78480,,0,0,,0,0
-0.5,15.5,,1003.23,0,73575,,0,0,,0,0
-0.5,16,,1003.02,0,68670,,0,0,,0,0
-0.5,16.5,,1002.8,0,63765,,0,0,,0,0
-0.5,17,,1002.59,0,58860,,0,0,,0,0
-0.5,17.5,,1002.37,0,53955,,0,0,,0,0
-0.5,18,,1002.16,0,49050,,0,0,,0,0
-0.5,18.5,,1001.95,0,44145,,0,0,,0,0
-0.5,19,,1001.73,0,39240,,0,0,,0,0
-0.5,19.5,,1001.51,0,34335,,0,0,,0,0
-0.5,20,,1001.3,0,29430,,0,0,,0,0
-0.5,20.5,,1001.08,0,24525,,0,0,,0,0
-0.5,21,,1000.87,0,19620,,0,0,,0,0
-0.5,21.5,,1000.65,0,14715,,0,0,,0,0
-0.5,22,,1000.43,0,9810,,0,0,,0,0
-0.5,22.5,,1000.22,0,4905,,0,0,,0,0
-0.5,23,,1000,0,0,,0,0,,0,0
0,-1.5,,1010.33,0,240345,,0,0,,0,0
0,-1,,1010.12,0,235440,,0,0,,0,0
0,-0.5,,1009.92,0,230535,,0,0,,0,0
-0.017727,-0.017726,,1011.77,14.0913,275175,,-0.104688,-0.102949,,-0.654685,9.62625
-0.00565797,0.501264,,1009.96,-2.44447,231614,,-0.0191427,0.00749768,,0.431325,11.2098
-0.00906522,0.992264,,1010.48,-6.8794,244081,,-0.0649421,-0.0412917,,1.69637,11.6395
-0.00834629,1.49614,,1009.94,-11.006,231074,,-0.0436957,-0.00306082,,2.66785,10.4586
-0.00776953,1.99549,,1009.76,-6.11253,226839,,-0.0346188,-0.00511098,,2.27585,9.93036
-0.00819296,2.49467,,1009.56,-0.0458215,222039,,-0.0305699,-0.00883022,,1.85636,10.3677
-0.0077082,2.99524,,1009.2,1.37851,213350,,-0.0263726,-0.0138375,,1.45908,9.55731
-0.00777527,3.49452,,1009.02,2.1804,209112,,-0.0344347,-0.0183248,,0.0529586,7.65037
-0.0075262,3.99463,,1008.88,10.2571,205717,,-0.0364643,-0.0124678,,-1.92287,7.60928
-0.00736339,4.49406,,1008.71,20.6634,201760,,-0.0393294,-0.0215921,,-2.54087,9.9019
-0.00738973,4.99377,,1008.44,16.7008,195308,,-0.0503063,-0.0389116,,-1.26644,11.1617
-0.00730259,5.49358,,1008.2,0.155979,189600,,-0.0655869,-0.039473,,0.0196174,10.0683
-0.00721304,5.99334,,1008.05,-8.58382,186093,,-0.0692019,-0.0205142,,0.206991,9.5906
-0.00706083,6.49305,,1007.86,-2.84768,181526,,-0.0578353,-0.012069,,0.619205,11.4966
-0.00699437,6.99265,,1007.52,4.86944,173490,,-0.0455075,-0.0178108,,2.1378,12.6575
-0.00690941,7.49257,,1007.17,4.13552,165314,,-0.0410971,-0.0283909,,2.90643,10.2191
-0.00667278,7.99245,,1006.97,-1.51467,160683,,-0.0457771,-0.0342073,,1.01537,6.74523
-0.006424,8.4922,,1006.86,2.49961,157914,,-0.0492487,-0.0251967,,-2.32328,6.32109
-0.00621254,8.99192,,1006.7,19.1199,154348,,-0.045616,-0.024847,,-4.03339,9.25502
-0.00612677,9.49151,,1006.45,27.518,148448,,-0.0483223,-0.0466909,,-2.65532,12.1373
-0.00614328,9.9913,,1006.16,12.7552,141544,,-0.0642133,-0.0627765,,0.0633527,11.904
-0.00607648,10.4912,,1005.95,-11.4378,136716,,-0.0790328,-0.0540946,,1.40514,9.81836
-0.00594499,10.991,,1005.79,-20.8405,133011,,-0.0757829,-0.0297478,,1.03777,9.40929
-0.0058268,11.4908,,1005.56,-7.98632,127589,,-0.0526475,-0.0130563,,0.808705,11.252
-0.00573806,11.9906,,1005.23,10.4048,119871,,-0.0278555,-0.0243894,,1.72622,12.4463
-0.00569512,12.4904,,1004.88,13.65,111680,,-0.0228564,-0.0510633,,2.39625,10.4416
-0.00559562,12.9904,,1004.65,3.07952,106438,,-0.036659,-0.0618544,,0.785322,6.64835
-0.00542818,13.4903,,1004.57,-3.69318,104524,,-0.0505046,-0.0536884,,-2.65614,5.4289
-0.00535055,13.99,,1004.47,2.40388,102303,,-0.0521993,-0.0426778,,-4.7249,8.73034
-0.00541705,14.4897,,1004.25,13.2277,97038.6,,-0.0437553,-0.0416303,,-2.90391,13.5319
-0.00562245,14.9895,,1003.9,12.8261,88916.8,,-0.0375801,-0.0560475,,1.65759,15.1295
-0.00583671,15.4895,,1003.56,-2.71405,81102.1,,-0.0414221,-0.0652601,,5.02478,12.0491
-0.00589881,15.9895,,1003.33,-17.2681,75927,,-0.0448649,-0.0539381,,4.26849,7.40189
-0.00591823,16.4894,,1003.18,-14.9507,72499.8,,-0.0377656,-0.0393772,,0.21097,5.43787
-0.00595526,16.9893,,1003.05,2.64792,69356.8,,-0.0233122,-0.0338299,,-3.50971,7.61486
-0.00614665,17.4889,,1002.81,19.5485,63921.7,,-0.0126135,-0.0474294,,-3.85817,11.3813
-0.00658984,17.9889,,1002.51,20.3125,57101.6,,-0.0189742,-0.0700741,,-1.14827,12.9541
-0.00696808,18.4889,,1002.27,5.14364,51537.1,,-0.0370812,-0.076628,,1.77648,11.4477
-0.00748773,18.9887,,1002.05,-11.8978,46545,,-0.0524253,-0.0687799,,2.51075,8.7493
-0.00798995,19.4893,,1001.94,-14.3509,44086.4,,-0.0545452,-0.0384081,,0.825667,7.52993
-0.00807658,19.9885,,1001.69,-3.52937,38437.6,,-0.0327139,-0.033796,,-1.2775,8.56134
-0.00936177,20.4893,,1001.46,5.20574,33039.2,,-0.0200255,-0.0473217,,-1.76857,10.3004
-0.0111792,20.9923,,1001.46,5.45433,32973.1,,-0.0392634,-0.0161246,,-0.492951,11.6336
-0.0115272,21.4864,,1000.62,-10.3427,14061.8,,-0.0607007,-0.0914806,,1.2098,10.3564
-0.0158096,22.0086,,1001.26,-17.4183,28626.8,,-0.0769811,0.0891891,,2.38372,9.18749
-0.0421378,22.514,,1000.41,-6.23133,9352.27,,-0.285497,0.114154,,0.634207,10.4186
-0.0555459,23.0035,,1000.36,15.7035,8115.47,,-0.371992,0.0486177,,-0.838974,12.333
0.5,-1.5,,1010.33,0,240345,,0,0,,0,0
0.5,-1,,1010.12,0,235440,,0,0,,0,0
0.5,-0.5,,1009.92,0,230535,,0,0,,0,0
0.501358,-0.00638188,,1010.25,0.376639,238548,,0.00406924,-0.0194123,,-0.135369,10.3925
0.501915,0.500858,,1009.05,-18.9313,209875,,-0.00713815,-0.00966763,,1.32314,12.9686
0.500712,0.991294,,1009.42,-26.4763,218545,,-0.00455157,-0.0298461,,3.14096,13.2062
0.501892,1.49651,,1008.73,-21.0451,202324,,0.0200838,0.00867878,,3.2668,10.0195
0.502209,1.99478,,1008.7,-2.08711,201612,,0.0313882,4.63236e-05,,1.74882,8.78368
0.502008,2.49423,,1008.53,13.719,197474,,0.0383541,-0.00687706,,0.390133,9.6542
0.502402,2.99489,,1008.18,14.4759,189085,,0.037797,-0.0241805,,-0.502821,8.50628
0.50228,3.49406,,1008.09,8.20139,187076,,0.0246802,-0.0302948,,-2.06912,5.5197
0.50245,3.99437,,1008.09,14.1905,187013,,0.0186134,-0.0187953,,-3.89969,6.08373
0.502437,4.49356,,1007.98,24.2198,184476,,0.0151661,-0.03094,,-3.70528,10.989
0.502245,4.99329,,1007.61,8.08851,175682,,0.00614316,-0.0572024,,-1.02887,13.5974
0.50212,5.49319,,1007.29,-27.1115,168120,,-0.00507564,-0.0521725,,1.38363,11.1743
0.502059,5.99307,,1007.18,-38.6097,165442,,-0.000201819,-0.0124955,,1.74692,9.50965
0.502089,6.49279,,1007.01,-14.6089,161553,,0.0214657,0.00488852,,1.69458,12.356
0.501994,6.99233,,1006.58,13.507,151467,,0.0413278,-0.00798203,,2.63953,14.0138
0.501938,7.49244,,1006.18,17.3743,142152,,0.0461819,-0.0331519,,2.64686,9.22405
0.502033,7.99244,,1006.12,2.17037,140739,,0.034379,-0.0471357,,-0.281814,2.96583
0.502115,8.49219,,1006.22,1.0222,142889,,0.0225499,-0.0294822,,-4.36085,2.986
0.502136,8.99185,,1006.18,23.6187,141971,,0.0215794,-0.0248595,,-5.68282,9.61191
0.501983,9.4913,,1005.85,30.2051,134328,,0.0173302,-0.0595254,,-2.62371,15.7844
0.50172,9.99114,,1005.39,-6.70261,123658,,0.00138999,-0.083333,,2.08786,15.1801
0.501607,10.4913,,1005.14,-54.5762,117739,,-0.0107216,-0.0607059,,4.36667,10.2412
0.501637,10.9911,,1005.04,-60.547,115554,,0.000117223,-0.0102204,,3.43073,8.25471
0.501701,11.491,,1004.86,-13.8937,111164,,0.0331752,0.0204023,,1.82344,10.9727
0.501756,11.9907,,1004.49,39.3038,102763,,0.0625728,-0.0066346,,1.48464,13.1426
0.501758,12.4906,,1004.1,46.721,93721.5,,0.0609406,-0.0637022,,1.36216,9.78809
0.501817,12.9908,,1003.97,10.9812,90686.9,,0.0312656,-0.0875385,,-0.756111,3.35056
0.501974,13.4907,,1004.11,-21.1177,93819.8,,0.0019726,-0.0677601,,-4.38835,1.93347
0.502052,13.9903,,1004.15,-18.5645,94701.5,,-0.00570767,-0.0372987,,-5.84009,8.99921
0.501991,14.4899,,1003.83,5.54628,87387.2,,0.00675881,-0.0272372,,-2.40756,18.3536
0.501847,14.9896,,1003.23,13.5203,73624.7,,0.0207288,-0.0503795,,3.93842,20.7001
0.50178,15.4899,,1002.72,-9.3459,61783.1,,0.0215202,-0.0688753,,7.84848,13.4287
0.501987,15.9901,,1002.55,-32.9245,58057.4,,0.017355,-0.0511195,,5.61617,3.28141
0.502358,16.4901,,1002.64,-23.5484,60018.5,,0.0213737,-0.0254129,,-1.13387,-0.640666
0.50273,16.9901,,1002.72,15.2589,61911.1,,0.0321473,-0.016761,,-6.83757,4.6847
0.502952,17.4894,,1002.5,47.3242,56847.2,,0.0384076,-0.0432415,,-6.96594,13.6036
0.50291,17.9893,,1002.04,38.87,46379.3,,0.0258898,-0.0856751,,-2.0366,17.7
0.502995,18.4896,,1001.67,-5.25099,37895,,0.000870019,-0.094,,3.39156,14.5703
0.503187,18.9892,,1001.39,-47.0212,31432.4,,-0.0139467,-0.0742754,,5.20492,8.13247
0.503245,19.4903,,1001.37,-47.9063,31074.2,,-0.01079,-0.0203142,,2.645,4.33029
0.503903,19.9896,,1001.31,-8.98944,29715.5,,0.0176287,0.00532282,,-1.41138,6.16303
0.504341,20.489,,1000.98,26.3481,22242.6,,0.0529261,-0.0325744,,-2.96215,10.9417
0.502644,20.9905,,1000.75,23.8423,17068.1,,0.042986,-0.0602305,,-0.638417,14.3138
0.500981,21.4899,,1000.51,-13.8016,11612.1,,-0.00474578,-0.0816986,,3.56905,13.4576
0.503562,21.9777,,1000.04,-52.095,925.676,,0.00673234,-0.170876,,7.47752,9.51052
0.49614,22.4716,,1000.31,-59.5449,6994.9,,-0.0541876,-0.121714,,8.1701,7.71881
0.488439,22.9739,,1000.62,-42.1793,14103.1,,-0.105271,-0.0819365,,5.83634,14.0493
1,-1.5,,1010.33,0,240345,,0,0,,0,0
1,-1,,1010.12,0,235440,,0,0,,0,0
1,-0.5,,1009.92,0,230535,,0,0,,0,0
0.993134,-0.00927369,,1011.04,-0.0496221,257569,,-0.0474052,-0.0634555,,0.306905,10.9903
0.99295,0.499953,,1009.72,-23.8238,225706,,-0.0364515,-0.00906925,,1.86517,14.8444
0.993449,0.992204,,1009.9,-25.3207,230140,,-0.0237395,-0.0111996,,2.89033,13.8795
0.994166,1.49742,,1009.29,-7.70255,215436,,-0.0140128,0.0214029,,2.02274,8.58607
0.994009,1.99484,,1009.39,21.4573,217869,,-0.0127783,0.00733003,,-0.0827644,6.86679
0.994254,2.49481,,1009.25,40.4077,214584,,-0.0120284,-0.00512503,,-1.48181,8.71061
0.994497,2.99511,,1008.9,32.2976,206200,,-0.0242979,-0.0374458,,-1.818,7.77509
0.994438,3.49433,,1008.85,11.7594,204951,,-0.0425635,-0.042117,,-2.42908,3.99643
0.99467,3.99472,,1008.93,11.4259,206902,,-0.0519817,-0.0224502,,-3.34431,5.34057
0.994706,4.49362,,1008.81,21.2025,204120,,-0.0546471,-0.0334683,,-2.41235,13.0675
0.994638,4.99335,,1008.27,-2.2859,191231,,-0.0593832,-0.0662425,,0.76895,16.9092
0.99463,5.49329,,1007.81,-48.4311,180432,,-0.0651446,-0.0541349,,3.17131,12.4299
0.994755,5.99333,,1007.73,-54.9725,178440,,-0.0568711,0.00562521,,2.78281,8.75562
0.994989,6.49298,,1007.62,-7.10337,175798,,-0.0354343,0.0293016,,1.56853,12.2699
0.995076,6.99239,,1007.12,43.3195,164069,,-0.0181457,0.00506498,,1.54321,14.5794
0.995192,7.49266,,1006.68,47.6485,153854,,-0.0195026,-0.0410339,,1.15221,7.69975
0.995423,7.99268,,1006.75,13.2882,155436,,-0.0400373,-0.0662066,,-1.52358,-0.950129
0.995615,8.49236,,1007.01,-2.72411,161585,,-0.0583578,-0.0371002,,-4.87356,0.117586
0.995739,8.99189,,1007.02,21.3892,161710,,-0.0600139,-0.0229969,,-5.21936,11.1374
0.995686,9.49111,,1006.52,28.7047,150105,,-0.0581622,-0.0662129,,-1.16268,20.9295
0.995528,9.99097,,1005.82,-23.0491,133523,,-0.0643558,-0.096172,,4.16892,19.3957
0.99554,10.4913,,1005.47,-85.843,125451,,-0.0679373,-0.0594912,,6.19219,10.3491
0.995716,10.9912,,1005.46,-80.0605,125129,,-0.0519596,0.0163577,,3.99701,5.70299
0.995915,11.491,,1005.36,5.75379,122867,,-0.0180338,0.0568242,,0.684838,9.08857
0.996053,11.9907,,1005.01,92.6786,114668,,0.0074177,0.00675813,,-0.86265,12.876
0.996063,12.4905,,1004.58,95.2124,104769,,-0.00171501,-0.0878706,,-1.05328,9.07535
0.996051,12.9907,,1004.5,20.0155,102994,,-0.0399686,-0.127193,,-2.18662,0.624942
0.996094,13.4906,,1004.79,-49.3276,109757,,-0.0743168,-0.0901921,,-4.44753,-0.663523
0.996043,13.99,,1004.9,-52.3382,112093,,-0.0784185,-0.0305868,,-4.82005,10.3404
0.995829,14.4895,,1004.42,-6.21406,101069,,-0.0543832,-0.00532826,,-0.936719,24.1263
0.995525,14.9891,,1003.54,23.5037,80627,,-0.0266569,-0.0378424,,5.17181,26.5478
0.995264,15.4895,,1002.84,2.91835,64698,,-0.0166724,-0.072691,,8.239,13.9524
0.995206,15.99,,1002.79,-28.8038,63509.5,,-0.0213272,-0.0564846,,4.76295,-2.62408
0.995261,16.49,,1003.19,-18.6719,72594.6,,-0.0252192,-0.0235208,,-3.13344,-8.37018
0.995196,16.9898,,1003.53,32.6351,80393.4,,-0.0234464,-0.0125111,,-9.16231,1.44199
0.994862,17.4888,,1003.3,73.0321,75153.6,,-0.0226092,-0.0493665,,-8.38263,17.2367
0.994182,17.9884,,1002.6,52.0149,59036.8,,-0.0339302,-0.110599,,-1.58056,24.7294
0.993411,18.4888,,1002,-21.4338,45507.9,,-0.0565483,-0.120273,,5.65246,19.2866
0.99288,18.9884,,1001.66,-83.9092,37688.5,,-0.0680751,-0.0807929,,7.98671,7.50035
0.992288,19.4893,,1001.72,-76.2708,39100.4,,-0.0548396,-0.00780656,,4.44717,-0.360664
0.991352,19.9891,,1001.91,-2.2345,43413.4,,-0.0304471,0.0324384,,-1.58602,1.80709
0.990865,20.4881,,1001.75,68.2595,39680.5,,-0.00523305,-0.0129905,,-5.08515,10.8141
0.990516,20.9874,,1001.28,72.19,29050.1,,0.010798,-0.0864519,,-3.08489,18.5385
0.987026,21.4861,,1000.75,7.46118,16980.5,,-0.0198104,-0.142987,,2.95707,18.9413
0.981702,21.9968,,1000.51,-65.5473,11430.2,,-0.106135,-0.0150169,,8.70031,13.2999
0.988219,22.4787,,999.839,-82.8846,-3638.34,,-0.0879938,-0.09952,,11.0732,4.54044
0.994811,22.9737,,999.954,-91.9891,-1032.07,,-0.051558,-0.0379716,,9.12521,-0.089297
1.5,-1.5,,1010.33,0,240345,,0,0,,0,0
1.5,-1,,1010.12,0,235440,,0,0,,0,0
1.5,-0.5,,1009.92,0,230535,,0,0,,0,0
1.49731,-0.00882187,,1010.79,-2.54869,251482,,-0.0129205,-0.0471987,,-0.0756545,11.9222
1.49843,0.500903,,1009.29,-24.3383,215655,,-0.00369615,0.00688838,,0.720254,16.1041
1.4989,0.992723,,1009.48,-19.1889,220062,,0.00334541,-0.0019867,,1.25065,13.8503
1.49879,1.49724,,1008.93,4.14513,206911,,0.00677083,0.0230259,,0.331143,6.79616
1.49894,1.99495,,1009.13,35.2604,211765,,0.0104493,0.00991477,,-1.32374,5.1113
1.49927,2.49498,,1009.02,50.2349,209098,,0.00985317,-0.0122645,,-1.8758,8.49297
1.49918,2.99491,,1008.62,29.7687,199599,,0.000716118,-0.0535196,,-1.09302,8.14701
1.49915,3.49436,,1008.52,-4.56228,197271,,-0.00893558,-0.0542023,,-0.797818,3.39477
1.49926,3.99474,,1008.65,-7.65168,200394,,-0.0109293,-0.0242656,,-1.44191,5.06363
1.49923,4.49347,,1008.52,8.29657,197199,,-0.00546366,-0.0318218,,-0.839774,15.2689
1.49912,4.99318,,1007.81,-13.7875,180438,,-0.00285059,-0.0706327,,1.73031,20.0479
1.499,5.49321,,1007.25,-63.5197,167099,,-0.00418974,-0.0538726,,3.34256,12.9711
1.49909,5.99347,,1007.26,-63.5356,167427,,0.00242214,0.0204604,,2.00595,6.8796
1.49922,6.49303,,1007.28,4.50158,167787,,0.0178842,0.04853,,0.0678321,11.2822
1.49917,6.99233,,1006.75,71.5809,155454,,0.0308558,0.0122893,,0.008369,14.9403
1.49915,7.49273,,1006.29,69.2594,144580,,0.0262212,-0.0568958,,0.423425,6.73861
1.49919,7.99277,,1006.45,7.95068,148363,,0.00326681,-0.0919219,,-0.919236,-3.87484
1.49922,8.49242,,1006.83,-27.2907,157315,,-0.01388,-0.0463153,,-3.14468,-1.84005
1.49924,8.99187,,1006.85,1.35181,157812,,-0.0100557,-0.0162138,,-3.16188,13.2395
1.49912,9.49091,,1006.19,20.0319,142201,,0.00106857,-0.0632197,,0.462809,26.2642
1.49892,9.99085,,1005.24,-33.4831,120219,,0.00338583,-0.100927,,4.96481,23.2621
1.49891,10.4914,,1004.86,-103.115,111202,,0.000979658,-0.0559794,,5.97656,9.40691
1.49908,10.9914,,1005,-85.9684,114586,,0.0100288,0.0400808,,2.6886,1.64662
1.49927,11.4912,,1005.08,31.531,116373,,0.0328411,0.0868578,,-1.47343,6.01207
1.4994,11.9908,,1004.79,141.558,109539,,0.0479338,0.0128625,,-3.04823,12.5154
1.49938,12.4905,,1004.31,129.471,98534.5,,0.0333231,-0.117749,,-2.09777,9.51401
1.49935,12.9908,,1004.22,8.12029,96468.8,,-0.00564793,-0.169779,,-1.34388,-0.404414
1.49943,13.4907,,1004.6,-99.9808,105184,,-0.0376303,-0.109513,,-2.09211,-2.04626
1.49951,13.9901,,1004.73,-102.404,108291,,-0.0358646,-0.0128191,,-2.30769,11.8507
1.49951,14.4895,,1004.12,-21.3579,94138.2,,-0.00376283,0.0314956,,0.345761,29.1773
1.49949,14.9891,,1003.01,44.0244,68488.9,,0.0304911,-0.0127189,,4.75041,31.3273
1.49953,15.4896,,1002.2,32.517,49871,,0.0410624,-0.0722616,,6.72429,13.5215
1.49976,15.9904,,1002.29,-12.675,52080.4,,0.0279581,-0.0668611,,3.21058,-9.15751
1.50016,16.4904,,1003.01,-15.9577,68546.8,,0.0108914,-0.0288014,,-3.94049,-16.187
1.50045,16.99,,1003.57,33.8698,81495.9,,0.00250855,-0.0110354,,-8.98217,-1.15396
1.50056,17.4888,,1003.29,77.4481,74901.6,,0.0022008,-0.0483572,,-7.38978,22.2151
1.5005,17.9882,,1002.26,49.4458,51326.6,,0.00200935,-0.120223,,0.00469337,33.3801
1.50028,18.4887,,1001.34,-43.3872,30252.5,,-0.00687725,-0.134137,,7.59,24.9107
1.5004,18.9888,,1000.93,-117.805,21115.8,,-0.0125774,-0.0732826,,9.6562,6.28035
1.50098,19.4895,,1001.13,-95.514,25567.8,,0.00486831,0.0227827,,4.98528,-6.86561
1.50116,19.9889,,1001.5,14.6683,33915,,0.0340883,0.0637376,,-2.78098,-4.8705
1.50105,20.4885,,1001.53,119.929,34691.8,,0.0531569,0.00689807,,-8.21581,8.90469
1.50134,20.9887,,1001.11,136.794,25192.4,,0.0549053,-0.0689236,,-7.92305,22.846
1.50298,21.4826,,999.979,57.1321,-472.612,,0.0625032,-0.184181,,-2.58093,25.9891
1.5005,21.9859,,999.719,-42.9422,-6340.04,,0.0360711,-0.164105,,3.78631,17.7067
1.49418,22.4838,,999.541,-76.7143,-10340.4,,-0.0274684,-0.0856098,,6.9728,3.04962
1.4949,22.9799,,999.556,-60.7866,-9996.54,,-0.0339664,-0.0480392,,6.02653,-9.74962
2,-1.5,,1010.33,0,240345,,0,0,,0,0
2,-1,,1010.12,0,235440,,0,0,,0,0
2,-0.5,,1009.92,0,230535,,0,0,,0,0
1.99712,-0.00822806,,1010.86,-3.50541,253096,,-0.02426,-0.0462621,,-0.288489,12.2603
1.99706,0.501097,,1009.42,-25.2706,218703,,-0.0267994,0.00728023,,0.4289,16.9546
1.99666,0.992442,,1009.6,-18.594,223004,,-0.0265674,-0.000225636,,1.17278,13.922
1.99686,1.49739,,1009.08,5.38263,210484,,-0.0219789,0.0262506,,0.85808,5.56866
1.99724,1.99532,,1009.34,35.4033,216628,,-0.0205548,0.0112119,,-0.089977,4.12436
1.99727,2.49496,,1009.23,48.4133,214223,,-0.020518,-0.0156537,,-0.0935203,9.09157
1.99728,2.99488,,1008.73,23.0536,202274,,-0.0214119,-0.0599493,,0.868686,9.088
1.9974,3.49449,,1008.58,-15.9157,198588,,-0.0251493,-0.058805,,0.865525,2.80878
1.99756,3.99483,,1008.78,-15.338,203483,,-0.0257015,-0.0206862,,-0.604003,4.13611
1.99771,4.49349,,1008.69,10.6804,201223,,-0.0217657,-0.026256,,-1.14352,16.4959
1.99772,4.99308,,1007.87,-7.00327,181914,,-0.0218099,-0.0725135,,0.465273,22.3177
1.99769,5.49323,,1007.24,-61.2996,166943,,-0.0274522,-0.0557597,,1.60899,12.8459
1.99788,5.9937,,1007.39,-63.0551,170473,,-0.0304765,0.0272866,,0.28175,4.61836
1.99807,6.49308,,1007.54,14.5089,173957,,-0.0238325,0.062145,,-1.26026,10.4002
1.99806,6.99228,,1006.96,92.4849,160341,,-0.0120685,0.0190879,,-0.574157,16.063
1.99809,7.49277,,1006.41,83.0731,147514,,-0.0130151,-0.0711307,,0.956783,7.10335
1.99816,7.99281,,1006.59,-2.61341,151627,,-0.0300022,-0.113632,,0.740112,-5.56991
1.99825,8.49249,,1007.04,-52.1842,162174,,-0.0405181,-0.0495396,,-1.17439,-3.53018
1.99838,8.99189,,1007.09,-11.4568,163342,,-0.0311205,-0.00189778,,-2.14456,14.4791
1.99838,9.49076,,1006.31,28.2834,145011,,-0.0150577,-0.0523994,,-0.209568,30.2521
1.99828,9.99074,,1005.19,-19.9061,119006,,-0.0111203,-0.10371,,2.89875,26.0209
1.9983,10.4915,,1004.8,-98.8395,109932,,-0.0198099,-0.0598552,,3.41984,7.81098
1.99845,10.9916,,1005.13,-82.9668,117441,,-0.0231116,0.051081,,0.371435,-2.71154
1.99859,11.4914,,1005.38,50.5082,123274,,-0.0114661,0.105534,,-3.20687,3.09163
1.99864,11.9908,,1005.11,174.171,117133,,0.000723483,0.0149441,,-3.89299,13.0904
1.99853,12.4903,,1004.53,149.017,103524,,-0.00589347,-0.143528,,-1.63756,11.6426
1.99838,12.9907,,1004.34,-9.4453,99164.4,,-0.0315102,-0.205848,,0.528248,0.210723
1.99834,13.4908,,1004.74,-146.55,108545,,-0.0535858,-0.123985,,0.388666,-3.00984
1.99834,13.99,,1004.93,-141.033,112965,,-0.0484518,0.00787912,,-0.812668,12.0601
1.99826,14.4894,,1004.28,-20.223,97768.3,,-0.0179781,0.0686622,,-0.411165,32.0122
1.99812,14.989,,1003.04,82.7634,69251.6,,0.0118639,0.00924138,,1.97002,34.5317
1.99795,15.4896,,1002.16,76.9569,49006,,0.016482,-0.0807798,,3.67468,13.2043
1.99783,15.9905,,1002.38,7.38822,53981.6,,-0.00539431,-0.0921711,,1.90422,-14.1457
1.99784,16.4905,,1003.35,-24.1093,76460.6,,-0.0320532,-0.0484191,,-2.74174,-22.2037
1.99775,16.9899,,1004.08,14.1049,93236.8,,-0.0447424,-0.0175176,,-6.2447,-2.86398
1.99744,17.4885,,1003.74,62.7468,85276.1,,-0.0420408,-0.0453507,,-5.0458,26.8352
1.99707,17.9878,,1002.46,42.216,55832.3,,-0.0314137,-0.11906,,0.548771,41.1269
1.99655,18.4882,,1001.25,-52.577,28249.7,,-0.0262085,-0.142559,,6.50051,29.8843
1.99602,18.9887,,1000.82,-131.966,18443.4,,-0.0311706,-0.0767369,,8.14493,4.68422
1.99581,19.4897,,1001.29,-102.035,29259.1,,-0.0343169,0.0365364,,3.93856,-13.8622
1.99596,19.9888,,1001.98,28.9805,45000.6,,-0.0270872,0.0815155,,-3.45727,-12.4667
1.99561,20.4874,,1002.18,154.143,49584.3,,-0.018386,0.0053631,,-9.39567,5.39063
1.99391,20.9882,,1001.86,177.18,42272.6,,-0.0331584,-0.088465,,-10.8891,24.857
1.99378,21.4853,,1000.79,90.2206,17918,,-0.0551116,-0.171692,,-8.31426,31.4288
1.99738,21.9841,,999.907,-23.0276,-2107.3,,-0.0310705,-0.154254,,-3.90815,22.8814
1.9971,22.4849,,999.358,-66.2674,-14457.3,,-0.0294354,-0.0787112,,-0.602655,3.49652
1.99671,22.9826,,999.647,-56.923,-7962.55,,-0.0327967,-0.024194,,0.551738,-9.54107
2.5,-1.5,,1010.33,0,240345,,0,0,,0,0
2.5,-1,,1010.12,0,235440,,0,0,,0,0
2.5,-0.5,,1009.92,0,230535,,0,0,,0,0
2.49682,-0.00872412,,1010.93,-6.75357,254788,,-0.0211367,-0.0513316,,-0.188856,12.619
2.49699,0.500779,,1009.43,-31.4591,218993,,-0.018496,0.00687816,,0.632856,18.0073
2.49712,0.992594,,1009.53,-25.0815,221172,,-0.0128904,0.00654877,,1.66336,14.4909
2.49735,1.49777,,1008.98,-0.28407,208190,,-0.00786432,0.0297185,,1.76239,4.92842
2.49736,1.99538,,1009.29,31.805,215507,,-0.00402943,0.0140164,,1.0087,3.47814
2.49735,2.495,,1009.17,49.6456,212733,,0.0036824,-0.0107014,,0.650461,9.55294
2.49748,2.995,,1008.59,28.0379,198921,,0.00833539,-0.060352,,0.853599,9.51151
2.4975,3.4946,,1008.42,-10.7577,194958,,0.00485502,-0.0626278,,0.0929833,1.46885
2.4976,3.99503,,1008.76,-8.67465,202840,,-0.000344068,-0.0209533,,-2.00805,2.27308
2.49774,4.4936,,1008.76,21.7142,202931,,-0.00394404,-0.0263175,,-2.98606,16.9472
2.49763,4.99298,,1007.87,3.61127,181719,,-0.00830292,-0.0779009,,-1.35013,24.3811
2.49752,5.49329,,1007.16,-61.48,165019,,-0.0172201,-0.0647918,,0.490212,13.1455
2.49759,5.9939,,1007.41,-74.937,171027,,-0.0268792,0.0246222,,0.302299,3.12812
2.49763,6.49312,,1007.64,5.1499,176424,,-0.022664,0.0739097,,-0.296681,10.2624
2.49758,6.99226,,1006.97,96.1004,160671,,-0.00543462,0.0310083,,0.823198,17.9069
2.49755,7.49281,,1006.31,88.279,145046,,0.00213215,-0.0780012,,2.59807,8.26356
2.49756,7.99288,,1006.46,-12.2595,148637,,-0.00696335,-0.128242,,2.48718,-6.91223
2.49766,8.49264,,1006.99,-69.9443,161089,,-0.0145029,-0.0493905,,0.0239963,-5.97229
2.49782,8.99201,,1007.14,-14.9779,164588,,-0.00829948,0.0128129,,-2.35402,14.023
2.49786,9.49071,,1006.34,45.7234,145699,,0.00263372,-0.0423806,,-2.00427,32.6418
2.49778,9.99068,,1005.11,-0.427907,117061,,0.000482128,-0.111804,,0.480753,28.3097
2.49775,10.4916,,1004.71,-98.6432,107691,,-0.017466,-0.0748995,,1.84946,6.92192
2.49783,10.9918,,1005.16,-98.7447,118167,,-0.0310832,0.0506933,,0.414401,-5.95978
2.49796,11.4915,,1005.53,40.061,126939,,-0.0243795,0.120433,,-1.86572,1.11061
2.49802,11.9908,,1005.26,179.446,120555,,-0.00621909,0.0254319,,-1.97245,14.4732
2.49798,12.4902,,1004.52,156.806,103478,,0.00330344,-0.152264,,0.437156,14.6122
2.49793,12.9906,,1004.2,-19.4748,95972.7,,-0.00558898,-0.227406,,2.62076,1.36666
2.49798,13.4908,,1004.62,-175.067,105737,,-0.0219788,-0.134346,,2.06937,-4.52999
2.49813,13.9901,,1004.92,-163.959,112616,,-0.0246092,0.0238165,,-0.494516,10.3412
2.49823,14.4893,,1004.31,-13.5497,98494.3,,-0.00829201,0.0979247,,-2.11492,32.5758
2.49825,14.9889,,1003.01,116.809,68621.5,,0.0103607,0.0257115,,-1.04738,36.8605
2.4982,15.4894,,1002.03,110.081,46134.3,,0.0123408,-0.0914053,,1.40484,14.346
2.49815,15.9905,,1002.24,11.2544,50956.7,,-0.00622786,-0.119254,,2.36407,-16.2122
2.49825,16.4906,,1003.34,-52.3205,76169.7,,-0.0282568,-0.0671057,,0.593121,-25.9292
2.49837,16.9898,,1004.15,-24.8142,94873.5,,-0.0335686,-0.0164793,,-2.11581,-4.57532
2.49837,17.4883,,1003.75,37.686,85562.9,,-0.0201745,-0.0298238,,-3.02259,29.1517
2.49835,17.9875,,1002.3,40.2865,52317.5,,0.00149873,-0.101468,,-1.15923,46.005
2.4983,18.4879,,1000.89,-40.9917,20188.3,,0.0175039,-0.136094,,2.00827,33.5708
2.49826,18.9884,,1000.36,-122.387,8095.45,,0.0198653,-0.0814773,,3.84156,4.09487
2.49807,19.4895,,1000.93,-101.552,21119.2,,0.00826327,0.0271721,,2.63003,-18.7863
2.49801,19.9893,,1001.94,23.3147,44089.4,,-0.0126653,0.0819043,,-1.21605,-18.7054
2.49895,20.4873,,1002.32,145.286,52613.5,,-0.0210841,0.00983226,,-5.44423,1.4629
2.49904,20.9863,,1001.86,163.935,42130.7,,-0.0221324,-0.108177,,-7.96665,24.4589
2.49751,21.4857,,1000.8,71.7389,18148.4,,-0.0374028,-0.183361,,-8.53986,33.5885
2.49727,21.9872,,999.942,-41.4018,-1303.92,,-0.044227,-0.148132,,-7.74786,25.6106
2.49703,22.4855,,999.51,-75.3458,-11041,,-0.0492087,-0.0780053,,-6.14249,6.7157
2.49761,22.9842,,999.572,-81.4699,-9651.58,,-0.0368758,0.0244057,,-3.74717,-9.14396
3,-1.5,,1010.33,0,240345,,0,0,,0,0
3,-1,,1010.12,0,235440,,0,0,,0,0
3,-0.5,,1009.92,0,230535,,0,0,,0,0
2.99789,-0.00835641,,1010.89,-9.85565,253941,,-0.0180511,-0.0484014,,-0.232594,13.0082
2.99819,0.501085,,1009.37,-36.6927,217536,,-0.0180457,0.0109587,,0.519561,19.1352
2.99812,0.992711,,1009.42,-29.2853,218572,,-0.0162468,0.0121222,,1.55968,15.254
2.99814,1.49776,,1008.88,-1.30697,205687,,-0.0109988,0.0334005,,1.68557,4.39804
2.99828,1.99541,,1009.23,35.8049,214083,,-0.00519431,0.0211171,,0.605449,2.43917
2.99852,2.49516,,1009.15,61.4029,212097,,0.00134401,-0.00358618,,-0.502289,9.18547
2.99865,2.99501,,1008.55,44.346,198026,,0.00219288,-0.0621343,,-0.943818,9.24237
2.99867,3.49462,,1008.4,1.54195,194378,,-0.0055753,-0.0708453,,-1.74366,-0.132191
2.99886,3.99521,,1008.86,-3.93357,205340,,-0.0173314,-0.029237,,-3.38335,0.420869
2.99897,4.49357,,1008.95,22.9443,207432,,-0.0250036,-0.0306383,,-3.78838,17.6394
2.99886,4.99279,,1007.94,2.45742,183433,,-0.0258694,-0.0819614,,-1.50029,27.1433
2.99878,5.49326,,1007.1,-73.3188,163741,,-0.0300643,-0.0749969,,1.32184,14.6366
2.99882,5.99394,,1007.38,-99.6829,170341,,-0.0368364,0.0208394,,2.13394,2.67314
2.99887,6.49309,,1007.64,-14.9425,176447,,-0.0272777,0.0910985,,1.6796,10.3002
2.9989,6.99222,,1006.9,97.7265,158877,,-0.00196854,0.051941,,1.96842,19.3536
2.99893,7.49279,,1006.13,103.212,140885,,0.0137687,-0.0763635,,2.77783,9.08343
2.99897,7.99293,,1006.27,-4.27548,144181,,0.0093463,-0.138901,,2.06919,-8.66382
2.9991,8.4928,,1006.92,-70.8163,159314,,-0.00113832,-0.0531755,,-0.903247,-9.33398
2.99925,8.99212,,1007.21,-9.46723,166288,,-0.00355492,0.0198552,,-3.98686,12.2921
2.99928,9.49065,,1006.43,63.6985,147862,,0.000134582,-0.0383719,,-4.18614,34.3138
2.99917,9.99057,,1005.08,13.6888,116495,,-0.00459527,-0.124967,,-1.28292,31.301
2.99903,10.4915,,1004.59,-109.171,104991,,-0.0224597,-0.0957544,,1.71673,7.85855
2.99901,10.9918,,1005.07,-130.318,116237,,-0.0351927,0.0466255,,2.15425,-7.55535
2.99908,11.4916,,1005.53,14.1844,126885,,-0.0248562,0.13908,,0.682526,-0.324977
2.99913,11.9908,,1005.25,180.169,120357,,0.00263419,0.0489039,,-0.0526978,15.4296
2.9991,12.4902,,1004.4,179.092,100599,,0.0251549,-0.144849,,1.01843,16.9068
2.99905,12.9906,,1003.97,0.772962,90761.9,,0.0246487,-0.241257,,2.13492,2.00024
2.99905,13.4909,,1004.44,-173.019,101540,,0.00356501,-0.152403,,1.07074,-6.77479
2.99914,13.9903,,1004.89,-172.651,112058,,-0.0166071,0.0214952,,-1.94068,7.3129
2.99919,14.4894,,1004.41,-14.5948,100762,,-0.0203486,0.110077,,-4.21696,31.8269
2.99915,14.9889,,1003.11,129.649,70716.6,,-0.0119417,0.0360641,,-3.38806,39.1829
2.99901,15.4893,,1002,123.461,45485.1,,-0.00483721,-0.0961755,,0.166532,17.4949
2.99883,15.9904,,1002.11,6.31158,47863.3,,-0.00886224,-0.137131,,3.56631,-15.2434
2.99878,16.4907,,1003.24,-78.497,73766.5,,-0.0194362,-0.0794268,,4.06002,-27.8745
2.99887,16.9899,,1004.16,-54.3204,95077,,-0.0216197,-0.0104149,,1.41788,-7.46774
2.99896,17.4884,,1003.84,27.4074,87756.1,,-0.0101827,-0.0104107,,-2.26026,27.7263
2.999,17.9876,,1002.43,58.1441,55124.3,,0.0067463,-0.0826117,,-4.46396,46.9395
2.9989,18.4879,,1000.99,-5.18677,22507.4,,0.0159745,-0.129646,,-3.94109,35.8669
2.99887,18.9885,,1000.44,-88.3459,9938.74,,0.0128077,-0.0869226,,-1.22817,5.9156
2.99888,19.4892,,1000.96,-86.9866,21680.2,,0.00115449,0.00581474,,2.0646,-18.7433
2.99827,19.9893,,1002.01,9.59735,45582.3,,-0.026218,0.050901,,4.19127,-20.5403
2.99802,20.4884,,1002.63,106.277,59721,,-0.0615907,-0.00585825,,4.08429,-1.11193
2.99892,20.9867,,1002.29,108.003,51936.8,,-0.0807301,-0.112614,,1.862,22.0961
2.99972,21.4852,,1001.22,9.69037,27730.1,,-0.0821472,-0.184995,,-1.54288,31.8916
2.9998,21.9845,,1000.34,-98.3517,7696.92,,-0.0715448,-0.157492,,-4.71986,25.3914
2.99904,22.4853,,999.867,-120.178,-2988.56,,-0.0583571,-0.0469556,,-6.24125,10.051
2.99896,22.985,,999.709,-86.1593,-6550.68,,-0.0371778,0.0242366,,-5.24877,-4.42995
3.5,-1.5,,1010.33,0,240345,,0,0,,0,0
3.5,-1,,1010.12,0,235440,,0,0,,0,0
3.5,-0.5,,1009.92,0,230535,,0,0,,0,0
3.49746,-0.00848402,,1010.95,-10.8889,255441,,-0.0179529,-0.0522282,,-0.269429,13.2722
3.49747,0.500929,,1009.43,-38.9924,218932,,-0.0173201,0.00960857,,0.372376,20.16
3.49732,0.992627,,1009.43,-29.6816,218777,,-0.0140573,0.0168084,,1.3625,16.0343
3.4974,1.49789,,1008.87,2.01461,205520,,-0.00878394,0.0379563,,1.50404,3.77651
3.49754,1.99563,,1009.28,42.8316,215386,,-0.00642579,0.0254163,,0.341519,0.974279
3.4976,2.49531,,1009.27,72.2329,215127,,-0.00553121,-0.00163136,,-0.941714,8.33674
3.49761,2.99503,,1008.68,54.5094,201068,,-0.00800428,-0.0674338,,-1.23835,9.04665
3.49761,3.49473,,1008.51,2.02355,197058,,-0.0178027,-0.0833227,,-1.25464,-0.99134
3.49768,3.99537,,1009.04,-16.0899,209623,,-0.0309669,-0.0411234,,-1.88867,-0.607494
3.49769,4.49354,,1009.16,6.90673,212393,,-0.0355731,-0.0314115,,-1.87114,18.7556
3.49762,4.9927,,1008.02,-9.88951,185343,,-0.0297767,-0.078926,,0.264964,30.2872
3.49755,5.49325,,1007.04,-88.3331,162210,,-0.0283003,-0.0804555,,3.0996,16.8025
3.49753,5.99401,,1007.3,-122.228,168419,,-0.0320827,0.0207051,,4.00682,2.44208
3.49764,6.4932,,1007.62,-29.4184,175910,,-0.0229342,0.111758,,2.84957,9.40934
3.49778,6.99231,,1006.9,108.843,158833,,-9.51479e-05,0.0765043,,1.6942,19.4066
3.49784,7.49285,,1006.1,131.919,140203,,0.0144842,-0.0714565,,1.44912,9.1058
3.49792,7.99305,,1006.26,17.6015,143933,,0.0076606,-0.151685,,0.726423,-10.5208
3.49805,8.49297,,1007.03,-66.0889,161959,,-0.0108359,-0.065961,,-1.64812,-12.6931
3.49818,8.99223,,1007.47,-11.2686,172344,,-0.0231757,0.0177857,,-4.31424,10.3332
3.49824,9.49062,,1006.71,66.2971,154414,,-0.0238388,-0.0368741,,-4.4921,35.9896
3.49815,9.99042,,1005.23,14.1936,119797,,-0.0240296,-0.133929,,-1.31456,35.269
3.49801,10.4914,,1004.57,-125.731,104428,,-0.0323012,-0.110878,,2.72277,10.5067
3.49798,10.9919,,1005.01,-161.483,114825,,-0.0383902,0.0463042,,4.28829,-8.02113
3.4981,11.4917,,1005.55,-7.08616,127276,,-0.0269742,0.161801,,2.79876,-2.21057
3.49823,11.9908,,1005.32,191.076,121973,,0.000265377,0.0792977,,0.535438,14.6814
3.49831,12.4901,,1004.44,219.17,101471,,0.0238351,-0.130739,,-0.444055,17.5286
3.49833,12.9906,,1003.97,42.2206,90541,,0.023214,-0.255614,,-0.424806,2.02369
3.49832,13.4909,,1004.47,-158.323,102157,,-0.003655,-0.182487,,-1.05142,-8.73283
3.49836,13.9903,,1005.05,-188.42,115636,,-0.0357441,0.000931704,,-2.89231,4.57231
3.49839,14.4894,,1004.67,-41.9779,106866,,-0.0499519,0.110134,,-4.39566,31.0423
3.49833,14.9887,,1003.35,111.301,76337.4,,-0.0407744,0.0495522,,-3.4251,41.7828
3.49819,15.4891,,1002.09,120.137,47398.7,,-0.0183644,-0.083652,,0.336261,21.9688
3.498,15.9902,,1001.99,9.01389,45255,,0.000465259,-0.13584,,4.67167,-12.2103
3.49786,16.4906,,1003.05,-79.4817,69471.7,,0.00547998,-0.0840924,,6.44387,-28.6074
3.49788,16.9899,,1004.07,-56.891,93052.2,,0.00181855,-0.00958433,,4.08128,-11.5106
3.49799,17.4885,,1003.95,33.4338,90075.9,,-0.0011732,-0.00173034,,-1.18918,23.0421
3.49811,17.9875,,1002.68,79.0307,60912.6,,0.000900538,-0.0728285,,-6.08971,44.6126
3.49799,18.4876,,1001.25,26.1697,28416.2,,0.00468442,-0.12897,,-7.39421,37.3475
3.49759,18.9883,,1000.6,-58.0593,13655.7,,0.00371807,-0.0934854,,-4.00525,10.4448
3.49745,19.4889,,1000.95,-69.5681,21491.4,,0.00173246,-0.00453292,,2.6291,-13.3249
3.49731,19.9885,,1001.73,4.03398,39132.2,,-0.000417583,0.0280118,,9.52052,-16.7735
3.49664,20.4879,,1002.18,73.8212,49496.9,,-0.0120447,-0.0355617,,13.5509,-0.782734
3.49602,20.9871,,1001.94,53.697,43986.8,,-0.032738,-0.132082,,12.9157,18.9807
3.49627,21.4862,,1001.13,-55.9488,25670,,-0.0486691,-0.183696,,8.31157,27.0376
3.49744,21.9866,,1000.41,-163.65,9198.76,,-0.0497259,-0.127552,,2.52666,21.2529
3.49844,22.4863,,999.996,-173.9,-98.8398,,-0.0447649,-0.015083,,-1.59067,9.13192
3.49907,22.9853,,1000.16,-120.919,3567.19,,-0.0332501,0.0563978,,-2.73681,3.76522
4,-1.5,,1010.33,0,240345,,0,0,,0,0
4,-1,,1010.12,0,235440,,0,0,,0,0
4,-0.5,,1009.92,0,230535,,0,0,,0,0
3.99805,-0.00846521,,1010.95,-10.6225,255245,,-0.0136699,-0.0512682,,-0.550328,13.4005
3.99829,0.500958,,1009.4,-39.4354,218110,,-0.0128671,0.0120384,,-0.181927,21.0441
3.99828,0.992654,,1009.33,-28.1078,216543,,-0.0101279,0.0228728,,0.709118,16.8387
3.99833,1.49798,,1008.75,6.59798,202775,,-0.00534099,0.0414201,,1.04922,3.3055
3.99838,1.99566,,1009.22,48.2729,213880,,-0.00343206,0.0265312,,0.21878,-0.38895
3.99845,2.49535,,1009.27,77.3937,215024,,-0.00205788,-0.00124632,,-0.733471,7.66367
3.99856,2.99503,,1008.66,57.278,200545,,-0.0020347,-0.0716928,,-0.582666,9.44455
3.99854,3.49472,,1008.43,-2.66774,194970,,-0.00604079,-0.093253,,0.0153828,-0.960819
3.99854,3.99538,,1008.95,-28.9951,207515,,-0.0111643,-0.048213,,-0.357717,-1.26838
3.99862,4.49354,,1009.1,-4.52001,210960,,-0.0100192,-0.0266253,,-1.00909,19.3191
3.99865,4.99263,,1007.89,-11.037,182342,,-0.00181023,-0.0712143,,-0.0504867,32.7495
3.99857,5.49315,,1006.79,-85.7267,156283,,0.00195959,-0.0827016,,2.04623,18.7933
3.99853,5.99404,,1007.03,-125.565,161892,,-0.00236205,0.0190169,,2.72585,1.91574
3.99865,6.49336,,1007.45,-29.8229,171928,,-0.00107342,0.125611,,1.21505,7.53692
3.99877,6.99239,,1006.82,126.982,157149,,0.0126953,0.0957949,,-0.438962,18.4946
3.99878,7.49286,,1006.03,163.813,138471,,0.0241113,-0.0683359,,-0.604226,9.15151
3.99878,7.99311,,1006.17,39.4162,141879,,0.0167449,-0.168765,,-0.268484,-11.3887
3.99881,8.49306,,1007,-68.529,161319,,-0.00397129,-0.0862793,,-1.18002,-15.01
3.99886,8.9923,,1007.54,-27.9238,173922,,-0.0182122,0.0109958,,-3.0566,8.65142
3.9989,9.49062,,1006.79,53.7457,156448,,-0.016463,-0.0323185,,-3.55863,37.3836
3.99883,9.99028,,1005.19,10.0643,118911,,-0.00788292,-0.132542,,-1.10104,39.3374
3.99868,10.4913,,1004.34,-132.138,99256.2,,-0.00552095,-0.116627,,2.77763,13.8994
3.99862,10.9919,,1004.73,-175.233,108207,,-0.00923194,0.0461559,,4.69457,-8.03989
3.99872,11.4918,,1005.36,-15.2676,122956,,-0.00705259,0.177694,,3.10635,-4.93319
3.99887,11.991,,1005.27,205.649,120724,,0.00704585,0.103317,,-0.262955,12.0591
3.99899,12.4902,,1004.45,256.197,101715,,0.0222892,-0.119267,,-2.61956,16.6703
3.99903,12.9906,,1003.97,77.8692,90694.4,,0.0208223,-0.271,,-2.83823,2.22965
3.99899,13.491,,1004.46,-152.835,102099,,-0.00299617,-0.216418,,-1.97541,-9.04429
3.99897,13.9904,,1005.09,-220.302,116649,,-0.0338196,-0.0260063,,-1.57413,3.50993
3.99901,14.4894,,1004.78,-91.0378,109308,,-0.0487153,0.108389,,-1.7322,30.8014
3.99901,14.9887,,1003.44,75.4084,78343.4,,-0.0372582,0.0716482,,-1.13727,43.8831
3.99898,15.489,,1002.05,116.184,46467.5,,-0.00697613,-0.0533098,,1.13744,25.9329
3.99894,15.9901,,1001.78,33.119,40295.3,,0.0226586,-0.11685,,4.28723,-8.85324
3.99891,16.4907,,1002.73,-47.1475,62201.9,,0.0330666,-0.0842944,,6.12044,-28.5093
3.99898,16.9901,,1003.83,-34.8565,87307.2,,0.0206168,-0.022029,,4.72332,-15.3929
3.99914,17.4887,,1003.91,38.4191,89314.1,,-0.00501333,-0.015278,,0.163252,17.197
3.9994,17.9877,,1002.89,71.5659,65751.6,,-0.0282661,-0.0776671,,-5.10352,40.4857
3.99964,18.4875,,1001.54,16.265,34821.6,,-0.0349193,-0.12526,,-7.64154,37.8385
3.99951,18.988,,1000.71,-61.9738,16053.8,,-0.0250091,-0.0874323,,-5.46615,15.7495
3.99918,19.489,,1000.79,-64.4071,17754.3,,-0.00871543,0.00402072,,0.637638,-5.61434
3.99923,19.9887,,1001.3,15.3162,29523.4,,0.00874612,0.0376044,,7.74469,-10.1376
3.99967,20.4878,,1001.52,83.6099,34564.6,,0.0255227,-0.0334943,,12.5225,1.78198
3.9999,20.9867,,1001.18,54.9609,26725.8,,0.034198,-0.141891,,12.897,16.5031
3.99982,21.4864,,1000.53,-65.5479,11960.7,,0.0302363,-0.196103,,9.21744,21.4499
3.99969,21.9863,,1000.1,-180.391,2193.11,,0.0192994,-0.151338,,4.17353,15.6695
3.99932,22.4866,,999.926,-190.619,-1669.29,,0.00513822,-0.0200278,,0.634555,5.9385
3.99939,22.9859,,1000.12,-165.91,2752.6,,-0.00273283,0.113714,,-0.409803,3.05629
4.5,-1.5,,1010.33,0,240345,,0,0,,0,0
4.5,-1,,1010.12,0,235440,,0,0,,0,0
4.5,-0.5,,1009.92,0,230535,,0,0,,0,0
4.49808,-0.00838139,,1010.98,-10.9614,256124,,-0.0172592,-0.0535381,,-0.831565,13.2397
4.49817,0.500985,,1009.45,-42.5156,219404,,-0.0207819,0.010364,,-0.682474,21.7027
4.49805,0.99263,,1009.35,-31.1696,217041,,-0.0217135,0.026324,,0.210783,17.7529
4.49807,1.49802,,1008.75,5.09952,202779,,-0.0188675,0.0437535,,0.920425,3.25726
4.49816,1.99576,,1009.26,46.1379,214819,,-0.0182513,0.0271527,,0.631075,-1.29236
4.49828,2.4955,,1009.36,74.4569,217270,,-0.0181046,-9.70318e-05,,0.0620209,7.3321
4.49834,2.99505,,1008.73,55.8407,202314,,-0.0156752,-0.0710087,,0.327181,10.1517
4.49829,3.49469,,1008.42,-3.22744,194853,,-0.0126495,-0.0946621,,0.844741,-0.781594
4.49837,3.99551,,1008.96,-31.1711,207767,,-0.0137058,-0.0506062,,0.0754121,-2.45255
4.49857,4.49368,,1009.22,-4.72056,213826,,-0.0173067,-0.0237636,,-1.48368,18.6456
4.49865,4.99262,,1008.04,-2.63416,185749,,-0.0155599,-0.064852,,-1.62342,34.1041
4.49859,5.49308,,1006.84,-73.5011,157512,,-0.0130863,-0.0842826,,-0.0594159,20.4856
4.49858,5.99411,,1007.05,-122.554,162443,,-0.0201335,0.0114619,,0.96568,1.58577
4.49869,6.49351,,1007.58,-34.5896,174938,,-0.0281569,0.128376,,0.178921,5.78028
4.49877,6.99245,,1007.04,129.922,162191,,-0.0218111,0.110084,,-0.924818,17.7458
4.49878,7.49284,,1006.2,178.129,142568,,-0.00855092,-0.0626209,,-0.554919,9.98337
4.49876,7.9931,,1006.26,47.7751,143902,,-0.00832244,-0.182058,,0.729645,-10.8388
4.49876,8.49309,,1007.06,-80.5088,162750,,-0.0212749,-0.103881,,0.875487,-16.2064
4.49883,8.99238,,1007.65,-51.6085,176680,,-0.0300506,0.0071952,,-0.806817,6.8355
4.49893,9.49065,,1006.96,39.1629,160450,,-0.0245673,-0.0219086,,-2.45025,37.553
4.49895,9.99018,,1005.3,14.1308,121457,,-0.0110749,-0.121887,,-1.73619,42.2748
4.49885,10.4912,,1004.3,-119.944,98199.6,,-0.00409805,-0.117101,,1.09236,17.1288
4.49876,10.9919,,1004.6,-170.773,105243,,-0.0108524,0.0391546,,3.19438,-7.64561
4.49879,11.4919,,1005.31,-19.5663,121801,,-0.0212141,0.17843,,2.31419,-7.71527
4.4989,11.9911,,1005.37,205.827,123146,,-0.0202834,0.115424,,-0.800056,8.65309
4.499,12.4903,,1004.66,269.679,106514,,-0.00823115,-0.10892,,-3.32483,15.306
4.499,12.9906,,1004.16,95.2325,95141.6,,0.000862758,-0.277428,,-3.19426,3.33109
4.49888,13.4908,,1004.56,-152.05,104285,,-0.00450363,-0.239468,,-0.880542,-7.19886
4.49874,13.9903,,1005.11,-245.944,117168,,-0.0211411,-0.0481962,,1.38438,4.37142
4.49868,14.4894,,1004.79,-130.294,109748,,-0.0333666,0.105717,,1.98244,30.7302
4.49865,14.9887,,1003.46,49.1049,78952.5,,-0.0278263,0.0921792,,1.2616,44.2043
4.49863,15.489,,1002.04,123.417,46334.8,,-0.00539001,-0.0221409,,0.707607,27.4677
4.49859,15.99,,1001.69,72.7859,38434.2,,0.0196238,-0.0956375,,1.28872,-6.81041
4.49848,16.4906,,1002.58,2.11136,58633.9,,0.0292201,-0.0872419,,2.51676,-27.7785
4.49838,16.9901,,1003.67,-5.23741,83832.5,,0.015103,-0.0475955,,2.85297,-17.3898
4.49832,17.4888,,1003.88,30.0882,88559.2,,-0.0170912,-0.050602,,1.16297,12.9352
4.49826,17.9879,,1003.05,27.3772,69480.8,,-0.0524409,-0.103351,,-2.0975,36.3692
4.4983,18.4876,,1001.85,-42.3199,42001.7,,-0.0706032,-0.125677,,-5.08688,36.5818
4.4984,18.9878,,1000.99,-106.751,22293.9,,-0.0585227,-0.0661346,,-5.97294,18.3861
4.49823,19.4885,,1000.83,-76.7303,18767,,-0.0248249,0.0304819,,-4.29958,-0.423521
4.49777,19.9886,,1001.12,37.7832,25345.9,,0.0091915,0.0595833,,-1.27614,-5.1693
4.49755,20.4881,,1001.25,130.534,28396.1,,0.0320201,-0.0180162,,1.05084,3.97834
4.49783,20.9871,,1000.94,111.224,21316.8,,0.0435105,-0.135763,,1.15902,15.0029
4.49838,21.4867,,1000.4,-11.9096,9116.9,,0.0458159,-0.197639,,-0.828906,17.6989
4.499,21.9864,,1000.07,-135.857,1490.93,,0.0438552,-0.150706,,-3.23629,12.3043
4.4994,22.487,,999.89,-156.848,-2475.5,,0.037776,-0.0314005,,-4.2484,4.61203
4.49959,22.9867,,999.841,-129.988,-3578.77,,0.0270279,0.0790686,,-3.27094,-0.657421
5,-1.5,,1010.33,0,240345,,0,0,,0,0
5,-1,,1010.12,0,235440,,0,0,,0,0
5,-0.5,,1009.92,0,230535,,0,0,,0,0
4.99829,-0.00842423,,1011.01,-12.1091,256844,,-0.0142654,-0.05763,,-0.902015,12.93
4.99841,0.50093,,1009.49,-48.4883,220359,,-0.017595,0.00661248,,-0.818622,22.289
4.99835,0.992573,,1009.35,-38.5108,216934,,-0.0179705,0.028772,,0.139384,18.8796
4.99834,1.49806,,1008.7,-0.220359,201481,,-0.0133972,0.0464466,,1.12856,3.68344
4.99834,1.99581,,1009.21,41.5923,213534,,-0.0102002,0.0278446,,1.1353,-1.80191
4.99832,2.49555,,1009.33,71.0655,216533,,-0.00707594,0.0025961,,0.546818,7.01696
4.99832,2.99501,,1008.68,58.0136,200933,,-0.00057752,-0.0650763,,0.413203,10.5971
4.9983,3.49469,,1008.3,4.5222,192083,,0.00519664,-0.092201,,0.557451,-0.874424
4.99838,3.99566,,1008.89,-25.9181,206027,,0.000629198,-0.0577238,,-0.229842,-3.96876
4.99846,4.49379,,1009.27,-5.45849,215085,,-0.0111725,-0.029972,,-1.71734,17.3657
4.99845,4.99258,,1008.12,-1.85159,187850,,-0.0140016,-0.0615243,,-2.04162,34.8921
4.99838,5.49301,,1006.84,-69.4994,157592,,-0.00948881,-0.084744,,-0.498544,22.3576
4.99832,5.99412,,1006.99,-127.915,161039,,-0.0143878,4.10485e-06,,1.30189,2.23905
4.99831,6.49357,,1007.55,-53.3839,174339,,-0.0243451,0.124047,,1.67221,4.95201
4.99834,6.99249,,1007.06,113.633,162630,,-0.0197934,0.123409,,1.04658,17.3107
4.99837,7.49283,,1006.18,177.025,141982,,-0.00242355,-0.049637,,1.08038,10.9942
4.99836,7.99307,,1006.13,52.5351,140898,,0.00746692,-0.185255,,2.05543,-9.75065
4.99836,8.49313,,1006.89,-85.0696,158638,,0.00291949,-0.114595,,2.29447,-16.9959
4.99846,8.99251,,1007.55,-63.8939,174365,,-0.00520894,0.00437621,,0.497275,4.41276
4.99861,9.49076,,1006.99,34.2936,161134,,-0.00625176,-0.0133423,,-2.1396,36.0437
4.99869,9.99017,,1005.36,26.0084,122996,,-0.000308205,-0.111619,,-3.03092,43.5368
4.99865,10.4911,,1004.27,-100.816,97650.1,,0.00183745,-0.119065,,-1.24152,19.9294
4.99856,10.9919,,1004.48,-164.76,102475,,-0.00927518,0.0243231,,1.33996,-6.30889
4.99855,11.492,,1005.22,-34.8459,119541,,-0.0261105,0.167599,,2.09695,-9.26814
4.99865,11.9912,,1005.4,182.55,123779,,-0.0307686,0.121603,,0.486798,5.80889
4.99878,12.4904,,1004.79,258.386,109562,,-0.0167891,-0.091679,,-1.49155,14.0272
4.99883,12.9905,,1004.27,102.652,97628.1,,0.00515099,-0.265153,,-1.50009,4.87292
4.99878,13.4907,,1004.52,-137.733,103462,,0.0182491,-0.242745,,0.720647,-4.28509
4.9987,13.9902,,1004.94,-241.612,113190,,0.0131124,-0.0626339,,3.14647,6.10254
4.9987,14.4894,,1004.6,-140.416,105206,,-0.00382314,0.09577,,3.51916,30.1014
4.9988,14.9887,,1003.34,36.4316,76145,,-0.0165416,0.0978551,,1.42525,42.2026
4.99893,15.489,,1002.02,125.187,45802.2,,-0.0151329,-0.00373032,,-1.51221,26.0187
4.99904,15.99,,1001.72,95.5071,38967,,-0.00239937,-0.0780537,,-3.12041,-6.56849
4.99906,16.4905,,1002.56,34.8886,58302.5,,0.0104034,-0.0845675,,-2.4069,-26.3892
4.99901,16.99,,1003.59,15.9772,81966.6,,0.0124248,-0.063911,,-0.206183,-16.483
4.999,17.4887,,1003.77,21.3558,86128.8,,0.00143445,-0.0785674,,1.6867,12.1793
4.99901,17.9878,,1002.98,-14.3317,67938.2,,-0.0160996,-0.128623,,1.92427,34.1347
4.99901,18.4877,,1001.89,-100.218,42919.1,,-0.0297038,-0.131333,,0.239418,34.056
4.9992,18.9881,,1001.17,-152.036,26477.5,,-0.0279251,-0.0440201,,-2.69976,16.7849
4.99963,19.4886,,1001.08,-85.5708,24520.4,,-0.00580425,0.0689841,,-5.78734,-0.658486
4.99994,19.9883,,1001.32,71.8903,29820.7,,0.0275587,0.0944671,,-8.13445,-4.63312
4.99994,20.4879,,1001.36,197.925,30753.7,,0.056727,0.00235635,,-9.51055,4.181
4.99975,20.9872,,1001.02,194.559,23113.6,,0.0716798,-0.13081,,-10.2019,14.2465
4.99965,21.4871,,1000.55,72.3278,12339.3,,0.0718035,-0.20233,,-10.4536,16.4484
4.99974,21.9872,,1000.28,-60.9612,6295.47,,0.0613469,-0.164799,,-10.1578,11.8994
4.9998,22.4871,,1000.15,-98.2545,3319.78,,0.0431491,-0.0515616,,-8.90103,7.253
4.9999,22.9865,,1000.2,-61.678,4491.12,,0.0249073,0.00810644,,-6.36535,7.52804
5.5,-1.5,,1010.33,0,240345,,0,0,,0,0
5.5,-1,,1010.12,0,235440,,0,0,,0,0
5.5,-0.5,,1009.92,0,230535,,0,0,,0,0
5.49851,-0.00835398,,1011.04,-11.4512,257489,,-0.012807,-0.0606532,,-0.802796,12.6098
5.49863,0.500963,,1009.53,-52.1511,221376,,-0.0166046,0.00354391,,-0.71934,22.8561
5.49856,0.992536,,1009.35,-42.3372,216921,,-0.0165801,0.0330888,,0.187465,20.062
5.49855,1.49805,,1008.64,1.0031,200161,,-0.00930769,0.0527747,,1.10296,4.21955
5.49858,1.9958,,1009.15,46.5027,212101,,-0.00313112,0.0319307,,0.96258,-2.38017
5.49868,2.49561,,1009.31,77.6069,216081,,-2.35677e-05,0.00706924,,0.026572,6.28311
5.49883,2.99507,,1008.68,68.6946,201106,,0.0029802,-0.0589969,,-0.544949,10.5671
5.49889,3.49473,,1008.29,18.4634,191877,,0.004663,-0.0921861,,-0.462706,-0.940452
5.49892,3.99571,,1008.9,-19.2641,206162,,-0.00235867,-0.0699194,,-0.680669,-4.98127
5.49895,4.49381,,1009.33,-11.8025,216561,,-0.0153137,-0.0402787,,-1.50991,16.3647
5.49899,4.99257,,1008.2,-10.3837,189606,,-0.0179945,-0.0570601,,-1.7764,35.5276
5.499,5.49296,,1006.84,-70.8615,157638,,-0.00985858,-0.0799766,,-0.481892,24.4295
5.49894,5.99404,,1006.89,-131.529,158690,,-0.00812437,-0.00756387,,1.57409,3.81777
5.49889,6.49358,,1007.42,-67.7843,171078,,-0.0141135,0.119703,,2.5182,4.81109
5.49897,6.99257,,1006.96,101.112,160336,,-0.0106023,0.136918,,1.72317,16.4345
5.49908,7.49286,,1006.11,183.421,140322,,0.00691607,-0.0308122,,0.609377,11.0039
5.49911,7.99305,,1006.02,74.8843,138200,,0.0222086,-0.179706,,0.518043,-9.11948
5.49912,8.49318,,1006.74,-64.3362,155207,,0.0217186,-0.12287,,0.700276,-17.5844
5.49919,8.99263,,1007.49,-54.5652,172740,,0.00846228,-0.00609228,,-0.446452,1.99872
5.49928,9.49087,,1007.06,37.585,162811,,-0.00512009,-0.0168103,,-2.77171,33.7183
5.49933,9.99019,,1005.51,32.6821,126462,,-0.0106229,-0.109762,,-4.18648,43.6423
5.49929,10.491,,1004.37,-92.099,99875.5,,-0.0113792,-0.122959,,-3.00974,22.5008
5.49917,10.9918,,1004.45,-167.223,101852,,-0.0161834,0.0105254,,0.0802143,-3.63783
5.49906,11.492,,1005.12,-56.2736,117387,,-0.0247271,0.15636,,2.63876,-8.77083
5.49905,11.9913,,1005.35,153.122,122678,,-0.0261788,0.127019,,2.89227,4.25715
5.49912,12.4905,,1004.82,242.957,110307,,-0.0128298,-0.0703044,,1.39945,12.6072
5.49917,12.9905,,1004.31,115.387,98459.1,,0.0105095,-0.241958,,0.153487,5.36129
5.49917,13.4907,,1004.47,-103.554,102113,,0.0286729,-0.234841,,0.364314,-2.3481
5.49911,13.9902,,1004.78,-209.139,109396,,0.0265706,-0.0767139,,1.33269,7.35477
5.49907,14.4894,,1004.43,-130.585,101273,,0.00288473,0.0707934,,1.33282,29.0187
5.49912,14.9888,,1003.29,20.1676,75052.8,,-0.0274398,0.0799533,,-0.556784,39.1723
5.49921,15.4892,,1002.15,96.5103,48828.3,,-0.0465353,-0.00510799,,-3.44541,23.1146
5.49928,15.9901,,1001.97,73.1781,44775.5,,-0.045348,-0.0653069,,-5.31367,-7.28548
5.49927,16.4905,,1002.81,29.7597,63863.3,,-0.0264487,-0.068228,,-4.6267,-24.4216
5.49915,16.99,,1003.72,25.5259,84878.8,,-0.00218256,-0.0551986,,-1.45506,-13.1205
5.49903,17.4887,,1003.78,34.0751,86159.2,,0.0143334,-0.0806715,,2.66829,14.9633
5.49899,17.9878,,1002.91,-9.17817,66238.9,,0.0185694,-0.137327,,5.79385,34.8888
5.49898,18.4877,,1001.82,-105.094,41333.2,,0.0119412,-0.140617,,6.51725,32.3476
5.49894,18.9883,,1001.24,-160.4,27978.1,,-0.00306217,-0.0468322,,4.47253,13.2127
5.49903,19.489,,1001.41,-86.9927,31846.1,,-0.0202812,0.0774502,,0.466066,-4.77432
5.49937,19.9888,,1001.9,84.9382,43026.8,,-0.0303975,0.111807,,-3.9042,-7.94888
5.49982,20.4881,,1002.08,227.207,47291.2,,-0.027955,0.0209614,,-7.0714,2.37965
5.50015,20.9872,,1001.76,236.681,39808.3,,-0.0156194,-0.11871,,-8.17385,13.9839
5.50023,21.487,,1001.22,120.244,27519.1,,-0.00159615,-0.200182,,-7.32579,17.3319
5.50014,21.9866,,1000.85,-16.2941,19200.6,,0.00714763,-0.177287,,-5.37451,13.9855
5.49994,22.4871,,1000.57,-63.3239,12900.3,,0.00703791,-0.0758937,,-3.3037,11.9933
5.49987,22.9863,,1000.7,-60.9659,15815.5,,0.000160889,0.0193919,,-1.68975,17.8919
6,-1.5,,1010.33,0,240345,,0,0,,0,0
6,-1,,1010.12,0,235440,,0,0,,0,0
6,-0.5,,1009.92,0,230535,,0,0,,0,0
5.99857,-0.00836186,,1011.06,-9.79754,257894,,-0.0117865,-0.0647813,,-0.758314,12.3151
5.99863,0.500922,,1009.56,-55.364,221996,,-0.0169572,-0.000921038,,-0.702176,23.3719
5.99854,0.99248,,1009.34,-46.2313,216692,,-0.0188367,0.0370272,,0.126034,21.1369
5.99855,1.49808,,1008.6,2.50072,199176,,-0.0137538,0.0596421,,1.00228,4.66514
5.99861,1.99588,,1009.13,51.2027,211793,,-0.0105269,0.034305,,0.971047,-3.04901
5.99868,2.49576,,1009.38,80.4355,217603,,-0.0124541,0.00634467,,0.243168,5.39404
5.99873,2.99514,,1008.8,71.0952,203829,,-0.013571,-0.0576486,,-0.143961,10.4767
5.99869,3.49472,,1008.38,22.8633,193964,,-0.0100671,-0.0920584,,0.174781,-0.631083
5.99867,3.99572,,1008.95,-19.9568,207344,,-0.00997804,-0.0791253,,0.379796,-5.31241
5.99871,4.49386,,1009.4,-23.9937,218086,,-0.0182068,-0.0498232,,-0.173425,15.603
5.99878,4.99264,,1008.3,-24.42,191903,,-0.0220811,-0.0529638,,-0.84691,35.6533
5.99881,5.49294,,1006.92,-73.8778,159384,,-0.014764,-0.071274,,-0.458679,26.0021
5.99875,5.99396,,1006.87,-129.261,158207,,-0.00968082,-0.00965148,,1.02868,5.53711
5.9987,6.4936,,1007.34,-72.9932,169221,,-0.0154334,0.114157,,2.00989,4.8431
5.99878,6.99271,,1006.95,93.5924,160111,,-0.0195069,0.144644,,1.14848,14.8782
5.99892,7.49297,,1006.21,190.644,142703,,-0.00942921,-0.0126733,,-0.608556,9.84349
5.99898,7.99307,,1006.14,100.28,141098,,0.00579525,-0.169849,,-1.23625,-8.90079
5.99897,8.49318,,1006.82,-37.8859,157160,,0.00782002,-0.131369,,-0.51147,-17.3361
5.99896,8.99268,,1007.57,-45.7979,174830,,-0.00769996,-0.0250939,,-0.17805,0.782491
5.99899,9.49093,,1007.22,26.2686,166581,,-0.0278056,-0.0310562,,-1.33929,31.7307
5.99903,9.99021,,1005.74,13.8038,131691,,-0.037173,-0.111932,,-2.83733,43.106
5.99905,10.4909,,1004.56,-106.292,104413,,-0.0318983,-0.118994,,-2.52826,24.624
5.99897,10.9916,,1004.52,-176.707,103294,,-0.0207196,0.0116534,,0.224322,-0.131617
5.99884,11.4919,,1005.04,-68.0217,115533,,-0.0139716,0.155005,,3.63041,-6.50738
5.99879,11.9913,,1005.23,138.877,119834,,-0.0124405,0.131379,,5.10864,3.85303
5.99885,12.4905,,1004.75,236.839,108764,,-0.00838839,-0.055299,,3.70265,10.4791
5.99897,12.9906,,1004.31,129.63,98605.9,,0.00330021,-0.222001,,0.706127,3.52798
5.99907,13.4907,,1004.5,-69.4483,102846,,0.0170544,-0.224499,,-1.77234,-2.80983
5.99911,13.9901,,1004.79,-173.357,109565,,0.0202873,-0.0877156,,-2.59469,7.6563
5.99906,14.4894,,1004.42,-117.256,101101,,0.00569451,0.0423002,,-2.21323,28.7154
5.99902,14.9888,,1003.34,-0.987909,76127,,-0.0204283,0.0509573,,-1.83852,37.7048
5.99901,15.4892,,1002.3,49.5033,52264.1,,-0.0423909,-0.0181033,,-2.08277,21.3793
5.99899,15.9901,,1002.19,24.5129,49830.7,,-0.0457508,-0.0549849,,-2.47638,-7.74291
5.99897,16.4904,,1003,5.03797,68218.6,,-0.0257382,-0.0396865,,-2.08123,-22.6962
5.9989,16.9898,,1003.76,37.2756,85871.5,,0.00865206,-0.0242988,,-0.341015,-9.61208
5.99874,17.4885,,1003.62,76.2534,82455.8,,0.0391811,-0.0624832,,2.47058,18.8251
5.99857,17.9877,,1002.58,44.5795,58559,,0.0514282,-0.13671,,5.35079,37.476
5.99851,18.4877,,1001.39,-61.6233,31460.2,,0.0416749,-0.156222,,7.14168,32.6122
5.99849,18.9882,,1000.79,-144.786,17821.4,,0.0128879,-0.0752117,,7.20401,11.1374
5.99838,19.4889,,1001.03,-107.346,23371.5,,-0.02783,0.0450514,,5.75022,-8.18929
5.99822,19.9888,,1001.67,33.4648,37862.8,,-0.0680602,0.0884785,,3.71465,-11.1718
5.99814,20.4884,,1002.01,160.129,45689.7,,-0.0933548,0.0157819,,2.27984,0.690358
5.99823,20.9874,,1001.78,172.585,40295.3,,-0.0955977,-0.106626,,2.31353,14.3429
5.99847,21.4872,,1001.22,71.8372,27717.5,,-0.0777462,-0.179798,,3.87332,19.2382
5.99881,21.987,,1000.77,-46.8022,17412.9,,-0.0505957,-0.153753,,6.07501,16.0821
5.99918,22.4871,,1000.49,-81.7563,11114.3,,-0.0261034,-0.0667827,,7.3058,12.6282
5.99946,22.9868,,1000.42,-88.366,9593,,-0.00938768,0.049057,,6.23374,13.0397
6.5,-1.5,,1010.33,0,240345,,0,0,,0,0
6.5,-1,,1010.12,0,235440,,0,0,,0,0
6.5,-0.5,,1009.92,0,230535,,0,0,,0,0
6.49884,-0.0083488,,1011.08,-9.33753,258401,,-0.0121809,-0.0698689,,-0.868922,11.9872
6.49895,0.500912,,1009.6,-62.2373,222826,,-0.0197955,-0.00769662,,-0.858473,23.8409
6.49889,0.992438,,1009.34,-56.6941,216770,,-0.0245581,0.0381187,,-0.0117216,22.2222
6.49887,1.4981,,1008.57,-4.50042,198381,,-0.0209748,0.0645038,,1.05738,5.31777
6.49884,1.99588,,1009.1,46.5146,210960,,-0.0166199,0.0351651,,1.46358,-3.28864
6.4988,2.49576,,1009.36,72.9702,217177,,-0.0150534,0.00513943,,1.25483,4.91045
6.49879,2.99511,,1008.77,63.9344,203200,,-0.0105062,-0.0526348,,1.0655,10.53
6.49878,3.49469,,1008.3,23.4404,192089,,0.00134135,-0.0829769,,1.14791,-0.297889
6.49883,3.99575,,1008.83,-15.0902,204564,,0.0103738,-0.0797118,,1.04339,-5.55225
6.49889,4.49391,,1009.3,-24.9244,215790,,0.0063508,-0.0581565,,0.307279,14.6646
6.49893,4.99269,,1008.25,-28.3697,190913,,-0.000114773,-0.0525527,,-0.807009,34.9575
6.49898,5.49294,,1006.9,-69.1372,159007,,0.00297923,-0.0632367,,-1.36507,26.5472
6.49897,5.9939,,1006.8,-118.106,156628,,0.00666904,-0.0106202,,-0.684778,6.89462
6.49891,6.49357,,1007.21,-70.2924,166224,,-0.00118055,0.103398,,0.443275,5.23078
6.49891,6.9928,,1006.87,85.4788,158187,,-0.0126001,0.141966,,0.447528,13.5681
6.49898,7.49307,,1006.24,186.993,143482,,-0.011267,-0.000215581,,-0.666663,8.49501
6.49904,7.99307,,1006.21,111.745,142689,,0.00157286,-0.157884,,-1.0865,-8.54571
6.49898,8.49313,,1006.81,-21.902,156824,,0.00860883,-0.136218,,0.100467,-15.9904
6.49891,8.99266,,1007.48,-45.3636,172502,,2.30705e-05,-0.0438471,,1.44655,1.00689
6.49892,9.49097,,1007.14,4.54457,164482,,-0.0157385,-0.0469273,,1.10593,30.2698
6.499,9.99028,,1005.72,-16.3952,131410,,-0.02274,-0.111809,,-0.646735,41.7737
6.49909,10.4909,,1004.59,-124.098,104969,,-0.0132923,-0.104607,,-1.64083,25.5263
6.49908,10.9916,,1004.46,-173.748,101969,,0.00465705,0.0265632,,-0.277843,2.96285
6.49899,11.4918,,1004.84,-54.2426,110835,,0.0148378,0.158962,,2.6427,-3.57879
6.49893,11.9913,,1004.95,148.226,113373,,0.00942419,0.126697,,4.57388,4.15437
6.49899,12.4907,,1004.54,237.03,103817,,-0.00325126,-0.0572088,,3.59014,7.80955
6.49916,12.9908,,1004.26,129.365,97443.6,,-0.00932843,-0.21484,,0.0796122,-0.24583
6.49935,13.4908,,1004.61,-59.4906,105373,,-0.00341669,-0.213874,,-3.65115,-5.30975
6.49946,13.9901,,1004.96,-153.78,113630,,0.0083197,-0.0851589,,-5.21279,7.55286
6.49945,14.4893,,1004.56,-101.106,104304,,0.014477,0.030746,,-3.82319,30.3351
6.49936,14.9888,,1003.41,-2.61062,77646.3,,0.00818478,0.0311573,,-0.641177,39.5232
6.49928,15.4892,,1002.32,27.222,52718.1,,-0.00626255,-0.0324359,,2.33729,22.3609
6.49925,15.9901,,1002.2,-5.24137,50072.3,,-0.0169911,-0.0520346,,3.64208,-7.64319
6.49931,16.4905,,1003.02,-10.2398,68695,,-0.0144425,-0.0175326,,2.97671,-22.8549
6.49945,16.9898,,1003.77,52.8053,86134.9,,0.00187748,0.00635689,,1.14015,-9.30374
6.49957,17.4885,,1003.56,122.636,81206.2,,0.0228575,-0.0404832,,-0.573415,19.8694
6.49959,17.9877,,1002.42,105.204,54998.3,,0.0349217,-0.135381,,-1.24156,38.8707
6.49958,18.4877,,1001.16,-12.7664,26195.9,,0.0282244,-0.177266,,-0.763325,33.6854
6.49963,18.9882,,1000.53,-132.971,11927.8,,0.00248165,-0.112344,,0.421289,11.5002
6.49975,19.4889,,1000.76,-147.461,17171.1,,-0.0333922,0.00301635,,1.82993,-8.39578
6.49984,19.9888,,1001.37,-56.1063,31021.7,,-0.0664224,0.0552369,,3.19667,-11.4146
6.49982,20.4883,,1001.67,40.6121,37786.8,,-0.0855047,0.00234908,,4.52206,1.05582
6.49969,20.9874,,1001.36,50.4987,30880.9,,-0.0856958,-0.0982471,,5.94774,15.6531
6.49955,21.4873,,1000.72,-29.2672,16315.1,,-0.069751,-0.155998,,7.44442,21.1493
6.49944,21.9872,,1000.19,-116.004,4270.47,,-0.0456536,-0.128216,,8.6056,17.0413
6.49939,22.4876,,999.888,-126.74,-2526.98,,-0.0225514,-0.02823,,8.54111,8.32232
6.49956,22.9875,,999.815,-85.9683,-4172.24,,-0.00498577,0.0283295,,6.42193,0.46598
7,-1.5,,1010.33,0,240345,,0,0,,0,0
7,-1,,1010.12,0,235440,,0,0,,0,0
7,-0.5,,1009.92,0,230535,,0,0,,0,0
6.99894,-0.00831483,,1011.11,-8.47582,259223,,-0.00975806,-0.0758296,,-0.866323,11.6309
6.99898,0.5009,,1009.65,-68.9993,224043,,-0.0164066,-0.0159266,,-0.846343,24.3078
6.99889,0.992375,,1009.36,-67.607,217116,,-0.0200924,0.0386247,,-0.00281621,23.3699
6.99886,1.49807,,1008.53,-11.3316,197522,,-0.0145083,0.0711955,,1.08077,6.19187
6.99886,1.99586,,1009.04,44.2487,209501,,-0.00712849,0.0399637,,1.5864,-3.16631
6.9989,2.49579,,1009.29,70.1217,215631,,-0.00385331,0.00780997,,1.45474,4.61803
6.99899,2.99516,,1008.71,62.7423,201788,,-0.00099778,-0.0444959,,1.03444,10.2806
6.99909,3.49476,,1008.25,32.5126,190855,,0.00724202,-0.0703785,,0.538247,-0.538086
6.99918,3.99583,,1008.8,2.61022,203810,,0.0141076,-0.0771394,,-0.0273197,-6.0871
6.99923,4.49395,,1009.3,-11.4952,215714,,0.00883702,-0.0675123,,-0.714204,13.6929
6.99926,4.99274,,1008.3,-23.182,191889,,-0.00215946,-0.0578582,,-1.6562,33.8607
6.99934,5.49301,,1007,-62.9644,161399,,-0.00626161,-0.060034,,-2.54024,26.2562
6.9994,5.99388,,1006.91,-108.152,159149,,-0.00567205,-0.0121747,,-2.35319,7.94353
6.99934,6.4935,,1007.25,-67.7126,167120,,-0.0106425,0.0917797,,-0.847346,6.49995
6.99926,6.9928,,1006.87,74.0739,158265,,-0.0205255,0.133568,,0.551213,13.5781
6.99929,7.49315,,1006.3,171.961,144769,,-0.0236304,0.00611288,,0.652258,7.76152
6.99934,7.99308,,1006.29,107.807,144600,,-0.0142085,-0.144358,,0.284147,-8.26327
6.99932,8.49305,,1006.81,-14.639,156766,,-0.000957457,-0.131334,,0.793712,-14.5475
6.99927,8.99262,,1007.37,-40.6678,169926,,0.00402354,-0.0518755,,1.79111,1.7679
6.9993,9.49104,,1007.02,-2.86759,161868,,-0.000697128,-0.0572322,,1.69446,29.0976
6.9994,9.99039,,1005.72,-29.2461,131190,,-0.00570307,-0.111329,,0.0235284,39.7461
6.99948,10.491,,1004.67,-125.692,106921,,-0.0024943,-0.0916132,,-1.86541,24.8544
6.9995,10.9915,,1004.53,-155.825,103634,,0.00630439,0.0396247,,-2.21336,4.58735
6.99943,11.4917,,1004.81,-27.6432,110006,,0.00918376,0.157943,,-0.659341,-1.02428
6.99933,11.9913,,1004.82,162.927,110383,,-0.0012144,0.11134,,1.3258,5.1874
6.99928,12.4907,,1004.44,228.289,101414,,-0.0191837,-0.0734386,,1.75811,6.04658
6.99934,12.9909,,1004.3,104.515,98378.8,,-0.03136,-0.218735,,-0.0100807,-3.75908
6.99943,13.4909,,1004.81,-80.7118,110112,,-0.0281138,-0.202796,,-2.65835,-8.06593
6.99947,13.9902,,1005.23,-155.347,119877,,-0.0102518,-0.0677148,,-3.95741,7.59687
6.99941,14.4892,,1004.74,-82.4208,108484,,0.0109294,0.0408769,,-2.51281,33.2993
6.99924,14.9886,,1003.39,22.4036,77350.7,,0.0208049,0.0262545,,1.1762,43.6558
6.99904,15.4891,,1002.12,41.6119,48135.2,,0.0128563,-0.0477578,,5.06669,25.3392
6.99891,15.9901,,1001.92,-8.99934,43573.2,,-0.00728776,-0.0664189,,6.90572,-7.33969
6.99891,16.4906,,1002.79,-26.3804,63591.9,,-0.0283255,-0.0221484,,5.52534,-25.2647
6.99905,16.99,,1003.73,37.5273,85130.3,,-0.040029,0.0138404,,1.43135,-13.0818
6.99928,17.4887,,1003.72,119.926,84847.8,,-0.036339,-0.0257615,,-3.51701,16.5982
6.9995,17.9877,,1002.71,118.377,61600.4,,-0.0188949,-0.123878,,-7.1903,37.405
6.99957,18.4876,,1001.48,8.60035,33453,,0.00231234,-0.178627,,-8.29834,34.2576
6.99949,18.9882,,1000.81,-118.476,18415.8,,0.0160187,-0.127916,,-6.80704,13.5383
6.99937,19.489,,1000.99,-153.233,22460.4,,0.0182103,-0.0190774,,-3.63796,-5.76318
6.99933,19.9888,,1001.55,-85.8412,35084.5,,0.0130821,0.0374063,,-0.119373,-8.95995
6.99941,20.4883,,1001.79,-5.66111,40618.6,,0.00749379,-0.00385588,,2.59669,2.90043
6.99956,20.9874,,1001.42,1.2991,32289.8,,0.00569631,-0.0918876,,3.92636,16.806
6.99972,21.4872,,1000.72,-69.0622,16174.4,,0.00730527,-0.141907,,3.88714,21.6085
6.99986,21.987,,1000.12,-141.179,2683.37,,0.00920908,-0.110398,,2.82972,16.6803
6.99995,22.488,,999.736,-140.832,-5948.39,,0.00801986,-0.0172955,,1.33626,6.08182
6.99997,22.9877,,999.745,-89.6205,-5753.23,,0.00228451,0.027317,,0.177805,-2.62518
7.5,-1.5,,1010.33,0,240345,,0,0,,0,0
7.5,-1,,1010.12,0,235440,,0,0,,0,0
7.5,-0.5,,1009.92,0,230535,,0,0,,0,0
7.49909,-0.00832499,,1011.13,-4.6569,259607,,-0.00492777,-0.0793853,,-0.900823,11.2751
7.49914,0.500853,,1009.67,-70.4365,224521,,-0.00925202,-0.0218057,,-0.933923,24.7395
7.49907,0.992314,,1009.34,-71.788,216712,,-0.0118579,0.0403583,,-0.209554,24.4182
7.49907,1.49808,,1008.48,-10.5075,196315,,-0.00711774,0.0788506,,0.708647,6.97972
7.4991,1.99589,,1008.99,50.2699,208368,,-0.00175748,0.0443246,,1.12811,-3.04056
7.49912,2.49585,,1009.27,74.1869,215072,,-0.00233078,0.00667814,,1.05521,4.29641
7.49914,2.99522,,1008.72,63.7957,201983,,-0.00547305,-0.0431955,,0.689938,9.74686
7.49915,3.49483,,1008.3,38.3557,191895,,-0.00306249,-0.0634545,,0.098059,-1.1744
7.49919,3.99588,,1008.87,14.6889,205558,,0.00198405,-0.0761024,,-0.494259,-6.63463
7.49919,4.49394,,1009.37,-4.32183,217394,,-0.00173673,-0.0781372,,-0.81159,13.1764
7.49917,4.99278,,1008.36,-28.2674,193487,,-0.013567,-0.0688601,,-1.19854,33.0264
7.4992,5.49309,,1007.12,-73.2634,164159,,-0.0216686,-0.0621883,,-1.96007,25.6297
7.49923,5.99387,,1007.06,-114.474,162605,,-0.0203727,-0.0107696,,-2.11527,8.77445
7.49916,6.49339,,1007.31,-72.8154,168685,,-0.0164189,0.0880214,,-0.588297,8.57745
7.49905,6.99274,,1006.83,61.6404,157258,,-0.0183559,0.126643,,1.66181,14.9734
7.49902,7.49319,,1006.24,152.816,143471,,-0.0234194,0.00657171,,2.56929,7.53829
7.49908,7.99312,,1006.28,94.0221,144470,,-0.0203422,-0.132321,,1.75687,-8.87519
7.49914,8.49304,,1006.8,-12.9489,156674,,-0.00584581,-0.116704,,0.777755,-14.315
7.49917,8.99262,,1007.32,-26.9314,168822,,0.00942218,-0.0462388,,0.761219,2.27764
7.4992,9.4911,,1006.98,10.9467,160737,,0.013462,-0.0616238,,1.09063,28.5574
7.49924,9.99047,,1005.74,-22.298,131702,,0.00585522,-0.117136,,0.519003,37.9782
7.49931,10.4911,,1004.79,-121.993,109608,,-0.0047138,-0.0922432,,-1.18174,23.13
7.49937,10.9915,,1004.7,-149.111,107459,,-0.0108872,0.041527,,-2.84678,4.36838
7.49939,11.4916,,1004.94,-19.5137,113016,,-0.0121825,0.155008,,-3.013,0.475423
7.49933,11.9912,,1004.86,162.977,111321,,-0.0128692,0.10102,,-1.38131,7.06275
7.49925,12.4907,,1004.42,212.51,100976,,-0.0159741,-0.0851641,,0.815451,6.62441
7.49922,12.991,,1004.3,76.167,98393.5,,-0.0190744,-0.222247,,1.96974,-4.90928
7.49924,13.491,,1004.87,-106.738,111604,,-0.0163668,-0.192493,,1.49819,-9.77329
7.49929,13.9902,,1005.32,-162.258,122057,,-0.00493156,-0.0473059,,0.177048,7.07004
7.49932,14.4892,,1004.77,-64.0921,109150,,0.0108736,0.0589744,,-0.647789,34.8375
7.49929,14.9885,,1003.26,55.8254,74345.6,,0.0210261,0.0294866,,-0.192177,46.5659
7.49921,15.4889,,1001.81,69.2256,41072.5,,0.0169462,-0.0624282,,1.13493,27.8025
7.49915,15.99,,1001.52,-6.68889,34436.6,,-0.00218564,-0.0918123,,2.08542,-7.05864
7.49916,16.4906,,1002.45,-56.8961,55728.5,,-0.0290255,-0.0466572,,1.55608,-27.7361
7.49923,16.9902,,1003.58,-17.6543,81625.7,,-0.0516232,0.00202974,,-0.629238,-17.3817
7.49935,17.4889,,1003.82,60.6842,87115.5,,-0.0579534,-0.0170196,,-3.64421,12.3362
7.49952,17.9879,,1003.01,79.1799,68608.1,,-0.0413659,-0.0961858,,-6.18517,34.9342
7.49966,18.4877,,1001.86,6.29074,42109,,-0.00473737,-0.143077,,-7.1504,34.3991
7.4997,18.9881,,1001.11,-80.5823,25149.2,,0.0408161,-0.0972804,,-6.14661,15.981
7.4996,19.4888,,1001.11,-83.3684,25032.8,,0.0821485,-0.000224848,,-3.63038,-2.17925
7.49942,19.9887,,1001.48,2.84056,33536.6,,0.109624,0.0442193,,-0.682631,-5.67804
7.49929,20.4884,,1001.63,89.0975,36865.1,,0.11961,-0.00602177,,1.50675,4.78319
7.4993,20.9876,,1001.28,92.2819,29007.7,,0.113557,-0.0996819,,2.18208,16.9274
7.49947,21.4875,,1000.69,11.2864,15517,,0.096285,-0.153422,,1.32971,20.3126
7.49974,21.9874,,1000.24,-76.4298,5495.95,,0.0726963,-0.126074,,-0.485252,14.8134
7.49998,22.4876,,1000.09,-93.6494,1972.21,,0.0463025,-0.0435449,,-2.21029,6.84711
7.50006,22.9875,,1000.1,-90.192,2178.92,,0.0223815,0.0508274,,-2.64139,2.8708
8,-1.5,,1010.33,0,240345,,0,0,,0,0
8,-1,,1010.12,0,235440,,0,0,,0,0
8,-0.5,,1009.92,0,230535,,0,0,,0,0
7.99929,-0.00829702,,1011.16,-0.991478,260383,,-0.00758189,-0.0828322,,-0.93901,10.8794
7.99935,0.500846,,1009.72,-72.151,225706,,-0.0144401,-0.0281904,,-0.987181,25.0961
7.9993,0.992272,,1009.36,-77.2391,217307,,-0.0197875,0.0402461,,-0.300562,25.3488
7.99927,1.49809,,1008.48,-12.6377,196335,,-0.0174978,0.0842499,,0.574534,7.67804
7.99925,1.99588,,1008.99,52.1945,208417,,-0.0125412,0.0472248,,1.04763,-2.83126
7.99922,2.49584,,1009.27,73.321,215085,,-0.0106333,0.0044284,,1.22139,4.2271
7.99921,2.99521,,1008.71,57.9195,201728,,-0.0101547,-0.0432786,,1.19027,9.4047
7.99922,3.49486,,1008.29,34.8761,191717,,-0.00453928,-0.0564301,,0.767012,-1.79976
7.9993,3.99593,,1008.88,18.1127,205806,,0.00450342,-0.0714081,,0.126727,-7.09611
7.99934,4.49393,,1009.36,-1.80055,217196,,0.00661232,-0.0844393,,-0.189048,13.0449
7.99932,4.99276,,1008.31,-35.4604,192342,,-0.000389149,-0.0794999,,-0.378156,32.5474
7.99933,5.49313,,1007.09,-86.3549,163532,,-0.00723729,-0.065228,,-1.1069,24.806
7.99939,5.99387,,1007.08,-121.458,163091,,-0.00527313,-0.00445931,,-1.77725,9.06812
7.99939,6.49329,,1007.28,-69.8442,167986,,0.00257289,0.0933226,,-0.943099,10.6307
7.99929,6.99264,,1006.67,65.0495,153554,,0.00451889,0.122609,,1.17141,16.997
7.99922,7.4932,,1006.03,147.002,138545,,-0.00328119,0.000425314,,2.39993,7.53139
7.99928,7.99323,,1006.15,84.176,141434,,-0.00861046,-0.126893,,1.46462,-10.4611
7.99941,8.49312,,1006.78,-11.0071,156159,,0.000324509,-0.0996104,,-0.319307,-15.3946
7.99948,8.99264,,1007.32,-6.61478,168904,,0.0173732,-0.0326728,,-0.814388,2.66923
7.99944,9.49109,,1006.93,37.7771,159688,,0.0248906,-0.0638712,,0.298162,29.3156
7.99937,9.99048,,1005.66,-7.48119,129806,,0.0142102,-0.132278,,1.27913,37.4945
7.99938,10.4911,,1004.75,-127.253,108678,,-0.00643029,-0.107839,,0.465933,21.2174
7.99948,10.9916,,1004.76,-166.655,108837,,-0.0209179,0.0356446,,-1.79874,2.57173
7.99957,11.4917,,1005.06,-35.0183,115873,,-0.019063,0.159855,,-3.42167,0.591224
7.99958,11.9911,,1004.94,157.956,113189,,-0.0042913,0.10931,,-2.56238,9.35932
7.99949,12.4906,,1004.38,215.945,100112,,0.0105532,-0.0809131,,0.607982,9.56409
7.99938,12.9909,,1004.17,80.7759,95187.8,,0.0155578,-0.222492,,4.04017,-3.28939
7.99935,13.491,,1004.72,-104.542,107918,,0.0107487,-0.192251,,5.43947,-10.3589
7.99942,13.9903,,1005.23,-159.036,119839,,0.00287165,-0.0428685,,3.86224,4.90025
7.99959,14.4893,,1004.78,-54.1136,109323,,-0.00117491,0.0660081,,0.195117,32.5651
7.99977,14.9885,,1003.35,73.5783,76378.7,,0.00105443,0.0331597,,-3.57741,45.388
7.99991,15.4889,,1001.93,87.7047,43760.8,,0.00578256,-0.0680631,,-5.72582,27.8735
7.99995,15.99,,1001.64,-0.273739,37147.4,,0.00595864,-0.108008,,-5.65485,-6.43074
7.99992,16.4906,,1002.58,-73.7457,58619.7,,-0.00228493,-0.067941,,-3.831,-27.333
7.99985,16.9902,,1003.72,-59.3198,84981.4,,-0.0161422,-0.0143376,,-1.25242,-17.5632
7.99974,17.4889,,1003.99,5.63565,91027.9,,-0.0288058,-0.0190857,,0.993157,11.6778
7.99964,17.988,,1003.21,31.2634,73067,,-0.0340319,-0.0799525,,2.10509,34.2144
7.99962,18.4878,,1002.06,-13.4684,46789.1,,-0.0283765,-0.11155,,1.89428,34.1191
7.99971,18.9882,,1001.28,-58.5592,29089.2,,-0.0118659,-0.0587294,,0.788032,16.44
7.99986,19.4888,,1001.19,-17.2473,26939.4,,0.0115588,0.0350381,,-0.54396,-1.10519
7.99998,19.9887,,1001.44,104.19,32686.9,,0.0345635,0.067251,,-1.5736,-4.49074
8.00003,20.4883,,1001.49,209.13,33728.7,,0.0495322,0.000361295,,-2.07382,5.51271
8.00001,20.9875,,1001.1,212.655,24982.1,,0.0526307,-0.108726,,-2.08066,16.9002
7.99993,21.4875,,1000.55,118.699,12362.2,,0.0460763,-0.171416,,-1.78441,19.6129
7.99985,21.9874,,1000.19,11.8244,4381.4,,0.0369171,-0.151849,,-1.3801,13.8287
7.99979,22.4879,,1000.06,-24.7969,1252.97,,0.0296603,-0.0733511,,-0.96771,6.06739
7.99988,22.9874,,1000.24,-32.5443,5508.28,,0.0228831,0.00759472,,-0.648826,5.56566
8.5,-1.5,,1010.33,0,240345,,0,0,,0,0
8.5,-1,,1010.12,0,235440,,0,0,,0,0
8.5,-0.5,,1009.92,0,230535,,0,0,,0,0
8.49937,-0.00828254,,1011.19,0.0958742,261168,,-0.00753175,-0.0882622,,-0.751879,10.5486
8.49939,0.500815,,1009.76,-77.9229,226759,,-0.0140115,-0.0362727,,-0.67536,25.5039
8.49931,0.992209,,1009.37,-88.1107,217571,,-0.0186115,0.0387386,,0.0622363,26.2758
8.49927,1.49807,,1008.46,-21.2444,195769,,-0.0157062,0.0894625,,0.892811,8.35873
8.49928,1.99587,,1008.96,48.6881,207636,,-0.00895826,0.0528546,,1.29429,-2.54828
8.49929,2.49584,,1009.23,70.7377,214021,,-0.00357806,0.0069825,,1.47626,4.38255
8.49932,2.99522,,1008.64,54.1001,200161,,-0.000160586,-0.0397011,,1.56774,9.28325
8.49936,3.49493,,1008.23,34.9574,190300,,0.0049586,-0.0480107,,1.19775,-2.45742
8.49945,3.99603,,1008.87,26.3368,205431,,0.0115026,-0.0644869,,0.320831,-7.81781
8.49952,4.49394,,1009.36,9.47188,217184,,0.0136127,-0.0862649,,-0.381401,12.7706
8.49952,4.99275,,1008.29,-29.4824,191736,,0.00895486,-0.0872352,,-0.689999,32.1653
8.49956,5.4932,,1007.1,-86.2899,163544,,0.00116791,-0.0700325,,-1.26158,23.8595
8.49965,5.99395,,1007.16,-119.121,165105,,-0.0037584,-0.00153845,,-2.09524,8.66217
8.4997,6.49326,,1007.39,-59.5992,170455,,-0.0035522,0.0979062,,-2.02006,11.9174
8.49963,6.99253,,1006.68,76.6232,153885,,-0.00417924,0.118535,,-0.572743,18.9407
8.49954,7.49317,,1005.97,147.748,137166,,-0.011661,-0.0100956,,0.874128,7.97196
8.49956,7.99333,,1006.16,73.6857,141498,,-0.0197462,-0.129,,0.835869,-11.8616
8.49965,8.49324,,1006.91,-17.3904,159201,,-0.0164449,-0.0866031,,-0.245837,-16.6875
8.4997,8.99264,,1007.48,3.5204,172684,,-0.00218647,-0.0173436,,-0.620244,3.16771
8.49962,9.49099,,1006.99,57.2412,160946,,0.00814735,-0.0635305,,0.438673,30.9361
8.49953,9.99042,,1005.58,1.00921,128062,,0.00293945,-0.149042,,1.66408,38.0729
8.49952,10.4912,,1004.66,-142.364,106584,,-0.0132273,-0.127447,,1.31602,19.6315
8.49959,10.9917,,1004.77,-196.981,109255,,-0.0249446,0.0297177,,-0.792142,0.0306972
8.49969,11.4917,,1005.19,-58.479,119001,,-0.0209765,0.172268,,-2.95917,-0.461916
8.49971,11.9911,,1005.08,158.414,116295,,-0.00396315,0.129577,,-3.0851,11.2053
8.49961,12.4905,,1004.37,239.511,99958.5,,0.0124126,-0.0684321,,-0.563931,13.3801
8.49943,12.9908,,1003.98,110.575,90786.5,,0.0153752,-0.225416,,3.10401,-0.0467648
8.49931,13.491,,1004.43,-87.8715,101324,,0.00259471,-0.206428,,5.39341,-9.95904
8.49932,13.9904,,1005.01,-163.594,114839,,-0.0173747,-0.0575423,,4.55882,1.96801
8.49946,14.4895,,1004.77,-72.7746,109194,,-0.0309851,0.0611261,,0.814552,27.8292
8.49966,14.9887,,1003.6,57.2188,82002.4,,-0.027688,0.0415195,,-3.82126,41.3223
8.49982,15.489,,1002.35,88.3179,53301.7,,-0.00705219,-0.0525532,,-6.82195,26.3956
8.49984,15.99,,1002.08,20.6965,47261.9,,0.0205458,-0.0961865,,-6.54319,-4.79035
8.4997,16.4905,,1002.9,-41.7555,66037.7,,0.0412697,-0.0668892,,-2.90391,-23.3745
8.49947,16.99,,1003.84,-31.1827,87601.6,,0.0463333,-0.0239269,,2.68759,-12.9484
8.49925,17.4887,,1003.88,18.0629,88548.3,,0.034607,-0.0347989,,7.957,15.1047
8.4991,17.9879,,1002.95,23.5055,67081.2,,0.0103583,-0.0962959,,10.8147,35.2341
8.49905,18.4878,,1001.77,-38.2526,40086.5,,-0.0195057,-0.123384,,10.279,32.6232
8.49911,18.9883,,1001.08,-91.7984,24415.4,,-0.047461,-0.0625887,,6.74848,13.2783
8.49929,19.489,,1001.14,-49.0928,25890,,-0.0676486,0.0388752,,1.62253,-4.65578
8.49952,19.9889,,1001.55,79.9662,35228.2,,-0.0781405,0.0745992,,-3.31656,-7.24624
8.49974,20.4884,,1001.7,192.484,38451.2,,-0.0811248,0.00601255,,-6.54638,4.27394
8.49988,20.9875,,1001.31,198.847,29772.8,,-0.0801475,-0.106967,,-7.3271,17.2423
8.49992,21.4875,,1000.68,103.48,15396,,-0.0767416,-0.170814,,-5.9569,21.0169
8.4999,21.9874,,1000.21,-3.97403,4782.16,,-0.0685623,-0.145214,,-3.43778,15.5864
8.49987,22.4882,,999.908,-33.5236,-2083.15,,-0.0524478,-0.0723525,,-0.965735,6.48865
8.49985,22.9876,,1000.07,2.18991,1606.31,,-0.0304645,-0.0440795,,0.537747,3.37997
9,-1.5,,1010.33,0,240345,,0,0,,0,0
9,-1,,1010.12,0,235440,,0,0,,0,0
9,-0.5,,1009.92,0,230535,,0,0,,0,0
8.99953,-0.00828681,,1011.21,1.21479,261485,,-0.00392543,-0.0918542,,-0.620824,10.337
8.99956,0.500776,,1009.77,-82.3608,227007,,-0.00767692,-0.0417139,,-0.515144,25.9673
8.99951,0.992154,,1009.35,-96.6252,216909,,-0.0102976,0.0385009,,0.136717,27.1345
8.99949,1.49808,,1008.4,-27.3563,194417,,-0.00774616,0.0950061,,0.775991,8.88007
8.99951,1.99589,,1008.91,48.4659,206490,,-0.00240433,0.0592088,,0.952919,-2.42218
8.99953,2.49586,,1009.19,74.1166,213147,,0.00209199,0.0107691,,0.99584,4.52197
8.99953,2.99523,,1008.6,58.4497,199063,,0.00450557,-0.0371224,,1.14778,9.28046
8.99952,3.49497,,1008.18,41.518,189269,,0.00614705,-0.0442073,,0.930514,-3.12319
8.99956,3.9961,,1008.87,36.9859,205498,,0.00748682,-0.0617854,,0.00288077,-8.85898
8.99961,4.49397,,1009.4,22.0749,218172,,0.00716649,-0.0879836,,-0.961495,12.1988
8.99961,4.99275,,1008.32,-20.0015,192516,,0.00401281,-0.0937816,,-1.23045,32.001
8.99959,5.49324,,1007.13,-83.9282,164389,,-0.00364553,-0.0792619,,-1.14531,23.3938
8.99959,5.99401,,1007.25,-123.043,167239,,-0.014397,-0.00828663,,-1.35114,8.14779
8.99959,6.49326,,1007.52,-64.9338,173489,,-0.0214017,0.0963726,,-1.53901,12.3898
8.99956,6.99245,,1006.77,71.7569,155895,,-0.021195,0.117205,,-0.889001,20.4422
8.99949,7.49311,,1005.98,138.808,137358,,-0.0188802,-0.0152288,,0.605886,9.21614
8.99944,7.99335,,1006.15,57.6843,141280,,-0.0187537,-0.131581,,1.9589,-11.8083
8.99943,8.49329,,1006.94,-33.2881,159987,,-0.0168219,-0.0787887,,2.33602,-17.2519
8.99946,8.99264,,1007.53,-1.57004,173788,,-0.00829417,-0.00352419,,1.88375,3.13651
8.99948,9.49094,,1006.97,63.7337,160609,,0.00346064,-0.0564209,,1.30956,31.5599
8.99951,9.99039,,1005.49,8.27806,125954,,0.0106007,-0.154293,,0.937467,38.2918
8.99955,10.4912,,1004.56,-144.997,104364,,0.00979445,-0.13802,,0.450686,18.5395
8.99961,10.9918,,1004.76,-208.411,108928,,0.00436866,0.0250197,,-0.547768,-1.98929
8.99967,11.4918,,1005.28,-67.1805,121113,,-0.000314646,0.178059,,-1.88198,-1.91056
8.99972,11.9911,,1005.21,162.89,119301,,-0.00175059,0.140414,,-2.75354,11.6897
8.9997,12.4904,,1004.43,256.408,101194,,-0.00211766,-0.0630877,,-2.40385,15.7786
8.99962,12.9906,,1003.88,126.796,88553.1,,-0.00603921,-0.232391,,-0.880571,2.7347
8.99953,13.4909,,1004.22,-88.9617,96381,,-0.015751,-0.223363,,0.865344,-8.74384
8.99949,13.9904,,1004.8,-189.532,109928,,-0.0278428,-0.0740741,,1.67798,0.652181
8.99952,14.4896,,1004.68,-115.399,107084,,-0.0346847,0.0570832,,1.06301,24.6792
8.99958,14.9889,,1003.67,18.44,83680.5,,-0.0295055,0.0559714,,-0.457293,38.231
8.99963,15.4891,,1002.52,75.4911,57355,,-0.0111383,-0.0240019,,-1.6851,25.3027
8.99963,15.9899,,1002.22,45.487,50499.4,,0.0148829,-0.065681,,-1.46608,-2.91761
8.99955,16.4903,,1002.86,15.8768,65028.1,,0.0389793,-0.0471264,,0.620635,-19.0039
8.99941,16.9898,,1003.53,41.0916,80516.7,,0.0519377,-0.0222052,,3.94106,-7.80361
8.9993,17.4886,,1003.34,81.3588,76222.5,,0.0488138,-0.0512914,,7.08618,18.8691
8.9993,17.9878,,1002.31,56.8551,52482.6,,0.0306466,-0.125589,,8.65719,36.1043
8.9994,18.4879,,1001.19,-47.1076,26834.9,,0.00303414,-0.157453,,7.94518,30.3185
8.99956,18.9885,,1000.69,-143.827,15536.8,,-0.0269066,-0.0936746,,5.11638,8.66362
8.99974,19.4892,,1001.02,-135.877,23092.7,,-0.0531653,0.0158127,,1.04857,-10.0107
8.99989,19.9891,,1001.69,-28.9211,38430.4,,-0.0724251,0.0607878,,-2.95765,-11.6132
8.99999,20.4886,,1002.02,72.8566,45755.1,,-0.0844422,-0.000413643,,-5.64682,2.15588
9.00002,20.9876,,1001.69,75.1949,38331.3,,-0.091164,-0.108767,,-6.34569,17.6215
9.00001,21.4875,,1000.99,-22.5633,22459.7,,-0.0947438,-0.169033,,-5.27959,23.1454
8.99999,21.9874,,1000.39,-128.868,8909.77,,-0.0962987,-0.134583,,-3.32161,18.3564
8.99996,22.4877,,1000.11,-147.031,2543.63,,-0.0910728,-0.0262267,,-1.43594,9.93387
8.99992,22.9879,,999.94,-101.677,-1355.28,,-0.0694513,0.0396651,,-0.188299,2.2097
9.5,-1.5,,1010.33,0,240345,,0,0,,0,0
9.5,-1,,1010.12,0,235440,,0,0,,0,0
9.5,-0.5,,1009.92,0,230535,,0,0,,0,0
9.49969,-0.00827016,,1011.23,2.64076,262057,,-0.00415176,-0.0944397,,-0.561131,10.1428
9.49971,0.500764,,1009.8,-84.6911,227749,,-0.00786666,-0.0459714,,-0.515397,26.337
9.49967,0.992117,,1009.35,-102.183,217053,,-0.0111751,0.0376007,,-0.0369957,27.8027
9.49965,1.49808,,1008.39,-31.9918,194108,,-0.0111187,0.0979995,,0.401382,9.18817
9.49965,1.9959,,1008.91,47.5424,206519,,-0.00870192,0.0634261,,0.443337,-2.45659
9.49965,2.49587,,1009.2,76.1176,213485,,-0.00542448,0.0140556,,0.446347,4.6505
9.49965,2.99521,,1008.59,61.2866,198924,,-0.00256856,-0.0351601,,0.701703,9.46196
9.49964,3.49497,,1008.16,44.1035,188631,,-0.000868298,-0.0430543,,0.716488,-3.60143
9.49968,3.99616,,1008.87,39.5884,205601,,-0.000278742,-0.0614774,,-0.0453325,-9.96714
9.49976,4.49401,,1009.46,25.7941,219488,,0.000674306,-0.0880448,,-1.03259,11.5058
9.49979,4.99273,,1008.37,-15.5057,193760,,0.00256751,-0.0959977,,-1.19896,32.2375
9.49974,5.49319,,1007.13,-83.6626,164419,,0.000626813,-0.0875143,,-0.542084,23.8055
9.49967,5.99398,,1007.22,-132.932,166532,,-0.00848886,-0.0191939,,-0.129865,8.01138
9.49966,6.49326,,1007.5,-82.2705,173158,,-0.0168802,0.092955,,-0.498525,12.18
9.4997,6.99244,,1006.77,57.4941,155894,,-0.0137231,0.123839,,-0.756939,21.1873
9.4997,7.49304,,1005.93,133.588,136239,,-0.00120562,-0.00742466,,0.310096,11.0001
9.49961,7.99327,,1006.01,56.6295,137962,,0.00747998,-0.129374,,2.42891,-10.2038
9.49953,8.49328,,1006.74,-36.7443,155277,,0.00607181,-0.0781181,,3.78107,-17.1014
9.49957,8.99271,,1007.36,-5.08958,169710,,0.00267388,0.00277634,,2.93709,1.82895
9.49971,9.49104,,1006.88,68.8439,158479,,0.00830349,-0.0446308,,0.515455,29.9572
9.49985,9.99047,,1005.47,27.0105,125490,,0.0229309,-0.144056,,-1.45294,37.4537
9.4999,10.4912,,1004.57,-117.223,104483,,0.0352259,-0.136193,,-1.6299,18.4667
9.49987,10.9918,,1004.77,-182.667,109083,,0.0336765,0.0170197,,-0.543266,-2.07519
9.49983,11.4918,,1005.31,-52.7004,121824,,0.0169663,0.164883,,0.192613,-2.57669
9.49986,11.9911,,1005.3,164.124,121426,,-0.00511619,0.12892,,-0.502812,10.715
9.49994,12.4904,,1004.58,248.571,104747,,-0.019867,-0.0692448,,-2.23718,15.308
9.50002,12.9906,,1004.05,115.18,92487.3,,-0.0211,-0.234537,,-3.58339,3.30544
9.50003,13.4909,,1004.35,-102.104,99466.5,,-0.0118349,-0.224474,,-3.29163,-7.33471
9.49997,13.9904,,1004.87,-204.715,111532,,-0.000149635,-0.0750522,,-1.21269,2.1606
9.49987,14.4896,,1004.69,-132.753,107238,,0.00627949,0.0574953,,1.63684,25.5584
9.49977,14.9889,,1003.63,1.41039,82825.8,,0.00365254,0.0593643,,3.7627,38.237
9.49972,15.4891,,1002.46,63.7172,55987.5,,-0.00638303,-0.0168727,,4.13921,24.7976
9.49974,15.9899,,1002.15,44.2479,48748.6,,-0.0177415,-0.0555496,,2.71867,-3.27706
9.49983,16.4903,,1002.75,27.8665,62555.7,,-0.0238974,-0.0369565,,0.252855,-18.7828
9.49992,16.9898,,1003.38,63.983,77034.9,,-0.0223803,-0.0165661,,-2.22402,-7.08205
9.49999,17.4886,,1003.17,107.49,72095.5,,-0.0156493,-0.0535502,,-3.82113,19.6402
9.5,17.9879,,1002.14,75.7803,48679.2,,-0.00797822,-0.135535,,-4.06777,36.4506
9.49999,18.488,,1001.08,-44.3852,24396.2,,-0.00213056,-0.171818,,-3.04238,29.9529
9.49997,18.9886,,1000.67,-161.566,15194.5,,0.0013381,-0.108435,,-1.28728,7.56539
9.49996,19.4893,,1001.11,-173.085,25106.1,,0.00290849,0.00350787,,0.498411,-11.546
9.49995,19.9891,,1001.87,-81.0561,42407.2,,0.0032338,0.0521041,,1.78743,-13.0367
9.49994,20.4886,,1002.23,11.3718,50641.3,,0.00293788,-0.00584725,,2.36132,1.36308
9.49991,20.9876,,1001.89,8.39994,42789.3,,0.00244796,-0.11236,,2.24713,17.6345
9.49987,21.4874,,1001.13,-94.7849,25602.9,,0.00142226,-0.172582,,1.63006,23.7114
9.49985,21.9873,,1000.47,-206.662,10589.7,,-0.00132119,-0.135608,,0.778629,19.1339
9.49985,22.4878,,1000.11,-225.791,2559.1,,-0.00578743,0.00267241,,-0.0031461,10.4454
9.49994,22.9879,,1000.02,-221.28,546.333,,-0.00962959,0.162601,,-0.528312,3.82099
10,-1.5,,1010.33,0,240345,,0,0,,0,0
10,-1,,1010.12,0,235440,,0,0,,0,0
10,-0.5,,1009.92,0,230535,,0,0,,0,0
9.9998,-0.00826266,,1011.25,4.20611,262550,,-0.000943117,-0.0963553,,-0.33254,9.98903
9.9998,0.500746,,1009.83,-85.0499,228387,,-0.00205338,-0.0492904,,-0.279599,26.599
9.99977,0.99208,,1009.36,-104.855,217217,,-0.0033976,0.0360854,,0.0468457,28.2736
9.99975,1.49807,,1008.38,-35.2692,193853,,-0.00357926,0.0986772,,0.323131,9.36427
9.99976,1.99591,,1008.91,45.2636,206467,,-0.00286169,0.0654922,,0.319546,-2.53198
9.99977,2.49588,,1009.21,75.0288,213653,,-0.00156459,0.0165913,,0.314744,4.79073
9.99977,2.9952,,1008.58,60.4683,198620,,-0.000327802,-0.0332829,,0.556504,9.75848
9.99977,3.49499,,1008.12,42.1752,187736,,-0.000134713,-0.0425336,,0.680351,-3.84546
9.99979,3.99623,,1008.86,36.6375,205275,,-0.000643718,-0.0611446,,0.194871,-10.8973
9.99984,4.49408,,1009.5,25.2603,220521,,0.000878551,-0.0850832,,-0.571905,10.8397
9.99987,4.99272,,1008.43,-10.4185,195086,,0.00555842,-0.0924888,,-0.736529,32.6008
9.99986,5.49313,,1007.13,-77.3182,164402,,0.00760491,-0.0910863,,-0.15438,24.5674
9.99982,5.99395,,1007.17,-135.099,165266,,0.00103285,-0.0297129,,0.20539,7.97603
9.99985,6.49331,,1007.48,-93.7568,172578,,-0.00837683,0.0880596,,-0.406025,11.3646
9.99992,6.9925,,1006.82,49.4817,157120,,-0.00822344,0.132843,,-1.25099,21.0687
9.99995,7.493,,1005.99,140.156,137511,,0.00239282,0.00587495,,-0.840779,12.5842
9.99987,7.99316,,1005.95,71.6402,136579,,0.00923247,-0.127272,,0.955542,-8.06638
9.99977,8.49324,,1006.58,-29.9533,151441,,0.00171294,-0.0878247,,2.30433,-16.7114
9.9998,8.99282,,1007.24,-12.1754,166918,,-0.0123606,-0.00363276,,1.4033,-0.297487
9.99993,9.49121,,1006.93,60.8513,159614,,-0.0159333,-0.0361691,,-1.24261,27.123
10,9.99055,,1005.65,35.4721,129645,,-0.00375478,-0.126687,,-3.18938,36.3999
10,10.4912,,1004.73,-89.8247,108140,,0.0113809,-0.126988,,-2.60813,19.8437
9.99987,10.9917,,1004.79,-153.442,109652,,0.0126163,0.00710756,,-0.040098,0.131129
9.99973,11.4918,,1005.22,-43.4464,119748,,-0.00420059,0.140885,,2.26295,-1.74116
9.99968,11.9912,,1005.22,145.303,119556,,-0.0271333,0.107091,,2.36674,9.32687
9.99975,12.4905,,1004.63,213.312,105878,,-0.0383391,-0.0744589,,0.25011,12.8314
9.99989,12.9907,,1004.25,86.6192,97084.5,,-0.0275999,-0.220394,,-2.24319,1.85411
9.99997,13.4909,,1004.6,-104.826,105270,,0.00102332,-0.200238,,-2.89457,-6.32367
9.99991,13.9903,,1005.03,-178.444,115173,,0.0323052,-0.0552595,,-0.796712,5.3643
9.99976,14.4894,,1004.66,-91.3019,106573,,0.0491198,0.0612618,,2.98695,29.1714
9.99962,14.9888,,1003.44,35.4702,78330.7,,0.0419446,0.0443609,,6.14527,40.1596
9.99958,15.4891,,1002.22,70.908,50379.8,,0.0136402,-0.0434706,,6.63012,23.8732
9.99967,15.99,,1002,18.1112,45459.3,,-0.0226944,-0.0809416,,3.76108,-6.79808
9.99988,16.4905,,1002.82,-22.3779,64168.8,,-0.0507919,-0.0499112,,-1.59818,-23.5608
10.0001,16.9899,,1003.69,8.5398,84220,,-0.0591536,-0.0129566,,-7.49934,-11.3007
10.0003,17.4887,,1003.65,65.9872,83264.3,,-0.0455483,-0.0367684,,-11.6725,17.5693
10.0004,17.9879,,1002.67,60.7392,60678.4,,-0.0160204,-0.112604,,-12.4956,37.2309
10.0003,18.4878,,1001.5,-29.2345,33932.9,,0.0198271,-0.149176,,-9.69448,33.1638
10,18.9884,,1000.89,-119.759,20101.4,,0.0531878,-0.090194,,-4.33361,11.9818
9.99977,19.4892,,1001.1,-112.177,24831,,0.0782716,0.0156739,,1.78755,-7.35269
9.99957,19.989,,1001.67,-9.26998,37849.2,,0.0932041,0.0586479,,6.83354,-10.2042
9.99949,20.4886,,1001.92,87.8551,43669.6,,0.0999668,-0.00294611,,9.50332,2.25533
9.99955,20.9876,,1001.57,87.0617,35541.9,,0.102589,-0.110795,,9.37531,16.6903
9.99971,21.4875,,1000.88,-12.9621,19952,,0.104374,-0.171666,,7.04647,21.6249
9.99991,21.9874,,1000.33,-122.455,7385.2,,0.106031,-0.138221,,3.81757,16.7866
10.0001,22.4883,,999.959,-145.245,-923.86,,0.100773,-0.0308046,,1.0706,7.82782
10.0001,22.9877,,1000.13,-144.962,2831.4,,0.0780431,0.102443,,-0.311163,4.872
10.5,-1.5,,1010.33,0,240345,,0,0,,0,0
10.5,-1,,1010.12,0,235440,,0,0,,0,0
10.5,-0.5,,1009.92,0,230535,,0,0,,0,0
10.4999,-0.00826209,,1011.25,6.41386,262588,,0.00140313,-0.0957112,,-0.085382,9.9364
10.4999,0.500736,,1009.83,-82.5733,228355,,0.00223561,-0.0493426,,-0.0480464,26.7657
10.4999,0.992063,,1009.34,-102.836,216842,,0.00273369,0.036104,,0.0777113,28.534
10.4999,1.49807,,1008.35,-33.6153,193256,,0.00306144,0.0990085,,0.174539,9.44611
10.4999,1.99592,,1008.89,46.8326,206074,,0.00316164,0.0658575,,0.163809,-2.59334
10.4999,2.49588,,1009.2,76.5359,213509,,0.00302029,0.0169527,,0.154947,4.87563
10.4999,2.99519,,1008.56,61.4879,198261,,0.00262302,-0.0334736,,0.250529,9.97633
10.4999,3.49497,,1008.09,41.8231,186938,,0.00174236,-0.0436246,,0.318626,-3.92327
10.4999,3.99624,,1008.83,35.2054,204632,,0.000781388,-0.0616222,,0.158894,-11.4254
10.4999,4.49411,,1009.5,25.9544,220645,,0.00117569,-0.0824352,,-0.130876,10.403
10.4999,4.99273,,1008.45,-4.31421,195568,,0.003357,-0.088514,,-0.218143,32.7869
10.4999,5.49311,,1007.13,-68.4684,164339,,0.00449551,-0.092416,,-0.0276014,25.02
10.4999,5.99394,,1007.15,-131.385,164765,,0.00147506,-0.0377982,,0.0592764,7.833
10.4999,6.49336,,1007.5,-97.5991,173047,,-0.0036144,0.0820359,,-0.283363,10.5357
10.5,6.99256,,1006.92,46.1668,159426,,-0.00514525,0.136591,,-0.757415,20.6326
10.5,7.49298,,1006.1,145.605,140294,,-0.00207659,0.0134743,,-0.703884,13.4445
10.5,7.99307,,1005.99,81.3646,137593,,-0.00050299,-0.128592,,-0.0171734,-6.6196
10.4999,8.49319,,1006.55,-29.9656,150611,,-0.00556858,-0.100155,,0.534778,-16.431
10.4999,8.99289,,1007.23,-28.2002,166790,,-0.0140128,-0.0144999,,0.156564,-1.86698
10.5,9.49131,,1007.04,38.8336,162240,,-0.017612,-0.0337275,,-0.943095,25.087
10.5,9.99056,,1005.83,23.2818,133957,,-0.0132298,-0.114115,,-1.67843,35.9214
10.4999,10.4911,,1004.85,-87.4588,110952,,-0.00644538,-0.118619,,-1.22133,21.5064
10.4999,10.9916,,1004.75,-148.464,108617,,-0.00515006,0.00125611,,0.185482,2.61103
10.4998,11.4917,,1005.03,-52.7638,115156,,-0.0114571,0.124409,,1.49025,-0.416381
10.4997,11.9912,,1004.98,115.886,113975,,-0.0199733,0.093557,,1.74106,8.53268
10.4998,12.4906,,1004.47,175.205,102228,,-0.0224451,-0.0723984,,0.855422,10.709
10.4998,12.9908,,1004.22,61.6824,96426.1,,-0.0140654,-0.200007,,-0.33172,0.283527
10.4999,13.4909,,1004.63,-98.5489,105958,,0.00306857,-0.170506,,-0.736617,-5.84618
10.4998,13.9902,,1004.99,-138.798,114188,,0.0210719,-0.0314891,,0.136551,7.88036
10.4998,14.4893,,1004.46,-33.8414,101978,,0.0309749,0.0665504,,1.82473,32.2086
10.4997,14.9887,,1003.11,85.3115,70785.4,,0.027912,0.0283674,,3.22624,41.7375
10.4997,15.4891,,1001.88,90.2634,42669.9,,0.0135356,-0.0730767,,3.33352,22.7625
10.4998,15.9902,,1001.81,-2.16636,40969.9,,-0.00537163,-0.11071,,1.7832,-10.5284
10.4999,16.4907,,1002.88,-73.7426,65479.6,,-0.0203816,-0.0670323,,-1.0257,-28.6791
10.5001,16.9902,,1004.03,-52.7463,92002.1,,-0.025029,-0.0104982,,-4.11328,-15.897
10.5002,17.4888,,1004.19,18.7937,95633,,-0.0172447,-0.0159017,,-6.2866,15.3141
10.5002,17.9879,,1003.24,45.9578,73730.5,,0.000381917,-0.080626,,-6.66383,38.2103
10.5002,18.4877,,1001.91,-3.41688,43398.1,,0.02247,-0.115294,,-5.07709,37
10.5001,18.9882,,1001.02,-55.3893,23018.4,,0.0433127,-0.0619712,,-2.08852,17.3353
10.4999,19.4889,,1000.9,-18.309,20422.3,,0.0587771,0.0343052,,1.32232,-2.16747
10.4998,19.9889,,1001.22,102.661,27610.1,,0.0673399,0.067691,,4.12763,-6.66154
10.4997,20.4885,,1001.36,208.421,30791.6,,0.0702404,-0.000287156,,5.57541,3.32326
10.4998,20.9877,,1001.05,212.04,23846.3,,0.0701961,-0.110555,,5.4117,15.3506
10.4999,21.4877,,1000.54,119.491,12313,,0.0697423,-0.170681,,3.98542,18.8515
10.5001,21.9876,,1000.21,18.6587,4686.15,,0.0698623,-0.144738,,2.07757,13.7782
10.5002,22.4879,,1000.09,-7.48082,2040.25,,0.0664814,-0.0736511,,0.522476,6.844
10.5001,22.9876,,1000.12,35.6876,2633.83,,0.0531664,-0.0676264,,-0.110048,4.27291
11,-1.5,,1010.33,0,240345,,0,0,,0,0
11,-1,,1010.12,0,235440,,0,0,,0,0
11,-0.5,,1009.92,0,230535,,0,0,,0,0
11.0001,-0.00826209,,1011.25,6.41386,262588,,-0.00140313,-0.0957112,,0.085382,9.9364
11.0001,0.500736,,1009.83,-82.5733,228355,,-0.00223561,-0.0493426,,0.0480464,26.7657
11.0001,0.992063,,1009.34,-102.836,216842,,-0.00273369,0.036104,,-0.0777113,28.534
11.0001,1.49807,,1008.35,-33.6153,193256,,-0.00306144,0.0990085,,-0.174539,9.44611
11.0001,1.99592,,1008.89,46.8326,206074,,-0.00316164,0.0658575,,-0.163809,-2.59334
11.0001,2.49588,,1009.2,76.5359,213509,,-0.00302029,0.0169527,,-0.154947,4.87563
11.0001,2.99519,,1008.56,61.4879,198261,,-0.00262302,-0.0334736,,-0.250529,9.97633
11.0001,3.49497,,1008.09,41.8231,186938,,-0.00174236,-0.0436246,,-0.318626,-3.92327
11.0001,3.99624,,1008.83,35.2054,204632,,-0.000781388,-0.0616222,,-0.158894,-11.4254
11.0001,4.49411,,1009.5,25.9544,220645,,-0.00117569,-0.0824352,,0.130876,10.403
11.0001,4.99273,,1008.45,-4.31421,195568,,-0.003357,-0.088514,,0.218143,32.7869
11.0001,5.49311,,1007.13,-68.4684,164339,,-0.00449551,-0.092416,,0.0276014,25.02
11.0001,5.99394,,1007.15,-131.385,164765,,-0.00147506,-0.0377982,,-0.0592764,7.833
11.0001,6.49336,,1007.5,-97.5991,173047,,0.0036144,0.0820359,,0.283363,10.5357
11,6.99256,,1006.92,46.1668,159426,,0.00514525,0.136591,,0.757415,20.6326
11,7.49298,,1006.1,145.605,140294,,0.00207659,0.0134743,,0.703884,13.4445
11,7.99307,,1005.99,81.3646,137593,,0.00050299,-0.128592,,0.0171734,-6.6196
11.0001,8.49319,,1006.55,-29.9656,150611,,0.00556858,-0.100155,,-0.534778,-16.431
11.0001,8.99289,,1007.23,-28.2002,166790,,0.0140128,-0.0144999,,-0.156564,-1.86698
11,9.49131,,1007.04,38.8336,162240,,0.017612,-0.0337275,,0.943095,25.087
11,9.99056,,1005.83,23.2818,133957,,0.0132298,-0.114115,,1.67843,35.9214
11.0001,10.4911,,1004.85,-87.4588,110952,,0.00644538,-0.118619,,1.22133,21.5064
11.0001,10.9916,,1004.75,-148.464,108617,,0.00515006,0.00125611,,-0.185482,2.61103
11.0002,11.4917,,1005.03,-52.7638,115156,,0.0114571,0.124409,,-1.49025,-0.416381
11.0003,11.9912,,1004.98,115.886,113975,,0.0199733,0.093557,,-1.74106,8.53268
11.0002,12.4906,,1004.47,175.205,102228,,0.0224451,-0.0723984,,-0.855422,10.709
11.0002,12.9908,,1004.22,61.6824,96426.1,,0.0140654,-0.200007,,0.33172,0.283527
11.0001,13.4909,,1004.63,-98.5489,105958,,-0.00306857,-0.170506,,0.736617,-5.84618
11.0002,13.9902,,1004.99,-138.798,114188,,-0.0210719,-0.0314891,,-0.136551,7.88036
11.0002,14.4893,,1004.46,-33.8414,101978,,-0.0309749,0.0665504,,-1.82473,32.2086
11.0003,14.9887,,1003.11,85.3115,70785.4,,-0.027912,0.0283674,,-3.22624,41.7375
11.0003,15.4891,,1001.88,90.2634,42669.9,,-0.0135356,-0.0730767,,-3.33352,22.7625
11.0002,15.9902,,1001.81,-2.16636,40969.9,,0.00537163,-0.11071,,-1.7832,-10.5284
11.0001,16.4907,,1002.88,-73.7426,65479.6,,0.0203816,-0.0670323,,1.0257,-28.6791
10.9999,16.9902,,1004.03,-52.7463,92002.1,,0.025029,-0.0104982,,4.11328,-15.897
10.9998,17.4888,,1004.19,18.7937,95633,,0.0172447,-0.0159017,,6.2866,15.3141
10.9998,17.9879,,1003.24,45.9578,73730.5,,-0.000381917,-0.080626,,6.66383,38.2103
10.9998,18.4877,,1001.91,-3.41688,43398.1,,-0.02247,-0.115294,,5.07709,37
10.9999,18.9882,,1001.02,-55.3893,23018.4,,-0.0433127,-0.0619712,,2.08852,17.3353
11.0001,19.4889,,1000.9,-18.309,20422.3,,-0.0587771,0.0343052,,-1.32232,-2.16747
11.0002,19.9889,,1001.22,102.661,27610.1,,-0.0673399,0.067691,,-4.12763,-6.66154
11.0003,20.4885,,1001.36,208.421,30791.6,,-0.0702404,-0.000287156,,-5.57541,3.32326
11.0002,20.9877,,1001.05,212.04,23846.3,,-0.0701961,-0.110555,,-5.4117,15.3506
11.0001,21.4877,,1000.54,119.491,12313,,-0.0697423,-0.170681,,-3.98542,18.8515
10.9999,21.9876,,1000.21,18.6587,4686.15,,-0.0698623,-0.144738,,-2.07757,13.7782
10.9998,22.4879,,1000.09,-7.48082,2040.25,,-0.0664814,-0.0736511,,-0.522476,6.844
10.9999,22.9876,,1000.12,35.6876,2633.83,,-0.0531664,-0.0676264,,0.110048,4.27291
11.5,-1.5,,1010.33,0,240345,,0,0,,0,0
11.5,-1,,1010.12,0,235440,,0,0,,0,0
11.5,-0.5,,1009.92,0,230535,,0,0,,0,0
11.5002,-0.00826266,,1011.25,4.20611,262550,,0.000943117,-0.0963553,,0.33254,9.98903
11.5002,0.500746,,1009.83,-85.0499,228387,,0.00205338,-0.0492904,,0.279599,26.599
11.5002,0.99208,,1009.36,-104.855,217217,,0.0033976,0.0360854,,-0.0468457,28.2736
11.5002,1.49807,,1008.38,-35.2692,193853,,0.00357926,0.0986772,,-0.323131,9.36427
11.5002,1.99591,,1008.91,45.2636,206467,,0.00286169,0.0654922,,-0.319546,-2.53198
11.5002,2.49588,,1009.21,75.0288,213653,,0.00156459,0.0165913,,-0.314744,4.79073
11.5002,2.9952,,1008.58,60.4683,198620,,0.000327802,-0.0332829,,-0.556504,9.75848
11.5002,3.49499,,1008.12,42.1752,187736,,0.000134713,-0.0425336,,-0.680351,-3.84546
11.5002,3.99623,,1008.86,36.6375,205275,,0.000643718,-0.0611446,,-0.194871,-10.8973
11.5002,4.49408,,1009.5,25.2603,220521,,-0.000878551,-0.0850832,,0.571905,10.8397
11.5001,4.99272,,1008.43,-10.4185,195086,,-0.00555842,-0.0924888,,0.736529,32.6008
11.5001,5.49313,,1007.13,-77.3182,164402,,-0.00760491,-0.0910863,,0.15438,24.5674
11.5002,5.99395,,1007.17,-135.099,165266,,-0.00103285,-0.0297129,,-0.20539,7.97603
11.5002,6.49331,,1007.48,-93.7568,172578,,0.00837683,0.0880596,,0.406025,11.3646
11.5001,6.9925,,1006.82,49.4817,157120,,0.00822344,0.132843,,1.25099,21.0687
11.5001,7.493,,1005.99,140.156,137511,,-0.00239282,0.00587495,,0.840779,12.5842
11.5001,7.99316,,1005.95,71.6402,136579,,-0.00923247,-0.127272,,-0.955542,-8.06638
11.5002,8.49324,,1006.58,-29.9533,151441,,-0.00171294,-0.0878247,,-2.30433,-16.7114
11.5002,8.99282,,1007.24,-12.1754,166918,,0.0123606,-0.00363276,,-1.4033,-0.297487
11.5001,9.49121,,1006.93,60.8513,159614,,0.0159333,-0.0361691,,1.24261,27.123
11.5,9.99055,,1005.65,35.4721,129645,,0.00375478,-0.126687,,3.18938,36.3999
11.5,10.4912,,1004.73,-89.8247,108140,,-0.0113809,-0.126988,,2.60813,19.8437
11.5001,10.9917,,1004.79,-153.442,109652,,-0.0126163,0.00710756,,0.040098,0.131129
11.5003,11.4918,,1005.22,-43.4464,119748,,0.00420059,0.140885,,-2.26295,-1.74116
11.5003,11.9912,,1005.22,145.303,119556,,0.0271333,0.107091,,-2.36674,9.32687
11.5003,12.4905,,1004.63,213.312,105878,,0.0383391,-0.0744589,,-0.25011,12.8314
11.5001,12.9907,,1004.25,86.6192,97084.5,,0.0275999,-0.220394,,2.24319,1.85411
11.5,13.4909,,1004.6,-104.826,105270,,-0.00102332,-0.200238,,2.89457,-6.32367
11.5001,13.9903,,1005.03,-178.444,115173,,-0.0323052,-0.0552595,,0.796712,5.3643
11.5002,14.4894,,1004.66,-91.3019,106573,,-0.0491198,0.0612618,,-2.98695,29.1714
11.5004,14.9888,,1003.44,35.4702,78330.7,,-0.0419446,0.0443609,,-6.14527,40.1596
11.5004,15.4891,,1002.22,70.908,50379.8,,-0.0136402,-0.0434706,,-6.63012,23.8732
11.5003,15.99,,1002,18.1112,45459.3,,0.0226944,-0.0809416,,-3.76108,-6.79808
11.5001,16.4905,,1002.82,-22.3779,64168.8,,0.0507919,-0.0499112,,1.59818,-23.5608
11.4999,16.9899,,1003.69,8.5398,84220,,0.0591536,-0.0129566,,7.49934,-11.3007
11.4997,17.4887,,1003.65,65.9872,83264.3,,0.0455483,-0.0367684,,11.6725,17.5693
11.4996,17.9879,,1002.67,60.7392,60678.4,,0.0160204,-0.112604,,12.4956,37.2309
11.4997,18.4878,,1001.5,-29.2345,33932.9,,-0.0198271,-0.149176,,9.69448,33.1638
11.5,18.9884,,1000.89,-119.759,20101.4,,-0.0531878,-0.090194,,4.33361,11.9818
11.5002,19.4892,,1001.1,-112.177,24831,,-0.0782716,0.0156739,,-1.78755,-7.35269
11.5004,19.989,,1001.67,-9.26998,37849.2,,-0.0932041,0.0586479,,-6.83354,-10.2042
11.5005,20.4886,,1001.92,87.8551,43669.6,,-0.0999668,-0.00294611,,-9.50332,2.25533
11.5005,20.9876,,1001.57,87.0617,35541.9,,-0.102589,-0.110795,,-9.37531,16.6903
11.5003,21.4875,,1000.88,-12.9621,19952,,-0.104374,-0.171666,,-7.04647,21.6249
11.5001,21.9874,,1000.33,-122.455,7385.2,,-0.106031,-0.138221,,-3.81757,16.7866
11.4999,22.4883,,999.959,-145.245,-923.86,,-0.100773,-0.0308046,,-1.0706,7.82782
11.4999,22.9877,,1000.13,-144.962,2831.4,,-0.0780431,0.102443,,0.311163,4.872
12,-1.5,,1010.33,0,240345,,0,0,,0,0
12,-1,,1010.12,0,235440,,0,0,,0,0
12,-0.5,,1009.92,0,230535,,0,0,,0,0
12.0003,-0.00827016,,1011.23,2.64076,262057,,0.00415176,-0.0944397,,0.561131,10.1428
12.0003,0.500764,,1009.8,-84.6911,227749,,0.00786666,-0.0459714,,0.515397,26.337
12.0003,0.992117,,1009.35,-102.183,217053,,0.0111751,0.0376007,,0.0369957,27.8027
12.0004,1.49808,,1008.39,-31.9918,194108,,0.0111187,0.0979995,,-0.401382,9.18817
12.0004,1.9959,,1008.91,47.5424,206519,,0.00870192,0.0634261,,-0.443337,-2.45659
12.0003,2.49587,,1009.2,76.1176,213485,,0.00542448,0.0140556,,-0.446347,4.6505
12.0004,2.99521,,1008.59,61.2866,198924,,0.00256856,-0.0351601,,-0.701703,9.46196
12.0004,3.49497,,1008.16,44.1035,188631,,0.000868298,-0.0430543,,-0.716488,-3.60143
12.0003,3.99616,,1008.87,39.5884,205601,,0.000278742,-0.0614774,,0.0453325,-9.96714
12.0002,4.49401,,1009.46,25.7941,219488,,-0.000674306,-0.0880448,,1.03259,11.5058
12.0002,4.99273,,1008.37,-15.5057,193760,,-0.00256751,-0.0959977,,1.19896,32.2375
12.0003,5.49319,,1007.13,-83.6626,164419,,-0.000626813,-0.0875143,,0.542084,23.8055
12.0003,5.99398,,1007.22,-132.932,166532,,0.00848886,-0.0191939,,0.129865,8.01138
12.0003,6.49326,,1007.5,-82.2705,173158,,0.0168802,0.092955,,0.498525,12.18
12.0003,6.99244,,1006.77,57.4941,155894,,0.0137231,0.123839,,0.756939,21.1873
12.0003,7.49304,,1005.93,133.588,136239,,0.00120562,-0.00742466,,-0.310096,11.0001
12.0004,7.99327,,1006.01,56.6295,137962,,-0.00747998,-0.129374,,-2.42891,-10.2038
12.0005,8.49328,,1006.74,-36.7443,155277,,-0.00607181,-0.0781181,,-3.78107,-17.1014
12.0004,8.99271,,1007.36,-5.08958,169710,,-0.00267388,0.00277634,,-2.93709,1.82895
12.0003,9.49104,,1006.88,68.8439,158479,,-0.00830349,-0.0446308,,-0.515455,29.9572
12.0001,9.99047,,1005.47,27.0105,125490,,-0.0229309,-0.144056,,1.45294,37.4537
12.0001,10.4912,,1004.57,-117.223,104483,,-0.0352259,-0.136193,,1.6299,18.4667
12.0001,10.9918,,1004.77,-182.667,109083,,-0.0336765,0.0170197,,0.543266,-2.07519
12.0002,11.4918,,1005.31,-52.7004,121824,,-0.0169663,0.164883,,-0.192613,-2.57669
12.0001,11.9911,,1005.3,164.124,121426,,0.00511619,0.12892,,0.502812,10.715
12.0001,12.4904,,1004.58,248.571,104747,,0.019867,-0.0692448,,2.23718,15.308
12,12.9906,,1004.05,115.18,92487.3,,0.0211,-0.234537,,3.58339,3.30544
12,13.4909,,1004.35,-102.104,99466.5,,0.0118349,-0.224474,,3.29163,-7.33471
12,13.9904,,1004.87,-204.715,111532,,0.000149635,-0.0750522,,1.21269,2.1606
12.0001,14.4896,,1004.69,-132.753,107238,,-0.00627949,0.0574953,,-1.63684,25.5584
12.0002,14.9889,,1003.63,1.41039,82825.8,,-0.00365254,0.0593643,,-3.7627,38.237
12.0003,15.4891,,1002.46,63.7172,55987.5,,0.00638303,-0.0168727,,-4.13921,24.7976
12.0003,15.9899,,1002.15,44.2479,48748.6,,0.0177415,-0.0555496,,-2.71867,-3.27706
12.0002,16.4903,,1002.75,27.8665,62555.7,,0.0238974,-0.0369565,,-0.252855,-18.7828
12.0001,16.9898,,1003.38,63.983,77034.9,,0.0223803,-0.0165661,,2.22402,-7.08205
12,17.4886,,1003.17,107.49,72095.5,,0.0156493,-0.0535502,,3.82113,19.6402
12,17.9879,,1002.14,75.7803,48679.2,,0.00797822,-0.135535,,4.06777,36.4506
12,18.488,,1001.08,-44.3852,24396.2,,0.00213056,-0.171818,,3.04238,29.9529
12,18.9886,,1000.67,-161.566,15194.5,,-0.0013381,-0.108435,,1.28728,7.56539
12,19.4893,,1001.11,-173.085,25106.1,,-0.00290849,0.00350787,,-0.498411,-11.546
12,19.9891,,1001.87,-81.0561,42407.2,,-0.0032338,0.0521041,,-1.78743,-13.0367
12.0001,20.4886,,1002.23,11.3718,50641.3,,-0.00293788,-0.00584725,,-2.36132,1.36308
12.0001,20.9876,,1001.89,8.39994,42789.3,,-0.00244796,-0.11236,,-2.24713,17.6345
12.0001,21.4874,,1001.13,-94.7849,25602.9,,-0.00142226,-0.172582,,-1.63006,23.7114
12.0002,21.9873,,1000.47,-206.662,10589.7,,0.00132119,-0.135608,,-0.778629,19.1339
12.0002,22.4878,,1000.11,-225.791,2559.1,,0.00578743,0.00267241,,0.0031461,10.4454
12.0001,22.9879,,1000.02,-221.28,546.333,,0.00962959,0.162601,,0.528312,3.82099
12.5,-1.5,,1010.33,0,240345,,0,0,,0,0
12.5,-1,,1010.12,0,235440,,0,0,,0,0
12.5,-0.5,,1009.92,0,230535,,0,0,,0,0
12.5005,-0.00828681,,1011.21,1.21479,261485,,0.00392543,-0.0918542,,0.620824,10.337
12.5004,0.500776,,1009.77,-82.3608,227007,,0.00767692,-0.0417139,,0.515144,25.9673
12.5005,0.992154,,1009.35,-96.6252,216909,,0.0102976,0.0385009,,-0.136717,27.1345
12.5005,1.49808,,1008.4,-27.3563,194417,,0.00774616,0.0950061,,-0.775991,8.88007
12.5005,1.99589,,1008.91,48.4659,206490,,0.00240433,0.0592088,,-0.952919,-2.42218
12.5005,2.49586,,1009.19,74.1166,213147,,-0.00209199,0.0107691,,-0.99584,4.52197
12.5005,2.99523,,1008.6,58.4497,199063,,-0.00450557,-0.0371224,,-1.14778,9.28046
12.5005,3.49497,,1008.18,41.518,189269,,-0.00614705,-0.0442073,,-0.930514,-3.12319
12.5004,3.9961,,1008.87,36.9859,205498,,-0.00748682,-0.0617854,,-0.00288077,-8.85898
12.5004,4.49397,,1009.4,22.0749,218172,,-0.00716649,-0.0879836,,0.961495,12.1988
12.5004,4.99275,,1008.32,-20.0015,192516,,-0.00401281,-0.0937816,,1.23045,32.001
12.5004,5.49324,,1007.13,-83.9282,164389,,0.00364553,-0.0792619,,1.14531,23.3938
12.5004,5.99401,,1007.25,-123.043,167239,,0.014397,-0.00828663,,1.35114,8.14779
12.5004,6.49326,,1007.52,-64.9338,173489,,0.0214017,0.0963726,,1.53901,12.3898
12.5004,6.99245,,1006.77,71.7569,155895,,0.021195,0.117205,,0.889001,20.4422
12.5005,7.49311,,1005.98,138.808,137358,,0.0188802,-0.0152288,,-0.605886,9.21614
12.5006,7.99335,,1006.15,57.6843,141280,,0.0187537,-0.131581,,-1.9589,-11.8083
12.5006,8.49329,,1006.94,-33.2881,159987,,0.0168219,-0.0787887,,-2.33602,-17.2519
12.5005,8.99264,,1007.53,-1.57004,173788,,0.00829417,-0.00352419,,-1.88375,3.13651
12.5005,9.49094,,1006.97,63.7337,160609,,-0.00346064,-0.0564209,,-1.30956,31.5599
12.5005,9.99039,,1005.49,8.27806,125954,,-0.0106007,-0.154293,,-0.937467,38.2918
12.5004,10.4912,,1004.56,-144.997,104364,,-0.00979445,-0.13802,,-0.450686,18.5395
12.5004,10.9918,,1004.76,-208.411,108928,,-0.00436866,0.0250197,,0.547768,-1.98929
12.5003,11.4918,,1005.28,-67.1805,121113,,0.000314646,0.178059,,1.88198,-1.91056
12.5003,11.9911,,1005.21,162.89,119301,,0.00175059,0.140414,,2.75354,11.6897
12.5003,12.4904,,1004.43,256.408,101194,,0.00211766,-0.0630877,,2.40385,15.7786
12.5004,12.9906,,1003.88,126.796,88553.1,,0.00603921,-0.232391,,0.880571,2.7347
12.5005,13.4909,,1004.22,-88.9617,96381,,0.015751,-0.223363,,-0.865344,-8.74384
12.5005,13.9904,,1004.8,-189.532,109928,,0.0278428,-0.0740741,,-1.67798,0.652181
12.5005,14.4896,,1004.68,-115.399,107084,,0.0346847,0.0570832,,-1.06301,24.6792
12.5004,14.9889,,1003.67,18.44,83680.5,,0.0295055,0.0559714,,0.457293,38.231
12.5004,15.4891,,1002.52,75.4911,57355,,0.0111383,-0.0240019,,1.6851,25.3027
12.5004,15.9899,,1002.22,45.487,50499.4,,-0.0148829,-0.065681,,1.46608,-2.91761
12.5005,16.4903,,1002.86,15.8768,65028.1,,-0.0389793,-0.0471264,,-0.620635,-19.0039
12.5006,16.9898,,1003.53,41.0916,80516.7,,-0.0519377,-0.0222052,,-3.94106,-7.80361
12.5007,17.4886,,1003.34,81.3588,76222.5,,-0.0488138,-0.0512914,,-7.08618,18.8691
12.5007,17.9878,,1002.31,56.8551,52482.6,,-0.0306466,-0.125589,,-8.65719,36.1043
12.5006,18.4879,,1001.19,-47.1076,26834.9,,-0.00303414,-0.157453,,-7.94518,30.3185
12.5004,18.9885,,1000.69,-143.827,15536.8,,0.0269066,-0.0936746,,-5.11638,8.66362
12.5003,19.4892,,1001.02,-135.877,23092.7,,0.0531653,0.0158127,,-1.04857,-10.0107
12.5001,19.9891,,1001.69,-28.9211,38430.4,,0.0724251,0.0607878,,2.95765,-11.6132
12.5,20.4886,,1002.02,72.8566,45755.1,,0.0844422,-0.000413643,,5.64682,2.15588
12.5,20.9876,,1001.69,75.1949,38331.3,,0.091164,-0.108767,,6.34569,17.6215
12.5,21.4875,,1000.99,-22.5633,22459.7,,0.0947438,-0.169033,,5.27959,23.1454
12.5,21.9874,,1000.39,-128.868,8909.77,,0.0962987,-0.134583,,3.32161,18.3564
12.5,22.4877,,1000.11,-147.031,2543.63,,0.0910728,-0.0262267,,1.43594,9.93387
12.5001,22.9879,,999.94,-101.677,-1355.28,,0.0694513,0.0396651,,0.188299,2.2097
13,-1.5,,1010.33,0,240345,,0,0,,0,0
13,-1,,1010.12,0,235440,,0,0,,0,0
13,-0.5,,1009.92,0,230535,,0,0,,0,0
13.0006,-0.00828254,,1011.19,0.0958742,261168,,0.00753175,-0.0882622,,0.751879,10.5486
13.0006,0.500815,,1009.76,-77.9229,226759,,0.0140115,-0.0362727,,0.67536,25.5039
13.0007,0.992209,,1009.37,-88.1107,217571,,0.0186115,0.0387386,,-0.0622363,26.2758
13.0007,1.49807,,1008.46,-21.2444,195769,,0.0157062,0.0894625,,-0.892811,8.35873
13.0007,1.99587,,1008.96,48.6881,207636,,0.00895826,0.0528546,,-1.29429,-2.54828
13.0007,2.49584,,1009.23,70.7377,214021,,0.00357806,0.0069825,,-1.47626,4.38255
13.0007,2.99522,,1008.64,54.1001,200161,,0.000160586,-0.0397011,,-1.56774,9.28325
13.0006,3.49493,,1008.23,34.9574,190300,,-0.0049586,-0.0480107,,-1.19775,-2.45742
13.0005,3.99603,,1008.87,26.3368,205431,,-0.0115026,-0.0644869,,-0.320831,-7.81781
13.0005,4.49394,,1009.36,9.47188,217184,,-0.0136127,-0.0862649,,0.381401,12.7706
13.0005,4.99275,,1008.29,-29.4824,191736,,-0.00895486,-0.0872352,,0.689999,32.1653
13.0004,5.4932,,1007.1,-86.2899,163544,,-0.00116791,-0.0700325,,1.26158,23.8595
13.0004,5.99395,,1007.16,-119.121,165105,,0.0037584,-0.00153845,,2.09524,8.66217
13.0003,6.49326,,1007.39,-59.5992,170455,,0.0035522,0.0979062,,2.02006,11.9174
13.0004,6.99253,,1006.68,76.6232,153885,,0.00417924,0.118535,,0.572743,18.9407
13.0005,7.49317,,1005.97,147.748,137166,,0.011661,-0.0100956,,-0.874128,7.97196
13.0004,7.99333,,1006.16,73.6857,141498,,0.0197462,-0.129,,-0.835869,-11.8616
13.0003,8.49324,,1006.91,-17.3904,159201,,0.0164449,-0.0866031,,0.245837,-16.6875
13.0003,8.99264,,1007.48,3.5204,172684,,0.00218647,-0.0173436,,0.620244,3.16771
13.0004,9.49099,,1006.99,57.2412,160946,,-0.00814735,-0.0635305,,-0.438673,30.9361
13.0005,9.99042,,1005.58,1.00921,128062,,-0.00293945,-0.149042,,-1.66408,38.0729
13.0005,10.4912,,1004.66,-142.364,106584,,0.0132273,-0.127447,,-1.31602,19.6315
13.0004,10.9917,,1004.77,-196.981,109255,,0.0249446,0.0297177,,0.792142,0.0306972
13.0003,11.4917,,1005.19,-58.479,119001,,0.0209765,0.172268,,2.95917,-0.461916
13.0003,11.9911,,1005.08,158.414,116295,,0.00396315,0.129577,,3.0851,11.2053
13.0004,12.4905,,1004.37,239.511,99958.5,,-0.0124126,-0.0684321,,0.563931,13.3801
13.0006,12.9908,,1003.98,110.575,90786.5,,-0.0153752,-0.225416,,-3.10401,-0.0467648
13.0007,13.491,,1004.43,-87.8715,101324,,-0.00259471,-0.206428,,-5.39341,-9.95904
13.0007,13.9904,,1005.01,-163.594,114839,,0.0173747,-0.0575423,,-4.55882,1.96801
13.0005,14.4895,,1004.77,-72.7746,109194,,0.0309851,0.0611261,,-0.814552,27.8292
13.0003,14.9887,,1003.6,57.2188,82002.4,,0.027688,0.0415195,,3.82126,41.3223
13.0002,15.489,,1002.35,88.3179,53301.7,,0.00705219,-0.0525532,,6.82195,26.3956
13.0002,15.99,,1002.08,20.6965,47261.9,,-0.0205458,-0.0961865,,6.54319,-4.79035
13.0003,16.4905,,1002.9,-41.7555,66037.7,,-0.0412697,-0.0668892,,2.90391,-23.3745
13.0005,16.99,,1003.84,-31.1827,87601.6,,-0.0463333,-0.0239269,,-2.68759,-12.9484
13.0008,17.4887,,1003.88,18.0629,88548.3,,-0.034607,-0.0347989,,-7.957,15.1047
13.0009,17.9879,,1002.95,23.5055,67081.2,,-0.0103583,-0.0962959,,-10.8147,35.2341
13.001,18.4878,,1001.77,-38.2526,40086.5,,0.0195057,-0.123384,,-10.279,32.6232
13.0009,18.9883,,1001.08,-91.7984,24415.4,,0.047461,-0.0625887,,-6.74848,13.2783
13.0007,19.489,,1001.14,-49.0928,25890,,0.0676486,0.0388752,,-1.62253,-4.65578
13.0005,19.9889,,1001.55,79.9662,35228.2,,0.0781405,0.0745992,,3.31656,-7.24624
13.0003,20.4884,,1001.7,192.484,38451.2,,0.0811248,0.00601255,,6.54638,4.27394
13.0001,20.9875,,1001.31,198.847,29772.8,,0.0801475,-0.106967,,7.3271,17.2423
13.0001,21.4875,,1000.68,103.48,15396,,0.0767416,-0.170814,,5.9569,21.0169
13.0001,21.9874,,1000.21,-3.97403,4782.16,,0.0685623,-0.145214,,3.43778,15.5864
13.0001,22.4882,,999.908,-33.5236,-2083.15,,0.0524478,-0.0723525,,0.965735,6.48865
13.0001,22.9876,,1000.07,2.18991,1606.31,,0.0304645,-0.0440795,,-0.537747,3.37997
13.5,-1.5,,1010.33,0,240345,,0,0,,0,0
13.5,-1,,1010.12,0,235440,,0,0,,0,0
13.5,-0.5,,1009.92,0,230535,,0,0,,0,0
13.5007,-0.00829702,,1011.16,-0.991478,260383,,0.00758189,-0.0828322,,0.93901,10.8794
13.5006,0.500846,,1009.72,-72.151,225706,,0.0144401,-0.0281904,,0.987181,25.0961
13.5007,0.992272,,1009.36,-77.2391,217307,,0.0197875,0.0402461,,0.300562,25.3488
13.5007,1.49809,,1008.48,-12.6377,196335,,0.0174978,0.0842499,,-0.574534,7.67804
13.5007,1.99588,,1008.99,52.1945,208417,,0.0125412,0.0472248,,-1.04763,-2.83126
13.5008,2.49584,,1009.27,73.321,215085,,0.0106333,0.0044284,,-1.22139,4.2271
13.5008,2.99521,,1008.71,57.9195,201728,,0.0101547,-0.0432786,,-1.19027,9.4047
13.5008,3.49486,,1008.29,34.8761,191717,,0.00453928,-0.0564301,,-0.767012,-1.79976
13.5007,3.99593,,1008.88,18.1127,205806,,-0.00450342,-0.0714081,,-0.126727,-7.09611
13.5007,4.49393,,1009.36,-1.80055,217196,,-0.00661232,-0.0844393,,0.189048,13.0449
13.5007,4.99276,,1008.31,-35.4604,192342,,0.000389149,-0.0794999,,0.378156,32.5474
13.5007,5.49313,,1007.09,-86.3549,163532,,0.00723729,-0.065228,,1.1069,24.806
13.5006,5.99387,,1007.08,-121.458,163091,,0.00527313,-0.00445931,,1.77725,9.06812
13.5006,6.49329,,1007.28,-69.8442,167986,,-0.00257289,0.0933226,,0.943099,10.6307
13.5007,6.99264,,1006.67,65.0495,153554,,-0.00451889,0.122609,,-1.17141,16.997
13.5008,7.4932,,1006.03,147.002,138545,,0.00328119,0.000425314,,-2.39993,7.53139
13.5007,7.99323,,1006.15,84.176,141434,,0.00861046,-0.126893,,-1.46462,-10.4611
13.5006,8.49312,,1006.78,-11.0071,156159,,-0.000324509,-0.0996104,,0.319307,-15.3946
13.5005,8.99264,,1007.32,-6.61478,168904,,-0.0173732,-0.0326728,,0.814388,2.66923
13.5006,9.49109,,1006.93,37.7771,159688,,-0.0248906,-0.0638712,,-0.298162,29.3156
13.5006,9.99048,,1005.66,-7.48119,129806,,-0.0142102,-0.132278,,-1.27913,37.4945
13.5006,10.4911,,1004.75,-127.253,108678,,0.00643029,-0.107839,,-0.465933,21.2174
13.5005,10.9916,,1004.76,-166.655,108837,,0.0209179,0.0356446,,1.79874,2.57173
13.5004,11.4917,,1005.06,-35.0183,115873,,0.019063,0.159855,,3.42167,0.591224
13.5004,11.9911,,1004.94,157.956,113189,,0.0042913,0.10931,,2.56238,9.35932
13.5005,12.4906,,1004.38,215.945,100112,,-0.0105532,-0.0809131,,-0.607982,9.56409
13.5006,12.9909,,1004.17,80.7759,95187.8,,-0.0155578,-0.222492,,-4.04017,-3.28939
13.5007,13.491,,1004.72,-104.542,107918,,-0.0107487,-0.192251,,-5.43947,-10.3589
13.5006,13.9903,,1005.23,-159.036,119839,,-0.00287165,-0.0428685,,-3.86224,4.90025
13.5004,14.4893,,1004.78,-54.1136,109323,,0.00117491,0.0660081,,-0.195117,32.5651
13.5002,14.9885,,1003.35,73.5783,76378.7,,-0.00105443,0.0331597,,3.57741,45.388
13.5001,15.4889,,1001.93,87.7047,43760.8,,-0.00578256,-0.0680631,,5.72582,27.8735
13.5001,15.99,,1001.64,-0.273739,37147.4,,-0.00595864,-0.108008,,5.65485,-6.43074
13.5001,16.4906,,1002.58,-73.7457,58619.7,,0.00228493,-0.067941,,3.831,-27.333
13.5002,16.9902,,1003.72,-59.3198,84981.4,,0.0161422,-0.0143376,,1.25242,-17.5632
13.5003,17.4889,,1003.99,5.63565,91027.9,,0.0288058,-0.0190857,,-0.993157,11.6778
13.5004,17.988,,1003.21,31.2634,73067,,0.0340319,-0.0799525,,-2.10509,34.2144
13.5004,18.4878,,1002.06,-13.4684,46789.1,,0.0283765,-0.11155,,-1.89428,34.1191
13.5003,18.9882,,1001.28,-58.5592,29089.2,,0.0118659,-0.0587294,,-0.788032,16.44
13.5001,19.4888,,1001.19,-17.2473,26939.4,,-0.0115588,0.0350381,,0.54396,-1.10519
13.5,19.9887,,1001.44,104.19,32686.9,,-0.0345635,0.067251,,1.5736,-4.49074
13.5,20.4883,,1001.49,209.13,33728.7,,-0.0495322,0.000361295,,2.07382,5.51271
13.5,20.9875,,1001.1,212.655,24982.1,,-0.0526307,-0.108726,,2.08066,16.9002
13.5001,21.4875,,1000.55,118.699,12362.2,,-0.0460763,-0.171416,,1.78441,19.6129
13.5002,21.9874,,1000.19,11.8244,4381.4,,-0.0369171,-0.151849,,1.3801,13.8287
13.5002,22.4879,,1000.06,-24.7969,1252.97,,-0.0296603,-0.0733511,,0.96771,6.06739
13.5001,22.9874,,1000.24,-32.5443,5508.28,,-0.0228831,0.00759472,,0.648826,5.56566
14,-1.5,,1010.33,0,240345,,0,0,,0,0
14,-1,,1010.12,0,235440,,0,0,,0,0
14,-0.5,,1009.92,0,230535,,0,0,,0,0
14.0009,-0.00832499,,1011.13,-4.6569,259607,,0.00492777,-0.0793853,,0.900823,11.2751
14.0009,0.500853,,1009.67,-70.4365,224521,,0.00925202,-0.0218057,,0.933923,24.7395
14.0009,0.992314,,1009.34,-71.788,216712,,0.0118579,0.0403583,,0.209554,24.4182
14.0009,1.49808,,1008.48,-10.5075,196315,,0.00711774,0.0788506,,-0.708647,6.97972
14.0009,1.99589,,1008.99,50.2699,208368,,0.00175748,0.0443246,,-1.12811,-3.04056
14.0009,2.49585,,1009.27,74.1869,215072,,0.00233078,0.00667814,,-1.05521,4.29641
14.0009,2.99522,,1008.72,63.7957,201983,,0.00547305,-0.0431955,,-0.689938,9.74686
14.0008,3.49483,,1008.3,38.3557,191895,,0.00306249,-0.0634545,,-0.098059,-1.1744
14.0008,3.99588,,1008.87,14.6889,205558,,-0.00198405,-0.0761024,,0.494259,-6.63463
14.0008,4.49394,,1009.37,-4.32183,217394,,0.00173673,-0.0781372,,0.81159,13.1764
14.0008,4.99278,,1008.36,-28.2674,193487,,0.013567,-0.0688601,,1.19854,33.0264
14.0008,5.49309,,1007.12,-73.2634,164159,,0.0216686,-0.0621883,,1.96007,25.6297
14.0008,5.99387,,1007.06,-114.474,162605,,0.0203727,-0.0107696,,2.11527,8.77445
14.0008,6.49339,,1007.31,-72.8154,168685,,0.0164189,0.0880214,,0.588297,8.57745
14.001,6.99274,,1006.83,61.6404,157258,,0.0183559,0.126643,,-1.66181,14.9734
14.001,7.49319,,1006.24,152.816,143471,,0.0234194,0.00657171,,-2.56929,7.53829
14.0009,7.99312,,1006.28,94.0221,144470,,0.0203422,-0.132321,,-1.75687,-8.87519
14.0009,8.49304,,1006.8,-12.9489,156674,,0.00584581,-0.116704,,-0.777755,-14.315
14.0008,8.99262,,1007.32,-26.9314,168822,,-0.00942218,-0.0462388,,-0.761219,2.27764
14.0008,9.4911,,1006.98,10.9467,160737,,-0.013462,-0.0616238,,-1.09063,28.5574
14.0008,9.99047,,1005.74,-22.298,131702,,-0.00585522,-0.117136,,-0.519003,37.9782
14.0007,10.4911,,1004.79,-121.993,109608,,0.0047138,-0.0922432,,1.18174,23.13
14.0006,10.9915,,1004.7,-149.111,107459,,0.0108872,0.041527,,2.84678,4.36838
14.0006,11.4916,,1004.94,-19.5137,113016,,0.0121825,0.155008,,3.013,0.475423
14.0007,11.9912,,1004.86,162.977,111321,,0.0128692,0.10102,,1.38131,7.06275
14.0007,12.4907,,1004.42,212.51,100976,,0.0159741,-0.0851641,,-0.815451,6.62441
14.0008,12.991,,1004.3,76.167,98393.5,,0.0190744,-0.222247,,-1.96974,-4.90928
14.0008,13.491,,1004.87,-106.738,111604,,0.0163668,-0.192493,,-1.49819,-9.77329
14.0007,13.9902,,1005.32,-162.258,122057,,0.00493156,-0.0473059,,-0.177048,7.07004
14.0007,14.4892,,1004.77,-64.0921,109150,,-0.0108736,0.0589744,,0.647789,34.8375
14.0007,14.9885,,1003.26,55.8254,74345.6,,-0.0210261,0.0294866,,0.192177,46.5659
14.0008,15.4889,,1001.81,69.2256,41072.5,,-0.0169462,-0.0624282,,-1.13493,27.8025
14.0009,15.99,,1001.52,-6.68889,34436.6,,0.00218564,-0.0918123,,-2.08542,-7.05864
14.0008,16.4906,,1002.45,-56.8961,55728.5,,0.0290255,-0.0466572,,-1.55608,-27.7361
14.0008,16.9902,,1003.58,-17.6543,81625.7,,0.0516232,0.00202974,,0.629238,-17.3817
14.0006,17.4889,,1003.82,60.6842,87115.5,,0.0579534,-0.0170196,,3.64421,12.3362
14.0005,17.9879,,1003.01,79.1799,68608.1,,0.0413659,-0.0961858,,6.18517,34.9342
14.0003,18.4877,,1001.86,6.29074,42109,,0.00473737,-0.143077,,7.1504,34.3991
14.0003,18.9881,,1001.11,-80.5823,25149.2,,-0.0408161,-0.0972804,,6.14661,15.981
14.0004,19.4888,,1001.11,-83.3684,25032.8,,-0.0821485,-0.000224848,,3.63038,-2.17925
14.0006,19.9887,,1001.48,2.84056,33536.6,,-0.109624,0.0442193,,0.682631,-5.67804
14.0007,20.4884,,1001.63,89.0975,36865.1,,-0.11961,-0.00602177,,-1.50675,4.78319
14.0007,20.9876,,1001.28,92.2819,29007.7,,-0.113557,-0.0996819,,-2.18208,16.9274
14.0005,21.4875,,1000.69,11.2864,15517,,-0.096285,-0.153422,,-1.32971,20.3126
14.0003,21.9874,,1000.24,-76.4298,5495.95,,-0.0726963,-0.126074,,0.485252,14.8134
14,22.4876,,1000.09,-93.6494,1972.21,,-0.0463025,-0.0435449,,2.21029,6.84711
13.9999,22.9875,,1000.1,-90.192,2178.92,,-0.0223815,0.0508274,,2.64139,2.8708
14.5,-1.5,,1010.33,0,240345,,0,0,,0,0
14.5,-1,,1010.12,0,235440,,0,0,,0,0
14.5,-0.5,,1009.92,0,230535,,0,0,,0,0
14.5011,-0.00831483,,1011.11,-8.47582,259223,,0.00975806,-0.0758296,,0.866323,11.6309
14.501,0.5009,,1009.65,-68.9993,224043,,0.0164066,-0.0159266,,0.846343,24.3078
14.5011,0.992375,,1009.36,-67.607,217116,,0.0200924,0.0386247,,0.00281621,23.3699
14.5011,1.49807,,1008.53,-11.3316,197522,,0.0145083,0.0711955,,-1.08077,6.19187
14.5011,1.99586,,1009.04,44.2487,209501,,0.00712849,0.0399637,,-1.5864,-3.16631
14.5011,2.49579,,1009.29,70.1217,215631,,0.00385331,0.00780997,,-1.45474,4.61803
14.501,2.99516,,1008.71,62.7423,201788,,0.00099778,-0.0444959,,-1.03444,10.2806
14.5009,3.49476,,1008.25,32.5126,190855,,-0.00724202,-0.0703785,,-0.538247,-0.538086
14.5008,3.99583,,1008.8,2.61022,203810,,-0.0141076,-0.0771394,,0.0273197,-6.0871
14.5008,4.49395,,1009.3,-11.4952,215714,,-0.00883702,-0.0675123,,0.714204,13.6929
14.5007,4.99274,,1008.3,-23.182,191889,,0.00215946,-0.0578582,,1.6562,33.8607
14.5007,5.49301,,1007,-62.9644,161399,,0.00626161,-0.060034,,2.54024,26.2562
14.5006,5.99388,,1006.91,-108.152,159149,,0.00567205,-0.0121747,,2.35319,7.94353
14.5007,6.4935,,1007.25,-67.7126,167120,,0.0106425,0.0917797,,0.847346,6.49995
14.5007,6.9928,,1006.87,74.0739,158265,,0.0205255,0.133568,,-0.551213,13.5781
14.5007,7.49315,,1006.3,171.961,144769,,0.0236304,0.00611288,,-0.652258,7.76152
14.5007,7.99308,,1006.29,107.807,144600,,0.0142085,-0.144358,,-0.284147,-8.26327
14.5007,8.49305,,1006.81,-14.639,156766,,0.000957457,-0.131334,,-0.793712,-14.5475
14.5007,8.99262,,1007.37,-40.6678,169926,,-0.00402354,-0.0518755,,-1.79111,1.7679
14.5007,9.49104,,1007.02,-2.86759,161868,,0.000697128,-0.0572322,,-1.69446,29.0976
14.5006,9.99039,,1005.72,-29.2461,131190,,0.00570307,-0.111329,,-0.0235284,39.7461
14.5005,10.491,,1004.67,-125.692,106921,,0.0024943,-0.0916132,,1.86541,24.8544
14.5005,10.9915,,1004.53,-155.825,103634,,-0.00630439,0.0396247,,2.21336,4.58735
14.5006,11.4917,,1004.81,-27.6432,110006,,-0.00918376,0.157943,,0.659341,-1.02428
14.5007,11.9913,,1004.82,162.927,110383,,0.0012144,0.11134,,-1.3258,5.1874
14.5007,12.4907,,1004.44,228.289,101414,,0.0191837,-0.0734386,,-1.75811,6.04658
14.5007,12.9909,,1004.3,104.515,98378.8,,0.03136,-0.218735,,0.0100807,-3.75908
14.5006,13.4909,,1004.81,-80.7118,110112,,0.0281138,-0.202796,,2.65835,-8.06593
14.5005,13.9902,,1005.23,-155.347,119877,,0.0102518,-0.0677148,,3.95741,7.59687
14.5006,14.4892,,1004.74,-82.4208,108484,,-0.0109294,0.0408769,,2.51281,33.2993
14.5008,14.9886,,1003.39,22.4036,77350.7,,-0.0208049,0.0262545,,-1.1762,43.6558
14.501,15.4891,,1002.12,41.6119,48135.2,,-0.0128563,-0.0477578,,-5.06669,25.3392
14.5011,15.9901,,1001.92,-8.99934,43573.2,,0.00728776,-0.0664189,,-6.90572,-7.33969
14.5011,16.4906,,1002.79,-26.3804,63591.9,,0.0283255,-0.0221484,,-5.52534,-25.2647
14.501,16.99,,1003.73,37.5273,85130.3,,0.040029,0.0138404,,-1.43135,-13.0818
14.5007,17.4887,,1003.72,119.926,84847.8,,0.036339,-0.0257615,,3.51701,16.5982
14.5005,17.9877,,1002.71,118.377,61600.4,,0.0188949,-0.123878,,7.1903,37.405
14.5004,18.4876,,1001.48,8.60035,33453,,-0.00231234,-0.178627,,8.29834,34.2576
14.5005,18.9882,,1000.81,-118.476,18415.8,,-0.0160187,-0.127916,,6.80704,13.5383
14.5006,19.489,,1000.99,-153.233,22460.4,,-0.0182103,-0.0190774,,3.63796,-5.76318
14.5007,19.9888,,1001.55,-85.8412,35084.5,,-0.0130821,0.0374063,,0.119373,-8.95995
14.5006,20.4883,,1001.79,-5.66111,40618.6,,-0.00749379,-0.00385588,,-2.59669,2.90043
14.5004,20.9874,,1001.42,1.2991,32289.8,,-0.00569631,-0.0918876,,-3.92636,16.806
14.5003,21.4872,,1000.72,-69.0622,16174.4,,-0.00730527,-0.141907,,-3.88714,21.6085
14.5001,21.987,,1000.12,-141.179,2683.37,,-0.00920908,-0.110398,,-2.82972,16.6803
14.5001,22.488,,999.736,-140.832,-5948.39,,-0.00801986,-0.0172955,,-1.33626,6.08182
14.5,22.9877,,999.745,-89.6205,-5753.23,,-0.00228451,0.027317,,-0.177805,-2.62518
15,-1.5,,1010.33,0,240345,,0,0,,0,0
15,-1,,1010.12,0,235440,,0,0,,0,0
15,-0.5,,1009.92,0,230535,,0,0,,0,0
15.0012,-0.0083488,,1011.08,-9.33753,258401,,0.0121809,-0.0698689,,0.868922,11.9872
15.0011,0.500912,,1009.6,-62.2373,222826,,0.0197955,-0.00769662,,0.858473,23.8409
15.0011,0.992438,,1009.34,-56.6941,216770,,0.0245581,0.0381187,,0.0117216,22.2222
15.0011,1.4981,,1008.57,-4.50042,198381,,0.0209748,0.0645038,,-1.05738,5.31777
15.0012,1.99588,,1009.1,46.5146,210960,,0.0166199,0.0351651,,-1.46358,-3.28864
15.0012,2.49576,,1009.36,72.9702,217177,,0.0150534,0.00513943,,-1.25483,4.91045
15.0012,2.99511,,1008.77,63.9344,203200,,0.0105062,-0.0526348,,-1.0655,10.53
15.0012,3.49469,,1008.3,23.4404,192089,,-0.00134135,-0.0829769,,-1.14791,-0.297889
15.0012,3.99575,,1008.83,-15.0902,204564,,-0.0103738,-0.0797118,,-1.04339,-5.55225
15.0011,4.49391,,1009.3,-24.9244,215790,,-0.0063508,-0.0581565,,-0.307279,14.6646
15.0011,4.99269,,1008.25,-28.3697,190913,,0.000114773,-0.0525527,,0.807009,34.9575
15.001,5.49294,,1006.9,-69.1372,159007,,-0.00297923,-0.0632367,,1.36507,26.5472
15.001,5.9939,,1006.8,-118.106,156628,,-0.00666904,-0.0106202,,0.684778,6.89462
15.0011,6.49357,,1007.21,-70.2924,166224,,0.00118055,0.103398,,-0.443275,5.23078
15.0011,6.9928,,1006.87,85.4788,158187,,0.0126001,0.141966,,-0.447528,13.5681
15.001,7.49307,,1006.24,186.993,143482,,0.011267,-0.000215581,,0.666663,8.49501
15.001,7.99307,,1006.21,111.745,142689,,-0.00157286,-0.157884,,1.0865,-8.54571
15.001,8.49313,,1006.81,-21.902,156824,,-0.00860883,-0.136218,,-0.100467,-15.9904
15.0011,8.99266,,1007.48,-45.3636,172502,,-2.30705e-05,-0.0438471,,-1.44655,1.00689
15.0011,9.49097,,1007.14,4.54457,164482,,0.0157385,-0.0469273,,-1.10593,30.2698
15.001,9.99028,,1005.72,-16.3952,131410,,0.02274,-0.111809,,0.646735,41.7737
15.0009,10.4909,,1004.59,-124.098,104969,,0.0132923,-0.104607,,1.64083,25.5263
15.0009,10.9916,,1004.46,-173.748,101969,,-0.00465705,0.0265632,,0.277843,2.96285
15.001,11.4918,,1004.84,-54.2426,110835,,-0.0148378,0.158962,,-2.6427,-3.57879
15.0011,11.9913,,1004.95,148.226,113373,,-0.00942419,0.126697,,-4.57388,4.15437
15.001,12.4907,,1004.54,237.03,103817,,0.00325126,-0.0572088,,-3.59014,7.80955
15.0008,12.9908,,1004.26,129.365,97443.6,,0.00932843,-0.21484,,-0.0796122,-0.24583
15.0007,13.4908,,1004.61,-59.4906,105373,,0.00341669,-0.213874,,3.65115,-5.30975
15.0005,13.9901,,1004.96,-153.78,113630,,-0.0083197,-0.0851589,,5.21279,7.55286
15.0005,14.4893,,1004.56,-101.106,104304,,-0.014477,0.030746,,3.82319,30.3351
15.0006,14.9888,,1003.41,-2.61062,77646.3,,-0.00818478,0.0311573,,0.641177,39.5232
15.0007,15.4892,,1002.32,27.222,52718.1,,0.00626255,-0.0324359,,-2.33729,22.3609
15.0007,15.9901,,1002.2,-5.24137,50072.3,,0.0169911,-0.0520346,,-3.64208,-7.64319
15.0007,16.4905,,1003.02,-10.2398,68695,,0.0144425,-0.0175326,,-2.97671,-22.8549
15.0006,16.9898,,1003.77,52.8053,86134.9,,-0.00187748,0.00635689,,-1.14015,-9.30374
15.0004,17.4885,,1003.56,122.636,81206.2,,-0.0228575,-0.0404832,,0.573415,19.8694
15.0004,17.9877,,1002.42,105.204,54998.3,,-0.0349217,-0.135381,,1.24156,38.8707
15.0004,18.4877,,1001.16,-12.7664,26195.9,,-0.0282244,-0.177266,,0.763325,33.6854
15.0004,18.9882,,1000.53,-132.971,11927.8,,-0.00248165,-0.112344,,-0.421289,11.5002
15.0002,19.4889,,1000.76,-147.461,17171.1,,0.0333922,0.00301635,,-1.82993,-8.39578
15.0002,19.9888,,1001.37,-56.1063,31021.7,,0.0664224,0.0552369,,-3.19667,-11.4146
15.0002,20.4883,,1001.67,40.6121,37786.8,,0.0855047,0.00234908,,-4.52206,1.05582
15.0003,20.9874,,1001.36,50.4987,30880.9,,0.0856958,-0.0982471,,-5.94774,15.6531
15.0005,21.4873,,1000.72,-29.2672,16315.1,,0.069751,-0.155998,,-7.44442,21.1493
15.0006,21.9872,,1000.19,-116.004,4270.47,,0.0456536,-0.128216,,-8.6056,17.0413
15.0006,22.4876,,999.888,-126.74,-2526.98,,0.0225514,-0.02823,,-8.54111,8.32232
15.0004,22.9875,,999.815,-85.9683,-4172.24,,0.00498577,0.0283295,,-6.42193,0.46598
15.5,-1.5,,1010.33,0,240345,,0,0,,0,0
15.5,-1,,1010.12,0,235440,,0,0,,0,0
15.5,-0.5,,1009.92,0,230535,,0,0,,0,0
15.5014,-0.00836186,,1011.06,-9.79754,257894,,0.0117865,-0.0647813,,0.758314,12.3151
15.5014,0.500922,,1009.56,-55.364,221996,,0.0169572,-0.000921038,,0.702176,23.3719
15.5015,0.99248,,1009.34,-46.2313,216692,,0.0188367,0.0370272,,-0.126034,21.1369
15.5014,1.49808,,1008.6,2.50072,199176,,0.0137538,0.0596421,,-1.00228,4.66514
15.5014,1.99588,,1009.13,51.2027,211793,,0.0105269,0.034305,,-0.971047,-3.04901
15.5013,2.49576,,1009.38,80.4355,217603,,0.0124541,0.00634467,,-0.243168,5.39404
15.5013,2.99514,,1008.8,71.0952,203829,,0.013571,-0.0576486,,0.143961,10.4767
15.5013,3.49472,,1008.38,22.8633,193964,,0.0100671,-0.0920584,,-0.174781,-0.631083
15.5013,3.99572,,1008.95,-19.9568,207344,,0.00997804,-0.0791253,,-0.379796,-5.31241
15.5013,4.49386,,1009.4,-23.9937,218086,,0.0182068,-0.0498232,,0.173425,15.603
15.5012,4.99264,,1008.3,-24.42,191903,,0.0220811,-0.0529638,,0.84691,35.6533
15.5012,5.49294,,1006.92,-73.8778,159384,,0.014764,-0.071274,,0.458679,26.0021
15.5013,5.99396,,1006.87,-129.261,158207,,0.00968082,-0.00965148,,-1.02868,5.53711
15.5013,6.4936,,1007.34,-72.9932,169221,,0.0154334,0.114157,,-2.00989,4.8431
15.5012,6.99271,,1006.95,93.5924,160111,,0.0195069,0.144644,,-1.14848,14.8782
15.5011,7.49297,,1006.21,190.644,142703,,0.00942921,-0.0126733,,0.608556,9.84349
15.501,7.99307,,1006.14,100.28,141098,,-0.00579525,-0.169849,,1.23625,-8.90079
15.501,8.49318,,1006.82,-37.8859,157160,,-0.00782002,-0.131369,,0.51147,-17.3361
15.501,8.99268,,1007.57,-45.7979,174830,,0.00769996,-0.0250939,,0.17805,0.782491
15.501,9.49093,,1007.22,26.2686,166581,,0.0278056,-0.0310562,,1.33929,31.7307
15.501,9.99021,,1005.74,13.8038,131691,,0.037173,-0.111932,,2.83733,43.106
15.501,10.4909,,1004.56,-106.292,104413,,0.0318983,-0.118994,,2.52826,24.624
15.501,10.9916,,1004.52,-176.707,103294,,0.0207196,0.0116534,,-0.224322,-0.131617
15.5012,11.4919,,1005.04,-68.0217,115533,,0.0139716,0.155005,,-3.63041,-6.50738
15.5012,11.9913,,1005.23,138.877,119834,,0.0124405,0.131379,,-5.10864,3.85303
15.5011,12.4905,,1004.75,236.839,108764,,0.00838839,-0.055299,,-3.70265,10.4791
15.501,12.9906,,1004.31,129.63,98605.9,,-0.00330021,-0.222001,,-0.706127,3.52798
15.5009,13.4907,,1004.5,-69.4483,102846,,-0.0170544,-0.224499,,1.77234,-2.80983
15.5009,13.9901,,1004.79,-173.357,109565,,-0.0202873,-0.0877156,,2.59469,7.6563
15.5009,14.4894,,1004.42,-117.256,101101,,-0.00569451,0.0423002,,2.21323,28.7154
15.501,14.9888,,1003.34,-0.987909,76127,,0.0204283,0.0509573,,1.83852,37.7048
15.501,15.4892,,1002.3,49.5033,52264.1,,0.0423909,-0.0181033,,2.08277,21.3793
15.501,15.9901,,1002.19,24.5129,49830.7,,0.0457508,-0.0549849,,2.47638,-7.74291
15.501,16.4904,,1003,5.03797,68218.6,,0.0257382,-0.0396865,,2.08123,-22.6962
15.5011,16.9898,,1003.76,37.2756,85871.5,,-0.00865206,-0.0242988,,0.341015,-9.61208
15.5013,17.4885,,1003.62,76.2534,82455.8,,-0.0391811,-0.0624832,,-2.47058,18.8251
15.5014,17.9877,,1002.58,44.5795,58559,,-0.0514282,-0.13671,,-5.35079,37.476
15.5015,18.4877,,1001.39,-61.6233,31460.2,,-0.0416749,-0.156222,,-7.14168,32.6122
15.5015,18.9882,,1000.79,-144.786,17821.4,,-0.0128879,-0.0752117,,-7.20401,11.1374
15.5016,19.4889,,1001.03,-107.346,23371.5,,0.02783,0.0450514,,-5.75022,-8.18929
15.5018,19.9888,,1001.67,33.4648,37862.8,,0.0680602,0.0884785,,-3.71465,-11.1718
15.5019,20.4884,,1002.01,160.129,45689.7,,0.0933548,0.0157819,,-2.27984,0.690358
15.5018,20.9874,,1001.78,172.585,40295.3,,0.0955977,-0.106626,,-2.31353,14.3429
15.5015,21.4872,,1001.22,71.8372,27717.5,,0.0777462,-0.179798,,-3.87332,19.2382
15.5012,21.987,,1000.77,-46.8022,17412.9,,0.0505957,-0.153753,,-6.07501,16.0821
15.5008,22.4871,,1000.49,-81.7563,11114.3,,0.0261034,-0.0667827,,-7.3058,12.6282
15.5005,22.9868,,1000.42,-88.366,9593,,0.00938768,0.049057,,-6.23374,13.0397
16,-1.5,,1010.33,0,240345,,0,0,,0,0
16,-1,,1010.12,0,235440,,0,0,,0,0
16,-0.5,,1009.92,0,230535,,0,0,,0,0
16.0015,-0.00835398,,1011.04,-11.4512,257489,,0.012807,-0.0606532,,0.802796,12.6098
16.0014,0.500963,,1009.53,-52.1511,221376,,0.0166046,0.00354391,,0.71934,22.8561
16.0014,0.992536,,1009.35,-42.3372,216921,,0.0165801,0.0330888,,-0.187465,20.062
16.0015,1.49805,,1008.64,1.0031,200161,,0.00930769,0.0527747,,-1.10296,4.21955
16.0014,1.9958,,1009.15,46.5027,212101,,0.00313112,0.0319307,,-0.96258,-2.38017
16.0013,2.49561,,1009.31,77.6069,216081,,2.35677e-05,0.00706924,,-0.026572,6.28311
16.0012,2.99507,,1008.68,68.6946,201106,,-0.0029802,-0.0589969,,0.544949,10.5671
16.0011,3.49473,,1008.29,18.4634,191877,,-0.004663,-0.0921861,,0.462706,-0.940452
16.0011,3.99571,,1008.9,-19.2641,206162,,0.00235867,-0.0699194,,0.680669,-4.98127
16.0011,4.49381,,1009.33,-11.8025,216561,,0.0153137,-0.0402787,,1.50991,16.3647
16.001,4.99257,,1008.2,-10.3837,189606,,0.0179945,-0.0570601,,1.7764,35.5276
16.001,5.49296,,1006.84,-70.8615,157638,,0.00985858,-0.0799766,,0.481892,24.4295
16.0011,5.99404,,1006.89,-131.529,158690,,0.00812437,-0.00756387,,-1.57409,3.81777
16.0011,6.49358,,1007.42,-67.7843,171078,,0.0141135,0.119703,,-2.5182,4.81109
16.001,6.99257,,1006.96,101.112,160336,,0.0106023,0.136918,,-1.72317,16.4345
16.0009,7.49286,,1006.11,183.421,140322,,-0.00691607,-0.0308122,,-0.609377,11.0039
16.0009,7.99305,,1006.02,74.8843,138200,,-0.0222086,-0.179706,,-0.518043,-9.11948
16.0009,8.49318,,1006.74,-64.3362,155207,,-0.0217186,-0.12287,,-0.700276,-17.5844
16.0008,8.99263,,1007.49,-54.5652,172740,,-0.00846228,-0.00609228,,0.446452,1.99872
16.0007,9.49087,,1007.06,37.585,162811,,0.00512009,-0.0168103,,2.77171,33.7183
16.0007,9.99019,,1005.51,32.6821,126462,,0.0106229,-0.109762,,4.18648,43.6423
16.0007,10.491,,1004.37,-92.099,99875.5,,0.0113792,-0.122959,,3.00974,22.5008
16.0008,10.9918,,1004.45,-167.223,101852,,0.0161834,0.0105254,,-0.0802143,-3.63783
16.0009,11.492,,1005.12,-56.2736,117387,,0.0247271,0.15636,,-2.63876,-8.77083
16.0009,11.9913,,1005.35,153.122,122678,,0.0261788,0.127019,,-2.89227,4.25715
16.0009,12.4905,,1004.82,242.957,110307,,0.0128298,-0.0703044,,-1.39945,12.6072
16.0008,12.9905,,1004.31,115.387,98459.1,,-0.0105095,-0.241958,,-0.153487,5.36129
16.0008,13.4907,,1004.47,-103.554,102113,,-0.0286729,-0.234841,,-0.364314,-2.3481
16.0009,13.9902,,1004.78,-209.139,109396,,-0.0265706,-0.0767139,,-1.33269,7.35477
16.0009,14.4894,,1004.43,-130.585,101273,,-0.00288473,0.0707934,,-1.33282,29.0187
16.0009,14.9888,,1003.29,20.1676,75052.8,,0.0274398,0.0799533,,0.556784,39.1723
16.0008,15.4892,,1002.15,96.5103,48828.3,,0.0465353,-0.00510799,,3.44541,23.1146
16.0007,15.9901,,1001.97,73.1781,44775.5,,0.045348,-0.0653069,,5.31367,-7.28548
16.0007,16.4905,,1002.81,29.7597,63863.3,,0.0264487,-0.068228,,4.6267,-24.4216
16.0008,16.99,,1003.72,25.5259,84878.8,,0.00218256,-0.0551986,,1.45506,-13.1205
16.001,17.4887,,1003.78,34.0751,86159.2,,-0.0143334,-0.0806715,,-2.66829,14.9633
16.001,17.9878,,1002.91,-9.17817,66238.9,,-0.0185694,-0.137327,,-5.79385,34.8888
16.001,18.4877,,1001.82,-105.094,41333.2,,-0.0119412,-0.140617,,-6.51725,32.3476
16.0011,18.9883,,1001.24,-160.4,27978.1,,0.00306217,-0.0468322,,-4.47253,13.2127
16.001,19.489,,1001.41,-86.9927,31846.1,,0.0202812,0.0774502,,-0.466066,-4.77432
16.0006,19.9888,,1001.9,84.9382,43026.8,,0.0303975,0.111807,,3.9042,-7.94888
16.0002,20.4881,,1002.08,227.207,47291.2,,0.027955,0.0209614,,7.0714,2.37965
15.9998,20.9872,,1001.76,236.681,39808.3,,0.0156194,-0.11871,,8.17385,13.9839
15.9998,21.487,,1001.22,120.244,27519.1,,0.00159615,-0.200182,,7.32579,17.3319
15.9999,21.9866,,1000.85,-16.2941,19200.6,,-0.00714763,-0.177287,,5.37451,13.9855
16.0001,22.4871,,1000.57,-63.3239,12900.3,,-0.00703791,-0.0758937,,3.3037,11.9933
16.0001,22.9863,,1000.7,-60.9659,15815.5,,-0.000160889,0.0193919,,1.68975,17.8919
16.5,-1.5,,1010.33,0,240345,,0,0,,0,0
16.5,-1,,1010.12,0,235440,,0,0,,0,0
16.5,-0.5,,1009.92,0,230535,,0,0,,0,0
16.5017,-0.00842423,,1011.01,-12.1091,256844,,0.0142654,-0.05763,,0.902015,12.93
16.5016,0.50093,,1009.49,-48.4883,220359,,0.017595,0.00661248,,0.818622,22.289
16.5017,0.992573,,1009.35,-38.5108,216934,,0.0179705,0.028772,,-0.139384,18.8796
16.5017,1.49806,,1008.7,-0.220359,201481,,0.0133972,0.0464466,,-1.12856,3.68344
16.5017,1.99581,,1009.21,41.5923,213534,,0.0102002,0.0278446,,-1.1353,-1.80191
16.5017,2.49555,,1009.33,71.0655,216533,,0.00707594,0.0025961,,-0.546818,7.01696
16.5017,2.99501,,1008.68,58.0136,200933,,0.00057752,-0.0650763,,-0.413203,10.5971
16.5017,3.49469,,1008.3,4.5222,192083,,-0.00519664,-0.092201,,-0.557451,-0.874424
16.5016,3.99566,,1008.89,-25.9181,206027,,-0.000629198,-0.0577238,,0.229842,-3.96876
16.5015,4.49379,,1009.27,-5.45849,215085,,0.0111725,-0.029972,,1.71734,17.3657
16.5016,4.99258,,1008.12,-1.85159,187850,,0.0140016,-0.0615243,,2.04162,34.8921
16.5016,5.49301,,1006.84,-69.4994,157592,,0.00948881,-0.084744,,0.498544,22.3576
16.5017,5.99412,,1006.99,-127.915,161039,,0.0143878,4.10485e-06,,-1.30189,2.23905
16.5017,6.49357,,1007.55,-53.3839,174339,,0.0243451,0.124047,,-1.67221,4.95201
16.5017,6.99249,,1007.06,113.633,162630,,0.0197934,0.123409,,-1.04658,17.3107
16.5016,7.49283,,1006.18,177.025,141982,,0.00242355,-0.049637,,-1.08038,10.9942
16.5016,7.99307,,1006.13,52.5351,140898,,-0.00746692,-0.185255,,-2.05543,-9.75065
16.5016,8.49313,,1006.89,-85.0696,158638,,-0.00291949,-0.114595,,-2.29447,-16.9959
16.5015,8.99251,,1007.55,-63.8939,174365,,0.00520894,0.00437621,,-0.497275,4.41276
16.5014,9.49076,,1006.99,34.2936,161134,,0.00625176,-0.0133423,,2.1396,36.0437
16.5013,9.99017,,1005.36,26.0084,122996,,0.000308205,-0.111619,,3.03092,43.5368
16.5013,10.4911,,1004.27,-100.816,97650.1,,-0.00183745,-0.119065,,1.24152,19.9294
16.5014,10.9919,,1004.48,-164.76,102475,,0.00927518,0.0243231,,-1.33996,-6.30889
16.5015,11.492,,1005.22,-34.8459,119541,,0.0261105,0.167599,,-2.09695,-9.26814
16.5014,11.9912,,1005.4,182.55,123779,,0.0307686,0.121603,,-0.486798,5.80889
16.5012,12.4904,,1004.79,258.386,109562,,0.0167891,-0.091679,,1.49155,14.0272
16.5012,12.9905,,1004.27,102.652,97628.1,,-0.00515099,-0.265153,,1.50009,4.87292
16.5012,13.4907,,1004.52,-137.733,103462,,-0.0182491,-0.242745,,-0.720647,-4.28509
16.5013,13.9902,,1004.94,-241.612,113190,,-0.0131124,-0.0626339,,-3.14647,6.10254
16.5013,14.4894,,1004.6,-140.416,105206,,0.00382314,0.09577,,-3.51916,30.1014
16.5012,14.9887,,1003.34,36.4316,76145,,0.0165416,0.0978551,,-1.42525,42.2026
16.5011,15.489,,1002.02,125.187,45802.2,,0.0151329,-0.00373032,,1.51221,26.0187
16.501,15.99,,1001.72,95.5071,38967,,0.00239937,-0.0780537,,3.12041,-6.56849
16.5009,16.4905,,1002.56,34.8886,58302.5,,-0.0104034,-0.0845675,,2.4069,-26.3892
16.501,16.99,,1003.59,15.9772,81966.6,,-0.0124248,-0.063911,,0.206183,-16.483
16.501,17.4887,,1003.77,21.3558,86128.8,,-0.00143445,-0.0785674,,-1.6867,12.1793
16.501,17.9878,,1002.98,-14.3317,67938.2,,0.0160996,-0.128623,,-1.92427,34.1347
16.501,18.4877,,1001.89,-100.218,42919.1,,0.0297038,-0.131333,,-0.239418,34.056
16.5008,18.9881,,1001.17,-152.036,26477.5,,0.0279251,-0.0440201,,2.69976,16.7849
16.5004,19.4886,,1001.08,-85.5708,24520.4,,0.00580425,0.0689841,,5.78734,-0.658486
16.5001,19.9883,,1001.32,71.8903,29820.7,,-0.0275587,0.0944671,,8.13445,-4.63312
16.5001,20.4879,,1001.36,197.925,30753.7,,-0.056727,0.00235635,,9.51055,4.181
16.5002,20.9872,,1001.02,194.559,23113.6,,-0.0716798,-0.13081,,10.2019,14.2465
16.5004,21.4871,,1000.55,72.3278,12339.3,,-0.0718035,-0.20233,,10.4536,16.4484
16.5003,21.9872,,1000.28,-60.9612,6295.47,,-0.0613469,-0.164799,,10.1578,11.8994
16.5002,22.4871,,1000.15,-98.2545,3319.78,,-0.0431491,-0.0515616,,8.90103,7.253
16.5001,22.9865,,1000.2,-61.678,4491.12,,-0.0249073,0.00810644,,6.36535,7.52804
17,-1.5,,1010.33,0,240345,,0,0,,0,0
17,-1,,1010.12,0,235440,,0,0,,0,0
17,-0.5,,1009.92,0,230535,,0,0,,0,0
17.0019,-0.00838139,,1010.98,-10.9614,256124,,0.0172592,-0.0535381,,0.831565,13.2397
17.0018,0.500985,,1009.45,-42.5156,219404,,0.0207819,0.010364,,0.682474,21.7027
17.0019,0.99263,,1009.35,-31.1696,217041,,0.0217135,0.026324,,-0.210783,17.7529
17.0019,1.49802,,1008.75,5.09952,202779,,0.0188675,0.0437535,,-0.920425,3.25726
17.0018,1.99576,,1009.26,46.1379,214819,,0.0182513,0.0271527,,-0.631075,-1.29236
17.0017,2.4955,,1009.36,74.4569,217270,,0.0181046,-9.70318e-05,,-0.0620209,7.3321
17.0017,2.99505,,1008.73,55.8407,202314,,0.0156752,-0.0710087,,-0.327181,10.1517
17.0017,3.49469,,1008.42,-3.22744,194853,,0.0126495,-0.0946621,,-0.844741,-0.781594
17.0016,3.99551,,1008.96,-31.1711,207767,,0.0137058,-0.0506062,,-0.0754121,-2.45255
17.0014,4.49368,,1009.22,-4.72056,213826,,0.0173067,-0.0237636,,1.48368,18.6456
17.0014,4.99262,,1008.04,-2.63416,185749,,0.0155599,-0.064852,,1.62342,34.1041
17.0014,5.49308,,1006.84,-73.5011,157512,,0.0130863,-0.0842826,,0.0594159,20.4856
17.0014,5.99411,,1007.05,-122.554,162443,,0.0201335,0.0114619,,-0.96568,1.58577
17.0013,6.49351,,1007.58,-34.5896,174938,,0.0281569,0.128376,,-0.178921,5.78028
17.0012,6.99245,,1007.04,129.922,162191,,0.0218111,0.110084,,0.924818,17.7458
17.0012,7.49284,,1006.2,178.129,142568,,0.00855092,-0.0626209,,0.554919,9.98337
17.0012,7.9931,,1006.26,47.7751,143902,,0.00832244,-0.182058,,-0.729645,-10.8388
17.0012,8.49309,,1007.06,-80.5088,162750,,0.0212749,-0.103881,,-0.875487,-16.2064
17.0012,8.99238,,1007.65,-51.6085,176680,,0.0300506,0.0071952,,0.806817,6.8355
17.0011,9.49065,,1006.96,39.1629,160450,,0.0245673,-0.0219086,,2.45025,37.553
17.0011,9.99018,,1005.3,14.1308,121457,,0.0110749,-0.121887,,1.73619,42.2748
17.0012,10.4912,,1004.3,-119.944,98199.6,,0.00409805,-0.117101,,-1.09236,17.1288
17.0012,10.9919,,1004.6,-170.773,105243,,0.0108524,0.0391546,,-3.19438,-7.64561
17.0012,11.4919,,1005.31,-19.5663,121801,,0.0212141,0.17843,,-2.31419,-7.71527
17.0011,11.9911,,1005.37,205.827,123146,,0.0202834,0.115424,,0.800056,8.65309
17.001,12.4903,,1004.66,269.679,106514,,0.00823115,-0.10892,,3.32483,15.306
17.001,12.9906,,1004.16,95.2325,95141.6,,-0.000862758,-0.277428,,3.19426,3.33109
17.0011,13.4908,,1004.56,-152.05,104285,,0.00450363,-0.239468,,0.880542,-7.19886
17.0013,13.9903,,1005.11,-245.944,117168,,0.0211411,-0.0481962,,-1.38438,4.37142
17.0013,14.4894,,1004.79,-130.294,109748,,0.0333666,0.105717,,-1.98244,30.7302
17.0013,14.9887,,1003.46,49.1049,78952.5,,0.0278263,0.0921792,,-1.2616,44.2043
17.0014,15.489,,1002.04,123.417,46334.8,,0.00539001,-0.0221409,,-0.707607,27.4677
17.0014,15.99,,1001.69,72.7859,38434.2,,-0.0196238,-0.0956375,,-1.28872,-6.81041
17.0015,16.4906,,1002.58,2.11136,58633.9,,-0.0292201,-0.0872419,,-2.51676,-27.7785
17.0016,16.9901,,1003.67,-5.23741,83832.5,,-0.015103,-0.0475955,,-2.85297,-17.3898
17.0017,17.4888,,1003.88,30.0882,88559.2,,0.0170912,-0.050602,,-1.16297,12.9352
17.0017,17.9879,,1003.05,27.3772,69480.8,,0.0524409,-0.103351,,2.0975,36.3692
17.0017,18.4876,,1001.85,-42.3199,42001.7,,0.0706032,-0.125677,,5.08688,36.5818
17.0016,18.9878,,1000.99,-106.751,22293.9,,0.0585227,-0.0661346,,5.97294,18.3861
17.0018,19.4885,,1000.83,-76.7303,18767,,0.0248249,0.0304819,,4.29958,-0.423521
17.0022,19.9886,,1001.12,37.7832,25345.9,,-0.0091915,0.0595833,,1.27614,-5.1693
17.0024,20.4881,,1001.25,130.534,28396.1,,-0.0320201,-0.0180162,,-1.05084,3.97834
17.0022,20.9871,,1000.94,111.224,21316.8,,-0.0435105,-0.135763,,-1.15902,15.0029
17.0016,21.4867,,1000.4,-11.9096,9116.9,,-0.0458159,-0.197639,,0.828906,17.6989
17.001,21.9864,,1000.07,-135.857,1490.93,,-0.0438552,-0.150706,,3.23629,12.3043
17.0006,22.487,,999.89,-156.848,-2475.5,,-0.037776,-0.0314005,,4.2484,4.61203
17.0004,22.9867,,999.841,-129.988,-3578.77,,-0.0270279,0.0790686,,3.27094,-0.657421
17.5,-1.5,,1010.33,0,240345,,0,0,,0,0
17.5,-1,,1010.12,0,235440,,0,0,,0,0
17.5,-0.5,,1009.92,0,230535,,0,0,,0,0
17.5019,-0.00846521,,1010.95,-10.6225,255245,,0.0136699,-0.0512682,,0.550328,13.4005
17.5017,0.500958,,1009.4,-39.4354,218110,,0.0128671,0.0120384,,0.181927,21.0441
17.5017,0.992654,,1009.33,-28.1078,216543,,0.0101279,0.0228728,,-0.709118,16.8387
17.5017,1.49798,,1008.75,6.59798,202775,,0.00534099,0.0414201,,-1.04922,3.3055
17.5016,1.99566,,1009.22,48.2729,213880,,0.00343206,0.0265312,,-0.21878,-0.38895
17.5015,2.49535,,1009.27,77.3937,215024,,0.00205788,-0.00124632,,0.733471,7.66367
17.5014,2.99503,,1008.66,57.278,200545,,0.0020347,-0.0716928,,0.582666,9.44455
17.5015,3.49472,,1008.43,-2.66774,194970,,0.00604079,-0.093253,,-0.0153828,-0.960819
17.5015,3.99538,,1008.95,-28.9951,207515,,0.0111643,-0.048213,,0.357717,-1.26838
17.5014,4.49354,,1009.1,-4.52001,210960,,0.0100192,-0.0266253,,1.00909,19.3191
17.5014,4.99263,,1007.89,-11.037,182342,,0.00181023,-0.0712143,,0.0504867,32.7495
17.5014,5.49315,,1006.79,-85.7267,156283,,-0.00195959,-0.0827016,,-2.04623,18.7933
17.5015,5.99404,,1007.03,-125.565,161892,,0.00236205,0.0190169,,-2.72585,1.91574
17.5014,6.49336,,1007.45,-29.8229,171928,,0.00107342,0.125611,,-1.21505,7.53692
17.5012,6.99239,,1006.82,126.982,157149,,-0.0126953,0.0957949,,0.438962,18.4946
17.5012,7.49286,,1006.03,163.813,138471,,-0.0241113,-0.0683359,,0.604226,9.15151
17.5012,7.99311,,1006.17,39.4162,141879,,-0.0167449,-0.168765,,0.268484,-11.3887
17.5012,8.49306,,1007,-68.529,161319,,0.00397129,-0.0862793,,1.18002,-15.01
17.5011,8.9923,,1007.54,-27.9238,173922,,0.0182122,0.0109958,,3.0566,8.65142
17.5011,9.49062,,1006.79,53.7457,156448,,0.016463,-0.0323185,,3.55863,37.3836
17.5012,9.99028,,1005.19,10.0643,118911,,0.00788292,-0.132542,,1.10104,39.3374
17.5013,10.4913,,1004.34,-132.138,99256.2,,0.00552095,-0.116627,,-2.77763,13.8994
17.5014,10.9919,,1004.73,-175.233,108207,,0.00923194,0.0461559,,-4.69457,-8.03989
17.5013,11.4918,,1005.36,-15.2676,122956,,0.00705259,0.177694,,-3.10635,-4.93319
17.5011,11.991,,1005.27,205.649,120724,,-0.00704585,0.103317,,0.262955,12.0591
17.501,12.4902,,1004.45,256.197,101715,,-0.0222892,-0.119267,,2.61956,16.6703
17.501,12.9906,,1003.97,77.8692,90694.4,,-0.0208223,-0.271,,2.83823,2.22965
17.501,13.491,,1004.46,-152.835,102099,,0.00299617,-0.216418,,1.97541,-9.04429
17.501,13.9904,,1005.09,-220.302,116649,,0.0338196,-0.0260063,,1.57413,3.50993
17.501,14.4894,,1004.78,-91.0378,109308,,0.0487153,0.108389,,1.7322,30.8014
17.501,14.9887,,1003.44,75.4084,78343.4,,0.0372582,0.0716482,,1.13727,43.8831
17.501,15.489,,1002.05,116.184,46467.5,,0.00697613,-0.0533098,,-1.13744,25.9329
17.5011,15.9901,,1001.78,33.119,40295.3,,-0.0226586,-0.11685,,-4.28723,-8.85324
17.5011,16.4907,,1002.73,-47.1475,62201.9,,-0.0330666,-0.0842944,,-6.12044,-28.5093
17.501,16.9901,,1003.83,-34.8565,87307.2,,-0.0206168,-0.022029,,-4.72332,-15.3929
17.5009,17.4887,,1003.91,38.4191,89314.1,,0.00501333,-0.015278,,-0.163252,17.197
17.5006,17.9877,,1002.89,71.5659,65751.6,,0.0282661,-0.0776671,,5.10352,40.4857
17.5004,18.4875,,1001.54,16.265,34821.6,,0.0349193,-0.12526,,7.64154,37.8385
17.5005,18.988,,1000.71,-61.9738,16053.8,,0.0250091,-0.0874323,,5.46615,15.7495
17.5008,19.489,,1000.79,-64.4071,17754.3,,0.00871543,0.00402072,,-0.637638,-5.61434
17.5008,19.9887,,1001.3,15.3162,29523.4,,-0.00874612,0.0376044,,-7.74469,-10.1376
17.5003,20.4878,,1001.52,83.6099,34564.6,,-0.0255227,-0.0334943,,-12.5225,1.78198
17.5001,20.9867,,1001.18,54.9609,26725.8,,-0.034198,-0.141891,,-12.897,16.5031
17.5002,21.4864,,1000.53,-65.5479,11960.7,,-0.0302363,-0.196103,,-9.21744,21.4499
17.5003,21.9863,,1000.1,-180.391,2193.11,,-0.0192994,-0.151338,,-4.17353,15.6695
17.5007,22.4866,,999.926,-190.619,-1669.29,,-0.00513822,-0.0200278,,-0.634555,5.9385
17.5006,22.9859,,1000.12,-165.91,2752.6,,0.00273283,0.113714,,0.409803,3.05629
18,-1.5,,1010.33,0,240345,,0,0,,0,0
18,-1,,1010.12,0,235440,,0,0,,0,0
18,-0.5,,1009.92,0,230535,,0,0,,0,0
18.0025,-0.00848402,,1010.95,-10.8889,255441,,0.0179529,-0.0522282,,0.269429,13.2722
18.0025,0.500929,,1009.43,-38.9924,218932,,0.0173201,0.00960857,,-0.372376,20.16
18.0027,0.992627,,1009.43,-29.6816,218777,,0.0140573,0.0168084,,-1.3625,16.0343
18.0026,1.49789,,1008.87,2.01461,205520,,0.00878394,0.0379563,,-1.50404,3.77651
18.0025,1.99563,,1009.28,42.8316,215386,,0.00642579,0.0254163,,-0.341519,0.974279
18.0024,2.49531,,1009.27,72.2329,215127,,0.00553121,-0.00163136,,0.941714,8.33674
18.0024,2.99503,,1008.68,54.5094,201068,,0.00800428,-0.0674338,,1.23835,9.04665
18.0024,3.49473,,1008.51,2.02355,197058,,0.0178027,-0.0833227,,1.25464,-0.99134
18.0023,3.99537,,1009.04,-16.0899,209623,,0.0309669,-0.0411234,,1.88867,-0.607494
18.0023,4.49354,,1009.16,6.90673,212393,,0.0355731,-0.0314115,,1.87114,18.7556
18.0024,4.9927,,1008.02,-9.88951,185343,,0.0297767,-0.078926,,-0.264964,30.2872
18.0025,5.49325,,1007.04,-88.3331,162210,,0.0283003,-0.0804555,,-3.0996,16.8025
18.0025,5.99401,,1007.3,-122.228,168419,,0.0320827,0.0207051,,-4.00682,2.44208
18.0024,6.4932,,1007.62,-29.4184,175910,,0.0229342,0.111758,,-2.84957,9.40934
18.0022,6.99231,,1006.9,108.843,158833,,9.51479e-05,0.0765043,,-1.6942,19.4066
18.0022,7.49285,,1006.1,131.919,140203,,-0.0144842,-0.0714565,,-1.44912,9.1058
18.0021,7.99305,,1006.26,17.6015,143933,,-0.0076606,-0.151685,,-0.726423,-10.5208
18.0019,8.49297,,1007.03,-66.0889,161959,,0.0108359,-0.065961,,1.64812,-12.6931
18.0018,8.99223,,1007.47,-11.2686,172344,,0.0231757,0.0177857,,4.31424,10.3332
18.0018,9.49062,,1006.71,66.2971,154414,,0.0238388,-0.0368741,,4.4921,35.9896
18.0018,9.99042,,1005.23,14.1936,119797,,0.0240296,-0.133929,,1.31456,35.269
18.002,10.4914,,1004.57,-125.731,104428,,0.0323012,-0.110878,,-2.72277,10.5067
18.002,10.9919,,1005.01,-161.483,114825,,0.0383902,0.0463042,,-4.28829,-8.02113
18.0019,11.4917,,1005.55,-7.08616,127276,,0.0269742,0.161801,,-2.79876,-2.21057
18.0018,11.9908,,1005.32,191.076,121973,,-0.000265377,0.0792977,,-0.535438,14.6814
18.0017,12.4901,,1004.44,219.17,101471,,-0.0238351,-0.130739,,0.444055,17.5286
18.0017,12.9906,,1003.97,42.2206,90541,,-0.023214,-0.255614,,0.424806,2.02369
18.0017,13.4909,,1004.47,-158.323,102157,,0.003655,-0.182487,,1.05142,-8.73283
18.0016,13.9903,,1005.05,-188.42,115636,,0.0357441,0.000931704,,2.89231,4.57231
18.0016,14.4894,,1004.67,-41.9779,106866,,0.0499519,0.110134,,4.39566,31.0423
18.0017,14.9887,,1003.35,111.301,76337.4,,0.0407744,0.0495522,,3.4251,41.7828
18.0018,15.4891,,1002.09,120.137,47398.7,,0.0183644,-0.083652,,-0.336261,21.9688
18.002,15.9902,,1001.99,9.01389,45255,,-0.000465259,-0.13584,,-4.67167,-12.2103
18.0021,16.4906,,1003.05,-79.4817,69471.7,,-0.00547998,-0.0840924,,-6.44387,-28.6074
18.0021,16.9899,,1004.07,-56.891,93052.2,,-0.00181855,-0.00958433,,-4.08128,-11.5106
18.002,17.4885,,1003.95,33.4338,90075.9,,0.0011732,-0.00173034,,1.18918,23.0421
18.0019,17.9875,,1002.68,79.0307,60912.6,,-0.000900538,-0.0728285,,6.08971,44.6126
18.002,18.4876,,1001.25,26.1697,28416.2,,-0.00468442,-0.12897,,7.39421,37.3475
18.0024,18.9883,,1000.6,-58.0593,13655.7,,-0.00371807,-0.0934854,,4.00525,10.4448
18.0025,19.4889,,1000.95,-69.5681,21491.4,,-0.00173246,-0.00453292,,-2.6291,-13.3249
18.0027,19.9885,,1001.73,4.03398,39132.2,,0.000417583,0.0280118,,-9.52052,-16.7735
18.0034,20.4879,,1002.18,73.8212,49496.9,,0.0120447,-0.0355617,,-13.5509,-0.782734
18.004,20.9871,,1001.94,53.697,43986.8,,0.032738,-0.132082,,-12.9157,18.9807
18.0037,21.4862,,1001.13,-55.9488,25670,,0.0486691,-0.183696,,-8.31157,27.0376
18.0026,21.9866,,1000.41,-163.65,9198.76,,0.0497259,-0.127552,,-2.52666,21.2529
18.0016,22.4863,,999.996,-173.9,-98.8398,,0.0447649,-0.015083,,1.59067,9.13192
18.0009,22.9853,,1000.16,-120.919,3567.19,,0.0332501,0.0563978,,2.73681,3.76522
18.5,-1.5,,1010.33,0,240345,,0,0,,0,0
18.5,-1,,1010.12,0,235440,,0,0,,0,0
18.5,-0.5,,1009.92,0,230535,,0,0,,0,0
18.5021,-0.00835641,,1010.89,-9.85565,253941,,0.0180511,-0.0484014,,0.232594,13.0082
18.5018,0.501085,,1009.37,-36.6927,217536,,0.0180457,0.0109587,,-0.519561,19.1352
18.5019,0.992711,,1009.42,-29.2853,218572,,0.0162468,0.0121222,,-1.55968,15.254
18.5019,1.49776,,1008.88,-1.30697,205687,,0.0109988,0.0334005,,-1.68557,4.39804
18.5017,1.99541,,1009.23,35.8049,214083,,0.00519431,0.0211171,,-0.605449,2.43917
18.5015,2.49516,,1009.15,61.4029,212097,,-0.00134401,-0.00358618,,0.502289,9.18547
18.5013,2.99501,,1008.55,44.346,198026,,-0.00219288,-0.0621343,,0.943818,9.24237
18.5013,3.49462,,1008.4,1.54195,194378,,0.0055753,-0.0708453,,1.74366,-0.132191
18.5011,3.99521,,1008.86,-3.93357,205340,,0.0173314,-0.029237,,3.38335,0.420869
18.501,4.49357,,1008.95,22.9443,207432,,0.0250036,-0.0306383,,3.78838,17.6394
18.5011,4.99279,,1007.94,2.45742,183433,,0.0258694,-0.0819614,,1.50029,27.1433
18.5012,5.49326,,1007.1,-73.3188,163741,,0.0300643,-0.0749969,,-1.32184,14.6366
18.5012,5.99394,,1007.38,-99.6829,170341,,0.0368364,0.0208394,,-2.13394,2.67314
18.5011,6.49309,,1007.64,-14.9425,176447,,0.0272777,0.0910985,,-1.6796,10.3002
18.5011,6.99222,,1006.9,97.7265,158877,,0.00196854,0.051941,,-1.96842,19.3536
18.5011,7.49279,,1006.13,103.212,140885,,-0.0137687,-0.0763635,,-2.77783,9.08343
18.501,7.99293,,1006.27,-4.27548,144181,,-0.0093463,-0.138901,,-2.06919,-8.66382
18.5009,8.4928,,1006.92,-70.8163,159314,,0.00113832,-0.0531755,,0.903247,-9.33398
18.5007,8.99212,,1007.21,-9.46723,166288,,0.00355492,0.0198552,,3.98686,12.2921
18.5007,9.49065,,1006.43,63.6985,147862,,-0.000134582,-0.0383719,,4.18614,34.3138
18.5008,9.99057,,1005.08,13.6888,116495,,0.00459527,-0.124967,,1.28292,31.301
18.501,10.4915,,1004.59,-109.171,104991,,0.0224597,-0.0957544,,-1.71673,7.85855
18.501,10.9918,,1005.07,-130.318,116237,,0.0351927,0.0466255,,-2.15425,-7.55535
18.5009,11.4916,,1005.53,14.1844,126885,,0.0248562,0.13908,,-0.682526,-0.324977
18.5009,11.9908,,1005.25,180.169,120357,,-0.00263419,0.0489039,,0.0526978,15.4296
18.5009,12.4902,,1004.4,179.092,100599,,-0.0251549,-0.144849,,-1.01843,16.9068
18.501,12.9906,,1003.97,0.772962,90761.9,,-0.0246487,-0.241257,,-2.13492,2.00024
18.5009,13.4909,,1004.44,-173.019,101540,,-0.00356501,-0.152403,,-1.07074,-6.77479
18.5009,13.9903,,1004.89,-172.651,112058,,0.0166071,0.0214952,,1.94068,7.3129
18.5008,14.4894,,1004.41,-14.5948,100762,,0.0203486,0.110077,,4.21696,31.8269
18.5008,14.9889,,1003.11,129.649,70716.6,,0.0119417,0.0360641,,3.38806,39.1829
18.501,15.4893,,1002,123.461,45485.1,,0.00483721,-0.0961755,,-0.166532,17.4949
18.5012,15.9904,,1002.11,6.31158,47863.3,,0.00886224,-0.137131,,-3.56631,-15.2434
18.5012,16.4907,,1003.24,-78.497,73766.5,,0.0194362,-0.0794268,,-4.06002,-27.8745
18.5011,16.9899,,1004.16,-54.3204,95077,,0.0216197,-0.0104149,,-1.41788,-7.46774
18.501,17.4884,,1003.84,27.4074,87756.1,,0.0101827,-0.0104107,,2.26026,27.7263
18.501,17.9876,,1002.43,58.1441,55124.3,,-0.0067463,-0.0826117,,4.46396,46.9395
18.5011,18.4879,,1000.99,-5.18677,22507.4,,-0.0159745,-0.129646,,3.94109,35.8669
18.5011,18.9885,,1000.44,-88.3459,9938.74,,-0.0128077,-0.0869226,,1.22817,5.9156
18.5011,19.4892,,1000.96,-86.9866,21680.2,,-0.00115449,0.00581474,,-2.0646,-18.7433
18.5017,19.9893,,1002.01,9.59735,45582.3,,0.026218,0.050901,,-4.19127,-20.5403
18.502,20.4884,,1002.63,106.277,59721,,0.0615907,-0.00585825,,-4.08429,-1.11193
18.5011,20.9867,,1002.29,108.003,51936.8,,0.0807301,-0.112614,,-1.862,22.0961
18.5003,21.4852,,1001.22,9.69037,27730.1,,0.0821472,-0.184995,,1.54288,31.8916
18.5002,21.9845,,1000.34,-98.3517,7696.92,,0.0715448,-0.157492,,4.71986,25.3914
18.501,22.4853,,999.867,-120.178,-2988.56,,0.0583571,-0.0469556,,6.24125,10.051
18.501,22.985,,999.709,-86.1593,-6550.68,,0.0371778,0.0242366,,5.24877,-4.42995
19,-1.5,,1010.33,0,240345,,0,0,,0,0
19,-1,,1010.12,0,235440,,0,0,,0,0
19,-0.5,,1009.92,0,230535,,0,0,,0,0
19.0032,-0.00872412,,1010.93,-6.75357,254788,,0.0211367,-0.0513316,,0.188856,12.619
19.003,0.500779,,1009.43,-31.4591,218993,,0.018496,0.00687816,,-0.632856,18.0073
19.0029,0.992594,,1009.53,-25.0815,221172,,0.0128904,0.00654877,,-1.66336,14.4909
19.0026,1.49777,,1008.98,-0.28407,208190,,0.00786432,0.0297185,,-1.76239,4.92842
19.0026,1.99538,,1009.29,31.805,215507,,0.00402943,0.0140164,,-1.0087,3.47814
19.0026,2.495,,1009.17,49.6456,212733,,-0.0036824,-0.0107014,,-0.650461,9.55294
19.0025,2.995,,1008.59,28.0379,198921,,-0.00833539,-0.060352,,-0.853599,9.51151
19.0025,3.4946,,1008.42,-10.7577,194958,,-0.00485502,-0.0626278,,-0.0929833,1.46885
19.0024,3.99503,,1008.76,-8.67465,202840,,0.000344068,-0.0209533,,2.00805,2.27308
19.0023,4.4936,,1008.76,21.7142,202931,,0.00394404,-0.0263175,,2.98606,16.9472
19.0024,4.99298,,1007.87,3.61127,181719,,0.00830292,-0.0779009,,1.35013,24.3811
19.0025,5.49329,,1007.16,-61.48,165019,,0.0172201,-0.0647918,,-0.490212,13.1455
19.0024,5.9939,,1007.41,-74.937,171027,,0.0268792,0.0246222,,-0.302299,3.12812
19.0024,6.49312,,1007.64,5.1499,176424,,0.022664,0.0739097,,0.296681,10.2624
19.0024,6.99226,,1006.97,96.1004,160671,,0.00543462,0.0310083,,-0.823198,17.9069
19.0025,7.49281,,1006.31,88.279,145046,,-0.00213215,-0.0780012,,-2.59807,8.26356
19.0024,7.99288,,1006.46,-12.2595,148637,,0.00696335,-0.128242,,-2.48718,-6.91223
19.0023,8.49264,,1006.99,-69.9443,161089,,0.0145029,-0.0493905,,-0.0239963,-5.97229
19.0022,8.99201,,1007.14,-14.9779,164588,,0.00829948,0.0128129,,2.35402,14.023
19.0021,9.49071,,1006.34,45.7234,145699,,-0.00263372,-0.0423806,,2.00427,32.6418
19.0022,9.99068,,1005.11,-0.427907,117061,,-0.000482128,-0.111804,,-0.480753,28.3097
19.0023,10.4916,,1004.71,-98.6432,107691,,0.017466,-0.0748995,,-1.84946,6.92192
19.0022,10.9918,,1005.16,-98.7447,118167,,0.0310832,0.0506933,,-0.414401,-5.95978
19.002,11.4915,,1005.53,40.061,126939,,0.0243795,0.120433,,1.86572,1.11061
19.002,11.9908,,1005.26,179.446,120555,,0.00621909,0.0254319,,1.97245,14.4732
19.002,12.4902,,1004.52,156.806,103478,,-0.00330344,-0.152264,,-0.437156,14.6122
19.0021,12.9906,,1004.2,-19.4748,95972.7,,0.00558898,-0.227406,,-2.62076,1.36666
19.002,13.4908,,1004.62,-175.067,105737,,0.0219788,-0.134346,,-2.06937,-4.52999
19.0019,13.9901,,1004.92,-163.959,112616,,0.0246092,0.0238165,,0.494516,10.3412
19.0018,14.4893,,1004.31,-13.5497,98494.3,,0.00829201,0.0979247,,2.11492,32.5758
19.0018,14.9889,,1003.01,116.809,68621.5,,-0.0103607,0.0257115,,1.04738,36.8605
19.0018,15.4894,,1002.03,110.081,46134.3,,-0.0123408,-0.0914053,,-1.40484,14.346
19.0019,15.9905,,1002.24,11.2544,50956.7,,0.00622786,-0.119254,,-2.36407,-16.2122
19.0018,16.4906,,1003.34,-52.3205,76169.7,,0.0282568,-0.0671057,,-0.593121,-25.9292
19.0016,16.9898,,1004.15,-24.8142,94873.5,,0.0335686,-0.0164793,,2.11581,-4.57532
19.0016,17.4883,,1003.75,37.686,85562.9,,0.0201745,-0.0298238,,3.02259,29.1517
19.0017,17.9875,,1002.3,40.2865,52317.5,,-0.00149873,-0.101468,,1.15923,46.005
19.0017,18.4879,,1000.89,-40.9917,20188.3,,-0.0175039,-0.136094,,-2.00827,33.5708
19.0017,18.9884,,1000.36,-122.387,8095.45,,-0.0198653,-0.0814773,,-3.84156,4.09487
19.0019,19.4895,,1000.93,-101.552,21119.2,,-0.00826327,0.0271721,,-2.63003,-18.7863
19.002,19.9893,,1001.94,23.3147,44089.4,,0.0126653,0.0819043,,1.21605,-18.7054
19.001,20.4873,,1002.32,145.286,52613.5,,0.0210841,0.00983226,,5.44423,1.4629
19.001,20.9863,,1001.86,163.935,42130.7,,0.0221324,-0.108177,,7.96665,24.4589
19.0025,21.4857,,1000.8,71.7389,18148.4,,0.0374028,-0.183361,,8.53986,33.5885
19.0027,21.9872,,999.942,-41.4018,-1303.92,,0.044227,-0.148132,,7.74786,25.6106
19.003,22.4855,,999.51,-75.3458,-11041,,0.0492087,-0.0780053,,6.14249,6.7157
19.0024,22.9842,,999.572,-81.4699,-9651.58,,0.0368758,0.0244057,,3.74717,-9.14396
19.5,-1.5,,1010.33,0,240345,,0,0,,0,0
19.5,-1,,1010.12,0,235440,,0,0,,0,0
19.5,-0.5,,1009.92,0,230535,,0,0,,0,0
19.5029,-0.00822806,,1010.86,-3.50541,253096,,0.02426,-0.0462621,,0.288489,12.2603
19.5029,0.501097,,1009.42,-25.2706,218703,,0.0267994,0.00728023,,-0.4289,16.9546
19.5033,0.992442,,1009.6,-18.594,223004,,0.0265674,-0.000225636,,-1.17278,13.922
19.5031,1.49739,,1009.08,5.38263,210484,,0.0219789,0.0262506,,-0.85808,5.56866
19.5028,1.99532,,1009.34,35.4033,216628,,0.0205548,0.0112119,,0.089977,4.12436
19.5027,2.49496,,1009.23,48.4133,214223,,0.020518,-0.0156537,,0.0935203,9.09157
19.5027,2.99488,,1008.73,23.0536,202274,,0.0214119,-0.0599493,,-0.868686,9.088
19.5026,3.49449,,1008.58,-15.9157,198588,,0.0251493,-0.058805,,-0.865525,2.80878
19.5024,3.99483,,1008.78,-15.338,203483,,0.0257015,-0.0206862,,0.604003,4.13611
19.5023,4.49349,,1008.69,10.6804,201223,,0.0217657,-0.026256,,1.14352,16.4959
19.5023,4.99308,,1007.87,-7.00327,181914,,0.0218099,-0.0725135,,-0.465273,22.3177
19.5023,5.49323,,1007.24,-61.2996,166943,,0.0274522,-0.0557597,,-1.60899,12.8459
19.5021,5.9937,,1007.39,-63.0551,170473,,0.0304765,0.0272866,,-0.28175,4.61836
19.5019,6.49308,,1007.54,14.5089,173957,,0.0238325,0.062145,,1.26026,10.4002
19.5019,6.99228,,1006.96,92.4849,160341,,0.0120685,0.0190879,,0.574157,16.063
19.5019,7.49277,,1006.41,83.0731,147514,,0.0130151,-0.0711307,,-0.956783,7.10335
19.5018,7.99281,,1006.59,-2.61341,151627,,0.0300022,-0.113632,,-0.740112,-5.56991
19.5018,8.49249,,1007.04,-52.1842,162174,,0.0405181,-0.0495396,,1.17439,-3.53018
19.5016,8.99189,,1007.09,-11.4568,163342,,0.0311205,-0.00189778,,2.14456,14.4791
19.5016,9.49076,,1006.31,28.2834,145011,,0.0150577,-0.0523994,,0.209568,30.2521
19.5017,9.99074,,1005.19,-19.9061,119006,,0.0111203,-0.10371,,-2.89875,26.0209
19.5017,10.4915,,1004.8,-98.8395,109932,,0.0198099,-0.0598552,,-3.41984,7.81098
19.5016,10.9916,,1005.13,-82.9668,117441,,0.0231116,0.051081,,-0.371435,-2.71154
19.5014,11.4914,,1005.38,50.5082,123274,,0.0114661,0.105534,,3.20687,3.09163
19.5014,11.9908,,1005.11,174.171,117133,,-0.000723483,0.0149441,,3.89299,13.0904
19.5015,12.4903,,1004.53,149.017,103524,,0.00589347,-0.143528,,1.63756,11.6426
19.5016,12.9907,,1004.34,-9.4453,99164.4,,0.0315102,-0.205848,,-0.528248,0.210723
19.5017,13.4908,,1004.74,-146.55,108545,,0.0535858,-0.123985,,-0.388666,-3.00984
19.5017,13.99,,1004.93,-141.033,112965,,0.0484518,0.00787912,,0.812668,12.0601
19.5017,14.4894,,1004.28,-20.223,97768.3,,0.0179781,0.0686622,,0.411165,32.0122
19.5019,14.989,,1003.04,82.7634,69251.6,,-0.0118639,0.00924138,,-1.97002,34.5317
19.5021,15.4896,,1002.16,76.9569,49006,,-0.016482,-0.0807798,,-3.67468,13.2043
19.5022,15.9905,,1002.38,7.38822,53981.6,,0.00539431,-0.0921711,,-1.90422,-14.1457
19.5022,16.4905,,1003.35,-24.1093,76460.6,,0.0320532,-0.0484191,,2.74174,-22.2037
19.5023,16.9899,,1004.08,14.1049,93236.8,,0.0447424,-0.0175176,,6.2447,-2.86398
19.5026,17.4885,,1003.74,62.7468,85276.1,,0.0420408,-0.0453507,,5.0458,26.8352
19.5029,17.9878,,1002.46,42.216,55832.3,,0.0314137,-0.11906,,-0.548771,41.1269
19.5035,18.4882,,1001.25,-52.577,28249.7,,0.0262085,-0.142559,,-6.50051,29.8843
19.504,18.9887,,1000.82,-131.966,18443.4,,0.0311706,-0.0767369,,-8.14493,4.68422
19.5042,19.4897,,1001.29,-102.035,29259.1,,0.0343169,0.0365364,,-3.93856,-13.8622
19.504,19.9888,,1001.98,28.9805,45000.6,,0.0270872,0.0815155,,3.45727,-12.4667
19.5044,20.4874,,1002.18,154.143,49584.3,,0.018386,0.0053631,,9.39567,5.39063
19.5061,20.9882,,1001.86,177.18,42272.6,,0.0331584,-0.088465,,10.8891,24.857
19.5062,21.4853,,1000.79,90.2206,17918,,0.0551116,-0.171692,,8.31426,31.4288
19.5026,21.9841,,999.907,-23.0276,-2107.3,,0.0310705,-0.154254,,3.90815,22.8814
19.5029,22.4849,,999.358,-66.2674,-14457.3,,0.0294354,-0.0787112,,0.602655,3.49652
19.5033,22.9826,,999.647,-56.923,-7962.55,,0.0327967,-0.024194,,-0.551738,-9.54107
20,-1.5,,1010.33,0,240345,,0,0,,0,0
20,-1,,1010.12,0,235440,,0,0,,0,0
20,-0.5,,1009.92,0,230535,,0,0,,0,0
20.0027,-0.00882187,,1010.79,-2.54869,251482,,0.0129205,-0.0471987,,0.0756545,11.9222
20.0016,0.500903,,1009.29,-24.3383,215655,,0.00369615,0.00688838,,-0.720254,16.1041
20.0011,0.992723,,1009.48,-19.1889,220062,,-0.00334541,-0.0019867,,-1.25065,13.8503
20.0012,1.49724,,1008.93,4.14513,206911,,-0.00677083,0.0230259,,-0.331143,6.79616
20.0011,1.99495,,1009.13,35.2604,211765,,-0.0104493,0.00991477,,1.32374,5.1113
20.0007,2.49498,,1009.02,50.2349,209098,,-0.00985317,-0.0122645,,1.8758,8.49297
20.0008,2.99491,,1008.62,29.7687,199599,,-0.000716118,-0.0535196,,1.09302,8.14701
20.0009,3.49436,,1008.52,-4.56228,197271,,0.00893558,-0.0542023,,0.797818,3.39477
20.0007,3.99474,,1008.65,-7.65168,200394,,0.0109293,-0.0242656,,1.44191,5.06363
20.0008,4.49347,,1008.52,8.29657,197199,,0.00546366,-0.0318218,,0.839774,15.2689
20.0009,4.99318,,1007.81,-13.7875,180438,,0.00285059,-0.0706327,,-1.73031,20.0479
20.001,5.49321,,1007.25,-63.5197,167099,,0.00418974,-0.0538726,,-3.34256,12.9711
20.0009,5.99347,,1007.26,-63.5356,167427,,-0.00242214,0.0204604,,-2.00595,6.8796
20.0008,6.49303,,1007.28,4.50158,167787,,-0.0178842,0.04853,,-0.0678321,11.2822
20.0008,6.99233,,1006.75,71.5809,155454,,-0.0308558,0.0122893,,-0.008369,14.9403
20.0009,7.49273,,1006.29,69.2594,144580,,-0.0262212,-0.0568958,,-0.423425,6.73861
20.0008,7.99277,,1006.45,7.95068,148363,,-0.00326681,-0.0919219,,0.919236,-3.87484
20.0008,8.49242,,1006.83,-27.2907,157315,,0.01388,-0.0463153,,3.14468,-1.84005
20.0008,8.99187,,1006.85,1.35181,157812,,0.0100557,-0.0162138,,3.16188,13.2395
20.0009,9.49091,,1006.19,20.0319,142201,,-0.00106857,-0.0632197,,-0.462809,26.2642
20.0011,9.99085,,1005.24,-33.4831,120219,,-0.00338583,-0.100927,,-4.96481,23.2621
20.0011,10.4914,,1004.86,-103.115,111202,,-0.000979658,-0.0559794,,-5.97656,9.40691
20.0009,10.9914,,1005,-85.9684,114586,,-0.0100288,0.0400808,,-2.6886,1.64662
20.0007,11.4912,,1005.08,31.531,116373,,-0.0328411,0.0868578,,1.47343,6.01207
20.0006,11.9908,,1004.79,141.558,109539,,-0.0479338,0.0128625,,3.04823,12.5154
20.0006,12.4905,,1004.31,129.471,98534.5,,-0.0333231,-0.117749,,2.09777,9.51401
20.0007,12.9908,,1004.22,8.12029,96468.8,,0.00564793,-0.169779,,1.34388,-0.404414
20.0006,13.4907,,1004.6,-99.9808,105184,,0.0376303,-0.109513,,2.09211,-2.04626
20.0005,13.9901,,1004.73,-102.404,108291,,0.0358646,-0.0128191,,2.30769,11.8507
20.0005,14.4895,,1004.12,-21.3579,94138.2,,0.00376283,0.0314956,,-0.345761,29.1773
20.0005,14.9891,,1003.01,44.0244,68488.9,,-0.0304911,-0.0127189,,-4.75041,31.3273
20.0005,15.4896,,1002.2,32.517,49871,,-0.0410624,-0.0722616,,-6.72429,13.5215
20.0002,15.9904,,1002.29,-12.675,52080.4,,-0.0279581,-0.0668611,,-3.21058,-9.15751
19.9998,16.4904,,1003.01,-15.9577,68546.8,,-0.0108914,-0.0288014,,3.94049,-16.187
19.9996,16.99,,1003.57,33.8698,81495.9,,-0.00250855,-0.0110354,,8.98217,-1.15396
19.9994,17.4888,,1003.29,77.4481,74901.6,,-0.0022008,-0.0483572,,7.38978,22.2151
19.9995,17.9882,,1002.26,49.4458,51326.6,,-0.00200935,-0.120223,,-0.00469337,33.3801
19.9997,18.4887,,1001.34,-43.3872,30252.5,,0.00687725,-0.134137,,-7.59,24.9107
19.9996,18.9888,,1000.93,-117.805,21115.8,,0.0125774,-0.0732826,,-9.6562,6.28035
19.999,19.4895,,1001.13,-95.514,25567.8,,-0.00486831,0.0227827,,-4.98528,-6.86561
19.9988,19.9889,,1001.5,14.6683,33915,,-0.0340883,0.0637376,,2.78098,-4.8705
19.999,20.4885,,1001.53,119.929,34691.8,,-0.0531569,0.00689807,,8.21581,8.90469
19.9987,20.9887,,1001.11,136.794,25192.4,,-0.0549053,-0.0689236,,7.92305,22.846
19.997,21.4826,,999.979,57.1321,-472.612,,-0.0625032,-0.184181,,2.58093,25.9891
19.9995,21.9859,,999.719,-42.9422,-6340.04,,-0.0360711,-0.164105,,-3.78631,17.7067
20.0058,22.4838,,999.541,-76.7143,-10340.4,,0.0274684,-0.0856098,,-6.9728,3.04962
20.0051,22.9799,,999.556,-60.7866,-9996.54,,0.0339664,-0.0480392,,-6.02653,-9.74962
20.5,-1.5,,1010.33,0,240345,,0,0,,0,0
20.5,-1,,1010.12,0,235440,,0,0,,0,0
20.5,-0.5,,1009.92,0,230535,,0,0,,0,0
20.5069,-0.00927369,,1011.04,-0.0496221,257569,,0.0474052,-0.0634555,,-0.306905,10.9903
20.507,0.499953,,1009.72,-23.8238,225706,,0.0364515,-0.00906925,,-1.86517,14.8444
20.5066,0.992204,,1009.9,-25.3207,230140,,0.0237395,-0.0111996,,-2.89033,13.8795
20.5058,1.49742,,1009.29,-7.70255,215436,,0.0140128,0.0214029,,-2.02274,8.58607
20.506,1.99484,,1009.39,21.4573,217869,,0.0127783,0.00733003,,0.0827644,6.86679
20.5057,2.49481,,1009.25,40.4077,214584,,0.0120284,-0.00512503,,1.48181,8.71061
20.5055,2.99511,,1008.9,32.2976,206200,,0.0242979,-0.0374458,,1.818,7.77509
20.5056,3.49433,,1008.85,11.7594,204951,,0.0425635,-0.042117,,2.42908,3.99643
20.5053,3.99472,,1008.93,11.4259,206902,,0.0519817,-0.0224502,,3.34431,5.34057
20.5053,4.49362,,1008.81,21.2025,204120,,0.0546471,-0.0334683,,2.41235,13.0675
20.5054,4.99335,,1008.27,-2.2859,191231,,0.0593832,-0.0662425,,-0.76895,16.9092
20.5054,5.49329,,1007.81,-48.4311,180432,,0.0651446,-0.0541349,,-3.17131,12.4299
20.5052,5.99333,,1007.73,-54.9725,178440,,0.0568711,0.00562521,,-2.78281,8.75562
20.505,6.49298,,1007.62,-7.10337,175798,,0.0354343,0.0293016,,-1.56853,12.2699
20.5049,6.99239,,1007.12,43.3195,164069,,0.0181457,0.00506498,,-1.54321,14.5794
20.5048,7.49266,,1006.68,47.6485,153854,,0.0195026,-0.0410339,,-1.15221,7.69975
20.5046,7.99268,,1006.75,13.2882,155436,,0.0400373,-0.0662066,,1.52358,-0.950129
20.5044,8.49236,,1007.01,-2.72411,161585,,0.0583578,-0.0371002,,4.87356,0.117586
20.5043,8.99189,,1007.02,21.3892,161710,,0.0600139,-0.0229969,,5.21936,11.1374
20.5043,9.49111,,1006.52,28.7047,150105,,0.0581622,-0.0662129,,1.16268,20.9295
20.5045,9.99097,,1005.82,-23.0491,133523,,0.0643558,-0.096172,,-4.16892,19.3957
20.5045,10.4913,,1005.47,-85.843,125451,,0.0679373,-0.0594912,,-6.19219,10.3491
20.5043,10.9912,,1005.46,-80.0605,125129,,0.0519596,0.0163577,,-3.99701,5.70299
20.5041,11.491,,1005.36,5.75379,122867,,0.0180338,0.0568242,,-0.684838,9.08857
20.5039,11.9907,,1005.01,92.6786,114668,,-0.0074177,0.00675813,,0.86265,12.876
20.5039,12.4905,,1004.58,95.2124,104769,,0.00171501,-0.0878706,,1.05328,9.07535
20.5039,12.9907,,1004.5,20.0155,102994,,0.0399686,-0.127193,,2.18662,0.624942
20.5039,13.4906,,1004.79,-49.3276,109757,,0.0743168,-0.0901921,,4.44753,-0.663523
20.504,13.99,,1004.9,-52.3382,112093,,0.0784185,-0.0305868,,4.82005,10.3404
20.5042,14.4895,,1004.42,-6.21406,101069,,0.0543832,-0.00532826,,0.936719,24.1263
20.5045,14.9891,,1003.54,23.5037,80627,,0.0266569,-0.0378424,,-5.17181,26.5478
20.5047,15.4895,,1002.84,2.91835,64698,,0.0166724,-0.072691,,-8.239,13.9524
20.5048,15.99,,1002.79,-28.8038,63509.5,,0.0213272,-0.0564846,,-4.76295,-2.62408
20.5047,16.49,,1003.19,-18.6719,72594.6,,0.0252192,-0.0235208,,3.13344,-8.37018
20.5048,16.9898,,1003.53,32.6351,80393.4,,0.0234464,-0.0125111,,9.16231,1.44199
20.5051,17.4888,,1003.3,73.0321,75153.6,,0.0226092,-0.0493665,,8.38263,17.2367
20.5058,17.9884,,1002.6,52.0149,59036.8,,0.0339302,-0.110599,,1.58056,24.7294
20.5066,18.4888,,1002,-21.4338,45507.9,,0.0565483,-0.120273,,-5.65246,19.2866
20.5071,18.9884,,1001.66,-83.9092,37688.5,,0.0680751,-0.0807929,,-7.98671,7.50035
20.5077,19.4893,,1001.72,-76.2708,39100.4,,0.0548396,-0.00780656,,-4.44717,-0.360664
20.5086,19.9891,,1001.91,-2.2345,43413.4,,0.0304471,0.0324384,,1.58602,1.80709
20.5091,20.4881,,1001.75,68.2595,39680.5,,0.00523305,-0.0129905,,5.08515,10.8141
20.5095,20.9874,,1001.28,72.19,29050.1,,-0.010798,-0.0864519,,3.08489,18.5385
20.513,21.4861,,1000.75,7.46118,16980.5,,0.0198104,-0.142987,,-2.95707,18.9413
20.5183,21.9968,,1000.51,-65.5473,11430.2,,0.106135,-0.0150169,,-8.70031,13.2999
20.5118,22.4787,,999.839,-82.8846,-3638.34,,0.0879938,-0.09952,,-11.0732,4.54044
20.5052,22.9737,,999.954,-91.9891,-1032.07,,0.051558,-0.0379716,,-9.12521,-0.089297
21,-1.5,,1010.33,0,240345,,0,0,,0,0
21,-1,,1010.12,0,235440,,0,0,,0,0
21,-0.5,,1009.92,0,230535,,0,0,,0,0
20.9986,-0.00638188,,1010.25,0.376639,238548,,-0.00406924,-0.0194123,,0.135369,10.3925
20.9981,0.500858,,1009.05,-18.9313,209875,,0.00713815,-0.00966763,,-1.32314,12.9686
20.9993,0.991294,,1009.42,-26.4763,218545,,0.00455157,-0.0298461,,-3.14096,13.2062
20.9981,1.49651,,1008.73,-21.0451,202324,,-0.0200838,0.00867878,,-3.2668,10.0195
20.9978,1.99478,,1008.7,-2.08711,201612,,-0.0313882,4.63236e-05,,-1.74882,8.78368
20.998,2.49423,,1008.53,13.719,197474,,-0.0383541,-0.00687706,,-0.390133,9.6542
20.9976,2.99489,,1008.18,14.4759,189085,,-0.037797,-0.0241805,,0.502821,8.50628
20.9977,3.49406,,1008.09,8.20139,187076,,-0.0246802,-0.0302948,,2.06912,5.5197
20.9975,3.99437,,1008.09,14.1905,187013,,-0.0186134,-0.0187953,,3.89969,6.08373
20.9976,4.49356,,1007.98,24.2198,184476,,-0.0151661,-0.03094,,3.70528,10.989
20.9978,4.99329,,1007.61,8.08851,175682,,-0.00614316,-0.0572024,,1.02887,13.5974
20.9979,5.49319,,1007.29,-27.1115,168120,,0.00507564,-0.0521725,,-1.38363,11.1743
20.9979,5.99307,,1007.18,-38.6097,165442,,0.000201819,-0.0124955,,-1.74692,9.50965
20.9979,6.49279,,1007.01,-14.6089,161553,,-0.0214657,0.00488852,,-1.69458,12.356
20.998,6.99233,,1006.58,13.507,151467,,-0.0413278,-0.00798203,,-2.63953,14.0138
20.9981,7.49244,,1006.18,17.3743,142152,,-0.0461819,-0.0331519,,-2.64686,9.22405
20.998,7.99244,,1006.12,2.17037,140739,,-0.034379,-0.0471357,,0.281814,2.96583
20.9979,8.49219,,1006.22,1.0222,142889,,-0.0225499,-0.0294822,,4.36085,2.986
20.9979,8.99185,,1006.18,23.6187,141971,,-0.0215794,-0.0248595,,5.68282,9.61191
20.998,9.4913,,1005.85,30.2051,134328,,-0.0173302,-0.0595254,,2.62371,15.7844
20.9983,9.99114,,1005.39,-6.70261,123658,,-0.00138999,-0.083333,,-2.08786,15.1801
20.9984,10.4913,,1005.14,-54.5762,117739,,0.0107216,-0.0607059,,-4.36667,10.2412
20.9984,10.9911,,1005.04,-60.547,115554,,-0.000117223,-0.0102204,,-3.43073,8.25471
20.9983,11.491,,1004.86,-13.8937,111164,,-0.0331752,0.0204023,,-1.82344,10.9727
20.9982,11.9907,,1004.49,39.3038,102763,,-0.0625728,-0.0066346,,-1.48464,13.1426
20.9982,12.4906,,1004.1,46.721,93721.5,,-0.0609406,-0.0637022,,-1.36216,9.78809
20.9982,12.9908,,1003.97,10.9812,90686.9,,-0.0312656,-0.0875385,,0.756111,3.35056
20.998,13.4907,,1004.11,-21.1177,93819.8,,-0.0019726,-0.0677601,,4.38835,1.93347
20.9979,13.9903,,1004.15,-18.5645,94701.5,,0.00570767,-0.0372987,,5.84009,8.99921
20.998,14.4899,,1003.83,5.54628,87387.2,,-0.00675881,-0.0272372,,2.40756,18.3536
20.9982,14.9896,,1003.23,13.5203,73624.7,,-0.0207288,-0.0503795,,-3.93842,20.7001
20.9982,15.4899,,1002.72,-9.3459,61783.1,,-0.0215202,-0.0688753,,-7.84848,13.4287
20.998,15.9901,,1002.55,-32.9245,58057.4,,-0.017355,-0.0511195,,-5.61617,3.28141
20.9976,16.4901,,1002.64,-23.5484,60018.5,,-0.0213737,-0.0254129,,1.13387,-0.640666
20.9973,16.9901,,1002.72,15.2589,61911.1,,-0.0321473,-0.016761,,6.83757,4.6847
20.997,17.4894,,1002.5,47.3242,56847.2,,-0.0384076,-0.0432415,,6.96594,13.6036
20.9971,17.9893,,1002.04,38.87,46379.3,,-0.0258898,-0.0856751,,2.0366,17.7
20.997,18.4896,,1001.67,-5.25099,37895,,-0.000870019,-0.094,,-3.39156,14.5703
20.9968,18.9892,,1001.39,-47.0212,31432.4,,0.0139467,-0.0742754,,-5.20492,8.13247
20.9968,19.4903,,1001.37,-47.9063,31074.2,,0.01079,-0.0203142,,-2.645,4.33029
20.9961,19.9896,,1001.31,-8.98944,29715.5,,-0.0176287,0.00532282,,1.41138,6.16303
20.9957,20.489,,1000.98,26.3481,22242.6,,-0.0529261,-0.0325744,,2.96215,10.9417
20.9974,20.9905,,1000.75,23.8423,17068.1,,-0.042986,-0.0602305,,0.638417,14.3138
20.999,21.4899,,1000.51,-13.8016,11612.1,,0.00474578,-0.0816986,,-3.56905,13.4576
20.9964,21.9777,,1000.04,-52.095,925.676,,-0.00673234,-0.170876,,-7.47752,9.51052
21.0039,22.4716,,1000.31,-59.5449,6994.9,,0.0541876,-0.121714,,-8.1701,7.71881
21.0116,22.9739,,1000.62,-42.1793,14103.1,,0.105271,-0.0819365,,-5.83634,14.0493
21.5,-1.5,,1010.33,0,240345,,0,0,,0,0
21.5,-1,,1010.12,0,235440,,0,0,,0,0
21.5,-0.5,,1009.92,0,230535,,0,0,,0,0
21.5177,-0.017726,,1011.77,14.0913,275175,,0.104688,-0.102949,,0.654685,9.62625
21.5057,0.501264,,1009.96,-2.44447,231614,,0.0191427,0.00749768,,-0.431325,11.2098
21.5091,0.992264,,1010.48,-6.8794,244081,,0.0649421,-0.0412917,,-1.69637,11.6395
21.5083,1.49614,,1009.94,-11.006,231074,,0.0436957,-0.00306082,,-2.66785,10.4586
21.5078,1.99549,,1009.76,-6.11253,226839,,0.0346188,-0.00511098,,-2.27585,9.93036
21.5082,2.49467,,1009.56,-0.0458215,222039,,0.0305699,-0.00883022,,-1.85636,10.3677
21.5077,2.99524,,1009.2,1.37851,213350,,0.0263726,-0.0138375,,-1.45908,9.55731
21.5078,3.49452,,1009.02,2.1804,209112,,0.0344347,-0.0183248,,-0.0529586,7.65037
21.5075,3.99463,,1008.88,10.2571,205717,,0.0364643,-0.0124678,,1.92287,7.60928
21.5074,4.49406,,1008.71,20.6634,201760,,0.0393294,-0.0215921,,2.54087,9.9019
21.5074,4.99377,,1008.44,16.7008,195308,,0.0503063,-0.0389116,,1.26644,11.1617
21.5073,5.49358,,1008.2,0.155979,189600,,0.0655869,-0.039473,,-0.0196174,10.0683
21.5072,5.99334,,1008.05,-8.58382,186093,,0.0692019,-0.0205142,,-0.206991,9.5906
21.5071,6.49305,,1007.86,-2.84768,181526,,0.0578353,-0.012069,,-0.619205,11.4966
21.507,6.99265,,1007.52,4.86944,173490,,0.0455075,-0.0178108,,-2.1378,12.6575
21.5069,7.49257,,1007.17,4.13552,165314,,0.0410971,-0.0283909,,-2.90643,10.2191
21.5067,7.99245,,1006.97,-1.51467,160683,,0.0457771,-0.0342073,,-1.01537,6.74523
21.5064,8.4922,,1006.86,2.49961,157914,,0.0492487,-0.0251967,,2.32328,6.32109
21.5062,8.99192,,1006.7,19.1199,154348,,0.045616,-0.024847,,4.03339,9.25502
21.5061,9.49151,,1006.45,27.518,148448,,0.0483223,-0.0466909,,2.65532,12.1373
21.5061,9.9913,,1006.16,12.7552,141544,,0.0642133,-0.0627765,,-0.0633527,11.904
21.5061,10.4912,,1005.95,-11.4378,136716,,0.0790328,-0.0540946,,-1.40514,9.81836
21.5059,10.991,,1005.79,-20.8405,133011,,0.0757829,-0.0297478,,-1.03777,9.40929
21.5058,11.4908,,1005.56,-7.98632,127589,,0.0526475,-0.0130563,,-0.808705,11.252
21.5057,11.9906,,1005.23,10.4048,119871,,0.0278555,-0.0243894,,-1.72622,12.4463
21.5057,12.4904,,1004.88,13.65,111680,,0.0228564,-0.0510633,,-2.39625,10.4416
21.5056,12.9904,,1004.65,3.07952,106438,,0.036659,-0.0618544,,-0.785322,6.64835
21.5054,13.4903,,1004.57,-3.69318,104524,,0.0505046,-0.0536884,,2.65614,5.4289
21.5054,13.99,,1004.47,2.40388,102303,,0.0521993,-0.0426778,,4.7249,8.73034
21.5054,14.4897,,1004.25,13.2277,97038.6,,0.0437553,-0.0416303,,2.90391,13.5319
21.5056,14.9895,,1003.9,12.8261,88916.8,,0.0375801,-0.0560475,,-1.65759,15.1295
21.5058,15.4895,,1003.56,-2.71405,81102.1,,0.0414221,-0.0652601,,-5.02478,12.0491
21.5059,15.9895,,1003.33,-17.2681,75927,,0.0448649,-0.0539381,,-4.26849,7.40189
21.5059,16.4894,,1003.18,-14.9507,72499.8,,0.0377656,-0.0393772,,-0.21097,5.43787
21.506,16.9893,,1003.05,2.64792,69356.8,,0.0233122,-0.0338299,,3.50971,7.61486
21.5061,17.4889,,1002.81,19.5485,63921.7,,0.0126135,-0.0474294,,3.85817,11.3813
21.5066,17.9889,,1002.51,20.3125,57101.6,,0.0189742,-0.0700741,,1.14827,12.9541
21.507,18.4889,,1002.27,5.14364,51537.1,,0.0370812,-0.076628,,-1.77648,11.4477
21.5075,18.9887,,1002.05,-11.8978,46545,,0.0524253,-0.0687799,,-2.51075,8.7493
21.508,19.4893,,1001.94,-14.3509,44086.4,,0.0545452,-0.0384081,,-0.825667,7.52993
21.5081,19.9885,,1001.69,-3.52937,38437.6,,0.0327139,-0.033796,,1.2775,8.56134
21.5094,20.4893,,1001.46,5.20574,33039.2,,0.0200255,-0.0473217,,1.76857,10.3004
21.5112,20.9923,,1001.46,5.45433,32973.1,,0.0392634,-0.0161246,,0.492951,11.6336
21.5115,21.4864,,1000.62,-10.3427,14061.8,,0.0607007,-0.0914806,,-1.2098,10.3564
21.5158,22.0086,,1001.26,-17.4183,28626.8,,0.0769811,0.0891891,,-2.38372,9.18749
21.5421,22.514,,1000.41,-6.23133,9352.27,,0.285497,0.114154,,-0.634207,10.4186
21.5555,23.0035,,1000.36,15.7035,8115.47,,0.371992,0.0486177,,0.838974,12.333
22,-1.5,,1010.33,0,240345,,0,0,,0,0
22,-1,,1010.12,0,235440,,0,0,,0,0
22,-0.5,,1009.92,0,230535,,0,0,,0,0
22,0,,1009.71,0,225630,,0,0,,0,0
22,0.5,,1009.51,0,220725,,0,0,,0,0
22,1,,1009.3,0,215820,,0,0,,0,0
22,1.5,,1009.1,0,210915,,0,0,,0,0
22,2,,1008.89,0,206010,,0,0,,0,0
22,2.5,,1008.68,0,201105,,0,0,,0,0
22,3,,1008.48,0,196200,,0,0,,0,0
22,3.5,,1008.27,0,191295,,0,0,,0,0
22,4,,1008.06,0,186390,,0,0,,0,0
22,4.5,,1007.86,0,181485,,0,0,,0,0
22,5,,1007.65,0,176580,,0,0,,0,0
22,5.5,,1007.44,0,171675,,0,0,,0,0
22,6,,1007.23,0,166770,,0,0,,0,0
22,6.5,,1007.02,0,161865,,0,0,,0,0
22,7,,1006.82,0,156960,,0,0,,0,0
22,7.5,,1006.61,0,152055,,0,0,,0,0
22,8,,1006.4,0,147150,,0,0,,0,0
22,8.5,,1006.19,0,142245,,0,0,,0,0
22,9,,1005.98,0,137340,,0,0,,0,0
22,9.5,,1005.77,0,132435,,0,0,,0,0
22,10,,1005.56,0,127530,,0,0,,0,0
22,10.5,,1005.35,0,122625,,0,0,,0,0
22,11,,1005.14,0,117720,,0,0,,0,0
22,11.5,,1004.93,0,112815,,0,0,,0,0
22,12,,1004.72,0,107910,,0,0,,0,0
22,12.5,,1004.5,0,103005,,0,0,,0,0
22,13,,1004.29,0,98100,,0,0,,0,0
22,13.5,,1004.08,0,93195,,0,0,,0,0
22,14,,1003.87,0,88290,,0,0,,0,0
22,14.5,,1003.66,0,83385,,0,0,,0,0
22,15,,1003.44,0,78480,,0,0,,0,0
22,15.5,,1003.23,0,73575,,0,0,,0,0
22,16,,1003.02,0,68670,,0,0,,0,0
22,16.5,,1002.8,0,63765,,0,0,,0,0
22,17,,1002.59,0,58860,,0,0,,0,0
22,17.5,,1002.37,0,53955,,0,0,,0,0
22,18,,1002.16,0,49050,,0,0,,0,0
22,18.5,,1001.95,0,44145,,0,0,,0,0
22,19,,1001.73,0,39240,,0,0,,0,0
22,19.5,,1001.51,0,34335,,0,0,,0,0
22,20,,1001.3,0,29430,,0,0,,0,0
22,20.5,,1001.08,0,24525,,0,0,,0,0
22,21,,1000.87,0,19620,,0,0,,0,0
22,21.5,,1000.65,0,14715,,0,0,,0,0
22,22,,1000.43,0,9810,,0,0,,0,0
22,22.5,,1000.22,0,4905,,0,0,,0,0
22,23,,1000,0,0,,0,0,,0,0
22.5,-1.5,,1010.33,0,240345,,0,0,,0,0
22.5,-1,,1010.12,0,235440,,0,0,,0,0
22.5,-0.5,,1009.92,0,230535,,0,0,,0,0
22.5,0,,1009.71,0,225630,,0,0,,0,0
22.5,0.5,,1009.51,0,220725,,0,0,,0,0
22.5,1,,1009.3,0,215820,,0,0,,0,0
22.5,1.5,,1009.1,0,210915,,0,0,,0,0
22.5,2,,1008.89,0,206010,,0,0,,0,0
22.5,2.5,,1008.68,0,201105,,0,0,,0,0
22.5,3,,1008.48,0,196200,,0,0,,0,0
22.5,3.5,,1008.27,0,191295,,0,0,,0,0
22.5,4,,1008.06,0,186390,,0,0,,0,0
22.5,4.5,,1007.86,0,181485,,0,0,,0,0
22.5,5,,1007.65,0,176580,,0,0,,0,0
22.5,5.5,,1007.44,0,171675,,0,0,,0,0
22.5,6,,1007.23,0,166770,,0,0,,0,0
22.5,6.5,,1007.02,0,161865,,0,0,,0,0
22.5,7,,1006.82,0,156960,,0,0,,0,0
22.5,7.5,,1006.61,0,152055,,0,0,,0,0
22.5,8,,1006.4,0,147150,,0,0,,0,0
22.5,8.5,,1006.19,0,142245,,0,0,,0,0
22.5,9,,1005.98,0,137340,,0,0,,0,0
22.5,9.5,,1005.77,0,132435,,0,0,,0,0
22.5,10,,1005.56,0,127530,,0,0,,0,0
22.5,10.5,,1005.35,0,122625,,0,0,,0,0
22.5,11,,1005.14,0,117720,,0,0,,0,0
22.5,11.5,,1004.93,0,112815,,0,0,,0,0
22.5,12,,1004.72,0,107910,,0,0,,0,0
22.5,12.5,,1004.5,0,103005,,0,0,,0,0
22.5,13,,1004.29,0,98100,,0,0,,0,0
22.5,13.5,,1004.08,0,93195,,0,0,,0,0
22.5,14,,1003.87,0,88290,,0,0,,0,0
22.5,14.5,,1003.66,0,83385,,0,0,,0,0
22.5,15,,1003.44,0,78480,,0,0,,0,0
22.5,15.5,,1003.23,0,73575,,0,0,,0,0
22.5,16,,1003.02,0,68670,,0,0,,0,0
22.5,16.5,,1002.8,0,63765,,0,0,,0,0
22.5,17,,1002.59,0,58860,,0,0,,0,0
22.5,17.5,,1002.37,0,53955,,0,0,,0,0
22.5,18,,1002.16,0,49050,,0,0,,0,0
22.5,18.5,,1001.95,0,44145,,0,0,,0,0
22.5,19,,1001.73,0,39240,,0,0,,0,0
22.5,19.5,,1001.51,0,34335,,0,0,,0,0
22.5,20,,1001.3,0,29430,,0,0,,0,0
22.5,20.5,,1001.08,0,24525,,0,0,,0,0
22.5,21,,1000.87,0,19620,,0,0,,0,0
22.5,21.5,,1000.65,0,14715,,0,0,,0,0
22.5,22,,1000.43,0,9810,,0,0,,0,0
22.5,22.5,,1000.22,0,4905,,0,0,,0,0
22.5,23,,1000,0,0,,0,0,,0,0
23,-1.5,,1010.33,0,240345,,0,0,,0,0
23,-1,,1010.12,0,235440,,0,0,,0,0
23,-0.5,,1009.92,0,230535,,0,0,,0,0
23,0,,1009.71,0,225630,,0,0,,0,0
23,0.5,,1009.51,0,220725,,0,0,,0,0
23,1,,1009.3,0,215820,,0,0,,0,0
23,1.5,,1009.1,0,210915,,0,0,,0,0
23,2,,1008.89,0,206010,,0,0,,0,0
23,2.5,,1008.68,0,201105,,0,0,,0,0
23,3,,1008.48,0,196200,,0,0,,0,0
23,3.5,,1008.27,0,191295,,0,0,,0,0
23,4,,1008.06,0,186390,,0,0,,0,0
23,4.5,,1007.86,0,181485,,0,0,,0,0
23,5,,1007.65,0,176580,,0,0,,0,0
23,5.5,,1007.44,0,171675,,0,0,,0,0
23,6,,1007.23,0,166770,,0,0,,0,0
23,6.5,,1007.02,0,161865,,0,0,,0,0
23,7,,1006.82,0,156960,,0,0,,0,0
23,7.5,,1006.61,0,152055,,0,0,,0,0
23,8,,1006.4,0,147150,,0,0,,0,0
23,8.5,,1006.19,0,142245,,0,0,,0,0
23,9,,1005.98,0,137340,,0,0,,0,0
23,9.5,,1005.77,0,132435,,0,0,,0,0
23,10,,1005.56,0,127530,,0,0,,0,0
23,10.5,,1005.35,0,122625,,0,0,,0,0
23,11,,1005.14,0,117720,,0,0,,0,0
23,11.5,,1004.93,0,112815,,0,0,,0,0
23,12,,1004.72,0,107910,,0,0,,0,0
23,12.5,,1004.5,0,103005,,0,0,,0,0
23,13,,1004.29,0,98100,,0,0,,0,0
23,13.5,,1004.08,0,93195,,0,0,,0,0
23,14,,1003.87,0,88290,,0,0,,0,0
23,14.5,,1003.66,0,83385,,0,0,,0,0
23,15,,1003.44,0,78480,,0,0,,0,0
23,15.5,,1003.23,0,73575,,0,0,,0,0
23,16,,1003.02,0,68670,,0,0,,0,0
23,16.5,,1002.8,0,63765,,0,0,,0,0
23,17,,1002.59,0,58860,,0,0,,0,0
23,17.5,,1002.37,0,53955,,0,0,,0,0
23,18,,1002.16,0,49050,,0,0,,0,0
23,18.5,,1001.95,0,44145,,0,0,,0,0
23,19,,1001.73,0,39240,,0,0,,0,0
23,19.5,,1001.51,0,34335,,0,0,,0,0
23,20,,1001.3,0,29430,,0,0,,0,0
23,20.5,,1001.08,0,24525,,0,0,,0,0
23,21,,1000.87,0,19620,,0,0,,0,0
23,21.5,,1000.65,0,14715,,0,0,,0,0
23,22,,1000.43,0,9810,,0,0,,0,0
23,22.5,,1000.22,0,4905,,0,0,,0,0
23,23,,1000,0,0,,0,0,,0,0
