h/dp :,2
L2norm Pressure,KE,dp,Nparticles
89607.6,2.79492e+07,0.25,2048

t,4.02056
ID,r,z,,rho,drhodt,pressure,,u_r,u_z,velocity,,pairAr,pairAz,totalAr,totalAz,Type
0,0.125,-0.125,,1000.33,0,5183.91,,0,0,0,,0,0,41.4576,-9.81,boundary
1,0.375,-0.125,,1000.11,0,1796.36,,0,0,0,,0,0,4.78975,-9.81,boundary
2,0.625,-0.125,,1000,0,0,,0,0,0,,0,0,0,-9.81,boundary
3,0.875,-0.125,,1000,0,0,,0,0,0,,0,0,0,-9.81,boundary
4,1.125,-0.125,,1000,0,0,,0,0,0,,0,0,0,-9.81,boundary
5,1.375,-0.125,,1000,0,0,,0,0,0,,0,0,0,-9.81,boundary
6,1.625,-0.125,,1000,0,0,,0,0,0,,0,0,0,-9.81,boundary
7,1.875,-0.125,,1000,0,0,,0,0,0,,0,0,0,-9.81,boundary
8,2.125,-0.125,,1000,0,0,,0,0,0,,0,0,0,-9.81,boundary
9,2.375,-0.125,,1000,0,0,,0,0,0,,0,0,0,-9.81,boundary
10,2.625,-0.125,,1000,0,0,,0,0,0,,0,0,0,-9.81,boundary
11,2.875,-0.125,,1000,0,0,,0,0,0,,0,0,0,-9.81,boundary
12,3.125,-0.125,,1000,0,0,,0,0,0,,0,0,0,-9.81,boundary
13,3.375,-0.125,,1000,0,0,,0,0,0,,0,0,0,-9.81,boundary
14,3.625,-0.125,,1000,0,0,,0,0,0,,0,0,0,-9.81,boundary
15,3.875,-0.125,,1000,0,0,,0,0,0,,0,0,0,-9.81,boundary
16,4.125,-0.125,,1000,0,0,,0,0,0,,0,0,0,-9.81,boundary
17,4.375,-0.125,,1000,0,0,,0,0,0,,0,0,0,-9.81,boundary
18,4.625,-0.125,,1000,0,0,,0,0,0,,0,0,0,-9.81,boundary
19,4.875,-0.125,,1000,0,0,,0,0,0,,0,0,0,-9.81,boundary
20,5.125,-0.125,,1000,0,0,,0,0,0,,0,0,0,-9.81,boundary
21,5.375,-0.125,,1000,0,0,,0,0,0,,0,0,0,-9.81,boundary
22,5.625,-0.125,,1000,0,0,,0,0,0,,0,0,0,-9.81,boundary
23,5.875,-0.125,,1000,0,0,,0,0,0,,0,0,0,-9.81,boundary
24,6.125,-0.125,,1000,0,0,,0,0,0,,0,0,0,-9.81,boundary
25,6.375,-0.125,,1000,0,0,,0,0,0,,0,0,0,-9.81,boundary
26,6.625,-0.125,,1000,0,0,,0,0,0,,0,0,0,-9.81,boundary
27,6.875,-0.125,,1000,0,0,,0,0,0,,0,0,0,-9.81,boundary
28,7.125,-0.125,,1000,0,0,,0,0,0,,0,0,0,-9.81,boundary
29,7.375,-0.125,,1000,0,0,,0,0,0,,0,0,0,-9.81,boundary
30,7.625,-0.125,,1000,0,0,,0,0,0,,0,0,0,-9.81,boundary
31,7.875,-0.125,,1000,0,0,,0,0,0,,0,0,0,-9.81,boundary
32,8.125,-0.125,,1000,0,0,,0,0,0,,0,0,0,-9.81,boundary
33,8.375,-0.125,,1000,0,0,,0,0,0,,0,0,0,-9.81,boundary
34,8.625,-0.125,,1000,0,0,,0,0,0,,0,0,0,-9.81,boundary
35,8.875,-0.125,,1000,0,0,,0,0,0,,0,0,0,-9.81,boundary
36,9.125,-0.125,,1000,0,0,,0,0,0,,0,0,0,-9.81,boundary
37,9.375,-0.125,,1000,0,0,,0,0,0,,0,0,0,-9.81,boundary
38,9.625,-0.125,,1000,0,0,,0,0,0,,0,0,0,-9.81,boundary
39,9.875,-0.125,,1000,0,0,,0,0,0,,0,0,0,-9.81,boundary
40,10.125,-0.125,,1000,0,0,,0,0,0,,0,0,0,-9.81,boundary
41,10.375,-0.125,,1000,0,0,,0,0,0,,0,0,0,-9.81,boundary
42,10.625,-0.125,,1000,0,0,,0,0,0,,0,0,0,-9.81,boundary
43,10.875,-0.125,,1000,0,0,,0,0,0,,0,0,0,-9.81,boundary
44,11.125,-0.125,,1000,0,0,,0,0,0,,0,0,0,-9.81,boundary
45,11.375,-0.125,,1000,0,0,,0,0,0,,0,0,0,-9.81,boundary
46,11.625,-0.125,,1000,0,0,,0,0,0,,0,0,0,-9.81,boundary
47,11.875,-0.125,,1000,0,0,,0,0,0,,0,0,0,-9.81,boundary
48,12.125,-0.125,,1000,0,0,,0,0,0,,0,0,0,-9.81,boundary
49,12.375,-0.125,,1000,0,0,,0,0,0,,0,0,0,-9.81,boundary
50,12.625,-0.125,,1000,0,0,,0,0,0,,0,0,0,-9.81,boundary
51,12.875,-0.125,,1000,0,0,,0,0,0,,0,0,0,-9.81,boundary
52,13.125,-0.125,,1000,0,0,,0,0,0,,0,0,0,-9.81,boundary
53,13.375,-0.125,,1000,0,0,,0,0,0,,0,0,0,-9.81,boundary
54,13.625,-0.125,,1000,0,0,,0,0,0,,0,0,0,-9.81,boundary
55,13.875,-0.125,,1000,0,0,,0,0,0,,0,0,0,-9.81,boundary
56,14.125,-0.125,,1000,0,0,,0,0,0,,0,0,0,-9.81,boundary
57,14.375,-0.125,,1000,0,0,,0,0,0,,0,0,0,-9.81,boundary
58,14.625,-0.125,,1000,0,0,,0,0,0,,0,0,0,-9.81,boundary
59,14.875,-0.125,,1000,0,0,,0,0,0,,0,0,0,-9.81,boundary
60,15.125,-0.125,,1000,0,0,,0,0,0,,0,0,0,-9.81,boundary
61,15.375,-0.125,,1000,0,0,,0,0,0,,0,0,0,-9.81,boundary
62,15.625,-0.125,,1000,0,0,,0,0,0,,0,0,0,-9.81,boundary
63,15.875,-0.125,,1000,0,0,,0,0,0,,0,0,0,-9.81,boundary
64,16.125,-0.125,,1000,0,0,,0,0,0,,0,0,0,-9.81,boundary
65,16.375,-0.125,,1000,0,0,,0,0,0,,0,0,0,-9.81,boundary
66,16.625,-0.125,,1000,0,0,,0,0,0,,0,0,0,-9.81,boundary
67,16.875,-0.125,,1000,0,0,,0,0,0,,0,0,0,-9.81,boundary
68,17.125,-0.125,,1000,0,0,,0,0,0,,0,0,0,-9.81,boundary
69,17.375,-0.125,,1000,0,0,,0,0,0,,0,0,0,-9.81,boundary
70,17.625,-0.125,,1000,0,0,,0,0,0,,0,0,0,-9.81,boundary
71,17.875,-0.125,,1000,0,0,,0,0,0,,0,0,0,-9.81,boundary
72,18.125,-0.125,,1000,0,0,,0,0,0,,0,0,0,-9.81,boundary
73,18.375,-0.125,,1000,0,0,,0,0,0,,0,0,0,-9.81,boundary
74,18.625,-0.125,,1000,0,0,,0,0,0,,0,0,0,-9.81,boundary
75,18.875,-0.125,,1000,0,0,,0,0,0,,0,0,0,-9.81,boundary
76,19.125,-0.125,,1000,0,0,,0,0,0,,0,0,0,-9.81,boundary
77,19.375,-0.125,,1000,0,0,,0,0,0,,0,0,0,-9.81,boundary
78,19.625,-0.125,,1000,0,0,,0,0,0,,0,0,0,-9.81,boundary
79,19.875,-0.125,,1000,0,0,,0,0,0,,0,0,0,-9.81,boundary
80,20.125,-0.125,,1000,0,0,,0,0,0,,0,0,0,-9.81,boundary
81,20.375,-0.125,,1000,0,0,,0,0,0,,0,0,0,-9.81,boundary
82,20.625,-0.125,,1000,0,0,,0,0,0,,0,0,0,-9.81,boundary
83,20.875,-0.125,,1000,0,0,,0,0,0,,0,0,0,-9.81,boundary
84,21.125,-0.125,,1000,0,0,,0,0,0,,0,0,0,-9.81,boundary
85,21.375,-0.125,,1000,0,0,,0,0,0,,0,0,0,-9.81,boundary
86,21.625,-0.125,,1000,0,0,,0,0,0,,0,0,0,-9.81,boundary
87,21.875,-0.125,,1000,0,0,,0,0,0,,0,0,0,-9.81,boundary
88,22.125,-0.125,,1000,0,0,,0,0,0,,0,0,0,-9.81,boundary
89,22.375,-0.125,,1000,0,0,,0,0,0,,0,0,0,-9.81,boundary
90,22.625,-0.125,,1000,0,0,,0,0,0,,0,0,0,-9.81,boundary
91,22.875,-0.125,,1000,0,0,,0,0,0,,0,0,0,-9.81,boundary
92,23.125,-0.125,,1000,0,0,,0,0,0,,0,0,0,-9.81,boundary
93,23.375,-0.125,,1000,0,0,,0,0,0,,0,0,0,-9.81,boundary
94,23.625,-0.125,,1000,0,0,,0,0,0,,0,0,0,-9.81,boundary
95,23.875,-0.125,,1000,0,0,,0,0,0,,0,0,0,-9.81,boundary
96,24.125,-0.125,,1000,0,0,,0,0,0,,0,0,0,-9.81,boundary
97,24.375,-0.125,,1000,0,0,,0,0,0,,0,0,0,-9.81,boundary
98,24.625,-0.125,,1000,0,0,,0,0,0,,0,0,0,-9.81,boundary
99,24.875,-0.125,,1000,0,0,,0,0,0,,0,0,0,-9.81,boundary
100,25.125,-0.125,,1000,0,0,,0,0,0,,0,0,0,-9.81,boundary
101,25.375,-0.125,,1000,0,0,,0,0,0,,0,0,0,-9.81,boundary
102,25.625,-0.125,,1000,0,0,,0,0,0,,0,0,0,-9.81,boundary
103,25.875,-0.125,,1000,0,0,,0,0,0,,0,0,0,-9.81,boundary
104,26.125,-0.125,,1000,0,0,,0,0,0,,0,0,0,-9.81,boundary
105,26.375,-0.125,,1000,0,0,,0,0,0,,0,0,0,-9.81,boundary
106,26.625,-0.125,,1000,0,0,,0,0,0,,0,0,0,-9.81,boundary
107,26.875,-0.125,,1000,0,0,,0,0,0,,0,0,0,-9.81,boundary
108,27.125,-0.125,,1000,0,0,,0,0,0,,0,0,0,-9.81,boundary
109,27.375,-0.125,,1000,0,0,,0,0,0,,0,0,0,-9.81,boundary
110,27.625,-0.125,,1000,0,0,,0,0,0,,0,0,0,-9.81,boundary
111,27.875,-0.125,,1000,0,0,,0,0,0,,0,0,0,-9.81,boundary
112,28.125,-0.125,,1000,0,0,,0,0,0,,0,0,0,-9.81,boundary
113,28.375,-0.125,,1000,0,0,,0,0,0,,0,0,0,-9.81,boundary
114,28.625,-0.125,,1000,0,0,,0,0,0,,0,0,0,-9.81,boundary
115,28.875,-0.125,,1000,0,0,,0,0,0,,0,0,0,-9.81,boundary
116,29.125,-0.125,,1000,0,0,,0,0,0,,0,0,0,-9.81,boundary
117,29.375,-0.125,,1000,0,0,,0,0,0,,0,0,0,-9.81,boundary
118,29.625,-0.125,,1000,0,0,,0,0,0,,0,0,0,-9.81,boundary
119,29.875,-0.125,,1000.43,0,6726.25,,0,0,0,,0,0,0.22505,-9.81,boundary
120,30.125,-0.125,,1001.6,0,25232.3,,0,0,0,,0,0,0.836249,-9.81,boundary
121,30.375,-0.125,,1001.49,0,23478.4,,0,0,0,,0,0,0.771802,-9.81,boundary
122,30.625,-0.125,,1001.26,0,19900.1,,0,0,0,,0,0,0.648979,-9.81,boundary
123,30.875,-0.125,,1001.45,0,22826.5,,0,0,0,,0,0,0.738252,-9.81,boundary
124,31.125,-0.125,,1002.63,0,41679.3,,0,0,0,,0,0,1.33557,-9.81,boundary
125,31.375,-0.125,,1002.74,0,43324.1,,0,0,0,,0,0,1.37708,-9.81,boundary
126,31.625,-0.125,,1001.44,0,22721,,0,0,0,,0,0,0.717418,-9.81,boundary
127,31.875,-0.125,,1000.57,0,8997.3,,0,0,0,,0,0,0.282107,-9.81,boundary
128,32.125,-0.125,,1000.57,0,8997.3,,0,0,0,,0,0,0.279911,-9.81,boundary
129,32.375,-0.125,,1001.44,0,22721,,0,0,0,,0,0,0.700798,-9.81,boundary
130,32.625,-0.125,,1002.74,0,43324.1,,0,0,0,,0,0,1.32432,-9.81,boundary
131,32.875,-0.125,,1002.63,0,41679.3,,0,0,0,,0,0,1.26448,-9.81,boundary
132,0.125,-0.375,,1000.43,0,6687.88,,0,0,0,,0,0,53.4803,-9.81,boundary
133,0.375,-0.375,,1000.16,0,2471.12,,0,0,0,,0,0,6.58862,-9.81,boundary
134,0.625,-0.375,,1000,0,0,,0,0,0,,0,0,0,-9.81,boundary
135,0.875,-0.375,,1000,0,0,,0,0,0,,0,0,0,-9.81,boundary
136,1.125,-0.375,,1000,0,0,,0,0,0,,0,0,0,-9.81,boundary
137,1.375,-0.375,,1000,0,0,,0,0,0,,0,0,0,-9.81,boundary
138,1.625,-0.375,,1000,0,0,,0,0,0,,0,0,0,-9.81,boundary
139,1.875,-0.375,,1000,0,0,,0,0,0,,0,0,0,-9.81,boundary
140,2.125,-0.375,,1000,0,0,,0,0,0,,0,0,0,-9.81,boundary
141,2.375,-0.375,,1000,0,0,,0,0,0,,0,0,0,-9.81,boundary
142,2.625,-0.375,,1000,0,0,,0,0,0,,0,0,0,-9.81,boundary
143,2.875,-0.375,,1000,0,0,,0,0,0,,0,0,0,-9.81,boundary
144,3.125,-0.375,,1000,0,0,,0,0,0,,0,0,0,-9.81,boundary
145,3.375,-0.375,,1000,0,0,,0,0,0,,0,0,0,-9.81,boundary
146,3.625,-0.375,,1000,0,0,,0,0,0,,0,0,0,-9.81,boundary
147,3.875,-0.375,,1000,0,0,,0,0,0,,0,0,0,-9.81,boundary
148,4.125,-0.375,,1000,0,0,,0,0,0,,0,0,0,-9.81,boundary
149,4.375,-0.375,,1000,0,0,,0,0,0,,0,0,0,-9.81,boundary
150,4.625,-0.375,,1000,0,0,,0,0,0,,0,0,0,-9.81,boundary
151,4.875,-0.375,,1000,0,0,,0,0,0,,0,0,0,-9.81,boundary
152,5.125,-0.375,,1000,0,0,,0,0,0,,0,0,0,-9.81,boundary
153,5.375,-0.375,,1000,0,0,,0,0,0,,0,0,0,-9.81,boundary
154,5.625,-0.375,,1000,0,0,,0,0,0,,0,0,0,-9.81,boundary
155,5.875,-0.375,,1000.29,0,4522.15,,0,0,0,,0,0,0.769505,-9.81,boundary
156,6.125,-0.375,,1000,0,0,,0,0,0,,0,0,0,-9.81,boundary
157,6.375,-0.375,,1000,0,0,,0,0,0,,0,0,0,-9.81,boundary
158,6.625,-0.375,,1000,0,0,,0,0,0,,0,0,0,-9.81,boundary
159,6.875,-0.375,,1000,0,0,,0,0,0,,0,0,0,-9.81,boundary
160,7.125,-0.375,,1000,0,0,,0,0,0,,0,0,0,-9.81,boundary
161,7.375,-0.375,,1000,0,0,,0,0,0,,0,0,0,-9.81,boundary
162,7.625,-0.375,,1000,0,0,,0,0,0,,0,0,0,-9.81,boundary
163,7.875,-0.375,,1000,0,0,,0,0,0,,0,0,0,-9.81,boundary
164,8.125,-0.375,,1000,0,0,,0,0,0,,0,0,0,-9.81,boundary
165,8.375,-0.375,,1000,0,0,,0,0,0,,0,0,0,-9.81,boundary
166,8.625,-0.375,,1000,0,0,,0,0,0,,0,0,0,-9.81,boundary
167,8.875,-0.375,,1000,0,0,,0,0,0,,0,0,0,-9.81,boundary
168,9.125,-0.375,,1000,0,0,,0,0,0,,0,0,0,-9.81,boundary
169,9.375,-0.375,,1000,0,0,,0,0,0,,0,0,0,-9.81,boundary
170,9.625,-0.375,,1000,0,0,,0,0,0,,0,0,0,-9.81,boundary
171,9.875,-0.375,,1000,0,0,,0,0,0,,0,0,0,-9.81,boundary
172,10.125,-0.375,,1000,0,0,,0,0,0,,0,0,0,-9.81,boundary
173,10.375,-0.375,,1000,0,0,,0,0,0,,0,0,0,-9.81,boundary
174,10.625,-0.375,,1000,0,0,,0,0,0,,0,0,0,-9.81,boundary
175,10.875,-0.375,,1000,0,0,,0,0,0,,0,0,0,-9.81,boundary
176,11.125,-0.375,,1000,0,0,,0,0,0,,0,0,0,-9.81,boundary
177,11.375,-0.375,,1000,0,0,,0,0,0,,0,0,0,-9.81,boundary
178,11.625,-0.375,,1000,0,0,,0,0,0,,0,0,0,-9.81,boundary
179,11.875,-0.375,,1000,0,0,,0,0,0,,0,0,0,-9.81,boundary
180,12.125,-0.375,,1000,0,0,,0,0,0,,0,0,0,-9.81,boundary
181,12.375,-0.375,,1000,0,0,,0,0,0,,0,0,0,-9.81,boundary
182,12.625,-0.375,,1000,0,0,,0,0,0,,0,0,0,-9.81,boundary
183,12.875,-0.375,,1000,0,0,,0,0,0,,0,0,0,-9.81,boundary
184,13.125,-0.375,,1000,0,0,,0,0,0,,0,0,0,-9.81,boundary
185,13.375,-0.375,,1000,0,0,,0,0,0,,0,0,0,-9.81,boundary
186,13.625,-0.375,,1000,0,0,,0,0,0,,0,0,0,-9.81,boundary
187,13.875,-0.375,,1000,0,0,,0,0,0,,0,0,0,-9.81,boundary
188,14.125,-0.375,,1000,0,0,,0,0,0,,0,0,0,-9.81,boundary
189,14.375,-0.375,,1000,0,0,,0,0,0,,0,0,0,-9.81,boundary
190,14.625,-0.375,,1000,0,0,,0,0,0,,0,0,0,-9.81,boundary
191,14.875,-0.375,,1000,0,0,,0,0,0,,0,0,0,-9.81,boundary
192,15.125,-0.375,,1000,0,0,,0,0,0,,0,0,0,-9.81,boundary
193,15.375,-0.375,,1000,0,0,,0,0,0,,0,0,0,-9.81,boundary
194,15.625,-0.375,,1000,0,0,,0,0,0,,0,0,0,-9.81,boundary
195,15.875,-0.375,,1000,0,0,,0,0,0,,0,0,0,-9.81,boundary
196,16.125,-0.375,,1000,0,0,,0,0,0,,0,0,0,-9.81,boundary
197,16.375,-0.375,,1000,0,0,,0,0,0,,0,0,0,-9.81,boundary
198,16.625,-0.375,,1000,0,0,,0,0,0,,0,0,0,-9.81,boundary
199,16.875,-0.375,,1000,0,0,,0,0,0,,0,0,0,-9.81,boundary
200,17.125,-0.375,,1000,0,0,,0,0,0,,0,0,0,-9.81,boundary
201,17.375,-0.375,,1000.51,0,8073.15,,0,0,0,,0,0,0.464403,-9.81,boundary
202,17.625,-0.375,,1000,0,0,,0,0,0,,0,0,0,-9.81,boundary
203,17.875,-0.375,,1000,0,0,,0,0,0,,0,0,0,-9.81,boundary
204,18.125,-0.375,,1000,0,0,,0,0,0,,0,0,0,-9.81,boundary
205,18.375,-0.375,,1000,0,0,,0,0,0,,0,0,0,-9.81,boundary
206,18.625,-0.375,,1000,0,0,,0,0,0,,0,0,0,-9.81,boundary
207,18.875,-0.375,,1000,0,0,,0,0,0,,0,0,0,-9.81,boundary
208,19.125,-0.375,,1000,0,0,,0,0,0,,0,0,0,-9.81,boundary
209,19.375,-0.375,,1000,0,0,,0,0,0,,0,0,0,-9.81,boundary
210,19.625,-0.375,,1000,0,0,,0,0,0,,0,0,0,-9.81,boundary
211,19.875,-0.375,,1000,0,0,,0,0,0,,0,0,0,-9.81,boundary
212,20.125,-0.375,,1000,0,0,,0,0,0,,0,0,0,-9.81,boundary
213,20.375,-0.375,,1006.24,0,99750.2,,0,0,0,,0,0,4.86537,-9.81,boundary
214,20.625,-0.375,,1003.27,0,51797.4,,0,0,0,,0,0,2.50321,-9.81,boundary
215,20.875,-0.375,,1001.01,0,15894.1,,0,0,0,,0,0,0.760624,-9.81,boundary
216,21.125,-0.375,,1001.55,0,24437.5,,0,0,0,,0,0,1.15502,-9.81,boundary
217,21.375,-0.375,,1003.3,0,52359.4,,0,0,0,,0,0,2.4415,-9.81,boundary
218,21.625,-0.375,,1000,0,0,,0,0,0,,0,0,0,-9.81,boundary
219,21.875,-0.375,,1000,0,0,,0,0,0,,0,0,0,-9.81,boundary
220,22.125,-0.375,,1000,0,0,,0,0,0,,0,0,0,-9.81,boundary
221,22.375,-0.375,,1000,0,0,,0,0,0,,0,0,0,-9.81,boundary
222,22.625,-0.375,,1000,0,0,,0,0,0,,0,0,0,-9.81,boundary
223,22.875,-0.375,,1000,0,0,,0,0,0,,0,0,0,-9.81,boundary
224,23.125,-0.375,,1000,0,0,,0,0,0,,0,0,0,-9.81,boundary
225,23.375,-0.375,,1020.52,0,342519,,0,0,0,,0,0,14.3586,-9.81,boundary
226,23.625,-0.375,,1000.12,0,1902.31,,0,0,0,,0,0,0.0805113,-9.81,boundary
227,23.875,-0.375,,1000.09,0,1463.24,,0,0,0,,0,0,0.0612818,-9.81,boundary
228,24.125,-0.375,,1002.4,0,37960.2,,0,0,0,,0,0,1.56971,-9.81,boundary
229,24.375,-0.375,,1001.97,0,31154.7,,0,0,0,,0,0,1.27562,-9.81,boundary
230,24.625,-0.375,,1001.17,0,18370.5,,0,0,0,,0,0,0.74514,-9.81,boundary
231,24.875,-0.375,,1000,0,0,,0,0,0,,0,0,0,-9.81,boundary
232,25.125,-0.375,,1000,0,0,,0,0,0,,0,0,0,-9.81,boundary
233,25.375,-0.375,,1000,0,0,,0,0,0,,0,0,0,-9.81,boundary
234,25.625,-0.375,,1000,0,0,,0,0,0,,0,0,0,-9.81,boundary
235,25.875,-0.375,,1000,0,0,,0,0,0,,0,0,0,-9.81,boundary
236,26.125,-0.375,,1000.41,0,6413.87,,0,0,0,,0,0,0.245407,-9.81,boundary
237,26.375,-0.375,,1013.93,0,228008,,0,0,0,,0,0,8.52607,-9.81,boundary
238,26.625,-0.375,,1000,0,0,,0,0,0,,0,0,0,-9.81,boundary
239,26.875,-0.375,,1000,0,0,,0,0,0,,0,0,0,-9.81,boundary
240,27.125,-0.375,,1000,0,0,,0,0,0,,0,0,0,-9.81,boundary
241,27.375,-0.375,,1000,0,0,,0,0,0,,0,0,0,-9.81,boundary
242,27.625,-0.375,,1000,0,0,,0,0,0,,0,0,0,-9.81,boundary
243,27.875,-0.375,,1000,0,0,,0,0,0,,0,0,0,-9.81,boundary
244,28.125,-0.375,,1000,0,0,,0,0,0,,0,0,0,-9.81,boundary
245,28.375,-0.375,,1000,0,0,,0,0,0,,0,0,0,-9.81,boundary
246,28.625,-0.375,,1000,0,0,,0,0,0,,0,0,0,-9.81,boundary
247,28.875,-0.375,,1000,0,0,,0,0,0,,0,0,0,-9.81,boundary
248,29.125,-0.375,,1010.51,0,170197,,0,0,0,,0,0,5.78292,-9.81,boundary
249,29.375,-0.375,,1011.35,0,184335,,0,0,0,,0,0,6.20479,-9.81,boundary
250,29.625,-0.375,,1000,0,0,,0,0,0,,0,0,0,-9.81,boundary
251,29.875,-0.375,,1000.62,0,9689.84,,0,0,0,,0,0,0.324146,-9.81,boundary
252,30.125,-0.375,,1000.42,0,6537.22,,0,0,0,,0,0,0.216913,-9.81,boundary
253,30.375,-0.375,,1003.12,0,49475.6,,0,0,0,,0,0,1.62376,-9.81,boundary
254,30.625,-0.375,,1005.56,0,88803.3,,0,0,0,,0,0,2.88366,-9.81,boundary
255,30.875,-0.375,,1010.72,0,173824,,0,0,0,,0,0,5.57021,-9.81,boundary
256,31.125,-0.375,,1014.83,0,243333,,0,0,0,,0,0,7.70371,-9.81,boundary
257,31.375,-0.375,,1012.95,0,211311,,0,0,0,,0,0,6.6489,-9.81,boundary
258,31.625,-0.375,,1007.12,0,114125,,0,0,0,,0,0,3.58318,-9.81,boundary
259,31.875,-0.375,,1003.1,0,49107.1,,0,0,0,,0,0,1.53585,-9.81,boundary
260,32.125,-0.375,,1000.97,0,15320.6,,0,0,0,,0,0,0.476441,-9.81,boundary
261,32.375,-0.375,,1001.94,0,30597.9,,0,0,0,,0,0,0.943282,-9.81,boundary
262,32.625,-0.375,,1010.12,0,163808,,0,0,0,,0,0,4.97061,-9.81,boundary
263,32.875,-0.375,,1020.98,0,350694,,0,0,0,,0,0,10.4483,-9.81,boundary
264,0.125,-0.625,,1000.15,0,2382.76,,0,0,0,,0,0,19.0592,-9.81,boundary
265,0.375,-0.625,,1000.35,0,5482.64,,0,0,0,,0,0,14.6153,-9.81,boundary
266,0.625,-0.625,,1000,0,0,,0,0,0,,0,0,0,-9.81,boundary
267,0.875,-0.625,,1000,0,0,,0,0,0,,0,0,0,-9.81,boundary
268,1.125,-0.625,,1000,0,0,,0,0,0,,0,0,0,-9.81,boundary
269,1.375,-0.625,,1000,0,0,,0,0,0,,0,0,0,-9.81,boundary
270,1.625,-0.625,,1000,0,0,,0,0,0,,0,0,0,-9.81,boundary
271,1.875,-0.625,,1000,0,0,,0,0,0,,0,0,0,-9.81,boundary
272,2.125,-0.625,,1000,0,0,,0,0,0,,0,0,0,-9.81,boundary
273,2.375,-0.625,,1000,0,0,,0,0,0,,0,0,0,-9.81,boundary
274,2.625,-0.625,,1000,0,0,,0,0,0,,0,0,0,-9.81,boundary
275,2.875,-0.625,,1000,0,0,,0,0,0,,0,0,0,-9.81,boundary
276,3.125,-0.625,,1000,0,0,,0,0,0,,0,0,0,-9.81,boundary
277,3.375,-0.625,,1000,0,0,,0,0,0,,0,0,0,-9.81,boundary
278,3.625,-0.625,,1000,0,0,,0,0,0,,0,0,0,-9.81,boundary
279,3.875,-0.625,,1000,0,0,,0,0,0,,0,0,0,-9.81,boundary
280,4.125,-0.625,,1001.81,0,28599.1,,0,0,0,,0,0,6.92058,-9.81,boundary
281,4.375,-0.625,,1003.45,0,54786.3,,0,0,0,,0,0,12.4795,-9.81,boundary
282,4.625,-0.625,,1003.28,0,51944.4,,0,0,0,,0,0,11.1945,-9.81,boundary
283,4.875,-0.625,,1001.45,0,22805.9,,0,0,0,,0,0,4.67138,-9.81,boundary
284,5.125,-0.625,,1000,0,0,,0,0,0,,0,0,0,-9.81,boundary
285,5.375,-0.625,,1000,0,0,,0,0,0,,0,0,0,-9.81,boundary
286,5.625,-0.625,,1004.38,0,69664.2,,0,0,0,,0,0,12.3307,-9.81,boundary
287,5.875,-0.625,,1006.89,0,110390,,0,0,0,,0,0,18.6613,-9.81,boundary
288,6.125,-0.625,,1005.57,0,88858.4,,0,0,0,,0,0,14.4272,-9.81,boundary
289,6.375,-0.625,,1001.55,0,24384.3,,0,0,0,,0,0,3.81908,-9.81,boundary
290,6.625,-0.625,,1000,0,0,,0,0,0,,0,0,0,-9.81,boundary
291,6.875,-0.625,,1000,0,0,,0,0,0,,0,0,0,-9.81,boundary
292,7.125,-0.625,,1000,0,0,,0,0,0,,0,0,0,-9.81,boundary
293,7.375,-0.625,,1000.99,0,15588.5,,0,0,0,,0,0,2.11161,-9.81,boundary
294,7.625,-0.625,,1002.13,0,33613.9,,0,0,0,,0,0,4.39902,-9.81,boundary
295,7.875,-0.625,,1000.67,0,10609.9,,0,0,0,,0,0,1.34639,-9.81,boundary
296,8.125,-0.625,,1000,0,0,,0,0,0,,0,0,0,-9.81,boundary
297,8.375,-0.625,,1000,0,0,,0,0,0,,0,0,0,-9.81,boundary
298,8.625,-0.625,,1000,0,0,,0,0,0,,0,0,0,-9.81,boundary
299,8.875,-0.625,,1000,0,0,,0,0,0,,0,0,0,-9.81,boundary
300,9.125,-0.625,,1000,0,0,,0,0,0,,0,0,0,-9.81,boundary
301,9.375,-0.625,,1003.64,0,57788.5,,0,0,0,,0,0,6.14174,-9.81,boundary
302,9.625,-0.625,,1003.59,0,56937.1,,0,0,0,,0,0,5.89439,-9.81,boundary
303,9.875,-0.625,,1003.51,0,55632,,0,0,0,,0,0,5.61393,-9.81,boundary
304,10.125,-0.625,,1000,0,0,,0,0,0,,0,0,0,-9.81,boundary
305,10.375,-0.625,,1000,0,0,,0,0,0,,0,0,0,-9.81,boundary
306,10.625,-0.625,,1000,0,0,,0,0,0,,0,0,0,-9.81,boundary
307,10.875,-0.625,,1000.28,0,4440.55,,0,0,0,,0,0,0.408211,-9.81,boundary
308,11.125,-0.625,,1004.83,0,76947.3,,0,0,0,,0,0,6.88335,-9.81,boundary
309,11.375,-0.625,,1004.35,0,69144.7,,0,0,0,,0,0,6.05234,-9.81,boundary
310,11.625,-0.625,,1003.01,0,47712.1,,0,0,0,,0,0,4.09194,-9.81,boundary
311,11.875,-0.625,,1002.01,0,31743.9,,0,0,0,,0,0,2.66781,-9.81,boundary
312,12.125,-0.625,,1001.81,0,28485.3,,0,0,0,,0,0,2.34507,-9.81,boundary
313,12.375,-0.625,,1002.79,0,44170.6,,0,0,0,,0,0,3.55941,-9.81,boundary
314,12.625,-0.625,,1000,0,0,,0,0,0,,0,0,0,-9.81,boundary
315,12.875,-0.625,,1000,0,0,,0,0,0,,0,0,0,-9.81,boundary
316,13.125,-0.625,,1000,0,0,,0,0,0,,0,0,0,-9.81,boundary
317,13.375,-0.625,,1000,0,0,,0,0,0,,0,0,0,-9.81,boundary
318,13.625,-0.625,,1000,0,0,,0,0,0,,0,0,0,-9.81,boundary
319,13.875,-0.625,,1002.65,0,41861.6,,0,0,0,,0,0,3.00909,-9.81,boundary
320,14.125,-0.625,,1007.44,0,119364,,0,0,0,,0,0,8.38814,-9.81,boundary
321,14.375,-0.625,,1007.95,0,127748,,0,0,0,,0,0,8.81673,-9.81,boundary
322,14.625,-0.625,,1007.33,0,117555,,0,0,0,,0,0,7.9795,-9.81,boundary
323,14.875,-0.625,,1003.37,0,53508.8,,0,0,0,,0,0,3.58513,-9.81,boundary
324,15.125,-0.625,,1000.65,0,10215,,0,0,0,,0,0,0.674935,-9.81,boundary
325,15.375,-0.625,,1000.76,0,12031.5,,0,0,0,,0,0,0.781936,-9.81,boundary
326,15.625,-0.625,,1000,0,0,,0,0,0,,0,0,0,-9.81,boundary
327,15.875,-0.625,,1000,0,0,,0,0,0,,0,0,0,-9.81,boundary
328,16.125,-0.625,,1000,0,0,,0,0,0,,0,0,0,-9.81,boundary
329,16.375,-0.625,,1000,0,0,,0,0,0,,0,0,0,-9.81,boundary
330,16.625,-0.625,,1000.98,0,15364.9,,0,0,0,,0,0,0.923304,-9.81,boundary
331,16.875,-0.625,,1005.04,0,80381.6,,0,0,0,,0,0,4.73945,-9.81,boundary
332,17.125,-0.625,,1009.55,0,154334,,0,0,0,,0,0,8.92689,-9.81,boundary
333,17.375,-0.625,,1012.01,0,195357,,0,0,0,,0,0,11.1102,-9.81,boundary
334,17.625,-0.625,,1007.64,0,122706,,0,0,0,,0,0,6.90926,-9.81,boundary
335,17.875,-0.625,,1000,0,0,,0,0,0,,0,0,0,-9.81,boundary
336,18.125,-0.625,,1000,0,0,,0,0,0,,0,0,0,-9.81,boundary
337,18.375,-0.625,,1000,0,0,,0,0,0,,0,0,0,-9.81,boundary
338,18.625,-0.625,,1000,0,0,,0,0,0,,0,0,0,-9.81,boundary
339,18.875,-0.625,,1000,0,0,,0,0,0,,0,0,0,-9.81,boundary
340,19.125,-0.625,,1000,0,0,,0,0,0,,0,0,0,-9.81,boundary
341,19.375,-0.625,,1000,0,0,,0,0,0,,0,0,0,-9.81,boundary
342,19.625,-0.625,,1000,0,0,,0,0,0,,0,0,0,-9.81,boundary
343,19.875,-0.625,,1003.26,0,51683.1,,0,0,0,,0,0,2.59196,-9.81,boundary
344,20.125,-0.625,,1007.66,0,123000,,0,0,0,,0,0,6.06535,-9.81,boundary
345,20.375,-0.625,,1017.76,0,293990,,0,0,0,,0,0,14.1772,-9.81,boundary
346,20.625,-0.625,,1000,0,0,,0,0,0,,0,0,0,-9.81,boundary
347,20.875,-0.625,,1000,0,0,,0,0,0,,0,0,0,-9.81,boundary
348,21.125,-0.625,,1000,0,0,,0,0,0,,0,0,0,-9.81,boundary
349,21.375,-0.625,,1000,0,0,,0,0,0,,0,0,0,-9.81,boundary
350,21.625,-0.625,,1009.36,0,151165,,0,0,0,,0,0,6.92544,-9.81,boundary
351,21.875,-0.625,,1000.87,0,13624.2,,0,0,0,,0,0,0.622282,-9.81,boundary
352,22.125,-0.625,,1000,0,0,,0,0,0,,0,0,0,-9.81,boundary
353,22.375,-0.625,,1000,0,0,,0,0,0,,0,0,0,-9.81,boundary
354,22.625,-0.625,,1000,0,0,,0,0,0,,0,0,0,-9.81,boundary
355,22.875,-0.625,,1000,0,0,,0,0,0,,0,0,0,-9.81,boundary
356,23.125,-0.625,,1005.02,0,79941.1,,0,0,0,,0,0,3.43966,-9.81,boundary
357,23.375,-0.625,,1000,0,0,,0,0,0,,0,0,0,-9.81,boundary
358,23.625,-0.625,,1000,0,0,,0,0,0,,0,0,0,-9.81,boundary
359,23.875,-0.625,,1000,0,0,,0,0,0,,0,0,0,-9.81,boundary
360,24.125,-0.625,,1000,0,0,,0,0,0,,0,0,0,-9.81,boundary
361,24.375,-0.625,,1000,0,0,,0,0,0,,0,0,0,-9.81,boundary
362,24.625,-0.625,,1000,0,0,,0,0,0,,0,0,0,-9.81,boundary
363,24.875,-0.625,,1000,0,0,,0,0,0,,0,0,0,-9.81,boundary
364,25.125,-0.625,,1000,0,0,,0,0,0,,0,0,0,-9.81,boundary
365,25.375,-0.625,,1000,0,0,,0,0,0,,0,0,0,-9.81,boundary
366,25.625,-0.625,,1000,0,0,,0,0,0,,0,0,0,-9.81,boundary
367,25.875,-0.625,,1000,0,0,,0,0,0,,0,0,0,-9.81,boundary
368,26.125,-0.625,,1008.83,0,142281,,0,0,0,,0,0,5.3985,-9.81,boundary
369,26.375,-0.625,,1000,0,0,,0,0,0,,0,0,0,-9.81,boundary
370,26.625,-0.625,,1000,0,0,,0,0,0,,0,0,0,-9.81,boundary
371,26.875,-0.625,,1000,0,0,,0,0,0,,0,0,0,-9.81,boundary
372,27.125,-0.625,,1000,0,0,,0,0,0,,0,0,0,-9.81,boundary
373,27.375,-0.625,,1000,0,0,,0,0,0,,0,0,0,-9.81,boundary
374,27.625,-0.625,,1000,0,0,,0,0,0,,0,0,0,-9.81,boundary
375,27.875,-0.625,,1000,0,0,,0,0,0,,0,0,0,-9.81,boundary
376,28.125,-0.625,,1000,0,0,,0,0,0,,0,0,0,-9.81,boundary
377,28.375,-0.625,,1000,0,0,,0,0,0,,0,0,0,-9.81,boundary
378,28.625,-0.625,,1000,0,0,,0,0,0,,0,0,0,-9.81,boundary
379,28.875,-0.625,,1002.27,0,35871.2,,0,0,0,,0,0,1.23948,-9.81,boundary
380,29.125,-0.625,,1021.7,0,363650,,0,0,0,,0,0,12.2206,-9.81,boundary
381,29.375,-0.625,,1000,0,0,,0,0,0,,0,0,0,-9.81,boundary
382,29.625,-0.625,,1000,0,0,,0,0,0,,0,0,0,-9.81,boundary
383,29.875,-0.625,,1000.85,0,13298,,0,0,0,,0,0,0.444746,-9.81,boundary
384,30.125,-0.625,,1001.77,0,27892.6,,0,0,0,,0,0,0.924263,-9.81,boundary
385,30.375,-0.625,,1004.31,0,68465.3,,0,0,0,,0,0,2.24434,-9.81,boundary
386,30.625,-0.625,,1007.96,0,127991,,0,0,0,,0,0,4.14629,-9.81,boundary
387,30.875,-0.625,,1014.05,0,230093,,0,0,0,,0,0,7.34913,-9.81,boundary
388,31.125,-0.625,,1016.02,0,263880,,0,0,0,,0,0,8.34438,-9.81,boundary
389,31.375,-0.625,,1009.98,0,161446,,0,0,0,,0,0,5.09483,-9.81,boundary
390,31.625,-0.625,,1006.15,0,98291.8,,0,0,0,,0,0,3.08905,-9.81,boundary
391,31.875,-0.625,,1003.23,0,51120.1,,0,0,0,,0,0,1.59861,-9.81,boundary
392,32.125,-0.625,,1001.1,0,17263.5,,0,0,0,,0,0,0.536798,-9.81,boundary
393,32.375,-0.625,,1003,0,47522.4,,0,0,0,,0,0,1.46348,-9.81,boundary
394,32.625,-0.625,,1011.31,0,183663,,0,0,0,,0,0,5.56655,-9.81,boundary
395,32.875,-0.625,,1023.64,0,398375,,0,0,0,,0,0,11.838,-9.81,boundary
396,0.125,-0.875,,1000,0,0,,0,0,0,,0,0,0,-9.81,boundary
397,0.375,-0.875,,1000,0,0,,0,0,0,,0,0,0,-9.81,boundary
398,0.625,-0.875,,1000,0,0,,0,0,0,,0,0,0,-9.81,boundary
399,0.875,-0.875,,1000,0,0,,0,0,0,,0,0,0,-9.81,boundary
400,1.125,-0.875,,1000,0,0,,0,0,0,,0,0,0,-9.81,boundary
401,1.375,-0.875,,1000,0,0,,0,0,0,,0,0,0,-9.81,boundary
402,1.625,-0.875,,1000,0,0,,0,0,0,,0,0,0,-9.81,boundary
403,1.875,-0.875,,1000,0,0,,0,0,0,,0,0,0,-9.81,boundary
404,2.125,-0.875,,1000,0,0,,0,0,0,,0,0,0,-9.81,boundary
405,2.375,-0.875,,1000,0,0,,0,0,0,,0,0,0,-9.81,boundary
406,2.625,-0.875,,1000,0,0,,0,0,0,,0,0,0,-9.81,boundary
407,2.875,-0.875,,1000,0,0,,0,0,0,,0,0,0,-9.81,boundary
408,3.125,-0.875,,1000,0,0,,0,0,0,,0,0,0,-9.81,boundary
409,3.375,-0.875,,1000,0,0,,0,0,0,,0,0,0,-9.81,boundary
410,3.625,-0.875,,1000,0,0,,0,0,0,,0,0,0,-9.81,boundary
411,3.875,-0.875,,1000,0,0,,0,0,0,,0,0,0,-9.81,boundary
412,4.125,-0.875,,1000,0,0,,0,0,0,,0,0,0,-9.81,boundary
413,4.375,-0.875,,1000,0,0,,0,0,0,,0,0,0,-9.81,boundary
414,4.625,-0.875,,1000,0,0,,0,0,0,,0,0,0,-9.81,boundary
415,4.875,-0.875,,1000,0,0,,0,0,0,,0,0,0,-9.81,boundary
416,5.125,-0.875,,1000,0,0,,0,0,0,,0,0,0,-9.81,boundary
417,5.375,-0.875,,1000,0,0,,0,0,0,,0,0,0,-9.81,boundary
418,5.625,-0.875,,1000,0,0,,0,0,0,,0,0,0,-9.81,boundary
419,5.875,-0.875,,1000,0,0,,0,0,0,,0,0,0,-9.81,boundary
420,6.125,-0.875,,1000,0,0,,0,0,0,,0,0,0,-9.81,boundary
421,6.375,-0.875,,1000,0,0,,0,0,0,,0,0,0,-9.81,boundary
422,6.625,-0.875,,1000,0,0,,0,0,0,,0,0,0,-9.81,boundary
423,6.875,-0.875,,1000,0,0,,0,0,0,,0,0,0,-9.81,boundary
424,7.125,-0.875,,1000,0,0,,0,0,0,,0,0,0,-9.81,boundary
425,7.375,-0.875,,1000,0,0,,0,0,0,,0,0,0,-9.81,boundary
426,7.625,-0.875,,1000,0,0,,0,0,0,,0,0,0,-9.81,boundary
427,7.875,-0.875,,1000,0,0,,0,0,0,,0,0,0,-9.81,boundary
428,8.125,-0.875,,1000,0,0,,0,0,0,,0,0,0,-9.81,boundary
429,8.375,-0.875,,1000,0,0,,0,0,0,,0,0,0,-9.81,boundary
430,8.625,-0.875,,1000,0,0,,0,0,0,,0,0,0,-9.81,boundary
431,8.875,-0.875,,1000,0,0,,0,0,0,,0,0,0,-9.81,boundary
432,9.125,-0.875,,1000,0,0,,0,0,0,,0,0,0,-9.81,boundary
433,9.375,-0.875,,1000,0,0,,0,0,0,,0,0,0,-9.81,boundary
434,9.625,-0.875,,1000,0,0,,0,0,0,,0,0,0,-9.81,boundary
435,9.875,-0.875,,1000,0,0,,0,0,0,,0,0,0,-9.81,boundary
436,10.125,-0.875,,1000,0,0,,0,0,0,,0,0,0,-9.81,boundary
437,10.375,-0.875,,1000,0,0,,0,0,0,,0,0,0,-9.81,boundary
438,10.625,-0.875,,1000,0,0,,0,0,0,,0,0,0,-9.81,boundary
439,10.875,-0.875,,1000,0,0,,0,0,0,,0,0,0,-9.81,boundary
440,11.125,-0.875,,1000,0,0,,0,0,0,,0,0,0,-9.81,boundary
441,11.375,-0.875,,1000,0,0,,0,0,0,,0,0,0,-9.81,boundary
442,11.625,-0.875,,1000,0,0,,0,0,0,,0,0,0,-9.81,boundary
443,11.875,-0.875,,1000,0,0,,0,0,0,,0,0,0,-9.81,boundary
444,12.125,-0.875,,1000,0,0,,0,0,0,,0,0,0,-9.81,boundary
445,12.375,-0.875,,1000,0,0,,0,0,0,,0,0,0,-9.81,boundary
446,12.625,-0.875,,1000,0,0,,0,0,0,,0,0,0,-9.81,boundary
447,12.875,-0.875,,1000,0,0,,0,0,0,,0,0,0,-9.81,boundary
448,13.125,-0.875,,1000,0,0,,0,0,0,,0,0,0,-9.81,boundary
449,13.375,-0.875,,1000,0,0,,0,0,0,,0,0,0,-9.81,boundary
450,13.625,-0.875,,1000,0,0,,0,0,0,,0,0,0,-9.81,boundary
451,13.875,-0.875,,1000,0,0,,0,0,0,,0,0,0,-9.81,boundary
452,14.125,-0.875,,1000,0,0,,0,0,0,,0,0,0,-9.81,boundary
453,14.375,-0.875,,1000,0,0,,0,0,0,,0,0,0,-9.81,boundary
454,14.625,-0.875,,1000,0,0,,0,0,0,,0,0,0,-9.81,boundary
455,14.875,-0.875,,1000,0,0,,0,0,0,,0,0,0,-9.81,boundary
456,15.125,-0.875,,1000,0,0,,0,0,0,,0,0,0,-9.81,boundary
457,15.375,-0.875,,1000,0,0,,0,0,0,,0,0,0,-9.81,boundary
458,15.625,-0.875,,1000,0,0,,0,0,0,,0,0,0,-9.81,boundary
459,15.875,-0.875,,1000,0,0,,0,0,0,,0,0,0,-9.81,boundary
460,16.125,-0.875,,1000,0,0,,0,0,0,,0,0,0,-9.81,boundary
461,16.375,-0.875,,1000,0,0,,0,0,0,,0,0,0,-9.81,boundary
462,16.625,-0.875,,1000,0,0,,0,0,0,,0,0,0,-9.81,boundary
463,16.875,-0.875,,1000,0,0,,0,0,0,,0,0,0,-9.81,boundary
464,17.125,-0.875,,1000,0,0,,0,0,0,,0,0,0,-9.81,boundary
465,17.375,-0.875,,1000,0,0,,0,0,0,,0,0,0,-9.81,boundary
466,17.625,-0.875,,1000,0,0,,0,0,0,,0,0,0,-9.81,boundary
467,17.875,-0.875,,1000,0,0,,0,0,0,,0,0,0,-9.81,boundary
468,18.125,-0.875,,1000,0,0,,0,0,0,,0,0,0,-9.81,boundary
469,18.375,-0.875,,1000,0,0,,0,0,0,,0,0,0,-9.81,boundary
470,18.625,-0.875,,1000,0,0,,0,0,0,,0,0,0,-9.81,boundary
471,18.875,-0.875,,1000,0,0,,0,0,0,,0,0,0,-9.81,boundary
472,19.125,-0.875,,1000,0,0,,0,0,0,,0,0,0,-9.81,boundary
473,19.375,-0.875,,1000,0,0,,0,0,0,,0,0,0,-9.81,boundary
474,19.625,-0.875,,1000,0,0,,0,0,0,,0,0,0,-9.81,boundary
475,19.875,-0.875,,1000,0,0,,0,0,0,,0,0,0,-9.81,boundary
476,20.125,-0.875,,1000,0,0,,0,0,0,,0,0,0,-9.81,boundary
477,20.375,-0.875,,1000,0,0,,0,0,0,,0,0,0,-9.81,boundary
478,20.625,-0.875,,1000,0,0,,0,0,0,,0,0,0,-9.81,boundary
479,20.875,-0.875,,1000,0,0,,0,0,0,,0,0,0,-9.81,boundary
480,21.125,-0.875,,1000,0,0,,0,0,0,,0,0,0,-9.81,boundary
481,21.375,-0.875,,1000,0,0,,0,0,0,,0,0,0,-9.81,boundary
482,21.625,-0.875,,1000,0,0,,0,0,0,,0,0,0,-9.81,boundary
483,21.875,-0.875,,1000,0,0,,0,0,0,,0,0,0,-9.81,boundary
484,22.125,-0.875,,1000,0,0,,0,0,0,,0,0,0,-9.81,boundary
485,22.375,-0.875,,1000,0,0,,0,0,0,,0,0,0,-9.81,boundary
486,22.625,-0.875,,1000,0,0,,0,0,0,,0,0,0,-9.81,boundary
487,22.875,-0.875,,1000,0,0,,0,0,0,,0,0,0,-9.81,boundary
488,23.125,-0.875,,1000,0,0,,0,0,0,,0,0,0,-9.81,boundary
489,23.375,-0.875,,1000,0,0,,0,0,0,,0,0,0,-9.81,boundary
490,23.625,-0.875,,1000,0,0,,0,0,0,,0,0,0,-9.81,boundary
491,23.875,-0.875,,1000,0,0,,0,0,0,,0,0,0,-9.81,boundary
492,24.125,-0.875,,1000,0,0,,0,0,0,,0,0,0,-9.81,boundary
493,24.375,-0.875,,1000,0,0,,0,0,0,,0,0,0,-9.81,boundary
494,24.625,-0.875,,1000,0,0,,0,0,0,,0,0,0,-9.81,boundary
495,24.875,-0.875,,1000,0,0,,0,0,0,,0,0,0,-9.81,boundary
496,25.125,-0.875,,1000,0,0,,0,0,0,,0,0,0,-9.81,boundary
497,25.375,-0.875,,1000,0,0,,0,0,0,,0,0,0,-9.81,boundary
498,25.625,-0.875,,1000,0,0,,0,0,0,,0,0,0,-9.81,boundary
499,25.875,-0.875,,1000,0,0,,0,0,0,,0,0,0,-9.81,boundary
500,26.125,-0.875,,1000,0,0,,0,0,0,,0,0,0,-9.81,boundary
501,26.375,-0.875,,1000,0,0,,0,0,0,,0,0,0,-9.81,boundary
502,26.625,-0.875,,1000,0,0,,0,0,0,,0,0,0,-9.81,boundary
503,26.875,-0.875,,1000,0,0,,0,0,0,,0,0,0,-9.81,boundary
504,27.125,-0.875,,1000,0,0,,0,0,0,,0,0,0,-9.81,boundary
505,27.375,-0.875,,1000,0,0,,0,0,0,,0,0,0,-9.81,boundary
506,27.625,-0.875,,1000,0,0,,0,0,0,,0,0,0,-9.81,boundary
507,27.875,-0.875,,1000,0,0,,0,0,0,,0,0,0,-9.81,boundary
508,28.125,-0.875,,1000,0,0,,0,0,0,,0,0,0,-9.81,boundary
509,28.375,-0.875,,1000,0,0,,0,0,0,,0,0,0,-9.81,boundary
510,28.625,-0.875,,1000,0,0,,0,0,0,,0,0,0,-9.81,boundary
511,28.875,-0.875,,1000,0,0,,0,0,0,,0,0,0,-9.81,boundary
512,29.125,-0.875,,1000,0,0,,0,0,0,,0,0,0,-9.81,boundary
513,29.375,-0.875,,1000,0,0,,0,0,0,,0,0,0,-9.81,boundary
514,29.625,-0.875,,1000,0,0,,0,0,0,,0,0,0,-9.81,boundary
515,29.875,-0.875,,1001.3,0,20513.7,,0,0,0,,0,0,0.685757,-9.81,boundary
516,30.125,-0.875,,1001.75,0,27670.4,,0,0,0,,0,0,0.916912,-9.81,boundary
517,30.375,-0.875,,1000.57,0,8933.06,,0,0,0,,0,0,0.293926,-9.81,boundary
518,30.625,-0.875,,1011.99,0,195022,,0,0,0,,0,0,6.29264,-9.81,boundary
519,30.875,-0.875,,1012.93,0,210919,,0,0,0,,0,0,6.7442,-9.81,boundary
520,31.125,-0.875,,1009.86,0,159443,,0,0,0,,0,0,5.07264,-9.81,boundary
521,31.375,-0.875,,1002.61,0,41213.6,,0,0,0,,0,0,1.31017,-9.81,boundary
522,31.625,-0.875,,1001.85,0,29220.9,,0,0,0,,0,0,0.922274,-9.81,boundary
523,31.875,-0.875,,1001.32,0,20723.6,,0,0,0,,0,0,0.649298,-9.81,boundary
524,32.125,-0.875,,1000,0,0,,0,0,0,,0,0,0,-9.81,boundary
525,32.375,-0.875,,1000,0,0,,0,0,0,,0,0,0,-9.81,boundary
526,32.625,-0.875,,1007.07,0,113343,,0,0,0,,0,0,3.44973,-9.81,boundary
527,32.875,-0.875,,1023.61,0,397968,,0,0,0,,0,0,11.8262,-9.81,boundary
528,32.125,0.125,,1000.57,0,8997.3,,0,0,0,,0,0,0.279911,-9.81,boundary
529,32.125,0.375,,1000,0,0,,0,0,0,,0,0,0,-9.81,boundary
530,32.125,0.625,,1000,0,0,,0,0,0,,0,0,0,-9.81,boundary
531,32.125,0.875,,1000,0,0,,0,0,0,,0,0,0,-9.81,boundary
532,32.125,1.125,,1000,0,0,,0,0,0,,0,0,0,-9.81,boundary
533,32.125,1.375,,1000,0,0,,0,0,0,,0,0,0,-9.81,boundary
534,32.125,1.625,,1000,0,0,,0,0,0,,0,0,0,-9.81,boundary
535,32.125,1.875,,1000,0,0,,0,0,0,,0,0,0,-9.81,boundary
536,32.125,2.125,,1000,0,0,,0,0,0,,0,0,0,-9.81,boundary
537,32.125,2.375,,1000,0,0,,0,0,0,,0,0,0,-9.81,boundary
538,32.125,2.625,,1000,0,0,,0,0,0,,0,0,0,-9.81,boundary
539,32.125,2.875,,1000,0,0,,0,0,0,,0,0,0,-9.81,boundary
540,32.125,3.125,,1000,0,0,,0,0,0,,0,0,0,-9.81,boundary
541,32.125,3.375,,1000,0,0,,0,0,0,,0,0,0,-9.81,boundary
542,32.125,3.625,,1000,0,0,,0,0,0,,0,0,0,-9.81,boundary
543,32.125,3.875,,1000,0,0,,0,0,0,,0,0,0,-9.81,boundary
544,32.125,4.125,,1000,0,0,,0,0,0,,0,0,0,-9.81,boundary
545,32.125,4.375,,1000,0,0,,0,0,0,,0,0,0,-9.81,boundary
546,32.125,4.625,,1000,0,0,,0,0,0,,0,0,0,-9.81,boundary
547,32.125,4.875,,1000,0,0,,0,0,0,,0,0,0,-9.81,boundary
548,32.125,5.125,,1000,0,0,,0,0,0,,0,0,0,-9.81,boundary
549,32.125,5.375,,1000,0,0,,0,0,0,,0,0,0,-9.81,boundary
550,32.125,5.625,,1000,0,0,,0,0,0,,0,0,0,-9.81,boundary
551,32.125,5.875,,1000,0,0,,0,0,0,,0,0,0,-9.81,boundary
552,32.125,6.125,,1000,0,0,,0,0,0,,0,0,0,-9.81,boundary
553,32.125,6.375,,1000,0,0,,0,0,0,,0,0,0,-9.81,boundary
554,32.125,6.625,,1000,0,0,,0,0,0,,0,0,0,-9.81,boundary
555,32.125,6.875,,1000,0,0,,0,0,0,,0,0,0,-9.81,boundary
556,32.125,7.125,,1000,0,0,,0,0,0,,0,0,0,-9.81,boundary
557,32.125,7.375,,1000,0,0,,0,0,0,,0,0,0,-9.81,boundary
558,32.125,7.625,,1000,0,0,,0,0,0,,0,0,0,-9.81,boundary
559,32.125,7.875,,1000,0,0,,0,0,0,,0,0,0,-9.81,boundary
560,32.125,8.125,,1000,0,0,,0,0,0,,0,0,0,-9.81,boundary
561,32.125,8.375,,1000,0,0,,0,0,0,,0,0,0,-9.81,boundary
562,32.125,8.625,,1000,0,0,,0,0,0,,0,0,0,-9.81,boundary
563,32.125,8.875,,1000,0,0,,0,0,0,,0,0,0,-9.81,boundary
564,32.125,9.125,,1000,0,0,,0,0,0,,0,0,0,-9.81,boundary
565,32.125,9.375,,1000,0,0,,0,0,0,,0,0,0,-9.81,boundary
566,32.125,9.625,,1000,0,0,,0,0,0,,0,0,0,-9.81,boundary
567,32.125,9.875,,1000,0,0,,0,0,0,,0,0,0,-9.81,boundary
568,32.125,10.125,,1000,0,0,,0,0,0,,0,0,0,-9.81,boundary
569,32.125,10.375,,1000,0,0,,0,0,0,,0,0,0,-9.81,boundary
570,32.125,10.625,,1000,0,0,,0,0,0,,0,0,0,-9.81,boundary
571,32.125,10.875,,1000,0,0,,0,0,0,,0,0,0,-9.81,boundary
572,32.125,11.125,,1000,0,0,,0,0,0,,0,0,0,-9.81,boundary
573,32.125,11.375,,1000,0,0,,0,0,0,,0,0,0,-9.81,boundary
574,32.125,11.625,,1000,0,0,,0,0,0,,0,0,0,-9.81,boundary
575,32.125,11.875,,1000,0,0,,0,0,0,,0,0,0,-9.81,boundary
576,32.125,12.125,,1000,0,0,,0,0,0,,0,0,0,-9.81,boundary
577,32.125,12.375,,1000,0,0,,0,0,0,,0,0,0,-9.81,boundary
578,32.125,12.625,,1000,0,0,,0,0,0,,0,0,0,-9.81,boundary
579,32.125,12.875,,1000,0,0,,0,0,0,,0,0,0,-9.81,boundary
580,32.125,13.125,,1000,0,0,,0,0,0,,0,0,0,-9.81,boundary
581,32.125,13.375,,1000,0,0,,0,0,0,,0,0,0,-9.81,boundary
582,32.125,13.625,,1000,0,0,,0,0,0,,0,0,0,-9.81,boundary
583,32.125,13.875,,1000,0,0,,0,0,0,,0,0,0,-9.81,boundary
584,32.125,14.125,,1000,0,0,,0,0,0,,0,0,0,-9.81,boundary
585,32.125,14.375,,1000,0,0,,0,0,0,,0,0,0,-9.81,boundary
586,32.125,14.625,,1000,0,0,,0,0,0,,0,0,0,-9.81,boundary
587,32.125,14.875,,1000,0,0,,0,0,0,,0,0,0,-9.81,boundary
588,32.125,15.125,,1000,0,0,,0,0,0,,0,0,0,-9.81,boundary
589,32.125,15.375,,1000,0,0,,0,0,0,,0,0,0,-9.81,boundary
590,32.125,15.625,,1000,0,0,,0,0,0,,0,0,0,-9.81,boundary
591,32.125,15.875,,1000,0,0,,0,0,0,,0,0,0,-9.81,boundary
592,32.125,16.125,,1000,0,0,,0,0,0,,0,0,0,-9.81,boundary
593,32.125,16.375,,1000,0,0,,0,0,0,,0,0,0,-9.81,boundary
594,32.125,16.625,,1000,0,0,,0,0,0,,0,0,0,-9.81,boundary
595,32.125,16.875,,1000,0,0,,0,0,0,,0,0,0,-9.81,boundary
596,32.125,17.125,,1000,0,0,,0,0,0,,0,0,0,-9.81,boundary
597,32.125,17.375,,1000,0,0,,0,0,0,,0,0,0,-9.81,boundary
598,32.125,17.625,,1000,0,0,,0,0,0,,0,0,0,-9.81,boundary
599,32.125,17.875,,1000,0,0,,0,0,0,,0,0,0,-9.81,boundary
600,32.125,18.125,,1000,0,0,,0,0,0,,0,0,0,-9.81,boundary
601,32.125,18.375,,1000,0,0,,0,0,0,,0,0,0,-9.81,boundary
602,32.125,18.625,,1000,0,0,,0,0,0,,0,0,0,-9.81,boundary
603,32.125,18.875,,1000,0,0,,0,0,0,,0,0,0,-9.81,boundary
604,32.125,19.125,,1000,0,0,,0,0,0,,0,0,0,-9.81,boundary
605,32.125,19.375,,1000,0,0,,0,0,0,,0,0,0,-9.81,boundary
606,32.125,19.625,,1000,0,0,,0,0,0,,0,0,0,-9.81,boundary
607,32.125,19.875,,1000,0,0,,0,0,0,,0,0,0,-9.81,boundary
608,32.125,20.125,,1000,0,0,,0,0,0,,0,0,0,-9.81,boundary
609,32.125,20.375,,1000,0,0,,0,0,0,,0,0,0,-9.81,boundary
610,32.125,20.625,,1000,0,0,,0,0,0,,0,0,0,-9.81,boundary
611,32.125,20.875,,1000,0,0,,0,0,0,,0,0,0,-9.81,boundary
612,32.375,0.125,,1001.44,0,22721,,0,0,0,,0,0,0.700798,-9.81,boundary
613,32.375,0.375,,1000,0,0,,0,0,0,,0,0,0,-9.81,boundary
614,32.375,0.625,,1000,0,0,,0,0,0,,0,0,0,-9.81,boundary
615,32.375,0.875,,1000,0,0,,0,0,0,,0,0,0,-9.81,boundary
616,32.375,1.125,,1000,0,0,,0,0,0,,0,0,0,-9.81,boundary
617,32.375,1.375,,1000,0,0,,0,0,0,,0,0,0,-9.81,boundary
618,32.375,1.625,,1000,0,0,,0,0,0,,0,0,0,-9.81,boundary
619,32.375,1.875,,1000,0,0,,0,0,0,,0,0,0,-9.81,boundary
620,32.375,2.125,,1000,0,0,,0,0,0,,0,0,0,-9.81,boundary
621,32.375,2.375,,1000,0,0,,0,0,0,,0,0,0,-9.81,boundary
622,32.375,2.625,,1000,0,0,,0,0,0,,0,0,0,-9.81,boundary
623,32.375,2.875,,1000,0,0,,0,0,0,,0,0,0,-9.81,boundary
624,32.375,3.125,,1000,0,0,,0,0,0,,0,0,0,-9.81,boundary
625,32.375,3.375,,1000,0,0,,0,0,0,,0,0,0,-9.81,boundary
626,32.375,3.625,,1000,0,0,,0,0,0,,0,0,0,-9.81,boundary
627,32.375,3.875,,1000,0,0,,0,0,0,,0,0,0,-9.81,boundary
628,32.375,4.125,,1008.2,0,131976,,0,0,0,,0,0,4.0433,-9.81,boundary
629,32.375,4.375,,1010.29,0,166665,,0,0,0,,0,0,5.0955,-9.81,boundary
630,32.375,4.625,,1003.87,0,61393.9,,0,0,0,,0,0,1.88903,-9.81,boundary
631,32.375,4.875,,1000,0,0,,0,0,0,,0,0,0,-9.81,boundary
632,32.375,5.125,,1000,0,0,,0,0,0,,0,0,0,-9.81,boundary
633,32.375,5.375,,1000,0,0,,0,0,0,,0,0,0,-9.81,boundary
634,32.375,5.625,,1000,0,0,,0,0,0,,0,0,0,-9.81,boundary
635,32.375,5.875,,1000,0,0,,0,0,0,,0,0,0,-9.81,boundary
636,32.375,6.125,,1000,0,0,,0,0,0,,0,0,0,-9.81,boundary
637,32.375,6.375,,1000,0,0,,0,0,0,,0,0,0,-9.81,boundary
638,32.375,6.625,,1000,0,0,,0,0,0,,0,0,0,-9.81,boundary
639,32.375,6.875,,1000,0,0,,0,0,0,,0,0,0,-9.81,boundary
640,32.375,7.125,,1000,0,0,,0,0,0,,0,0,0,-9.81,boundary
641,32.375,7.375,,1000,0,0,,0,0,0,,0,0,0,-9.81,boundary
642,32.375,7.625,,1000,0,0,,0,0,0,,0,0,0,-9.81,boundary
643,32.375,7.875,,1000,0,0,,0,0,0,,0,0,0,-9.81,boundary
644,32.375,8.125,,1000,0,0,,0,0,0,,0,0,0,-9.81,boundary
645,32.375,8.375,,1000,0,0,,0,0,0,,0,0,0,-9.81,boundary
646,32.375,8.625,,1000,0,0,,0,0,0,,0,0,0,-9.81,boundary
647,32.375,8.875,,1000,0,0,,0,0,0,,0,0,0,-9.81,boundary
648,32.375,9.125,,1000,0,0,,0,0,0,,0,0,0,-9.81,boundary
649,32.375,9.375,,1000,0,0,,0,0,0,,0,0,0,-9.81,boundary
650,32.375,9.625,,1000,0,0,,0,0,0,,0,0,0,-9.81,boundary
651,32.375,9.875,,1000,0,0,,0,0,0,,0,0,0,-9.81,boundary
652,32.375,10.125,,1000,0,0,,0,0,0,,0,0,0,-9.81,boundary
653,32.375,10.375,,1000,0,0,,0,0,0,,0,0,0,-9.81,boundary
654,32.375,10.625,,1000,0,0,,0,0,0,,0,0,0,-9.81,boundary
655,32.375,10.875,,1000,0,0,,0,0,0,,0,0,0,-9.81,boundary
656,32.375,11.125,,1000,0,0,,0,0,0,,0,0,0,-9.81,boundary
657,32.375,11.375,,1000,0,0,,0,0,0,,0,0,0,-9.81,boundary
658,32.375,11.625,,1000,0,0,,0,0,0,,0,0,0,-9.81,boundary
659,32.375,11.875,,1000,0,0,,0,0,0,,0,0,0,-9.81,boundary
660,32.375,12.125,,1000,0,0,,0,0,0,,0,0,0,-9.81,boundary
661,32.375,12.375,,1000,0,0,,0,0,0,,0,0,0,-9.81,boundary
662,32.375,12.625,,1000,0,0,,0,0,0,,0,0,0,-9.81,boundary
663,32.375,12.875,,1000,0,0,,0,0,0,,0,0,0,-9.81,boundary
664,32.375,13.125,,1000,0,0,,0,0,0,,0,0,0,-9.81,boundary
665,32.375,13.375,,1000,0,0,,0,0,0,,0,0,0,-9.81,boundary
666,32.375,13.625,,1000,0,0,,0,0,0,,0,0,0,-9.81,boundary
667,32.375,13.875,,1000,0,0,,0,0,0,,0,0,0,-9.81,boundary
668,32.375,14.125,,1000,0,0,,0,0,0,,0,0,0,-9.81,boundary
669,32.375,14.375,,1000,0,0,,0,0,0,,0,0,0,-9.81,boundary
670,32.375,14.625,,1000,0,0,,0,0,0,,0,0,0,-9.81,boundary
671,32.375,14.875,,1000,0,0,,0,0,0,,0,0,0,-9.81,boundary
672,32.375,15.125,,1000,0,0,,0,0,0,,0,0,0,-9.81,boundary
673,32.375,15.375,,1000,0,0,,0,0,0,,0,0,0,-9.81,boundary
674,32.375,15.625,,1000,0,0,,0,0,0,,0,0,0,-9.81,boundary
675,32.375,15.875,,1000,0,0,,0,0,0,,0,0,0,-9.81,boundary
676,32.375,16.125,,1000,0,0,,0,0,0,,0,0,0,-9.81,boundary
677,32.375,16.375,,1000,0,0,,0,0,0,,0,0,0,-9.81,boundary
678,32.375,16.625,,1000,0,0,,0,0,0,,0,0,0,-9.81,boundary
679,32.375,16.875,,1000,0,0,,0,0,0,,0,0,0,-9.81,boundary
680,32.375,17.125,,1000,0,0,,0,0,0,,0,0,0,-9.81,boundary
681,32.375,17.375,,1000,0,0,,0,0,0,,0,0,0,-9.81,boundary
682,32.375,17.625,,1000,0,0,,0,0,0,,0,0,0,-9.81,boundary
683,32.375,17.875,,1000,0,0,,0,0,0,,0,0,0,-9.81,boundary
684,32.375,18.125,,1000,0,0,,0,0,0,,0,0,0,-9.81,boundary
685,32.375,18.375,,1000,0,0,,0,0,0,,0,0,0,-9.81,boundary
686,32.375,18.625,,1000,0,0,,0,0,0,,0,0,0,-9.81,boundary
687,32.375,18.875,,1000,0,0,,0,0,0,,0,0,0,-9.81,boundary
688,32.375,19.125,,1000,0,0,,0,0,0,,0,0,0,-9.81,boundary
689,32.375,19.375,,1000,0,0,,0,0,0,,0,0,0,-9.81,boundary
690,32.375,19.625,,1000,0,0,,0,0,0,,0,0,0,-9.81,boundary
691,32.375,19.875,,1000,0,0,,0,0,0,,0,0,0,-9.81,boundary
692,32.375,20.125,,1000,0,0,,0,0,0,,0,0,0,-9.81,boundary
693,32.375,20.375,,1000,0,0,,0,0,0,,0,0,0,-9.81,boundary
694,32.375,20.625,,1000,0,0,,0,0,0,,0,0,0,-9.81,boundary
695,32.375,20.875,,1000,0,0,,0,0,0,,0,0,0,-9.81,boundary
696,32.625,0.125,,1002.74,0,43324.1,,0,0,0,,0,0,1.32432,-9.81,boundary
697,32.625,0.375,,1000.39,0,6081.56,,0,0,0,,0,0,0.186336,-9.81,boundary
698,32.625,0.625,,1001.64,0,25929.1,,0,0,0,,0,0,0.793458,-9.81,boundary
699,32.625,0.875,,1003.63,0,57533.5,,0,0,0,,0,0,1.75711,-9.81,boundary
700,32.625,1.125,,1003.36,0,53214,,0,0,0,,0,0,1.62563,-9.81,boundary
701,32.625,1.375,,1002.74,0,43380.3,,0,0,0,,0,0,1.32603,-9.81,boundary
702,32.625,1.625,,1003.03,0,47974.7,,0,0,0,,0,0,1.46605,-9.81,boundary
703,32.625,1.875,,1003.22,0,50994,,0,0,0,,0,0,1.55802,-9.81,boundary
704,32.625,2.125,,1003.07,0,48698.6,,0,0,0,,0,0,1.4881,-9.81,boundary
705,32.625,2.375,,1001.57,0,24753.9,,0,0,0,,0,0,0.757552,-9.81,boundary
706,32.625,2.625,,1000,0,0,,0,0,0,,0,0,0,-9.81,boundary
707,32.625,2.875,,1000,0,0,,0,0,0,,0,0,0,-9.81,boundary
708,32.625,3.125,,1000,0,0,,0,0,0,,0,0,0,-9.81,boundary
709,32.625,3.375,,1000,0,0,,0,0,0,,0,0,0,-9.81,boundary
710,32.625,3.625,,1003.08,0,48796.1,,0,0,0,,0,0,1.49107,-9.81,boundary
711,32.625,3.875,,1007.79,0,125173,,0,0,0,,0,0,3.80707,-9.81,boundary
712,32.625,4.125,,1024.82,0,419797,,0,0,0,,0,0,12.5557,-9.81,boundary
713,32.625,4.375,,1028.25,0,482778,,0,0,0,,0,0,14.3913,-9.81,boundary
714,32.625,4.625,,1017.3,0,286034,,0,0,0,,0,0,8.61825,-9.81,boundary
715,32.625,4.875,,1007.67,0,123243,,0,0,0,,0,0,3.74879,-9.81,boundary
716,32.625,5.125,,1000,0,0,,0,0,0,,0,0,0,-9.81,boundary
717,32.625,5.375,,1000,0,0,,0,0,0,,0,0,0,-9.81,boundary
718,32.625,5.625,,1000,0,0,,0,0,0,,0,0,0,-9.81,boundary
719,32.625,5.875,,1000,0,0,,0,0,0,,0,0,0,-9.81,boundary
720,32.625,6.125,,1000,0,0,,0,0,0,,0,0,0,-9.81,boundary
721,32.625,6.375,,1000,0,0,,0,0,0,,0,0,0,-9.81,boundary
722,32.625,6.625,,1000,0,0,,0,0,0,,0,0,0,-9.81,boundary
723,32.625,6.875,,1000,0,0,,0,0,0,,0,0,0,-9.81,boundary
724,32.625,7.125,,1000,0,0,,0,0,0,,0,0,0,-9.81,boundary
725,32.625,7.375,,1000,0,0,,0,0,0,,0,0,0,-9.81,boundary
726,32.625,7.625,,1000,0,0,,0,0,0,,0,0,0,-9.81,boundary
727,32.625,7.875,,1000,0,0,,0,0,0,,0,0,0,-9.81,boundary
728,32.625,8.125,,1000,0,0,,0,0,0,,0,0,0,-9.81,boundary
729,32.625,8.375,,1000,0,0,,0,0,0,,0,0,0,-9.81,boundary
730,32.625,8.625,,1000,0,0,,0,0,0,,0,0,0,-9.81,boundary
731,32.625,8.875,,1000,0,0,,0,0,0,,0,0,0,-9.81,boundary
732,32.625,9.125,,1000,0,0,,0,0,0,,0,0,0,-9.81,boundary
733,32.625,9.375,,1000,0,0,,0,0,0,,0,0,0,-9.81,boundary
734,32.625,9.625,,1000,0,0,,0,0,0,,0,0,0,-9.81,boundary
735,32.625,9.875,,1000,0,0,,0,0,0,,0,0,0,-9.81,boundary
736,32.625,10.125,,1000,0,0,,0,0,0,,0,0,0,-9.81,boundary
737,32.625,10.375,,1000,0,0,,0,0,0,,0,0,0,-9.81,boundary
738,32.625,10.625,,1000,0,0,,0,0,0,,0,0,0,-9.81,boundary
739,32.625,10.875,,1000,0,0,,0,0,0,,0,0,0,-9.81,boundary
740,32.625,11.125,,1000,0,0,,0,0,0,,0,0,0,-9.81,boundary
741,32.625,11.375,,1000,0,0,,0,0,0,,0,0,0,-9.81,boundary
742,32.625,11.625,,1000,0,0,,0,0,0,,0,0,0,-9.81,boundary
743,32.625,11.875,,1000,0,0,,0,0,0,,0,0,0,-9.81,boundary
744,32.625,12.125,,1000,0,0,,0,0,0,,0,0,0,-9.81,boundary
745,32.625,12.375,,1000,0,0,,0,0,0,,0,0,0,-9.81,boundary
746,32.625,12.625,,1000,0,0,,0,0,0,,0,0,0,-9.81,boundary
747,32.625,12.875,,1000,0,0,,0,0,0,,0,0,0,-9.81,boundary
748,32.625,13.125,,1000,0,0,,0,0,0,,0,0,0,-9.81,boundary
749,32.625,13.375,,1000,0,0,,0,0,0,,0,0,0,-9.81,boundary
750,32.625,13.625,,1000,0,0,,0,0,0,,0,0,0,-9.81,boundary
751,32.625,13.875,,1000,0,0,,0,0,0,,0,0,0,-9.81,boundary
752,32.625,14.125,,1000,0,0,,0,0,0,,0,0,0,-9.81,boundary
753,32.625,14.375,,1000,0,0,,0,0,0,,0,0,0,-9.81,boundary
754,32.625,14.625,,1000,0,0,,0,0,0,,0,0,0,-9.81,boundary
755,32.625,14.875,,1000,0,0,,0,0,0,,0,0,0,-9.81,boundary
756,32.625,15.125,,1000,0,0,,0,0,0,,0,0,0,-9.81,boundary
757,32.625,15.375,,1000,0,0,,0,0,0,,0,0,0,-9.81,boundary
758,32.625,15.625,,1000,0,0,,0,0,0,,0,0,0,-9.81,boundary
759,32.625,15.875,,1000,0,0,,0,0,0,,0,0,0,-9.81,boundary
760,32.625,16.125,,1000,0,0,,0,0,0,,0,0,0,-9.81,boundary
761,32.625,16.375,,1000,0,0,,0,0,0,,0,0,0,-9.81,boundary
762,32.625,16.625,,1000,0,0,,0,0,0,,0,0,0,-9.81,boundary
763,32.625,16.875,,1000,0,0,,0,0,0,,0,0,0,-9.81,boundary
764,32.625,17.125,,1000,0,0,,0,0,0,,0,0,0,-9.81,boundary
765,32.625,17.375,,1000,0,0,,0,0,0,,0,0,0,-9.81,boundary
766,32.625,17.625,,1000,0,0,,0,0,0,,0,0,0,-9.81,boundary
767,32.625,17.875,,1000,0,0,,0,0,0,,0,0,0,-9.81,boundary
768,32.625,18.125,,1000,0,0,,0,0,0,,0,0,0,-9.81,boundary
769,32.625,18.375,,1000,0,0,,0,0,0,,0,0,0,-9.81,boundary
770,32.625,18.625,,1000,0,0,,0,0,0,,0,0,0,-9.81,boundary
771,32.625,18.875,,1000,0,0,,0,0,0,,0,0,0,-9.81,boundary
772,32.625,19.125,,1000,0,0,,0,0,0,,0,0,0,-9.81,boundary
773,32.625,19.375,,1000,0,0,,0,0,0,,0,0,0,-9.81,boundary
774,32.625,19.625,,1000,0,0,,0,0,0,,0,0,0,-9.81,boundary
775,32.625,19.875,,1000,0,0,,0,0,0,,0,0,0,-9.81,boundary
776,32.625,20.125,,1000,0,0,,0,0,0,,0,0,0,-9.81,boundary
777,32.625,20.375,,1000,0,0,,0,0,0,,0,0,0,-9.81,boundary
778,32.625,20.625,,1000,0,0,,0,0,0,,0,0,0,-9.81,boundary
779,32.625,20.875,,1000,0,0,,0,0,0,,0,0,0,-9.81,boundary
780,32.875,0.125,,1002.63,0,41679.3,,0,0,0,,0,0,1.26448,-9.81,boundary
781,32.875,0.375,,1009.54,0,154044,,0,0,0,,0,0,4.64147,-9.81,boundary
782,32.875,0.625,,1007.32,0,117511,,0,0,0,,0,0,3.54849,-9.81,boundary
783,32.875,0.875,,1011.21,0,181958,,0,0,0,,0,0,5.4735,-9.81,boundary
784,32.875,1.125,,1012.72,0,207359,,0,0,0,,0,0,6.22829,-9.81,boundary
785,32.875,1.375,,1013.93,0,227989,,0,0,0,,0,0,6.83977,-9.81,boundary
786,32.875,1.625,,1014.59,0,239232,,0,0,0,,0,0,7.17238,-9.81,boundary
787,32.875,1.875,,1015.93,0,262242,,0,0,0,,0,0,7.85189,-9.81,boundary
788,32.875,2.125,,1014.13,0,231409,,0,0,0,,0,0,6.94099,-9.81,boundary
789,32.875,2.375,,1007.35,0,118016,,0,0,0,,0,0,3.56364,-9.81,boundary
790,32.875,2.625,,1000,0,0,,0,0,0,,0,0,0,-9.81,boundary
791,32.875,2.875,,1000,0,0,,0,0,0,,0,0,0,-9.81,boundary
792,32.875,3.125,,1000,0,0,,0,0,0,,0,0,0,-9.81,boundary
793,32.875,3.375,,1000,0,0,,0,0,0,,0,0,0,-9.81,boundary
794,32.875,3.625,,1001.44,0,22737.1,,0,0,0,,0,0,0.690627,-9.81,boundary
795,32.875,3.875,,1005.46,0,87164.2,,0,0,0,,0,0,2.63698,-9.81,boundary
796,32.875,4.125,,1029.77,0,511077,,0,0,0,,0,0,15.0967,-9.81,boundary
797,32.875,4.375,,1029.91,0,513761,,0,0,0,,0,0,15.1739,-9.81,boundary
798,32.875,4.625,,1017.19,0,284139,,0,0,0,,0,0,8.49694,-9.81,boundary
799,32.875,4.875,,1012.56,0,204663,,0,0,0,,0,0,6.14828,-9.81,boundary
800,32.875,5.125,,1008.32,0,133946,,0,0,0,,0,0,4.04078,-9.81,boundary
801,32.875,5.375,,1000,0,0,,0,0,0,,0,0,0,-9.81,boundary
802,32.875,5.625,,1000,0,0,,0,0,0,,0,0,0,-9.81,boundary
803,32.875,5.875,,1000,0,0,,0,0,0,,0,0,0,-9.81,boundary
804,32.875,6.125,,1000,0,0,,0,0,0,,0,0,0,-9.81,boundary
805,32.875,6.375,,1000,0,0,,0,0,0,,0,0,0,-9.81,boundary
806,32.875,6.625,,1000,0,0,,0,0,0,,0,0,0,-9.81,boundary
807,32.875,6.875,,1000,0,0,,0,0,0,,0,0,0,-9.81,boundary
808,32.875,7.125,,1000,0,0,,0,0,0,,0,0,0,-9.81,boundary
809,32.875,7.375,,1000,0,0,,0,0,0,,0,0,0,-9.81,boundary
810,32.875,7.625,,1000,0,0,,0,0,0,,0,0,0,-9.81,boundary
811,32.875,7.875,,1000,0,0,,0,0,0,,0,0,0,-9.81,boundary
812,32.875,8.125,,1000,0,0,,0,0,0,,0,0,0,-9.81,boundary
813,32.875,8.375,,1000,0,0,,0,0,0,,0,0,0,-9.81,boundary
814,32.875,8.625,,1000,0,0,,0,0,0,,0,0,0,-9.81,boundary
815,32.875,8.875,,1000,0,0,,0,0,0,,0,0,0,-9.81,boundary
816,32.875,9.125,,1000,0,0,,0,0,0,,0,0,0,-9.81,boundary
817,32.875,9.375,,1000,0,0,,0,0,0,,0,0,0,-9.81,boundary
818,32.875,9.625,,1000,0,0,,0,0,0,,0,0,0,-9.81,boundary
819,32.875,9.875,,1000,0,0,,0,0,0,,0,0,0,-9.81,boundary
820,32.875,10.125,,1000,0,0,,0,0,0,,0,0,0,-9.81,boundary
821,32.875,10.375,,1000,0,0,,0,0,0,,0,0,0,-9.81,boundary
822,32.875,10.625,,1020.11,0,335417,,0,0,0,,0,0,10.0016,-9.81,boundary
823,32.875,10.875,,1000,0,0,,0,0,0,,0,0,0,-9.81,boundary
824,32.875,11.125,,1000,0,0,,0,0,0,,0,0,0,-9.81,boundary
825,32.875,11.375,,1000,0,0,,0,0,0,,0,0,0,-9.81,boundary
826,32.875,11.625,,1000,0,0,,0,0,0,,0,0,0,-9.81,boundary
827,32.875,11.875,,1000,0,0,,0,0,0,,0,0,0,-9.81,boundary
828,32.875,12.125,,1000,0,0,,0,0,0,,0,0,0,-9.81,boundary
829,32.875,12.375,,1000,0,0,,0,0,0,,0,0,0,-9.81,boundary
830,32.875,12.625,,1000,0,0,,0,0,0,,0,0,0,-9.81,boundary
831,32.875,12.875,,1000,0,0,,0,0,0,,0,0,0,-9.81,boundary
832,32.875,13.125,,1000,0,0,,0,0,0,,0,0,0,-9.81,boundary
833,32.875,13.375,,1000,0,0,,0,0,0,,0,0,0,-9.81,boundary
834,32.875,13.625,,1000,0,0,,0,0,0,,0,0,0,-9.81,boundary
835,32.875,13.875,,1000,0,0,,0,0,0,,0,0,0,-9.81,boundary
836,32.875,14.125,,1000,0,0,,0,0,0,,0,0,0,-9.81,boundary
837,32.875,14.375,,1000,0,0,,0,0,0,,0,0,0,-9.81,boundary
838,32.875,14.625,,1000,0,0,,0,0,0,,0,0,0,-9.81,boundary
839,32.875,14.875,,1000,0,0,,0,0,0,,0,0,0,-9.81,boundary
840,32.875,15.125,,1000,0,0,,0,0,0,,0,0,0,-9.81,boundary
841,32.875,15.375,,1000,0,0,,0,0,0,,0,0,0,-9.81,boundary
842,32.875,15.625,,1000,0,0,,0,0,0,,0,0,0,-9.81,boundary
843,32.875,15.875,,1000,0,0,,0,0,0,,0,0,0,-9.81,boundary
844,32.875,16.125,,1000,0,0,,0,0,0,,0,0,0,-9.81,boundary
845,32.875,16.375,,1000,0,0,,0,0,0,,0,0,0,-9.81,boundary
846,32.875,16.625,,1000,0,0,,0,0,0,,0,0,0,-9.81,boundary
847,32.875,16.875,,1000,0,0,,0,0,0,,0,0,0,-9.81,boundary
848,32.875,17.125,,1000,0,0,,0,0,0,,0,0,0,-9.81,boundary
849,32.875,17.375,,1000,0,0,,0,0,0,,0,0,0,-9.81,boundary
850,32.875,17.625,,1000,0,0,,0,0,0,,0,0,0,-9.81,boundary
851,32.875,17.875,,1000,0,0,,0,0,0,,0,0,0,-9.81,boundary
852,32.875,18.125,,1000,0,0,,0,0,0,,0,0,0,-9.81,boundary
853,32.875,18.375,,1000,0,0,,0,0,0,,0,0,0,-9.81,boundary
854,32.875,18.625,,1000,0,0,,0,0,0,,0,0,0,-9.81,boundary
855,32.875,18.875,,1000,0,0,,0,0,0,,0,0,0,-9.81,boundary
856,32.875,19.125,,1000,0,0,,0,0,0,,0,0,0,-9.81,boundary
857,32.875,19.375,,1000,0,0,,0,0,0,,0,0,0,-9.81,boundary
858,32.875,19.625,,1000,0,0,,0,0,0,,0,0,0,-9.81,boundary
859,32.875,19.875,,1000,0,0,,0,0,0,,0,0,0,-9.81,boundary
860,32.875,20.125,,1000,0,0,,0,0,0,,0,0,0,-9.81,boundary
861,32.875,20.375,,1000,0,0,,0,0,0,,0,0,0,-9.81,boundary
862,32.875,20.625,,1000,0,0,,0,0,0,,0,0,0,-9.81,boundary
863,32.875,20.875,,1000,0,0,,0,0,0,,0,0,0,-9.81,boundary
864,0.158256,0.222654,,1000.14,233.176,2186.47,,0.0194295,-0.0234419,0.0304472,,-8.70882,11.9545,5.10532,2.14453,fluid
865,0.148049,0.100008,,1000.16,178.319,2469.92,,0.000373453,-0.016412,0.0164162,,-12.4787,12.4841,4.2018,2.67409,fluid
866,0.283007,0.520633,,1000.01,18.059,127.259,,0.00182679,-0.119292,0.119306,,-1.49758,10.204,-1.04792,0.393994,fluid
867,0.353608,0.532261,,999.93,-69.1547,0,,-0.0245059,-0.133289,0.135523,,-0.882243,10.1866,-0.882243,0.376556,fluid
868,0.380488,0.597092,,999.772,-7.83277,0,,0.00031746,-0.243014,0.243015,,-0.646092,10.0835,-0.646092,0.273457,fluid
869,0.5176,0.574749,,998.313,-48.197,0,,-0.00601446,-0.19926,0.199351,,-0.4651,10.1104,-0.4651,0.300428,fluid
870,0.557229,0.605404,,998.164,-20.4388,0,,0.0133077,-0.272423,0.272748,,-0.43796,10.106,-0.43796,0.29601,fluid
871,0.534377,0.618152,,998.543,26.8115,0,,0.0356026,-0.312425,0.314447,,-0.53406,10.1329,-0.53406,0.322931,fluid
872,0.794756,0.579838,,994.264,-53.1713,0,,0.031724,-0.211858,0.21422,,-0.367127,10.0891,-0.367127,0.279096,fluid
873,0.816424,0.622117,,993.963,100.021,0,,0.166977,-0.338172,0.377149,,-0.519049,10.5367,-0.519049,0.726655,fluid
874,0.817569,0.654069,,994.218,392.912,0,,0.420632,-0.539755,0.6843,,-1.09926,11.8044,-1.09926,1.99442,fluid
875,1.39481,0.475736,,982.409,20.6789,0,,0.336897,-0.088399,0.348301,,-0.320245,9.84136,-0.320245,0.0313572,fluid
876,1.52187,0.471993,,980.259,17.1281,0,,0.384736,-0.0846609,0.393941,,-0.236743,9.83227,-0.236743,0.022273,fluid
877,1.71721,0.472787,,977.574,70.6818,0,,0.54419,-0.0865525,0.55103,,-0.276176,9.86036,-0.276176,0.050356,fluid
878,2.00629,0.517666,,975.393,73.9907,0,,0.621842,-0.120153,0.633344,,-0.140573,9.91999,-0.140573,0.109994,fluid
879,2.2055,0.523726,,975.127,120.527,0,,0.73166,-0.126383,0.742495,,0.013859,9.94394,0.013859,0.133936,fluid
880,2.37392,0.499785,,975.37,156.283,0,,0.811938,-0.104496,0.818635,,-0.0328977,9.90919,-0.0328977,0.0991949,fluid
881,2.46762,0.481484,,975.637,170.816,0,,0.844616,-0.0908866,0.849492,,-0.106178,9.88292,-0.106178,0.072918,fluid
882,2.57478,0.479154,,975.827,189.376,0,,0.893944,-0.088823,0.898346,,-0.187362,9.88319,-0.187362,0.0731936,fluid
883,2.68104,0.477185,,976.108,211.81,0,,0.95796,-0.0882701,0.962018,,-0.193617,9.88073,-0.193617,0.0707261,fluid
884,2.78167,0.490742,,976.324,222.488,0,,0.995058,-0.0975027,0.999824,,-0.174366,9.89814,-0.174366,0.08814,fluid
885,2.84725,0.487344,,976.608,225.172,0,,1.0064,-0.0947391,1.01085,,-0.159584,9.89115,-0.159584,0.0811471,fluid
886,2.89316,0.487783,,976.783,224.002,0,,1.00568,-0.095184,1.01017,,-0.132887,9.8897,-0.132887,0.0797008,fluid
887,2.92615,0.494068,,976.844,222.688,0,,1.00419,-0.0998993,1.00915,,-0.106515,9.897,-0.106515,0.086998,fluid
888,2.96118,0.498164,,976.912,223.746,0,,1.0094,-0.103109,1.01465,,-0.0963458,9.9041,-0.0963458,0.0940994,fluid
889,3.00423,0.499688,,977,227.118,0,,1.02164,-0.104109,1.02693,,-0.101033,9.9069,-0.101033,0.0969013,fluid
890,3.04352,0.502531,,977.065,228.521,0,,1.02788,-0.105937,1.03332,,-0.111807,9.91061,-0.111807,0.100614,fluid
891,3.0825,0.503328,,977.155,227.495,0,,1.02623,-0.10622,1.03172,,-0.11708,9.90996,-0.11708,0.099956,fluid
892,3.10021,0.50611,,977.18,225.986,0,,1.0225,-0.108472,1.02823,,-0.105162,9.91357,-0.105162,0.103565,fluid
893,3.10901,0.508069,,977.188,225.114,0,,1.0203,-0.110131,1.02623,,-0.0969295,9.91648,-0.0969295,0.106483,fluid
894,3.10697,0.510227,,977.17,224.659,0,,1.01904,-0.112053,1.02518,,-0.0943205,9.92097,-0.0943205,0.110971,fluid
895,3.10366,0.512214,,977.151,224.293,0,,1.018,-0.113872,1.02435,,-0.0930068,9.9254,-0.0930068,0.1154,fluid
896,3.07348,0.516511,,977.054,224.427,0,,1.01791,-0.118104,1.02473,,-0.0960273,9.93705,-0.0960273,0.127052,fluid
897,3.05725,0.520153,,976.997,223.956,0,,1.01637,-0.121841,1.02365,,-0.0896768,9.94667,-0.0896768,0.13667,fluid
898,2.98702,0.525502,,976.814,220.052,0,,1.00262,-0.128039,1.01076,,-0.0579904,9.96071,-0.0579904,0.150707,fluid
899,2.93539,0.53019,,976.657,216.108,0,,0.98942,-0.133075,0.998329,,-0.0356196,9.97232,-0.0356196,0.162318,fluid
900,2.86717,0.534575,,976.399,214.729,0,,0.983277,-0.137788,0.992884,,-0.0273413,9.99126,-0.0273413,0.181256,fluid
901,2.80281,0.537771,,976.136,213.762,0,,0.978044,-0.142245,0.988334,,-0.0576093,10.0071,-0.0576093,0.197125,fluid
902,2.72258,0.541029,,975.863,199.229,0,,0.934499,-0.147331,0.946042,,-0.0984396,10.0221,-0.0984396,0.212131,fluid
903,2.58696,0.548331,,975.473,165.258,0,,0.841088,-0.155734,0.855384,,-0.0593053,10.0482,-0.0593053,0.238202,fluid
904,2.52859,0.544635,,975.375,154.621,0,,0.813142,-0.151042,0.827051,,-0.0241042,10.0296,-0.0241042,0.219554,fluid
905,2.4169,0.552661,,975.194,149.97,0,,0.804947,-0.162975,0.82128,,0.0106742,10.067,0.0106742,0.256961,fluid
906,2.44236,0.535718,,975.268,147.782,0,,0.796071,-0.139764,0.808247,,0.026762,9.99089,0.026762,0.180885,fluid
907,2.41039,0.518645,,975.281,153.061,0,,0.807002,-0.121113,0.81604,,0.000580527,9.94313,0.000580527,0.133128,fluid
908,2.29951,0.503607,,975.287,146.227,0,,0.787971,-0.108063,0.795347,,-0.0655538,9.91826,-0.0655538,0.108256,fluid
909,2.13499,0.495892,,975.251,129.087,0,,0.743572,-0.10178,0.750506,,-0.054701,9.88986,-0.054701,0.0798624,fluid
910,1.95532,0.486327,,975.655,102.123,0,,0.666306,-0.0938534,0.672884,,-0.227495,9.86536,-0.227495,0.0553562,fluid
911,1.78941,0.49393,,976.74,61.5906,0,,0.553406,-0.101053,0.562557,,-0.149794,9.88602,-0.149794,0.0760239,fluid
912,1.60551,0.486995,,978.953,6.15326,0,,0.399587,-0.0943647,0.410579,,-0.216723,9.85149,-0.216723,0.0414856,fluid
913,1.4843,0.510405,,980.784,-31.6551,0,,0.299442,-0.114045,0.320424,,-0.118688,9.87301,-0.118688,0.063012,fluid
914,1.17567,0.57864,,986.796,-87.1229,0,,0.112929,-0.206804,0.235629,,-0.185244,10.0469,-0.185244,0.236941,fluid
915,1.04092,0.5866,,989.655,-93.8444,0,,0.0604073,-0.225707,0.23365,,-0.249907,10.0699,-0.249907,0.259916,fluid
916,1.05337,0.55116,,989.039,-74.9661,0,,0.0830268,-0.161214,0.181337,,-0.337368,9.9592,-0.337368,0.149197,fluid
917,1.03567,0.435529,,989.638,10.7581,0,,0.160975,-0.067286,0.174471,,-0.576239,9.8287,-0.576239,0.0187034,fluid
918,0.96431,0.470323,,990.827,-18.9962,0,,0.106388,-0.0848814,0.1361,,-0.524809,9.85586,-0.524809,0.0458648,fluid
919,0.841505,0.541906,,993.144,-49.8988,0,,0.0441994,-0.149235,0.155642,,-0.377432,9.96751,-0.377432,0.157512,fluid
920,0.745747,0.514746,,994.84,-42.3174,0,,0.0284952,-0.117931,0.121325,,-0.437502,9.94236,-0.437502,0.132364,fluid
921,0.6652,0.516017,,996.149,-37.915,0,,0.0175377,-0.119073,0.120357,,-0.375548,9.97064,-0.375548,0.160644,fluid
922,0.482685,0.492173,,998.824,-68.7373,0,,-0.0206932,-0.0987045,0.10085,,-0.686577,10.1072,-0.686577,0.29717,fluid
923,0.32828,0.49051,,999.994,-12.4911,0,,-0.00627915,-0.0955166,0.0957227,,-1.22999,10.2474,-1.22999,0.43745,fluid
924,0.247038,0.533335,,1000.02,47.1069,280.707,,0.00752777,-0.131769,0.131984,,-1.87213,10.2515,-0.735859,0.441489,fluid
925,0.148056,0.633603,,1000.04,238.789,593.022,,0.0354558,-0.33381,0.335688,,-2.99329,10.2637,1.01194,0.45369,fluid
926,0.205304,0.619093,,1000.03,163.737,506.831,,0.0291522,-0.283796,0.28529,,-2.10599,10.2058,0.362619,0.395784,fluid
927,0.55687,0.603807,,998.144,-22.75,0,,0.011992,-0.267931,0.268199,,-0.435647,10.1087,-0.435647,0.298744,fluid
928,0.681571,0.120478,,998.256,26.539,0,,0.0343392,-0.0189349,0.0392137,,-0.753212,10.2881,-0.753212,0.478063,fluid
929,0.502141,0.103355,,999.991,0.0438227,0,,-0.00329429,-0.0178344,0.0181361,,-0.687703,10.9686,-0.687703,1.15856,fluid
930,0.558125,0.248805,,999.092,2.25738,0,,0.0132834,-0.0270323,0.0301196,,-0.714613,10.4537,-0.714613,0.643724,fluid
931,0.703256,0.38953,,996.148,1.78131,0,,0.0473213,-0.0514516,0.069904,,-0.616927,9.96849,-0.616927,0.158488,fluid
932,0.797536,0.445872,,994.2,-18.5108,0,,0.0559274,-0.0721511,0.0912889,,-0.583505,9.8879,-0.583505,0.0778993,fluid
933,0.881742,0.513137,,992.347,-40.6591,0,,0.0619164,-0.117127,0.132485,,-0.412939,9.90777,-0.412939,0.0977697,fluid
934,1.07862,0.496211,,988.418,-16.4172,0,,0.153709,-0.102059,0.184506,,-0.412207,9.86167,-0.412207,0.0516746,fluid
935,1.25437,0.535733,,984.944,-41.0275,0,,0.198091,-0.140634,0.242936,,-0.304292,9.92423,-0.304292,0.114227,fluid
936,1.90774,0.513203,,975.813,58.8826,0,,0.577468,-0.115331,0.588873,,-0.0922694,9.87994,-0.0922694,0.0699353,fluid
937,2.07703,0.467813,,975.431,154.024,0,,0.786088,-0.0830537,0.790463,,-0.216652,9.86075,-0.216652,0.0507497,fluid
938,2.79433,0.487015,,976.405,224.381,0,,1.00068,-0.0947484,1.00515,,-0.183307,9.89291,-0.183307,0.082908,fluid
939,2.69416,0.481471,,976.104,213.258,0,,0.963257,-0.091116,0.967557,,-0.181236,9.88648,-0.181236,0.0764821,fluid
940,2.77994,0.465138,,976.561,231.628,0,,1.01672,-0.0811281,1.01996,,-0.249286,9.87093,-0.249286,0.0609284,fluid
941,3.09211,0.472553,,977.464,233.712,0,,1.04243,-0.0844934,1.04585,,-0.15548,9.86926,-0.15548,0.0592616,fluid
942,3.43425,0.497217,,977.659,257.778,0,,1.14997,-0.101215,1.15441,,-0.16314,9.89584,-0.16314,0.0858444,fluid
943,3.30914,0.60749,,978.151,247.815,0,,1.15149,-0.301507,1.19031,,-0.275508,11.1159,-0.275508,1.30593,fluid
944,3.38697,0.606007,,978.096,261.045,0,,1.20315,-0.297098,1.23929,,-0.28423,11.0825,-0.28423,1.27251,fluid
945,3.65124,0.49065,,978.033,268.133,0,,1.21206,-0.0958715,1.21585,,-0.238405,9.88632,-0.238405,0.076322,fluid
946,3.56565,0.544758,,977.631,240.557,0,,1.10707,-0.150292,1.11723,,-0.0666403,10.0281,-0.0666403,0.218082,fluid
947,3.63467,0.600279,,978.145,279.261,0,,1.29068,-0.274588,1.31957,,-0.311802,10.8924,-0.311802,1.08244,fluid
948,3.89354,0.478959,,978.573,272.313,0,,1.26356,-0.0875679,1.26659,,-0.219623,9.87181,-0.219623,0.0618118,fluid
949,4.09049,0.497769,,978.035,274.296,0,,1.30671,-0.101155,1.31062,,-0.242581,9.89952,-0.242581,0.0895197,fluid
950,4.24521,0.516369,,977.018,285.935,0,,1.38958,-0.117182,1.39452,,-0.267806,9.92973,-0.267806,0.119731,fluid
951,4.35377,0.503056,,976.342,287.302,0,,1.41919,-0.104955,1.42307,,-0.328669,9.90419,-0.328669,0.0941885,fluid
952,4.4145,0.488937,,976.048,282.379,0,,1.40993,-0.0942274,1.41308,,-0.299932,9.87887,-0.299932,0.0688663,fluid
953,4.47595,0.482898,,975.599,278.277,0,,1.40426,-0.0900283,1.40714,,-0.282724,9.87498,-0.282724,0.0649751,fluid
954,4.54188,0.485506,,974.937,276.122,0,,1.40971,-0.0916367,1.41269,,-0.283741,9.87795,-0.283741,0.0679522,fluid
955,4.59139,0.492748,,974.346,275.242,0,,1.41846,-0.096575,1.42175,,-0.266311,9.88767,-0.266311,0.0776704,fluid
956,4.64165,0.499787,,973.745,275.809,0,,1.43481,-0.101707,1.43841,,-0.239595,9.89288,-0.239595,0.0828805,fluid
957,4.65673,0.508708,,973.485,274.958,0,,1.43464,-0.10919,1.43879,,-0.218177,9.90618,-0.218177,0.096178,fluid
958,4.63297,0.518503,,973.626,272.397,0,,1.41586,-0.118413,1.4208,,-0.215667,9.93035,-0.215667,0.12035,fluid
959,4.6076,0.527215,,973.814,269.993,0,,1.39776,-0.127732,1.40359,,-0.199228,9.95622,-0.199228,0.146219,fluid
960,4.55209,0.53606,,974.331,266.246,0,,1.36666,-0.138478,1.37366,,-0.159814,9.98734,-0.159814,0.177339,fluid
961,4.50035,0.542215,,974.847,262.641,0,,1.33829,-0.146545,1.34629,,-0.12322,10.0086,-0.12322,0.198595,fluid
962,4.45824,0.54569,,975.279,259.669,0,,1.31565,-0.151328,1.32432,,-0.0954594,10.0211,-0.0954594,0.211113,fluid
963,4.4328,0.549544,,975.518,259.908,0,,1.31243,-0.156885,1.32177,,-0.0895789,10.0409,-0.0895789,0.230899,fluid
964,4.40941,0.555698,,975.698,263.952,0,,1.32833,-0.16635,1.3387,,-0.11108,10.0793,-0.11108,0.26929,fluid
965,4.37678,0.562486,,975.922,272.436,0,,1.36347,-0.177832,1.37501,,-0.16238,10.135,-0.16238,0.325025,fluid
966,4.2592,0.563332,,976.78,280.391,0,,1.37524,-0.179413,1.38689,,-0.203519,10.1392,-0.203519,0.329238,fluid
967,4.05004,0.565155,,977.786,274.25,0,,1.30759,-0.182943,1.32033,,-0.184546,10.1582,-0.184546,0.348198,fluid
968,4.01409,0.550916,,977.854,271.683,0,,1.28717,-0.159144,1.29697,,-0.154153,10.0544,-0.154153,0.244411,fluid
969,4.09938,0.541288,,977.651,272.118,0,,1.30269,-0.145471,1.31079,,-0.186905,10.0152,-0.186905,0.20519,fluid
970,4.04735,0.538793,,977.801,273.694,0,,1.29946,-0.142462,1.30724,,-0.189976,10.0013,-0.189976,0.191268,fluid
971,3.84269,0.54234,,977.998,261.904,0,,1.21938,-0.146431,1.22814,,-0.135203,10.016,-0.135203,0.206012,fluid
972,3.93506,0.528442,,978.024,274.386,0,,1.28182,-0.12944,1.28834,,-0.16729,9.95542,-0.16729,0.145423,fluid
973,3.96422,0.510939,,978.142,275.053,0,,1.28824,-0.112149,1.29312,,-0.191354,9.91692,-0.191354,0.106924,fluid
974,3.89871,0.485432,,978.483,272.872,0,,1.26702,-0.0918035,1.27034,,-0.214573,9.87826,-0.214573,0.0682586,fluid
975,3.78435,0.479096,,978.475,268.269,0,,1.22991,-0.0879142,1.23305,,-0.272428,9.87503,-0.272428,0.0650306,fluid
976,3.67524,0.505222,,977.949,263.782,0,,1.20018,-0.107193,1.20495,,-0.205177,9.90568,-0.205177,0.095681,fluid
977,3.53306,0.515765,,977.625,256.168,0,,1.15629,-0.11704,1.1622,,-0.156238,9.93222,-0.156238,0.122222,fluid
978,3.36913,0.52812,,977.487,232.989,0,,1.06139,-0.13008,1.06934,,-0.108557,9.96881,-0.108557,0.158813,fluid
979,3.23155,0.530618,,977.364,212.18,0,,0.984327,-0.132802,0.993245,,-0.00578637,9.96996,-0.00578637,0.159963,fluid
980,3.015,0.541383,,976.858,217.07,0,,0.996801,-0.146686,1.00754,,-0.0358237,10.0158,-0.0358237,0.205752,fluid
981,2.40952,0.577482,,975.298,153.494,0,,0.819928,-0.208742,0.846082,,-0.0212511,10.2703,-0.0212511,0.460347,fluid
982,1.76286,0.647617,,979.195,136.958,0,,0.742347,-0.517614,0.904988,,-0.45985,11.9774,-0.45985,2.16739,fluid
983,2.00401,0.563408,,975.25,76.6362,0,,0.634932,-0.180081,0.659976,,-0.107204,10.0703,-0.107204,0.26031,fluid
984,1.87161,0.528241,,976.024,37.2524,0,,0.531468,-0.131453,0.547484,,-0.0190221,9.91028,-0.0190221,0.100278,fluid
985,1.63756,0.509357,,978.459,-14.2746,0,,0.37873,-0.111869,0.394906,,-0.169997,9.88027,-0.169997,0.0702741,fluid
986,1.38004,0.506509,,982.594,-10.2766,0,,0.28949,-0.11164,0.310271,,-0.269031,9.87856,-0.269031,0.0685638,fluid
987,1.11223,0.517165,,987.723,-31.0128,0,,0.151812,-0.119554,0.193236,,-0.339115,9.88452,-0.339115,0.0745167,fluid
988,0.841283,0.546212,,993.164,-51.0591,0,,0.0432791,-0.155059,0.160986,,-0.370351,9.97775,-0.370351,0.167746,fluid
989,0.626533,0.574051,,996.917,-48.0402,0,,0.00565966,-0.198598,0.198679,,-0.40817,10.0832,-0.40817,0.273153,fluid
990,0.593765,0.597123,,997.6,-33.1946,0,,0.0106347,-0.250446,0.250672,,-0.430237,10.1216,-0.430237,0.311575,fluid
991,1.30768,0.592129,,984.072,-20.6369,0,,0.252451,-0.24212,0.349791,,-0.165505,10.1881,-0.165505,0.378082,fluid
992,1.18096,0.201019,,990.608,60.5114,0,,0.269119,0.0166711,0.269634,,-0.0930341,-0.25191,-0.0930341,-10.0619,fluid
993,1.01686,0.178883,,993.208,30.574,0,,0.124902,-0.0218616,0.126801,,-0.983001,9.83804,-0.983001,0.0280426,fluid
994,1.12341,0.246664,,990.451,68.8855,0,,0.222447,-0.0270128,0.224081,,-0.853452,9.81576,-0.853452,0.00576372,fluid
995,1.15356,0.306991,,988.944,85.0926,0,,0.271584,-0.034177,0.273726,,-0.766384,9.80333,-0.766384,-0.00666805,fluid
996,1.49785,0.345291,,982.348,71.2144,0,,0.426062,-0.0400498,0.42794,,-0.507468,9.80137,-0.507468,-0.00862874,fluid
997,1.66435,0.424841,,978.585,107.734,0,,0.578882,-0.0628267,0.582281,,-0.43405,9.83796,-0.43405,0.0279628,fluid
998,1.89602,0.455722,,976.12,130.709,0,,0.703983,-0.075992,0.708072,,-0.30494,9.84559,-0.30494,0.0355877,fluid
999,2.22542,0.473253,,975.478,153.763,0,,0.797287,-0.0861965,0.801933,,-0.154063,9.87739,-0.154063,0.0673902,fluid
1000,2.12223,0.425221,,975.863,195.351,0,,0.868277,-0.0630056,0.87056,,-0.416116,9.84503,-0.416116,0.0350335,fluid
1001,2.77274,0.44486,,976.75,242.003,0,,1.04163,-0.0708281,1.04404,,-0.325674,9.85675,-0.325674,0.0467517,fluid
1002,2.52857,0.423235,,976.404,213.333,0,,0.942723,-0.0613079,0.944714,,-0.297164,9.84458,-0.297164,0.0345781,fluid
1003,3.21108,0.468752,,977.787,229.148,0,,1.03182,-0.0821095,1.03508,,-0.14573,9.86613,-0.14573,0.0561305,fluid
1004,3.61893,0.491978,,977.952,267.552,0,,1.20581,-0.0969974,1.20971,,-0.232233,9.88981,-0.232233,0.0798104,fluid
1005,3.10345,0.399671,,978.538,244.91,0,,1.06607,-0.053224,1.0674,,-0.245239,9.83174,-0.245239,0.0217398,fluid
1006,3.71413,0.455996,,978.639,273.691,0,,1.23811,-0.0746015,1.24035,,-0.328144,9.85606,-0.328144,0.0460608,fluid
1007,3.9551,0.457491,,978.89,270.896,0,,1.26653,-0.075353,1.26877,,-0.234204,9.85647,-0.234204,0.0464685,fluid
1008,4.29486,0.464497,,977.391,288.093,0,,1.40688,-0.0787566,1.40908,,-0.339435,9.85915,-0.339435,0.0491482,fluid
1009,4.48467,0.467594,,975.772,278.543,0,,1.4069,-0.0805041,1.4092,,-0.301436,9.86085,-0.301436,0.0508539,fluid
1010,4.76949,0.580566,,971.985,293.545,0,,1.57819,-0.215117,1.59279,,-0.188157,10.3504,-0.188157,0.540358,fluid
1011,4.86663,0.580162,,971.078,304.758,0,,1.66101,-0.214184,1.67476,,-0.219034,10.3502,-0.219034,0.540168,fluid
1012,4.6794,0.452786,,974.126,283.425,0,,1.48216,-0.0721925,1.48392,,-0.301228,9.85039,-0.301228,0.0403916,fluid
1013,4.86929,0.459822,,972.042,301.904,0,,1.6304,-0.0762326,1.63218,,-0.276556,9.84738,-0.276556,0.0373779,fluid
1014,5.01838,0.481983,,970.91,307.284,0,,1.68266,-0.08868,1.68499,,-0.332762,9.8755,-0.332762,0.0654969,fluid
1015,5.07871,0.520801,,970.422,309.43,0,,1.70363,-0.120141,1.70786,,-0.278892,9.94116,-0.278892,0.131156,fluid
1016,5.17956,0.499279,,970.867,316.194,0,,1.75092,-0.10094,1.75382,,-0.305885,9.88951,-0.305885,0.0795138,fluid
1017,5.27247,0.482626,,971.486,315.817,0,,1.76125,-0.0887558,1.76348,,-0.35415,9.87223,-0.35415,0.0622276,fluid
1018,5.39615,0.478201,,972.094,309.44,0,,1.75304,-0.0863517,1.75517,,-0.36734,9.871,-0.36734,0.0610004,fluid
1019,5.48709,0.48437,,972.212,308.405,0,,1.76932,-0.0900191,1.77161,,-0.389489,9.88166,-0.389489,0.0716624,fluid
1020,5.46731,0.500493,,971.94,309.555,0,,1.77135,-0.101954,1.77428,,-0.367563,9.90092,-0.367563,0.0909192,fluid
1021,5.46738,0.512808,,971.785,309.586,0,,1.77227,-0.112495,1.77584,,-0.349969,9.92162,-0.349969,0.111618,fluid
1022,5.60076,0.509448,,971.663,310.546,0,,1.82142,-0.107399,1.82458,,-0.341118,9.9136,-0.341118,0.103603,fluid
1023,5.72176,0.507739,,970.819,309.208,0,,1.869,-0.106549,1.87203,,-0.245585,9.89888,-0.245585,0.0888811,fluid
1024,5.81757,0.512323,,969.521,307.777,0,,1.91118,-0.1115,1.91443,,-0.215425,9.92027,-0.215425,0.110268,fluid
1025,5.87752,0.52142,,968.487,305.527,0,,1.92866,-0.120552,1.93242,,-0.194454,9.93767,-0.194454,0.127671,fluid
1026,5.93035,0.529277,,967.58,303.479,0,,1.94109,-0.12929,1.94539,,-0.18536,9.95438,-0.18536,0.144378,fluid
1027,5.91535,0.537594,,967.739,302.623,0,,1.92808,-0.139316,1.93311,,-0.179013,9.98229,-0.179013,0.172289,fluid
1028,5.8582,0.54494,,968.558,304.141,0,,1.9098,-0.14896,1.9156,,-0.173198,10.0216,-0.173198,0.211621,fluid
1029,5.749,0.550129,,970.026,307.315,0,,1.87417,-0.155159,1.88058,,-0.178963,10.0303,-0.178963,0.220347,fluid
1030,5.59571,0.576255,,971.176,318.811,0,,1.88509,-0.200777,1.89575,,-0.315064,10.2777,-0.315064,0.467709,fluid
1031,5.47052,0.584958,,971.624,317.252,0,,1.83916,-0.222025,1.85252,,-0.41342,10.4044,-0.41342,0.594427,fluid
1032,5.30204,0.582054,,971.162,319.459,0,,1.80834,-0.216708,1.82128,,-0.365175,10.371,-0.365175,0.560997,fluid
1033,5.142,0.579781,,970.532,314.69,0,,1.75617,-0.211309,1.76884,,-0.287105,10.3311,-0.287105,0.521111,fluid
1034,4.99917,0.568243,,970.392,299.054,0,,1.64791,-0.188343,1.65864,,-0.213128,10.1846,-0.213128,0.374583,fluid
1035,5.12128,0.538595,,970.369,308,0,,1.70388,-0.140371,1.70966,,-0.234381,9.99471,-0.234381,0.184714,fluid
1036,5.19109,0.522329,,970.67,315.989,0,,1.75268,-0.121762,1.7569,,-0.280683,9.93349,-0.280683,0.123491,fluid
1037,4.87247,0.540822,,971.104,285.135,0,,1.54482,-0.144593,1.55157,,-0.149723,10.0009,-0.149723,0.190858,fluid
1038,4.71087,0.578282,,972.668,277.56,0,,1.47721,-0.209291,1.49196,,-0.144706,10.3009,-0.144706,0.490925,fluid
1039,4.76083,0.574749,,972.033,290.75,0,,1.55626,-0.201489,1.56925,,-0.173657,10.2529,-0.173657,0.442866,fluid
1040,4.51545,0.572785,,974.656,270.252,0,,1.3877,-0.197747,1.40172,,-0.174366,10.2329,-0.174366,0.422866,fluid
1041,4.12026,0.586428,,977.7,285.29,0,,1.38066,-0.230053,1.3997,,-0.3205,10.4676,-0.3205,0.657571,fluid
1042,3.79065,0.594451,,978.3,275.847,0,,1.29182,-0.253419,1.31644,,-0.262469,10.6828,-0.262469,0.872773,fluid
1043,3.57219,0.581117,,977.732,256.096,0,,1.1754,-0.216387,1.19516,,-0.134939,10.3512,-0.134939,0.541203,fluid
1044,3.46616,0.551612,,977.531,235.422,0,,1.0811,-0.159999,1.09287,,-0.0501228,10.0549,-0.0501228,0.244894,fluid
1045,3.32043,0.544856,,977.495,210.261,0,,0.983246,-0.150669,0.994723,,-0.020909,10.0308,-0.020909,0.220792,fluid
1046,3.02156,0.553761,,976.928,210.189,0,,0.978336,-0.164358,0.992046,,0.0120667,10.0785,0.0120667,0.268517,fluid
1047,2.68244,0.568766,,975.765,193.902,0,,0.923773,-0.190811,0.943273,,-0.108795,10.1957,-0.108795,0.385683,fluid
1048,2.50988,0.555106,,975.334,155.098,0,,0.816346,-0.166614,0.833175,,-0.0297777,10.083,-0.0297777,0.272971,fluid
1049,2.33946,0.53068,,975.143,147.922,0,,0.797102,-0.134458,0.808363,,0.00123138,9.98107,0.00123138,0.171072,fluid
1050,1.89282,0.54833,,975.888,28.462,0,,0.520927,-0.155872,0.543747,,0.00459436,9.95949,0.00459436,0.149489,fluid
1051,1.62153,0.542513,,978.601,-44.4286,0,,0.32757,-0.147122,0.359092,,-0.0867967,9.9323,-0.0867967,0.122297,fluid
1052,1.2943,0.547985,,984.232,-49.3708,0,,0.204108,-0.157213,0.257636,,-0.218705,9.95885,-0.218705,0.148846,fluid
1053,1.06207,0.60907,,989.305,-28.8777,0,,0.140125,-0.288582,0.320803,,-0.296172,10.2763,-0.296172,0.466293,fluid
1054,1.25807,0.632223,,985.635,79.3586,0,,0.370496,-0.392866,0.54001,,-0.441088,10.8814,-0.441088,1.0714,fluid
1055,2.22999,0.585657,,974.974,172.431,0,,0.861769,-0.226186,0.890958,,-0.226829,10.3232,-0.226829,0.513178,fluid
1056,1.51344,0.242425,,985.455,-22.7808,0,,0.314203,0.0874701,0.326151,,0.0217175,-0.437595,0.0217175,-10.2476,fluid
1057,1.91584,0.320433,,978.106,214.284,0,,0.857264,-0.0324133,0.857877,,-0.644008,8.87636,-0.644008,-0.933638,fluid
1058,1.66942,0.294603,,981.008,109.238,0,,0.539529,-0.0319919,0.540477,,-0.551552,9.7546,-0.551552,-0.0554041,fluid
1059,1.70262,0.310794,,980.117,144.028,0,,0.612161,-0.0344459,0.613129,,-0.55279,9.82203,-0.55279,0.0120336,fluid
1060,2.28932,0.288611,,978.927,188.225,0,,0.815089,-0.0312964,0.81569,,-0.392607,9.81892,-0.392607,0.00892494,fluid
1061,2.48996,0.322798,,978.185,233.566,0,,0.95962,-0.0359358,0.960292,,-0.443899,9.82269,-0.443899,0.0126881,fluid
1062,2.2395,0.338164,,977.55,219.344,0,,0.904191,-0.0389723,0.90503,,-0.501361,9.82537,-0.501361,0.0153742,fluid
1063,2.79384,0.394658,,977.47,272.293,0,,1.11802,-0.0522191,1.11924,,-0.530938,9.83441,-0.530938,0.0244072,fluid
1064,3.46264,0.444781,,978.307,274.76,0,,1.20666,-0.0696454,1.20866,,-0.292422,9.85161,-0.292422,0.0416124,fluid
1065,3.32414,0.380551,,979.333,261.417,0,,1.13269,-0.0477724,1.1337,,-0.349001,9.82721,-0.349001,0.017209,fluid
1066,3.40131,0.355676,,979.87,283.032,0,,1.21092,-0.0417664,1.21164,,-0.434062,9.82579,-0.434062,0.0157932,fluid
1067,3.91911,0.425177,,979.497,266.21,0,,1.23914,-0.0610768,1.24064,,-0.262289,9.84043,-0.262289,0.0304289,fluid
1068,4.13685,0.419571,,979.212,271.847,0,,1.29912,-0.059315,1.30047,,-0.295579,9.83618,-0.295579,0.0261773,fluid
1069,3.71474,0.365222,,980.344,276.001,0,,1.23543,-0.0434408,1.23619,,-0.475155,9.8257,-0.475155,0.0156958,fluid
1070,4.20802,0.376689,,979.891,271.092,0,,1.30405,-0.0461495,1.30486,,-0.336032,9.82718,-0.336032,0.0171818,fluid
1071,4.62137,0.428872,,975.225,279.823,0,,1.44698,-0.0617873,1.4483,,-0.352842,9.83582,-0.352842,0.0258209,fluid
1072,4.701,0.399333,,975.124,284.143,0,,1.48827,-0.0513804,1.48915,,-0.38791,9.83117,-0.38791,0.0211697,fluid
1073,4.98724,0.430778,,971.902,303.344,0,,1.65685,-0.0624676,1.65802,,-0.390621,9.84139,-0.390621,0.0313862,fluid
1074,5.2636,0.452487,,971.944,312.655,0,,1.7418,-0.0716621,1.74327,,-0.362634,9.84794,-0.362634,0.0379437,fluid
1075,5.40981,0.436175,,972.922,302.335,0,,1.71574,-0.0648509,1.71696,,-0.371485,9.84754,-0.371485,0.0375359,fluid
1076,5.41605,0.410761,,973.506,295.065,0,,1.67635,-0.0554654,1.67726,,-0.357238,9.84031,-0.357238,0.0303087,fluid
1077,5.65734,0.446737,,972.809,296.213,0,,1.75736,-0.0678594,1.75867,,-0.282472,9.85195,-0.282472,0.0419491,fluid
1078,6.18166,0.499821,,965.011,323.132,0,,2.16113,-0.100943,2.16348,,-0.316916,9.89549,-0.316916,0.0854852,fluid
1079,6.10536,0.570815,,965.055,315.632,0,,2.10277,-0.193017,2.11161,,-0.188359,10.2179,-0.188359,0.407882,fluid
1080,5.96919,0.46502,,968.204,301.409,0,,1.94652,-0.0778095,1.94808,,-0.235455,9.86026,-0.235455,0.0502557,fluid
1081,6.04412,0.443305,,967.665,302.877,0,,1.98711,-0.0672014,1.98825,,-0.311021,9.85095,-0.311021,0.040948,fluid
1082,6.45076,0.46312,,965.329,329.017,0,,2.25597,-0.076338,2.25726,,-0.480169,9.85604,-0.480169,0.0460364,fluid
1083,6.56026,0.483846,,965.036,329.619,0,,2.28889,-0.0885732,2.2906,,-0.466761,9.87172,-0.466761,0.0617183,fluid
1084,6.54747,0.505364,,964.721,330.636,0,,2.29249,-0.104573,2.29488,,-0.433736,9.8978,-0.433736,0.0877988,fluid
1085,6.5066,0.523516,,964.495,330.004,0,,2.27813,-0.121378,2.28136,,-0.379168,9.93346,-0.379168,0.123461,fluid
1086,6.66376,0.504164,,964.664,323.021,0,,2.27389,-0.104099,2.27627,,-0.325894,9.89191,-0.325894,0.081907,fluid
1087,6.71153,0.496948,,964.716,317.559,0,,2.24557,-0.0987983,2.24774,,-0.267092,9.88491,-0.267092,0.0749068,fluid
1088,6.84497,0.50035,,964.409,318.468,0,,2.27944,-0.100747,2.28166,,-0.324027,9.89731,-0.324027,0.0873053,fluid
1089,6.83061,0.513555,,964.262,318.251,0,,2.27588,-0.112419,2.27866,,-0.302879,9.92406,-0.302879,0.114062,fluid
1090,6.89018,0.526446,,964.012,319.234,0,,2.29773,-0.124786,2.30111,,-0.290312,9.94805,-0.290312,0.138053,fluid
1091,6.78951,0.539367,,964.136,316.763,0,,2.26038,-0.140989,2.26477,,-0.239427,9.99408,-0.239427,0.184076,fluid
1092,6.72238,0.551764,,964.24,315.825,0,,2.24193,-0.157577,2.24746,,-0.193484,10.0383,-0.193484,0.228324,fluid
1093,6.63791,0.560852,,964.346,317.461,0,,2.23588,-0.171273,2.24243,,-0.198216,10.0987,-0.198216,0.288654,fluid
1094,6.57165,0.567697,,964.379,319.872,0,,2.2385,-0.183327,2.24599,,-0.219046,10.1571,-0.219046,0.347106,fluid
1095,6.43412,0.565281,,964.222,314.906,0,,2.17016,-0.180887,2.17769,,-0.253073,10.1372,-0.253073,0.327207,fluid
1096,6.31656,0.56006,,964.134,317.771,0,,2.16024,-0.172138,2.16709,,-0.228536,10.1114,-0.228536,0.301443,fluid
1097,6.20801,0.559481,,964.379,316.198,0,,2.1273,-0.171361,2.13419,,-0.215854,10.1044,-0.215854,0.294397,fluid
1098,6.09135,0.564304,,965.225,306.764,0,,2.03572,-0.180449,2.0437,,-0.176122,10.1522,-0.176122,0.342188,fluid
1099,6.13677,0.567385,,964.806,314.549,0,,2.1024,-0.186216,2.11063,,-0.198935,10.1811,-0.198935,0.371081,fluid
1100,6.13703,0.566094,,964.784,317.36,0,,2.12028,-0.183621,2.12822,,-0.211499,10.1676,-0.211499,0.357553,fluid
1101,5.98102,0.562598,,966.501,309.49,0,,2.01157,-0.176882,2.01933,,-0.191568,10.1229,-0.191568,0.312865,fluid
1102,5.7041,0.568357,,970.282,317.955,0,,1.92524,-0.184348,1.93405,,-0.242729,10.1514,-0.242729,0.341407,fluid
1103,5.45224,0.571737,,971.471,320.332,0,,1.83893,-0.191785,1.8489,,-0.430569,10.1968,-0.430569,0.386758,fluid
1104,5.17219,0.567556,,970.489,323.052,0,,1.795,-0.184405,1.80445,,-0.352398,10.1595,-0.352398,0.349473,fluid
1105,4.9351,0.563021,,970.562,303.633,0,,1.65831,-0.178531,1.66789,,-0.230055,10.1232,-0.230055,0.313234,fluid
1106,4.74454,0.562728,,972.188,284.243,0,,1.5124,-0.177599,1.52279,,-0.15242,10.1256,-0.15242,0.315633,fluid
1107,4.47108,0.559275,,975.082,265.799,0,,1.35077,-0.172348,1.36172,,-0.131326,10.1031,-0.131326,0.293135,fluid
1108,4.00059,0.575932,,977.918,283.623,0,,1.34135,-0.204222,1.3568,,-0.264229,10.2661,-0.264229,0.456063,fluid
1109,3.75986,0.574858,,977.886,279.296,0,,1.28147,-0.201094,1.29715,,-0.266486,10.2528,-0.266486,0.442828,fluid
1110,3.38816,0.569238,,977.457,243.225,0,,1.10624,-0.19061,1.12254,,-0.12597,10.1995,-0.12597,0.389469,fluid
1111,2.91424,0.58002,,976.657,226.039,0,,1.02763,-0.214002,1.04967,,-0.162161,10.3216,-0.162161,0.511629,fluid
1112,2.78105,0.577614,,976.078,228.388,0,,1.02594,-0.208498,1.04692,,-0.169904,10.2893,-0.169904,0.479324,fluid
1113,2.51305,0.577323,,975.452,159.848,0,,0.834107,-0.208587,0.859792,,-0.049683,10.2755,-0.049683,0.465517,fluid
1114,2.28994,0.569602,,974.995,160.11,0,,0.832132,-0.191758,0.853941,,-0.118694,10.1772,-0.118694,0.367204,fluid
1115,1.6778,0.603275,,977.776,82.366,0,,0.573506,-0.272278,0.634858,,-0.235048,10.352,-0.235048,0.541965,fluid
1116,1.39214,0.628651,,982.753,125.793,0,,0.513,-0.388151,0.643296,,-0.492233,11.1081,-0.492233,1.29806,fluid
1117,1.72482,0.605984,,977.249,109.842,0,,0.641029,-0.283211,0.700804,,-0.315168,10.4434,-0.315168,0.633437,fluid
1118,2.02228,0.609995,,975.463,158.854,0,,0.823875,-0.304789,0.878445,,-0.275597,10.7729,-0.275597,0.962884,fluid
1119,3.12915,0.557806,,977.172,212.079,0,,0.98698,-0.169987,1.00151,,-0.00658192,10.1017,-0.00658192,0.291656,fluid
1120,2.0553,0.265693,,979.707,149.735,0,,0.706557,-0.0282673,0.707122,,-0.435567,9.75626,-0.435567,-0.0537444,fluid
1121,2.59935,0.249537,,980.351,225.574,0,,0.917202,-0.0266109,0.917588,,-0.476984,9.81517,-0.476984,0.00516572,fluid
1122,2.64236,0.285988,,979.226,278.738,0,,1.07989,-0.0307725,1.08033,,-0.629397,9.81978,-0.629397,0.00978121,fluid
1123,2.37529,0.285757,,979.06,198.237,0,,0.844962,-0.0308543,0.845525,,-0.390156,9.81772,-0.390156,0.00771881,fluid
1124,3.29242,0.240746,,982.476,252.771,0,,1.06061,-0.0255806,1.06092,,-0.439021,9.81376,-0.439021,0.00375972,fluid
1125,3.24747,0.252527,,982.086,249.196,0,,1.04798,-0.0267403,1.04832,,-0.404138,9.81496,-0.404138,0.00496089,fluid
1126,2.98645,0.274266,,980.8,261.488,0,,1.07064,-0.0292709,1.07104,,-0.466049,9.81727,-0.466049,0.00727306,fluid
1127,3.01702,0.303574,,980.139,270.579,0,,1.11203,-0.0330506,1.11252,,-0.480894,9.81896,-0.480894,0.00895706,fluid
1128,3.69801,0.2821,,982.252,271.948,0,,1.2007,-0.0297401,1.20107,,-0.576554,9.81709,-0.576554,0.00708838,fluid
1129,3.82905,0.337707,,981.318,253.764,0,,1.16479,-0.0378948,1.1654,,-0.360451,9.81901,-0.360451,0.0090091,fluid
1130,4.32816,0.340303,,980.145,271.328,0,,1.32444,-0.0380155,1.32498,,-0.396104,9.81838,-0.396104,0.00837721,fluid
1131,5.07425,0.386837,,972.763,294.278,0,,1.61839,-0.0480559,1.6191,,-0.4159,9.82403,-0.4159,0.0140337,fluid
1132,4.8538,0.364879,,974.509,287.172,0,,1.54461,-0.0430241,1.54521,,-0.318342,9.81523,-0.318342,0.00523262,fluid
1133,4.63353,0.312566,,978.363,265.091,0,,1.36347,-0.0331922,1.36387,,-0.492619,9.81392,-0.492619,0.00391765,fluid
1134,5.1629,0.320933,,974.723,260.902,0,,1.45022,-0.0351391,1.45065,,-0.248339,9.82091,-0.248339,0.0109084,fluid
1135,5.20556,0.358264,,973.798,280.296,0,,1.56001,-0.0416272,1.56056,,-0.303801,9.82329,-0.303801,0.0132937,fluid
1136,5.46307,0.365957,,974.856,277.938,0,,1.59058,-0.0432545,1.59117,,-0.335726,9.83356,-0.335726,0.0235647,fluid
1137,5.63503,0.417753,,973.693,290.507,0,,1.7129,-0.0566119,1.71384,,-0.290458,9.84097,-0.290458,0.0309676,fluid
1138,5.75252,0.400184,,973.503,284.039,0,,1.7224,-0.0510841,1.72316,,-0.241421,9.84163,-0.241421,0.0316316,fluid
1139,5.69691,0.350349,,975.682,264.243,0,,1.57449,-0.0393786,1.57498,,-0.166254,9.84019,-0.166254,0.0301882,fluid
1140,6.06917,0.389191,,969.011,293.421,0,,1.93156,-0.0481565,1.93216,,-0.328887,9.8331,-0.328887,0.0231049,fluid
1141,6.56312,0.407969,,966.584,315.254,0,,2.19167,-0.0535042,2.19233,,-0.424789,9.82557,-0.424789,0.0155721,fluid
1142,6.51727,0.433377,,965.985,324.591,0,,2.24177,-0.0624018,2.24264,,-0.497197,9.83453,-0.497197,0.024533,fluid
1143,6.73556,0.457789,,965.354,314.6,0,,2.22727,-0.074408,2.22851,,-0.293669,9.85212,-0.293669,0.0421214,fluid
1144,6.71558,0.429279,,966.011,309.669,0,,2.18824,-0.0617587,2.18911,,-0.264393,9.84029,-0.264393,0.0302929,fluid
1145,6.77524,0.410399,,966.433,306.096,0,,2.17225,-0.0550996,2.17295,,-0.273925,9.83207,-0.273925,0.0220717,fluid
1146,7.23922,0.434156,,966.462,320.269,0,,2.41577,-0.0621397,2.41657,,-0.469868,9.84042,-0.469868,0.0304249,fluid
1147,7.1376,0.455881,,965.651,321.864,0,,2.3862,-0.0722527,2.3873,,-0.424179,9.84277,-0.424179,0.0327727,fluid
1148,7.04679,0.474937,,964.966,323.408,0,,2.36061,-0.0826536,2.36206,,-0.365581,9.85878,-0.365581,0.0487751,fluid
1149,7.48988,0.482111,,965.028,328.136,0,,2.62716,-0.0857884,2.62856,,-0.413782,9.86458,-0.413782,0.0545808,fluid
1150,7.34908,0.511173,,964.913,335.193,0,,2.59186,-0.107944,2.5941,,-0.436917,9.91455,-0.436917,0.104552,fluid
1151,7.69147,0.479642,,963.353,312.055,0,,2.63,-0.0867145,2.63143,,-0.232862,9.8631,-0.232862,0.0531017,fluid
1152,7.75762,0.490197,,962.433,313.114,0,,2.6627,-0.0942479,2.66436,,-0.237706,9.88135,-0.237706,0.0713486,fluid
1153,7.92587,0.50846,,960.779,323.165,0,,2.77005,-0.107899,2.77215,,-0.262836,9.90797,-0.262836,0.0979743,fluid
1154,7.7907,0.518173,,961.724,314.768,0,,2.68618,-0.117927,2.68877,,-0.21318,9.93621,-0.21318,0.126206,fluid
1155,7.69183,0.549692,,962.556,310.163,0,,2.61066,-0.155264,2.61527,,-0.147142,10.0157,-0.147142,0.20575,fluid
1156,7.61735,0.543194,,963.283,312.794,0,,2.58964,-0.144846,2.59369,,-0.167276,9.99022,-0.167276,0.180222,fluid
1157,7.5563,0.541578,,963.767,318.623,0,,2.5983,-0.141775,2.60217,,-0.214176,9.9863,-0.214176,0.176295,fluid
1158,7.45643,0.543307,,964.305,325.902,0,,2.59103,-0.143463,2.595,,-0.286073,9.99552,-0.286073,0.18552,fluid
1159,7.33204,0.551353,,964.464,329.521,0,,2.54361,-0.155155,2.54834,,-0.320976,10.0477,-0.320976,0.237722,fluid
1160,7.19343,0.557983,,964.177,331.468,0,,2.48945,-0.165905,2.49497,,-0.320707,10.0798,-0.320707,0.269815,fluid
1161,7.15461,0.564647,,964.041,334.041,0,,2.49346,-0.177479,2.49977,,-0.324704,10.1347,-0.324704,0.324699,fluid
1162,7.12168,0.565113,,963.918,336.581,0,,2.49804,-0.178305,2.5044,,-0.328852,10.1408,-0.328852,0.330752,fluid
1163,7.06485,0.563956,,963.72,337.727,0,,2.48519,-0.175983,2.49141,,-0.317856,10.1248,-0.317856,0.314767,fluid
1164,6.94859,0.564014,,963.589,332.212,0,,2.41518,-0.176729,2.42163,,-0.311441,10.1281,-0.311441,0.318131,fluid
1165,6.78078,0.565953,,964.05,321.66,0,,2.30307,-0.181466,2.31021,,-0.258488,10.1466,-0.258488,0.336639,fluid
1166,6.62967,0.563431,,964.339,321.241,0,,2.2608,-0.175552,2.26761,,-0.239546,10.1188,-0.239546,0.308805,fluid
1167,6.42718,0.557679,,964.21,320.386,0,,2.2009,-0.167263,2.20724,,-0.280258,10.0778,-0.280258,0.267794,fluid
1168,6.24377,0.556309,,964.242,322.288,0,,2.17303,-0.165736,2.17934,,-0.248999,10.0806,-0.248999,0.270611,fluid
1169,6.01011,0.555753,,966.197,303.666,0,,1.9815,-0.165472,1.9884,,-0.172462,10.0752,-0.172462,0.265249,fluid
1170,5.80005,0.553273,,969.363,305.311,0,,1.88827,-0.160842,1.89511,,-0.165563,10.0563,-0.165563,0.246308,fluid
1171,5.57309,0.56096,,971.299,314.182,0,,1.83999,-0.171487,1.84797,,-0.31485,10.1206,-0.31485,0.310621,fluid
1172,5.36045,0.559473,,971.215,323.13,0,,1.82541,-0.169766,1.83329,,-0.419413,10.1,-0.419413,0.290032,fluid
1173,5.08783,0.559743,,970.269,318.287,0,,1.75611,-0.171143,1.76443,,-0.29247,10.1118,-0.29247,0.301827,fluid
1174,4.58257,0.558457,,973.977,263.832,0,,1.36579,-0.170454,1.37638,,-0.134263,10.1026,-0.134263,0.292608,fluid
1175,4.22438,0.56198,,976.981,282.086,0,,1.37469,-0.176906,1.38602,,-0.22737,10.1254,-0.22737,0.315419,fluid
1176,3.88912,0.570932,,977.939,287.76,0,,1.33437,-0.19214,1.34813,,-0.285151,10.2048,-0.285151,0.394757,fluid
1177,3.34005,0.570406,,977.444,238.208,0,,1.08535,-0.193273,1.10242,,-0.111432,10.2154,-0.111432,0.405354,fluid
1178,2.715,0.610665,,976.539,236.715,0,,1.06991,-0.314043,1.11505,,-0.415146,11.1435,-0.415146,1.3335,fluid
1179,2.29617,0.595672,,975.113,197.788,0,,0.929172,-0.254425,0.963376,,-0.310665,10.5217,-0.310665,0.711724,fluid
1180,2.06991,0.614723,,975.471,183.866,0,,0.888998,-0.326547,0.947074,,-0.394046,11.0073,-0.394046,1.1973,fluid
1181,2.63663,0.577279,,975.615,201.032,0,,0.943357,-0.208591,0.966143,,-0.136925,10.2846,-0.136925,0.474597,fluid
1182,2.94299,0.569147,,976.701,218.472,0,,1.0034,-0.190988,1.02142,,-0.0709512,10.1918,-0.0709512,0.38183,fluid
1183,4.11753,0.54715,,977.611,266.339,0,,1.28239,-0.153592,1.29155,,-0.144876,10.041,-0.144876,0.231014,fluid
1184,2.83335,0.234572,,981.449,249.698,0,,1.00157,-0.0253088,1.00189,,-0.499104,9.81402,-0.499104,0.00402091,fluid
1185,3.51427,0.197348,,984.202,254.587,0,,1.08279,-0.0220962,1.08301,,-0.540395,9.81245,-0.540395,0.00244716,fluid
1186,3.46384,0.205542,,983.817,259.68,0,,1.09542,-0.022673,1.09565,,-0.562586,9.81405,-0.562586,0.00404751,fluid
1187,3.36704,0.226597,,982.988,263.001,0,,1.09975,-0.0243655,1.10002,,-0.523621,9.81148,-0.523621,0.00148237,fluid
1188,4.39546,0.127655,,986.84,199.154,0,,0.96182,-0.0123347,0.961899,,-0.63935,9.82891,-0.63935,0.0189069,fluid
1189,4.2477,0.158919,,986.347,201.015,0,,0.957854,-0.0162909,0.957992,,-0.583206,9.8198,-0.583206,0.00980393,fluid
1190,4.13343,0.177329,,986,197.136,0,,0.933795,-0.0191303,0.933991,,-0.410191,9.81713,-0.410191,0.00713476,fluid
1191,4.05892,0.198541,,985.422,201.003,0,,0.949381,-0.0213559,0.949621,,-0.280685,9.81477,-0.280685,0.00477296,fluid
1192,3.93494,0.223524,,984.622,209.262,0,,0.979437,-0.0240749,0.979733,,-0.229704,9.8167,-0.229704,0.00669686,fluid
1193,3.93277,0.268133,,983.34,226.099,0,,1.05642,-0.0283636,1.0568,,-0.269309,9.81721,-0.269309,0.00721233,fluid
1194,4.809,0.277911,,978.015,248.648,0,,1.31938,-0.0285718,1.31969,,-0.286318,9.81295,-0.286318,0.0029536,fluid
1195,5.35506,0.313584,,975.796,256.008,0,,1.45187,-0.0340989,1.45227,,-0.184858,9.81938,-0.184858,0.00938297,fluid
1196,5.16038,0.276114,,976.21,233.107,0,,1.30102,-0.0293553,1.30136,,-0.173252,9.81842,-0.173252,0.00841824,fluid
1197,5.35765,0.25812,,977.622,227.209,0,,1.29618,-0.0272298,1.29647,,-0.161753,9.82051,-0.161753,0.010507,fluid
1198,6.34357,0.291016,,970.496,257.22,0,,1.74655,-0.0302008,1.74681,,-0.141656,9.81247,-0.141656,0.00247474,fluid
1199,5.85153,0.298153,,976.266,251.624,0,,1.54647,-0.0300584,1.54676,,-0.195339,9.84056,-0.195339,0.0305611,fluid
1200,6.2007,0.32506,,969.879,288.808,0,,1.92556,-0.0343223,1.92587,,-0.471913,9.8284,-0.471913,0.0183999,fluid
1201,6.51851,0.37042,,967.531,303.261,0,,2.09966,-0.0435745,2.10012,,-0.411251,9.81879,-0.411251,0.00878641,fluid
1202,6.65647,0.367687,,967.712,291.914,0,,2.05014,-0.0436876,2.0506,,-0.14279,9.82517,-0.14279,0.015167,fluid
1203,6.76156,0.321416,,969.318,275.419,0,,1.95093,-0.0352541,1.95125,,-0.0889024,9.8191,-0.0889024,0.00909983,fluid
1204,7.29193,0.351272,,969.01,287.733,0,,2.19405,-0.0393909,2.1944,,-0.418848,9.81639,-0.418848,0.0063896,fluid
1205,7.08466,0.360366,,968.399,294.868,0,,2.16123,-0.0413613,2.16163,,-0.343182,9.81623,-0.343182,0.00623006,fluid
1206,6.90914,0.382608,,967.36,297.995,0,,2.13441,-0.0467407,2.13492,,-0.26581,9.82967,-0.26581,0.0196704,fluid
1207,7.36227,0.420458,,966.941,316.482,0,,2.45192,-0.0565997,2.45257,,-0.522042,9.83026,-0.522042,0.0202556,fluid
1208,7.44942,0.396791,,967.524,304.197,0,,2.40166,-0.0492211,2.40216,,-0.44662,9.83408,-0.44662,0.0240843,fluid
1209,7.73918,0.384783,,965.448,291.672,0,,2.47351,-0.0477098,2.47397,,-0.144204,9.82857,-0.144204,0.0185677,fluid
1210,8.48075,0.426648,,964.171,325.923,0,,2.79562,-0.0594561,2.79626,,-0.418479,9.8406,-0.418479,0.0306027,fluid
1211,8.16314,0.418108,,962.779,325.423,0,,2.76304,-0.0570732,2.76363,,-0.398197,9.83824,-0.398197,0.0282396,fluid
1212,7.69423,0.420342,,964.847,299.719,0,,2.52619,-0.0584872,2.52686,,-0.150912,9.83762,-0.150912,0.0276213,fluid
1213,7.90962,0.464434,,961.58,317.109,0,,2.71758,-0.0774318,2.71869,,-0.289619,9.85911,-0.289619,0.0491093,fluid
1214,8.38577,0.441872,,963.375,331.06,0,,2.82704,-0.0660144,2.82781,,-0.477029,9.83441,-0.477029,0.0244087,fluid
1215,8.10666,0.455939,,961.686,328.106,0,,2.78909,-0.0727103,2.79004,,-0.358877,9.83457,-0.358877,0.0245709,fluid
1216,8.72188,0.481018,,963.953,338.068,0,,2.96778,-0.0860799,2.96903,,-0.370412,9.86147,-0.370412,0.0514692,fluid
1217,8.75149,0.499334,,963.805,340.659,0,,2.99557,-0.0990918,2.99721,,-0.373587,9.88115,-0.373587,0.0711547,fluid
1218,8.18218,0.489358,,961.421,333.026,0,,2.82973,-0.0925262,2.83124,,-0.360604,9.87795,-0.360604,0.0679491,fluid
1219,8.51412,0.50043,,962.833,338.291,0,,2.91587,-0.0995601,2.91757,,-0.378655,9.89012,-0.378655,0.0801247,fluid
1220,8.28816,0.508551,,961.712,334.452,0,,2.84409,-0.107597,2.84612,,-0.350323,9.90557,-0.350323,0.0955727,fluid
1221,8.04917,0.524096,,960.562,324.349,0,,2.76825,-0.122952,2.77098,,-0.249377,9.94194,-0.249377,0.131943,fluid
1222,8.45988,0.538871,,962.22,331.834,0,,2.85495,-0.138692,2.85831,,-0.297789,9.98484,-0.297789,0.17484,fluid
1223,8.32609,0.557731,,961.575,329.084,0,,2.81635,-0.166734,2.82128,,-0.246792,10.088,-0.246792,0.278,fluid
1224,8.5647,0.565794,,962.511,339.894,0,,2.96127,-0.179235,2.96669,,-0.273903,10.1404,-0.273903,0.33045,fluid
1225,8.4606,0.56692,,962.184,334.309,0,,2.88856,-0.181389,2.89425,,-0.295167,10.1462,-0.295167,0.33621,fluid
1226,8.2604,0.56519,,961.268,330.213,0,,2.82523,-0.17965,2.83094,,-0.248676,10.1382,-0.248676,0.328238,fluid
1227,8.057,0.570363,,960.481,325.807,0,,2.79903,-0.190245,2.80548,,-0.257236,10.1968,-0.257236,0.386834,fluid
1228,7.9695,0.570905,,960.466,323.754,0,,2.79201,-0.192046,2.79861,,-0.246221,10.2063,-0.246221,0.396253,fluid
1229,7.89009,0.571679,,960.786,320.259,0,,2.76478,-0.194047,2.77158,,-0.231345,10.2281,-0.231345,0.418069,fluid
1230,7.82066,0.570841,,961.287,317.237,0,,2.73072,-0.193007,2.73753,,-0.193752,10.2178,-0.193752,0.407847,fluid
1231,7.74127,0.567565,,961.989,316.169,0,,2.69429,-0.185595,2.70067,,-0.189852,10.1533,-0.189852,0.343288,fluid
1232,7.64035,0.560547,,962.906,321.861,0,,2.68745,-0.170703,2.69286,,-0.242021,10.0799,-0.242021,0.269891,fluid
1233,7.41384,0.554844,,964.375,333.827,0,,2.62902,-0.159659,2.63386,,-0.36599,10.0581,-0.36599,0.248076,fluid
1234,7.21131,0.553022,,964.242,339.516,0,,2.55415,-0.157318,2.55899,,-0.371485,10.0484,-0.371485,0.238402,fluid
1235,6.97511,0.555905,,963.607,332.625,0,,2.4201,-0.162794,2.42557,,-0.315358,10.0658,-0.315358,0.255834,fluid
1236,6.73857,0.556426,,964.174,318.647,0,,2.26705,-0.164883,2.27303,,-0.228846,10.0666,-0.228846,0.256618,fluid
1237,6.51788,0.549775,,964.333,323.821,0,,2.24399,-0.153843,2.24926,,-0.280071,10.0313,-0.280071,0.221341,fluid
1238,6.22605,0.546605,,964.323,321.796,0,,2.16392,-0.150919,2.16918,,-0.25011,10.0239,-0.25011,0.213861,fluid
1239,5.71814,0.548437,,970.411,306.21,0,,1.85106,-0.152134,1.8573,,-0.196476,10.0195,-0.196476,0.209468,fluid
1240,5.39225,0.546626,,971.346,313.244,0,,1.77693,-0.150649,1.78331,,-0.320797,10.0257,-0.320797,0.215665,fluid
1241,4.80941,0.544093,,971.607,285.316,0,,1.53097,-0.148807,1.53819,,-0.150682,10.0172,-0.150682,0.207187,fluid
1242,4.15763,0.54991,,977.412,271.579,0,,1.3126,-0.157461,1.32201,,-0.171901,10.0492,-0.171901,0.239209,fluid
1243,3.60909,0.551572,,977.595,257.526,0,,1.17418,-0.160006,1.18503,,-0.154635,10.0642,-0.154635,0.254181,fluid
1244,3.0029,0.568977,,976.884,218.586,0,,1.00632,-0.190755,1.02424,,-0.0763512,10.192,-0.0763512,0.382022,fluid
1245,3.34209,0.555695,,977.465,222.809,0,,1.029,-0.16679,1.04243,,-0.0752065,10.0935,-0.0752065,0.283483,fluid
1246,3.83872,0.553069,,978.008,255.568,0,,1.19596,-0.161786,1.20685,,-0.091323,10.0701,-0.091323,0.260107,fluid
1247,5.22602,0.547466,,970.675,309.706,0,,1.72828,-0.152498,1.73499,,-0.220303,10.024,-0.220303,0.214038,fluid
1248,3.65901,0.18133,,985.087,247.676,0,,1.07547,-0.0211448,1.07568,,-0.607935,9.81545,-0.607935,0.00545459,fluid
1249,4.2686,0.130433,,987.197,193.168,0,,0.918903,-0.0133946,0.919,,-0.696469,9.8215,-0.696469,0.0114986,fluid
1250,4.65343,0.109047,,986.233,175.529,0,,0.891488,-0.0111964,0.891558,,-0.0686185,9.84234,-0.0686185,0.0323427,fluid
1251,4.48661,0.0870132,,987.829,187.9,0,,0.916201,-0.00767477,0.916233,,-0.518268,9.83898,-0.518268,0.0289797,fluid
1252,5.81162,0.097298,,985.031,170.547,0,,1.01769,-0.000371934,1.01769,,-0.85974,9.87721,-0.85974,0.0672107,fluid
1253,5.78977,0.117682,,984.216,181.069,0,,1.07918,-0.00400263,1.07918,,-0.855986,9.87181,-0.855986,0.0618089,fluid
1254,5.68934,0.136978,,983.494,179.862,0,,1.06438,-0.00896839,1.06442,,-1.03384,9.86331,-1.03384,0.0533126,fluid
1255,5.73612,0.16082,,982.594,196.857,0,,1.16868,-0.0113277,1.16873,,-0.716338,9.86244,-0.716338,0.0524354,fluid
1256,5.31211,0.173462,,980.779,162.241,0,,0.936918,-0.0203106,0.937138,,-0.223773,9.81937,-0.223773,0.00936899,fluid
1257,4.863,0.201277,,980.953,196.719,0,,1.04805,-0.0215661,1.04828,,-0.0602901,9.81979,-0.0602901,0.00978663,fluid
1258,5.73232,0.212428,,980.642,215.473,0,,1.28138,-0.0186052,1.28152,,-0.395883,9.85268,-0.395883,0.0426847,fluid
1259,5.74701,0.246496,,979.299,227.611,0,,1.3602,-0.0231989,1.36039,,-0.252604,9.84786,-0.252604,0.0378642,fluid
1260,6.6249,0.262767,,971.447,242.729,0,,1.70374,-0.0280223,1.70397,,-0.0964014,9.8119,-0.0964014,0.00189735,fluid
1261,6.67972,0.232047,,972.97,229.585,0,,1.61739,-0.0251068,1.61758,,-0.0707364,9.81956,-0.0707364,0.00956411,fluid
1262,7.21786,0.254149,,972.516,236.344,0,,1.76817,-0.0266309,1.76837,,-0.0825269,9.81707,-0.0825269,0.00707441,fluid
1263,7.06264,0.271737,,971.776,251.441,0,,1.82688,-0.028533,1.8271,,-0.0516102,9.81249,-0.0516102,0.00248515,fluid
1264,7.03312,0.292618,,970.897,266.182,0,,1.92939,-0.0307649,1.92964,,-0.150324,9.81437,-0.150324,0.004369,fluid
1265,7.27297,0.32749,,969.791,276.044,0,,2.09645,-0.035381,2.09675,,-0.339538,9.81673,-0.339538,0.00673032,fluid
1266,7.4177,0.30473,,970.827,257.877,0,,2.01353,-0.0322069,2.01378,,-0.274351,9.82456,-0.274351,0.0145621,fluid
1267,8.26349,0.312086,,966.5,287.822,0,,2.45102,-0.0333346,2.45125,,-0.14859,9.81659,-0.14859,0.00658654,fluid
1268,8.59452,0.327747,,967.606,292.781,0,,2.53252,-0.0356507,2.53277,,-0.131903,9.81292,-0.131903,0.00291969,fluid
1269,8.5282,0.35144,,966.478,301.887,0,,2.59845,-0.0396822,2.59876,,-0.226217,9.82057,-0.226217,0.0105745,fluid
1270,7.95189,0.334112,,965.341,295.114,0,,2.50329,-0.0363206,2.50355,,-0.368163,9.82436,-0.368163,0.0143627,fluid
1271,7.79015,0.360467,,965.666,288.785,0,,2.46016,-0.0418656,2.46052,,-0.19562,9.8214,-0.19562,0.0114011,fluid
1272,8.28439,0.383678,,964.293,319.522,0,,2.71608,-0.04667,2.71648,,-0.355014,9.81974,-0.355014,0.00973833,fluid
1273,8.75517,0.35884,,967.289,303.228,0,,2.67838,-0.0410906,2.6787,,-0.174795,9.81732,-0.174795,0.00732248,fluid
1274,9.49844,0.412717,,966.985,308.598,0,,3.05757,-0.0543799,3.05805,,-0.164522,9.82275,-0.164522,0.0127456,fluid
1275,9.27526,0.409099,,969.134,317.68,0,,2.94913,-0.0527069,2.9496,,-0.385589,9.83064,-0.385589,0.0206354,fluid
1276,8.51554,0.369696,,965.86,308.146,0,,2.64961,-0.0433764,2.64996,,-0.263016,9.82432,-0.263016,0.0143159,fluid
1277,8.60413,0.407089,,965.192,319.156,0,,2.77203,-0.0531519,2.77254,,-0.289084,9.82172,-0.289084,0.0117203,fluid
1278,8.83808,0.403022,,966.475,320.84,0,,2.84691,-0.0520003,2.84739,,-0.401698,9.82326,-0.401698,0.0132645,fluid
1279,9.09032,0.413919,,968.246,325.016,0,,2.92695,-0.0548604,2.92747,,-0.444443,9.82772,-0.444443,0.0177159,fluid
1280,9.12169,0.438528,,967.831,330.877,0,,2.99059,-0.0636084,2.99127,,-0.460525,9.83548,-0.460525,0.0254807,fluid
1281,9.72539,0.483296,,961.188,320.338,0,,3.3217,-0.0891005,3.32289,,-0.202623,9.87291,-0.202623,0.0629135,fluid
1282,8.85757,0.443857,,965.586,333.647,0,,2.95943,-0.0665542,2.96018,,-0.438792,9.83674,-0.438792,0.0267356,fluid
1283,9.58502,0.477702,,963.548,316.753,0,,3.23875,-0.0845007,3.23985,,-0.223379,9.85314,-0.223379,0.0431356,fluid
1284,8.93912,0.48294,,965.396,346.323,0,,3.07812,-0.0873833,3.07936,,-0.436264,9.86887,-0.436264,0.0588657,fluid
1285,9.38102,0.479527,,966.589,327.465,0,,3.15226,-0.0837457,3.15337,,-0.34265,9.85292,-0.34265,0.0429178,fluid
1286,9.04462,0.489513,,966.171,346.323,0,,3.09643,-0.0912147,3.09777,,-0.500345,9.88614,-0.500345,0.0761396,fluid
1287,9.14266,0.492231,,966.772,341.012,0,,3.09286,-0.092447,3.09424,,-0.451219,9.87731,-0.451219,0.0673098,fluid
1288,9.30693,0.51917,,966.427,333.408,0,,3.13523,-0.115243,3.13735,,-0.334698,9.92629,-0.334698,0.116293,fluid
1289,9.29979,0.540754,,966.201,336.284,0,,3.16171,-0.139263,3.16477,,-0.325521,9.98751,-0.325521,0.17751,fluid
1290,9.31801,0.564677,,965.976,338.899,0,,3.21678,-0.175228,3.22155,,-0.344438,10.1214,-0.344438,0.311387,fluid
1291,9.13583,0.568216,,965.992,351.343,0,,3.19709,-0.181183,3.20222,,-0.433139,10.1657,-0.433139,0.355674,fluid
1292,8.84019,0.536109,,963.955,343.344,0,,3.03917,-0.135227,3.04217,,-0.330377,9.98186,-0.330377,0.17186,fluid
1293,8.88439,0.563512,,964.168,351.045,0,,3.1207,-0.174751,3.12559,,-0.37221,10.1244,-0.37221,0.31445,fluid
1294,8.85323,0.566804,,963.959,349.461,0,,3.10467,-0.181052,3.10995,,-0.348855,10.1551,-0.348855,0.345131,fluid
1295,8.98949,0.565347,,964.959,358.956,0,,3.20749,-0.177015,3.21237,,-0.535381,10.126,-0.535381,0.316046,fluid
1296,8.95699,0.56091,,964.687,358.946,0,,3.19822,-0.169376,3.2027,,-0.504963,10.092,-0.504963,0.281999,fluid
1297,8.79768,0.554262,,963.569,348.857,0,,3.0835,-0.159769,3.08763,,-0.353064,10.0518,-0.353064,0.241848,fluid
1298,8.63446,0.545337,,962.767,342.178,0,,2.98938,-0.147017,2.99299,,-0.320968,10.0059,-0.320968,0.195908,fluid
1299,8.36706,0.538612,,961.822,329.726,0,,2.82046,-0.139082,2.82389,,-0.283779,9.99161,-0.283779,0.181606,fluid
1300,8.19636,0.540464,,960.973,327.645,0,,2.79278,-0.141818,2.79638,,-0.237262,9.98926,-0.237262,0.179257,fluid
1301,8.05322,0.540459,,960.444,326.544,0,,2.78943,-0.142002,2.79304,,-0.259642,9.9964,-0.259642,0.186403,fluid
1302,7.84135,0.537911,,961.136,316.079,0,,2.70935,-0.139827,2.71295,,-0.210939,10.0004,-0.210939,0.190352,fluid
1303,7.44487,0.54032,,964.362,330.242,0,,2.61773,-0.139263,2.62144,,-0.335713,9.98345,-0.335713,0.173452,fluid
1304,6.94901,0.541422,,963.793,323.484,0,,2.34385,-0.142411,2.34817,,-0.284492,9.99374,-0.284492,0.183736,fluid
1305,6.48684,0.534102,,964.353,313.881,0,,2.16804,-0.134009,2.17217,,-0.234337,9.96686,-0.234337,0.156856,fluid
1306,5.52122,0.538294,,971.62,299.942,0,,1.73604,-0.13957,1.74164,,-0.196109,9.99509,-0.196109,0.185089,fluid
1307,4.68805,0.542089,,973.001,259.001,0,,1.36356,-0.145285,1.37128,,-0.0934132,9.99851,-0.0934132,0.188508,fluid
1308,4.19383,0.546706,,977.295,266.224,0,,1.2957,-0.152972,1.3047,,-0.130826,10.0288,-0.130826,0.218814,fluid
1309,4.27875,0.54645,,976.838,262.336,0,,1.29437,-0.152659,1.30334,,-0.0948826,10.0333,-0.0948826,0.223273,fluid
1310,5.07283,0.545012,,970.299,298.111,0,,1.64717,-0.149243,1.65392,,-0.204418,10.0262,-0.204418,0.21622,fluid
1311,6.25994,0.538766,,964.283,314.333,0,,2.12144,-0.140524,2.12609,,-0.208158,9.99008,-0.208158,0.18008,fluid
1312,4.505,0.119931,,986.597,191.435,0,,0.942669,-0.0111886,0.942736,,-0.420311,9.83198,-0.420311,0.0219779,fluid
1313,4.87509,0.146144,,983.438,171.079,0,,0.908331,-0.0171997,0.908494,,0.0425989,9.82733,0.0425989,0.0173303,fluid
1314,6.08051,0.14062,,981.154,198.519,0,,1.25056,-0.00805586,1.25059,,0.28442,9.86751,0.28442,0.057508,fluid
1315,5.95951,0.109507,,983.771,188.934,0,,1.1574,-0.00153171,1.1574,,0.00237022,9.88677,0.00237022,0.0767737,fluid
1316,7.64571,0.156517,,977.59,202.141,0,,1.62212,-0.0179648,1.62222,,-0.203819,9.84371,-0.203819,0.0337118,fluid
1317,7.63385,0.137225,,978.606,197.534,0,,1.57954,-0.0165642,1.57963,,-0.280082,9.84677,-0.280082,0.0367741,fluid
1318,7.55929,0.125815,,979.144,198.2,0,,1.56693,-0.0154527,1.56701,,-0.445796,9.83758,-0.445796,0.0275815,fluid
1319,7.55042,0.145329,,978.139,206.44,0,,1.63221,-0.0168121,1.6323,,-0.402459,9.83287,-0.402459,0.0228658,fluid
1320,7.13427,0.157318,,977.101,198.389,0,,1.44119,-0.0199047,1.44133,,-0.22601,9.81786,-0.22601,0.0078597,fluid
1321,6.51781,0.169453,,976.024,176.028,0,,1.22858,-0.0193356,1.22873,,0.101114,9.83386,0.101114,0.0238616,fluid
1322,7.01889,0.185317,,975.829,204.292,0,,1.45857,-0.0216885,1.45873,,0.00850535,9.81176,0.00850535,0.00176138,fluid
1323,6.73442,0.207172,,974.424,213.663,0,,1.51275,-0.0232628,1.51293,,0.0103756,9.81689,0.0103756,0.0068941,fluid
1324,7.61624,0.237877,,973.396,240.414,0,,1.93907,-0.0244036,1.93923,,-0.206896,9.81236,-0.206896,0.00235645,fluid
1325,8.13601,0.225803,,970.776,221.544,0,,1.86133,-0.0247071,1.86149,,0.103189,9.81886,0.103189,0.00885734,fluid
1326,8.68588,0.235568,,971.837,251.843,0,,2.20123,-0.0251387,2.20137,,-0.0120471,9.818,-0.0120471,0.00799576,fluid
1327,9.22107,0.270376,,973.824,269.402,0,,2.47236,-0.0277925,2.47252,,-0.274467,9.82175,-0.274467,0.0117487,fluid
1328,8.30955,0.258356,,968.83,251.203,0,,2.13857,-0.0274296,2.13875,,0.047684,9.81195,0.047684,0.00195074,fluid
1329,8.38763,0.296606,,967.57,277.696,0,,2.36459,-0.0316224,2.3648,,-0.031897,9.81735,-0.031897,0.00734714,fluid
1330,8.97346,0.273908,,971.832,273.049,0,,2.46184,-0.0287755,2.46201,,-0.153702,9.8196,-0.153702,0.00959521,fluid
1331,8.58429,0.288894,,968.983,275.842,0,,2.38293,-0.0304928,2.38312,,-0.101204,9.81094,-0.101204,0.000942403,fluid
1332,10.4045,0.303352,,970.297,295.684,0,,2.98973,-0.0325437,2.98991,,-0.028981,9.82587,-0.028981,0.0158652,fluid
1333,10.2833,0.310251,,969.52,302.255,0,,3.0625,-0.0328133,3.06268,,-0.210056,9.81311,-0.210056,0.00311391,fluid
1334,9.17954,0.30445,,972.358,283.888,0,,2.58844,-0.032132,2.58864,,-0.333213,9.82649,-0.333213,0.0164879,fluid
1335,8.94935,0.315973,,970.082,288.447,0,,2.58795,-0.0341308,2.58818,,-0.178154,9.82475,-0.178154,0.014749,fluid
1336,8.93239,0.349556,,968.82,300.572,0,,2.68774,-0.0397079,2.68803,,-0.225369,9.82958,-0.225369,0.0195822,fluid
1337,9.82395,0.331975,,964.984,297.052,0,,3.03993,-0.0359936,3.04014,,-0.220684,9.81318,-0.220684,0.00318381,fluid
1338,10.7236,0.385112,,969.591,327.059,0,,3.36359,-0.0469302,3.36392,,-0.347097,9.82943,-0.347097,0.0194322,fluid
1339,10.5093,0.375989,,968.704,325.776,0,,3.31952,-0.0442868,3.31982,,-0.291003,9.82318,-0.291003,0.0131778,fluid
1340,9.65463,0.349494,,966.523,290.403,0,,2.95677,-0.0393933,2.95703,,-0.0557196,9.82134,-0.0557196,0.011341,fluid
1341,9.27861,0.357616,,970.816,301.536,0,,2.79594,-0.0401415,2.79623,,-0.3615,9.82164,-0.3615,0.0116415,fluid
1342,9.98698,0.378904,,963.963,326.249,0,,3.25169,-0.045335,3.25201,,-0.377497,9.82988,-0.377497,0.0198796,fluid
1343,10.5575,0.41236,,968.009,333.895,0,,3.40933,-0.0543452,3.40976,,-0.385853,9.82394,-0.385853,0.0139416,fluid
1344,10.8474,0.454365,,968.66,342.471,0,,3.56586,-0.0700521,3.56655,,-0.57297,9.84254,-0.57297,0.0325437,fluid
1345,9.72755,0.389618,,963.688,302.481,0,,3.12662,-0.0484392,3.127,,-0.183433,9.83262,-0.183433,0.0226173,fluid
1346,10.8004,0.474217,,968.008,348.472,0,,3.60237,-0.0808766,3.60328,,-0.58078,9.86645,-0.58078,0.0564516,fluid
1347,9.74815,0.423448,,962.36,311.136,0,,3.21761,-0.0590787,3.21815,,-0.222667,9.83896,-0.222667,0.0289591,fluid
1348,10.2974,0.42183,,966.772,338.371,0,,3.40944,-0.057702,3.40992,,-0.342077,9.82409,-0.342077,0.0140928,fluid
1349,10.5588,0.445001,,967.322,341.151,0,,3.48362,-0.0667293,3.48426,,-0.458909,9.83724,-0.458909,0.0272376,fluid
1350,9.80372,0.460395,,961.005,323.885,0,,3.33004,-0.0753267,3.33089,,-0.257465,9.85284,-0.257465,0.0428358,fluid
1351,10.1998,0.46392,,965.055,345.287,0,,3.44071,-0.0759701,3.44155,,-0.344877,9.85147,-0.344877,0.0414729,fluid
1352,10.7046,0.494765,,967.108,353.36,0,,3.63334,-0.0949615,3.63458,,-0.52368,9.88166,-0.52368,0.0716625,fluid
1353,10.4046,0.493035,,965.944,343.784,0,,3.49823,-0.0944032,3.4995,,-0.369945,9.87692,-0.369945,0.0669244,fluid
1354,10.4343,0.530309,,965.645,343.289,0,,3.49597,-0.128623,3.49834,,-0.304883,9.95226,-0.304883,0.142256,fluid
1355,10.1309,0.522084,,963.412,349.399,0,,3.46519,-0.119368,3.46725,,-0.312321,9.93101,-0.312321,0.12101,fluid
1356,10.0001,0.50769,,961.583,353.567,0,,3.4969,-0.106918,3.49854,,-0.389912,9.90861,-0.389912,0.0986101,fluid
1357,9.78491,0.510057,,960.346,326.029,0,,3.36003,-0.110014,3.36183,,-0.205509,9.9156,-0.205509,0.105597,fluid
1358,9.73768,0.54893,,960.448,323.626,0,,3.35585,-0.154668,3.35942,,-0.164074,10.0284,-0.164074,0.218379,fluid
1359,9.89527,0.564929,,960.233,346.585,0,,3.51213,-0.181092,3.5168,,-0.337871,10.1606,-0.337871,0.350591,fluid
1360,9.90595,0.56509,,960.307,348.784,0,,3.52521,-0.18109,3.52986,,-0.376545,10.1599,-0.376545,0.349936,fluid
1361,9.93321,0.562288,,960.533,352.98,0,,3.544,-0.175208,3.54833,,-0.444681,10.1296,-0.444681,0.319618,fluid
1362,9.93306,0.556912,,960.496,354.579,0,,3.55392,-0.165849,3.55778,,-0.468301,10.0881,-0.468301,0.278118,fluid
1363,9.81856,0.548798,,959.866,341.256,0,,3.50413,-0.15459,3.50754,,-0.260111,10.0479,-0.260111,0.237907,fluid
1364,9.51297,0.541311,,963.75,327.137,0,,3.2932,-0.141199,3.29622,,-0.228133,9.96351,-0.228133,0.153514,fluid
1365,9.29488,0.54013,,966.177,340.503,0,,3.19961,-0.138079,3.20259,,-0.382853,9.98272,-0.382853,0.172723,fluid
1366,9.19123,0.536418,,966.275,348.778,0,,3.1942,-0.132977,3.19696,,-0.453555,9.96928,-0.453555,0.159277,fluid
1367,8.89426,0.528221,,964.389,351.062,0,,3.11354,-0.125534,3.11607,,-0.403008,9.94782,-0.403008,0.13782,fluid
1368,8.25069,0.524951,,961.343,328.782,0,,2.79901,-0.123586,2.80173,,-0.260247,9.94051,-0.260247,0.130506,fluid
1369,7.91519,0.529389,,960.769,315.566,0,,2.70881,-0.129146,2.71189,,-0.200525,9.95816,-0.200525,0.148156,fluid
1370,7.2644,0.536526,,964.491,329.612,0,,2.50435,-0.13527,2.508,,-0.331853,9.976,-0.331853,0.165998,fluid
1371,6.40856,0.537389,,964.203,307.943,0,,2.11192,-0.138951,2.11649,,-0.1808,9.97716,-0.1808,0.167164,fluid
1372,5.5623,0.542876,,971.558,297.959,0,,1.73779,-0.145004,1.74383,,-0.191659,10.0149,-0.191659,0.204911,fluid
1373,5.53546,0.543075,,971.582,299.83,0,,1.74029,-0.145572,1.74637,,-0.197656,10.0152,-0.197656,0.205201,fluid
1374,6.10822,0.538677,,965.208,302.048,0,,2.00358,-0.140984,2.00854,,-0.187169,9.99988,-0.187169,0.189875,fluid
1375,7.50669,0.540248,,964.097,321.454,0,,2.58771,-0.139688,2.59148,,-0.242157,9.98232,-0.242157,0.172321,fluid
1376,4.83273,0.105244,,985.555,158.178,0,,0.832994,-0.0132873,0.8331,,0.251221,9.83754,0.251221,0.0275426,fluid
1377,6.0055,0.107713,,983.495,191.131,0,,1.18288,-0.00153494,1.18288,,0.236394,9.88578,0.236394,0.0757812,fluid
1378,7.6531,0.188744,,975.831,215.728,0,,1.73851,-0.0203944,1.73863,,-0.160275,9.83522,-0.160275,0.0252228,fluid
1379,7.66577,0.176501,,976.48,209.398,0,,1.68833,-0.0194178,1.68844,,-0.152695,9.8379,-0.152695,0.027895,fluid
1380,9.53363,0.149656,,978.909,222.732,0,,2.07231,-0.0134512,2.07235,,-0.297066,9.83856,-0.297066,0.0285551,fluid
1381,9.54973,0.138599,,979.482,218.058,0,,2.03103,-0.0122098,2.03106,,-0.299668,9.83929,-0.299668,0.0292922,fluid
1382,9.59301,0.131288,,979.73,218.286,0,,2.04537,-0.0113157,2.0454,,-0.29123,9.83318,-0.29123,0.023175,fluid
1383,9.65077,0.139257,,978.832,226.111,0,,2.14251,-0.0120354,2.14255,,-0.376496,9.85154,-0.376496,0.0415395,fluid
1384,9.32236,0.152194,,978.924,226.694,0,,2.09425,-0.0156219,2.09431,,-0.586084,9.82972,-0.586084,0.0197151,fluid
1385,8.11758,0.161971,,975.081,188.826,0,,1.54142,-0.0203766,1.54156,,0.034472,9.81615,0.034472,0.00614871,fluid
1386,9.46105,0.179691,,977.571,239.425,0,,2.22501,-0.0170229,2.22507,,-0.433024,9.83899,-0.433024,0.0289853,fluid
1387,8.75882,0.192009,,974.309,234.381,0,,2.07024,-0.0217146,2.07036,,-0.0600417,9.81244,-0.0600417,0.00244261,fluid
1388,8.9972,0.218149,,974.344,250.021,0,,2.26728,-0.0235225,2.26741,,-0.195824,9.81991,-0.195824,0.00991261,fluid
1389,9.5382,0.21499,,975.319,252.037,0,,2.38309,-0.0205227,2.38318,,-0.225132,9.82186,-0.225132,0.0118584,fluid
1390,10.5003,0.22867,,973.501,261.265,0,,2.65696,-0.0243812,2.65707,,0.0312851,9.81062,0.0312851,0.000622617,fluid
1391,11.4473,0.25535,,972.441,267.48,0,,2.97492,-0.0245695,2.97502,,-0.191806,9.82376,-0.191806,0.0137637,fluid
1392,10.3338,0.24235,,971.909,257.037,0,,2.61055,-0.0259717,2.61068,,0.0289774,9.80801,0.0289774,-0.00199498,fluid
1393,9.38399,0.252145,,974.692,260.827,0,,2.42585,-0.0254736,2.42599,,-0.268207,9.8219,-0.268207,0.0119004,fluid
1394,10.3187,0.278915,,970.575,279.352,0,,2.83223,-0.0294526,2.83238,,0.00365183,9.81005,0.00365183,4.99492e-05,fluid
1395,10.5512,0.275362,,971.952,281.482,0,,2.8689,-0.0285921,2.86905,,-0.00309861,9.81222,-0.00309861,0.002224,fluid
1396,12.1311,0.285282,,963.642,273.656,0,,3.47359,-0.0291963,3.47371,,-0.151742,9.80716,-0.151742,-0.002843,fluid
1397,11.7478,0.32171,,965.428,277.023,0,,3.40144,-0.033836,3.40161,,-0.314915,9.82194,-0.314915,0.0119398,fluid
1398,11.0902,0.300783,,973.998,289.138,0,,3.13177,-0.0308796,3.13192,,-0.215059,9.807,-0.215059,-0.0029979,fluid
1399,10.675,0.311464,,971.507,297.525,0,,3.05199,-0.033244,3.05217,,-0.113036,9.82631,-0.113036,0.0163124,fluid
1400,10.3395,0.336957,,969.08,314.01,0,,3.17908,-0.0372628,3.1793,,-0.209437,9.80979,-0.209437,-0.000206786,fluid
1401,11.2941,0.328112,,971.167,294.719,0,,3.30474,-0.0349006,3.30492,,-0.325155,9.81615,-0.325155,0.00615341,fluid
1402,11.7567,0.357186,,964.106,288.251,0,,3.56428,-0.0399045,3.56451,,-0.334593,9.82441,-0.334593,0.0144065,fluid
1403,11.8272,0.385094,,962.476,293.786,0,,3.68758,-0.045894,3.68787,,-0.260977,9.81018,-0.260977,0.000177567,fluid
1404,11.1704,0.340918,,971.917,300.343,0,,3.30894,-0.0373164,3.30915,,-0.277231,9.82907,-0.277231,0.0190689,fluid
1405,10.581,0.341362,,969.961,309.153,0,,3.15446,-0.0377582,3.15468,,-0.152283,9.81437,-0.152283,0.00436695,fluid
1406,11.0062,0.356827,,972.011,307.644,0,,3.29317,-0.0398909,3.29342,,-0.25196,9.82001,-0.25196,0.0100088,fluid
1407,11.7906,0.399751,,962.453,297.558,0,,3.71705,-0.0497809,3.71738,,-0.323249,9.8221,-0.323249,0.0121015,fluid
1408,11.8503,0.426231,,960.959,300.38,0,,3.81328,-0.0583683,3.81372,,-0.262873,9.8138,-0.262873,0.00380112,fluid
1409,10.8548,0.374076,,970.822,317.813,0,,3.31225,-0.0439268,3.31254,,-0.330281,9.81679,-0.330281,0.00679148,fluid
1410,11.0981,0.392504,,970.533,313.851,0,,3.4316,-0.0483652,3.43194,,-0.254155,9.81388,-0.254155,0.00388338,fluid
1411,11.7152,0.444181,,962.111,307.141,0,,3.80418,-0.0651327,3.80474,,-0.430341,9.84678,-0.430341,0.0367848,fluid
1412,10.791,0.416513,,969.22,335.286,0,,3.46402,-0.0554838,3.46446,,-0.49599,9.83263,-0.49599,0.0226288,fluid
1413,11.6074,0.436643,,963.29,308.313,0,,3.75458,-0.062844,3.75511,,-0.51261,9.83095,-0.51261,0.020947,fluid
1414,10.9776,0.424295,,969.874,326.409,0,,3.47263,-0.0577069,3.47311,,-0.330461,9.83662,-0.330461,0.0266198,fluid
1415,11.3655,0.443471,,965.9,317.836,0,,3.6846,-0.0653124,3.68518,,-0.358501,9.8295,-0.358501,0.0195012,fluid
1416,11.6624,0.469334,,962.113,313.912,0,,3.86966,-0.0773588,3.87044,,-0.53439,9.85837,-0.53439,0.0483716,fluid
1417,11.5963,0.497221,,962.207,318.64,0,,3.87342,-0.0962829,3.87462,,-0.503983,9.88572,-0.503983,0.0757205,fluid
1418,11.2443,0.478316,,966.532,327.175,0,,3.70945,-0.0839753,3.7104,,-0.350919,9.86635,-0.350919,0.0563515,fluid
1419,11.2264,0.499876,,966.315,329.342,0,,3.72722,-0.0992224,3.72854,,-0.32855,9.88998,-0.32855,0.0799757,fluid
1420,10.9892,0.488775,,968.293,338.808,0,,3.62008,-0.0894636,3.62119,,-0.384844,9.86547,-0.384844,0.0554746,fluid
1421,10.8723,0.501548,,967.9,346.154,0,,3.62175,-0.0992131,3.6231,,-0.49992,9.89204,-0.49992,0.0820411,fluid
1422,10.8743,0.542518,,967.436,351.969,0,,3.68999,-0.140601,3.69267,,-0.469044,10.002,-0.469044,0.191963,fluid
1423,10.8043,0.558224,,967.136,353.727,0,,3.68114,-0.16424,3.6848,,-0.467111,10.0884,-0.467111,0.278363,fluid
1424,10.6832,0.558299,,966.556,351.868,0,,3.62931,-0.166074,3.63311,,-0.4061,10.0832,-0.4061,0.273178,fluid
1425,10.592,0.557535,,966.171,347.447,0,,3.56711,-0.165534,3.57094,,-0.307148,10.0829,-0.307148,0.272918,fluid
1426,10.5994,0.556346,,966.195,349.012,0,,3.58398,-0.163546,3.58771,,-0.32544,10.0753,-0.32544,0.265293,fluid
1427,10.591,0.551961,,966.156,349.349,0,,3.58418,-0.1567,3.5876,,-0.330353,10.049,-0.330353,0.238994,fluid
1428,10.3746,0.54347,,965.354,342.84,0,,3.47933,-0.145117,3.48236,,-0.267308,10.0022,-0.267308,0.192215,fluid
1429,10.1773,0.538322,,963.885,347.325,0,,3.4598,-0.137478,3.46253,,-0.265706,9.97382,-0.265706,0.163817,fluid
1430,10.1324,0.529824,,963.387,351.002,0,,3.48079,-0.127507,3.48312,,-0.355509,9.95239,-0.355509,0.142392,fluid
1431,10.0416,0.519421,,962.124,356.634,0,,3.51693,-0.117287,3.51889,,-0.480626,9.93442,-0.480626,0.12442,fluid
1432,9.51406,0.520469,,964.078,321.62,0,,3.22212,-0.117826,3.22428,,-0.209214,9.90494,-0.209214,0.0949378,fluid
1433,9.0936,0.522573,,966.047,344.476,0,,3.10224,-0.118713,3.10451,,-0.405815,9.94547,-0.405815,0.135466,fluid
1434,8.76156,0.525333,,963.546,336.753,0,,2.96594,-0.123244,2.9685,,-0.300471,9.93437,-0.300471,0.124372,fluid
1435,7.79354,0.535163,,961.696,306.888,0,,2.61863,-0.136762,2.6222,,-0.145232,9.9844,-0.145232,0.1744,fluid
1436,7.3986,0.538927,,964.501,327.302,0,,2.56451,-0.137653,2.5682,,-0.314501,9.9857,-0.314501,0.175698,fluid
1437,6.80643,0.536744,,964.174,312.414,0,,2.23266,-0.137761,2.23691,,-0.192255,9.98815,-0.192255,0.178154,fluid
1438,7.50515,0.540388,,964.1,322.41,0,,2.59459,-0.139817,2.59836,,-0.251265,9.98271,-0.251265,0.172714,fluid
1439,8.47925,0.529056,,962.365,331.682,0,,2.85538,-0.126972,2.8582,,-0.298152,9.951,-0.298152,0.141003,fluid
1440,5.97679,0.139029,,982.258,197.965,0,,1.21964,-0.00650105,1.21965,,0.0207428,9.87418,0.0207428,0.0641804,fluid
1441,7.31473,0.178932,,976.042,203.222,0,,1.55124,-0.0202479,1.55137,,-0.194516,9.81691,-0.194516,0.00690588,fluid
1442,9.48312,0.186928,,977.189,238.131,0,,2.21489,-0.0177046,2.21496,,-0.288184,9.83571,-0.288184,0.0257074,fluid
1443,9.52913,0.168532,,977.908,231.046,0,,2.15352,-0.0154994,2.15357,,-0.261134,9.83428,-0.261134,0.0242768,fluid
1444,11.51,0.12459,,978.551,217.906,0,,2.26467,-0.0096422,2.26469,,0.0507749,9.85268,0.0507749,0.0426833,fluid
1445,11.5197,0.124197,,978.42,216.728,0,,2.25527,-0.00967905,2.25529,,0.0644599,9.85108,0.0644599,0.0410834,fluid
1446,11.5777,0.126665,,977.367,215.185,0,,2.30216,-0.0104969,2.30218,,0.0198906,9.83751,0.0198906,0.0275064,fluid
1447,11.7421,0.138477,,974.967,209.712,0,,2.47601,-0.0127496,2.47605,,-0.41861,9.84309,-0.41861,0.0330912,fluid
1448,11.8569,0.152073,,973.927,213.188,0,,2.61324,-0.0154811,2.61329,,-0.38359,9.80732,-0.38359,-0.0026832,fluid
1449,11.5166,0.159846,,976.369,237.542,0,,2.57551,-0.0135567,2.57555,,-0.198214,9.83536,-0.198214,0.0253553,fluid
1450,12.0553,0.17825,,971.924,234.667,0,,2.92074,-0.0176629,2.92079,,-0.303888,9.81299,-0.303888,0.0029851,fluid
1451,10.9789,0.183745,,978.764,239.997,0,,2.57482,-0.0183116,2.57489,,-0.559568,9.81654,-0.559568,0.00654038,fluid
1452,11.1505,0.202411,,978.278,251.007,0,,2.71014,-0.0192824,2.71021,,-0.352131,9.83649,-0.352131,0.0264895,fluid
1453,11.068,0.227228,,977.139,260.535,0,,2.80482,-0.0221312,2.80491,,-0.336012,9.80962,-0.336012,-0.000382533,fluid
1454,12.233,0.2184,,968.107,262.238,0,,3.25546,-0.0213295,3.25553,,-0.315201,9.83607,-0.315201,0.0260747,fluid
1455,14.3476,0.249533,,971.842,273.687,0,,3.84721,-0.0223656,3.84727,,-0.254835,9.79541,-0.254835,-0.0145911,fluid
1456,12.8217,0.2564,,967.107,277.519,0,,3.43206,-0.0263463,3.43216,,-0.103501,9.80614,-0.103501,-0.00385637,fluid
1457,12.0747,0.242414,,966.885,260.038,0,,3.2768,-0.0239562,3.27688,,-0.146201,9.80662,-0.146201,-0.00337642,fluid
1458,11.0844,0.276192,,975.021,280.911,0,,3.03459,-0.0276813,3.03472,,-0.248948,9.80765,-0.248948,-0.00234605,fluid
1459,12.8282,0.271828,,966.656,289.905,0,,3.58356,-0.0277835,3.58367,,-0.110915,9.80317,-0.110915,-0.0068316,fluid
1460,13.2842,0.293759,,970.87,304.468,0,,3.7892,-0.0305313,3.78932,,-0.0027781,9.81188,-0.0027781,0.00188462,fluid
1461,13.4101,0.327002,,971.327,322.622,0,,3.97342,-0.0354877,3.97358,,-0.0960995,9.83146,-0.0960995,0.0214642,fluid
1462,12.9544,0.288505,,967.075,301.956,0,,3.7485,-0.0296293,3.74862,,-0.124746,9.82692,-0.124746,0.0169226,fluid
1463,12.82,0.290123,,966.137,306.623,0,,3.79119,-0.0294147,3.7913,,-0.226373,9.80148,-0.226373,-0.00851895,fluid
1464,11.923,0.306435,,964.631,272.599,0,,3.42205,-0.0317875,3.4222,,-0.0326253,9.82295,-0.0326253,0.0129508,fluid
1465,13.0863,0.321448,,967.441,322.491,0,,3.98259,-0.0340535,3.98273,,-0.234804,9.80365,-0.234804,-0.00635195,fluid
1466,13.3465,0.342605,,970.139,326.312,0,,4.01604,-0.0379559,4.01622,,-0.0852315,9.80425,-0.0852315,-0.00574504,fluid
1467,13.3332,0.365193,,969.379,336.059,0,,4.12593,-0.0420501,4.12615,,-0.216465,9.80741,-0.216465,-0.002593,fluid
1468,12.7799,0.326194,,964.535,318.192,0,,3.92245,-0.0340043,3.9226,,-0.322403,9.81125,-0.322403,0.00124556,fluid
1469,13.1454,0.356014,,967.272,337.072,0,,4.13007,-0.0402583,4.13027,,-0.336595,9.82372,-0.336595,0.0137216,fluid
1470,11.8177,0.343876,,964.005,282.881,0,,3.51895,-0.0374436,3.51915,,-0.205494,9.80958,-0.205494,-0.000415318,fluid
1471,13.32,0.395547,,968.5,344.969,0,,4.22419,-0.0491719,4.22447,,-0.313745,9.81346,-0.313745,0.00346117,fluid
1472,13.1872,0.400711,,966.783,347.582,0,,4.24676,-0.0507967,4.24706,,-0.405219,9.84069,-0.405219,0.0306926,fluid
1473,12.7545,0.366169,,962.962,329.428,0,,4.03519,-0.0413188,4.0354,,-0.356491,9.82142,-0.356491,0.0114198,fluid
1474,12.4754,0.383447,,958.336,325.343,0,,3.97132,-0.0463263,3.9716,,-0.214231,9.83322,-0.214231,0.0232235,fluid
1475,13.1154,0.428644,,965.348,351.771,0,,4.30474,-0.0602347,4.30516,,-0.433093,9.81987,-0.433093,0.00986768,fluid
1476,12.5839,0.40594,,959.134,335.106,0,,4.05249,-0.0521748,4.05283,,-0.336845,9.81636,-0.336845,0.00635979,fluid
1477,12.1724,0.402012,,957.259,300.17,0,,3.88963,-0.0520239,3.88998,,-0.0560122,9.83842,-0.0560122,0.0284231,fluid
1478,12.2062,0.422115,,956.225,306.596,0,,3.96198,-0.0586065,3.96241,,-0.0806477,9.84403,-0.0806477,0.0340283,fluid
1479,12.9208,0.451599,,962.702,351.275,0,,4.33108,-0.0702283,4.33165,,-0.3578,9.84897,-0.3578,0.0389682,fluid
1480,12.8086,0.47463,,961.027,354.129,0,,4.3185,-0.0820661,4.31928,,-0.292468,9.84514,-0.292468,0.0351433,fluid
1481,12.5487,0.495693,,956.352,344.338,0,,4.16318,-0.0966465,4.1643,,-0.305044,9.88898,-0.305044,0.0789783,fluid
1482,12.4116,0.482385,,954.729,332.823,0,,4.13007,-0.0878595,4.131,,-0.239482,9.87017,-0.239482,0.060166,fluid
1483,12.1231,0.466704,,955.794,306.734,0,,4.02363,-0.0784267,4.0244,,-0.152845,9.84359,-0.152845,0.0335888,fluid
1484,12.0507,0.486174,,956.388,306.518,0,,4.01875,-0.0900472,4.01976,,-0.183312,9.86782,-0.183312,0.0578223,fluid
1485,12.046,0.511515,,956.101,307.227,0,,4.03374,-0.110166,4.03525,,-0.171049,9.907,-0.171049,0.0969971,fluid
1486,11.8935,0.524707,,958.368,309.302,0,,4.00295,-0.121738,4.0048,,-0.216306,9.91866,-0.216306,0.10866,fluid
1487,11.7729,0.532016,,960.063,315.81,0,,3.97903,-0.127872,3.98109,,-0.31645,9.94258,-0.31645,0.132583,fluid
1488,11.5879,0.531481,,961.849,318.249,0,,3.8603,-0.128582,3.86244,,-0.412253,9.96355,-0.412253,0.153547,fluid
1489,11.5161,0.542424,,962.381,320.861,0,,3.8427,-0.142866,3.84535,,-0.360361,9.98876,-0.360361,0.17876,fluid
1490,11.5959,0.548742,,961.71,321.098,0,,3.90846,-0.149951,3.91133,,-0.426915,10.0308,-0.426915,0.220802,fluid
1491,11.7141,0.548049,,960.66,321.463,0,,4.0139,-0.147051,4.01659,,-0.406771,10.0085,-0.406771,0.198491,fluid
1492,11.5154,0.542754,,962.39,324.417,0,,3.88841,-0.142791,3.89103,,-0.414549,9.98824,-0.414549,0.178235,fluid
1493,11.2468,0.541851,,965.325,336.437,0,,3.84892,-0.14206,3.85154,,-0.345954,9.99468,-0.345954,0.184679,fluid
1494,11.079,0.536342,,967.113,342.998,0,,3.76662,-0.133719,3.76899,,-0.379404,9.95805,-0.379404,0.148052,fluid
1495,10.9226,0.526327,,967.623,351.948,0,,3.71969,-0.120761,3.72165,,-0.504608,9.93698,-0.504608,0.126982,fluid
1496,10.5854,0.513221,,966.362,346.778,0,,3.54803,-0.111253,3.54978,,-0.372089,9.91753,-0.372089,0.107525,fluid
1497,10.1739,0.510225,,964.073,347.618,0,,3.45806,-0.10792,3.45974,,-0.297987,9.90007,-0.297987,0.0900661,fluid
1498,10.0589,0.515029,,962.424,354.218,0,,3.49493,-0.112983,3.49675,,-0.422356,9.92483,-0.422356,0.114827,fluid
1499,9.14489,0.528324,,966.261,342.967,0,,3.11364,-0.124492,3.11613,,-0.389676,9.9509,-0.389676,0.140903,fluid
1500,8.57088,0.530991,,962.666,334.161,0,,2.89934,-0.129252,2.90222,,-0.281216,9.95909,-0.281216,0.149085,fluid
1501,8.13604,0.529748,,960.789,323.733,0,,2.76069,-0.128988,2.76371,,-0.209585,9.94818,-0.209585,0.138177,fluid
1502,8.4469,0.530704,,962.225,330.106,0,,2.83598,-0.129057,2.83891,,-0.300297,9.95693,-0.300297,0.14693,fluid
1503,9.4118,0.52792,,965.445,327.695,0,,3.18457,-0.124245,3.18699,,-0.262588,9.93145,-0.262588,0.121449,fluid
1504,6.35948,0.14074,,978.682,155.095,0,,1.0273,-0.0147982,1.0274,,0.695519,9.8553,0.695519,0.045303,fluid
1505,9.26118,0.184089,,977.397,233.884,0,,2.1558,-0.0190963,2.15589,,-0.355184,9.82983,-0.355184,0.0198251,fluid
1506,11.0422,0.151067,,980.553,217.816,0,,2.3579,-0.0144227,2.35794,,-0.623713,9.80773,-0.623713,-0.00226521,fluid
1507,11.1626,0.123105,,982.302,210.759,0,,2.26237,-0.0102638,2.2624,,-0.706514,9.84811,-0.706514,0.0381103,fluid
1508,14.1692,0.15396,,979.748,238.069,0,,3.17466,-0.0080271,3.17467,,-0.639866,9.82811,-0.639866,0.018109,fluid
1509,14.2471,0.14885,,979.658,237.669,0,,3.199,-0.00549728,3.199,,-0.657076,9.81865,-0.657076,0.00864563,fluid
1510,14.3174,0.153419,,978.855,241.811,0,,3.27728,-0.00588308,3.27728,,-0.546092,9.80307,-0.546092,-0.00693163,fluid
1511,14.3653,0.153505,,978.367,245.083,0,,3.3247,-0.00611541,3.32471,,-0.558037,9.7962,-0.558037,-0.013802,fluid
1512,14.2443,0.160349,,978.857,244.758,0,,3.30394,-0.00757859,3.30395,,-0.632909,9.82048,-0.632909,0.010478,fluid
1513,13.5934,0.208738,,977.357,276.83,0,,3.46947,-0.0222037,3.46954,,-0.11004,9.78922,-0.11004,-0.0207783,fluid
1514,14.861,0.195002,,968.889,261.754,0,,3.58271,-0.017174,3.58275,,-0.178122,9.81803,-0.178122,0.00803263,fluid
1515,13.8813,0.208421,,977.717,270.741,0,,3.47477,-0.0197812,3.47482,,-0.570058,9.79882,-0.570058,-0.0111843,fluid
1516,14.9505,0.207425,,967.438,269.446,0,,3.76003,-0.0192602,3.76008,,-0.337298,9.85513,-0.337298,0.045127,fluid
1517,12.8515,0.222034,,968.907,260.22,0,,3.23061,-0.0237329,3.23069,,-0.149116,9.79909,-0.149116,-0.010908,fluid
1518,14.0101,0.225474,,976.78,272.563,0,,3.57706,-0.0200312,3.57712,,-0.604555,9.81277,-0.604555,0.0027695,fluid
1519,15.2678,0.238852,,965.289,293.42,0,,4.20389,-0.0233444,4.20396,,-0.348073,9.83127,-0.348073,0.0212682,fluid
1520,16.0099,0.276212,,973.131,303.006,0,,4.50178,-0.0276134,4.50186,,-0.280663,9.81591,-0.280663,0.00591023,fluid
1521,14.9111,0.246302,,964.669,289.329,0,,4.05758,-0.0233023,4.05765,,-0.380827,9.84496,-0.380827,0.0349572,fluid
1522,14.0515,0.270343,,974.657,286.073,0,,3.81569,-0.0255705,3.81578,,-0.44838,9.80839,-0.44838,-0.00160843,fluid
1523,15.1891,0.270538,,962.351,305.358,0,,4.35369,-0.0267691,4.35377,,-0.370817,9.84148,-0.370817,0.0314804,fluid
1524,14.9322,0.27983,,962.369,299.125,0,,4.23438,-0.0275031,4.23447,,-0.298224,9.83644,-0.298224,0.0264387,fluid
1525,16.1414,0.317993,,972.699,318.478,0,,4.77014,-0.0331431,4.77026,,-0.422401,9.82042,-0.422401,0.0104211,fluid
1526,15.0802,0.300923,,960.228,308.403,0,,4.42619,-0.0302573,4.42629,,-0.309051,9.80055,-0.309051,-0.00944761,fluid
1527,13.728,0.286958,,975.027,301.976,0,,3.80712,-0.0291527,3.80723,,-0.321499,9.82245,-0.321499,0.012448,fluid
1528,14.908,0.314457,,960.62,305.481,0,,4.34564,-0.0325022,4.34576,,-0.216751,9.83159,-0.216751,0.0215944,fluid
1529,14.3218,0.314432,,968.566,286.646,0,,4.11436,-0.0322448,4.11449,,-0.189852,9.79858,-0.189852,-0.0114156,fluid
1530,15.1148,0.341982,,957.883,318.991,0,,4.59487,-0.0369647,4.59502,,-0.244262,9.79798,-0.244262,-0.0120205,fluid
1531,14.5893,0.353878,,961.935,304.166,0,,4.36634,-0.038742,4.36651,,-0.302988,9.80355,-0.302988,-0.00645236,fluid
1532,13.5187,0.3171,,972.779,316.122,0,,3.92258,-0.0336155,3.92272,,-0.0740174,9.81701,-0.0740174,0.00701154,fluid
1533,14.2406,0.341417,,968.898,292.294,0,,4.1621,-0.0366654,4.16226,,-0.195529,9.81717,-0.195529,0.00716591,fluid
1534,14.0518,0.354384,,971.434,304.228,0,,4.12898,-0.0387284,4.12916,,-0.267795,9.81281,-0.267795,0.0028083,fluid
1535,14.4608,0.379494,,962.744,302.232,0,,4.41117,-0.0449797,4.4114,,-0.332432,9.83902,-0.332432,0.0290198,fluid
1536,14.4113,0.402505,,962.804,302.111,0,,4.43936,-0.0514056,4.43966,,-0.308446,9.83946,-0.308446,0.0294559,fluid
1537,13.4087,0.361929,,970.294,332.837,0,,4.08764,-0.0418144,4.08785,,-0.152719,9.83232,-0.152719,0.0223197,fluid
1538,14.0577,0.383597,,970.389,308.87,0,,4.21628,-0.0451803,4.21652,,-0.276909,9.81416,-0.276909,0.00416046,fluid
1539,13.9212,0.398494,,971.336,319.981,0,,4.2169,-0.0492615,4.21719,,-0.377264,9.8401,-0.377264,0.0301034,fluid
1540,13.8652,0.415935,,971.202,326.686,0,,4.25558,-0.0547826,4.25593,,-0.401128,9.81648,-0.401128,0.00648044,fluid
1541,13.69,0.402447,,971.533,337.336,0,,4.22765,-0.0504955,4.22795,,-0.449646,9.84324,-0.449646,0.0332394,fluid
1542,13.6812,0.421547,,971.027,341.514,0,,4.27718,-0.0565826,4.27755,,-0.474754,9.8468,-0.474754,0.0368042,fluid
1543,13.9372,0.449588,,969.909,328.158,0,,4.37561,-0.0672948,4.37613,,-0.48815,9.85293,-0.48815,0.0429332,fluid
1544,13.8195,0.467181,,970.218,340.044,0,,4.38367,-0.0761,4.38433,,-0.538967,9.84527,-0.538967,0.0352663,fluid
1545,13.6406,0.484245,,969.572,350.558,0,,4.36856,-0.087154,4.36943,,-0.491282,9.86615,-0.491282,0.0561487,fluid
1546,13.6425,0.456994,,970.054,349.264,0,,4.35362,-0.0714262,4.3542,,-0.546397,9.84404,-0.546397,0.0340372,fluid
1547,13.4504,0.462866,,968.395,355.27,0,,4.35512,-0.0755342,4.35578,,-0.414814,9.86153,-0.414814,0.05153,fluid
1548,13.2648,0.474931,,966.407,357.588,0,,4.349,-0.081686,4.34977,,-0.3949,9.85991,-0.3949,0.0499082,fluid
1549,13.3039,0.496333,,966.571,358.351,0,,4.36338,-0.0963494,4.36444,,-0.357508,9.88027,-0.357508,0.0702736,fluid
1550,13.1816,0.511175,,965.022,357.647,0,,4.36057,-0.108856,4.36193,,-0.359343,9.90661,-0.359343,0.0966142,fluid
1551,13.0395,0.516947,,963.226,357.36,0,,4.36525,-0.114937,4.36677,,-0.363016,9.92487,-0.363016,0.114865,fluid
1552,12.8655,0.521138,,961.059,354.911,0,,4.34555,-0.119768,4.3472,,-0.259566,9.9232,-0.259566,0.113196,fluid
1553,12.77,0.531863,,959.641,354.961,0,,4.3138,-0.130045,4.31576,,-0.224873,9.94693,-0.224873,0.136929,fluid
1554,12.7098,0.536919,,958.661,354.815,0,,4.29656,-0.135653,4.2987,,-0.247614,9.96989,-0.247614,0.159893,fluid
1555,12.6672,0.537747,,957.947,354.609,0,,4.285,-0.136753,4.28718,,-0.274476,9.97898,-0.274476,0.168983,fluid
1556,12.5102,0.538182,,955.181,347.718,0,,4.23192,-0.138456,4.23419,,-0.290859,9.98703,-0.290859,0.177028,fluid
1557,12.298,0.540144,,953.319,330.248,0,,4.2159,-0.142285,4.2183,,-0.269899,10.0019,-0.269899,0.19189,fluid
1558,12.1037,0.535426,,954.868,315.023,0,,4.15888,-0.135143,4.16108,,-0.220758,9.96902,-0.220758,0.159022,fluid
1559,11.9492,0.525474,,957.365,312.135,0,,4.0925,-0.122749,4.09434,,-0.271756,9.91407,-0.271756,0.104071,fluid
1560,11.6142,0.515407,,961.814,319.608,0,,3.90045,-0.111238,3.90203,,-0.485645,9.91933,-0.485645,0.109326,fluid
1561,11.1504,0.515302,,966.916,332.058,0,,3.70263,-0.112626,3.70434,,-0.284608,9.9079,-0.284608,0.0979021,fluid
1562,10.8902,0.510504,,967.821,346.862,0,,3.64127,-0.106453,3.64283,,-0.486575,9.90494,-0.486575,0.0949417,fluid
1563,10.3364,0.515636,,965.36,341.181,0,,3.44634,-0.113534,3.44821,,-0.237262,9.91591,-0.237262,0.105914,fluid
1564,9.6897,0.532794,,961.06,319.781,0,,3.31355,-0.133153,3.31623,,-0.164098,9.95332,-0.164098,0.143321,fluid
1565,9.34796,0.530995,,966.006,333.337,0,,3.17709,-0.127458,3.17965,,-0.32212,9.95679,-0.32212,0.146788,fluid
1566,9.49134,0.531463,,964.311,323.102,0,,3.21729,-0.129201,3.21988,,-0.210312,9.93267,-0.210312,0.122673,fluid
1567,10.2608,0.516955,,964.863,344.439,0,,3.45245,-0.114271,3.45435,,-0.250505,9.91514,-0.250505,0.10514,fluid
1568,7.72715,0.160604,,977.368,198.188,0,,1.60892,-0.0182483,1.60903,,-0.0351207,9.84095,-0.0351207,0.0309476,fluid
1569,10.2076,0.159706,,975.253,206.361,0,,2.08986,-0.0190533,2.08994,,-0.112369,9.80862,-0.112369,-0.00138236,fluid
1570,13.8476,0.250258,,976.236,283.33,0,,3.61485,-0.0247388,3.61494,,-0.250581,9.79447,-0.250581,-0.0155292,fluid
1571,13.3774,0.2368,,974.245,278.362,0,,3.50267,-0.0253028,3.50276,,0.0377078,9.79434,0.0377078,-0.0156571,fluid
1572,16.5403,0.199151,,975.311,273.118,0,,4.20708,-0.0199385,4.20712,,-0.461752,9.79958,-0.461752,-0.01042,fluid
1573,16.3929,0.180651,,976.707,265.502,0,,4.0216,-0.0202206,4.02165,,-0.493759,9.83449,-0.493759,0.024485,fluid
1574,16.5274,0.179595,,976.346,269.025,0,,4.12967,-0.018321,4.12971,,-0.642249,9.80261,-0.642249,-0.0073887,fluid
1575,17.1804,0.204545,,973.92,268.21,0,,4.26866,-0.0121929,4.26868,,-0.631595,10.1014,-0.631595,0.291376,fluid
1576,16.4803,0.185893,,976.315,263.708,0,,4.01513,-0.0196642,4.01518,,-0.325933,9.82478,-0.325933,0.0147827,fluid
1577,16.7381,0.170681,,976.409,248.398,0,,3.99042,-0.0144846,3.99044,,-0.96699,9.8345,-0.96699,0.0245006,fluid
1578,18.8126,0.268342,,972.667,294.697,0,,5.27368,-0.0262527,5.27375,,-0.419362,9.79661,-0.419362,-0.0133878,fluid
1579,16.9,0.191348,,974.937,259.017,0,,4.25535,-0.0145686,4.25538,,-1.07055,9.91953,-1.07055,0.109526,fluid
1580,17.5542,0.244875,,966.841,288.562,0,,4.66148,-0.0191962,4.66152,,-0.105134,10.0357,-0.105134,0.225696,fluid
1581,16.3833,0.216593,,975.287,283.113,0,,4.31037,-0.0225359,4.31043,,-0.476905,9.80816,-0.476905,-0.00183685,fluid
1582,14.7591,0.220759,,967.88,278.448,0,,3.84723,-0.0188642,3.84728,,-0.354115,9.83282,-0.354115,0.0228169,fluid
1583,17.2243,0.239681,,970.46,283.247,0,,4.55682,-0.018156,4.55685,,-0.325103,10.0797,-0.325103,0.269685,fluid
1584,17.7056,0.269588,,965.722,304.411,0,,4.94303,-0.0247623,4.94309,,-0.253571,9.9553,-0.253571,0.145295,fluid
1585,17.6582,0.263325,,965.778,305.854,0,,4.95749,-0.0233727,4.95754,,-0.292945,9.99373,-0.292945,0.183729,fluid
1586,15.6873,0.25333,,969.679,292.933,0,,4.26567,-0.0255829,4.26575,,-0.230396,9.83501,-0.230396,0.0250107,fluid
1587,17.1747,0.272927,,967.885,296.508,0,,4.84562,-0.0241653,4.84568,,-0.404821,10.0379,-0.404821,0.227939,fluid
1588,16.7274,0.289327,,969.536,293.286,0,,4.74464,-0.0282145,4.74472,,-0.424316,9.82685,-0.424316,0.0168503,fluid
1589,18.2798,0.316702,,969.772,316.446,0,,5.39969,-0.0313042,5.39978,,-0.537108,9.81178,-0.537108,0.00178421,fluid
1590,16.8652,0.31781,,967.34,298.69,0,,4.92643,-0.0325324,4.92653,,-0.329757,9.80199,-0.329757,-0.0080089,fluid
1591,15.831,0.285055,,970.92,314.846,0,,4.5761,-0.0286782,4.57619,,-0.318802,9.79686,-0.318802,-0.0131426,fluid
1592,16.5003,0.310256,,970.837,302.164,0,,4.76906,-0.0315485,4.76917,,-0.223793,9.81997,-0.223793,0.00997412,fluid
1593,16.179,0.311181,,972.832,314.034,0,,4.72336,-0.0319723,4.72347,,-0.429964,9.83813,-0.429964,0.0281303,fluid
1594,16.6895,0.340263,,967.742,304.851,0,,4.9291,-0.0361588,4.92923,,-0.338942,9.83615,-0.338942,0.0261478,fluid
1595,16.4548,0.356522,,969.848,313.49,0,,4.95075,-0.0391005,4.9509,,-0.308828,9.83467,-0.308828,0.0246687,fluid
1596,15.7771,0.323642,,968.908,335.955,0,,4.81202,-0.0335085,4.81214,,-0.40049,9.81571,-0.40049,0.00570705,fluid
1597,16.3307,0.346222,,971.359,316.917,0,,4.89866,-0.0367094,4.8988,,-0.38675,9.79866,-0.38675,-0.0113412,fluid
1598,16.3165,0.360507,,971.091,320.097,0,,4.95007,-0.0392959,4.95023,,-0.410115,9.80433,-0.410115,-0.00566637,fluid
1599,16.2116,0.369693,,971.431,327.664,0,,4.98036,-0.0416181,4.98054,,-0.534607,9.84075,-0.534607,0.0307457,fluid
1600,16.3293,0.397981,,970.08,325.676,0,,5.06825,-0.0482543,5.06848,,-0.436305,9.80407,-0.436305,-0.00592596,fluid
1601,15.9559,0.36964,,970.533,345.567,0,,5.00855,-0.0418419,5.00872,,-0.528047,9.839,-0.528047,0.0290016,fluid
1602,15.591,0.379531,,962.629,358.987,0,,4.97863,-0.0445651,4.97883,,-0.345999,9.8033,-0.345999,-0.00669804,fluid
1603,15.9351,0.412103,,969.275,355.712,0,,5.11612,-0.0533259,5.1164,,-0.52337,9.84601,-0.52337,0.0360111,fluid
1604,15.5008,0.405753,,959.342,362.735,0,,5.00968,-0.0518715,5.00995,,-0.329915,9.83683,-0.329915,0.026833,fluid
1605,15.0519,0.39782,,955.647,325.111,0,,4.73502,-0.0494348,4.73528,,-0.213405,9.81762,-0.213405,0.00762377,fluid
1606,15.4869,0.430058,,958.252,367.363,0,,5.06154,-0.0603488,5.0619,,-0.329298,9.84676,-0.329298,0.0367646,fluid
1607,15.2905,0.444689,,954.147,353.072,0,,5.01546,-0.0667935,5.01591,,-0.218807,9.83977,-0.218807,0.0297697,fluid
1608,15.0683,0.46711,,953.374,335.959,0,,4.91869,-0.0776425,4.9193,,-0.215904,9.84872,-0.215904,0.0387166,fluid
1609,14.6775,0.44649,,957.168,320.913,0,,4.66803,-0.0669185,4.66851,,-0.314144,9.84477,-0.314144,0.0347683,fluid
1610,14.3651,0.439509,,962.565,304.071,0,,4.48656,-0.0646893,4.48703,,-0.272852,9.82111,-0.272852,0.0111087,fluid
1611,14.2798,0.449657,,964.145,306.998,0,,4.46832,-0.0687492,4.46885,,-0.229833,9.8377,-0.229833,0.0277038,fluid
1612,14.2435,0.463557,,964.579,309.243,0,,4.47992,-0.0755891,4.48055,,-0.227335,9.8445,-0.227335,0.0344991,fluid
1613,14.1754,0.474049,,965.778,312.325,0,,4.47466,-0.0810322,4.47539,,-0.263638,9.84543,-0.263638,0.035427,fluid
1614,14.0805,0.477927,,967.471,320.476,0,,4.45943,-0.0828833,4.4602,,-0.35708,9.85611,-0.35708,0.0461065,fluid
1615,14.018,0.486234,,968.254,326.911,0,,4.46054,-0.0878112,4.46141,,-0.381065,9.86457,-0.381065,0.0545747,fluid
1616,13.9103,0.498529,,969.22,334.612,0,,4.4382,-0.0966005,4.43925,,-0.439242,9.88428,-0.439242,0.0742841,fluid
1617,13.9254,0.523704,,968.748,337.917,0,,4.5122,-0.118691,4.51377,,-0.45434,9.92985,-0.45434,0.119849,fluid
1618,13.7924,0.534187,,969.325,348.918,0,,4.48212,-0.130112,4.48401,,-0.493029,9.96386,-0.493029,0.153861,fluid
1619,13.598,0.537467,,968.723,357.557,0,,4.4306,-0.135608,4.43267,,-0.46524,9.98858,-0.46524,0.178576,fluid
1620,13.4032,0.538616,,967.221,359.625,0,,4.40462,-0.138565,4.4068,,-0.366985,9.97667,-0.366985,0.166673,fluid
1621,13.2487,0.532911,,965.7,361.144,0,,4.39912,-0.130458,4.40105,,-0.402401,9.95621,-0.402401,0.146209,fluid
1622,13.0575,0.524643,,963.441,360.408,0,,4.40052,-0.122249,4.40222,,-0.437374,9.9436,-0.437374,0.133598,fluid
1623,12.6981,0.518989,,958.621,352.779,0,,4.26924,-0.115781,4.27081,,-0.266685,9.91993,-0.266685,0.109932,fluid
1624,12.4076,0.513309,,954.269,331.502,0,,4.12608,-0.112333,4.12761,,-0.197455,9.91516,-0.197455,0.105157,fluid
1625,12.2633,0.508927,,953.814,322.48,0,,4.13689,-0.108877,4.13833,,-0.185066,9.90705,-0.185066,0.0970499,fluid
1626,11.9717,0.509098,,957.24,307.921,0,,4.02973,-0.107519,4.03116,,-0.20536,9.88404,-0.20536,0.074035,fluid
1627,11.3528,0.514509,,964.536,324.211,0,,3.75856,-0.111773,3.76022,,-0.29657,9.92143,-0.29657,0.111429,fluid
1628,10.6276,0.523164,,966.442,348.271,0,,3.57337,-0.120809,3.57541,,-0.37049,9.9391,-0.37049,0.129095,fluid
1629,10.2656,0.521753,,964.85,343.616,0,,3.44655,-0.119086,3.44861,,-0.225401,9.92668,-0.225401,0.116676,fluid
1630,10.2973,0.523498,,965.06,342.592,0,,3.44735,-0.121041,3.44947,,-0.222593,9.93333,-0.222593,0.123327,fluid
1631,11.0655,0.517275,,967.537,337.419,0,,3.67987,-0.113398,3.68162,,-0.31753,9.90909,-0.31753,0.099086,fluid
1632,8.7874,0.153951,,976.46,210.845,0,,1.87065,-0.0198268,1.87075,,-0.0919028,9.8084,-0.0919028,-0.00160111,fluid
1633,11.9533,0.16093,,973.624,210.94,0,,2.63004,-0.0166111,2.63009,,-0.276706,9.83353,-0.276706,0.023532,fluid
1634,16.3396,0.229622,,974.913,284.745,0,,4.31846,-0.0233489,4.31852,,-0.339751,9.79061,-0.339751,-0.019394,fluid
1635,14.6813,0.174485,,972.757,252.772,0,,3.32889,-0.0121637,3.32891,,-0.0755868,9.8738,-0.0755868,0.0638042,fluid
1636,19.023,0.185572,,980.568,264.306,0,,4.71877,-0.0200434,4.71881,,-0.381246,9.80571,-0.381246,-0.00428847,fluid
1637,19.2741,0.189676,,981.577,262.572,0,,4.74134,-0.019403,4.74138,,-0.840132,9.80758,-0.840132,-0.00241655,fluid
1638,19.2983,0.20046,,981.433,267.852,0,,4.87877,-0.0200896,4.87881,,-0.920805,9.79556,-0.920805,-0.0144379,fluid
1639,19.8318,0.188455,,982.608,207.511,0,,4.3427,-0.0144924,4.34272,,-1.90753,9.76129,-1.90753,-0.0487126,fluid
1640,19.9352,0.206164,,982.598,225.667,0,,4.46003,-0.0114377,4.46004,,-2.35489,9.82826,-2.35489,0.0182604,fluid
1641,19.6268,0.184107,,981.253,222.147,0,,4.47079,-0.0194105,4.47084,,-0.691783,9.75492,-0.691783,-0.0550835,fluid
1642,20.1181,0.242886,,979.521,251.163,0,,4.7391,0.227113,4.74454,,-2.29941,8.07343,-2.29941,-1.73657,fluid
1643,19.8282,0.205455,,981.677,229.917,0,,4.69372,-0.0163731,4.69375,,-1.67561,9.77634,-1.67561,-0.0336639,fluid
1644,19.8295,0.218693,,981.124,239.214,0,,4.8661,-0.0179193,4.86614,,-1.49891,9.78392,-1.49891,-0.0260824,fluid
1645,20.0285,0.235588,,979.521,260.414,0,,4.95505,-0.00880514,4.95505,,-2.76445,9.8461,-2.76445,0.0360972,fluid
1646,17.1919,0.239172,,970.925,280.396,0,,4.50994,-0.0186179,4.50998,,-0.323461,10.0742,-0.323461,0.26421,fluid
1647,19.7817,0.246983,,980.365,251.918,0,,5.16534,-0.0222284,5.16539,,-0.999616,9.80919,-0.999616,-0.000812086,fluid
1648,20.2323,0.263004,,974.022,273.93,0,,5.27035,0.0344863,5.27046,,-2.62181,10.7921,-2.62181,0.98209,fluid
1649,20.0386,0.283082,,976.016,271.083,0,,5.41183,-0.0170028,5.41186,,-1.93477,9.85481,-1.93477,0.0448073,fluid
1650,19.4363,0.284019,,980.724,293.045,0,,5.48527,-0.0275575,5.48534,,-0.887778,9.84367,-0.887778,0.0336655,fluid
1651,18.701,0.314709,,969.992,303.945,0,,5.45734,-0.0321744,5.45743,,-0.324021,9.84089,-0.324021,0.030889,fluid
1652,19.8166,0.293863,,978.768,264.546,0,,5.52316,-0.0277387,5.52323,,-0.73313,9.78407,-0.73313,-0.025932,fluid
1653,19.9381,0.31282,,976.217,270.88,0,,5.63075,-0.0276368,5.63082,,-1.16257,9.86611,-1.16257,0.0561109,fluid
1654,18.9201,0.336987,,970.736,327.381,0,,5.66754,-0.0356929,5.66765,,-0.360448,9.84306,-0.360448,0.0330573,fluid
1655,17.8695,0.280488,,966.711,321.205,0,,5.16651,-0.0273908,5.16658,,-0.293707,9.8025,-0.293707,-0.0075013,fluid
1656,18.7952,0.327529,,969.976,312.468,0,,5.56946,-0.0337517,5.56957,,-0.347174,9.80949,-0.347174,-0.000511665,fluid
1657,18.3572,0.313184,,970.15,308.782,0,,5.3591,-0.0313435,5.35919,,-0.473767,9.78163,-0.473767,-0.028371,fluid
1658,18.8261,0.344193,,969.554,320.64,0,,5.66875,-0.0366389,5.66887,,-0.337601,9.80069,-0.337601,-0.00931383,fluid
1659,18.6102,0.349172,,968.91,310.724,0,,5.62284,-0.0377666,5.62297,,-0.320317,9.78552,-0.320317,-0.0244787,fluid
1660,18.0819,0.323754,,967.269,337.195,0,,5.45317,-0.0329578,5.45327,,-0.554666,9.79722,-0.554666,-0.0127842,fluid
1661,18.0368,0.340263,,965.817,341.926,0,,5.49742,-0.0355962,5.49753,,-0.499839,9.81422,-0.499839,0.00422185,fluid
1662,17.9256,0.35399,,963.573,347.34,0,,5.51099,-0.0387227,5.51112,,-0.360684,9.8457,-0.360684,0.0357038,fluid
1663,17.7245,0.363524,,961.027,339.098,0,,5.45622,-0.040731,5.45638,,-0.210267,9.88708,-0.210267,0.0770839,fluid
1664,17.7658,0.392178,,960.251,347.241,0,,5.56268,-0.0477153,5.56288,,-0.223006,9.85397,-0.223006,0.0439668,fluid
1665,17.0337,0.361213,,963.978,307.141,0,,5.14254,-0.0397958,5.14269,,-0.342962,9.87197,-0.342962,0.0619693,fluid
1666,17.0982,0.38343,,962.353,311.171,0,,5.21507,-0.0448,5.21526,,-0.271805,9.86162,-0.271805,0.05162,fluid
1667,16.9994,0.400972,,962.771,312.315,0,,5.23089,-0.0498535,5.23113,,-0.326897,9.85975,-0.326897,0.0497489,fluid
1668,16.8581,0.402246,,964.109,312.713,0,,5.20957,-0.0505069,5.20981,,-0.277443,9.79567,-0.277443,-0.0143283,fluid
1669,16.9212,0.419813,,962.957,313.936,0,,5.26411,-0.0565105,5.26441,,-0.340966,9.84649,-0.340966,0.0364857,fluid
1670,16.8469,0.422095,,963.631,315.702,0,,5.26401,-0.0567778,5.26431,,-0.32576,9.8029,-0.32576,-0.00709674,fluid
1671,16.8322,0.435908,,963.43,317.716,0,,5.29039,-0.0618997,5.29075,,-0.355289,9.81388,-0.355289,0.00388136,fluid
1672,16.7652,0.443007,,963.924,320.525,0,,5.29209,-0.0647738,5.29249,,-0.417657,9.84344,-0.417657,0.0334399,fluid
1673,16.5776,0.438707,,966.117,322.222,0,,5.2516,-0.0629585,5.25197,,-0.473025,9.83026,-0.473025,0.0202606,fluid
1674,16.3514,0.446758,,968.836,329.912,0,,5.18357,-0.0658599,5.18399,,-0.465379,9.81572,-0.465379,0.00572403,fluid
1675,16.228,0.463065,,969.447,338.883,0,,5.17202,-0.0735152,5.17254,,-0.514236,9.8615,-0.514236,0.051503,fluid
1676,16.1004,0.475745,,969.37,348.913,0,,5.18356,-0.0812539,5.18419,,-0.520649,9.84778,-0.520649,0.0377779,fluid
1677,15.9425,0.480306,,968.003,362.653,0,,5.19931,-0.0846333,5.19999,,-0.477194,9.87151,-0.477194,0.0615061,fluid
1678,15.7989,0.484119,,965.379,375.528,0,,5.21163,-0.0877557,5.21237,,-0.457271,9.87162,-0.457271,0.0616248,fluid
1679,15.5362,0.493678,,958.138,379.55,0,,5.17852,-0.0949265,5.17939,,-0.301552,9.88439,-0.301552,0.0743944,fluid
1680,15.2038,0.506908,,952.283,347.209,0,,5.04444,-0.10639,5.04556,,-0.148955,9.89752,-0.148955,0.0875192,fluid
1681,15.1223,0.5197,,952.154,342.255,0,,5.02835,-0.118053,5.02974,,-0.14469,9.92283,-0.14469,0.112831,fluid
1682,15.0475,0.523957,,952.441,339.252,0,,5.00115,-0.121715,5.00263,,-0.167165,9.93734,-0.167165,0.127336,fluid
1683,14.8739,0.527605,,953.719,336.704,0,,4.96006,-0.124432,4.96162,,-0.266366,9.92893,-0.266366,0.118926,fluid
1684,14.6031,0.532459,,955.899,332.349,0,,4.90277,-0.129432,4.90448,,-0.39192,9.9617,-0.39192,0.151701,fluid
1685,14.4111,0.533177,,958.976,320.92,0,,4.84561,-0.131504,4.84739,,-0.330231,9.96232,-0.330231,0.152316,fluid
1686,14.081,0.528097,,966.48,328.945,0,,4.63501,-0.123568,4.63666,,-0.460454,9.9317,-0.460454,0.121702,fluid
1687,13.5491,0.520778,,968.506,356.363,0,,4.38732,-0.118025,4.38891,,-0.428123,9.93596,-0.428123,0.125956,fluid
1688,13.3648,0.510476,,967.036,357.768,0,,4.37304,-0.108543,4.37439,,-0.335582,9.90095,-0.335582,0.0909544,fluid
1689,13.1868,0.501978,,965.169,358.115,0,,4.36566,-0.100921,4.36682,,-0.390556,9.89209,-0.390556,0.0820891,fluid
1690,12.943,0.501675,,962.212,355.942,0,,4.36879,-0.101763,4.36997,,-0.334969,9.89161,-0.334969,0.081607,fluid
1691,12.3724,0.507495,,954.098,328.581,0,,4.11816,-0.107278,4.11955,,-0.187886,9.90485,-0.187886,0.0948539,fluid
1692,11.7526,0.522676,,960.388,317.262,0,,3.97918,-0.117419,3.98091,,-0.366213,9.91801,-0.366213,0.108007,fluid
1693,11.173,0.521575,,966.609,331.658,0,,3.71647,-0.11891,3.71837,,-0.282945,9.92242,-0.282945,0.112423,fluid
1694,11.1667,0.523221,,966.641,332.382,0,,3.72076,-0.120551,3.72271,,-0.285406,9.92675,-0.285406,0.116745,fluid
1695,12.051,0.515039,,955.932,309.065,0,,4.06456,-0.113312,4.06614,,-0.188495,9.91354,-0.188495,0.103536,fluid
1696,9.68908,0.197497,,975.038,236.384,0,,2.2847,-0.0186605,2.28478,,-0.157399,9.83339,-0.157399,0.0233851,fluid
1697,13.9929,0.204289,,977.719,259.068,0,,3.37379,-0.0177565,3.37384,,-0.455414,9.81305,-0.455414,0.00305241,fluid
1698,18.6452,0.166172,,976.681,234.444,0,,4.33479,-0.019174,4.33484,,-0.748397,9.84434,-0.748397,0.0343426,fluid
1699,18.9048,0.24315,,975.308,288.767,0,,5.13162,-0.0244744,5.13168,,-0.403863,9.84423,-0.403863,0.0342306,fluid
1700,21.0164,0.19767,,976.063,240.588,0,,5.0754,0.176058,5.07846,,-0.257169,11.3263,-0.257169,1.51628,fluid
1701,20.1122,0.27911,,979.265,233.446,0,,4.57582,0.381305,4.59168,,-0.207029,4.7197,-0.207029,-5.0903,fluid
1702,19.7739,0.186421,,982.082,199.434,0,,4.25709,-0.0162135,4.25712,,-1.33492,9.79337,-1.33492,-0.0166273,fluid
1703,22.4327,0.168409,,979.444,213.008,0,,4.87064,-0.0188044,4.87067,,-0.622488,9.82424,-0.622488,0.0142354,fluid
1704,22.6126,0.216581,,976.939,160.013,0,,4.67178,-0.0231132,4.67184,,0.59794,9.44347,0.59794,-0.366526,fluid
1705,22.8638,0.368042,,974.016,142.437,0,,5.24026,0.444836,5.25911,,2.50124,-0.409925,2.50124,-10.2199,fluid
1706,22.8174,0.315027,,975.836,141.838,0,,5.14392,0.220674,5.14865,,1.52203,0.102662,1.52203,-9.70734,fluid
1707,22.1381,0.207809,,981.123,278.886,0,,5.70765,-0.0209095,5.70769,,-0.63861,9.82605,-0.63861,0.0160533,fluid
1708,22.9649,0.364993,,972.93,158.157,0,,5.60251,0.537684,5.62826,,1.1775,1.40239,1.1775,-8.40761,fluid
1709,22.6194,0.233732,,978.176,216.719,0,,5.76309,-0.0226992,5.76313,,-0.412182,9.45339,-0.412182,-0.356606,fluid
1710,22.5973,0.238771,,978.394,223.077,0,,5.87744,-0.0229274,5.87749,,-0.505623,9.5293,-0.505623,-0.2807,fluid
1711,20.6351,0.26594,,971.682,270.847,0,,5.7684,0.243748,5.77355,,1.09526,11.7923,1.09526,1.98233,fluid
1712,22.6446,0.262228,,977.623,223.641,0,,6.07712,-0.025245,6.07717,,-0.610987,9.52395,-0.610987,-0.286048,fluid
1713,22.8236,0.288161,,974.989,205.853,0,,6.01445,-0.0222243,6.01449,,-1.18271,9.15491,-1.18271,-0.655092,fluid
1714,22.1836,0.273915,,979.256,303.306,0,,6.26708,-0.0261082,6.26714,,-0.657219,9.85572,-0.657219,0.0457192,fluid
1715,20.8188,0.270907,,972.612,289.819,0,,5.95857,-0.00212999,5.95857,,0.167127,9.76145,0.167127,-0.0485514,fluid
1716,21.8559,0.294112,,974.59,326.089,0,,6.42515,-0.0262756,6.4252,,-0.0881302,9.629,-0.0881302,-0.181005,fluid
1717,22.2945,0.310904,,979.22,297.228,0,,6.51601,-0.0304269,6.51608,,-0.814593,9.80525,-0.814593,-0.0047507,fluid
1718,21.8665,0.322272,,973.594,337.561,0,,6.57829,-0.0310864,6.57836,,-0.2315,9.65355,-0.2315,-0.156455,fluid
1719,20.4371,0.296313,,968.86,286.865,0,,5.76866,0.0159904,5.76868,,-0.763163,10.723,-0.763163,0.912995,fluid
1720,21.3287,0.31324,,965.619,305.702,0,,6.29256,-0.0154382,6.29258,,-0.124886,9.61109,-0.124886,-0.198906,fluid
1721,20.4952,0.321357,,967.53,299.984,0,,5.97708,-0.00421972,5.97709,,-0.32529,9.87111,-0.32529,0.0611109,fluid
1722,21.005,0.342838,,967.266,293.317,0,,6.3322,-0.0230642,6.33225,,-0.494975,9.82801,-0.494975,0.0180141,fluid
1723,20.8457,0.360475,,968.255,309.335,0,,6.34598,-0.0243404,6.34603,,-0.309704,9.764,-0.309704,-0.0460007,fluid
1724,19.8483,0.332516,,977.233,270.696,0,,5.7353,-0.0335093,5.7354,,-0.670334,9.78696,-0.670334,-0.0230427,fluid
1725,20.2207,0.355906,,967.605,282.024,0,,5.90696,-0.0229732,5.90701,,-1.14331,9.91511,-1.14331,0.105111,fluid
1726,19.7746,0.362503,,977.919,276.323,0,,5.844,-0.039028,5.84413,,-0.520891,9.7667,-0.520891,-0.0432995,fluid
1727,19.6407,0.372965,,979.487,291.853,0,,5.8891,-0.0412623,5.88925,,-0.828218,9.81555,-0.828218,0.00555371,fluid
1728,19.7294,0.397182,,978.084,285.215,0,,5.96674,-0.0465676,5.96692,,-0.632293,9.81386,-0.632293,0.00386007,fluid
1729,19.3775,0.385395,,978.582,335.104,0,,5.96516,-0.0447868,5.96533,,-0.743306,9.79776,-0.743306,-0.012235,fluid
1730,18.7627,0.373446,,968.315,322.744,0,,5.76166,-0.0424227,5.76182,,-0.370219,9.82796,-0.370219,0.0179638,fluid
1731,19.2538,0.405073,,975.656,355.257,0,,6.00798,-0.0503895,6.00819,,-0.637198,9.84023,-0.637198,0.0302344,fluid
1732,18.9204,0.401472,,968.332,343.144,0,,5.94195,-0.0503209,5.94216,,-0.370749,9.84164,-0.370749,0.0316394,fluid
1733,18.7774,0.405017,,967.502,330.87,0,,5.87998,-0.0507436,5.88019,,-0.378436,9.82785,-0.378436,0.0178488,fluid
1734,18.6138,0.413987,,967.36,322.445,0,,5.85275,-0.0539856,5.853,,-0.404303,9.79822,-0.404303,-0.0117824,fluid
1735,18.3651,0.422025,,967.024,336.214,0,,5.82505,-0.0562791,5.82532,,-0.48624,9.7975,-0.48624,-0.0125029,fluid
1736,18.0542,0.427694,,962.662,361.98,0,,5.7416,-0.058793,5.7419,,-0.456379,9.83068,-0.456379,0.0206784,fluid
1737,17.8418,0.431467,,959.658,356.299,0,,5.67277,-0.0606632,5.6731,,-0.29158,9.81938,-0.29158,0.0093766,fluid
1738,17.6382,0.439468,,957.716,346.073,0,,5.60786,-0.0641027,5.60823,,-0.220318,9.85374,-0.220318,0.0437423,fluid
1739,17.3609,0.449231,,956.566,326.52,0,,5.50005,-0.0685617,5.50048,,-0.261578,9.88922,-0.261578,0.0792217,fluid
1740,17.1858,0.459041,,958.229,317.944,0,,5.42248,-0.0733526,5.42298,,-0.214414,9.87766,-0.214414,0.0676554,fluid
1741,17.0449,0.467476,,960.095,320.208,0,,5.40096,-0.0769895,5.40151,,-0.301165,9.86038,-0.301165,0.0503823,fluid
1742,16.9281,0.476328,,961.441,319.007,0,,5.38634,-0.0826824,5.38697,,-0.34978,9.86317,-0.34978,0.0531733,fluid
1743,16.7874,0.483545,,962.968,323.035,0,,5.35871,-0.0864567,5.35941,,-0.400431,9.86617,-0.400431,0.0561708,fluid
1744,16.5331,0.490962,,965.843,326.966,0,,5.30293,-0.0923159,5.30374,,-0.394823,9.87742,-0.394823,0.067419,fluid
1745,16.331,0.5128,,968.075,336.515,0,,5.26636,-0.108357,5.26747,,-0.366812,9.89882,-0.366812,0.0888247,fluid
1746,16.0644,0.518325,,968.672,354.711,0,,5.20816,-0.114303,5.20942,,-0.47631,9.92431,-0.47631,0.114307,fluid
1747,15.8462,0.519365,,965.897,374.584,0,,5.24354,-0.116318,5.24483,,-0.48419,9.93142,-0.48419,0.121418,fluid
1748,15.5251,0.522462,,957.437,383.267,0,,5.22934,-0.120297,5.23072,,-0.304202,9.93565,-0.304202,0.125651,fluid
1749,15.323,0.521312,,953.021,364.367,0,,5.14983,-0.119995,5.15123,,-0.231503,9.93776,-0.231503,0.127756,fluid
1750,15.1069,0.517644,,952.21,342.869,0,,5.04425,-0.115808,5.04558,,-0.160524,9.91855,-0.160524,0.108553,fluid
1751,14.7523,0.513901,,954.87,334.08,0,,4.88093,-0.110462,4.88218,,-0.30802,9.90718,-0.30802,0.0971847,fluid
1752,14.4126,0.511664,,959.483,316.047,0,,4.74056,-0.109697,4.74183,,-0.301606,9.91137,-0.301606,0.101371,fluid
1753,14.1771,0.507409,,964.912,318.694,0,,4.60951,-0.104126,4.61069,,-0.364776,9.87553,-0.364776,0.0655313,fluid
1754,13.7087,0.504517,,969.561,350.35,0,,4.41129,-0.101706,4.41246,,-0.489691,9.89654,-0.489691,0.0865375,fluid
1755,13.3302,0.498648,,966.818,357.252,0,,4.35691,-0.0983701,4.35802,,-0.326551,9.88466,-0.326551,0.0746558,fluid
1756,12.6407,0.509707,,957.722,347.393,0,,4.20278,-0.107504,4.20416,,-0.289375,9.90127,-0.289375,0.0912693,fluid
1757,12.2144,0.517191,,954.021,317.185,0,,4.11867,-0.116572,4.12032,,-0.132095,9.92074,-0.132095,0.110735,fluid
1758,12.1901,0.520335,,954.158,315.838,0,,4.12186,-0.119505,4.12359,,-0.128688,9.92704,-0.128688,0.117043,fluid
1759,12.8374,0.50413,,960.916,355.451,0,,4.34337,-0.103638,4.3446,,-0.273888,9.88177,-0.273888,0.0717687,fluid
1760,10.7385,0.195004,,976.63,240.604,0,,2.52124,-0.0216043,2.52133,,-0.0908196,9.80578,-0.0908196,-0.00421917,fluid
1761,16.4227,0.223173,,974.854,282.388,0,,4.30701,-0.022857,4.30707,,-0.374732,9.83791,-0.374732,0.0279051,fluid
1762,21.2423,0.176511,,975.857,214.358,0,,4.78701,0.395383,4.80331,,-0.360487,12.2708,-0.360487,2.46079,fluid
1763,19.7729,0.176885,,982.366,200.716,0,,4.26577,-0.0149125,4.26579,,-1.65041,9.79,-1.65041,-0.0199963,fluid
1764,24.6746,0.227864,,978.816,286.491,0,,6.42857,-0.0121213,6.42858,,0.787902,10.131,0.787902,0.320959,fluid
1765,24.4035,0.227951,,980.816,277.251,0,,6.37353,-0.00390568,6.37354,,-0.176066,10.1342,-0.176066,0.324248,fluid
1766,21.8715,0.139756,,982.741,229.193,0,,5.01387,-0.00807237,5.01387,,1.18615,9.72479,1.18615,-0.085213,fluid
1767,25.3777,0.22317,,977.386,258.281,0,,6.20453,-0.0226582,6.20457,,-0.325112,9.756,-0.325112,-0.0540037,fluid
1768,25.2283,0.19897,,977.378,255.719,0,,6.126,-0.0192011,6.12603,,-0.761882,9.85764,-0.761882,0.0476363,fluid
1769,26.0657,0.300982,,978.325,245.716,0,,6.15333,0.266616,6.1591,,-1.31965,7.26692,-1.31965,-2.54308,fluid
1770,25.6375,0.2276,,978.958,263.559,0,,6.36192,-0.0220903,6.36196,,-0.395561,9.68034,-0.395561,-0.129659,fluid
1771,25.3856,0.23185,,977.64,281.578,0,,6.66774,-0.0225905,6.66778,,-0.679815,9.80027,-0.679815,-0.00972532,fluid
1772,26.9341,0.292927,,970.782,351.866,0,,8.23745,0.0252071,8.23749,,-0.459835,2.55302,-0.459835,-7.25698,fluid
1773,25.7481,0.250572,,978.684,272.433,0,,6.60213,-0.0214481,6.60217,,-0.918211,9.64424,-0.918211,-0.165761,fluid
1774,25.6822,0.257706,,977.982,287.084,0,,6.83066,-0.0238162,6.8307,,-0.62174,9.72365,-0.62174,-0.086352,fluid
1775,24.1964,0.248992,,981.217,295.829,0,,6.61706,-0.00593019,6.61706,,-1.30237,9.90062,-1.30237,0.0906161,fluid
1776,25.2174,0.270174,,975.744,298.93,0,,6.95051,-0.0251379,6.95055,,-0.722392,9.85021,-0.722392,0.0402131,fluid
1777,24.9327,0.28836,,973.437,313.949,0,,6.99738,-0.0250448,6.99743,,-0.218309,9.93429,-0.218309,0.124288,fluid
1778,24.5336,0.280473,,977.522,289.272,0,,6.89255,-0.0142409,6.89256,,0.150951,10.0611,0.150951,0.251075,fluid
1779,22.8677,0.278016,,975.676,196.356,0,,5.64153,-0.0170085,5.64155,,-1.8244,8.99767,-1.8244,-0.812327,fluid
1780,23.9256,0.315191,,977.78,343.473,0,,7.39231,-0.00423494,7.39231,,-0.940275,5.93332,-0.940275,-3.87668,fluid
1781,24.4125,0.311615,,977.252,300.259,0,,7.04403,-0.0174917,7.04405,,-0.380159,10.0631,-0.380159,0.253054,fluid
1782,24.1882,0.327474,,978.375,314.657,0,,7.11379,-0.0199055,7.11381,,-0.881982,9.88449,-0.881982,0.0744867,fluid
1783,23.8749,0.334914,,976.344,351.326,0,,7.44836,-0.00265719,7.44836,,-0.516614,4.96774,-0.516614,-4.84226,fluid
1784,22.4578,0.304418,,979.314,263.394,0,,6.46501,-0.0296438,6.46508,,-1.06778,9.84954,-1.06778,0.0395351,fluid
1785,22.9236,0.326556,,971.781,212.853,0,,6.32168,-0.0212457,6.32172,,-1.73437,9.21235,-1.73437,-0.597654,fluid
1786,22.9365,0.344885,,970.512,212.198,0,,6.499,-0.0248304,6.49905,,-1.49812,9.27287,-1.49812,-0.537125,fluid
1787,22.9668,0.361505,,968.942,211.931,0,,6.6353,-0.0264522,6.63535,,-1.4211,9.30976,-1.4211,-0.500237,fluid
1788,22.6955,0.345957,,975.833,225.909,0,,6.65507,-0.0359159,6.65517,,-1.14765,9.63392,-1.14765,-0.176081,fluid
1789,22.4175,0.35074,,979.146,283.4,0,,6.71282,-0.036894,6.71292,,-1.01568,9.83838,-1.01568,0.0283838,fluid
1790,21.9826,0.355331,,974.161,345.033,0,,6.72756,-0.0381365,6.72766,,-0.480182,9.81587,-0.480182,0.0058665,fluid
1791,21.7013,0.359984,,969.185,352.86,0,,6.68937,-0.034811,6.68946,,-0.106066,9.66552,-0.106066,-0.144478,fluid
1792,21.9299,0.380155,,972.499,353.025,0,,6.80788,-0.0438937,6.80802,,-0.447134,9.8097,-0.447134,-0.000298207,fluid
1793,21.6307,0.386357,,966.866,356.71,0,,6.74662,-0.0402607,6.74674,,-0.122454,9.61252,-0.122454,-0.197476,fluid
1794,21.4429,0.395388,,963.033,341.358,0,,6.7171,-0.0393296,6.71722,,-0.116196,9.71034,-0.116196,-0.099662,fluid
1795,21.1218,0.397917,,963.087,303.571,0,,6.58529,-0.0395236,6.58541,,-0.485135,9.79025,-0.485135,-0.0197492,fluid
1796,20.6671,0.399135,,965.832,330.979,0,,6.38289,-0.0334689,6.38298,,-0.276852,9.82566,-0.276852,0.0156615,fluid
1797,20.181,0.399332,,966.652,279.599,0,,6.0536,-0.0395162,6.05373,,-0.785925,9.90522,-0.785925,0.0952217,fluid
1798,20.0428,0.407804,,970.358,275.982,0,,6.04912,-0.0469439,6.0493,,-0.645868,9.84383,-0.645868,0.0338325,fluid
1799,19.9863,0.419271,,971.674,275.559,0,,6.07213,-0.0526178,6.07235,,-0.622345,9.85908,-0.622345,0.0490753,fluid
1800,19.909,0.427839,,973.635,275.331,0,,6.08276,-0.0573229,6.08303,,-0.580144,9.82099,-0.580144,0.0109854,fluid
1801,19.8181,0.432399,,975.837,281.28,0,,6.08015,-0.0591153,6.08043,,-0.555145,9.78532,-0.555145,-0.0246761,fluid
1802,19.609,0.440491,,978.942,305.007,0,,6.08716,-0.0614204,6.08747,,-0.805474,9.82154,-0.805474,0.0115436,fluid
1803,19.3578,0.453376,,977.174,352.182,0,,6.13787,-0.068636,6.13826,,-0.686023,9.83646,-0.686023,0.0264579,fluid
1804,19.1995,0.464014,,973.085,370.859,0,,6.15418,-0.0746876,6.15463,,-0.565913,9.86978,-0.565913,0.0597848,fluid
1805,18.7704,0.469838,,966.179,338.833,0,,6.02412,-0.0782429,6.02463,,-0.344293,9.85764,-0.344293,0.0476352,fluid
1806,18.2977,0.475782,,965.17,352.707,0,,5.90228,-0.0812081,5.90284,,-0.443548,9.8563,-0.443548,0.0463037,fluid
1807,18.1625,0.48518,,962.917,365.572,0,,5.91364,-0.0877359,5.91429,,-0.434597,9.87659,-0.434597,0.0665945,fluid
1808,17.7587,0.485392,,957.499,358.81,0,,5.73409,-0.0890712,5.73478,,-0.260146,9.87758,-0.260146,0.0675821,fluid
1809,17.1788,0.484362,,957.556,320.043,0,,5.48342,-0.0884091,5.48413,,-0.191182,9.87727,-0.191182,0.0672667,fluid
1810,16.9766,0.496203,,960.418,321.015,0,,5.43226,-0.0959613,5.43311,,-0.308468,9.88742,-0.308468,0.0774179,fluid
1811,16.8924,0.511781,,961.29,322.588,0,,5.4477,-0.108744,5.44878,,-0.34485,9.88723,-0.34485,0.0772311,fluid
1812,16.6205,0.513117,,964.491,326.105,0,,5.37519,-0.109787,5.37631,,-0.420249,9.91225,-0.420249,0.10225,fluid
1813,16.3343,0.514465,,968.029,336.544,0,,5.27319,-0.109914,5.27434,,-0.364306,9.9013,-0.364306,0.091301,fluid
1814,16.0685,0.511612,,968.76,354.187,0,,5.20575,-0.107966,5.20687,,-0.487133,9.90936,-0.487133,0.0993643,fluid
1815,15.7192,0.510621,,963.087,380.96,0,,5.23491,-0.108621,5.23604,,-0.39869,9.90812,-0.39869,0.0981227,fluid
1816,15.4715,0.501748,,956.282,377.831,0,,5.19045,-0.101169,5.19144,,-0.282147,9.89428,-0.282147,0.0842752,fluid
1817,15.1395,0.494435,,952.462,343.004,0,,5.03577,-0.0959553,5.03668,,-0.16528,9.87015,-0.16528,0.0601538,fluid
1818,14.7487,0.495477,,955.243,331.321,0,,4.82644,-0.0951192,4.82737,,-0.30981,9.87953,-0.30981,0.069525,fluid
1819,14.316,0.500728,,962.024,312.318,0,,4.61364,-0.100201,4.61473,,-0.289921,9.88348,-0.289921,0.0734835,fluid
1820,13.4877,0.505326,,968.165,355.725,0,,4.36218,-0.104234,4.36342,,-0.364036,9.90145,-0.364036,0.0914507,fluid
1821,13.0933,0.507294,,963.968,357.511,0,,4.36314,-0.10573,4.36442,,-0.380023,9.90363,-0.380023,0.0936327,fluid
1822,13.0322,0.509109,,963.2,357.365,0,,4.36536,-0.107692,4.36668,,-0.373262,9.90826,-0.373262,0.0982608,fluid
1823,13.479,0.49965,,968.147,355.907,0,,4.36291,-0.0995922,4.36405,,-0.370192,9.89293,-0.370192,0.0829335,fluid
1824,11.2584,0.175627,,979.28,236.778,0,,2.52288,-0.0156421,2.52293,,-0.0976326,9.83388,-0.0976326,0.0238764,fluid
1825,18.5249,0.287303,,970.784,287.932,0,,5.15883,-0.0283611,5.1589,,-0.182402,9.80646,-0.182402,-0.00353844,fluid
1826,24.5969,0.186372,,982.154,267.758,0,,6.03469,-0.00498669,6.03469,,1.14069,10.0919,1.14069,0.281883,fluid
1827,22.8544,0.321171,,975.738,147.043,0,,5.21827,0.227198,5.22321,,1.14744,0.623166,1.14744,-9.18683,fluid
1828,23.9499,0.194599,,981.157,222.901,0,,6.01992,0.820799,6.07562,,1.45575,9.02404,1.45575,-0.785965,fluid
1829,26.6231,0.427473,,962.615,246.874,0,,7.29997,0.212216,7.30306,,1.15623,2.29342,1.15623,-7.51658,fluid
1830,24.5837,0.15082,,984.674,245.804,0,,5.45591,-0.00141917,5.45591,,1.66682,10.1522,1.66682,0.34224,fluid
1831,27.8525,0.185248,,977.37,251.746,0,,6.66807,-0.0181974,6.66809,,-1.14839,9.72836,-1.14839,-0.081642,fluid
1832,27.7294,0.186408,,977.429,263.431,0,,6.74662,-0.0176337,6.74665,,-1.34185,9.85814,-1.34185,0.0481441,fluid
1833,29.4851,0.318557,,993.914,511.294,0,,7.73074,-0.00530147,7.73074,,-18.4674,8.64146,-18.4674,-1.16854,fluid
1834,28.7612,0.262957,,980.208,346.155,0,,7.15011,-0.00917315,7.15012,,-3.42282,10.1745,-3.42282,0.364507,fluid
1835,27.8325,0.221015,,975.891,273.188,0,,7.1859,-0.0200933,7.18593,,-0.99362,9.74878,-0.99362,-0.0612187,fluid
1836,29.9709,0.285666,,1002.73,183.587,43148,,6.6844,-0.0207784,6.68443,,-14.0776,8.85464,-12.6418,-0.95536,fluid
1837,28.6793,0.252397,,979.712,342.667,0,,7.37214,-0.0147267,7.37215,,-3.06333,10.16,-3.06333,0.350006,fluid
1838,28.4505,0.255426,,978.139,329.425,0,,7.70365,-0.0231223,7.70369,,-0.902279,9.92174,-0.902279,0.111738,fluid
1839,27.6587,0.258989,,975.479,291.937,0,,7.45064,-0.0236744,7.45068,,-0.946824,9.86123,-0.946824,0.0512278,fluid
1840,27.8597,0.276882,,973.762,289.267,0,,7.69905,-0.0258066,7.69909,,-0.661066,9.74305,-0.661066,-0.0669457,fluid
1841,28.0489,0.292753,,973.165,301.02,0,,7.93589,-0.0272874,7.93593,,-0.618469,9.79411,-0.618469,-0.0158926,fluid
1842,27.5738,0.287857,,975.389,301.213,0,,7.71692,-0.0262563,7.71697,,-0.857761,9.77233,-0.857761,-0.0376725,fluid
1843,27.0153,0.29543,,972.587,336.347,0,,8.22948,-0.0245551,8.22952,,-0.977912,9.53719,-0.977912,-0.272806,fluid
1844,25.7572,0.289889,,977.023,297.286,0,,7.13055,-0.0259878,7.1306,,-0.783364,9.67649,-0.783364,-0.133511,fluid
1845,27.5434,0.318218,,974.936,310.333,0,,7.96791,-0.030185,7.96797,,-0.825662,9.80402,-0.825662,-0.00598114,fluid
1846,26.2709,0.352174,,971.728,238.763,0,,6.98356,0.355896,6.99262,,-0.618539,9.17132,-0.618539,-0.638676,fluid
1847,25.7284,0.319211,,976.057,309.986,0,,7.35792,-0.0308351,7.35799,,-0.563623,9.72597,-0.563623,-0.0840301,fluid
1848,24.8732,0.307167,,972.786,317.405,0,,7.12967,-0.0270252,7.12972,,-0.118027,9.85414,-0.118027,0.0441449,fluid
1849,25.465,0.330197,,975.4,317.787,0,,7.41924,-0.0333863,7.41932,,-0.552986,9.85387,-0.552986,0.043869,fluid
1850,25.3732,0.340456,,975.048,321.134,0,,7.46855,-0.0354809,7.46864,,-0.482124,9.75213,-0.482124,-0.057872,fluid
1851,25.4101,0.356871,,974.799,324.809,0,,7.54779,-0.038574,7.54789,,-0.525982,9.83943,-0.525982,0.0294344,fluid
1852,24.9911,0.354525,,971.804,332.707,0,,7.42192,-0.0365487,7.42201,,-0.493349,9.87623,-0.493349,0.0662259,fluid
1853,24.5109,0.358571,,974.576,302.086,0,,7.32711,-0.0297698,7.32717,,-0.181836,10.0015,-0.181836,0.191534,fluid
1854,23.9574,0.352325,,976.887,334.5,0,,7.35971,-0.0264552,7.35975,,-0.985766,9.46546,-0.985766,-0.344539,fluid
1855,23.7923,0.36162,,973.911,347.653,0,,7.44491,-0.0201609,7.44493,,0.231983,8.98746,0.231983,-0.82254,fluid
1856,23.7147,0.376502,,971.324,350.615,0,,7.42171,-0.0181129,7.42173,,0.834629,8.99379,0.834629,-0.816214,fluid
1857,23.5411,0.397045,,964.652,319.329,0,,7.24632,0.0662653,7.24663,,1.08698,7.59907,1.08698,-2.21093,fluid
1858,23.3389,0.396812,,961.141,263.69,0,,6.9656,0.0167606,6.96562,,-0.49928,9.32208,-0.49928,-0.487923,fluid
1859,23.1226,0.394868,,963.339,228.416,0,,6.83512,-0.019942,6.83515,,-1.72782,9.39551,-1.72782,-0.414493,fluid
1860,22.9329,0.391398,,968.69,203.549,0,,6.83381,-0.0394342,6.83392,,-0.818522,9.41178,-0.818522,-0.398217,fluid
1861,22.7592,0.393514,,973.807,215.543,0,,6.83782,-0.0441643,6.83796,,-1.05878,9.61974,-1.05878,-0.190258,fluid
1862,22.569,0.4029,,977.676,251.227,0,,6.89722,-0.0486173,6.89739,,-1.04145,9.78998,-1.04145,-0.0200201,fluid
1863,22.4665,0.417496,,978.593,280.014,0,,6.95692,-0.0534645,6.95713,,-1.03091,9.8594,-1.03091,0.0494027,fluid
1864,22.1688,0.427282,,975.482,348.621,0,,6.96237,-0.0582016,6.96261,,-0.660783,9.84853,-0.660783,0.0385321,fluid
1865,21.6546,0.437673,,965.998,364.579,0,,6.87625,-0.0597455,6.87651,,-0.271424,9.72429,-0.271424,-0.0857058,fluid
1866,21.2277,0.446407,,960.55,317.763,0,,6.75884,-0.0601421,6.75911,,-0.291495,9.8575,-0.291495,0.0474964,fluid
1867,20.4943,0.448886,,961.912,329.731,0,,6.42379,-0.0553524,6.42402,,-0.36264,9.87778,-0.36264,0.0677752,fluid
1868,20.0491,0.453345,,969.029,276.832,0,,6.16579,-0.066597,6.16615,,-0.493002,9.84701,-0.493002,0.0370099,fluid
1869,19.9821,0.460448,,970.933,276.101,0,,6.17382,-0.0712014,6.17423,,-0.519831,9.85479,-0.519831,0.0447918,fluid
1870,19.7388,0.463596,,977.06,290.992,0,,6.12123,-0.0721047,6.12166,,-0.608343,9.83573,-0.608343,0.0257318,fluid
1871,19.3911,0.468866,,977.544,347.742,0,,6.1606,-0.0766979,6.16108,,-0.70848,9.85049,-0.70848,0.0404881,fluid
1872,19.1454,0.47413,,971.331,371.4,0,,6.15424,-0.0809105,6.15477,,-0.495223,9.85956,-0.495223,0.0495581,fluid
1873,18.8119,0.48205,,966.053,342.761,0,,6.05833,-0.0861695,6.05894,,-0.312886,9.86165,-0.312886,0.0516468,fluid
1874,18.5069,0.49872,,966.011,336.55,0,,5.99486,-0.0972338,5.99564,,-0.414485,9.87583,-0.414485,0.0658303,fluid
1875,18.2985,0.506478,,964.658,356.811,0,,5.96347,-0.103392,5.96437,,-0.416587,9.89456,-0.416587,0.0845649,fluid
1876,18.1028,0.506834,,961.444,374.464,0,,5.95758,-0.104709,5.9585,,-0.413034,9.9062,-0.413034,0.0961978,fluid
1877,17.6027,0.512806,,955.868,354.968,0,,5.74513,-0.110134,5.74619,,-0.28525,9.91561,-0.28525,0.105607,fluid
1878,17.3381,0.515575,,954.697,338.299,0,,5.73781,-0.11335,5.73892,,-0.292646,9.94115,-0.292646,0.131145,fluid
1879,16.7242,0.508427,,963.322,324.868,0,,5.38983,-0.105191,5.39085,,-0.422535,9.89622,-0.422535,0.08622,fluid
1880,16.2283,0.500563,,968.905,340.337,0,,5.19089,-0.0980568,5.19181,,-0.432345,9.89252,-0.432345,0.0825176,fluid
1881,15.98,0.493011,,968.24,360.075,0,,5.18993,-0.093335,5.19077,,-0.436227,9.88158,-0.436227,0.0715752,fluid
1882,15.7384,0.492756,,963.81,378.432,0,,5.21248,-0.0940106,5.21333,,-0.392818,9.88436,-0.392818,0.0743571,fluid
1883,15.4055,0.493238,,954.896,366.682,0,,5.11656,-0.0950761,5.11744,,-0.247605,9.87903,-0.247605,0.0690259,fluid
1884,14.6552,0.504591,,955.913,327.737,0,,4.80406,-0.102477,4.80515,,-0.303594,9.88851,-0.303594,0.0785095,fluid
1885,13.9559,0.511124,,968.594,334.523,0,,4.50254,-0.106755,4.50381,,-0.445995,9.90203,-0.445995,0.0920323,fluid
1886,13.7853,0.51075,,969.568,346.734,0,,4.43567,-0.106522,4.43695,,-0.502072,9.90626,-0.502072,0.0962584,fluid
1887,14.4382,0.500223,,959.261,315.11,0,,4.70741,-0.100083,4.70848,,-0.293201,9.89643,-0.293201,0.0864276,fluid
1888,11.9607,0.165998,,973.271,213.621,0,,2.66341,-0.0170654,2.66347,,-0.243026,9.83117,-0.243026,0.0211681,fluid
1889,18.5543,0.148506,,976.977,223.909,0,,4.05083,-0.0178874,4.05087,,-0.66096,9.78774,-0.66096,-0.0222566,fluid
1890,26.2758,0.355128,,972.984,223.254,0,,6.53512,0.401415,6.54743,,0.178908,8.7023,0.178908,-1.1077,fluid
1891,26.2275,0.348934,,973.799,239.225,0,,6.54481,0.271321,6.55043,,-0.283999,8.71866,-0.283999,-1.09134,fluid
1892,26.4366,0.440745,,967.075,245.672,0,,6.87184,0.176791,6.87411,,1.7051,3.55748,1.7051,-6.25252,fluid
1893,30.0844,0.22224,,999.015,195.414,0,,5.98274,-0.0362515,5.98285,,-8.97035,9.86728,-8.97035,0.0572801,fluid
1894,27.1525,0.157197,,983.594,248.416,0,,6.41713,-0.0163579,6.41716,,-1.36773,9.80093,-1.36773,-0.00906961,fluid
1895,30.9028,1.4609,,989.793,-124.915,0,,0.71863,3.78174,3.84942,,-9.82937,4.23445,-9.82937,-5.57555,fluid
1896,30.6144,0.247292,,1000.78,197.507,12263.9,,4.7247,0.282902,4.73316,,-15.0932,24.6158,-14.6929,14.8058,fluid
1897,31.1618,0.369991,,1008.47,24.0417,136343,,1.17295,-0.214578,1.19242,,19.8811,11.1544,24.2197,1.34445,fluid
1898,31.159,0.346541,,1010.01,23.7852,161974,,0.752165,-0.242994,0.790442,,24.6146,10.2115,29.7613,0.401528,fluid
1899,30.0672,0.231263,,999.676,194.185,0,,6.15401,-0.0400212,6.15414,,-8.4141,9.84054,-8.4141,0.0305441,fluid
1900,30.9955,2.31243,,1001.56,-32.1205,24647.3,,-2.01279,5.46816,5.82685,,-18.7937,-22.6159,-17.9997,-32.4259,fluid
1901,30.7162,0.305442,,1000.76,160.358,12006.3,,4.16559,0.269789,4.17431,,-13.7336,22.968,-13.343,13.158,fluid
1902,30.7094,0.266122,,1001.81,203.927,28587.7,,5.5444,0.241769,5.54967,,-19.0635,21.4233,-18.1342,11.6133,fluid
1903,30.5174,0.267282,,1002.46,242.824,38971.2,,5.87869,0.10079,5.87955,,-28.1797,19.0978,-26.9059,9.28782,fluid
1904,30.6024,0.284182,,1002.77,220.83,43777.1,,5.75861,0.0969574,5.75943,,-26.5252,17.7446,-25.0986,7.93462,fluid
1905,30.5573,0.295907,,1002.57,224.29,40723.8,,5.69105,0.0933566,5.69182,,-27.1169,18.3736,-25.7877,8.56364,fluid
1906,30.3492,0.293913,,1001.24,269.853,19502,,6.15352,-0.000670371,6.15352,,-17.8039,10.9706,-17.1621,1.16061,fluid
1907,29.3483,0.3173,,988.894,497.331,0,,7.77879,0.276487,7.7837,,-12.881,13.6401,-12.881,3.83013,fluid
1908,28.9214,0.301423,,980.208,418.819,0,,7.7208,0.00832122,7.7208,,-4.21227,11.3493,-4.21227,1.53927,fluid
1909,28.9609,0.316883,,979.942,435.82,0,,7.86481,0.0100326,7.86482,,-4.21467,11.4777,-4.21467,1.66769,fluid
1910,28.86,0.32792,,978.615,420.533,0,,8.07017,-0.0128549,8.07018,,-2.78264,10.1893,-2.78264,0.379269,fluid
1911,28.6242,0.326705,,978.023,379.96,0,,8.19934,-0.0302498,8.1994,,-1.23734,9.95094,-1.23734,0.140941,fluid
1912,28.2282,0.322976,,973.831,334.307,0,,8.18906,-0.0317896,8.18913,,-0.571153,9.85209,-0.571153,0.042087,fluid
1913,28.0542,0.32608,,972.108,311.315,0,,8.15696,-0.032181,8.15703,,-0.509805,9.79531,-0.509805,-0.0146943,fluid
1914,28.1513,0.338787,,972.452,331.345,0,,8.26064,-0.0349057,8.26072,,-0.550368,9.82655,-0.550368,0.0165482,fluid
1915,28.0376,0.349908,,971.404,314.785,0,,8.2712,-0.0364724,8.27128,,-0.470089,9.81259,-0.470089,0.00258984,fluid
1916,27.8251,0.359048,,972.044,301.643,0,,8.24014,-0.0381737,8.24023,,-0.408252,9.77485,-0.408252,-0.0351531,fluid
1917,26.9829,0.367786,,967.594,335.311,0,,8.17265,-0.0383068,8.17274,,-0.59751,9.64296,-0.59751,-0.167038,fluid
1918,26.0816,0.359273,,974.109,285.742,0,,7.31608,-0.0175639,7.3161,,-1.8499,9.20657,-1.8499,-0.603431,fluid
1919,25.9327,0.358975,,974.842,310.337,0,,7.50685,-0.0317637,7.50692,,-1.51741,9.69203,-1.51741,-0.117973,fluid
1920,25.9392,0.368925,,974.547,311.493,0,,7.55987,-0.034099,7.55995,,-1.46444,9.71202,-1.46444,-0.0979846,fluid
1921,25.951,0.380237,,974.214,311.855,0,,7.61124,-0.0366743,7.61133,,-1.42881,9.73006,-1.42881,-0.0799374,fluid
1922,25.8609,0.387544,,974.258,321.009,0,,7.68033,-0.0434404,7.68046,,-0.932519,9.68728,-0.932519,-0.122721,fluid
1923,25.5901,0.390544,,974.33,328.311,0,,7.67977,-0.0455841,7.6799,,-0.583085,9.78701,-0.583085,-0.0229865,fluid
1924,25.1978,0.393376,,973.274,338.823,0,,7.64724,-0.0466275,7.64738,,-0.560075,9.84716,-0.560075,0.0371586,fluid
1925,24.7338,0.395705,,970.539,318.201,0,,7.52504,-0.0448152,7.52518,,-0.25037,9.95257,-0.25037,0.142575,fluid
1926,24.409,0.402862,,974.358,309.764,0,,7.45119,-0.0420761,7.45131,,-0.425306,9.95565,-0.425306,0.145653,fluid
1927,23.8676,0.413843,,973.7,345.204,0,,7.41567,-0.0452064,7.41581,,-0.561383,9.39331,-0.561383,-0.416686,fluid
1928,23.4635,0.426592,,961.688,302.533,0,,7.21358,-0.0204462,7.21361,,0.290461,9.44718,0.290461,-0.362819,fluid
1929,23.2259,0.430493,,959.837,243.786,0,,7.0667,-0.0291761,7.06676,,-1.03702,9.63412,-1.03702,-0.17588,fluid
1930,22.9354,0.432799,,967.585,196.203,0,,7.00377,-0.055676,7.00399,,-0.49387,9.52624,-0.49387,-0.283758,fluid
1931,22.6398,0.441741,,976.232,234.911,0,,6.99178,-0.0622208,6.99205,,-1.1411,9.82312,-1.1411,0.0131228,fluid
1932,22.4191,0.447636,,978.511,297.047,0,,7.04643,-0.0652728,7.04673,,-0.986031,9.8473,-0.986031,0.0372979,fluid
1933,21.7757,0.45219,,967.96,370.768,0,,6.94577,-0.0679521,6.9461,,-0.367482,9.78364,-0.367482,-0.0263585,fluid
1934,21.4146,0.459574,,961.028,345.59,0,,6.87374,-0.0681685,6.87407,,-0.225845,9.8002,-0.225845,-0.0097961,fluid
1935,20.8676,0.467458,,964.334,322.541,0,,6.64917,-0.0709861,6.64955,,-0.339434,9.81944,-0.339434,0.00943575,fluid
1936,20.2726,0.473969,,961.86,293.597,0,,6.356,-0.075098,6.35644,,-0.418392,9.91331,-0.418392,0.103311,fluid
1937,20.1767,0.490645,,963.711,279.068,0,,6.37513,-0.089239,6.37576,,-0.331422,9.88471,-0.331422,0.0747137,fluid
1938,19.847,0.494882,,974.393,282.332,0,,6.20807,-0.0933394,6.20877,,-0.560813,9.8565,-0.560813,0.0464987,fluid
1939,19.4739,0.500546,,978.26,336.878,0,,6.19591,-0.097297,6.19668,,-0.78298,9.89734,-0.78298,0.0873423,fluid
1940,19.2096,0.501529,,972.866,375.24,0,,6.2095,-0.0996491,6.2103,,-0.553804,9.90264,-0.553804,0.0926367,fluid
1941,18.7143,0.502922,,965.776,335.911,0,,6.05031,-0.100894,6.05115,,-0.334853,9.89335,-0.334853,0.0833488,fluid
1942,18.4222,0.50309,,965.779,343.176,0,,6.01571,-0.100796,6.01656,,-0.44423,9.89113,-0.44423,0.081131,fluid
1943,18.0054,0.501416,,959.965,372.959,0,,5.88639,-0.100405,5.88725,,-0.339175,9.89861,-0.339175,0.0886126,fluid
1944,17.5488,0.501786,,955.624,351.978,0,,5.71366,-0.100636,5.71455,,-0.287987,9.90583,-0.287987,0.0958264,fluid
1945,17.3191,0.49843,,955.186,334.649,0,,5.67811,-0.098503,5.67896,,-0.283436,9.91698,-0.283436,0.106983,fluid
1946,16.6126,0.495193,,964.768,325.022,0,,5.34504,-0.0949248,5.34589,,-0.427332,9.88057,-0.427332,0.0705688,fluid
1947,16.1886,0.485418,,969.223,341.284,0,,5.17227,-0.0873061,5.17301,,-0.443759,9.87689,-0.443759,0.0668877,fluid
1948,15.6447,0.498932,,961.174,379.151,0,,5.19827,-0.0989105,5.19921,,-0.313254,9.88058,-0.313254,0.0705797,fluid
1949,14.939,0.502825,,953.558,332.595,0,,4.90042,-0.101994,4.90148,,-0.213798,9.8847,-0.213798,0.0746991,fluid
1950,14.8417,0.50508,,954.319,333.354,0,,4.88041,-0.102797,4.88149,,-0.272812,9.88718,-0.272812,0.0771799,fluid
1951,15.3468,0.49471,,953.774,363.178,0,,5.10938,-0.0963998,5.11029,,-0.236922,9.88225,-0.236922,0.0722481,fluid
1952,13.8303,0.223671,,977.139,273.3,0,,3.47482,-0.0219409,3.47489,,-0.262536,9.79306,-0.262536,-0.0169431,fluid
1953,20.9361,0.21143,,975.35,240.894,0,,5.1696,0.198398,5.1734,,0.549194,10.8642,0.549194,1.05421,fluid
1954,30.5048,0.210708,,1001.79,252.197,28249.2,,5.91818,0.195104,5.9214,,-26.0302,24.34,-25.1058,14.53,fluid
1955,29.3968,0.432645,,990.429,556.127,0,,7.59944,-0.0343211,7.59952,,-16.9847,9.73382,-16.9847,-0.0761832,fluid
1956,30.7447,0.295043,,1001.16,183.674,18253.4,,4.92162,0.263982,4.92869,,-17.3536,21.719,-16.7605,11.909,fluid
1957,31.0119,2.1603,,1001.18,-34.8163,18580,,-1.37208,5.71649,5.87884,,-17.232,-14.1141,-16.6336,-23.9241,fluid
1958,30.5275,0.212593,,1001.86,248.969,29427.2,,5.8434,0.220387,5.84755,,-25.6456,24.875,-24.6834,15.065,fluid
1959,31.4436,0.441783,,1005.44,-25.7131,86835.1,,0.607147,-0.0246302,0.607646,,-28.0689,11.0591,-25.3222,1.24909,fluid
1960,31.1729,0.397955,,1006.44,50.109,103015,,1.74007,-0.143925,1.74601,,12.5917,11.2323,15.8752,1.42228,fluid
1961,31.5981,0.294239,,1002.02,56.635,31837.5,,0.531611,0.199733,0.567894,,-10.3233,2.13481,-9.31779,-7.67519,fluid
1962,31.5486,1.03258,,1002.15,82.9133,33940.4,,0.222772,3.02822,3.0364,,-9.96098,-1.26915,-8.88747,-11.0791,fluid
1963,31.617,0.324478,,1001.48,61.9979,23381.1,,0.524712,0.142365,0.543683,,-8.28178,3.90679,-7.54336,-5.90321,fluid
1964,31.5637,1.26188,,1000.14,58.4697,2247.17,,0.244388,2.70396,2.71499,,1.19926,13.3902,1.27044,3.58021,fluid
1965,31.558,1.28592,,1000.18,53.7787,2804.48,,0.2331,2.79815,2.80784,,0.637313,13.5433,0.726165,3.73331,fluid
1966,31.5783,1.259,,999.887,54.1757,0,,0.229479,2.64113,2.65108,,2.97186,13.3407,2.97186,3.53075,fluid
1967,31.624,0.759325,,996.425,90.698,0,,0.384698,2.26461,2.29705,,1.73723,10.5939,1.73723,0.783915,fluid
1968,31.6219,0.438786,,1001.31,66.2063,20621.6,,0.461128,0.619672,0.77242,,-6.23103,12.3382,-5.57975,2.52816,fluid
1969,31.6213,0.425521,,1001.37,67.2488,21591.9,,0.462746,0.513677,0.691374,,-6.54025,10.723,-5.85835,0.913034,fluid
1970,31.2832,0.315182,,1008.55,164.028,137626,,0.62965,-0.104682,0.638292,,1.63345,5.85149,5.99555,-3.95851,fluid
1971,30.8427,1.74976,,975.931,-208.36,0,,-1.17588,4.206,4.36728,,-5.16462,-1.20865,-5.16462,-11.0187,fluid
1972,30.8351,0.425475,,998.232,93.1514,0,,2.88972,0.266602,2.90199,,-19.5293,25.1532,-19.5293,15.3432,fluid
1973,30.8477,0.4166,,998.705,104.431,0,,2.84726,0.287047,2.86169,,-20.8809,25.3975,-20.8809,15.5875,fluid
1974,30.8458,0.387873,,999.508,132.006,0,,3.0817,0.311145,3.09737,,-21.3449,25.5699,-21.3449,15.7599,fluid
1975,30.8457,0.34243,,1000.05,188.985,742.87,,4.062,0.382681,4.07999,,-23.8753,26.4151,-23.8512,16.6051,fluid
1976,30.8162,0.332743,,999.511,175.922,0,,5.3611,0.311193,5.37013,,-23.949,26.037,-23.949,16.227,fluid
1977,30.6098,0.332035,,1002.39,196.138,37838.5,,5.42986,0.085577,5.43054,,-24.1288,17.9785,-22.8956,8.16845,fluid
1978,30.4126,0.363283,,1001.83,237.217,28897.5,,5.70096,0.0426359,5.70112,,-19.3942,16.0031,-18.4457,6.19315,fluid
1979,30.2577,0.362326,,1001.14,234.083,18000.1,,6.06186,-0.0130965,6.06187,,-11.5521,10.8505,-10.9579,1.04048,fluid
1980,29.533,0.363882,,994.659,546.704,0,,7.87015,-0.0278377,7.8702,,-22.5586,8.77509,-22.5586,-1.03491,fluid
1981,29.2069,0.363186,,982.457,528.988,0,,8.14736,0.0255462,8.1474,,-8.9712,11.1293,-8.9712,1.31928,fluid
1982,29.0214,0.363287,,978.651,473.073,0,,8.22127,-0.00643191,8.22127,,-4.0823,10.2022,-4.0823,0.392155,fluid
1983,28.837,0.364097,,977.61,425.859,0,,8.30895,-0.0264118,8.309,,-1.83539,10.1419,-1.83539,0.33191,fluid
1984,28.7364,0.369574,,977.487,406.722,0,,8.38098,-0.0352938,8.38105,,-1.30813,10.1102,-1.30813,0.300207,fluid
1985,28.6476,0.377237,,977.29,395.475,0,,8.42517,-0.0411083,8.42527,,-0.892785,9.9626,-0.892785,0.152601,fluid
1986,28.4376,0.38534,,975.59,375.424,0,,8.4808,-0.044652,8.48092,,-0.716033,9.85434,-0.716033,0.0443399,fluid
1987,27.8415,0.392367,,971.237,306.37,0,,8.37367,-0.0465088,8.3738,,-0.386938,9.77462,-0.386938,-0.0353759,fluid
1988,26.932,0.401708,,964.629,330.58,0,,8.17509,-0.0471206,8.17523,,-0.452392,9.57094,-0.452392,-0.239061,fluid
1989,26.39,0.408001,,965.859,252.436,0,,7.65665,-0.0144825,7.65666,,-0.0673634,8.2469,-0.0673634,-1.5631,fluid
1990,26.1863,0.411513,,970.707,275.861,0,,7.6003,-0.0270416,7.60035,,-1.49442,9.27899,-1.49442,-0.531005,fluid
1991,25.9347,0.412778,,973.567,317.278,0,,7.74238,-0.0490086,7.74253,,-1.10827,9.78387,-1.10827,-0.0261275,fluid
1992,25.6021,0.414908,,973.94,331.634,0,,7.74977,-0.0530115,7.74995,,-0.58336,9.7898,-0.58336,-0.0201951,fluid
1993,25.1596,0.419603,,972.537,344.781,0,,7.7234,-0.0548334,7.72359,,-0.553649,9.8301,-0.553649,0.0200991,fluid
1994,24.6363,0.427153,,970.769,311.738,0,,7.60603,-0.0553793,7.60624,,-0.272735,9.89646,-0.272735,0.086464,fluid
1995,23.9782,0.433414,,974.543,340.3,0,,7.43293,-0.0548234,7.43313,,-0.570299,9.75549,-0.570299,-0.0545092,fluid
1996,23.482,0.44401,,961.63,311.018,0,,7.27585,-0.0338535,7.27593,,0.235863,9.51256,0.235863,-0.297443,fluid
1997,23.272,0.448529,,958.798,255.854,0,,7.16133,-0.0383187,7.16144,,-0.70456,9.70032,-0.70456,-0.109681,fluid
1998,22.8977,0.450488,,968.703,194.356,0,,7.03161,-0.0649116,7.03191,,-0.435431,9.55314,-0.435431,-0.256855,fluid
1999,22.5977,0.462926,,976.927,247.217,0,,7.03606,-0.0718949,7.03643,,-1.06895,9.8189,-1.06895,0.00889855,fluid
2000,22.1995,0.468148,,975.407,352.76,0,,7.0631,-0.0771802,7.06352,,-0.642684,9.87667,-0.642684,0.0666722,fluid
2001,21.6935,0.482507,,965.847,370.318,0,,6.96177,-0.0852976,6.96229,,-0.29595,9.8165,-0.29595,0.00650252,fluid
2002,21.3523,0.487989,,959.883,340.547,0,,6.89227,-0.0871511,6.89282,,-0.235056,9.85608,-0.235056,0.0460751,fluid
2003,20.8661,0.491856,,963.731,327.022,0,,6.72952,-0.0878419,6.73009,,-0.318648,9.85502,-0.318648,0.0450213,fluid
2004,20.3926,0.499872,,959.946,318.994,0,,6.54213,-0.092937,6.54279,,-0.381482,9.91481,-0.381482,0.104806,fluid
2005,19.9511,0.499721,,971.207,276.336,0,,6.28075,-0.0966015,6.28149,,-0.483404,9.86953,-0.483404,0.0595321,fluid
2006,19.5198,0.497679,,978.55,328.479,0,,6.18535,-0.0945496,6.18607,,-0.810144,9.88735,-0.810144,0.0773502,fluid
2007,19.2481,0.494526,,974.04,373.425,0,,6.20747,-0.0940047,6.20818,,-0.607003,9.89107,-0.607003,0.0810746,fluid
2008,18.6436,0.492901,,965.994,331.88,0,,6.02338,-0.0932218,6.0241,,-0.396396,9.86462,-0.396396,0.0546206,fluid
2009,18.3732,0.486147,,965.748,345.922,0,,5.97205,-0.0881704,5.9727,,-0.45142,9.84412,-0.45142,0.0341163,fluid
2010,17.6796,0.485908,,956.899,353.484,0,,5.71199,-0.0892685,5.71269,,-0.236079,9.8779,-0.236079,0.067897,fluid
2011,17.3271,0.487609,,955.53,331.628,0,,5.61141,-0.0905192,5.61214,,-0.270148,9.9064,-0.270148,0.0964047,fluid
2012,16.4733,0.491294,,966.63,327.6,0,,5.27417,-0.092487,5.27498,,-0.346834,9.87267,-0.346834,0.0626697,fluid
2013,15.8669,0.496386,,966.537,369.24,0,,5.20494,-0.0963309,5.20583,,-0.442643,9.88335,-0.442643,0.0733509,fluid
2014,15.7621,0.499578,,964.281,377.938,0,,5.21671,-0.099192,5.21765,,-0.404992,9.8928,-0.404992,0.0828004,fluid
2015,16.116,0.48679,,969.231,347.57,0,,5.1824,-0.0884024,5.18315,,-0.480549,9.85823,-0.480549,0.0482274,fluid
2016,14.1732,0.131237,,981.024,226.995,0,,3.02676,-0.0038802,3.02676,,-0.891396,9.82405,-0.891396,0.0140487,fluid
2017,24.3319,0.179559,,983.318,260.032,0,,5.92427,0.013703,5.92428,,-0.500479,11.4012,-0.500479,1.59123,fluid
2018,29.5806,0.279791,,998.349,421.474,0,,7.32539,-0.0173349,7.32541,,-17.9722,8.46178,-17.9722,-1.34822,fluid
2019,31.0315,1.01375,,985.036,560.302,0,,2.11612,4.2993,4.79186,,-23.415,10.5334,-23.415,0.723366,fluid
2020,31.5553,2.28364,,998.848,20.711,0,,0.10286,3.63425,3.6357,,-0.287858,-0.0579433,-0.287858,-9.86794,fluid
2021,30.832,3.16285,,951.99,-86.5175,0,,-1.77305,3.10118,3.57226,,-1.57635,-2.2981,-1.57635,-12.1081,fluid
2022,31.0013,2.17718,,1001.05,-37.8683,16471.9,,-1.35521,5.54883,5.71193,,-15.7514,-12.8593,-15.2207,-22.6693,fluid
2023,31.6066,0.401086,,1001.57,65.71,24691.6,,0.488069,0.316059,0.581468,,-7.98178,7.86997,-7.20179,-1.94003,fluid
2024,31.529,0.954294,,1002.97,114.163,47081.9,,0.316151,3.55643,3.57046,,-19.8782,-3.30924,-18.3893,-13.1192,fluid
2025,31.6142,0.334917,,1001.45,62.5156,22894.3,,0.529759,0.120618,0.543317,,-8.27735,4.20477,-7.55422,-5.60523,fluid
2026,31.4796,2.39446,,999.526,-7.57606,0,,0.150395,4.29752,4.30015,,-0.450237,-1.59057,-0.450237,-11.4006,fluid
2027,31.6762,0.327722,,1000.92,73.6871,14521.8,,0.419496,0.263672,0.49548,,-3.86081,6.53069,-3.40278,-3.27931,fluid
2028,31.6586,0.385671,,1001,70.2752,15737.8,,0.434119,0.335185,0.54846,,-4.22465,7.57578,-3.72804,-2.23422,fluid
2029,31.5186,2.45697,,996.069,9.36599,0,,0.120189,3.70364,3.70559,,-0.0960668,-0.262893,-0.0960668,-10.0729,fluid
2030,31.5978,2.20099,,998.443,16.2238,0,,0.0868288,3.48602,3.4871,,-0.073388,0.736059,-0.073388,-9.07394,fluid
2031,31.7161,0.362463,,1000.16,82.1162,2555,,0.354011,0.173758,0.394355,,1.00544,11.4404,1.08599,1.63039,fluid
2032,31.6027,0.810476,,997.522,107.256,0,,0.417574,2.5169,2.5513,,0.72079,8.61765,0.72079,-1.19235,fluid
2033,31.5295,1.21567,,1000.55,84.1262,8714.28,,0.331258,2.35976,2.3829,,-4.52193,12.7307,-4.2457,2.92075,fluid
2034,31.625,0.439779,,1001.27,66.1805,20023.5,,0.457415,0.644801,0.790568,,-5.94444,12.4062,-5.31209,2.59616,fluid
2035,30.6513,4.19095,,853.116,-172.816,0,,-1.99204,4.57308,4.98812,,-0.225974,-0.37585,-0.225974,-10.1859,fluid
2036,31.5358,0.871955,,1001.7,129.258,26882,,0.59109,3.36797,3.41944,,-18.1137,4.58921,-17.2627,-5.22079,fluid
2037,31.4436,1.3853,,1000.47,44.4421,7429.59,,0.1962,3.71581,3.72098,,-7.96716,14.6505,-7.73098,4.84053,fluid
2038,31.4692,1.41142,,1000.36,43.5305,5705.04,,0.186563,3.6745,3.67923,,-5.51626,13.874,-5.33504,4.06403,fluid
2039,31.5134,1.31548,,1000.6,48.7518,9424.68,,0.229664,3.03251,3.04119,,-4.9339,13.5087,-4.63501,3.69867,fluid
2040,31.5976,1.08671,,1000.09,78.4407,1422.7,,0.300456,2.46072,2.479,,3.24216,8.07898,3.28718,-1.73102,fluid
2041,31.5705,0.343905,,1001.93,65.3093,30524.3,,0.591493,-0.0219922,0.591902,,-11.6959,8.50671,-10.7309,-1.30329,fluid
2042,31.1731,0.335425,,1010.53,46.2409,170554,,0.563106,-0.232465,0.609203,,25.0778,8.89416,30.492,-0.915841,fluid
2043,31.1676,0.373468,,1007.17,57.5596,115064,,1.68603,-0.166113,1.69419,,13.5305,10.665,17.196,0.854972,fluid
2044,31.0161,1.50046,,1002.23,-174.545,35199,,1.02905,4.80962,4.91847,,-46.3834,7.04162,-45.2511,-2.76838,fluid
2045,31.0954,0.570265,,1001.16,96.8602,18288.4,,2.41824,1.5399,2.86691,,-16.6663,31.6145,-16.0788,21.8045,fluid
2046,30.9489,0.466159,,1000.59,77.2834,9296.43,,1.87935,0.464375,1.93587,,-25.0563,24.6168,-24.7561,14.8068,fluid
2047,30.8982,0.411417,,999.86,136.247,0,,2.64783,0.36368,2.67269,,-25.8445,26.2997,-25.8445,16.4897,fluid
2048,30.8903,0.381788,,997.965,190.853,0,,4.26136,0.316967,4.27313,,-29.175,25.6371,-29.175,15.8271,fluid
2049,30.3515,0.487782,,1002.51,243.773,39715.2,,6.0522,1.21151,6.17226,,-20.2973,29.775,-18.9921,19.965,fluid
2050,29.7805,0.391265,,1004.07,339.904,64686,,7.4594,0.0679883,7.45971,,-17.5878,19.1522,-15.4245,9.34216,fluid
2051,29.3895,0.395343,,987.404,595.849,0,,8.18448,-0.0174268,8.1845,,-17.7139,9.37439,-17.7139,-0.435608,fluid
2052,29.1197,0.397701,,978.937,521.122,0,,8.38461,-0.0148921,8.38463,,-6.0821,9.99377,-6.0821,0.183769,fluid
2053,28.9202,0.402413,,976.885,455.837,0,,8.43703,-0.0341657,8.4371,,-1.89086,10.1643,-1.89086,0.354272,fluid
2054,28.7555,0.407557,,976.836,418.248,0,,8.50278,-0.0468732,8.50291,,-1.05335,10.0598,-1.05335,0.249797,fluid
2055,28.2049,0.411385,,971.425,351.682,0,,8.55103,-0.0524482,8.5512,,-0.506627,9.86061,-0.506627,0.0506104,fluid
2056,27.4932,0.413996,,972.383,335.061,0,,8.37184,-0.0521986,8.37201,,-0.60533,9.85864,-0.60533,0.0486375,fluid
2057,26.6677,0.425771,,959.584,271.614,0,,8.06224,-0.0393953,8.06234,,0.291618,8.53067,0.291618,-1.27933,fluid
2058,26.3302,0.431798,,966.554,256.524,0,,7.75286,-0.0300011,7.75292,,-0.531119,8.8349,-0.531119,-0.975104,fluid
2059,26.0041,0.43489,,972.728,312.223,0,,7.79152,-0.0545215,7.79171,,-1.2061,9.80236,-1.2061,-0.00764352,fluid
2060,25.649,0.4386,,973.615,332.58,0,,7.80819,-0.0623754,7.80844,,-0.58845,9.81934,-0.58845,0.00934298,fluid
2061,25.2967,0.445334,,973.135,342.975,0,,7.80253,-0.0648552,7.8028,,-0.549562,9.83672,-0.549562,0.0267164,fluid
2062,24.7754,0.448933,,968.956,331.736,0,,7.71537,-0.0660888,7.71565,,-0.376536,9.90366,-0.376536,0.0936575,fluid
2063,23.8475,0.4505,,972.343,349.398,0,,7.44006,-0.0623286,7.44032,,-0.489746,9.54926,-0.489746,-0.26074,fluid
2064,23.5039,0.463375,,961.729,321.78,0,,7.35253,-0.0502196,7.3527,,0.149803,9.57965,0.149803,-0.23035,fluid
2065,23.1476,0.470222,,959.704,219.885,0,,7.20346,-0.0654162,7.20375,,-0.662235,9.73737,-0.662235,-0.0726274,fluid
2066,22.6544,0.48277,,975.752,231.794,0,,7.05741,-0.0828873,7.0579,,-1.04191,9.87236,-1.04191,0.062356,fluid
2067,22.3448,0.48539,,977.734,326.376,0,,7.11264,-0.0862755,7.11317,,-0.899451,9.87328,-0.899451,0.0632777,fluid
2068,21.7696,0.491375,,967.083,374.428,0,,7.00538,-0.0919906,7.00598,,-0.339294,9.84501,-0.339294,0.0350118,fluid
2069,21.4764,0.490395,,961.439,359.607,0,,6.94771,-0.0893734,6.94828,,-0.264114,9.84309,-0.264114,0.0330923,fluid
2070,20.8644,0.492222,,963.728,327.813,0,,6.74104,-0.0880535,6.74161,,-0.32659,9.85615,-0.32659,0.0461489,fluid
2071,20.3918,0.493481,,960.055,318.5,0,,6.53118,-0.0873547,6.53176,,-0.395262,9.90569,-0.395262,0.0956927,fluid
2072,19.6254,0.485606,,978.372,306.521,0,,6.15148,-0.0851019,6.15207,,-0.744606,9.85773,-0.744606,0.0477344,fluid
2073,19.2954,0.482958,,975.399,366.667,0,,6.17938,-0.0858188,6.17998,,-0.627735,9.87697,-0.627735,0.0669741,fluid
2074,18.9409,0.479707,,966.702,355.017,0,,6.13696,-0.0853672,6.13755,,-0.307429,9.87389,-0.307429,0.0638878,fluid
2075,18.3772,0.478013,,965.882,343.125,0,,5.94006,-0.0829847,5.94063,,-0.443394,9.83505,-0.443394,0.0250536,fluid
2076,17.7061,0.489161,,957.025,355.419,0,,5.7235,-0.0916065,5.72423,,-0.237524,9.88116,-0.237524,0.071163,fluid
2077,16.7667,0.496997,,963.008,323.763,0,,5.37043,-0.0960402,5.37129,,-0.398231,9.88198,-0.398231,0.0719803,fluid
2078,16.4662,0.492931,,966.701,327.836,0,,5.27485,-0.0936363,5.27568,,-0.34274,9.87461,-0.34274,0.0646113,fluid
2079,17.0173,0.490996,,959.862,322.177,0,,5.45528,-0.0919506,5.45605,,-0.307619,9.88004,-0.307619,0.0700406,fluid
2080,16.1126,0.168031,,976.744,251.39,0,,3.78094,-0.0197311,3.78099,,-0.4372,9.77694,-0.4372,-0.0330616,fluid
2081,26.2889,0.356578,,972.63,217.603,0,,6.56137,0.490469,6.57968,,0.336242,8.56732,0.336242,-1.24268,fluid
2082,30.5547,2.93039,,978.532,-981.439,0,,-2.95231,6.66493,7.28954,,-2.19113,-4.35181,-2.19113,-14.1618,fluid
2083,30.7351,3.42417,,914.198,96.9818,0,,-1.56827,3.0562,3.43509,,-1.43589,-0.56843,-1.43589,-10.3784,fluid
2084,31.6093,0.372743,,1001.48,64.5195,23323.9,,0.512566,0.168824,0.539653,,-8.02818,5.67618,-7.29139,-4.13382,fluid
2085,31.6144,1.71588,,1000.35,36.5965,5448.98,,0.0722698,2.9244,2.9253,,-1.15814,2.90808,-0.985844,-6.90192,fluid
2086,31.3815,2.6228,,990.342,-33.4414,0,,0.187268,3.91738,3.92185,,-0.140468,-1.51169,-0.140468,-11.3217,fluid
2087,31.7011,0.465829,,1000.15,72.8486,2429.06,,0.361886,0.70458,0.792082,,1.38761,13.1848,1.46422,3.3748,fluid
2088,31.3596,2.68486,,985.602,54.4706,0,,0.025379,2.69549,2.69561,,0.870893,1.62017,0.870893,-8.18983,fluid
2089,31.761,0.47973,,999.712,64.934,0,,0.2564,0.57941,0.633607,,3.30614,12.0621,3.30614,2.25212,fluid
2090,31.534,2.36703,,996.825,40.9778,0,,0.0919522,2.03341,2.03549,,0.197969,4.8913,0.197969,-4.9187,fluid
2091,31.6446,2.3053,,997.724,14.8095,0,,0.0577673,2.3582,2.3589,,0.0913011,3.1751,0.0913011,-6.6349,fluid
2092,31.6796,2.2464,,997.439,6.8665,0,,0.0503988,2.51205,2.51256,,0.148383,2.65796,0.148383,-7.15204,fluid
2093,31.0486,3.32994,,941.671,459.238,0,,-1.34685,0.759547,1.54626,,0.11888,0.932744,0.11888,-8.87726,fluid
2094,31.4947,3.03513,,978.27,489.85,0,,-0.120978,1.1293,1.13576,,0.450774,0.213896,0.450774,-9.5961,fluid
2095,31.7254,2.08855,,996.865,-4.01752,0,,0.043404,2.31309,2.3135,,0.349243,2.58094,0.349243,-7.22906,fluid
2096,30.8827,4.82509,,903.611,-164.501,0,,-1.05982,3.14049,3.3145,,0.301663,0.349135,0.301663,-9.46086,fluid
2097,30.9412,4.74288,,899.827,-172.167,0,,-0.889737,2.86644,3.00135,,0.250769,0.271132,0.250769,-9.53887,fluid
2098,30.6937,5.03468,,925.169,-192.403,0,,-0.705893,2.83678,2.92329,,-0.231961,0.774393,-0.231961,-9.03561,fluid
2099,30.9145,5.69412,,979.691,-27.6202,0,,-1.09388,3.43111,3.60126,,-0.478442,-0.718738,-0.478442,-10.5287,fluid
2100,31.7076,0.462301,,1000.14,73.0335,2244.82,,0.350071,0.661057,0.748028,,1.62394,12.9196,1.69473,3.10955,fluid
2101,30.9779,2.85122,,982.409,-397.509,0,,-1.45142,3.68488,3.96042,,-0.387471,-3.25339,-0.387471,-13.0634,fluid
2102,31.0899,2.81202,,982.797,-310.958,0,,-0.874381,3.67402,3.77663,,1.16044,-2.4182,1.16044,-12.2282,fluid
2103,31.5134,2.60747,,990.655,71.9402,0,,0.0918078,3.10694,3.10829,,-0.553497,0.275638,-0.553497,-9.53436,fluid
2104,31.6182,2.48942,,994.664,40.108,0,,0.0528059,3.14401,3.14445,,-0.100402,0.970505,-0.100402,-8.8395,fluid
2105,30.8106,2.98512,,970.002,-492.609,0,,-2.21789,4.17992,4.73189,,-1.37746,-3.32773,-1.37746,-13.1377,fluid
2106,30.3065,3.17442,,961.112,66.9659,0,,-1.71901,3.47332,3.87543,,-2.11045,-0.101951,-2.11045,-9.91195,fluid
2107,30.6449,3.361,,912.397,-85.7481,0,,-2.39024,3.63045,4.34666,,-0.727986,-0.245285,-0.727986,-10.0553,fluid
2108,31.55,0.974243,,1002.25,100.466,35515.1,,0.301285,3.2883,3.30208,,-13.3831,-1.96132,-12.26,-11.7713,fluid
2109,31.4964,1.16422,,1002.06,61.2092,32492.1,,0.168352,2.83123,2.83623,,-14.5527,5.37615,-13.5232,-4.43385,fluid
2110,31.5453,1.2306,,1000.49,69.9872,7755.52,,0.286135,2.58774,2.60351,,-2.59498,12.4287,-2.34924,2.61871,fluid
2111,31.6175,0.447723,,1001.31,64.5781,20624.9,,0.466762,0.687609,0.831067,,-6.36841,13.4938,-5.71694,3.6838,fluid
2112,31.2677,0.477664,,1005.06,159.82,80668.2,,2.64144,0.0719294,2.64242,,3.44534,11.9669,6.01227,2.15693,fluid
2113,31.0116,1.81582,,997.573,139.847,0,,0.013351,5.9816,5.98161,,-5.82322,-2.67395,-5.82322,-12.484,fluid
2114,31.3426,0.718199,,1002.93,357.847,46363.2,,3.89086,3.27328,5.0846,,-23.5671,27.9091,-22.0922,18.0991,fluid
2115,31.0742,0.553944,,1001.19,90.8325,18676,,2.291,1.28185,2.62523,,-18.4567,29.9163,-17.8564,20.1063,fluid
2116,30.9589,0.483482,,1000.03,97.2773,548.539,,2.06972,0.610629,2.15792,,-28.1888,28.8141,-28.1711,19.0041,fluid
2117,30.7833,0.415222,,999.341,122.792,0,,4.7379,0.169986,4.74095,,-18.6415,23.465,-18.6415,13.655,fluid
2118,30.2291,0.487242,,1001.94,244.75,30659.5,,6.33248,1.01222,6.41287,,-13.2721,25.1769,-12.2598,15.3669,fluid
2119,29.8934,0.425672,,1004.77,180.825,75894,,7.13774,0.621454,7.16474,,-15.7522,31.7192,-13.2254,21.9092,fluid
2120,29.2699,0.416528,,982.223,584.79,0,,8.3667,-0.0202198,8.36673,,-12.2056,9.80943,-12.2056,-0.000570762,fluid
2121,29.0586,0.422087,,977.276,507.817,0,,8.50094,-0.0324236,8.501,,-4.18548,10.0911,-4.18548,0.281099,fluid
2122,28.7562,0.426141,,976.562,421.627,0,,8.54995,-0.0542654,8.55012,,-0.946701,10.0284,-0.946701,0.218444,fluid
2123,28.1402,0.433055,,970.328,343.098,0,,8.58884,-0.0605856,8.58905,,-0.452803,9.80965,-0.452803,-0.00035095,fluid
2124,27.7106,0.439512,,971.672,314.14,0,,8.51213,-0.0621735,8.51236,,-0.503467,9.85509,-0.503467,0.0450852,fluid
2125,26.6571,0.444726,,958.807,269.038,0,,8.09799,-0.0490745,8.09814,,0.15383,8.6969,0.15383,-1.1131,fluid
2126,26.2843,0.446349,,967.365,262.796,0,,7.81029,-0.0404166,7.8104,,-0.698087,9.18643,-0.698087,-0.623569,fluid
2127,25.9099,0.450759,,973.085,322.636,0,,7.84153,-0.0660435,7.84181,,-0.899262,9.78997,-0.899262,-0.0200266,fluid
2128,25.4217,0.459523,,973.243,335.339,0,,7.84074,-0.0725416,7.84108,,-0.538325,9.85761,-0.538325,0.0476125,fluid
2129,24.9846,0.469111,,969.845,355.794,0,,7.82805,-0.0777006,7.82843,,-0.4725,9.8804,-0.4725,0.0703995,fluid
2130,24.2634,0.475513,,973.873,329.197,0,,7.6385,-0.0769282,7.63889,,-0.502775,9.91242,-0.502775,0.102422,fluid
2131,23.7034,0.484999,,967.904,353.313,0,,7.48135,-0.0806007,7.48178,,-0.26949,9.57982,-0.26949,-0.230175,fluid
2132,23.1226,0.484012,,959.994,213.251,0,,7.24047,-0.0784965,7.2409,,-0.531634,9.75174,-0.531634,-0.0582569,fluid
2133,22.6614,0.48412,,975.605,230.192,0,,7.06406,-0.0835763,7.06455,,-1.04837,9.87941,-1.04837,0.0694116,fluid
2134,22.2223,0.484331,,975.693,354.864,0,,7.12074,-0.0868843,7.12127,,-0.709029,9.89179,-0.709029,0.0817867,fluid
2135,21.5997,0.484819,,963.97,369.095,0,,6.93433,-0.0858849,6.93486,,-0.282556,9.79895,-0.282556,-0.0110476,fluid
2136,21.1444,0.480805,,960.443,310.938,0,,6.81304,-0.0820265,6.81353,,-0.278458,9.87954,-0.278458,0.0695412,fluid
2137,20.4953,0.482412,,960.881,337.418,0,,6.54774,-0.0778019,6.5482,,-0.402753,9.89313,-0.402753,0.0831254,fluid
2138,19.8797,0.473188,,973.759,277.969,0,,6.16646,-0.0790914,6.16697,,-0.546689,9.82538,-0.546689,0.015385,fluid
2139,19.3355,0.473981,,976.422,358.811,0,,6.16149,-0.0799265,6.16201,,-0.648232,9.86543,-0.648232,0.0554298,fluid
2140,18.8437,0.483645,,966.103,344.872,0,,6.07742,-0.0874313,6.07805,,-0.301845,9.861,-0.301845,0.0510044,fluid
2141,17.9073,0.490236,,958.854,364.569,0,,5.79878,-0.0924392,5.79952,,-0.292802,9.87638,-0.292802,0.0663783,fluid
2142,17.5972,0.491082,,956.19,351.937,0,,5.69631,-0.0925159,5.69706,,-0.266051,9.88651,-0.266051,0.0765111,fluid
2143,18.0473,0.48257,,961.026,371.848,0,,5.86978,-0.0865277,5.87042,,-0.380951,9.87272,-0.380951,0.0627222,fluid
2144,16.8988,0.176224,,976.687,237.004,0,,3.92562,-0.0127919,3.92564,,-1.00056,9.91863,-1.00056,0.108629,fluid
2145,30.6497,0.246024,,1002.4,226.042,37955.1,,5.76953,0.219605,5.77371,,-22.5597,21.5288,-21.3243,11.7188,fluid
2146,31.5414,0.421573,,1002.53,58.9218,39982,,0.497815,0.338069,0.601756,,-12.8142,9.60665,-11.5498,-0.203353,fluid
2147,30.9984,4.86345,,910.555,-139.984,0,,-1.0092,3.16279,3.31989,,0.142102,-0.21608,0.142102,-10.0261,fluid
2148,31.4311,2.65111,,987.993,58.1254,0,,0.145944,3.18991,3.19324,,-0.769092,-0.0949995,-0.769092,-9.905,fluid
2149,31.6639,1.83675,,999.356,13.7921,0,,0.060065,2.77794,2.77859,,0.572734,0.721449,0.572734,-9.08855,fluid
2150,31.461,2.5912,,990.89,86.1995,0,,0.108778,2.58034,2.58263,,-0.194709,2.14659,-0.194709,-7.66341,fluid
2151,30.7546,4.20016,,856.209,-146.813,0,,-1.56591,2.91949,3.31293,,-0.0236972,0.153563,-0.0236972,-9.65644,fluid
2152,31.4761,2.79173,,989.758,212.9,0,,-0.32375,1.06696,1.11499,,1.75775,4.30563,1.75775,-5.50437,fluid
2153,31.5407,2.45577,,995.993,60.1897,0,,0.0648749,1.25669,1.25836,,0.753376,6.60709,0.753376,-3.20291,fluid
2154,31.7287,1.97151,,997.973,9.15315,0,,0.0503902,1.38391,1.38482,,0.536805,3.52326,0.536805,-6.28674,fluid
2155,31.7511,1.91277,,998.351,15.3957,0,,0.044641,1.38475,1.38547,,0.779151,2.97387,0.779151,-6.83613,fluid
2156,31.7487,1.87821,,998.878,24.5778,0,,0.0479187,0.986916,0.988078,,0.880572,3.54414,0.880572,-6.26586,fluid
2157,31.6527,2.19226,,997.931,-20.4672,0,,0.0673963,0.922061,0.924521,,0.179104,6.18137,0.179104,-3.62863,fluid
2158,31.6212,2.34559,,998.406,6.08851,0,,0.060009,0.973897,0.975744,,0.203635,6.85001,0.203635,-2.95999,fluid
2159,31.5943,2.41834,,997.865,29.311,0,,0.056556,0.978961,0.980593,,0.509423,6.70577,0.509423,-3.10423,fluid
2160,31.2876,2.8856,,978.422,144.08,0,,-0.499791,0.804143,0.946803,,0.281813,3.96168,0.281813,-5.84832,fluid
2161,31.4092,4.65911,,923.139,-37.0322,0,,-0.382231,0.694924,0.793107,,-0.30841,-0.321003,-0.30841,-10.131,fluid
2162,31.2666,5.76268,,983.229,-94.148,0,,-0.45435,1.70737,1.76679,,-0.365244,-0.28444,-0.365244,-10.0944,fluid
2163,31.177,6.15565,,993.306,10.2316,0,,-0.541959,1.63964,1.72689,,-0.0186064,-0.473992,-0.0186064,-10.284,fluid
2164,31.1959,6.04649,,990.382,-25.5212,0,,-0.536099,1.70262,1.78502,,0.0340845,-0.34445,0.0340845,-10.1545,fluid
2165,31.2555,5.77419,,983.66,-92.4182,0,,-0.462952,1.75837,1.81829,,-0.350044,-0.421786,-0.350044,-10.2318,fluid
2166,31.2913,4.42957,,897.009,17.0132,0,,-0.51033,1.12833,1.23837,,-0.427743,-0.326168,-0.427743,-10.1362,fluid
2167,30.7221,4.17539,,854.171,-166.522,0,,-1.61658,2.62127,3.07967,,-0.0711055,0.333023,-0.0711055,-9.47698,fluid
2168,31.4507,3.02854,,979.705,436.804,0,,-0.420674,0.891769,0.986011,,0.376945,1.11612,0.376945,-8.69388,fluid
2169,30.9053,4.83911,,906.534,-180.368,0,,-1.03918,2.86198,3.0448,,0.41473,0.519724,0.41473,-9.29028,fluid
2170,31.1132,5.20884,,944.163,3.56315,0,,-0.521202,2.5471,2.59988,,-0.307785,-0.418267,-0.307785,-10.2283,fluid
2171,31.4753,3.0965,,974.292,532.656,0,,-0.130653,0.998692,1.0072,,0.133489,-0.2567,0.133489,-10.0667,fluid
2172,31.0285,2.86828,,978.199,-243.774,0,,-1.05963,2.72557,2.9243,,0.188691,-0.551568,0.188691,-10.3616,fluid
2173,31.3182,2.7408,,982.58,5.33805,0,,-0.0757065,3.01346,3.01441,,0.928031,0.564525,0.928031,-9.24548,fluid
2174,31.4445,2.64423,,988.787,92.964,0,,0.0640569,2.56147,2.56227,,0.575443,1.49336,0.575443,-8.31664,fluid
2175,30.2945,3.33704,,936.372,-92.3516,0,,-1.84072,3.53634,3.98672,,-0.346457,0.133646,-0.346457,-9.67635,fluid
2176,30.7094,3.56332,,883.832,-64.5795,0,,-2.04866,3.81285,4.32837,,-0.150473,-0.537806,-0.150473,-10.3478,fluid
2177,30.9059,2.83942,,985.485,-536.099,0,,-2.06171,4.28725,4.75722,,-0.445616,-4.25364,-0.445616,-14.0636,fluid
2178,31.3562,1.53653,,997.852,76.768,0,,0.0562441,4.24491,4.24528,,-3.0882,11.4082,-3.0882,1.59824,fluid
2179,31.5923,1.13422,,999.829,74.4808,0,,0.288378,2.32695,2.34476,,3.68094,10.2854,3.68094,0.475353,fluid
2180,31.3703,0.423498,,1006.44,108.196,103112,,0.741134,-0.0546067,0.743143,,-15.2039,7.07893,-11.938,-2.73107,fluid
2181,31.1761,1.49813,,994.075,162.527,0,,0.384023,5.94221,5.95461,,-9.65763,9.85889,-9.65763,0.048894,fluid
2182,31.2058,1.59861,,997.15,191.829,0,,0.448763,6.39787,6.41359,,-7.78688,5.84198,-7.78688,-3.96802,fluid
2183,31.2161,0.757352,,998.56,296.346,0,,3.01477,3.51539,4.63108,,-16.5005,25.5143,-16.5005,15.7043,fluid
2184,31.0586,0.714587,,997.558,164.435,0,,2.61211,2.83294,3.85339,,-21.4698,29.4157,-21.4698,19.6057,fluid
2185,30.717,0.607106,,999.644,115.983,0,,4.41551,1.85749,4.7903,,-6.39765,23.4802,-6.39765,13.6702,fluid
2186,30.2677,0.53558,,1001.88,260.115,29682.5,,6.5339,1.52837,6.71027,,-13.8488,33.0838,-12.87,23.2738,fluid
2187,29.6095,0.42463,,997.617,565.218,0,,7.90009,-0.0470135,7.90023,,-25.8115,9.333,-25.8115,-0.477002,fluid
2188,29.2179,0.431525,,980.2,571.005,0,,8.45797,-0.0292903,8.45802,,-9.82311,9.97172,-9.82311,0.161723,fluid
2189,29.0131,0.438222,,976.493,495.402,0,,8.56495,-0.0456067,8.56507,,-2.99445,10.1174,-2.99445,0.307398,fluid
2190,28.4723,0.44706,,975.239,386.867,0,,8.62284,-0.0659174,8.62309,,-0.771127,9.87019,-0.771127,0.0601869,fluid
2191,27.9432,0.455746,,969.59,316.237,0,,8.59527,-0.0706631,8.59556,,-0.403647,9.86472,-0.403647,0.0547228,fluid
2192,27.2174,0.455789,,967.545,352.327,0,,8.47224,-0.0711561,8.47254,,-0.388981,9.86969,-0.388981,0.059695,fluid
2193,26.2759,0.466879,,967.115,263.34,0,,7.89539,-0.0555025,7.89559,,-0.675709,9.4399,-0.675709,-0.370097,fluid
2194,25.8381,0.466707,,973.13,332.713,0,,7.87529,-0.0753075,7.87565,,-0.825222,9.82193,-0.825222,0.0119349,fluid
2195,25.3099,0.472556,,972.898,345.459,0,,7.86442,-0.0790693,7.86482,,-0.538712,9.85136,-0.538712,0.04136,fluid
2196,24.8843,0.474289,,968.812,347.215,0,,7.84182,-0.0806924,7.84224,,-0.429309,9.8541,-0.429309,0.044095,fluid
2197,24.1165,0.480897,,973.875,340.79,0,,7.63786,-0.0812421,7.63829,,-0.504643,9.85415,-0.504643,0.044151,fluid
2198,23.4645,0.484362,,960.161,312.494,0,,7.38231,-0.0672312,7.38261,,-0.027488,9.72378,-0.027488,-0.0862222,fluid
2199,22.8096,0.477827,,971.506,204.94,0,,7.0599,-0.0777365,7.06032,,-0.654647,9.7422,-0.654647,-0.0677973,fluid
2200,22.4376,0.474427,,978.34,294.414,0,,7.08713,-0.0790301,7.08757,,-0.973224,9.86758,-0.973224,0.0575822,fluid
2201,21.6331,0.471964,,964.855,367.161,0,,6.91585,-0.0777434,6.91629,,-0.272002,9.76058,-0.272002,-0.0494243,fluid
2202,21.3868,0.46769,,960.554,342.841,0,,6.88003,-0.072999,6.88042,,-0.235481,9.80222,-0.235481,-0.0077804,fluid
2203,20.3852,0.473237,,960.671,312.878,0,,6.43738,-0.0718459,6.43778,,-0.416182,9.88039,-0.416182,0.0703896,fluid
2204,19.725,0.472648,,977.207,292.653,0,,6.1281,-0.0770089,6.12858,,-0.605936,9.84774,-0.605936,0.0377442,fluid
2205,18.9896,0.485584,,967.253,363.052,0,,6.16162,-0.0891452,6.16226,,-0.345151,9.88052,-0.345151,0.0705165,fluid
2206,18.5924,0.487214,,966.129,331.699,0,,5.98393,-0.0891094,5.98459,,-0.402246,9.86016,-0.402246,0.0501609,fluid
2207,18.8924,0.479419,,966.359,348.278,0,,6.10131,-0.0848504,6.1019,,-0.291376,9.85075,-0.291376,0.0407468,fluid
2208,18.3653,0.178782,,975.34,255.627,0,,4.33377,-0.0196327,4.33381,,-0.637138,9.77554,-0.637138,-0.0344554,fluid
2209,28.9242,0.392539,,977.843,438.445,0,,7.9745,-0.0298263,7.97456,,-1.24425,10.1562,-1.24425,0.346227,fluid
2210,31.6948,0.432129,,1000.5,74.3848,7877.93,,0.372485,0.515137,0.635697,,-0.771316,11.3794,-0.522885,1.56941,fluid
2211,31.6333,2.18183,,997.732,13.5188,0,,0.0726277,3.28725,3.28805,,0.0319619,1.17994,0.0319619,-8.63006,fluid
2212,31.7982,0.41244,,999.702,63.4594,0,,0.215906,0.0772596,0.229313,,2.88244,11.6812,2.88244,1.87118,fluid
2213,31.5239,2.70612,,991.44,193.019,0,,0.0253706,1.20386,1.20413,,0.926409,4.387,0.926409,-5.423,fluid
2214,28.9342,3.66051,,908.314,-2.04431,0,,-3.81675,1.61891,4.1459,,0,0,0,-9.81,fluid
2215,30.0787,4.42971,,866.34,-223.73,0,,-2.3476,3.2846,4.0373,,-0.00259958,0.00108392,-0.00259958,-9.80892,fluid
2216,31.7911,0.477351,,999.729,61.6811,0,,0.216205,0.461001,0.509183,,3.28098,11.4977,3.28098,1.68767,fluid
2217,31.7793,1.49336,,998.638,17.2963,0,,0.0514097,1.66842,1.66922,,3.62179,4.9931,3.62179,-4.8169,fluid
2218,31.6943,1.99939,,998.139,15.5929,0,,0.0633737,0.554729,0.558337,,0.375675,5.73989,0.375675,-4.07011,fluid
2219,31.1006,2.8723,,975.477,-103.37,0,,-1.05694,0.65121,1.24145,,0.742613,4.74035,0.742613,-5.06965,fluid
2220,30.9274,3.36134,,937.447,565.212,0,,-1.97439,0.285808,1.99497,,0.405089,2.60185,0.405089,-7.20815,fluid
2221,30.9782,3.55115,,909.409,527.664,0,,-1.89101,0.417091,1.93646,,0.433947,1.0262,0.433947,-8.7838,fluid
2222,31.0934,3.68975,,894.861,409.072,0,,-1.63427,0.39383,1.68106,,0.293269,0.424152,0.293269,-9.38585,fluid
2223,31.012,3.04486,,972.22,83.3966,0,,-1.44906,0.33854,1.48808,,0.853001,4.95701,0.853001,-4.85299,fluid
2224,31.6755,2.05494,,997.724,2.32421,0,,0.0676365,0.704166,0.707407,,0.351473,5.88355,0.351473,-3.92645,fluid
2225,31.5618,2.44612,,996.965,40.7815,0,,0.0502929,0.821836,0.823374,,1.26865,7.43459,1.26865,-2.37541,fluid
2226,30.8984,3.05145,,971.838,68.0692,0,,-1.76374,0.444739,1.81895,,1.07983,5.3132,1.07983,-4.4968,fluid
2227,30.815,3.44997,,920.172,562.461,0,,-1.96964,0.614419,2.06325,,0.362938,1.62628,0.362938,-8.18372,fluid
2228,31.3442,3.79425,,903.368,414.501,0,,-0.864483,-0.0342372,0.865161,,-0.188834,0.0218487,-0.188834,-9.78815,fluid
2229,31.3611,3.83925,,902.037,396.972,0,,-0.763608,0.00590248,0.763631,,-0.259581,-0.114759,-0.259581,-9.92476,fluid
2230,31.5119,2.59152,,994.517,89.1767,0,,-0.146834,0.872123,0.884398,,2.14643,6.61086,2.14643,-3.19914,fluid
2231,31.5191,2.5938,,993.92,122.846,0,,0.0467199,0.792828,0.794203,,0.307277,6.74407,0.307277,-3.06593,fluid
2232,30.6415,3.36469,,926.398,529.865,0,,-2.27077,0.716575,2.38115,,-0.292409,1.67607,-0.292409,-8.13393,fluid
2233,31.348,5.39755,,965.553,-20.6891,0,,-0.341289,1.30602,1.34987,,-0.455586,-0.414592,-0.455586,-10.2246,fluid
2234,31.1424,6.23003,,995.671,28.5277,0,,-0.53383,1.63186,1.71695,,-0.235839,-0.707393,-0.235839,-10.5174,fluid
2235,31.2544,5.73643,,982.937,-89.193,0,,-0.434651,1.76486,1.81759,,-0.388751,-0.343283,-0.388751,-10.1533,fluid
2236,30.7651,3.40879,,924.313,493.961,0,,-1.87129,1.00185,2.1226,,-0.270288,1.43537,-0.270288,-8.37463,fluid
2237,30.8087,3.48757,,912.188,470.74,0,,-1.92507,1.08752,2.21102,,0.220849,1.17465,0.220849,-8.63535,fluid
2238,30.8013,4.40532,,868.266,-196.726,0,,-1.26112,2.54367,2.83913,,0.475608,1.11542,0.475608,-8.69458,fluid
2239,31.1023,5.15381,,938.138,-28.3424,0,,-0.598855,2.54566,2.61515,,-0.154735,-0.197936,-0.154735,-10.0079,fluid
2240,30.9794,4.94804,,915.927,-126.662,0,,-0.977104,3.13467,3.28343,,0.113961,-0.0706502,0.113961,-9.88065,fluid
2241,31.4163,2.76627,,984.076,190.672,0,,0.0460465,1.68456,1.68519,,0.197295,3.20416,0.197295,-6.60584,fluid
2242,31.2377,2.82814,,977.24,-4.34221,0,,-0.373827,2.24865,2.27952,,0.691043,1.60221,0.691043,-8.20779,fluid
2243,31.0434,3.0323,,967.149,-33.2072,0,,-1.28332,2.20432,2.55067,,0.22488,-0.472708,0.22488,-10.2827,fluid
2244,30.716,4.80133,,884.474,16.0656,0,,-0.848832,5.28064,5.34843,,-0.889858,-0.868371,-0.889858,-10.6784,fluid
2245,30.8295,2.88414,,981.439,-405.433,0,,-1.87996,3.31343,3.80961,,-1.16294,-1.74736,-1.16294,-11.5574,fluid
2246,31.3867,1.87374,,1000.63,-4.18893,9896.93,,-0.256232,3.51453,3.52386,,-8.31466,1.17097,-7.99953,-8.63903,fluid
2247,31.5407,1.50996,,1000.43,31.8037,6751.44,,0.136748,2.65767,2.66118,,-3.13924,11.4639,-2.92527,1.65391,fluid
2248,31.1685,2.10135,,1000.65,-1.30416,10274.4,,-0.64204,5.15478,5.19461,,-9.84489,-5.4113,-9.51546,-15.2213,fluid
2249,31.2032,1.80307,,1000.14,271.882,2145.07,,0.179939,7.10504,7.10731,,-8.33696,-2.27714,-8.26822,-12.0871,fluid
2250,31.4176,1.08812,,1007.12,-247.865,114167,,-0.229964,4.00779,4.01439,,-67.5564,-7.75325,-63.9483,-17.5632,fluid
2251,31.1336,0.871562,,994.394,425.887,0,,2.52779,4.07713,4.79715,,-22.7276,17.8819,-22.7276,8.07194,fluid
2252,30.9995,0.755557,,995.068,205.34,0,,3.33848,2.90223,4.42361,,-21.3486,26.5693,-21.3486,16.7593,fluid
2253,30.6958,0.705889,,1000.55,201.036,8722.24,,5.0308,2.81293,5.76381,,-12.1949,29.315,-11.9109,19.505,fluid
2254,30.3617,0.614747,,1002.07,275.438,32758.6,,6.69276,2.39258,7.10756,,-19.9359,45.2299,-18.8591,35.4199,fluid
2255,29.3876,0.453142,,985.42,636.039,0,,8.40326,-0.0417731,8.40336,,-18.5691,9.92227,-18.5691,0.112273,fluid
2256,28.9461,0.45421,,975.975,471.595,0,,8.61314,-0.0603742,8.61335,,-1.7429,10.0882,-1.7429,0.278238,fluid
2257,28.2509,0.45957,,971.416,367.177,0,,8.66676,-0.0728055,8.66706,,-0.566971,9.86839,-0.566971,0.0583919,fluid
2258,27.9389,0.460948,,969.571,316.214,0,,8.61485,-0.0733612,8.61517,,-0.411103,9.86515,-0.411103,0.0551482,fluid
2259,27.1234,0.469156,,965.527,355.277,0,,8.48885,-0.0784603,8.48922,,-0.319978,9.81706,-0.319978,0.00706301,fluid
2260,26.131,0.471886,,970.415,288.509,0,,7.90024,-0.0681381,7.90054,,-1.20736,9.80689,-1.20736,-0.00311126,fluid
2261,25.5389,0.470722,,973.192,339.966,0,,7.86014,-0.0779275,7.86053,,-0.587115,9.86214,-0.587115,0.0521401,fluid
2262,25.0852,0.470691,,971.085,357.508,0,,7.83433,-0.0780735,7.83471,,-0.541245,9.84884,-0.541245,0.0388449,fluid
2263,24.4301,0.472754,,972.564,313.758,0,,7.67803,-0.0761633,7.67841,,-0.383091,9.92055,-0.383091,0.110548,fluid
2264,23.6879,0.475946,,967.611,351.612,0,,7.4714,-0.0726869,7.47175,,-0.186986,9.52124,-0.186986,-0.288757,fluid
2265,22.8694,0.467895,,969.54,195.736,0,,7.06027,-0.0734639,7.06066,,-0.445311,9.58114,-0.445311,-0.228861,fluid
2266,22.492,0.464339,,978.202,278.663,0,,7.06069,-0.0729767,7.06106,,-1.02308,9.86951,-1.02308,0.0595149,fluid
2267,21.8361,0.461359,,968.792,369.592,0,,6.97531,-0.0734121,6.97569,,-0.36761,9.79573,-0.36761,-0.014274,fluid
2268,21.038,0.471665,,962.119,309.473,0,,6.72144,-0.0763013,6.72187,,-0.300852,9.8659,-0.300852,0.0559004,fluid
2269,19.7825,0.475543,,976.105,287.81,0,,6.13749,-0.0796611,6.13801,,-0.558611,9.82364,-0.558611,0.013644,fluid
2270,19.5412,0.475103,,978.778,322.431,0,,6.15107,-0.0792212,6.15158,,-0.819817,9.86682,-0.819817,0.0568197,fluid
2271,19.6195,0.471429,,978.539,306.244,0,,6.13327,-0.0764162,6.13375,,-0.758834,9.84332,-0.758834,0.0333176,fluid
2272,19.5211,0.1559,,980.809,206.181,0,,3.99966,-0.0181349,3.9997,,-0.471583,9.79784,-0.471583,-0.0121586,fluid
2273,30.6881,0.314755,,1002.02,184.713,31870.6,,5.55893,0.079626,5.5595,,-20.5321,17.0241,-19.4957,7.2141,fluid
2274,31.3314,2.65786,,985.584,53.2683,0,,-0.0576761,2.23213,2.23288,,1.40527,3.24083,1.40527,-6.56917,fluid
2275,31.5629,2.25152,,997.475,22.3532,0,,0.0954324,1.80926,1.81178,,-0.0245313,5.71415,-0.0245313,-4.09585,fluid
2276,31.5805,2.45588,,995.983,44.7233,0,,0.0709266,2.61628,2.61724,,-0.172516,2.55018,-0.172516,-7.25982,fluid
2277,31.7473,1.04026,,996.165,-6.16375,0,,0.145014,1.3013,1.30936,,6.31076,3.87594,6.31076,-5.93406,fluid
2278,31.753,1.89053,,998.455,17.0979,0,,0.0441727,1.47645,1.47711,,0.855237,2.73617,0.855237,-7.07383,fluid
2279,31.3867,2.68283,,986.383,112.463,0,,-0.13237,0.915478,0.924998,,0.937898,6.08876,0.937898,-3.72124,fluid
2280,31.108,2.98361,,974.54,39.0457,0,,-1.1838,0.25282,1.21049,,0.78352,4.74167,0.78352,-5.06833,fluid
2281,31.0707,3.09942,,970.173,221.326,0,,-1.47841,0.0857706,1.4809,,1.41628,4.83269,1.41628,-4.97731,fluid
2282,30.9653,3.2047,,959.697,407.441,0,,-1.90752,0.124763,1.9116,,1.12621,4.59043,1.12621,-5.21957,fluid
2283,30.9429,3.2324,,956.02,455.262,0,,-2.02334,0.117905,2.02677,,1.04497,4.44666,1.04497,-5.36334,fluid
2284,30.9548,3.41812,,929.738,589.276,0,,-2.04358,0.201949,2.05353,,0.477702,2.15354,0.477702,-7.65646,fluid
2285,31.0059,3.54506,,911.539,542.691,0,,-1.92776,0.271741,1.94682,,0.483929,1.12384,0.483929,-8.68616,fluid
2286,31.2941,3.6428,,912.463,509.484,0,,-1.1844,-0.273948,1.21567,,0.0859157,0.68526,0.0859157,-9.12474,fluid
2287,31.1002,3.63265,,903.101,477.912,0,,-1.70549,0.198796,1.71704,,0.277612,0.662349,0.277612,-9.14765,fluid
2288,31.2423,3.67375,,905.939,471.09,0,,-1.29463,-0.0550432,1.2958,,0.0837081,0.526818,0.0837081,-9.28318,fluid
2289,31.4682,3.68168,,922.26,497.655,0,,-0.635536,-0.682479,0.932568,,-0.222339,0.210175,-0.222339,-9.59983,fluid
2290,31.5948,3.73971,,930.885,417.72,0,,-0.272464,-1.08539,1.11907,,-1.13617,-0.66881,-1.13617,-10.4788,fluid
2291,31.6264,4.098,,932.663,140.523,0,,-0.412192,-1.04775,1.12591,,-8.2436,-1.8884,-8.2436,-11.6984,fluid
2292,31.6155,4.54219,,938.21,-8.57378,0,,-0.254926,-0.611872,0.662854,,-7.10456,0.754067,-7.10456,-9.05593,fluid
2293,31.4518,3.69972,,919.943,487.724,0,,-0.673252,-0.595292,0.898689,,-0.239627,0.1705,-0.239627,-9.6395,fluid
2294,31.5594,3.76715,,927.152,424.178,0,,-0.34365,-0.899906,0.963289,,-0.968559,-0.521594,-0.968559,-10.3316,fluid
2295,31.587,4.87066,,942.858,-34.4594,0,,-0.0441133,-0.218636,0.223042,,-1.07554,0.0687036,-1.07554,-9.7413,fluid
2296,31.2522,6.48865,,995.426,60.651,0,,-0.457506,1.06582,1.15986,,0.0801603,0.196179,0.0801603,-9.61382,fluid
2297,31.1882,6.68365,,993.875,53.714,0,,-0.57637,0.975103,1.13271,,-0.102919,-0.0496701,-0.102919,-9.85967,fluid
2298,31.193,6.62804,,994.905,55.3652,0,,-0.572529,1.03063,1.17898,,-0.135858,-0.119249,-0.135858,-9.92925,fluid
2299,31.423,3.90639,,906.37,391.323,0,,-0.526917,-0.122445,0.540957,,-0.431311,-0.375567,-0.431311,-10.1856,fluid
2300,30.9908,2.92976,,975.208,-117.553,0,,-1.39146,0.675193,1.54662,,0.423542,4.98066,0.423542,-4.82934,fluid
2301,31.2168,3.96325,,875.029,187.401,0,,-0.920441,0.711562,1.16341,,-0.103067,-0.0545121,-0.103067,-9.86451,fluid
2302,31.2582,5.84009,,984.945,-90.6031,0,,-0.405768,1.64935,1.69853,,-0.373857,-0.234355,-0.373857,-10.0444,fluid
2303,31.2114,5.92892,,987.81,-62.9059,0,,-0.425553,1.75884,1.80959,,-0.0568613,-0.423321,-0.0568613,-10.2333,fluid
2304,31.311,5.55848,,977.434,-54.8162,0,,-0.462041,1.72386,1.7847,,-0.43288,-0.45175,-0.43288,-10.2618,fluid
2305,30.972,2.97974,,974.073,-55.506,0,,-1.40762,0.756523,1.59804,,0.440799,4.41183,0.440799,-5.39817,fluid
2306,31.1371,3.12017,,965.416,267.366,0,,-0.975669,0.634261,1.16371,,0.34761,2.15039,0.34761,-7.65961,fluid
2307,31.1416,5.15588,,940.054,-25.3898,0,,-0.424055,2.39937,2.43656,,-0.244797,-0.317292,-0.244797,-10.1273,fluid
2308,30.9397,4.66883,,892.477,-156.434,0,,-0.91485,2.96896,3.10671,,0.17178,0.0778439,0.17178,-9.73216,fluid
2309,31.4544,2.94553,,978.223,399.054,0,,0.0313207,1.43614,1.43648,,-0.288077,0.668953,-0.288077,-9.14105,fluid
2310,31.444,2.46179,,993.325,82.2139,0,,0.0608445,1.8514,1.8524,,1.89663,5.615,1.89663,-4.195,fluid
2311,30.9952,2.97685,,972.163,-98.5344,0,,-1.35067,1.9,2.33116,,0.0984005,1.17926,0.0984005,-8.63074,fluid
2312,30.7217,3.83462,,860.145,-34.2928,0,,-1.49977,3.49731,3.80532,,-0.053123,-0.732651,-0.053123,-10.5427,fluid
2313,30.7417,2.85124,,986.107,-501.368,0,,-2.20248,3.93199,4.50682,,-1.73926,-2.29984,-1.73926,-12.1098,fluid
2314,31.497,1.99628,,1000.48,19.0048,7485.3,,-0.0855325,3.53957,3.54061,,-0.994963,0.681508,-0.757424,-9.12849,fluid
2315,31.5575,1.48139,,1000.25,31.4003,3957.55,,0.148909,2.43339,2.43794,,-1.05367,11.9267,-0.928291,2.1167,fluid
2316,30.7308,2.53324,,999.805,-144.966,0,,-2.99722,5.16158,5.96869,,-5.29577,-1.21719,-5.29577,-11.0272,fluid
2317,31.2111,1.75877,,998.703,282.583,0,,0.228519,7.27557,7.27915,,-6.6723,-1.35708,-6.6723,-11.1671,fluid
2318,31.0753,0.969268,,989.37,537.666,0,,2.27428,4.26551,4.83393,,-24.5224,12.4304,-24.5224,2.62041,fluid
2319,30.9245,0.775454,,996.717,210.776,0,,4.54288,2.85536,5.36571,,-20.8194,23.9704,-20.8194,14.1604,fluid
2320,30.6847,0.729491,,1000.73,211.132,11405.5,,5.21682,3.02193,6.02887,,-14.6306,32.4199,-14.2592,22.6099,fluid
2321,30.2491,0.576277,,1001.49,272.613,23447.4,,6.83591,1.7764,7.06295,,-11.34,35.7643,-10.566,25.9543,fluid
2322,29.3007,0.464101,,981.611,621.45,0,,8.54045,-0.0473805,8.54059,,-14.0878,10.0948,-14.0878,0.284763,fluid
2323,28.5854,0.45981,,976.053,399.205,0,,8.61232,-0.0712162,8.61262,,-0.717227,9.8317,-0.717227,0.0216999,fluid
2324,28.0781,0.461742,,969.519,338.874,0,,8.63495,-0.0739713,8.63526,,-0.411541,9.84027,-0.411541,0.0302724,fluid
2325,27.6424,0.462725,,971.862,323.669,0,,8.60492,-0.073212,8.60523,,-0.535612,9.82514,-0.535612,0.0151406,fluid
2326,26.5837,0.472777,,958.406,261.14,0,,8.1359,-0.062416,8.13613,,-0.0255947,8.90298,-0.0255947,-0.907024,fluid
2327,25.7623,0.466455,,973.226,336.995,0,,7.8807,-0.0761502,7.88107,,-0.727724,9.85931,-0.727724,0.0493145,fluid
2328,25.1294,0.463718,,971.675,352.406,0,,7.8251,-0.0740635,7.82545,,-0.534079,9.81936,-0.534079,0.00935543,fluid
2329,24.4648,0.463777,,972.289,312.974,0,,7.66811,-0.0707816,7.66844,,-0.36066,9.92873,-0.36066,0.118734,fluid
2330,23.6563,0.462841,,966.882,347.809,0,,7.44327,-0.0609154,7.44352,,0.00761215,9.43319,0.00761215,-0.376805,fluid
2331,22.9312,0.459811,,967.323,192.544,0,,7.07243,-0.069647,7.07278,,-0.355149,9.60059,-0.355149,-0.209414,fluid
2332,22.0354,0.460817,,972.143,365.199,0,,6.9844,-0.0734933,6.98478,,-0.451681,9.85717,-0.451681,0.0471714,fluid
2333,21.1345,0.474503,,960.714,309.27,0,,6.76777,-0.077755,6.76822,,-0.282607,9.86336,-0.282607,0.0533643,fluid
2334,20.6373,0.478395,,962.916,343.118,0,,6.56173,-0.075469,6.56217,,-0.430815,9.84493,-0.430815,0.0349256,fluid
2335,20.792,0.472047,,964.352,334.986,0,,6.61864,-0.072571,6.61903,,-0.43252,9.85467,-0.43252,0.0446686,fluid
2336,20.9068,0.244337,,973.187,221.067,0,,4.96917,0.466196,4.99099,,1.3747,8.18794,1.3747,-1.62206,fluid
2337,31.4482,1.36257,,1000.65,39.5152,10169.6,,0.197536,3.57966,3.58511,,-9.58076,14.5017,-9.25759,4.69175,fluid
2338,29.9626,4.93743,,897.901,-112.632,0,,-2.28686,4.33702,4.903,,0,0,0,-9.81,fluid
2339,31.3796,2.64836,,987.038,85.0319,0,,-0.0774327,1.92348,1.92504,,1.5798,3.68564,1.5798,-6.12436,fluid
2340,28.9135,3.72951,,907.996,1.76004,0,,-3.67746,1.66253,4.0358,,0,0,0,-9.81,fluid
2341,31.8267,1.40721,,997.867,-4.78213,0,,0.0440845,1.16671,1.16754,,4.29136,5.31579,4.29136,-4.49421,fluid
2342,31.8228,0.940951,,996.149,-15.0456,0,,0.099955,0.840187,0.846112,,5.27156,2.38991,5.27156,-7.42009,fluid
2343,31.8329,1.04883,,996.083,-29.8754,0,,0.0837845,0.512443,0.519247,,5.56394,3.16354,5.56394,-6.64646,fluid
2344,31.8253,1.53494,,998.726,22.2438,0,,0.0309343,1.4306,1.43093,,3.30218,3.49452,3.30218,-6.31548,fluid
2345,31.8211,1.63944,,999.366,32.6588,0,,0.0286017,1.21824,1.21857,,2.50231,2.91933,2.50231,-6.89067,fluid
2346,30.941,2.70492,,975.82,-299.343,0,,-1.59231,1.01371,1.88761,,-0.640015,5.56385,-0.640015,-4.24615,fluid
2347,31.1692,3.58522,,912.735,540.666,0,,-1.60172,-0.141032,1.60791,,0.299208,1.05941,0.299208,-8.75059,fluid
2348,31.6913,3.85482,,938.67,234.383,0,,-0.356312,-1.56872,1.60868,,-6.14881,-2.42117,-6.14881,-12.2312,fluid
2349,31.6777,3.84293,,937.39,262.958,0,,-0.311718,-1.48807,1.52037,,-5.0705,-2.07203,-5.0705,-11.882,fluid
2350,31.0476,3.58377,,907.52,515.743,0,,-1.84118,0.23285,1.85585,,0.395725,0.893657,0.395725,-8.91634,fluid
2351,31.0509,3.60066,,905.151,496.618,0,,-1.78789,0.296744,1.81235,,0.343741,0.768155,0.343741,-9.04184,fluid
2352,31.6247,3.70072,,934.035,416.589,0,,-0.243951,-1.25276,1.27629,,-1.07899,-0.626813,-1.07899,-10.4368,fluid
2353,31.6194,3.75615,,932.688,389.649,0,,-0.230158,-1.19891,1.2208,,-1.67525,-0.959308,-1.67525,-10.7693,fluid
2354,31.6206,4.27813,,934.77,30.7005,0,,-0.464337,-0.889807,1.00368,,-10.3483,-0.607614,-10.3483,-10.4176,fluid
2355,31.6136,4.89006,,945.387,-40.2247,0,,-0.0277455,-0.45734,0.458181,,-1.32548,0.422522,-1.32548,-9.38748,fluid
2356,31.6018,5.04557,,949.98,-55.9472,0,,-0.00031152,-0.331896,0.331896,,-0.145615,0.0688304,-0.145615,-9.74117,fluid
2357,31.6186,4.88249,,945.562,-39.6639,0,,-0.0304447,-0.495849,0.496783,,-1.48658,0.509963,-1.48658,-9.30004,fluid
2358,31.6315,4.86117,,946.009,-38.6277,0,,-0.0417561,-0.592353,0.593823,,-2.02388,0.781278,-2.02388,-9.02872,fluid
2359,31.6239,5.2211,,959.664,-41.6735,0,,0.00319578,-0.46969,0.469701,,-0.0410533,0.0393601,-0.0410533,-9.77064,fluid
2360,31.6013,5.83828,,982.437,-105.941,0,,-0.0100513,-0.417294,0.417416,,-0.172912,-0.390026,-0.172912,-10.2,fluid
2361,31.3001,6.80489,,989.454,59.2931,0,,-0.367185,0.593655,0.698034,,0.131502,0.376587,0.131502,-9.43341,fluid
2362,31.5684,5.55361,,974.56,-67.4331,0,,-0.0291168,-0.126997,0.130292,,-0.363271,-0.92374,-0.363271,-10.7337,fluid
2363,31.6151,4.42811,,936.389,-3.21866,0,,-0.365392,-0.656735,0.75154,,-8.92774,0.553457,-8.92774,-9.25654,fluid
2364,31.5353,5.60759,,976.354,-82.5639,0,,-0.0690793,0.0858739,0.11021,,-0.530026,-0.988149,-0.530026,-10.7981,fluid
2365,31.2375,6.56113,,995.248,60.8724,0,,-0.471738,1.00758,1.11255,,-0.0386338,0.1377,-0.0386338,-9.6723,fluid
2366,31.174,6.76131,,992.248,50.8238,0,,-0.576729,0.926621,1.09144,,-0.0955947,-0.183669,-0.0955947,-9.99367,fluid
2367,31.2584,6.39708,,995.192,53.8856,0,,-0.444354,1.19183,1.27197,,0.216505,0.0370027,0.216505,-9.773,fluid
2368,31.5599,4.66697,,936.156,4.90509,0,,-0.138777,-0.128277,0.188982,,-2.28929,-0.0749627,-2.28929,-9.88496,fluid
2369,31.5422,4.11311,,921.692,254.561,0,,-0.294335,-0.505931,0.58532,,-3.2415,-1.09672,-3.2415,-10.9067,fluid
2370,31.3229,5.62075,,978.257,-78.9706,0,,-0.327678,1.36086,1.39976,,-0.391431,-0.0993468,-0.391431,-9.90935,fluid
2371,31.2249,5.84737,,985.786,-81.8473,0,,-0.406439,1.76918,1.81526,,-0.334096,-0.546545,-0.334096,-10.3565,fluid
2372,31.3381,5.28042,,955.127,-2.52766,0,,-0.434312,1.53209,1.59246,,-0.368168,-0.536686,-0.368168,-10.3467,fluid
2373,31.0488,2.93732,,974.537,-68.7625,0,,-1.15083,0.759989,1.37913,,0.590325,4.26985,0.590325,-5.54015,fluid
2374,30.6709,3.87882,,852.263,-4.83778,0,,-1.78095,1.80533,2.53594,,-0.152853,0.472638,-0.152853,-9.33736,fluid
2375,31.0695,5.01679,,926.436,-109.277,0,,-0.597524,2.51225,2.58233,,0.0850571,0.147347,0.0850571,-9.66265,fluid
2376,30.9196,4.48429,,876.056,-141.907,0,,-0.915424,2.83021,2.97457,,0.166812,0.274735,0.166812,-9.53527,fluid
2377,31.4771,3.00991,,976.281,471.784,0,,0.0152707,1.42024,1.42032,,-0.121581,-0.300328,-0.121581,-10.1103,fluid
2378,31.4355,2.79753,,983.555,235.538,0,,0.062603,1.61036,1.61157,,-0.221518,2.83734,-0.221518,-6.97266,fluid
2379,30.6769,4.28083,,860.928,-136.566,0,,-1.08143,4.12808,4.26738,,-0.485267,-0.440343,-0.485267,-10.2503,fluid
2380,30.7896,2.85841,,984.473,-407.892,0,,-1.85618,3.1276,3.63694,,-1.53594,-0.847099,-1.53594,-10.6571,fluid
2381,31.5136,2.13196,,1000.36,25.1092,5682.61,,0.033429,3.65816,3.65831,,0.306638,-0.134386,0.486895,-9.94439,fluid
2382,31.458,1.95929,,1000.55,11.839,8640.54,,-0.204767,3.68072,3.68641,,-3.92109,0.507704,-3.64657,-9.3023,fluid
2383,30.6214,2.69637,,994.592,-489.976,0,,-3.38106,5.91512,6.81324,,-3.97009,-2.37076,-3.97009,-12.1808,fluid
2384,31.1953,1.53,,1000.01,190.748,111.284,,0.809479,5.86581,5.9214,,-9.28826,8.84223,-9.2847,-0.967771,fluid
2385,31.0388,0.938402,,989.578,478.132,0,,2.46625,3.92302,4.63384,,-23.3485,14.3303,-23.3485,4.52029,fluid
2386,30.8716,0.779557,,998.55,222.261,0,,5.0229,2.97756,5.83913,,-18.6897,22.8224,-18.6897,13.0124,fluid
2387,30.6408,0.734346,,1000.94,214.482,14869.2,,5.42074,3.14958,6.26931,,-16.6123,36.0549,-16.1274,26.2449,fluid
2388,29.712,0.463077,,1002.39,477.392,37854.6,,7.85944,0.0377091,7.85953,,-22.0708,26.6153,-20.7998,16.8053,fluid
2389,29.0861,0.461116,,976.72,527.499,0,,8.63371,-0.0555076,8.63388,,-4.7387,10.0802,-4.7387,0.270165,fluid
2390,28.3776,0.457551,,973.738,379.755,0,,8.6575,-0.0712455,8.65779,,-0.722231,9.81219,-0.722231,0.00218801,fluid
2391,27.7362,0.458133,,971.326,316.156,0,,8.59939,-0.0708246,8.59968,,-0.483615,9.85344,-0.483615,0.0434384,fluid
2392,26.5321,0.467193,,959.55,255.409,0,,8.07457,-0.055632,8.07476,,-0.0270269,8.84691,-0.0270269,-0.963091,fluid
2393,25.613,0.458951,,973.369,336.14,0,,7.84677,-0.0716222,7.8471,,-0.579908,9.81463,-0.579908,0.00463186,fluid
2394,25.026,0.452634,,970.519,356.401,0,,7.78582,-0.0687018,7.78612,,-0.502144,9.86235,-0.502144,0.0523461,fluid
2395,24.3571,0.453626,,973.692,318.038,0,,7.59354,-0.06396,7.5938,,-0.450765,9.88808,-0.450765,0.0780759,fluid
2396,23.0935,0.460262,,961.452,211.987,0,,7.13443,-0.0619765,7.1347,,-0.692074,9.65803,-0.692074,-0.151965,fluid
2397,22.2053,0.464804,,975.539,350.376,0,,7.04032,-0.0752981,7.04072,,-0.640272,9.87665,-0.640272,0.0666513,fluid
2398,21.9223,0.466419,,970.031,365.75,0,,7.00501,-0.0768951,7.00543,,-0.385653,9.85519,-0.385653,0.0451947,fluid
2399,21.8817,0.461127,,969.522,366.323,0,,6.98451,-0.0738831,6.9849,,-0.378368,9.7981,-0.378368,-0.0119024,fluid
2400,23.9834,0.204254,,981.732,248.749,0,,6.27197,0.522052,6.29366,,0.0362145,8.43925,0.0362145,-1.37075,fluid
2401,31.008,4.42442,,874.351,-62.5129,0,,-0.934957,2.9876,3.13048,,-0.0240146,-0.202233,-0.0240146,-10.0122,fluid
2402,29.3713,4.69543,,908.014,-58.4854,0,,-3.13075,3.81365,4.93412,,0,0,0,-9.81,fluid
2403,31.8348,0.769048,,997.138,21.5375,0,,0.107299,1.13444,1.1395,,4.20747,4.49652,4.20747,-5.31348,fluid
2404,31.8073,0.585338,,998.331,48.5367,0,,0.17232,0.930091,0.94592,,3.59129,10.4523,3.59129,0.642349,fluid
2405,31.7893,0.934628,,996.082,-7.73407,0,,0.125291,1.18165,1.18827,,5.5095,2.54492,5.5095,-7.26508,fluid
2406,31.8158,1.06124,,996.014,-28.4812,0,,0.0940024,0.65589,0.662592,,5.72523,3.42707,5.72523,-6.38293,fluid
2407,31.8166,1.70255,,999.666,34.7141,0,,0.0284282,0.935086,0.935518,,2.06117,3.06836,2.06117,-6.74164,fluid
2408,31.3455,3.59067,,920.64,560.589,0,,-1.11025,-0.550395,1.23919,,0.14665,1.02307,0.14665,-8.78693,fluid
2409,31.5925,3.64645,,933.16,474.559,0,,-0.344189,-1.17466,1.22405,,-0.318902,-0.00713294,-0.318902,-9.81713,fluid
2410,31.634,5.18816,,958.706,-46.2936,0,,0.00314139,-0.533608,0.533617,,-0.0616957,0.1619,-0.0616957,-9.6481,fluid
2411,31.6197,5.41931,,969.297,-44.1694,0,,0.000344902,-0.485153,0.485153,,-0.0224319,-0.312042,-0.0224319,-10.122,fluid
2412,31.657,4.65104,,943.393,-40.1556,0,,-0.226737,-0.909049,0.936899,,-7.91641,2.0533,-7.91641,-7.7567,fluid
2413,31.6884,4.28353,,941.479,-122.989,0,,-0.821283,-1.44453,1.66168,,-19.0606,-0.405191,-19.0606,-10.2152,fluid
2414,31.694,4.77047,,949.138,-56.9251,0,,-0.170927,-1.03444,1.04847,,-7.02581,2.87464,-7.02581,-6.93536,fluid
2415,31.6844,4.9914,,954.842,-64.1075,0,,-0.0203211,-0.896892,0.897122,,-1.45301,1.27749,-1.45301,-8.53251,fluid
2416,31.6775,5.25358,,964.271,-42.3153,0,,0.00308258,-0.803,0.803006,,-0.0389555,0.466313,-0.0389555,-9.34369,fluid
2417,31.6618,5.53508,,974.807,-69.7356,0,,0.000695131,-0.796515,0.796516,,-0.0311707,-0.0104454,-0.0311707,-9.82045,fluid
2418,31.6378,5.68956,,979.461,-98.3213,0,,0.00108304,-0.701777,0.701778,,-0.0406882,-0.213967,-0.0406882,-10.024,fluid
2419,31.6243,5.75381,,980.932,-105.166,0,,-3.7165e-05,-0.653141,0.653141,,-0.0579916,-0.270005,-0.0579916,-10.08,fluid
2420,31.6226,5.76419,,981.151,-105.766,0,,-0.000117205,-0.647379,0.647379,,-0.0652089,-0.269221,-0.0652089,-10.0792,fluid
2421,31.6336,5.63766,,977.908,-89.5124,0,,0.000687729,-0.639368,0.639369,,-0.0452827,-0.311739,-0.0452827,-10.1217,fluid
2422,31.6021,6.21796,,983.234,-24.0764,0,,0.00523899,-0.535921,0.535946,,0.0284808,0.307953,0.0284808,-9.50205,fluid
2423,31.1723,7.50195,,965.605,63.0643,0,,-0.43202,0.138667,0.453729,,0.0618366,0.298593,0.0618366,-9.51141,fluid
2424,31.1358,7.51001,,965.65,57.7716,0,,-0.483693,0.183744,0.517417,,0.0529826,0.292353,0.0529826,-9.51765,fluid
2425,31.4754,6.91791,,981.442,68.2574,0,,-0.00490134,-0.0112843,0.0123028,,0.362394,0.278143,0.362394,-9.53186,fluid
2426,31.4597,6.81386,,983.979,59.3243,0,,-0.0540495,0.0764692,0.0936423,,0.408127,0.0329611,0.408127,-9.77704,fluid
2427,31.4361,6.80741,,984.863,59.7609,0,,-0.0887019,0.152337,0.17628,,0.383388,0.0235327,0.383388,-9.78647,fluid
2428,31.474,6.64126,,984.98,49.0132,0,,-0.0697197,0.111864,0.131812,,0.283097,0.0606598,0.283097,-9.74934,fluid
2429,31.5657,6.11381,,983.258,-59.4434,0,,-0.0291804,-0.280795,0.282307,,0.288371,0.0644541,0.288371,-9.74555,fluid
2430,31.1529,7.04767,,983.562,50.0241,0,,-0.572841,0.65051,0.866782,,-0.00770122,-0.0842941,-0.00770122,-9.89429,fluid
2431,31.2764,6.70497,,992.158,59.8897,0,,-0.406341,0.765851,0.866972,,0.00911375,0.326242,0.00911375,-9.48376,fluid
2432,31.2549,6.72986,,992.12,57.9763,0,,-0.441767,0.797038,0.911278,,-0.033793,0.309635,-0.033793,-9.50036,fluid
2433,31.2497,6.5828,,994.712,61.4698,0,,-0.433589,0.947771,1.04224,,-0.0366886,0.223193,-0.0366886,-9.58681,fluid
2434,31.1616,6.81082,,991.091,49.7089,0,,-0.57243,0.894158,1.06169,,-0.0903135,-0.279831,-0.0903135,-10.0898,fluid
2435,31.1955,6.58384,,995.603,56.4903,0,,-0.56325,1.08133,1.21923,,-0.133538,-0.20836,-0.133538,-10.0184,fluid
2436,31.3429,5.99243,,985.72,-81.7983,0,,-0.338346,1.12136,1.17129,,0.188675,0.667057,0.188675,-9.14294,fluid
2437,31.5151,4.96614,,940.612,-62.7519,0,,-0.112475,0.227615,0.253888,,-0.325933,-0.314475,-0.325933,-10.1245,fluid
2438,31.1814,6.05827,,991.502,-23.0367,0,,-0.420256,1.64026,1.69324,,-0.086747,-0.0228462,-0.086747,-9.83285,fluid
2439,31.2502,5.75152,,983.329,-89.2087,0,,-0.41234,1.75341,1.80124,,-0.392684,-0.330788,-0.392684,-10.1408,fluid
2440,31.3559,5.08863,,938.835,-69.7113,0,,-0.420777,1.33105,1.39598,,-0.189249,-0.286143,-0.189249,-10.0961,fluid
2441,30.7531,4.13455,,853.054,-171.035,0,,-1.50444,2.01203,2.51229,,-0.18031,0.899435,-0.18031,-8.91057,fluid
2442,31.1746,5.38693,,966.794,35.7792,0,,-0.304474,2.36582,2.38533,,-0.660321,-1.00682,-0.660321,-10.8168,fluid
2443,30.9552,4.8503,,909.645,-155.491,0,,-0.759083,2.93344,3.03007,,0.100925,0.0871139,0.100925,-9.72289,fluid
2444,31.4829,3.05223,,974.573,509.225,0,,0.00979869,1.38785,1.38789,,-0.0634883,-0.80777,-0.0634883,-10.6178,fluid
2445,30.9848,3.30203,,942.553,361.218,0,,-1.29167,1.3348,1.85745,,-0.18121,0.204937,-0.18121,-9.60506,fluid
2446,30.719,4.54207,,869.279,-73.8949,0,,-0.856552,4.63878,4.7172,,-0.629059,-0.845415,-0.629059,-10.6554,fluid
2447,30.8941,2.73,,994.084,-406.703,0,,-2.08582,4.14361,4.63898,,-1.45114,-4.84886,-1.45114,-14.6589,fluid
2448,31.5454,2.12899,,999.874,19.4977,0,,0.0901507,3.60727,3.6084,,0.582835,0.848367,0.582835,-8.96163,fluid
2449,31.2739,2.33759,,1000.63,-7.21389,9923.89,,-0.233923,4.07004,4.07676,,-4.96616,-4.614,-4.64904,-14.424,fluid
2450,30.7139,2.51022,,999.901,-153.602,0,,-3.18944,5.451,6.31553,,-5.50899,-1.18843,-5.50899,-10.9984,fluid
2451,31.1678,1.21423,,1002.94,563.389,46519.1,,2.01703,5.04248,5.43093,,-59.2184,22.6168,-57.7303,12.8068,fluid
2452,30.9577,0.783772,,995.732,233.253,0,,4.21411,2.86203,5.09411,,-21.5934,24.1334,-21.5934,14.3234,fluid
2453,30.7783,0.751867,,1000.34,229.487,5375.47,,5.19851,3.01191,6.00801,,-15.2533,27.2795,-15.0787,17.4695,fluid
2454,30.1381,0.537724,,1001.12,239.148,17650.1,,6.73642,1.32341,6.86518,,-7.12909,27.3073,-6.54411,17.4973,fluid
2455,29.0143,0.457223,,976.167,499.282,0,,8.62096,-0.0577794,8.62115,,-2.87885,10.1009,-2.87885,0.290889,fluid
2456,28.3177,0.450481,,972.737,376.599,0,,8.65696,-0.067827,8.65723,,-0.674834,9.83663,-0.674834,0.0266302,fluid
2457,27.1649,0.457483,,966.652,350.663,0,,8.45676,-0.0722337,8.45707,,-0.336252,9.84353,-0.336252,0.0335259,fluid
2458,26.2716,0.45484,,967.496,264.294,0,,7.84308,-0.0466829,7.84322,,-0.734843,9.33732,-0.734843,-0.472681,fluid
2459,25.4552,0.448662,,973.366,334.324,0,,7.80736,-0.0670247,7.80765,,-0.540765,9.86614,-0.540765,0.0561399,fluid
2460,24.5005,0.455547,,971.989,313.23,0,,7.63977,-0.0665372,7.64006,,-0.318296,9.92376,-0.318296,0.113763,fluid
2461,23.1988,0.466179,,958.917,232.915,0,,7.19415,-0.05794,7.19438,,-0.689336,9.77174,-0.689336,-0.0382644,fluid
2462,22.8234,0.460957,,971.182,203.394,0,,7.02429,-0.0685241,7.02462,,-0.610822,9.65349,-0.610822,-0.156512,fluid
2463,22.7249,0.457419,,974.126,218.847,0,,7.01098,-0.0674814,7.0113,,-1.02367,9.85056,-1.02367,0.0405649,fluid
2464,27.0227,0.1908,,978.964,307.162,0,,7.77491,0.130151,7.77599,,-0.965458,3.55706,-0.965458,-6.25294,fluid
2465,31.5688,1.4601,,1000.03,35.8616,527.043,,0.151219,2.83715,2.84118,,0.713543,11.2206,0.730237,1.41055,fluid
2466,31.5663,2.22087,,997.448,20.7944,0,,0.0984151,1.66905,1.67195,,0.0888295,6.05926,0.0888295,-3.75074,fluid
2467,31.774,0.461647,,999.834,65.3585,0,,0.242109,0.423227,0.487584,,3.224,11.7388,3.224,1.92882,fluid
2468,31.8081,0.499079,,999.578,57.5183,0,,0.191233,0.535699,0.568808,,3.32419,11.1817,3.32419,1.37166,fluid
2469,31.8701,0.695106,,998.067,31.8276,0,,0.0942499,0.946583,0.951264,,3.69069,5.83831,3.69069,-3.97169,fluid
2470,31.8557,1.37439,,997.657,-12.3663,0,,0.0344247,0.870191,0.870871,,4.51074,4.97106,4.51074,-4.83894,fluid
2471,31.8483,1.60072,,999.502,25.6905,0,,0.0210662,0.835821,0.836086,,2.8537,3.35241,2.8537,-6.45759,fluid
2472,30.8977,3.2812,,948.648,539.986,0,,-2.31592,-0.00131927,2.31592,,0.724055,4.30582,0.724055,-5.50418,fluid
2473,31.714,3.74564,,940.692,288.464,0,,-0.268417,-1.71427,1.73515,,-4.14771,-2.0416,-4.14771,-11.8516,fluid
2474,31.7059,4.61591,,947.001,-97.2842,0,,-0.434268,-1.17153,1.24943,,-14.3101,3.90183,-14.3101,-5.90817,fluid
2475,31.7112,5.0398,,959.095,-70.3403,0,,-0.0134322,-1.11151,1.11159,,-1.22614,1.58438,-1.22614,-8.22562,fluid
2476,31.7081,5.62129,,978.794,-85.9384,0,,0.00150006,-1.069,1.069,,-0.0454944,0.377169,-0.0454944,-9.43283,fluid
2477,31.7057,5.8495,,984.589,-91.9454,0,,0.00388139,-1.0729,1.07291,,-0.0639383,0.566243,-0.0639383,-9.24376,fluid
2478,31.7068,5.92422,,985.686,-80.1998,0,,0.00418925,-1.09098,1.09099,,-0.0564659,0.676249,-0.0564659,-9.13375,fluid
2479,31.6815,6.21666,,985.014,-12.2756,0,,0.00364596,-0.972697,0.972704,,-0.0174319,0.504565,-0.0174319,-9.30544,fluid
2480,31.6741,6.16659,,985.121,-25.3289,0,,0.00458345,-0.934384,0.934395,,-0.00651035,0.42687,-0.00651035,-9.38313,fluid
2481,31.6821,5.88904,,984.666,-89.9844,0,,0.00412208,-0.978902,0.978911,,-0.0620104,0.451391,-0.0620104,-9.35861,fluid
2482,31.6955,5.44024,,972.114,-54.7221,0,,0.00166188,-1.00917,1.00917,,-0.0261635,0.482282,-0.0261635,-9.32772,fluid
2483,31.6796,5.48337,,973.18,-61.5019,0,,0.00159281,-0.924792,0.924794,,-0.0238802,0.297818,-0.0238802,-9.51218,fluid
2484,31.6595,5.84194,,983.428,-99.4731,0,,0.00317977,-0.880859,0.880864,,-0.073849,0.237452,-0.073849,-9.57255,fluid
2485,31.6349,6.43905,,982.082,21.365,0,,0.00405569,-0.70622,0.706231,,-0.0163967,0.270138,-0.0163967,-9.53986,fluid
2486,31.6249,6.84216,,982.356,55.6247,0,,0.00470335,-0.618227,0.618245,,-0.0368479,0.346092,-0.0368479,-9.46391,fluid
2487,31.2557,7.62773,,962.607,79.2204,0,,-0.320331,-0.174198,0.364633,,0.127257,0.320883,0.127257,-9.48912,fluid
2488,30.8976,8.19888,,945.905,16.2507,0,,-0.835082,0.136908,0.84623,,-0.00133427,0.0169035,-0.00133427,-9.7931,fluid
2489,31.3948,7.45516,,966.012,102.504,0,,-0.14647,-0.21422,0.259506,,0.0607117,0.154624,0.0607117,-9.65538,fluid
2490,31.4989,7.27092,,971.165,115.928,0,,-0.00685898,-0.266689,0.266778,,0.163587,0.245432,0.163587,-9.56457,fluid
2491,31.4396,7.33434,,969.054,109.703,0,,-0.0789639,-0.190181,0.205922,,0.116306,0.250683,0.116306,-9.55932,fluid
2492,31.0385,7.67294,,961.502,48.3286,0,,-0.615963,0.102289,0.624398,,0.0192583,0.432492,0.0192583,-9.37751,fluid
2493,30.7501,8.00836,,948.219,15.1292,0,,-1.03064,0.235269,1.05715,,0.0033624,0.00981996,0.0033624,-9.80018,fluid
2494,30.7318,7.8596,,951.744,15.3391,0,,-1.10019,0.201404,1.11848,,-0.0023199,0.00483108,-0.0023199,-9.80517,fluid
2495,30.9597,7.58704,,963.871,39.0604,0,,-0.763406,0.206765,0.790911,,-0.0710406,0.197631,-0.0710406,-9.61237,fluid
2496,31.3785,7.10369,,977.903,83.2001,0,,-0.143693,0.0870927,0.168026,,0.294194,0.272596,0.294194,-9.5374,fluid
2497,31.3705,6.83948,,986.444,62.2036,0,,-0.19406,0.328278,0.381348,,0.29331,0.208758,0.29331,-9.60124,fluid
2498,31.1334,7.26284,,974.856,51.555,0,,-0.551145,0.462644,0.719583,,0.05646,0.148603,0.05646,-9.6614,fluid
2499,31.008,7.35711,,971.102,42.6762,0,,-0.688184,0.39807,0.79502,,-0.0274526,-0.144542,-0.0274526,-9.95454,fluid
2500,31.0819,7.15238,,979.474,44.5367,0,,-0.650276,0.576872,0.869275,,-0.00242677,-0.299331,-0.00242677,-10.1093,fluid
2501,31.1748,6.77827,,991.908,51.8502,0,,-0.543962,0.887819,1.04121,,-0.117728,-0.0408315,-0.117728,-9.85083,fluid
2502,31.1454,6.82294,,990.866,48.8453,0,,-0.572299,0.90018,1.0667,,-0.130877,-0.397547,-0.130877,-10.2075,fluid
2503,31.2155,6.51536,,996.117,58.7568,0,,-0.52609,1.13048,1.2469,,-0.0471527,-0.157786,-0.0471527,-9.96779,fluid
2504,31.2817,6.13244,,990.079,-16.4121,0,,-0.40275,1.33617,1.39555,,0.186644,0.447326,0.186644,-9.36267,fluid
2505,31.1642,6.27022,,996.414,33.9012,0,,-0.435171,1.51146,1.57286,,-0.20138,-0.568471,-0.20138,-10.3785,fluid
2506,31.2316,5.80755,,984.806,-86.5327,0,,-0.404221,1.76838,1.81399,,-0.370026,-0.456746,-0.370026,-10.2667,fluid
2507,31.366,4.92876,,930.785,-104.902,0,,-0.422084,1.14532,1.22062,,-0.179961,-0.227647,-0.179961,-10.0376,fluid
2508,31.3023,4.92767,,928.333,-107.642,0,,-0.384719,1.57082,1.61725,,-0.247437,-0.258393,-0.247437,-10.0684,fluid
2509,31.0457,5.9564,,991.401,-17.6917,0,,-0.628692,2.78218,2.85233,,-1.10521,-2.0593,-1.10521,-11.8693,fluid
2510,30.9274,4.35675,,867.576,-110.904,0,,-0.961219,2.74358,2.90709,,0.108348,0.190611,0.108348,-9.61939,fluid
2511,31.4636,3.15577,,968.808,560.391,0,,-0.0750648,1.13547,1.13794,,-0.179311,-1.41327,-0.179311,-11.2233,fluid
2512,30.8333,4.056,,855.717,-59.2213,0,,-1.20174,3.0997,3.3245,,-0.131985,-0.553907,-0.131985,-10.3639,fluid
2513,30.66,4.43768,,863.839,-134.556,0,,-0.995035,4.48118,4.59032,,-0.371219,-0.404618,-0.371219,-10.2146,fluid
2514,31.4978,2.32006,,1000.05,16.7196,819.046,,0.139037,3.96257,3.96501,,-0.772748,-0.958865,-0.746746,-10.7689,fluid
2515,31.5254,1.95031,,1000.51,13.5444,7981.8,,-0.0200861,3.49937,3.49943,,-0.441231,0.577405,-0.188173,-9.23259,fluid
2516,30.6428,2.7639,,989.634,-665.436,0,,-3.40833,5.80235,6.72934,,-3.05076,-2.93534,-3.05076,-12.7453,fluid
2517,31.1873,1.64605,,997.287,219.031,0,,0.413758,6.47377,6.48698,,-7.37893,3.56584,-7.37893,-6.24416,fluid
2518,30.9888,0.780639,,994.807,239.481,0,,3.60574,2.94788,4.6574,,-21.4265,24.8694,-21.4265,15.0594,fluid
2519,30.7211,0.715934,,1000.45,206.813,6997.61,,5.04372,2.86231,5.7993,,-12.21,28.2347,-11.9823,18.4247,fluid
2520,29.747,0.45444,,1003.56,399.631,56463.3,,7.75436,0.14578,7.75573,,-20.3492,33.9281,-18.4579,24.1181,fluid
2521,28.6895,0.448483,,976.355,408.52,0,,8.58795,-0.0660545,8.5882,,-0.70912,9.91374,-0.70912,0.103737,fluid
2522,28.0912,0.443513,,969.816,338.245,0,,8.59951,-0.0649206,8.59975,,-0.427889,9.81642,-0.427889,0.00641812,fluid
2523,26.6193,0.453753,,958.778,264.125,0,,8.08798,-0.0515021,8.08814,,0.144682,8.67561,0.144682,-1.13439,fluid
2524,25.7134,0.449638,,973.452,333.284,0,,7.82886,-0.0675481,7.82915,,-0.613126,9.85548,-0.613126,0.0454825,fluid
2525,24.5963,0.460559,,970.541,314.264,0,,7.67815,-0.0709796,7.67848,,-0.310547,9.8818,-0.310547,0.0718019,fluid
2526,23.9725,0.461431,,973.722,344.352,0,,7.49337,-0.0691467,7.49369,,-0.471091,9.79583,-0.471091,-0.0141677,fluid
2527,23.8144,0.457049,,971.498,353.129,0,,7.45026,-0.0652377,7.45054,,-0.44759,9.53798,-0.44759,-0.272017,fluid
2528,30.4016,0.254419,,1001.57,270.231,24820.4,,6.15128,0.0336291,6.15137,,-23.1742,15.3171,-22.359,5.50709,fluid
2529,31.438,2.53018,,992.026,82.0199,0,,0.0161085,2.07724,2.0773,,2.20771,4.36552,2.20771,-5.44448,fluid
2530,31.8464,0.41472,,999.698,59.2868,0,,0.158714,-0.00442963,0.158776,,2.64707,12.2706,2.64707,2.4606,fluid
2531,31.8552,1.59008,,999.18,26.3553,0,,0.0160525,1.06675,1.06687,,3.20057,2.9032,3.20057,-6.9068,fluid
2532,30.8615,2.81426,,975.831,-321.074,0,,-1.9431,0.747618,2.08197,,-1.18577,5.38069,-1.18577,-4.42931,fluid
2533,31.7079,3.95228,,940.83,116.863,0,,-0.609076,-1.71793,1.8227,,-11.2245,-3.35118,-11.2245,-13.1612,fluid
2534,31.7052,3.963,,940.594,111.483,0,,-0.614453,-1.69254,1.80062,,-11.4113,-3.32248,-11.4113,-13.1325,fluid
2535,31.7217,3.90585,,942.105,135.98,0,,-0.588385,-1.87581,1.96593,,-10.4469,-3.44633,-10.4469,-13.2563,fluid
2536,31.5531,3.50141,,939.005,640.916,0,,-0.660377,-1.35785,1.50991,,0.45259,1.58096,0.45259,-8.22904,fluid
2537,31.6279,3.49253,,943.026,607.446,0,,-0.446252,-1.60969,1.6704,,0.419981,1.30773,0.419981,-8.50227,fluid
2538,31.7533,3.6545,,944.946,314.205,0,,-0.235834,-2.0682,2.0816,,-3.3498,-1.48591,-3.3498,-11.2959,fluid
2539,31.7238,4.18831,,943.897,-171.3,0,,-1.14934,-1.78569,2.12359,,-23.8178,-2.21806,-23.8178,-12.0281,fluid
2540,31.7333,4.38912,,946.038,-253.791,0,,-1.11489,-1.55079,1.90996,,-27.6893,2.4693,-27.6893,-7.3407,fluid
2541,31.7495,4.3293,,946.693,-314.944,0,,-1.41808,-1.76193,2.26171,,-32.4454,1.1121,-32.4454,-8.6979,fluid
2542,31.772,4.65719,,953.933,-175.049,0,,-0.665102,-1.52992,1.66823,,-23.2672,7.85883,-23.2672,-1.95117,fluid
2543,31.733,5.66356,,980.709,-89.9904,0,,0.00162935,-1.19347,1.19348,,-0.0392602,0.57537,-0.0392602,-9.23463,fluid
2544,31.7162,5.9287,,985.97,-78.0213,0,,0.00414333,-1.13324,1.13325,,-0.0524048,0.762412,-0.0524048,-9.04759,fluid
2545,31.7252,5.98272,,986.717,-65.1585,0,,0.00358056,-1.17855,1.17855,,-0.03275,0.908685,-0.03275,-8.90132,fluid
2546,31.7325,6.06164,,987.283,-44.6643,0,,0.00293383,-1.22417,1.22418,,-0.0274551,0.971476,-0.0274551,-8.83852,fluid
2547,31.7284,6.24035,,986.565,-0.769322,0,,0.00235354,-1.24659,1.2466,,-0.0244469,0.798565,-0.0244469,-9.01144,fluid
2548,31.7052,6.56178,,983.298,22.9765,0,,0.00180802,-1.22209,1.22209,,-0.0110253,0.630701,-0.0110253,-9.1793,fluid
2549,31.2634,7.46037,,967.384,86.1822,0,,-0.289017,-0.318266,0.429912,,0.272917,0.804339,0.272917,-9.00566,fluid
2550,31.0495,7.75865,,960.701,51.7766,0,,-0.657246,-0.157024,0.675743,,0.187598,1.12465,0.187598,-8.68535,fluid
2551,31.523,7.15898,,976.627,119.907,0,,0.0092041,-0.643289,0.643354,,0.0978976,0.791977,0.0978976,-9.01802,fluid
2552,31.6726,6.61587,,982.411,26.2866,0,,0.00248624,-0.958537,0.95854,,-0.0125492,0.445942,-0.0125492,-9.36406,fluid
2553,31.6655,6.65966,,982.432,29.3818,0,,0.00264343,-0.909282,0.909286,,-0.0322484,0.386858,-0.0322484,-9.42314,fluid
2554,31.6516,6.87629,,983.164,55.6454,0,,0.00440962,-0.812428,0.81244,,-0.0325229,0.413477,-0.0325229,-9.39652,fluid
2555,31.4816,7.29754,,971.931,120.915,0,,-0.0564218,-0.50445,0.507596,,0.25749,0.514695,0.25749,-9.2953,fluid
2556,30.9724,8.35024,,946.125,8.77881,0,,-0.727543,0.122639,0.737807,,-4.51191e-05,0.00206776,-4.51191e-05,-9.80793,fluid
2557,31.1235,8.81971,,963.766,-22.7815,0,,-0.49555,0.233646,0.547869,,-0.0398817,-0.141834,-0.0398817,-9.95183,fluid
2558,30.9585,8.6603,,956.891,-9.35711,0,,-0.698868,0.383906,0.797371,,-0.0033399,-0.014563,-0.0033399,-9.82456,fluid
2559,30.8822,8.09152,,947.469,21.3025,0,,-0.869248,0.112409,0.876486,,-0.00634731,0.0558394,-0.00634731,-9.75416,fluid
2560,30.8387,8.31313,,945.794,12.1444,0,,-0.867808,0.331081,0.92882,,0.00434431,0.00915091,0.00434431,-9.80085,fluid
2561,30.825,8.29093,,945.499,13.311,0,,-0.864415,0.364081,0.93796,,-0.00123471,-0.00199094,-0.00123471,-9.81199,fluid
2562,30.7241,8.10674,,945.915,11.9102,0,,-1.01544,0.341381,1.07129,,-4.26456e-07,1.23637e-06,-4.26456e-07,-9.81,fluid
2563,30.7826,7.71141,,957.227,20.2422,0,,-1.07954,0.134929,1.08794,,-0.0750099,-0.0263959,-0.0750099,-9.8364,fluid
2564,31.0759,7.43829,,968.33,49.9754,0,,-0.584337,0.311679,0.662264,,-0.043385,0.209125,-0.043385,-9.60087,fluid
2565,31.0384,7.41266,,969.273,45.9903,0,,-0.632018,0.35537,0.725076,,-0.0484234,0.092877,-0.0484234,-9.71712,fluid
2566,30.9519,7.43683,,968.168,39.3902,0,,-0.72922,0.31577,0.794653,,-0.0963307,-0.178772,-0.0963307,-9.98877,fluid
2567,31.0064,7.29854,,973.151,41.4929,0,,-0.709175,0.434304,0.831594,,-0.055119,-0.286973,-0.055119,-10.097,fluid
2568,31.1219,7.02343,,984.636,47.5438,0,,-0.561114,0.709423,0.904505,,-0.0810714,-0.367709,-0.0810714,-10.1777,fluid
2569,31.0942,6.93094,,987.897,46.0406,0,,-0.570541,0.815104,0.994943,,-0.213512,-0.55328,-0.213512,-10.3633,fluid
2570,31.1699,6.71956,,993.267,51.0178,0,,-0.578906,0.984712,1.14227,,-0.117815,-0.287695,-0.117815,-10.0977,fluid
2571,31.1949,6.53819,,996.229,56.6785,0,,-0.554828,1.15203,1.27867,,-0.123663,-0.354378,-0.123663,-10.1644,fluid
2572,31.1344,6.5105,,997.279,49.2742,0,,-0.587253,1.30627,1.43221,,-0.414853,-0.792918,-0.414853,-10.6029,fluid
2573,31.1566,6.10607,,993.078,-3.71202,0,,-0.464415,1.69832,1.76068,,-0.129821,-0.408323,-0.129821,-10.2183,fluid
2574,31.358,4.97362,,932.452,-100.406,0,,-0.421646,1.2352,1.30518,,-0.138551,-0.223603,-0.138551,-10.0336,fluid
2575,31.1711,5.82681,,986.473,-69.5396,0,,-0.55549,2.26406,2.33121,,-0.437282,-1.49657,-0.437282,-11.3066,fluid
2576,31.0598,5.82613,,989.382,-46.1776,0,,-0.54908,2.73735,2.79187,,-0.829952,-1.61755,-0.829952,-11.4275,fluid
2577,30.9835,4.23996,,862.866,-39.8676,0,,-1.2388,2.83389,3.09282,,-0.0626341,-0.14084,-0.0626341,-9.95084,fluid
2578,30.9332,3.67213,,885.022,194.715,0,,-1.45578,1.96939,2.44904,,0.01994,0.145769,0.01994,-9.66423,fluid
2579,30.7713,4.64633,,877.115,-35.5563,0,,-0.994589,4.56734,4.67438,,-0.774432,-1.05716,-0.774432,-10.8672,fluid
2580,31.1239,2.61128,,997.723,-171.326,0,,-0.514536,4.3683,4.3985,,1.97332,-0.499233,1.97332,-10.3092,fluid
2581,31.5869,1.81472,,1000.44,19.3089,6938.98,,0.057348,2.92573,2.9263,,-1.4792,1.57787,-1.25962,-8.23213,fluid
2582,31.0528,2.40486,,1000.65,-49.6904,10221.3,,-0.982347,4.44119,4.54854,,-6.53228,-8.49883,-6.20334,-18.3088,fluid
2583,31.2413,1.39322,,1000.63,47.3763,9898.62,,0.661715,5.5772,5.61631,,-22.2471,13.5072,-21.9305,3.69719,fluid
2584,30.878,0.722988,,997.202,143.975,0,,4.37965,2.70441,5.14735,,-17.45,25.216,-17.45,15.406,fluid
2585,30.4665,0.671027,,1001.88,239.954,29657.7,,6.30179,3.01115,6.98424,,-23.7027,46.3641,-22.7311,36.5541,fluid
2586,29.2633,0.441542,,981.223,595.005,0,,8.46199,-0.034255,8.46205,,-12.0426,9.953,-12.0426,0.143003,fluid
2587,28.4833,0.441445,,975.416,387.6,0,,8.60636,-0.0633181,8.6066,,-0.765411,9.86812,-0.765411,0.0581162,fluid
2588,27.2401,0.449316,,968.096,351.943,0,,8.44637,-0.0678205,8.44664,,-0.409153,9.86631,-0.409153,0.0563085,fluid
2589,25.7356,0.454438,,973.381,334.709,0,,7.84357,-0.0699045,7.84388,,-0.656203,9.85307,-0.656203,0.0430658,fluid
2590,25.2866,0.454264,,972.97,344.485,0,,7.81428,-0.0691541,7.81458,,-0.535009,9.84736,-0.535009,0.0373612,fluid
2591,25.2046,0.449756,,972.53,346.104,0,,7.8038,-0.0671588,7.80409,,-0.520313,9.85418,-0.520313,0.0441839,fluid
2592,28.6536,0.383459,,976.781,382.725,0,,8.0238,-0.0441125,8.02392,,-0.000239925,9.96082,-0.000239925,0.150815,fluid
2593,30.8206,3.03071,,968.887,-233.215,0,,-1.75949,2.87324,3.36917,,-1.09799,-0.172607,-1.09799,-9.98261,fluid
2594,31.8731,0.900512,,996.786,-9.12335,0,,0.0681349,0.426669,0.432075,,4.7597,2.68344,4.7597,-7.12656,fluid
2595,31.6722,1.88502,,999.172,42.6334,0,,0.0761597,0.408024,0.415071,,0.485381,5.96663,0.485381,-3.84337,fluid
2596,30.9904,2.23267,,966.745,-9.69899,0,,-1.39243,1.22381,1.8538,,-4.7165,4.201,-4.7165,-5.609,fluid
2597,31.8948,1.23259,,997.053,-32.7224,0,,-0.0129363,0.0865626,0.0875239,,10.5311,4.55249,10.5311,-5.25751,fluid
2598,31.9016,1.30158,,997.374,-27.871,0,,-0.0844925,0.356848,0.366715,,8.37867,4.38002,8.37867,-5.42998,fluid
2599,31.9188,0.889262,,997.449,6.34659,0,,0.0167734,-0.681992,0.682198,,8.83386,4.33366,8.83386,-5.47634,fluid
2600,30.8327,3.00791,,971.701,-37.707,0,,-2.49874,-0.0538066,2.49931,,0.766116,7.25573,0.766116,-2.55427,fluid
2601,31.788,3.84735,,948.707,50.4804,0,,-0.915899,-2.56955,2.7279,,-14.7499,-6.12166,-14.7499,-15.9317,fluid
2602,31.7508,6.03645,,987.819,-49.1956,0,,0.00276372,-1.30912,1.30913,,-0.0275254,1.16413,-0.0275254,-8.64587,fluid
2603,31.2988,7.25792,,973.44,104.016,0,,-0.212945,-0.362435,0.420363,,0.478914,1.42568,0.478914,-8.38432,fluid
2604,31.2691,7.31341,,971.557,97.3143,0,,-0.255099,-0.320123,0.409333,,0.455234,1.32863,0.455234,-8.48137,fluid
2605,31.7231,6.41694,,984.729,24.2495,0,,0.00195955,-1.32591,1.32592,,-0.013821,0.826958,-0.013821,-8.98304,fluid
2606,31.7473,5.86851,,985.891,-84.3461,0,,0.00360754,-1.27128,1.27128,,-0.050478,0.929792,-0.050478,-8.88021,fluid
2607,31.736,6.00358,,987.168,-58.8924,0,,0.0032564,-1.23014,1.23014,,-0.0293203,1.02494,-0.0293203,-8.78506,fluid
2608,31.7103,6.49184,,983.609,23.7647,0,,0.00211664,-1.21709,1.21709,,-0.0153652,0.650252,-0.0153652,-9.15975,fluid
2609,31.6397,6.81659,,983.363,44.6188,0,,0.00500112,-0.995221,0.995234,,-0.0439922,0.528598,-0.0439922,-9.2814,fluid
2610,31.3535,7.29273,,972.147,109.696,0,,-0.171477,-0.451627,0.483085,,0.431581,1.1073,0.431581,-8.7027,fluid
2611,31.1297,7.57595,,965.128,61.5321,0,,-0.490482,-0.126574,0.506551,,0.244032,1.11255,0.244032,-8.69745,fluid
2612,31.0097,7.80321,,959.762,49.369,0,,-0.745089,-0.210825,0.774342,,0.0924301,1.19249,0.0924301,-8.61751,fluid
2613,31.4134,8.09762,,949.872,122.513,0,,-0.326893,-0.847891,0.908723,,0.0825416,0.161219,0.0825416,-9.64878,fluid
2614,31.4554,9.35212,,966.949,-31.208,0,,-0.125088,-0.145072,0.191554,,0.055687,0.0571494,0.055687,-9.75285,fluid
2615,31.4008,9.41578,,968.272,-30.1532,0,,-0.178302,-0.0491301,0.184947,,0.0482208,0.094677,0.0482208,-9.71532,fluid
2616,31.4925,9.10093,,962.284,-33.3399,0,,-0.102729,-0.226833,0.249011,,-0.00069975,-1.51573e-05,-0.00069975,-9.81002,fluid
2617,31.3727,9.33204,,968.016,-29.9668,0,,-0.203369,-0.0105629,0.203644,,0.0328229,0.0489749,0.0328229,-9.76103,fluid
2618,31.2638,9.47473,,969.661,-30.2991,0,,-0.312159,0.0487855,0.315948,,0.0346915,0.0152661,0.0346915,-9.79473,fluid
2619,31.2543,9.42489,,969.414,-30.8436,0,,-0.323775,0.0638366,0.330008,,0.0248544,0.00343644,0.0248544,-9.80656,fluid
2620,31.2714,9.28934,,968.723,-30.7566,0,,-0.309512,0.0851342,0.321007,,0.0404338,-0.00717674,0.0404338,-9.81718,fluid
2621,31.27,9.22175,,968.36,-30.459,0,,-0.31063,0.0964464,0.325259,,0.029685,-0.0303448,0.029685,-9.84034,fluid
2622,31.2281,9.24345,,968.571,-31.4629,0,,-0.350367,0.10901,0.366934,,0.0132673,-0.0304151,0.0132673,-9.84042,fluid
2623,31.1985,9.22166,,968.428,-31.8963,0,,-0.370444,0.122753,0.390252,,-0.00347198,-0.0433186,-0.00347198,-9.85332,fluid
2624,31.219,9.10515,,967.738,-29.8503,0,,-0.331264,0.131149,0.35628,,-0.00665578,-0.106978,-0.00665578,-9.91698,fluid
2625,31.2078,8.99549,,966.684,-28.4965,0,,-0.346622,0.149731,0.377579,,-0.0289489,-0.18369,-0.0289489,-9.99369,fluid
2626,31.1261,8.88937,,965.237,-26.4323,0,,-0.464264,0.236421,0.520995,,-0.0548719,-0.186621,-0.0548719,-9.99662,fluid
2627,31.0092,8.75076,,960.896,-16.1477,0,,-0.607496,0.384175,0.718778,,-0.0672496,-0.125765,-0.0672496,-9.93576,fluid
2628,30.8781,8.55775,,951.59,4.90978,0,,-0.747543,0.495407,0.896799,,-0.041188,-0.0616633,-0.041188,-9.87166,fluid
2629,30.7903,8.22325,,945.303,13.6128,0,,-0.904702,0.371094,0.977853,,-0.00194752,-0.00361051,-0.00194752,-9.81361,fluid
2630,30.6889,8.11353,,945.242,9.81968,0,,-1.0404,0.404349,1.11621,,0,0,0,-9.81,fluid
2631,30.7468,7.7179,,956.204,17.1919,0,,-1.08941,0.195116,1.10674,,-0.0664637,-0.0408403,-0.0664637,-9.85084,fluid
2632,30.8761,7.54961,,963.919,31.9954,0,,-0.875086,0.200614,0.897787,,-0.140714,-0.235577,-0.140714,-10.0456,fluid
2633,30.9098,7.48481,,966.345,35.8663,0,,-0.786956,0.263587,0.829926,,-0.132115,-0.261296,-0.132115,-10.0713,fluid
2634,30.9531,7.37558,,970.033,38.3817,0,,-0.742249,0.365236,0.827243,,-0.0847677,-0.36724,-0.0847677,-10.1772,fluid
2635,31.082,7.09792,,981.793,44.6599,0,,-0.598078,0.644164,0.879002,,-0.107467,-0.432583,-0.107467,-10.2426,fluid
2636,31.0861,6.94645,,987.431,45.3006,0,,-0.572139,0.804767,0.987417,,-0.223277,-0.605262,-0.223277,-10.4153,fluid
2637,31.1882,6.59283,,995.559,55.3792,0,,-0.57114,1.09052,1.23103,,-0.160848,-0.295786,-0.160848,-10.1058,fluid
2638,31.1721,6.49058,,996.952,54.0546,0,,-0.567097,1.24082,1.36427,,-0.241835,-0.482726,-0.241835,-10.2927,fluid
2639,31.1394,6.27207,,997.101,33.7791,0,,-0.433839,1.55217,1.61166,,-0.317877,-0.652778,-0.317877,-10.4628,fluid
2640,31.2647,5.68429,,981.574,-84.6932,0,,-0.462008,1.76613,1.82556,,-0.380254,-0.272442,-0.380254,-10.0824,fluid
2641,31.3012,5.03599,,933.923,-85.9092,0,,-0.407136,1.60858,1.6593,,-0.216171,-0.284845,-0.216171,-10.0948,fluid
2642,31.0211,6.15148,,993.214,19.6026,0,,-0.839437,2.73224,2.85829,,-1.15285,-1.84102,-1.15285,-11.651,fluid
2643,30.9186,4.52834,,879.61,-153.495,0,,-0.825891,2.79533,2.91478,,0.130377,0.327944,0.130377,-9.48206,fluid
2644,31.1706,3.3994,,933.529,454.366,0,,-0.993068,0.964449,1.38432,,-0.365444,-0.486044,-0.365444,-10.296,fluid
2645,30.7954,4.29085,,861.651,-96.296,0,,-1.10426,3.68637,3.84821,,-0.282857,-0.65218,-0.282857,-10.4622,fluid
2646,30.7374,2.83373,,986.695,-543.947,0,,-2.45268,4.28633,4.93845,,-1.94989,-2.68877,-1.94989,-12.4988,fluid
2647,31.5806,1.60244,,1000.59,35.5562,9207.92,,0.0902992,2.68316,2.68468,,-2.75003,7.71367,-2.45863,-2.09633,fluid
2648,30.8725,2.383,,1000.99,-103.773,15508.4,,-2.24698,4.95466,5.44037,,-15.2248,-16.7868,-14.723,-26.5968,fluid
2649,31.1448,0.917719,,993.991,524.995,0,,2.49603,4.30531,4.97653,,-23.7624,14.3843,-23.7624,4.57434,fluid
2650,30.7763,0.710157,,999.726,188.484,0,,4.87585,2.75153,5.59864,,-10.5709,23.4714,-10.5709,13.6614,fluid
2651,29.9083,0.459358,,1003.99,134.177,63381.7,,7.16491,0.946251,7.22712,,-14.6636,36.8866,-12.5528,27.0766,fluid
2652,28.5868,0.442913,,976.23,397.312,0,,8.58081,-0.0632114,8.58104,,-0.710395,9.81747,-0.710395,0.00746898,fluid
2653,27.3102,0.450069,,969.159,354.962,0,,8.46404,-0.067775,8.46431,,-0.489756,9.84248,-0.489756,0.0324825,fluid
2654,26.3749,0.45336,,964.548,250.862,0,,7.88472,-0.043099,7.88484,,-0.408913,8.93959,-0.408913,-0.870414,fluid
2655,25.968,0.447536,,972.806,316.842,0,,7.82695,-0.0627722,7.8272,,-1.03129,9.82481,-1.03129,0.0148078,fluid
2656,30.9574,0.487511,,1000.11,85.5661,1762.19,,1.96726,0.604414,2.05801,,-27.4321,28.4757,-27.3752,18.6657,fluid
2657,29.5564,4.79625,,906.02,-85.148,0,,-3.07412,4.31783,5.30036,,0,0,0,-9.81,fluid
2658,31.8976,1.09869,,996.767,-32.3362,0,,0.0291206,-0.0440903,0.0528391,,7.14087,3.46505,7.14087,-6.34495,fluid
2659,31.9207,0.835168,,997.787,11.4014,0,,0.0383269,0.0449878,0.0591003,,5.36099,3.44871,5.36099,-6.36129,fluid
2660,31.9285,0.936172,,997.238,-12.9252,0,,-0.0849305,-0.41143,0.420104,,10.3667,3.15937,10.3667,-6.65063,fluid
2661,31.8787,1.3726,,997.822,-16.8643,0,,0.00103523,0.476825,0.476826,,8.6056,4.70072,8.6056,-5.10928,fluid
2662,30.7943,3.01771,,969.733,-18.4539,0,,-2.70614,-0.120938,2.70884,,-0.217008,7.26822,-0.217008,-2.54178,fluid
2663,31.4524,3.4067,,946.78,806.394,0,,-1.12781,-1.42272,1.81551,,0.770579,3.56209,0.770579,-6.24791,fluid
2664,31.7932,4.8026,,959.88,-138.97,0,,-0.369856,-1.70102,1.74076,,-16.5058,7.9872,-16.5058,-1.8228,fluid
2665,31.7624,6.03599,,988.224,-48.2208,0,,0.00269105,-1.37198,1.37198,,-0.0268999,1.26386,-0.0268999,-8.54614,fluid
2666,31.488,6.9333,,982.414,82.1892,0,,0.0293879,-0.664771,0.66542,,0.0426066,1.34215,0.0426066,-8.46785,fluid
2667,30.8828,7.7022,,960.575,30.2969,0,,-1.00337,-0.117587,1.01024,,-0.26378,1.02863,-0.26378,-8.78137,fluid
2668,30.8891,7.72034,,960.397,31.6096,0,,-0.989331,-0.138603,0.998993,,-0.242533,1.12278,-0.242533,-8.68722,fluid
2669,30.8843,7.7296,,960.144,31.3298,0,,-0.997859,-0.155674,1.00993,,-0.233516,1.13848,-0.233516,-8.67152,fluid
2670,31.0393,7.9342,,956.563,59.1724,0,,-0.749966,-0.42004,0.859583,,0.19833,1.15255,0.19833,-8.65745,fluid
2671,31.5906,8.07327,,965.973,134.181,0,,-0.166843,-1.30145,1.3121,,-0.0100253,0.133792,-0.0100253,-9.67621,fluid
2672,31.4874,9.41426,,967.305,-32.3838,0,,-0.0991686,-0.231041,0.251425,,0.0964045,0.124127,0.0964045,-9.68587,fluid
2673,31.2195,10.166,,966.63,-18.6002,0,,-0.428418,-0.161576,0.457874,,-0.015903,0.13434,-0.015903,-9.67566,fluid
2674,31.2163,10.3126,,964.648,-14.3166,0,,-0.418,-0.1765,0.453736,,-0.00416472,0.0999984,-0.00416472,-9.71,fluid
2675,31.2387,10.2333,,965.811,-15.7778,0,,-0.397966,-0.178113,0.436006,,-0.00428362,0.140871,-0.00428362,-9.66913,fluid
2676,31.2387,10.1917,,966.34,-16.9251,0,,-0.400834,-0.170839,0.435722,,-0.00674214,0.149562,-0.00674214,-9.66044,fluid
2677,31.2032,10.2532,,965.442,-16.5072,0,,-0.43107,-0.164485,0.461386,,-0.0131378,0.0915113,-0.0131378,-9.71849,fluid
2678,31.2078,10.1507,,966.766,-19.2349,0,,-0.433009,-0.154032,0.459589,,-0.0210719,0.111072,-0.0210719,-9.69893,fluid
2679,31.264,9.99652,,968.819,-21.3988,0,,-0.356981,-0.117764,0.375904,,0.0181432,0.13437,0.0181432,-9.67563,fluid
2680,31.2672,9.96018,,969.196,-22.0851,0,,-0.339454,-0.104153,0.355073,,0.0223614,0.120549,0.0223614,-9.68945,fluid
2681,31.1944,10.0343,,968.18,-22.406,0,,-0.422167,-0.13003,0.441738,,-0.0416978,0.0624175,-0.0416978,-9.74758,fluid
2682,31.2616,9.85122,,970.138,-24.868,0,,-0.323047,-0.0685245,0.330234,,0.0190172,0.0874368,0.0190172,-9.72256,fluid
2683,31.2652,9.80277,,970.371,-25.6785,0,,-0.306948,-0.0498423,0.310968,,0.0281322,0.0761193,0.0281322,-9.73388,fluid
2684,31.2691,9.68253,,970.53,-27.7734,0,,-0.296762,-0.0129253,0.297044,,0.0373897,0.0490802,0.0373897,-9.76092,fluid
2685,31.2581,9.55055,,970.074,-29.6514,0,,-0.312263,0.0292874,0.313634,,0.0223656,0.023939,0.0223656,-9.78606,fluid
2686,31.2569,9.39972,,969.288,-30.9136,0,,-0.321925,0.0693624,0.329313,,0.0293659,-0.00122853,0.0293659,-9.81123,fluid
2687,31.2551,9.33398,,968.981,-31.1223,0,,-0.325441,0.0834743,0.335976,,0.0336854,-0.00983659,0.0336854,-9.81984,fluid
2688,31.2335,9.29306,,968.803,-31.5103,0,,-0.344863,0.0985124,0.358658,,0.0159621,-0.0197113,0.0159621,-9.82971,fluid
2689,31.2169,9.19837,,968.345,-31.3215,0,,-0.355905,0.120721,0.375822,,0.0047638,-0.0490616,0.0047638,-9.85906,fluid
2690,31.2265,9.07511,,967.457,-29.4807,0,,-0.328024,0.132154,0.353645,,-0.00863984,-0.127817,-0.00863984,-9.93782,fluid
2691,31.1916,8.95044,,966.155,-27.7943,0,,-0.378914,0.165296,0.413399,,-0.0335312,-0.186148,-0.0335312,-9.99615,fluid
2692,31.1261,8.88698,,965.179,-26.4935,0,,-0.47024,0.235081,0.525727,,-0.0494173,-0.17557,-0.0494173,-9.98557,fluid
2693,30.9883,8.74381,,960.265,-16.0038,0,,-0.636851,0.403846,0.754103,,-0.0424309,-0.084487,-0.0424309,-9.89449,fluid
2694,30.8384,8.36905,,946.206,12.1889,0,,-0.833444,0.407634,0.92779,,0.000238736,-0.000125862,0.000238736,-9.81013,fluid
2695,30.7636,8.15748,,945.672,13.2073,0,,-0.958932,0.336768,1.01635,,-8.65103e-06,3.0331e-05,-8.65103e-06,-9.80997,fluid
2696,30.6952,8.00052,,947.407,11.1096,0,,-1.0765,0.319288,1.12285,,-2.30415e-05,5.29851e-05,-2.30415e-05,-9.80995,fluid
2697,30.778,7.68576,,957.785,19.9442,0,,-1.0769,0.143687,1.08645,,-0.0812064,-0.0471857,-0.0812064,-9.85719,fluid
2698,30.9606,7.51984,,965.787,39.7927,0,,-0.730713,0.261609,0.776132,,-0.0902829,0.0412166,-0.0902829,-9.76878,fluid
2699,30.9634,7.42901,,968.495,40.2536,0,,-0.715652,0.327133,0.786876,,-0.0873604,-0.152233,-0.0873604,-9.96223,fluid
2700,31.0065,7.29257,,973.367,41.3492,0,,-0.710944,0.438398,0.835245,,-0.0595935,-0.301184,-0.0595935,-10.1112,fluid
2701,31.0848,7.12302,,980.747,44.7547,0,,-0.614628,0.616723,0.870698,,-0.060335,-0.374438,-0.060335,-10.1844,fluid
2702,31.1016,6.95246,,987.232,46.5846,0,,-0.557308,0.787964,0.965131,,-0.190617,-0.516611,-0.190617,-10.3266,fluid
2703,31.2103,6.52464,,996.134,58.3128,0,,-0.532296,1.13228,1.25116,,-0.0697107,-0.208487,-0.0697107,-10.0185,fluid
2704,31.2202,6.3215,,995.659,42.8593,0,,-0.428747,1.37101,1.43648,,0.0705755,-0.399421,0.0705755,-10.2094,fluid
2705,31.1488,6.2239,,996.016,24.8004,0,,-0.427813,1.57407,1.63117,,-0.260715,-0.504843,-0.260715,-10.3148,fluid
2706,31.2679,5.66268,,980.983,-81.3308,0,,-0.469632,1.76899,1.83027,,-0.380906,-0.254793,-0.380906,-10.0648,fluid
2707,31.2743,4.45577,,897.263,-6.48933,0,,-0.534234,1.2436,1.35349,,-0.353498,-0.303478,-0.353498,-10.1135,fluid
2708,31.1001,5.81384,,987.878,-56.0429,0,,-0.564419,2.5668,2.62812,,-0.691801,-1.59585,-0.691801,-11.4058,fluid
2709,30.9998,4.34022,,868.593,-51.3059,0,,-1.00067,2.8741,3.04332,,-0.042164,-0.113428,-0.042164,-9.92343,fluid
2710,31.445,2.90919,,979.359,355.987,0,,0.0432087,1.47128,1.47192,,-0.365853,1.23642,-0.365853,-8.57358,fluid
2711,30.6827,4.27699,,860.884,-134.154,0,,-1.07982,4.1113,4.25074,,-0.499472,-0.472283,-0.499472,-10.2823,fluid
2712,31.5219,1.86782,,1000.74,10.2842,11614.3,,-0.0411213,3.2913,3.29156,,-3.36906,0.913503,-3.00088,-8.8965,fluid
2713,31.3324,1.86446,,1000.61,-11.9907,9555.19,,-0.292898,4.20225,4.21244,,-10.2954,0.548733,-9.99063,-9.26127,fluid
2714,31.3006,0.998847,,1008.01,737.029,128835,,3.04535,4.87136,5.74493,,-65.0524,26.9378,-60.969,17.1278,fluid
2715,30.9557,0.745688,,995.496,180.12,0,,3.83128,2.75946,4.72158,,-20.7555,26.1821,-20.7555,16.3721,fluid
2716,30.0773,0.498143,,1001.27,214.215,20068.2,,6.52078,1.05484,6.60554,,-6.77699,22.4704,-6.11061,12.6604,fluid
2717,28.7011,0.446593,,976.366,410.663,0,,8.58302,-0.0649738,8.58327,,-0.727332,9.93559,-0.727332,0.125592,fluid
2718,27.9906,0.448344,,969.525,323.769,0,,8.58279,-0.0668751,8.58305,,-0.392907,9.86218,-0.392907,0.0521782,fluid
2719,27.6007,0.447048,,972.066,328.328,0,,8.52167,-0.0653485,8.52192,,-0.551945,9.81323,-0.551945,0.0032312,fluid
2720,30.7711,1.97994,,988.935,-242.675,0,,-1.50031,4.45038,4.69647,,-5.66333,-3.24836,-5.66333,-13.0584,fluid
2721,31.7613,0.389148,,999.762,71.1065,0,,0.270924,0.0969656,0.287754,,2.72311,12.0684,2.72311,2.25844,fluid
2722,31.9269,0.837943,,997.79,13.8165,0,,0.013342,-0.0705399,0.0717906,,9.30359,3.58605,9.30359,-6.22395,fluid
2723,31.7566,1.78418,,999.601,36.3287,0,,0.0471976,0.871033,0.872311,,1.40748,3.81988,1.40748,-5.99012,fluid
2724,31.0647,2.8353,,974.72,-208.388,0,,-1.34176,0.0715916,1.34367,,0.835041,6.23731,0.835041,-3.57269,fluid
2725,30.0994,2.64408,,917.331,-152.516,0,,-3.83937,-0.723004,3.90685,,-0.194921,0.0693153,-0.194921,-9.74068,fluid
2726,30.89,2.8455,,972.658,-335.885,0,,-2.20226,-0.159555,2.20804,,-0.403113,7.08567,-0.403113,-2.72433,fluid
2727,31.1903,3.41144,,939.867,709.533,0,,-1.90638,-0.959501,2.13423,,1.35968,2.99806,1.35968,-6.81194,fluid
2728,31.8586,3.42554,,962.578,400.325,0,,-0.215722,-2.91378,2.92175,,-2.20258,0.317103,-2.20258,-9.4929,fluid
2729,31.8003,4.37591,,950.571,-502.802,0,,-2.10821,-2.04719,2.93863,,-48.1525,4.09857,-48.1525,-5.71143,fluid
2730,31.424,6.91234,,983.495,76.9014,0,,0.0175478,-0.510129,0.510431,,0.595621,1.71498,0.595621,-8.09502,fluid
2731,30.797,7.67398,,958.261,16.0541,0,,-1.18574,-0.211743,1.2045,,-0.268265,0.455867,-0.268265,-9.35413,fluid
2732,31.4474,7.90935,,965.242,153.293,0,,-0.318973,-1.16197,1.20495,,0.332213,0.558781,0.332213,-9.25122,fluid
2733,31.5948,8.505,,951.823,52.6733,0,,-0.125257,-1.01586,1.02356,,-0.0539007,0.0368328,-0.0539007,-9.77317,fluid
2734,31.4623,9.47184,,968.134,-31.849,0,,-0.120417,-0.192376,0.226956,,0.119005,0.177639,0.119005,-9.63236,fluid
2735,31.1999,10.7459,,939.857,7.07474,0,,-0.420784,-0.107874,0.434392,,0.000193383,0.00098871,0.000193383,-9.80901,fluid
2736,31.1666,11.6672,,867.388,-108.922,0,,-0.408398,0.373992,0.553767,,0.0112816,0.0105759,0.0112816,-9.79942,fluid
2737,31.1737,11.6133,,868.258,-108.756,0,,-0.401611,0.348989,0.532057,,0.0150528,0.0191242,0.0150528,-9.79088,fluid
2738,31.237,10.8553,,925.085,5.1607,0,,-0.376319,-0.119991,0.394985,,0.000102499,0.000437234,0.000102499,-9.80956,fluid
2739,31.2621,10.3795,,963.533,-10.0874,0,,-0.361033,-0.210355,0.417845,,0.0110281,0.130593,0.0110281,-9.67941,fluid
2740,31.2774,10.2292,,965.792,-14.402,0,,-0.351886,-0.201077,0.405285,,0.015449,0.186084,0.015449,-9.62392,fluid
2741,31.2532,10.2591,,965.465,-14.46,0,,-0.378403,-0.1893,0.423112,,0.00386248,0.146325,0.00386248,-9.66368,fluid
2742,31.2101,10.3762,,963.435,-12.1487,0,,-0.418241,-0.171642,0.452092,,-0.00105805,0.0663187,-0.00105805,-9.74368,fluid
2743,31.1681,10.4946,,959.316,-8.65504,0,,-0.45489,-0.121365,0.470802,,-0.00381156,-0.00436438,-0.00381156,-9.81436,fluid
2744,31.1324,10.412,,961.667,-14.098,0,,-0.480582,-0.108508,0.492679,,-0.00361379,-0.00287393,-0.00361379,-9.81287,fluid
2745,31.1512,10.2168,,965.551,-19.1068,0,,-0.468687,-0.143159,0.490063,,-0.010847,0.0455543,-0.010847,-9.76445,fluid
2746,31.1028,10.2594,,964.397,-19.6466,0,,-0.49895,-0.109202,0.510761,,-0.00419879,0.00309627,-0.00419879,-9.8069,fluid
2747,31.1048,10.2128,,965.048,-20.9626,0,,-0.499494,-0.105968,0.510611,,-0.0058888,0.00306969,-0.0058888,-9.80693,fluid
2748,31.2098,9.98856,,968.828,-22.6269,0,,-0.387455,-0.112514,0.403461,,-0.0349628,0.0471416,-0.0349628,-9.76286,fluid
2749,31.2689,9.79241,,970.396,-25.7586,0,,-0.299734,-0.0457752,0.303209,,0.032672,0.0754797,0.032672,-9.73452,fluid
2750,31.2715,9.6455,,970.443,-28.2212,0,,-0.292948,-0.00208758,0.292956,,0.0395815,0.0430426,0.0395815,-9.76696,fluid
2751,31.2559,9.51562,,969.892,-29.9839,0,,-0.314229,0.0396349,0.316718,,0.0211696,0.017193,0.0211696,-9.79281,fluid
2752,31.2561,9.39081,,969.246,-30.9448,0,,-0.322227,0.0716551,0.330098,,0.0288332,-0.00350796,0.0288332,-9.81351,fluid
2753,31.2553,9.30414,,968.841,-31.075,0,,-0.32481,0.0890499,0.336796,,0.0321501,-0.0153695,0.0321501,-9.82537,fluid
2754,31.2392,9.21482,,968.422,-31.0047,0,,-0.338806,0.110171,0.356268,,0.01877,-0.0388645,0.01877,-9.84886,fluid
2755,31.2383,9.11082,,967.716,-29.8084,0,,-0.323385,0.122889,0.345948,,0.000141626,-0.102816,0.000141626,-9.91282,fluid
2756,31.2213,9.01003,,966.793,-28.6496,0,,-0.336349,0.139907,0.364287,,-0.0235261,-0.165754,-0.0235261,-9.97575,fluid
2757,31.1323,8.88356,,965.126,-26.3396,0,,-0.467475,0.226759,0.51957,,-0.0448538,-0.168741,-0.0448538,-9.97874,fluid
2758,30.9985,8.76982,,961.074,-19.3022,0,,-0.633975,0.388262,0.743419,,-0.0355308,-0.0750255,-0.0355308,-9.88503,fluid
2759,30.8742,8.52823,,950.494,4.30963,0,,-0.785111,0.447526,0.903703,,-0.00389301,-0.00682732,-0.00389301,-9.81683,fluid
2760,30.8204,8.25584,,945.398,13.8488,0,,-0.875229,0.350796,0.942912,,-0.000979437,-0.00306038,-0.000979437,-9.81306,fluid
2761,30.7008,8.04496,,946.595,11.0601,0,,-1.06041,0.332034,1.11118,,-5.16978e-06,1.29289e-05,-5.16978e-06,-9.80999,fluid
2762,30.7994,7.67447,,958.617,21.6968,0,,-1.06053,0.121052,1.06742,,-0.116719,-0.0335955,-0.116719,-9.8436,fluid
2763,30.9949,7.52051,,965.882,42.4396,0,,-0.686387,0.268245,0.736941,,-0.066579,0.132759,-0.066579,-9.67724,fluid
2764,31.0302,7.39981,,969.707,45.1974,0,,-0.642439,0.367716,0.740231,,-0.0408791,0.0392434,-0.0408791,-9.77076,fluid
2765,31.0172,7.31721,,972.569,42.7895,0,,-0.690164,0.425167,0.810613,,-0.0420096,-0.201068,-0.0420096,-10.0111,fluid
2766,31.0793,7.14868,,979.665,44.4106,0,,-0.6361,0.586737,0.865381,,-0.0219547,-0.339718,-0.0219547,-10.1497,fluid
2767,31.1376,6.91414,,988.308,49.095,0,,-0.543054,0.803683,0.969956,,-0.128558,-0.291792,-0.128558,-10.1018,fluid
2768,31.1653,6.75286,,992.543,50.2752,0,,-0.572245,0.956831,1.11489,,-0.115688,-0.304831,-0.115688,-10.1148,fluid
2769,31.2815,6.16833,,990.797,-3.86177,0,,-0.409825,1.31293,1.3754,,0.199895,0.376421,0.199895,-9.43358,fluid
2770,31.1907,6.28113,,995.906,35.8286,0,,-0.427047,1.45864,1.51987,,-0.0824641,-0.501611,-0.0824641,-10.3116,fluid
2771,31.2024,5.96621,,988.95,-51.9246,0,,-0.407816,1.74671,1.79369,,-0.0603665,-0.372634,-0.0603665,-10.1826,fluid
2772,30.8851,4.1461,,855.486,-149.138,0,,-1.26374,1.82155,2.21699,,0.550955,0.870506,0.550955,-8.93949,fluid
2773,31.2222,5.49666,,976.059,-6.9814,0,,-0.357547,2.20946,2.23821,,-0.731955,-1.20384,-0.731955,-11.0138,fluid
2774,30.9656,5.18957,,935.151,-6.38362,0,,-0.791029,3.17041,3.26761,,-0.221435,-0.26927,-0.221435,-10.0793,fluid
2775,31.4955,2.77833,,987.046,254.755,0,,0.0509376,1.46254,1.46343,,-0.2116,3.10225,-0.2116,-6.70775,fluid
2776,30.7547,3.88164,,859.683,-37.269,0,,-1.17494,3.2238,3.43124,,-0.166539,-0.593213,-0.166539,-10.4032,fluid
2777,31.0688,2.60737,,998.362,-166.454,0,,-0.846226,4.26236,4.34555,,1.56288,-0.770581,1.56288,-10.5806,fluid
2778,31.5676,1.5157,,1000.38,31.9417,5933.86,,0.126946,2.51143,2.51464,,-1.65678,10.7003,-1.46887,0.89032,fluid
2779,31.2763,1.3856,,998.946,43.9206,0,,0.336454,5.54673,5.55693,,-9.77839,14.4198,-9.77839,4.60983,fluid
2780,30.9852,0.746554,,995.205,190.255,0,,3.49175,2.81458,4.48489,,-21.2964,26.8115,-21.2964,17.0015,fluid
2781,30.1081,0.504735,,1001.31,224.334,20680.1,,6.5365,1.08567,6.62605,,-7.38782,23.7281,-6.70186,13.9181,fluid
2782,29.0653,0.44253,,976.902,515.502,0,,8.56586,-0.0443521,8.56598,,-4.22172,10.0807,-4.22172,0.270669,fluid
2783,28.5021,0.440271,,975.623,389.93,0,,8.59785,-0.0626272,8.59808,,-0.769851,9.86311,-0.769851,0.0531103,fluid
2784,31.5893,1.12036,,1000.21,75.7245,3368.3,,0.299141,2.46081,2.47892,,1.73747,8.90194,1.84407,-0.908061,fluid
2785,31.8756,0.394349,,999.845,58.1478,0,,0.12955,-0.00352085,0.129598,,2.28695,12.5784,2.28695,2.76835,fluid
2786,30.713,2.35135,,961.146,-276.744,0,,-2.80725,2.13384,3.52618,,-6.01583,1.2372,-6.01583,-8.5728,fluid
2787,30.5445,2.39296,,949.177,-368.499,0,,-3.52184,2.29778,4.20513,,-3.93964,0.561707,-3.93964,-9.24829,fluid
2788,30.0051,2.14119,,914.225,-100.915,0,,-3.97699,-1.44458,4.23122,,-0.0311424,0.104978,-0.0311424,-9.70502,fluid
2789,30.8762,2.84803,,972.363,-344.371,0,,-2.26569,-0.201925,2.27467,,-0.537733,6.99951,-0.537733,-2.81049,fluid
2790,30.5244,3.188,,930.632,506.094,0,,-3.81674,-0.622578,3.86718,,-0.632844,2.4652,-0.632844,-7.3448,fluid
2791,31.8628,3.52899,,957.428,273.128,0,,-0.381302,-3.09189,3.11531,,-5.34724,-1.51064,-5.34724,-11.3206,fluid
2792,31.8096,5.79738,,985.801,-92.1945,0,,0.0016112,-1.7678,1.7678,,-0.0544839,1.38872,-0.0544839,-8.42128,fluid
2793,31.3301,6.99104,,983.404,91.2893,0,,-0.113741,-0.337124,0.355794,,0.704023,2.24241,0.704023,-7.56759,fluid
2794,30.8337,7.80116,,957.377,28.3703,0,,-1.06409,-0.219098,1.08641,,-0.138345,1.0744,-0.138345,-8.7356,fluid
2795,31.5772,7.96206,,969.079,145.191,0,,-0.172229,-1.42997,1.4403,,0.0964578,0.272965,0.0964578,-9.53703,fluid
2796,31.5859,8.93045,,955.221,-38.8495,0,,-0.0552752,-0.711759,0.713903,,-0.036968,0.0226381,-0.036968,-9.78736,fluid
2797,31.2468,10.1153,,967.385,-19.1329,0,,-0.411442,-0.173022,0.446342,,-0.00111554,0.233401,-0.00111554,-9.5766,fluid
2798,31.1874,10.7344,,941.395,11.8944,0,,-0.442033,-0.155872,0.46871,,0.00308784,0.0230603,0.00308784,-9.78694,fluid
2799,31.1338,11.9834,,863.68,-111.86,0,,-0.440155,0.538347,0.695381,,0.00509191,-0.00728514,0.00509191,-9.81729,fluid
2800,31.1057,12.3516,,862.812,-109.134,0,,-0.459377,0.711485,0.846899,,0.000330805,-1.49994e-05,0.000330805,-9.81001,fluid
2801,31.1156,12.2989,,863.097,-109.295,0,,-0.445757,0.660373,0.796738,,0.000443431,0.000957504,0.000443431,-9.80904,fluid
2802,31.1156,12.2908,,863.212,-109.447,0,,-0.445392,0.64056,0.780187,,0.00246133,0.00517479,0.00246133,-9.80483,fluid
2803,31.1225,12.1775,,863.327,-110.503,0,,-0.439167,0.587617,0.733595,,0.0104027,0.0234312,0.0104027,-9.78657,fluid
2804,31.1541,11.9496,,863.858,-110.957,0,,-0.410793,0.463872,0.619619,,0.000219272,0.000802122,0.000219272,-9.8092,fluid
2805,31.1658,11.7521,,866.046,-108.881,0,,-0.410437,0.376124,0.556711,,0.0091545,0.0211374,0.0091545,-9.78886,fluid
2806,31.2486,10.6576,,950.205,14.3687,0,,-0.368767,-0.218979,0.428883,,0.0184109,0.0848268,0.0184109,-9.72517,fluid
2807,31.265,10.406,,962.969,-8.75134,0,,-0.354967,-0.214557,0.414773,,0.0123651,0.125752,0.0123651,-9.68425,fluid
2808,31.218,11.1674,,881.387,-102.102,0,,-0.370798,0.178713,0.411618,,0,0,0,-9.81,fluid
2809,31.1824,11.3633,,873.386,-111.801,0,,-0.395065,0.321157,0.509134,,-0.000347828,-0.0153446,-0.000347828,-9.82534,fluid
2810,31.1301,11.4455,,871.882,-113.386,0,,-0.444378,0.383092,0.586713,,-0.0123826,-0.041015,-0.0123826,-9.85102,fluid
2811,31.0811,11.4829,,871.215,-115.512,0,,-0.496619,0.438829,0.662722,,-0.0146573,-0.0407211,-0.0146573,-9.85072,fluid
2812,31.0451,11.3844,,873.571,-118.942,0,,-0.528554,0.459731,0.700516,,-0.0202871,-0.0458462,-0.0202871,-9.85585,fluid
2813,30.9934,11.2768,,877.089,-123.836,0,,-0.567824,0.494993,0.753287,,-0.0240195,-0.0485564,-0.0240195,-9.85856,fluid
2814,30.9767,11.0186,,895.555,-123.468,0,,-0.580536,0.442875,0.730179,,-0.00699225,-0.0141427,-0.00699225,-9.82414,fluid
2815,31.1358,10.1644,,966.084,-20.7881,0,,-0.469726,-0.123313,0.485643,,-0.0192308,0.0112319,-0.0192308,-9.79877,fluid
2816,31.2797,9.82672,,970.18,-24.6847,0,,-0.285433,-0.0568595,0.291042,,0.0373177,0.0886655,0.0373177,-9.72133,fluid
2817,31.2751,9.71941,,970.513,-26.8247,0,,-0.281274,-0.0238989,0.282288,,0.0410565,0.0552723,0.0410565,-9.75473,fluid
2818,31.2551,9.61661,,970.384,-28.5616,0,,-0.297355,0.0105657,0.297543,,0.0150136,0.0275533,0.0150136,-9.78245,fluid
2819,31.2338,9.4634,,969.617,-30.7735,0,,-0.332074,0.0581779,0.337132,,-0.00368123,0.00443758,-0.00368123,-9.80556,fluid
2820,31.2187,9.3647,,969.091,-31.8804,0,,-0.356619,0.0873718,0.367166,,-0.00539755,-0.010832,-0.00539755,-9.82083,fluid
2821,31.2117,9.23642,,968.517,-31.8166,0,,-0.364393,0.115797,0.382349,,0.00263277,-0.0364403,0.00263277,-9.84644,fluid
2822,31.2244,9.10426,,967.717,-29.8914,0,,-0.33264,0.129543,0.356974,,-0.00298817,-0.104537,-0.00298817,-9.91454,fluid
2823,31.2085,8.98979,,966.611,-28.4219,0,,-0.3496,0.149618,0.380271,,-0.0278504,-0.180067,-0.0278504,-9.99007,fluid
2824,31.1412,8.90196,,965.466,-26.8944,0,,-0.448635,0.217455,0.498558,,-0.047403,-0.182206,-0.047403,-9.99221,fluid
2825,30.9613,8.71062,,958.706,-12.9695,0,,-0.672274,0.426102,0.795937,,-0.0299948,-0.0571464,-0.0299948,-9.86715,fluid
2826,30.846,8.40421,,946.822,11.1063,0,,-0.8248,0.418676,0.924978,,0.00368918,0.00433749,0.00368918,-9.80566,fluid
2827,30.7854,8.1905,,945.494,13.6796,0,,-0.924816,0.345053,0.98709,,-5.13748e-06,2.03185e-05,-5.13748e-06,-9.80998,fluid
2828,30.7013,7.90238,,949.928,12.4921,0,,-1.09686,0.271631,1.12999,,-0.000778249,-0.000381241,-0.000778249,-9.81038,fluid
2829,30.9256,7.56602,,964.166,36.1489,0,,-0.816229,0.21032,0.842891,,-0.101033,0.0310159,-0.101033,-9.77898,fluid
2830,31.0651,7.40538,,969.483,48.4555,0,,-0.60527,0.350621,0.699491,,-0.058069,0.161479,-0.058069,-9.64852,fluid
2831,30.9268,7.43811,,967.875,37.0761,0,,-0.761737,0.306915,0.821243,,-0.110536,-0.302918,-0.110536,-10.1129,fluid
2832,31.039,7.19388,,977.516,41.6771,0,,-0.691916,0.52929,0.871147,,-0.0328646,-0.428376,-0.0328646,-10.2384,fluid
2833,31.1417,6.91545,,988.247,49.3116,0,,-0.541153,0.799678,0.965573,,-0.118386,-0.270419,-0.118386,-10.0804,fluid
2834,31.1574,6.78048,,991.922,49.4902,0,,-0.570864,0.938956,1.09887,,-0.116411,-0.362487,-0.116411,-10.1725,fluid
2835,31.2626,6.19872,,992.07,9.46012,0,,-0.4055,1.36411,1.42311,,0.108498,0.129731,0.108498,-9.68027,fluid
2836,31.1717,6.23542,,995.608,26.9904,0,,-0.429249,1.52791,1.58707,,-0.169481,-0.461978,-0.169481,-10.272,fluid
2837,31.2596,5.69885,,982.008,-85.5028,0,,-0.439609,1.76475,1.81868,,-0.388999,-0.278681,-0.388999,-10.0887,fluid
2838,31.0748,4.32118,,869.702,-118.43,0,,-0.834448,1.68259,1.87814,,0.14474,0.197627,0.14474,-9.61237,fluid
2839,31.1737,5.50731,,977.291,-6.43955,0,,-0.356743,2.36465,2.39141,,-0.830589,-1.29619,-0.830589,-11.1062,fluid
2840,31.3299,3.25974,,954.846,507.601,0,,-0.458694,0.935334,1.04175,,-0.861768,-0.827999,-0.861768,-10.638,fluid
2841,31.1569,2.87573,,975.141,-50.8212,0,,-0.693905,1.74412,1.87708,,0.902123,2.17123,0.902123,-7.63877,fluid
2842,30.8123,2.99436,,973.758,-282.071,0,,-1.6202,2.85185,3.27995,,-1.38359,-0.0238133,-1.38359,-9.83381,fluid
2843,31.5816,1.63678,,1000.64,35.6114,10011.2,,0.0806694,2.75393,2.75511,,-3.10866,6.58575,-2.79186,-3.22425,fluid
2844,30.7615,2.48132,,1000.22,-143.159,3406.87,,-2.96684,5.1566,5.94917,,-8.53441,-4.63581,-8.42368,-14.4458,fluid
2845,31.0622,0.820628,,994.038,285.885,0,,2.57746,3.59615,4.42444,,-21.7047,22.9056,-21.7047,13.0956,fluid
2846,30.5295,0.696716,,1001.5,225.411,23589.9,,5.95944,3.17175,6.75092,,-21.1046,42.4849,-20.3331,32.6749,fluid
2847,29.7723,0.447318,,1004.16,348.309,66093.9,,7.66931,0.231577,7.6728,,-19.0201,36.1815,-16.8093,26.3715,fluid
2848,31.5403,2.41737,,996.403,48.1377,0,,0.090584,2.20688,2.20874,,0.0105766,4.14347,0.0105766,-5.66653,fluid
2849,31.9303,0.389504,,1000.14,52.4521,2269.32,,0.0814434,-0.00397364,0.0815402,,1.6295,12.3255,1.70056,2.51547,fluid
2850,31.6375,2.08882,,997.614,5.54972,0,,0.077002,2.08621,2.08763,,0.101281,3.91699,0.101281,-5.89301,fluid
2851,30.0216,1.9871,,915.752,-52.645,0,,-4.04212,-1.03719,4.17307,,0.00683877,-0.111199,0.00683877,-9.9212,fluid
2852,29.9916,2.51149,,915.001,-99.5917,0,,-3.92297,-0.952816,4.03702,,-0.0481019,0.00517893,-0.0481019,-9.80482,fluid
2853,30.9711,2.81563,,973.542,-303.894,0,,-1.68412,0.0193363,1.68423,,0.424046,7.30706,0.424046,-2.50294,fluid
2854,30.6672,3.00949,,961.51,1.11575,0,,-3.27499,-0.555475,3.32176,,-1.0286,5.82254,-1.0286,-3.98746,fluid
2855,30.4582,3.22561,,918.093,557.691,0,,-4.11593,-0.723052,4.17895,,-0.206675,1.73428,-0.206675,-8.07572,fluid
2856,31.438,3.23841,,974.149,849.444,0,,-1.34673,-1.8518,2.28972,,0.870623,6.91919,0.870623,-2.89081,fluid
2857,31.8898,3.58583,,957.85,123.194,0,,-0.687193,-3.56107,3.62677,,-9.75184,-3.87714,-9.75184,-13.6871,fluid
2858,31.8618,5.03616,,974.878,-116.78,0,,-0.127937,-2.37298,2.37643,,-9.20134,7.51296,-9.20134,-2.29704,fluid
2859,31.6344,6.22501,,985.491,-7.47093,0,,0.00770636,-1.32195,1.32198,,-0.0286852,1.31242,-0.0286852,-8.49758,fluid
2860,30.9157,7.54393,,964.319,31.7414,0,,-0.985234,-0.0487266,0.986438,,-0.284886,0.894653,-0.284886,-8.91535,fluid
2861,30.8359,7.65552,,960.024,20.3524,0,,-1.13114,-0.193929,1.14765,,-0.360202,0.754662,-0.360202,-9.05534,fluid
2862,31.6994,7.66774,,986.078,88.3726,0,,-0.0302619,-1.97819,1.97842,,0.0871905,0.70607,0.0871905,-9.10393,fluid
2863,30.3891,12.6585,,874,-56.3411,0,,-1.12224,0.639414,1.29161,,0,0,0,-9.81,fluid
2864,30.294,15.6613,,958.116,-14.2855,0,,-1.14063,2.52863,2.77399,,0,0,0,-9.81,fluid
2865,30.5101,15.1325,,956.077,-11.3411,0,,-0.9613,2.17571,2.37861,,0,0,0,-9.81,fluid
2866,30.8065,13.4043,,924.748,-19.1783,0,,-0.727703,1.06439,1.28937,,0,0,0,-9.81,fluid
2867,30.9612,12.5441,,863.956,-111.596,0,,-0.58685,0.633962,0.863887,,-0.00674996,0.0193366,-0.00674996,-9.79066,fluid
2868,31.0791,12.2607,,863.549,-110.654,0,,-0.465208,0.583292,0.746088,,0.0127175,0.0509857,0.0127175,-9.75901,fluid
2869,31.1119,12.0147,,863.674,-111.364,0,,-0.417645,0.489483,0.643445,,-0.00487258,0.00738178,-0.00487258,-9.80262,fluid
2870,31.134,11.7637,,865.858,-108.402,0,,-0.411317,0.348361,0.539015,,0.00742864,0.0515298,0.00742864,-9.75847,fluid
2871,31.1911,11.5299,,869.378,-107.311,0,,-0.35989,0.258855,0.443314,,0.0198338,0.0414025,0.0198338,-9.7686,fluid
2872,31.1731,11.6904,,866.953,-107.74,0,,-0.398807,0.329297,0.517188,,0.0209355,0.0570173,0.0209355,-9.75298,fluid
2873,31.167,11.6463,,867.705,-108.386,0,,-0.412815,0.334316,0.53121,,0.0231464,0.0516954,0.0231464,-9.7583,fluid
2874,31.2046,11.3639,,872.695,-109.202,0,,-0.374394,0.223628,0.436097,,0.00367657,0.00557189,0.00367657,-9.80443,fluid
2875,31.1053,12.7373,,859.942,-100.935,0,,-0.427103,1.01336,1.09968,,0,0,0,-9.81,fluid
2876,31.0743,12.353,,862.312,-108.845,0,,-0.453861,0.777681,0.900432,,0.00623185,-0.0110551,0.00623185,-9.82106,fluid
2877,31.0803,12.0109,,863.429,-112.467,0,,-0.463101,0.627613,0.779975,,-0.00204722,-0.0174837,-0.00204722,-9.82748,fluid
2878,31.0523,11.9949,,863.364,-113.741,0,,-0.500813,0.651443,0.8217,,-0.00448833,-0.0210451,-0.00448833,-9.83105,fluid
2879,30.9875,12.0226,,862.656,-115.632,0,,-0.568941,0.72186,0.919117,,-0.010688,-0.0288026,-0.010688,-9.8388,fluid
2880,30.9487,11.9374,,862.576,-118.488,0,,-0.611956,0.741059,0.961072,,-0.0081812,-0.0205463,-0.0081812,-9.83055,fluid
2881,31.0035,11.3988,,873.238,-122.089,0,,-0.569758,0.528948,0.777438,,-0.0326286,-0.057504,-0.0326286,-9.8675,fluid
2882,31.0985,10.2979,,963.669,-18.8324,0,,-0.49213,-0.0789615,0.498424,,-0.0086801,-0.0216567,-0.0086801,-9.83166,fluid
2883,31.3065,9.84967,,969.841,-23.6797,0,,-0.256544,-0.0682342,0.265463,,0.0479235,0.111815,0.0479235,-9.69819,fluid
2884,31.2331,9.93724,,969.441,-22.5023,0,,-0.328984,-0.0873961,0.340394,,-0.0196794,0.0401145,-0.0196794,-9.76989,fluid
2885,31.2142,9.83913,,970.226,-25.4105,0,,-0.334197,-0.0532508,0.338413,,-0.0294042,-0.014676,-0.0294042,-9.82468,fluid
2886,31.2225,9.61649,,970.402,-29.0097,0,,-0.318032,0.0182304,0.318554,,-0.0282433,0.00508408,-0.0282433,-9.80492,fluid
2887,31.1794,9.4358,,969.271,-32.2539,0,,-0.375878,0.0783031,0.383947,,-0.0372546,-0.0183025,-0.0372546,-9.8283,fluid
2888,31.1763,9.28008,,968.585,-32.6523,0,,-0.384474,0.117106,0.401913,,-0.0168012,-0.0360838,-0.0168012,-9.84608,fluid
2889,31.2102,9.12558,,967.914,-30.1212,0,,-0.335025,0.130877,0.359681,,-0.00970206,-0.0927315,-0.00970206,-9.90273,fluid
2890,31.2023,9.049,,967.297,-29.379,0,,-0.343531,0.147388,0.373813,,-0.0187778,-0.15469,-0.0187778,-9.96469,fluid
2891,31.1268,8.87994,,965.105,-25.6464,0,,-0.45535,0.237663,0.513641,,-0.0652866,-0.205215,-0.0652866,-10.0152,fluid
2892,30.9411,8.67928,,957.392,-8.27147,0,,-0.676021,0.454946,0.81485,,-0.0553147,-0.0867119,-0.0553147,-9.89671,fluid
2893,30.8154,8.36658,,945.855,12.987,0,,-0.835828,0.46876,0.958303,,-0.00636128,-0.00902504,-0.00636128,-9.81903,fluid
2894,30.6867,7.90193,,949.681,11.4074,0,,-1.0962,0.304613,1.13774,,-0.00314968,-0.00463724,-0.00314968,-9.81464,fluid
2895,30.8514,7.5942,,962.168,28.9678,0,,-0.939627,0.152763,0.951964,,-0.156914,-0.212712,-0.156914,-10.0227,fluid
2896,30.9461,7.4951,,966.421,39.0411,0,,-0.739652,0.271794,0.788008,,-0.0850991,-0.0633753,-0.0850991,-9.87338,fluid
2897,30.9098,7.43737,,967.667,35.069,0,,-0.787999,0.307962,0.846039,,-0.11285,-0.413994,-0.11285,-10.224,fluid
2898,31.0761,7.13428,,980.293,44.2273,0,,-0.618857,0.606403,0.866434,,-0.0593727,-0.394534,-0.0593727,-10.2045,fluid
2899,31.1056,6.97366,,986.544,46.8572,0,,-0.547449,0.764234,0.940082,,-0.175494,-0.487412,-0.175494,-10.2974,fluid
2900,31.1748,6.66647,,994.336,52.351,0,,-0.588316,1.03127,1.18728,,-0.142909,-0.286357,-0.142909,-10.0964,fluid
2901,31.1793,6.42235,,997.284,52.5064,0,,-0.507078,1.31814,1.41231,,-0.209052,-0.561615,-0.209052,-10.3716,fluid
2902,31.1279,6.21945,,996.317,24.5034,0,,-0.451877,1.62146,1.68324,,-0.32306,-0.579082,-0.32306,-10.3891,fluid
2903,31.3648,4.65216,,919.227,-52.8924,0,,-0.421554,0.926354,1.01776,,-0.268335,-0.248583,-0.268335,-10.0586,fluid
2904,31.1348,5.83744,,987.337,-59.7017,0,,-0.576975,2.41349,2.4815,,-0.54591,-1.63908,-0.54591,-11.4491,fluid
2905,30.9745,5.00864,,922.756,-124.501,0,,-0.747265,2.74769,2.84749,,0.126403,0.411663,0.126403,-9.39834,fluid
2906,31.438,3.19328,,964.825,563.881,0,,-0.112304,1.11433,1.11997,,-0.588319,-1.67669,-0.588319,-11.4867,fluid
2907,30.7844,4.03755,,856.88,-62.0642,0,,-1.0633,3.34429,3.50925,,-0.367804,-1.00966,-0.367804,-10.8197,fluid
2908,30.9482,2.68067,,996.494,-310.71,0,,-1.71174,4.10492,4.44752,,-0.551667,-3.87674,-0.551667,-13.6867,fluid
2909,31.5448,1.41579,,999.999,38.4028,0,,0.183817,2.72013,2.72633,,0.775622,13.3461,0.775622,3.53609,fluid
2910,31.1196,2.10585,,1001.71,-16.5061,26908.5,,-1.38043,6.74227,6.88214,,-24.4459,-15.7898,-23.5827,-25.5998,fluid
2911,31.0208,0.794412,,994.349,253.313,0,,3.00265,3.20697,4.39325,,-21.2079,24.5364,-21.2079,14.7264,fluid
