h/dp :,2
L2norm Velocity,L2norm ux,L2norm vy,L2norm rho,KE,dr0,Nfluid
0.178152,0.11711,0.134251,3.38645e-05,16.9232,0.01,930

t,7.88
ID,x,y,,rho,drhodt,pressure,,u,v,velocity,,dudt,dvdt,vorticity,type
0,0.05,0,,999.896,0,-1.66243,,-0,9.77789e-15,9.77789e-15,,0,0,0,boundary
1,0.0489765,0.0100649,,999.906,0,-1.51042,,0.00384914,-0.0187301,0.0191215,,0,0,0,boundary
2,0.0459479,0.0197178,,999.917,0,-1.32233,,0.0156524,-0.0364744,0.0396911,,0,0,0,boundary
3,0.0410382,0.0285634,,999.914,0,-1.38233,,0.0352229,-0.0506061,0.0616574,,0,0,0,boundary
4,0.0344483,0.0362396,,999.903,0,-1.55236,,0.0612125,-0.0581868,0.0844552,,0,0,0,boundary
5,0.0264482,0.0424322,,999.898,0,-1.62482,,0.0834992,-0.0520455,0.0983913,,0,0,0,boundary
6,0.0173653,0.0468876,,999.909,0,-1.4611,,0.0997257,-0.0369343,0.106345,,0,0,0,boundary
7,0.00757139,0.0494234,,999.934,0,-1.05159,,0.109315,-0.0167464,0.11059,,0,0,0,boundary
8,-0.00253246,0.0499358,,999.97,0,-0.48251,,0.109976,0.00557733,0.110117,,0,0,0,boundary
9,-0.0125326,0.0484039,,1000.01,0,0.130112,,0.102356,0.0265019,0.105732,,0,0,0,boundary
10,-0.0220197,0.0448902,,1000.04,0,0.671778,,0.0868161,0.0425853,0.0966982,,0,0,0,boundary
11,-0.0306053,0.0395388,,1000.07,0,1.10431,,0.0664557,0.0514406,0.0840387,,0,0,0,boundary
12,-0.0379379,0.0325686,,1000.09,0,1.45491,,0.0449365,0.0523447,0.0689873,,0,0,0,boundary
13,-0.0437173,0.0242651,,1000.11,0,1.73043,,0.0249,0.0448612,0.0513083,,0,0,0,boundary
14,-0.047707,0.0149682,,1000.12,0,1.91817,,0.00944975,0.0301185,0.0315662,,0,0,0,boundary
15,-0.0497435,0.00505842,,1000.13,0,2.01114,,0.00107772,0.010598,0.0106527,,0,0,0,boundary
16,-0.0497435,-0.00505842,,1000.13,0,2.01114,,0.00107772,-0.010598,0.0106527,,0,0,0,boundary
17,-0.047707,-0.0149682,,1000.12,0,1.91817,,0.00944975,-0.0301185,0.0315662,,0,0,0,boundary
18,-0.0437173,-0.0242651,,1000.11,0,1.73043,,0.0249,-0.0448612,0.0513083,,0,0,0,boundary
19,-0.0379379,-0.0325686,,1000.09,0,1.45491,,0.0449365,-0.0523447,0.0689873,,0,0,0,boundary
20,-0.0306053,-0.0395388,,1000.07,0,1.10431,,0.0664557,-0.0514406,0.0840387,,0,0,0,boundary
21,-0.0220197,-0.0448902,,1000.04,0,0.671778,,0.0868161,-0.0425853,0.0966982,,0,0,0,boundary
22,-0.0125326,-0.0484039,,1000.01,0,0.130112,,0.102356,-0.0265019,0.105732,,0,0,0,boundary
23,-0.00253246,-0.0499358,,999.97,0,-0.48251,,0.109976,-0.00557733,0.110117,,0,0,0,boundary
24,0.00757139,-0.0494234,,999.934,0,-1.05159,,0.109315,0.0167464,0.11059,,0,0,0,boundary
25,0.0173653,-0.0468876,,999.909,0,-1.4611,,0.0997257,0.0369343,0.106345,,0,0,0,boundary
26,0.0264482,-0.0424322,,999.898,0,-1.62482,,0.0834992,0.0520455,0.0983913,,0,0,0,boundary
27,0.0344483,-0.0362396,,999.903,0,-1.55236,,0.0612125,0.0581868,0.0844552,,0,0,0,boundary
28,0.0410382,-0.0285634,,999.914,0,-1.38233,,0.0352229,0.0506061,0.0616574,,0,0,0,boundary
29,0.0459479,-0.0197178,,999.917,0,-1.32233,,0.0156524,0.0364744,0.0396911,,0,0,0,boundary
30,0.0489765,-0.0100649,,999.906,0,-1.51042,,0.00384914,0.0187301,0.0191215,,0,0,0,boundary
31,0.06,0,,999.921,0.00351056,-1.26255,,0.0422856,9.77789e-15,0.0422856,,0.000518267,-1.96527e-14,4.02841e-13,fluid
32,0.0587718,0.0120779,,999.933,0.00406516,-1.06875,,0.0592125,-0.00735265,0.0596672,,0.00021484,-9.13116e-05,-1.11817,fluid
33,0.0551375,0.0236614,,999.959,0.0028955,-0.654658,,0.0920294,-0.00369851,0.0921037,,-0.00055798,-0.000532457,-1.40641,fluid
34,0.0492458,0.0342761,,999.953,-7.89053e-05,-0.753038,,0.115733,0.00543034,0.11586,,-0.00109129,-0.00133712,-0.992553,fluid
35,0.041338,0.0434876,,999.944,-0.00220751,-0.896256,,0.127818,0.0118816,0.128369,,-0.00067692,-0.00159457,-0.412923,fluid
36,0.0317378,0.0509187,,999.94,0.00019724,-0.957054,,0.127631,0.0187572,0.129002,,0.00052165,-0.000595538,-0.113979,fluid
37,0.0208383,0.0562651,,999.947,0.00210048,-0.846411,,0.121292,0.0212969,0.123148,,0.00098164,0.00107322,-0.0107471,fluid
38,0.00908567,0.0593081,,999.964,-0.000124342,-0.56857,,0.114898,0.0196965,0.116574,,0.000170344,0.00154987,0.0244146,fluid
39,-0.00303895,0.059923,,999.986,-0.00119798,-0.222036,,0.109432,0.0162931,0.110638,,-0.000409935,0.000642904,0.0208284,fluid
40,-0.0150392,0.0580846,,1000.01,-0.000108646,0.219307,,0.106095,0.012061,0.106779,,-0.000243913,-7.38783e-05,0.0190377,fluid
41,-0.0264236,0.0538683,,1000.04,7.37207e-05,0.562702,,0.104158,0.00723064,0.104409,,-6.00821e-05,-0.000132891,0.0093526,fluid
42,-0.0367264,0.0474465,,1000.05,0.000137831,0.722703,,0.104471,0.00232858,0.104497,,-2.6296e-05,-4.33936e-05,0.00361732,fluid
43,-0.0455255,0.0390823,,1000.06,0.000200285,0.919055,,0.107,-0.000934897,0.107004,,1.40386e-05,-1.06989e-05,0.00906907,fluid
44,-0.0524608,0.0291181,,1000.07,1.83468e-06,1.07673,,0.109875,-0.00230387,0.109899,,1.41628e-05,-1.26624e-05,0.00721664,fluid
45,-0.0572484,0.0179618,,1000.07,-3.10441e-05,1.1773,,0.112229,-0.00212872,0.112249,,-1.62497e-05,-1.09384e-05,0.00252416,fluid
46,-0.0596922,0.0060701,,1000.08,-3.79046e-06,1.22854,,0.113607,-0.000845024,0.11361,,-3.37685e-05,-2.4246e-06,0.000539542,fluid
47,-0.0596922,-0.0060701,,1000.08,-3.79047e-06,1.22854,,0.113607,0.000845024,0.11361,,-3.37685e-05,2.4246e-06,-0.000539542,fluid
48,-0.0572484,-0.0179618,,1000.07,-3.10441e-05,1.1773,,0.112229,0.00212872,0.112249,,-1.62497e-05,1.09384e-05,-0.00252416,fluid
49,-0.0524608,-0.0291181,,1000.07,1.83466e-06,1.07673,,0.109875,0.00230387,0.109899,,1.41628e-05,1.26624e-05,-0.00721664,fluid
50,-0.0455255,-0.0390823,,1000.06,0.000200285,0.919055,,0.107,0.000934897,0.107004,,1.40386e-05,1.06988e-05,-0.00906907,fluid
51,-0.0367264,-0.0474465,,1000.05,0.000137831,0.722703,,0.104471,-0.00232858,0.104497,,-2.6296e-05,4.33936e-05,-0.00361732,fluid
52,-0.0264236,-0.0538683,,1000.04,7.37207e-05,0.562702,,0.104158,-0.00723064,0.104409,,-6.00821e-05,0.000132891,-0.0093526,fluid
53,-0.0150392,-0.0580846,,1000.01,-0.000108646,0.219307,,0.106095,-0.012061,0.106779,,-0.000243913,7.38783e-05,-0.0190377,fluid
54,-0.00303895,-0.059923,,999.986,-0.00119798,-0.222036,,0.109432,-0.0162931,0.110638,,-0.000409935,-0.000642904,-0.0208284,fluid
55,0.00908567,-0.0593081,,999.964,-0.000124342,-0.56857,,0.114898,-0.0196965,0.116574,,0.000170344,-0.00154987,-0.0244146,fluid
56,0.0208383,-0.0562651,,999.947,0.00210048,-0.846411,,0.121292,-0.0212969,0.123148,,0.00098164,-0.00107322,0.0107471,fluid
57,0.0317378,-0.0509187,,999.94,0.00019724,-0.957054,,0.127631,-0.0187572,0.129002,,0.00052165,0.000595538,0.113979,fluid
58,0.041338,-0.0434876,,999.944,-0.00220751,-0.896256,,0.127818,-0.0118816,0.128369,,-0.00067692,0.00159457,0.412923,fluid
59,0.0492458,-0.0342761,,999.953,-7.89053e-05,-0.753038,,0.115733,-0.00543034,0.11586,,-0.00109129,0.00133712,0.992553,fluid
60,0.0551375,-0.0236614,,999.959,0.0028955,-0.654658,,0.0920294,0.00369851,0.0921037,,-0.00055798,0.000532457,1.40641,fluid
61,0.0587718,-0.0120779,,999.933,0.00406516,-1.06875,,0.0592125,0.00735265,0.0596672,,0.00021484,9.13116e-05,1.11817,fluid
62,0.0707032,0,,999.944,0.00578798,-0.895875,,0.0348864,1.61901e-15,0.0348864,,0.000722497,-1.64146e-14,4.83866e-13,fluid
63,0.0692559,0.0142324,,999.944,0.00685119,-0.898215,,0.0553699,-0.00874504,0.0560563,,0.000546906,0.000170232,-1.2255,fluid
64,0.0649732,0.0278822,,999.94,0.00617924,-0.964482,,0.0904165,-0.00498095,0.0905536,,-9.07897e-05,-3.95906e-05,-1.43851,fluid
65,0.0580306,0.0403905,,999.914,0.00388146,-1.37672,,0.109891,0.00122732,0.109898,,-0.000765036,-0.000814577,-0.87299,fluid
66,0.0487121,0.0512451,,999.872,0.000656829,-2.04924,,0.114514,0.00389229,0.11458,,-0.000647024,-0.00127228,-0.276515,fluid
67,0.0373994,0.0600018,,999.862,-0.00411549,-2.20694,,0.113145,0.00481403,0.113248,,0.000314631,-0.000573233,0.0238088,fluid
68,0.0245556,0.066302,,999.884,-0.00552474,-1.85353,,0.110249,0.00556381,0.110389,,0.000817792,0.000713994,0.102058,fluid
69,0.0107064,0.0698878,,999.922,-0.00383489,-1.25062,,0.107763,0.00662316,0.107966,,0.000461659,0.000787312,0.107559,fluid
70,-0.00358106,0.0706124,,999.962,-0.000393151,-0.614894,,0.105538,0.00763506,0.105814,,5.40771e-05,-1.15565e-06,0.0987673,fluid
71,-0.0177219,0.0684461,,1000,0.00207986,0.0669064,,0.10273,0.00813578,0.103052,,-0.000157202,-0.000254779,0.0744777,fluid
72,-0.0311373,0.0634776,,1000.05,0.00213026,0.862951,,0.0999043,0.00812269,0.100234,,-0.000226321,-4.93811e-05,0.0489351,fluid
73,-0.0432778,0.0559103,,1000.1,-0.000353559,1.54729,,0.0975353,0.0074378,0.0978185,,-0.000158963,4.80063e-05,0.0377746,fluid
74,-0.0536466,0.0460541,,1000.13,-0.000118575,2.12244,,0.0957588,0.00618824,0.0959586,,-1.68382e-05,1.33315e-05,0.0341999,fluid
75,-0.0618191,0.0343124,,1000.16,-7.25119e-05,2.56842,,0.0944412,0.00466881,0.0945565,,4.02195e-05,-1.09547e-05,0.0265887,fluid
76,-0.0674607,0.0211659,,1000.18,-0.000104676,2.8611,,0.0935025,0.00289327,0.0935473,,-1.37369e-05,-1.58238e-05,0.0155673,fluid
77,-0.0703404,0.00715292,,1000.19,5.35427e-05,3.00772,,0.093061,0.000982624,0.0930662,,-4.55419e-05,-7.49762e-06,0.00516534,fluid
78,-0.0703404,-0.00715292,,1000.19,5.35427e-05,3.00772,,0.093061,-0.000982624,0.0930662,,-4.55419e-05,7.49762e-06,-0.00516534,fluid
79,-0.0674607,-0.0211659,,1000.18,-0.000104676,2.8611,,0.0935025,-0.00289327,0.0935473,,-1.37369e-05,1.58238e-05,-0.0155673,fluid
80,-0.0618191,-0.0343124,,1000.16,-7.25119e-05,2.56842,,0.0944412,-0.00466881,0.0945565,,4.02195e-05,1.09547e-05,-0.0265887,fluid
81,-0.0536466,-0.0460541,,1000.13,-0.000118575,2.12244,,0.0957588,-0.00618824,0.0959586,,-1.68382e-05,-1.33315e-05,-0.0341999,fluid
82,-0.0432778,-0.0559103,,1000.1,-0.000353559,1.54729,,0.0975353,-0.0074378,0.0978185,,-0.000158963,-4.80063e-05,-0.0377746,fluid
83,-0.0311373,-0.0634776,,1000.05,0.00213026,0.862951,,0.0999043,-0.00812269,0.100234,,-0.000226321,4.93811e-05,-0.0489351,fluid
84,-0.0177219,-0.0684461,,1000,0.00207986,0.0669064,,0.10273,-0.00813578,0.103052,,-0.000157202,0.000254779,-0.0744777,fluid
85,-0.00358106,-0.0706124,,999.962,-0.000393151,-0.614894,,0.105538,-0.00763506,0.105814,,5.40771e-05,1.15565e-06,-0.0987673,fluid
86,0.0107064,-0.0698878,,999.922,-0.00383489,-1.25062,,0.107763,-0.00662316,0.107966,,0.000461659,-0.000787312,-0.107559,fluid
87,0.0245556,-0.066302,,999.884,-0.00552474,-1.85353,,0.110249,-0.00556381,0.110389,,0.000817792,-0.000713994,-0.102058,fluid
88,0.0373994,-0.0600018,,999.862,-0.00411549,-2.20694,,0.113145,-0.00481403,0.113248,,0.000314631,0.000573233,-0.0238088,fluid
89,0.0487121,-0.0512451,,999.872,0.000656829,-2.04924,,0.114514,-0.00389229,0.11458,,-0.000647024,0.00127228,0.276515,fluid
90,0.0580306,-0.0403905,,999.914,0.00388146,-1.37672,,0.109891,-0.00122732,0.109898,,-0.000765036,0.000814577,0.87299,fluid
91,0.0649732,-0.0278822,,999.94,0.00617924,-0.964482,,0.0904165,0.00498095,0.0905536,,-9.07897e-05,3.95906e-05,1.43851,fluid
92,0.0692559,-0.0142324,,999.944,0.00685119,-0.898215,,0.0553699,0.00874504,0.0560563,,0.000546906,-0.000170232,1.2255,fluid
93,0.0821589,0,,1000.06,-0.00410248,0.964393,,0.0411844,1.73849e-15,0.0411844,,0.000272544,-1.1453e-14,3.21519e-13,fluid
94,0.0804771,0.0165385,,1000.04,-0.00393407,0.586047,,0.0621983,-0.00743229,0.0626408,,0.000281971,0.000216303,-1.12355,fluid
95,0.0755006,0.0323999,,1000.01,-0.00147313,0.228175,,0.0941453,-0.00575373,0.0943209,,9.39998e-05,0.000238202,-1.21101,fluid
96,0.067433,0.0469348,,1000.04,-0.00148079,0.666091,,0.108607,-0.0028524,0.108645,,-0.000468799,-0.000287224,-0.608383,fluid
97,0.0566048,0.0595482,,1000.07,0.002323,1.04919,,0.109249,-0.00170279,0.109262,,-0.000559719,-0.000642799,-0.0905343,fluid
98,0.0434591,0.0697237,,1000.08,0.00535805,1.23033,,0.106024,-0.00157357,0.106035,,5.60495e-05,-0.000138166,0.101084,fluid
99,0.0285342,0.0770447,,1000.07,0.00140759,1.19693,,0.104814,-0.000356308,0.104815,,0.000548005,0.00054963,0.110144,fluid
100,0.0124411,0.0812115,,1000.06,0.000801786,0.917778,,0.103799,0.00244192,0.103827,,0.000542108,0.000206247,0.0863225,fluid
101,-0.00416128,0.0820535,,1000.04,0.00105358,0.589289,,0.102393,0.00462021,0.102498,,0.000461765,-0.000522843,0.0707189,fluid
102,-0.0205933,0.0795362,,1000.02,-0.000715398,0.256148,,0.100589,0.0058526,0.10076,,1.20317e-06,-0.00034736,0.044821,fluid
103,-0.0361823,0.0737627,,999.997,4.74107e-06,-0.0491251,,0.0981811,0.00699417,0.0984299,,-0.000370268,8.31102e-05,0.0139376,fluid
104,-0.05029,0.0649693,,999.982,-8.18153e-05,-0.293813,,0.0953614,0.00768693,0.0956707,,-0.000254242,0.000176705,0.00252166,fluid
105,-0.0623388,0.0535161,,999.966,-0.00055506,-0.545687,,0.0927598,0.00724951,0.0930426,,-6.3021e-06,3.64819e-05,0.00660369,fluid
106,-0.0718354,0.0398719,,999.954,0.000227953,-0.732724,,0.0906881,0.00585226,0.0908768,,7.10614e-05,-2.32472e-05,0.00835264,fluid
107,-0.0783911,0.0245954,,999.948,-7.25052e-05,-0.83979,,0.0890806,0.00379787,0.0891616,,-5.88898e-06,-2.16081e-05,0.00516114,fluid
108,-0.0817374,0.00831188,,999.944,2.53515e-06,-0.888934,,0.0882448,0.00132494,0.0882547,,-5.6872e-05,-9.32911e-06,0.00171465,fluid
109,-0.0817374,-0.00831188,,999.944,2.53514e-06,-0.888934,,0.0882448,-0.00132494,0.0882547,,-5.6872e-05,9.32911e-06,-0.00171465,fluid
110,-0.0783911,-0.0245954,,999.948,-7.25052e-05,-0.83979,,0.0890806,-0.00379787,0.0891616,,-5.88898e-06,2.16081e-05,-0.00516114,fluid
111,-0.0718354,-0.0398719,,999.954,0.000227953,-0.732724,,0.0906881,-0.00585226,0.0908768,,7.10614e-05,2.32472e-05,-0.00835264,fluid
112,-0.0623388,-0.0535161,,999.966,-0.00055506,-0.545687,,0.0927598,-0.00724951,0.0930426,,-6.3021e-06,-3.64819e-05,-0.00660369,fluid
113,-0.05029,-0.0649693,,999.982,-8.18153e-05,-0.293813,,0.0953614,-0.00768693,0.0956707,,-0.000254242,-0.000176705,-0.00252166,fluid
114,-0.0361823,-0.0737627,,999.997,4.74111e-06,-0.0491251,,0.0981811,-0.00699417,0.0984299,,-0.000370268,-8.31102e-05,-0.0139376,fluid
115,-0.0205933,-0.0795362,,1000.02,-0.000715398,0.256148,,0.100589,-0.0058526,0.10076,,1.20317e-06,0.00034736,-0.044821,fluid
116,-0.00416128,-0.0820535,,1000.04,0.00105358,0.589289,,0.102393,-0.00462021,0.102498,,0.000461765,0.000522843,-0.0707189,fluid
117,0.0124411,-0.0812115,,1000.06,0.000801786,0.917778,,0.103799,-0.00244192,0.103827,,0.000542108,-0.000206247,-0.0863225,fluid
118,0.0285342,-0.0770447,,1000.07,0.00140759,1.19693,,0.104814,0.000356308,0.104815,,0.000548005,-0.00054963,-0.110144,fluid
119,0.0434591,-0.0697237,,1000.08,0.00535805,1.23033,,0.106024,0.00157357,0.106035,,5.60495e-05,0.000138166,-0.101084,fluid
120,0.0566048,-0.0595482,,1000.07,0.002323,1.04919,,0.109249,0.00170279,0.109262,,-0.000559719,0.000642799,0.0905343,fluid
121,0.067433,-0.0469348,,1000.04,-0.00148079,0.666091,,0.108607,0.0028524,0.108645,,-0.000468799,0.000287224,0.608383,fluid
122,0.0755006,-0.0323999,,1000.01,-0.00147313,0.228175,,0.0941453,0.00575373,0.0943209,,9.39998e-05,-0.000238202,1.21101,fluid
123,0.0804771,-0.0165385,,1000.04,-0.00393407,0.586047,,0.0621983,0.00743229,0.0626408,,0.000281971,-0.000216303,1.12355,fluid
124,0.0944202,0,,999.974,0.00293545,-0.408827,,0.0516826,1.57441e-15,0.0516826,,0.000124083,-6.84555e-15,1.84499e-13,fluid
125,0.0924874,0.0190067,,999.953,0.00288201,-0.754776,,0.0711444,-0.0050184,0.0713212,,0.000144845,0.00024934,-0.964454,fluid
126,0.0867682,0.0372352,,999.968,0.00347373,-0.511136,,0.0995737,-0.00309855,0.0996219,,6.25827e-05,0.000207859,-0.954094,fluid
127,0.0774967,0.0539393,,999.986,0.00169492,-0.224045,,0.11071,0.000181134,0.11071,,-0.000257927,-0.000323334,-0.384205,fluid
128,0.0650524,0.0684351,,999.974,-0.000691564,-0.417582,,0.109904,0.00179255,0.109918,,-0.000403366,-0.000812655,0.0172685,fluid
129,0.0499449,0.0801292,,999.971,0.00115628,-0.459556,,0.106571,0.00274845,0.106607,,-0.000171875,-0.000104507,0.106054,fluid
130,0.0327926,0.0885428,,999.974,0.00101927,-0.422505,,0.104644,0.0041523,0.104727,,4.37864e-05,0.000852299,0.0661139,fluid
131,0.0142978,0.0933314,,999.983,-0.000648024,-0.277289,,0.103,0.00531028,0.103137,,0.000105732,0.000637635,0.0313891,fluid
132,-0.00478231,0.094299,,999.999,-1.93394e-06,-0.0194155,,0.101877,0.00573378,0.102038,,0.000503301,-0.000358932,0.0249875,fluid
133,-0.0236667,0.0914061,,1000.02,-0.00136528,0.29798,,0.101181,0.00525778,0.101318,,0.000341719,-0.00049726,0.0153094,fluid
134,-0.0415821,0.0847709,,1000.03,-0.000458405,0.55851,,0.100071,0.00513059,0.100203,,-0.000204905,7.50984e-05,-0.00660957,fluid
135,-0.0577952,0.0746652,,1000.05,0.000410904,0.840788,,0.0986969,0.00482545,0.0988148,,-0.000281671,0.000209468,-0.0152467,fluid
136,-0.0716421,0.0615027,,1000.07,3.06384e-05,1.08305,,0.0975503,0.00402826,0.0976334,,-4.73971e-05,1.10697e-05,-0.00728862,fluid
137,-0.082556,0.0458223,,1000.08,9.81632e-05,1.2934,,0.0970051,0.0029159,0.097049,,6.86157e-05,-5.08021e-05,-0.000738098,fluid
138,-0.09009,0.0282659,,1000.09,0.000103173,1.42336,,0.0965557,0.00171779,0.096571,,-6.12381e-06,-7.01508e-06,-0.000258651,fluid
139,-0.0939358,0.00955234,,1000.09,-5.09513e-05,1.4919,,0.0963768,0.000602857,0.0963787,,-5.49265e-05,8.90038e-06,-0.000131027,fluid
140,-0.0939358,-0.00955234,,1000.09,-5.09513e-05,1.4919,,0.0963768,-0.000602857,0.0963787,,-5.49265e-05,-8.90038e-06,0.000131027,fluid
141,-0.09009,-0.0282659,,1000.09,0.000103173,1.42336,,0.0965557,-0.00171779,0.096571,,-6.12381e-06,7.01508e-06,0.000258651,fluid
142,-0.082556,-0.0458223,,1000.08,9.81632e-05,1.2934,,0.0970051,-0.0029159,0.097049,,6.86157e-05,5.08021e-05,0.000738098,fluid
143,-0.0716421,-0.0615027,,1000.07,3.06384e-05,1.08305,,0.0975503,-0.00402826,0.0976334,,-4.73971e-05,-1.10697e-05,0.00728862,fluid
144,-0.0577952,-0.0746652,,1000.05,0.000410904,0.840788,,0.0986969,-0.00482545,0.0988148,,-0.000281671,-0.000209468,0.0152467,fluid
145,-0.0415821,-0.0847709,,1000.03,-0.000458405,0.55851,,0.100071,-0.00513059,0.100203,,-0.000204905,-7.50984e-05,0.00660957,fluid
146,-0.0236667,-0.0914061,,1000.02,-0.00136528,0.29798,,0.101181,-0.00525778,0.101318,,0.000341719,0.00049726,-0.0153094,fluid
147,-0.00478231,-0.094299,,999.999,-1.93395e-06,-0.0194155,,0.101877,-0.00573378,0.102038,,0.000503301,0.000358932,-0.0249875,fluid
148,0.0142978,-0.0933314,,999.983,-0.000648024,-0.277289,,0.103,-0.00531028,0.103137,,0.000105732,-0.000637635,-0.0313891,fluid
149,0.0327926,-0.0885428,,999.974,0.00101927,-0.422505,,0.104644,-0.0041523,0.104727,,4.37864e-05,-0.000852299,-0.0661139,fluid
150,0.0499449,-0.0801292,,999.971,0.00115628,-0.459556,,0.106571,-0.00274845,0.106607,,-0.000171875,0.000104507,-0.106054,fluid
151,0.0650524,-0.0684351,,999.974,-0.000691564,-0.417582,,0.109904,-0.00179255,0.109918,,-0.000403366,0.000812655,-0.0172685,fluid
152,0.0774967,-0.0539393,,999.986,0.00169492,-0.224045,,0.11071,-0.000181134,0.11071,,-0.000257927,0.000323334,0.384205,fluid
153,0.0867682,-0.0372352,,999.968,0.00347373,-0.511136,,0.0995737,0.00309855,0.0996219,,6.25827e-05,-0.000207859,0.954094,fluid
154,0.0924874,-0.0190067,,999.953,0.00288201,-0.754776,,0.0711444,0.0050184,0.0713212,,0.000144845,-0.00024934,0.964454,fluid
155,0.107544,0,,1000,0.00232204,0.0730101,,0.0549121,8.36802e-16,0.0549121,,-2.53874e-05,-3.31999e-15,9.87553e-14,fluid
156,0.105342,0.0216484,,999.983,0.00147042,-0.278365,,0.0745506,-0.0050562,0.0747219,,5.0408e-05,0.000245978,-0.813098,fluid
157,0.0988281,0.0424105,,999.997,0.000377954,-0.0449738,,0.101116,-0.00268341,0.101151,,5.12976e-05,0.000297064,-0.73894,fluid
158,0.0882679,0.0614363,,999.996,-5.48608e-05,-0.0611867,,0.109283,0.000650625,0.109285,,-0.000104446,-0.000135789,-0.233144,fluid
159,0.074094,0.0779469,,999.984,-0.000439929,-0.259707,,0.107037,0.00171862,0.107051,,-0.0001383,-0.000904037,0.0573043,fluid
160,0.0568867,0.0912663,,999.988,-0.00130156,-0.19518,,0.104595,0.00170881,0.104609,,-5.40446e-05,-0.000559304,0.0809971,fluid
161,0.0373505,0.100849,,999.992,0.000657375,-0.129094,,0.103819,0.00266971,0.103854,,-0.000139853,0.000656639,0.0276273,fluid
162,0.0162851,0.106304,,1000,-0.000631021,0.034701,,0.103055,0.00372728,0.103122,,-0.00031409,0.000940981,-0.00463013,fluid
163,-0.005447,0.107406,,1000.01,-0.000991488,0.128474,,0.102078,0.00487406,0.102195,,0.000174599,-0.00011753,-0.0010279,fluid
164,-0.0269561,0.104111,,1000.02,0.000841347,0.297951,,0.10155,0.0048281,0.101664,,0.000531909,-0.000613986,0.00826592,fluid
165,-0.0473616,0.0965532,,1000.03,0.000461592,0.436531,,0.100532,0.00476099,0.100645,,2.15437e-05,-2.06115e-05,-0.0017979,fluid
166,-0.0658281,0.0850429,,1000.04,0.000148272,0.614189,,0.0991168,0.00459261,0.0992231,,-0.000287798,0.000201061,-0.010745,fluid
167,-0.0815997,0.070051,,1000.05,9.348e-05,0.742562,,0.0977054,0.00400497,0.0977875,,-7.463e-05,3.31797e-05,-0.005223,fluid
168,-0.0940305,0.0521912,,1000.05,-0.000175854,0.863499,,0.0969592,0.0030255,0.0970064,,6.73585e-05,-2.35738e-05,0.00066063,fluid
169,-0.102612,0.0321946,,1000.06,3.78797e-05,0.928884,,0.0962665,0.0018323,0.0962839,,-9.15967e-06,9.5329e-07,0.000440777,fluid
170,-0.106992,0.01088,,1000.06,-4.62303e-05,0.96811,,0.0959657,0.000669513,0.0959681,,-4.39905e-05,1.63064e-05,8.52122e-05,fluid
171,-0.106992,-0.01088,,1000.06,-4.62303e-05,0.96811,,0.0959657,-0.000669513,0.0959681,,-4.39905e-05,-1.63064e-05,-8.52122e-05,fluid
172,-0.102612,-0.0321946,,1000.06,3.78797e-05,0.928884,,0.0962665,-0.0018323,0.0962839,,-9.15967e-06,-9.5329e-07,-0.000440777,fluid
173,-0.0940305,-0.0521912,,1000.05,-0.000175854,0.863499,,0.0969592,-0.0030255,0.0970064,,6.73585e-05,2.35738e-05,-0.00066063,fluid
174,-0.0815997,-0.070051,,1000.05,9.348e-05,0.742562,,0.0977054,-0.00400497,0.0977875,,-7.463e-05,-3.31797e-05,0.005223,fluid
175,-0.0658281,-0.0850429,,1000.04,0.000148272,0.614189,,0.0991168,-0.00459261,0.0992231,,-0.000287798,-0.000201061,0.010745,fluid
176,-0.0473616,-0.0965532,,1000.03,0.000461592,0.436531,,0.100532,-0.00476099,0.100645,,2.15437e-05,2.06115e-05,0.0017979,fluid
177,-0.0269561,-0.104111,,1000.02,0.000841347,0.297951,,0.10155,-0.0048281,0.101664,,0.000531909,0.000613986,-0.00826592,fluid
178,-0.005447,-0.107406,,1000.01,-0.000991488,0.128474,,0.102078,-0.00487406,0.102195,,0.000174599,0.00011753,0.0010279,fluid
179,0.0162851,-0.106304,,1000,-0.000631021,0.034701,,0.103055,-0.00372728,0.103122,,-0.00031409,-0.000940981,0.00463013,fluid
180,0.0373505,-0.100849,,999.992,0.000657375,-0.129094,,0.103819,-0.00266971,0.103854,,-0.000139853,-0.000656639,-0.0276273,fluid
181,0.0568867,-0.0912663,,999.988,-0.00130156,-0.19518,,0.104595,-0.00170881,0.104609,,-5.40446e-05,0.000559304,-0.0809971,fluid
182,0.074094,-0.0779469,,999.984,-0.000439929,-0.259707,,0.107037,-0.00171862,0.107051,,-0.0001383,0.000904037,-0.0573043,fluid
183,0.0882679,-0.0614363,,999.996,-5.48608e-05,-0.0611867,,0.109283,-0.000650625,0.109285,,-0.000104446,0.000135789,0.233144,fluid
184,0.0988281,-0.0424105,,999.997,0.000377954,-0.0449738,,0.101116,0.00268341,0.101151,,5.12976e-05,-0.000297064,0.73894,fluid
185,0.105342,-0.0216484,,999.983,0.00147042,-0.278365,,0.0745506,0.0050562,0.0747219,,5.0408e-05,-0.000245978,0.813098,fluid
186,0.12159,0,,1000.01,-0.00031689,0.1847,,0.0593816,3.16144e-16,0.0593816,,-0.000237128,1.38921e-16,4.83658e-14,fluid
187,0.119101,0.0244759,,999.99,-0.000144162,-0.156461,,0.0784979,-0.0045763,0.0786312,,-8.71273e-05,0.00029226,-0.681413,fluid
188,0.111736,0.0479497,,1000.01,-0.000883763,0.0909499,,0.102537,-0.00194254,0.102555,,-1.18636e-05,0.000534178,-0.571022,fluid
189,0.0997966,0.0694605,,1000,-0.000761563,0.0546488,,0.107847,0.000728076,0.10785,,-9.00616e-05,0.000377923,-0.141046,fluid
190,0.0837715,0.0881275,,999.998,0.00191095,-0.0279904,,0.104877,0.0013648,0.104886,,-7.72796e-05,-0.000476504,0.0569015,fluid
191,0.0643167,0.103187,,1000.01,-0.000845208,0.0979383,,0.10354,0.00113869,0.103546,,0.0001923,-0.000872693,0.0515177,fluid
192,0.0422288,0.114021,,1000.01,0.000469514,0.0810597,,0.103532,0.00184218,0.103548,,4.84798e-05,9.03104e-05,0.0113576,fluid
193,0.0184121,0.120188,,1000.01,0.00115821,0.189787,,0.103075,0.00268691,0.10311,,-0.00044141,0.000947846,-0.0127484,fluid
194,-0.00615843,0.121434,,1000.01,-0.000738785,0.211903,,0.101793,0.00415439,0.101878,,-0.000189627,0.000241659,-0.00925722,fluid
195,-0.0304768,0.117708,,1000.02,0.000553153,0.309934,,0.101009,0.00424718,0.101098,,0.000491939,-0.000580071,0.0086001,fluid
196,-0.0535475,0.109164,,1000.02,0.000251841,0.376017,,0.100142,0.00396043,0.10022,,0.000202328,-0.000113682,0.0068612,fluid
197,-0.0744259,0.0961504,,1000.03,-0.000232554,0.488802,,0.0989588,0.00378374,0.0990311,,-0.000231162,0.000203094,-0.00382694,fluid
198,-0.0922574,0.0792003,,1000.03,-1.89331e-05,0.550603,,0.0976186,0.00337083,0.0976768,,-0.000103193,5.09549e-05,-0.00241429,fluid
199,-0.106312,0.0590078,,1000.04,-4.97394e-05,0.630037,,0.0969745,0.00257342,0.0970087,,6.3083e-05,-1.30475e-05,0.00205764,fluid
200,-0.116014,0.0363995,,1000.04,-5.318e-05,0.671402,,0.0963815,0.00156703,0.0963942,,-4.19379e-06,4.60641e-07,0.0012269,fluid
201,-0.120966,0.0123011,,1000.04,-6.33229e-05,0.703204,,0.0961223,0.000582754,0.096124,,-3.48691e-05,1.72044e-05,0.000375633,fluid
202,-0.120966,-0.0123011,,1000.04,-6.33229e-05,0.703204,,0.0961223,-0.000582754,0.096124,,-3.48691e-05,-1.72044e-05,-0.000375633,fluid
203,-0.116014,-0.0363995,,1000.04,-5.318e-05,0.671402,,0.0963815,-0.00156703,0.0963942,,-4.19379e-06,-4.60641e-07,-0.0012269,fluid
204,-0.106312,-0.0590078,,1000.04,-4.97394e-05,0.630037,,0.0969745,-0.00257342,0.0970087,,6.3083e-05,1.30475e-05,-0.00205764,fluid
205,-0.0922574,-0.0792003,,1000.03,-1.89331e-05,0.550603,,0.0976186,-0.00337083,0.0976768,,-0.000103193,-5.09549e-05,0.00241429,fluid
206,-0.0744259,-0.0961504,,1000.03,-0.000232554,0.488802,,0.0989588,-0.00378374,0.0990311,,-0.000231162,-0.000203094,0.00382694,fluid
207,-0.0535475,-0.109164,,1000.02,0.000251841,0.376017,,0.100142,-0.00396043,0.10022,,0.000202328,0.000113682,-0.0068612,fluid
208,-0.0304768,-0.117708,,1000.02,0.000553153,0.309934,,0.101009,-0.00424718,0.101098,,0.000491939,0.000580071,-0.0086001,fluid
209,-0.00615843,-0.121434,,1000.01,-0.000738785,0.211903,,0.101793,-0.00415439,0.101878,,-0.000189627,-0.000241659,0.00925722,fluid
210,0.0184121,-0.120188,,1000.01,0.00115821,0.189787,,0.103075,-0.00268691,0.10311,,-0.00044141,-0.000947846,0.0127484,fluid
211,0.0422288,-0.114021,,1000.01,0.000469514,0.0810597,,0.103532,-0.00184218,0.103548,,4.84798e-05,-9.03104e-05,-0.0113576,fluid
212,0.0643167,-0.103187,,1000.01,-0.000845208,0.0979383,,0.10354,-0.00113869,0.103546,,0.0001923,0.000872693,-0.0515177,fluid
213,0.0837715,-0.0881275,,999.998,0.00191095,-0.0279904,,0.104877,-0.0013648,0.104886,,-7.72796e-05,0.000476504,-0.0569015,fluid
214,0.0997966,-0.0694605,,1000,-0.000761563,0.0546488,,0.107847,-0.000728076,0.10785,,-9.00616e-05,-0.000377923,0.141046,fluid
215,0.111736,-0.0479497,,1000.01,-0.000883763,0.0909499,,0.102537,0.00194254,0.102555,,-1.18636e-05,-0.000534178,0.571022,fluid
216,0.119101,-0.0244759,,999.99,-0.000144162,-0.156461,,0.0784979,0.0045763,0.0786312,,-8.71273e-05,-0.00029226,0.681413,fluid
217,0.136624,0,,1000.01,0.000190388,0.176776,,0.0636211,2.04181e-16,0.0636211,,-0.00034491,5.61725e-15,1.97476e-14,fluid
218,0.133827,0.0275022,,999.991,0.000648572,-0.138467,,0.0819878,-0.00412573,0.0820916,,-0.000190388,0.000249933,-0.568646,fluid
219,0.125552,0.0538784,,1000.01,0.00249295,0.117734,,0.103585,-0.00145208,0.103595,,-8.13741e-05,0.000539702,-0.439421,fluid
220,0.112136,0.0780489,,1000,0.00110515,0.0749319,,0.10665,0.000437574,0.106651,,-0.000125365,0.000734648,-0.0831413,fluid
221,0.0941293,0.099024,,1000,0.00182797,0.0152596,,0.103697,0.00104862,0.103703,,-0.000224181,0.000225895,0.0418828,fluid
222,0.0722691,0.115945,,1000.01,0.000995111,0.133796,,0.103011,0.00134547,0.10302,,0.000209564,-0.000622101,0.0256509,fluid
223,0.0474502,0.128119,,1000.01,-0.000691142,0.0877638,,0.103182,0.00198341,0.103201,,0.000280601,-0.000529079,0.00764679,fluid
224,0.0206887,0.135048,,1000.01,0.000420843,0.178124,,0.1029,0.00214772,0.102923,,-0.000291959,0.000581631,-0.0062316,fluid
225,-0.00691989,0.136449,,1000.01,3.73213e-05,0.218308,,0.101518,0.00346083,0.101577,,-0.00046133,0.000562563,-0.0103056,fluid
226,-0.0342451,0.132262,,1000.02,-8.98884e-05,0.334127,,0.100582,0.00374041,0.100652,,0.000310895,-0.000414171,0.005676,fluid
227,-0.0601684,0.122662,,1000.02,1.05837e-05,0.397798,,0.0999603,0.00330826,0.100015,,0.000283047,-0.000217589,0.00932931,fluid
228,-0.0836283,0.108039,,1000.03,4.76074e-05,0.513918,,0.0991515,0.00310243,0.0992,,-0.000155143,0.000177858,-0.00119976,fluid
229,-0.103664,0.088993,,1000.04,-0.000232889,0.576743,,0.0980093,0.00282734,0.0980501,,-0.000118635,4.73301e-05,-0.0024326,fluid
230,-0.119457,0.0663038,,1000.04,0.00012704,0.65672,,0.0974916,0.00215867,0.0975155,,4.64934e-05,-1.45371e-05,0.00139545,fluid
231,-0.130358,0.0409002,,1000.04,-0.000103194,0.695422,,0.0970026,0.0013049,0.0970114,,-2.12598e-06,-1.84712e-06,0.000882687,fluid
232,-0.135923,0.013822,,1000.05,-1.46172e-06,0.724334,,0.0967998,0.000488284,0.0968011,,-3.05035e-05,1.17584e-05,0.000308118,fluid
233,-0.135923,-0.013822,,1000.05,-1.46172e-06,0.724334,,0.0967998,-0.000488284,0.0968011,,-3.05035e-05,-1.17584e-05,-0.000308118,fluid
234,-0.130358,-0.0409002,,1000.04,-0.000103194,0.695422,,0.0970026,-0.0013049,0.0970114,,-2.12598e-06,1.84712e-06,-0.000882687,fluid
235,-0.119457,-0.0663038,,1000.04,0.00012704,0.65672,,0.0974916,-0.00215867,0.0975155,,4.64934e-05,1.45371e-05,-0.00139545,fluid
236,-0.103664,-0.088993,,1000.04,-0.000232889,0.576743,,0.0980093,-0.00282734,0.0980501,,-0.000118635,-4.73301e-05,0.0024326,fluid
237,-0.0836283,-0.108039,,1000.03,4.76073e-05,0.513918,,0.0991515,-0.00310243,0.0992,,-0.000155143,-0.000177858,0.00119976,fluid
238,-0.0601684,-0.122662,,1000.02,1.05837e-05,0.397798,,0.0999603,-0.00330826,0.100015,,0.000283047,0.000217589,-0.00932931,fluid
239,-0.0342451,-0.132262,,1000.02,-8.98884e-05,0.334127,,0.100582,-0.00374041,0.100652,,0.000310895,0.000414171,-0.005676,fluid
240,-0.00691989,-0.136449,,1000.01,3.73213e-05,0.218308,,0.101518,-0.00346083,0.101577,,-0.00046133,-0.000562563,0.0103056,fluid
241,0.0206887,-0.135048,,1000.01,0.000420843,0.178124,,0.1029,-0.00214772,0.102923,,-0.000291959,-0.000581631,0.0062316,fluid
242,0.0474502,-0.128119,,1000.01,-0.000691142,0.0877638,,0.103182,-0.00198341,0.103201,,0.000280601,0.000529079,-0.00764679,fluid
243,0.0722691,-0.115945,,1000.01,0.000995111,0.133796,,0.103011,-0.00134547,0.10302,,0.000209564,0.000622101,-0.0256509,fluid
244,0.0941293,-0.099024,,1000,0.00182797,0.0152596,,0.103697,-0.00104862,0.103703,,-0.000224181,-0.000225895,-0.0418828,fluid
245,0.112136,-0.0780489,,1000,0.00110515,0.0749319,,0.10665,-0.000437574,0.106651,,-0.000125365,-0.000734648,0.0831413,fluid
246,0.125552,-0.0538784,,1000.01,0.00249295,0.117734,,0.103585,0.00145208,0.103595,,-8.13741e-05,-0.000539702,0.439421,fluid
247,0.133827,-0.0275022,,999.991,0.000648572,-0.138467,,0.0819878,0.00412573,0.0820916,,-0.000190388,-0.000249933,0.568646,fluid
248,0.152715,0,,1000.01,0.0011367,0.106851,,0.0671383,-4.51272e-17,0.0671383,,-0.000408242,7.89466e-15,5.31365e-15,fluid
249,0.149589,0.0307413,,999.991,-0.00111132,-0.139493,,0.0846712,-0.00377733,0.0847554,,-0.000280555,1.52778e-05,-0.472778,fluid
250,0.140339,0.060224,,1000.01,0.000818998,0.105661,,0.104111,-0.00114096,0.104117,,-0.000145053,0.00015496,-0.335491,fluid
251,0.125343,0.0872412,,1000,-0.000477241,0.0740787,,0.105573,7.91923e-05,0.105573,,-0.000132214,0.00046741,-0.0433688,fluid
252,0.105216,0.110687,,1000,-0.00180584,0.052402,,0.103048,0.000567508,0.103049,,-0.000376146,0.000630288,0.0282255,fluid
253,0.0807807,0.129601,,1000.01,0.00128183,0.148867,,0.102725,0.00138468,0.102735,,-1.21519e-05,4.15999e-05,0.00626049,fluid
254,0.0530387,0.143209,,1000.01,0.000577968,0.133793,,0.102711,0.00224034,0.102735,,0.000402027,-0.000614156,0.00520808,fluid
255,0.0231253,0.150954,,1000.01,-0.000670175,0.215208,,0.102603,0.00185915,0.10262,,1.30027e-05,5.50151e-05,0.00223582,fluid
256,-0.00773489,0.152519,,1000.01,0.000141169,0.239616,,0.101481,0.00275637,0.101518,,-0.000510219,0.000670994,-0.00864637,fluid
257,-0.0382784,0.14784,,1000.02,0.000146945,0.349766,,0.100475,0.00331876,0.100529,,9.07244e-05,-0.000174128,0.000775333,fluid
258,-0.0672548,0.137108,,1000.03,-0.000141439,0.402714,,0.0999746,0.00291899,0.100017,,0.000311682,-0.00027251,0.00798642,fluid
259,-0.0934777,0.120763,,1000.03,0.000386068,0.501256,,0.0994278,0.00267488,0.0994638,,-7.75304e-05,0.000137158,-0.000202944,fluid
260,-0.115874,0.0994743,,1000.03,-0.000428332,0.553912,,0.0984228,0.00247878,0.098454,,-0.000117157,4.66447e-05,-0.00256684,fluid
261,-0.133526,0.0741129,,1000.04,0.000182867,0.619492,,0.0979588,0.00189563,0.0979772,,2.43798e-05,-1.8807e-05,0.00074638,fluid
262,-0.145711,0.0457172,,1000.04,-0.000136375,0.654182,,0.0975231,0.00115413,0.0975299,,-1.51836e-06,-4.31162e-06,0.00055506,fluid
263,-0.151931,0.0154499,,1000.04,-1.30347e-06,0.676243,,0.0973399,0.000424968,0.0973409,,-2.62246e-05,6.35241e-06,0.000234324,fluid
264,-0.151931,-0.0154499,,1000.04,-1.30346e-06,0.676243,,0.0973399,-0.000424968,0.0973409,,-2.62246e-05,-6.35241e-06,-0.000234324,fluid
265,-0.145711,-0.0457172,,1000.04,-0.000136375,0.654182,,0.0975231,-0.00115413,0.0975299,,-1.51836e-06,4.31162e-06,-0.00055506,fluid
266,-0.133526,-0.0741129,,1000.04,0.000182867,0.619492,,0.0979588,-0.00189563,0.0979772,,2.43798e-05,1.8807e-05,-0.00074638,fluid
267,-0.115874,-0.0994743,,1000.03,-0.000428332,0.553912,,0.0984228,-0.00247878,0.098454,,-0.000117157,-4.66447e-05,0.00256684,fluid
268,-0.0934777,-0.120763,,1000.03,0.000386068,0.501256,,0.0994278,-0.00267488,0.0994638,,-7.75304e-05,-0.000137158,0.000202944,fluid
269,-0.0672548,-0.137108,,1000.03,-0.000141439,0.402714,,0.0999746,-0.00291899,0.100017,,0.000311682,0.00027251,-0.00798642,fluid
270,-0.0382784,-0.14784,,1000.02,0.000146945,0.349766,,0.100475,-0.00331876,0.100529,,9.07244e-05,0.000174128,-0.000775333,fluid
271,-0.00773489,-0.152519,,1000.01,0.000141169,0.239616,,0.101481,-0.00275637,0.101518,,-0.000510219,-0.000670994,0.00864637,fluid
272,0.0231253,-0.150954,,1000.01,-0.000670175,0.215208,,0.102603,-0.00185915,0.10262,,1.30027e-05,-5.50151e-05,-0.00223582,fluid
273,0.0530387,-0.143209,,1000.01,0.000577968,0.133793,,0.102711,-0.00224034,0.102735,,0.000402027,0.000614156,-0.00520808,fluid
274,0.0807807,-0.129601,,1000.01,0.00128183,0.148867,,0.102725,-0.00138468,0.102735,,-1.21519e-05,-4.15999e-05,-0.00626049,fluid
275,0.105216,-0.110687,,1000,-0.00180584,0.052402,,0.103048,-0.000567508,0.103049,,-0.000376146,-0.000630288,-0.0282255,fluid
276,0.125343,-0.0872412,,1000,-0.000477241,0.0740787,,0.105573,-7.91923e-05,0.105573,,-0.000132214,-0.00046741,0.0433688,fluid
277,0.140339,-0.060224,,1000.01,0.000818998,0.105661,,0.104111,0.00114096,0.104117,,-0.000145053,-0.00015496,0.335491,fluid
278,0.149589,-0.0307413,,999.991,-0.00111132,-0.139493,,0.0846712,0.00377733,0.0847554,,-0.000280555,-1.52778e-05,0.472778,fluid
279,0.169937,0,,1000.01,0.00189667,0.165262,,0.070574,-4.21123e-16,0.070574,,-0.00035676,1.78028e-15,-1.58575e-15,fluid
280,0.166459,0.0342082,,999.999,-0.00222775,-0.011632,,0.0871371,-0.00323498,0.0871972,,-0.000232663,-0.000141963,-0.393179,fluid
281,0.156165,0.0670158,,1000.01,-0.000594229,0.168388,,0.10442,-0.000620312,0.104422,,2.55829e-05,-0.000166385,-0.256063,fluid
282,0.139478,0.0970799,,1000.01,-0.00195888,0.115656,,0.10464,4.69237e-05,0.10464,,-1.82487e-05,-0.000154277,-0.0166129,fluid
283,0.117081,0.123169,,1000.01,-0.00105658,0.0866526,,0.102719,0.000104853,0.102719,,-0.000298751,0.000502346,0.0214086,fluid
284,0.0898908,0.144216,,1000.01,-0.000528618,0.131208,,0.10261,0.00102706,0.102615,,-0.000214045,0.000595856,-0.0041953,fluid
285,0.0590202,0.159359,,1000.01,0.00124766,0.125916,,0.102254,0.00225427,0.102279,,0.000253611,-0.000353013,0.000849094,fluid
286,0.0257333,0.167978,,1000.01,-0.000121329,0.225975,,0.102215,0.00175525,0.10223,,0.000240866,-0.000348134,0.00709118,fluid
287,-0.00860719,0.169719,,1000.02,-0.000703733,0.252219,,0.101509,0.00215912,0.101532,,-0.000380332,0.000564318,-0.00547748,fluid
288,-0.0425953,0.164513,,1000.02,0.000445572,0.345477,,0.100502,0.0029169,0.100545,,-9.12077e-05,3.59929e-05,-0.00287075,fluid
289,-0.0748395,0.152571,,1000.03,-0.000282405,0.401147,,0.0999823,0.00262756,0.100017,,0.000279527,-0.000280561,0.00592922,fluid
290,-0.10402,0.134382,,1000.03,0.000389555,0.487473,,0.099578,0.00232275,0.0996051,,-1.74172e-05,8.59853e-05,0.000714946,fluid
291,-0.128941,0.110693,,1000.03,-0.000417615,0.541821,,0.0987012,0.0021615,0.0987249,,-0.000101204,4.61285e-05,-0.00202218,fluid
292,-0.148584,0.082471,,1000.04,0.000128594,0.597731,,0.0982813,0.00163631,0.098295,,1.00312e-05,-2.00342e-05,0.000577271,fluid
293,-0.162144,0.050873,,1000.04,-0.000159235,0.633598,,0.0979015,0.000994102,0.0979065,,-3.19167e-06,-2.2025e-06,0.00045419,fluid
294,-0.169066,0.0171923,,1000.04,-6.42636e-05,0.654399,,0.0977452,0.000369803,0.0977459,,-2.3169e-05,3.35798e-06,0.000221108,fluid
295,-0.169066,-0.0171923,,1000.04,-6.42636e-05,0.654399,,0.0977452,-0.000369803,0.0977459,,-2.3169e-05,-3.35798e-06,-0.000221108,fluid
296,-0.162144,-0.050873,,1000.04,-0.000159235,0.633598,,0.0979015,-0.000994102,0.0979065,,-3.19167e-06,2.20249e-06,-0.00045419,fluid
297,-0.148584,-0.082471,,1000.04,0.000128594,0.597731,,0.0982813,-0.00163631,0.098295,,1.00312e-05,2.00342e-05,-0.000577271,fluid
298,-0.128941,-0.110693,,1000.03,-0.000417615,0.541821,,0.0987012,-0.0021615,0.0987249,,-0.000101204,-4.61285e-05,0.00202218,fluid
299,-0.10402,-0.134382,,1000.03,0.000389555,0.487473,,0.099578,-0.00232275,0.0996051,,-1.74172e-05,-8.59853e-05,-0.000714946,fluid
300,-0.0748395,-0.152571,,1000.03,-0.000282405,0.401147,,0.0999823,-0.00262756,0.100017,,0.000279527,0.000280561,-0.00592922,fluid
301,-0.0425953,-0.164513,,1000.02,0.000445572,0.345477,,0.100502,-0.0029169,0.100545,,-9.12077e-05,-3.59929e-05,0.00287075,fluid
302,-0.00860719,-0.169719,,1000.02,-0.000703733,0.252219,,0.101509,-0.00215912,0.101532,,-0.000380332,-0.000564318,0.00547748,fluid
303,0.0257333,-0.167978,,1000.01,-0.000121329,0.225975,,0.102215,-0.00175525,0.10223,,0.000240866,0.000348134,-0.00709118,fluid
304,0.0590202,-0.159359,,1000.01,0.00124766,0.125916,,0.102254,-0.00225427,0.102279,,0.000253611,0.000353013,-0.000849094,fluid
305,0.0898908,-0.144216,,1000.01,-0.000528618,0.131208,,0.10261,-0.00102706,0.102615,,-0.000214045,-0.000595856,0.0041953,fluid
306,0.117081,-0.123169,,1000.01,-0.00105658,0.0866526,,0.102719,-0.000104853,0.102719,,-0.000298751,-0.000502346,-0.0214086,fluid
307,0.139478,-0.0970799,,1000.01,-0.00195888,0.115656,,0.10464,-4.69237e-05,0.10464,,-1.82487e-05,0.000154277,0.0166129,fluid
308,0.156165,-0.0670158,,1000.01,-0.000594229,0.168388,,0.10442,0.000620312,0.104422,,2.55829e-05,0.000166385,0.256063,fluid
309,0.166459,-0.0342082,,999.999,-0.00222775,-0.011632,,0.0871371,0.00323498,0.0871972,,-0.000232663,0.000141963,0.393179,fluid
310,0.188371,0,,1000.01,0.00135996,0.176714,,0.0734663,-3.01205e-16,0.0734663,,-0.000268577,-9.735e-15,-5.96929e-15,fluid
311,0.184515,0.0379188,,1000.01,-0.000342043,0.0806378,,0.0890497,-0.00279572,0.0890936,,-0.000117421,-6.78422e-05,-0.328484,fluid
312,0.173105,0.0742852,,1000.01,0.00206113,0.20377,,0.104334,-0.000178592,0.104334,,0.000193797,-0.000157906,-0.198428,fluid
313,0.154608,0.10761,,1000.01,-0.000301666,0.192481,,0.103784,0.000341113,0.103784,,0.000153727,-0.000552338,-0.00231315,fluid
314,0.129781,0.13653,,1000.01,0.0029457,0.14422,,0.10254,-3.06629e-05,0.10254,,-0.000155861,-7.32448e-05,0.019378,fluid
315,0.0996415,0.15986,,1000.01,-0.000962755,0.184311,,0.102569,0.000544837,0.10257,,-0.000177294,0.000746619,-0.00590953,fluid
316,0.0654223,0.176645,,1000.01,-0.000671784,0.163501,,0.101987,0.00204913,0.102007,,-4.87766e-06,7.44573e-05,-0.00373411,fluid
317,0.0285246,0.186199,,1000.02,0.001073,0.241827,,0.101834,0.00178573,0.101849,,0.000310652,-0.000513266,0.00775967,fluid
318,-0.00954084,0.188129,,1000.02,-0.0011047,0.281407,,0.101463,0.00173981,0.101478,,-0.000179345,0.000359345,-0.00191925,fluid
319,-0.0472157,0.182358,,1000.02,0.000316555,0.346353,,0.100549,0.00253234,0.10058,,-0.000193399,0.00017415,-0.0043141,fluid
320,-0.0829575,0.16912,,1000.03,-0.00025641,0.400213,,0.0999626,0.00236552,0.0999906,,0.00021194,-0.000247228,0.00417152,fluid
321,-0.115303,0.148959,,1000.03,0.000226604,0.469129,,0.0996453,0.00201379,0.0996657,,1.74323e-05,4.05794e-05,0.0014171,fluid
322,-0.142928,0.1227,,1000.03,-0.000258093,0.52326,,0.0988876,0.00187393,0.0989053,,-8.18152e-05,4.51384e-05,-0.00134684,fluid
323,-0.164702,0.0914168,,1000.04,5.1061e-05,0.5698,,0.0985161,0.0014207,0.0985264,,2.02195e-06,-1.584e-05,0.000506134,fluid
324,-0.179732,0.0563913,,1000.04,-0.00010741,0.601025,,0.098178,0.000858457,0.0981817,,-6.1269e-06,9.7312e-07,0.000351114,fluid
325,-0.187405,0.0190572,,1000.04,-5.10912e-05,0.619154,,0.0980443,0.000320436,0.0980448,,-2.17013e-05,2.31785e-06,0.000195659,fluid
326,-0.187405,-0.0190572,,1000.04,-5.10912e-05,0.619154,,0.0980443,-0.000320436,0.0980448,,-2.17013e-05,-2.31785e-06,-0.000195659,fluid
327,-0.179732,-0.0563913,,1000.04,-0.00010741,0.601025,,0.098178,-0.000858457,0.0981817,,-6.1269e-06,-9.7312e-07,-0.000351114,fluid
328,-0.164702,-0.0914168,,1000.04,5.1061e-05,0.5698,,0.0985161,-0.0014207,0.0985264,,2.02195e-06,1.584e-05,-0.000506134,fluid
329,-0.142928,-0.1227,,1000.03,-0.000258093,0.52326,,0.0988876,-0.00187393,0.0989053,,-8.18152e-05,-4.51384e-05,0.00134684,fluid
330,-0.115303,-0.148959,,1000.03,0.000226604,0.469129,,0.0996453,-0.00201379,0.0996657,,1.74323e-05,-4.05794e-05,-0.0014171,fluid
331,-0.0829575,-0.16912,,1000.03,-0.00025641,0.400213,,0.0999626,-0.00236552,0.0999906,,0.00021194,0.000247228,-0.00417152,fluid
332,-0.0472157,-0.182358,,1000.02,0.000316555,0.346353,,0.100549,-0.00253234,0.10058,,-0.000193399,-0.00017415,0.0043141,fluid
333,-0.00954084,-0.188129,,1000.02,-0.0011047,0.281407,,0.101463,-0.00173981,0.101478,,-0.000179345,-0.000359345,0.00191925,fluid
334,0.0285246,-0.186199,,1000.02,0.001073,0.241827,,0.101834,-0.00178573,0.101849,,0.000310652,0.000513266,-0.00775967,fluid
335,0.0654223,-0.176645,,1000.01,-0.000671784,0.163501,,0.101987,-0.00204913,0.102007,,-4.87766e-06,-7.44573e-05,0.00373411,fluid
336,0.0996415,-0.15986,,1000.01,-0.000962755,0.184311,,0.102569,-0.000544837,0.10257,,-0.000177294,-0.000746619,0.00590953,fluid
337,0.129781,-0.13653,,1000.01,0.0029457,0.14422,,0.10254,3.06629e-05,0.10254,,-0.000155861,7.32448e-05,-0.019378,fluid
338,0.154608,-0.10761,,1000.01,-0.000301666,0.192481,,0.103784,-0.000341113,0.103784,,0.000153727,0.000552338,0.00231315,fluid
339,0.173105,-0.0742852,,1000.01,0.00206113,0.20377,,0.104334,0.000178592,0.104334,,0.000193797,0.000157906,0.198428,fluid
340,0.184515,-0.0379188,,1000.01,-0.000342043,0.0806378,,0.0890497,0.00279572,0.0890936,,-0.000117421,6.78422e-05,0.328484,fluid
341,0.208101,0,,1000,-0.00111744,0.0665627,,0.0757857,-1.83105e-17,0.0757857,,-0.000316132,-1.75779e-14,-9.52287e-15,fluid
342,0.203841,0.0418904,,1000,-9.90164e-05,0.029078,,0.0904058,-0.00256348,0.0904421,,-0.000180791,7.63041e-05,-0.275723,fluid
343,0.191236,0.0820658,,1000.01,0.00134396,0.135999,,0.104045,1.66421e-05,0.104045,,0.000191515,0.000132138,-0.157265,fluid
344,0.170802,0.118881,,1000.01,0.000130445,0.183953,,0.102987,0.000574237,0.102989,,0.000186376,-0.00041028,0.00161045,fluid
345,0.143375,0.15083,,1000.01,0.00111684,0.147822,,0.102369,0.000223545,0.102369,,-0.000107505,-0.000693433,0.0176716,fluid
346,0.110078,0.176604,,1000.01,0.00100196,0.225926,,0.102422,0.000165663,0.102422,,-1.92927e-05,0.00052251,-0.00215902,fluid
347,0.0722745,0.195147,,1000.01,-0.00171367,0.226979,,0.101864,0.00166764,0.101877,,-0.000128111,0.000440393,-0.00643183,fluid
348,0.0315122,0.205701,,1000.02,0.00149419,0.258685,,0.101548,0.00183508,0.101564,,0.000223526,-0.000470556,0.00576339,fluid
349,-0.0105401,0.207834,,1000.02,-0.000509652,0.307629,,0.10134,0.0014729,0.101351,,-5.04096e-06,0.000152826,0.000931614,fluid
350,-0.052161,0.201458,,1000.02,-2.90846e-05,0.352149,,0.100583,0.0021722,0.100607,,-0.000214694,0.000234189,-0.00417927,fluid
351,-0.0916464,0.186834,,1000.03,-6.9436e-05,0.402949,,0.0999549,0.00211753,0.0999774,,0.00013756,-0.000193599,0.0027759,fluid
352,-0.12738,0.164561,,1000.03,7.93785e-05,0.45533,,0.0996965,0.00175598,0.099712,,3.76009e-05,7.78951e-06,0.00168693,fluid
353,-0.157898,0.135551,,1000.03,-0.000135346,0.502085,,0.0990482,0.00162496,0.0990615,,-6.37459e-05,4.16193e-05,-0.000876445,fluid
354,-0.181952,0.100992,,1000.03,-1.37268e-05,0.542022,,0.0987176,0.00123993,0.0987254,,-3.06566e-06,-8.96038e-06,0.000372043,fluid
355,-0.198557,0.0622977,,1000.04,-7.56738e-05,0.568503,,0.0984193,0.000753658,0.0984222,,-6.71166e-06,5.63411e-06,0.000209416,fluid
356,-0.207033,0.0210532,,1000.04,-5.17198e-05,0.582673,,0.098298,0.000277348,0.0982984,,-1.88604e-05,2.27696e-06,0.000144232,fluid
357,-0.207033,-0.0210532,,1000.04,-5.17198e-05,0.582673,,0.098298,-0.000277348,0.0982984,,-1.88604e-05,-2.27696e-06,-0.000144232,fluid
358,-0.198557,-0.0622977,,1000.04,-7.56738e-05,0.568503,,0.0984193,-0.000753658,0.0984222,,-6.71166e-06,-5.63411e-06,-0.000209416,fluid
359,-0.181952,-0.100992,,1000.03,-1.37268e-05,0.542022,,0.0987176,-0.00123993,0.0987254,,-3.06566e-06,8.96038e-06,-0.000372043,fluid
360,-0.157898,-0.135551,,1000.03,-0.000135346,0.502085,,0.0990482,-0.00162496,0.0990615,,-6.37459e-05,-4.16193e-05,0.000876445,fluid
361,-0.12738,-0.164561,,1000.03,7.93785e-05,0.45533,,0.0996965,-0.00175598,0.099712,,3.76009e-05,-7.78951e-06,-0.00168693,fluid
362,-0.0916464,-0.186834,,1000.03,-6.9436e-05,0.402949,,0.0999549,-0.00211753,0.0999774,,0.00013756,0.000193599,-0.0027759,fluid
363,-0.052161,-0.201458,,1000.02,-2.90846e-05,0.352149,,0.100583,-0.0021722,0.100607,,-0.000214694,-0.000234189,0.00417927,fluid
364,-0.0105401,-0.207834,,1000.02,-0.000509652,0.307629,,0.10134,-0.0014729,0.101351,,-5.04096e-06,-0.000152826,-0.000931614,fluid
365,0.0315122,-0.205701,,1000.02,0.00149419,0.258685,,0.101548,-0.00183508,0.101564,,0.000223526,0.000470556,-0.00576339,fluid
366,0.0722745,-0.195147,,1000.01,-0.00171367,0.226979,,0.101864,-0.00166764,0.101877,,-0.000128111,-0.000440393,0.00643183,fluid
367,0.110078,-0.176604,,1000.01,0.00100196,0.225926,,0.102422,-0.000165663,0.102422,,-1.92927e-05,-0.00052251,0.00215902,fluid
368,0.143375,-0.15083,,1000.01,0.00111684,0.147822,,0.102369,-0.000223545,0.102369,,-0.000107505,0.000693433,-0.0176716,fluid
369,0.170802,-0.118881,,1000.01,0.000130445,0.183953,,0.102987,-0.000574237,0.102989,,0.000186376,0.00041028,-0.00161045,fluid
370,0.191236,-0.0820658,,1000.01,0.00134396,0.135999,,0.104045,-1.66421e-05,0.104045,,0.000191515,-0.000132138,0.157265,fluid
371,0.203841,-0.0418904,,1000,-9.90164e-05,0.029078,,0.0904058,0.00256348,0.0904421,,-0.000180791,-7.63041e-05,0.275723,fluid
372,0.229218,0,,1000.01,-0.000382163,0.153378,,0.0783034,2.93456e-17,0.0783034,,-0.000334555,-1.78578e-14,-1.26148e-14,fluid
373,0.224526,0.0461412,,1000.01,-9.60709e-05,0.120609,,0.0919415,-0.00230266,0.0919704,,-0.00027962,0.000181063,-0.231606,fluid
374,0.210642,0.0903934,,1000.01,-0.00135902,0.169135,,0.103864,-1.37548e-05,0.103864,,8.85114e-05,0.000462878,-0.126137,fluid
375,0.188134,0.130945,,1000.01,-0.000111007,0.180972,,0.102419,0.000532579,0.10242,,0.000171831,7.55336e-05,-0.000303919,fluid
376,0.157924,0.166135,,1000.01,-0.00317282,0.146879,,0.102199,0.000691989,0.102201,,-4.18452e-06,-0.000907874,0.0135376,fluid
377,0.121248,0.194524,,1000.01,0.0023304,0.186412,,0.102169,-1.913e-05,0.102169,,5.25764e-05,7.69374e-05,0.00296274,fluid
378,0.0796086,0.21495,,1000.01,-0.00119428,0.233875,,0.101758,0.00117694,0.101765,,-0.000112766,0.000622344,-0.00659107,fluid
379,0.0347099,0.226575,,1000.02,0.000780355,0.248386,,0.101363,0.00179788,0.101379,,9.52071e-05,-0.000317066,0.00291131,fluid
380,-0.0116097,0.228924,,1000.02,0.000156071,0.306426,,0.101183,0.00129215,0.101191,,9.90036e-05,-5.42694e-06,0.00256774,fluid
381,-0.057454,0.221901,,1000.02,-0.000380433,0.347244,,0.10061,0.00184041,0.100627,,-0.000182849,0.000232828,-0.00331675,fluid
382,-0.100946,0.205793,,1000.02,3.18655e-05,0.397574,,0.0999777,0.0018751,0.0999953,,7.4134e-05,-0.000140431,0.00170635,fluid
383,-0.140306,0.18126,,1000.03,-3.63977e-05,0.446948,,0.0997565,0.00154542,0.0997685,,4.68894e-05,-1.10994e-05,0.00160932,fluid
384,-0.173921,0.149306,,1000.03,-0.000132813,0.486873,,0.0992095,0.00141872,0.0992197,,-4.6172e-05,3.75353e-05,-0.000584656,fluid
385,-0.200416,0.11124,,1000.03,-9.46364e-05,0.521696,,0.0989103,0.00108457,0.0989162,,-4.21164e-06,-1.8301e-06,0.000224283,fluid
386,-0.218706,0.0686194,,1000.03,-0.00011365,0.547304,,0.0986478,0.000666957,0.0986501,,-5.35135e-06,9.66289e-06,8.92245e-05,fluid
387,-0.228042,0.0231896,,1000.03,-0.000124987,0.559098,,0.0985393,0.000243721,0.0985396,,-1.40357e-05,2.64177e-06,9.50249e-05,fluid
388,-0.228042,-0.0231896,,1000.03,-0.000124987,0.559098,,0.0985393,-0.000243721,0.0985396,,-1.40357e-05,-2.64177e-06,-9.50249e-05,fluid
389,-0.218706,-0.0686194,,1000.03,-0.00011365,0.547304,,0.0986478,-0.000666957,0.0986501,,-5.35135e-06,-9.66289e-06,-8.92245e-05,fluid
390,-0.200416,-0.11124,,1000.03,-9.46364e-05,0.521696,,0.0989103,-0.00108457,0.0989162,,-4.21164e-06,1.8301e-06,-0.000224283,fluid
391,-0.173921,-0.149306,,1000.03,-0.000132813,0.486873,,0.0992095,-0.00141872,0.0992197,,-4.6172e-05,-3.75353e-05,0.000584656,fluid
392,-0.140306,-0.18126,,1000.03,-3.63977e-05,0.446948,,0.0997565,-0.00154542,0.0997685,,4.68894e-05,1.10994e-05,-0.00160932,fluid
393,-0.100946,-0.205793,,1000.02,3.18655e-05,0.397574,,0.0999777,-0.0018751,0.0999953,,7.4134e-05,0.000140431,-0.00170635,fluid
394,-0.057454,-0.221901,,1000.02,-0.000380433,0.347244,,0.10061,-0.00184041,0.100627,,-0.000182849,-0.000232828,0.00331675,fluid
395,-0.0116097,-0.228924,,1000.02,0.000156071,0.306426,,0.101183,-0.00129215,0.101191,,9.90036e-05,5.42694e-06,-0.00256774,fluid
396,0.0347099,-0.226575,,1000.02,0.000780355,0.248386,,0.101363,-0.00179788,0.101379,,9.52071e-05,0.000317066,-0.00291131,fluid
397,0.0796086,-0.21495,,1000.01,-0.00119428,0.233875,,0.101758,-0.00117694,0.101765,,-0.000112766,-0.000622344,0.00659107,fluid
398,0.121248,-0.194524,,1000.01,0.0023304,0.186412,,0.102169,1.913e-05,0.102169,,5.25764e-05,-7.69374e-05,-0.00296274,fluid
399,0.157924,-0.166135,,1000.01,-0.00317282,0.146879,,0.102199,-0.000691989,0.102201,,-4.18452e-06,0.000907874,-0.0135376,fluid
400,0.188134,-0.130945,,1000.01,-0.000111007,0.180972,,0.102419,-0.000532579,0.10242,,0.000171831,-7.55336e-05,0.000303919,fluid
401,0.210642,-0.0903934,,1000.01,-0.00135902,0.169135,,0.103864,1.37548e-05,0.103864,,8.85114e-05,-0.000462878,0.126137,fluid
402,0.224526,-0.0461412,,1000.01,-9.60709e-05,0.120609,,0.0919415,0.00230266,0.0919704,,-0.00027962,-0.000181063,0.231606,fluid
403,0.25182,0,,1000.01,0.00167325,0.215908,,0.0804911,1.83343e-17,0.0804911,,-0.000323711,-1.198e-14,-1.61412e-14,fluid
404,0.246665,0.0506909,,1000.01,0.00101767,0.212537,,0.0932571,-0.00215174,0.093282,,-0.000319566,0.000151244,-0.193726,fluid
405,0.231412,0.0993066,,1000.02,-0.00118666,0.242347,,0.103758,-0.000199471,0.103759,,6.25264e-06,0.000578644,-0.100114,fluid
406,0.206684,0.143857,,1000.01,0.00157561,0.23623,,0.102049,0.000218875,0.102049,,0.000177362,0.000621656,-0.00323863,fluid
407,0.173495,0.182517,,1000.01,-0.00129625,0.220841,,0.102093,0.00110348,0.102099,,7.91881e-05,-0.0006232,0.00711384,fluid
408,0.133204,0.213705,,1000.01,0.000597964,0.188738,,0.10198,0.000112809,0.10198,,8.22682e-06,-0.000411471,0.00658844,fluid
409,0.0874583,0.236145,,1000.02,-0.000368589,0.244146,,0.10165,0.0007468,0.101653,,-4.63086e-05,0.000600547,-0.00488347,fluid
410,0.0381325,0.248916,,1000.02,-0.000318912,0.255263,,0.101251,0.00168924,0.101265,,-6.75681e-06,-0.000136745,0.000449536,fluid
411,-0.0127545,0.251497,,1000.02,0.000376552,0.310641,,0.101026,0.00118537,0.101032,,0.000128901,-9.5685e-05,0.00307225,fluid
412,-0.0631193,0.243781,,1000.02,-0.000487726,0.350622,,0.100617,0.00157303,0.100629,,-0.000128436,0.00019946,-0.00228994,fluid
413,-0.1109,0.226085,,1000.02,-2.67009e-06,0.391349,,0.100012,0.00165339,0.100026,,2.92805e-05,-9.56884e-05,0.000969792,fluid
414,-0.15414,0.199133,,1000.03,-6.39548e-05,0.439958,,0.0997997,0.00136838,0.0998091,,4.59474e-05,-1.74288e-05,0.00135613,fluid
415,-0.19107,0.164028,,1000.03,-0.000122738,0.47783,,0.099342,0.00125037,0.0993499,,-3.16005e-05,3.5946e-05,-0.000396197,fluid
416,-0.220178,0.122209,,1000.03,-0.000119617,0.507122,,0.0990687,0.000955169,0.0990733,,-4.63757e-06,5.26296e-06,0.000112126,fluid
417,-0.240271,0.0753856,,1000.03,-0.000117534,0.53058,,0.0988369,0.000589844,0.0988386,,-4.69866e-06,1.22333e-05,1.22724e-05,fluid
418,-0.250528,0.0254762,,1000.03,-0.000139426,0.541647,,0.0987389,0.000213671,0.0987391,,-1.04713e-05,3.27772e-06,5.84112e-05,fluid
419,-0.250528,-0.0254762,,1000.03,-0.000139426,0.541647,,0.0987389,-0.000213671,0.0987391,,-1.04713e-05,-3.27772e-06,-5.84112e-05,fluid
420,-0.240271,-0.0753856,,1000.03,-0.000117534,0.53058,,0.0988369,-0.000589844,0.0988386,,-4.69866e-06,-1.22333e-05,-1.22724e-05,fluid
421,-0.220178,-0.122209,,1000.03,-0.000119617,0.507122,,0.0990687,-0.000955169,0.0990733,,-4.63757e-06,-5.26296e-06,-0.000112126,fluid
422,-0.19107,-0.164028,,1000.03,-0.000122738,0.47783,,0.099342,-0.00125037,0.0993499,,-3.16005e-05,-3.5946e-05,0.000396197,fluid
423,-0.15414,-0.199133,,1000.03,-6.39548e-05,0.439958,,0.0997997,-0.00136838,0.0998091,,4.59474e-05,1.74288e-05,-0.00135613,fluid
424,-0.1109,-0.226085,,1000.02,-2.67009e-06,0.391349,,0.100012,-0.00165339,0.100026,,2.92805e-05,9.56884e-05,-0.000969792,fluid
425,-0.0631193,-0.243781,,1000.02,-0.000487726,0.350622,,0.100617,-0.00157303,0.100629,,-0.000128436,-0.00019946,0.00228994,fluid
426,-0.0127545,-0.251497,,1000.02,0.000376552,0.310641,,0.101026,-0.00118537,0.101032,,0.000128901,9.5685e-05,-0.00307225,fluid
427,0.0381325,-0.248916,,1000.02,-0.000318912,0.255263,,0.101251,-0.00168924,0.101265,,-6.75681e-06,0.000136745,-0.000449536,fluid
428,0.0874583,-0.236145,,1000.02,-0.000368589,0.244146,,0.10165,-0.0007468,0.101653,,-4.63086e-05,-0.000600547,0.00488347,fluid
429,0.133204,-0.213705,,1000.01,0.000597964,0.188738,,0.10198,-0.000112809,0.10198,,8.22682e-06,0.000411471,-0.00658844,fluid
430,0.173495,-0.182517,,1000.01,-0.00129625,0.220841,,0.102093,-0.00110348,0.102099,,7.91881e-05,0.0006232,-0.00711384,fluid
431,0.206684,-0.143857,,1000.01,0.00157561,0.23623,,0.102049,-0.000218875,0.102049,,0.000177362,-0.000621656,0.00323863,fluid
432,0.231412,-0.0993066,,1000.02,-0.00118666,0.242347,,0.103758,0.000199471,0.103759,,6.25264e-06,-0.000578644,0.100114,fluid
433,0.246665,-0.0506909,,1000.01,0.00101767,0.212537,,0.0932571,0.00215174,0.093282,,-0.000319566,-0.000151244,0.193726,fluid
434,0.276011,0,,1000,-0.000722589,0.0597321,,0.0820859,-1.57358e-17,0.0820859,,-0.000410208,-5.05116e-15,-1.96747e-14,fluid
435,0.270361,0.0555606,,1000.01,-0.000540863,0.106391,,0.0940496,-0.0020759,0.0940726,,-0.000409112,-5.63353e-05,-0.161173,fluid
436,0.253642,0.108847,,1000.01,0.00050837,0.187494,,0.103509,-0.000377948,0.103509,,-4.31501e-05,0.000361781,-0.0771403,fluid
437,0.22654,0.157676,,1000.01,0.00122189,0.221547,,0.101683,-0.000311092,0.101684,,0.000177856,0.000899739,-0.00399726,fluid
438,0.190162,0.200051,,1000.02,0.00187255,0.251615,,0.101969,0.00120396,0.101976,,3.72862e-05,-0.000165003,0.000396028,fluid
439,0.146,0.234235,,1000.02,-0.000389267,0.247492,,0.101835,0.0004189,0.101836,,1.47672e-05,-0.000582518,0.00769532,fluid
440,0.0958601,0.25883,,1000.02,0.000453388,0.284024,,0.101542,0.000471906,0.101543,,3.2121e-05,0.000445451,-0.00247945,fluid
441,0.0417957,0.272828,,1000.02,-0.000719102,0.287513,,0.101189,0.00153623,0.1012,,-5.32483e-05,1.53494e-05,-0.00107839,fluid
442,-0.0139797,0.275657,,1000.02,0.000331593,0.327319,,0.100893,0.00112041,0.100899,,0.000112783,-0.000127445,0.00284077,fluid
443,-0.0691829,0.2672,,1000.02,-0.000311295,0.366027,,0.100602,0.0013743,0.100611,,-7.76871e-05,0.000155968,-0.00138378,fluid
444,-0.121554,0.247804,,1000.02,-5.62345e-05,0.394891,,0.100053,0.00146731,0.100064,,4.08991e-06,-6.02252e-05,0.000542463,fluid
445,-0.168948,0.218263,,1000.03,-3.74579e-05,0.434034,,0.0998309,0.001217,0.0998383,,3.98601e-05,-1.57989e-05,0.00106473,fluid
446,-0.209426,0.179786,,1000.03,-8.33548e-05,0.469984,,0.0994421,0.00110255,0.0994482,,-2.04612e-05,3.49193e-05,-0.000277841,fluid
447,-0.241329,0.133949,,1000.03,-9.6361e-05,0.496762,,0.0991951,0.000847842,0.0991987,,-3.94825e-06,1.07708e-05,4.03096e-05,fluid
448,-0.263353,0.0826275,,1000.03,-9.70246e-05,0.515764,,0.0989917,0.000524084,0.0989931,,-3.64176e-06,1.27994e-05,-2.54679e-05,fluid
449,-0.274595,0.0279236,,1000.03,-0.00010362,0.526424,,0.0989016,0.000187843,0.0989018,,-7.09824e-06,3.28733e-06,3.36262e-05,fluid
450,-0.274595,-0.0279236,,1000.03,-0.00010362,0.526424,,0.0989016,-0.000187843,0.0989018,,-7.09824e-06,-3.28733e-06,-3.36262e-05,fluid
451,-0.263353,-0.0826275,,1000.03,-9.70246e-05,0.515764,,0.0989917,-0.000524084,0.0989931,,-3.64176e-06,-1.27994e-05,2.54679e-05,fluid
452,-0.241329,-0.133949,,1000.03,-9.6361e-05,0.496762,,0.0991951,-0.000847842,0.0991987,,-3.94825e-06,-1.07708e-05,-4.03096e-05,fluid
453,-0.209426,-0.179786,,1000.03,-8.33548e-05,0.469984,,0.0994421,-0.00110255,0.0994482,,-2.04612e-05,-3.49193e-05,0.000277841,fluid
454,-0.168948,-0.218263,,1000.03,-3.74579e-05,0.434034,,0.0998309,-0.001217,0.0998383,,3.98601e-05,1.57989e-05,-0.00106473,fluid
455,-0.121554,-0.247804,,1000.02,-5.62345e-05,0.394891,,0.100053,-0.00146731,0.100064,,4.08991e-06,6.02252e-05,-0.000542463,fluid
456,-0.0691829,-0.2672,,1000.02,-0.000311295,0.366027,,0.100602,-0.0013743,0.100611,,-7.76871e-05,-0.000155968,0.00138378,fluid
457,-0.0139797,-0.275657,,1000.02,0.000331593,0.327319,,0.100893,-0.00112041,0.100899,,0.000112783,0.000127445,-0.00284077,fluid
458,0.0417957,-0.272828,,1000.02,-0.000719102,0.287513,,0.101189,-0.00153623,0.1012,,-5.32483e-05,-1.53494e-05,0.00107839,fluid
459,0.0958601,-0.25883,,1000.02,0.000453388,0.284024,,0.101542,-0.000471906,0.101543,,3.2121e-05,-0.000445451,0.00247945,fluid
460,0.146,-0.234235,,1000.02,-0.000389267,0.247492,,0.101835,-0.0004189,0.101836,,1.47672e-05,0.000582518,-0.00769532,fluid
461,0.190162,-0.200051,,1000.02,0.00187255,0.251615,,0.101969,-0.00120396,0.101976,,3.72862e-05,0.000165003,-0.000396028,fluid
462,0.22654,-0.157676,,1000.01,0.00122189,0.221547,,0.101683,0.000311092,0.101684,,0.000177856,-0.000899739,0.00399726,fluid
463,0.253642,-0.108847,,1000.01,0.00050837,0.187494,,0.103509,0.000377948,0.103509,,-4.31501e-05,-0.000361781,0.0771403,fluid
464,0.270361,-0.0555606,,1000.01,-0.000540863,0.106391,,0.0940496,0.0020759,0.0940726,,-0.000409112,5.63353e-05,0.161173,fluid
465,0.301903,0,,1000.01,-0.00168498,0.118697,,0.0839683,-4.14462e-16,0.0839683,,-0.000348462,-9.78098e-16,-2.184e-14,fluid
466,0.295723,0.0607727,,1000.01,-0.00164937,0.151324,,0.0950682,-0.00175023,0.0950843,,-0.00036116,-0.000242896,-0.134145,fluid
467,0.277436,0.119057,,1000.01,0.000182741,0.168148,,0.103372,-0.000318317,0.103373,,-0.000180974,-9.25141e-05,-0.0575583,fluid
468,0.247791,0.172468,,1000.01,-0.00196376,0.179054,,0.10138,-0.000849708,0.101384,,0.000157194,0.00080357,-0.00178289,fluid
469,0.208001,0.218817,,1000.01,0.000145045,0.197635,,0.101828,0.000974913,0.101832,,-4.63599e-05,0.000282495,-0.00455692,fluid
470,0.159696,0.256208,,1000.01,-0.000112263,0.238501,,0.101627,0.000626349,0.101629,,-1.36344e-06,-0.00057029,0.00669885,fluid
471,0.104853,0.28311,,1000.02,0.000709135,0.278585,,0.101399,0.000279925,0.101399,,8.38081e-05,0.000250806,-0.000348799,fluid
472,0.0457165,0.298422,,1000.02,-0.000470736,0.289246,,0.101145,0.0013088,0.101154,,-6.18447e-05,0.000112172,-0.00167886,fluid
473,-0.0152911,0.301516,,1000.02,0.000146375,0.320512,,0.100801,0.00103037,0.100806,,8.24084e-05,-0.000124139,0.00228872,fluid
474,-0.0756728,0.292266,,1000.02,-0.000165776,0.361235,,0.100571,0.00119399,0.100578,,-3.85762e-05,0.000111679,-0.00071077,fluid
475,-0.132956,0.27105,,1000.02,-0.000106068,0.392558,,0.100097,0.00129352,0.100105,,-5.67247e-06,-3.38117e-05,0.000324694,fluid
476,-0.184797,0.238738,,1000.03,-7.12401e-05,0.424457,,0.0998726,0.00108635,0.0998785,,3.35921e-05,-1.15197e-05,0.000808507,fluid
477,-0.229072,0.196651,,1000.03,-0.000118632,0.454348,,0.0995362,0.00096919,0.0995409,,-1.18603e-05,3.14258e-05,-0.000194817,fluid
478,-0.263968,0.146514,,1000.03,-0.000127281,0.4807,,0.099311,0.00075233,0.0993139,,-1.91851e-06,1.24954e-05,6.68466e-06,fluid
479,-0.288058,0.0903787,,1000.03,-0.000144263,0.497068,,0.0991342,0.000469722,0.0991354,,-8.29709e-07,1.0765e-05,-2.53446e-05,fluid
480,-0.300354,0.030543,,1000.03,-0.000139588,0.506292,,0.0990513,0.000164741,0.0990514,,-2.64687e-06,2.24979e-06,2.24946e-05,fluid
481,-0.300354,-0.030543,,1000.03,-0.000139588,0.506292,,0.0990513,-0.000164741,0.0990514,,-2.64687e-06,-2.24979e-06,-2.24946e-05,fluid
482,-0.288058,-0.0903787,,1000.03,-0.000144263,0.497068,,0.0991342,-0.000469722,0.0991354,,-8.29709e-07,-1.0765e-05,2.53446e-05,fluid
483,-0.263968,-0.146514,,1000.03,-0.000127281,0.4807,,0.099311,-0.00075233,0.0993139,,-1.91851e-06,-1.24954e-05,-6.68466e-06,fluid
484,-0.229072,-0.196651,,1000.03,-0.000118632,0.454348,,0.0995362,-0.00096919,0.0995409,,-1.18603e-05,-3.14258e-05,0.000194817,fluid
485,-0.184797,-0.238738,,1000.03,-7.12401e-05,0.424457,,0.0998726,-0.00108635,0.0998785,,3.35921e-05,1.15197e-05,-0.000808507,fluid
486,-0.132956,-0.27105,,1000.02,-0.000106068,0.392558,,0.100097,-0.00129352,0.100105,,-5.67247e-06,3.38117e-05,-0.000324694,fluid
487,-0.0756728,-0.292266,,1000.02,-0.000165776,0.361235,,0.100571,-0.00119399,0.100578,,-3.85762e-05,-0.000111679,0.00071077,fluid
488,-0.0152911,-0.301516,,1000.02,0.000146375,0.320512,,0.100801,-0.00103037,0.100806,,8.24084e-05,0.000124139,-0.00228872,fluid
489,0.0457165,-0.298422,,1000.02,-0.000470736,0.289246,,0.101145,-0.0013088,0.101154,,-6.18447e-05,-0.000112172,0.00167886,fluid
490,0.104853,-0.28311,,1000.02,0.000709135,0.278585,,0.101399,-0.000279925,0.101399,,8.38081e-05,-0.000250806,0.000348799,fluid
491,0.159696,-0.256208,,1000.01,-0.000112263,0.238501,,0.101627,-0.000626349,0.101629,,-1.36344e-06,0.00057029,-0.00669885,fluid
492,0.208001,-0.218817,,1000.01,0.000145045,0.197635,,0.101828,-0.000974913,0.101832,,-4.63599e-05,-0.000282495,0.00455692,fluid
493,0.247791,-0.172468,,1000.01,-0.00196376,0.179054,,0.10138,0.000849708,0.101384,,0.000157194,-0.00080357,0.00178289,fluid
494,0.277436,-0.119057,,1000.01,0.000182741,0.168148,,0.103372,0.000318317,0.103373,,-0.000180974,9.25141e-05,0.0575583,fluid
495,0.295723,-0.0607727,,1000.01,-0.00164937,0.151324,,0.0950682,0.00175023,0.0950843,,-0.00036116,0.000242896,0.134145,fluid
496,0.329616,0,,1000.02,0.00131764,0.285494,,0.0857539,-1.05201e-15,0.0857539,,-0.000142505,2.13278e-15,-2.17368e-14,fluid
497,0.322869,0.0663512,,1000.02,0.000551151,0.316245,,0.0960364,-0.00136966,0.0960462,,-0.000129806,-0.000271521,-0.112618,fluid
498,0.302903,0.129986,,1000.02,0.000527067,0.260488,,0.103427,7.1299e-06,0.103427,,-0.000176699,-0.000454447,-0.0424664,fluid
499,0.270537,0.188299,,1000.02,-0.00152322,0.248025,,0.101264,-0.00112019,0.10127,,0.00016878,0.000460319,0.00219105,fluid
500,0.227095,0.238903,,1000.01,-0.00212069,0.219053,,0.101772,0.000616078,0.101774,,-1.75855e-05,0.000532254,-0.00684218,fluid
501,0.174355,0.279727,,1000.01,-0.000428567,0.216195,,0.101484,0.00075339,0.101487,,-4.8781e-05,-0.000436981,0.00463649,fluid
502,0.114477,0.309098,,1000.02,0.00011666,0.251997,,0.101251,0.000178965,0.101251,,9.42089e-05,7.83896e-05,0.00103515,fluid
503,0.049913,0.325815,,1000.02,-0.000379578,0.280046,,0.101086,0.00107919,0.101091,,-4.87205e-05,0.000145943,-0.00166176,fluid
504,-0.0166948,0.329193,,1000.02,-5.08715e-05,0.311486,,0.100736,0.00093512,0.10074,,5.37485e-05,-0.000101513,0.00168993,fluid
505,-0.0826191,0.319094,,1000.02,-0.000194514,0.347281,,0.100533,0.00103361,0.100538,,-1.46412e-05,7.27554e-05,-0.000268798,fluid
506,-0.145161,0.295931,,1000.02,-0.000161773,0.382687,,0.100122,0.00112309,0.100128,,-8.109e-06,-1.62132e-05,0.000204683,fluid
507,-0.20176,0.260652,,1000.03,-0.000127024,0.416919,,0.0999085,0.000971429,0.0999132,,2.74427e-05,-5.14452e-06,0.00059196,fluid
508,-0.250099,0.214703,,1000.03,-0.00017812,0.441635,,0.0996228,0.000859303,0.0996265,,-6.20768e-06,2.69422e-05,-0.000120494,fluid
509,-0.288199,0.159963,,1000.03,-0.000175082,0.464876,,0.0994135,0.000666653,0.0994158,,-1.21061e-06,1.08078e-05,7.96342e-06,fluid
510,-0.3145,0.0986749,,1000.03,-0.000187567,0.48112,,0.099259,0.000419915,0.0992599,,5.50465e-07,7.66313e-06,1.30976e-06,fluid
511,-0.327925,0.0333467,,1000.03,-0.000186624,0.488735,,0.0991839,0.000145434,0.099184,,-1.14633e-07,1.02209e-06,2.3689e-05,fluid
512,-0.327925,-0.0333467,,1000.03,-0.000186624,0.488735,,0.0991839,-0.000145434,0.099184,,-1.14633e-07,-1.02209e-06,-2.3689e-05,fluid
513,-0.3145,-0.0986749,,1000.03,-0.000187567,0.48112,,0.099259,-0.000419915,0.0992599,,5.50465e-07,-7.66313e-06,-1.30976e-06,fluid
514,-0.288199,-0.159963,,1000.03,-0.000175082,0.464876,,0.0994135,-0.000666653,0.0994158,,-1.21061e-06,-1.08078e-05,-7.96342e-06,fluid
515,-0.250099,-0.214703,,1000.03,-0.00017812,0.441635,,0.0996228,-0.000859303,0.0996265,,-6.20768e-06,-2.69422e-05,0.000120494,fluid
516,-0.20176,-0.260652,,1000.03,-0.000127024,0.416919,,0.0999085,-0.000971429,0.0999132,,2.74427e-05,5.14452e-06,-0.00059196,fluid
517,-0.145161,-0.295931,,1000.02,-0.000161773,0.382687,,0.100122,-0.00112309,0.100128,,-8.109e-06,1.62132e-05,-0.000204683,fluid
518,-0.0826191,-0.319094,,1000.02,-0.000194514,0.347281,,0.100533,-0.00103361,0.100538,,-1.46412e-05,-7.27554e-05,0.000268798,fluid
519,-0.0166948,-0.329193,,1000.02,-5.08715e-05,0.311486,,0.100736,-0.00093512,0.10074,,5.37485e-05,0.000101513,-0.00168993,fluid
520,0.049913,-0.325815,,1000.02,-0.000379578,0.280046,,0.101086,-0.00107919,0.101091,,-4.87205e-05,-0.000145943,0.00166176,fluid
521,0.114477,-0.309098,,1000.02,0.00011666,0.251997,,0.101251,-0.000178965,0.101251,,9.42089e-05,-7.83896e-05,-0.00103515,fluid
522,0.174355,-0.279727,,1000.01,-0.000428567,0.216195,,0.101484,-0.00075339,0.101487,,-4.8781e-05,0.000436981,-0.00463649,fluid
523,0.227095,-0.238903,,1000.01,-0.00212069,0.219053,,0.101772,-0.000616078,0.101774,,-1.75855e-05,-0.000532254,0.00684218,fluid
524,0.270537,-0.188299,,1000.02,-0.00152322,0.248025,,0.101264,0.00112019,0.10127,,0.00016878,-0.000460319,-0.00219105,fluid
525,0.302903,-0.129986,,1000.02,0.000527067,0.260488,,0.103427,-7.1299e-06,0.103427,,-0.000176699,0.000454447,0.0424664,fluid
526,0.322869,-0.0663512,,1000.02,0.000551151,0.316245,,0.0960364,0.00136966,0.0960462,,-0.000129806,0.000271521,0.112618,fluid
527,0.359278,0,,1000.01,0.000315768,0.11486,,0.0867296,-1.34849e-15,0.0867296,,-0.000146248,5.66584e-15,-1.92766e-14,fluid
528,0.351923,0.0723221,,1000.01,-0.000180499,0.20361,,0.0962551,-0.00124417,0.0962631,,-2.67964e-05,-0.000205182,-0.0957592,fluid
529,0.330161,0.141683,,1000.01,0.00087238,0.235047,,0.103253,0.000384789,0.103253,,-0.000146579,-0.000614218,-0.0323458,fluid
530,0.294882,0.205244,,1000.02,0.00235289,0.305875,,0.101155,-0.00107796,0.10116,,0.000147428,8.96682e-05,0.00605037,fluid
531,0.24753,0.260402,,1000.02,-0.000710535,0.308543,,0.101714,0.000285581,0.101714,,0.000101166,0.000603962,-0.00678353,fluid
532,0.190045,0.304899,,1000.02,0.000307479,0.267859,,0.101443,0.000826533,0.101447,,-6.03666e-05,-0.000232522,0.00247084,fluid
533,0.124779,0.336913,,1000.02,-0.000236506,0.291417,,0.10115,0.000234697,0.10115,,8.4333e-05,-3.66505e-05,0.00165238,fluid
534,0.0544046,0.355135,,1000.02,-0.000432906,0.310959,,0.101012,0.000931245,0.101016,,-3.26909e-05,0.000143019,-0.00134666,fluid
535,-0.0181971,0.358817,,1000.02,-6.00815e-05,0.33727,,0.100684,0.000880954,0.100688,,3.48988e-05,-6.97499e-05,0.00117882,fluid
536,-0.0900539,0.347809,,1000.02,-0.000199365,0.360687,,0.100497,0.00093149,0.100501,,2.202e-07,4.55139e-05,5.12333e-06,fluid
537,-0.158224,0.322561,,1000.02,-0.000170502,0.384656,,0.100138,0.000984658,0.100142,,-7.54181e-06,-4.64071e-06,0.000146006,fluid
538,-0.219916,0.284108,,1000.03,-0.000128243,0.417351,,0.0999238,0.000870204,0.0999276,,2.0217e-05,6.4817e-07,0.000414332,fluid
539,-0.272605,0.234024,,1000.03,-0.000165931,0.442001,,0.0996852,0.000772072,0.0996882,,-3.26909e-06,2.24177e-05,-4.87564e-05,fluid
540,-0.314133,0.174358,,1000.03,-0.00016884,0.46031,,0.0994929,0.000595415,0.0994947,,-1.76577e-06,7.65481e-06,3.61784e-05,fluid
541,-0.342801,0.107554,,1000.03,-0.00015838,0.475496,,0.0993568,0.000376278,0.0993575,,7.65158e-08,4.38596e-06,3.84006e-05,fluid
542,-0.357434,0.0363475,,1000.03,-0.000161827,0.482473,,0.0992891,0.000129689,0.0992892,,3.668e-08,1.37378e-07,3.10461e-05,fluid
543,-0.357434,-0.0363475,,1000.03,-0.000161827,0.482473,,0.0992891,-0.000129689,0.0992892,,3.668e-08,-1.37378e-07,-3.10461e-05,fluid
544,-0.342801,-0.107554,,1000.03,-0.00015838,0.475496,,0.0993568,-0.000376278,0.0993575,,7.65158e-08,-4.38596e-06,-3.84006e-05,fluid
545,-0.314133,-0.174358,,1000.03,-0.00016884,0.46031,,0.0994929,-0.000595415,0.0994947,,-1.76577e-06,-7.65481e-06,-3.61784e-05,fluid
546,-0.272605,-0.234024,,1000.03,-0.000165931,0.442001,,0.0996852,-0.000772072,0.0996882,,-3.26909e-06,-2.24177e-05,4.87564e-05,fluid
547,-0.219916,-0.284108,,1000.03,-0.000128243,0.417351,,0.0999238,-0.000870204,0.0999276,,2.0217e-05,-6.4817e-07,-0.000414332,fluid
548,-0.158224,-0.322561,,1000.02,-0.000170502,0.384656,,0.100138,-0.000984658,0.100142,,-7.54181e-06,4.64071e-06,-0.000146006,fluid
549,-0.0900539,-0.347809,,1000.02,-0.000199365,0.360687,,0.100497,-0.00093149,0.100501,,2.202e-07,-4.55139e-05,-5.12333e-06,fluid
550,-0.0181971,-0.358817,,1000.02,-6.00815e-05,0.33727,,0.100684,-0.000880954,0.100688,,3.48988e-05,6.97499e-05,-0.00117882,fluid
551,0.0544046,-0.355135,,1000.02,-0.000432906,0.310959,,0.101012,-0.000931245,0.101016,,-3.26909e-05,-0.000143019,0.00134666,fluid
552,0.124779,-0.336913,,1000.02,-0.000236506,0.291417,,0.10115,-0.000234697,0.10115,,8.4333e-05,3.66505e-05,-0.00165238,fluid
553,0.190045,-0.304899,,1000.02,0.000307479,0.267859,,0.101443,-0.000826533,0.101447,,-6.03666e-05,0.000232522,-0.00247084,fluid
554,0.24753,-0.260402,,1000.02,-0.000710535,0.308543,,0.101714,-0.000285581,0.101714,,0.000101166,-0.000603962,0.00678353,fluid
555,0.294882,-0.205244,,1000.02,0.00235289,0.305875,,0.101155,0.00107796,0.10116,,0.000147428,-8.96682e-05,-0.00605037,fluid
556,0.330161,-0.141683,,1000.01,0.00087238,0.235047,,0.103253,-0.000384789,0.103253,,-0.000146579,0.000614218,0.0323458,fluid
557,0.351923,-0.0723221,,1000.01,-0.000180499,0.20361,,0.0962551,0.00124417,0.0962631,,-2.67964e-05,0.000205182,0.0957592,fluid
558,0.391025,0,,1000,-0.00193843,0.0371626,,0.0879058,-1.46089e-15,0.0879058,,-0.000217782,8.22363e-15,-1.44087e-14,fluid
559,0.383021,0.0787127,,1000.01,-0.00283401,0.118404,,0.0965338,-0.0011711,0.0965409,,1.06582e-05,-4.29612e-05,-0.0823897,fluid
560,0.359335,0.154203,,1000.01,-0.00108223,0.159114,,0.103028,0.000706142,0.103031,,-0.000149653,-0.000558072,-0.0266104,fluid
561,0.320939,0.22338,,1000.01,0.00213719,0.211794,,0.100961,-0.000918461,0.100965,,1.15513e-05,-0.000242531,0.00854518,fluid
562,0.269403,0.283412,,1000.02,0.000297803,0.28625,,0.101512,-5.64007e-05,0.101512,,0.000175713,0.000516511,-0.00526133,fluid
563,0.206838,0.331841,,1000.02,0.000990852,0.283378,,0.101368,0.000765122,0.101371,,-5.48855e-05,-6.75081e-05,0.000786317,fluid
564,0.135805,0.366684,,1000.02,0.000278084,0.321091,,0.101059,0.000269661,0.10106,,7.58627e-05,-7.08601e-05,0.0017349,fluid
565,0.059212,0.386516,,1000.02,-0.000348936,0.324122,,0.100953,0.000785423,0.100957,,-1.26214e-05,0.000121311,-0.000921894,fluid
566,-0.0198051,0.390523,,1000.02,3.2237e-05,0.346773,,0.100641,0.000802874,0.100645,,1.93374e-05,-4.07711e-05,0.000805476,fluid
567,-0.0980114,0.378542,,1000.02,-0.000123804,0.371978,,0.100466,0.000845623,0.10047,,9.28006e-06,2.81947e-05,0.000161955,fluid
568,-0.172205,0.351064,,1000.02,-0.000145744,0.388919,,0.100168,0.000875133,0.100172,,-3.68432e-06,1.96769e-06,0.000147898,fluid
569,-0.239349,0.309213,,1000.03,-0.000135113,0.411672,,0.0999476,0.000777876,0.0999506,,1.39334e-05,2.96718e-06,0.000301689,fluid
570,-0.296693,0.254703,,1000.03,-0.000145628,0.436553,,0.0997396,0.000689407,0.099742,,-1.3907e-06,1.63813e-05,2.27177e-05,fluid
571,-0.341891,0.189765,,1000.03,-0.000167555,0.453252,,0.0995666,0.00053288,0.0995681,,-1.02846e-06,3.8962e-06,7.98689e-05,fluid
572,-0.373092,0.117058,,1000.03,-0.000150513,0.465716,,0.0994464,0.000335106,0.099447,,5.99417e-07,1.14633e-06,7.4568e-05,fluid
573,-0.389019,0.0395593,,1000.03,-0.000151102,0.472616,,0.099385,0.00011422,0.0993851,,7.02265e-07,-6.09099e-07,3.805e-05,fluid
574,-0.389019,-0.0395593,,1000.03,-0.000151102,0.472616,,0.099385,-0.00011422,0.0993851,,7.02265e-07,6.09099e-07,-3.805e-05,fluid
575,-0.373092,-0.117058,,1000.03,-0.000150513,0.465716,,0.0994464,-0.000335106,0.099447,,5.99417e-07,-1.14633e-06,-7.4568e-05,fluid
576,-0.341891,-0.189765,,1000.03,-0.000167555,0.453252,,0.0995666,-0.00053288,0.0995681,,-1.02846e-06,-3.8962e-06,-7.98689e-05,fluid
577,-0.296693,-0.254703,,1000.03,-0.000145628,0.436553,,0.0997396,-0.000689407,0.099742,,-1.3907e-06,-1.63813e-05,-2.27177e-05,fluid
578,-0.239349,-0.309213,,1000.03,-0.000135113,0.411672,,0.0999476,-0.000777876,0.0999506,,1.39334e-05,-2.96718e-06,-0.000301689,fluid
579,-0.172205,-0.351064,,1000.02,-0.000145744,0.388919,,0.100168,-0.000875133,0.100172,,-3.68432e-06,-1.96769e-06,-0.000147898,fluid
580,-0.0980114,-0.378542,,1000.02,-0.000123804,0.371978,,0.100466,-0.000845623,0.10047,,9.28006e-06,-2.81947e-05,-0.000161955,fluid
581,-0.0198051,-0.390523,,1000.02,3.2237e-05,0.346773,,0.100641,-0.000802874,0.100645,,1.93374e-05,4.07711e-05,-0.000805476,fluid
582,0.059212,-0.386516,,1000.02,-0.000348936,0.324122,,0.100953,-0.000785423,0.100957,,-1.26214e-05,-0.000121311,0.000921894,fluid
583,0.135805,-0.366684,,1000.02,0.000278084,0.321091,,0.101059,-0.000269661,0.10106,,7.58627e-05,7.08601e-05,-0.0017349,fluid
584,0.206838,-0.331841,,1000.02,0.000990852,0.283378,,0.101368,-0.000765122,0.101371,,-5.48855e-05,6.75081e-05,-0.000786317,fluid
585,0.269403,-0.283412,,1000.02,0.000297803,0.28625,,0.101512,5.64007e-05,0.101512,,0.000175713,-0.000516511,0.00526133,fluid
586,0.320939,-0.22338,,1000.01,0.00213719,0.211794,,0.100961,0.000918461,0.100965,,1.15513e-05,0.000242531,-0.00854518,fluid
587,0.359335,-0.154203,,1000.01,-0.00108223,0.159114,,0.103028,-0.000706142,0.103031,,-0.000149653,0.000558072,0.0266104,fluid
588,0.383021,-0.0787127,,1000.01,-0.00283401,0.118404,,0.0965338,0.0011711,0.0965409,,1.06582e-05,4.29612e-05,0.0823897,fluid
589,0.425005,0,,1000.02,0.00172488,0.309962,,0.0895953,-1.7622e-15,0.0895953,,-0.000158976,8.09759e-15,-8.02125e-15,fluid
590,0.416305,0.0855528,,1000.02,8.60036e-05,0.34867,,0.0972594,-0.00108849,0.0972655,,0.00017811,0.000199928,-0.0712743,fluid
591,0.390561,0.167603,,1000.02,-0.00117836,0.246238,,0.102981,0.000883404,0.102985,,-8.68362e-05,-0.000327442,-0.0238913,fluid
592,0.348828,0.242792,,1000.01,-0.00160028,0.165815,,0.100988,-0.000640853,0.10099,,-0.000132855,-0.000464193,0.00930302,fluid
593,0.292814,0.30804,,1000.01,-0.00105986,0.214004,,0.101284,-0.000331386,0.101284,,0.000179361,0.000328573,-0.0031854,fluid
594,0.224812,0.360678,,1000.01,-0.000468745,0.226608,,0.101249,0.000586187,0.101251,,-6.10749e-05,3.2254e-05,-0.000220712,fluid
595,0.147606,0.398549,,1000.02,0.000429462,0.276982,,0.100974,0.000225358,0.100975,,5.25666e-05,-7.60966e-05,0.00153257,fluid
596,0.0643575,0.420104,,1000.02,-0.000344375,0.28891,,0.100895,0.000606674,0.100897,,6.54346e-06,8.87129e-05,-0.00052131,fluid
597,-0.0215261,0.424459,,1000.02,-5.51737e-05,0.314417,,0.10061,0.000672522,0.100612,,9.96726e-06,-2.26185e-05,0.000563744,fluid
598,-0.106528,0.411437,,1000.02,-0.000143092,0.34908,,0.10043,0.000728319,0.100432,,1.19216e-05,1.62512e-05,0.000230145,fluid
599,-0.18717,0.381571,,1000.02,-0.000159095,0.378108,,0.100193,0.000763918,0.100196,,7.18553e-07,4.77603e-06,0.000171329,fluid
600,-0.260148,0.336083,,1000.02,-0.000187884,0.397236,,0.0999869,0.000692161,0.0999893,,1.00047e-05,3.44811e-06,0.000252986,fluid
601,-0.322476,0.276836,,1000.03,-0.000180155,0.41803,,0.0997981,0.000604936,0.0998,,-2.4022e-07,9.98117e-06,9.06347e-05,fluid
602,-0.371601,0.206256,,1000.03,-0.000200802,0.435936,,0.0996414,0.000468773,0.0996425,,-1.11717e-07,9.90943e-07,0.000119645,fluid
603,-0.405514,0.127231,,1000.03,-0.000196817,0.446718,,0.0995362,0.000294203,0.0995366,,1.38151e-06,-7.5163e-07,9.95357e-05,fluid
604,-0.422824,0.042997,,1000.03,-0.000194308,0.453149,,0.0994806,9.82197e-05,0.0994807,,1.22424e-06,-1.06226e-06,4.08371e-05,fluid
605,-0.422824,-0.042997,,1000.03,-0.000194308,0.453149,,0.0994806,-9.82197e-05,0.0994807,,1.22424e-06,1.06226e-06,-4.08371e-05,fluid
606,-0.405514,-0.127231,,1000.03,-0.000196817,0.446718,,0.0995362,-0.000294203,0.0995366,,1.38151e-06,7.5163e-07,-9.95357e-05,fluid
607,-0.371601,-0.206256,,1000.03,-0.000200802,0.435936,,0.0996414,-0.000468773,0.0996425,,-1.11717e-07,-9.90943e-07,-0.000119645,fluid
608,-0.322476,-0.276836,,1000.03,-0.000180155,0.41803,,0.0997981,-0.000604936,0.0998,,-2.4022e-07,-9.98117e-06,-9.06347e-05,fluid
609,-0.260148,-0.336083,,1000.02,-0.000187884,0.397236,,0.0999869,-0.000692161,0.0999893,,1.00047e-05,-3.44811e-06,-0.000252986,fluid
610,-0.18717,-0.381571,,1000.02,-0.000159095,0.378108,,0.100193,-0.000763918,0.100196,,7.18553e-07,-4.77603e-06,-0.000171329,fluid
611,-0.106528,-0.411437,,1000.02,-0.000143092,0.34908,,0.10043,-0.000728319,0.100432,,1.19216e-05,-1.62512e-05,-0.000230145,fluid
612,-0.0215261,-0.424459,,1000.02,-5.51737e-05,0.314417,,0.10061,-0.000672522,0.100612,,9.96726e-06,2.26185e-05,-0.000563744,fluid
613,0.0643575,-0.420104,,1000.02,-0.000344375,0.28891,,0.100895,-0.000606674,0.100897,,6.54346e-06,-8.87129e-05,0.00052131,fluid
614,0.147606,-0.398549,,1000.02,0.000429462,0.276982,,0.100974,-0.000225358,0.100975,,5.25666e-05,7.60966e-05,-0.00153257,fluid
615,0.224812,-0.360678,,1000.01,-0.000468745,0.226608,,0.101249,-0.000586187,0.101251,,-6.10749e-05,-3.2254e-05,0.000220712,fluid
616,0.292814,-0.30804,,1000.01,-0.00105986,0.214004,,0.101284,0.000331386,0.101284,,0.000179361,-0.000328573,0.0031854,fluid
617,0.348828,-0.242792,,1000.01,-0.00160028,0.165815,,0.100988,0.000640853,0.10099,,-0.000132855,0.000464193,-0.00930302,fluid
618,0.390561,-0.167603,,1000.02,-0.00117836,0.246238,,0.102981,-0.000883404,0.102985,,-8.68362e-05,0.000327442,0.0238913,fluid
619,0.416305,-0.0855528,,1000.02,8.60036e-05,0.34867,,0.0972594,0.00108849,0.0972655,,0.00017811,-0.000199928,0.0712743,fluid
620,0.461373,0,,1000.02,0.00205426,0.248117,,0.0905752,-1.87833e-15,0.0905752,,-0.000318696,5.82026e-15,-1.94313e-15,fluid
621,0.451929,0.0928738,,1000.02,0.00201046,0.346694,,0.0973906,-0.00126605,0.0973988,,0.000187296,0.000362912,-0.0612228,fluid
622,0.423983,0.181945,,1000.02,0.000934168,0.312794,,0.102865,0.000856037,0.102868,,2.10692e-05,-1.63196e-05,-0.0225761,fluid
623,0.378678,0.263568,,1000.02,-0.000611861,0.288155,,0.101191,-0.00026957,0.101191,,-9.61371e-05,-0.000446777,0.00851452,fluid
624,0.317871,0.3344,,1000.02,-0.000654237,0.285754,,0.101214,-0.000370311,0.101215,,0.000161644,0.000156495,-0.00129962,fluid
625,0.24405,0.391542,,1000.02,-0.00166226,0.249667,,0.101199,0.000457617,0.1012,,-4.03795e-05,7.48909e-05,-0.000647413,fluid
626,0.160237,0.432654,,1000.02,-0.000194387,0.273419,,0.100907,0.000230025,0.100907,,2.56788e-05,-7.24054e-05,0.00120685,fluid
627,0.0698648,0.456053,,1000.02,-0.00039842,0.301306,,0.100811,0.000523119,0.100812,,1.59599e-05,6.06166e-05,-0.0002446,fluid
628,-0.0233682,0.460781,,1000.02,-0.000223224,0.321507,,0.100582,0.000597558,0.100584,,6.78028e-06,-1.12347e-05,0.000419331,fluid
629,-0.115644,0.446645,,1000.02,-0.000247625,0.342734,,0.100394,0.00063821,0.100396,,1.06568e-05,8.75939e-06,0.000257381,fluid
630,-0.203186,0.414223,,1000.02,-0.000199481,0.373499,,0.100186,0.000664041,0.100188,,1.66793e-06,5.00868e-06,0.000183365,fluid
631,-0.282409,0.364843,,1000.02,-0.00022248,0.397185,,0.100004,0.000621594,0.100006,,6.92481e-06,3.92955e-06,0.000230299,fluid
632,-0.350071,0.300526,,1000.03,-0.00021638,0.413255,,0.0998381,0.000536674,0.0998396,,9.34792e-08,5.46265e-06,0.000143947,fluid
633,-0.4034,0.223905,,1000.03,-0.000212407,0.429747,,0.0996942,0.000411381,0.099695,,-6.1177e-07,-4.40597e-07,0.000141204,fluid
634,-0.440215,0.138118,,1000.03,-0.000214172,0.440634,,0.0996019,0.000260804,0.0996022,,7.1023e-07,-8.01296e-07,0.000108469,fluid
635,-0.459006,0.0466764,,1000.03,-0.000211862,0.446122,,0.0995519,8.58607e-05,0.0995519,,1.44228e-07,-9.83946e-07,3.96266e-05,fluid
636,-0.459006,-0.0466764,,1000.03,-0.000211862,0.446122,,0.0995519,-8.58607e-05,0.0995519,,1.44228e-07,9.83946e-07,-3.96266e-05,fluid
637,-0.440215,-0.138118,,1000.03,-0.000214172,0.440634,,0.0996019,-0.000260804,0.0996022,,7.1023e-07,8.01296e-07,-0.000108469,fluid
638,-0.4034,-0.223905,,1000.03,-0.000212407,0.429747,,0.0996942,-0.000411381,0.099695,,-6.1177e-07,4.40597e-07,-0.000141204,fluid
639,-0.350071,-0.300526,,1000.03,-0.00021638,0.413255,,0.0998381,-0.000536674,0.0998396,,9.34792e-08,-5.46265e-06,-0.000143947,fluid
640,-0.282409,-0.364843,,1000.02,-0.00022248,0.397185,,0.100004,-0.000621594,0.100006,,6.92481e-06,-3.92955e-06,-0.000230299,fluid
641,-0.203186,-0.414223,,1000.02,-0.000199481,0.373499,,0.100186,-0.000664041,0.100188,,1.66793e-06,-5.00868e-06,-0.000183365,fluid
642,-0.115644,-0.446645,,1000.02,-0.000247625,0.342734,,0.100394,-0.00063821,0.100396,,1.06568e-05,-8.75939e-06,-0.000257381,fluid
643,-0.0233682,-0.460781,,1000.02,-0.000223224,0.321507,,0.100582,-0.000597558,0.100584,,6.78028e-06,1.12347e-05,-0.000419331,fluid
644,0.0698648,-0.456053,,1000.02,-0.00039842,0.301306,,0.100811,-0.000523119,0.100812,,1.59599e-05,-6.06166e-05,0.0002446,fluid
645,0.160237,-0.432654,,1000.02,-0.000194387,0.273419,,0.100907,-0.000230025,0.100907,,2.56788e-05,7.24054e-05,-0.00120685,fluid
646,0.24405,-0.391542,,1000.02,-0.00166226,0.249667,,0.101199,-0.000457617,0.1012,,-4.03795e-05,-7.48909e-05,0.000647413,fluid
647,0.317871,-0.3344,,1000.02,-0.000654237,0.285754,,0.101214,0.000370311,0.101215,,0.000161644,-0.000156495,0.00129962,fluid
648,0.378678,-0.263568,,1000.02,-0.000611861,0.288155,,0.101191,0.00026957,0.101191,,-9.61371e-05,0.000446777,-0.00851452,fluid
649,0.423983,-0.181945,,1000.02,0.000934168,0.312794,,0.102865,-0.000856037,0.102868,,2.10692e-05,1.63196e-05,0.0225761,fluid
650,0.451929,-0.0928738,,1000.02,0.00201046,0.346694,,0.0973906,0.00126605,0.0973988,,0.000187296,-0.000362912,0.0612228,fluid
651,0.5003,0,,999.996,-0.00414108,-0.0628359,,0.0912844,-1.59835e-15,0.0912844,,-0.000659575,3.452e-15,2.40463e-15,fluid
652,0.490059,0.10071,,1000,-0.00131598,0.0754008,,0.0972157,-0.00156845,0.0972283,,4.00262e-05,0.000391368,-0.0515171,fluid
653,0.459754,0.197296,,1000.01,-8.56515e-05,0.20288,,0.102508,0.000610214,0.10251,,8.29613e-05,0.000245069,-0.0213421,fluid
654,0.410628,0.285805,,1000.02,0.00190268,0.31334,,0.101185,-2.20313e-05,0.101185,,-8.2287e-05,-0.000334777,0.00673936,fluid
655,0.34469,0.362614,,1000.02,0.00167151,0.364422,,0.101136,-0.000320652,0.101137,,0.000158497,6.37926e-05,-7.6085e-06,fluid
656,0.264641,0.424576,,1000.02,-0.000452237,0.332697,,0.101163,0.00038865,0.101163,,1.65992e-05,9.94805e-05,-0.000716714,fluid
657,0.173757,0.469157,,1000.02,-0.000203522,0.334232,,0.100859,0.000292085,0.10086,,1.72491e-05,-4.36081e-05,0.0008785,fluid
658,0.0757593,0.49453,,1000.02,-0.000224655,0.355549,,0.100734,0.000512281,0.100735,,1.60713e-05,4.48403e-05,-7.63577e-05,fluid
659,-0.0253398,0.499658,,1000.02,-0.000181802,0.366934,,0.100553,0.000580384,0.100555,,7.00221e-06,-2.02307e-06,0.000340365,fluid
660,-0.125401,0.484329,,1000.02,-0.000245657,0.371541,,0.100376,0.000601317,0.100378,,1.07932e-05,5.54114e-06,0.000288818,fluid
661,-0.220329,0.449171,,1000.02,-0.000212399,0.383485,,0.100177,0.000593985,0.100179,,1.67808e-06,3.59257e-06,0.000204982,fluid
662,-0.306236,0.395625,,1000.03,-0.000207516,0.405964,,0.100002,0.000558869,0.100004,,3.75462e-06,3.34485e-06,0.000216407,fluid
663,-0.379606,0.325881,,1000.03,-0.00021749,0.421944,,0.0998596,0.000484505,0.0998608,,8.56246e-07,2.68013e-06,0.000179778,fluid
664,-0.437435,0.242796,,1000.03,-0.000202966,0.434337,,0.0997296,0.000365717,0.0997303,,-5.64155e-07,-1.15762e-06,0.000149812,fluid
665,-0.477356,0.149771,,1000.03,-0.000198934,0.44501,,0.0996463,0.000232554,0.0996465,,3.09668e-07,-4.67046e-07,0.00010643,fluid
666,-0.497733,0.0506145,,1000.03,-0.000198826,0.44962,,0.099602,7.69044e-05,0.099602,,-4.14316e-07,-6.33834e-07,3.72791e-05,fluid
667,-0.497733,-0.0506145,,1000.03,-0.000198826,0.44962,,0.099602,-7.69044e-05,0.099602,,-4.14316e-07,6.33834e-07,-3.72791e-05,fluid
668,-0.477356,-0.149771,,1000.03,-0.000198934,0.44501,,0.0996463,-0.000232554,0.0996465,,3.09668e-07,4.67046e-07,-0.00010643,fluid
669,-0.437435,-0.242796,,1000.03,-0.000202966,0.434337,,0.0997296,-0.000365717,0.0997303,,-5.64155e-07,1.15762e-06,-0.000149812,fluid
670,-0.379606,-0.325881,,1000.03,-0.00021749,0.421944,,0.0998596,-0.000484505,0.0998608,,8.56246e-07,-2.68013e-06,-0.000179778,fluid
671,-0.306236,-0.395625,,1000.03,-0.000207516,0.405964,,0.100002,-0.000558869,0.100004,,3.75462e-06,-3.34485e-06,-0.000216407,fluid
672,-0.220329,-0.449171,,1000.02,-0.000212399,0.383485,,0.100177,-0.000593985,0.100179,,1.67808e-06,-3.59257e-06,-0.000204982,fluid
673,-0.125401,-0.484329,,1000.02,-0.000245657,0.371541,,0.100376,-0.000601317,0.100378,,1.07932e-05,-5.54114e-06,-0.000288818,fluid
674,-0.0253398,-0.499658,,1000.02,-0.000181802,0.366934,,0.100553,-0.000580384,0.100555,,7.00221e-06,2.02307e-06,-0.000340365,fluid
675,0.0757593,-0.49453,,1000.02,-0.000224655,0.355549,,0.100734,-0.000512281,0.100735,,1.60713e-05,-4.48403e-05,7.63577e-05,fluid
676,0.173757,-0.469157,,1000.02,-0.000203522,0.334232,,0.100859,-0.000292085,0.10086,,1.72491e-05,4.36081e-05,-0.0008785,fluid
677,0.264641,-0.424576,,1000.02,-0.000452237,0.332697,,0.101163,-0.00038865,0.101163,,1.65992e-05,-9.94805e-05,0.000716714,fluid
678,0.34469,-0.362614,,1000.02,0.00167151,0.364422,,0.101136,0.000320652,0.101137,,0.000158497,-6.37926e-05,7.6085e-06,fluid
679,0.410628,-0.285805,,1000.02,0.00190268,0.31334,,0.101185,2.20313e-05,0.101185,,-8.2287e-05,0.000334777,-0.00673936,fluid
680,0.459754,-0.197296,,1000.01,-8.56515e-05,0.20288,,0.102508,-0.000610214,0.10251,,8.29613e-05,-0.000245069,0.0213421,fluid
681,0.490059,-0.10071,,1000,-0.00131598,0.0754008,,0.0972157,0.00156845,0.0972283,,4.00262e-05,-0.000391368,0.0515171,fluid
682,0.541963,0,,1000.01,-0.00215329,0.19063,,0.093005,-1.03332e-15,0.093005,,-0.000670776,2.50177e-15,4.9451e-15,fluid
683,0.530869,0.109096,,1000.01,-0.00125887,0.196831,,0.097815,-0.00169416,0.0978296,,-1.55531e-05,0.000340259,-0.0421423,fluid
684,0.498041,0.213726,,1000.01,-0.00277806,0.175125,,0.102242,0.000230547,0.102242,,0.000124872,0.000367891,-0.0195334,fluid
685,0.444824,0.309606,,1000.01,-0.000870488,0.180145,,0.101085,2.88432e-05,0.101085,,-0.000160276,-0.000227682,0.00468341,fluid
686,0.373395,0.392811,,1000.02,0.000907308,0.259079,,0.100933,-0.000364374,0.100933,,9.00659e-05,-1.0122e-05,0.000683686,fluid
687,0.286679,0.459934,,1000.02,0.0005263,0.300377,,0.101035,0.000232899,0.101036,,4.32326e-05,9.57425e-05,-0.000610773,fluid
688,0.188227,0.508227,,1000.02,0.000151821,0.319684,,0.100811,0.000231845,0.100811,,1.58536e-05,-2.63677e-05,0.000630468,fluid
689,0.0820683,0.535713,,1000.02,-8.87461e-05,0.327308,,0.100695,0.000400937,0.100696,,1.7537e-05,3.21582e-05,4.97963e-05,fluid
690,-0.02745,0.541267,,1000.02,-9.35702e-05,0.345452,,0.100517,0.000486136,0.100518,,7.05225e-06,3.18431e-06,0.000298704,fluid
691,-0.135844,0.524662,,1000.02,-0.000161426,0.36768,,0.100363,0.000533575,0.100365,,1.12474e-05,4.64605e-06,0.000319556,fluid
692,-0.238677,0.486577,,1000.02,-0.000205426,0.376545,,0.100199,0.000525002,0.1002,,4.05699e-06,2.10304e-06,0.000253762,fluid
693,-0.331739,0.428571,,1000.02,-0.000190626,0.39161,,0.100022,0.000484622,0.100023,,1.86543e-06,1.82167e-06,0.00022127,fluid
694,-0.411219,0.35302,,1000.03,-0.000210473,0.409995,,0.0998948,0.000424694,0.0998957,,1.85519e-06,9.69284e-07,0.000204309,fluid
695,-0.473864,0.263016,,1000.03,-0.0002102,0.420757,,0.0997816,0.000320695,0.0997821,,5.41256e-07,-1.2643e-06,0.000157178,fluid
696,-0.517108,0.162244,,1000.03,-0.00020866,0.430197,,0.099705,0.00020305,0.0997052,,9.45043e-07,-2.69644e-07,0.000102599,fluid
697,-0.539182,0.0548295,,1000.03,-0.00020974,0.434535,,0.0996661,6.7752e-05,0.0996661,,2.42455e-07,-4.32098e-07,3.59875e-05,fluid
698,-0.539182,-0.0548295,,1000.03,-0.00020974,0.434535,,0.0996661,-6.7752e-05,0.0996661,,2.42455e-07,4.32098e-07,-3.59875e-05,fluid
699,-0.517108,-0.162244,,1000.03,-0.00020866,0.430197,,0.099705,-0.00020305,0.0997052,,9.45043e-07,2.69644e-07,-0.000102599,fluid
700,-0.473864,-0.263016,,1000.03,-0.0002102,0.420757,,0.0997816,-0.000320695,0.0997821,,5.41256e-07,1.2643e-06,-0.000157178,fluid
701,-0.411219,-0.35302,,1000.03,-0.000210473,0.409995,,0.0998948,-0.000424694,0.0998957,,1.85519e-06,-9.69284e-07,-0.000204309,fluid
702,-0.331739,-0.428571,,1000.02,-0.000190626,0.39161,,0.100022,-0.000484622,0.100023,,1.86543e-06,-1.82167e-06,-0.00022127,fluid
703,-0.238677,-0.486577,,1000.02,-0.000205426,0.376545,,0.100199,-0.000525002,0.1002,,4.05699e-06,-2.10304e-06,-0.000253762,fluid
704,-0.135844,-0.524662,,1000.02,-0.000161426,0.36768,,0.100363,-0.000533575,0.100365,,1.12474e-05,-4.64605e-06,-0.000319556,fluid
705,-0.02745,-0.541267,,1000.02,-9.35702e-05,0.345452,,0.100517,-0.000486136,0.100518,,7.05225e-06,-3.18431e-06,-0.000298704,fluid
706,0.0820683,-0.535713,,1000.02,-8.87461e-05,0.327308,,0.100695,-0.000400937,0.100696,,1.7537e-05,-3.21582e-05,-4.97963e-05,fluid
707,0.188227,-0.508227,,1000.02,0.000151821,0.319684,,0.100811,-0.000231845,0.100811,,1.58536e-05,2.63677e-05,-0.000630468,fluid
708,0.286679,-0.459934,,1000.02,0.0005263,0.300377,,0.101035,-0.000232899,0.101036,,4.32326e-05,-9.57425e-05,0.000610773,fluid
709,0.373395,-0.392811,,1000.02,0.000907308,0.259079,,0.100933,0.000364374,0.100933,,9.00659e-05,1.0122e-05,-0.000683686,fluid
710,0.444824,-0.309606,,1000.01,-0.000870488,0.180145,,0.101085,-2.88432e-05,0.101085,,-0.000160276,0.000227682,-0.00468341,fluid
711,0.498041,-0.213726,,1000.01,-0.00277806,0.175125,,0.102242,-0.000230547,0.102242,,0.000124872,-0.000367891,0.0195334,fluid
712,0.530869,-0.109096,,1000.01,-0.00125887,0.196831,,0.097815,0.00169416,0.0978296,,-1.55531e-05,-0.000340259,0.0421423,fluid
713,0.586556,0,,1000.03,0.00464713,0.508181,,0.0945988,-4.51997e-16,0.0945988,,-0.000571107,3.06569e-15,6.05887e-15,fluid
714,0.574549,0.118073,,1000.03,0.00293568,0.472391,,0.0985207,-0.00172153,0.0985357,,4.77968e-05,0.000258973,-0.0334376,fluid
715,0.53902,0.231312,,1000.02,-0.00150853,0.322887,,0.102147,-0.000127892,0.102147,,0.000232813,0.000397293,-0.0171431,fluid
716,0.481424,0.335081,,1000.01,-0.0029333,0.194488,,0.101183,1.71809e-05,0.101183,,-0.000140069,-0.000113016,0.00282871,fluid
717,0.404118,0.425132,,1000.01,-0.00216838,0.179439,,0.100827,-0.000387834,0.100827,,2.51112e-06,-8.18903e-05,0.000949468,fluid
718,0.310267,0.497777,,1000.01,-0.000562328,0.227466,,0.1009,7.80682e-05,0.1009,,2.66304e-05,6.19071e-05,-0.000443657,fluid
719,0.203714,0.550044,,1000.02,-0.000128756,0.257564,,0.100757,0.000120418,0.100757,,1.0862e-05,-2.10959e-05,0.000449991,fluid
720,0.0888209,0.579792,,1000.02,-0.000269587,0.265599,,0.100651,0.000248666,0.100652,,1.82582e-05,1.7724e-05,0.000122914,fluid
721,-0.0297086,0.585803,,1000.02,-0.000210198,0.292777,,0.100474,0.000350733,0.100475,,4.48741e-06,2.85295e-06,0.000264615,fluid
722,-0.147022,0.567832,,1000.02,-0.000171646,0.331328,,0.100325,0.000426717,0.100326,,7.20153e-06,3.00939e-06,0.000326689,fluid
723,-0.258316,0.526613,,1000.02,-0.000217489,0.359856,,0.100208,0.00044676,0.100209,,5.83949e-06,1.13577e-06,0.00030044,fluid
724,-0.359035,0.463834,,1000.02,-0.00020654,0.372049,,0.100052,0.000413448,0.100053,,1.38179e-06,1.0846e-06,0.000238836,fluid
725,-0.445054,0.382067,,1000.02,-0.000214965,0.389099,,0.0999311,0.000359819,0.0999317,,1.77816e-06,3.91406e-07,0.000216936,fluid
726,-0.512853,0.284657,,1000.03,-0.000220156,0.401246,,0.0998339,0.0002746,0.0998343,,7.14821e-07,-4.82542e-07,0.000160928,fluid
727,-0.559656,0.175593,,1000.03,-0.000228687,0.409484,,0.0997651,0.000172907,0.0997652,,7.2849e-07,1.95163e-07,9.78812e-05,fluid
728,-0.583547,0.0593409,,1000.03,-0.000229381,0.4139,,0.0997309,5.7988e-05,0.0997309,,7.4092e-08,-1.95661e-07,3.47279e-05,fluid
729,-0.583547,-0.0593409,,1000.03,-0.000229381,0.4139,,0.0997309,-5.7988e-05,0.0997309,,7.4092e-08,1.95661e-07,-3.47279e-05,fluid
730,-0.559656,-0.175593,,1000.03,-0.000228687,0.409484,,0.0997651,-0.000172907,0.0997652,,7.2849e-07,-1.95163e-07,-9.78812e-05,fluid
731,-0.512853,-0.284657,,1000.03,-0.000220156,0.401246,,0.0998339,-0.0002746,0.0998343,,7.14821e-07,4.82542e-07,-0.000160928,fluid
732,-0.445054,-0.382067,,1000.02,-0.000214965,0.389099,,0.0999311,-0.000359819,0.0999317,,1.77816e-06,-3.91406e-07,-0.000216936,fluid
733,-0.359035,-0.463834,,1000.02,-0.00020654,0.372049,,0.100052,-0.000413448,0.100053,,1.38179e-06,-1.0846e-06,-0.000238836,fluid
734,-0.258316,-0.526613,,1000.02,-0.000217489,0.359856,,0.100208,-0.00044676,0.100209,,5.83949e-06,-1.13577e-06,-0.00030044,fluid
735,-0.147022,-0.567832,,1000.02,-0.000171646,0.331328,,0.100325,-0.000426717,0.100326,,7.20153e-06,-3.00939e-06,-0.000326689,fluid
736,-0.0297086,-0.585803,,1000.02,-0.000210198,0.292777,,0.100474,-0.000350733,0.100475,,4.48741e-06,-2.85295e-06,-0.000264615,fluid
737,0.0888209,-0.579792,,1000.02,-0.000269587,0.265599,,0.100651,-0.000248666,0.100652,,1.82582e-05,-1.7724e-05,-0.000122914,fluid
738,0.203714,-0.550044,,1000.02,-0.000128756,0.257564,,0.100757,-0.000120418,0.100757,,1.0862e-05,2.10959e-05,-0.000449991,fluid
739,0.310267,-0.497777,,1000.01,-0.000562328,0.227466,,0.1009,-7.80682e-05,0.1009,,2.66304e-05,-6.19071e-05,0.000443657,fluid
740,0.404118,-0.425132,,1000.01,-0.00216838,0.179439,,0.100827,0.000387834,0.100827,,2.51112e-06,8.18903e-05,-0.000949468,fluid
741,0.481424,-0.335081,,1000.01,-0.0029333,0.194488,,0.101183,-1.71809e-05,0.101183,,-0.000140069,0.000113016,-0.00282871,fluid
742,0.53902,-0.231312,,1000.02,-0.00150853,0.322887,,0.102147,0.000127892,0.102147,,0.000232813,-0.000397293,0.0171431,fluid
743,0.574549,-0.118073,,1000.03,0.00293568,0.472391,,0.0985207,0.00172153,0.0985357,,4.77968e-05,-0.000258973,0.0334376,fluid
744,0.634285,0,,1000,-0.00158085,0.0339602,,0.094876,-1.50138e-16,0.094876,,-0.000829268,4.28031e-15,5.9707e-15,fluid
745,0.621301,0.127681,,1000.01,0.000783373,0.185288,,0.0982896,-0.00179662,0.098306,,-6.98404e-05,0.000144568,-0.0256707,fluid
746,0.582881,0.250134,,1000.02,0.00165467,0.347248,,0.101845,-0.000381212,0.101845,,0.0003204,0.000402481,-0.0144255,fluid
747,0.520598,0.362347,,1000.02,0.00141467,0.374545,,0.101329,4.23809e-05,0.101329,,5.72529e-06,2.0751e-05,0.00134941,fluid
748,0.437001,0.459725,,1000.02,-0.000755836,0.336492,,0.100945,-0.000230553,0.100945,,3.86184e-05,-6.37456e-05,0.000943907,fluid
749,0.335514,0.538282,,1000.02,-0.00098816,0.30426,,0.100877,8.20381e-05,0.100877,,2.38057e-05,4.37196e-05,-0.000275795,fluid
750,0.22029,0.594802,,1000.02,-0.0003591,0.312317,,0.100709,0.000161159,0.100709,,8.40015e-06,-9.83843e-06,0.000304482,fluid
751,0.0960483,0.62697,,1000.02,-0.000340182,0.334779,,0.100576,0.00030251,0.100577,,1.23856e-05,1.08416e-05,0.000121969,fluid
752,-0.032126,0.633471,,1000.02,-0.000350678,0.344871,,0.100446,0.000363893,0.100447,,4.17232e-06,-3.84699e-07,0.000231225,fluid
753,-0.158985,0.614037,,1000.02,-0.000257412,0.347808,,0.10029,0.000388939,0.100291,,3.71659e-06,9.31627e-07,0.000324092,fluid
754,-0.279335,0.569464,,1000.02,-0.000261109,0.373511,,0.100169,0.000397035,0.10017,,4.43566e-06,-7.4467e-07,0.000325833,fluid
755,-0.388249,0.501577,,1000.02,-0.00025082,0.388428,,0.100045,0.000375364,0.100045,,1.45027e-06,3.42883e-07,0.000254251,fluid
756,-0.481269,0.413156,,1000.03,-0.000249011,0.400219,,0.0999326,0.00031999,0.0999331,,1.60441e-06,-3.2729e-07,0.000219865,fluid
757,-0.554585,0.30782,,1000.03,-0.000238634,0.4122,,0.0998465,0.000244357,0.0998468,,5.88756e-07,-1.36892e-07,0.000159054,fluid
758,-0.605196,0.189881,,1000.03,-0.000247628,0.419771,,0.0997851,0.00015533,0.0997852,,5.32059e-07,6.74396e-07,9.27233e-05,fluid
759,-0.63103,0.0641695,,1000.03,-0.000245672,0.423885,,0.0997544,5.20698e-05,0.0997545,,-1.54715e-07,-3.74143e-08,3.32297e-05,fluid
760,-0.63103,-0.0641695,,1000.03,-0.000245672,0.423885,,0.0997544,-5.20698e-05,0.0997545,,-1.54715e-07,3.74143e-08,-3.32297e-05,fluid
761,-0.605196,-0.189881,,1000.03,-0.000247628,0.419771,,0.0997851,-0.00015533,0.0997852,,5.32059e-07,-6.74396e-07,-9.27233e-05,fluid
762,-0.554585,-0.30782,,1000.03,-0.000238634,0.4122,,0.0998465,-0.000244357,0.0998468,,5.88756e-07,1.36892e-07,-0.000159054,fluid
763,-0.481269,-0.413156,,1000.03,-0.000249011,0.400219,,0.0999326,-0.00031999,0.0999331,,1.60441e-06,3.2729e-07,-0.000219865,fluid
764,-0.388249,-0.501577,,1000.02,-0.00025082,0.388428,,0.100045,-0.000375364,0.100045,,1.45027e-06,-3.42883e-07,-0.000254251,fluid
765,-0.279335,-0.569464,,1000.02,-0.000261109,0.373511,,0.100169,-0.000397035,0.10017,,4.43566e-06,7.4467e-07,-0.000325833,fluid
766,-0.158985,-0.614037,,1000.02,-0.000257412,0.347808,,0.10029,-0.000388939,0.100291,,3.71659e-06,-9.31627e-07,-0.000324092,fluid
767,-0.032126,-0.633471,,1000.02,-0.000350678,0.344871,,0.100446,-0.000363893,0.100447,,4.17232e-06,3.84699e-07,-0.000231225,fluid
768,0.0960483,-0.62697,,1000.02,-0.000340182,0.334779,,0.100576,-0.00030251,0.100577,,1.23856e-05,-1.08416e-05,-0.000121969,fluid
769,0.22029,-0.594802,,1000.02,-0.0003591,0.312317,,0.100709,-0.000161159,0.100709,,8.40015e-06,9.83843e-06,-0.000304482,fluid
770,0.335514,-0.538282,,1000.02,-0.00098816,0.30426,,0.100877,-8.20381e-05,0.100877,,2.38057e-05,-4.37196e-05,0.000275795,fluid
771,0.437001,-0.459725,,1000.02,-0.000755836,0.336492,,0.100945,0.000230553,0.100945,,3.86184e-05,6.37456e-05,-0.000943907,fluid
772,0.520598,-0.362347,,1000.02,0.00141467,0.374545,,0.101329,-4.23809e-05,0.101329,,5.72529e-06,-2.0751e-05,-0.00134941,fluid
773,0.582881,-0.250134,,1000.02,0.00165467,0.347248,,0.101845,0.000381212,0.101845,,0.0003204,-0.000402481,0.0144255,fluid
774,0.621301,-0.127681,,1000.01,0.000783373,0.185288,,0.0982896,0.00179662,0.098306,,-6.98404e-05,-0.000144568,0.0256707,fluid
775,0.685369,0,,999.988,-0.0077364,-0.187934,,0.0957516,-2.62105e-16,0.0957516,,-0.000898559,5.27931e-15,5.04965e-15,fluid
776,0.67134,0.137964,,999.996,-0.00434853,-0.0605615,,0.0983404,-0.00175283,0.098356,,-0.000238242,6.28947e-06,-0.0189811,fluid
777,0.629826,0.270279,,1000.01,-0.000304697,0.188595,,0.101383,-0.000628536,0.101385,,0.000282123,0.000328001,-0.0115623,fluid
778,0.562526,0.39153,,1000.02,0.00258582,0.326562,,0.101162,-5.01474e-05,0.101162,,3.19709e-05,8.4942e-05,0.000330458,fluid
779,0.472197,0.496751,,1000.03,0.00214589,0.403359,,0.100899,-0.000191099,0.1009,,6.27729e-05,-3.46902e-05,0.00080546,fluid
780,0.362536,0.581635,,1000.02,0.00010823,0.372374,,0.100843,6.81342e-05,0.100843,,4.45971e-05,4.00534e-05,-0.000101331,fluid
781,0.238032,0.642707,,1000.02,-0.000134404,0.373058,,0.10066,0.000189855,0.100661,,1.16875e-05,2.60312e-06,0.000251869,fluid
782,0.103784,0.677466,,1000.02,-0.000123549,0.393837,,0.10052,0.000323339,0.100521,,8.50836e-06,1.38211e-05,0.000147199,fluid
783,-0.0347134,0.68449,,1000.02,-0.000256339,0.39553,,0.100432,0.000378321,0.100433,,5.9731e-06,3.261e-06,0.000230825,fluid
784,-0.17179,0.66349,,1000.02,-0.000265145,0.380916,,0.100282,0.000380826,0.100283,,3.79057e-06,5.45341e-07,0.000337058,fluid
785,-0.301833,0.615328,,1000.02,-0.00027487,0.383634,,0.100146,0.000357449,0.100147,,3.20451e-06,-2.15988e-06,0.000355079,fluid
786,-0.419519,0.541974,,1000.02,-0.000270632,0.399982,,0.100032,0.000336987,0.100033,,1.08004e-06,-4.48054e-07,0.000274831,fluid
787,-0.52003,0.446431,,1000.03,-0.000281207,0.409998,,0.0999341,0.00028899,0.0999345,,2.09333e-06,-7.02881e-07,0.000228047,fluid
788,-0.59925,0.332611,,1000.03,-0.000266798,0.419487,,0.0998564,0.000216916,0.0998567,,9.77455e-07,-4.60182e-07,0.00016219,fluid
789,-0.653938,0.205174,,1000.03,-0.000269689,0.426789,,0.099801,0.000137544,0.0998011,,9.55822e-07,4.973e-07,9.2236e-05,fluid
790,-0.681853,0.0693377,,1000.03,-0.00026795,0.430221,,0.0997743,4.54569e-05,0.0997743,,4.00835e-07,-2.78338e-07,3.31856e-05,fluid
791,-0.681853,-0.0693377,,1000.03,-0.00026795,0.430221,,0.0997743,-4.54569e-05,0.0997743,,4.00835e-07,2.78338e-07,-3.31856e-05,fluid
792,-0.653938,-0.205174,,1000.03,-0.000269689,0.426789,,0.099801,-0.000137544,0.0998011,,9.55822e-07,-4.973e-07,-9.2236e-05,fluid
793,-0.59925,-0.332611,,1000.03,-0.000266798,0.419487,,0.0998564,-0.000216916,0.0998567,,9.77455e-07,4.60182e-07,-0.00016219,fluid
794,-0.52003,-0.446431,,1000.03,-0.000281207,0.409998,,0.0999341,-0.00028899,0.0999345,,2.09333e-06,7.02881e-07,-0.000228047,fluid
795,-0.419519,-0.541974,,1000.02,-0.000270632,0.399982,,0.100032,-0.000336987,0.100033,,1.08004e-06,4.48054e-07,-0.000274831,fluid
796,-0.301833,-0.615328,,1000.02,-0.00027487,0.383634,,0.100146,-0.000357449,0.100147,,3.20451e-06,2.15988e-06,-0.000355079,fluid
797,-0.17179,-0.66349,,1000.02,-0.000265145,0.380916,,0.100282,-0.000380826,0.100283,,3.79057e-06,-5.45341e-07,-0.000337058,fluid
798,-0.0347134,-0.68449,,1000.02,-0.000256339,0.39553,,0.100432,-0.000378321,0.100433,,5.9731e-06,-3.261e-06,-0.000230825,fluid
799,0.103784,-0.677466,,1000.02,-0.000123549,0.393837,,0.10052,-0.000323339,0.100521,,8.50836e-06,-1.38211e-05,-0.000147199,fluid
800,0.238032,-0.642707,,1000.02,-0.000134404,0.373058,,0.10066,-0.000189855,0.100661,,1.16875e-05,-2.60312e-06,-0.000251869,fluid
801,0.362536,-0.581635,,1000.02,0.00010823,0.372374,,0.100843,-6.81342e-05,0.100843,,4.45971e-05,-4.00534e-05,0.000101331,fluid
802,0.472197,-0.496751,,1000.03,0.00214589,0.403359,,0.100899,0.000191099,0.1009,,6.27729e-05,3.46902e-05,-0.00080546,fluid
803,0.562526,-0.39153,,1000.02,0.00258582,0.326562,,0.101162,5.01474e-05,0.101162,,3.19709e-05,-8.4942e-05,-0.000330458,fluid
804,0.629826,-0.270279,,1000.01,-0.000304697,0.188595,,0.101383,0.000628536,0.101385,,0.000282123,-0.000328001,0.0115623,fluid
805,0.67134,-0.137964,,999.996,-0.00434853,-0.0605615,,0.0983404,0.00175283,0.098356,,-0.000238242,-6.28947e-06,0.0189811,fluid
806,0.740046,0,,1000.03,0.00215958,0.514551,,0.0977169,-4.34504e-16,0.0977169,,-0.000501523,5.27533e-15,3.84483e-15,fluid
807,0.724897,0.14897,,1000.02,-9.97961e-05,0.379689,,0.099416,-0.0015936,0.0994287,,-5.98927e-05,-0.000112166,-0.0134813,fluid
808,0.680071,0.291842,,1000.01,-0.00341854,0.18782,,0.101225,-0.000921928,0.101229,,0.000239096,0.000146356,-0.00872105,fluid
809,0.607403,0.422765,,1000.01,-0.00268841,0.112056,,0.100936,-0.000298785,0.100937,,-1.67032e-05,7.07265e-05,-0.000143798,fluid
810,0.509867,0.53638,,1000.01,0.000255163,0.215024,,0.100695,-0.000323318,0.100696,,7.2993e-06,-4.03739e-05,0.000703999,fluid
811,0.391458,0.628036,,1000.02,0.000253693,0.268421,,0.10071,-8.73967e-05,0.10071,,4.32177e-05,1.84796e-05,0.000111821,fluid
812,0.257022,0.69398,,1000.02,-0.000166008,0.293153,,0.10062,4.29759e-05,0.10062,,1.80293e-05,-3.04362e-06,0.000353364,fluid
813,0.112064,0.731512,,1000.02,-0.000108117,0.293759,,0.100517,0.000145196,0.100517,,1.07752e-05,8.44825e-06,0.000309184,fluid
814,-0.0374827,0.739096,,1000.02,-0.000154604,0.317405,,0.100381,0.000237171,0.100382,,3.36022e-06,4.0891e-06,0.000289681,fluid
815,-0.185494,0.716422,,1000.02,-0.000228107,0.347809,,0.100264,0.000293342,0.100264,,2.5641e-06,9.57439e-07,0.000346766,fluid
816,-0.325912,0.664417,,1000.02,-0.000245417,0.355158,,0.100166,0.000289907,0.100166,,3.95424e-06,-1.92846e-06,0.000388514,fluid
817,-0.452987,0.585211,,1000.02,-0.000250051,0.368983,,0.100054,0.0002662,0.100054,,8.94348e-07,-4.02572e-07,0.000299434,fluid
818,-0.561516,0.482046,,1000.02,-0.000270318,0.382581,,0.0999696,0.000237941,0.0999699,,2.41646e-06,1.74628e-07,0.000239397,fluid
819,-0.647057,0.359146,,1000.02,-0.000273328,0.390742,,0.099904,0.000178508,0.0999041,,1.38031e-06,7.0371e-09,0.000170252,fluid
820,-0.706107,0.221543,,1000.02,-0.000275294,0.398087,,0.0998545,0.000114815,0.0998545,,1.30055e-06,9.35193e-07,9.55688e-05,fluid
821,-0.736249,0.0748692,,1000.03,-0.000278215,0.401119,,0.0998317,3.88154e-05,0.0998317,,8.75966e-07,-4.86029e-08,3.47285e-05,fluid
822,-0.736249,-0.0748692,,1000.03,-0.000278215,0.401119,,0.0998317,-3.88154e-05,0.0998317,,8.75966e-07,4.86029e-08,-3.47285e-05,fluid
823,-0.706107,-0.221543,,1000.02,-0.000275294,0.398087,,0.0998545,-0.000114815,0.0998545,,1.30055e-06,-9.35193e-07,-9.55688e-05,fluid
824,-0.647057,-0.359146,,1000.02,-0.000273328,0.390742,,0.099904,-0.000178508,0.0999041,,1.38031e-06,-7.0371e-09,-0.000170252,fluid
825,-0.561516,-0.482046,,1000.02,-0.000270318,0.382581,,0.0999696,-0.000237941,0.0999699,,2.41646e-06,-1.74628e-07,-0.000239397,fluid
826,-0.452987,-0.585211,,1000.02,-0.000250051,0.368983,,0.100054,-0.0002662,0.100054,,8.94348e-07,4.02572e-07,-0.000299434,fluid
827,-0.325912,-0.664417,,1000.02,-0.000245417,0.355158,,0.100166,-0.000289907,0.100166,,3.95424e-06,1.92846e-06,-0.000388514,fluid
828,-0.185494,-0.716422,,1000.02,-0.000228107,0.347809,,0.100264,-0.000293342,0.100264,,2.5641e-06,-9.57439e-07,-0.000346766,fluid
829,-0.0374827,-0.739096,,1000.02,-0.000154604,0.317405,,0.100381,-0.000237171,0.100382,,3.36022e-06,-4.0891e-06,-0.000289681,fluid
830,0.112064,-0.731512,,1000.02,-0.000108117,0.293759,,0.100517,-0.000145196,0.100517,,1.07752e-05,-8.44825e-06,-0.000309184,fluid
831,0.257022,-0.69398,,1000.02,-0.000166008,0.293153,,0.10062,-4.29759e-05,0.10062,,1.80293e-05,3.04362e-06,-0.000353364,fluid
832,0.391458,-0.628036,,1000.02,0.000253693,0.268421,,0.10071,8.73967e-05,0.10071,,4.32177e-05,-1.84796e-05,-0.000111821,fluid
833,0.509867,-0.53638,,1000.01,0.000255163,0.215024,,0.100695,0.000323318,0.100696,,7.2993e-06,4.03739e-05,-0.000703999,fluid
834,0.607403,-0.422765,,1000.01,-0.00268841,0.112056,,0.100936,0.000298785,0.100937,,-1.67032e-05,-7.07265e-05,0.000143798,fluid
835,0.680071,-0.291842,,1000.01,-0.00341854,0.18782,,0.101225,0.000921928,0.101229,,0.000239096,-0.000146356,0.00872105,fluid
836,0.724897,-0.14897,,1000.02,-9.97961e-05,0.379689,,0.099416,0.0015936,0.0994287,,-5.98927e-05,0.000112166,0.0134813,fluid
837,0.798568,0,,1000.04,0.00639027,0.615799,,0.0983991,-2.6444e-16,0.0983991,,-0.00037502,3.85878e-15,2.74763e-15,fluid
838,0.782221,0.160751,,1000.03,0.00373971,0.527435,,0.0997214,-0.00146387,0.0997321,,3.05594e-06,-0.000190201,-0.00911769,fluid
839,0.73385,0.31492,,1000.02,-0.00112056,0.333381,,0.101176,-0.00102073,0.101181,,0.000273,2.78354e-05,-0.00612383,fluid
840,0.655435,0.456196,,1000.01,-0.00378421,0.181949,,0.100955,-0.000418887,0.100956,,2.18984e-05,3.54579e-05,-0.000211877,fluid
841,0.550187,0.578796,,1000.01,-0.00231256,0.17266,,0.100643,-0.000363063,0.100644,,-2.04158e-05,-5.44527e-05,0.000658093,fluid
842,0.422414,0.6777,,1000.01,-0.000592427,0.222528,,0.100606,-0.000165415,0.100606,,2.26753e-05,-7.91369e-06,0.000295048,fluid
843,0.277347,0.748859,,1000.02,-0.000417456,0.249,,0.100558,-4.61827e-05,0.100558,,1.80218e-05,-1.36442e-05,0.00048939,fluid
844,0.120925,0.789359,,1000.02,-0.000367494,0.240235,,0.100487,1.75354e-05,0.100487,,1.31617e-05,-5.12214e-06,0.000512994,fluid
845,-0.0404468,0.797543,,1000.02,-0.000239622,0.270922,,0.100351,0.000106569,0.100351,,3.73235e-06,-1.85722e-06,0.000430014,fluid
846,-0.200163,0.773075,,1000.02,-0.000227314,0.32041,,0.100226,0.000209598,0.100226,,-4.8605e-07,6.40072e-07,0.000372696,fluid
847,-0.351685,0.716958,,1000.02,-0.000241235,0.344201,,0.10016,0.000229589,0.10016,,4.4772e-06,-1.40529e-06,0.00041278,fluid
848,-0.488808,0.631488,,1000.02,-0.000238136,0.353255,,0.100068,0.000205726,0.100068,,1.28198e-06,2.6221e-07,0.000322081,fluid
849,-0.60592,0.520165,,1000.02,-0.000241136,0.368288,,0.0999902,0.000187893,0.0999904,,1.81211e-06,1.33026e-06,0.000245287,fluid
850,-0.698225,0.387546,,1000.02,-0.000256231,0.376405,,0.099939,0.000143055,0.0999391,,1.06004e-06,9.43104e-07,0.000175365,fluid
851,-0.761945,0.239062,,1000.02,-0.00025851,0.383437,,0.0998955,9.10945e-05,0.0998955,,6.55069e-07,1.2032e-06,9.72239e-05,fluid
852,-0.794471,0.0807898,,1000.02,-0.000264093,0.386466,,0.0998771,3.16122e-05,0.0998771,,3.39188e-07,1.04609e-07,3.55755e-05,fluid
853,-0.794471,-0.0807898,,1000.02,-0.000264093,0.386466,,0.0998771,-3.16122e-05,0.0998771,,3.39188e-07,-1.04609e-07,-3.55755e-05,fluid
854,-0.761945,-0.239062,,1000.02,-0.00025851,0.383437,,0.0998955,-9.10945e-05,0.0998955,,6.55069e-07,-1.2032e-06,-9.72239e-05,fluid
855,-0.698225,-0.387546,,1000.02,-0.000256231,0.376405,,0.099939,-0.000143055,0.0999391,,1.06004e-06,-9.43104e-07,-0.000175365,fluid
856,-0.60592,-0.520165,,1000.02,-0.000241136,0.368288,,0.0999902,-0.000187893,0.0999904,,1.81211e-06,-1.33026e-06,-0.000245287,fluid
857,-0.488808,-0.631488,,1000.02,-0.000238136,0.353255,,0.100068,-0.000205726,0.100068,,1.28198e-06,-2.6221e-07,-0.000322081,fluid
858,-0.351685,-0.716958,,1000.02,-0.000241235,0.344201,,0.10016,-0.000229589,0.10016,,4.4772e-06,1.40529e-06,-0.00041278,fluid
859,-0.200163,-0.773075,,1000.02,-0.000227314,0.32041,,0.100226,-0.000209598,0.100226,,-4.8605e-07,-6.40072e-07,-0.000372696,fluid
860,-0.0404468,-0.797543,,1000.02,-0.000239622,0.270922,,0.100351,-0.000106569,0.100351,,3.73235e-06,1.85722e-06,-0.000430014,fluid
861,0.120925,-0.789359,,1000.02,-0.000367494,0.240235,,0.100487,-1.75354e-05,0.100487,,1.31617e-05,5.12214e-06,-0.000512994,fluid
862,0.277347,-0.748859,,1000.02,-0.000417456,0.249,,0.100558,4.61827e-05,0.100558,,1.80218e-05,1.36442e-05,-0.00048939,fluid
863,0.422414,-0.6777,,1000.01,-0.000592427,0.222528,,0.100606,0.000165415,0.100606,,2.26753e-05,7.91369e-06,-0.000295048,fluid
864,0.550187,-0.578796,,1000.01,-0.00231256,0.17266,,0.100643,0.000363063,0.100644,,-2.04158e-05,5.44527e-05,-0.000658093,fluid
865,0.655435,-0.456196,,1000.01,-0.00378421,0.181949,,0.100955,0.000418887,0.100956,,2.18984e-05,-3.54579e-05,0.000211877,fluid
866,0.73385,-0.31492,,1000.02,-0.00112056,0.333381,,0.101176,0.00102073,0.101181,,0.000273,-2.78354e-05,0.00612383,fluid
867,0.782221,-0.160751,,1000.03,0.00373971,0.527435,,0.0997214,0.00146387,0.0997321,,3.05594e-06,0.000190201,0.00911769,fluid
868,0.861204,0,,999.978,-0.00788731,-0.354698,,0.0979528,1.12921e-16,0.0979528,,-0.000564129,1.78754e-15,1.79591e-15,fluid
869,0.843575,0.173359,,999.996,-0.00212443,-0.0593044,,0.099281,-0.00133796,0.0992901,,-0.000105463,-0.000236824,-0.00577994,fluid
870,0.79141,0.339621,,1000.02,0.00418426,0.380533,,0.100961,-0.000970466,0.100966,,0.000302006,-2.01148e-05,-0.00401187,fluid
871,0.706845,0.491979,,1000.03,0.00272336,0.490924,,0.101057,-0.000370822,0.101058,,0.000152098,4.72899e-05,-0.000197284,fluid
872,0.593341,0.624195,,1000.03,-0.000373673,0.407262,,0.100763,-0.000205018,0.100763,,4.0023e-05,-1.32623e-05,0.000512344,fluid
873,0.455546,0.730856,,1000.02,-0.000499695,0.364294,,0.100612,-2.59181e-05,0.100612,,2.01965e-05,5.17212e-06,0.000300428,fluid
874,0.299101,0.807596,,1000.02,-0.000220809,0.363805,,0.100496,0.000102809,0.100496,,1.29558e-05,-1.73381e-07,0.000446706,fluid
875,0.13041,0.851273,,1000.02,-0.000409921,0.382906,,0.100404,0.000211638,0.100404,,7.37122e-06,-3.02909e-06,0.000563374,fluid
876,-0.0436193,0.860099,,1000.02,-0.000374651,0.377444,,0.100322,0.000219663,0.100322,,4.23096e-06,-5.6432e-06,0.000618108,fluid
877,-0.215863,0.833712,,1000.02,-0.00030944,0.358544,,0.100176,0.000214601,0.100176,,-2.3959e-06,-2.05537e-06,0.000474737,fluid
878,-0.379269,0.773193,,1000.02,-0.000290023,0.379756,,0.100082,0.000227584,0.100082,,1.4879e-06,-2.35534e-06,0.000448827,fluid
879,-0.527148,0.681019,,1000.02,-0.00029264,0.386228,,0.100022,0.000200701,0.100022,,1.91188e-06,-1.1587e-06,0.000355989,fluid
880,-0.653446,0.560965,,1000.02,-0.000267545,0.397173,,0.0999466,0.000173466,0.0999467,,1.63766e-06,-2.68302e-08,0.000257953,fluid
881,-0.752991,0.417944,,1000.03,-0.000275112,0.405087,,0.0999052,0.000132669,0.0999053,,1.49781e-06,2.03825e-07,0.000183869,fluid
882,-0.821709,0.257813,,1000.03,-0.000270245,0.41136,,0.099867,8.2381e-05,0.0998671,,1.08725e-06,5.42601e-07,0.000101205,fluid
883,-0.856786,0.0871266,,1000.03,-0.000272226,0.414424,,0.0998517,2.92178e-05,0.0998517,,8.82843e-07,1.87506e-08,3.6677e-05,fluid
884,-0.856786,-0.0871266,,1000.03,-0.000272226,0.414424,,0.0998517,-2.92178e-05,0.0998517,,8.82843e-07,-1.87506e-08,-3.6677e-05,fluid
885,-0.821709,-0.257813,,1000.03,-0.000270245,0.41136,,0.099867,-8.2381e-05,0.0998671,,1.08725e-06,-5.42601e-07,-0.000101205,fluid
886,-0.752991,-0.417944,,1000.03,-0.000275112,0.405087,,0.0999052,-0.000132669,0.0999053,,1.49781e-06,-2.03825e-07,-0.000183869,fluid
887,-0.653446,-0.560965,,1000.02,-0.000267545,0.397173,,0.0999466,-0.000173466,0.0999467,,1.63766e-06,2.68302e-08,-0.000257953,fluid
888,-0.527148,-0.681019,,1000.02,-0.00029264,0.386228,,0.100022,-0.000200701,0.100022,,1.91188e-06,1.1587e-06,-0.000355989,fluid
889,-0.379269,-0.773193,,1000.02,-0.000290023,0.379756,,0.100082,-0.000227584,0.100082,,1.4879e-06,2.35534e-06,-0.000448827,fluid
890,-0.215863,-0.833712,,1000.02,-0.00030944,0.358544,,0.100176,-0.000214601,0.100176,,-2.3959e-06,2.05537e-06,-0.000474737,fluid
891,-0.0436193,-0.860099,,1000.02,-0.000374651,0.377444,,0.100322,-0.000219663,0.100322,,4.23096e-06,5.6432e-06,-0.000618108,fluid
892,0.13041,-0.851273,,1000.02,-0.000409921,0.382906,,0.100404,-0.000211638,0.100404,,7.37122e-06,3.02909e-06,-0.000563374,fluid
893,0.299101,-0.807596,,1000.02,-0.000220809,0.363805,,0.100496,-0.000102809,0.100496,,1.29558e-05,1.73381e-07,-0.000446706,fluid
894,0.455546,-0.730856,,1000.02,-0.000499695,0.364294,,0.100612,2.59181e-05,0.100612,,2.01965e-05,-5.17212e-06,-0.000300428,fluid
895,0.593341,-0.624195,,1000.03,-0.000373673,0.407262,,0.100763,0.000205018,0.100763,,4.0023e-05,1.32623e-05,-0.000512344,fluid
896,0.706845,-0.491979,,1000.03,0.00272336,0.490924,,0.101057,0.000370822,0.101058,,0.000152098,-4.72899e-05,0.000197284,fluid
897,0.79141,-0.339621,,1000.02,0.00418426,0.380533,,0.100961,0.000970466,0.100966,,0.000302006,2.01148e-05,0.00401187,fluid
898,0.843575,-0.173359,,999.996,-0.00212443,-0.0593044,,0.099281,0.00133796,0.0992901,,-0.000105463,0.000236824,0.00577994,fluid
899,0.928245,0,,999.965,-0.0146335,-0.56404,,0.0984643,2.7859e-16,0.0984643,,-0.00051642,9.18963e-17,1.01062e-15,fluid
900,0.909244,0.186854,,999.982,-0.00779729,-0.29374,,0.0993267,-0.00115242,0.0993334,,-0.000181216,-0.000283073,-0.00333927,fluid
901,0.853018,0.366059,,1000.01,0.00243609,0.212853,,0.100598,-0.000923017,0.100602,,0.000208105,-8.54518e-05,-0.0024664,fluid
902,0.76187,0.530277,,1000.03,0.00476122,0.463362,,0.100813,-0.000386797,0.100814,,0.000141894,3.16548e-05,-0.000295885,fluid
903,0.63953,0.672785,,1000.03,0.0023625,0.486245,,0.100672,-0.000162985,0.100672,,6.51087e-05,7.47367e-06,0.000189762,fluid
904,0.491008,0.78775,,1000.03,0.000384052,0.436214,,0.100544,9.29961e-06,0.100544,,2.32221e-05,1.5617e-05,0.000100403,fluid
905,0.322384,0.870464,,1000.03,0.000182541,0.431224,,0.100397,0.000143888,0.100397,,7.43281e-06,1.07284e-05,0.000199267,fluid
906,0.140562,0.917541,,1000.03,-8.93537e-05,0.469124,,0.100288,0.000290494,0.100288,,9.45336e-07,7.35642e-06,0.000401117,fluid
907,-0.0470148,0.927054,,1000.03,-0.000242586,0.450476,,0.100288,0.000280215,0.100289,,3.92568e-06,5.75996e-07,0.000742653,fluid
908,-0.232667,0.898613,,1000.02,-0.000336881,0.392816,,0.100172,0.000208672,0.100172,,-1.7109e-07,-1.21598e-06,0.000611276,fluid
909,-0.408794,0.833383,,1000.02,-0.000317922,0.395447,,0.100045,0.000207026,0.100045,,5.25278e-07,-1.66268e-06,0.000490155,fluid
910,-0.568184,0.734034,,1000.03,-0.000346053,0.405144,,0.0999965,0.000186601,0.0999967,,2.05906e-06,-9.31126e-07,0.000388933,fluid
911,-0.704314,0.604633,,1000.03,-0.000329419,0.41192,,0.0999305,0.000156506,0.0999306,,1.97473e-06,-4.17428e-07,0.000275116,fluid
912,-0.811608,0.450479,,1000.03,-0.000329591,0.419707,,0.0998933,0.000119837,0.0998934,,1.88917e-06,-1.56532e-07,0.000194359,fluid
913,-0.885675,0.277882,,1000.03,-0.000323012,0.42488,,0.0998616,7.3599e-05,0.0998617,,1.71614e-06,4.7256e-08,0.000107823,fluid
914,-0.923483,0.093909,,1000.03,-0.000321681,0.427828,,0.0998479,2.58597e-05,0.0998479,,1.57446e-06,-1.38032e-07,3.81526e-05,fluid
915,-0.923483,-0.093909,,1000.03,-0.000321681,0.427828,,0.0998479,-2.58597e-05,0.0998479,,1.57446e-06,1.38032e-07,-3.81526e-05,fluid
916,-0.885675,-0.277882,,1000.03,-0.000323012,0.42488,,0.0998616,-7.3599e-05,0.0998617,,1.71614e-06,-4.7256e-08,-0.000107823,fluid
917,-0.811608,-0.450479,,1000.03,-0.000329591,0.419707,,0.0998933,-0.000119837,0.0998934,,1.88917e-06,1.56532e-07,-0.000194359,fluid
918,-0.704314,-0.604633,,1000.03,-0.000329419,0.41192,,0.0999305,-0.000156506,0.0999306,,1.97473e-06,4.17428e-07,-0.000275116,fluid
919,-0.568184,-0.734034,,1000.03,-0.000346053,0.405144,,0.0999965,-0.000186601,0.0999967,,2.05906e-06,9.31126e-07,-0.000388933,fluid
920,-0.408794,-0.833383,,1000.02,-0.000317922,0.395447,,0.100045,-0.000207026,0.100045,,5.25278e-07,1.66268e-06,-0.000490155,fluid
921,-0.232667,-0.898613,,1000.02,-0.000336881,0.392816,,0.100172,-0.000208672,0.100172,,-1.7109e-07,1.21598e-06,-0.000611276,fluid
922,-0.0470148,-0.927054,,1000.03,-0.000242586,0.450476,,0.100288,-0.000280215,0.100289,,3.92568e-06,-5.75996e-07,-0.000742653,fluid
923,0.140562,-0.917541,,1000.03,-8.93537e-05,0.469124,,0.100288,-0.000290494,0.100288,,9.45336e-07,-7.35642e-06,-0.000401117,fluid
924,0.322384,-0.870464,,1000.03,0.000182541,0.431224,,0.100397,-0.000143888,0.100397,,7.43281e-06,-1.07284e-05,-0.000199267,fluid
925,0.491008,-0.78775,,1000.03,0.000384052,0.436214,,0.100544,-9.29961e-06,0.100544,,2.32221e-05,-1.5617e-05,-0.000100403,fluid
926,0.63953,-0.672785,,1000.03,0.0023625,0.486245,,0.100672,0.000162985,0.100672,,6.51087e-05,-7.47367e-06,-0.000189762,fluid
927,0.76187,-0.530277,,1000.03,0.00476122,0.463362,,0.100813,0.000386797,0.100814,,0.000141894,-3.16548e-05,0.000295885,fluid
928,0.853018,-0.366059,,1000.01,0.00243609,0.212853,,0.100598,0.000923017,0.100602,,0.000208105,8.54518e-05,0.0024664,fluid
929,0.909244,-0.186854,,999.982,-0.00779729,-0.29374,,0.0993267,0.00115242,0.0993334,,-0.000181216,0.000283073,0.00333927,fluid
930,1,0,,1000.11,0.0202439,1.70754,,0.101314,-6.07607e-17,0.101314,,0.00037581,-6.22653e-16,5.47628e-16,fluid
931,0.97953,0.201299,,1000.07,0.0067797,1.05337,,0.101072,-0.000955586,0.101076,,0.000255495,-0.000335441,-0.00172526,fluid
932,0.918958,0.394356,,1000,-0.0101623,0.0556312,,0.10053,-0.00107498,0.100536,,2.05366e-05,-0.000289546,-0.00146049,fluid
933,0.820763,0.571268,,999.987,-0.00857451,-0.215937,,0.100187,-0.00070465,0.10019,,-9.28544e-05,-9.63303e-05,-0.000481888,fluid
934,0.688967,0.724793,,1000,-0.00161878,-0.00121727,,0.1002,-0.000449878,0.100201,,-3.49759e-05,-3.93038e-05,-0.000200413,fluid
935,0.528964,0.848644,,1000.01,-0.000863583,0.106208,,0.100267,-0.000296791,0.100268,,-6.92131e-06,-1.88415e-05,-0.000176255,fluid
936,0.347305,0.937752,,1000.01,-0.000685966,0.149382,,0.100231,-0.000192806,0.100232,,-7.25542e-06,-1.24556e-05,-9.37219e-05,fluid
937,0.151428,0.988468,,1000.01,-0.000381239,0.107307,,0.100142,-0.000123197,0.100142,,-8.43699e-06,-6.5167e-06,0.000139697,fluid
938,-0.0506492,0.998717,,1000.01,-0.000206163,0.170543,,0.100211,-5.31999e-05,0.100211,,-1.15732e-06,-3.5794e-06,0.000710683,fluid
939,-0.250653,0.968077,,1000.02,-0.000294977,0.288755,,0.10021,3.80166e-05,0.10021,,3.18858e-06,-5.6371e-07,0.000670382,fluid
940,-0.440394,0.897805,,1000.02,-0.000279032,0.295704,,0.100121,7.34329e-05,0.100121,,2.71861e-06,5.32683e-07,0.000497733,fluid
941,-0.612106,0.790776,,1000.02,-0.000303162,0.317386,,0.10008,8.49775e-05,0.10008,,2.55879e-06,1.50053e-06,0.000390498,fluid
942,-0.758758,0.651372,,1000.02,-0.000327144,0.326695,,0.100034,8.28608e-05,0.100034,,2.50979e-06,1.66372e-06,0.00027772,fluid
943,-0.874347,0.485302,,1000.02,-0.000336325,0.336107,,0.100003,6.88437e-05,0.100003,,1.78038e-06,1.20453e-06,0.00019531,fluid
944,-0.954139,0.299363,,1000.02,-0.000341676,0.340882,,0.0999793,4.55509e-05,0.0999793,,1.546e-06,1.1548e-06,0.000110808,fluid
945,-0.994869,0.101168,,1000.02,-0.000345472,0.343709,,0.0999675,1.58278e-05,0.0999675,,1.2577e-06,1.87952e-07,3.82214e-05,fluid
946,-0.994869,-0.101168,,1000.02,-0.000345472,0.343709,,0.0999675,-1.58278e-05,0.0999675,,1.2577e-06,-1.87952e-07,-3.82214e-05,fluid
947,-0.954139,-0.299363,,1000.02,-0.000341676,0.340882,,0.0999793,-4.55509e-05,0.0999793,,1.546e-06,-1.1548e-06,-0.000110808,fluid
948,-0.874347,-0.485302,,1000.02,-0.000336325,0.336107,,0.100003,-6.88437e-05,0.100003,,1.78038e-06,-1.20453e-06,-0.00019531,fluid
949,-0.758758,-0.651372,,1000.02,-0.000327144,0.326695,,0.100034,-8.28608e-05,0.100034,,2.50979e-06,-1.66372e-06,-0.00027772,fluid
950,-0.612106,-0.790776,,1000.02,-0.000303162,0.317386,,0.10008,-8.49775e-05,0.10008,,2.55879e-06,-1.50053e-06,-0.000390498,fluid
951,-0.440394,-0.897805,,1000.02,-0.000279032,0.295704,,0.100121,-7.34329e-05,0.100121,,2.71861e-06,-5.32683e-07,-0.000497733,fluid
952,-0.250653,-0.968077,,1000.02,-0.000294977,0.288755,,0.10021,-3.80166e-05,0.10021,,3.18858e-06,5.6371e-07,-0.000670382,fluid
953,-0.0506492,-0.998717,,1000.01,-0.000206163,0.170543,,0.100211,5.31999e-05,0.100211,,-1.15732e-06,3.5794e-06,-0.000710683,fluid
954,0.151428,-0.988468,,1000.01,-0.000381239,0.107307,,0.100142,0.000123197,0.100142,,-8.43699e-06,6.5167e-06,-0.000139697,fluid
955,0.347305,-0.937752,,1000.01,-0.000685966,0.149382,,0.100231,0.000192806,0.100232,,-7.25542e-06,1.24556e-05,9.37219e-05,fluid
956,0.528964,-0.848644,,1000.01,-0.000863583,0.106208,,0.100267,0.000296791,0.100268,,-6.92131e-06,1.88415e-05,0.000176255,fluid
957,0.688967,-0.724793,,1000,-0.00161878,-0.00121727,,0.1002,0.000449878,0.100201,,-3.49759e-05,3.93038e-05,0.000200413,fluid
958,0.820763,-0.571268,,999.987,-0.00857451,-0.215937,,0.100187,0.00070465,0.10019,,-9.28544e-05,9.63303e-05,0.000481888,fluid
959,0.918958,-0.394356,,1000,-0.0101623,0.0556312,,0.10053,0.00107498,0.100536,,2.05366e-05,0.000289546,0.00146049,fluid
960,0.97953,-0.201299,,1000.07,0.0067797,1.05337,,0.101072,0.000955586,0.101076,,0.000255495,0.000335441,0.00172526,fluid
961,1.0768,0,,999.974,0,-0.422737,,0.0998943,1.16891e-16,0.0998943,,0,0,0,buffer
962,1.05476,0.216758,,999.994,0,-0.0948941,,0.100151,-0.000850908,0.100154,,0,0,0,buffer
963,0.989534,0.424643,,1000.02,0,0.386274,,0.100508,-0.000938746,0.100512,,0,0,0,buffer
964,0.883798,0.615142,,1000.03,0,0.46963,,0.100564,-0.000605241,0.100566,,0,0,0,buffer
965,0.74188,0.780457,,1000.02,0,0.39275,,0.1005,-0.000339478,0.1005,,0,0,0,buffer
966,0.569589,0.913821,,1000.02,0,0.372644,,0.100443,-0.000166476,0.100443,,0,0,0,buffer
967,0.373978,1.00977,,1000.02,0,0.370553,,0.100369,-3.79048e-05,0.100369,,0,0,0,buffer
968,0.163058,1.06438,,1000.02,0,0.382078,,0.100296,5.12253e-05,0.100296,,0,0,0,buffer
969,-0.054539,1.07542,,1000.02,0,0.372045,,0.0999953,9.28875e-05,0.0999953,,0,0,0,buffer
970,-0.269903,1.04243,,1000.02,0,0.357361,,0.0999776,8.64845e-05,0.0999776,,0,0,0,buffer
971,-0.474217,0.966756,,1000.02,0,0.36958,,0.0999593,8.29489e-05,0.0999593,,0,0,0,buffer
972,-0.659116,0.851508,,1000.02,0,0.375827,,0.0999425,7.42952e-05,0.0999425,,0,0,0,buffer
973,-0.817031,0.701398,,1000.02,0,0.38556,,0.0999269,6.27827e-05,0.0999269,,0,0,0,buffer
974,-0.941497,0.522573,,1000.02,0,0.392147,,0.0999143,4.75751e-05,0.0999143,,0,0,0,buffer
975,-1.02742,0.322354,,1000.02,0,0.397619,,0.0999052,2.97566e-05,0.0999052,,0,0,0,buffer
976,-1.07128,0.108938,,1000.03,0,0.400197,,0.0999005,1.01213e-05,0.0999005,,0,0,0,buffer
977,-1.07128,-0.108938,,1000.03,0,0.400197,,0.0999005,-1.01213e-05,0.0999005,,0,0,0,buffer
978,-1.02742,-0.322354,,1000.02,0,0.397619,,0.0999052,-2.97566e-05,0.0999052,,0,0,0,buffer
979,-0.941497,-0.522573,,1000.02,0,0.392147,,0.0999143,-4.75751e-05,0.0999143,,0,0,0,buffer
980,-0.817031,-0.701398,,1000.02,0,0.38556,,0.0999269,-6.27827e-05,0.0999269,,0,0,0,buffer
981,-0.659116,-0.851508,,1000.02,0,0.375827,,0.0999425,-7.42952e-05,0.0999425,,0,0,0,buffer
982,-0.474217,-0.966756,,1000.02,0,0.36958,,0.0999593,-8.29489e-05,0.0999593,,0,0,0,buffer
983,-0.269903,-1.04243,,1000.02,0,0.357361,,0.0999776,-8.64845e-05,0.0999776,,0,0,0,buffer
984,-0.054539,-1.07542,,1000.02,0,0.372045,,0.0999953,-9.28875e-05,0.0999953,,0,0,0,buffer
985,0.163058,-1.06438,,1000.02,0,0.382078,,0.100296,-5.12253e-05,0.100296,,0,0,0,buffer
986,0.373978,-1.00977,,1000.02,0,0.370553,,0.100369,3.79048e-05,0.100369,,0,0,0,buffer
987,0.569589,-0.913821,,1000.02,0,0.372644,,0.100443,0.000166476,0.100443,,0,0,0,buffer
988,0.74188,-0.780457,,1000.02,0,0.39275,,0.1005,0.000339478,0.1005,,0,0,0,buffer
989,0.883798,-0.615142,,1000.03,0,0.46963,,0.100564,0.000605241,0.100566,,0,0,0,buffer
990,0.989534,-0.424643,,1000.02,0,0.386274,,0.100508,0.000938746,0.100512,,0,0,0,buffer
991,1.05476,-0.216758,,999.994,0,-0.0948941,,0.100151,0.000850908,0.100154,,0,0,0,buffer
992,1.159,0,,999.974,0,-0.422737,,0.0998943,1.16891e-16,0.0998943,,0,0,0,buffer
993,1.13528,0.233305,,999.994,0,-0.0948941,,0.100151,-0.000850908,0.100154,,0,0,0,buffer
994,1.06507,0.457059,,1000.02,0,0.386274,,0.100508,-0.000938746,0.100512,,0,0,0,buffer
995,0.951266,0.662101,,1000.03,0,0.46963,,0.100564,-0.000605241,0.100566,,0,0,0,buffer
996,0.798514,0.840036,,1000.02,0,0.39275,,0.1005,-0.000339478,0.1005,,0,0,0,buffer
997,0.61307,0.98358,,1000.02,0,0.372644,,0.100443,-0.000166476,0.100443,,0,0,0,buffer
998,0.402527,1.08686,,1000.02,0,0.370553,,0.100369,-3.79048e-05,0.100369,,0,0,0,buffer
999,0.175505,1.14564,,1000.02,0,0.382078,,0.100296,5.12253e-05,0.100296,,0,0,0,buffer
1000,-0.0587024,1.15751,,1000.02,0,0.372045,,0.0999953,9.28875e-05,0.0999953,,0,0,0,buffer
1001,-0.290507,1.122,,1000.02,0,0.357361,,0.0999776,8.64845e-05,0.0999776,,0,0,0,buffer
1002,-0.510417,1.04056,,1000.02,0,0.36958,,0.0999593,8.29489e-05,0.0999593,,0,0,0,buffer
1003,-0.709432,0.91651,,1000.02,0,0.375827,,0.0999425,7.42952e-05,0.0999425,,0,0,0,buffer
1004,-0.879402,0.754942,,1000.02,0,0.38556,,0.0999269,6.27827e-05,0.0999269,,0,0,0,buffer
1005,-1.01337,0.562466,,1000.02,0,0.392147,,0.0999143,4.75751e-05,0.0999143,,0,0,0,buffer
1006,-1.10585,0.346962,,1000.02,0,0.397619,,0.0999052,2.97566e-05,0.0999052,,0,0,0,buffer
1007,-1.15305,0.117254,,1000.03,0,0.400197,,0.0999005,1.01213e-05,0.0999005,,0,0,0,buffer
1008,-1.15305,-0.117254,,1000.03,0,0.400197,,0.0999005,-1.01213e-05,0.0999005,,0,0,0,buffer
1009,-1.10585,-0.346962,,1000.02,0,0.397619,,0.0999052,-2.97566e-05,0.0999052,,0,0,0,buffer
1010,-1.01337,-0.562466,,1000.02,0,0.392147,,0.0999143,-4.75751e-05,0.0999143,,0,0,0,buffer
1011,-0.879402,-0.754942,,1000.02,0,0.38556,,0.0999269,-6.27827e-05,0.0999269,,0,0,0,buffer
1012,-0.709432,-0.91651,,1000.02,0,0.375827,,0.0999425,-7.42952e-05,0.0999425,,0,0,0,buffer
1013,-0.510417,-1.04056,,1000.02,0,0.36958,,0.0999593,-8.29489e-05,0.0999593,,0,0,0,buffer
1014,-0.290507,-1.122,,1000.02,0,0.357361,,0.0999776,-8.64845e-05,0.0999776,,0,0,0,buffer
1015,-0.0587024,-1.15751,,1000.02,0,0.372045,,0.0999953,-9.28875e-05,0.0999953,,0,0,0,buffer
1016,0.175505,-1.14564,,1000.02,0,0.382078,,0.100296,-5.12253e-05,0.100296,,0,0,0,buffer
1017,0.402527,-1.08686,,1000.02,0,0.370553,,0.100369,3.79048e-05,0.100369,,0,0,0,buffer
1018,0.61307,-0.98358,,1000.02,0,0.372644,,0.100443,0.000166476,0.100443,,0,0,0,buffer
1019,0.798514,-0.840036,,1000.02,0,0.39275,,0.1005,0.000339478,0.1005,,0,0,0,buffer
1020,0.951266,-0.662101,,1000.03,0,0.46963,,0.100564,0.000605241,0.100566,,0,0,0,buffer
1021,1.06507,-0.457059,,1000.02,0,0.386274,,0.100508,0.000938746,0.100512,,0,0,0,buffer
1022,1.13528,-0.233305,,999.994,0,-0.0948941,,0.100151,0.000850908,0.100154,,0,0,0,buffer
1023,1.24698,0,,999.974,0,-0.422737,,0.0998943,1.16891e-16,0.0998943,,0,0,0,buffer
1024,1.22146,0.251016,,999.994,0,-0.0948941,,0.100151,-0.000850908,0.100154,,0,0,0,buffer
1025,1.14592,0.491755,,1000.02,0,0.386274,,0.100508,-0.000938746,0.100512,,0,0,0,buffer
1026,1.02348,0.712361,,1000.03,0,0.46963,,0.100564,-0.000605241,0.100566,,0,0,0,buffer
1027,0.859129,0.903804,,1000.02,0,0.39275,,0.1005,-0.000339478,0.1005,,0,0,0,buffer
1028,0.659609,1.05824,,1000.02,0,0.372644,,0.100443,-0.000166476,0.100443,,0,0,0,buffer
1029,0.433083,1.16936,,1000.02,0,0.370553,,0.100369,-3.79048e-05,0.100369,,0,0,0,buffer
1030,0.188828,1.2326,,1000.02,0,0.382078,,0.100296,5.12253e-05,0.100296,,0,0,0,buffer
1031,-0.0631586,1.24538,,1000.02,0,0.372045,,0.0999953,9.28875e-05,0.0999953,,0,0,0,buffer
1032,-0.312559,1.20717,,1000.02,0,0.357361,,0.0999776,8.64845e-05,0.0999776,,0,0,0,buffer
1033,-0.549164,1.11955,,1000.02,0,0.36958,,0.0999593,8.29489e-05,0.0999593,,0,0,0,buffer
1034,-0.763285,0.986083,,1000.02,0,0.375827,,0.0999425,7.42952e-05,0.0999425,,0,0,0,buffer
1035,-0.946158,0.81225,,1000.02,0,0.38556,,0.0999269,6.27827e-05,0.0999269,,0,0,0,buffer
1036,-1.09029,0.605163,,1000.02,0,0.392147,,0.0999143,4.75751e-05,0.0999143,,0,0,0,buffer
1037,-1.18979,0.3733,,1000.02,0,0.397619,,0.0999052,2.97566e-05,0.0999052,,0,0,0,buffer
1038,-1.24058,0.126155,,1000.03,0,0.400197,,0.0999005,1.01213e-05,0.0999005,,0,0,0,buffer
1039,-1.24058,-0.126155,,1000.03,0,0.400197,,0.0999005,-1.01213e-05,0.0999005,,0,0,0,buffer
1040,-1.18979,-0.3733,,1000.02,0,0.397619,,0.0999052,-2.97566e-05,0.0999052,,0,0,0,buffer
1041,-1.09029,-0.605163,,1000.02,0,0.392147,,0.0999143,-4.75751e-05,0.0999143,,0,0,0,buffer
1042,-0.946158,-0.81225,,1000.02,0,0.38556,,0.0999269,-6.27827e-05,0.0999269,,0,0,0,buffer
1043,-0.763285,-0.986083,,1000.02,0,0.375827,,0.0999425,-7.42952e-05,0.0999425,,0,0,0,buffer
1044,-0.549164,-1.11955,,1000.02,0,0.36958,,0.0999593,-8.29489e-05,0.0999593,,0,0,0,buffer
1045,-0.312559,-1.20717,,1000.02,0,0.357361,,0.0999776,-8.64845e-05,0.0999776,,0,0,0,buffer
1046,-0.0631586,-1.24538,,1000.02,0,0.372045,,0.0999953,-9.28875e-05,0.0999953,,0,0,0,buffer
1047,0.188828,-1.2326,,1000.02,0,0.382078,,0.100296,-5.12253e-05,0.100296,,0,0,0,buffer
1048,0.433083,-1.16936,,1000.02,0,0.370553,,0.100369,3.79048e-05,0.100369,,0,0,0,buffer
1049,0.659609,-1.05824,,1000.02,0,0.372644,,0.100443,0.000166476,0.100443,,0,0,0,buffer
1050,0.859129,-0.903804,,1000.02,0,0.39275,,0.1005,0.000339478,0.1005,,0,0,0,buffer
1051,1.02348,-0.712361,,1000.03,0,0.46963,,0.100564,0.000605241,0.100566,,0,0,0,buffer
1052,1.14592,-0.491755,,1000.02,0,0.386274,,0.100508,0.000938746,0.100512,,0,0,0,buffer
1053,1.22146,-0.251016,,999.994,0,-0.0948941,,0.100151,0.000850908,0.100154,,0,0,0,buffer
1054,1.34115,0,,999.974,0,-0.422737,,0.0998943,1.16891e-16,0.0998943,,0,0,0,buffer
1055,1.3137,0.269971,,999.994,0,-0.0948941,,0.100151,-0.000850908,0.100154,,0,0,0,buffer
1056,1.23246,0.52889,,1000.02,0,0.386274,,0.100508,-0.000938746,0.100512,,0,0,0,buffer
1057,1.10077,0.766156,,1000.03,0,0.46963,,0.100564,-0.000605241,0.100566,,0,0,0,buffer
1058,0.924008,0.972055,,1000.02,0,0.39275,,0.1005,-0.000339478,0.1005,,0,0,0,buffer
1059,0.70942,1.13816,,1000.02,0,0.372644,,0.100443,-0.000166476,0.100443,,0,0,0,buffer
1060,0.465788,1.25767,,1000.02,0,0.370553,,0.100369,-3.79048e-05,0.100369,,0,0,0,buffer
1061,0.203087,1.32568,,1000.02,0,0.382078,,0.100296,5.12253e-05,0.100296,,0,0,0,buffer
1062,-0.0679281,1.33943,,1000.02,0,0.372045,,0.0999953,9.28875e-05,0.0999953,,0,0,0,buffer
1063,-0.336162,1.29834,,1000.02,0,0.357361,,0.0999776,8.64845e-05,0.0999776,,0,0,0,buffer
1064,-0.590634,1.20409,,1000.02,0,0.36958,,0.0999593,8.29489e-05,0.0999593,,0,0,0,buffer
1065,-0.820926,1.06055,,1000.02,0,0.375827,,0.0999425,7.42952e-05,0.0999425,,0,0,0,buffer
1066,-1.01761,0.873588,,1000.02,0,0.38556,,0.0999269,6.27827e-05,0.0999269,,0,0,0,buffer
1067,-1.17263,0.650862,,1000.02,0,0.392147,,0.0999143,4.75751e-05,0.0999143,,0,0,0,buffer
1068,-1.27964,0.401491,,1000.02,0,0.397619,,0.0999052,2.97566e-05,0.0999052,,0,0,0,buffer
1069,-1.33427,0.135682,,1000.03,0,0.400197,,0.0999005,1.01213e-05,0.0999005,,0,0,0,buffer
1070,-1.33427,-0.135682,,1000.03,0,0.400197,,0.0999005,-1.01213e-05,0.0999005,,0,0,0,buffer
1071,-1.27964,-0.401491,,1000.02,0,0.397619,,0.0999052,-2.97566e-05,0.0999052,,0,0,0,buffer
1072,-1.17263,-0.650862,,1000.02,0,0.392147,,0.0999143,-4.75751e-05,0.0999143,,0,0,0,buffer
1073,-1.01761,-0.873588,,1000.02,0,0.38556,,0.0999269,-6.27827e-05,0.0999269,,0,0,0,buffer
1074,-0.820926,-1.06055,,1000.02,0,0.375827,,0.0999425,-7.42952e-05,0.0999425,,0,0,0,buffer
1075,-0.590634,-1.20409,,1000.02,0,0.36958,,0.0999593,-8.29489e-05,0.0999593,,0,0,0,buffer
1076,-0.336162,-1.29834,,1000.02,0,0.357361,,0.0999776,-8.64845e-05,0.0999776,,0,0,0,buffer
1077,-0.0679281,-1.33943,,1000.02,0,0.372045,,0.0999953,-9.28875e-05,0.0999953,,0,0,0,buffer
1078,0.203087,-1.32568,,1000.02,0,0.382078,,0.100296,-5.12253e-05,0.100296,,0,0,0,buffer
1079,0.465788,-1.25767,,1000.02,0,0.370553,,0.100369,3.79048e-05,0.100369,,0,0,0,buffer
1080,0.70942,-1.13816,,1000.02,0,0.372644,,0.100443,0.000166476,0.100443,,0,0,0,buffer
1081,0.924008,-0.972055,,1000.02,0,0.39275,,0.1005,0.000339478,0.1005,,0,0,0,buffer
1082,1.10077,-0.766156,,1000.03,0,0.46963,,0.100564,0.000605241,0.100566,,0,0,0,buffer
1083,1.23246,-0.52889,,1000.02,0,0.386274,,0.100508,0.000938746,0.100512,,0,0,0,buffer
1084,1.3137,-0.269971,,999.994,0,-0.0948941,,0.100151,0.000850908,0.100154,,0,0,0,buffer
1085,1.44194,0,,999.974,0,-0.422737,,0.0998943,1.16891e-16,0.0998943,,0,0,0,buffer
1086,1.41242,0.29026,,999.994,0,-0.0948941,,0.100151,-0.000850908,0.100154,,0,0,0,buffer
1087,1.32508,0.568637,,1000.02,0,0.386274,,0.100508,-0.000938746,0.100512,,0,0,0,buffer
1088,1.18349,0.823733,,1000.03,0,0.46963,,0.100564,-0.000605241,0.100566,,0,0,0,buffer
1089,0.993448,1.04511,,1000.02,0,0.39275,,0.1005,-0.000339478,0.1005,,0,0,0,buffer
1090,0.762733,1.22369,,1000.02,0,0.372644,,0.100443,-0.000166476,0.100443,,0,0,0,buffer
1091,0.500793,1.35218,,1000.02,0,0.370553,,0.100369,-3.79048e-05,0.100369,,0,0,0,buffer
1092,0.218349,1.42531,,1000.02,0,0.382078,,0.100296,5.12253e-05,0.100296,,0,0,0,buffer
1093,-0.073033,1.44009,,1000.02,0,0.372045,,0.0999953,9.28875e-05,0.0999953,,0,0,0,buffer
1094,-0.361425,1.39591,,1000.02,0,0.357361,,0.0999776,8.64845e-05,0.0999776,,0,0,0,buffer
1095,-0.635021,1.29458,,1000.02,0,0.36958,,0.0999593,8.29489e-05,0.0999593,,0,0,0,buffer
1096,-0.882619,1.14025,,1000.02,0,0.375827,,0.0999425,7.42952e-05,0.0999425,,0,0,0,buffer
1097,-1.09408,0.939239,,1000.02,0,0.38556,,0.0999269,6.27827e-05,0.0999269,,0,0,0,buffer
1098,-1.26075,0.699775,,1000.02,0,0.392147,,0.0999143,4.75751e-05,0.0999143,,0,0,0,buffer
1099,-1.37581,0.431663,,1000.02,0,0.397619,,0.0999052,2.97566e-05,0.0999052,,0,0,0,buffer
1100,-1.43454,0.145878,,1000.03,0,0.400197,,0.0999005,1.01213e-05,0.0999005,,0,0,0,buffer
1101,-1.43454,-0.145878,,1000.03,0,0.400197,,0.0999005,-1.01213e-05,0.0999005,,0,0,0,buffer
1102,-1.37581,-0.431663,,1000.02,0,0.397619,,0.0999052,-2.97566e-05,0.0999052,,0,0,0,buffer
1103,-1.26075,-0.699775,,1000.02,0,0.392147,,0.0999143,-4.75751e-05,0.0999143,,0,0,0,buffer
1104,-1.09408,-0.939239,,1000.02,0,0.38556,,0.0999269,-6.27827e-05,0.0999269,,0,0,0,buffer
1105,-0.882619,-1.14025,,1000.02,0,0.375827,,0.0999425,-7.42952e-05,0.0999425,,0,0,0,buffer
1106,-0.635021,-1.29458,,1000.02,0,0.36958,,0.0999593,-8.29489e-05,0.0999593,,0,0,0,buffer
1107,-0.361425,-1.39591,,1000.02,0,0.357361,,0.0999776,-8.64845e-05,0.0999776,,0,0,0,buffer
1108,-0.073033,-1.44009,,1000.02,0,0.372045,,0.0999953,-9.28875e-05,0.0999953,,0,0,0,buffer
1109,0.218349,-1.42531,,1000.02,0,0.382078,,0.100296,-5.12253e-05,0.100296,,0,0,0,buffer
1110,0.500793,-1.35218,,1000.02,0,0.370553,,0.100369,3.79048e-05,0.100369,,0,0,0,buffer
1111,0.762733,-1.22369,,1000.02,0,0.372644,,0.100443,0.000166476,0.100443,,0,0,0,buffer
1112,0.993448,-1.04511,,1000.02,0,0.39275,,0.1005,0.000339478,0.1005,,0,0,0,buffer
1113,1.18349,-0.823733,,1000.03,0,0.46963,,0.100564,0.000605241,0.100566,,0,0,0,buffer
1114,1.32508,-0.568637,,1000.02,0,0.386274,,0.100508,0.000938746,0.100512,,0,0,0,buffer
1115,1.41242,-0.29026,,999.994,0,-0.0948941,,0.100151,0.000850908,0.100154,,0,0,0,buffer
1116,1.54981,0,,999.974,0,-0.422737,,0.0998943,1.16891e-16,0.0998943,,0,0,0,buffer
1117,1.51809,0.311975,,999.994,0,-0.0948941,,0.100151,-0.000850908,0.100154,,0,0,0,buffer
1118,1.42421,0.611178,,1000.02,0,0.386274,,0.100508,-0.000938746,0.100512,,0,0,0,buffer
1119,1.27203,0.88536,,1000.03,0,0.46963,,0.100564,-0.000605241,0.100566,,0,0,0,buffer
1120,1.06777,1.12329,,1000.02,0,0.39275,,0.1005,-0.000339478,0.1005,,0,0,0,buffer
1121,0.819796,1.31524,,1000.02,0,0.372644,,0.100443,-0.000166476,0.100443,,0,0,0,buffer
1122,0.538259,1.45334,,1000.02,0,0.370553,,0.100369,-3.79048e-05,0.100369,,0,0,0,buffer
1123,0.234685,1.53194,,1000.02,0,0.382078,,0.100296,5.12253e-05,0.100296,,0,0,0,buffer
1124,-0.0784968,1.54782,,1000.02,0,0.372045,,0.0999953,9.28875e-05,0.0999953,,0,0,0,buffer
1125,-0.388465,1.50034,,1000.02,0,0.357361,,0.0999776,8.64845e-05,0.0999776,,0,0,0,buffer
1126,-0.682529,1.39143,,1000.02,0,0.36958,,0.0999593,8.29489e-05,0.0999593,,0,0,0,buffer
1127,-0.94865,1.22556,,1000.02,0,0.375827,,0.0999425,7.42952e-05,0.0999425,,0,0,0,buffer
1128,-1.17593,1.00951,,1000.02,0,0.38556,,0.0999269,6.27827e-05,0.0999269,,0,0,0,buffer
1129,-1.35507,0.752128,,1000.02,0,0.392147,,0.0999143,4.75751e-05,0.0999143,,0,0,0,buffer
1130,-1.47874,0.463957,,1000.02,0,0.397619,,0.0999052,2.97566e-05,0.0999052,,0,0,0,buffer
1131,-1.54186,0.156792,,1000.03,0,0.400197,,0.0999005,1.01213e-05,0.0999005,,0,0,0,buffer
1132,-1.54186,-0.156792,,1000.03,0,0.400197,,0.0999005,-1.01213e-05,0.0999005,,0,0,0,buffer
1133,-1.47874,-0.463957,,1000.02,0,0.397619,,0.0999052,-2.97566e-05,0.0999052,,0,0,0,buffer
1134,-1.35507,-0.752128,,1000.02,0,0.392147,,0.0999143,-4.75751e-05,0.0999143,,0,0,0,buffer
1135,-1.17593,-1.00951,,1000.02,0,0.38556,,0.0999269,-6.27827e-05,0.0999269,,0,0,0,buffer
1136,-0.94865,-1.22556,,1000.02,0,0.375827,,0.0999425,-7.42952e-05,0.0999425,,0,0,0,buffer
1137,-0.682529,-1.39143,,1000.02,0,0.36958,,0.0999593,-8.29489e-05,0.0999593,,0,0,0,buffer
1138,-0.388465,-1.50034,,1000.02,0,0.357361,,0.0999776,-8.64845e-05,0.0999776,,0,0,0,buffer
1139,-0.0784968,-1.54782,,1000.02,0,0.372045,,0.0999953,-9.28875e-05,0.0999953,,0,0,0,buffer
1140,0.234685,-1.53194,,1000.02,0,0.382078,,0.100296,-5.12253e-05,0.100296,,0,0,0,buffer
1141,0.538259,-1.45334,,1000.02,0,0.370553,,0.100369,3.79048e-05,0.100369,,0,0,0,buffer
1142,0.819796,-1.31524,,1000.02,0,0.372644,,0.100443,0.000166476,0.100443,,0,0,0,buffer
1143,1.06777,-1.12329,,1000.02,0,0.39275,,0.1005,0.000339478,0.1005,,0,0,0,buffer
1144,1.27203,-0.88536,,1000.03,0,0.46963,,0.100564,0.000605241,0.100566,,0,0,0,buffer
1145,1.42421,-0.611178,,1000.02,0,0.386274,,0.100508,0.000938746,0.100512,,0,0,0,buffer
1146,1.51809,-0.311975,,999.994,0,-0.0948941,,0.100151,0.000850908,0.100154,,0,0,0,buffer
1147,1.66528,0,,999.974,0,-0.422737,,0.0998943,1.16891e-16,0.0998943,,0,0,0,buffer
1148,1.63119,0.335217,,999.994,0,-0.0948941,,0.100151,-0.000850908,0.100154,,0,0,0,buffer
1149,1.53032,0.656711,,1000.02,0,0.386274,,0.100508,-0.000938746,0.100512,,0,0,0,buffer
1150,1.3668,0.951319,,1000.03,0,0.46963,,0.100564,-0.000605241,0.100566,,0,0,0,buffer
1151,1.14732,1.20698,,1000.02,0,0.39275,,0.1005,-0.000339478,0.1005,,0,0,0,buffer
1152,0.880871,1.41323,,1000.02,0,0.372644,,0.100443,-0.000166476,0.100443,,0,0,0,buffer
1153,0.578359,1.56162,,1000.02,0,0.370553,,0.100369,-3.79048e-05,0.100369,,0,0,0,buffer
1154,0.252169,1.64607,,1000.02,0,0.382078,,0.100296,5.12253e-05,0.100296,,0,0,0,buffer
1155,-0.0843448,1.66314,,1000.02,0,0.372045,,0.0999953,9.28875e-05,0.0999953,,0,0,0,buffer
1156,-0.417405,1.61212,,1000.02,0,0.357361,,0.0999776,8.64845e-05,0.0999776,,0,0,0,buffer
1157,-0.733378,1.49509,,1000.02,0,0.36958,,0.0999593,8.29489e-05,0.0999593,,0,0,0,buffer
1158,-1.01933,1.31686,,1000.02,0,0.375827,,0.0999425,7.42952e-05,0.0999425,,0,0,0,buffer
1159,-1.26354,1.08471,,1000.02,0,0.38556,,0.0999269,6.27827e-05,0.0999269,,0,0,0,buffer
1160,-1.45603,0.808161,,1000.02,0,0.392147,,0.0999143,4.75751e-05,0.0999143,,0,0,0,buffer
1161,-1.5889,0.498522,,1000.02,0,0.397619,,0.0999052,2.97566e-05,0.0999052,,0,0,0,buffer
1162,-1.65673,0.168473,,1000.03,0,0.400197,,0.0999005,1.01213e-05,0.0999005,,0,0,0,buffer
1163,-1.65673,-0.168473,,1000.03,0,0.400197,,0.0999005,-1.01213e-05,0.0999005,,0,0,0,buffer
1164,-1.5889,-0.498522,,1000.02,0,0.397619,,0.0999052,-2.97566e-05,0.0999052,,0,0,0,buffer
1165,-1.45603,-0.808161,,1000.02,0,0.392147,,0.0999143,-4.75751e-05,0.0999143,,0,0,0,buffer
1166,-1.26354,-1.08471,,1000.02,0,0.38556,,0.0999269,-6.27827e-05,0.0999269,,0,0,0,buffer
1167,-1.01933,-1.31686,,1000.02,0,0.375827,,0.0999425,-7.42952e-05,0.0999425,,0,0,0,buffer
1168,-0.733378,-1.49509,,1000.02,0,0.36958,,0.0999593,-8.29489e-05,0.0999593,,0,0,0,buffer
1169,-0.417405,-1.61212,,1000.02,0,0.357361,,0.0999776,-8.64845e-05,0.0999776,,0,0,0,buffer
1170,-0.0843448,-1.66314,,1000.02,0,0.372045,,0.0999953,-9.28875e-05,0.0999953,,0,0,0,buffer
1171,0.252169,-1.64607,,1000.02,0,0.382078,,0.100296,-5.12253e-05,0.100296,,0,0,0,buffer
1172,0.578359,-1.56162,,1000.02,0,0.370553,,0.100369,3.79048e-05,0.100369,,0,0,0,buffer
1173,0.880871,-1.41323,,1000.02,0,0.372644,,0.100443,0.000166476,0.100443,,0,0,0,buffer
1174,1.14732,-1.20698,,1000.02,0,0.39275,,0.1005,0.000339478,0.1005,,0,0,0,buffer
1175,1.3668,-0.951319,,1000.03,0,0.46963,,0.100564,0.000605241,0.100566,,0,0,0,buffer
1176,1.53032,-0.656711,,1000.02,0,0.386274,,0.100508,0.000938746,0.100512,,0,0,0,buffer
1177,1.63119,-0.335217,,999.994,0,-0.0948941,,0.100151,0.000850908,0.100154,,0,0,0,buffer
1178,1.78886,0,,999.974,0,-0.422737,,0.0998943,1.16891e-16,0.0998943,,0,0,0,buffer
1179,1.75224,0.360094,,999.994,0,-0.0948941,,0.100151,-0.000850908,0.100154,,0,0,0,buffer
1180,1.64388,0.705446,,1000.02,0,0.386274,,0.100508,-0.000938746,0.100512,,0,0,0,buffer
1181,1.46823,1.02192,,1000.03,0,0.46963,,0.100564,-0.000605241,0.100566,,0,0,0,buffer
1182,1.23246,1.29655,,1000.02,0,0.39275,,0.1005,-0.000339478,0.1005,,0,0,0,buffer
1183,0.94624,1.5181,,1000.02,0,0.372644,,0.100443,-0.000166476,0.100443,,0,0,0,buffer
1184,0.621279,1.6775,,1000.02,0,0.370553,,0.100369,-3.79048e-05,0.100369,,0,0,0,buffer
1185,0.270882,1.76823,,1000.02,0,0.382078,,0.100296,5.12253e-05,0.100296,,0,0,0,buffer
1186,-0.090604,1.78656,,1000.02,0,0.372045,,0.0999953,9.28875e-05,0.0999953,,0,0,0,buffer
1187,-0.448381,1.73175,,1000.02,0,0.357361,,0.0999776,8.64845e-05,0.0999776,,0,0,0,buffer
1188,-0.787802,1.60604,,1000.02,0,0.36958,,0.0999593,8.29489e-05,0.0999593,,0,0,0,buffer
1189,-1.09497,1.41458,,1000.02,0,0.375827,,0.0999425,7.42952e-05,0.0999425,,0,0,0,buffer
1190,-1.35731,1.16521,,1000.02,0,0.38556,,0.0999269,6.27827e-05,0.0999269,,0,0,0,buffer
1191,-1.56408,0.868135,,1000.02,0,0.392147,,0.0999143,4.75751e-05,0.0999143,,0,0,0,buffer
1192,-1.70682,0.535517,,1000.02,0,0.397619,,0.0999052,2.97566e-05,0.0999052,,0,0,0,buffer
1193,-1.77968,0.180976,,1000.03,0,0.400197,,0.0999005,1.01213e-05,0.0999005,,0,0,0,buffer
1194,-1.77968,-0.180976,,1000.03,0,0.400197,,0.0999005,-1.01213e-05,0.0999005,,0,0,0,buffer
1195,-1.70682,-0.535517,,1000.02,0,0.397619,,0.0999052,-2.97566e-05,0.0999052,,0,0,0,buffer
1196,-1.56408,-0.868135,,1000.02,0,0.392147,,0.0999143,-4.75751e-05,0.0999143,,0,0,0,buffer
1197,-1.35731,-1.16521,,1000.02,0,0.38556,,0.0999269,-6.27827e-05,0.0999269,,0,0,0,buffer
1198,-1.09497,-1.41458,,1000.02,0,0.375827,,0.0999425,-7.42952e-05,0.0999425,,0,0,0,buffer
1199,-0.787802,-1.60604,,1000.02,0,0.36958,,0.0999593,-8.29489e-05,0.0999593,,0,0,0,buffer
1200,-0.448381,-1.73175,,1000.02,0,0.357361,,0.0999776,-8.64845e-05,0.0999776,,0,0,0,buffer
1201,-0.090604,-1.78656,,1000.02,0,0.372045,,0.0999953,-9.28875e-05,0.0999953,,0,0,0,buffer
1202,0.270882,-1.76823,,1000.02,0,0.382078,,0.100296,-5.12253e-05,0.100296,,0,0,0,buffer
1203,0.621279,-1.6775,,1000.02,0,0.370553,,0.100369,3.79048e-05,0.100369,,0,0,0,buffer
1204,0.94624,-1.5181,,1000.02,0,0.372644,,0.100443,0.000166476,0.100443,,0,0,0,buffer
1205,1.23246,-1.29655,,1000.02,0,0.39275,,0.1005,0.000339478,0.1005,,0,0,0,buffer
1206,1.46823,-1.02192,,1000.03,0,0.46963,,0.100564,0.000605241,0.100566,,0,0,0,buffer
1207,1.64388,-0.705446,,1000.02,0,0.386274,,0.100508,0.000938746,0.100512,,0,0,0,buffer
1208,1.75224,-0.360094,,999.994,0,-0.0948941,,0.100151,0.000850908,0.100154,,0,0,0,buffer
