h/dp :,2
L2norm Velocity,L2norm ux,L2norm vy,L2norm rho,KE,dr0,Nfluid
0.177878,0.117078,0.133915,3.3696e-05,16.9216,0.01,930

t,5.52
ID,x,y,,rho,drhodt,pressure,,u,v,velocity,,dudt,dvdt,vorticity,type
0,0.05,0,,999.897,0,-1.65483,,-0,1.70424e-14,1.70424e-14,,0,0,0,boundary
1,0.0489765,0.0100649,,999.907,0,-1.48868,,0.00401627,-0.0195434,0.0199518,,0,0,0,boundary
2,0.0459479,0.0197178,,999.92,0,-1.28277,,0.015851,-0.0369372,0.0401947,,0,0,0,boundary
3,0.0410382,0.0285634,,999.916,0,-1.34777,,0.0353194,-0.0507448,0.0618264,,0,0,0,boundary
4,0.0344483,0.0362396,,999.903,0,-1.55162,,0.0613801,-0.0583462,0.0846865,,0,0,0,boundary
5,0.0264482,0.0424322,,999.896,0,-1.65889,,0.0842956,-0.0525419,0.0993297,,0,0,0,boundary
6,0.0173653,0.0468876,,999.906,0,-1.50221,,0.100388,-0.0371796,0.107052,,0,0,0,boundary
7,0.00757139,0.0494234,,999.933,0,-1.07395,,0.109951,-0.0168439,0.111234,,0,0,0,boundary
8,-0.00253246,0.0499358,,999.97,0,-0.48732,,0.109958,0.00557643,0.110099,,0,0,0,boundary
9,-0.0125326,0.0484039,,1000.01,0,0.126476,,0.102049,0.0264223,0.105414,,0,0,0,boundary
10,-0.0220197,0.0448902,,1000.04,0,0.663951,,0.0867619,0.0425587,0.0966378,,0,0,0,boundary
11,-0.0306053,0.0395388,,1000.07,0,1.10002,,0.0665824,0.0515386,0.0841988,,0,0,0,boundary
12,-0.0379379,0.0325686,,1000.09,0,1.45647,,0.0450255,0.0524485,0.0691241,,0,0,0,boundary
13,-0.0437173,0.0242651,,1000.11,0,1.73529,,0.0249164,0.0448908,0.0513421,,0,0,0,boundary
14,-0.047707,0.0149682,,1000.12,0,1.92275,,0.00944415,0.0301007,0.0315475,,0,0,0,boundary
15,-0.0497435,0.00505842,,1000.13,0,2.01501,,0.00107633,0.0105844,0.010639,,0,0,0,boundary
16,-0.0497435,-0.00505842,,1000.13,0,2.01501,,0.00107633,-0.0105844,0.010639,,0,0,0,boundary
17,-0.047707,-0.0149682,,1000.12,0,1.92275,,0.00944415,-0.0301007,0.0315475,,0,0,0,boundary
18,-0.0437173,-0.0242651,,1000.11,0,1.73529,,0.0249164,-0.0448908,0.0513421,,0,0,0,boundary
19,-0.0379379,-0.0325686,,1000.09,0,1.45647,,0.0450255,-0.0524485,0.0691241,,0,0,0,boundary
20,-0.0306053,-0.0395388,,1000.07,0,1.10002,,0.0665824,-0.0515386,0.0841988,,0,0,0,boundary
21,-0.0220197,-0.0448902,,1000.04,0,0.663951,,0.0867619,-0.0425587,0.0966378,,0,0,0,boundary
22,-0.0125326,-0.0484039,,1000.01,0,0.126476,,0.102049,-0.0264223,0.105414,,0,0,0,boundary
23,-0.00253246,-0.0499358,,999.97,0,-0.48732,,0.109958,-0.00557643,0.110099,,0,0,0,boundary
24,0.00757139,-0.0494234,,999.933,0,-1.07395,,0.109951,0.0168439,0.111234,,0,0,0,boundary
25,0.0173653,-0.0468876,,999.906,0,-1.50221,,0.100388,0.0371796,0.107052,,0,0,0,boundary
26,0.0264482,-0.0424322,,999.896,0,-1.65889,,0.0842956,0.0525419,0.0993297,,0,0,0,boundary
27,0.0344483,-0.0362396,,999.903,0,-1.55162,,0.0613801,0.0583462,0.0846865,,0,0,0,boundary
28,0.0410382,-0.0285634,,999.916,0,-1.34777,,0.0353194,0.0507448,0.0618264,,0,0,0,boundary
29,0.0459479,-0.0197178,,999.92,0,-1.28277,,0.015851,0.0369372,0.0401947,,0,0,0,boundary
30,0.0489765,-0.0100649,,999.907,0,-1.48868,,0.00401627,0.0195434,0.0199518,,0,0,0,boundary
31,0.06,0,,999.92,0.00924939,-1.27285,,0.0417539,1.70424e-14,0.0417539,,0.00179584,-3.05541e-15,1.50453e-13,fluid
32,0.0587718,0.0120779,,999.935,0.00996906,-1.0429,,0.0596974,-0.00810064,0.0602445,,0.000714469,0.00039271,-1.12372,fluid
33,0.0551375,0.0236614,,999.962,0.006828,-0.60477,,0.0934109,-0.00365361,0.0934823,,-0.000996385,-0.000943483,-1.40348,fluid
34,0.0492458,0.0342761,,999.954,0.000762406,-0.729668,,0.116616,0.00583921,0.116762,,-0.00177755,-0.00296304,-0.970524,fluid
35,0.041338,0.0434876,,999.945,-0.00979662,-0.884358,,0.128067,0.0118088,0.128611,,-0.00114657,-0.00450254,-0.378771,fluid
36,0.0317378,0.0509187,,999.939,-0.00787424,-0.975435,,0.128165,0.0178398,0.1294,,0.000549287,-0.00342642,-0.0674196,fluid
37,0.0208383,0.0562651,,999.944,0.00258961,-0.894815,,0.12163,0.0201755,0.123292,,0.00129495,0.000712556,0.0102217,fluid
38,0.00908567,0.0593081,,999.963,0.00666918,-0.590544,,0.115413,0.0188102,0.116936,,-0.000698855,0.00439097,0.00723233,fluid
39,-0.00303895,0.059923,,999.987,0.00286899,-0.214308,,0.109408,0.0164165,0.110633,,-0.00205316,0.00388112,-0.0264114,fluid
40,-0.0150392,0.0580846,,1000.01,-0.000954314,0.222688,,0.1056,0.0127074,0.106362,,-0.000826492,0.000976017,-0.00721691,fluid
41,-0.0264236,0.0538683,,1000.03,-0.00121998,0.542746,,0.103903,0.00761445,0.104182,,0.000741207,-0.000837976,0.0237886,fluid
42,-0.0367264,0.0474465,,1000.04,0.00200389,0.715564,,0.104688,0.0023104,0.104713,,0.000879276,-0.000948891,0.0284361,fluid
43,-0.0455255,0.0390823,,1000.06,0.00168276,0.926378,,0.107401,-0.0010988,0.107406,,0.000324964,-0.00041694,0.0185431,fluid
44,-0.0524608,0.0291181,,1000.07,-0.000126333,1.08228,,0.110187,-0.00243826,0.110214,,-0.000224269,-0.000107225,0.00382393,fluid
45,-0.0572484,0.0179618,,1000.07,-0.000380818,1.17897,,0.112406,-0.00220391,0.112428,,-0.000409962,-1.97925e-05,-0.00276334,fluid
46,-0.0596922,0.0060701,,1000.08,-0.000295828,1.23048,,0.113715,-0.000869794,0.113718,,-0.000397449,3.9704e-06,-0.00150862,fluid
47,-0.0596922,-0.0060701,,1000.08,-0.000295828,1.23048,,0.113715,0.000869794,0.113718,,-0.000397449,-3.9704e-06,0.00150862,fluid
48,-0.0572484,-0.0179618,,1000.07,-0.000380818,1.17897,,0.112406,0.00220391,0.112428,,-0.000409962,1.97925e-05,0.00276334,fluid
49,-0.0524608,-0.0291181,,1000.07,-0.000126333,1.08228,,0.110187,0.00243826,0.110214,,-0.000224269,0.000107225,-0.00382393,fluid
50,-0.0455255,-0.0390823,,1000.06,0.00168276,0.926378,,0.107401,0.0010988,0.107406,,0.000324964,0.00041694,-0.0185431,fluid
51,-0.0367264,-0.0474465,,1000.04,0.00200389,0.715564,,0.104688,-0.0023104,0.104713,,0.000879276,0.000948891,-0.0284361,fluid
52,-0.0264236,-0.0538683,,1000.03,-0.00121998,0.542746,,0.103903,-0.00761445,0.104182,,0.000741207,0.000837976,-0.0237886,fluid
53,-0.0150392,-0.0580846,,1000.01,-0.000954314,0.222688,,0.1056,-0.0127074,0.106362,,-0.000826492,-0.000976017,0.00721691,fluid
54,-0.00303895,-0.059923,,999.987,0.00286899,-0.214308,,0.109408,-0.0164165,0.110633,,-0.00205316,-0.00388112,0.0264114,fluid
55,0.00908567,-0.0593081,,999.963,0.00666918,-0.590544,,0.115413,-0.0188102,0.116936,,-0.000698855,-0.00439097,-0.00723233,fluid
56,0.0208383,-0.0562651,,999.944,0.00258961,-0.894815,,0.12163,-0.0201755,0.123292,,0.00129495,-0.000712556,-0.0102217,fluid
57,0.0317378,-0.0509187,,999.939,-0.00787424,-0.975435,,0.128165,-0.0178398,0.1294,,0.000549287,0.00342642,0.0674196,fluid
58,0.041338,-0.0434876,,999.945,-0.00979662,-0.884358,,0.128067,-0.0118088,0.128611,,-0.00114657,0.00450254,0.378771,fluid
59,0.0492458,-0.0342761,,999.954,0.000762406,-0.729668,,0.116616,-0.00583921,0.116762,,-0.00177755,0.00296304,0.970524,fluid
60,0.0551375,-0.0236614,,999.962,0.006828,-0.60477,,0.0934109,0.00365361,0.0934823,,-0.000996385,0.000943483,1.40348,fluid
61,0.0587718,-0.0120779,,999.935,0.00996906,-1.0429,,0.0596974,0.00810064,0.0602445,,0.000714469,-0.00039271,1.12372,fluid
62,0.0707032,0,,999.942,0.00969432,-0.923215,,0.0344995,1.44315e-15,0.0344995,,0.0016828,-1.45273e-14,3.35648e-13,fluid
63,0.0692559,0.0142324,,999.943,0.0141629,-0.919079,,0.0558334,-0.00893607,0.056544,,0.000955853,0.000900049,-1.2418,fluid
64,0.0649732,0.0278822,,999.94,0.0171137,-0.957784,,0.0913092,-0.00444492,0.0914173,,4.58156e-06,0.000578,-1.44601,fluid
65,0.0580306,0.0403905,,999.913,0.019247,-1.38691,,0.110272,0.00174413,0.110286,,-0.0003636,-0.000714142,-0.861884,fluid
66,0.0487121,0.0512451,,999.875,0.00462508,-1.99405,,0.114721,0.00415658,0.114796,,-0.000447854,-0.00296253,-0.249463,fluid
67,0.0373994,0.0600018,,999.862,-0.0146838,-2.21264,,0.113275,0.00478774,0.113376,,0.000579022,-0.00438159,0.0688621,fluid
68,0.0245556,0.066302,,999.88,-0.00999582,-1.91802,,0.110643,0.0045531,0.110736,,0.0012004,-0.0019793,0.147371,fluid
69,0.0107064,0.0698878,,999.92,-0.00414485,-1.28378,,0.108317,0.00516596,0.10844,,0.000345055,0.0020516,0.105018,fluid
70,-0.00358106,0.0706124,,999.961,-0.00175039,-0.627759,,0.105787,0.00723576,0.106034,,-0.00134259,0.00357542,0.0465758,fluid
71,-0.0177219,0.0684461,,1000.01,0.00452067,0.0921529,,0.102279,0.00884351,0.102661,,-0.00124151,0.00131858,0.0348821,fluid
72,-0.0311373,0.0634776,,1000.06,0.00225557,0.882623,,0.0994517,0.00868534,0.0998303,,0.000520229,-0.000921663,0.0594473,fluid
73,-0.0432778,0.0559103,,1000.1,-0.000697835,1.53407,,0.0977046,0.0074058,0.0979849,,0.00089629,-0.0010489,0.0678262,fluid
74,-0.0536466,0.0460541,,1000.13,0.00221222,2.12057,,0.0961821,0.00595354,0.0963662,,0.000191244,-0.000360578,0.0466401,fluid
75,-0.0618191,0.0343124,,1000.16,0.000657177,2.57719,,0.0947011,0.0045019,0.094808,,-0.000321831,2.57643e-05,0.0217605,fluid
76,-0.0674607,0.0211659,,1000.18,-0.000580238,2.8664,,0.0935794,0.00281958,0.0936219,,-0.000406442,6.90573e-05,0.00841316,fluid
77,-0.0703404,0.00715292,,1000.19,-0.000344638,3.01236,,0.093058,0.000961167,0.093063,,-0.000316149,1.7897e-05,0.00250428,fluid
78,-0.0703404,-0.00715292,,1000.19,-0.000344638,3.01236,,0.093058,-0.000961167,0.093063,,-0.000316149,-1.7897e-05,-0.00250428,fluid
79,-0.0674607,-0.0211659,,1000.18,-0.000580238,2.8664,,0.0935794,-0.00281958,0.0936219,,-0.000406442,-6.90573e-05,-0.00841316,fluid
80,-0.0618191,-0.0343124,,1000.16,0.000657177,2.57719,,0.0947011,-0.0045019,0.094808,,-0.000321831,-2.57643e-05,-0.0217605,fluid
81,-0.0536466,-0.0460541,,1000.13,0.00221222,2.12057,,0.0961821,-0.00595354,0.0963662,,0.000191244,0.000360578,-0.0466401,fluid
82,-0.0432778,-0.0559103,,1000.1,-0.000697835,1.53407,,0.0977046,-0.0074058,0.0979849,,0.00089629,0.0010489,-0.0678262,fluid
83,-0.0311373,-0.0634776,,1000.06,0.00225557,0.882623,,0.0994517,-0.00868534,0.0998303,,0.000520229,0.000921663,-0.0594473,fluid
84,-0.0177219,-0.0684461,,1000.01,0.00452067,0.0921529,,0.102279,-0.00884351,0.102661,,-0.00124151,-0.00131858,-0.0348821,fluid
85,-0.00358106,-0.0706124,,999.961,-0.00175039,-0.627759,,0.105787,-0.00723576,0.106034,,-0.00134259,-0.00357542,-0.0465758,fluid
86,0.0107064,-0.0698878,,999.92,-0.00414485,-1.28378,,0.108317,-0.00516596,0.10844,,0.000345055,-0.0020516,-0.105018,fluid
87,0.0245556,-0.066302,,999.88,-0.00999582,-1.91802,,0.110643,-0.0045531,0.110736,,0.0012004,0.0019793,-0.147371,fluid
88,0.0373994,-0.0600018,,999.862,-0.0146838,-2.21264,,0.113275,-0.00478774,0.113376,,0.000579022,0.00438159,-0.0688621,fluid
89,0.0487121,-0.0512451,,999.875,0.00462508,-1.99405,,0.114721,-0.00415658,0.114796,,-0.000447854,0.00296253,0.249463,fluid
90,0.0580306,-0.0403905,,999.913,0.019247,-1.38691,,0.110272,-0.00174413,0.110286,,-0.0003636,0.000714142,0.861884,fluid
91,0.0649732,-0.0278822,,999.94,0.0171137,-0.957784,,0.0913092,0.00444492,0.0914173,,4.58156e-06,-0.000578,1.44601,fluid
92,0.0692559,-0.0142324,,999.943,0.0141629,-0.919079,,0.0558334,0.00893607,0.056544,,0.000955853,-0.000900049,1.2418,fluid
93,0.0821589,0,,1000.06,-0.0107336,1.03214,,0.0412731,2.44625e-15,0.0412731,,8.50345e-05,-2.25984e-14,1.85477e-13,fluid
94,0.0804771,0.0165385,,1000.04,-0.00939006,0.606749,,0.0627874,-0.00759401,0.063245,,-0.000235434,0.000972572,-1.13616,fluid
95,0.0755006,0.0323999,,1000.01,-0.00344874,0.208436,,0.0946006,-0.00581094,0.0947789,,-7.78144e-06,0.00173264,-1.21789,fluid
96,0.067433,0.0469348,,1000.04,-0.00297205,0.642076,,0.108571,-0.00278188,0.108606,,0.00034875,0.00165558,-0.612892,fluid
97,0.0566048,0.0595482,,1000.07,0.00541018,1.0535,,0.109012,-0.000957383,0.109016,,0.000187418,9.58821e-05,-0.0917285,fluid
98,0.0434591,0.0697237,,1000.08,0.00730018,1.31473,,0.106151,-0.000628396,0.106152,,0.000402241,-0.0028841,0.127542,fluid
99,0.0285342,0.0770447,,1000.08,-0.00836147,1.23656,,0.104984,-0.0004382,0.104985,,0.00139563,-0.00417119,0.161138,fluid
100,0.0124411,0.0812115,,1000.05,-0.00296727,0.87032,,0.10446,0.000737881,0.104463,,0.00143407,-0.00105756,0.109666,fluid
101,-0.00416128,0.0820535,,1000.04,0.00855718,0.579665,,0.10309,0.00354302,0.103151,,-0.000664498,0.0026748,0.0342168,fluid
102,-0.0205933,0.0795362,,1000.02,-0.00237023,0.249533,,0.100329,0.00631369,0.100527,,-0.00166525,0.00176019,-0.00139917,fluid
103,-0.0361823,0.0737627,,999.997,0.00320851,-0.0507716,,0.0975833,0.00769697,0.0978864,,-5.89894e-05,-0.000485608,0.0153462,fluid
104,-0.05029,0.0649693,,999.982,-0.000479974,-0.292775,,0.0954204,0.00770774,0.0957312,,0.000800506,-0.000925328,0.0319819,fluid
105,-0.0623388,0.0535161,,999.966,-0.00202529,-0.546277,,0.0931836,0.00697521,0.0934443,,0.000201037,-0.000308764,0.0203306,fluid
106,-0.0718354,0.0398719,,999.954,0.000249686,-0.735546,,0.0909104,0.00565958,0.0910864,,-0.000341757,0.00011374,0.00293264,fluid
107,-0.0783911,0.0245954,,999.948,-0.000476719,-0.838974,,0.0890937,0.00372915,0.0891717,,-0.000315144,0.000148712,-0.00268291,fluid
108,-0.0817374,0.00831188,,999.944,0.000104103,-0.89189,,0.0881961,0.00130896,0.0882058,,-0.000208161,4.02363e-05,-0.00106015,fluid
109,-0.0817374,-0.00831188,,999.944,0.000104103,-0.89189,,0.0881961,-0.00130896,0.0882058,,-0.000208161,-4.02363e-05,0.00106015,fluid
110,-0.0783911,-0.0245954,,999.948,-0.000476719,-0.838974,,0.0890937,-0.00372915,0.0891717,,-0.000315144,-0.000148712,0.00268291,fluid
111,-0.0718354,-0.0398719,,999.954,0.000249686,-0.735546,,0.0909104,-0.00565958,0.0910864,,-0.000341757,-0.00011374,-0.00293264,fluid
112,-0.0623388,-0.0535161,,999.966,-0.00202529,-0.546277,,0.0931836,-0.00697521,0.0934443,,0.000201037,0.000308764,-0.0203306,fluid
113,-0.05029,-0.0649693,,999.982,-0.000479974,-0.292775,,0.0954204,-0.00770774,0.0957312,,0.000800506,0.000925328,-0.0319819,fluid
114,-0.0361823,-0.0737627,,999.997,0.00320851,-0.0507716,,0.0975833,-0.00769697,0.0978864,,-5.89894e-05,0.000485608,-0.0153462,fluid
115,-0.0205933,-0.0795362,,1000.02,-0.00237023,0.249533,,0.100329,-0.00631369,0.100527,,-0.00166525,-0.00176019,0.00139917,fluid
116,-0.00416128,-0.0820535,,1000.04,0.00855718,0.579665,,0.10309,-0.00354302,0.103151,,-0.000664498,-0.0026748,-0.0342168,fluid
117,0.0124411,-0.0812115,,1000.05,-0.00296727,0.87032,,0.10446,-0.000737881,0.104463,,0.00143407,0.00105756,-0.109666,fluid
118,0.0285342,-0.0770447,,1000.08,-0.00836147,1.23656,,0.104984,0.0004382,0.104985,,0.00139563,0.00417119,-0.161138,fluid
119,0.0434591,-0.0697237,,1000.08,0.00730018,1.31473,,0.106151,0.000628396,0.106152,,0.000402241,0.0028841,-0.127542,fluid
120,0.0566048,-0.0595482,,1000.07,0.00541018,1.0535,,0.109012,0.000957383,0.109016,,0.000187418,-9.58821e-05,0.0917285,fluid
121,0.067433,-0.0469348,,1000.04,-0.00297205,0.642076,,0.108571,0.00278188,0.108606,,0.00034875,-0.00165558,0.612892,fluid
122,0.0755006,-0.0323999,,1000.01,-0.00344874,0.208436,,0.0946006,0.00581094,0.0947789,,-7.78144e-06,-0.00173264,1.21789,fluid
123,0.0804771,-0.0165385,,1000.04,-0.00939006,0.606749,,0.0627874,0.00759401,0.063245,,-0.000235434,-0.000972572,1.13616,fluid
124,0.0944202,0,,999.974,0.00822062,-0.422143,,0.0519881,2.09887e-15,0.0519881,,-0.00026423,-2.27404e-14,6.61095e-14,fluid
125,0.0924874,0.0190067,,999.952,0.00321876,-0.764487,,0.0718641,-0.00542137,0.0720683,,-0.000740864,0.000757165,-0.967197,fluid
126,0.0867682,0.0372352,,999.968,0.0012089,-0.506885,,0.10005,-0.0036395,0.100117,,-0.000485553,0.00142992,-0.952248,fluid
127,0.0774967,0.0539393,,999.987,-0.00295821,-0.201595,,0.110735,-0.000288801,0.110735,,-0.000423172,0.00169225,-0.392222,fluid
128,0.0650524,0.0684351,,999.973,-0.00348755,-0.432707,,0.109688,0.00196223,0.109705,,-0.000950438,0.00159695,-0.00333422,fluid
129,0.0499449,0.0801292,,999.97,0.00418965,-0.478424,,0.106123,0.00369386,0.106187,,-0.000401806,0.000162545,0.100269,fluid
130,0.0327926,0.0885428,,999.973,0.00323729,-0.428162,,0.104183,0.00504412,0.104305,,0.00149412,-0.00204775,0.0973122,fluid
131,0.0142978,0.0933314,,999.983,0.00168521,-0.272399,,0.103615,0.00469836,0.103721,,0.00203703,-0.00201215,0.0723066,fluid
132,-0.00478231,0.094299,,999.999,0.00352257,-0.0197225,,0.103077,0.0043775,0.10317,,-2.55378e-05,0.000712827,0.0177554,fluid
133,-0.0236667,0.0914061,,1000.02,-0.00223434,0.296117,,0.10133,0.00518735,0.101462,,-0.00167188,0.00180639,-0.0262995,fluid
134,-0.0415821,0.0847709,,1000.03,-0.00271103,0.557382,,0.0994441,0.00580174,0.0996132,,-0.000620351,-0.00015413,-0.0156765,fluid
135,-0.0577952,0.0746652,,1000.05,0.00140534,0.827374,,0.0985647,0.0048313,0.0986831,,0.000443622,-0.000831979,0.00827006,fluid
136,-0.0716421,0.0615027,,1000.07,0.00130198,1.09036,,0.0978658,0.00368676,0.0979352,,0.000293645,-0.000170064,0.0052826,fluid
137,-0.082556,0.0458223,,1000.08,0.000346131,1.29288,,0.0972318,0.0027429,0.0972705,,-0.000224162,0.000253402,-0.00609577,fluid
138,-0.09009,0.0282659,,1000.09,0.000441739,1.42748,,0.0965847,0.00170235,0.0965997,,-0.000252504,0.000218455,-0.00743103,fluid
139,-0.0939358,0.00955234,,1000.09,-1.58086e-05,1.49352,,0.0963564,0.000618131,0.0963584,,-0.000164204,4.69251e-05,-0.00244443,fluid
140,-0.0939358,-0.00955234,,1000.09,-1.58086e-05,1.49352,,0.0963564,-0.000618131,0.0963584,,-0.000164204,-4.69251e-05,0.00244443,fluid
141,-0.09009,-0.0282659,,1000.09,0.000441739,1.42748,,0.0965847,-0.00170235,0.0965997,,-0.000252504,-0.000218455,0.00743103,fluid
142,-0.082556,-0.0458223,,1000.08,0.000346131,1.29288,,0.0972318,-0.0027429,0.0972705,,-0.000224162,-0.000253402,0.00609577,fluid
143,-0.0716421,-0.0615027,,1000.07,0.00130198,1.09036,,0.0978658,-0.00368676,0.0979352,,0.000293645,0.000170064,-0.0052826,fluid
144,-0.0577952,-0.0746652,,1000.05,0.00140534,0.827374,,0.0985647,-0.0048313,0.0986831,,0.000443622,0.000831979,-0.00827006,fluid
145,-0.0415821,-0.0847709,,1000.03,-0.00271103,0.557382,,0.0994441,-0.00580174,0.0996132,,-0.000620351,0.00015413,0.0156765,fluid
146,-0.0236667,-0.0914061,,1000.02,-0.00223434,0.296117,,0.10133,-0.00518735,0.101462,,-0.00167188,-0.00180639,0.0262995,fluid
147,-0.00478231,-0.094299,,999.999,0.00352257,-0.0197225,,0.103077,-0.0043775,0.10317,,-2.55378e-05,-0.000712827,-0.0177554,fluid
148,0.0142978,-0.0933314,,999.983,0.00168521,-0.272399,,0.103615,-0.00469836,0.103721,,0.00203703,0.00201215,-0.0723066,fluid
149,0.0327926,-0.0885428,,999.973,0.00323729,-0.428162,,0.104183,-0.00504412,0.104305,,0.00149412,0.00204775,-0.0973122,fluid
150,0.0499449,-0.0801292,,999.97,0.00418965,-0.478424,,0.106123,-0.00369386,0.106187,,-0.000401806,-0.000162545,-0.100269,fluid
151,0.0650524,-0.0684351,,999.973,-0.00348755,-0.432707,,0.109688,-0.00196223,0.109705,,-0.000950438,-0.00159695,0.00333422,fluid
152,0.0774967,-0.0539393,,999.987,-0.00295821,-0.201595,,0.110735,0.000288801,0.110735,,-0.000423172,-0.00169225,0.392222,fluid
153,0.0867682,-0.0372352,,999.968,0.0012089,-0.506885,,0.10005,0.0036395,0.100117,,-0.000485553,-0.00142992,0.952248,fluid
154,0.0924874,-0.0190067,,999.952,0.00321876,-0.764487,,0.0718641,0.00542137,0.0720683,,-0.000740864,-0.000757165,0.967197,fluid
155,0.107544,0,,1000,0.00466618,0.0636458,,0.055563,1.35219e-15,0.055563,,-0.000679501,-1.47794e-14,-3.90119e-15,fluid
156,0.105342,0.0216484,,999.984,0.000357165,-0.251391,,0.0754495,-0.00541163,0.0756433,,-0.000880596,0.000154727,-0.804969,fluid
157,0.0988281,0.0424105,,999.998,-0.0010685,-0.0314916,,0.101638,-0.00327254,0.101691,,-0.00018913,0.000452943,-0.723567,fluid
158,0.0882679,0.0614363,,999.999,0.00216377,-0.0200625,,0.10945,-0.000164758,0.10945,,-8.84247e-05,0.000710345,-0.229228,fluid
159,0.074094,0.0779469,,999.983,-0.00129143,-0.275698,,0.107301,0.000914222,0.107305,,-0.00119613,0.00123365,0.041862,fluid
160,0.0568867,0.0912663,,999.986,-0.00283112,-0.225067,,0.104328,0.00171942,0.104342,,-0.00141253,0.0017066,0.055892,fluid
161,0.0373505,0.100849,,999.991,0.00130419,-0.145333,,0.102977,0.00382567,0.103048,,0.000398739,0.000104149,0.0256536,fluid
162,0.0162851,0.106304,,1000,0.00199015,0.0210293,,0.10302,0.00418145,0.103105,,0.00189013,-0.00204689,0.0339001,fluid
163,-0.005447,0.107406,,1000.01,-0.002215,0.128163,,0.103121,0.00358357,0.103183,,0.000774145,-0.000718067,0.0182256,fluid
164,-0.0269561,0.104111,,1000.02,0.00181514,0.295041,,0.102014,0.0042389,0.102102,,-0.00116156,0.00144176,-0.021045,fluid
165,-0.0473616,0.0965532,,1000.03,-0.000642925,0.448082,,0.0999649,0.00529906,0.100105,,-0.000717461,0.000228809,-0.0188015,fluid
166,-0.0658281,0.0850429,,1000.04,0.000965896,0.601421,,0.0988791,0.00464671,0.0989882,,0.00035596,-0.000579299,0.00483546,fluid
167,-0.0815997,0.070051,,1000.05,0.00162459,0.752137,,0.0979758,0.00370998,0.098046,,0.000290833,-4.5279e-05,0.00526233,fluid
168,-0.0940305,0.0521912,,1000.05,-0.000702377,0.863535,,0.0971499,0.00290503,0.0971933,,-0.000191151,0.000248639,-0.00399883,fluid
169,-0.102612,0.0321946,,1000.06,0.000283923,0.932896,,0.0962678,0.00182711,0.0962852,,-0.000192611,0.000179796,-0.00535547,fluid
170,-0.106992,0.01088,,1000.06,-0.000326553,0.969047,,0.0959508,0.000691763,0.0959533,,-9.13101e-05,3.549e-05,-0.00154986,fluid
171,-0.106992,-0.01088,,1000.06,-0.000326553,0.969047,,0.0959508,-0.000691763,0.0959533,,-9.13101e-05,-3.549e-05,0.00154986,fluid
172,-0.102612,-0.0321946,,1000.06,0.000283923,0.932896,,0.0962678,-0.00182711,0.0962852,,-0.000192611,-0.000179796,0.00535547,fluid
173,-0.0940305,-0.0521912,,1000.05,-0.000702377,0.863535,,0.0971499,-0.00290503,0.0971933,,-0.000191151,-0.000248639,0.00399883,fluid
174,-0.0815997,-0.070051,,1000.05,0.00162459,0.752137,,0.0979758,-0.00370998,0.098046,,0.000290833,4.5279e-05,-0.00526233,fluid
175,-0.0658281,-0.0850429,,1000.04,0.000965896,0.601421,,0.0988791,-0.00464671,0.0989882,,0.00035596,0.000579299,-0.00483546,fluid
176,-0.0473616,-0.0965532,,1000.03,-0.000642925,0.448082,,0.0999649,-0.00529906,0.100105,,-0.000717461,-0.000228809,0.0188015,fluid
177,-0.0269561,-0.104111,,1000.02,0.00181514,0.295041,,0.102014,-0.0042389,0.102102,,-0.00116156,-0.00144176,0.021045,fluid
178,-0.005447,-0.107406,,1000.01,-0.002215,0.128163,,0.103121,-0.00358357,0.103183,,0.000774145,0.000718067,-0.0182256,fluid
179,0.0162851,-0.106304,,1000,0.00199015,0.0210293,,0.10302,-0.00418145,0.103105,,0.00189013,0.00204689,-0.0339001,fluid
180,0.0373505,-0.100849,,999.991,0.00130419,-0.145333,,0.102977,-0.00382567,0.103048,,0.000398739,-0.000104149,-0.0256536,fluid
181,0.0568867,-0.0912663,,999.986,-0.00283112,-0.225067,,0.104328,-0.00171942,0.104342,,-0.00141253,-0.0017066,-0.055892,fluid
182,0.074094,-0.0779469,,999.983,-0.00129143,-0.275698,,0.107301,-0.000914222,0.107305,,-0.00119613,-0.00123365,-0.041862,fluid
183,0.0882679,-0.0614363,,999.999,0.00216377,-0.0200625,,0.10945,0.000164758,0.10945,,-8.84247e-05,-0.000710345,0.229228,fluid
184,0.0988281,-0.0424105,,999.998,-0.0010685,-0.0314916,,0.101638,0.00327254,0.101691,,-0.00018913,-0.000452943,0.723567,fluid
185,0.105342,-0.0216484,,999.984,0.000357165,-0.251391,,0.0754495,0.00541163,0.0756433,,-0.000880596,-0.000154727,0.804969,fluid
186,0.12159,0,,1000.01,-0.00478017,0.186202,,0.0602962,6.4186e-16,0.0602962,,-0.000820649,-6.47828e-15,-4.05264e-14,fluid
187,0.119101,0.0244759,,999.993,-0.000616339,-0.104017,,0.0794807,-0.00474732,0.0796224,,-0.000811691,-1.97573e-06,-0.666993,fluid
188,0.111736,0.0479497,,1000.01,-0.00133628,0.1027,,0.102908,-0.00223112,0.102932,,0.000244588,8.85309e-05,-0.5489,fluid
189,0.0997966,0.0694605,,1000,0.00152644,0.069914,,0.10792,0.000305427,0.107921,,0.000525533,-0.000459708,-0.126059,fluid
190,0.0837715,0.0881275,,999.998,-0.00260343,-0.0276796,,0.105553,0.000363166,0.105553,,-0.000608698,-0.00056735,0.0631892,fluid
191,0.0643167,0.103187,,1000.01,-0.00424237,0.118853,,0.103757,5.76245e-06,0.103757,,-0.00118902,0.00154558,0.0328404,fluid
192,0.0422288,0.114021,,1000.01,-0.00454274,0.10883,,0.102853,0.00253581,0.102884,,-0.000614418,0.0018422,-0.0166949,fluid
193,0.0184121,0.120188,,1000.01,0.00305118,0.169751,,0.102484,0.00400191,0.102562,,0.00101649,-0.00120425,0.00710604,fluid
194,-0.00615843,0.121434,,1000.01,-0.00343546,0.228347,,0.102492,0.00329208,0.102545,,0.001161,-0.00154046,0.0241846,fluid
195,-0.0304768,0.117708,,1000.02,0.000893865,0.296418,,0.101754,0.0033086,0.101808,,-0.000572408,0.000884455,-0.005784,fluid
196,-0.0535475,0.109164,,1000.02,0.00102239,0.391893,,0.0997638,0.00437064,0.0998595,,-0.000709177,0.000463339,-0.0133828,fluid
197,-0.0744259,0.0961504,,1000.03,-0.000909017,0.479005,,0.0986805,0.00390371,0.0987577,,0.000202615,-0.000370635,0.00468104,fluid
198,-0.0922574,0.0792003,,1000.03,0.000993941,0.55885,,0.0978336,0.0031261,0.0978835,,0.000229319,5.95278e-06,0.0060331,fluid
199,-0.106312,0.0590078,,1000.04,-0.000954462,0.631064,,0.0971434,0.0024833,0.0971751,,-0.000150363,0.000218708,-0.00152137,fluid
200,-0.116014,0.0363995,,1000.04,0.000117907,0.67538,,0.0963746,0.00156572,0.0963873,,-0.000147648,0.000130924,-0.00311372,fluid
201,-0.120966,0.0123011,,1000.04,-0.000289834,0.703849,,0.096114,0.000604398,0.0961159,,-4.95723e-05,2.1731e-05,-0.000673069,fluid
202,-0.120966,-0.0123011,,1000.04,-0.000289834,0.703849,,0.096114,-0.000604398,0.0961159,,-4.95723e-05,-2.1731e-05,0.000673069,fluid
203,-0.116014,-0.0363995,,1000.04,0.000117907,0.67538,,0.0963746,-0.00156572,0.0963873,,-0.000147648,-0.000130924,0.00311372,fluid
204,-0.106312,-0.0590078,,1000.04,-0.000954462,0.631064,,0.0971434,-0.0024833,0.0971751,,-0.000150363,-0.000218708,0.00152137,fluid
205,-0.0922574,-0.0792003,,1000.03,0.000993941,0.55885,,0.0978336,-0.0031261,0.0978835,,0.000229319,-5.95278e-06,-0.0060331,fluid
206,-0.0744259,-0.0961504,,1000.03,-0.000909017,0.479005,,0.0986805,-0.00390371,0.0987577,,0.000202615,0.000370635,-0.00468104,fluid
207,-0.0535475,-0.109164,,1000.02,0.00102239,0.391893,,0.0997638,-0.00437064,0.0998595,,-0.000709177,-0.000463339,0.0133828,fluid
208,-0.0304768,-0.117708,,1000.02,0.000893865,0.296418,,0.101754,-0.0033086,0.101808,,-0.000572408,-0.000884455,0.005784,fluid
209,-0.00615843,-0.121434,,1000.01,-0.00343546,0.228347,,0.102492,-0.00329208,0.102545,,0.001161,0.00154046,-0.0241846,fluid
210,0.0184121,-0.120188,,1000.01,0.00305118,0.169751,,0.102484,-0.00400191,0.102562,,0.00101649,0.00120425,-0.00710604,fluid
211,0.0422288,-0.114021,,1000.01,-0.00454274,0.10883,,0.102853,-0.00253581,0.102884,,-0.000614418,-0.0018422,0.0166949,fluid
212,0.0643167,-0.103187,,1000.01,-0.00424237,0.118853,,0.103757,-5.76245e-06,0.103757,,-0.00118902,-0.00154558,-0.0328404,fluid
213,0.0837715,-0.0881275,,999.998,-0.00260343,-0.0276796,,0.105553,-0.000363166,0.105553,,-0.000608698,0.00056735,-0.0631892,fluid
214,0.0997966,-0.0694605,,1000,0.00152644,0.069914,,0.10792,-0.000305427,0.107921,,0.000525533,0.000459708,0.126059,fluid
215,0.111736,-0.0479497,,1000.01,-0.00133628,0.1027,,0.102908,0.00223112,0.102932,,0.000244588,-8.85309e-05,0.5489,fluid
216,0.119101,-0.0244759,,999.993,-0.000616339,-0.104017,,0.0794807,0.00474732,0.0796224,,-0.000811691,1.97573e-06,0.666993,fluid
217,0.136624,0,,1000.01,-0.00361405,0.157695,,0.0645311,2.43528e-16,0.0645311,,-0.000719292,-2.33756e-15,-6.00679e-14,fluid
218,0.133827,0.0275022,,999.992,0.00383074,-0.12125,,0.0828606,-0.00419606,0.0829668,,-0.000792732,0.000135912,-0.553713,fluid
219,0.125552,0.0538784,,1000.01,-0.000730543,0.106393,,0.103567,-0.00154582,0.103578,,0.000386435,0.000528949,-0.421679,fluid
220,0.112136,0.0780489,,1000,-0.000324573,0.0781544,,0.106404,0.000837223,0.106407,,0.000874872,-0.000260495,-0.0727051,fluid
221,0.0941293,0.099024,,1000,-0.00220969,0.0314342,,0.104322,0.000900188,0.104326,,2.40517e-05,-0.00195937,0.0637732,fluid
222,0.0722691,0.115945,,1000.01,0.00687474,0.126872,,0.103444,-0.000494197,0.103445,,-0.000514082,0.000141016,0.0300996,fluid
223,0.0474502,0.128119,,1000.01,-0.0038505,0.136033,,0.102989,0.00154278,0.103,,-0.000749077,0.00261281,-0.0273895,fluid
224,0.0206887,0.135048,,1000.01,0.000740815,0.149431,,0.102123,0.00382889,0.102195,,7.09425e-05,-9.29868e-05,-0.00905591,fluid
225,-0.00691989,0.136449,,1000.02,0.00123139,0.24109,,0.101752,0.0032122,0.101802,,0.00105782,-0.00174769,0.0245538,fluid
226,-0.0342451,0.132262,,1000.02,-0.000597056,0.31886,,0.101393,0.00260467,0.101426,,-0.00010277,0.000391208,0.00444309,fluid
227,-0.0601684,0.122662,,1000.03,0.00107038,0.412077,,0.0997901,0.00353885,0.0998529,,-0.000595843,0.000588482,-0.00993965,fluid
228,-0.0836283,0.108039,,1000.03,-0.00131785,0.5037,,0.0988672,0.00325687,0.0989209,,6.69612e-05,-0.000194991,0.00210654,fluid
229,-0.103664,0.088993,,1000.04,0.000976753,0.580526,,0.0981588,0.00261036,0.0981935,,0.00017302,3.37445e-05,0.00408215,fluid
230,-0.119457,0.0663038,,1000.04,-0.000342281,0.656861,,0.0976339,0.00209467,0.0976564,,-0.000109874,0.000189376,-0.00116166,fluid
231,-0.130358,0.0409002,,1000.04,0.000137537,0.697314,,0.0969961,0.00130654,0.0970049,,-0.00010726,9.2528e-05,-0.00222638,fluid
232,-0.135923,0.013822,,1000.05,-5.95516e-05,0.724112,,0.0968004,0.000507025,0.0968017,,-2.56325e-05,1.16062e-05,-0.000330271,fluid
233,-0.135923,-0.013822,,1000.05,-5.95516e-05,0.724112,,0.0968004,-0.000507025,0.0968017,,-2.56325e-05,-1.16062e-05,0.000330271,fluid
234,-0.130358,-0.0409002,,1000.04,0.000137537,0.697314,,0.0969961,-0.00130654,0.0970049,,-0.00010726,-9.2528e-05,0.00222638,fluid
235,-0.119457,-0.0663038,,1000.04,-0.000342281,0.656861,,0.0976339,-0.00209467,0.0976564,,-0.000109874,-0.000189376,0.00116166,fluid
236,-0.103664,-0.088993,,1000.04,0.000976753,0.580526,,0.0981588,-0.00261036,0.0981935,,0.00017302,-3.37445e-05,-0.00408215,fluid
237,-0.0836283,-0.108039,,1000.03,-0.00131785,0.5037,,0.0988672,-0.00325687,0.0989209,,6.69612e-05,0.000194991,-0.00210654,fluid
238,-0.0601684,-0.122662,,1000.03,0.00107038,0.412077,,0.0997901,-0.00353885,0.0998529,,-0.000595843,-0.000588482,0.00993965,fluid
239,-0.0342451,-0.132262,,1000.02,-0.000597056,0.31886,,0.101393,-0.00260467,0.101426,,-0.00010277,-0.000391208,-0.00444309,fluid
240,-0.00691989,-0.136449,,1000.02,0.00123139,0.24109,,0.101752,-0.0032122,0.101802,,0.00105782,0.00174769,-0.0245538,fluid
241,0.0206887,-0.135048,,1000.01,0.000740815,0.149431,,0.102123,-0.00382889,0.102195,,7.09425e-05,9.29868e-05,0.00905591,fluid
242,0.0474502,-0.128119,,1000.01,-0.0038505,0.136033,,0.102989,-0.00154278,0.103,,-0.000749077,-0.00261281,0.0273895,fluid
243,0.0722691,-0.115945,,1000.01,0.00687474,0.126872,,0.103444,0.000494197,0.103445,,-0.000514082,-0.000141016,-0.0300996,fluid
244,0.0941293,-0.099024,,1000,-0.00220969,0.0314342,,0.104322,-0.000900188,0.104326,,2.40517e-05,0.00195937,-0.0637732,fluid
245,0.112136,-0.0780489,,1000,-0.000324573,0.0781544,,0.106404,-0.000837223,0.106407,,0.000874872,0.000260495,0.0727051,fluid
246,0.125552,-0.0538784,,1000.01,-0.000730543,0.106393,,0.103567,0.00154582,0.103578,,0.000386435,-0.000528949,0.421679,fluid
247,0.133827,-0.0275022,,999.992,0.00383074,-0.12125,,0.0828606,0.00419606,0.0829668,,-0.000792732,-0.000135912,0.553713,fluid
248,0.152715,0,,1000.01,-0.000201884,0.125731,,0.0681556,1.35496e-16,0.0681556,,-0.000742712,-5.19273e-15,-7.1422e-14,fluid
249,0.149589,0.0307413,,999.993,0.00129584,-0.110986,,0.0856218,-0.00379716,0.085706,,-0.00109251,9.1141e-05,-0.459481,fluid
250,0.140339,0.060224,,1000.01,-0.0035653,0.124862,,0.103816,-0.00138565,0.103825,,2.49848e-07,0.00111717,-0.325836,fluid
251,0.125343,0.0872412,,1000.01,0.00114608,0.113018,,0.104948,0.000799602,0.104951,,0.000952128,0.00117261,-0.0505841,fluid
252,0.105216,0.110687,,1000,-0.00108738,0.0786276,,0.103379,0.00173295,0.103393,,0.000394756,-0.00197923,0.0461267,fluid
253,0.0807807,0.129601,,1000.01,0.00724244,0.0832856,,0.10319,-6.54346e-05,0.10319,,-0.000365962,-0.00160844,0.0328314,fluid
254,0.0530387,0.143209,,1000.01,0.00143406,0.165409,,0.102909,0.000666414,0.102911,,-0.000320575,0.00230226,-0.0194802,fluid
255,0.0231253,0.150954,,1000.01,-0.00388792,0.185331,,0.101987,0.00332756,0.102041,,-0.000470134,0.000808843,-0.0171166,fluid
256,-0.00773489,0.152519,,1000.02,0.00433747,0.248946,,0.10129,0.0030946,0.101338,,0.000713875,-0.00154575,0.0190866,fluid
257,-0.0382784,0.14784,,1000.02,-0.000822626,0.341888,,0.10118,0.00217665,0.101203,,0.000212693,9.30005e-06,0.00828143,fluid
258,-0.0672548,0.137108,,1000.03,0.000376015,0.414446,,0.0999688,0.00297561,0.100013,,-0.000451453,0.000574034,-0.00793427,fluid
259,-0.0934777,0.120763,,1000.03,-0.000718996,0.494589,,0.0991595,0.00283861,0.0992001,,-3.46837e-06,-6.79798e-05,-0.000277876,fluid
260,-0.115874,0.0994743,,1000.03,0.000515852,0.556889,,0.0985192,0.00229995,0.0985461,,0.000132088,3.86039e-05,0.00212683,fluid
261,-0.133526,0.0741129,,1000.04,-0.000184894,0.621815,,0.0980665,0.00184783,0.0980839,,-6.74069e-05,0.00014789,-0.001062,fluid
262,-0.145711,0.0457172,,1000.04,-0.00012982,0.656154,,0.0975207,0.00115908,0.0975276,,-6.67153e-05,6.69527e-05,-0.00161545,fluid
263,-0.151931,0.0154499,,1000.04,-0.000153671,0.67782,,0.0973451,0.000441598,0.0973461,,-9.58549e-06,4.07253e-06,-0.000142086,fluid
264,-0.151931,-0.0154499,,1000.04,-0.000153671,0.67782,,0.0973451,-0.000441598,0.0973461,,-9.58549e-06,-4.07253e-06,0.000142086,fluid
265,-0.145711,-0.0457172,,1000.04,-0.00012982,0.656154,,0.0975207,-0.00115908,0.0975276,,-6.67153e-05,-6.69527e-05,0.00161545,fluid
266,-0.133526,-0.0741129,,1000.04,-0.000184894,0.621815,,0.0980665,-0.00184783,0.0980839,,-6.74069e-05,-0.00014789,0.001062,fluid
267,-0.115874,-0.0994743,,1000.03,0.000515852,0.556889,,0.0985192,-0.00229995,0.0985461,,0.000132088,-3.86039e-05,-0.00212683,fluid
268,-0.0934777,-0.120763,,1000.03,-0.000718996,0.494589,,0.0991595,-0.00283861,0.0992001,,-3.46837e-06,6.79798e-05,0.000277876,fluid
269,-0.0672548,-0.137108,,1000.03,0.000376015,0.414446,,0.0999688,-0.00297561,0.100013,,-0.000451453,-0.000574034,0.00793427,fluid
270,-0.0382784,-0.14784,,1000.02,-0.000822626,0.341888,,0.10118,-0.00217665,0.101203,,0.000212693,-9.30005e-06,-0.00828143,fluid
271,-0.00773489,-0.152519,,1000.02,0.00433747,0.248946,,0.10129,-0.0030946,0.101338,,0.000713875,0.00154575,-0.0190866,fluid
272,0.0231253,-0.150954,,1000.01,-0.00388792,0.185331,,0.101987,-0.00332756,0.102041,,-0.000470134,-0.000808843,0.0171166,fluid
273,0.0530387,-0.143209,,1000.01,0.00143406,0.165409,,0.102909,-0.000666414,0.102911,,-0.000320575,-0.00230226,0.0194802,fluid
274,0.0807807,-0.129601,,1000.01,0.00724244,0.0832856,,0.10319,6.54346e-05,0.10319,,-0.000365962,0.00160844,-0.0328314,fluid
275,0.105216,-0.110687,,1000,-0.00108738,0.0786276,,0.103379,-0.00173295,0.103393,,0.000394756,0.00197923,-0.0461267,fluid
276,0.125343,-0.0872412,,1000.01,0.00114608,0.113018,,0.104948,-0.000799602,0.104951,,0.000952128,-0.00117261,0.0505841,fluid
277,0.140339,-0.060224,,1000.01,-0.0035653,0.124862,,0.103816,0.00138565,0.103825,,2.49848e-07,-0.00111717,0.325836,fluid
278,0.149589,-0.0307413,,999.993,0.00129584,-0.110986,,0.0856218,0.00379716,0.085706,,-0.00109251,-9.1141e-05,0.459481,fluid
279,0.169937,0,,1000.01,0.00054416,0.179669,,0.0715754,2.87e-18,0.0715754,,-0.000664642,-9.67033e-15,-7.73638e-14,fluid
280,0.166459,0.0342082,,1000,-0.00275319,0.0136068,,0.0882055,-0.00337528,0.0882701,,-0.00126998,-0.000182975,-0.379616,fluid
281,0.156165,0.0670158,,1000.01,-0.00198231,0.191651,,0.104158,-0.00148838,0.104169,,-0.000496781,0.00113705,-0.247545,fluid
282,0.139478,0.0970799,,1000.01,0.00238308,0.141081,,0.103775,1.61992e-05,0.103775,,0.000769715,0.00256808,-0.0397193,fluid
283,0.117081,0.123169,,1000.01,-0.000776043,0.108839,,0.10274,0.00216134,0.102762,,0.000394267,-0.000752028,0.0196779,fluid
284,0.0898908,0.144216,,1000.01,-0.00343795,0.0909053,,0.102983,0.000780158,0.102986,,-0.00028204,-0.00255168,0.0314076,fluid
285,0.0590202,0.159359,,1000.01,0.00374445,0.161473,,0.102599,7.84229e-05,0.102599,,0.00011922,0.00135193,-0.00595016,fluid
286,0.0257333,0.167978,,1000.01,-0.00596617,0.2221,,0.101943,0.0026475,0.101978,,-0.000581425,0.00130511,-0.0189067,fluid
287,-0.00860719,0.169719,,1000.02,0.00305847,0.24185,,0.101063,0.0028916,0.101105,,0.000325182,-0.00116852,0.0119621,fluid
288,-0.0425953,0.164513,,1000.02,-0.000334946,0.348303,,0.101016,0.00191833,0.101034,,0.000345224,-0.000204844,0.0086646,fluid
289,-0.0748395,0.152571,,1000.03,-0.000406315,0.411366,,0.100097,0.00255173,0.100129,,-0.000302169,0.000488796,-0.00593696,fluid
290,-0.10402,0.134382,,1000.03,-9.26839e-05,0.48545,,0.0993558,0.00248041,0.0993868,,-4.12232e-05,1.58877e-05,-0.00124239,fluid
291,-0.128941,0.110693,,1000.03,-3.72212e-05,0.545399,,0.098765,0.00202708,0.0987858,,9.07657e-05,4.40156e-05,0.00111702,fluid
292,-0.148584,0.082471,,1000.04,-0.000243932,0.601563,,0.0983632,0.00160883,0.0983764,,-4.59689e-05,0.000110626,-0.00071203,fluid
293,-0.162144,0.050873,,1000.04,-0.000268046,0.636006,,0.0979013,0.00100271,0.0979064,,-4.25247e-05,4.6437e-05,-0.00101726,fluid
294,-0.169066,0.0171923,,1000.04,-0.000186274,0.657021,,0.0977541,0.0003832,0.0977549,,-2.37993e-06,1.54622e-07,1.14613e-05,fluid
295,-0.169066,-0.0171923,,1000.04,-0.000186274,0.657021,,0.0977541,-0.0003832,0.0977549,,-2.37993e-06,-1.54622e-07,-1.14613e-05,fluid
296,-0.162144,-0.050873,,1000.04,-0.000268046,0.636006,,0.0979013,-0.00100271,0.0979064,,-4.25247e-05,-4.6437e-05,0.00101726,fluid
297,-0.148584,-0.082471,,1000.04,-0.000243932,0.601563,,0.0983632,-0.00160883,0.0983764,,-4.59689e-05,-0.000110626,0.00071203,fluid
298,-0.128941,-0.110693,,1000.03,-3.72212e-05,0.545399,,0.098765,-0.00202708,0.0987858,,9.07657e-05,-4.40156e-05,-0.00111702,fluid
299,-0.10402,-0.134382,,1000.03,-9.2684e-05,0.48545,,0.0993558,-0.00248041,0.0993868,,-4.12232e-05,-1.58877e-05,0.00124239,fluid
300,-0.0748395,-0.152571,,1000.03,-0.000406315,0.411366,,0.100097,-0.00255173,0.100129,,-0.000302169,-0.000488796,0.00593696,fluid
301,-0.0425953,-0.164513,,1000.02,-0.000334946,0.348303,,0.101016,-0.00191833,0.101034,,0.000345224,0.000204844,-0.0086646,fluid
302,-0.00860719,-0.169719,,1000.02,0.00305847,0.24185,,0.101063,-0.0028916,0.101105,,0.000325182,0.00116852,-0.0119621,fluid
303,0.0257333,-0.167978,,1000.01,-0.00596617,0.2221,,0.101943,-0.0026475,0.101978,,-0.000581425,-0.00130511,0.0189067,fluid
304,0.0590202,-0.159359,,1000.01,0.00374445,0.161473,,0.102599,-7.84229e-05,0.102599,,0.00011922,-0.00135193,0.00595016,fluid
305,0.0898908,-0.144216,,1000.01,-0.00343795,0.0909053,,0.102983,-0.000780158,0.102986,,-0.00028204,0.00255168,-0.0314076,fluid
306,0.117081,-0.123169,,1000.01,-0.000776043,0.108839,,0.10274,-0.00216134,0.102762,,0.000394267,0.000752028,-0.0196779,fluid
307,0.139478,-0.0970799,,1000.01,0.00238308,0.141081,,0.103775,-1.61992e-05,0.103775,,0.000769715,-0.00256808,0.0397193,fluid
308,0.156165,-0.0670158,,1000.01,-0.00198231,0.191651,,0.104158,0.00148838,0.104169,,-0.000496781,-0.00113705,0.247545,fluid
309,0.166459,-0.0342082,,1000,-0.00275319,0.0136068,,0.0882055,0.00337528,0.0882701,,-0.00126998,0.000182975,0.379616,fluid
310,0.188371,0,,1000.01,0.000169036,0.154623,,0.0743669,-6.03305e-16,0.0743669,,-0.000392372,-8.81025e-15,-7.71626e-14,fluid
311,0.184515,0.0379188,,1000,-0.00154315,0.0756636,,0.0902353,-0.00294043,0.0902832,,-0.0011424,-0.000638298,-0.3126,fluid
312,0.173105,0.0742852,,1000.01,0.00421445,0.195518,,0.104361,-0.00150548,0.104371,,-0.00086317,0.000279506,-0.180969,fluid
313,0.154608,0.10761,,1000.01,-0.000803956,0.164147,,0.102856,-0.00110037,0.102862,,0.000644721,0.00281519,-0.0273307,fluid
314,0.129781,0.13653,,1000.01,-0.000711679,0.144971,,0.102382,0.00188693,0.102399,,0.00023018,0.000913854,-0.00424615,fluid
315,0.0996415,0.15986,,1000.01,-0.00496519,0.166664,,0.102754,0.00157273,0.102766,,-0.00012792,-0.00242922,0.0241173,fluid
316,0.0654223,0.176645,,1000.01,0.00418373,0.179438,,0.102202,-0.000119979,0.102203,,0.000327729,0.000363188,0.00525189,fluid
317,0.0285246,0.186199,,1000.02,-0.00349863,0.266148,,0.101893,0.00200753,0.101912,,-0.000436356,0.00141648,-0.0165654,fluid
318,-0.00954084,0.188129,,1000.02,0.000609797,0.258033,,0.100966,0.0026361,0.101001,,3.80963e-05,-0.000762257,0.00614348,fluid
319,-0.0472157,0.182358,,1000.02,0.000690781,0.352638,,0.100857,0.00173346,0.100872,,0.000338145,-0.000274796,0.00766262,fluid
320,-0.0829575,0.16912,,1000.03,-0.000627487,0.406386,,0.100137,0.00219757,0.100161,,-0.000173992,0.000402243,-0.00401794,fluid
321,-0.115303,0.148959,,1000.03,0.000243444,0.467714,,0.0994729,0.00214835,0.0994961,,-5.42428e-05,6.67844e-05,-0.00134567,fluid
322,-0.142928,0.1227,,1000.03,-0.000165203,0.524935,,0.0989308,0.00177635,0.0989467,,5.78916e-05,5.02725e-05,0.000614934,fluid
323,-0.164702,0.0914168,,1000.04,-8.88632e-05,0.571295,,0.0985816,0.00140845,0.0985917,,-3.19601e-05,8.05213e-05,-0.00037355,fluid
324,-0.179732,0.0563913,,1000.04,-0.000139675,0.601877,,0.0981877,0.000871601,0.0981916,,-2.82225e-05,3.04447e-05,-0.000571216,fluid
325,-0.187405,0.0190572,,1000.04,-6.10321e-05,0.61952,,0.0980619,0.000330808,0.0980624,,-1.44179e-06,-1.52897e-06,0.000104312,fluid
326,-0.187405,-0.0190572,,1000.04,-6.10321e-05,0.61952,,0.0980619,-0.000330808,0.0980624,,-1.44179e-06,1.52897e-06,-0.000104312,fluid
327,-0.179732,-0.0563913,,1000.04,-0.000139675,0.601877,,0.0981877,-0.000871601,0.0981916,,-2.82225e-05,-3.04447e-05,0.000571216,fluid
328,-0.164702,-0.0914168,,1000.04,-8.88632e-05,0.571295,,0.0985816,-0.00140845,0.0985917,,-3.19601e-05,-8.05213e-05,0.00037355,fluid
329,-0.142928,-0.1227,,1000.03,-0.000165203,0.524935,,0.0989308,-0.00177635,0.0989467,,5.78916e-05,-5.02725e-05,-0.000614934,fluid
330,-0.115303,-0.148959,,1000.03,0.000243444,0.467714,,0.0994729,-0.00214835,0.0994961,,-5.42428e-05,-6.67844e-05,0.00134567,fluid
331,-0.0829575,-0.16912,,1000.03,-0.000627487,0.406386,,0.100137,-0.00219757,0.100161,,-0.000173992,-0.000402243,0.00401794,fluid
332,-0.0472157,-0.182358,,1000.02,0.000690781,0.352638,,0.100857,-0.00173346,0.100872,,0.000338145,0.000274796,-0.00766262,fluid
333,-0.00954084,-0.188129,,1000.02,0.000609797,0.258033,,0.100966,-0.0026361,0.101001,,3.80963e-05,0.000762257,-0.00614348,fluid
334,0.0285246,-0.186199,,1000.02,-0.00349863,0.266148,,0.101893,-0.00200753,0.101912,,-0.000436356,-0.00141648,0.0165654,fluid
335,0.0654223,-0.176645,,1000.01,0.00418373,0.179438,,0.102202,0.000119979,0.102203,,0.000327729,-0.000363188,-0.00525189,fluid
336,0.0996415,-0.15986,,1000.01,-0.00496519,0.166664,,0.102754,-0.00157273,0.102766,,-0.00012792,0.00242922,-0.0241173,fluid
337,0.129781,-0.13653,,1000.01,-0.000711679,0.144971,,0.102382,-0.00188693,0.102399,,0.00023018,-0.000913854,0.00424615,fluid
338,0.154608,-0.10761,,1000.01,-0.000803956,0.164147,,0.102856,0.00110037,0.102862,,0.000644721,-0.00281519,0.0273307,fluid
339,0.173105,-0.0742852,,1000.01,0.00421445,0.195518,,0.104361,0.00150548,0.104371,,-0.00086317,-0.000279506,0.180969,fluid
340,0.184515,-0.0379188,,1000,-0.00154315,0.0756636,,0.0902353,0.00294043,0.0902832,,-0.0011424,0.000638298,0.3126,fluid
341,0.208101,0,,1000.01,-0.00193112,0.0936177,,0.0767462,-1.47992e-15,0.0767462,,-6.75974e-05,-4.17524e-15,-6.98025e-14,fluid
342,0.203841,0.0418904,,1000,-0.00130912,0.0705934,,0.0918475,-0.00234002,0.0918773,,-0.000884239,-0.00104166,-0.258782,fluid
343,0.191236,0.0820658,,1000.01,0.00405497,0.133278,,0.104514,-0.00106017,0.10452,,-0.00116395,-0.00103411,-0.126934,fluid
344,0.170802,0.118881,,1000.01,-0.00296518,0.179342,,0.102142,-0.00197408,0.102161,,0.000572273,0.00205456,-0.0105169,fluid
345,0.143375,0.15083,,1000.01,-0.00194802,0.167583,,0.102188,0.00108651,0.102194,,0.000192105,0.00207054,-0.0186167,fluid
346,0.110078,0.176604,,1000.01,0.00139275,0.200713,,0.102496,0.00203018,0.102516,,-0.000118455,-0.00169372,0.0137611,fluid
347,0.0722745,0.195147,,1000.01,0.00216022,0.200127,,0.101841,-2.3613e-05,0.101841,,0.000330158,-0.000415517,0.0112952,fluid
348,0.0315122,0.205701,,1000.02,-0.000393167,0.289694,,0.101788,0.00150652,0.101799,,-0.000226184,0.00123654,-0.0123944,fluid
349,-0.0105401,0.207834,,1000.02,-0.000882767,0.284588,,0.100918,0.00234558,0.100945,,-0.000106844,-0.000427093,0.00243258,fluid
350,-0.052161,0.201458,,1000.02,0.000943129,0.357491,,0.100717,0.00158071,0.100729,,0.000282774,-0.000278706,0.00615092,fluid
351,-0.0916464,0.186834,,1000.03,-0.000614156,0.408052,,0.100139,0.00190756,0.100157,,-7.83047e-05,0.000320466,-0.0025918,fluid
352,-0.12738,0.164561,,1000.03,3.09143e-07,0.455727,,0.0995699,0.00187053,0.0995875,,-4.7442e-05,8.29246e-05,-0.0011869,fluid
353,-0.157898,0.135551,,1000.03,-0.000299041,0.504218,,0.0990778,0.00156485,0.0990901,,3.6391e-05,4.30094e-05,0.000319505,fluid
354,-0.181952,0.100992,,1000.03,-0.000186446,0.543662,,0.0987661,0.00124128,0.0987739,,-1.61987e-05,4.83485e-05,-0.000128703,fluid
355,-0.198557,0.0622977,,1000.04,-0.0002341,0.57021,,0.098433,0.000769184,0.098436,,-1.48037e-05,1.337e-05,-0.000260529,fluid
356,-0.207033,0.0210532,,1000.04,-0.000201435,0.583764,,0.0983188,0.000286692,0.0983192,,3.39682e-06,-4.7366e-06,0.000148576,fluid
357,-0.207033,-0.0210532,,1000.04,-0.000201435,0.583764,,0.0983188,-0.000286692,0.0983192,,3.39682e-06,4.7366e-06,-0.000148576,fluid
358,-0.198557,-0.0622977,,1000.04,-0.0002341,0.57021,,0.098433,-0.000769184,0.098436,,-1.48037e-05,-1.337e-05,0.000260529,fluid
359,-0.181952,-0.100992,,1000.03,-0.000186446,0.543662,,0.0987661,-0.00124128,0.0987739,,-1.61987e-05,-4.83485e-05,0.000128703,fluid
360,-0.157898,-0.135551,,1000.03,-0.000299041,0.504218,,0.0990778,-0.00156485,0.0990901,,3.6391e-05,-4.30094e-05,-0.000319505,fluid
361,-0.12738,-0.164561,,1000.03,3.09123e-07,0.455727,,0.0995699,-0.00187053,0.0995875,,-4.7442e-05,-8.29246e-05,0.0011869,fluid
362,-0.0916464,-0.186834,,1000.03,-0.000614156,0.408052,,0.100139,-0.00190756,0.100157,,-7.83047e-05,-0.000320466,0.0025918,fluid
363,-0.052161,-0.201458,,1000.02,0.000943129,0.357491,,0.100717,-0.00158071,0.100729,,0.000282774,0.000278706,-0.00615092,fluid
364,-0.0105401,-0.207834,,1000.02,-0.000882767,0.284588,,0.100918,-0.00234558,0.100945,,-0.000106844,0.000427093,-0.00243258,fluid
365,0.0315122,-0.205701,,1000.02,-0.000393167,0.289694,,0.101788,-0.00150652,0.101799,,-0.000226184,-0.00123654,0.0123944,fluid
366,0.0722745,-0.195147,,1000.01,0.00216022,0.200127,,0.101841,2.3613e-05,0.101841,,0.000330158,0.000415517,-0.0112952,fluid
367,0.110078,-0.176604,,1000.01,0.00139275,0.200713,,0.102496,-0.00203018,0.102516,,-0.000118455,0.00169372,-0.0137611,fluid
368,0.143375,-0.15083,,1000.01,-0.00194802,0.167583,,0.102188,-0.00108651,0.102194,,0.000192105,-0.00207054,0.0186167,fluid
369,0.170802,-0.118881,,1000.01,-0.00296518,0.179342,,0.102142,0.00197408,0.102161,,0.000572273,-0.00205456,0.0105169,fluid
370,0.191236,-0.0820658,,1000.01,0.00405497,0.133278,,0.104514,0.00106017,0.10452,,-0.00116395,0.00103411,0.126934,fluid
371,0.203841,-0.0418904,,1000,-0.00130912,0.0705934,,0.0918475,0.00234002,0.0918773,,-0.000884239,0.00104166,0.258782,fluid
372,0.229218,0,,1000.01,-0.0011372,0.177837,,0.0790107,-2.18882e-15,0.0790107,,0.000385299,1.57953e-17,-5.6436e-14,fluid
373,0.224526,0.0461412,,1000.01,-0.00223018,0.170141,,0.0932753,-0.00166354,0.0932901,,-0.000414073,-0.00107322,-0.217845,fluid
374,0.210642,0.0903934,,1000.01,-0.000694646,0.16137,,0.104743,-0.000165205,0.104743,,-0.00119221,-0.00202169,-0.08792,fluid
375,0.188134,0.130945,,1000.01,0.00112136,0.211953,,0.101656,-0.00227289,0.101682,,0.000416827,0.000761798,0.00720555,fluid
376,0.157924,0.166135,,1000.01,-0.00392385,0.207219,,0.10204,0.000179596,0.10204,,0.000353285,0.00240242,-0.022431,fluid
377,0.121248,0.194524,,1000.01,0.00342868,0.186688,,0.102311,0.00211293,0.102333,,-0.000291758,-0.000807733,0.00400933,fluid
378,0.0796086,0.21495,,1000.01,-0.00120339,0.207719,,0.101563,0.000199128,0.101563,,0.000265651,-0.000777186,0.0126808,fluid
379,0.0347099,0.226575,,1000.02,0.000317363,0.279122,,0.101645,0.00114082,0.101651,,-6.10683e-05,0.000921667,-0.00814247,fluid
380,-0.0116097,0.228924,,1000.02,-0.00125227,0.292543,,0.100883,0.00202559,0.100904,,-0.000145301,-0.000188865,0.000472988,fluid
381,-0.057454,0.221901,,1000.02,0.000374145,0.352022,,0.100622,0.00143125,0.100632,,0.000212898,-0.000240591,0.00455647,fluid
382,-0.100946,0.205793,,1000.03,-0.000491495,0.405106,,0.100145,0.00166213,0.100159,,-2.33733e-05,0.000250969,-0.00170487,fluid
383,-0.140306,0.18126,,1000.03,-0.000364806,0.449981,,0.0996704,0.00164518,0.099684,,-3.68264e-05,7.97668e-05,-0.000948423,fluid
384,-0.173921,0.149306,,1000.03,-0.000377866,0.490531,,0.0992311,0.00139032,0.0992408,,1.83508e-05,2.80514e-05,0.000214626,fluid
385,-0.200416,0.11124,,1000.03,-0.000347618,0.525312,,0.0989478,0.00109563,0.0989538,,-9.4553e-06,2.06651e-05,8.3937e-05,fluid
386,-0.218706,0.0686194,,1000.03,-0.000331762,0.550459,,0.0986647,0.000680185,0.098667,,-1.03187e-05,-4.58687e-07,-2.41452e-05,fluid
387,-0.228042,0.0231896,,1000.04,-0.000341657,0.56246,,0.0985617,0.000250666,0.098562,,1.91911e-06,-6.06899e-06,0.00017217,fluid
388,-0.228042,-0.0231896,,1000.04,-0.000341657,0.56246,,0.0985617,-0.000250666,0.098562,,1.91911e-06,6.06899e-06,-0.00017217,fluid
389,-0.218706,-0.0686194,,1000.03,-0.000331762,0.550459,,0.0986647,-0.000680185,0.098667,,-1.03187e-05,4.58687e-07,2.41452e-05,fluid
390,-0.200416,-0.11124,,1000.03,-0.000347618,0.525312,,0.0989478,-0.00109563,0.0989538,,-9.4553e-06,-2.06651e-05,-8.3937e-05,fluid
391,-0.173921,-0.149306,,1000.03,-0.000377866,0.490531,,0.0992311,-0.00139032,0.0992408,,1.83508e-05,-2.80514e-05,-0.000214626,fluid
392,-0.140306,-0.18126,,1000.03,-0.000364806,0.449981,,0.0996704,-0.00164518,0.099684,,-3.68264e-05,-7.97668e-05,0.000948423,fluid
393,-0.100946,-0.205793,,1000.03,-0.000491495,0.405106,,0.100145,-0.00166213,0.100159,,-2.33733e-05,-0.000250969,0.00170487,fluid
394,-0.057454,-0.221901,,1000.02,0.000374145,0.352022,,0.100622,-0.00143125,0.100632,,0.000212898,0.000240591,-0.00455647,fluid
395,-0.0116097,-0.228924,,1000.02,-0.00125227,0.292543,,0.100883,-0.00202559,0.100904,,-0.000145301,0.000188865,-0.000472988,fluid
396,0.0347099,-0.226575,,1000.02,0.000317363,0.279122,,0.101645,-0.00114082,0.101651,,-6.10683e-05,-0.000921667,0.00814247,fluid
397,0.0796086,-0.21495,,1000.01,-0.00120339,0.207719,,0.101563,-0.000199128,0.101563,,0.000265651,0.000777186,-0.0126808,fluid
398,0.121248,-0.194524,,1000.01,0.00342868,0.186688,,0.102311,-0.00211293,0.102333,,-0.000291758,0.000807733,-0.00400933,fluid
399,0.157924,-0.166135,,1000.01,-0.00392385,0.207219,,0.10204,-0.000179596,0.10204,,0.000353285,-0.00240242,0.022431,fluid
400,0.188134,-0.130945,,1000.01,0.00112136,0.211953,,0.101656,0.00227289,0.101682,,0.000416827,-0.000761798,-0.00720555,fluid
401,0.210642,-0.0903934,,1000.01,-0.000694646,0.16137,,0.104743,0.000165205,0.104743,,-0.00119221,0.00202169,0.08792,fluid
402,0.224526,-0.0461412,,1000.01,-0.00223018,0.170141,,0.0932753,0.00166354,0.0932901,,-0.000414073,0.00107322,0.217845,fluid
403,0.25182,0,,1000.01,0.0023272,0.189309,,0.0807466,-2.52292e-15,0.0807466,,0.000710512,1.97281e-15,-4.03458e-14,fluid
404,0.246665,0.0506909,,1000.01,-0.00173006,0.216964,,0.0941294,-0.00124636,0.0941377,,0.000112651,-0.000709445,-0.187529,fluid
405,0.231412,0.0993066,,1000.01,-0.00160159,0.201103,,0.104759,0.000811111,0.104762,,-0.000972156,-0.00228795,-0.0642025,fluid
406,0.206684,0.143857,,1000.01,0.005297,0.218403,,0.101357,-0.0019904,0.101377,,7.01446e-05,-0.000541084,0.0210426,fluid
407,0.173495,0.182517,,1000.02,-0.00338819,0.259436,,0.101834,-0.000554289,0.101835,,0.000599309,0.00208453,-0.01873,fluid
408,0.133204,0.213705,,1000.01,0.000920271,0.196294,,0.102205,0.00190277,0.102222,,-0.000338325,-6.37161e-05,-0.00281943,fluid
409,0.0874583,0.236145,,1000.01,-0.00156079,0.238333,,0.101371,0.000431775,0.101371,,0.000187524,-0.000772274,0.0111621,fluid
410,0.0381325,0.248916,,1000.02,-0.000148339,0.283875,,0.101488,0.000920897,0.101493,,3.79834e-05,0.00060401,-0.004732,fluid
411,-0.0127545,0.251497,,1000.02,-0.000747209,0.30391,,0.100846,0.00172576,0.100861,,-0.000136195,-3.32184e-05,-0.000366039,fluid
412,-0.0631193,0.243781,,1000.02,-2.30939e-06,0.352066,,0.100563,0.00129976,0.100572,,0.000150863,-0.000175955,0.00315307,fluid
413,-0.1109,0.226085,,1000.02,-0.000140424,0.39796,,0.100155,0.00145831,0.100166,,1.01579e-08,0.000196675,-0.00115279,fluid
414,-0.15414,0.199133,,1000.03,-0.00036959,0.442071,,0.0997484,0.00145132,0.0997589,,-3.07568e-05,6.93739e-05,-0.000659423,fluid
415,-0.19107,0.164028,,1000.03,-0.000190003,0.479057,,0.0993607,0.00123655,0.0993683,,2.85376e-06,1.47971e-05,0.000255527,fluid
416,-0.220178,0.122209,,1000.03,-0.000250497,0.509305,,0.0991016,0.000963532,0.0991063,,-1.03779e-05,4.21567e-06,0.000262225,fluid
417,-0.240271,0.0753856,,1000.03,-0.000178725,0.531429,,0.0988602,0.0005939,0.098862,,-1.35577e-05,-6.44834e-06,0.000133345,fluid
418,-0.250528,0.0254762,,1000.03,-0.000196062,0.543187,,0.0987676,0.000215755,0.0987678,,-6.49669e-06,-5.14673e-06,0.000174082,fluid
419,-0.250528,-0.0254762,,1000.03,-0.000196062,0.543187,,0.0987676,-0.000215755,0.0987678,,-6.49669e-06,5.14673e-06,-0.000174082,fluid
420,-0.240271,-0.0753856,,1000.03,-0.000178725,0.531429,,0.0988602,-0.0005939,0.098862,,-1.35577e-05,6.44834e-06,-0.000133345,fluid
421,-0.220178,-0.122209,,1000.03,-0.000250497,0.509305,,0.0991016,-0.000963532,0.0991063,,-1.03779e-05,-4.21567e-06,-0.000262225,fluid
422,-0.19107,-0.164028,,1000.03,-0.000190003,0.479057,,0.0993607,-0.00123655,0.0993683,,2.85376e-06,-1.47971e-05,-0.000255527,fluid
423,-0.15414,-0.199133,,1000.03,-0.00036959,0.442071,,0.0997484,-0.00145132,0.0997589,,-3.07568e-05,-6.93739e-05,0.000659423,fluid
424,-0.1109,-0.226085,,1000.02,-0.000140424,0.39796,,0.100155,-0.00145831,0.100166,,1.01579e-08,-0.000196675,0.00115279,fluid
425,-0.0631193,-0.243781,,1000.02,-2.3094e-06,0.352066,,0.100563,-0.00129976,0.100572,,0.000150863,0.000175955,-0.00315307,fluid
426,-0.0127545,-0.251497,,1000.02,-0.000747209,0.30391,,0.100846,-0.00172576,0.100861,,-0.000136195,3.32184e-05,0.000366039,fluid
427,0.0381325,-0.248916,,1000.02,-0.000148339,0.283875,,0.101488,-0.000920897,0.101493,,3.79834e-05,-0.00060401,0.004732,fluid
428,0.0874583,-0.236145,,1000.01,-0.00156079,0.238333,,0.101371,-0.000431775,0.101371,,0.000187524,0.000772274,-0.0111621,fluid
429,0.133204,-0.213705,,1000.01,0.000920271,0.196294,,0.102205,-0.00190277,0.102222,,-0.000338325,6.37161e-05,0.00281943,fluid
430,0.173495,-0.182517,,1000.02,-0.00338819,0.259436,,0.101834,0.000554289,0.101835,,0.000599309,-0.00208453,0.01873,fluid
431,0.206684,-0.143857,,1000.01,0.005297,0.218403,,0.101357,0.0019904,0.101377,,7.01446e-05,0.000541084,-0.0210426,fluid
432,0.231412,-0.0993066,,1000.01,-0.00160159,0.201103,,0.104759,-0.000811111,0.104762,,-0.000972156,0.00228795,0.0642025,fluid
433,0.246665,-0.0506909,,1000.01,-0.00173006,0.216964,,0.0941294,0.00124636,0.0941377,,0.000112651,0.000709445,0.187529,fluid
434,0.276011,0,,1000.01,0.00215158,0.0836565,,0.0821908,-2.57676e-15,0.0821908,,0.000617499,1.84624e-15,-2.46041e-14,fluid
435,0.270361,0.0555606,,1000.01,-0.00215394,0.16289,,0.0945781,-0.00111703,0.0945847,,0.000412419,-0.000115878,-0.164304,fluid
436,0.253642,0.108847,,1000.01,-0.000326333,0.181125,,0.104568,0.00157035,0.104579,,-0.000767296,-0.00189282,-0.052888,fluid
437,0.22654,0.157676,,1000.01,0.00360166,0.17304,,0.101215,-0.00134887,0.101224,,-0.000278161,-0.00139937,0.0282918,fluid
438,0.190162,0.200051,,1000.02,-0.000763278,0.266727,,0.10154,-0.00100487,0.101545,,0.000745402,0.00142306,-0.0116851,fluid
439,0.146,0.234235,,1000.01,-0.00190982,0.219644,,0.102079,0.00153128,0.10209,,-0.000261199,0.000389788,-0.00622218,fluid
440,0.0958601,0.25883,,1000.02,0.000597788,0.269631,,0.101235,0.000588009,0.101237,,9.98562e-05,-0.000596415,0.00847013,fluid
441,0.0417957,0.272828,,1000.02,-0.000529525,0.306302,,0.10134,0.000804599,0.101343,,8.19575e-05,0.000354375,-0.00238272,fluid
442,-0.0139797,0.275657,,1000.02,-0.000279998,0.323954,,0.100803,0.00147383,0.100814,,-0.000104446,4.31253e-05,-0.000595098,fluid
443,-0.0691829,0.2672,,1000.02,-0.000212601,0.365345,,0.10052,0.00119918,0.100527,,0.00010919,-0.0001176,0.0020697,fluid
444,-0.121554,0.247804,,1000.02,-4.77809e-05,0.399353,,0.100167,0.00130496,0.100175,,9.42685e-06,0.000144658,-0.000745471,fluid
445,-0.168948,0.218263,,1000.03,-0.000393481,0.436062,,0.0998019,0.00128594,0.0998102,,-2.36211e-05,4.94632e-05,-0.000351391,fluid
446,-0.209426,0.179786,,1000.03,-0.000168807,0.469825,,0.0994552,0.00109325,0.0994612,,-2.28244e-06,1.26252e-06,0.000332614,fluid
447,-0.241329,0.133949,,1000.03,-0.000269999,0.498458,,0.0992191,0.000845989,0.0992227,,-6.6439e-06,-4.37971e-06,0.000352271,fluid
448,-0.263353,0.0826275,,1000.03,-0.0002072,0.516325,,0.0990136,0.000518056,0.0990149,,-1.08216e-05,-7.81395e-06,0.000192316,fluid
449,-0.274595,0.0279236,,1000.03,-0.000219744,0.527498,,0.0989284,0.000185475,0.0989286,,-7.60467e-06,-3.35696e-06,0.000148592,fluid
450,-0.274595,-0.0279236,,1000.03,-0.000219744,0.527498,,0.0989284,-0.000185475,0.0989286,,-7.60467e-06,3.35696e-06,-0.000148592,fluid
451,-0.263353,-0.0826275,,1000.03,-0.0002072,0.516325,,0.0990136,-0.000518056,0.0990149,,-1.08216e-05,7.81395e-06,-0.000192316,fluid
452,-0.241329,-0.133949,,1000.03,-0.000269999,0.498458,,0.0992191,-0.000845989,0.0992227,,-6.6439e-06,4.37971e-06,-0.000352271,fluid
453,-0.209426,-0.179786,,1000.03,-0.000168807,0.469825,,0.0994552,-0.00109325,0.0994612,,-2.28244e-06,-1.26252e-06,-0.000332614,fluid
454,-0.168948,-0.218263,,1000.03,-0.000393481,0.436062,,0.0998019,-0.00128594,0.0998102,,-2.36211e-05,-4.94632e-05,0.000351391,fluid
455,-0.121554,-0.247804,,1000.02,-4.77809e-05,0.399353,,0.100167,-0.00130496,0.100175,,9.42685e-06,-0.000144658,0.000745471,fluid
456,-0.0691829,-0.2672,,1000.02,-0.000212601,0.365345,,0.10052,-0.00119918,0.100527,,0.00010919,0.0001176,-0.0020697,fluid
457,-0.0139797,-0.275657,,1000.02,-0.000279998,0.323954,,0.100803,-0.00147383,0.100814,,-0.000104446,-4.31253e-05,0.000595098,fluid
458,0.0417957,-0.272828,,1000.02,-0.000529525,0.306302,,0.10134,-0.000804599,0.101343,,8.19575e-05,-0.000354375,0.00238272,fluid
459,0.0958601,-0.25883,,1000.02,0.000597788,0.269631,,0.101235,-0.000588009,0.101237,,9.98562e-05,0.000596415,-0.00847013,fluid
460,0.146,-0.234235,,1000.01,-0.00190982,0.219644,,0.102079,-0.00153128,0.10209,,-0.000261199,-0.000389788,0.00622218,fluid
461,0.190162,-0.200051,,1000.02,-0.000763278,0.266727,,0.10154,0.00100487,0.101545,,0.000745402,-0.00142306,0.0116851,fluid
462,0.22654,-0.157676,,1000.01,0.00360166,0.17304,,0.101215,0.00134887,0.101224,,-0.000278161,0.00139937,-0.0282918,fluid
463,0.253642,-0.108847,,1000.01,-0.000326333,0.181125,,0.104568,-0.00157035,0.104579,,-0.000767296,0.00189282,0.052888,fluid
464,0.270361,-0.0555606,,1000.01,-0.00215394,0.16289,,0.0945781,0.00111703,0.0945847,,0.000412419,0.000115878,0.164304,fluid
465,0.301903,0,,1000.01,0.000697164,0.13358,,0.0839213,-2.35457e-15,0.0839213,,0.00030527,-5.7544e-16,-1.12958e-14,fluid
466,0.295723,0.0607727,,1000.01,-0.00131158,0.229008,,0.0951239,-0.00118989,0.0951314,,0.000574883,0.000529964,-0.1446,fluid
467,0.277436,0.119057,,1000.01,0.000104923,0.208513,,0.104377,0.00194959,0.104395,,-0.000568945,-0.00107977,-0.0491766,fluid
468,0.247791,0.172468,,1000.01,-0.000842792,0.168167,,0.101274,-0.000577722,0.101276,,-0.00048395,-0.0017338,0.0289763,fluid
469,0.208001,0.218817,,1000.02,0.00155678,0.250354,,0.101262,-0.00114212,0.101268,,0.000691345,0.000714317,-0.00465819,fluid
470,0.159696,0.256208,,1000.01,-0.00381693,0.231558,,0.101918,0.00111451,0.101924,,-0.000134193,0.000546154,-0.00689651,fluid
471,0.104853,0.28311,,1000.02,0.00109088,0.260393,,0.101142,0.000623985,0.101144,,1.05555e-05,-0.000429926,0.00577737,fluid
472,0.0457165,0.298422,,1000.02,-0.000810757,0.301673,,0.101204,0.000703069,0.101206,,9.98266e-05,0.00018634,-0.000941943,fluid
473,-0.0152911,0.301516,,1000.02,-0.000352511,0.320967,,0.100767,0.00123416,0.100774,,-7.11192e-05,6.84444e-05,-0.00053235,fluid
474,-0.0756728,0.292266,,1000.02,-0.000480458,0.363969,,0.100486,0.00108926,0.100492,,7.80819e-05,-7.28335e-05,0.00131088,fluid
475,-0.132956,0.27105,,1000.02,-0.000302603,0.397342,,0.100178,0.0011694,0.100185,,1.25949e-05,9.95277e-05,-0.000422433,fluid
476,-0.184797,0.238738,,1000.03,-0.000558343,0.429041,,0.0998524,0.00114055,0.0998589,,-1.56936e-05,3.05256e-05,-8.05378e-05,fluid
477,-0.229072,0.196651,,1000.03,-0.000378888,0.456596,,0.0995418,0.000959517,0.0995464,,-1.8972e-06,-6.95424e-06,0.000371883,fluid
478,-0.263968,0.146514,,1000.03,-0.000443961,0.484625,,0.0993244,0.0007394,0.0993272,,-2.20496e-06,-5.19623e-06,0.000341025,fluid
479,-0.288058,0.0903787,,1000.03,-0.000418455,0.500734,,0.0991484,0.000455778,0.0991495,,-6.4106e-06,-4.0752e-06,0.000172831,fluid
480,-0.300354,0.030543,,1000.03,-0.000434722,0.510377,,0.0990697,0.000159931,0.0990699,,-6.23329e-06,-1.05314e-06,0.000106221,fluid
481,-0.300354,-0.030543,,1000.03,-0.000434722,0.510377,,0.0990697,-0.000159931,0.0990699,,-6.23329e-06,1.05314e-06,-0.000106221,fluid
482,-0.288058,-0.0903787,,1000.03,-0.000418455,0.500734,,0.0991484,-0.000455778,0.0991495,,-6.4106e-06,4.0752e-06,-0.000172831,fluid
483,-0.263968,-0.146514,,1000.03,-0.000443961,0.484625,,0.0993244,-0.0007394,0.0993272,,-2.20496e-06,5.19623e-06,-0.000341025,fluid
484,-0.229072,-0.196651,,1000.03,-0.000378888,0.456596,,0.0995418,-0.000959517,0.0995464,,-1.8972e-06,6.95424e-06,-0.000371883,fluid
485,-0.184797,-0.238738,,1000.03,-0.000558343,0.429041,,0.0998524,-0.00114055,0.0998589,,-1.56936e-05,-3.05256e-05,8.05378e-05,fluid
486,-0.132956,-0.27105,,1000.02,-0.000302603,0.397342,,0.100178,-0.0011694,0.100185,,1.25949e-05,-9.95277e-05,0.000422433,fluid
487,-0.0756728,-0.292266,,1000.02,-0.000480458,0.363969,,0.100486,-0.00108926,0.100492,,7.80819e-05,7.28335e-05,-0.00131088,fluid
488,-0.0152911,-0.301516,,1000.02,-0.000352511,0.320967,,0.100767,-0.00123416,0.100774,,-7.11192e-05,-6.84444e-05,0.00053235,fluid
489,0.0457165,-0.298422,,1000.02,-0.000810757,0.301673,,0.101204,-0.000703069,0.101206,,9.98266e-05,-0.00018634,0.000941943,fluid
490,0.104853,-0.28311,,1000.02,0.00109088,0.260393,,0.101142,-0.000623985,0.101144,,1.05555e-05,0.000429926,-0.00577737,fluid
491,0.159696,-0.256208,,1000.01,-0.00381693,0.231558,,0.101918,-0.00111451,0.101924,,-0.000134193,-0.000546154,0.00689651,fluid
492,0.208001,-0.218817,,1000.02,0.00155678,0.250354,,0.101262,0.00114212,0.101268,,0.000691345,-0.000714317,0.00465819,fluid
493,0.247791,-0.172468,,1000.01,-0.000842792,0.168167,,0.101274,0.000577722,0.101276,,-0.00048395,0.0017338,-0.0289763,fluid
494,0.277436,-0.119057,,1000.01,0.000104923,0.208513,,0.104377,-0.00194959,0.104395,,-0.000568945,0.00107977,0.0491766,fluid
495,0.295723,-0.0607727,,1000.01,-0.00131158,0.229008,,0.0951239,0.00118989,0.0951314,,0.000574883,-0.000529964,0.1446,fluid
496,0.329616,0,,1000.01,0.000567135,0.208415,,0.0856443,-1.90562e-15,0.0856443,,-0.000111268,-5.04884e-15,-1.37667e-15,fluid
497,0.322869,0.0663512,,1000.02,0.00183056,0.300745,,0.0955342,-0.00152407,0.0955463,,0.000610422,0.000984919,-0.125751,fluid
498,0.302903,0.129986,,1000.02,1.16057e-05,0.249507,,0.104124,0.00185807,0.10414,,-0.000307942,-0.000146288,-0.0482995,fluid
499,0.270537,0.188299,,1000.01,-0.0020553,0.223787,,0.101416,0.000102675,0.101416,,-0.000542066,-0.00156719,0.0248828,fluid
500,0.227095,0.238903,,1000.02,0.00276316,0.262669,,0.101087,-0.00101937,0.101092,,0.000502835,0.00014637,0.000485859,fluid
501,0.174355,0.279727,,1000.02,-0.00330142,0.258558,,0.101753,0.000761479,0.101755,,6.99246e-06,0.00053064,-0.00598321,fluid
502,0.114477,0.309098,,1000.02,0.000118022,0.254763,,0.101091,0.000600372,0.101093,,-4.09446e-05,-0.000263145,0.00361367,fluid
503,0.049913,0.325815,,1000.02,-0.000762863,0.295366,,0.101076,0.000630388,0.101078,,9.93177e-05,9.00826e-05,-0.000177376,fluid
504,-0.0166948,0.329193,,1000.02,-0.000484886,0.313559,,0.100731,0.0010277,0.100736,,-4.19508e-05,7.21259e-05,-0.00036939,fluid
505,-0.0826191,0.319094,,1000.02,-0.000453867,0.352322,,0.100459,0.000969113,0.100464,,5.30192e-05,-3.32809e-05,0.000820959,fluid
506,-0.145161,0.295931,,1000.02,-0.000382743,0.386545,,0.10018,0.00102891,0.100185,,9.74433e-06,7.0604e-05,-0.000193962,fluid
507,-0.20176,0.260652,,1000.03,-0.000478349,0.420634,,0.0998925,0.00100195,0.0998975,,-1.10748e-05,2.30778e-05,8.95939e-05,fluid
508,-0.250099,0.214703,,1000.03,-0.00038027,0.443923,,0.0996248,0.000840966,0.0996284,,-2.42776e-06,-3.64802e-06,0.000351053,fluid
509,-0.288199,0.159963,,1000.03,-0.000391146,0.46806,,0.0994246,0.000643759,0.0994267,,-3.67993e-06,1.40345e-06,0.000264608,fluid
510,-0.3145,0.0986749,,1000.03,-0.000375044,0.48405,,0.0992722,0.000400284,0.099273,,-8.36677e-06,2.96876e-06,0.000115984,fluid
511,-0.327925,0.0333467,,1000.03,-0.000393786,0.492206,,0.0992001,0.000139276,0.0992002,,-1.00611e-05,1.62593e-06,6.37236e-05,fluid
512,-0.327925,-0.0333467,,1000.03,-0.000393786,0.492206,,0.0992001,-0.000139276,0.0992002,,-1.00611e-05,-1.62593e-06,-6.37236e-05,fluid
513,-0.3145,-0.0986749,,1000.03,-0.000375044,0.48405,,0.0992722,-0.000400284,0.099273,,-8.36677e-06,-2.96876e-06,-0.000115984,fluid
514,-0.288199,-0.159963,,1000.03,-0.000391146,0.46806,,0.0994246,-0.000643759,0.0994267,,-3.67993e-06,-1.40345e-06,-0.000264608,fluid
515,-0.250099,-0.214703,,1000.03,-0.00038027,0.443923,,0.0996248,-0.000840966,0.0996284,,-2.42776e-06,3.64802e-06,-0.000351053,fluid
516,-0.20176,-0.260652,,1000.03,-0.000478349,0.420634,,0.0998925,-0.00100195,0.0998975,,-1.10748e-05,-2.30778e-05,-8.95939e-05,fluid
517,-0.145161,-0.295931,,1000.02,-0.000382743,0.386545,,0.10018,-0.00102891,0.100185,,9.74433e-06,-7.0604e-05,0.000193962,fluid
518,-0.0826191,-0.319094,,1000.02,-0.000453867,0.352322,,0.100459,-0.000969113,0.100464,,5.30192e-05,3.32809e-05,-0.000820959,fluid
519,-0.0166948,-0.329193,,1000.02,-0.000484886,0.313559,,0.100731,-0.0010277,0.100736,,-4.19508e-05,-7.21259e-05,0.00036939,fluid
520,0.049913,-0.325815,,1000.02,-0.000762863,0.295366,,0.101076,-0.000630388,0.101078,,9.93177e-05,-9.00826e-05,0.000177376,fluid
521,0.114477,-0.309098,,1000.02,0.000118022,0.254763,,0.101091,-0.000600372,0.101093,,-4.09446e-05,0.000263145,-0.00361367,fluid
522,0.174355,-0.279727,,1000.02,-0.00330142,0.258558,,0.101753,-0.000761479,0.101755,,6.99246e-06,-0.00053064,0.00598321,fluid
523,0.227095,-0.238903,,1000.02,0.00276316,0.262669,,0.101087,0.00101937,0.101092,,0.000502835,-0.00014637,-0.000485859,fluid
524,0.270537,-0.188299,,1000.01,-0.0020553,0.223787,,0.101416,-0.000102675,0.101416,,-0.000542066,0.00156719,-0.0248828,fluid
525,0.302903,-0.129986,,1000.02,1.16057e-05,0.249507,,0.104124,-0.00185807,0.10414,,-0.000307942,0.000146288,0.0482995,fluid
526,0.322869,-0.0663512,,1000.02,0.00183056,0.300745,,0.0955342,0.00152407,0.0955463,,0.000610422,-0.000984919,0.125751,fluid
527,0.359278,0,,1000.01,-0.00161017,0.112425,,0.0871784,-1.37131e-15,0.0871784,,-0.000673069,-9.20343e-15,5.33857e-15,fluid
528,0.351923,0.0723221,,1000.01,0.00192523,0.199805,,0.0957055,-0.00199887,0.0957263,,0.000389959,0.00111152,-0.106588,fluid
529,0.330161,0.141683,,1000.01,-0.00151733,0.21628,,0.103696,0.00139107,0.103705,,-4.25209e-05,0.000583043,-0.0469363,fluid
530,0.294882,0.205244,,1000.01,-0.000620251,0.238799,,0.101489,0.000525398,0.101491,,-0.000542174,-0.00109862,0.0184313,fluid
531,0.24753,0.260402,,1000.02,0.00272544,0.269315,,0.100977,-0.000787082,0.10098,,0.000314655,-0.000166055,0.00329185,fluid
532,0.190045,0.304899,,1000.02,-0.000885089,0.29324,,0.10157,0.000515495,0.101571,,0.000112662,0.000440639,-0.00449558,fluid
533,0.124779,0.336913,,1000.02,-0.000132528,0.288568,,0.101046,0.000581307,0.101048,,-4.46922e-05,-0.00012874,0.0020832,fluid
534,0.0544046,0.355135,,1000.02,-0.00025375,0.323363,,0.100963,0.000612487,0.100965,,8.48571e-05,4.68246e-05,0.00014989,fluid
535,-0.0181971,0.358817,,1000.02,-0.000461587,0.337117,,0.100687,0.000899742,0.100691,,-1.72554e-05,6.4452e-05,-0.000210179,fluid
536,-0.0900539,0.347809,,1000.02,-0.000263519,0.36359,,0.100435,0.000886406,0.100439,,3.69329e-05,-7.73282e-06,0.000530723,fluid
537,-0.158224,0.322561,,1000.02,-0.000331236,0.386659,,0.100176,0.000914014,0.10018,,7.95925e-06,4.89484e-05,-4.26733e-05,fluid
538,-0.219916,0.284108,,1000.03,-0.000317441,0.418498,,0.0999114,0.000879731,0.0999153,,-6.68829e-06,1.82593e-05,0.00015297,fluid
539,-0.272605,0.234024,,1000.03,-0.000295746,0.442682,,0.0996836,0.000745706,0.0996864,,6.65249e-07,1.81095e-06,0.000284869,fluid
540,-0.314133,0.174358,,1000.03,-0.000295947,0.461694,,0.0995025,0.000569148,0.0995041,,-2.6404e-06,6.73777e-06,0.000175023,fluid
541,-0.342801,0.107554,,1000.03,-0.000285009,0.476212,,0.0993684,0.000356948,0.099369,,-6.79643e-06,7.26615e-06,6.14907e-05,fluid
542,-0.357434,0.0363475,,1000.03,-0.000293075,0.483571,,0.0993023,0.000123942,0.0993023,,-9.12463e-06,2.90836e-06,3.30363e-05,fluid
543,-0.357434,-0.0363475,,1000.03,-0.000293075,0.483571,,0.0993023,-0.000123942,0.0993023,,-9.12463e-06,-2.90836e-06,-3.30363e-05,fluid
544,-0.342801,-0.107554,,1000.03,-0.000285009,0.476212,,0.0993684,-0.000356948,0.099369,,-6.79643e-06,-7.26615e-06,-6.14907e-05,fluid
545,-0.314133,-0.174358,,1000.03,-0.000295947,0.461694,,0.0995025,-0.000569148,0.0995041,,-2.6404e-06,-6.73777e-06,-0.000175023,fluid
546,-0.272605,-0.234024,,1000.03,-0.000295746,0.442682,,0.0996836,-0.000745706,0.0996864,,6.65249e-07,-1.81095e-06,-0.000284869,fluid
547,-0.219916,-0.284108,,1000.03,-0.000317441,0.418498,,0.0999114,-0.000879731,0.0999153,,-6.68829e-06,-1.82593e-05,-0.00015297,fluid
548,-0.158224,-0.322561,,1000.02,-0.000331236,0.386659,,0.100176,-0.000914014,0.10018,,7.95925e-06,-4.89484e-05,4.26733e-05,fluid
549,-0.0900539,-0.347809,,1000.02,-0.000263519,0.36359,,0.100435,-0.000886406,0.100439,,3.69329e-05,7.73282e-06,-0.000530723,fluid
550,-0.0181971,-0.358817,,1000.02,-0.000461587,0.337117,,0.100687,-0.000899742,0.100691,,-1.72554e-05,-6.4452e-05,0.000210179,fluid
551,0.0544046,-0.355135,,1000.02,-0.00025375,0.323363,,0.100963,-0.000612487,0.100965,,8.48571e-05,-4.68246e-05,-0.00014989,fluid
552,0.124779,-0.336913,,1000.02,-0.000132528,0.288568,,0.101046,-0.000581307,0.101048,,-4.46922e-05,0.00012874,-0.0020832,fluid
553,0.190045,-0.304899,,1000.02,-0.000885089,0.29324,,0.10157,-0.000515495,0.101571,,0.000112662,-0.000440639,0.00449558,fluid
554,0.24753,-0.260402,,1000.02,0.00272544,0.269315,,0.100977,0.000787082,0.10098,,0.000314655,0.000166055,-0.00329185,fluid
555,0.294882,-0.205244,,1000.01,-0.000620251,0.238799,,0.101489,-0.000525398,0.101491,,-0.000542174,0.00109862,-0.0184313,fluid
556,0.330161,-0.141683,,1000.01,-0.00151733,0.21628,,0.103696,-0.00139107,0.103705,,-4.25209e-05,-0.000583043,0.0469363,fluid
557,0.351923,-0.0723221,,1000.01,0.00192523,0.199805,,0.0957055,0.00199887,0.0957263,,0.000389959,-0.00111152,0.106588,fluid
558,0.391025,0,,1000.01,-0.00261509,0.118124,,0.0890059,-1.11377e-15,0.0890059,,-0.00112563,-1.13572e-14,9.70775e-15,fluid
559,0.383021,0.0787127,,1000.01,0.000286677,0.173613,,0.0961521,-0.00232421,0.0961802,,0.000123825,0.000989342,-0.0873477,fluid
560,0.359335,0.154203,,1000.01,-0.00336349,0.219048,,0.103246,0.00076909,0.103249,,0.000173795,0.000991981,-0.0436145,fluid
561,0.320939,0.22338,,1000.01,-0.000366897,0.215948,,0.101549,0.000670973,0.101551,,-0.000510881,-0.000591188,0.0118037,fluid
562,0.269403,0.283412,,1000.02,0.000118384,0.24059,,0.100903,-0.000567615,0.100904,,0.000124044,-0.000308568,0.00422164,fluid
563,0.206838,0.331841,,1000.02,1.06912e-05,0.286616,,0.101371,0.000329117,0.101372,,0.000140717,0.000310437,-0.00302761,fluid
564,0.135805,0.366684,,1000.02,-0.000300159,0.299806,,0.100998,0.000514381,0.100999,,-3.2225e-05,-4.94864e-05,0.00113243,fluid
565,0.059212,0.386516,,1000.02,-3.07941e-05,0.328808,,0.10088,0.000566257,0.100882,,6.73304e-05,2.40668e-05,0.00026541,fluid
566,-0.0198051,0.390523,,1000.02,-0.000573291,0.347307,,0.100643,0.000785059,0.100646,,2.94962e-07,4.89089e-05,-8.46811e-05,fluid
567,-0.0980114,0.378542,,1000.02,-0.000339272,0.373973,,0.100412,0.000812994,0.100416,,2.89413e-05,2.23692e-06,0.000366676,fluid
568,-0.172205,0.351064,,1000.02,-0.000475192,0.392185,,0.100184,0.000825651,0.100188,,1.14326e-05,3.01634e-05,6.47496e-05,fluid
569,-0.239349,0.309213,,1000.03,-0.000417211,0.414351,,0.0999362,0.00077774,0.0999392,,-8.35125e-07,1.16033e-05,0.000166273,fluid
570,-0.296693,0.254703,,1000.03,-0.000429085,0.439101,,0.0997332,0.00066432,0.0997354,,6.04194e-06,3.48498e-06,0.000213964,fluid
571,-0.341891,0.189765,,1000.03,-0.000436628,0.456652,,0.0995698,0.000511314,0.0995711,,2.3949e-06,7.7978e-06,0.000112507,fluid
572,-0.373092,0.117058,,1000.03,-0.00045005,0.468832,,0.0994502,0.000321953,0.0994507,,-4.84717e-07,7.34253e-06,3.35485e-05,fluid
573,-0.389019,0.0395593,,1000.03,-0.000442252,0.47567,,0.0993894,0.000110921,0.0993894,,-2.57904e-06,2.43208e-06,1.77949e-05,fluid
574,-0.389019,-0.0395593,,1000.03,-0.000442252,0.47567,,0.0993894,-0.000110921,0.0993894,,-2.57904e-06,-2.43208e-06,-1.77949e-05,fluid
575,-0.373092,-0.117058,,1000.03,-0.00045005,0.468832,,0.0994502,-0.000321953,0.0994507,,-4.84717e-07,-7.34253e-06,-3.35485e-05,fluid
576,-0.341891,-0.189765,,1000.03,-0.000436628,0.456652,,0.0995698,-0.000511314,0.0995711,,2.3949e-06,-7.7978e-06,-0.000112507,fluid
577,-0.296693,-0.254703,,1000.03,-0.000429085,0.439101,,0.0997332,-0.00066432,0.0997354,,6.04194e-06,-3.48498e-06,-0.000213964,fluid
578,-0.239349,-0.309213,,1000.03,-0.000417211,0.414351,,0.0999362,-0.00077774,0.0999392,,-8.35125e-07,-1.16033e-05,-0.000166273,fluid
579,-0.172205,-0.351064,,1000.02,-0.000475192,0.392185,,0.100184,-0.000825651,0.100188,,1.14326e-05,-3.01634e-05,-6.47496e-05,fluid
580,-0.0980114,-0.378542,,1000.02,-0.000339272,0.373973,,0.100412,-0.000812994,0.100416,,2.89413e-05,-2.23692e-06,-0.000366676,fluid
581,-0.0198051,-0.390523,,1000.02,-0.000573291,0.347307,,0.100643,-0.000785059,0.100646,,2.94962e-07,-4.89089e-05,8.46811e-05,fluid
582,0.059212,-0.386516,,1000.02,-3.07941e-05,0.328808,,0.10088,-0.000566257,0.100882,,6.73304e-05,-2.40668e-05,-0.00026541,fluid
583,0.135805,-0.366684,,1000.02,-0.000300159,0.299806,,0.100998,-0.000514381,0.100999,,-3.2225e-05,4.94864e-05,-0.00113243,fluid
584,0.206838,-0.331841,,1000.02,1.06912e-05,0.286616,,0.101371,-0.000329117,0.101372,,0.000140717,-0.000310437,0.00302761,fluid
585,0.269403,-0.283412,,1000.02,0.000118384,0.24059,,0.100903,0.000567615,0.100904,,0.000124044,0.000308568,-0.00422164,fluid
586,0.320939,-0.22338,,1000.01,-0.000366897,0.215948,,0.101549,-0.000670973,0.101551,,-0.000510881,0.000591188,-0.0118037,fluid
587,0.359335,-0.154203,,1000.01,-0.00336349,0.219048,,0.103246,-0.00076909,0.103249,,0.000173795,-0.000991981,0.0436145,fluid
588,0.383021,-0.0787127,,1000.01,0.000286677,0.173613,,0.0961521,0.00232421,0.0961802,,0.000123825,-0.000989342,0.0873477,fluid
589,0.425005,0,,1000.02,0.000218032,0.269456,,0.0909811,-1.01513e-15,0.0909811,,-0.00132786,-1.12692e-14,1.20474e-14,fluid
590,0.416305,0.0855528,,1000.02,0.00143743,0.296985,,0.0968194,-0.00246673,0.0968508,,-6.31218e-06,0.000751132,-0.0689435,fluid
591,0.390561,0.167603,,1000.02,-0.00252704,0.303431,,0.102857,0.000141975,0.102857,,0.000375342,0.00110433,-0.0383001,fluid
592,0.348828,0.242792,,1000.01,-0.000430581,0.238811,,0.101639,0.000615535,0.10164,,-0.000403128,-0.000183313,0.00635742,fluid
593,0.292814,0.30804,,1000.02,-0.00246601,0.242442,,0.10091,-0.000378553,0.100911,,5.03458e-06,-0.00031422,0.00401999,fluid
594,0.224812,0.360678,,1000.02,-0.000912569,0.264324,,0.10121,0.000188339,0.101211,,0.000121284,0.000186465,-0.00182637,fluid
595,0.147606,0.398549,,1000.02,-0.0010638,0.272043,,0.100951,0.000392621,0.100952,,-1.69524e-05,-1.4377e-05,0.000619965,fluid
596,0.0643575,0.420104,,1000.02,-0.000379583,0.294526,,0.100811,0.000466352,0.100812,,5.16657e-05,1.18904e-05,0.000289594,fluid
597,-0.0215261,0.424459,,1000.02,-0.000745808,0.320168,,0.100606,0.000641354,0.100608,,1.08085e-05,3.69224e-05,6.73782e-06,fluid
598,-0.106528,0.411437,,1000.02,-0.000493425,0.352442,,0.100388,0.000701323,0.10039,,2.11796e-05,9.80217e-06,0.000268257,fluid
599,-0.18717,0.381571,,1000.02,-0.000594807,0.382663,,0.100193,0.00072633,0.100196,,1.35744e-05,2.16178e-05,0.000128177,fluid
600,-0.260148,0.336083,,1000.03,-0.000524114,0.401423,,0.0999763,0.000683558,0.0999787,,2.48076e-06,1.08385e-05,0.000169485,fluid
601,-0.322476,0.276836,,1000.03,-0.000537797,0.422232,,0.0997922,0.000583283,0.0997939,,6.40741e-06,6.50314e-06,0.000167821,fluid
602,-0.371601,0.206256,,1000.03,-0.0005212,0.440219,,0.099644,0.000452059,0.099645,,1.87839e-06,9.04474e-06,8.54027e-05,fluid
603,-0.405514,0.127231,,1000.03,-0.000547986,0.451458,,0.0995378,0.00028587,0.0995382,,2.36102e-08,7.26372e-06,3.12761e-05,fluid
604,-0.422824,0.042997,,1000.03,-0.000534194,0.457573,,0.0994828,9.71369e-05,0.0994829,,-1.78486e-06,1.80757e-06,1.43422e-05,fluid
605,-0.422824,-0.042997,,1000.03,-0.000534194,0.457573,,0.0994828,-9.71369e-05,0.0994829,,-1.78486e-06,-1.80757e-06,-1.43422e-05,fluid
606,-0.405514,-0.127231,,1000.03,-0.000547986,0.451458,,0.0995378,-0.00028587,0.0995382,,2.36102e-08,-7.26372e-06,-3.12761e-05,fluid
607,-0.371601,-0.206256,,1000.03,-0.0005212,0.440219,,0.099644,-0.000452059,0.099645,,1.87839e-06,-9.04474e-06,-8.54027e-05,fluid
608,-0.322476,-0.276836,,1000.03,-0.000537797,0.422232,,0.0997922,-0.000583283,0.0997939,,6.40741e-06,-6.50314e-06,-0.000167821,fluid
609,-0.260148,-0.336083,,1000.03,-0.000524114,0.401423,,0.0999763,-0.000683558,0.0999787,,2.48076e-06,-1.08385e-05,-0.000169485,fluid
610,-0.18717,-0.381571,,1000.02,-0.000594807,0.382663,,0.100193,-0.00072633,0.100196,,1.35744e-05,-2.16178e-05,-0.000128177,fluid
611,-0.106528,-0.411437,,1000.02,-0.000493425,0.352442,,0.100388,-0.000701323,0.10039,,2.11796e-05,-9.80217e-06,-0.000268257,fluid
612,-0.0215261,-0.424459,,1000.02,-0.000745808,0.320168,,0.100606,-0.000641354,0.100608,,1.08085e-05,-3.69224e-05,-6.73782e-06,fluid
613,0.0643575,-0.420104,,1000.02,-0.000379583,0.294526,,0.100811,-0.000466352,0.100812,,5.16657e-05,-1.18904e-05,-0.000289594,fluid
614,0.147606,-0.398549,,1000.02,-0.0010638,0.272043,,0.100951,-0.000392621,0.100952,,-1.69524e-05,1.4377e-05,-0.000619965,fluid
615,0.224812,-0.360678,,1000.02,-0.000912569,0.264324,,0.10121,-0.000188339,0.101211,,0.000121284,-0.000186465,0.00182637,fluid
616,0.292814,-0.30804,,1000.02,-0.00246601,0.242442,,0.10091,0.000378553,0.100911,,5.03458e-06,0.00031422,-0.00401999,fluid
617,0.348828,-0.242792,,1000.01,-0.000430581,0.238811,,0.101639,-0.000615535,0.10164,,-0.000403128,0.000183313,-0.00635742,fluid
618,0.390561,-0.167603,,1000.02,-0.00252704,0.303431,,0.102857,-0.000141975,0.102857,,0.000375342,-0.00110433,0.0383001,fluid
619,0.416305,-0.0855528,,1000.02,0.00143743,0.296985,,0.0968194,0.00246673,0.0968508,,-6.31218e-06,-0.000751132,0.0689435,fluid
620,0.461373,0,,1000.01,-0.000303046,0.212361,,0.092497,-6.937e-16,0.092497,,-0.00148319,-1.02999e-14,1.22137e-14,fluid
621,0.451929,0.0928738,,1000.02,0.00109758,0.257696,,0.0971854,-0.00253409,0.0972185,,-0.000163884,0.000442451,-0.0523016,fluid
622,0.423983,0.181945,,1000.02,-0.00071184,0.307808,,0.102374,-0.000420372,0.102375,,0.000514744,0.00101247,-0.0317319,fluid
623,0.378678,0.263568,,1000.02,0.000657784,0.271922,,0.101643,0.000444505,0.101644,,-0.000237146,0.000110905,0.0025425,fluid
624,0.317871,0.3344,,1000.02,-0.00110264,0.295873,,0.100952,-0.000223848,0.100952,,-3.43894e-06,-0.000215786,0.00329217,fluid
625,0.24405,0.391542,,1000.02,-0.000648028,0.289452,,0.101106,0.000127929,0.101106,,0.000107956,0.000116846,-0.000977863,fluid
626,0.160237,0.432654,,1000.02,-0.00113615,0.289695,,0.100898,0.000331197,0.100899,,3.26946e-06,8.54249e-06,0.000349117,fluid
627,0.0698648,0.456053,,1000.02,-0.000549379,0.307642,,0.100736,0.000428168,0.100737,,3.85595e-05,1.27571e-05,0.000250417,fluid
628,-0.0233682,0.460781,,1000.02,-0.000661558,0.328318,,0.10057,0.000560221,0.100571,,1.71634e-05,3.07991e-05,6.41719e-05,fluid
629,-0.115644,0.446645,,1000.02,-0.000466932,0.345807,,0.100365,0.000611673,0.100367,,1.51094e-05,1.53997e-05,0.0002139,fluid
630,-0.203186,0.414223,,1000.02,-0.000517013,0.376482,,0.100182,0.000632872,0.100183,,1.17161e-05,1.84052e-05,0.000150139,fluid
631,-0.282409,0.364843,,1000.02,-0.000454349,0.399179,,0.0999971,0.00060507,0.0999989,,3.38526e-06,1.2689e-05,0.000163784,fluid
632,-0.350071,0.300526,,1000.03,-0.000480581,0.415919,,0.0998355,0.000517645,0.0998368,,4.84408e-06,9.13146e-06,0.000147389,fluid
633,-0.4034,0.223905,,1000.03,-0.000441191,0.431353,,0.0997007,0.000398859,0.0997015,,-6.32658e-07,8.96448e-06,8.17354e-05,fluid
634,-0.440215,0.138118,,1000.03,-0.000449932,0.442704,,0.0996066,0.000254369,0.0996069,,-1.79081e-06,6.89624e-06,4.16901e-05,fluid
635,-0.459006,0.0466764,,1000.03,-0.000441579,0.447917,,0.0995576,8.58154e-05,0.0995576,,-3.26739e-06,1.30311e-06,1.71245e-05,fluid
636,-0.459006,-0.0466764,,1000.03,-0.000441579,0.447917,,0.0995576,-8.58154e-05,0.0995576,,-3.26739e-06,-1.30311e-06,-1.71245e-05,fluid
637,-0.440215,-0.138118,,1000.03,-0.000449932,0.442704,,0.0996066,-0.000254369,0.0996069,,-1.79081e-06,-6.89624e-06,-4.16901e-05,fluid
638,-0.4034,-0.223905,,1000.03,-0.000441191,0.431353,,0.0997007,-0.000398859,0.0997015,,-6.32658e-07,-8.96448e-06,-8.17354e-05,fluid
639,-0.350071,-0.300526,,1000.03,-0.000480581,0.415919,,0.0998355,-0.000517645,0.0998368,,4.84408e-06,-9.13146e-06,-0.000147389,fluid
640,-0.282409,-0.364843,,1000.02,-0.000454349,0.399179,,0.0999971,-0.00060507,0.0999989,,3.38526e-06,-1.2689e-05,-0.000163784,fluid
641,-0.203186,-0.414223,,1000.02,-0.000517013,0.376482,,0.100182,-0.000632872,0.100183,,1.17161e-05,-1.84052e-05,-0.000150139,fluid
642,-0.115644,-0.446645,,1000.02,-0.000466932,0.345807,,0.100365,-0.000611673,0.100367,,1.51094e-05,-1.53997e-05,-0.0002139,fluid
643,-0.0233682,-0.460781,,1000.02,-0.000661558,0.328318,,0.10057,-0.000560221,0.100571,,1.71634e-05,-3.07991e-05,-6.41719e-05,fluid
644,0.0698648,-0.456053,,1000.02,-0.000549379,0.307642,,0.100736,-0.000428168,0.100737,,3.85595e-05,-1.27571e-05,-0.000250417,fluid
645,0.160237,-0.432654,,1000.02,-0.00113615,0.289695,,0.100898,-0.000331197,0.100899,,3.26946e-06,-8.54249e-06,-0.000349117,fluid
646,0.24405,-0.391542,,1000.02,-0.000648028,0.289452,,0.101106,-0.000127929,0.101106,,0.000107956,-0.000116846,0.000977863,fluid
647,0.317871,-0.3344,,1000.02,-0.00110264,0.295873,,0.100952,0.000223848,0.100952,,-3.43894e-06,0.000215786,-0.00329217,fluid
648,0.378678,-0.263568,,1000.02,0.000657784,0.271922,,0.101643,-0.000444505,0.101644,,-0.000237146,-0.000110905,-0.0025425,fluid
649,0.423983,-0.181945,,1000.02,-0.00071184,0.307808,,0.102374,0.000420372,0.102375,,0.000514744,-0.00101247,0.0317319,fluid
650,0.451929,-0.0928738,,1000.02,0.00109758,0.257696,,0.0971854,0.00253409,0.0972185,,-0.000163884,-0.000442451,0.0523016,fluid
651,0.5003,0,,1000.01,-0.00384412,0.0817388,,0.0938395,-2.01347e-16,0.0938395,,-0.00156685,-8.77407e-15,1.04457e-14,fluid
652,0.490059,0.10071,,1000.01,-0.00217337,0.129622,,0.0974999,-0.00245803,0.0975309,,-0.000345917,0.000126546,-0.0381047,fluid
653,0.459754,0.197296,,1000.01,-0.00122556,0.236617,,0.101847,-0.000832885,0.101851,,0.000532375,0.000782107,-0.0248592,fluid
654,0.410628,0.285805,,1000.02,4.40592e-05,0.245173,,0.101516,0.000218562,0.101516,,-9.98033e-05,0.000257741,0.000251533,fluid
655,0.34469,0.362614,,1000.02,0.000691627,0.30663,,0.100932,-0.000155194,0.100932,,-1.16836e-05,-0.000125975,0.00243855,fluid
656,0.264641,0.424576,,1000.02,0.00045539,0.316558,,0.101002,0.000102315,0.101002,,9.75674e-05,8.11192e-05,-0.000456514,fluid
657,0.173757,0.469157,,1000.02,-0.000337013,0.337652,,0.100834,0.000318966,0.100834,,2.13119e-05,2.62017e-05,0.000199636,fluid
658,0.0757593,0.49453,,1000.02,-0.000344619,0.353653,,0.100674,0.000434996,0.100675,,2.98844e-05,1.72094e-05,0.000193776,fluid
659,-0.0253398,0.499658,,1000.02,-0.000486918,0.369312,,0.100531,0.000541653,0.100533,,2.10148e-05,2.38566e-05,9.59976e-05,fluid
660,-0.125401,0.484329,,1000.02,-0.00044621,0.373107,,0.100349,0.000577822,0.100351,,1.51432e-05,1.35223e-05,0.000199571,fluid
661,-0.220329,0.449171,,1000.02,-0.000500609,0.386269,,0.100169,0.000572999,0.100171,,1.15758e-05,1.19481e-05,0.000167144,fluid
662,-0.306236,0.395625,,1000.03,-0.000460128,0.407254,,0.0999971,0.000544111,0.0999986,,4.93014e-06,9.26888e-06,0.000157586,fluid
663,-0.379606,0.325881,,1000.03,-0.000496288,0.424593,,0.099855,0.000471544,0.0998562,,6.74184e-06,7.12147e-06,0.000145551,fluid
664,-0.437435,0.242796,,1000.03,-0.000483057,0.436067,,0.0997333,0.000359879,0.0997339,,2.10487e-06,5.32019e-06,9.27394e-05,fluid
665,-0.477356,0.149771,,1000.03,-0.000470252,0.446743,,0.099648,0.000229148,0.0996483,,1.61505e-06,4.35534e-06,5.58761e-05,fluid
666,-0.497733,0.0506145,,1000.03,-0.000471611,0.451238,,0.0996046,7.75673e-05,0.0996047,,7.19439e-07,4.95245e-07,2.2393e-05,fluid
667,-0.497733,-0.0506145,,1000.03,-0.000471611,0.451238,,0.0996046,-7.75673e-05,0.0996047,,7.19439e-07,-4.95245e-07,-2.2393e-05,fluid
668,-0.477356,-0.149771,,1000.03,-0.000470252,0.446743,,0.099648,-0.000229148,0.0996483,,1.61505e-06,-4.35534e-06,-5.58761e-05,fluid
669,-0.437435,-0.242796,,1000.03,-0.000483057,0.436067,,0.0997333,-0.000359879,0.0997339,,2.10487e-06,-5.32019e-06,-9.27394e-05,fluid
670,-0.379606,-0.325881,,1000.03,-0.000496288,0.424593,,0.099855,-0.000471544,0.0998562,,6.74184e-06,-7.12147e-06,-0.000145551,fluid
671,-0.306236,-0.395625,,1000.03,-0.000460128,0.407254,,0.0999971,-0.000544111,0.0999986,,4.93014e-06,-9.26888e-06,-0.000157586,fluid
672,-0.220329,-0.449171,,1000.02,-0.000500609,0.386269,,0.100169,-0.000572999,0.100171,,1.15758e-05,-1.19481e-05,-0.000167144,fluid
673,-0.125401,-0.484329,,1000.02,-0.00044621,0.373107,,0.100349,-0.000577822,0.100351,,1.51432e-05,-1.35223e-05,-0.000199571,fluid
674,-0.0253398,-0.499658,,1000.02,-0.000486918,0.369312,,0.100531,-0.000541653,0.100533,,2.10148e-05,-2.38566e-05,-9.59976e-05,fluid
675,0.0757593,-0.49453,,1000.02,-0.000344619,0.353653,,0.100674,-0.000434996,0.100675,,2.98844e-05,-1.72094e-05,-0.000193776,fluid
676,0.173757,-0.469157,,1000.02,-0.000337013,0.337652,,0.100834,-0.000318966,0.100834,,2.13119e-05,-2.62017e-05,-0.000199636,fluid
677,0.264641,-0.424576,,1000.02,0.00045539,0.316558,,0.101002,-0.000102315,0.101002,,9.75674e-05,-8.11192e-05,0.000456514,fluid
678,0.34469,-0.362614,,1000.02,0.000691627,0.30663,,0.100932,0.000155194,0.100932,,-1.16836e-05,0.000125975,-0.00243855,fluid
679,0.410628,-0.285805,,1000.02,4.40592e-05,0.245173,,0.101516,-0.000218562,0.101516,,-9.98033e-05,-0.000257741,-0.000251533,fluid
680,0.459754,-0.197296,,1000.01,-0.00122556,0.236617,,0.101847,0.000832885,0.101851,,0.000532375,-0.000782107,0.0248592,fluid
681,0.490059,-0.10071,,1000.01,-0.00217337,0.129622,,0.0974999,0.00245803,0.0975309,,-0.000345917,-0.000126546,0.0381047,fluid
682,0.541963,0,,1000.01,-0.001485,0.239879,,0.0954272,1.74259e-16,0.0954272,,-0.00136593,-6.11779e-15,7.6899e-15,fluid
683,0.530869,0.109096,,1000.02,-0.00138283,0.241071,,0.0981739,-0.00218616,0.0981982,,-0.000327004,-9.39045e-05,-0.0266966,fluid
684,0.498041,0.213726,,1000.02,-0.0018702,0.269121,,0.101502,-0.00104922,0.101507,,0.00050295,0.000507024,-0.0184911,fluid
685,0.444824,0.309606,,1000.01,-0.00245071,0.223879,,0.101384,-9.73707e-06,0.101384,,-5.56591e-06,0.000277467,-0.00085618,fluid
686,0.373395,0.392811,,1000.02,-0.000831206,0.257655,,0.100882,-0.000167946,0.100882,,-3.51672e-05,-8.06248e-05,0.00169565,fluid
687,0.286679,0.459934,,1000.02,-0.000291633,0.280188,,0.100882,3.3659e-05,0.100882,,6.79681e-05,4.05261e-05,-0.000155818,fluid
688,0.188227,0.508227,,1000.02,-0.000319863,0.314107,,0.100771,0.000230363,0.100771,,2.79564e-05,2.16244e-05,0.000143704,fluid
689,0.0820683,0.535713,,1000.02,-0.000447351,0.324614,,0.100639,0.000343308,0.10064,,2.72182e-05,1.47523e-05,0.000170537,fluid
690,-0.02745,0.541267,,1000.02,-0.000546873,0.347965,,0.100491,0.000451553,0.100492,,2.14206e-05,1.81992e-05,0.000113264,fluid
691,-0.135844,0.524662,,1000.02,-0.000548413,0.369543,,0.100336,0.000512829,0.100337,,1.60817e-05,1.14224e-05,0.000202654,fluid
692,-0.238677,0.486577,,1000.02,-0.00059553,0.381326,,0.100184,0.000511895,0.100185,,1.37317e-05,7.60128e-06,0.000201693,fluid
693,-0.331739,0.428571,,1000.02,-0.000579735,0.395154,,0.100019,0.000475341,0.10002,,5.77686e-06,5.63038e-06,0.000169266,fluid
694,-0.411219,0.35302,,1000.03,-0.000584219,0.414508,,0.0998883,0.000417133,0.0998892,,7.30365e-06,5.05091e-06,0.000158065,fluid
695,-0.473864,0.263016,,1000.03,-0.000606301,0.425331,,0.0997809,0.000319239,0.0997814,,4.03869e-06,2.77631e-06,0.000113869,fluid
696,-0.517108,0.162244,,1000.03,-0.000594087,0.434779,,0.0997029,0.000202062,0.0997031,,3.74744e-06,2.25173e-06,7.12138e-05,fluid
697,-0.539182,0.0548295,,1000.03,-0.000600267,0.439079,,0.0996648,6.89172e-05,0.0996648,,3.23194e-06,-7.83541e-08,2.82595e-05,fluid
698,-0.539182,-0.0548295,,1000.03,-0.000600267,0.439079,,0.0996648,-6.89172e-05,0.0996648,,3.23194e-06,7.83541e-08,-2.82595e-05,fluid
699,-0.517108,-0.162244,,1000.03,-0.000594087,0.434779,,0.0997029,-0.000202062,0.0997031,,3.74744e-06,-2.25173e-06,-7.12138e-05,fluid
700,-0.473864,-0.263016,,1000.03,-0.000606301,0.425331,,0.0997809,-0.000319239,0.0997814,,4.03869e-06,-2.77631e-06,-0.000113869,fluid
701,-0.411219,-0.35302,,1000.03,-0.000584219,0.414508,,0.0998883,-0.000417133,0.0998892,,7.30365e-06,-5.05091e-06,-0.000158065,fluid
702,-0.331739,-0.428571,,1000.02,-0.000579735,0.395154,,0.100019,-0.000475341,0.10002,,5.77686e-06,-5.63038e-06,-0.000169266,fluid
703,-0.238677,-0.486577,,1000.02,-0.00059553,0.381326,,0.100184,-0.000511895,0.100185,,1.37317e-05,-7.60128e-06,-0.000201693,fluid
704,-0.135844,-0.524662,,1000.02,-0.000548413,0.369543,,0.100336,-0.000512829,0.100337,,1.60817e-05,-1.14224e-05,-0.000202654,fluid
705,-0.02745,-0.541267,,1000.02,-0.000546873,0.347965,,0.100491,-0.000451553,0.100492,,2.14206e-05,-1.81992e-05,-0.000113264,fluid
706,0.0820683,-0.535713,,1000.02,-0.000447351,0.324614,,0.100639,-0.000343308,0.10064,,2.72182e-05,-1.47523e-05,-0.000170537,fluid
707,0.188227,-0.508227,,1000.02,-0.000319863,0.314107,,0.100771,-0.000230363,0.100771,,2.79564e-05,-2.16244e-05,-0.000143704,fluid
708,0.286679,-0.459934,,1000.02,-0.000291633,0.280188,,0.100882,-3.3659e-05,0.100882,,6.79681e-05,-4.05261e-05,0.000155818,fluid
709,0.373395,-0.392811,,1000.02,-0.000831206,0.257655,,0.100882,0.000167946,0.100882,,-3.51672e-05,8.06248e-05,-0.00169565,fluid
710,0.444824,-0.309606,,1000.01,-0.00245071,0.223879,,0.101384,9.73707e-06,0.101384,,-5.56591e-06,-0.000277467,0.00085618,fluid
711,0.498041,-0.213726,,1000.02,-0.0018702,0.269121,,0.101502,0.00104922,0.101507,,0.00050295,-0.000507024,0.0184911,fluid
712,0.530869,-0.109096,,1000.02,-0.00138283,0.241071,,0.0981739,0.00218616,0.0981982,,-0.000327004,9.39045e-05,0.0266966,fluid
713,0.586556,0,,1000.02,0.00182061,0.36772,,0.0966587,4.43274e-16,0.0966587,,-0.00110317,-2.77391e-15,4.89823e-15,fluid
714,0.574549,0.118073,,1000.02,0.00175621,0.365499,,0.0987107,-0.00187798,0.0987286,,-0.00023349,-0.000225118,-0.0180313,fluid
715,0.53902,0.231312,,1000.02,-0.000137266,0.345021,,0.101248,-0.00112841,0.101254,,0.000492665,0.000277053,-0.0131339,fluid
716,0.481424,0.335081,,1000.02,-0.00213429,0.274907,,0.101291,-0.00018845,0.101291,,0.00010108,0.000244885,-0.001209,fluid
717,0.404118,0.425132,,1000.02,-0.00194151,0.261189,,0.100866,-0.000179489,0.100866,,-1.48083e-05,-4.31289e-05,0.00113081,fluid
718,0.310267,0.497777,,1000.02,-0.00160675,0.2587,,0.100804,-2.33461e-05,0.100804,,4.54546e-05,1.26053e-05,1.05059e-05,fluid
719,0.203714,0.550044,,1000.02,-0.00101776,0.269585,,0.100718,0.000125667,0.100718,,2.90076e-05,9.37555e-06,0.000135248,fluid
720,0.0888209,0.579792,,1000.02,-0.000833189,0.273309,,0.100599,0.000216751,0.100599,,2.6544e-05,7.99287e-06,0.000159242,fluid
721,-0.0297086,0.585803,,1000.02,-0.000675037,0.299521,,0.100452,0.000322089,0.100453,,1.85176e-05,1.54107e-05,0.000118325,fluid
722,-0.147022,0.567832,,1000.02,-0.000623074,0.334416,,0.100308,0.000407305,0.100309,,1.155e-05,1.18941e-05,0.000201401,fluid
723,-0.258316,0.526613,,1000.02,-0.00059284,0.364004,,0.10019,0.000434259,0.100191,,1.30411e-05,8.35385e-06,0.000234957,fluid
724,-0.359035,0.463834,,1000.02,-0.000603032,0.375649,,0.10005,0.000404238,0.100051,,4.90434e-06,6.1528e-06,0.000194477,fluid
725,-0.445054,0.382067,,1000.02,-0.000566182,0.392526,,0.0999286,0.000352744,0.0999292,,4.11909e-06,5.47566e-06,0.000174919,fluid
726,-0.512853,0.284657,,1000.03,-0.000579194,0.404819,,0.0998359,0.00027205,0.0998362,,1.40843e-06,3.17046e-06,0.000133966,fluid
727,-0.559656,0.175593,,1000.03,-0.000573952,0.413347,,0.0997668,0.000171194,0.0997669,,7.39312e-07,2.12707e-06,8.29227e-05,fluid
728,-0.583547,0.0593409,,1000.03,-0.00057865,0.41771,,0.0997335,5.86048e-05,0.0997336,,2.3402e-07,5.68197e-08,3.23623e-05,fluid
729,-0.583547,-0.0593409,,1000.03,-0.00057865,0.41771,,0.0997335,-5.86048e-05,0.0997336,,2.3402e-07,-5.68197e-08,-3.23623e-05,fluid
730,-0.559656,-0.175593,,1000.03,-0.000573952,0.413347,,0.0997668,-0.000171194,0.0997669,,7.39312e-07,-2.12707e-06,-8.29227e-05,fluid
731,-0.512853,-0.284657,,1000.03,-0.000579194,0.404819,,0.0998359,-0.00027205,0.0998362,,1.40843e-06,-3.17046e-06,-0.000133966,fluid
732,-0.445054,-0.382067,,1000.02,-0.000566182,0.392526,,0.0999286,-0.000352744,0.0999292,,4.11909e-06,-5.47566e-06,-0.000174919,fluid
733,-0.359035,-0.463834,,1000.02,-0.000603032,0.375649,,0.10005,-0.000404238,0.100051,,4.90434e-06,-6.1528e-06,-0.000194477,fluid
734,-0.258316,-0.526613,,1000.02,-0.00059284,0.364004,,0.10019,-0.000434259,0.100191,,1.30411e-05,-8.35385e-06,-0.000234957,fluid
735,-0.147022,-0.567832,,1000.02,-0.000623074,0.334416,,0.100308,-0.000407305,0.100309,,1.155e-05,-1.18941e-05,-0.000201401,fluid
736,-0.0297086,-0.585803,,1000.02,-0.000675037,0.299521,,0.100452,-0.000322089,0.100453,,1.85176e-05,-1.54107e-05,-0.000118325,fluid
737,0.0888209,-0.579792,,1000.02,-0.000833189,0.273309,,0.100599,-0.000216751,0.100599,,2.6544e-05,-7.99287e-06,-0.000159242,fluid
738,0.203714,-0.550044,,1000.02,-0.00101776,0.269585,,0.100718,-0.000125667,0.100718,,2.90076e-05,-9.37555e-06,-0.000135248,fluid
739,0.310267,-0.497777,,1000.02,-0.00160675,0.2587,,0.100804,2.33461e-05,0.100804,,4.54546e-05,-1.26053e-05,-1.05059e-05,fluid
740,0.404118,-0.425132,,1000.02,-0.00194151,0.261189,,0.100866,0.000179489,0.100866,,-1.48083e-05,4.31289e-05,-0.00113081,fluid
741,0.481424,-0.335081,,1000.02,-0.00213429,0.274907,,0.101291,0.00018845,0.101291,,0.00010108,-0.000244885,0.001209,fluid
742,0.53902,-0.231312,,1000.02,-0.000137266,0.345021,,0.101248,0.00112841,0.101254,,0.000492665,-0.000277053,0.0131339,fluid
743,0.574549,-0.118073,,1000.02,0.00175621,0.365499,,0.0987107,0.00187798,0.0987286,,-0.00023349,0.000225118,0.0180313,fluid
744,0.634285,0,,1000.01,-0.00355468,0.128676,,0.0971966,5.52714e-16,0.0971966,,-0.00104363,5.62705e-16,2.67264e-15,fluid
745,0.621301,0.127681,,1000.01,-0.00139409,0.182418,,0.0987589,-0.00162797,0.0987723,,-0.000305986,-0.000317485,-0.0117508,fluid
746,0.582881,0.250134,,1000.02,0.000731866,0.283673,,0.100896,-0.00113028,0.100903,,0.000433839,0.000115059,-0.00895081,fluid
747,0.520598,0.362347,,1000.02,0.00083618,0.316556,,0.101137,-0.000298883,0.101137,,0.00018959,0.000209214,-0.00118108,fluid
748,0.437001,0.459725,,1000.02,0.000286907,0.332591,,0.100853,-0.000148839,0.100853,,4.69406e-05,1.01925e-05,0.000715509,fluid
749,0.335514,0.538282,,1000.02,-0.000673407,0.32316,,0.100774,1.12197e-06,0.100774,,5.60954e-05,2.02348e-05,8.7221e-05,fluid
750,0.22029,0.594802,,1000.02,-0.00076965,0.322866,,0.100666,0.000147383,0.100666,,3.31039e-05,1.38349e-05,0.000124591,fluid
751,0.0960483,0.62697,,1000.02,-0.000718626,0.34001,,0.100537,0.000273541,0.100538,,2.2437e-05,1.00006e-05,0.000130095,fluid
752,-0.032126,0.633471,,1000.02,-0.000617574,0.350347,,0.100425,0.000344762,0.100426,,1.7479e-05,1.02888e-05,0.000119624,fluid
753,-0.158985,0.614037,,1000.02,-0.000632351,0.350799,,0.100281,0.000373508,0.100282,,8.86775e-06,9.10866e-06,0.00020496,fluid
754,-0.279335,0.569464,,1000.02,-0.000576051,0.37579,,0.100157,0.000388848,0.100158,,9.86381e-06,5.49127e-06,0.000256844,fluid
755,-0.388249,0.501577,,1000.02,-0.000608412,0.390809,,0.100043,0.000368421,0.100043,,5.43529e-06,3.93211e-06,0.000220281,fluid
756,-0.481269,0.413156,,1000.03,-0.000580984,0.402242,,0.0999316,0.00031599,0.0999321,,3.87169e-06,2.76468e-06,0.000190578,fluid
757,-0.554585,0.30782,,1000.03,-0.000568214,0.413699,,0.099849,0.0002426,0.0998493,,1.99646e-06,1.42263e-06,0.000147524,fluid
758,-0.605196,0.189881,,1000.03,-0.000558066,0.421437,,0.0997877,0.000153099,0.0997878,,1.42244e-06,1.32638e-06,8.97062e-05,fluid
759,-0.63103,0.0641695,,1000.03,-0.000559582,0.425436,,0.0997582,5.23218e-05,0.0997582,,9.77176e-07,-5.64143e-08,3.42963e-05,fluid
760,-0.63103,-0.0641695,,1000.03,-0.000559582,0.425436,,0.0997582,-5.23218e-05,0.0997582,,9.77176e-07,5.64143e-08,-3.42963e-05,fluid
761,-0.605196,-0.189881,,1000.03,-0.000558066,0.421437,,0.0997877,-0.000153099,0.0997878,,1.42244e-06,-1.32638e-06,-8.97062e-05,fluid
762,-0.554585,-0.30782,,1000.03,-0.000568214,0.413699,,0.099849,-0.0002426,0.0998493,,1.99646e-06,-1.42263e-06,-0.000147524,fluid
763,-0.481269,-0.413156,,1000.03,-0.000580984,0.402242,,0.0999316,-0.00031599,0.0999321,,3.87169e-06,-2.76468e-06,-0.000190578,fluid
764,-0.388249,-0.501577,,1000.02,-0.000608412,0.390809,,0.100043,-0.000368421,0.100043,,5.43529e-06,-3.93211e-06,-0.000220281,fluid
765,-0.279335,-0.569464,,1000.02,-0.000576051,0.37579,,0.100157,-0.000388848,0.100158,,9.86381e-06,-5.49127e-06,-0.000256844,fluid
766,-0.158985,-0.614037,,1000.02,-0.000632351,0.350799,,0.100281,-0.000373508,0.100282,,8.86775e-06,-9.10866e-06,-0.00020496,fluid
767,-0.032126,-0.633471,,1000.02,-0.000617574,0.350347,,0.100425,-0.000344762,0.100426,,1.7479e-05,-1.02888e-05,-0.000119624,fluid
768,0.0960483,-0.62697,,1000.02,-0.000718626,0.34001,,0.100537,-0.000273541,0.100538,,2.2437e-05,-1.00006e-05,-0.000130095,fluid
769,0.22029,-0.594802,,1000.02,-0.00076965,0.322866,,0.100666,-0.000147383,0.100666,,3.31039e-05,-1.38349e-05,-0.000124591,fluid
770,0.335514,-0.538282,,1000.02,-0.000673407,0.32316,,0.100774,-1.12197e-06,0.100774,,5.60954e-05,-2.02348e-05,-8.7221e-05,fluid
771,0.437001,-0.459725,,1000.02,0.000286907,0.332591,,0.100853,0.000148839,0.100853,,4.69406e-05,-1.01925e-05,-0.000715509,fluid
772,0.520598,-0.362347,,1000.02,0.00083618,0.316556,,0.101137,0.000298883,0.101137,,0.00018959,-0.000209214,0.00118108,fluid
773,0.582881,-0.250134,,1000.02,0.000731866,0.283673,,0.100896,0.00113028,0.100903,,0.000433839,-0.000115059,0.00895081,fluid
774,0.621301,-0.127681,,1000.01,-0.00139409,0.182418,,0.0987589,0.00162797,0.0987723,,-0.000305986,0.000317485,0.0117508,fluid
775,0.685369,0,,1000,-0.00600423,0.0681307,,0.0979236,4.06783e-16,0.0979236,,-0.000865698,2.84581e-15,1.24581e-15,fluid
776,0.67134,0.137964,,1000.01,-0.00454928,0.0982813,,0.0990169,-0.00133572,0.0990259,,-0.000314527,-0.000348068,-0.00736977,fluid
777,0.629826,0.270279,,1000.01,-0.00128374,0.203631,,0.100614,-0.0010643,0.10062,,0.000323413,-1.8662e-05,-0.00583671,fluid
778,0.562526,0.39153,,1000.02,1.19959e-05,0.266377,,0.10092,-0.000387417,0.10092,,0.000178565,0.000136519,-0.000966187,fluid
779,0.472197,0.496751,,1000.02,0.000972152,0.322948,,0.100764,-0.000172017,0.100764,,6.36837e-05,2.1432e-05,0.000448329,fluid
780,0.362536,0.581635,,1000.02,0.000396095,0.343623,,0.100708,-9.05968e-06,0.100708,,6.28161e-05,2.0878e-05,0.000133627,fluid
781,0.238032,0.642707,,1000.02,-0.000161476,0.365514,,0.100605,0.000157316,0.100605,,3.70685e-05,1.77635e-05,0.000142693,fluid
782,0.103784,0.677466,,1000.02,-0.000427959,0.388488,,0.100489,0.000285919,0.100489,,2.0388e-05,1.34524e-05,0.000143934,fluid
783,-0.0347134,0.68449,,1000.02,-0.000522708,0.39548,,0.100407,0.000355526,0.100407,,1.84119e-05,1.05193e-05,0.000146666,fluid
784,-0.17179,0.66349,,1000.02,-0.000662523,0.383564,,0.100271,0.000369985,0.100272,,1.03532e-05,5.29431e-06,0.000229361,fluid
785,-0.301833,0.615328,,1000.02,-0.000645573,0.386374,,0.100138,0.000356044,0.100138,,8.03104e-06,1.082e-06,0.000289272,fluid
786,-0.419519,0.541974,,1000.03,-0.000669673,0.403044,,0.10003,0.000335136,0.10003,,5.545e-06,3.47145e-07,0.000252364,fluid
787,-0.52003,0.446431,,1000.03,-0.000675662,0.413541,,0.0999306,0.000288852,0.0999311,,5.12601e-06,-2.19053e-07,0.000212187,fluid
788,-0.59925,0.332611,,1000.03,-0.000671587,0.422647,,0.0998555,0.00021827,0.0998557,,4.18123e-06,-1.12062e-06,0.000162002,fluid
789,-0.653938,0.205174,,1000.03,-0.000657912,0.42987,,0.0998001,0.000137019,0.0998001,,3.87214e-06,-3.02982e-07,9.63515e-05,fluid
790,-0.681853,0.0693377,,1000.03,-0.000661129,0.433268,,0.0997742,4.65114e-05,0.0997742,,3.68945e-06,-6.22485e-07,3.60215e-05,fluid
791,-0.681853,-0.0693377,,1000.03,-0.000661129,0.433268,,0.0997742,-4.65114e-05,0.0997742,,3.68945e-06,6.22485e-07,-3.60215e-05,fluid
792,-0.653938,-0.205174,,1000.03,-0.000657912,0.42987,,0.0998001,-0.000137019,0.0998001,,3.87214e-06,3.02982e-07,-9.63515e-05,fluid
793,-0.59925,-0.332611,,1000.03,-0.000671587,0.422647,,0.0998555,-0.00021827,0.0998557,,4.18123e-06,1.12062e-06,-0.000162002,fluid
794,-0.52003,-0.446431,,1000.03,-0.000675662,0.413541,,0.0999306,-0.000288852,0.0999311,,5.12601e-06,2.19053e-07,-0.000212187,fluid
795,-0.419519,-0.541974,,1000.03,-0.000669673,0.403044,,0.10003,-0.000335136,0.10003,,5.545e-06,-3.47145e-07,-0.000252364,fluid
796,-0.301833,-0.615328,,1000.02,-0.000645573,0.386374,,0.100138,-0.000356044,0.100138,,8.03104e-06,-1.082e-06,-0.000289272,fluid
797,-0.17179,-0.66349,,1000.02,-0.000662523,0.383564,,0.100271,-0.000369985,0.100272,,1.03532e-05,-5.29431e-06,-0.000229361,fluid
798,-0.0347134,-0.68449,,1000.02,-0.000522708,0.39548,,0.100407,-0.000355526,0.100407,,1.84119e-05,-1.05193e-05,-0.000146666,fluid
799,0.103784,-0.677466,,1000.02,-0.000427959,0.388488,,0.100489,-0.000285919,0.100489,,2.0388e-05,-1.34524e-05,-0.000143934,fluid
800,0.238032,-0.642707,,1000.02,-0.000161476,0.365514,,0.100605,-0.000157316,0.100605,,3.70685e-05,-1.77635e-05,-0.000142693,fluid
801,0.362536,-0.581635,,1000.02,0.000396095,0.343623,,0.100708,9.05968e-06,0.100708,,6.28161e-05,-2.0878e-05,-0.000133627,fluid
802,0.472197,-0.496751,,1000.02,0.000972152,0.322948,,0.100764,0.000172017,0.100764,,6.36837e-05,-2.1432e-05,-0.000448329,fluid
803,0.562526,-0.39153,,1000.02,1.19959e-05,0.266377,,0.10092,0.000387417,0.10092,,0.000178565,-0.000136519,0.000966187,fluid
804,0.629826,-0.270279,,1000.01,-0.00128374,0.203631,,0.100614,0.0010643,0.10062,,0.000323413,1.8662e-05,0.00583671,fluid
805,0.67134,-0.137964,,1000.01,-0.00454928,0.0982813,,0.0990169,0.00133572,0.0990259,,-0.000314527,0.000348068,0.00736977,fluid
806,0.740046,0,,1000.03,0.00212587,0.41402,,0.0989332,1.6952e-16,0.0989332,,-0.000479314,3.60962e-15,5.60059e-16,fluid
807,0.724897,0.14897,,1000.02,0.0002197,0.360073,,0.0996313,-0.0010366,0.0996367,,-0.000119858,-0.000328038,-0.00442276,fluid
808,0.680071,0.291842,,1000.02,-0.00215628,0.284931,,0.100598,-0.000954647,0.100603,,0.00025295,-0.000132618,-0.00358796,fluid
809,0.607403,0.422765,,1000.01,-0.00344974,0.223861,,0.100781,-0.00046942,0.100782,,0.000141554,3.75147e-05,-0.000633771,fluid
810,0.509867,0.53638,,1000.01,-0.00188518,0.234717,,0.100658,-0.000262266,0.100658,,3.96231e-05,-1.11485e-05,0.000352299,fluid
811,0.391458,0.628036,,1000.02,-0.000867655,0.26285,,0.100606,-0.000103878,0.100606,,4.40918e-05,-6.57716e-06,0.000209543,fluid
812,0.257022,0.69398,,1000.02,-0.000602557,0.293289,,0.100555,3.76808e-05,0.100555,,3.65992e-05,1.18036e-06,0.000239534,fluid
813,0.112064,0.731512,,1000.02,-0.000677163,0.29417,,0.100479,0.000126724,0.100479,,2.40952e-05,4.29018e-06,0.000267342,fluid
814,-0.0374827,0.739096,,1000.02,-0.000619671,0.318129,,0.100364,0.000217652,0.100364,,1.42474e-05,8.65791e-06,0.000220797,fluid
815,-0.185494,0.716422,,1000.02,-0.000703843,0.35172,,0.100255,0.000284475,0.100255,,8.84167e-06,4.62268e-06,0.000257765,fluid
816,-0.325912,0.664417,,1000.02,-0.000678725,0.35914,,0.100156,0.000290141,0.100156,,7.81484e-06,5.40465e-07,0.000329447,fluid
817,-0.452987,0.585211,,1000.02,-0.000675695,0.37308,,0.100052,0.000265992,0.100052,,4.28876e-06,-1.90958e-07,0.000287149,fluid
818,-0.561516,0.482046,,1000.02,-0.00067244,0.387178,,0.0999658,0.000236602,0.099966,,3.96739e-06,5.29004e-07,0.000233944,fluid
819,-0.647057,0.359146,,1000.02,-0.000690789,0.395786,,0.0999019,0.000178948,0.099902,,3.34727e-06,-4.47783e-07,0.00017607,fluid
820,-0.706107,0.221543,,1000.03,-0.00068239,0.403077,,0.0998528,0.000113196,0.0998528,,2.81321e-06,3.43912e-07,0.000102523,fluid
821,-0.736249,0.0748692,,1000.03,-0.000689888,0.406284,,0.0998307,3.90666e-05,0.0998307,,2.64846e-06,-1.40353e-07,3.78234e-05,fluid
822,-0.736249,-0.0748692,,1000.03,-0.000689888,0.406284,,0.0998307,-3.90666e-05,0.0998307,,2.64846e-06,1.40353e-07,-3.78234e-05,fluid
823,-0.706107,-0.221543,,1000.03,-0.00068239,0.403077,,0.0998528,-0.000113196,0.0998528,,2.81321e-06,-3.43912e-07,-0.000102523,fluid
824,-0.647057,-0.359146,,1000.02,-0.000690789,0.395786,,0.0999019,-0.000178948,0.099902,,3.34727e-06,4.47783e-07,-0.00017607,fluid
825,-0.561516,-0.482046,,1000.02,-0.00067244,0.387178,,0.0999658,-0.000236602,0.099966,,3.96739e-06,-5.29004e-07,-0.000233944,fluid
826,-0.452987,-0.585211,,1000.02,-0.000675695,0.37308,,0.100052,-0.000265992,0.100052,,4.28876e-06,1.90958e-07,-0.000287149,fluid
827,-0.325912,-0.664417,,1000.02,-0.000678725,0.35914,,0.100156,-0.000290141,0.100156,,7.81484e-06,-5.40465e-07,-0.000329447,fluid
828,-0.185494,-0.716422,,1000.02,-0.000703843,0.35172,,0.100255,-0.000284475,0.100255,,8.84167e-06,-4.62268e-06,-0.000257765,fluid
829,-0.0374827,-0.739096,,1000.02,-0.000619671,0.318129,,0.100364,-0.000217652,0.100364,,1.42474e-05,-8.65791e-06,-0.000220797,fluid
830,0.112064,-0.731512,,1000.02,-0.000677163,0.29417,,0.100479,-0.000126724,0.100479,,2.40952e-05,-4.29018e-06,-0.000267342,fluid
831,0.257022,-0.69398,,1000.02,-0.000602557,0.293289,,0.100555,-3.76808e-05,0.100555,,3.65992e-05,-1.18036e-06,-0.000239534,fluid
832,0.391458,-0.628036,,1000.02,-0.000867655,0.26285,,0.100606,0.000103878,0.100606,,4.40918e-05,6.57716e-06,-0.000209543,fluid
833,0.509867,-0.53638,,1000.01,-0.00188518,0.234717,,0.100658,0.000262266,0.100658,,3.96231e-05,1.11485e-05,-0.000352299,fluid
834,0.607403,-0.422765,,1000.01,-0.00344974,0.223861,,0.100781,0.00046942,0.100782,,0.000141554,-3.75147e-05,0.000633771,fluid
835,0.680071,-0.291842,,1000.02,-0.00215628,0.284931,,0.100598,0.000954647,0.100603,,0.00025295,0.000132618,0.00358796,fluid
836,0.724897,-0.14897,,1000.02,0.0002197,0.360073,,0.0996313,0.0010366,0.0996367,,-0.000119858,0.000328038,0.00442276,fluid
837,0.798568,0,,1000.03,0.00322179,0.416456,,0.0992734,1.44599e-16,0.0992734,,-0.000330688,3.16226e-15,3.37796e-16,fluid
838,0.782221,0.160751,,1000.02,0.00217876,0.396887,,0.0997885,-0.000841701,0.0997921,,-5.69842e-05,-0.000296936,-0.00251861,fluid
839,0.73385,0.31492,,1000.02,-0.000159818,0.346553,,0.100532,-0.000845228,0.100536,,0.00023843,-0.000168491,-0.002046,fluid
840,0.655435,0.456196,,1000.02,-0.00223061,0.284148,,0.100718,-0.000475244,0.100719,,0.000159374,-9.58864e-06,-0.000302382,fluid
841,0.550187,0.578796,,1000.02,-0.00242416,0.255587,,0.100618,-0.000276375,0.100619,,4.95766e-05,-2.254e-05,0.000341162,fluid
842,0.422414,0.6777,,1000.02,-0.00177664,0.255829,,0.100544,-0.000131944,0.100544,,3.33251e-05,-2.00252e-05,0.000274611,fluid
843,0.277347,0.748859,,1000.02,-0.00110162,0.26323,,0.100501,-2.19618e-05,0.100501,,3.1445e-05,-1.11816e-05,0.000337343,fluid
844,0.120925,0.789359,,1000.02,-0.00100359,0.252584,,0.100444,3.18633e-05,0.100444,,2.55987e-05,-9.65145e-06,0.000414498,fluid
845,-0.0404468,0.797543,,1000.02,-0.000755263,0.276383,,0.100334,0.000106232,0.100334,,1.33212e-05,-9.94093e-07,0.0003632,fluid
846,-0.200163,0.773075,,1000.02,-0.000674429,0.32393,,0.100225,0.00020179,0.100225,,5.05259e-06,3.86502e-06,0.000310655,fluid
847,-0.351685,0.716958,,1000.02,-0.000641209,0.347443,,0.100151,0.000228068,0.100151,,6.71204e-06,1.18663e-06,0.00036677,fluid
848,-0.488808,0.631488,,1000.02,-0.000639873,0.356527,,0.100066,0.000203712,0.100067,,3.70993e-06,2.81119e-07,0.000317898,fluid
849,-0.60592,0.520165,,1000.02,-0.000600815,0.370958,,0.0999893,0.000183199,0.0999895,,2.19537e-06,1.7273e-06,0.000247046,fluid
850,-0.698225,0.387546,,1000.02,-0.000617828,0.379819,,0.0999393,0.000140122,0.0999394,,1.7707e-06,1.05407e-06,0.000183264,fluid
851,-0.761945,0.239062,,1000.02,-0.000611876,0.386824,,0.0998973,8.79924e-05,0.0998974,,7.66449e-07,1.06676e-06,0.000104407,fluid
852,-0.794471,0.0807898,,1000.02,-0.000617796,0.390086,,0.0998795,3.11349e-05,0.0998796,,5.25849e-07,2.23836e-07,3.82352e-05,fluid
853,-0.794471,-0.0807898,,1000.02,-0.000617796,0.390086,,0.0998795,-3.11349e-05,0.0998796,,5.25849e-07,-2.23836e-07,-3.82352e-05,fluid
854,-0.761945,-0.239062,,1000.02,-0.000611876,0.386824,,0.0998973,-8.79924e-05,0.0998974,,7.66449e-07,-1.06676e-06,-0.000104407,fluid
855,-0.698225,-0.387546,,1000.02,-0.000617828,0.379819,,0.0999393,-0.000140122,0.0999394,,1.7707e-06,-1.05407e-06,-0.000183264,fluid
856,-0.60592,-0.520165,,1000.02,-0.000600815,0.370958,,0.0999893,-0.000183199,0.0999895,,2.19537e-06,-1.7273e-06,-0.000247046,fluid
857,-0.488808,-0.631488,,1000.02,-0.000639873,0.356527,,0.100066,-0.000203712,0.100067,,3.70993e-06,-2.81119e-07,-0.000317898,fluid
858,-0.351685,-0.716958,,1000.02,-0.000641209,0.347443,,0.100151,-0.000228068,0.100151,,6.71204e-06,-1.18663e-06,-0.00036677,fluid
859,-0.200163,-0.773075,,1000.02,-0.000674429,0.32393,,0.100225,-0.00020179,0.100225,,5.05259e-06,-3.86502e-06,-0.000310655,fluid
860,-0.0404468,-0.797543,,1000.02,-0.000755263,0.276383,,0.100334,-0.000106232,0.100334,,1.33212e-05,9.94093e-07,-0.0003632,fluid
861,0.120925,-0.789359,,1000.02,-0.00100359,0.252584,,0.100444,-3.18633e-05,0.100444,,2.55987e-05,9.65145e-06,-0.000414498,fluid
862,0.277347,-0.748859,,1000.02,-0.00110162,0.26323,,0.100501,2.19618e-05,0.100501,,3.1445e-05,1.11816e-05,-0.000337343,fluid
863,0.422414,-0.6777,,1000.02,-0.00177664,0.255829,,0.100544,0.000131944,0.100544,,3.33251e-05,2.00252e-05,-0.000274611,fluid
864,0.550187,-0.578796,,1000.02,-0.00242416,0.255587,,0.100618,0.000276375,0.100619,,4.95766e-05,2.254e-05,-0.000341162,fluid
865,0.655435,-0.456196,,1000.02,-0.00223061,0.284148,,0.100718,0.000475244,0.100719,,0.000159374,9.58864e-06,0.000302382,fluid
866,0.73385,-0.31492,,1000.02,-0.000159818,0.346553,,0.100532,0.000845228,0.100536,,0.00023843,0.000168491,0.002046,fluid
867,0.782221,-0.160751,,1000.02,0.00217876,0.396887,,0.0997885,0.000841701,0.0997921,,-5.69842e-05,0.000296936,0.00251861,fluid
868,0.861204,0,,999.997,-0.00815576,-0.0519889,,0.0991314,2.90832e-16,0.0991314,,-0.00040409,2.13007e-15,2.04759e-16,fluid
869,0.843575,0.173359,,1000,-0.00435626,0.0561876,,0.0995913,-0.00070432,0.0995937,,-0.000144066,-0.000264181,-0.00138213,fluid
870,0.79141,0.339621,,1000.02,0.00147654,0.253433,,0.100339,-0.000738003,0.100342,,0.000196313,-0.000164285,-0.00112991,fluid
871,0.706845,0.491979,,1000.02,0.00263224,0.363193,,0.100634,-0.000426136,0.100635,,0.000186829,-1.5637e-05,-0.00014356,fluid
872,0.593341,0.624195,,1000.02,0.000965277,0.378048,,0.100603,-0.00020402,0.100603,,9.13641e-05,1.86e-06,0.000250403,fluid
873,0.455546,0.730856,,1000.02,-0.000363116,0.36736,,0.100534,-4.02948e-05,0.100534,,4.67388e-05,3.23541e-06,0.000221826,fluid
874,0.299101,0.807596,,1000.02,-0.000515423,0.361749,,0.100449,8.97083e-05,0.100449,,2.76929e-05,5.6598e-06,0.000290081,fluid
875,0.13041,0.851273,,1000.02,-0.000680879,0.388104,,0.100375,0.000209406,0.100375,,1.8488e-05,8.0922e-07,0.000440262,fluid
876,-0.0436193,0.860099,,1000.02,-0.000704381,0.382427,,0.100306,0.000224483,0.100306,,1.22197e-05,-2.62153e-06,0.000550459,fluid
877,-0.215863,0.833712,,1000.02,-0.000705703,0.361838,,0.10018,0.000213932,0.10018,,2.83188e-06,-9.43584e-07,0.000438654,fluid
878,-0.379269,0.773193,,1000.02,-0.000681072,0.382194,,0.100081,0.000229325,0.100081,,3.04297e-06,-2.0692e-06,0.000420868,fluid
879,-0.527148,0.681019,,1000.02,-0.000713239,0.389528,,0.100019,0.000202368,0.100019,,4.54065e-06,-2.69792e-06,0.000356322,fluid
880,-0.653446,0.560965,,1000.02,-0.000671043,0.399172,,0.0999455,0.000172752,0.0999457,,3.39128e-06,-1.3846e-06,0.000262661,fluid
881,-0.752991,0.417944,,1000.03,-0.00066745,0.407346,,0.0999039,0.000131616,0.099904,,3.80643e-06,-7.00225e-07,0.000190498,fluid
882,-0.821709,0.257813,,1000.03,-0.000654344,0.413322,,0.0998672,8.08173e-05,0.0998673,,3.0347e-06,-1.07152e-07,0.000106656,fluid
883,-0.856786,0.0871266,,1000.03,-0.000651886,0.416423,,0.0998524,2.89074e-05,0.0998524,,2.87945e-06,-2.69418e-08,3.84809e-05,fluid
884,-0.856786,-0.0871266,,1000.03,-0.000651886,0.416423,,0.0998524,-2.89074e-05,0.0998524,,2.87945e-06,2.69418e-08,-3.84809e-05,fluid
885,-0.821709,-0.257813,,1000.03,-0.000654344,0.413322,,0.0998672,-8.08173e-05,0.0998673,,3.0347e-06,1.07152e-07,-0.000106656,fluid
886,-0.752991,-0.417944,,1000.03,-0.00066745,0.407346,,0.0999039,-0.000131616,0.099904,,3.80643e-06,7.00225e-07,-0.000190498,fluid
887,-0.653446,-0.560965,,1000.02,-0.000671043,0.399172,,0.0999455,-0.000172752,0.0999457,,3.39128e-06,1.3846e-06,-0.000262661,fluid
888,-0.527148,-0.681019,,1000.02,-0.000713239,0.389528,,0.100019,-0.000202368,0.100019,,4.54065e-06,2.69792e-06,-0.000356322,fluid
889,-0.379269,-0.773193,,1000.02,-0.000681072,0.382194,,0.100081,-0.000229325,0.100081,,3.04297e-06,2.0692e-06,-0.000420868,fluid
890,-0.215863,-0.833712,,1000.02,-0.000705703,0.361838,,0.10018,-0.000213932,0.10018,,2.83188e-06,9.43584e-07,-0.000438654,fluid
891,-0.0436193,-0.860099,,1000.02,-0.000704381,0.382427,,0.100306,-0.000224483,0.100306,,1.22197e-05,2.62153e-06,-0.000550459,fluid
892,0.13041,-0.851273,,1000.02,-0.000680879,0.388104,,0.100375,-0.000209406,0.100375,,1.8488e-05,-8.0922e-07,-0.000440262,fluid
893,0.299101,-0.807596,,1000.02,-0.000515423,0.361749,,0.100449,-8.97083e-05,0.100449,,2.76929e-05,-5.6598e-06,-0.000290081,fluid
894,0.455546,-0.730856,,1000.02,-0.000363116,0.36736,,0.100534,4.02948e-05,0.100534,,4.67388e-05,-3.23541e-06,-0.000221826,fluid
895,0.593341,-0.624195,,1000.02,0.000965277,0.378048,,0.100603,0.00020402,0.100603,,9.13641e-05,-1.86e-06,-0.000250403,fluid
896,0.706845,-0.491979,,1000.02,0.00263224,0.363193,,0.100634,0.000426136,0.100635,,0.000186829,1.5637e-05,0.00014356,fluid
897,0.79141,-0.339621,,1000.02,0.00147654,0.253433,,0.100339,0.000738003,0.100342,,0.000196313,0.000164285,0.00112991,fluid
898,0.843575,-0.173359,,1000,-0.00435626,0.0561876,,0.0995913,0.00070432,0.0995937,,-0.000144066,0.000264181,0.00138213,fluid
899,0.928245,0,,999.994,-0.0105902,-0.0945289,,0.0994358,3.15811e-16,0.0994358,,-0.000303476,1.17786e-15,2.27053e-17,fluid
900,0.909244,0.186854,,999.999,-0.00740421,-0.0133108,,0.0997149,-0.000533473,0.0997164,,-0.000143822,-0.000220415,-0.000778148,fluid
901,0.853018,0.366059,,1000.01,-0.00104846,0.165521,,0.100212,-0.000604945,0.100214,,9.91151e-05,-0.000168523,-0.000699356,fluid
902,0.76187,0.530277,,1000.02,0.0019816,0.310543,,0.100474,-0.000385009,0.100475,,0.000130889,-4.16196e-05,-0.000193377,fluid
903,0.63953,0.672785,,1000.02,0.00198375,0.377763,,0.100494,-0.000182427,0.100494,,8.01139e-05,-1.73602e-06,3.26507e-05,fluid
904,0.491008,0.78775,,1000.02,0.000699054,0.395787,,0.100462,-2.59835e-05,0.100462,,4.43661e-05,8.17891e-06,3.91319e-05,fluid
905,0.322384,0.870464,,1000.03,3.22717e-05,0.408769,,0.100365,0.000110217,0.100365,,2.05102e-05,1.19368e-05,9.20048e-05,fluid
906,0.140562,0.917541,,1000.03,-0.000248351,0.457311,,0.100277,0.000263599,0.100277,,9.49563e-06,1.06523e-05,0.000305965,fluid
907,-0.0470148,0.927054,,1000.03,-0.000526693,0.446787,,0.100274,0.000270082,0.100274,,1.09025e-05,3.51706e-06,0.000683622,fluid
908,-0.232667,0.898613,,1000.02,-0.000768982,0.395722,,0.10017,0.000207727,0.10017,,4.78183e-06,-1.89198e-06,0.000590518,fluid
909,-0.408794,0.833383,,1000.02,-0.000775195,0.398074,,0.100047,0.0002085,0.100047,,1.81373e-06,-2.90727e-06,0.000476642,fluid
910,-0.568184,0.734034,,1000.03,-0.000810632,0.409421,,0.0999932,0.000187735,0.0999933,,4.51472e-06,-2.66829e-06,0.000388863,fluid
911,-0.704314,0.604633,,1000.03,-0.000809657,0.415895,,0.0999278,0.000156803,0.0999279,,4.24867e-06,-1.94762e-06,0.000277343,fluid
912,-0.811608,0.450479,,1000.03,-0.000800653,0.423718,,0.0998904,0.000119605,0.0998905,,4.68092e-06,-1.1042e-06,0.000196639,fluid
913,-0.885675,0.277882,,1000.03,-0.000791864,0.428662,,0.0998594,7.30495e-05,0.0998594,,4.3893e-06,-4.83156e-07,0.000109777,fluid
914,-0.923483,0.093909,,1000.03,-0.000787526,0.431568,,0.099846,2.59389e-05,0.099846,,4.30317e-06,-2.09065e-07,3.87244e-05,fluid
915,-0.923483,-0.093909,,1000.03,-0.000787526,0.431568,,0.099846,-2.59389e-05,0.099846,,4.30317e-06,2.09065e-07,-3.87244e-05,fluid
916,-0.885675,-0.277882,,1000.03,-0.000791864,0.428662,,0.0998594,-7.30495e-05,0.0998594,,4.3893e-06,4.83156e-07,-0.000109777,fluid
917,-0.811608,-0.450479,,1000.03,-0.000800653,0.423718,,0.0998904,-0.000119605,0.0998905,,4.68092e-06,1.1042e-06,-0.000196639,fluid
918,-0.704314,-0.604633,,1000.03,-0.000809657,0.415895,,0.0999278,-0.000156803,0.0999279,,4.24867e-06,1.94762e-06,-0.000277343,fluid
919,-0.568184,-0.734034,,1000.03,-0.000810632,0.409421,,0.0999932,-0.000187735,0.0999933,,4.51472e-06,2.66829e-06,-0.000388863,fluid
920,-0.408794,-0.833383,,1000.02,-0.000775195,0.398074,,0.100047,-0.0002085,0.100047,,1.81373e-06,2.90727e-06,-0.000476642,fluid
921,-0.232667,-0.898613,,1000.02,-0.000768982,0.395722,,0.10017,-0.000207727,0.10017,,4.78183e-06,1.89198e-06,-0.000590518,fluid
922,-0.0470148,-0.927054,,1000.03,-0.000526693,0.446787,,0.100274,-0.000270082,0.100274,,1.09025e-05,-3.51706e-06,-0.000683622,fluid
923,0.140562,-0.917541,,1000.03,-0.000248351,0.457311,,0.100277,-0.000263599,0.100277,,9.49563e-06,-1.06523e-05,-0.000305965,fluid
924,0.322384,-0.870464,,1000.03,3.22717e-05,0.408769,,0.100365,-0.000110217,0.100365,,2.05102e-05,-1.19368e-05,-9.20048e-05,fluid
925,0.491008,-0.78775,,1000.02,0.000699054,0.395787,,0.100462,2.59835e-05,0.100462,,4.43661e-05,-8.17891e-06,-3.91319e-05,fluid
926,0.63953,-0.672785,,1000.02,0.00198375,0.377763,,0.100494,0.000182427,0.100494,,8.01139e-05,1.73602e-06,-3.26507e-05,fluid
927,0.76187,-0.530277,,1000.02,0.0019816,0.310543,,0.100474,0.000385009,0.100475,,0.000130889,4.16196e-05,0.000193377,fluid
928,0.853018,-0.366059,,1000.01,-0.00104846,0.165521,,0.100212,0.000604945,0.100214,,9.91151e-05,0.000168523,0.000699356,fluid
929,0.909244,-0.186854,,999.999,-0.00740421,-0.0133108,,0.0997149,0.000533473,0.0997164,,-0.000143822,0.000220415,0.000778148,fluid
930,1,0,,1000.06,0.0161054,0.974921,,0.100579,-4.29598e-17,0.100579,,0.000232497,6.04804e-16,-1.10201e-16,fluid
931,0.97953,0.201299,,1000.05,0.00775448,0.747278,,0.100533,-0.000349839,0.100534,,0.000185472,-0.000174503,-0.000504484,fluid
932,0.918958,0.394356,,1000.02,-0.00513616,0.33552,,0.100414,-0.000481002,0.100415,,7.16546e-05,-0.00019862,-0.000561605,fluid
933,0.820763,0.571268,,1000.01,-0.00855477,0.111165,,0.100309,-0.000431112,0.10031,,-7.86353e-06,-0.000124884,-0.000346969,fluid
934,0.688967,0.724793,,1000.01,-0.004815,0.107644,,0.10027,-0.000321654,0.10027,,-1.71173e-05,-6.88382e-05,-0.00022074,fluid
935,0.528964,0.848644,,1000.01,-0.00236624,0.146991,,0.100278,-0.000230529,0.100278,,-5.14082e-07,-3.99587e-05,-0.000177512,fluid
936,0.347305,0.937752,,1000.01,-0.00167098,0.175916,,0.10024,-0.000153718,0.10024,,1.19162e-06,-2.39158e-05,-0.000131326,fluid
937,0.151428,0.988468,,1000.01,-0.00133419,0.12108,,0.100158,-0.000101052,0.100158,,-3.37278e-06,-1.49313e-05,9.85864e-05,fluid
938,-0.0506492,0.998717,,1000.01,-0.000996951,0.174638,,0.100211,-4.18898e-05,0.100211,,3.68546e-06,-8.41781e-06,0.000672412,fluid
939,-0.250653,0.968077,,1000.02,-0.000841661,0.293484,,0.1002,3.9794e-05,0.1002,,7.91227e-06,-2.89168e-06,0.000654512,fluid
940,-0.440394,0.897805,,1000.02,-0.000794935,0.29919,,0.100115,7.19532e-05,0.100115,,4.51522e-06,-1.00836e-06,0.000488945,fluid
941,-0.612106,0.790776,,1000.02,-0.000737588,0.320821,,0.100074,8.01111e-05,0.100074,,4.46283e-06,1.29644e-06,0.00038578,fluid
942,-0.758758,0.651372,,1000.02,-0.000760107,0.331243,,0.100029,7.71474e-05,0.10003,,3.81263e-06,2.27128e-06,0.000273457,fluid
943,-0.874347,0.485302,,1000.02,-0.000765667,0.341163,,0.1,6.43294e-05,0.1,,3.0345e-06,2.09253e-06,0.000191582,fluid
944,-0.954139,0.299363,,1000.02,-0.000776675,0.34634,,0.0999775,4.16829e-05,0.0999775,,2.3799e-06,1.79939e-06,0.000108269,fluid
945,-0.994869,0.101168,,1000.02,-0.000782344,0.349433,,0.0999664,1.49251e-05,0.0999664,,1.93182e-06,4.9842e-07,3.73739e-05,fluid
946,-0.994869,-0.101168,,1000.02,-0.000782344,0.349433,,0.0999664,-1.49251e-05,0.0999664,,1.93182e-06,-4.9842e-07,-3.73739e-05,fluid
947,-0.954139,-0.299363,,1000.02,-0.000776675,0.34634,,0.0999775,-4.16829e-05,0.0999775,,2.3799e-06,-1.79939e-06,-0.000108269,fluid
948,-0.874347,-0.485302,,1000.02,-0.000765667,0.341163,,0.1,-6.43294e-05,0.1,,3.0345e-06,-2.09253e-06,-0.000191582,fluid
949,-0.758758,-0.651372,,1000.02,-0.000760107,0.331243,,0.100029,-7.71474e-05,0.10003,,3.81263e-06,-2.27128e-06,-0.000273457,fluid
950,-0.612106,-0.790776,,1000.02,-0.000737588,0.320821,,0.100074,-8.01111e-05,0.100074,,4.46283e-06,-1.29644e-06,-0.00038578,fluid
951,-0.440394,-0.897805,,1000.02,-0.000794935,0.29919,,0.100115,-7.19532e-05,0.100115,,4.51522e-06,1.00836e-06,-0.000488945,fluid
952,-0.250653,-0.968077,,1000.02,-0.000841661,0.293484,,0.1002,-3.9794e-05,0.1002,,7.91227e-06,2.89168e-06,-0.000654512,fluid
953,-0.0506492,-0.998717,,1000.01,-0.000996951,0.174638,,0.100211,4.18898e-05,0.100211,,3.68546e-06,8.41781e-06,-0.000672412,fluid
954,0.151428,-0.988468,,1000.01,-0.00133419,0.12108,,0.100158,0.000101052,0.100158,,-3.37278e-06,1.49313e-05,-9.85864e-05,fluid
955,0.347305,-0.937752,,1000.01,-0.00167098,0.175916,,0.10024,0.000153718,0.10024,,1.19162e-06,2.39158e-05,0.000131326,fluid
956,0.528964,-0.848644,,1000.01,-0.00236624,0.146991,,0.100278,0.000230529,0.100278,,-5.14082e-07,3.99587e-05,0.000177512,fluid
957,0.688967,-0.724793,,1000.01,-0.004815,0.107644,,0.10027,0.000321654,0.10027,,-1.71173e-05,6.88382e-05,0.00022074,fluid
958,0.820763,-0.571268,,1000.01,-0.00855477,0.111165,,0.100309,0.000431112,0.10031,,-7.86353e-06,0.000124884,0.000346969,fluid
959,0.918958,-0.394356,,1000.02,-0.00513616,0.33552,,0.100414,0.000481002,0.100415,,7.16546e-05,0.00019862,0.000561605,fluid
960,0.97953,-0.201299,,1000.05,0.00775448,0.747278,,0.100533,0.000349839,0.100534,,0.000185472,0.000174503,0.000504484,fluid
961,1.0768,0,,999.996,0,-0.0706196,,0.0999823,1.8226e-16,0.0999823,,0,0,0,buffer
962,1.05476,0.216758,,1000,0,0.0485973,,0.100101,-0.000431343,0.100102,,0,0,0,buffer
963,0.989534,0.424643,,1000.02,0,0.260254,,0.100311,-0.000560324,0.100313,,0,0,0,buffer
964,0.883798,0.615142,,1000.02,0,0.364995,,0.100421,-0.000444599,0.100422,,0,0,0,buffer
965,0.74188,0.780457,,1000.02,0,0.36912,,0.100428,-0.00027999,0.100429,,0,0,0,buffer
966,0.569589,0.913821,,1000.02,0,0.363496,,0.100401,-0.00014276,0.100401,,0,0,0,buffer
967,0.373978,1.00977,,1000.02,0,0.366139,,0.100345,-3.01908e-05,0.100345,,0,0,0,buffer
968,0.163058,1.06438,,1000.02,0,0.382913,,0.100285,5.31661e-05,0.100285,,0,0,0,buffer
969,-0.054539,1.07542,,1000.02,0,0.375251,,0.0999952,9.3688e-05,0.0999953,,0,0,0,buffer
970,-0.269903,1.04243,,1000.02,0,0.361075,,0.0999774,8.73831e-05,0.0999774,,0,0,0,buffer
971,-0.474217,0.966756,,1000.02,0,0.373429,,0.0999589,8.38126e-05,0.0999589,,0,0,0,buffer
972,-0.659116,0.851508,,1000.02,0,0.37965,,0.0999419,7.5051e-05,0.0999419,,0,0,0,buffer
973,-0.817031,0.701398,,1000.02,0,0.388979,,0.0999262,6.33394e-05,0.0999262,,0,0,0,buffer
974,-0.941497,0.522573,,1000.02,0,0.395692,,0.0999135,4.80052e-05,0.0999135,,0,0,0,buffer
975,-1.02742,0.322354,,1000.03,0,0.401091,,0.0999043,3.00165e-05,0.0999043,,0,0,0,buffer
976,-1.07128,0.108938,,1000.03,0,0.403718,,0.0998996,1.02104e-05,0.0998996,,0,0,0,buffer
977,-1.07128,-0.108938,,1000.03,0,0.403718,,0.0998996,-1.02104e-05,0.0998996,,0,0,0,buffer
978,-1.02742,-0.322354,,1000.03,0,0.401091,,0.0999043,-3.00165e-05,0.0999043,,0,0,0,buffer
979,-0.941497,-0.522573,,1000.02,0,0.395692,,0.0999135,-4.80052e-05,0.0999135,,0,0,0,buffer
980,-0.817031,-0.701398,,1000.02,0,0.388979,,0.0999262,-6.33394e-05,0.0999262,,0,0,0,buffer
981,-0.659116,-0.851508,,1000.02,0,0.37965,,0.0999419,-7.5051e-05,0.0999419,,0,0,0,buffer
982,-0.474217,-0.966756,,1000.02,0,0.373429,,0.0999589,-8.38126e-05,0.0999589,,0,0,0,buffer
983,-0.269903,-1.04243,,1000.02,0,0.361075,,0.0999774,-8.73831e-05,0.0999774,,0,0,0,buffer
984,-0.054539,-1.07542,,1000.02,0,0.375251,,0.0999952,-9.3688e-05,0.0999953,,0,0,0,buffer
985,0.163058,-1.06438,,1000.02,0,0.382913,,0.100285,-5.31661e-05,0.100285,,0,0,0,buffer
986,0.373978,-1.00977,,1000.02,0,0.366139,,0.100345,3.01908e-05,0.100345,,0,0,0,buffer
987,0.569589,-0.913821,,1000.02,0,0.363496,,0.100401,0.00014276,0.100401,,0,0,0,buffer
988,0.74188,-0.780457,,1000.02,0,0.36912,,0.100428,0.00027999,0.100429,,0,0,0,buffer
989,0.883798,-0.615142,,1000.02,0,0.364995,,0.100421,0.000444599,0.100422,,0,0,0,buffer
990,0.989534,-0.424643,,1000.02,0,0.260254,,0.100311,0.000560324,0.100313,,0,0,0,buffer
991,1.05476,-0.216758,,1000,0,0.0485973,,0.100101,0.000431343,0.100102,,0,0,0,buffer
992,1.159,0,,999.996,0,-0.0706196,,0.0999823,1.8226e-16,0.0999823,,0,0,0,buffer
993,1.13528,0.233305,,1000,0,0.0485973,,0.100101,-0.000431343,0.100102,,0,0,0,buffer
994,1.06507,0.457059,,1000.02,0,0.260254,,0.100311,-0.000560324,0.100313,,0,0,0,buffer
995,0.951266,0.662101,,1000.02,0,0.364995,,0.100421,-0.000444599,0.100422,,0,0,0,buffer
996,0.798514,0.840036,,1000.02,0,0.36912,,0.100428,-0.00027999,0.100429,,0,0,0,buffer
997,0.61307,0.98358,,1000.02,0,0.363496,,0.100401,-0.00014276,0.100401,,0,0,0,buffer
998,0.402527,1.08686,,1000.02,0,0.366139,,0.100345,-3.01908e-05,0.100345,,0,0,0,buffer
999,0.175505,1.14564,,1000.02,0,0.382913,,0.100285,5.31661e-05,0.100285,,0,0,0,buffer
1000,-0.0587024,1.15751,,1000.02,0,0.375251,,0.0999952,9.3688e-05,0.0999953,,0,0,0,buffer
1001,-0.290507,1.122,,1000.02,0,0.361075,,0.0999774,8.73831e-05,0.0999774,,0,0,0,buffer
1002,-0.510417,1.04056,,1000.02,0,0.373429,,0.0999589,8.38126e-05,0.0999589,,0,0,0,buffer
1003,-0.709432,0.91651,,1000.02,0,0.37965,,0.0999419,7.5051e-05,0.0999419,,0,0,0,buffer
1004,-0.879402,0.754942,,1000.02,0,0.388979,,0.0999262,6.33394e-05,0.0999262,,0,0,0,buffer
1005,-1.01337,0.562466,,1000.02,0,0.395692,,0.0999135,4.80052e-05,0.0999135,,0,0,0,buffer
1006,-1.10585,0.346962,,1000.03,0,0.401091,,0.0999043,3.00165e-05,0.0999043,,0,0,0,buffer
1007,-1.15305,0.117254,,1000.03,0,0.403718,,0.0998996,1.02104e-05,0.0998996,,0,0,0,buffer
1008,-1.15305,-0.117254,,1000.03,0,0.403718,,0.0998996,-1.02104e-05,0.0998996,,0,0,0,buffer
1009,-1.10585,-0.346962,,1000.03,0,0.401091,,0.0999043,-3.00165e-05,0.0999043,,0,0,0,buffer
1010,-1.01337,-0.562466,,1000.02,0,0.395692,,0.0999135,-4.80052e-05,0.0999135,,0,0,0,buffer
1011,-0.879402,-0.754942,,1000.02,0,0.388979,,0.0999262,-6.33394e-05,0.0999262,,0,0,0,buffer
1012,-0.709432,-0.91651,,1000.02,0,0.37965,,0.0999419,-7.5051e-05,0.0999419,,0,0,0,buffer
1013,-0.510417,-1.04056,,1000.02,0,0.373429,,0.0999589,-8.38126e-05,0.0999589,,0,0,0,buffer
1014,-0.290507,-1.122,,1000.02,0,0.361075,,0.0999774,-8.73831e-05,0.0999774,,0,0,0,buffer
1015,-0.0587024,-1.15751,,1000.02,0,0.375251,,0.0999952,-9.3688e-05,0.0999953,,0,0,0,buffer
1016,0.175505,-1.14564,,1000.02,0,0.382913,,0.100285,-5.31661e-05,0.100285,,0,0,0,buffer
1017,0.402527,-1.08686,,1000.02,0,0.366139,,0.100345,3.01908e-05,0.100345,,0,0,0,buffer
1018,0.61307,-0.98358,,1000.02,0,0.363496,,0.100401,0.00014276,0.100401,,0,0,0,buffer
1019,0.798514,-0.840036,,1000.02,0,0.36912,,0.100428,0.00027999,0.100429,,0,0,0,buffer
1020,0.951266,-0.662101,,1000.02,0,0.364995,,0.100421,0.000444599,0.100422,,0,0,0,buffer
1021,1.06507,-0.457059,,1000.02,0,0.260254,,0.100311,0.000560324,0.100313,,0,0,0,buffer
1022,1.13528,-0.233305,,1000,0,0.0485973,,0.100101,0.000431343,0.100102,,0,0,0,buffer
1023,1.24698,0,,999.996,0,-0.0706196,,0.0999823,1.8226e-16,0.0999823,,0,0,0,buffer
1024,1.22146,0.251016,,1000,0,0.0485973,,0.100101,-0.000431343,0.100102,,0,0,0,buffer
1025,1.14592,0.491755,,1000.02,0,0.260254,,0.100311,-0.000560324,0.100313,,0,0,0,buffer
1026,1.02348,0.712361,,1000.02,0,0.364995,,0.100421,-0.000444599,0.100422,,0,0,0,buffer
1027,0.859129,0.903804,,1000.02,0,0.36912,,0.100428,-0.00027999,0.100429,,0,0,0,buffer
1028,0.659609,1.05824,,1000.02,0,0.363496,,0.100401,-0.00014276,0.100401,,0,0,0,buffer
1029,0.433083,1.16936,,1000.02,0,0.366139,,0.100345,-3.01908e-05,0.100345,,0,0,0,buffer
1030,0.188828,1.2326,,1000.02,0,0.382913,,0.100285,5.31661e-05,0.100285,,0,0,0,buffer
1031,-0.0631586,1.24538,,1000.02,0,0.375251,,0.0999952,9.3688e-05,0.0999953,,0,0,0,buffer
1032,-0.312559,1.20717,,1000.02,0,0.361075,,0.0999774,8.73831e-05,0.0999774,,0,0,0,buffer
1033,-0.549164,1.11955,,1000.02,0,0.373429,,0.0999589,8.38126e-05,0.0999589,,0,0,0,buffer
1034,-0.763285,0.986083,,1000.02,0,0.37965,,0.0999419,7.5051e-05,0.0999419,,0,0,0,buffer
1035,-0.946158,0.81225,,1000.02,0,0.388979,,0.0999262,6.33394e-05,0.0999262,,0,0,0,buffer
1036,-1.09029,0.605163,,1000.02,0,0.395692,,0.0999135,4.80052e-05,0.0999135,,0,0,0,buffer
1037,-1.18979,0.3733,,1000.03,0,0.401091,,0.0999043,3.00165e-05,0.0999043,,0,0,0,buffer
1038,-1.24058,0.126155,,1000.03,0,0.403718,,0.0998996,1.02104e-05,0.0998996,,0,0,0,buffer
1039,-1.24058,-0.126155,,1000.03,0,0.403718,,0.0998996,-1.02104e-05,0.0998996,,0,0,0,buffer
1040,-1.18979,-0.3733,,1000.03,0,0.401091,,0.0999043,-3.00165e-05,0.0999043,,0,0,0,buffer
1041,-1.09029,-0.605163,,1000.02,0,0.395692,,0.0999135,-4.80052e-05,0.0999135,,0,0,0,buffer
1042,-0.946158,-0.81225,,1000.02,0,0.388979,,0.0999262,-6.33394e-05,0.0999262,,0,0,0,buffer
1043,-0.763285,-0.986083,,1000.02,0,0.37965,,0.0999419,-7.5051e-05,0.0999419,,0,0,0,buffer
1044,-0.549164,-1.11955,,1000.02,0,0.373429,,0.0999589,-8.38126e-05,0.0999589,,0,0,0,buffer
1045,-0.312559,-1.20717,,1000.02,0,0.361075,,0.0999774,-8.73831e-05,0.0999774,,0,0,0,buffer
1046,-0.0631586,-1.24538,,1000.02,0,0.375251,,0.0999952,-9.3688e-05,0.0999953,,0,0,0,buffer
1047,0.188828,-1.2326,,1000.02,0,0.382913,,0.100285,-5.31661e-05,0.100285,,0,0,0,buffer
1048,0.433083,-1.16936,,1000.02,0,0.366139,,0.100345,3.01908e-05,0.100345,,0,0,0,buffer
1049,0.659609,-1.05824,,1000.02,0,0.363496,,0.100401,0.00014276,0.100401,,0,0,0,buffer
1050,0.859129,-0.903804,,1000.02,0,0.36912,,0.100428,0.00027999,0.100429,,0,0,0,buffer
1051,1.02348,-0.712361,,1000.02,0,0.364995,,0.100421,0.000444599,0.100422,,0,0,0,buffer
1052,1.14592,-0.491755,,1000.02,0,0.260254,,0.100311,0.000560324,0.100313,,0,0,0,buffer
1053,1.22146,-0.251016,,1000,0,0.0485973,,0.100101,0.000431343,0.100102,,0,0,0,buffer
1054,1.34115,0,,999.996,0,-0.0706196,,0.0999823,1.8226e-16,0.0999823,,0,0,0,buffer
1055,1.3137,0.269971,,1000,0,0.0485973,,0.100101,-0.000431343,0.100102,,0,0,0,buffer
1056,1.23246,0.52889,,1000.02,0,0.260254,,0.100311,-0.000560324,0.100313,,0,0,0,buffer
1057,1.10077,0.766156,,1000.02,0,0.364995,,0.100421,-0.000444599,0.100422,,0,0,0,buffer
1058,0.924008,0.972055,,1000.02,0,0.36912,,0.100428,-0.00027999,0.100429,,0,0,0,buffer
1059,0.70942,1.13816,,1000.02,0,0.363496,,0.100401,-0.00014276,0.100401,,0,0,0,buffer
1060,0.465788,1.25767,,1000.02,0,0.366139,,0.100345,-3.01908e-05,0.100345,,0,0,0,buffer
1061,0.203087,1.32568,,1000.02,0,0.382913,,0.100285,5.31661e-05,0.100285,,0,0,0,buffer
1062,-0.0679281,1.33943,,1000.02,0,0.375251,,0.0999952,9.3688e-05,0.0999953,,0,0,0,buffer
1063,-0.336162,1.29834,,1000.02,0,0.361075,,0.0999774,8.73831e-05,0.0999774,,0,0,0,buffer
1064,-0.590634,1.20409,,1000.02,0,0.373429,,0.0999589,8.38126e-05,0.0999589,,0,0,0,buffer
1065,-0.820926,1.06055,,1000.02,0,0.37965,,0.0999419,7.5051e-05,0.0999419,,0,0,0,buffer
1066,-1.01761,0.873588,,1000.02,0,0.388979,,0.0999262,6.33394e-05,0.0999262,,0,0,0,buffer
1067,-1.17263,0.650862,,1000.02,0,0.395692,,0.0999135,4.80052e-05,0.0999135,,0,0,0,buffer
1068,-1.27964,0.401491,,1000.03,0,0.401091,,0.0999043,3.00165e-05,0.0999043,,0,0,0,buffer
1069,-1.33427,0.135682,,1000.03,0,0.403718,,0.0998996,1.02104e-05,0.0998996,,0,0,0,buffer
1070,-1.33427,-0.135682,,1000.03,0,0.403718,,0.0998996,-1.02104e-05,0.0998996,,0,0,0,buffer
1071,-1.27964,-0.401491,,1000.03,0,0.401091,,0.0999043,-3.00165e-05,0.0999043,,0,0,0,buffer
1072,-1.17263,-0.650862,,1000.02,0,0.395692,,0.0999135,-4.80052e-05,0.0999135,,0,0,0,buffer
1073,-1.01761,-0.873588,,1000.02,0,0.388979,,0.0999262,-6.33394e-05,0.0999262,,0,0,0,buffer
1074,-0.820926,-1.06055,,1000.02,0,0.37965,,0.0999419,-7.5051e-05,0.0999419,,0,0,0,buffer
1075,-0.590634,-1.20409,,1000.02,0,0.373429,,0.0999589,-8.38126e-05,0.0999589,,0,0,0,buffer
1076,-0.336162,-1.29834,,1000.02,0,0.361075,,0.0999774,-8.73831e-05,0.0999774,,0,0,0,buffer
1077,-0.0679281,-1.33943,,1000.02,0,0.375251,,0.0999952,-9.3688e-05,0.0999953,,0,0,0,buffer
1078,0.203087,-1.32568,,1000.02,0,0.382913,,0.100285,-5.31661e-05,0.100285,,0,0,0,buffer
1079,0.465788,-1.25767,,1000.02,0,0.366139,,0.100345,3.01908e-05,0.100345,,0,0,0,buffer
1080,0.70942,-1.13816,,1000.02,0,0.363496,,0.100401,0.00014276,0.100401,,0,0,0,buffer
1081,0.924008,-0.972055,,1000.02,0,0.36912,,0.100428,0.00027999,0.100429,,0,0,0,buffer
1082,1.10077,-0.766156,,1000.02,0,0.364995,,0.100421,0.000444599,0.100422,,0,0,0,buffer
1083,1.23246,-0.52889,,1000.02,0,0.260254,,0.100311,0.000560324,0.100313,,0,0,0,buffer
1084,1.3137,-0.269971,,1000,0,0.0485973,,0.100101,0.000431343,0.100102,,0,0,0,buffer
1085,1.44194,0,,999.996,0,-0.0706196,,0.0999823,1.8226e-16,0.0999823,,0,0,0,buffer
1086,1.41242,0.29026,,1000,0,0.0485973,,0.100101,-0.000431343,0.100102,,0,0,0,buffer
1087,1.32508,0.568637,,1000.02,0,0.260254,,0.100311,-0.000560324,0.100313,,0,0,0,buffer
1088,1.18349,0.823733,,1000.02,0,0.364995,,0.100421,-0.000444599,0.100422,,0,0,0,buffer
1089,0.993448,1.04511,,1000.02,0,0.36912,,0.100428,-0.00027999,0.100429,,0,0,0,buffer
1090,0.762733,1.22369,,1000.02,0,0.363496,,0.100401,-0.00014276,0.100401,,0,0,0,buffer
1091,0.500793,1.35218,,1000.02,0,0.366139,,0.100345,-3.01908e-05,0.100345,,0,0,0,buffer
1092,0.218349,1.42531,,1000.02,0,0.382913,,0.100285,5.31661e-05,0.100285,,0,0,0,buffer
1093,-0.073033,1.44009,,1000.02,0,0.375251,,0.0999952,9.3688e-05,0.0999953,,0,0,0,buffer
1094,-0.361425,1.39591,,1000.02,0,0.361075,,0.0999774,8.73831e-05,0.0999774,,0,0,0,buffer
1095,-0.635021,1.29458,,1000.02,0,0.373429,,0.0999589,8.38126e-05,0.0999589,,0,0,0,buffer
1096,-0.882619,1.14025,,1000.02,0,0.37965,,0.0999419,7.5051e-05,0.0999419,,0,0,0,buffer
1097,-1.09408,0.939239,,1000.02,0,0.388979,,0.0999262,6.33394e-05,0.0999262,,0,0,0,buffer
1098,-1.26075,0.699775,,1000.02,0,0.395692,,0.0999135,4.80052e-05,0.0999135,,0,0,0,buffer
1099,-1.37581,0.431663,,1000.03,0,0.401091,,0.0999043,3.00165e-05,0.0999043,,0,0,0,buffer
1100,-1.43454,0.145878,,1000.03,0,0.403718,,0.0998996,1.02104e-05,0.0998996,,0,0,0,buffer
1101,-1.43454,-0.145878,,1000.03,0,0.403718,,0.0998996,-1.02104e-05,0.0998996,,0,0,0,buffer
1102,-1.37581,-0.431663,,1000.03,0,0.401091,,0.0999043,-3.00165e-05,0.0999043,,0,0,0,buffer
1103,-1.26075,-0.699775,,1000.02,0,0.395692,,0.0999135,-4.80052e-05,0.0999135,,0,0,0,buffer
1104,-1.09408,-0.939239,,1000.02,0,0.388979,,0.0999262,-6.33394e-05,0.0999262,,0,0,0,buffer
1105,-0.882619,-1.14025,,1000.02,0,0.37965,,0.0999419,-7.5051e-05,0.0999419,,0,0,0,buffer
1106,-0.635021,-1.29458,,1000.02,0,0.373429,,0.0999589,-8.38126e-05,0.0999589,,0,0,0,buffer
1107,-0.361425,-1.39591,,1000.02,0,0.361075,,0.0999774,-8.73831e-05,0.0999774,,0,0,0,buffer
1108,-0.073033,-1.44009,,1000.02,0,0.375251,,0.0999952,-9.3688e-05,0.0999953,,0,0,0,buffer
1109,0.218349,-1.42531,,1000.02,0,0.382913,,0.100285,-5.31661e-05,0.100285,,0,0,0,buffer
1110,0.500793,-1.35218,,1000.02,0,0.366139,,0.100345,3.01908e-05,0.100345,,0,0,0,buffer
1111,0.762733,-1.22369,,1000.02,0,0.363496,,0.100401,0.00014276,0.100401,,0,0,0,buffer
1112,0.993448,-1.04511,,1000.02,0,0.36912,,0.100428,0.00027999,0.100429,,0,0,0,buffer
1113,1.18349,-0.823733,,1000.02,0,0.364995,,0.100421,0.000444599,0.100422,,0,0,0,buffer
1114,1.32508,-0.568637,,1000.02,0,0.260254,,0.100311,0.000560324,0.100313,,0,0,0,buffer
1115,1.41242,-0.29026,,1000,0,0.0485973,,0.100101,0.000431343,0.100102,,0,0,0,buffer
1116,1.54981,0,,999.996,0,-0.0706196,,0.0999823,1.8226e-16,0.0999823,,0,0,0,buffer
1117,1.51809,0.311975,,1000,0,0.0485973,,0.100101,-0.000431343,0.100102,,0,0,0,buffer
1118,1.42421,0.611178,,1000.02,0,0.260254,,0.100311,-0.000560324,0.100313,,0,0,0,buffer
1119,1.27203,0.88536,,1000.02,0,0.364995,,0.100421,-0.000444599,0.100422,,0,0,0,buffer
1120,1.06777,1.12329,,1000.02,0,0.36912,,0.100428,-0.00027999,0.100429,,0,0,0,buffer
1121,0.819796,1.31524,,1000.02,0,0.363496,,0.100401,-0.00014276,0.100401,,0,0,0,buffer
1122,0.538259,1.45334,,1000.02,0,0.366139,,0.100345,-3.01908e-05,0.100345,,0,0,0,buffer
1123,0.234685,1.53194,,1000.02,0,0.382913,,0.100285,5.31661e-05,0.100285,,0,0,0,buffer
1124,-0.0784968,1.54782,,1000.02,0,0.375251,,0.0999952,9.3688e-05,0.0999953,,0,0,0,buffer
1125,-0.388465,1.50034,,1000.02,0,0.361075,,0.0999774,8.73831e-05,0.0999774,,0,0,0,buffer
1126,-0.682529,1.39143,,1000.02,0,0.373429,,0.0999589,8.38126e-05,0.0999589,,0,0,0,buffer
1127,-0.94865,1.22556,,1000.02,0,0.37965,,0.0999419,7.5051e-05,0.0999419,,0,0,0,buffer
1128,-1.17593,1.00951,,1000.02,0,0.388979,,0.0999262,6.33394e-05,0.0999262,,0,0,0,buffer
1129,-1.35507,0.752128,,1000.02,0,0.395692,,0.0999135,4.80052e-05,0.0999135,,0,0,0,buffer
1130,-1.47874,0.463957,,1000.03,0,0.401091,,0.0999043,3.00165e-05,0.0999043,,0,0,0,buffer
1131,-1.54186,0.156792,,1000.03,0,0.403718,,0.0998996,1.02104e-05,0.0998996,,0,0,0,buffer
1132,-1.54186,-0.156792,,1000.03,0,0.403718,,0.0998996,-1.02104e-05,0.0998996,,0,0,0,buffer
1133,-1.47874,-0.463957,,1000.03,0,0.401091,,0.0999043,-3.00165e-05,0.0999043,,0,0,0,buffer
1134,-1.35507,-0.752128,,1000.02,0,0.395692,,0.0999135,-4.80052e-05,0.0999135,,0,0,0,buffer
1135,-1.17593,-1.00951,,1000.02,0,0.388979,,0.0999262,-6.33394e-05,0.0999262,,0,0,0,buffer
1136,-0.94865,-1.22556,,1000.02,0,0.37965,,0.0999419,-7.5051e-05,0.0999419,,0,0,0,buffer
1137,-0.682529,-1.39143,,1000.02,0,0.373429,,0.0999589,-8.38126e-05,0.0999589,,0,0,0,buffer
1138,-0.388465,-1.50034,,1000.02,0,0.361075,,0.0999774,-8.73831e-05,0.0999774,,0,0,0,buffer
1139,-0.0784968,-1.54782,,1000.02,0,0.375251,,0.0999952,-9.3688e-05,0.0999953,,0,0,0,buffer
1140,0.234685,-1.53194,,1000.02,0,0.382913,,0.100285,-5.31661e-05,0.100285,,0,0,0,buffer
1141,0.538259,-1.45334,,1000.02,0,0.366139,,0.100345,3.01908e-05,0.100345,,0,0,0,buffer
1142,0.819796,-1.31524,,1000.02,0,0.363496,,0.100401,0.00014276,0.100401,,0,0,0,buffer
1143,1.06777,-1.12329,,1000.02,0,0.36912,,0.100428,0.00027999,0.100429,,0,0,0,buffer
1144,1.27203,-0.88536,,1000.02,0,0.364995,,0.100421,0.000444599,0.100422,,0,0,0,buffer
1145,1.42421,-0.611178,,1000.02,0,0.260254,,0.100311,0.000560324,0.100313,,0,0,0,buffer
1146,1.51809,-0.311975,,1000,0,0.0485973,,0.100101,0.000431343,0.100102,,0,0,0,buffer
1147,1.66528,0,,999.996,0,-0.0706196,,0.0999823,1.8226e-16,0.0999823,,0,0,0,buffer
1148,1.63119,0.335217,,1000,0,0.0485973,,0.100101,-0.000431343,0.100102,,0,0,0,buffer
1149,1.53032,0.656711,,1000.02,0,0.260254,,0.100311,-0.000560324,0.100313,,0,0,0,buffer
1150,1.3668,0.951319,,1000.02,0,0.364995,,0.100421,-0.000444599,0.100422,,0,0,0,buffer
1151,1.14732,1.20698,,1000.02,0,0.36912,,0.100428,-0.00027999,0.100429,,0,0,0,buffer
1152,0.880871,1.41323,,1000.02,0,0.363496,,0.100401,-0.00014276,0.100401,,0,0,0,buffer
1153,0.578359,1.56162,,1000.02,0,0.366139,,0.100345,-3.01908e-05,0.100345,,0,0,0,buffer
1154,0.252169,1.64607,,1000.02,0,0.382913,,0.100285,5.31661e-05,0.100285,,0,0,0,buffer
1155,-0.0843448,1.66314,,1000.02,0,0.375251,,0.0999952,9.3688e-05,0.0999953,,0,0,0,buffer
1156,-0.417405,1.61212,,1000.02,0,0.361075,,0.0999774,8.73831e-05,0.0999774,,0,0,0,buffer
1157,-0.733378,1.49509,,1000.02,0,0.373429,,0.0999589,8.38126e-05,0.0999589,,0,0,0,buffer
1158,-1.01933,1.31686,,1000.02,0,0.37965,,0.0999419,7.5051e-05,0.0999419,,0,0,0,buffer
1159,-1.26354,1.08471,,1000.02,0,0.388979,,0.0999262,6.33394e-05,0.0999262,,0,0,0,buffer
1160,-1.45603,0.808161,,1000.02,0,0.395692,,0.0999135,4.80052e-05,0.0999135,,0,0,0,buffer
1161,-1.5889,0.498522,,1000.03,0,0.401091,,0.0999043,3.00165e-05,0.0999043,,0,0,0,buffer
1162,-1.65673,0.168473,,1000.03,0,0.403718,,0.0998996,1.02104e-05,0.0998996,,0,0,0,buffer
1163,-1.65673,-0.168473,,1000.03,0,0.403718,,0.0998996,-1.02104e-05,0.0998996,,0,0,0,buffer
1164,-1.5889,-0.498522,,1000.03,0,0.401091,,0.0999043,-3.00165e-05,0.0999043,,0,0,0,buffer
1165,-1.45603,-0.808161,,1000.02,0,0.395692,,0.0999135,-4.80052e-05,0.0999135,,0,0,0,buffer
1166,-1.26354,-1.08471,,1000.02,0,0.388979,,0.0999262,-6.33394e-05,0.0999262,,0,0,0,buffer
1167,-1.01933,-1.31686,,1000.02,0,0.37965,,0.0999419,-7.5051e-05,0.0999419,,0,0,0,buffer
1168,-0.733378,-1.49509,,1000.02,0,0.373429,,0.0999589,-8.38126e-05,0.0999589,,0,0,0,buffer
1169,-0.417405,-1.61212,,1000.02,0,0.361075,,0.0999774,-8.73831e-05,0.0999774,,0,0,0,buffer
1170,-0.0843448,-1.66314,,1000.02,0,0.375251,,0.0999952,-9.3688e-05,0.0999953,,0,0,0,buffer
1171,0.252169,-1.64607,,1000.02,0,0.382913,,0.100285,-5.31661e-05,0.100285,,0,0,0,buffer
1172,0.578359,-1.56162,,1000.02,0,0.366139,,0.100345,3.01908e-05,0.100345,,0,0,0,buffer
1173,0.880871,-1.41323,,1000.02,0,0.363496,,0.100401,0.00014276,0.100401,,0,0,0,buffer
1174,1.14732,-1.20698,,1000.02,0,0.36912,,0.100428,0.00027999,0.100429,,0,0,0,buffer
1175,1.3668,-0.951319,,1000.02,0,0.364995,,0.100421,0.000444599,0.100422,,0,0,0,buffer
1176,1.53032,-0.656711,,1000.02,0,0.260254,,0.100311,0.000560324,0.100313,,0,0,0,buffer
1177,1.63119,-0.335217,,1000,0,0.0485973,,0.100101,0.000431343,0.100102,,0,0,0,buffer
1178,1.78886,0,,999.996,0,-0.0706196,,0.0999823,1.8226e-16,0.0999823,,0,0,0,buffer
1179,1.75224,0.360094,,1000,0,0.0485973,,0.100101,-0.000431343,0.100102,,0,0,0,buffer
1180,1.64388,0.705446,,1000.02,0,0.260254,,0.100311,-0.000560324,0.100313,,0,0,0,buffer
1181,1.46823,1.02192,,1000.02,0,0.364995,,0.100421,-0.000444599,0.100422,,0,0,0,buffer
1182,1.23246,1.29655,,1000.02,0,0.36912,,0.100428,-0.00027999,0.100429,,0,0,0,buffer
1183,0.94624,1.5181,,1000.02,0,0.363496,,0.100401,-0.00014276,0.100401,,0,0,0,buffer
1184,0.621279,1.6775,,1000.02,0,0.366139,,0.100345,-3.01908e-05,0.100345,,0,0,0,buffer
1185,0.270882,1.76823,,1000.02,0,0.382913,,0.100285,5.31661e-05,0.100285,,0,0,0,buffer
1186,-0.090604,1.78656,,1000.02,0,0.375251,,0.0999952,9.3688e-05,0.0999953,,0,0,0,buffer
1187,-0.448381,1.73175,,1000.02,0,0.361075,,0.0999774,8.73831e-05,0.0999774,,0,0,0,buffer
1188,-0.787802,1.60604,,1000.02,0,0.373429,,0.0999589,8.38126e-05,0.0999589,,0,0,0,buffer
1189,-1.09497,1.41458,,1000.02,0,0.37965,,0.0999419,7.5051e-05,0.0999419,,0,0,0,buffer
1190,-1.35731,1.16521,,1000.02,0,0.388979,,0.0999262,6.33394e-05,0.0999262,,0,0,0,buffer
1191,-1.56408,0.868135,,1000.02,0,0.395692,,0.0999135,4.80052e-05,0.0999135,,0,0,0,buffer
1192,-1.70682,0.535517,,1000.03,0,0.401091,,0.0999043,3.00165e-05,0.0999043,,0,0,0,buffer
1193,-1.77968,0.180976,,1000.03,0,0.403718,,0.0998996,1.02104e-05,0.0998996,,0,0,0,buffer
1194,-1.77968,-0.180976,,1000.03,0,0.403718,,0.0998996,-1.02104e-05,0.0998996,,0,0,0,buffer
1195,-1.70682,-0.535517,,1000.03,0,0.401091,,0.0999043,-3.00165e-05,0.0999043,,0,0,0,buffer
1196,-1.56408,-0.868135,,1000.02,0,0.395692,,0.0999135,-4.80052e-05,0.0999135,,0,0,0,buffer
1197,-1.35731,-1.16521,,1000.02,0,0.388979,,0.0999262,-6.33394e-05,0.0999262,,0,0,0,buffer
1198,-1.09497,-1.41458,,1000.02,0,0.37965,,0.0999419,-7.5051e-05,0.0999419,,0,0,0,buffer
1199,-0.787802,-1.60604,,1000.02,0,0.373429,,0.0999589,-8.38126e-05,0.0999589,,0,0,0,buffer
1200,-0.448381,-1.73175,,1000.02,0,0.361075,,0.0999774,-8.73831e-05,0.0999774,,0,0,0,buffer
1201,-0.090604,-1.78656,,1000.02,0,0.375251,,0.0999952,-9.3688e-05,0.0999953,,0,0,0,buffer
1202,0.270882,-1.76823,,1000.02,0,0.382913,,0.100285,-5.31661e-05,0.100285,,0,0,0,buffer
1203,0.621279,-1.6775,,1000.02,0,0.366139,,0.100345,3.01908e-05,0.100345,,0,0,0,buffer
1204,0.94624,-1.5181,,1000.02,0,0.363496,,0.100401,0.00014276,0.100401,,0,0,0,buffer
1205,1.23246,-1.29655,,1000.02,0,0.36912,,0.100428,0.00027999,0.100429,,0,0,0,buffer
1206,1.46823,-1.02192,,1000.02,0,0.364995,,0.100421,0.000444599,0.100422,,0,0,0,buffer
1207,1.64388,-0.705446,,1000.02,0,0.260254,,0.100311,0.000560324,0.100313,,0,0,0,buffer
1208,1.75224,-0.360094,,1000,0,0.0485973,,0.100101,0.000431343,0.100102,,0,0,0,buffer
