h/dp :,2
L2norm Pressure,KE,dp,Nparticles
10427.5,992.058,0.25,1600

t,7.16
ID,r,z,,rho,drhodt,pressure,,u_r,u_z,velocity,,pairAr,pairAz,totalAr,totalAz,Type
0,0.125,-0.125,,1013.77,0,140801,,0,0,0,,0,0,1111.11,-9.81,boundary
1,0.375,-0.125,,1012.54,0,127755,,0,0,0,,0,0,336.46,-9.81,boundary
2,0.625,-0.125,,1011.58,0,117634,,0,0,0,,0,0,186.059,-9.81,boundary
3,0.875,-0.125,,1011.32,0,114885,,0,0,0,,0,0,129.828,-9.81,boundary
4,1.125,-0.125,,1011.27,0,114367,,0,0,0,,0,0,100.527,-9.81,boundary
5,1.375,-0.125,,1011.2,0,113599,,0,0,0,,0,0,81.703,-9.81,boundary
6,1.625,-0.125,,1011.13,0,112870,,0,0,0,,0,0,68.6943,-9.81,boundary
7,1.875,-0.125,,1011.1,0,112552,,0,0,0,,0,0,59.369,-9.81,boundary
8,2.125,-0.125,,1011.1,0,112550,,0,0,0,,0,0,52.3833,-9.81,boundary
9,2.375,-0.125,,1011.1,0,112606,,0,0,0,,0,0,46.8926,-9.81,boundary
10,2.625,-0.125,,1011.1,0,112596,,0,0,0,,0,0,42.4227,-9.81,boundary
11,2.875,-0.125,,1011.1,0,112544,,0,0,0,,0,0,38.7163,-9.81,boundary
12,3.125,-0.125,,1011.09,0,112514,,0,0,0,,0,0,35.6094,-9.81,boundary
13,3.375,-0.125,,1011.09,0,112523,,0,0,0,,0,0,32.9745,-9.81,boundary
14,3.625,-0.125,,1011.1,0,112559,,0,0,0,,0,0,30.7101,-9.81,boundary
15,3.875,-0.125,,1011.1,0,112607,,0,0,0,,0,0,28.7407,-9.81,boundary
16,4.125,-0.125,,1011.11,0,112658,,0,0,0,,0,0,27.011,-9.81,boundary
17,4.375,-0.125,,1011.11,0,112710,,0,0,0,,0,0,25.4793,-9.81,boundary
18,4.625,-0.125,,1011.12,0,112763,,0,0,0,,0,0,24.1131,-9.81,boundary
19,4.875,-0.125,,1011.12,0,112813,,0,0,0,,0,0,22.8866,-9.81,boundary
20,5.125,-0.125,,1011.13,0,112860,,0,0,0,,0,0,21.7792,-9.81,boundary
21,5.375,-0.125,,1011.13,0,112905,,0,0,0,,0,0,20.7743,-9.81,boundary
22,5.625,-0.125,,1011.13,0,112947,,0,0,0,,0,0,19.8584,-9.81,boundary
23,5.875,-0.125,,1011.14,0,112988,,0,0,0,,0,0,19.0202,-9.81,boundary
24,6.125,-0.125,,1011.14,0,113028,,0,0,0,,0,0,18.2502,-9.81,boundary
25,6.375,-0.125,,1011.15,0,113066,,0,0,0,,0,0,17.5404,-9.81,boundary
26,6.625,-0.125,,1011.15,0,113103,,0,0,0,,0,0,16.8839,-9.81,boundary
27,6.875,-0.125,,1011.15,0,113139,,0,0,0,,0,0,16.275,-9.81,boundary
28,7.125,-0.125,,1011.16,0,113173,,0,0,0,,0,0,15.7087,-9.81,boundary
29,7.375,-0.125,,1011.16,0,113205,,0,0,0,,0,0,15.1804,-9.81,boundary
30,7.625,-0.125,,1011.16,0,113235,,0,0,0,,0,0,14.6866,-9.81,boundary
31,7.875,-0.125,,1011.16,0,113263,,0,0,0,,0,0,14.2238,-9.81,boundary
32,8.125,-0.125,,1011.17,0,113289,,0,0,0,,0,0,13.7893,-9.81,boundary
33,8.375,-0.125,,1011.17,0,113314,,0,0,0,,0,0,13.3806,-9.81,boundary
34,8.625,-0.125,,1011.17,0,113337,,0,0,0,,0,0,12.9953,-9.81,boundary
35,8.875,-0.125,,1011.17,0,113362,,0,0,0,,0,0,12.6321,-9.81,boundary
36,9.125,-0.125,,1011.18,0,113391,,0,0,0,,0,0,12.289,-9.81,boundary
37,9.375,-0.125,,1011.18,0,113414,,0,0,0,,0,0,11.9637,-9.81,boundary
38,9.625,-0.125,,1011.18,0,113431,,0,0,0,,0,0,11.6547,-9.81,boundary
39,9.875,-0.125,,1011.18,0,113457,,0,0,0,,0,0,11.3622,-9.81,boundary
40,10.125,-0.125,,1011.19,0,113495,,0,0,0,,0,0,11.0854,-9.81,boundary
41,10.375,-0.125,,1011.19,0,113505,,0,0,0,,0,0,10.8192,-9.81,boundary
42,10.625,-0.125,,1011.19,0,113514,,0,0,0,,0,0,10.5655,-9.81,boundary
43,10.875,-0.125,,1011.19,0,113557,,0,0,0,,0,0,10.3264,-9.81,boundary
44,0.125,-0.375,,1014.87,0,152564,,0,0,0,,0,0,1202.63,-9.81,boundary
45,0.375,-0.375,,1013.13,0,133965,,0,0,0,,0,0,352.61,-9.81,boundary
46,0.625,-0.375,,1011.89,0,120851,,0,0,0,,0,0,191.089,-9.81,boundary
47,0.875,-0.375,,1011.53,0,117122,,0,0,0,,0,0,132.327,-9.81,boundary
48,1.125,-0.375,,1011.49,0,116632,,0,0,0,,0,0,102.495,-9.81,boundary
49,1.375,-0.375,,1011.42,0,115950,,0,0,0,,0,0,83.375,-9.81,boundary
50,1.625,-0.375,,1011.34,0,115142,,0,0,0,,0,0,70.0618,-9.81,boundary
51,1.875,-0.375,,1011.31,0,114742,,0,0,0,,0,0,60.5115,-9.81,boundary
52,2.125,-0.375,,1011.3,0,114723,,0,0,0,,0,0,53.3838,-9.81,boundary
53,2.375,-0.375,,1011.31,0,114800,,0,0,0,,0,0,47.7961,-9.81,boundary
54,2.625,-0.375,,1011.31,0,114817,,0,0,0,,0,0,43.2505,-9.81,boundary
55,2.875,-0.375,,1011.31,0,114789,,0,0,0,,0,0,39.4801,-9.81,boundary
56,3.125,-0.375,,1011.31,0,114776,,0,0,0,,0,0,36.3177,-9.81,boundary
57,3.375,-0.375,,1011.31,0,114800,,0,0,0,,0,0,33.6344,-9.81,boundary
58,3.625,-0.375,,1011.32,0,114850,,0,0,0,,0,0,31.3283,-9.81,boundary
59,3.875,-0.375,,1011.32,0,114912,,0,0,0,,0,0,29.3227,-9.81,boundary
60,4.125,-0.375,,1011.33,0,114979,,0,0,0,,0,0,27.5614,-9.81,boundary
61,4.375,-0.375,,1011.33,0,115047,,0,0,0,,0,0,26.0017,-9.81,boundary
62,4.625,-0.375,,1011.34,0,115113,,0,0,0,,0,0,24.6102,-9.81,boundary
63,4.875,-0.375,,1011.35,0,115175,,0,0,0,,0,0,23.3606,-9.81,boundary
64,5.125,-0.375,,1011.35,0,115233,,0,0,0,,0,0,22.232,-9.81,boundary
65,5.375,-0.375,,1011.36,0,115286,,0,0,0,,0,0,21.2078,-9.81,boundary
66,5.625,-0.375,,1011.36,0,115337,,0,0,0,,0,0,20.274,-9.81,boundary
67,5.875,-0.375,,1011.37,0,115385,,0,0,0,,0,0,19.4193,-9.81,boundary
68,6.125,-0.375,,1011.37,0,115432,,0,0,0,,0,0,18.6341,-9.81,boundary
69,6.375,-0.375,,1011.38,0,115476,,0,0,0,,0,0,17.9101,-9.81,boundary
70,6.625,-0.375,,1011.38,0,115518,,0,0,0,,0,0,17.2405,-9.81,boundary
71,6.875,-0.375,,1011.38,0,115559,,0,0,0,,0,0,16.6194,-9.81,boundary
72,7.125,-0.375,,1011.39,0,115598,,0,0,0,,0,0,16.0416,-9.81,boundary
73,7.375,-0.375,,1011.39,0,115635,,0,0,0,,0,0,15.5027,-9.81,boundary
74,7.625,-0.375,,1011.39,0,115670,,0,0,0,,0,0,14.9989,-9.81,boundary
75,7.875,-0.375,,1011.4,0,115702,,0,0,0,,0,0,14.5268,-9.81,boundary
76,8.125,-0.375,,1011.4,0,115733,,0,0,0,,0,0,14.0836,-9.81,boundary
77,8.375,-0.375,,1011.4,0,115763,,0,0,0,,0,0,13.6667,-9.81,boundary
78,8.625,-0.375,,1011.41,0,115792,,0,0,0,,0,0,13.2738,-9.81,boundary
79,8.875,-0.375,,1011.41,0,115825,,0,0,0,,0,0,12.9035,-9.81,boundary
80,9.125,-0.375,,1011.41,0,115861,,0,0,0,,0,0,12.5539,-9.81,boundary
81,9.375,-0.375,,1011.42,0,115892,,0,0,0,,0,0,12.2223,-9.81,boundary
82,9.625,-0.375,,1011.42,0,115917,,0,0,0,,0,0,11.9073,-9.81,boundary
83,9.875,-0.375,,1011.42,0,115953,,0,0,0,,0,0,11.6095,-9.81,boundary
84,10.125,-0.375,,1011.43,0,115998,,0,0,0,,0,0,11.3271,-9.81,boundary
85,10.375,-0.375,,1011.43,0,115998,,0,0,0,,0,0,11.0542,-9.81,boundary
86,10.625,-0.375,,1011.42,0,115989,,0,0,0,,0,0,10.7933,-9.81,boundary
87,10.875,-0.375,,1011.43,0,116014,,0,0,0,,0,0,10.5474,-9.81,boundary
88,0.125,-0.625,,1014.68,0,150531,,0,0,0,,0,0,1186.83,-9.81,boundary
89,0.375,-0.625,,1013.21,0,134833,,0,0,0,,0,0,354.866,-9.81,boundary
90,0.625,-0.625,,1011.97,0,121689,,0,0,0,,0,0,192.4,-9.81,boundary
91,0.875,-0.625,,1011.58,0,117673,,0,0,0,,0,0,132.943,-9.81,boundary
92,1.125,-0.625,,1011.6,0,117828,,0,0,0,,0,0,103.535,-9.81,boundary
93,1.375,-0.625,,1011.61,0,117965,,0,0,0,,0,0,84.8082,-9.81,boundary
94,1.625,-0.625,,1011.58,0,117591,,0,0,0,,0,0,71.5354,-9.81,boundary
95,1.875,-0.625,,1011.54,0,117218,,0,0,0,,0,0,61.803,-9.81,boundary
96,2.125,-0.625,,1011.53,0,117094,,0,0,0,,0,0,54.475,-9.81,boundary
97,2.375,-0.625,,1011.53,0,117119,,0,0,0,,0,0,48.7511,-9.81,boundary
98,2.625,-0.625,,1011.54,0,117151,,0,0,0,,0,0,44.1201,-9.81,boundary
99,2.875,-0.625,,1011.54,0,117157,,0,0,0,,0,0,40.2854,-9.81,boundary
100,3.125,-0.625,,1011.54,0,117167,,0,0,0,,0,0,37.0659,-9.81,boundary
101,3.375,-0.625,,1011.54,0,117203,,0,0,0,,0,0,34.3305,-9.81,boundary
102,3.625,-0.625,,1011.55,0,117257,,0,0,0,,0,0,31.9776,-9.81,boundary
103,3.875,-0.625,,1011.55,0,117321,,0,0,0,,0,0,29.9307,-9.81,boundary
104,4.125,-0.625,,1011.56,0,117390,,0,0,0,,0,0,28.1331,-9.81,boundary
105,4.375,-0.625,,1011.56,0,117461,,0,0,0,,0,0,26.5412,-9.81,boundary
106,4.625,-0.625,,1011.57,0,117529,,0,0,0,,0,0,25.121,-9.81,boundary
107,4.875,-0.625,,1011.58,0,117593,,0,0,0,,0,0,23.8455,-9.81,boundary
108,5.125,-0.625,,1011.58,0,117652,,0,0,0,,0,0,22.6937,-9.81,boundary
109,5.375,-0.625,,1011.59,0,117708,,0,0,0,,0,0,21.6483,-9.81,boundary
110,5.625,-0.625,,1011.59,0,117761,,0,0,0,,0,0,20.6953,-9.81,boundary
111,5.875,-0.625,,1011.6,0,117811,,0,0,0,,0,0,19.823,-9.81,boundary
112,6.125,-0.625,,1011.6,0,117859,,0,0,0,,0,0,19.0215,-9.81,boundary
113,6.375,-0.625,,1011.61,0,117905,,0,0,0,,0,0,18.2826,-9.81,boundary
114,6.625,-0.625,,1011.61,0,117948,,0,0,0,,0,0,17.5992,-9.81,boundary
115,6.875,-0.625,,1011.61,0,117991,,0,0,0,,0,0,16.9652,-9.81,boundary
116,7.125,-0.625,,1011.62,0,118031,,0,0,0,,0,0,16.3755,-9.81,boundary
117,7.375,-0.625,,1011.62,0,118069,,0,0,0,,0,0,15.8254,-9.81,boundary
118,7.625,-0.625,,1011.63,0,118106,,0,0,0,,0,0,15.3113,-9.81,boundary
119,7.875,-0.625,,1011.63,0,118140,,0,0,0,,0,0,14.8295,-9.81,boundary
120,8.125,-0.625,,1011.63,0,118174,,0,0,0,,0,0,14.3773,-9.81,boundary
121,8.375,-0.625,,1011.64,0,118209,,0,0,0,,0,0,13.9521,-9.81,boundary
122,8.625,-0.625,,1011.64,0,118243,,0,0,0,,0,0,13.5516,-9.81,boundary
123,8.875,-0.625,,1011.64,0,118281,,0,0,0,,0,0,13.1741,-9.81,boundary
124,9.125,-0.625,,1011.65,0,118326,,0,0,0,,0,0,12.8179,-9.81,boundary
125,9.375,-0.625,,1011.65,0,118366,,0,0,0,,0,0,12.4803,-9.81,boundary
126,9.625,-0.625,,1011.65,0,118402,,0,0,0,,0,0,12.1598,-9.81,boundary
127,9.875,-0.625,,1011.66,0,118454,,0,0,0,,0,0,11.8571,-9.81,boundary
128,10.125,-0.625,,1011.66,0,118498,,0,0,0,,0,0,11.5686,-9.81,boundary
129,10.375,-0.625,,1011.66,0,118479,,0,0,0,,0,0,11.288,-9.81,boundary
130,10.625,-0.625,,1011.66,0,118449,,0,0,0,,0,0,11.0197,-9.81,boundary
131,10.875,-0.625,,1011.66,0,118449,,0,0,0,,0,0,10.7664,-9.81,boundary
132,0.125,-0.875,,1013.9,0,142184,,0,0,0,,0,0,1121.87,-9.81,boundary
133,0.375,-0.875,,1012.92,0,131732,,0,0,0,,0,0,346.807,-9.81,boundary
134,0.625,-0.875,,1011.98,0,121813,,0,0,0,,0,0,192.594,-9.81,boundary
135,0.875,-0.875,,1011.61,0,117987,,0,0,0,,0,0,133.295,-9.81,boundary
136,1.125,-0.875,,1011.67,0,118554,,0,0,0,,0,0,104.166,-9.81,boundary
137,1.375,-0.875,,1011.81,0,120094,,0,0,0,,0,0,86.3215,-9.81,boundary
138,1.625,-0.875,,1011.88,0,120769,,0,0,0,,0,0,73.447,-9.81,boundary
139,1.875,-0.875,,1011.86,0,120585,,0,0,0,,0,0,63.558,-9.81,boundary
140,2.125,-0.875,,1011.82,0,120198,,0,0,0,,0,0,55.9029,-9.81,boundary
141,2.375,-0.875,,1011.81,0,119996,,0,0,0,,0,0,49.9351,-9.81,boundary
142,2.625,-0.875,,1011.8,0,119948,,0,0,0,,0,0,45.1615,-9.81,boundary
143,2.875,-0.875,,1011.8,0,119947,,0,0,0,,0,0,41.2339,-9.81,boundary
144,3.125,-0.875,,1011.8,0,119959,,0,0,0,,0,0,37.9391,-9.81,boundary
145,3.375,-0.875,,1011.8,0,119986,,0,0,0,,0,0,35.1365,-9.81,boundary
146,3.625,-0.875,,1011.81,0,120023,,0,0,0,,0,0,32.7235,-9.81,boundary
147,3.875,-0.875,,1011.81,0,120068,,0,0,0,,0,0,30.6236,-9.81,boundary
148,4.125,-0.875,,1011.82,0,120117,,0,0,0,,0,0,28.7793,-9.81,boundary
149,4.375,-0.875,,1011.82,0,120168,,0,0,0,,0,0,27.1461,-9.81,boundary
150,4.625,-0.875,,1011.83,0,120219,,0,0,0,,0,0,25.6895,-9.81,boundary
151,4.875,-0.875,,1011.83,0,120268,,0,0,0,,0,0,24.3819,-9.81,boundary
152,5.125,-0.875,,1011.84,0,120315,,0,0,0,,0,0,23.2015,-9.81,boundary
153,5.375,-0.875,,1011.84,0,120361,,0,0,0,,0,0,22.1307,-9.81,boundary
154,5.625,-0.875,,1011.84,0,120405,,0,0,0,,0,0,21.1547,-9.81,boundary
155,5.875,-0.875,,1011.85,0,120447,,0,0,0,,0,0,20.2616,-9.81,boundary
156,6.125,-0.875,,1011.85,0,120488,,0,0,0,,0,0,19.4412,-9.81,boundary
157,6.375,-0.875,,1011.86,0,120528,,0,0,0,,0,0,18.6848,-9.81,boundary
158,6.625,-0.875,,1011.86,0,120566,,0,0,0,,0,0,17.9853,-9.81,boundary
159,6.875,-0.875,,1011.86,0,120603,,0,0,0,,0,0,17.3366,-9.81,boundary
160,7.125,-0.875,,1011.87,0,120638,,0,0,0,,0,0,16.7331,-9.81,boundary
161,7.375,-0.875,,1011.87,0,120672,,0,0,0,,0,0,16.1704,-9.81,boundary
162,7.625,-0.875,,1011.87,0,120706,,0,0,0,,0,0,15.6445,-9.81,boundary
163,7.875,-0.875,,1011.88,0,120737,,0,0,0,,0,0,15.1517,-9.81,boundary
164,8.125,-0.875,,1011.88,0,120768,,0,0,0,,0,0,14.6892,-9.81,boundary
165,8.375,-0.875,,1011.88,0,120801,,0,0,0,,0,0,14.2546,-9.81,boundary
166,8.625,-0.875,,1011.89,0,120834,,0,0,0,,0,0,13.8451,-9.81,boundary
167,8.875,-0.875,,1011.89,0,120870,,0,0,0,,0,0,13.4592,-9.81,boundary
168,9.125,-0.875,,1011.89,0,120916,,0,0,0,,0,0,13.0953,-9.81,boundary
169,9.375,-0.875,,1011.9,0,120960,,0,0,0,,0,0,12.7507,-9.81,boundary
170,9.625,-0.875,,1011.9,0,121005,,0,0,0,,0,0,12.424,-9.81,boundary
171,9.875,-0.875,,1011.91,0,121064,,0,0,0,,0,0,12.1154,-9.81,boundary
172,10.125,-0.875,,1011.91,0,121103,,0,0,0,,0,0,11.82,-9.81,boundary
173,10.375,-0.875,,1011.91,0,121069,,0,0,0,,0,0,11.532,-9.81,boundary
174,10.625,-0.875,,1011.9,0,121021,,0,0,0,,0,0,11.2562,-9.81,boundary
175,10.875,-0.875,,1011.9,0,121004,,0,0,0,,0,0,10.9959,-9.81,boundary
176,10.125,0.125,,1010.95,0,110974,,0,0,0,,0,0,10.8417,-9.81,boundary
177,10.125,0.375,,1010.71,0,108468,,0,0,0,,0,0,10.5994,-9.81,boundary
178,10.125,0.625,,1010.47,0,105967,,0,0,0,,0,0,10.3575,-9.81,boundary
179,10.125,0.875,,1010.23,0,103458,,0,0,0,,0,0,10.1147,-9.81,boundary
180,10.125,1.125,,1009.98,0,100933,,0,0,0,,0,0,9.87017,-9.81,boundary
181,10.125,1.375,,1009.74,0,98401.1,,0,0,0,,0,0,9.62487,-9.81,boundary
182,10.125,1.625,,1009.5,0,95865.2,,0,0,0,,0,0,9.3791,-9.81,boundary
183,10.125,1.875,,1009.25,0,93311.7,,0,0,0,,0,0,9.13149,-9.81,boundary
184,10.125,2.125,,1009,0,90731.9,,0,0,0,,0,0,8.88122,-9.81,boundary
185,10.125,2.375,,1008.75,0,88126.4,,0,0,0,,0,0,8.62834,-9.81,boundary
186,10.125,2.625,,1008.5,0,85493.2,,0,0,0,,0,0,8.37264,-9.81,boundary
187,10.125,2.875,,1008.24,0,82831.9,,0,0,0,,0,0,8.11409,-9.81,boundary
188,10.125,3.125,,1007.98,0,80145,,0,0,0,,0,0,7.85292,-9.81,boundary
189,10.125,3.375,,1007.71,0,77433.4,,0,0,0,,0,0,7.58921,-9.81,boundary
190,10.125,3.625,,1007.45,0,74698,,0,0,0,,0,0,7.32305,-9.81,boundary
191,10.125,3.875,,1007.18,0,71939.8,,0,0,0,,0,0,7.05453,-9.81,boundary
192,10.125,4.125,,1006.91,0,69159.4,,0,0,0,,0,0,6.78372,-9.81,boundary
193,10.125,4.375,,1006.63,0,66357.7,,0,0,0,,0,0,6.51067,-9.81,boundary
194,10.125,4.625,,1006.35,0,63535.6,,0,0,0,,0,0,6.2355,-9.81,boundary
195,10.125,4.875,,1006.08,0,60693.8,,0,0,0,,0,0,5.95825,-9.81,boundary
196,10.125,5.125,,1005.79,0,57833,,0,0,0,,0,0,5.679,-9.81,boundary
197,10.125,5.375,,1005.51,0,54953.6,,0,0,0,,0,0,5.39778,-9.81,boundary
198,10.125,5.625,,1005.22,0,52056.2,,0,0,0,,0,0,5.11463,-9.81,boundary
199,10.125,5.875,,1004.94,0,49141.2,,0,0,0,,0,0,4.82962,-9.81,boundary
200,10.125,6.125,,1004.65,0,46209.2,,0,0,0,,0,0,4.54277,-9.81,boundary
201,10.125,6.375,,1004.35,0,43261,,0,0,0,,0,0,4.25417,-9.81,boundary
202,10.125,6.625,,1004.06,0,40298.2,,0,0,0,,0,0,3.96398,-9.81,boundary
203,10.125,6.875,,1003.76,0,37321.6,,0,0,0,,0,0,3.67227,-9.81,boundary
204,10.125,7.125,,1003.46,0,34334.3,,0,0,0,,0,0,3.37933,-9.81,boundary
205,10.125,7.375,,1003.16,0,31337,,0,0,0,,0,0,3.08525,-9.81,boundary
206,10.125,7.625,,1002.86,0,28330.6,,0,0,0,,0,0,2.7901,-9.81,boundary
207,10.125,7.875,,1002.56,0,25310.4,,0,0,0,,0,0,2.49341,-9.81,boundary
208,10.125,8.125,,1002.25,0,22270.3,,0,0,0,,0,0,2.19459,-9.81,boundary
209,10.125,8.375,,1001.95,0,19204.1,,0,0,0,,0,0,1.89302,-9.81,boundary
210,10.125,8.625,,1001.63,0,16117.9,,0,0,0,,0,0,1.58929,-9.81,boundary
211,10.125,8.875,,1001.33,0,13066.7,,0,0,0,,0,0,1.28883,-9.81,boundary
212,10.125,9.125,,1001.04,0,10188.3,,0,0,0,,0,0,1.00521,-9.81,boundary
213,10.125,9.375,,1000.78,0,7635.22,,0,0,0,,0,0,0.753511,-9.81,boundary
214,10.125,9.625,,1000.56,0,5465.54,,0,0,0,,0,0,0.539506,-9.81,boundary
215,10.125,9.875,,1000.53,0,5181.85,,0,0,0,,0,0,0.511518,-9.81,boundary
216,10.125,10.125,,1000.46,0,4518.48,,0,0,0,,0,0,0.446065,-9.81,boundary
217,10.125,10.375,,1000.42,0,4165.23,,0,0,0,,0,0,0.411206,-9.81,boundary
218,10.125,10.625,,1000.41,0,3997.51,,0,0,0,,0,0,0.394655,-9.81,boundary
219,10.125,10.875,,1000,0,0,,0,0,0,,0,0,0,-9.81,boundary
220,10.125,11.125,,1000,0,0,,0,0,0,,0,0,0,-9.81,boundary
221,10.125,11.375,,1000,0,0,,0,0,0,,0,0,0,-9.81,boundary
222,10.125,11.625,,1000,0,0,,0,0,0,,0,0,0,-9.81,boundary
223,10.125,11.875,,1000,0,0,,0,0,0,,0,0,0,-9.81,boundary
224,10.125,12.125,,1000,0,0,,0,0,0,,0,0,0,-9.81,boundary
225,10.125,12.375,,1000,0,0,,0,0,0,,0,0,0,-9.81,boundary
226,10.125,12.625,,1000,0,0,,0,0,0,,0,0,0,-9.81,boundary
227,10.125,12.875,,1000,0,0,,0,0,0,,0,0,0,-9.81,boundary
228,10.125,13.125,,1000,0,0,,0,0,0,,0,0,0,-9.81,boundary
229,10.125,13.375,,1000,0,0,,0,0,0,,0,0,0,-9.81,boundary
230,10.125,13.625,,1000,0,0,,0,0,0,,0,0,0,-9.81,boundary
231,10.125,13.875,,1000,0,0,,0,0,0,,0,0,0,-9.81,boundary
232,10.125,14.125,,1000,0,0,,0,0,0,,0,0,0,-9.81,boundary
233,10.125,14.375,,1000,0,0,,0,0,0,,0,0,0,-9.81,boundary
234,10.125,14.625,,1000,0,0,,0,0,0,,0,0,0,-9.81,boundary
235,10.125,14.875,,1000,0,0,,0,0,0,,0,0,0,-9.81,boundary
236,10.375,0.125,,1010.95,0,110977,,0,0,0,,0,0,10.5808,-9.81,boundary
237,10.375,0.375,,1010.71,0,108463,,0,0,0,,0,0,10.3435,-9.81,boundary
238,10.375,0.625,,1010.47,0,105959,,0,0,0,,0,0,10.1071,-9.81,boundary
239,10.375,0.875,,1010.23,0,103448,,0,0,0,,0,0,9.86995,-9.81,boundary
240,10.375,1.125,,1009.98,0,100919,,0,0,0,,0,0,9.63098,-9.81,boundary
241,10.375,1.375,,1009.74,0,98382.8,,0,0,0,,0,0,9.39121,-9.81,boundary
242,10.375,1.625,,1009.5,0,95846,,0,0,0,,0,0,9.15127,-9.81,boundary
243,10.375,1.875,,1009.25,0,93293.8,,0,0,0,,0,0,8.90976,-9.81,boundary
244,10.375,2.125,,1009,0,90715,,0,0,0,,0,0,8.66562,-9.81,boundary
245,10.375,2.375,,1008.75,0,88110.5,,0,0,0,,0,0,8.41893,-9.81,boundary
246,10.375,2.625,,1008.49,0,85479.3,,0,0,0,,0,0,8.16958,-9.81,boundary
247,10.375,2.875,,1008.24,0,82819.5,,0,0,0,,0,0,7.9174,-9.81,boundary
248,10.375,3.125,,1007.98,0,80133.6,,0,0,0,,0,0,7.66261,-9.81,boundary
249,10.375,3.375,,1007.71,0,77423.1,,0,0,0,,0,0,7.40537,-9.81,boundary
250,10.375,3.625,,1007.45,0,74688.7,,0,0,0,,0,0,7.14571,-9.81,boundary
251,10.375,3.875,,1007.18,0,71931.5,,0,0,0,,0,0,6.88376,-9.81,boundary
252,10.375,4.125,,1006.9,0,69151.8,,0,0,0,,0,0,6.61953,-9.81,boundary
253,10.375,4.375,,1006.63,0,66350.5,,0,0,0,,0,0,6.35311,-9.81,boundary
254,10.375,4.625,,1006.35,0,63529,,0,0,0,,0,0,6.08462,-9.81,boundary
255,10.375,4.875,,1006.07,0,60687.8,,0,0,0,,0,0,5.81411,-9.81,boundary
256,10.375,5.125,,1005.79,0,57827.4,,0,0,0,,0,0,5.54162,-9.81,boundary
257,10.375,5.375,,1005.51,0,54948.3,,0,0,0,,0,0,5.26721,-9.81,boundary
258,10.375,5.625,,1005.22,0,52051.1,,0,0,0,,0,0,4.9909,-9.81,boundary
259,10.375,5.875,,1004.94,0,49136,,0,0,0,,0,0,4.71274,-9.81,boundary
260,10.375,6.125,,1004.64,0,46203.8,,0,0,0,,0,0,4.43279,-9.81,boundary
261,10.375,6.375,,1004.35,0,43255.2,,0,0,0,,0,0,4.15111,-9.81,boundary
262,10.375,6.625,,1004.06,0,40292.2,,0,0,0,,0,0,3.86789,-9.81,boundary
263,10.375,6.875,,1003.76,0,37315.8,,0,0,0,,0,0,3.58323,-9.81,boundary
264,10.375,7.125,,1003.46,0,34328.7,,0,0,0,,0,0,3.29737,-9.81,boundary
265,10.375,7.375,,1003.16,0,31332.3,,0,0,0,,0,0,3.01046,-9.81,boundary
266,10.375,7.625,,1002.86,0,28327.1,,0,0,0,,0,0,2.72252,-9.81,boundary
267,10.375,7.875,,1002.56,0,25306,,0,0,0,,0,0,2.4329,-9.81,boundary
268,10.375,8.125,,1002.25,0,22264.7,,0,0,0,,0,0,2.14117,-9.81,boundary
269,10.375,8.375,,1001.95,0,19196.5,,0,0,0,,0,0,1.84668,-9.81,boundary
270,10.375,8.625,,1001.63,0,16108.7,,0,0,0,,0,0,1.55011,-9.81,boundary
271,10.375,8.875,,1001.33,0,13069.2,,0,0,0,,0,0,1.25802,-9.81,boundary
272,10.375,9.125,,1001.04,0,10233.7,,0,0,0,,0,0,0.985355,-9.81,boundary
273,10.375,9.375,,1000.79,0,7734.09,,0,0,0,,0,0,0.744869,-9.81,boundary
274,10.375,9.625,,1000.57,0,5577.24,,0,0,0,,0,0,0.53726,-9.81,boundary
275,10.375,9.875,,1000.37,0,3620.51,,0,0,0,,0,0,0.348836,-9.81,boundary
276,10.375,10.125,,1000.44,0,4326.13,,0,0,0,,0,0,0.416792,-9.81,boundary
277,10.375,10.375,,1000.41,0,4034.3,,0,0,0,,0,0,0.388689,-9.81,boundary
278,10.375,10.625,,1000.4,0,3921.05,,0,0,0,,0,0,0.377782,-9.81,boundary
279,10.375,10.875,,1000,0,0,,0,0,0,,0,0,0,-9.81,boundary
280,10.375,11.125,,1000,0,0,,0,0,0,,0,0,0,-9.81,boundary
281,10.375,11.375,,1000,0,0,,0,0,0,,0,0,0,-9.81,boundary
282,10.375,11.625,,1000,0,0,,0,0,0,,0,0,0,-9.81,boundary
283,10.375,11.875,,1000,0,0,,0,0,0,,0,0,0,-9.81,boundary
284,10.375,12.125,,1000,0,0,,0,0,0,,0,0,0,-9.81,boundary
285,10.375,12.375,,1000,0,0,,0,0,0,,0,0,0,-9.81,boundary
286,10.375,12.625,,1000,0,0,,0,0,0,,0,0,0,-9.81,boundary
287,10.375,12.875,,1000,0,0,,0,0,0,,0,0,0,-9.81,boundary
288,10.375,13.125,,1000,0,0,,0,0,0,,0,0,0,-9.81,boundary
289,10.375,13.375,,1000,0,0,,0,0,0,,0,0,0,-9.81,boundary
290,10.375,13.625,,1000,0,0,,0,0,0,,0,0,0,-9.81,boundary
291,10.375,13.875,,1000,0,0,,0,0,0,,0,0,0,-9.81,boundary
292,10.375,14.125,,1000,0,0,,0,0,0,,0,0,0,-9.81,boundary
293,10.375,14.375,,1000,0,0,,0,0,0,,0,0,0,-9.81,boundary
294,10.375,14.625,,1000,0,0,,0,0,0,,0,0,0,-9.81,boundary
295,10.375,14.875,,1000,0,0,,0,0,0,,0,0,0,-9.81,boundary
296,10.625,0.125,,1010.95,0,110984,,0,0,0,,0,0,10.3324,-9.81,boundary
297,10.625,0.375,,1010.71,0,108457,,0,0,0,,0,0,10.0996,-9.81,boundary
298,10.625,0.625,,1010.47,0,105944,,0,0,0,,0,0,9.86795,-9.81,boundary
299,10.625,0.875,,1010.22,0,103428,,0,0,0,,0,0,9.63584,-9.81,boundary
300,10.625,1.125,,1009.98,0,100896,,0,0,0,,0,0,9.40226,-9.81,boundary
301,10.625,1.375,,1009.74,0,98359.9,,0,0,0,,0,0,9.16813,-9.81,boundary
302,10.625,1.625,,1009.49,0,95823.6,,0,0,0,,0,0,8.93388,-9.81,boundary
303,10.625,1.875,,1009.25,0,93271.5,,0,0,0,,0,0,8.69806,-9.81,boundary
304,10.625,2.125,,1009,0,90692.9,,0,0,0,,0,0,8.45968,-9.81,boundary
305,10.625,2.375,,1008.75,0,88090.2,,0,0,0,,0,0,8.21895,-9.81,boundary
306,10.625,2.625,,1008.49,0,85460.7,,0,0,0,,0,0,7.97563,-9.81,boundary
307,10.625,2.875,,1008.23,0,82801.2,,0,0,0,,0,0,7.72941,-9.81,boundary
308,10.625,3.125,,1007.97,0,80116,,0,0,0,,0,0,7.48068,-9.81,boundary
309,10.625,3.375,,1007.71,0,77407,,0,0,0,,0,0,7.22962,-9.81,boundary
310,10.625,3.625,,1007.44,0,74673.7,,0,0,0,,0,0,6.97618,-9.81,boundary
311,10.625,3.875,,1007.17,0,71917.5,,0,0,0,,0,0,6.72049,-9.81,boundary
312,10.625,4.125,,1006.9,0,69138.6,,0,0,0,,0,0,6.46255,-9.81,boundary
313,10.625,4.375,,1006.63,0,66336.9,,0,0,0,,0,0,6.20236,-9.81,boundary
314,10.625,4.625,,1006.35,0,63514.4,,0,0,0,,0,0,5.94009,-9.81,boundary
315,10.625,4.875,,1006.07,0,60672,,0,0,0,,0,0,5.67584,-9.81,boundary
316,10.625,5.125,,1005.79,0,57809.8,,0,0,0,,0,0,5.4096,-9.81,boundary
317,10.625,5.375,,1005.51,0,54928.7,,0,0,0,,0,0,5.14145,-9.81,boundary
318,10.625,5.625,,1005.22,0,52029.2,,0,0,0,,0,0,4.87143,-9.81,boundary
319,10.625,5.875,,1004.93,0,49111.5,,0,0,0,,0,0,4.59957,-9.81,boundary
320,10.625,6.125,,1004.64,0,46176,,0,0,0,,0,0,4.3259,-9.81,boundary
321,10.625,6.375,,1004.35,0,43224.6,,0,0,0,,0,0,4.05059,-9.81,boundary
322,10.625,6.625,,1004.05,0,40258.2,,0,0,0,,0,0,3.77371,-9.81,boundary
323,10.625,6.875,,1003.76,0,37280.8,,0,0,0,,0,0,3.49565,-9.81,boundary
324,10.625,7.125,,1003.46,0,34293.4,,0,0,0,,0,0,3.21649,-9.81,boundary
325,10.625,7.375,,1003.16,0,31300.5,,0,0,0,,0,0,2.93665,-9.81,boundary
326,10.625,7.625,,1002.86,0,28301.5,,0,0,0,,0,0,2.65607,-9.81,boundary
327,10.625,7.875,,1002.56,0,25286.8,,0,0,0,,0,0,2.37386,-9.81,boundary
328,10.625,8.125,,1002.25,0,22252.8,,0,0,0,,0,0,2.08967,-9.81,boundary
329,10.625,8.375,,1001.94,0,19188.1,,0,0,0,,0,0,1.80243,-9.81,boundary
330,10.625,8.625,,1001.63,0,16105.5,,0,0,0,,0,0,1.51334,-9.81,boundary
331,10.625,8.875,,1001.33,0,13086.3,,0,0,0,,0,0,1.23002,-9.81,boundary
332,10.625,9.125,,1001.05,0,10310.9,,0,0,0,,0,0,0.969426,-9.81,boundary
333,10.625,9.375,,1000.8,0,7899.85,,0,0,0,,0,0,0.742919,-9.81,boundary
334,10.625,9.625,,1000.58,0,5747.94,,0,0,0,,0,0,0.540666,-9.81,boundary
335,10.625,9.875,,1000.38,0,3728.62,,0,0,0,,0,0,0.350796,-9.81,boundary
336,10.625,10.125,,1000.43,0,4218.42,,0,0,0,,0,0,0.396857,-9.81,boundary
337,10.625,10.375,,1000.4,0,3966.21,,0,0,0,,0,0,0.37314,-9.81,boundary
338,10.625,10.625,,1000.4,0,3905.65,,0,0,0,,0,0,0.367445,-9.81,boundary
339,10.625,10.875,,1000,0,0,,0,0,0,,0,0,0,-9.81,boundary
340,10.625,11.125,,1000,0,0,,0,0,0,,0,0,0,-9.81,boundary
341,10.625,11.375,,1000,0,0,,0,0,0,,0,0,0,-9.81,boundary
342,10.625,11.625,,1000,0,0,,0,0,0,,0,0,0,-9.81,boundary
343,10.625,11.875,,1000,0,0,,0,0,0,,0,0,0,-9.81,boundary
344,10.625,12.125,,1000,0,0,,0,0,0,,0,0,0,-9.81,boundary
345,10.625,12.375,,1000,0,0,,0,0,0,,0,0,0,-9.81,boundary
346,10.625,12.625,,1000,0,0,,0,0,0,,0,0,0,-9.81,boundary
347,10.625,12.875,,1000,0,0,,0,0,0,,0,0,0,-9.81,boundary
348,10.625,13.125,,1000,0,0,,0,0,0,,0,0,0,-9.81,boundary
349,10.625,13.375,,1000,0,0,,0,0,0,,0,0,0,-9.81,boundary
350,10.625,13.625,,1000,0,0,,0,0,0,,0,0,0,-9.81,boundary
351,10.625,13.875,,1000,0,0,,0,0,0,,0,0,0,-9.81,boundary
352,10.625,14.125,,1000,0,0,,0,0,0,,0,0,0,-9.81,boundary
353,10.625,14.375,,1000,0,0,,0,0,0,,0,0,0,-9.81,boundary
354,10.625,14.625,,1000,0,0,,0,0,0,,0,0,0,-9.81,boundary
355,10.625,14.875,,1000,0,0,,0,0,0,,0,0,0,-9.81,boundary
356,10.875,0.125,,1010.95,0,111027,,0,0,0,,0,0,10.0988,-9.81,boundary
357,10.875,0.375,,1010.71,0,108491,,0,0,0,,0,0,9.87048,-9.81,boundary
358,10.875,0.625,,1010.47,0,105968,,0,0,0,,0,0,9.64325,-9.81,boundary
359,10.875,0.875,,1010.23,0,103443,,0,0,0,,0,0,9.41576,-9.81,boundary
360,10.875,1.125,,1009.98,0,100909,,0,0,0,,0,0,9.18732,-9.81,boundary
361,10.875,1.375,,1009.74,0,98374.4,,0,0,0,,0,0,8.95868,-9.81,boundary
362,10.875,1.625,,1009.49,0,95839,,0,0,0,,0,0,8.72989,-9.81,boundary
363,10.875,1.875,,1009.25,0,93284.4,,0,0,0,,0,0,8.49927,-9.81,boundary
364,10.875,2.125,,1009,0,90703.8,,0,0,0,,0,0,8.26619,-9.81,boundary
365,10.875,2.375,,1008.75,0,88102.1,,0,0,0,,0,0,8.03109,-9.81,boundary
366,10.875,2.625,,1008.49,0,85470.9,,0,0,0,,0,0,7.7932,-9.81,boundary
367,10.875,2.875,,1008.23,0,82807.3,,0,0,0,,0,0,7.55227,-9.81,boundary
368,10.875,3.125,,1007.97,0,80119.7,,0,0,0,,0,0,7.30905,-9.81,boundary
369,10.875,3.375,,1007.71,0,77408.7,,0,0,0,,0,0,7.06358,-9.81,boundary
370,10.875,3.625,,1007.44,0,74673.4,,0,0,0,,0,0,6.81578,-9.81,boundary
371,10.875,3.875,,1007.17,0,71916.8,,0,0,0,,0,0,6.56593,-9.81,boundary
372,10.875,4.125,,1006.9,0,69137.2,,0,0,0,,0,0,6.31386,-9.81,boundary
373,10.875,4.375,,1006.63,0,66333.8,,0,0,0,,0,0,6.0595,-9.81,boundary
374,10.875,4.625,,1006.35,0,63509.5,,0,0,0,,0,0,5.8031,-9.81,boundary
375,10.875,4.875,,1006.07,0,60664.9,,0,0,0,,0,0,5.54472,-9.81,boundary
376,10.875,5.125,,1005.79,0,57800.5,,0,0,0,,0,0,5.28439,-9.81,boundary
377,10.875,5.375,,1005.51,0,54917.4,,0,0,0,,0,0,5.02222,-9.81,boundary
378,10.875,5.625,,1005.22,0,52016.1,,0,0,0,,0,0,4.75825,-9.81,boundary
379,10.875,5.875,,1004.93,0,49096.7,,0,0,0,,0,0,4.49249,-9.81,boundary
380,10.875,6.125,,1004.64,0,46159.8,,0,0,0,,0,0,4.22498,-9.81,boundary
381,10.875,6.375,,1004.35,0,43206.3,,0,0,0,,0,0,3.9558,-9.81,boundary
382,10.875,6.625,,1004.05,0,40238.8,,0,0,0,,0,0,3.68518,-9.81,boundary
383,10.875,6.875,,1003.76,0,37258.8,,0,0,0,,0,0,3.41328,-9.81,boundary
384,10.875,7.125,,1003.46,0,34272.3,,0,0,0,,0,0,3.14061,-9.81,boundary
385,10.875,7.375,,1003.16,0,31283.4,,0,0,0,,0,0,2.86758,-9.81,boundary
386,10.875,7.625,,1002.86,0,28289.6,,0,0,0,,0,0,2.59392,-9.81,boundary
387,10.875,7.875,,1002.56,0,25288.5,,0,0,0,,0,0,2.31945,-9.81,boundary
388,10.875,8.125,,1002.25,0,22267.7,,0,0,0,,0,0,2.043,-9.81,boundary
389,10.875,8.375,,1001.95,0,19211.7,,0,0,0,,0,0,1.76316,-9.81,boundary
390,10.875,8.625,,1001.64,0,16140.2,,0,0,0,,0,0,1.48173,-9.81,boundary
391,10.875,8.875,,1001.33,0,13140,,0,0,0,,0,0,1.20667,-9.81,boundary
392,10.875,9.125,,1001.05,0,10360.2,,0,0,0,,0,0,0.951659,-9.81,boundary
393,10.875,9.375,,1000.81,0,7984.02,,0,0,0,,0,0,0.733567,-9.81,boundary
394,10.875,9.625,,1000.6,0,5878.15,,0,0,0,,0,0,0.540197,-9.81,boundary
395,10.875,9.875,,1000.4,0,3934.53,,0,0,0,,0,0,0.361651,-9.81,boundary
396,10.875,10.125,,1000.43,0,4198.63,,0,0,0,,0,0,0.385916,-9.81,boundary
397,10.875,10.375,,1000.4,0,3958.92,,0,0,0,,0,0,0.363892,-9.81,boundary
398,10.875,10.625,,1000.4,0,3941.28,,0,0,0,,0,0,0.362271,-9.81,boundary
399,10.875,10.875,,1000,0,0,,0,0,0,,0,0,0,-9.81,boundary
400,10.875,11.125,,1000,0,0,,0,0,0,,0,0,0,-9.81,boundary
401,10.875,11.375,,1000,0,0,,0,0,0,,0,0,0,-9.81,boundary
402,10.875,11.625,,1000,0,0,,0,0,0,,0,0,0,-9.81,boundary
403,10.875,11.875,,1000,0,0,,0,0,0,,0,0,0,-9.81,boundary
404,10.875,12.125,,1000,0,0,,0,0,0,,0,0,0,-9.81,boundary
405,10.875,12.375,,1000,0,0,,0,0,0,,0,0,0,-9.81,boundary
406,10.875,12.625,,1000,0,0,,0,0,0,,0,0,0,-9.81,boundary
407,10.875,12.875,,1000,0,0,,0,0,0,,0,0,0,-9.81,boundary
408,10.875,13.125,,1000,0,0,,0,0,0,,0,0,0,-9.81,boundary
409,10.875,13.375,,1000,0,0,,0,0,0,,0,0,0,-9.81,boundary
410,10.875,13.625,,1000,0,0,,0,0,0,,0,0,0,-9.81,boundary
411,10.875,13.875,,1000,0,0,,0,0,0,,0,0,0,-9.81,boundary
412,10.875,14.125,,1000,0,0,,0,0,0,,0,0,0,-9.81,boundary
413,10.875,14.375,,1000,0,0,,0,0,0,,0,0,0,-9.81,boundary
414,10.875,14.625,,1000,0,0,,0,0,0,,0,0,0,-9.81,boundary
415,10.875,14.875,,1000,0,0,,0,0,0,,0,0,0,-9.81,boundary
416,0.117098,0.206618,,1014.21,-356.393,145505,,0.158531,-0.0195698,0.159734,,-1006.74,21.5843,218.449,11.7743,fluid
417,0.120165,0.518994,,1010.88,-195.775,110245,,0.0169217,0.104957,0.106312,,-919.311,20.3001,-11.735,10.4901,fluid
418,0.119974,0.856629,,1009.91,-59.2032,100166,,0.0262472,0.300345,0.301489,,-879,9.36431,-52.2958,-0.445691,fluid
419,0.121431,1.14947,,1008.84,228.002,89042.2,,0.0541891,0.235117,0.241281,,-831.136,8.42085,-104.289,-1.38915,fluid
420,0.125472,1.42273,,1009.71,226.88,98122,,0.115758,0.126964,0.171813,,-773.996,6.57178,0.503228,-3.23822,fluid
421,0.127898,1.66338,,1009.72,226.454,98201.9,,0.0500772,-0.0817121,0.0958362,,-736.307,9.21723,24.1125,-0.592767,fluid
422,0.12842,1.89786,,1009.33,149.07,94169.5,,0.018232,-0.203259,0.204075,,-714.346,11.0448,12.1637,1.23483,fluid
423,0.129387,2.12917,,1009.02,-9.55337,90880,,-0.00552905,-0.227063,0.22713,,-692.971,12.2371,3.14144,2.42707,fluid
424,0.128796,2.3662,,1008.78,-166.519,88464,,-0.0236165,-0.154222,0.15602,,-680.5,11.9476,0.375932,2.13759,fluid
425,0.12786,2.60965,,1008.56,-254.045,86142.8,,-0.0328872,-0.0400425,0.0518167,,-668.071,11.3773,-0.063356,1.56728,fluid
426,0.128083,2.85521,,1008.31,-235.331,83547.9,,-0.030035,0.103913,0.108167,,-646.808,10.7925,0.112487,0.982476,fluid
427,0.129682,3.0975,,1008.02,-108.684,80634.4,,-0.0141463,0.21161,0.212082,,-616.659,10.049,0.176377,0.23896,fluid
428,0.131756,3.33101,,1007.73,48.8968,77586.1,,0.00617105,0.220297,0.220383,,-584.288,9.59904,0.0598716,-0.210959,fluid
429,0.133177,3.55283,,1007.45,155.109,74697.8,,0.0202776,0.163282,0.164536,,-556.809,10.0841,-0.0626429,0.27407,fluid
430,0.133663,3.76848,,1007.2,183.932,72134.4,,0.0241912,0.0775778,0.0812621,,-535.926,10.7915,-0.106298,0.981535,fluid
431,0.133449,3.98395,,1006.98,133.031,69885.9,,0.0174184,-0.00939242,0.0197893,,-520.139,11.3975,-0.0758792,1.5875,fluid
432,0.132696,4.20387,,1006.77,16.1515,67785.4,,0.00192259,-0.0527996,0.0528346,,-507.401,11.752,-0.00216486,1.94198,fluid
433,0.131632,4.43162,,1006.55,-125.219,65571.7,,-0.0165752,-0.031186,0.0353172,,-494.829,11.5408,0.0714306,1.73078,fluid
434,0.13085,4.66463,,1006.31,-220.462,63090,,-0.0288412,0.0620702,0.0684436,,-479.027,11.0933,0.105987,1.28331,fluid
435,0.130997,4.89826,,1006.04,-206.447,60344.6,,-0.0269755,0.196725,0.198566,,-457.792,10.683,0.0987569,0.873008,fluid
436,0.132054,5.12792,,1005.76,-83.4006,57458.2,,-0.0108813,0.296232,0.296432,,-432.573,10.473,0.0489729,0.663031,fluid
437,0.133009,5.35082,,1005.47,78.666,54597,,0.0107303,0.310015,0.310201,,-408.3,10.6897,-0.0581189,0.879713,fluid
438,0.13264,5.56929,,1005.21,195.082,51874.3,,0.0263718,0.232885,0.234374,,-389.373,11.4044,-0.309226,1.59444,fluid
439,0.130887,5.78932,,1004.95,210.573,49281.5,,0.0279416,0.10798,0.111537,,-375.545,12.1905,-0.879249,2.38046,fluid
440,0.128586,6.01964,,1004.7,113.631,46764.5,,0.0138151,-0.00318409,0.0141773,,-363.192,12.3071,-1.21267,2.49713,fluid
441,0.126204,6.26245,,1004.45,-35.6909,44258,,-0.00726172,-0.0310127,0.0318516,,-349.534,11.6967,-0.403279,1.8867,fluid
442,0.124406,6.51728,,1004.21,-110.644,41799.1,,-0.0198485,0.0391765,0.0439176,,-331.579,10.5964,3.00266,0.786408,fluid
443,0.12344,6.77483,,1004.08,-43.9797,40507.8,,-0.0136288,0.128285,0.129007,,-310.364,9.85848,16.4616,0.0484774,fluid
444,0.121896,7.03219,,1004.3,47.6368,42767.2,,0.019309,0.124207,0.125699,,-291.212,10.5776,58.1358,0.767573,fluid
445,0.119614,7.29811,,1004.31,53.6582,42825.5,,0.141299,-0.0266094,0.143782,,-273.113,12.6666,83.3814,2.85662,fluid
446,0.118534,7.5803,,1003.68,-81.2434,36528.6,,0.109864,-0.159084,0.193333,,-248.031,13.0871,59.0067,3.27714,fluid
447,0.120267,7.86595,,1002.74,-214.989,27134.1,,0.0214922,-0.0866015,0.0892285,,-213.746,12.2689,11.2537,2.45892,fluid
448,0.122201,8.13653,,1002.16,-150.798,21366.6,,0.0343276,0.0825144,0.0893701,,-181.362,12.1458,-6.89203,2.33577,fluid
449,0.122858,8.38868,,1001.75,36.7276,17261.2,,0.0711698,0.133358,0.15116,,-154.812,12.5708,-14.5596,2.76076,fluid
450,0.122323,8.6584,,1001.38,74.7965,13597.8,,0.0751169,-0.0528881,0.0918679,,-129.021,11.8416,-18.0106,2.03158,fluid
451,0.122997,8.91659,,1001.42,-106.244,13989.1,,0.0367825,-0.0430011,0.0565867,,-104.469,11.2517,9.10457,1.44168,fluid
452,0.12278,9.18455,,1001.27,-143.172,12521,,0.0211168,0.0648625,0.0682134,,-79.9192,11.6781,21.9309,1.86808,fluid
453,0.123072,9.43231,,1001.11,-74.0929,10940.2,,0.0218386,0.110104,0.112249,,-56.9869,12.9879,31.8074,3.17793,fluid
454,0.122167,9.7345,,1000.81,5.27561,7919.17,,0.00850415,0.0517445,0.0524387,,-32.3606,16.0157,32.4096,6.20572,fluid
455,0.146255,9.83256,,1000.35,4.22792,3397.17,,-0.00631139,0.0973773,0.0975816,,-21.0666,13.2091,2.15305,3.39908,fluid
456,0.333035,0.13075,,1011.27,83.867,114378,,-0.0127147,-0.00814689,0.0151008,,-330.225,19.3975,9.3899,9.58753,fluid
457,0.327902,0.406906,,1010.93,-87.6926,110779,,-0.0530584,-0.021169,0.0571255,,-331.43,16.8835,2.75851,7.0735,fluid
458,0.33167,0.693833,,1010.77,-186.345,109123,,-0.0658862,0.171485,0.183707,,-324.562,13.6877,0.943394,3.87765,fluid
459,0.337351,0.985433,,1010.34,-27.9922,104629,,-0.00166617,0.156831,0.15684,,-306.632,10.3849,0.342479,0.574862,fluid
460,0.351216,1.26852,,1009.9,159.74,100018,,0.0610908,0.139215,0.152029,,-281.659,9.96685,0.326881,0.156846,fluid
461,0.366082,1.53823,,1009.51,269.086,95952.6,,0.0952547,0.0254252,0.0985896,,-259.174,9.7107,0.465132,-0.0992988,fluid
462,0.375915,1.79453,,1009.21,232.023,92837.7,,0.0815987,-0.0698072,0.107384,,-244.536,9.73444,0.175483,-0.075564,fluid
463,0.379456,2.04176,,1008.98,86.131,90484.3,,0.0285351,-0.181307,0.183539,,-236.364,10.0969,-0.0285438,0.286855,fluid
464,0.381821,2.28143,,1008.79,-79.2401,88558.8,,-0.0323302,-0.190364,0.19309,,-229.938,9.88717,-0.0217356,0.0771718,fluid
465,0.385897,2.50999,,1008.61,-193.184,86656.2,,-0.0755105,-0.136514,0.156006,,-222.648,9.91663,-0.006535,0.106629,fluid
466,0.389031,2.72948,,1008.41,-232.131,84582.2,,-0.090881,-0.0334557,0.0968434,,-215.609,10.625,-0.00429849,0.814966,fluid
467,0.388924,2.94784,,1008.18,-181.175,82244,,-0.0710055,0.0772192,0.104903,,-209.674,11.3932,0.0758501,1.58317,fluid
468,0.388327,3.17129,,1007.92,-56.4098,79542.6,,-0.0225573,0.128947,0.130905,,-203.091,11.5526,0.134169,1.74265,fluid
469,0.390255,3.40037,,1007.63,76.2781,76559.5,,0.0289652,0.102182,0.106208,,-194.62,11.445,0.0729842,1.63505,fluid
470,0.393269,3.63222,,1007.34,150.875,73646.3,,0.0584387,0.0360451,0.0686609,,-185.888,11.1879,0.0140393,1.37786,fluid
471,0.394343,3.86375,,1007.09,142.087,71055,,0.0551769,-0.0387681,0.0674348,,-178.894,10.792,0.0229763,0.981958,fluid
472,0.393213,4.09366,,1006.87,57.1895,68760.2,,0.0217901,-0.0893686,0.0919867,,-173.618,10.5001,0.0568058,0.690062,fluid
473,0.392348,4.32007,,1006.65,-65.4878,66597.6,,-0.0262066,-0.081091,0.0852205,,-168.55,10.4897,0.0691714,0.679687,fluid
474,0.393107,4.54211,,1006.43,-165.379,64355.8,,-0.0653951,-0.0120206,0.0664907,,-162.628,10.7323,0.0359503,0.922326,fluid
475,0.393999,4.76097,,1006.2,-191.444,61922.2,,-0.0757687,0.0774217,0.108328,,-156.204,11.2291,-0.0089303,1.41913,fluid
476,0.393293,4.98106,,1005.93,-127.47,59232.8,,-0.0505034,0.143721,0.152337,,-149.753,11.6902,-0.0331643,1.88023,fluid
477,0.391718,5.20664,,1005.64,-0.416386,56293,,-0.000595994,0.148221,0.148222,,-142.971,11.8413,-0.0687425,2.03128,fluid
478,0.390432,5.4386,,1005.35,123.598,53315.1,,0.0478222,0.0966078,0.107796,,-135.929,11.7986,-0.101353,1.98862,fluid
479,0.388193,5.67526,,1005.08,171.236,50583.4,,0.0661683,0.0188735,0.0688073,,-129.689,11.7157,-0.0431197,1.90568,fluid
480,0.383538,5.91655,,1004.83,112.401,48078.7,,0.0430039,-0.0369278,0.0566833,,-124.672,11.4842,0.0813575,1.67415,fluid
481,0.378481,6.16056,,1004.58,-5.95578,45523.3,,-0.00243088,-0.0271634,0.0272719,,-119.614,11.3162,0.117138,1.5062,fluid
482,0.374435,6.40547,,1004.3,-83.9993,42691.6,,-0.0327376,0.0305698,0.0447913,,-113.455,11.4534,0.0730894,1.6434,fluid
483,0.369946,6.65466,,1003.98,-50.2319,39531,,-0.0233333,0.082853,0.0860759,,-106.26,11.5069,0.172151,1.69691,fluid
484,0.364455,6.91405,,1003.66,78.6031,36335.9,,0.0177621,0.0833131,0.0851854,,-98.6429,11.3436,0.69254,1.53358,fluid
485,0.359143,7.18273,,1003.38,182.43,33514.8,,0.0482694,0.0255646,0.0546213,,-91.3416,11.6203,1.6627,1.81032,fluid
486,0.356153,7.45764,,1003.11,122.301,30759.5,,0.0258629,-0.0380415,0.0460005,,-83.9103,11.9228,2.18811,2.11276,fluid
487,0.357838,7.72925,,1002.78,-43.9216,27493.3,,-0.0279044,-0.0287741,0.0400825,,-75.0156,11.9859,1.60314,2.1759,fluid
488,0.363044,7.99167,,1002.42,-102.853,23910.5,,-0.0437139,0.044089,0.0620866,,-64.9049,12.1561,0.797329,2.34612,fluid
489,0.365233,8.25125,,1002.09,-2.43008,20654.1,,-0.00376002,0.0848633,0.0849465,,-55.8406,12.2456,0.591721,2.43555,fluid
490,0.363662,8.50898,,1001.8,95.0709,17758.7,,0.0328582,0.036733,0.0492846,,-47.9421,12.472,0.803013,2.66201,fluid
491,0.365089,8.77658,,1001.48,17.3954,14621.4,,0.00296746,-0.0425952,0.0426985,,-39.0716,11.518,0.91801,1.70802,fluid
492,0.365266,9.03874,,1001.16,-70.1523,11407.3,,-0.0314866,0.0514496,0.0603197,,-30.4229,11.8609,0.771105,2.05094,fluid
493,0.368337,9.3003,,1000.84,-27.8798,8262.18,,-0.0179891,0.0816035,0.0835628,,-21.673,12.0378,0.739205,2.22781,fluid
494,0.39348,9.549,,1000.57,31.8039,5585.27,,0.00481122,0.0316399,0.0320036,,-13.6572,12.2758,0.52924,2.46584,fluid
495,0.406841,9.86932,,1000.29,-24.3045,2850.7,,-0.014071,0.116153,0.117002,,-6.74349,11.8284,0.261405,2.01841,fluid
496,0.597952,0.132163,,1010.96,68.0862,111099,,-0.00103301,-0.00694041,0.00701687,,-177.107,14.5558,6.67913,4.74583,fluid
497,0.589156,0.38451,,1010.6,-9.05635,107312,,-0.042179,-0.0266482,0.0498918,,-178.766,12.9097,1.47003,3.09969,fluid
498,0.585938,0.635388,,1010.44,-89.7843,105677,,-0.0736325,-0.0402589,0.0839197,,-178.283,11.1573,0.208359,1.34725,fluid
499,0.587447,0.886459,,1010.29,-59.1312,104063,,-0.0428341,0.0443527,0.0616597,,-175.002,11.4589,0.339393,1.64892,fluid
500,0.594624,1.14349,,1010.06,49.183,101674,,0.0221527,0.0746903,0.0779062,,-168.855,11.4414,0.431527,1.63137,fluid
501,0.608029,1.40107,,1009.82,145.456,99267.5,,0.0777698,0.0782401,0.110316,,-161.016,11.282,0.656466,1.472,fluid
502,0.621169,1.65869,,1009.55,177.403,96377.7,,0.0999454,0.0315507,0.104807,,-153.122,10.2593,0.566792,0.449298,fluid
503,0.630007,1.90946,,1009.22,122.198,93012.5,,0.070913,-0.0188956,0.0733873,,-146.115,9.70228,0.173643,-0.107722,fluid
504,0.638466,2.14866,,1008.92,21.8571,89830.7,,0.0110955,-0.0263953,0.0286325,,-139.569,9.57463,-0.114319,-0.235374,fluid
505,0.648656,2.37786,,1008.63,-64.4446,86930.3,,-0.0435703,-0.0177506,0.0470473,,-133.173,9.67506,-0.303789,-0.134942,fluid
506,0.656799,2.60071,,1008.37,-116.356,84207.3,,-0.0780681,-0.02661,0.0824786,,-127.613,10.1296,-0.468121,0.319559,fluid
507,0.658267,2.82079,,1008.14,-123.423,81794,,-0.0829626,-0.0218777,0.0857987,,-123.713,10.8226,-0.45935,1.01256,fluid
508,0.654703,3.04197,,1007.94,-78.7936,79784.7,,-0.0531306,-0.00167605,0.053157,,-121.129,11.298,-0.225212,1.48803,fluid
509,0.651351,3.26601,,1007.76,-2.63506,77937.8,,-0.00291036,0.0109088,0.0112904,,-118.683,11.5334,0.0514583,1.72338,fluid
510,0.650606,3.49361,,1007.57,61.0439,75983.7,,0.0387429,0.0126324,0.0407503,,-115.648,11.5972,0.263793,1.78716,fluid
511,0.65077,3.72585,,1007.35,81.8236,73714.7,,0.0523229,0.00903055,0.0530965,,-112.063,11.2072,0.383393,1.39719,fluid
512,0.650879,3.96036,,1007.08,52.5019,70979.3,,0.0332502,0.00969089,0.0346336,,-107.966,10.6377,0.3188,0.827747,fluid
513,0.652522,4.19263,,1006.78,-10.6437,67904.6,,-0.00791206,0.0240353,0.0253041,,-103.278,10.3927,0.0859572,0.582697,fluid
514,0.656554,4.41959,,1006.48,-73.2516,64831.2,,-0.0491574,0.0405259,0.0637087,,-98.2838,10.5519,-0.175027,0.741905,fluid
515,0.659901,4.64169,,1006.2,-102.272,61970.7,,-0.0685822,0.051717,0.0858963,,-93.6716,10.9727,-0.34116,1.16267,fluid
516,0.658357,4.86254,,1005.95,-83.2992,59444.6,,-0.0558249,0.0584616,0.0808342,,-90.0939,11.5299,-0.335816,1.7199,fluid
517,0.652452,5.08737,,1005.73,-22.1637,57202.6,,-0.0152549,0.0557462,0.0577958,,-87.3483,11.9403,-0.174567,2.1303,fluid
518,0.646167,5.31991,,1005.52,52.4037,55024,,0.0332493,0.0435054,0.0547562,,-84.6549,11.9885,0.0323133,2.17852,fluid
519,0.640714,5.56169,,1005.28,96.1712,52642.5,,0.061142,0.0216192,0.0648517,,-81.5494,11.6847,0.181224,1.87475,fluid
520,0.634821,5.81023,,1005.01,77.7022,49859.2,,0.0489656,0.00110045,0.0489779,,-77.9467,11.3054,0.202646,1.49542,fluid
521,0.629517,6.06039,,1004.7,13.1677,46721.8,,0.00812288,0.00178034,0.0083157,,-73.8217,11.2272,0.0499608,1.41719,fluid
522,0.624948,6.31084,,1004.38,-39.5588,43508.8,,-0.0247528,0.011096,0.0271261,,-69.474,11.5994,-0.157552,1.78943,fluid
523,0.617454,6.56531,,1004.07,-34.8352,40413,,-0.0226441,0.00796895,0.0240054,,-65.3706,12.0628,-0.184827,2.2528,fluid
524,0.606812,6.83037,,1003.77,29.6996,37372.9,,0.0108334,-0.013442,0.0172641,,-61.2906,12.0932,0.0670506,2.28324,fluid
525,0.598213,7.10726,,1003.46,96.5233,34314.5,,0.038811,-0.0357086,0.0527389,,-56.6536,11.6954,0.510229,1.88541,fluid
526,0.59554,7.38709,,1003.14,80.7211,31136.4,,0.0209018,-0.026205,0.0335199,,-51.3573,11.3917,0.761518,1.58172,fluid
527,0.598224,7.6618,,1002.8,4.3436,27650.1,,-0.021965,0.0154553,0.0268575,,-45.58,11.5799,0.511477,1.76987,fluid
528,0.602998,7.92941,,1002.44,-29.6852,24159.4,,-0.035425,0.0296689,0.0462079,,-39.799,12.0679,0.16866,2.2579,fluid
529,0.603384,8.20637,,1002.12,16.1827,20913.9,,-0.00407722,-0.000180298,0.0040812,,-34.4351,12.0181,0.152568,2.20811,fluid
530,0.600129,8.48619,,1001.82,65.596,17985.6,,0.0260763,0.00939132,0.0277159,,-29.4921,12.2098,0.422917,2.39984,fluid
531,0.601337,8.7795,,1001.48,4.97823,14542.7,,-0.0101605,-0.0118285,0.0155933,,-23.7203,11.6854,0.427865,1.87537,fluid
532,0.600509,9.06576,,1001.1,-47.4909,10868,,-0.0407281,0.0674036,0.0787529,,-17.8697,12.2155,0.208416,2.40553,fluid
533,0.60095,9.35499,,1000.77,-10.1925,7535.37,,-0.0160289,0.0876384,0.0890922,,-12.2754,12.1204,0.254097,2.31038,fluid
534,0.599062,9.7073,,1000.43,-4.55531,4227.82,,-0.00785595,0.0875088,0.0878607,,-6.85298,11.8083,0.201389,1.99832,fluid
535,0.671055,9.87681,,1000.28,-38.9008,2728.95,,-0.0280281,0.116966,0.120277,,-3.94527,11.6247,0.120249,1.81473,fluid
536,0.852797,0.125514,,1011,16.6526,111573,,-0.00385926,-0.00442149,0.00586886,,-126.678,11.443,2.73008,1.63297,fluid
537,0.84206,0.383224,,1010.56,-0.551691,106933,,-0.0181226,-0.015673,0.0239598,,-125.5,10.6819,0.162944,0.871906,fluid
538,0.83508,0.647106,,1010.28,-31.3044,104039,,-0.0374142,-0.0384894,0.0536773,,-123.68,10.0723,-0.361763,0.262254,fluid
539,0.838374,0.917054,,1010.13,-24.3646,102485,,-0.0273539,-0.0703542,0.0754848,,-120.982,10.2691,0.0344295,0.459056,fluid
540,0.843722,1.18118,,1009.99,13.6631,100969,,0.00440579,-0.0775762,0.0777012,,-118.024,10.6,0.463295,0.789972,fluid
541,0.853763,1.44371,,1009.83,52.6721,99290.4,,0.037566,-0.0277489,0.0467034,,-114.391,10.6341,0.775114,0.824136,fluid
542,0.866478,1.70426,,1009.57,66.5014,96626.1,,0.0527077,0.00960286,0.0535754,,-109.788,10.4572,0.670838,0.647212,fluid
543,0.879461,1.95865,,1009.22,43.558,93033.6,,0.0354302,0.0393192,0.0529273,,-104.574,10.4869,0.243574,0.676919,fluid
544,0.893246,2.20731,,1008.86,9.23907,89288.2,,0.00586903,0.0450386,0.0454194,,-99.1947,10.3403,-0.113445,0.530317,fluid
545,0.906231,2.45007,,1008.52,-17.0567,85773.2,,-0.0176081,0.0171689,0.024593,,-94.2462,10.2843,-0.397697,0.474311,fluid
546,0.914471,2.68674,,1008.23,-31.8901,82732.5,,-0.0313875,-0.025464,0.0404178,,-90.2863,10.5308,-0.554267,0.720846,fluid
547,0.916028,2.91922,,1008.01,-31.8186,80449.1,,-0.0314625,-0.0649833,0.0721992,,-87.5842,10.6633,-0.457927,0.853261,fluid
548,0.913683,3.14899,,1007.84,-16.6353,78707.3,,-0.0172155,-0.0925381,0.0941258,,-85.6488,10.7326,-0.175665,0.922598,fluid
549,0.911275,3.37777,,1007.68,0.464893,77080.3,,-0.00125165,-0.0901599,0.0901686,,-83.7928,10.8385,0.147733,1.02853,fluid
550,0.91003,3.60672,,1007.5,7.27,75284.2,,0.00506186,-0.0483582,0.0486224,,-81.7118,10.8963,0.399214,1.08627,fluid
551,0.910001,3.83543,,1007.28,2.42811,72972.6,,0.000756057,-0.000994093,0.00124894,,-79.1643,10.9108,0.44594,1.10079,fluid
552,0.911835,4.06295,,1006.99,-10.4574,70030.4,,-0.0108659,0.0343991,0.0360745,,-76.0226,11.0181,0.245938,1.20815,fluid
553,0.915684,4.2896,,1006.67,-24.0576,66780.9,,-0.0233264,0.0436545,0.0494958,,-72.5028,11.1829,-0.0561599,1.37287,fluid
554,0.919251,4.51731,,1006.36,-30.8748,63578.9,,-0.0296992,0.0224411,0.0372243,,-69.0235,11.2941,-0.296729,1.48406,fluid
555,0.919257,4.74734,,1006.08,-26.5946,60713,,-0.0257235,-0.0114073,0.0281394,,-66.0276,11.3176,-0.380823,1.50758,fluid
556,0.914579,4.97853,,1005.85,-10.3018,58356.4,,-0.0105493,-0.0357314,0.0372561,,-63.7031,11.3355,-0.266983,1.52553,fluid
557,0.907239,5.21021,,1005.65,11.5502,56332.7,,0.00951112,-0.0430158,0.0440547,,-61.7628,11.353,-0.018916,1.54305,fluid
558,0.899298,5.44278,,1005.44,27.7775,54214.6,,0.0241061,-0.0227017,0.033113,,-59.7552,11.3789,0.204261,1.56886,fluid
559,0.891598,5.67747,,1005.18,30.9599,51651.7,,0.0267805,0.0143883,0.030401,,-57.3671,11.4496,0.265765,1.63959,fluid
560,0.884889,5.91541,,1004.87,20.2979,48527.1,,0.0171907,0.0379178,0.0416327,,-54.4533,11.532,0.120363,1.72195,fluid
561,0.878763,6.15673,,1004.54,4.03668,45134.7,,0.00299983,0.036606,0.0367287,,-51.2615,11.6437,-0.131936,1.83373,fluid
562,0.870585,6.40223,,1004.23,-4.69515,41991,,-0.00418107,0.0206458,0.0210649,,-48.3099,11.813,-0.279848,2.00299,fluid
563,0.858921,6.65278,,1003.97,-0.506986,39362.5,,-0.000365545,0.00498687,0.00500025,,-45.8442,11.9548,-0.197353,2.14478,fluid
564,0.84666,6.90943,,1003.72,11.2352,36924.5,,0.00763141,0.00939241,0.0121019,,-43.4137,11.9478,0.0365502,2.13778,fluid
565,0.838046,7.17312,,1003.43,17.0526,34019,,0.00728037,0.036786,0.0374995,,-40.2573,11.7985,0.197082,1.98847,fluid
566,0.836044,7.4413,,1003.08,4.17892,30476.2,,-0.0068195,0.0669786,0.0673248,,-36.2399,11.7378,0.101039,1.92781,fluid
567,0.838463,7.71143,,1002.71,-10.0189,26816,,-0.0167122,0.0780545,0.0798235,,-31.9866,11.8905,-0.0906963,2.08046,fluid
568,0.838657,7.98465,,1002.38,-5.09851,23564.9,,-0.0102787,0.0545117,0.0554724,,-28.1024,12.0636,-0.0709392,2.25357,fluid
569,0.835651,8.26378,,1002.08,11.6742,20556.6,,0.00377287,0.0252232,0.0255038,,-24.4119,11.9328,0.136471,2.12284,fluid
570,0.833028,8.54208,,1001.78,14.075,17523.3,,0.00550635,0.0579267,0.0581878,,-20.7109,11.9674,0.287485,2.15739,fluid
571,0.834961,8.8166,,1001.42,-24.7661,13953,,-0.0263525,0.0477623,0.0545499,,-16.5745,12.0128,0.112814,2.20278,fluid
572,0.831145,9.09159,,1001.07,-43.1602,10538.3,,-0.0406735,0.0816063,0.0911807,,-12.6661,12.3079,-0.000394421,2.49791,fluid
573,0.831122,9.36846,,1000.78,-18.1181,7665.86,,-0.0183716,0.0875112,0.0894188,,-9.07949,12.0392,0.136834,2.22921,fluid
574,0.859457,9.66203,,1000.48,4.67444,4720.66,,0.0030506,0.0472778,0.0473761,,-5.382,11.8507,0.107967,2.04065,fluid
575,0.945032,9.86875,,1000.28,-35.7835,2779.95,,-0.0335154,0.1006,0.106036,,-2.83236,11.7315,0.108448,1.92147,fluid
576,1.10886,0.118387,,1011.01,-0.761737,111643,,-0.00759769,-0.00202539,0.00786302,,-99.0709,10.2081,0.515464,0.398073,fluid
577,1.08616,0.368196,,1010.64,6.83034,107741,,0.00136237,-0.00439082,0.00459732,,-98.3841,10.0117,-0.233925,0.201749,fluid
578,1.07543,0.632425,,1010.33,7.45761,104525,,0.00309145,-0.0368465,0.0369759,,-96.564,9.77596,-0.364027,-0.0340402,fluid
579,1.08368,0.889721,,1010.12,2.94691,102312,,-0.000997631,-0.0960784,0.0960836,,-93.5321,9.73451,-0.0657809,-0.0754901,fluid
580,1.09293,1.13931,,1009.94,-3.56735,100424,,-0.00871282,-0.102456,0.102826,,-90.7932,9.99344,0.187328,0.183443,fluid
581,1.10337,1.38518,,1009.75,1.03007,98443.8,,-0.0038597,-0.0806358,0.0807281,,-87.9912,10.1275,0.368887,0.317518,fluid
582,1.1164,1.6262,,1009.52,8.3613,96090.1,,0.00503264,-0.0511305,0.0513776,,-84.8718,10.4697,0.388167,0.659683,fluid
583,1.1296,1.86227,,1009.26,8.72908,93389.6,,0.00596042,-0.00968681,0.0113737,,-81.6917,10.7648,0.224731,0.954777,fluid
584,1.14259,2.09531,,1009.01,6.42863,90763,,0.00384139,0.0225237,0.0228489,,-78.6813,10.8686,0.0459821,1.05858,fluid
585,1.15452,2.32753,,1008.75,7.06066,88098.1,,0.00544958,0.0198721,0.0206058,,-75.7521,10.8374,-0.106486,1.02741,fluid
586,1.16407,2.56035,,1008.48,6.50308,85320.3,,0.00539326,-0.00108929,0.00550216,,-72.9066,10.8509,-0.228148,1.04088,fluid
587,1.16994,2.79404,,1008.23,1.41305,82779.8,,-0.000567988,-0.0206503,0.0206581,,-70.4256,10.6683,-0.24742,0.858302,fluid
588,1.17238,3.02625,,1008.01,-5.15731,80485.5,,-0.0083109,-0.0364775,0.0374123,,-68.2725,10.4944,-0.16646,0.684407,fluid
589,1.17307,3.2553,,1007.79,-11.5411,78221.8,,-0.0158909,-0.0376814,0.0408951,,-66.2122,10.5528,-0.0461449,0.74278,fluid
590,1.17329,3.48202,,1007.57,-17.0525,75919.6,,-0.0225886,-0.0227477,0.0320578,,-64.1438,10.7277,0.076909,0.917663,fluid
591,1.17345,3.7075,,1007.33,-19.8701,73514.6,,-0.0258983,-0.00494553,0.0263662,,-62.0344,10.9719,0.15794,1.16189,fluid
592,1.17371,3.93281,,1007.08,-19.2382,70906.3,,-0.0248738,0.0121111,0.0276656,,-59.8536,11.2688,0.133862,1.45875,fluid
593,1.17407,4.15972,,1006.81,-14.7397,68186.2,,-0.0191471,0.0275649,0.0335624,,-57.6519,11.4557,0.0321285,1.64575,fluid
594,1.17403,4.3898,,1006.55,-7.70954,65523.3,,-0.0103729,0.0310547,0.0327413,,-55.5138,11.4847,-0.0664234,1.67471,fluid
595,1.17256,4.6239,,1006.29,-1.92823,62929.2,,-0.00327593,0.0144774,0.0148434,,-53.4565,11.4266,-0.124098,1.61657,fluid
596,1.1688,4.86169,,1006.04,1.20408,60349.4,,0.000337026,-0.00775968,0.00776699,,-51.4525,11.3186,-0.128865,1.50862,fluid
597,1.16267,5.10229,,1005.79,2.91944,57772.3,,0.00209349,-0.0224973,0.0225945,,-49.4649,11.2749,-0.0614767,1.46494,fluid
598,1.15472,5.34603,,1005.52,3.75501,55094.6,,0.00278165,-0.0236763,0.0238392,,-47.4137,11.3393,0.036785,1.52927,fluid
599,1.14543,5.59381,,1005.24,5.14001,52237.7,,0.00431568,-0.0128317,0.013538,,-45.274,11.5002,0.0937718,1.69017,fluid
600,1.13547,5.84623,,1004.94,8.21643,49218.4,,0.00806661,-0.00055964,0.008086,,-43.0689,11.7083,0.0641838,1.89831,fluid
601,1.12553,6.10464,,1004.63,10.5786,46066.3,,0.01112,-0.00195677,0.0112908,,-40.7767,11.8262,-0.0368783,2.01622,fluid
602,1.11506,6.36922,,1004.32,8.36261,42911.4,,0.00900074,-0.0165996,0.0188828,,-38.4321,11.7858,-0.114168,1.97578,fluid
603,1.10347,6.63665,,1004.02,0.101386,39904.9,,9.23209e-05,-0.0229026,0.0229028,,-36.1031,11.6752,-0.0849445,1.86516,fluid
604,1.0924,6.90262,,1003.73,-10.0949,36967.6,,-0.0109206,-0.00561501,0.0122796,,-33.7164,11.6815,-0.00137185,1.87147,fluid
605,1.08393,7.16632,,1003.42,-15.395,33893,,-0.0165813,0.0282011,0.0327145,,-31.1353,11.8688,0.0266798,2.05885,fluid
606,1.07917,7.43146,,1003.08,-12.7366,30492.1,,-0.0137111,0.0467323,0.0487022,,-28.2222,12.0097,-0.0538472,2.19966,fluid
607,1.07763,7.70075,,1002.74,-5.84862,27071.2,,-0.00624099,0.0433607,0.0438075,,-25.1814,12.007,-0.12882,2.19701,fluid
608,1.07516,7.97409,,1002.42,-0.191403,23929,,-0.000226735,0.0354203,0.035421,,-22.2418,11.9719,-0.0394064,2.1619,fluid
609,1.07239,8.24882,,1002.11,1.19317,20789.4,,0.000918499,0.0304785,0.0304923,,-19.2445,11.8871,0.100828,2.07713,fluid
610,1.07243,8.52353,,1001.77,-1.58744,17423.1,,-0.00211133,0.0432797,0.0433312,,-16.1083,11.9012,0.109389,2.09125,fluid
611,1.07319,8.79282,,1001.41,-19.3359,13934.4,,-0.0210439,0.0370337,0.0425951,,-12.9753,12.1158,-0.00954398,2.3058,fluid
612,1.06644,9.07572,,1001.09,-33.2232,10691.6,,-0.0354987,0.0423297,0.0552445,,-10.0222,12.15,-0.00761238,2.33998,fluid
613,1.07054,9.3497,,1000.8,-18.9218,7910.53,,-0.0199697,0.0596101,0.0628662,,-7.22199,11.952,0.161382,2.14198,fluid
614,1.11562,9.64396,,1000.49,1.53053,4837.02,,0.00211531,0.0375909,0.0376503,,-4.2156,11.9325,0.118008,2.12253,fluid
615,1.20359,9.87109,,1000.29,-33.6068,2801.15,,-0.0401356,0.086067,0.0949652,,-2.1478,11.7986,0.178863,1.98857,fluid
616,1.36919,0.116102,,1010.94,0.735701,110911,,-0.00537016,-0.00121052,0.0055049,,-80.2285,9.90488,-0.100095,0.0948797,fluid
617,1.33547,0.364708,,1010.67,9.1079,108057,,0.007316,-0.00129022,0.0074289,,-80.3055,9.88968,-0.24671,0.079678,fluid
618,1.31925,0.625756,,1010.41,17.8181,105337,,0.0201261,-0.00726913,0.0213986,,-79.1781,9.88376,-0.154506,0.073756,fluid
619,1.33209,0.890492,,1010.14,14.1643,102586,,0.0152157,-0.0183437,0.0238329,,-76.2313,9.79451,0.00664022,-0.0154947,fluid
620,1.34432,1.15003,,1009.89,-0.230602,99971.8,,-0.00517726,-0.00711668,0.00880064,,-73.6217,9.81327,0.0160001,0.00327121,fluid
621,1.35723,1.40659,,1009.64,-5.2003,97398.3,,-0.0119876,-0.00264707,0.0122763,,-71.0482,10.0085,0.0288582,0.198522,fluid
622,1.372,1.65993,,1009.4,-3.6087,94830.8,,-0.00961731,-0.000244144,0.00962041,,-68.4412,10.4409,0.0341292,0.630887,fluid
623,1.38596,1.91237,,1009.16,-1.72571,92377,,-0.00710017,0.0021975,0.00743245,,-66.0324,10.6037,0.0143611,0.793678,fluid
624,1.39841,2.16368,,1008.93,2.9543,89969.7,,0.000108161,0.000855758,0.000862567,,-63.7625,10.6209,0.00514984,0.810917,fluid
625,1.40886,2.41264,,1008.69,7.08764,87488.2,,0.00681426,-0.000295545,0.00682066,,-61.5796,10.719,-0.0157652,0.90905,fluid
626,1.41723,2.65915,,1008.45,5.3174,85034.4,,0.00459517,0.00343974,0.00573999,,-59.5251,10.6659,-0.0272269,0.855908,fluid
627,1.42363,2.90204,,1008.2,-0.0971059,82463.3,,-0.00295363,0.00215555,0.00365655,,-57.4847,10.5459,-0.0311335,0.735877,fluid
628,1.4284,3.14015,,1007.93,-6.3087,79661.4,,-0.0118167,0.00219237,0.0120183,,-55.3881,10.583,-0.0572966,0.773005,fluid
629,1.43193,3.37406,,1007.66,-11.9722,76851.4,,-0.020082,0.00562588,0.0208552,,-53.3272,10.6659,-0.0652471,0.855927,fluid
630,1.43433,3.60455,,1007.4,-15.4161,74189.5,,-0.0249519,0.00705587,0.0259303,,-51.3894,10.7755,-0.0448514,0.965522,fluid
631,1.43562,3.83257,,1007.15,-16.111,71666.5,,-0.0256967,0.00622152,0.0264391,,-49.5954,10.9795,-0.029673,1.16947,fluid
632,1.43575,4.05961,,1006.92,-14.3151,69275.4,,-0.0228652,0.00624633,0.0237031,,-47.9405,11.1412,-0.0217682,1.33119,fluid
633,1.43456,4.28672,,1006.69,-10.009,66937.2,,-0.0163371,0.00779764,0.0181026,,-46.3584,11.2076,-0.00776406,1.39764,fluid
634,1.43196,4.5142,,1006.45,-4.78997,64525.2,,-0.00849651,0.0139432,0.016328,,-44.7652,11.2489,0.00657694,1.43893,fluid
635,1.42797,4.74229,,1006.2,-0.521555,61965.7,,-0.00225789,0.024926,0.025028,,-43.1226,11.2652,0.00443087,1.45518,fluid
636,1.42246,4.97117,,1005.93,2.70899,59256.5,,0.00232626,0.0337035,0.0337837,,-41.4265,11.2543,-0.0144041,1.44432,fluid
637,1.4152,5.20069,,1005.66,4.43841,56474.9,,0.00469206,0.0330683,0.0333995,,-39.7159,11.3111,-0.0344698,1.50106,fluid
638,1.40607,5.43148,,1005.39,4.72452,53702.8,,0.00498661,0.0251798,0.0256688,,-38.0279,11.4397,-0.0390326,1.62966,fluid
639,1.39512,5.66473,,1005.12,5.44318,51005.9,,0.0060256,0.0173716,0.018387,,-36.3969,11.5857,-0.02279,1.77573,fluid
640,1.38293,5.90193,,1004.86,7.49047,48387.7,,0.00912253,0.0113106,0.014531,,-34.8085,11.6986,0.0115122,1.88862,fluid
641,1.37059,6.14375,,1004.6,8.75237,45775.8,,0.0111935,0.00961456,0.0147558,,-33.2034,11.7332,0.042181,1.92315,fluid
642,1.35927,6.39016,,1004.33,5.67212,43019.3,,0.00719039,0.00465102,0.00856351,,-31.4722,11.6977,0.0403659,1.88768,fluid
643,1.34917,6.63987,,1004.03,-2.97841,40032.8,,-0.00445812,0.000325006,0.00446995,,-29.5417,11.6936,0.011363,1.88357,fluid
644,1.34022,6.89234,,1003.72,-12.0757,36874.9,,-0.0165518,0.000638356,0.0165641,,-27.4327,11.7592,-0.0205101,1.94915,fluid
645,1.33203,7.1477,,1003.4,-15.0168,33740.7,,-0.0201253,0.00194617,0.0202192,,-25.2737,11.8932,-0.0294661,2.08324,fluid
646,1.32447,7.40712,,1003.1,-10.5531,30705,,-0.0137402,0.00628429,0.0151091,,-23.1216,12.0221,-0.0103207,2.21214,fluid
647,1.31873,7.67336,,1002.79,-5.5849,27602.6,,-0.00693451,0.000246568,0.00693889,,-20.8775,11.9705,-0.00447184,2.1605,fluid
648,1.31383,7.94508,,1002.47,-4.11168,24436.8,,-0.00503886,0.0117832,0.0128154,,-18.528,11.9351,0.0257829,2.12506,fluid
649,1.31024,8.22066,,1002.14,-1.41266,21107.5,,-0.00168054,0.0240455,0.0241041,,-16.0008,11.9487,0.0744232,2.13866,fluid
650,1.31029,8.5,,1001.78,0.00626102,17540.5,,0.000181842,0.017806,0.017807,,-13.3324,11.9446,0.030555,2.1346,fluid
651,1.30897,8.77658,,1001.43,-11.9463,14096.9,,-0.0153624,0.017697,0.0234347,,-10.7847,12.0765,-0.0306304,2.26652,fluid
652,1.30207,9.06214,,1001.12,-26.4406,10976.6,,-0.0341616,0.0178669,0.0385518,,-8.36863,12.0283,0.0520806,2.21833,fluid
653,1.30821,9.34078,,1000.82,-19.7692,8030.59,,-0.0255298,0.0480901,0.0544466,,-5.93675,11.9688,0.196844,2.15885,fluid
654,1.3603,9.64297,,1000.49,-2.98654,4799.08,,-0.00375835,0.0356773,0.0358747,,-3.36789,11.971,0.158356,2.16104,fluid
655,1.46492,9.86891,,1000.29,-27.8968,2849.16,,-0.0407054,0.0679382,0.0791993,,-1.72204,11.8629,0.22233,2.05291,fluid
656,1.62421,0.116862,,1010.88,3.22496,110332,,-0.00152164,-0.00164588,0.0022415,,-67.3125,9.86153,-0.114465,0.051533,fluid
657,1.58484,0.366103,,1010.66,7.13559,107968,,0.00598936,-0.00218346,0.00637495,,-67.6043,9.89608,-0.197228,0.0860793,fluid
658,1.56315,0.622004,,1010.46,11.3741,105916,,0.0137008,0.00518102,0.0146477,,-67.0986,10.048,-0.0421745,0.237964,fluid
659,1.57735,0.881742,,1010.22,8.28377,103429,,0.00861274,-0.00156914,0.00875451,,-64.8191,9.95413,0.0884379,0.144131,fluid
660,1.59027,1.13648,,1009.94,0.599321,100514,,-0.00426094,-0.00503574,0.00659654,,-62.5934,9.93963,-0.0102839,0.129625,fluid
661,1.60331,1.38805,,1009.66,-0.480384,97582.3,,-0.00571251,-0.0131814,0.014366,,-60.3699,10.0651,-0.0894208,0.255079,fluid
662,1.61811,1.63618,,1009.41,1.97764,94928.9,,-0.00145598,-0.0208779,0.0209286,,-58.1922,10.2524,-0.0722008,0.442443,fluid
663,1.63163,1.88127,,1009.18,2.89697,92607.5,,3.77208e-06,-0.0331089,0.0331089,,-56.2663,10.3699,-0.025023,0.559946,fluid
664,1.64408,2.12457,,1008.96,4.65135,90270.2,,0.00313498,-0.0481472,0.0482492,,-54.4139,10.4635,0.00486851,0.653479,fluid
665,1.6555,2.36582,,1008.72,5.58896,87864.9,,0.00489362,-0.0539255,0.0541471,,-52.6058,10.5398,0.00974731,0.729822,fluid
666,1.66599,2.60452,,1008.5,3.36627,85492.3,,0.00127586,-0.0541123,0.0541273,,-50.8677,10.523,0.0161961,0.71296,fluid
667,1.67531,2.83979,,1008.25,-0.118361,83003.4,,-0.00422301,-0.0546827,0.0548456,,-49.1352,10.5669,0.00430399,0.756873,fluid
668,1.68302,3.07203,,1008,-3.322,80371.1,,-0.00927297,-0.0556692,0.0564362,,-47.413,10.6704,-0.0379367,0.860371,fluid
669,1.68896,3.30225,,1007.75,-6.35076,77773.1,,-0.0141593,-0.0600902,0.0617359,,-45.7584,10.747,-0.0644157,0.937042,fluid
670,1.69312,3.53131,,1007.5,-8.74202,75211.7,,-0.0178864,-0.068757,0.0710454,,-44.1548,10.795,-0.0633222,0.984956,fluid
671,1.69564,3.75956,,1007.25,-10.2525,72664.5,,-0.0201315,-0.0737787,0.0764759,,-42.6007,10.8791,-0.0554886,1.06911,fluid
672,1.69656,3.98759,,1007.01,-10.8915,70188.9,,-0.0211091,-0.0741826,0.0771275,,-41.1284,10.9606,-0.044931,1.15062,fluid
673,1.69568,4.21601,,1006.77,-10.2096,67737.5,,-0.0199118,-0.072932,0.0756013,,-39.7097,11.045,-0.0309711,1.23499,fluid
674,1.69292,4.44577,,1006.52,-8.17237,65214.3,,-0.0164072,-0.0693979,0.071311,,-38.2951,11.1553,-0.0228155,1.34535,fluid
675,1.68821,4.67805,,1006.26,-5.0943,62589,,-0.0111464,-0.063401,0.0643734,,-36.8649,11.2614,-0.0213731,1.45145,fluid
676,1.6814,4.91385,,1005.99,-0.907827,59825.8,,-0.00390138,-0.0581466,0.0582773,,-35.3944,11.334,-0.0254213,1.52397,fluid
677,1.67246,5.15372,,1005.7,3.60014,56923,,0.00397706,-0.0524306,0.0525812,,-33.8766,11.3965,-0.0342749,1.58654,fluid
678,1.66153,5.39755,,1005.42,6.51063,54013.3,,0.00905003,-0.0445284,0.0454388,,-32.3705,11.4543,-0.0375587,1.64435,fluid
679,1.64904,5.64497,,1005.14,7.11776,51192.3,,0.0101555,-0.0387495,0.0400581,,-30.9086,11.4886,-0.0235406,1.67863,fluid
680,1.6357,5.89473,,1004.87,6.06461,48434.2,,0.00848218,-0.0342552,0.0352898,,-29.4564,11.549,0.0109151,1.73896,fluid
681,1.62243,6.14619,,1004.59,4.22867,45629.6,,0.00557663,-0.0246922,0.0253141,,-27.9465,11.6101,0.049274,1.80015,fluid
682,1.61029,6.39883,,1004.3,1.55418,42689.5,,0.00145217,-0.0101611,0.0102643,,-26.3396,11.6775,0.0575016,1.86754,fluid
683,1.59969,6.6524,,1003.99,-2.50562,39605.6,,-0.00483965,0.000108519,0.00484087,,-24.6395,11.7567,0.0204908,1.94671,fluid
684,1.59004,6.90694,,1003.68,-6.77451,36484.4,,-0.0113725,0.00221273,0.0115857,,-22.8798,11.8354,-0.0183087,2.02539,fluid
685,1.5805,7.16343,,1003.37,-9.03884,33441,,-0.0145799,-0.00140157,0.0146471,,-21.1004,11.8889,-0.0130299,2.07893,fluid
686,1.57074,7.42236,,1003.08,-9.37092,30528.8,,-0.0146993,0.0014804,0.0147736,,-19.3389,11.9445,0.0371973,2.13449,fluid
687,1.56177,7.68501,,1002.78,-9.07769,27502.9,,-0.0140885,0.0108368,0.0177742,,-17.5023,11.9842,0.0589756,2.17424,fluid
688,1.5538,7.95325,,1002.46,-7.75243,24275.7,,-0.012001,0.0198242,0.0231738,,-15.5322,11.9801,0.0529785,2.17008,fluid
689,1.54752,8.22485,,1002.13,-2.12317,21025.5,,-0.00312616,0.0325901,0.0327397,,-13.4835,12.0546,0.0741854,2.24456,fluid
690,1.54527,8.50343,,1001.78,1.37744,17567.4,,0.00242876,0.0208772,0.021018,,-11.306,12.013,0.0422971,2.20301,fluid
691,1.54296,8.78017,,1001.44,-9.58679,14180.8,,-0.0145049,0.0233401,0.02748,,-9.18025,12.0422,-0.00283792,2.23222,fluid
692,1.53615,9.06449,,1001.12,-23.6781,11007.8,,-0.0362044,0.0224231,0.0425858,,-7.07531,12.0312,0.0825202,2.22115,fluid
693,1.54541,9.33846,,1000.81,-19.1043,7992.45,,-0.0293266,0.0454749,0.0541111,,-4.95989,12.0269,0.207634,2.2169,fluid
694,1.6063,9.63794,,1000.49,-4.69774,4826.94,,-0.00736238,0.0292978,0.0302087,,-2.81355,12.011,0.189977,2.20102,fluid
695,1.72757,9.86447,,1000.29,-19.7638,2889.38,,-0.0340762,0.0474362,0.0584071,,-1.41954,11.9187,0.252476,2.10873,fluid
696,1.87758,0.115497,,1010.87,3.93906,110206,,-3.41719e-05,-0.00205831,0.00205859,,-58.1209,9.85792,-0.0562864,0.0479167,fluid
697,1.83509,0.365234,,1010.64,6.59315,107754,,0.005872,-0.00276713,0.00649133,,-58.2688,9.90481,-0.168584,0.0948054,fluid
698,1.81099,0.619241,,1010.45,7.07153,105778,,0.00749169,-0.000527834,0.00751026,,-57.8254,10.0097,-0.0206031,0.199682,fluid
699,1.82589,0.875478,,1010.22,4.87865,103397,,0.00339673,0.000294977,0.00340951,,-55.9512,10.0995,0.104018,0.289458,fluid
700,1.83845,1.12949,,1009.95,2.50993,100577,,-0.00118768,0.00764542,0.00773712,,-54.175,10.1573,-0.00656578,0.347299,fluid
701,1.85175,1.3835,,1009.68,4.3979,97770.2,,0.00273272,0.00492609,0.00563331,,-52.3876,10.2905,-0.0951807,0.480535,fluid
702,1.86693,1.63696,,1009.43,6.67682,95173,,0.00722939,-0.00246203,0.00763713,,-50.5763,10.3137,-0.0742328,0.503716,fluid
703,1.88081,1.88896,,1009.19,6.87723,92638.1,,0.00777632,-0.00460462,0.00903734,,-48.8355,10.3301,-0.0296325,0.520116,fluid
704,1.89409,2.13891,,1008.94,6.38018,90063.3,,0.00714021,-0.00176169,0.00735432,,-47.1369,10.417,-0.00847803,0.607031,fluid
705,1.907,2.38618,,1008.69,4.90429,87512.3,,0.00448092,0.0026111,0.00518619,,-45.4959,10.5218,-0.00116585,0.711806,fluid
706,1.91931,2.63074,,1008.44,3.09635,84917.8,,0.00120427,0.00454574,0.00470255,,-43.8753,10.6091,-0.00173909,0.799065,fluid
707,1.93046,2.87249,,1008.18,1.90386,82238.1,,-0.000755435,0.00622531,0.00627098,,-42.2821,10.7232,-0.0275054,0.91317,fluid
708,1.93978,3.11141,,1007.93,0.367749,79644.4,,-0.00336054,0.00709071,0.00784674,,-40.7852,10.8004,-0.0496006,0.990366,fluid
709,1.94708,3.3473,,1007.69,-2.23031,77190.6,,-0.00799731,0.00607254,0.0100416,,-39.387,10.8538,-0.0452473,1.04384,fluid
710,1.95247,3.5802,,1007.45,-4.91896,74726.7,,-0.0129288,0.00386029,0.0134928,,-38.0353,10.9281,-0.0454127,1.11808,fluid
711,1.9559,3.81068,,1007.2,-6.7005,72209.3,,-0.0162963,0.00267353,0.0165142,,-36.7131,10.9964,-0.0583274,1.18644,fluid
712,1.95701,4.03952,,1006.95,-7.06893,69662.7,,-0.0169238,-0.00125656,0.0169704,,-35.4135,11.0642,-0.0629401,1.25417,fluid
713,1.95547,4.26759,,1006.7,-6.19478,67072.6,,-0.0150601,-0.00704227,0.0166253,,-34.1318,11.1506,-0.0600951,1.34064,fluid
714,1.95118,4.49585,,1006.45,-4.70987,64472.7,,-0.0120044,-0.0129791,0.0176795,,-32.8856,11.2431,-0.0542556,1.43311,fluid
715,1.94425,4.72526,,1006.19,-2.99503,61904.6,,-0.00847552,-0.0188809,0.020696,,-31.6851,11.3291,-0.0412183,1.51911,fluid
716,1.93488,4.95666,,1005.94,-1.14077,59341.3,,-0.00461256,-0.0234799,0.0239287,,-30.5148,11.4154,-0.0267749,1.60544,fluid
717,1.92353,5.1909,,1005.69,0.632071,56737.2,,-0.000933514,-0.0252066,0.0252239,,-29.3463,11.4869,-0.0167649,1.67689,fluid
718,1.91077,5.42863,,1005.42,1.80848,54067.9,,0.00154096,-0.0255024,0.0255489,,-28.1475,11.5192,-0.00383417,1.70922,fluid
719,1.89731,5.66964,,1005.15,1.91447,51295.4,,0.00192486,-0.0249906,0.0250646,,-26.8889,11.5419,0.00844388,1.73194,fluid
720,1.88391,5.91353,,1004.87,0.708263,48441.8,,-0.000259571,-0.0210182,0.0210199,,-25.5728,11.5902,0.0160432,1.78024,fluid
721,1.87113,6.16004,,1004.58,-1.21705,45538.8,,-0.00380754,-0.017386,0.017798,,-24.2061,11.6579,0.0206448,1.84791,fluid
722,1.85927,6.4091,,1004.28,-2.78841,42576.9,,-0.00652134,-0.012575,0.0141654,,-22.7819,11.7376,0.020276,1.92756,fluid
723,1.84838,6.66108,,1003.98,-3.83388,39557.3,,-0.00809518,-0.00907371,0.0121599,,-21.303,11.7979,0.0131439,1.98786,fluid
724,1.83813,6.91564,,1003.68,-5.27454,36515.7,,-0.0104046,-0.00813356,0.0132065,,-19.786,11.8411,0.00678581,2.0311,fluid
725,1.82805,7.17229,,1003.38,-7.29511,33474.4,,-0.0138531,-0.00572585,0.0149898,,-18.2353,11.8807,0.0145646,2.07072,fluid
726,1.81773,7.43133,,1003.07,-9.66527,30407.4,,-0.0179616,-0.00572836,0.018853,,-16.6443,11.9044,0.0328182,2.09438,fluid
727,1.80679,7.69219,,1002.76,-11.0363,27324.1,,-0.0202214,0.00763326,0.0216141,,-15.0294,12.0022,0.0519809,2.19225,fluid
728,1.79587,7.95836,,1002.44,-9.04639,24132.4,,-0.0164327,0.0109404,0.0197415,,-13.3428,12.015,0.0622563,2.20498,fluid
729,1.78653,8.22868,,1002.12,-3.32807,20964.5,,-0.00590286,0.0249369,0.025626,,-11.6209,12.0675,0.0889642,2.25749,fluid
730,1.78178,8.50531,,1001.79,0.561495,17620.4,,0.00116223,0.0230091,0.0230384,,-9.79466,12.0509,0.0769424,2.24091,fluid
731,1.77891,8.78205,,1001.44,-7.30466,14173.3,,-0.012876,0.0262716,0.0292573,,-7.93034,12.0296,0.0255949,2.21965,fluid
732,1.77319,9.06357,,1001.11,-19.0853,10921.8,,-0.0338044,0.0228572,0.0408067,,-6.06892,12.0763,0.0836953,2.26626,fluid
733,1.78416,9.33636,,1000.81,-16.1207,7959.49,,-0.0286796,0.0369656,0.0467865,,-4.24778,12.0607,0.209819,2.25067,fluid
734,1.85342,9.63216,,1000.49,-4.99653,4862.58,,-0.00914827,0.0217579,0.0236029,,-2.41612,12.0569,0.206145,2.24687,fluid
735,1.98878,9.85973,,1000.3,-11.3601,2926.11,,-0.022566,0.0275892,0.0356425,,-1.19512,11.9793,0.275751,2.1693,fluid
736,2.13015,0.116794,,1010.88,3.54482,110276,,-0.000836649,-0.00254212,0.00267625,,-51.2498,9.85966,-0.0376966,0.0496611,fluid
737,2.08492,0.365697,,1010.63,6.34229,107655,,0.00647509,-0.00257751,0.00696924,,-51.2271,9.91113,-0.135081,0.101133,fluid
738,2.0605,0.61812,,1010.43,4.99874,105542,,0.00416255,-0.0024425,0.00482624,,-50.7336,10.0402,-0.0404984,0.230204,fluid
739,2.0759,0.872133,,1010.2,2.76326,103220,,-0.000763796,-0.000597049,0.000969459,,-49.1772,10.1133,0.0435103,0.303289,fluid
740,2.08659,1.12485,,1009.95,2.46184,100586,,-0.00143553,0.000193907,0.00144857,,-47.7674,10.1804,-0.0366646,0.370355,fluid
741,2.09842,1.37794,,1009.71,4.55873,98040.6,,0.003569,-0.00012456,0.00357117,,-46.3357,10.2684,-0.06375,0.458359,fluid
742,2.11319,1.63001,,1009.48,5.25412,95634.2,,0.00534847,-0.00428902,0.00685578,,-44.8548,10.2987,-0.0237602,0.488697,fluid
743,2.12705,1.88047,,1009.23,4.5714,93066.9,,0.0039724,-0.00561065,0.00687454,,-43.3707,10.3364,-0.0168571,0.526425,fluid
744,2.1409,2.12929,,1008.97,4.01458,90388.1,,0.00298437,-0.00571673,0.00644883,,-41.8707,10.4024,-0.0263336,0.592399,fluid
745,2.15463,2.37586,,1008.71,3.29,87738.8,,0.00173337,-0.00522547,0.00550547,,-40.3955,10.4727,-0.0262857,0.662662,fluid
746,2.16783,2.62017,,1008.46,2.52094,85090.5,,0.000407387,-0.00645697,0.0064698,,-38.9502,10.5749,-0.0278836,0.76491,fluid
747,2.18014,2.86237,,1008.2,1.85291,82464,,-0.000750061,-0.00773552,0.0077718,,-37.5557,10.6658,-0.0382926,0.85584,fluid
748,2.19125,3.10236,,1007.95,0.555503,79917.1,,-0.00328906,-0.0109394,0.0114232,,-36.2243,10.7251,-0.0410596,0.915078,fluid
749,2.20085,3.33981,,1007.71,-1.17103,77371.6,,-0.00680214,-0.013805,0.0153898,,-34.926,10.7876,-0.03952,0.977647,fluid
750,2.20845,3.57475,,1007.45,-2.50687,74782.3,,-0.00959468,-0.0164839,0.0190729,,-33.6633,10.8676,-0.0519878,1.05761,fluid
751,2.2135,3.80784,,1007.2,-2.94957,72175.9,,-0.0104249,-0.0213751,0.0237818,,-32.4415,10.9412,-0.0674726,1.13117,fluid
752,2.2155,4.03981,,1006.94,-2.40112,69560,,-0.0089463,-0.0281485,0.029536,,-31.2502,11.0254,-0.0697851,1.21543,fluid
753,2.21416,4.27155,,1006.69,-1.26115,66929.4,,-0.00615195,-0.0348897,0.0354279,,-30.0924,11.1094,-0.0652585,1.29937,fluid
754,2.20949,4.50379,,1006.43,-0.116223,64301.9,,-0.00339325,-0.0406061,0.0407476,,-28.9742,11.1822,-0.0575276,1.37215,fluid
755,2.20173,4.73706,,1006.17,0.706424,61685.5,,-0.00135989,-0.0446253,0.044646,,-27.8888,11.2523,-0.0439014,1.44234,fluid
756,2.19122,4.97181,,1005.92,1.06762,59066.4,,-0.000359936,-0.0464076,0.046409,,-26.8249,11.3248,-0.0274627,1.51484,fluid
757,2.17852,5.20833,,1005.66,0.902591,56442.2,,-0.000520707,-0.0445723,0.0445753,,-25.7726,11.396,-0.00984333,1.58602,fluid
758,2.16449,5.44688,,1005.39,0.456498,53771.3,,-0.00126812,-0.0407309,0.0407507,,-24.7022,11.4706,0.00703946,1.66057,fluid
759,2.14998,5.68774,,1005.12,-0.212595,51003,,-0.00247791,-0.0347563,0.0348445,,-23.5873,11.5431,0.0143418,1.73308,fluid
760,2.13571,5.9311,,1004.84,-1.18796,48146.7,,-0.00432866,-0.028434,0.0287616,,-22.4217,11.6064,0.0133859,1.79643,fluid
761,2.1221,6.17684,,1004.55,-2.37178,45247.6,,-0.00660142,-0.0230505,0.0239771,,-21.2145,11.6707,0.0110769,1.86071,fluid
762,2.10935,6.42491,,1004.26,-3.41992,42336.6,,-0.00854526,-0.0190049,0.0208377,,-19.9733,11.7364,0.0124941,1.92638,fluid
763,2.0975,6.67525,,1003.97,-4.20874,39405.9,,-0.00990436,-0.016024,0.0188378,,-18.6941,11.798,0.0186257,1.98805,fluid
764,2.08646,6.92811,,1003.67,-5.16066,36424.7,,-0.0116242,-0.0130295,0.0174611,,-17.3716,11.839,0.0222317,2.02899,fluid
765,2.07591,7.1831,,1003.37,-6.82131,33374.3,,-0.0148543,-0.010083,0.0179532,,-15.9996,11.8814,0.0233923,2.07141,fluid
766,2.06523,7.43983,,1003.06,-9.0152,30251.7,,-0.0191811,-0.00793984,0.0207595,,-14.5842,11.925,0.019263,2.11497,fluid
767,2.05309,7.69865,,1002.75,-11.0295,27170.6,,-0.0230282,-0.00303359,0.0232272,,-13.1631,11.9878,0.0347098,2.17783,fluid
768,2.03966,7.96123,,1002.44,-10.2556,24105.3,,-0.0211443,0.00402453,0.0215239,,-11.7184,12.0442,0.0711287,2.23419,fluid
769,2.02747,8.22936,,1002.12,-5.71402,20962.3,,-0.0116799,0.0123726,0.0170147,,-10.2203,12.0358,0.096977,2.22577,fluid
770,2.01987,8.50278,,1001.79,-1.41055,17666.1,,-0.00284818,0.0208019,0.020996,,-8.64016,12.0862,0.0903581,2.2762,fluid
771,2.01586,8.77866,,1001.44,-5.20269,14204.2,,-0.0104547,0.0201857,0.0227325,,-6.99015,12.0474,0.0459357,2.23739,fluid
772,2.01096,9.05927,,1001.11,-14.4945,10912.8,,-0.0291552,0.0175534,0.0340315,,-5.3393,12.1122,0.0813482,2.30216,fluid
773,2.02387,9.33221,,1000.81,-13.0391,7994.94,,-0.0263744,0.026634,0.0374831,,-3.74104,12.0779,0.206082,2.2679,fluid
774,2.10214,9.62516,,1000.5,-4.4525,4897.47,,-0.00927617,0.0139973,0.016792,,-2.12166,12.1083,0.206932,2.2983,fluid
775,2.24911,9.85467,,1000.3,-4.0984,2966.1,,-0.00920592,0.0111668,0.0144723,,-1.02799,12.0506,0.290397,2.24056,fluid
776,2.38238,0.116461,,1010.89,2.98619,110341,,-0.00232334,-0.0025678,0.00346287,,-45.8551,9.86186,-0.0384183,0.0518603,fluid
777,2.33515,0.365126,,1010.63,6.02928,107649,,0.00685086,-0.00247754,0.00728509,,-45.7287,9.91673,-0.113887,0.106732,fluid
778,2.31049,0.616257,,1010.42,3.67584,105499,,0.00187545,-0.00148133,0.00238991,,-45.2413,10.0435,-0.0513497,0.233487,fluid
779,2.32607,0.869148,,1010.2,1.92935,103154,,-0.00258176,-0.00341116,0.00427802,,-43.8915,10.0734,0.00752058,0.263376,fluid
780,2.33511,1.12072,,1009.95,2.56424,100564,,-0.00108517,-0.0027491,0.00295553,,-42.6928,10.1658,-0.0509148,0.355828,fluid
781,2.34605,1.37286,,1009.71,4.31909,98103.4,,0.00353629,-0.00293334,0.00459454,,-41.4617,10.2476,-0.0475024,0.437627,fluid
782,2.3608,1.62407,,1009.48,4.6486,95679.5,,0.00457497,-0.00277317,0.00534985,,-40.1536,10.2936,-0.00581151,0.483618,fluid
783,2.37457,1.87387,,1009.23,3.8213,93094.4,,0.00270256,-0.00106848,0.00290611,,-38.8624,10.364,-0.0161173,0.553981,fluid
784,2.38866,2.12238,,1008.98,3.35623,90458.1,,0.00183283,0.00138137,0.00229509,,-37.5673,10.449,-0.0342784,0.638981,fluid
785,2.40282,2.36946,,1008.72,3.11074,87840.2,,0.00163529,0.000714082,0.0017844,,-36.2777,10.5194,-0.0367431,0.709449,fluid
786,2.41656,2.61501,,1008.47,2.85859,85197.5,,0.00137168,0.000491423,0.00145705,,-34.9972,10.6001,-0.0375015,0.790091,fluid
787,2.42972,2.85886,,1008.21,2.27763,82588.9,,0.000276654,0.00067809,0.000732355,,-33.7487,10.6552,-0.0344588,0.845231,fluid
788,2.44209,3.1006,,1007.96,1.34779,79990,,-0.0016373,-0.000606331,0.00174596,,-32.5267,10.7297,-0.0307123,0.919682,fluid
789,2.45315,3.3403,,1007.7,0.680591,77332.6,,-0.00306824,-0.00291149,0.00422977,,-31.3256,10.8147,-0.042658,1.0047,fluid
790,2.46196,3.57831,,1007.44,0.62368,74661.5,,-0.0030567,-0.00757918,0.00817236,,-30.1635,10.8931,-0.0615325,1.08307,fluid
791,2.46782,3.81499,,1007.18,1.07542,72017.7,,-0.0016701,-0.0151241,0.0152161,,-29.0458,10.9712,-0.0711907,1.16115,fluid
792,2.47024,4.05075,,1006.93,1.64362,69402.4,,3.68642e-05,-0.0234039,0.0234039,,-27.9714,11.0515,-0.0693108,1.24152,fluid
793,2.46903,4.28596,,1006.68,1.93037,66813.7,,0.000986806,-0.0309949,0.0310106,,-26.9433,11.1212,-0.0620913,1.31121,fluid
794,2.46432,4.52094,,1006.42,1.81459,64225.5,,0.000940936,-0.0373871,0.0373989,,-25.9482,11.1868,-0.0523151,1.37681,fluid
795,2.45642,4.75605,,1006.16,1.39982,61605.2,,0.000166108,-0.0416937,0.041694,,-24.9664,11.2564,-0.0408427,1.44637,fluid
796,2.44576,4.99171,,1005.9,0.762568,58944.6,,-0.0011852,-0.0437359,0.043752,,-23.99,11.3263,-0.0306437,1.51631,fluid
797,2.43292,5.22838,,1005.64,-0.0460357,56246.9,,-0.00292966,-0.0442122,0.0443092,,-23.01,11.3922,-0.0204393,1.58221,fluid
798,2.41863,5.46636,,1005.37,-1.00068,53518.4,,-0.00497126,-0.0423911,0.0426816,,-22.0193,11.4708,-0.00984532,1.66078,fluid
799,2.40366,5.70616,,1005.1,-2.00011,50755.5,,-0.00708547,-0.039223,0.0398578,,-21.0108,11.5481,-0.0018553,1.73808,fluid
800,2.38872,5.9481,,1004.82,-2.87953,47947.3,,-0.00886326,-0.0353165,0.0364117,,-19.9722,11.6198,0.00388848,1.80977,fluid
801,2.37432,6.1925,,1004.53,-3.5737,45086,,-0.0101724,-0.031146,0.0327651,,-18.895,11.6822,0.00823643,1.87218,fluid
802,2.36069,6.43947,,1004.25,-4.17708,42182.5,,-0.0112914,-0.0268945,0.0291687,,-17.78,11.7391,0.0131722,1.9291,fluid
803,2.34796,6.68893,,1003.95,-4.73516,39241.7,,-0.0123388,-0.0220873,0.0253001,,-16.6287,11.7934,0.018563,1.98337,fluid
804,2.33611,6.94067,,1003.66,-5.43585,36260.7,,-0.0136766,-0.016961,0.0217882,,-15.4429,11.8377,0.0223134,2.02769,fluid
805,2.325,7.19434,,1003.35,-6.61843,33220.6,,-0.0161451,-0.0147751,0.0218854,,-14.2195,11.8957,0.0212366,2.08571,fluid
806,2.31373,7.44976,,1003.04,-8.28627,30127.9,,-0.0197225,-0.00942965,0.0218608,,-12.964,11.9438,0.0179045,2.13375,fluid
807,2.30074,7.70731,,1002.73,-10.525,27033.9,,-0.0245929,-0.00964277,0.0264157,,-11.691,11.9725,0.0271105,2.16253,fluid
808,2.28549,7.96694,,1002.43,-11.189,24021.1,,-0.0258157,0.00203433,0.0258957,,-10.4176,12.057,0.0671592,2.24702,fluid
809,2.27047,8.23221,,1002.12,-7.59341,20901,,-0.0173941,0.00576092,0.0183233,,-9.09044,12.0441,0.0957114,2.23415,fluid
810,2.25982,8.50244,,1001.79,-2.84964,17631,,-0.00647321,0.0166607,0.0178741,,-7.69727,12.113,0.0907877,2.30303,fluid
811,2.25356,8.77639,,1001.45,-4.1082,14240.2,,-0.00920056,0.0146984,0.0173405,,-6.24861,12.084,0.0612753,2.27401,fluid
812,2.24879,9.05611,,1001.11,-11.1265,10953.8,,-0.0250254,0.0141543,0.0287509,,-4.77917,12.1381,0.086389,2.32815,fluid
813,2.2643,9.32815,,1000.82,-9.97195,8016.49,,-0.0225864,0.0180881,0.0289366,,-3.34404,12.1031,0.193458,2.29307,fluid
814,2.35155,9.61848,,1000.5,-3.27316,4910.3,,-0.00761858,0.00738068,0.0106074,,-1.88891,12.1619,0.198162,2.35191,fluid
815,2.50935,9.84936,,1000.31,1.63595,3007.15,,0.0041298,-0.000712971,0.00419089,,-0.913075,12.133,0.284936,2.32304,fluid
816,2.63475,0.116076,,1010.88,3.014,110299,,-0.00252953,-0.00240226,0.00348846,,-41.4541,9.86401,-0.0415804,0.054014,fluid
817,2.58585,0.364389,,1010.63,5.33695,107677,,0.00602587,-0.00264795,0.006582,,-41.3042,9.92158,-0.101386,0.111579,fluid
818,2.56128,0.614159,,1010.42,3.03725,105520,,0.000705777,-0.000830226,0.00108968,,-40.8253,10.0453,-0.0521643,0.235312,fluid
819,2.57674,0.865709,,1010.2,2.0603,103149,,-0.00231514,-0.00330886,0.00403837,,-39.6409,10.074,-0.014111,0.263951,fluid
820,2.58444,1.11644,,1009.95,2.69076,100586,,-0.000607795,-0.00158923,0.00170149,,-38.5945,10.1514,-0.0581996,0.341386,fluid
821,2.59486,1.36763,,1009.72,3.37162,98175.2,,0.00158718,-0.00109923,0.00193066,,-37.5154,10.2396,-0.0451634,0.429588,fluid
822,2.6097,1.61797,,1009.48,3.30704,95729.2,,0.00155967,-0.0006407,0.00168614,,-36.3534,10.2913,-0.0159851,0.481255,fluid
823,2.62321,1.86704,,1009.23,2.92012,93129.4,,0.000644907,0.00127761,0.00143115,,-35.2105,10.3769,-0.0333112,0.566874,fluid
824,2.63719,2.11524,,1008.98,2.85026,90528.4,,0.00078906,0.00293231,0.00303662,,-34.0626,10.4475,-0.0405278,0.637494,fluid
825,2.65131,2.36219,,1008.73,2.70809,87954.1,,0.000862526,0.00252748,0.0026706,,-32.9181,10.5237,-0.0314414,0.713746,fluid
826,2.66524,2.60794,,1008.48,2.38606,85343.4,,0.000274871,0.0033279,0.00333924,,-31.7839,10.5974,-0.0322322,0.787433,fluid
827,2.67886,2.8524,,1008.23,2.06901,82714.4,,-0.000309202,0.00341508,0.00342905,,-30.6567,10.6609,-0.0318477,0.850871,fluid
828,2.69182,3.09549,,1007.97,2.00017,80046.3,,-0.000158487,0.00260831,0.00261312,,-29.5388,10.7414,-0.0369293,0.931431,fluid
829,2.70335,3.33744,,1007.7,2.38578,77343.8,,0.00112115,-6.96505e-05,0.00112331,,-28.4445,10.8255,-0.0529087,1.01546,fluid
830,2.7125,3.57852,,1007.44,3.15655,74658,,0.00348396,-0.00528552,0.00633045,,-27.3835,10.8989,-0.063187,1.08889,fluid
831,2.71871,3.81892,,1007.18,3.94284,71996,,0.00597964,-0.0125548,0.0139061,,-26.3568,10.9746,-0.0639054,1.16459,fluid
832,2.72163,4.05866,,1006.92,4.33723,69347.6,,0.00732283,-0.0197334,0.0210483,,-25.3663,11.0445,-0.0614338,1.23449,fluid
833,2.72109,4.29764,,1006.67,4.15027,66711.7,,0.00703711,-0.0265442,0.0274612,,-24.4103,11.108,-0.0561446,1.29804,fluid
834,2.7171,4.53581,,1006.41,3.46923,64067.9,,0.00546148,-0.0323786,0.0328359,,-23.4781,11.1788,-0.0486899,1.36881,fluid
835,2.70984,4.77331,,1006.15,2.43863,61405.9,,0.0029421,-0.0366466,0.0367645,,-22.563,11.2544,-0.0410039,1.44444,fluid
836,2.69962,5.01053,,1005.88,1.18462,58729.4,,-0.000176134,-0.0393148,0.0393152,,-21.6606,11.3284,-0.0330739,1.51838,fluid
837,2.687,5.24798,,1005.62,-0.100999,56024,,-0.00333412,-0.0407956,0.0409316,,-20.7597,11.4041,-0.0261305,1.59412,fluid
838,2.67271,5.48627,,1005.35,-1.34712,53284.6,,-0.00635438,-0.0410329,0.041522,,-19.8501,11.4771,-0.0195387,1.6671,fluid
839,2.65749,5.72587,,1005.07,-2.52818,50519.8,,-0.00917395,-0.0400903,0.0411265,,-18.9265,11.5484,-0.0120964,1.73841,fluid
840,2.64204,5.96713,,1004.8,-3.59999,47727.1,,-0.0116609,-0.037884,0.039638,,-17.9815,11.6202,-0.00319516,1.81017,fluid
841,2.62694,6.21043,,1004.51,-4.491,44891.5,,-0.0136447,-0.0342882,0.0369034,,-17.0066,11.6854,0.0055129,1.87543,fluid
842,2.61254,6.45594,,1004.23,-5.20936,42008.2,,-0.0151792,-0.029974,0.0335983,,-15.9992,11.7432,0.012509,1.93319,fluid
843,2.59904,6.70366,,1003.94,-5.74204,39092.4,,-0.0162355,-0.0243496,0.0292659,,-14.9641,11.8039,0.0180409,1.99387,fluid
844,2.5865,6.95386,,1003.64,-6.03227,36108,,-0.0166325,-0.0204792,0.0263826,,-13.8889,11.8445,0.020649,2.03451,fluid
845,2.57485,7.20579,,1003.34,-6.64577,33086.6,,-0.017885,-0.0155663,0.0237104,,-12.7881,11.9043,0.0189944,2.09434,fluid
846,2.56313,7.45961,,1003.03,-8.03134,30037.2,,-0.0211194,-0.0125718,0.024578,,-11.6649,11.9456,0.0185408,2.13556,fluid
847,2.54964,7.71507,,1002.72,-10.0235,26931.1,,-0.0259515,-0.0112153,0.0282713,,-10.5131,11.9925,0.0209204,2.18246,fluid
848,2.53318,7.9729,,1002.42,-11.2427,23893.1,,-0.0287562,-0.00355462,0.0289751,,-9.35814,12.0431,0.0511666,2.23313,fluid
849,2.51565,8.23466,,1002.11,-8.5428,20830.6,,-0.0216235,0.00141679,0.0216699,,-8.17453,12.0818,0.0884306,2.27181,fluid
850,2.50178,8.50257,,1001.78,-3.83475,17603,,-0.00960625,0.00919744,0.0132994,,-6.93396,12.1171,0.0897142,2.30709,fluid
851,2.49288,8.77382,,1001.45,-3.87479,14274.1,,-0.00958614,0.0097278,0.0136574,,-5.65052,12.1185,0.067138,2.30852,fluid
852,2.48747,9.05234,,1001.12,-8.50719,11009.5,,-0.0211625,0.0111918,0.0239396,,-4.32778,12.1611,0.0932555,2.35109,fluid
853,2.50536,9.32376,,1000.82,-6.82628,8018.47,,-0.0170893,0.0103754,0.0199924,,-3.02337,12.1358,0.174551,2.32584,fluid
854,2.60112,9.61248,,1000.5,-1.90643,4923.22,,-0.00491521,0.00230983,0.00543089,,-1.70985,12.2127,0.181932,2.40267,fluid
855,2.77016,9.84408,,1000.31,5.88409,3043.17,,0.016336,-0.00803777,0.0182063,,-0.841741,12.2168,0.256472,2.40683,fluid
856,2.88706,0.116077,,1010.88,3.40484,110231,,-0.00169335,-0.00239721,0.00293497,,-37.8146,9.86582,-0.0443773,0.0558223,fluid
857,2.83704,0.363944,,1010.63,4.56641,107711,,0.0045591,-0.00294813,0.00542925,,-37.6571,9.92528,-0.0908169,0.115283,fluid
858,2.81286,0.612111,,1010.43,2.57491,105556,,-0.000422698,-0.000660813,0.000784441,,-37.1956,10.0481,-0.0566283,0.23809,fluid
859,2.82785,0.862323,,1010.2,1.92429,103204,,-0.00280844,-0.00324373,0.00429058,,-36.1509,10.0831,-0.0240838,0.273113,fluid
860,2.83421,1.11211,,1009.96,2.32176,100668,,-0.00154779,-0.00176281,0.00234588,,-35.226,10.143,-0.0574412,0.333003,fluid
861,2.84415,1.36227,,1009.73,2.46325,98257.3,,-0.000734153,-0.000838518,0.00111449,,-34.2587,10.2366,-0.0444044,0.426629,fluid
862,2.85896,1.61165,,1009.49,2.40712,95790.6,,-0.000798293,-0.000226365,0.000829767,,-33.2141,10.2978,-0.0236536,0.487825,fluid
863,2.87207,1.86007,,1009.24,2.24903,93206.8,,-0.00111968,0.00113647,0.00159538,,-32.1957,10.3837,-0.0401149,0.57372,fluid
864,2.88585,2.10789,,1008.99,2.31715,90627.5,,-0.000600007,0.00174419,0.00184451,,-31.1641,10.4515,-0.0399184,0.641528,fluid
865,2.89989,2.35472,,1008.74,2.19681,88058.3,,-0.000559852,0.0024792,0.00254162,,-30.1334,10.5221,-0.0304962,0.712088,fluid
866,2.91378,2.60064,,1008.49,1.92768,85441.9,,-0.00109746,0.00353887,0.00370514,,-29.1093,10.5965,-0.0327334,0.786488,fluid
867,2.92738,2.84564,,1008.23,1.94352,82792.9,,-0.00080173,0.00409525,0.00417299,,-28.0869,10.6723,-0.0355776,0.862279,fluid
868,2.94021,3.08995,,1007.97,2.4654,80113.3,,0.00107445,0.00283593,0.00303264,,-27.0763,10.7532,-0.0443168,0.943161,fluid
869,2.9515,3.33387,,1007.71,3.46932,77410.8,,0.00434859,3.60465e-07,0.00434859,,-26.0816,10.834,-0.0546258,1.02397,fluid
870,2.96046,3.57759,,1007.45,4.6097,74719.8,,0.00806168,-0.00436247,0.00916634,,-25.108,10.9033,-0.0553594,1.09335,fluid
871,2.96678,3.82101,,1007.19,5.46832,72033.1,,0.0109762,-0.00924619,0.0143517,,-24.1598,10.9739,-0.0530855,1.16385,fluid
872,2.97025,4.0639,,1006.92,5.76586,69340.2,,0.0121368,-0.014308,0.0187622,,-23.237,11.0415,-0.0526347,1.23151,fluid
873,2.97066,4.30594,,1006.66,5.49073,66642.4,,0.0115904,-0.0195307,0.022711,,-22.3358,11.1092,-0.0506509,1.29923,fluid
874,2.9679,4.54698,,1006.39,4.7263,63937,,0.00962853,-0.0248641,0.0266633,,-21.4552,11.1825,-0.0492311,1.37254,fluid
875,2.96192,4.78701,,1006.13,3.54859,61231.7,,0.00642209,-0.0299821,0.0306622,,-20.5944,11.2565,-0.0473767,1.44653,fluid
876,2.95282,5.02623,,1005.86,2.10188,58529.6,,0.00244801,-0.034731,0.0348171,,-19.7478,11.3297,-0.0417222,1.51973,fluid
877,2.94097,5.26503,,1005.59,0.571959,55816.1,,-0.00170585,-0.0383578,0.0383957,,-18.9074,11.4063,-0.0341389,1.59626,fluid
878,2.92707,5.50399,,1005.32,-0.920709,53079.3,,-0.00573062,-0.0404811,0.0408847,,-18.0649,11.4814,-0.0270585,1.67137,fluid
879,2.91192,5.7437,,1005.05,-2.33483,50314.2,,-0.00949242,-0.0410907,0.0421729,,-17.2103,11.5504,-0.0184691,1.74043,fluid
880,2.89631,5.98463,,1004.77,-3.68584,47517.8,,-0.0130276,-0.0399326,0.042004,,-16.3382,11.6185,-0.00986427,1.80848,fluid
881,2.88082,6.22709,,1004.49,-4.94028,44687.3,,-0.0162569,-0.0373594,0.0407432,,-15.4435,11.6836,-0.000917867,1.87361,fluid
882,2.8658,6.47128,,1004.21,-5.88737,41818.6,,-0.0185905,-0.0328289,0.0377272,,-14.5227,11.7489,0.00842433,1.93891,fluid
883,2.8515,6.71763,,1003.92,-6.503,38922.2,,-0.0199183,-0.0273161,0.0338069,,-13.5786,11.8,0.0178363,1.98998,fluid
884,2.83818,6.96592,,1003.63,-6.60212,35971.1,,-0.0198216,-0.0225164,0.0299981,,-12.609,11.864,0.0192411,2.05402,fluid
885,2.82582,7.21658,,1003.33,-6.70224,32963,,-0.0197619,-0.0173959,0.0263277,,-11.6088,11.9056,0.0175022,2.09563,fluid
886,2.8136,7.46896,,1003.02,-7.64606,29910.2,,-0.0220599,-0.0154918,0.0269562,,-10.5841,11.947,0.0144324,2.13697,fluid
887,2.79957,7.72261,,1002.71,-9.41178,26835.8,,-0.0267401,-0.0110338,0.0289271,,-9.54488,12.0153,0.0148435,2.20531,fluid
888,2.78214,7.97912,,1002.41,-10.7262,23774.3,,-0.0301079,-0.00984966,0.0316781,,-8.4881,12.0346,0.0367144,2.22461,fluid
889,2.76254,8.23814,,1002.1,-8.85834,20758.9,,-0.0245698,-0.00132593,0.0246056,,-7.42075,12.1103,0.0779286,2.30026,fluid
890,2.74564,8.50386,,1001.78,-4.7655,17577.3,,-0.0130778,0.00193608,0.0132203,,-6.30544,12.1144,0.0850802,2.30442,fluid
891,2.73377,8.77212,,1001.45,-4.13348,14277.7,,-0.0112267,0.00565965,0.0125726,,-5.15081,12.1534,0.0643442,2.34338,fluid
892,2.72694,9.04925,,1001.12,-6.51879,11060.8,,-0.0177709,0.00844138,0.0196739,,-3.95414,12.1816,0.0974221,2.37156,fluid
893,2.74683,9.31981,,1000.81,-3.97356,8013.84,,-0.0108586,0.00385191,0.0115215,,-2.76553,12.1724,0.149582,2.36239,fluid
894,2.8509,9.60713,,1000.5,-0.661083,4943.43,,-0.00187771,-0.00108784,0.00217007,,-1.57449,12.2595,0.15863,2.44947,fluid
895,3.0314,9.83935,,1000.31,8.70883,3073.29,,0.0264465,-0.0111468,0.0286996,,-0.801183,12.291,0.21232,2.48105,fluid
896,3.13907,0.116217,,1010.87,3.6474,110216,,-0.00116138,-0.00250213,0.00275853,,-34.7758,9.8672,-0.042508,0.0571983,fluid
897,3.08878,0.363784,,1010.64,4.09551,107740,,0.00350722,-0.00316684,0.00472541,,-34.6013,9.92814,-0.0873301,0.11814,fluid
898,3.0653,0.610834,,1010.43,2.34741,105574,,-0.00114329,-0.00137521,0.00178838,,-34.1455,10.0519,-0.0594097,0.241926,fluid
899,3.07968,0.85982,,1010.21,1.76831,103243,,-0.00350257,-0.00354171,0.00498114,,-33.2123,10.0886,-0.0269424,0.278599,fluid
900,3.08481,1.10854,,1009.96,2.03683,100726,,-0.00254172,-0.00224347,0.0033902,,-32.3873,10.1511,-0.057247,0.341054,fluid
901,3.09438,1.35771,,1009.73,2.0332,98305.4,,-0.00218337,-0.00140431,0.00259599,,-31.5137,10.2478,-0.0508734,0.437774,fluid
902,3.10909,1.6064,,1009.49,2.01366,95837.5,,-0.00214885,-0.00158161,0.00266815,,-30.5692,10.3006,-0.0341893,0.490551,fluid
903,3.12171,1.85428,,1009.25,1.8944,93273.8,,-0.00230841,-0.000646826,0.00239732,,-29.6478,10.3827,-0.0424924,0.572709,fluid
904,3.13525,2.10165,,1009,1.87101,90713.7,,-0.00208958,0.000313869,0.00211302,,-28.714,10.4556,-0.0385647,0.645605,fluid
905,3.14907,2.34825,,1008.75,1.69304,88147,,-0.00229957,0.000951345,0.00248859,,-27.7798,10.5237,-0.0312364,0.713678,fluid
906,3.16266,2.59421,,1008.5,1.62055,85514.9,,-0.00227343,0.00144661,0.00269466,,-26.8472,10.6063,-0.0361024,0.796329,fluid
907,3.17582,2.83971,,1008.24,2.01621,82853.9,,-0.000779663,0.00159802,0.00177807,,-25.9174,10.681,-0.0416445,0.870972,fluid
908,3.18797,3.085,,1007.98,2.88356,80179.5,,0.00237829,0.000189261,0.00238581,,-24.9978,10.7581,-0.0462297,0.948095,fluid
909,3.19852,3.33037,,1007.72,4.02248,77487.2,,0.00638271,-0.00190573,0.00666114,,-24.0899,10.8372,-0.0495111,1.02721,fluid
910,3.20696,3.57583,,1007.46,5.13258,74795.1,,0.0102707,-0.00420453,0.011098,,-23.1973,10.9058,-0.0471921,1.09584,fluid
911,3.21316,3.82127,,1007.19,5.91446,72090.4,,0.0131579,-0.00682245,0.0148214,,-22.3215,10.9747,-0.0457045,1.16471,fluid
912,3.21699,4.06639,,1006.92,6.26546,69360.3,,0.0146224,-0.009647,0.0175179,,-21.4586,11.046,-0.0462797,1.23599,fluid
913,3.21821,4.31092,,1006.66,6.17263,66617.4,,0.0146562,-0.0131948,0.0197208,,-20.6098,11.1148,-0.0465292,1.30482,fluid
914,3.21659,4.55458,,1006.39,5.63141,63868.5,,0.0132779,-0.0175992,0.0220462,,-19.778,11.1871,-0.0480108,1.3771,fluid
915,3.21195,4.79725,,1006.12,4.64876,61119.4,,0.010443,-0.0229095,0.0251775,,-18.9623,11.2606,-0.0492102,1.45063,fluid
916,3.20421,5.03894,,1005.85,3.30258,58376.4,,0.00644375,-0.0285174,0.0292363,,-18.1597,11.3341,-0.0469405,1.52412,fluid
917,3.1936,5.27982,,1005.58,1.67763,55636,,0.00160276,-0.033786,0.033824,,-17.3664,11.4085,-0.0419295,1.59846,fluid
918,3.18065,5.52022,,1005.31,-0.116902,52891,,-0.00373789,-0.0378215,0.0380058,,-16.5757,11.4808,-0.0344885,1.67082,fluid
919,3.16611,5.76055,,1005.03,-1.91495,50129.2,,-0.00904164,-0.0399387,0.0409493,,-15.7787,11.553,-0.0249113,1.74296,fluid
920,3.15078,6.00137,,1004.76,-3.6387,47335.5,,-0.0140402,-0.0401376,0.0425224,,-14.9673,11.6193,-0.0150192,1.80925,fluid
921,3.13533,6.24306,,1004.48,-5.19368,44505.2,,-0.0184859,-0.0383416,0.0425653,,-14.1392,11.6865,-0.00774788,1.87651,fluid
922,3.12003,6.48604,,1004.19,-6.46819,41653.7,,-0.0220469,-0.0343511,0.0408175,,-13.2932,11.7536,0.00152287,1.94357,fluid
923,3.10513,6.73084,,1003.9,-7.09277,38758,,-0.0235328,-0.0304705,0.0384999,,-12.4219,11.808,0.0115152,1.99801,fluid
924,3.09092,6.9776,,1003.61,-7.08425,35837.5,,-0.0230594,-0.0234037,0.0328553,,-11.5353,11.8703,0.0174276,2.06025,fluid
925,3.0777,7.22675,,1003.32,-6.92483,32854.6,,-0.0221775,-0.0202691,0.0300446,,-10.624,11.9133,0.0157318,2.10332,fluid
926,3.06485,7.47776,,1003.01,-7.26641,29791.8,,-0.0228548,-0.0170729,0.0285276,,-9.68234,11.9624,0.00895066,2.15242,fluid
927,3.05024,7.73039,,1002.7,-8.78258,26740.7,,-0.0271567,-0.0129051,0.030067,,-8.73316,12.0135,0.00996539,2.20351,fluid
928,3.03203,7.98524,,1002.4,-10.1025,23683.5,,-0.0308732,-0.0128501,0.0334406,,-7.76636,12.0503,0.026074,2.24029,fluid
929,3.01085,8.24264,,1002.1,-8.75042,20684.2,,-0.0264271,-0.00415676,0.026752,,-6.78882,12.1109,0.0667054,2.30087,fluid
930,2.9914,8.50566,,1001.78,-5.49283,17524.9,,-0.0164004,-0.00352765,0.0167755,,-5.77565,12.1256,0.0723735,2.31562,fluid
931,2.9763,8.77125,,1001.45,-4.53509,14263.6,,-0.0134229,0.00244917,0.0136445,,-4.72871,12.1792,0.0567733,2.3692,fluid
932,2.96738,9.04685,,1001.13,-5.00399,11110.7,,-0.0148217,0.00555323,0.0158279,,-3.64222,12.2007,0.0978346,2.39066,fluid
933,2.98884,9.31629,,1000.81,-1.6863,8008.76,,-0.00493526,-0.00118206,0.00507485,,-2.5579,12.2065,0.119474,2.39652,fluid
934,3.10098,9.60243,,1000.51,0.417649,4968.64,,0.00125823,-0.00284655,0.00311223,,-1.47296,12.2983,0.128511,2.4883,fluid
935,3.29269,9.83563,,1000.32,10.3069,3097.85,,0.0339897,-0.0105719,0.0355959,,-0.782783,12.3498,0.157747,2.53985,fluid
936,3.39076,0.116437,,1010.88,3.81928,110236,,-0.000860041,-0.00261015,0.00274819,,-32.1993,9.86818,-0.038401,0.0581768,fluid
937,3.34079,0.363859,,1010.64,3.90215,107770,,0.00303536,-0.0033571,0.00452587,,-32.0027,9.93034,-0.0834596,0.120339,fluid
938,3.31829,0.610063,,1010.43,2.23254,105590,,-0.00170634,-0.00207159,0.00268385,,-31.5526,10.0559,-0.0603795,0.245939,fluid
939,3.33206,0.858072,,1010.21,1.75296,103266,,-0.0039411,-0.00416437,0.00573361,,-30.7102,10.092,-0.0316865,0.281996,fluid
940,3.33603,1.10597,,1009.97,1.94644,100764,,-0.00314211,-0.00346143,0.00467486,,-29.9645,10.157,-0.0578728,0.347045,fluid
941,3.34513,1.35439,,1009.74,1.79701,98347.2,,-0.0032729,-0.00288131,0.00436048,,-29.1697,10.2493,-0.0530971,0.439347,fluid
942,3.35966,1.60245,,1009.5,1.76144,95887.1,,-0.00328149,-0.00357331,0.00485147,,-28.3093,10.3038,-0.0371373,0.493793,fluid
943,3.37181,1.84984,,1009.25,1.6534,93332.2,,-0.0034205,-0.00320432,0.00468694,,-27.4695,10.3852,-0.0430936,0.575227,fluid
944,3.38509,2.09687,,1009.01,1.55695,90777,,-0.00348755,-0.00239095,0.00422844,,-26.6164,10.457,-0.0390851,0.646951,fluid
945,3.39856,2.34329,,1008.76,1.42886,88204,,-0.00356741,-0.00229664,0.00424275,,-25.7614,10.527,-0.0334067,0.717011,fluid
946,3.41162,2.58931,,1008.5,1.53164,85567,,-0.00293588,-0.00208925,0.00360338,,-24.9089,10.6139,-0.0393107,0.8039,fluid
947,3.42407,2.8352,,1008.25,2.10123,82912.9,,-0.000738943,-0.00232951,0.0024439,,-24.0607,10.686,-0.0439465,0.875992,fluid
948,3.43531,3.0812,,1007.99,2.99084,80249.9,,0.00275098,-0.0035912,0.00452378,,-23.219,10.7609,-0.0438219,0.950931,fluid
949,3.44502,3.32744,,1007.73,4.01926,77561.7,,0.00666729,-0.0044402,0.0080105,,-22.3857,10.8398,-0.0441365,1.02979,fluid
950,3.45285,3.57391,,1007.46,4.95706,74866.5,,0.010236,-0.00506905,0.0114224,,-21.5634,10.9069,-0.0414639,1.09694,fluid
951,3.45878,3.82047,,1007.2,5.66314,72148.2,,0.0131091,-0.00590182,0.0143764,,-20.7501,10.9793,-0.0397237,1.16929,fluid
952,3.46271,4.06693,,1006.93,6.14241,69395.4,,0.0151603,-0.00684059,0.0166321,,-19.9435,11.0545,-0.0405787,1.24449,fluid
953,3.46442,4.31313,,1006.66,6.35868,66627,,0.0162771,-0.00866291,0.0184389,,-19.1475,11.1237,-0.0429312,1.31372,fluid
954,3.46366,4.55887,,1006.38,6.19878,63846.7,,0.0161345,-0.0120209,0.0201202,,-18.3626,11.1951,-0.0462245,1.3851,fluid
955,3.46017,4.80392,,1006.11,5.61731,61057.2,,0.0144967,-0.0165916,0.0220326,,-17.5871,11.2675,-0.0485888,1.4575,fluid
956,3.45382,5.04814,,1005.84,4.5372,58274.2,,0.0111172,-0.0221677,0.0247991,,-16.823,11.3376,-0.0485618,1.52764,fluid
957,3.44469,5.29141,,1005.56,2.95093,55499.4,,0.00603094,-0.0280523,0.0286932,,-16.068,11.4086,-0.0455435,1.59859,fluid
958,3.4332,5.53376,,1005.29,1.01308,52726.4,,-0.000231835,-0.0333048,0.0333056,,-15.3162,11.4791,-0.0392133,1.66912,fluid
959,3.41991,5.77537,,1005.02,-1.10721,49952.8,,-0.00707539,-0.0369536,0.0376249,,-14.5645,11.5501,-0.030901,1.74009,fluid
960,3.40549,6.01662,,1004.74,-3.18682,47156.4,,-0.0137042,-0.0390246,0.0413609,,-13.8045,11.6194,-0.0226399,1.80938,fluid
961,3.3905,6.258,,1004.46,-5.06588,44331.2,,-0.0195972,-0.038441,0.0431481,,-13.032,11.6882,-0.0149735,1.87823,fluid
962,3.37519,6.50012,,1004.18,-6.62077,41483.1,,-0.0243742,-0.0362849,0.0437115,,-12.2454,11.7542,-0.00594373,1.9442,fluid
963,3.35983,6.74348,,1003.89,-7.48502,38609.1,,-0.0268096,-0.0321191,0.0418377,,-11.4433,11.8201,0.00351642,2.01006,fluid
964,3.34472,6.98889,,1003.6,-7.47568,35709.4,,-0.0262686,-0.0265833,0.0373726,,-10.6233,11.872,0.0147003,2.06197,fluid
965,3.33052,7.2364,,1003.3,-7.06278,32735.1,,-0.0244315,-0.02286,0.0334585,,-9.78277,11.9232,0.0136886,2.11319,fluid
966,3.31682,7.48592,,1003,-7.12775,29707.3,,-0.0242701,-0.0178651,0.0301363,,-8.92387,11.9786,0.00589732,2.16856,fluid
967,3.30157,7.73763,,1002.69,-8.28258,26652,,-0.0277109,-0.0160273,0.0320119,,-8.04528,12.008,0.00556322,2.19796,fluid
968,3.28271,7.9908,,1002.39,-9.45528,23609.2,,-0.0312754,-0.0131739,0.0339367,,-7.15804,12.071,0.0167953,2.26095,fluid
969,3.26041,8.247,,1002.09,-8.40484,20616.1,,-0.0274746,-0.00768487,0.0285292,,-6.25579,12.103,0.0542034,2.29296,fluid
970,3.23887,8.50736,,1001.77,-5.92084,17456,,-0.0191117,-0.00694708,0.0203351,,-5.32576,12.1454,0.0542446,2.33539,fluid
971,3.22033,8.77081,,1001.45,-4.95189,14255.4,,-0.015877,-0.000800806,0.0158972,,-4.37337,12.1919,0.0469191,2.38186,fluid
972,3.20889,9.04468,,1001.13,-3.87514,11156.5,,-0.0123916,0.00283767,0.0127123,,-3.38119,12.2198,0.0916059,2.40984,fluid
973,3.2314,9.31311,,1000.81,-0.0703864,8003.87,,-8.40739e-05,-0.00453869,0.00453947,,-2.3883,12.2329,0.0865876,2.42288,fluid
974,3.35121,9.59853,,1000.51,1.16084,4998.53,,0.00381975,-0.00275945,0.00471222,,-1.39746,12.3275,0.0933452,2.51751,fluid
975,3.55364,9.83324,,1000.32,10.8568,3117.61,,0.0386499,-0.00706626,0.0392905,,-0.779701,12.3898,0.0973218,2.57975,fluid
976,3.64222,0.116633,,1010.88,3.97012,110270,,-0.000705353,-0.00268282,0.002774,,-29.9853,9.86883,-0.0356541,0.0588322,fluid
977,3.59295,0.363995,,1010.64,3.87609,107802,,0.0029222,-0.00355002,0.00459803,,-29.766,9.93206,-0.0782641,0.122058,fluid
978,3.57163,0.609536,,1010.43,2.23527,105611,,-0.00203983,-0.00252051,0.00324251,,-29.3228,10.0581,-0.0585844,0.248146,fluid
979,3.58477,0.85682,,1010.21,1.85561,103289,,-0.00408186,-0.00507062,0.00650943,,-28.5548,10.0945,-0.0328884,0.284502,fluid
980,3.58766,1.10411,,1009.97,1.97093,100797,,-0.00348384,-0.00477697,0.00591242,,-27.873,10.1594,-0.0549385,0.34937,fluid
981,3.59628,1.35194,,1009.74,1.77693,98378.1,,-0.00381855,-0.00468023,0.00604035,,-27.1426,10.251,-0.0509558,0.441039,fluid
982,3.61061,1.59959,,1009.5,1.7573,95917.7,,-0.00377464,-0.00546651,0.00664309,,-26.3524,10.3034,-0.0369639,0.493436,fluid
983,3.62227,1.84667,,1009.26,1.58405,93370.8,,-0.00415873,-0.00548923,0.0068867,,-25.5832,10.3876,-0.0427346,0.577589,fluid
984,3.63526,2.09355,,1009.01,1.46148,90814.6,,-0.00436251,-0.00506251,0.00668285,,-24.7989,10.4579,-0.0403848,0.647885,fluid
985,3.64828,2.34001,,1008.76,1.41858,88235.9,,-0.00414722,-0.00562931,0.00699204,,-24.0122,10.5307,-0.0365936,0.720654,fluid
986,3.66067,2.58628,,1008.51,1.63242,85598.7,,-0.00305525,-0.00593685,0.00667688,,-23.2292,10.615,-0.0430395,0.804997,fluid
987,3.6723,2.8326,,1008.25,2.1866,82953,,-0.000735228,-0.00640291,0.00644499,,-22.4483,10.6858,-0.0442078,0.875759,fluid
988,3.68264,3.07908,,1007.99,2.91938,80296.6,,0.00242796,-0.00725303,0.00764862,,-21.6729,10.7615,-0.0416345,0.951456,fluid
989,3.69156,3.32581,,1007.73,3.7195,77609.7,,0.00577463,-0.00723065,0.00925357,,-20.9036,10.8403,-0.0413234,1.03033,fluid
990,3.6988,3.57273,,1007.47,4.45718,74911.4,,0.00887309,-0.00683999,0.0112034,,-20.1412,10.9095,-0.0383578,1.09955,fluid
991,3.70435,3.81977,,1007.2,5.1025,72185.8,,0.0117484,-0.00648765,0.0134207,,-19.3841,10.9857,-0.03667,1.17567,fluid
992,3.70814,4.06687,,1006.93,5.67595,69427.5,,0.0142962,-0.00618381,0.0155763,,-18.6325,11.0628,-0.0384207,1.25283,fluid
993,3.70993,4.314,,1006.66,6.12177,66652.7,,0.0163587,-0.00676661,0.017703,,-17.8873,11.1328,-0.0400998,1.32283,fluid
994,3.70956,4.56107,,1006.39,6.34224,63855.1,,0.0176406,-0.00863564,0.0196409,,-17.1473,11.2063,-0.0428976,1.3963,fluid
995,3.70684,4.80792,,1006.11,6.16341,61041.3,,0.0173946,-0.0118203,0.0210308,,-16.4134,11.2764,-0.0461931,1.46639,fluid
996,3.70164,5.05426,,1005.83,5.41597,58228.9,,0.0150344,-0.0163135,0.0221848,,-15.6863,11.3429,-0.0469274,1.53286,fluid
997,3.69402,5.29976,,1005.56,4.0466,55418.1,,0.0104036,-0.0217558,0.0241153,,-14.965,11.4117,-0.0457279,1.60174,fluid
998,3.68424,5.54419,,1005.28,2.16213,52609.6,,0.00387741,-0.0271766,0.0274519,,-14.247,11.4799,-0.0423203,1.66991,fluid
999,3.67267,5.78752,,1005,-0.0422634,49805.7,,-0.00378697,-0.0319394,0.0321632,,-13.5304,11.5481,-0.0367359,1.73806,fluid
1000,3.65974,6.02988,,1004.72,-2.33278,46993.5,,-0.0117011,-0.0356298,0.037502,,-12.8119,11.618,-0.0315584,1.808,fluid
1001,3.6458,6.27166,,1004.44,-4.50111,44166.3,,-0.0191052,-0.037343,0.0419465,,-12.0856,11.687,-0.0248607,1.87695,fluid
1002,3.63097,6.51338,,1004.16,-6.34899,41319,,-0.0252987,-0.0373682,0.0451265,,-11.3481,11.7551,-0.0156519,1.94513,fluid
1003,3.61543,6.75581,,1003.88,-7.54393,38463.1,,-0.0290944,-0.0343188,0.0449918,,-10.6024,11.8206,-0.00488627,2.01056,fluid
1004,3.59962,6.99973,,1003.59,-7.75777,35582.9,,-0.0293181,-0.0301944,0.0420862,,-9.84118,11.8807,0.00866327,2.0707,fluid
1005,3.58439,7.24572,,1003.29,-7.2626,32625.4,,-0.027041,-0.0254853,0.037158,,-9.06208,11.9318,0.010109,2.12182,fluid
1006,3.56962,7.49388,,1002.99,-7.19259,29625.5,,-0.0263457,-0.0202445,0.0332255,,-8.27005,11.9818,0.00452454,2.17181,fluid
1007,3.55358,7.74416,,1002.69,-7.97832,26570.2,,-0.0287501,-0.0183296,0.0340961,,-7.45535,12.0211,0.00165421,2.21111,fluid
1008,3.53405,7.99627,,1002.38,-8.86112,23544,,-0.0315566,-0.0134234,0.034293,,-6.63569,12.0753,0.0105211,2.26531,fluid
1009,3.51097,8.25116,,1002.08,-7.97165,20552,,-0.0280455,-0.0104524,0.0299299,,-5.80181,12.1054,0.0396866,2.29541,fluid
1010,3.48763,8.50955,,1001.76,-6.12161,17384.3,,-0.0212717,-0.00881127,0.0230244,,-4.94141,12.1581,0.0343599,2.34808,fluid
1011,3.46559,8.77115,,1001.45,-5.31383,14247.6,,-0.0183556,-0.00356471,0.0186985,,-4.07015,12.1987,0.0350828,2.38873,fluid
1012,3.45146,9.04338,,1001.14,-3.11211,11185.4,,-0.0106841,0.00104211,0.0107348,,-3.15736,12.2363,0.0797422,2.42626,fluid
1013,3.47447,9.3107,,1000.81,0.891669,7999.07,,0.0032636,-0.0063775,0.00716405,,-2.24737,12.2518,0.052992,2.44185,fluid
1014,3.60163,9.59555,,1000.51,1.55769,5032.27,,0.00549934,-0.00114461,0.00561719,,-1.3422,12.3452,0.0543087,2.53521,fluid
1015,3.81384,9.83238,,1000.32,10.5126,3132.61,,0.0401748,-0.00177754,0.0402141,,-0.786168,12.4069,0.0349479,2.59686,fluid
1016,3.89346,0.116866,,1010.88,4.12759,110308,,-0.000547369,-0.00273655,0.00279075,,-28.0608,9.86928,-0.0343148,0.0592802,fluid
1017,3.84514,0.36423,,1010.65,3.90542,107837,,0.00290405,-0.00371118,0.00471236,,-27.8237,9.93335,-0.0741915,0.123349,fluid
1018,3.82515,0.60936,,1010.43,2.39842,105628,,-0.00187449,-0.002859,0.00341871,,-27.3873,10.0597,-0.0584825,0.249714,fluid
1019,3.83766,0.856168,,1010.21,2.06382,103306,,-0.00387189,-0.0057628,0.00694273,,-26.6825,10.0966,-0.0355454,0.286616,fluid
1020,3.83956,1.10302,,1009.97,2.10177,100821,,-0.00352042,-0.0058222,0.00680378,,-26.0539,10.1609,-0.054669,0.350902,fluid
1021,3.84769,1.35041,,1009.74,1.86991,98401,,-0.00406011,-0.00583651,0.00710981,,-25.3794,10.2524,-0.052094,0.442449,fluid
1022,3.86177,1.59777,,1009.5,1.82809,95941.8,,-0.0040848,-0.00703463,0.00813459,,-24.6496,10.3027,-0.0394916,0.492666,fluid
1023,3.87291,1.84466,,1009.26,1.64325,93396.5,,-0.00451449,-0.00727182,0.0085592,,-23.9384,10.3889,-0.0442895,0.578882,fluid
1024,3.88551,2.09149,,1009.01,1.5546,90837.2,,-0.00462558,-0.00739926,0.00872611,,-23.2122,10.4585,-0.0426043,0.648536,fluid
1025,3.898,2.33805,,1008.76,1.58838,88256,,-0.00410194,-0.00833833,0.00929266,,-22.4843,10.5309,-0.0396622,0.720904,fluid
1026,3.90967,2.58459,,1008.51,1.81393,85622.1,,-0.00286929,-0.00920898,0.00964562,,-21.7602,10.6144,-0.0448573,0.804431,fluid
1027,3.92051,2.83127,,1008.25,2.26894,82978.8,,-0.00077365,-0.00981703,0.00984747,,-21.0356,10.685,-0.0435476,0.874964,fluid
1028,3.93007,3.07811,,1007.99,2.7939,80323.1,,0.00178403,-0.010445,0.0105963,,-20.3165,10.7597,-0.0405112,0.949692,fluid
1029,3.93835,3.32511,,1007.73,3.3409,77635.2,,0.00437529,-0.0100843,0.0109926,,-19.6014,10.8396,-0.0400368,1.02959,fluid
1030,3.94509,3.57222,,1007.47,3.89149,74933.7,,0.00696062,-0.00929187,0.0116099,,-18.8906,10.9118,-0.037208,1.1018,fluid
1031,3.95026,3.81942,,1007.2,4.46624,72206.3,,0.00975629,-0.00842606,0.0128912,,-18.1844,10.9901,-0.0363001,1.18012,fluid
1032,3.95377,4.06676,,1006.93,5.07863,69449.3,,0.0126345,-0.00757027,0.0147289,,-17.4824,11.0689,-0.0380384,1.25892,fluid
1033,3.95537,4.31431,,1006.66,5.67007,66674.8,,0.0154207,-0.00738866,0.0170994,,-16.7837,11.1407,-0.0385252,1.33073,fluid
1034,3.95498,4.56209,,1006.39,6.11702,63875.6,,0.0177032,-0.00802843,0.0194386,,-16.0877,11.2149,-0.0395626,1.40492,fluid
1035,3.95258,4.81001,,1006.11,6.24516,61053.7,,0.0186817,-0.00954147,0.0209773,,-15.3941,11.2855,-0.0414148,1.47547,fluid
1036,3.94818,5.05782,,1005.83,5.84614,58221.3,,0.0175678,-0.0122843,0.0214366,,-14.7033,11.3508,-0.0423754,1.54078,fluid
1037,3.94185,5.30512,,1005.55,4.79429,55381.1,,0.0139019,-0.0162438,0.0213805,,-14.0149,11.4176,-0.0429291,1.60759,fluid
1038,3.93375,5.5515,,1005.27,3.15749,52539.4,,0.00792269,-0.0209073,0.0223581,,-13.3285,11.4835,-0.0425169,1.67347,fluid
1039,3.92404,5.7967,,1004.99,1.0988,49700.9,,0.000310016,-0.0260121,0.0260139,,-12.6435,11.5503,-0.0406305,1.74033,fluid
1040,3.91291,6.04068,,1004.71,-1.17525,46860.7,,-0.00808369,-0.0306431,0.0316915,,-11.9575,11.617,-0.0376805,1.80697,fluid
1041,3.90053,6.28357,,1004.43,-3.47922,44017,,-0.0165536,-0.034227,0.0380199,,-11.2689,11.6855,-0.0337987,1.87552,fluid
1042,3.88677,6.52573,,1004.14,-5.60796,41165.2,,-0.0243049,-0.0363623,0.0437372,,-10.5747,11.7539,-0.0272474,1.94387,fluid
1043,3.8716,6.76783,,1003.86,-7.21565,38317.5,,-0.0299465,-0.0357383,0.0466263,,-9.87323,11.8173,-0.0142102,2.00729,fluid
1044,3.85544,7.01066,,1003.58,-7.7967,35451.1,,-0.0316129,-0.0330119,0.0457073,,-9.16191,11.8863,0.000405666,2.07633,fluid
1045,3.83929,7.25525,,1003.28,-7.54511,32523.6,,-0.0300992,-0.0283376,0.0413399,,-8.43794,11.9361,0.00559116,2.12615,fluid
1046,3.82339,7.50184,,1002.98,-7.3473,29529.1,,-0.028832,-0.0240161,0.0375241,,-7.69806,11.9867,0.002248,2.17669,fluid
1047,3.80633,7.75053,,1002.68,-7.91073,26496.9,,-0.0305829,-0.01959,0.0363192,,-6.94425,12.0366,-0.00157892,2.22658,fluid
1048,3.786,8.00165,,1002.38,-8.48275,23491.9,,-0.032374,-0.0151586,0.0357471,,-6.18323,12.0731,0.00698085,2.26309,fluid
1049,3.76222,8.25512,,1002.08,-7.5521,20487.3,,-0.0284549,-0.0118474,0.0308228,,-5.40811,12.1163,0.0261568,2.30634,fluid
1050,3.73723,8.51222,,1001.76,-6.19346,17319.7,,-0.0230896,-0.0100376,0.0251771,,-4.61065,12.1612,0.0155878,2.35122,fluid
1051,3.71186,8.77222,,1001.44,-5.58008,14232.5,,-0.0206609,-0.00534472,0.0213411,,-3.80651,12.2028,0.0222824,2.39281,fluid
1052,3.69512,9.04295,,1001.14,-2.65964,11197.7,,-0.00976799,0.000251962,0.00977124,,-2.96388,12.2456,0.0630894,2.43559,fluid
1053,3.71809,9.30901,,1000.81,1.31278,7996.86,,0.00505463,-0.00704056,0.0086671,,-2.1284,12.2636,0.0206547,2.45357,fluid
1054,3.85216,9.59355,,1000.52,1.58215,5067.68,,0.00594699,0.00138046,0.00610511,,-1.30005,12.3486,0.0148135,2.53856,fluid
1055,4.07282,9.8331,,1000.32,9.52431,3142.75,,0.0388894,0.0037328,0.0390681,,-0.792478,12.3991,-0.0210843,2.58905,fluid
1056,4.1445,0.117101,,1010.89,4.31625,110347,,-0.000258648,-0.00278664,0.00279862,,-26.3698,9.86947,-0.0316762,0.0594651,fluid
1057,4.0973,0.364459,,1010.65,3.95208,107879,,0.00288672,-0.00383242,0.00479798,,-26.1192,9.93402,-0.0674231,0.124015,fluid
1058,4.07864,0.609323,,1010.44,2.65647,105646,,-0.00133414,-0.00311455,0.00338827,,-25.6901,10.0607,-0.0553524,0.250662,fluid
1059,4.09057,0.855829,,1010.21,2.32384,103326,,-0.00343141,-0.00621001,0.00709498,,-25.0377,10.0966,-0.0335411,0.286622,fluid
1060,4.09157,1.10237,,1009.98,2.30628,100845,,-0.003281,-0.00656201,0.00733655,,-24.4544,10.1621,-0.0509452,0.35214,fluid
1061,4.09921,1.34948,,1009.74,2.03628,98422.7,,-0.00402928,-0.00668258,0.00780333,,-23.8275,10.2513,-0.0490622,0.441307,fluid
1062,4.113,1.59664,,1009.51,1.97916,95963.1,,-0.00409724,-0.00812913,0.00910331,,-23.1494,10.304,-0.0374618,0.494039,fluid
1063,4.1236,1.84345,,1009.26,1.81206,93416.6,,-0.00446949,-0.00856225,0.00965859,,-22.4888,10.3897,-0.0425491,0.57971,fluid
1064,4.13575,2.09033,,1009.01,1.77215,90854.4,,-0.00441244,-0.00905342,0.0100714,,-21.8141,10.4602,-0.0423004,0.6502,fluid
1065,4.14764,2.3371,,1008.76,1.85336,88270.7,,-0.00365575,-0.0103125,0.0109413,,-21.1373,10.5299,-0.0400422,0.719873,fluid
1066,4.15856,2.58394,,1008.51,2.04045,85637.2,,-0.0024748,-0.0114061,0.0116715,,-20.4625,10.6144,-0.0433048,0.804358,fluid
1067,4.1687,2.83098,,1008.25,2.35947,82993.5,,-0.000816443,-0.0119727,0.0120005,,-19.7874,10.6833,-0.0416196,0.87334,fluid
1068,4.17763,3.07813,,1007.99,2.66856,80336.6,,0.00101388,-0.0125681,0.0126089,,-19.1167,10.7576,-0.0390776,0.947638,fluid
1069,4.18543,3.32535,,1007.73,3.0092,77644,,0.00292573,-0.0122309,0.0125759,,-18.448,10.8387,-0.0393435,1.02872,fluid
1070,4.1918,3.57259,,1007.47,3.41892,74937.8,,0.0050896,-0.0114674,0.0125462,,-17.7827,10.9125,-0.0379829,1.10248,fluid
1071,4.19663,3.81986,,1007.2,3.90993,72209.9,,0.00772611,-0.0107002,0.013198,,-17.1216,10.9913,-0.0379976,1.18125,fluid
1072,4.1998,4.06727,,1006.93,4.50408,69454.1,,0.0107315,-0.00984804,0.0145653,,-16.4626,11.0722,-0.0390033,1.26218,fluid
1073,4.20108,4.31494,,1006.66,5.13648,66683,,0.0138725,-0.00923278,0.0166641,,-15.8058,11.1461,-0.0380785,1.33612,fluid
1074,4.20047,4.56296,,1006.39,5.66626,63890,,0.0166553,-0.00909106,0.0189749,,-15.1514,11.2209,-0.0377584,1.4109,fluid
1075,4.19809,4.81132,,1006.11,5.93717,61072.1,,0.0183177,-0.00938843,0.0205836,,-14.4969,11.2925,-0.0377101,1.48249,fluid
1076,4.19407,5.05986,,1005.83,5.79893,58233.7,,0.0182567,-0.0104899,0.0210558,,-13.8414,11.3598,-0.0371318,1.54979,fluid
1077,4.18863,5.30827,,1005.55,5.12575,55374.1,,0.0159712,-0.0126437,0.0203701,,-13.1859,11.4265,-0.0387561,1.61647,fluid
1078,4.18191,5.55615,,1005.27,3.85305,52506.5,,0.0111628,-0.0159894,0.0195005,,-12.5303,11.4901,-0.040447,1.68015,fluid
1079,4.17391,5.80307,,1004.98,2.10037,49639.2,,0.00436404,-0.0203489,0.0208116,,-11.8748,11.5554,-0.0410323,1.7454,fluid
1080,4.16466,6.0488,,1004.7,0.0257782,46769.8,,-0.00373087,-0.0252288,0.0255032,,-11.2188,11.6196,-0.0411506,1.80962,fluid
1081,4.15409,6.29323,,1004.42,-2.23422,43900.8,,-0.0125683,-0.0297052,0.0322546,,-10.5611,11.6849,-0.039533,1.8749,fluid
1082,4.14189,6.5365,,1004.13,-4.50279,41032.1,,-0.0214261,-0.0335066,0.0397714,,-9.90206,11.7516,-0.0362083,1.94155,fluid
1083,4.12775,6.77903,,1003.85,-6.4192,38174,,-0.0287497,-0.0352093,0.0454559,,-9.2382,11.8149,-0.0255183,2.00495,fluid
1084,4.11186,7.02147,,1003.56,-7.5149,35319.6,,-0.0326524,-0.0344876,0.0474929,,-8.56885,11.8837,-0.00964541,2.0737,fluid
1085,4.09518,7.26494,,1003.27,-7.64226,32409.9,,-0.0325633,-0.031447,0.045269,,-7.88985,11.9373,-0.0014834,2.12734,fluid
1086,4.07824,7.50994,,1002.97,-7.57527,29429.7,,-0.0317509,-0.0272899,0.0418671,,-7.19731,11.9956,-0.00241534,2.1856,fluid
1087,4.05999,7.75718,,1002.67,-8.04763,26427.4,,-0.0332441,-0.0218363,0.0397743,,-6.49587,12.0399,-0.00398209,2.22989,fluid
1088,4.03872,8.00678,,1002.37,-8.30262,23440.3,,-0.0338309,-0.0177052,0.0381838,,-5.78571,12.0793,0.00444041,2.26934,fluid
1089,4.01407,8.25895,,1002.07,-7.2775,20426.9,,-0.0292759,-0.012915,0.031998,,-5.06308,12.1235,0.0152373,2.31353,fluid
1090,3.98739,8.51488,,1001.75,-6.25995,17270.5,,-0.0249436,-0.0111212,0.0273105,,-4.32384,12.1613,-0.000137237,2.35132,fluid
1091,3.9589,8.77361,,1001.44,-5.74958,14213.6,,-0.0227275,-0.00650124,0.0236391,,-3.57589,12.2051,0.00922482,2.39509,fluid
1092,3.93981,9.04313,,1001.14,-2.48393,11201,,-0.00973617,-6.98736e-05,0.00973642,,-2.79624,12.2466,0.0435652,2.43657,fluid
1093,3.96217,9.30791,,1000.81,1.30043,7998.52,,0.00532498,-0.00698324,0.00878186,,-2.02611,12.2689,-0.00902775,2.45893,fluid
1094,4.10262,9.59246,,1000.52,1.3205,5103.75,,0.00523914,0.00384621,0.00649938,,-1.26334,12.3366,-0.0199629,2.52659,fluid
1095,4.33014,9.83527,,1000.32,8.15516,3147.62,,0.0354118,0.00782861,0.0362668,,-0.789387,12.3685,-0.0627105,2.55851,fluid
1096,4.39538,0.117312,,1010.89,4.48219,110388,,-5.44299e-05,-0.00283069,0.00283122,,-24.8744,9.86948,-0.0304304,0.0594818,fluid
1097,4.34944,0.36466,,1010.65,4.00679,107921,,0.0028011,-0.0039208,0.00481859,,-24.6131,9.93427,-0.0620068,0.124275,fluid
1098,4.332,0.609346,,1010.44,2.91682,105665,,-0.000790872,-0.00330568,0.00339897,,-24.1907,10.0613,-0.0509142,0.25134,fluid
1099,4.34343,0.855648,,1010.22,2.58001,103343,,-0.00302203,-0.00646017,0.00713207,,-23.5832,10.0966,-0.0307952,0.286626,fluid
1100,4.34363,1.10197,,1009.98,2.50837,100865,,-0.00308961,-0.00695211,0.00760773,,-23.0391,10.163,-0.0470964,0.352982,fluid
1101,4.35078,1.34886,,1009.75,2.22268,98439.9,,-0.00396107,-0.00730526,0.00831005,,-22.453,10.2512,-0.0455125,0.441211,fluid
1102,4.36424,1.59589,,1009.51,2.16159,95979.4,,-0.00403145,-0.00879661,0.00967642,,-21.8211,10.3042,-0.0359904,0.494228,fluid
1103,4.37426,1.84267,,1009.26,2.01698,93432.6,,-0.0043074,-0.00954696,0.0104737,,-21.2054,10.3903,-0.041849,0.58033,fluid
1104,4.38588,2.08964,,1009.02,2.02274,90868.2,,-0.00404384,-0.0101468,0.0109229,,-20.5757,10.4602,-0.0424909,0.650191,fluid
1105,4.39714,2.33662,,1008.77,2.12421,88283.3,,-0.0031245,-0.0116818,0.0120924,,-19.9432,10.5296,-0.0402795,0.719571,fluid
1106,4.40734,2.58376,,1008.51,2.25448,85649.1,,-0.00209201,-0.0127494,0.0129199,,-19.3123,10.6139,-0.0430168,0.803858,fluid
1107,4.41685,2.83111,,1008.25,2.43596,83004.8,,-0.000926533,-0.0133111,0.0133433,,-18.6805,10.6819,-0.041634,0.871924,fluid
1108,4.42527,3.07856,,1008,2.58085,80343.6,,0.000314814,-0.0138861,0.0138897,,-18.0511,10.7564,-0.0395002,0.94639,fluid
1109,4.43271,3.32602,,1007.73,2.78223,77644.1,,0.00173733,-0.0136661,0.0137761,,-17.4227,10.8385,-0.0409135,1.02851,fluid
1110,4.43881,3.57345,,1007.47,3.08987,74933.2,,0.00358386,-0.0131086,0.0135896,,-16.7971,10.9116,-0.040856,1.1016,fluid
1111,4.44337,3.82086,,1007.2,3.50416,72203.3,,0.00606511,-0.0127212,0.014093,,-16.1745,10.9908,-0.041079,1.18079,fluid
1112,4.44625,4.06835,,1006.93,4.04452,69447.1,,0.00903134,-0.0120386,0.0150496,,-15.5532,11.0728,-0.0415009,1.26276,fluid
1113,4.44722,4.31606,,1006.66,4.62762,66679.8,,0.0121464,-0.0114498,0.0166923,,-14.9341,11.147,-0.039746,1.33698,fluid
1114,4.44634,4.56409,,1006.39,5.12866,63892.7,,0.0149828,-0.010956,0.0185612,,-14.316,11.2237,-0.0375304,1.4137,fluid
1115,4.44382,4.81252,,1006.11,5.44711,61079.1,,0.016965,-0.0105813,0.0199944,,-13.697,11.2981,-0.0357904,1.4881,fluid
1116,4.43991,5.06128,,1005.83,5.45437,58244.1,,0.0175565,-0.0105459,0.0204804,,-13.0765,11.3669,-0.0342952,1.55686,fluid
1117,4.43493,5.3102,,1005.55,5.04771,55382.6,,0.0163557,-0.0113501,0.0199081,,-12.4536,11.4348,-0.0347031,1.62479,fluid
1118,4.42912,5.55898,,1005.27,4.17675,52499.2,,0.0130705,-0.0131107,0.0185129,,-11.8282,11.4998,-0.0370897,1.68982,fluid
1119,4.42249,5.80722,,1004.98,2.80924,49610.8,,0.00758822,-0.0161092,0.0178069,,-11.2015,11.562,-0.0392986,1.75201,fluid
1120,4.41494,6.05449,,1004.7,1.05076,46717.5,,0.00042193,-0.0202965,0.0203009,,-10.574,11.6245,-0.0417422,1.81452,fluid
1121,4.40622,6.30053,,1004.41,-1.00197,43822,,-0.00803429,-0.0248193,0.0260873,,-9.94506,11.6879,-0.0432116,1.87793,fluid
1122,4.39582,6.54524,,1004.12,-3.22104,40928.4,,-0.0172114,-0.029443,0.0341046,,-9.31479,11.7501,-0.04224,1.94013,fluid
1123,4.38323,6.78877,,1003.83,-5.29731,38051.2,,-0.0257248,-0.0326961,0.0416029,,-8.68339,11.8144,-0.0354552,2.00439,fluid
1124,4.3683,7.03159,,1003.55,-6.79275,35189.8,,-0.0316534,-0.0342325,0.0466241,,-8.0491,11.8786,-0.0218711,2.0686,fluid
1125,4.35174,7.27452,,1003.26,-7.44736,32292.2,,-0.0338402,-0.0331685,0.0473846,,-7.4073,11.9363,-0.0108872,2.12631,fluid
1126,4.33411,7.51833,,1002.96,-7.73609,29331.6,,-0.034532,-0.0300777,0.0457944,,-6.757,11.9983,-0.00935631,2.18834,fluid
1127,4.3147,7.76407,,1002.66,-8.22554,26351.5,,-0.03617,-0.0250334,0.043988,,-6.09787,12.0409,-0.00671198,2.23089,fluid
1128,4.29243,8.01197,,1002.37,-8.2716,23382.1,,-0.0358808,-0.0202547,0.0412029,,-5.43274,12.0868,0.00169441,2.27685,fluid
1129,4.26669,8.26266,,1002.06,-7.23684,20375.2,,-0.03101,-0.014795,0.0343586,,-4.75946,12.126,0.00612173,2.31598,fluid
1130,4.23797,8.51731,,1001.75,-6.38245,17232.8,,-0.027078,-0.012217,0.0297065,,-4.07049,12.1621,-0.0113023,2.35208,fluid
1131,4.20647,8.775,,1001.44,-5.87729,14199.1,,-0.024724,-0.00724887,0.0257648,,-3.37289,12.2052,-0.00220794,2.39522,fluid
1132,4.18531,9.04364,,1001.14,-2.50342,11198.3,,-0.0104504,-0.000466684,0.0104608,,-2.64836,12.24,0.0242122,2.42997,fluid
1133,4.20655,9.30723,,1000.81,0.977684,8002.91,,0.00426877,-0.00648467,0.00776359,,-1.93417,12.2687,-0.0332307,2.45873,fluid
1134,4.35275,9.5922,,1000.52,0.894435,5139.59,,0.00367715,0.00530936,0.00645838,,-1.22655,12.3119,-0.0464037,2.50191,fluid
1135,4.58557,9.83849,,1000.32,6.71245,3147.92,,0.0308832,0.00905149,0.0321823,,-0.772618,12.3229,-0.0863532,2.51287,fluid
1136,4.64613,0.117517,,1010.89,4.63629,110428,,0.000160993,-0.00287001,0.00287453,,-23.5421,9.86937,-0.0305017,0.0593734,fluid
1137,4.60152,0.364881,,1010.66,4.09073,107958,,0.00284134,-0.00399247,0.00490031,,-23.2744,9.93423,-0.0604221,0.124233,fluid
1138,4.5852,0.609461,,1010.44,3.17001,105681,,-0.000183236,-0.00344295,0.00344783,,-22.8607,10.0617,-0.0505205,0.251651,fluid
1139,4.59621,0.855641,,1010.22,2.84391,103356,,-0.00247122,-0.00656509,0.00701479,,-22.2931,10.0964,-0.0333351,0.286438,fluid
1140,4.59567,1.10181,,1009.98,2.73069,100879,,-0.00271101,-0.00720437,0.00769756,,-21.7824,10.1633,-0.0483521,0.35325,fluid
1141,4.60234,1.34855,,1009.75,2.43564,98450.8,,-0.00368652,-0.00763884,0.00848188,,-21.2321,10.2518,-0.0470935,0.44177,fluid
1142,4.61545,1.5955,,1009.51,2.36718,95990.7,,-0.0037718,-0.00924288,0.00998285,,-20.6405,10.3036,-0.0386848,0.493569,fluid
1143,4.62486,1.84228,,1009.26,2.25145,93443.4,,-0.00390656,-0.0101869,0.0109103,,-20.0633,10.3916,-0.044161,0.581617,fluid
1144,4.63589,2.08936,,1009.02,2.28829,90878.1,,-0.00348515,-0.010921,0.0114636,,-19.472,10.4598,-0.0440488,0.649815,fluid
1145,4.64652,2.33652,,1008.77,2.38532,88293.9,,-0.00251444,-0.0125056,0.0127559,,-18.8776,10.5296,-0.0406081,0.719587,fluid
1146,4.65601,2.58389,,1008.51,2.43777,85661.4,,-0.00175769,-0.0135269,0.0136406,,-18.2851,10.6132,-0.0423461,0.803201,fluid
1147,4.66497,2.83149,,1008.26,2.50406,83016,,-0.00104024,-0.0140432,0.0140816,,-17.6905,10.6817,-0.0405544,0.871735,fluid
1148,4.67295,3.07919,,1008,2.53619,80349.8,,-0.000234962,-0.0146574,0.0146593,,-17.0975,10.7562,-0.0392007,0.946214,fluid
1149,4.6801,3.32691,,1007.73,2.64514,77644.4,,0.000845492,-0.0145274,0.014552,,-16.505,10.8388,-0.0420213,1.02879,fluid
1150,4.68598,3.57458,,1007.47,2.87975,74928.7,,0.00246707,-0.0142234,0.0144358,,-15.9142,10.9109,-0.0427798,1.10089,fluid
1151,4.69035,3.8222,,1007.2,3.22625,72194.8,,0.00479148,-0.0141036,0.0148953,,-15.3254,10.9903,-0.0432748,1.18029,fluid
1152,4.69303,4.06984,,1006.93,3.69614,69436.9,,0.00760444,-0.013637,0.0156139,,-14.7375,11.0718,-0.0436127,1.26178,fluid
1153,4.69379,4.31761,,1006.66,4.2021,66670.5,,0.0105461,-0.0132224,0.0169131,,-14.1516,11.1459,-0.0415742,1.33592,fluid
1154,4.69269,4.56561,,1006.39,4.63443,63884.9,,0.013236,-0.0128336,0.0184362,,-13.5662,11.2241,-0.0389439,1.41405,fluid
1155,4.68999,4.81395,,1006.11,4.93293,61073.9,,0.0152429,-0.0122396,0.0195487,,-12.9795,11.3008,-0.0364075,1.49076,fluid
1156,4.68604,5.06267,,1005.83,4.99668,58244,,0.0161432,-0.0118042,0.0199985,,-12.3909,11.3715,-0.0337005,1.56146,fluid
1157,4.68123,5.3117,,1005.55,4.74687,55387.5,,0.0156379,-0.0117331,0.0195502,,-11.7986,11.4418,-0.0321611,1.63177,fluid
1158,4.67592,5.56087,,1005.27,4.14976,52503.9,,0.0134799,-0.0122885,0.0182405,,-11.2028,11.5078,-0.0330803,1.69784,fluid
1159,4.67021,5.80985,,1004.98,3.1717,49603.8,,0.00952764,-0.0137921,0.016763,,-10.6044,11.571,-0.0357738,1.76095,fluid
1160,4.664,6.05827,,1004.69,1.79251,46692.6,,0.00374444,-0.0166772,0.0170924,,-10.004,11.6308,-0.0394473,1.82079,fluid
1161,4.65694,6.30569,,1004.4,0.0494222,43775.6,,-0.00373949,-0.0204942,0.0208325,,-9.40219,11.6935,-0.0433214,1.88346,fluid
1162,4.64836,6.55189,,1004.11,-1.96845,40858.1,,-0.0125019,-0.0250506,0.027997,,-8.7986,11.7525,-0.0448242,1.94251,fluid
1163,4.63756,6.79674,,1003.83,-4.04599,37958.6,,-0.0215212,-0.0290789,0.0361766,,-8.19499,11.8141,-0.0411292,2.00412,fluid
1164,4.62413,7.04048,,1003.54,-5.76511,35076.9,,-0.0288659,-0.032211,0.0432526,,-7.59025,11.8768,-0.0313808,2.06676,fluid
1165,4.6084,7.28366,,1003.25,-6.88157,32176.3,,-0.0333549,-0.0330508,0.0469564,,-6.98135,11.9332,-0.0218587,2.1232,fluid
1166,4.59067,7.52687,,1002.95,-7.64935,29231.4,,-0.0362821,-0.031946,0.0483419,,-6.36549,11.9952,-0.0166699,2.18519,fluid
1167,4.57046,7.77134,,1002.66,-8.30062,26267.8,,-0.0387475,-0.0278999,0.047747,,-5.74355,12.0425,-0.011482,2.2325,fluid
1168,4.54725,8.01765,,1002.36,-8.34227,23316.6,,-0.0384235,-0.0231101,0.044838,,-5.11726,12.0891,-0.00170317,2.27906,fluid
1169,4.52023,8.26664,,1002.06,-7.40292,20321.1,,-0.0336932,-0.0175918,0.0380093,,-4.48725,12.127,-0.000892373,2.31698,fluid
1170,4.48904,8.51982,,1001.74,-6.61729,17200.1,,-0.029806,-0.0136511,0.0327834,,-3.84304,12.1634,-0.0181247,2.35341,fluid
1171,4.45442,8.77654,,1001.44,-6.00578,14190,,-0.0268169,-0.00796779,0.0279756,,-3.1915,12.2025,-0.0104738,2.39248,fluid
1172,4.43143,9.04443,,1001.14,-2.65329,11190,,-0.0117694,-0.00137864,0.0118499,,-2.51561,12.2287,0.00667117,2.41873,fluid
1173,4.451,9.30701,,1000.81,0.480498,8010.35,,0.00223897,-0.00590232,0.00631272,,-1.84898,12.2632,-0.0507704,2.45324,fluid
1174,4.60238,9.59252,,1000.53,0.458403,5174.77,,0.00184093,0.00493072,0.00526317,,-1.18649,12.2792,-0.0627158,2.46915,fluid
1175,4.83906,9.84227,,1000.32,5.55948,3146.34,,0.0269727,0.00652462,0.0277506,,-0.739966,12.2712,-0.0899779,2.46115,fluid
1176,4.89676,0.117697,,1010.9,4.77587,110468,,0.000338147,-0.00290163,0.00292126,,-22.3453,9.86912,-0.0290985,0.0591181,fluid
1177,4.85352,0.365082,,1010.66,4.18783,107995,,0.00294538,-0.00405034,0.00500804,,-22.0712,9.93384,-0.0551356,0.123842,fluid
1178,4.83822,0.609596,,1010.44,3.39721,105702,,0.00039066,-0.00353297,0.0035545,,-21.6666,10.0612,-0.045076,0.251231,fluid
1179,4.84886,0.855698,,1010.22,3.08913,103373,,-0.00190626,-0.00661074,0.00688009,,-21.1323,10.0957,-0.0288288,0.285743,fluid
1180,4.84766,1.10177,,1009.98,2.94979,100898,,-0.00226209,-0.00735742,0.00769731,,-20.6508,10.1636,-0.0427939,0.353626,fluid
1181,4.85386,1.34839,,1009.75,2.65565,98465.9,,-0.00329726,-0.00782382,0.00849023,,-20.1327,10.2515,-0.0424808,0.441519,fluid
1182,4.86658,1.5953,,1009.51,2.58616,96004.7,,-0.00337131,-0.00956474,0.0101415,,-19.577,10.3035,-0.0355009,0.493541,fluid
1183,4.87538,1.84211,,1009.27,2.48987,93455.9,,-0.00339901,-0.0106139,0.0111449,,-19.0346,10.3922,-0.0415811,0.582152,fluid
1184,4.88579,2.0893,,1009.02,2.53756,90889.4,,-0.00291202,-0.0114226,0.011788,,-18.4784,10.4602,-0.0417962,0.65024,fluid
1185,4.8958,2.33663,,1008.77,2.60571,88305.6,,-0.0020207,-0.0129777,0.0131341,,-17.9187,10.5289,-0.0384964,0.718917,fluid
1186,4.90464,2.58418,,1008.51,2.57874,85673.4,,-0.00158772,-0.0140049,0.0140946,,-17.3604,10.6133,-0.0400636,0.803302,fluid
1187,4.91308,2.83199,,1008.26,2.56189,83025.5,,-0.00122624,-0.0144356,0.0144876,,-16.7991,10.6818,-0.0386369,0.871807,fluid
1188,4.92065,3.0799,,1008,2.51267,80356,,-0.000758198,-0.015109,0.015128,,-16.239,10.7567,-0.0382127,0.946698,fluid
1189,4.92752,3.32786,,1007.73,2.55718,77646.3,,8.83492e-05,-0.0150877,0.0150879,,-15.6787,10.8389,-0.0419898,1.02893,fluid
1190,4.93322,3.5758,,1007.47,2.73823,74926.1,,0.00155891,-0.0149407,0.0150219,,-15.1191,10.9108,-0.0436512,1.10075,fluid
1191,4.93746,3.82368,,1007.2,3.03252,72187.5,,0.00377233,-0.0149152,0.0153848,,-14.5608,10.9899,-0.0449976,1.17989,fluid
1192,4.94004,4.07152,,1006.93,3.43786,69426.1,,0.00642795,-0.014603,0.0159552,,-14.0031,11.0709,-0.0461045,1.26087,fluid
1193,4.94068,4.3194,,1006.66,3.8724,66657.8,,0.00919156,-0.014352,0.017043,,-13.4462,11.1449,-0.0438475,1.33488,fluid
1194,4.93945,4.56743,,1006.39,4.24418,63871,,0.0117452,-0.0141854,0.0184167,,-12.8898,11.2236,-0.0410323,1.41361,fluid
1195,4.93663,4.81571,,1006.11,4.48919,61061.6,,0.0136111,-0.0137874,0.0193741,,-12.3323,11.301,-0.0383255,1.49097,fluid
1196,4.9326,5.06432,,1005.83,4.54305,58235.1,,0.0145307,-0.0133789,0.0197518,,-11.7722,11.3731,-0.0345004,1.56314,fluid
1197,4.92783,5.31327,,1005.55,4.34858,55383.4,,0.0142862,-0.0130389,0.0193419,,-11.2083,11.446,-0.0314413,1.63599,fluid
1198,4.92274,5.56248,,1005.27,3.91009,52505.1,,0.0128101,-0.0127887,0.0181011,,-10.6406,11.5138,-0.0306538,1.7038,fluid
1199,4.91755,5.81176,,1004.98,3.19676,49605.6,,0.00997605,-0.0132786,0.0166085,,-10.0696,11.5782,-0.0321041,1.76817,fluid
1200,4.91225,6.06081,,1004.69,2.18175,46684.9,,0.00569146,-0.0146659,0.0157316,,-9.49556,11.6392,-0.0361825,1.8292,fluid
1201,4.90651,6.30926,,1004.4,0.818272,43751.6,,-0.000320556,-0.0173761,0.0173791,,-8.91949,11.6995,-0.0415169,1.88948,fluid
1202,4.89956,6.5567,,1004.11,-0.919063,40816.3,,-0.00817571,-0.0212348,0.0227543,,-8.34212,11.7578,-0.0456137,1.94782,fluid
1203,4.89056,6.80291,,1003.82,-2.83356,37893.9,,-0.016884,-0.0252945,0.0304118,,-7.76332,11.8162,-0.0444094,2.00618,fluid
1204,4.8789,7.04782,,1003.53,-4.61555,34988.6,,-0.0249542,-0.0292643,0.0384592,,-7.18489,11.876,-0.0386838,2.06605,fluid
1205,4.86455,7.29173,,1003.24,-6.02907,32073.7,,-0.0311875,-0.0315069,0.0443322,,-6.60377,11.9322,-0.0316932,2.12222,fluid
1206,4.84745,7.53502,,1002.94,-7.22209,29133.2,,-0.0363697,-0.0322822,0.0486301,,-6.0184,11.9901,-0.0260491,2.18006,fluid
1207,4.82705,7.77873,,1002.65,-8.1689,26184.2,,-0.0403896,-0.0299624,0.0502898,,-5.42817,12.041,-0.0180168,2.23101,fluid
1208,4.8032,8.02364,,1002.35,-8.3697,23242,,-0.0408242,-0.0260949,0.0484516,,-4.83511,12.0881,-0.0076121,2.27807,fluid
1209,4.77482,8.27087,,1002.05,-7.67444,20257.8,,-0.0369965,-0.0207539,0.0424201,,-4.2412,12.1277,-0.00726309,2.3177,fluid
1210,4.74083,8.52245,,1001.74,-6.98242,17172.5,,-0.033311,-0.0156247,0.0367934,,-3.63765,12.1628,-0.0217003,2.35277,fluid
1211,4.70281,8.77802,,1001.44,-6.17909,14188.5,,-0.0292059,-0.00909212,0.0305884,,-3.02779,12.198,-0.015109,2.38799,fluid
1212,4.67796,9.04518,,1001.14,-2.87668,11178.1,,-0.013509,-0.00313196,0.0138673,,-2.39339,12.2161,-0.00656321,2.4061,fluid
1213,4.69534,9.30708,,1000.82,-0.0558326,8025.99,,-0.000250575,-0.00573239,0.00573786,,-1.76818,12.2533,-0.0602224,2.44333,fluid
1214,4.85137,9.59316,,1000.53,0.125023,5204.46,,0.000315964,0.00238357,0.00240442,,-1.14,12.2452,-0.0677912,2.43519,fluid
1215,5.09078,9.84602,,1000.32,4.93332,3146.63,,0.0251315,0.000367847,0.0251342,,-0.694915,12.2244,-0.0770102,2.41436,fluid
1216,5.14733,0.117849,,1010.9,4.88815,110504,,0.000423099,-0.00292597,0.0029564,,-21.268,9.86886,-0.0313124,0.0588573,fluid
1217,5.10543,0.365257,,1010.66,4.26859,108026,,0.00294645,-0.0040956,0.00504534,,-20.9895,9.93344,-0.0537961,0.123442,fluid
1218,5.09107,0.609727,,1010.44,3.57268,105720,,0.000716286,-0.00359061,0.00366136,,-20.5946,10.061,-0.0434386,0.250986,fluid
1219,5.10137,0.855773,,1010.22,3.28881,103386,,-0.00155746,-0.00664462,0.00682471,,-20.0898,10.0954,-0.0285455,0.285385,fluid
1220,5.09958,1.10176,,1009.98,3.12404,100911,,-0.00204767,-0.00742244,0.00769971,,-19.634,10.1641,-0.041506,0.354115,fluid
1221,5.10534,1.3483,,1009.75,2.84041,98476.2,,-0.00308415,-0.0079657,0.00854192,,-19.1442,10.251,-0.0415508,0.441016,fluid
1222,5.11764,1.59517,,1009.51,2.77937,96013.9,,-0.00308738,-0.00974647,0.0102238,,-18.6205,10.3033,-0.0358932,0.493329,fluid
1223,5.1258,1.84202,,1009.27,2.69916,93464.7,,-0.00299686,-0.0109078,0.011312,,-18.1088,10.3917,-0.0420665,0.581732,fluid
1224,5.1356,2.08929,,1009.02,2.74389,90898.4,,-0.00248001,-0.011726,0.0119854,,-17.5844,10.4595,-0.0428895,0.649513,fluid
1225,5.14503,2.33675,,1008.77,2.77884,88315,,-0.0016734,-0.0132566,0.0133618,,-17.0559,10.5279,-0.0399531,0.717873,fluid
1226,5.15325,2.58443,,1008.51,2.69673,85681.9,,-0.0014627,-0.0142403,0.0143152,,-16.5281,10.6135,-0.0416909,0.803521,fluid
1227,5.16119,2.8324,,1008.26,2.61812,83032.4,,-0.00138545,-0.0147076,0.0147727,,-15.9969,10.6819,-0.0407728,0.871944,fluid
1228,5.16836,3.08052,,1008,2.51177,80360.7,,-0.00116485,-0.0154597,0.0155035,,-15.4657,10.7571,-0.0405102,0.947101,fluid
1229,5.17495,3.32871,,1007.73,2.49931,77648.7,,-0.000542078,-0.0155211,0.0155306,,-14.9335,10.8396,-0.0439458,1.02964,fluid
1230,5.18048,3.57691,,1007.47,2.63049,74925.7,,0.000769597,-0.0154192,0.0154384,,-14.4012,10.911,-0.0452999,1.10104,fluid
1231,5.18462,3.82505,,1007.2,2.87283,72184,,0.00285192,-0.0154404,0.0157016,,-13.8701,10.9896,-0.0469585,1.17962,fluid
1232,5.18716,4.07313,,1006.93,3.23276,69418,,0.00542914,-0.0151567,0.0160997,,-13.3392,11.0705,-0.0486248,1.26054,fluid
1233,5.18777,4.3212,,1006.66,3.61976,66645.3,,0.00809999,-0.0150304,0.0170741,,-12.8089,11.1446,-0.0472908,1.3346,fluid
1234,5.1865,4.56933,,1006.39,3.9387,63856.4,,0.0105237,-0.0150076,0.0183296,,-12.2785,11.2234,-0.0445758,1.41339,fluid
1235,5.18363,4.81765,,1006.11,4.13778,61046.6,,0.0122628,-0.0149257,0.0193172,,-11.7469,11.3004,-0.0415855,1.49044,fluid
1236,5.17956,5.06622,,1005.83,4.15366,58221.3,,0.0130532,-0.0147103,0.0196667,,-11.2125,11.3735,-0.037132,1.56353,fluid
1237,5.1748,5.31508,,1005.55,3.96457,55371.4,,0.0128374,-0.0144616,0.0193374,,-10.6749,11.4472,-0.0337144,1.63716,fluid
1238,5.16983,5.56419,,1005.27,3.57921,52498,,0.0115724,-0.0139562,0.01813,,-10.133,11.5175,-0.0314877,1.70746,fluid
1239,5.16492,5.81348,,1004.98,3.03476,49603.2,,0.00948247,-0.0137705,0.0167196,,-9.5873,11.5832,-0.0310306,1.7732,fluid
1240,5.16015,6.06277,,1004.69,2.28959,46682.3,,0.0063918,-0.0142583,0.0156255,,-9.03818,11.6461,-0.0337446,1.83612,fluid
1241,5.15531,6.31178,,1004.4,1.27504,43742.4,,0.00188404,-0.0155483,0.015662,,-8.48671,11.7069,-0.0389656,1.89694,fluid
1242,5.14966,6.56016,,1004.11,-0.0972395,40792.6,,-0.00448314,-0.0185587,0.0190925,,-7.93361,11.7628,-0.0445963,1.95285,fluid
1243,5.1423,6.80749,,1003.81,-1.78021,37853.2,,-0.0124518,-0.0219737,0.0252565,,-7.37909,11.8218,-0.0459219,2.01182,fluid
1244,5.13244,7.05363,,1003.52,-3.47449,34925.9,,-0.0204923,-0.0260756,0.0331643,,-6.82335,11.8764,-0.0423128,2.06644,fluid
1245,5.11977,7.29853,,1003.23,-5.03595,31992.6,,-0.0278466,-0.0291961,0.0403465,,-6.2675,11.9329,-0.0387844,2.12293,fluid
1246,5.10389,7.54241,,1002.93,-6.50195,29045.8,,-0.0347423,-0.0312391,0.0467216,,-5.70803,11.987,-0.0337742,2.17695,fluid
1247,5.08401,7.786,,1002.64,-7.74183,26103,,-0.0404829,-0.0307647,0.0508462,,-5.14597,12.0367,-0.0251547,2.22672,fluid
1248,5.06008,8.02995,,1002.34,-8.23435,23159.8,,-0.0424245,-0.0286634,0.0511999,,-4.58093,12.0852,-0.0146582,2.27517,fluid
1249,5.03049,8.2756,,1002.04,-7.94755,20184.9,,-0.0404725,-0.0238092,0.0469564,,-4.01845,12.1271,-0.0141337,2.31709,fluid
1250,4.99353,8.52547,,1001.74,-7.42205,17145.5,,-0.0374058,-0.0181503,0.0415768,,-3.45058,12.1601,-0.0230048,2.35013,fluid
1251,4.95181,8.77967,,1001.44,-6.39811,14186.4,,-0.031919,-0.0108974,0.0337279,,-2.87713,12.1932,-0.0163554,2.38318,fluid
1252,4.92474,9.04595,,1001.13,-3.12958,11159.8,,-0.0155084,-0.00558855,0.0164846,,-2.27761,12.2043,-0.0141107,2.39426,fluid
1253,4.93947,9.30742,,1000.82,-0.513418,8050.98,,-0.00262805,-0.0062489,0.00677904,,-1.68912,12.2399,-0.0605267,2.42992,fluid
1254,5.09964,9.59376,,1000.53,0.0456868,5225.59,,-6.4525e-05,-0.00225179,0.00225271,,-1.08703,12.2154,-0.0628805,2.40541,fluid
1255,5.3411,9.84921,,1000.32,4.89506,3152.29,,0.026093,-0.00833174,0.0273909,,-0.643613,12.1922,-0.0536073,2.38219,fluid
1256,5.3978,0.118008,,1010.9,4.99501,110538,,0.00060951,-0.00294914,0.00301147,,-20.2916,9.86858,-0.0341765,0.058585,fluid
1257,5.35725,0.365463,,1010.67,4.35434,108054,,0.00311385,-0.00413698,0.0051779,,-20.0124,9.93302,-0.0556482,0.123021,fluid
1258,5.34375,0.60992,,1010.45,3.73874,105735,,0.00119917,-0.00364487,0.00383707,,-19.6287,10.0605,-0.046594,0.250508,fluid
1259,5.35376,0.855944,,1010.22,3.47915,103396,,-0.00101554,-0.00665883,0.00673583,,-19.1507,10.0946,-0.0333643,0.284588,fluid
1260,5.35145,1.10189,,1009.98,3.30063,100920,,-0.00158294,-0.00747647,0.0076422,,-18.7181,10.1644,-0.0460646,0.354383,fluid
1261,5.35677,1.34835,,1009.75,3.02989,98482.3,,-0.00260744,-0.00805508,0.00846659,,-18.2532,10.2511,-0.04606,0.441074,fluid
1262,5.36862,1.59521,,1009.51,2.97121,96020.1,,-0.00258547,-0.00989978,0.0102318,,-17.7574,10.3031,-0.0404927,0.493136,fluid
1263,5.37615,1.84209,,1009.27,2.89903,93471.8,,-0.00243592,-0.011069,0.0113338,,-17.2721,10.3917,-0.0453703,0.581705,fluid
1264,5.38534,2.08942,,1009.02,2.9298,90907.1,,-0.00196349,-0.0118763,0.0120375,,-16.7744,10.4589,-0.0448006,0.648941,fluid
1265,5.39424,2.33696,,1008.77,2.93082,88324.9,,-0.00128054,-0.0133955,0.0134565,,-16.2726,10.5274,-0.041,0.717419,fluid
1266,5.40186,2.58475,,1008.51,2.80754,85691.6,,-0.00126079,-0.0143653,0.0144205,,-15.7714,10.6134,-0.0420196,0.803401,fluid
1267,5.40931,2.83284,,1008.26,2.68471,83041.4,,-0.00140769,-0.0148945,0.0149608,,-15.267,10.6822,-0.0411197,0.872151,fluid
1268,5.41609,3.08111,,1008,2.53028,80368.4,,-0.00141701,-0.0157467,0.0158104,,-14.7621,10.7575,-0.0410093,0.947546,fluid
1269,5.42239,3.32951,,1007.73,2.46418,77654.3,,-0.00103965,-0.0159184,0.0159523,,-14.2557,10.8403,-0.0445452,1.03033,fluid
1270,5.42774,3.57794,,1007.47,2.53909,74929,,3.77261e-05,-0.0158296,0.0158296,,-13.7488,10.9115,-0.0463283,1.10147,fluid
1271,5.4318,3.82633,,1007.2,2.7275,72184.3,,0.00194607,-0.0158332,0.0159524,,-13.2423,10.99,-0.0481375,1.18003,fluid
1272,5.43433,4.07465,,1006.93,3.05235,69414.2,,0.00447902,-0.0155442,0.0161766,,-12.7354,11.0709,-0.0500449,1.26087,fluid
1273,5.43496,4.32294,,1006.66,3.42405,66636.7,,0.00722095,-0.0154253,0.0170318,,-12.2293,11.1445,-0.0496101,1.33446,fluid
1274,5.43371,4.57126,,1006.38,3.71608,63844.1,,0.00963816,-0.015541,0.018287,,-11.7229,11.2236,-0.047859,1.41361,fluid
1275,5.43086,4.81969,,1006.11,3.88127,61031.9,,0.0112902,-0.0155913,0.0192499,,-11.2145,11.3008,-0.04471,1.49077,fluid
1276,5.42681,5.0683,,1005.83,3.86038,58206.2,,0.01193,-0.0156435,0.0196735,,-10.7033,11.3735,-0.039823,1.56349,fluid
1277,5.42211,5.31712,,1005.55,3.64295,55357.6,,0.0115715,-0.0155261,0.0193638,,-10.1886,11.4476,-0.0353415,1.63762,fluid
1278,5.41725,5.56613,,1005.27,3.27288,52484.9,,0.0103383,-0.015192,0.018376,,-9.67042,11.5186,-0.0327004,1.70858,fluid
1279,5.41251,5.81529,,1004.98,2.78917,49594.9,,0.00847864,-0.0146719,0.0169455,,-9.14792,11.5873,-0.030319,1.77733,fluid
1280,5.40805,6.06458,,1004.69,2.22302,46678.5,,0.00620649,-0.014665,0.0159242,,-8.62257,11.6504,-0.0315721,1.84041,fluid
1281,5.40374,6.31378,,1004.4,1.46621,43738.9,,0.00288055,-0.015134,0.0154057,,-8.09442,11.714,-0.0356842,1.904,fluid
1282,5.399,6.56271,,1004.11,0.439488,40783.7,,-0.0019173,-0.0168084,0.0169174,,-7.56352,11.7689,-0.0404699,1.95894,fluid
1283,5.393,6.8109,,1003.81,-0.938828,37829,,-0.00863933,-0.019803,0.0216055,,-7.0325,11.8272,-0.0446664,2.01721,fluid
1284,5.38479,7.05808,,1003.52,-2.49181,34885.3,,-0.0163251,-0.0231014,0.0282875,,-6.49919,11.8804,-0.0434195,2.07036,fluid
1285,5.37388,7.30404,,1003.22,-4.03096,31932.9,,-0.0239371,-0.0268686,0.0359848,,-5.96501,11.9333,-0.0418695,2.12329,fluid
1286,5.35959,7.54872,,1002.93,-5.64806,28976.7,,-0.032028,-0.0294519,0.043511,,-5.43073,11.987,-0.0400017,2.17697,fluid
1287,5.34082,7.7927,,1002.63,-7.0577,26028.2,,-0.0389988,-0.0304422,0.0494735,,-4.89171,12.0336,-0.0310746,2.22363,fluid
1288,5.31748,8.03629,,1002.34,-7.90016,23075.1,,-0.0429217,-0.0301933,0.0524777,,-4.35229,12.0802,-0.0229244,2.27022,fluid
1289,5.28709,8.28077,,1002.04,-8.12105,20106.5,,-0.0435812,-0.0263764,0.0509415,,-3.81651,12.1252,-0.0212912,2.31525,fluid
1290,5.24724,8.52906,,1001.74,-7.8508,17113.4,,-0.0416857,-0.0209028,0.0466329,,-3.27848,12.156,-0.0227171,2.34598,fluid
1291,5.20162,8.78174,,1001.44,-6.6399,14176.4,,-0.034871,-0.0133084,0.0373242,,-2.73689,12.1878,-0.0154185,2.3778,fluid
1292,5.17186,9.04676,,1001.13,-3.38224,11137.3,,-0.0176604,-0.00872071,0.0196962,,-2.1681,12.1944,-0.0170923,2.38443,fluid
1293,5.18345,9.30785,,1000.82,-0.788668,8083.68,,-0.00428978,-0.00762965,0.00875293,,-1.61112,12.2265,-0.0528817,2.41652,fluid
1294,5.34724,9.59401,,1000.53,0.288202,5240.84,,0.00124356,-0.00843281,0.00852401,,-1.02962,12.1956,-0.0500432,2.38561,fluid
1295,5.5904,9.85153,,1000.32,5.40667,3164.8,,0.0301009,-0.0178504,0.0349958,,-0.593048,12.1796,-0.0271174,2.36963,fluid
1296,5.64821,0.118137,,1010.91,5.07884,110573,,0.000700687,-0.00296591,0.00304755,,-19.3998,9.86826,-0.0343182,0.0582598,fluid
1297,5.60895,0.365633,,1010.67,4.42261,108085,,0.00320682,-0.00416544,0.00525686,,-19.1182,9.93244,-0.0514792,0.122444,fluid
1298,5.59627,0.610092,,1010.45,3.87324,105757,,0.00157046,-0.00366706,0.0039892,,-18.7435,10.0595,-0.0410991,0.249506,fluid
1299,5.606,0.856103,,1010.22,3.63917,103414,,-0.00058359,-0.00664013,0.00666572,,-18.2881,10.0938,-0.0278132,0.283779,fluid
1300,5.60322,1.10202,,1009.99,3.45257,100937,,-0.00119485,-0.00752587,0.00762013,,-17.876,10.1642,-0.0399037,0.354244,fluid
1301,5.60814,1.34844,,1009.75,3.20138,98496.4,,-0.00216344,-0.00809554,0.00837964,,-17.4342,10.2507,-0.0407003,0.440714,fluid
1302,5.61951,1.59529,,1009.51,3.14595,96033.4,,-0.00211462,-0.00999068,0.010212,,-16.9645,10.3027,-0.0362494,0.492667,fluid
1303,5.62644,1.84221,,1009.27,3.06324,93484.8,,-0.00200729,-0.0111859,0.0113646,,-16.5047,10.3917,-0.0420323,0.581688,fluid
1304,5.63505,2.08961,,1009.02,3.07341,90919.5,,-0.00163176,-0.0119328,0.0120439,,-16.0327,10.4584,-0.0423194,0.648449,fluid
1305,5.64344,2.33721,,1008.77,3.05244,88335.9,,-0.00103517,-0.0134041,0.013444,,-15.5561,10.5273,-0.039385,0.717309,fluid
1306,5.6505,2.58508,,1008.52,2.90087,85701.2,,-0.00116649,-0.0144152,0.0144623,,-15.0801,10.6133,-0.041132,0.803345,fluid
1307,5.65747,2.83328,,1008.26,2.74994,83049.9,,-0.00146596,-0.0149931,0.0150646,,-14.6002,10.682,-0.04072,0.87196,fluid
1308,5.66384,3.0817,,1008,2.55503,80375.9,,-0.00167238,-0.0159633,0.0160507,,-14.1192,10.7575,-0.0407006,0.947489,fluid
1309,5.66983,3.33027,,1007.73,2.4374,77660.6,,-0.00153624,-0.0161744,0.0162472,,-13.6363,10.8408,-0.0443003,1.03084,fluid
1310,5.675,3.57892,,1007.47,2.46114,74933,,-0.000672116,-0.0161813,0.0161952,,-13.1528,10.9114,-0.0466637,1.1014,fluid
1311,5.67899,3.82754,,1007.2,2.60235,72184.6,,0.00108225,-0.0162044,0.0162405,,-12.6692,10.9906,-0.0493084,1.18064,fluid
1312,5.68153,4.07609,,1006.93,2.89133,69410.5,,0.00354878,-0.0158666,0.0162586,,-12.1845,11.0717,-0.0517185,1.26174,fluid
1313,5.68219,4.32461,,1006.66,3.23871,66630.5,,0.00631118,-0.0157427,0.0169606,,-11.6996,11.145,-0.0509477,1.33496,fluid
1314,5.68098,4.57315,,1006.38,3.52199,63834.3,,0.0088298,-0.0159029,0.0181898,,-11.2146,11.2237,-0.0493615,1.41371,fluid
1315,5.6782,4.82176,,1006.11,3.66424,61018.8,,0.0104495,-0.0160198,0.0191265,,-10.7279,11.3015,-0.047024,1.49151,fluid
1316,5.67426,5.07048,,1005.83,3.61223,58191,,0.0109524,-0.0161594,0.0195213,,-10.2383,11.3738,-0.0424508,1.56384,fluid
1317,5.66969,5.31931,,1005.55,3.3598,55342,,0.0103915,-0.0162705,0.0193058,,-9.74507,11.448,-0.0378988,1.63796,fluid
1318,5.66497,5.56826,,1005.26,2.98763,52469.1,,0.00910526,-0.0159764,0.0183889,,-9.24845,11.5196,-0.0349329,1.70959,fluid
1319,5.66041,5.8173,,1004.98,2.53552,49579.1,,0.00733526,-0.015706,0.0173345,,-8.74857,11.5887,-0.0330382,1.77867,fluid
1320,5.65613,6.06646,,1004.69,2.05237,46668.6,,0.00542668,-0.0152215,0.0161599,,-8.24473,11.6546,-0.0322753,1.8446,fluid
1321,5.65212,6.31568,,1004.4,1.50267,43731.3,,0.00311418,-0.0155481,0.015857,,-7.73857,11.7177,-0.0353265,1.90767,fluid
1322,5.64796,6.56479,,1004.11,0.713369,40778.8,,-0.000565298,-0.0161224,0.0161323,,-7.22976,11.7765,-0.0391864,1.9665,fluid
1323,5.64293,6.81355,,1003.81,-0.32578,37814.5,,-0.00567076,-0.0184124,0.0192659,,-6.71894,11.8305,-0.0431625,2.02046,fluid
1324,5.63619,7.06146,,1003.52,-1.66399,34855.7,,-0.0125247,-0.021103,0.0245399,,-6.20843,11.8863,-0.0458278,2.07627,fluid
1325,5.62694,7.30835,,1003.22,-3.13221,31892.2,,-0.0201111,-0.0244549,0.0316623,,-5.69399,11.9351,-0.044407,2.12511,fluid
1326,5.61435,7.55392,,1002.92,-4.72049,28924,,-0.0284295,-0.0276762,0.0396763,,-5.18109,11.9864,-0.0442938,2.17642,fluid
1327,5.5971,7.79851,,1002.63,-6.25307,25966.3,,-0.0364712,-0.0293053,0.0467862,,-4.66479,12.0337,-0.0376983,2.22374,fluid
1328,5.57483,8.04229,,1002.33,-7.34354,22992.5,,-0.0420059,-0.0306715,0.0520119,,-4.1463,12.0753,-0.031545,2.26532,fluid
1329,5.54422,8.28619,,1002.03,-8.08838,20027.5,,-0.0456374,-0.0280683,0.053578,,-3.63368,12.1222,-0.0286884,2.31224,fluid
1330,5.50192,8.53321,,1001.73,-8.16377,17073.6,,-0.0455531,-0.0235687,0.051289,,-3.12088,12.152,-0.0230329,2.34201,fluid
1331,5.45244,8.78437,,1001.44,-6.85278,14152.8,,-0.0377882,-0.0161001,0.0410751,,-2.60558,12.1811,-0.0136277,2.37113,fluid
1332,5.41955,9.04773,,1001.13,-3.61504,11114.2,,-0.0198534,-0.0124716,0.0234457,,-2.06475,12.1891,-0.0163084,2.37909,fluid
1333,5.42753,9.30832,,1000.83,-0.850386,8117.92,,-0.00492841,-0.0098248,0.0109916,,-1.53592,12.2138,-0.0414627,2.40383,fluid
1334,5.59436,9.59369,,1000.53,0.865007,5250.29,,0.00452673,-0.0152295,0.015888,,-0.974595,12.1877,-0.0366,2.37768,fluid
1335,5.83911,9.8529,,1000.32,6.21757,3186.52,,0.036109,-0.0262842,0.0446623,,-0.554452,12.1863,-0.00890775,2.37634,fluid
1336,5.89857,0.118251,,1010.91,5.13735,110603,,0.000733004,-0.00297872,0.00306759,,-18.5885,9.86808,-0.0400049,0.0580766,fluid
1337,5.86056,0.365789,,1010.67,4.46233,108109,,0.00316264,-0.0041827,0.00524378,,-18.3073,9.93212,-0.0551726,0.122124,fluid
1338,5.84864,0.610252,,1010.45,3.96261,105771,,0.00169233,-0.00367482,0.00404577,,-17.9424,10.0592,-0.0447075,0.249234,fluid
1339,5.85812,0.856257,,1010.22,3.75294,103422,,-0.000412296,-0.00662582,0.00663864,,-17.5087,10.0935,-0.0328595,0.283492,fluid
1340,5.85493,1.10215,,1009.99,3.56624,100945,,-0.00104689,-0.00750916,0.00758178,,-17.1144,10.1642,-0.0438813,0.354216,fluid
1341,5.85945,1.34853,,1009.75,3.32982,98501.8,,-0.00197421,-0.00815395,0.00838955,,-16.6927,10.2504,-0.0442507,0.44038,fluid
1342,5.87033,1.59536,,1009.51,3.27402,96039.4,,-0.00189622,-0.0100015,0.0101796,,-16.2461,10.3013,-0.0401426,0.491285,fluid
1343,5.87668,1.84231,,1009.27,3.19063,93491.7,,-0.00174297,-0.0112025,0.0113373,,-15.8083,10.3909,-0.0454733,0.580921,fluid
1344,5.88474,2.08974,,1009.02,3.18221,90926.8,,-0.0014221,-0.0119378,0.0120222,,-15.3596,10.4575,-0.0464728,0.647519,fluid
1345,5.89265,2.3374,,1008.77,3.14444,88342.7,,-0.000855134,-0.0133886,0.0134159,,-14.9061,10.5266,-0.0444288,0.716586,fluid
1346,5.89916,2.58533,,1008.52,2.98525,85706.9,,-0.00100368,-0.0143561,0.0143911,,-14.452,10.6132,-0.0460658,0.803219,fluid
1347,5.90564,2.83363,,1008.26,2.81715,83055.4,,-0.00140006,-0.0150281,0.0150932,,-13.9938,10.6818,-0.0452985,0.871751,fluid
1348,5.9116,3.08218,,1008,2.58774,80381.4,,-0.00179634,-0.0160721,0.0161721,,-13.5342,10.7573,-0.0449092,0.947334,fluid
1349,5.91729,3.33091,,1007.74,2.4131,77665.9,,-0.00196306,-0.0163924,0.0165096,,-13.0725,10.8409,-0.0479653,1.03095,fluid
1350,5.92227,3.57975,,1007.47,2.37858,74937.5,,-0.00137514,-0.0164057,0.0164633,,-12.6092,10.9119,-0.0494829,1.10189,fluid
1351,5.92618,3.82859,,1007.2,2.47536,72186.6,,0.00022485,-0.0165312,0.0165327,,-12.1461,10.9908,-0.0522237,1.18076,fluid
1352,5.92872,4.07739,,1006.93,2.73753,69408.6,,0.00266684,-0.0162357,0.0164533,,-11.6822,11.0723,-0.0556353,1.26234,fluid
1353,5.92941,4.32617,,1006.66,3.06424,66624.8,,0.00544755,-0.0161068,0.0170031,,-11.2178,11.1458,-0.0557881,1.33582,fluid
1354,5.92827,4.57495,,1006.38,3.33181,63826.1,,0.00801149,-0.0162002,0.0180729,,-10.7519,11.2246,-0.0537408,1.41464,fluid
1355,5.9256,4.8238,,1006.11,3.47405,61007.2,,0.0097319,-0.0163355,0.0190147,,-10.2846,11.3015,-0.051505,1.49154,fluid
1356,5.92181,5.07268,,1005.83,3.4067,58176.2,,0.0101889,-0.0164818,0.0193769,,-9.81459,11.3746,-0.0474584,1.56462,fluid
1357,5.91744,5.32161,,1005.55,3.1436,55324.5,,0.00954935,-0.0166275,0.0191746,,-9.34067,11.4485,-0.0428517,1.6385,fluid
1358,5.91295,5.57054,,1005.26,2.75964,52451.8,,0.00814195,-0.0164677,0.0183706,,-8.86341,11.5205,-0.0391847,1.71051,fluid
1359,5.90858,5.81952,,1004.98,2.33763,49561.4,,0.00648003,-0.0163027,0.0175433,,-8.38321,11.5894,-0.0367128,1.77937,fluid
1360,5.90447,6.06854,,1004.69,1.8951,46652.5,,0.00471191,-0.0160061,0.0166852,,-7.89949,11.6574,-0.0351486,1.84736,fluid
1361,5.90062,6.31767,,1004.4,1.45831,43722.1,,0.00295068,-0.0158478,0.0161201,,-7.41267,11.721,-0.0353815,1.91103,fluid
1362,5.8968,6.56682,,1004.11,0.874692,40770.1,,0.000304483,-0.0165222,0.0165251,,-6.92393,11.7805,-0.0382587,1.97046,fluid
1363,5.89246,6.81577,,1003.81,0.0605912,37808.8,,-0.00370175,-0.0173452,0.0177358,,-6.43253,11.8369,-0.0404077,2.02688,fluid
1364,5.88684,7.06424,,1003.51,-1.00575,34837.5,,-0.00926708,-0.0200862,0.0221209,,-5.94092,11.8889,-0.0437814,2.07885,fluid
1365,5.8791,7.31176,,1003.22,-2.35529,31864,,-0.0165404,-0.0224098,0.0278529,,-5.4482,11.9412,-0.0457011,2.13117,fluid
1366,5.86814,7.55821,,1002.92,-3.85047,28890.2,,-0.0246852,-0.0259057,0.0357836,,-4.95294,11.9855,-0.0440355,2.17551,fluid
1367,5.85258,7.80346,,1002.62,-5.39327,25916.6,,-0.0331811,-0.0280181,0.0434282,,-4.45878,12.0354,-0.0421205,2.22539,fluid
1368,5.8317,8.04772,,1002.32,-6.69153,22921.7,,-0.0402365,-0.0301332,0.0502691,,-3.95899,12.0735,-0.0375452,2.26355,fluid
1369,5.80145,8.29158,,1002.02,-7.84873,19956.1,,-0.0464721,-0.0288237,0.0546851,,-3.46659,12.118,-0.0336753,2.30801,fluid
1370,5.75741,8.53766,,1001.73,-8.2716,17028.9,,-0.0483909,-0.0257064,0.0547951,,-2.977,12.1494,-0.024367,2.33936,fluid
1371,5.70442,8.78741,,1001.43,-6.98313,14115.5,,-0.0403421,-0.0190944,0.0446327,,-2.48309,12.1741,-0.0121403,2.36406,fluid
1372,5.66806,9.04878,,1001.13,-3.7846,11093.3,,-0.0218207,-0.0164336,0.0273168,,-1.96706,12.188,-0.0121078,2.37803,fluid
1373,5.67208,9.30871,,1000.83,-0.710687,8151.29,,-0.00443465,-0.0129893,0.0137254,,-1.46413,12.2006,-0.0282315,2.39063,fluid
1374,5.84119,9.59267,,1000.54,1.67133,5261.71,,0.00941927,-0.0217774,0.0237271,,-0.926672,12.1896,-0.0263601,2.37963,fluid
1375,6.08726,9.85353,,1000.33,7.01419,3218.2,,0.042439,-0.0320714,0.0531944,,-0.533038,12.2067,-0.0045326,2.3967,fluid
1376,6.14886,0.118384,,1010.91,5.19361,110636,,0.000922504,-0.00299351,0.00313243,,-17.8423,9.86789,-0.0436303,0.0578921,fluid
1377,6.11207,0.365979,,1010.67,4.51059,108135,,0.00341192,-0.00420329,0.00541376,,-17.5642,9.93188,-0.0590682,0.121879,fluid
1378,6.1009,0.610455,,1010.45,4.05465,105787,,0.002145,-0.00370073,0.00427743,,-17.2104,10.0586,-0.0501912,0.248575,fluid
1379,6.11013,0.856452,,1010.22,3.87353,103433,,0.000158568,-0.00665479,0.00665668,,-16.7961,10.0926,-0.0392884,0.282643,fluid
1380,6.10657,1.10233,,1009.99,3.68444,100954,,-0.000503545,-0.00754812,0.0075649,,-16.4192,10.1639,-0.0506593,0.353947,fluid
1381,6.11074,1.34865,,1009.75,3.46574,98508.3,,-0.00137945,-0.00818987,0.00830523,,-16.016,10.2504,-0.0511231,0.440352,fluid
1382,6.1211,1.59546,,1009.51,3.39927,96047.4,,-0.00137402,-0.0100689,0.0101622,,-15.5892,10.3012,-0.0459216,0.491241,fluid
1383,6.1269,1.84241,,1009.27,3.30128,93501.8,,-0.0013146,-0.0112797,0.011356,,-15.1705,10.3903,-0.0498154,0.580322,fluid
1384,6.13443,2.08984,,1009.02,3.28376,90938.4,,-0.00103999,-0.0119075,0.0119528,,-14.7408,10.4573,-0.0491119,0.647254,fluid
1385,6.14186,2.33753,,1008.77,3.23168,88355.6,,-0.000525847,-0.0134175,0.0134278,,-14.3068,10.526,-0.0461254,0.716028,fluid
1386,6.14785,2.58551,,1008.52,3.0608,85719.6,,-0.000742018,-0.0144301,0.0144492,,-13.873,10.6132,-0.0477223,0.803164,fluid
1387,6.15385,2.83387,,1008.26,2.87879,83067.9,,-0.00123667,-0.0150724,0.0151231,,-13.4345,10.6817,-0.0466005,0.871734,fluid
1388,6.15938,3.08253,,1008,2.62569,80393.6,,-0.00178436,-0.0162122,0.0163101,,-12.9945,10.7573,-0.0458387,0.947335,fluid
1389,6.16475,3.33142,,1007.74,2.41683,77676.5,,-0.00215928,-0.0166074,0.0167472,,-12.5526,10.8411,-0.0491987,1.03111,fluid
1390,6.16954,3.58045,,1007.47,2.33133,74945.9,,-0.00185652,-0.0167645,0.016867,,-12.1091,10.9123,-0.0514921,1.10235,fluid
1391,6.17335,3.82951,,1007.2,2.38142,72192.6,,-0.000456807,-0.016876,0.0168822,,-11.6645,10.9917,-0.0538981,1.18172,fluid
1392,6.17586,4.07856,,1006.93,2.61433,69411.8,,0.00194249,-0.0167015,0.0168141,,-11.2186,11.0727,-0.0567183,1.26271,fluid
1393,6.17657,4.32762,,1006.66,2.9281,66623.8,,0.00479497,-0.0166017,0.0172803,,-10.7722,11.1468,-0.0570284,1.33683,fluid
1394,6.1755,4.5767,,1006.38,3.17686,63820.8,,0.00736588,-0.0166891,0.0182423,,-10.3245,11.2258,-0.0555099,1.41575,fluid
1395,6.17296,4.8258,,1006.11,3.29492,60999.7,,0.00903041,-0.0166394,0.0189319,,-9.87395,11.3029,-0.0521538,1.49289,fluid
1396,6.16939,5.07491,,1005.83,3.22147,58165.1,,0.00949513,-0.0167718,0.0192731,,-9.42137,11.375,-0.0479612,1.56503,fluid
1397,6.16529,5.32397,,1005.55,2.94648,55310.3,,0.00876558,-0.0167962,0.0189459,,-8.96556,11.4499,-0.0437927,1.63991,fluid
1398,6.16108,5.57296,,1005.26,2.5644,52435.4,,0.00729972,-0.0167189,0.018243,,-8.50648,11.5214,-0.0402767,1.71145,fluid
1399,6.15695,5.8219,,1004.98,2.15273,49545.3,,0.00562873,-0.0165793,0.0175087,,-8.04464,11.591,-0.0374186,1.78103,fluid
1400,6.15303,6.07085,,1004.69,1.75853,46634.9,,0.00406812,-0.0165399,0.0170329,,-7.58015,11.6589,-0.0363418,1.84886,fluid
1401,6.14932,6.31984,,1004.4,1.35631,43709,,0.00241971,-0.0163391,0.0165173,,-7.11202,11.7244,-0.0351947,1.91437,fluid
1402,6.14571,6.56893,,1004.1,0.936149,40760.4,,0.000648729,-0.0166971,0.0167097,,-6.64194,11.7831,-0.0367123,1.97315,fluid
1403,6.14184,6.81791,,1003.81,0.270349,37799.9,,-0.00264553,-0.0174552,0.0176545,,-6.17044,11.8423,-0.0393106,2.03225,fluid
1404,6.13704,7.06664,,1003.51,-0.570173,34826.7,,-0.00705939,-0.0189159,0.0201902,,-5.69638,11.8925,-0.0414175,2.08249,fluid
1405,6.13056,7.31463,,1003.21,-1.69488,31840.7,,-0.0132856,-0.0216358,0.0253893,,-5.22338,11.9448,-0.0462641,2.13482,fluid
1406,6.12114,7.56166,,1002.92,-3.12134,28865.6,,-0.0213834,-0.0238963,0.0320668,,-4.74813,11.9889,-0.046117,2.17893,fluid
1407,6.10721,7.80766,,1002.62,-4.56552,25877.6,,-0.0296353,-0.0269774,0.0400753,,-4.27049,12.0348,-0.0443256,2.22481,fluid
1408,6.08785,8.05244,,1002.31,-6.01703,22861.5,,-0.0379833,-0.0290079,0.0477932,,-3.7914,12.0752,-0.0448095,2.26521,fluid
1409,6.05841,8.29668,,1002.02,-7.44094,19893.3,,-0.0461617,-0.0286134,0.0543105,,-3.31489,12.1143,-0.0379121,2.30433,fluid
1410,6.01346,8.54224,,1001.72,-8.13384,16981,,-0.0497886,-0.0270181,0.056647,,-2.84521,12.147,-0.0262283,2.33699,fluid
1411,5.95766,8.79072,,1001.43,-6.96499,14066.8,,-0.0420794,-0.0220744,0.0475179,,-2.36977,12.1679,-0.0120021,2.35785,fluid
1412,5.91765,9.04985,,1001.13,-3.85272,11075.9,,-0.0232943,-0.0200626,0.030743,,-1.87624,12.1899,-0.00667163,2.37993,fluid
1413,5.91744,9.30879,,1000.83,-0.405956,8181.37,,-0.00285716,-0.0169815,0.0172202,,-1.39647,12.1912,-0.0150389,2.38118,fluid
1414,6.08794,9.59091,,1000.54,2.59842,5283.55,,0.0154175,-0.0275244,0.0315482,,-0.888085,12.1979,-0.0206798,2.38793,fluid
1415,6.33462,9.85379,,1000.33,7.52044,3261.13,,0.047342,-0.0342268,0.0584186,,-0.530844,12.2324,-0.0162033,2.42238,fluid
1416,6.3991,0.11847,,1010.92,5.22087,110669,,0.000892372,-0.00300004,0.00312995,,-17.1518,9.86768,-0.044101,0.057685,fluid
1417,6.36347,0.366111,,1010.68,4.52957,108165,,0.00340958,-0.00420693,0.00541511,,-16.8729,9.9315,-0.0547359,0.121501,fluid
1418,6.35303,0.610612,,1010.45,4.11618,105811,,0.0023324,-0.0036826,0.00435909,,-16.5266,10.0576,-0.0436596,0.24763,fluid
1419,6.36201,0.85662,,1010.23,3.96355,103454,,0.000431452,-0.00660672,0.0066208,,-16.1292,10.0915,-0.032628,0.281485,fluid
1420,6.35813,1.10251,,1009.99,3.77717,100974,,-0.000211998,-0.00754745,0.00755043,,-15.7671,10.1636,-0.0431231,0.353647,fluid
1421,6.36197,1.34882,,1009.75,3.5717,98525.3,,-0.00103342,-0.00822901,0.00829365,,-15.3815,10.2491,-0.0445054,0.439147,fluid
1422,6.37183,1.59561,,1009.52,3.50178,96063,,-0.00104817,-0.0100375,0.0100921,,-14.9753,10.3009,-0.0412447,0.490934,fluid
1423,6.3771,1.84258,,1009.27,3.38593,93516.7,,-0.00109535,-0.011269,0.0113221,,-14.576,10.3902,-0.0462607,0.580188,fluid
1424,6.38412,2.09004,,1009.02,3.34755,90951.9,,-0.000958584,-0.01195,0.0119883,,-14.1666,10.457,-0.0474573,0.647044,fluid
1425,6.3911,2.33777,,1008.77,3.2952,88367.5,,-0.000428795,-0.0133349,0.0133418,,-13.7515,10.5255,-0.0451408,0.715494,fluid
1426,6.39656,2.5858,,1008.52,3.13112,85730.4,,-0.000598449,-0.0143916,0.0144041,,-13.3363,10.6129,-0.0469044,0.802874,fluid
1427,6.40208,2.83424,,1008.26,2.94256,83077.8,,-0.00113631,-0.0151215,0.0151642,,-12.9173,10.6812,-0.0469431,0.871246,fluid
1428,6.40719,3.083,,1008,2.65647,80403.2,,-0.00187765,-0.0162566,0.0163647,,-12.4956,10.7575,-0.0463068,0.947466,fluid
1429,6.41221,3.33202,,1007.74,2.40654,77685.6,,-0.00248885,-0.0167019,0.0168863,,-12.0707,10.8413,-0.0484589,1.03126,fluid
1430,6.41679,3.58122,,1007.47,2.29433,74952.4,,-0.00231423,-0.0169559,0.0171131,,-11.6451,10.9123,-0.051022,1.10226,fluid
1431,6.42047,3.83049,,1007.2,2.29654,72196,,-0.0011398,-0.0172629,0.0173005,,-11.2194,10.9923,-0.0550949,1.1823,fluid
1432,6.42292,4.07981,,1006.93,2.48432,69412.4,,0.00109937,-0.0170745,0.0171098,,-10.7907,11.0735,-0.0580956,1.26354,fluid
1433,6.42363,4.32916,,1006.66,2.75943,66622.2,,0.00386232,-0.0171091,0.0175396,,-10.3612,11.1471,-0.0583313,1.33706,fluid
1434,6.42263,4.57853,,1006.38,2.98506,63815.2,,0.00642686,-0.017104,0.0182716,,-9.93044,11.2268,-0.0574595,1.41676,fluid
1435,6.42027,4.82792,,1006.1,3.07907,60989.3,,0.00801713,-0.0170493,0.0188402,,-9.49731,11.3035,-0.055449,1.49346,fluid
1436,6.41695,5.07725,,1005.83,2.99123,58151.8,,0.00843512,-0.0168573,0.01885,,-9.06102,11.3763,-0.0512745,1.56632,fluid
1437,6.41318,5.32649,,1005.54,2.73652,55292.5,,0.00782827,-0.0168895,0.0186155,,-8.62246,11.4504,-0.0482941,1.64037,fluid
1438,6.40931,5.57556,,1005.26,2.37471,52414.3,,0.0064337,-0.0166783,0.0178762,,-8.18088,11.5235,-0.0458229,1.71347,fluid
1439,6.40548,5.82454,,1004.97,1.99973,49522.5,,0.00492251,-0.0166407,0.0173535,,-7.73589,11.5921,-0.0428726,1.78207,fluid
1440,6.40178,6.07344,,1004.69,1.64098,46613,,0.00352617,-0.0166565,0.0170256,,-7.28848,11.6607,-0.0411689,1.85066,fluid
1441,6.39824,6.32235,,1004.39,1.29069,43685.7,,0.00212356,-0.0167811,0.0169149,,-6.83797,11.7259,-0.0400666,1.91592,fluid
1442,6.39477,6.57129,,1004.1,0.928231,40746.3,,0.000637874,-0.0165813,0.0165935,,-6.38457,11.787,-0.0387869,1.977,fluid
1443,6.39124,6.82027,,1003.81,0.436612,37781.1,,-0.00169373,-0.0178961,0.0179761,,-5.93041,11.8432,-0.0414407,2.03324,fluid
1444,6.38706,7.06894,,1003.51,-0.261658,34813.1,,-0.0054,-0.0179564,0.0187507,,-5.47432,11.8996,-0.0428195,2.08959,fluid
1445,6.38154,7.31733,,1003.21,-1.17917,31824.6,,-0.0105482,-0.0210381,0.0235343,,-5.01671,11.944,-0.0457015,2.134,fluid
1446,6.37347,7.56469,,1002.91,-2.45127,28839.9,,-0.0180233,-0.0224853,0.0288172,,-4.5612,11.9956,-0.0493648,2.18555,fluid
1447,6.36102,7.81137,,1002.61,-3.87215,25848.4,,-0.0264934,-0.0253394,0.0366604,,-4.09935,12.0346,-0.0463768,2.22462,fluid
1448,6.34305,8.0568,,1002.31,-5.34822,22812.5,,-0.0353494,-0.0277781,0.0449578,,-3.63758,12.0763,-0.0494024,2.2663,fluid
1449,6.31475,8.30164,,1002.01,-6.92609,19837.4,,-0.0449183,-0.0273574,0.0525935,,-3.17717,12.1152,-0.0420355,2.30517,fluid
1450,6.26966,8.54716,,1001.72,-7.78231,16928.9,,-0.0497392,-0.0274506,0.0568113,,-2.72268,12.1433,-0.0271815,2.33335,fluid
1451,6.21212,8.79446,,1001.42,-6.73861,14008.5,,-0.0425005,-0.0246802,0.0491467,,-2.26506,12.1642,-0.0132443,2.35417,fluid
1452,6.16866,9.05125,,1001.12,-3.77951,11058.6,,-0.0239346,-0.0230883,0.0332556,,-1.79377,12.1921,-0.00306884,2.38215,fluid
1453,6.16402,9.30864,,1000.83,-0.00910458,8200.75,,-0.000547889,-0.0213122,0.0213192,,-1.33498,12.1864,-0.00566507,2.37643,fluid
1454,6.33497,9.58834,,1000.54,3.5592,5323.65,,0.0220774,-0.0320137,0.0388882,,-0.859583,12.2092,-0.0196782,2.39924,fluid
1455,6.58045,9.85415,,1000.34,7.41004,3314.93,,0.0484678,-0.0326352,0.058431,,-0.545766,12.2538,-0.0421815,2.44376,fluid
1456,6.64931,0.118572,,1010.92,5.2412,110695,,0.000934731,-0.00300593,0.00314791,,-16.5204,9.86768,-0.0526726,0.0576775,fluid
1457,6.61478,0.36627,,1010.68,4.53022,108183,,0.00335204,-0.00420702,0.00537914,,-16.2457,9.93153,-0.0637736,0.121535,fluid
1458,6.60506,0.610795,,1010.45,4.14564,105821,,0.00234067,-0.0036763,0.0043582,,-15.9094,10.058,-0.0540419,0.247956,fluid
1459,6.61378,0.856811,,1010.23,4.01533,103458,,0.000492159,-0.00655093,0.00656939,,-15.5285,10.0913,-0.0440636,0.281329,fluid
1460,6.60962,1.10271,,1009.99,3.84043,100976,,-0.000121908,-0.00747953,0.00748052,,-15.1792,10.1636,-0.053166,0.353643,fluid
1461,6.61316,1.34899,,1009.75,3.64639,98527.4,,-0.000898388,-0.00813209,0.00818156,,-14.8077,10.2486,-0.0529514,0.438569,fluid
1462,6.62251,1.59578,,1009.52,3.56125,96067.1,,-0.000977845,-0.0100345,0.010082,,-14.4187,10.2993,-0.0492951,0.489264,fluid
1463,6.62728,1.84276,,1009.27,3.44964,93521.4,,-0.000949198,-0.0111218,0.0111622,,-14.0359,10.3889,-0.053922,0.578908,fluid
1464,6.63381,2.09023,,1009.02,3.40616,90957,,-0.000788246,-0.0118183,0.0118445,,-13.6437,10.4566,-0.0552353,0.646576,fluid
1465,6.64035,2.338,,1008.77,3.33295,88372.8,,-0.000343383,-0.0132639,0.0132683,,-13.2468,10.5252,-0.0541353,0.715247,fluid
1466,6.6453,2.5861,,1008.52,3.17012,85735.4,,-0.000492719,-0.0142419,0.0142504,,-12.8472,10.6124,-0.0545151,0.802439,fluid
1467,6.65034,2.83461,,1008.26,2.98295,83084,,-0.00101707,-0.0149474,0.0149819,,-12.4437,10.6804,-0.052828,0.870431,fluid
1468,6.65502,3.08346,,1008,2.68675,80409.2,,-0.00181868,-0.0162325,0.016334,,-12.0396,10.7568,-0.0529882,0.946844,fluid
1469,6.65971,3.3326,,1007.74,2.39178,77691.3,,-0.00272644,-0.0166743,0.0168957,,-11.6326,10.8419,-0.0563175,1.03193,fluid
1470,6.66404,3.58196,,1007.47,2.24154,74958.2,,-0.00276811,-0.0169723,0.0171966,,-11.2222,10.9122,-0.0574292,1.10219,fluid
1471,6.66755,3.83143,,1007.2,2.23648,72199.2,,-0.0015613,-0.0174294,0.0174992,,-10.8125,10.9922,-0.0615128,1.18224,fluid
1472,6.66992,4.08098,,1006.93,2.39534,69412.4,,0.000593609,-0.0174385,0.0174486,,-10.4005,11.0748,-0.0653762,1.26479,fluid
1473,6.67061,4.33062,,1006.66,2.64078,66619.5,,0.00328842,-0.017448,0.0177551,,-9.98602,11.148,-0.065033,1.33805,fluid
1474,6.66967,4.5803,,1006.38,2.82614,63810.4,,0.00572044,-0.0175866,0.0184936,,-9.56957,11.2275,-0.0629766,1.41755,fluid
1475,6.66749,4.82998,,1006.1,2.90689,60980.3,,0.00731139,-0.017303,0.0187843,,-9.15065,11.3052,-0.0602158,1.49522,fluid
1476,6.66447,5.07958,,1005.82,2.806,58138.8,,0.00766576,-0.0171768,0.0188098,,-8.72912,11.3772,-0.0559422,1.56715,fluid
1477,6.66105,5.32901,,1005.54,2.55812,55277.1,,0.00710244,-0.0168544,0.0182897,,-8.30421,11.4526,-0.0513837,1.64258,fluid
1478,6.65756,5.57828,,1005.26,2.2451,52394.4,,0.00598038,-0.0167858,0.0178193,,-7.87773,11.5242,-0.0489797,1.71419,fluid
1479,6.65407,5.82734,,1004.97,1.88319,49501.4,,0.00448245,-0.0166168,0.0172108,,-7.44823,11.5947,-0.0457613,1.78474,fluid
1480,6.65062,6.07631,,1004.68,1.56226,46590.9,,0.00326595,-0.0167258,0.0170417,,-7.01523,11.6618,-0.0423828,1.85184,fluid
1481,6.6473,6.32519,,1004.39,1.25501,43663.8,,0.00207261,-0.0168233,0.0169505,,-6.5815,11.7278,-0.0415779,1.91784,fluid
1482,6.64401,6.57406,,1004.1,0.885068,40727.1,,0.000442131,-0.016953,0.0169587,,-6.14341,11.7897,-0.0385471,1.9797,fluid
1483,6.64071,6.82291,,1003.81,0.555333,37765.2,,-0.000919868,-0.0173064,0.0173309,,-5.7046,11.8457,-0.0392489,2.03568,fluid
1484,6.63704,7.0716,,1003.51,-0.0610208,34795.6,,-0.00427721,-0.0183748,0.018866,,-5.26646,11.9027,-0.0421614,2.09267,fluid
1485,6.63224,7.32,,1003.21,-0.82596,31813.1,,-0.00862747,-0.0192966,0.0211374,,-4.82417,11.9488,-0.0427982,2.13883,fluid
1486,6.62527,7.56777,,1002.91,-1.89322,28816.7,,-0.0150435,-0.0222144,0.0268289,,-4.38468,11.996,-0.0477938,2.18596,fluid
1487,6.61414,7.81478,,1002.61,-3.33113,25819.3,,-0.0240158,-0.0230838,0.033311,,-3.94336,12.0414,-0.0498721,2.23145,fluid
1488,6.59721,8.06104,,1002.31,-4.77011,22776.5,,-0.0329701,-0.0263895,0.0422307,,-3.49303,12.0738,-0.0485313,2.26385,fluid
1489,6.57027,8.30654,,1002,-6.35592,19787.7,,-0.0430099,-0.025777,0.0501428,,-3.05111,12.118,-0.0454317,2.30802,fluid
1490,6.52587,8.55226,,1001.71,-7.25649,16872,,-0.0483579,-0.02708,0.055424,,-2.60872,12.1403,-0.0277344,2.33025,fluid
1491,6.46775,8.79844,,1001.42,-6.26584,13946.5,,-0.0412044,-0.0265155,0.0489987,,-2.16665,12.1623,-0.0133834,2.3523,fluid
1492,6.42139,9.05292,,1001.12,-3.55233,11042.6,,-0.023514,-0.0257788,0.0348921,,-1.71949,12.1923,-0.00175817,2.38229,fluid
1493,6.41229,9.30812,,1000.83,0.381401,8208.36,,0.00193836,-0.0253628,0.0254367,,-1.28209,12.1878,-0.00306089,2.37781,fluid
1494,6.58268,9.58486,,1000.55,4.4475,5385.26,,0.0287282,-0.0349027,0.0452052,,-0.840585,12.2185,-0.0229382,2.40847,fluid
1495,6.82365,9.85504,,1000.34,6.62055,3376.75,,0.0449191,-0.0284886,0.0531914,,-0.563182,12.2625,-0.0684932,2.45249,fluid
1496,6.89946,0.118667,,1010.92,5.26322,110727,,0.00113047,-0.00301579,0.00322071,,-15.9294,9.86761,-0.0540965,0.057614,fluid
1497,6.866,0.366406,,1010.68,4.54945,108210,,0.00369095,-0.00422057,0.00560681,,-15.6598,9.93153,-0.0661133,0.121535,fluid
1498,6.85703,0.610903,,1010.46,4.19772,105840,,0.00288574,-0.00369885,0.00469137,,-15.334,10.0572,-0.0584179,0.247175,fluid
1499,6.86549,0.856857,,1010.23,4.09362,103475,,0.00116619,-0.00659148,0.00669385,,-14.9681,10.0906,-0.0488764,0.280572,fluid
1500,6.86109,1.1027,,1009.99,3.91817,100991,,0.000533306,-0.00755627,0.00757506,,-14.6332,10.1628,-0.0593519,0.352757,fluid
1501,6.86435,1.34889,,1009.75,3.73187,98540.3,,-0.000249752,-0.00811684,0.00812068,,-14.2763,10.2495,-0.0596144,0.43952,fluid
1502,6.87317,1.5956,,1009.52,3.64122,96081.6,,-0.000409217,-0.00994201,0.00995043,,-13.9015,10.2996,-0.0540454,0.489571,fluid
1503,6.87746,1.84255,,1009.27,3.50373,93539.2,,-0.000597418,-0.0111693,0.0111853,,-13.5328,10.3892,-0.0568779,0.57922,fluid
1504,6.88351,2.09,,1009.03,3.46143,90976.6,,-0.00043948,-0.0117424,0.0117506,,-13.1547,10.455,-0.0562971,0.645011,fluid
1505,6.88959,2.33775,,1008.78,3.40023,88393.2,,0.000121586,-0.0131968,0.0131973,,-12.7729,10.525,-0.0545707,0.715023,fluid
1506,6.89406,2.58587,,1008.52,3.22512,85755.4,,-0.00012129,-0.0142747,0.0142752,,-12.391,10.6129,-0.0570557,0.802926,fluid
1507,6.89862,2.83443,,1008.26,3.02835,83103.6,,-0.000747008,-0.0149064,0.0149251,,-12.0022,10.6809,-0.0545622,0.870886,fluid
1508,6.90287,3.08336,,1008,2.73205,80429.9,,-0.0015674,-0.0161736,0.0162494,,-11.6108,10.7559,-0.0516128,0.945857,fluid
1509,6.90718,3.3326,,1007.74,2.4396,77710.2,,-0.00247435,-0.016828,0.0170089,,-11.2194,10.8417,-0.0551861,1.03168,fluid
1510,6.91125,3.58211,,1007.47,2.25577,74975,,-0.00275109,-0.0172005,0.0174191,,-10.8253,10.9138,-0.0575533,1.10381,fluid
1511,6.91455,3.83181,,1007.2,2.20878,72215.2,,-0.00176988,-0.017769,0.0178569,,-10.4285,10.9933,-0.0592227,1.18328,fluid
1512,6.91678,4.08166,,1006.93,2.34651,69425,,0.000338037,-0.0180023,0.0180055,,-10.0305,11.0752,-0.0623928,1.26522,fluid
1513,6.91741,4.33162,,1006.66,2.53593,66628.9,,0.00275536,-0.0181495,0.0183575,,-9.63007,11.1501,-0.0617234,1.34014,fluid
1514,6.91655,4.58168,,1006.38,2.67162,63815.4,,0.00494712,-0.0182847,0.0189421,,-9.22775,11.2285,-0.0597738,1.4185,fluid
1515,6.91456,4.8317,,1006.1,2.69201,60981.4,,0.00620435,-0.0180515,0.019088,,-8.82264,11.3065,-0.0568554,1.49653,fluid
1516,6.91185,5.08164,,1005.82,2.58676,58133.2,,0.00655146,-0.0176968,0.0188706,,-8.41528,11.3787,-0.0533144,1.56868,fluid
1517,6.90883,5.33136,,1005.54,2.33717,55266,,0.00594886,-0.0174655,0.0184509,,-8.00604,11.454,-0.0507944,1.64402,fluid
1518,6.90573,5.58087,,1005.26,2.0512,52380,,0.00498363,-0.0169324,0.0176505,,-7.59388,11.5266,-0.0485325,1.71659,fluid
1519,6.90262,5.83015,,1004.97,1.75036,49480.1,,0.00384338,-0.017085,0.017512,,-7.18019,11.5949,-0.0473185,1.78491,fluid
1520,6.8995,6.0792,,1004.68,1.43488,46568.6,,0.00259794,-0.0167115,0.0169122,,-6.76315,11.6655,-0.0450257,1.85547,fluid
1521,6.89643,6.32819,,1004.39,1.17255,43641.1,,0.00166155,-0.0169543,0.0170356,,-6.34304,11.7278,-0.0426328,1.91784,fluid
1522,6.89342,6.57699,,1004.1,0.866632,40697.9,,0.000372582,-0.0171976,0.0172016,,-5.92288,11.7921,-0.0431002,1.98214,fluid
1523,6.89031,6.82576,,1003.8,0.529984,37748.3,,-0.00110616,-0.0167972,0.0168336,,-5.49763,11.8494,-0.0399271,2.03941,fluid
1524,6.88702,7.07449,,1003.51,0.113106,34768.1,,-0.00322152,-0.0186327,0.0189092,,-5.07453,11.9019,-0.0438211,2.09193,fluid
1525,6.88284,7.32281,,1003.21,-0.588952,31790.4,,-0.00734265,-0.0180736,0.0195082,,-4.65064,11.9568,-0.0466261,2.14677,fluid
1526,6.87664,7.57098,,1002.91,-1.51137,28793.1,,-0.0129832,-0.0212545,0.0249062,,-4.2227,11.9941,-0.0477637,2.18408,fluid
1527,6.86657,7.81831,,1002.61,-2.84615,25779.6,,-0.0215929,-0.0215863,0.0305323,,-3.7997,12.0468,-0.0551034,2.23678,fluid
1528,6.85045,8.06527,,1002.3,-4.31961,22744.1,,-0.0311834,-0.0240078,0.0393545,,-3.36298,12.0756,-0.0505106,2.26563,fluid
1529,6.82477,8.31162,,1002,-5.73025,19741.8,,-0.040383,-0.0244222,0.0471935,,-2.93185,12.1152,-0.0449525,2.30519,fluid
1530,6.78205,8.55756,,1001.7,-6.58435,16810.6,,-0.0456896,-0.0263128,0.0527247,,-2.50464,12.1395,-0.0301704,2.32948,fluid
1531,6.7247,8.80263,,1001.41,-5.5926,13885,,-0.0383379,-0.0276112,0.0472459,,-2.07627,12.1607,-0.0144047,2.35073,fluid
1532,6.67613,9.05458,,1001.12,-3.15798,11026.6,,-0.0218257,-0.0281945,0.0356551,,-1.6524,12.1907,-0.00259993,2.38072,fluid
1533,6.66257,9.30718,,1000.83,0.684513,8210.23,,0.00404601,-0.0285528,0.028838,,-1.2381,12.1933,-0.00683552,2.38327,fluid
1534,6.83142,9.58059,,1000.56,5.14194,5465.37,,0.034528,-0.0362052,0.05003,,-0.828911,12.2233,-0.0293216,2.41335,fluid
1535,7.0636,9.85667,,1000.35,5.4105,3442.36,,0.0380113,-0.0237785,0.0448361,,-0.577205,12.2553,-0.0900376,2.44533,fluid
1536,7.14959,0.118718,,1010.93,5.25909,110756,,0.00096327,-0.0030154,0.00316552,,-15.3782,9.86756,-0.054301,0.057557,fluid
1537,7.11715,0.366508,,1010.68,4.53231,108238,,0.00349658,-0.00421194,0.00547417,,-15.1086,9.93139,-0.0613453,0.121393,fluid
1538,7.10895,0.611024,,1010.46,4.21109,105864,,0.00283424,-0.00366838,0.00463572,,-14.7881,10.0564,-0.0505405,0.246441,fluid
1539,7.11711,0.856985,,1010.23,4.12521,103497,,0.00114234,-0.00650555,0.00660508,,-14.4355,10.0903,-0.0407386,0.280315,fluid
1540,7.1125,1.10286,,1009.99,3.96193,101013,,0.000616269,-0.00744746,0.00747291,,-14.111,10.162,-0.0493635,0.352028,fluid
1541,7.11554,1.34904,,1009.76,3.78075,98559.2,,-0.000127814,-0.00820128,0.00820228,,-13.7682,10.2485,-0.0507552,0.43851,fluid
1542,7.12382,1.59575,,1009.52,3.67644,96098.4,,-0.000378958,-0.00989934,0.00990659,,-13.4113,10.2987,-0.0487514,0.48871,fluid
1543,7.12764,1.8427,,1009.27,3.54413,93552.8,,-0.000533576,-0.0110667,0.0110796,,-13.0583,10.3901,-0.053553,0.580063,fluid
1544,7.13323,2.09019,,1009.03,3.47321,90989.4,,-0.000605889,-0.0117242,0.0117398,,-12.6962,10.456,-0.0546505,0.645996,fluid
1545,7.13886,2.33801,,1008.78,3.4065,88406.3,,-6.63301e-05,-0.0131314,0.0131316,,-12.3279,10.5235,-0.0518716,0.713533,fluid
1546,7.14282,2.5862,,1008.52,3.26325,85766.9,,-3.78047e-05,-0.0141861,0.0141861,,-11.9596,10.6113,-0.0536402,0.801276,fluid
1547,7.14692,2.83485,,1008.26,3.05135,83113.1,,-0.000758533,-0.0149579,0.0149771,,-11.5889,10.6814,-0.0549633,0.871434,fluid
1548,7.15074,3.08389,,1008,2.72195,80438,,-0.00183604,-0.0161034,0.0162077,,-11.2125,10.7571,-0.0528925,0.947082,fluid
1549,7.15466,3.33328,,1007.74,2.4147,77718.8,,-0.00285477,-0.0167879,0.0170289,,-10.8333,10.8411,-0.0540893,1.03106,fluid
1550,7.15842,3.58297,,1007.47,2.23285,74980.4,,-0.0030876,-0.0173692,0.0176415,,-10.4551,10.9134,-0.0583491,1.10341,fluid
1551,7.16147,3.8329,,1007.2,2.15913,72216.8,,-0.00223414,-0.0180276,0.0181655,,-10.0754,10.9943,-0.0634841,1.18425,fluid
1552,7.1635,4.08305,,1006.93,2.25918,69424.5,,-0.000280197,-0.0183277,0.0183299,,-9.69119,11.0757,-0.0664844,1.26568,fluid
1553,7.16407,4.33338,,1006.66,2.41905,66623.8,,0.00204051,-0.0186826,0.0187937,,-9.30565,11.15,-0.0674286,1.33999,fluid
1554,7.16324,4.58377,,1006.38,2.50404,63806.2,,0.00398387,-0.0187111,0.0191305,,-8.91654,11.23,-0.0655599,1.42001,fluid
1555,7.16148,4.83417,,1006.1,2.5006,60966.4,,0.00514925,-0.0185722,0.0192728,,-8.52543,11.3064,-0.0639666,1.49645,fluid
1556,7.15909,5.08439,,1005.82,2.36928,58114.1,,0.00536409,-0.0180703,0.0188497,,-8.13092,11.381,-0.0603667,1.57099,fluid
1557,7.15647,5.33445,,1005.54,2.16515,55240.2,,0.00508476,-0.0177317,0.0184464,,-7.73463,11.4545,-0.0582266,1.64446,fluid
1558,7.1538,5.58418,,1005.25,1.88884,52351.4,,0.00416401,-0.0173096,0.0178034,,-7.33574,11.5285,-0.0559925,1.71851,fluid
1559,7.15108,5.83369,,1004.97,1.64689,49449.1,,0.00342381,-0.0169243,0.0172672,,-6.93372,11.5968,-0.0529837,1.7868,fluid
1560,7.14837,6.08292,,1004.68,1.36571,46533.3,,0.00236847,-0.0170806,0.0172441,,-6.53077,11.6655,-0.0514321,1.85548,fluid
1561,7.1456,6.33193,,1004.39,1.095,43607,,0.00132538,-0.0166528,0.0167054,,-6.12302,11.7318,-0.0470342,1.92181,fluid
1562,7.14287,6.58081,,1004.09,0.896804,40662.2,,0.000760176,-0.0169895,0.0170065,,-5.71567,11.7912,-0.0461856,1.98116,fluid
1563,7.14008,6.8295,,1003.8,0.505491,37711.4,,-0.00120764,-0.0172342,0.0172765,,-5.30689,11.8527,-0.0452342,2.04265,fluid
1564,7.13701,7.07812,,1003.5,0.236787,34740.1,,-0.00232828,-0.017057,0.0172152,,-4.89378,11.9046,-0.0431829,2.09461,fluid
1565,7.13333,7.32658,,1003.21,-0.385518,31752.6,,-0.00605404,-0.0188387,0.0197876,,-4.48665,11.9553,-0.0495671,2.14531,fluid
1566,7.1277,7.57467,,1002.91,-1.28689,28762.8,,-0.0117884,-0.0183057,0.021773,,-4.0734,12.0038,-0.0497387,2.19381,fluid
1567,7.11825,7.82271,,1002.6,-2.43826,25741,,-0.0193843,-0.020976,0.0285612,,-3.65867,12.0405,-0.0518648,2.23046,fluid
1568,7.1029,8.06998,,1002.3,-3.90244,22704.7,,-0.0293298,-0.0212196,0.036201,,-3.24302,12.0845,-0.0537984,2.2745,fluid
1569,7.07836,8.3172,,1002,-5.10657,19700.1,,-0.0374218,-0.0231793,0.044019,,-2.81821,12.1093,-0.0406041,2.29925,fluid
1570,7.03816,8.56314,,1001.7,-5.75558,16748.4,,-0.0415172,-0.0256711,0.0488128,,-2.4064,12.1404,-0.0307821,2.33041,fluid
1571,6.98311,8.80702,,1001.4,-4.78259,13823.7,,-0.0341563,-0.0284569,0.0444573,,-1.99307,12.1597,-0.0162543,2.34967,fluid
1572,6.93321,9.05625,,1001.12,-2.6702,11004.7,,-0.0192613,-0.0299629,0.0356198,,-1.5917,12.1881,-0.00621858,2.37812,fluid
1573,6.915,9.30595,,1000.84,0.860781,8217.17,,0.00541587,-0.0305618,0.031038,,-1.20093,12.1996,-0.0136154,2.38964,fluid
1574,7.08135,9.57585,,1000.56,5.53833,5551.6,,0.0386255,-0.0360853,0.052859,,-0.822029,12.2212,-0.0384962,2.41125,fluid
1575,7.29977,9.85898,,1000.36,4.03964,3508.87,,0.0293376,-0.0204625,0.0357688,,-0.577237,12.2346,-0.0967261,2.42458,fluid
1576,7.39966,0.118833,,1010.93,5.27677,110777,,0.00111739,-0.00302186,0.00322183,,-14.8723,9.86772,-0.0635144,0.057719,fluid
1577,7.36819,0.366718,,1010.69,4.53546,108249,,0.00359159,-0.00421196,0.00553535,,-14.6122,9.93173,-0.0761093,0.121727,fluid
1578,7.36082,0.61127,,1010.46,4.21914,105868,,0.00286723,-0.0036515,0.00464267,,-14.3023,10.0574,-0.0684984,0.247417,fluid
1579,7.36864,0.85725,,1010.23,4.15136,103495,,0.00123215,-0.00653375,0.00664892,,-13.9624,10.0898,-0.0593726,0.279772,fluid
1580,7.36386,1.10314,,1009.99,3.99126,101009,,0.000667718,-0.00740263,0.00743268,,-13.6475,10.1628,-0.0663674,0.352786,fluid
1581,7.3667,1.34929,,1009.76,3.82053,98556,,-2.18707e-05,-0.00801022,0.00801025,,-13.3148,10.248,-0.0654403,0.437962,fluid
1582,7.37442,1.59601,,1009.52,3.70781,96098.3,,-0.000288548,-0.0098373,0.00984153,,-12.9694,10.2982,-0.0609462,0.488189,fluid
1583,7.37781,1.84302,,1009.27,3.57341,93554.8,,-0.000398026,-0.0110791,0.0110862,,-12.6294,10.387,-0.0653164,0.577029,fluid
1584,7.38292,2.09051,,1009.03,3.52528,90989.3,,-0.000241737,-0.0116078,0.0116104,,-12.2822,10.4558,-0.068152,0.64584,fluid
1585,7.38809,2.3384,,1008.78,3.42768,88406.5,,8.35092e-05,-0.0131042,0.0131045,,-11.9287,10.5251,-0.0667256,0.715147,fluid
1586,7.39158,2.58669,,1008.52,3.26911,85770.2,,-1.66248e-05,-0.0140381,0.0140381,,-11.5707,10.6104,-0.0649443,0.800378,fluid
1587,7.3952,2.83542,,1008.26,3.10028,83117.3,,-0.00038468,-0.0148552,0.0148602,,-11.21,10.6782,-0.0627848,0.868203,fluid
1588,7.39862,3.08454,,1008,2.77275,80440.1,,-0.00143497,-0.0161128,0.0161765,,-10.8503,10.7576,-0.0643222,0.947607,fluid
1589,7.40214,3.33404,,1007.74,2.44641,77719.9,,-0.00262926,-0.0166411,0.0168475,,-10.4853,10.8418,-0.0662642,1.03177,fluid
1590,7.40555,3.58388,,1007.47,2.27085,74983,,-0.0027988,-0.0173254,0.01755,,-10.1164,10.9127,-0.0663004,1.10273,fluid
1591,7.40829,3.83399,,1007.2,2.20189,72218.3,,-0.00183796,-0.0181486,0.0182415,,-9.74825,10.9949,-0.0696614,1.18493,fluid
1592,7.4101,4.08438,,1006.93,2.26716,69425.1,,-4.94715e-05,-0.0184813,0.0184814,,-9.37596,11.0774,-0.0714727,1.2674,fluid
1593,7.41054,4.33497,,1006.66,2.38157,66624.1,,0.00204223,-0.0187957,0.0189063,,-8.99992,11.1519,-0.0689271,1.34192,fluid
1594,7.40979,4.58566,,1006.38,2.41235,63803.6,,0.00365566,-0.0190827,0.0194297,,-8.62252,11.231,-0.0663902,1.42099,fluid
1595,7.40821,4.83631,,1006.1,2.36133,60961.8,,0.00453137,-0.0186632,0.0192054,,-8.24103,11.3098,-0.0619904,1.49978,fluid
1596,7.40616,5.08687,,1005.82,2.214,58104.6,,0.00464288,-0.0185738,0.0191453,,-7.85867,11.3813,-0.0586323,1.57133,fluid
1597,7.40391,5.33717,,1005.54,1.98773,55228.7,,0.00419327,-0.0179697,0.0184525,,-7.47317,11.4592,-0.0548519,1.64922,fluid
1598,7.40167,5.5873,,1005.25,1.76355,52331.7,,0.00359954,-0.0178838,0.0182425,,-7.08669,11.5287,-0.0533693,1.71868,fluid
1599,7.39937,5.83707,,1004.96,1.49036,49428.4,,0.0025895,-0.0172472,0.0174405,,-6.69776,11.6015,-0.0506794,1.79146,fluid
1600,7.39705,6.08669,,1004.67,1.27368,46505,,0.00196649,-0.0174108,0.0175215,,-6.30586,11.6657,-0.0481363,1.85571,fluid
1601,7.39472,6.33591,,1004.38,1.01603,43571.9,,0.000939146,-0.0170878,0.0171136,,-5.9145,11.7346,-0.0479181,1.92456,fluid
1602,7.39226,6.58502,,1004.09,0.776937,40632.3,,4.64959e-05,-0.0167001,0.0167001,,-5.5175,11.7938,-0.0432917,1.98376,fluid
1603,7.38981,6.83391,,1003.8,0.56253,37662.5,,-0.000706626,-0.0176698,0.0176839,,-5.12275,11.851,-0.0454765,2.04105,fluid
1604,7.38705,7.08254,,1003.5,0.148388,34707.5,,-0.00299963,-0.0159387,0.0162186,,-4.72636,11.9127,-0.0443341,2.10267,fluid
1605,7.38359,7.33135,,1003.2,-0.275893,31706.6,,-0.00536038,-0.0184948,0.019256,,-4.32583,11.9506,-0.0453425,2.14063,fluid
1606,7.37845,7.5795,,1002.9,-1.1268,28710.2,,-0.0109824,-0.0166713,0.0199636,,-3.93303,12.0124,-0.0531969,2.20236,fluid
1607,7.36938,7.8281,,1002.6,-2.25075,25699.6,,-0.0186618,-0.0191082,0.0267093,,-3.52727,12.0377,-0.0489656,2.22769,fluid
1608,7.35463,8.0757,,1002.29,-3.43129,22653.3,,-0.0268189,-0.0197672,0.0333166,,-3.12454,12.085,-0.051445,2.27504,fluid
1609,7.33148,8.32322,,1001.99,-4.47933,19650.1,,-0.0341108,-0.0218935,0.0405324,,-2.71537,12.1085,-0.0404592,2.29855,fluid
1610,7.29451,8.5691,,1001.69,-4.86381,16687.3,,-0.0364353,-0.0257016,0.0445882,,-2.31403,12.1378,-0.0302412,2.32783,fluid
1611,7.24319,8.81154,,1001.4,-3.92807,13762,,-0.0291793,-0.0292263,0.041299,,-1.91793,12.1605,-0.0205924,2.35053,fluid
1612,7.19286,9.05795,,1001.11,-2.19129,10974.1,,-0.0164638,-0.0311857,0.0352647,,-1.53645,12.1844,-0.0124608,2.37436,fluid
1613,7.16976,9.30471,,1000.84,0.92497,8233.26,,0.00608723,-0.0314473,0.032031,,-1.16752,12.2041,-0.0201478,2.39411,fluid
1614,7.33217,9.5711,,1000.57,5.52867,5635.4,,0.0400299,-0.0352149,0.053315,,-0.813297,12.2122,-0.0451516,2.4022,fluid
1615,7.5324,9.86157,,1000.36,2.90024,3574.98,,0.0217614,-0.0197639,0.0293967,,-0.560563,12.2106,-0.0861227,2.40064,fluid
1616,7.64971,0.118843,,1010.93,5.27719,110809,,0.00117581,-0.00302992,0.00325007,,-14.3884,9.86771,-0.0596273,0.0577127,fluid
1617,7.61918,0.366687,,1010.69,4.54409,108280,,0.00394877,-0.00421987,0.00577928,,-14.131,9.9318,-0.0698239,0.121804,fluid
1618,7.61268,0.611117,,1010.46,4.26095,105894,,0.00352296,-0.00368894,0.00510093,,-13.8296,10.0569,-0.0634224,0.246868,fluid
1619,7.62012,0.856954,,1010.23,4.21419,103519,,0.00201186,-0.00640461,0.00671317,,-13.5034,10.0892,-0.0560734,0.279182,fluid
1620,7.61523,1.10274,,1009.99,4.05494,101031,,0.00144136,-0.00734781,0.00748784,,-13.2008,10.1627,-0.065074,0.352746,fluid
1621,7.61787,1.34877,,1009.76,3.88735,98576.4,,0.000705036,-0.00788353,0.007915,,-12.8801,10.2479,-0.0650104,0.437877,fluid
1622,7.62501,1.59535,,1009.52,3.76688,96119.5,,0.000288021,-0.00954345,0.00954779,,-12.5466,10.2999,-0.0596693,0.48986,fluid
1623,7.62794,1.84228,,1009.28,3.60869,93580.5,,-6.52788e-05,-0.0106612,0.0106614,,-12.215,10.3879,-0.0596266,0.577872,fluid
1624,7.6326,2.08974,,1009.03,3.55837,91020.2,,8.12258e-05,-0.0114308,0.0114311,,-11.8774,10.4526,-0.0589282,0.642573,fluid
1625,7.63729,2.33757,,1008.78,3.49526,88435.3,,0.00072196,-0.0128178,0.0128381,,-11.5389,10.5232,-0.0602249,0.713191,fluid
1626,7.64031,2.58584,,1008.52,3.31345,85796.4,,0.000396631,-0.01377,0.0137757,,-11.1963,10.6137,-0.0617681,0.80374,fluid
1627,7.6435,2.83459,,1008.27,3.10735,83147.9,,-0.00034376,-0.0143997,0.0144038,,-10.8453,10.6772,-0.0562371,0.867244,fluid
1628,7.64648,3.08372,,1008.01,2.81671,80472.7,,-0.00110874,-0.015859,0.0158977,,-10.494,10.7543,-0.0534119,0.944342,fluid
1629,7.6496,3.33323,,1007.74,2.4906,77750.1,,-0.00230721,-0.0165814,0.0167411,,-10.1432,10.843,-0.05737,1.03295,fluid
1630,7.65263,3.58314,,1007.48,2.28245,75012.6,,-0.00276482,-0.0172636,0.0174836,,-9.78829,10.9139,-0.0588307,1.10385,fluid
1631,7.65503,3.8334,,1007.21,2.19352,72248.7,,-0.00193733,-0.0183451,0.0184471,,-9.43075,10.9949,-0.0602069,1.18494,fluid
1632,7.65659,4.08398,,1006.93,2.21856,69453.6,,-0.000388805,-0.0189532,0.0189572,,-9.07211,11.0779,-0.0634838,1.26792,fluid
1633,7.65694,4.33481,,1006.66,2.26469,66649.5,,0.00126409,-0.0194479,0.019489,,-8.71021,11.1527,-0.0633328,1.34265,fluid
1634,7.65622,4.58576,,1006.38,2.25621,63824.4,,0.00264541,-0.0196725,0.0198496,,-8.34511,11.2329,-0.0616995,1.42289,fluid
1635,7.65485,4.83673,,1006.1,2.16552,60976.2,,0.00323869,-0.0197759,0.0200393,,-7.97794,11.3101,-0.0605648,1.5001,fluid
1636,7.65308,5.08757,,1005.82,2.01312,58113.6,,0.0033429,-0.0193388,0.0196256,,-7.60826,11.3851,-0.058717,1.57508,fluid
1637,7.65119,5.33828,,1005.54,1.79459,55229.4,,0.00294369,-0.0193996,0.0196216,,-7.23646,11.4597,-0.0578079,1.64967,fluid
1638,7.64929,5.58874,,1005.25,1.58774,52328.9,,0.00247638,-0.0186184,0.0187823,,-6.86157,11.5339,-0.0562972,1.72386,fluid
1639,7.64742,5.83904,,1004.96,1.36165,49414.4,,0.00179641,-0.0188657,0.018951,,-6.48539,11.5997,-0.0557262,1.78972,fluid
1640,7.64547,6.08897,,1004.67,1.12881,46488.9,,0.00104029,-0.0179257,0.0179558,,-6.1053,11.6726,-0.0529988,1.86262,fluid
1641,7.64352,6.3388,,1004.38,0.951,43546.1,,0.000594249,-0.018132,0.0181418,,-5.72408,11.7312,-0.0517975,1.92116,fluid
1642,7.64147,6.5882,,1004.09,0.669437,40598.1,,-0.000674921,-0.0175955,0.0176084,,-5.34117,11.7989,-0.0499354,1.98895,fluid
1643,7.63924,6.83758,,1003.79,0.517536,37632.4,,-0.000972233,-0.0168589,0.016887,,-4.95542,11.8522,-0.0478405,2.04222,fluid
1644,7.63683,7.08673,,1003.5,0.135068,34654.4,,-0.00312314,-0.017679,0.0179527,,-4.5721,11.9091,-0.0501103,2.09909,fluid
1645,7.63358,7.33573,,1003.2,-0.296398,31667,,-0.00563762,-0.0156329,0.0166184,,-4.1846,11.9607,-0.049449,2.15068,fluid
1646,7.62865,7.58482,,1002.9,-0.966799,28651.7,,-0.0100352,-0.0179321,0.0205491,,-3.79762,11.9999,-0.0526614,2.18992,fluid
1647,7.62008,7.83353,,1002.59,-2.04693,25643.7,,-0.0176928,-0.0163527,0.0240924,,-3.41062,12.0495,-0.0540537,2.23955,fluid
1648,7.60597,8.08205,,1002.29,-2.96309,22608.5,,-0.0240973,-0.0198504,0.0312205,,-3.01084,12.0745,-0.0451523,2.26453,fluid
1649,7.58453,8.32934,,1001.99,-3.69984,19590,,-0.0292736,-0.0213288,0.0362197,,-2.61945,12.1126,-0.0416709,2.30255,fluid
1650,7.55126,8.5751,,1001.69,-3.9621,16628.5,,-0.030845,-0.0264409,0.0406268,,-2.22794,12.1339,-0.0295562,2.32385,fluid
1651,7.50479,8.81623,,1001.39,-3.10633,13702.3,,-0.023967,-0.0300199,0.0384137,,-1.84771,12.1623,-0.0244347,2.35231,fluid
1652,7.45515,9.05996,,1001.11,-1.75088,10936.2,,-0.0136782,-0.0321218,0.0349128,,-1.48413,12.1808,-0.0188251,2.37079,fluid
1653,7.42686,9.3037,,1000.84,0.936121,8254.49,,0.00642811,-0.0316349,0.0322814,,-1.13383,12.2056,-0.0233228,2.39565,fluid
1654,7.58364,9.56678,,1000.58,5.1818,5706.24,,0.0389126,-0.0345541,0.0520401,,-0.797184,12.2019,-0.0451789,2.39185,fluid
1655,7.76228,9.86395,,1000.37,2.18086,3641.52,,0.0168956,-0.021356,0.0272312,,-0.533356,12.1954,-0.0643991,2.38541,fluid
1656,7.89978,0.118916,,1010.93,5.29113,110829,,0.00105629,-0.00302914,0.00320803,,-13.9386,9.86779,-0.0609983,0.0577893,fluid
1657,7.87014,0.366858,,1010.69,4.51658,108299,,0.00351515,-0.00420618,0.00548163,,-13.6841,9.93185,-0.0689093,0.121852,fluid
1658,7.86456,0.611333,,1010.46,4.22215,105911,,0.00293589,-0.00367609,0.00470458,,-13.3873,10.0568,-0.0598602,0.246827,fluid
1659,7.87155,0.857209,,1010.23,4.17775,103534,,0.00138414,-0.00624889,0.00640035,,-13.0697,10.0906,-0.0500797,0.280571,fluid
1660,7.86657,1.10307,,1010,4.03485,101045,,0.000982569,-0.00723761,0.007304,,-12.7739,10.1623,-0.0561926,0.352281,fluid
1661,7.86905,1.34909,,1009.76,3.87389,98588.1,,0.000323455,-0.00772219,0.00772896,,-12.464,10.2482,-0.0564611,0.438179,fluid
1662,7.8756,1.59574,,1009.52,3.76281,96127.6,,1.16627e-05,-0.00961133,0.00961134,,-12.1471,10.2964,-0.0564538,0.486398,fluid
1663,7.87813,1.84271,,1009.28,3.62115,93581.3,,-0.000236832,-0.0106349,0.0106375,,-11.8335,10.3905,-0.0640747,0.580461,fluid
1664,7.88231,2.09023,,1009.03,3.52733,91022,,-0.000496526,-0.0110916,0.0111028,,-11.5064,10.4559,-0.0621043,0.645899,fluid
1665,7.88649,2.33823,,1008.78,3.45276,88442.5,,0.000124903,-0.012761,0.0127616,,-11.1749,10.5195,-0.0580806,0.709496,fluid
1666,7.88908,2.58664,,1008.52,3.32287,85798.3,,0.000321267,-0.0138865,0.0138902,,-10.847,10.6108,-0.0633912,0.800817,fluid
1667,7.89184,2.83551,,1008.27,3.106,83142.8,,-0.000526491,-0.0144123,0.0144219,,-10.5133,10.6812,-0.0643848,0.871248,fluid
1668,7.89441,3.08481,,1008.01,2.7828,80469.2,,-0.00161199,-0.0157908,0.0158729,,-10.173,10.7545,-0.0608203,0.9445,fluid
1669,7.89711,3.3345,,1007.74,2.49666,77745.6,,-0.00247446,-0.0167225,0.0169046,,-9.83404,10.8409,-0.0648694,1.03092,fluid
1670,7.89974,3.58461,,1007.48,2.31283,75003.4,,-0.00267719,-0.0176636,0.0178654,,-9.49361,10.9146,-0.0696514,1.10459,fluid
1671,7.90177,3.83513,,1007.21,2.2134,72236.9,,-0.00188251,-0.0188949,0.0189884,,-9.14979,10.995,-0.0733389,1.18495,fluid
1672,7.90303,4.086,,1006.93,2.23657,69440.3,,-0.000258582,-0.0196013,0.019603,,-8.8009,11.0779,-0.0748604,1.26791,fluid
1673,7.90323,4.33714,,1006.66,2.26073,66633.4,,0.00133797,-0.0202896,0.0203336,,-8.44955,11.1534,-0.0741469,1.34335,fluid
1674,7.90254,4.5884,,1006.38,2.20778,63804.5,,0.00246385,-0.0208077,0.020953,,-8.09436,11.2334,-0.0716321,1.42342,fluid
1675,7.90133,4.83963,,1006.1,2.11552,60952.5,,0.00309276,-0.0206691,0.0208992,,-7.73612,11.3124,-0.0686849,1.5024,fluid
1676,7.8998,5.0908,,1005.82,1.9366,58087.6,,0.00302745,-0.0208112,0.0210302,,-7.37477,11.3853,-0.0642662,1.57527,fluid
1677,7.89822,5.34177,,1005.53,1.74085,55200,,0.00283845,-0.0204954,0.020691,,-7.0125,11.4627,-0.0620502,1.65269,fluid
1678,7.89665,5.59257,,1005.25,1.49679,52297.3,,0.00207371,-0.0203888,0.020494,,-6.64708,11.534,-0.0589359,1.72399,fluid
1679,7.89511,5.8431,,1004.96,1.30188,49380.8,,0.0016385,-0.0198461,0.0199137,,-6.27941,11.604,-0.055669,1.79402,fluid
1680,7.8936,6.09341,,1004.67,1.05608,46448.8,,0.000746469,-0.0198824,0.0198964,,-5.91179,11.6708,-0.0547722,1.86077,fluid
1681,7.89196,6.3434,,1004.38,0.826997,43508.3,,-0.000113684,-0.0187986,0.018799,,-5.53946,11.7381,-0.0505074,1.92809,fluid
1682,7.8903,6.59325,,1004.08,0.656566,40545.1,,-0.000566602,-0.0192162,0.0192246,,-5.1685,11.794,-0.0507962,1.98402,fluid
1683,7.88836,6.84271,,1003.79,0.335478,37589.6,,-0.00222536,-0.0171643,0.017308,,-4.79615,11.86,-0.0489354,2.04998,fluid
1684,7.88612,7.09234,,1003.49,0.141311,34593.4,,-0.00296452,-0.0185289,0.0187646,,-4.41901,11.9039,-0.0476453,2.09389,fluid
1685,7.88318,7.34152,,1003.19,-0.344791,31611.5,,-0.00603973,-0.0156246,0.0167513,,-4.04893,11.9652,-0.0516929,2.15518,fluid
1686,7.87829,7.59105,,1002.89,-0.936709,28595.8,,-0.00997402,-0.018147,0.0207074,,-3.66648,11.997,-0.047235,2.18703,fluid
1687,7.87022,7.84002,,1002.59,-1.71034,25576.2,,-0.0154903,-0.0165964,0.0227022,,-3.29068,12.0493,-0.0493251,2.23934,fluid
1688,7.85725,8.08873,,1002.28,-2.54503,22562.5,,-0.0215506,-0.0205625,0.0297867,,-2.9068,12.0721,-0.0417889,2.26214,fluid
1689,7.83784,8.3356,,1001.98,-2.90299,19533.2,,-0.0239008,-0.022722,0.0329778,,-2.52343,12.1127,-0.0361824,2.30267,fluid
1690,7.80857,8.58062,,1001.68,-3.11853,16571.8,,-0.025293,-0.0275375,0.0373906,,-2.14909,12.1345,-0.0303917,2.32455,fluid
1691,7.76743,8.82084,,1001.39,-2.39265,13650.5,,-0.0192227,-0.0308723,0.0363677,,-1.77953,12.1622,-0.0245543,2.35221,fluid
1692,7.7199,9.06247,,1001.11,-1.37399,10896.7,,-0.0111909,-0.0331501,0.0349881,,-1.43158,12.1792,-0.021641,2.36921,fluid
1693,7.68667,9.30351,,1000.84,0.950739,8268,,0.00679403,-0.0317066,0.0324263,,-1.09753,12.2041,-0.0228099,2.39407,fluid
1694,7.83553,9.56291,,1000.59,4.68116,5768.43,,0.0363804,-0.0347606,0.0503173,,-0.774215,12.1962,-0.0384579,2.3862,fluid
1695,7.98984,9.86577,,1000.38,1.83185,3708.29,,0.0146372,-0.0237958,0.0279372,,-0.505624,12.1953,-0.0416732,2.38528,fluid
1696,8.14966,0.119071,,1010.93,5.31668,110845,,0.00128157,-0.00304527,0.00330396,,-13.5192,9.86801,-0.0650207,0.0580091,fluid
1697,8.12097,0.36717,,1010.69,4.55833,108303,,0.00395826,-0.00422553,0.0057899,,-13.2775,9.93241,-0.0823315,0.122406,fluid
1698,8.11643,0.61163,,1010.46,4.28019,105905,,0.00346186,-0.00369767,0.0050653,,-12.9922,10.0576,-0.0790291,0.24759,fluid
1699,8.12287,0.857506,,1010.23,4.24826,103523,,0.00195166,-0.00657803,0.00686145,,-12.686,10.0902,-0.0704652,0.280163,fluid
1700,8.11793,1.10332,,1009.99,4.10338,101032,,0.00148612,-0.00747324,0.00761957,,-12.4009,10.1609,-0.0784292,0.350915,fluid
1701,8.12026,1.34921,,1009.76,3.93461,98577.4,,0.000730655,-0.00794315,0.00797669,,-12.0996,10.2515,-0.0772621,0.44147,fluid
1702,8.12611,1.59582,,1009.52,3.80983,96123.6,,0.000362572,-0.00960025,0.00960709,,-11.7851,10.2965,-0.0676527,0.486502,fluid
1703,8.12823,1.84285,,1009.28,3.68776,93581.6,,0.000396991,-0.0112707,0.0112777,,-11.4789,10.3859,-0.0715503,0.575863,fluid
1704,8.13195,2.09038,,1009.03,3.63478,91014,,0.000472473,-0.0118472,0.0118566,,-11.1697,10.4565,-0.0776565,0.646505,fluid
1705,8.13559,2.33841,,1008.78,3.51877,88436.7,,0.00067876,-0.0130187,0.0130364,,-10.8479,10.524,-0.0721972,0.714034,fluid
1706,8.13772,2.58697,,1008.53,3.36748,85802.2,,0.000734496,-0.0143582,0.014377,,-10.5235,10.6074,-0.0688229,0.797436,fluid
1707,8.14007,2.83597,,1008.27,3.20142,83144,,0.000396509,-0.0150747,0.0150799,,-10.2003,10.6792,-0.0698732,0.869163,fluid
1708,8.14223,3.0854,,1008.01,2.90609,80464.4,,-0.000499547,-0.0162687,0.0162764,,-9.87178,10.7564,-0.067931,0.946365,fluid
1709,8.14448,3.33527,,1007.74,2.62687,77743.1,,-0.0013636,-0.0173247,0.0173782,,-9.53856,10.8402,-0.0664071,1.03017,fluid
1710,8.14668,3.58558,,1007.48,2.45075,75003.1,,-0.00145214,-0.0182852,0.0183428,,-9.20531,10.9142,-0.0670476,1.10421,fluid
1711,8.14828,3.83631,,1007.21,2.33004,72235.9,,-0.000752601,-0.0194477,0.0194623,,-8.86764,10.9975,-0.0658908,1.18749,fluid
1712,8.14926,4.08743,,1006.93,2.28454,69440.4,,0.000328238,-0.0203402,0.0203428,,-8.5271,11.0782,-0.0646986,1.26823,fluid
1713,8.14934,4.33878,,1006.66,2.24211,66633.9,,0.00143532,-0.0208742,0.0209235,,-8.18461,11.1539,-0.0620865,1.34388,fluid
1714,8.1487,4.59023,,1006.38,2.13787,63803,,0.00219707,-0.0212585,0.0213717,,-7.84029,11.2357,-0.0600947,1.42574,fluid
1715,8.14764,4.8417,,1006.1,1.98648,60949,,0.00234874,-0.0214471,0.0215754,,-7.49208,11.3136,-0.056876,1.50357,fluid
1716,8.14639,5.09306,,1005.82,1.80566,58079.9,,0.00223619,-0.0214422,0.0215585,,-7.1438,11.3875,-0.0555185,1.5775,fluid
1717,8.14507,5.34428,,1005.53,1.5623,55191.7,,0.00166823,-0.0214124,0.0214772,,-6.79204,11.4648,-0.0532432,1.65484,fluid
1718,8.14384,5.59537,,1005.25,1.36191,52280.7,,0.00122365,-0.021387,0.0214219,,-6.43983,11.5364,-0.0536577,1.72637,fluid
1719,8.14264,5.84623,,1004.96,1.10967,49362.3,,0.000296451,-0.0211292,0.0211313,,-6.08453,11.6071,-0.0522329,1.79707,fluid
1720,8.14145,6.09695,,1004.67,0.916589,46422.6,,-0.00017265,-0.020959,0.0209597,,-5.72768,11.6732,-0.0521611,1.86319,fluid
1721,8.14021,6.3474,,1004.37,0.660217,43470.5,,-0.00129946,-0.0208281,0.0208686,,-5.36929,11.7392,-0.0523243,1.92919,fluid
1722,8.13882,6.59769,,1004.08,0.485938,40511.6,,-0.00179787,-0.0196566,0.0197387,,-5.0076,11.7993,-0.0502493,1.98935,fluid
1723,8.13719,6.84787,,1003.78,0.225776,37530.2,,-0.00302709,-0.0205391,0.020761,,-4.64532,11.8535,-0.0505186,2.04349,fluid
1724,8.13513,7.09772,,1003.48,-0.0135229,34546.8,,-0.00419564,-0.0179981,0.0184807,,-4.28186,11.9158,-0.0499832,2.10577,fluid
1725,8.13233,7.3479,,1003.18,-0.379991,31542.5,,-0.00638935,-0.0198967,0.0208975,,-3.915,11.9503,-0.0486547,2.14028,fluid
1726,8.12782,7.59733,,1002.88,-0.884584,28528.9,,-0.00977778,-0.0182096,0.0206687,,-3.55138,12.0098,-0.051442,2.19981,fluid
1727,8.12015,7.84704,,1002.58,-1.46435,25512.1,,-0.013897,-0.0204821,0.0247517,,-3.17971,12.0362,-0.0459779,2.22619,fluid
1728,8.10868,8.09543,,1002.28,-2.05518,22493.4,,-0.018138,-0.0221609,0.0286372,,-2.81228,12.0789,-0.0445932,2.26891,fluid
1729,8.09175,8.34218,,1001.97,-2.26098,19475.3,,-0.0193434,-0.0256601,0.0321342,,-2.44018,12.1079,-0.0381177,2.29795,fluid
1730,8.0665,8.58671,,1001.67,-2.40675,16500,,-0.0202136,-0.0292229,0.0355327,,-2.07858,12.1381,-0.0364938,2.32814,fluid
1731,8.03085,8.8261,,1001.38,-1.85185,13592.6,,-0.0154089,-0.0320238,0.0355382,,-1.71782,12.1604,-0.0275969,2.3504,fluid
1732,7.98717,9.06526,,1001.1,-1.03556,10851.4,,-0.00874898,-0.0343568,0.0354533,,-1.38186,12.1801,-0.0247593,2.37007,fluid
1733,7.94899,9.30302,,1000.84,0.936057,8274.82,,0.00700019,-0.0320565,0.0328119,,-1.062,12.1999,-0.0218835,2.38985,fluid
1734,8.08707,9.55901,,1000.59,4.17605,5828.04,,0.0335659,-0.0355223,0.0488723,,-0.750414,12.1992,-0.0301795,2.3892,fluid
1735,8.21687,9.86686,,1000.38,1.70502,3775.2,,0.0140657,-0.0255385,0.0291558,,-0.486151,12.2077,-0.0268822,2.39772,fluid
1736,8.39943,0.119134,,1010.94,5.30868,110874,,0.00114423,-0.00306034,0.00326726,,-13.1147,9.86806,-0.0573482,0.0580579,fluid
1737,8.37177,0.367161,,1010.69,4.53426,108336,,0.00394075,-0.00423513,0.00578496,,-12.8702,9.93245,-0.0664764,0.122455,fluid
1738,8.36829,0.61142,,1010.46,4.28049,105937,,0.00371974,-0.0037488,0.00528109,,-12.5884,10.0578,-0.0601479,0.247791,fluid
1739,8.37417,0.857107,,1010.24,4.24758,103552,,0.00216102,-0.0061708,0.00653825,,-12.2937,10.0923,-0.0534478,0.282255,fluid
1740,8.36927,1.10284,,1010,4.11594,101061,,0.00182094,-0.0069711,0.007205,,-12.0132,10.1623,-0.0575279,0.352284,fluid
1741,8.37144,1.34866,,1009.76,3.98843,98599.7,,0.00133839,-0.00805817,0.00816856,,-11.7236,10.2466,-0.0593071,0.436638,fluid
1742,8.37666,1.59507,,1009.52,3.84116,96143,,0.000599254,-0.00941095,0.00943001,,-11.4269,10.3004,-0.0577303,0.490406,fluid
1743,8.37832,1.84194,,1009.28,3.67416,93610.8,,0.000189507,-0.010469,0.0104707,,-11.1235,10.3863,-0.0532429,0.576298,fluid
1744,8.38154,2.08939,,1009.03,3.62522,91051.1,,0.000417092,-0.0115945,0.011602,,-10.8207,10.4513,-0.0546306,0.641309,fluid
1745,8.38466,2.33733,,1008.78,3.5295,88465.6,,0.000782825,-0.0130789,0.0131023,,-10.5171,10.5246,-0.0580731,0.714585,fluid
1746,8.38635,2.58576,,1008.53,3.34648,85831.2,,0.000417198,-0.0137492,0.0137555,,-10.2027,10.6089,-0.0546396,0.798934,fluid
1747,8.38828,2.83465,,1008.27,3.15025,83182.9,,-0.000192993,-0.01486,0.0148612,,-9.88632,10.6749,-0.0511102,0.864875,fluid
1748,8.39004,3.08392,,1008.01,2.85347,80502.5,,-0.0010519,-0.016117,0.0161513,,-9.57236,10.7562,-0.0536127,0.946184,fluid
1749,8.39185,3.33364,,1007.75,2.57555,77779.3,,-0.00199419,-0.0168542,0.0169717,,-9.25369,10.8418,-0.0565046,1.03181,fluid
1750,8.39362,3.58386,,1007.48,2.40292,75042.6,,-0.0021019,-0.0181741,0.0182953,,-8.93313,10.9115,-0.059066,1.10155,fluid
1751,8.39487,3.83451,,1007.21,2.25961,72275.6,,-0.00152655,-0.0195352,0.0195947,,-8.61353,10.9953,-0.0656672,1.18532,fluid
1752,8.39557,4.08552,,1006.94,2.20391,69477.2,,-0.000479467,-0.0200255,0.0200312,,-8.28728,11.0796,-0.0688224,1.26962,fluid
1753,8.39555,4.33685,,1006.66,2.15523,66669.3,,0.000595571,-0.0209318,0.0209403,,-7.95732,11.1532,-0.0688417,1.34324,fluid
1754,8.39495,4.58832,,1006.38,2.03635,63836,,0.00133041,-0.0213997,0.021441,,-7.62544,11.2349,-0.0695787,1.42489,fluid
1755,8.39404,4.83979,,1006.1,1.90437,60976.9,,0.00169708,-0.0214599,0.0215269,,-7.28954,11.3158,-0.0693019,1.50576,fluid
1756,8.39296,5.09125,,1005.82,1.73075,58107.1,,0.00166961,-0.0215087,0.0215734,,-6.9493,11.3894,-0.0660508,1.57941,fluid
1757,8.39188,5.34264,,1005.54,1.52707,55213.7,,0.00144721,-0.021796,0.021844,,-6.60817,11.4659,-0.0649735,1.65585,fluid
1758,8.39084,5.5939,,1005.25,1.31304,52303.4,,0.000927806,-0.0214535,0.0214735,,-6.26272,11.541,-0.0618693,1.73099,fluid
1759,8.38991,5.84515,,1004.96,1.11865,49377,,0.000458829,-0.0217622,0.021767,,-5.91662,11.6073,-0.0603712,1.79727,fluid
1760,8.38894,6.09621,,1004.67,0.867494,46438.9,,-0.000488099,-0.0214458,0.0214514,,-5.56632,11.679,-0.056315,1.86902,fluid
1761,8.38795,6.34732,,1004.37,0.708559,43475.3,,-0.000829002,-0.0217198,0.0217356,,-5.21606,11.7389,-0.0555684,1.92893,fluid
1762,8.38681,6.59821,,1004.08,0.417184,40514.1,,-0.00235562,-0.0211696,0.0213002,,-4.86325,11.8034,-0.0521863,1.99338,fluid
1763,8.38537,6.84917,,1003.78,0.286301,37521,,-0.00256756,-0.0217771,0.021928,,-4.5064,11.8546,-0.0486767,2.04462,fluid
1764,8.38358,7.09987,,1003.48,-0.00601117,34531.1,,-0.00422744,-0.0208956,0.0213189,,-4.15561,11.9117,-0.0510088,2.10172,fluid
1765,8.38103,7.35061,,1003.18,-0.323077,31517.5,,-0.00611048,-0.0223323,0.0231532,,-3.79462,11.9552,-0.045968,2.14522,fluid
1766,8.37699,7.60082,,1002.88,-0.631725,28501.9,,-0.00794547,-0.0213951,0.0228228,,-3.43888,12.0022,-0.046244,2.19218,fluid
1767,8.37025,7.85071,,1002.58,-1.16592,25487.7,,-0.0118269,-0.0246756,0.0273636,,-3.08231,12.0381,-0.0451015,2.22812,fluid
1768,8.36036,8.09904,,1002.27,-1.50713,22468,,-0.0141099,-0.025521,0.0291618,,-2.71969,12.0804,-0.0383522,2.27042,fluid
1769,8.34671,8.34561,,1001.97,-1.66925,19463,,-0.0149643,-0.0296973,0.0332544,,-2.36385,12.1051,-0.0366209,2.29508,fluid
1770,8.32487,8.589,,1001.67,-1.752,16481.7,,-0.0152487,-0.0323671,0.0357792,,-2.01282,12.1424,-0.036305,2.33241,fluid
1771,8.29444,8.82834,,1001.38,-1.42712,13576.1,,-0.0122574,-0.0345484,0.0366584,,-1.6626,12.161,-0.0280762,2.35097,fluid
1772,8.25705,9.06707,,1001.1,-0.734511,10828.1,,-0.00639517,-0.036822,0.0373732,,-1.33495,12.1825,-0.0250141,2.37249,fluid
1773,8.21437,9.30238,,1000.84,0.930204,8278.25,,0.00739006,-0.0334602,0.0342666,,-1.02762,12.1983,-0.0206895,2.38831,fluid
1774,8.33898,9.55543,,1000.6,3.69307,5885.05,,0.0307374,-0.0360028,0.0473391,,-0.731185,12.2089,-0.0258789,2.39885,fluid
1775,8.4423,9.86778,,1000.39,1.60653,3837.97,,0.0137171,-0.0256008,0.0290441,,-0.478723,12.2231,-0.0242882,2.41313,fluid
1776,8.64923,0.119239,,1010.94,5.36554,110884,,0.00133309,-0.00307068,0.00334757,,-12.7433,9.86818,-0.0619072,0.0581826,fluid
1777,8.62265,0.367606,,1010.69,4.57326,108341,,0.00394787,-0.00423369,0.00578877,,-12.5111,9.93279,-0.0792685,0.122794,fluid
1778,8.6202,0.612094,,1010.46,4.25174,105940,,0.00304843,-0.00365551,0.0047598,,-12.2357,10.0601,-0.0732247,0.250143,fluid
1779,8.62535,0.85813,,1010.24,4.2356,103544,,0.00162734,-0.006271,0.00647871,,-11.9477,10.0879,-0.064736,0.27791,fluid
1780,8.62063,1.10407,,1010,4.10736,101048,,0.0013091,-0.00706352,0.00718381,,-11.6754,10.1671,-0.0697586,0.357112,fluid
1781,8.62271,1.34996,,1009.76,3.97769,98590,,0.000856989,-0.0072494,0.00729988,,-11.3897,10.2459,-0.0664021,0.435909,fluid
1782,8.62719,1.59664,,1009.52,3.89728,96125.4,,0.000807508,-0.00957249,0.00960649,,-11.1072,10.2988,-0.0701908,0.488808,fluid
1783,8.62854,1.84372,,1009.28,3.75033,93579.7,,0.000443917,-0.0106008,0.0106101,,-10.8222,10.3913,-0.0765143,0.581307,fluid
1784,8.63127,2.09134,,1009.03,3.6723,91026.9,,0.000394492,-0.0111701,0.0111771,,-10.5223,10.4506,-0.0705177,0.640568,fluid
1785,8.63387,2.33948,,1008.78,3.57714,88446,,0.000997324,-0.0132595,0.0132969,,-10.2272,10.5205,-0.0723408,0.710516,fluid
1786,8.63523,2.58804,,1008.53,3.43052,85800.3,,0.000955682,-0.0141014,0.0141337,,-9.92989,10.6134,-0.0778069,0.803352,fluid
1787,8.63677,2.83702,,1008.27,3.27051,83151.3,,0.000555326,-0.0147008,0.0147113,,-9.62254,10.6757,-0.0739076,0.865665,fluid
1788,8.63815,3.0864,,1008.01,3.02167,80473.8,,0.000217699,-0.0166578,0.0166592,,-9.31602,10.754,-0.0739418,0.944042,fluid
1789,8.63956,3.33617,,1007.74,2.79099,77744.7,,-0.00023881,-0.0177692,0.0177708,,-9.00648,10.8428,-0.0769306,1.0328,fluid
1790,8.64087,3.58637,,1007.48,2.64364,75009.8,,-0.000128894,-0.01882,0.0188204,,-8.68996,10.9141,-0.0735656,1.10405,fluid
1791,8.64168,3.83701,,1007.21,2.50201,72249.1,,0.000587767,-0.0204672,0.0204756,,-8.37119,10.9975,-0.0704755,1.1875,fluid
1792,8.64209,4.08805,,1006.93,2.38922,69452.1,,0.00126862,-0.0216473,0.0216845,,-8.05051,11.0811,-0.0693529,1.27114,fluid
1793,8.64194,4.33929,,1006.66,2.27726,66647.4,,0.00185363,-0.0221993,0.0222766,,-7.72591,11.1561,-0.0648461,1.34611,fluid
1794,8.64132,4.59063,,1006.38,2.11107,63819.1,,0.00225066,-0.0229463,0.0230565,,-7.39867,11.2387,-0.0601604,1.42872,fluid
1795,8.64051,4.84201,,1006.1,1.92479,60963.1,,0.00221332,-0.023243,0.0233481,,-7.07037,11.319,-0.0576596,1.50898,fluid
1796,8.63959,5.09334,,1005.82,1.71591,58094.4,,0.00187265,-0.0235033,0.0235778,,-6.73936,11.3927,-0.0540524,1.58272,fluid
1797,8.63866,5.34457,,1005.53,1.48836,55206,,0.00144256,-0.0234943,0.0235386,,-6.40678,11.4714,-0.0513835,1.66143,fluid
1798,8.6378,5.59579,,1005.25,1.25908,52294.6,,0.000759958,-0.0238309,0.023843,,-6.07263,11.5436,-0.0500663,1.73356,fluid
1799,8.63698,5.84688,,1004.96,1.04579,49372.5,,9.77913e-05,-0.0234667,0.0234669,,-5.73591,11.6148,-0.0477078,1.80484,fluid
1800,8.63618,6.09803,,1004.67,0.814437,46427.2,,-0.000757887,-0.0241477,0.0241596,,-5.39772,11.6797,-0.0467914,1.86975,fluid
1801,8.63527,6.34903,,1004.37,0.607077,43474.3,,-0.00152776,-0.023169,0.0232193,,-5.05772,11.7475,-0.0451381,1.93749,fluid
1802,8.63428,6.6002,,1004.08,0.404481,40493.3,,-0.00235659,-0.0248221,0.0249337,,-4.71571,11.8003,-0.044922,1.99028,fluid
1803,8.63302,6.851,,1003.78,0.197362,37515.7,,-0.00327939,-0.0229108,0.0231443,,-4.37338,11.8666,-0.044148,2.05658,fluid
1804,8.63131,7.10218,,1003.48,0.000160187,34512.5,,-0.00412615,-0.0254286,0.0257612,,-4.02606,11.9035,-0.04141,2.09347,fluid
1805,8.62923,7.35266,,1003.18,-0.234549,31498.1,,-0.00541906,-0.0242737,0.0248712,,-3.68367,11.9677,-0.0450833,2.15773,fluid
1806,8.62573,7.6032,,1002.88,-0.544974,28495.1,,-0.00741543,-0.0265005,0.0275185,,-3.33269,11.9954,-0.0386751,2.18539,fluid
1807,8.62018,7.85255,,1002.58,-0.782597,25471.3,,-0.00884521,-0.0284376,0.0297815,,-2.98485,12.0471,-0.0375915,2.23705,fluid
1808,8.6124,8.10084,,1002.27,-1.11336,22460.7,,-0.0112586,-0.0307706,0.0327656,,-2.63934,12.0806,-0.0373078,2.27063,fluid
1809,8.60188,8.34674,,1001.97,-1.23551,19463.5,,-0.0117939,-0.0337402,0.0357421,,-2.29029,12.1101,-0.0320435,2.30014,fluid
1810,8.58418,8.58986,,1001.67,-1.24398,16479.6,,-0.011468,-0.0366536,0.0384058,,-1.94688,12.1437,-0.0303181,2.33365,fluid
1811,8.55756,8.82895,,1001.38,-1.0983,13566.5,,-0.0099024,-0.0378621,0.0391356,,-1.6086,12.1646,-0.025457,2.35457,fluid
1812,8.52769,9.06858,,1001.1,-0.550083,10804.8,,-0.00504403,-0.0394937,0.0398145,,-1.28865,12.1854,-0.0230134,2.37541,fluid
1813,8.48289,9.30194,,1000.84,0.804437,8285.76,,0.00670134,-0.035695,0.0363186,,-0.995082,12.1997,-0.0191431,2.38974,fluid
1814,8.58852,9.55131,,1000.61,3.13203,5964.7,,0.0269344,-0.0356961,0.0447176,,-0.720581,12.2146,-0.0265053,2.40459,fluid
1815,8.66746,9.86863,,1000.4,1.461,3887.55,,0.0129372,-0.0241053,0.0273576,,-0.475164,12.232,-0.0268193,2.422,fluid
1816,8.89796,0.119926,,1010.94,5.35607,110892,,0.00117279,-0.00311712,0.00333044,,-12.3825,9.86852,-0.0546343,0.058519,fluid
1817,8.87315,0.368708,,1010.69,4.54933,108338,,0.00390496,-0.0043309,0.00583141,,-12.1483,9.93381,-0.0678972,0.123809,fluid
1818,8.87196,0.612817,,1010.46,4.27015,105924,,0.00336961,-0.00391042,0.00516195,,-11.8842,10.0623,-0.0685957,0.252307,fluid
1819,8.87627,0.858608,,1010.23,4.32415,103528,,0.00254816,-0.00590291,0.00642942,,-11.6063,10.0898,-0.0610059,0.279808,fluid
1820,8.872,1.10416,,1009.99,4.21317,101033,,0.00237653,-0.00762692,0.0079886,,-11.3472,10.1663,-0.0720123,0.356251,fluid
1821,8.87385,1.34964,,1009.76,4.02174,98576.3,,0.0012601,-0.0075189,0.00762376,,-11.0694,10.2549,-0.0681473,0.444866,fluid
1822,8.87745,1.59605,,1009.52,3.91503,96126.2,,0.00110377,-0.00954436,0.00960797,,-10.7784,10.2927,-0.0524131,0.48273,fluid
1823,8.87844,1.84297,,1009.28,3.8028,93580.1,,0.00119844,-0.0114008,0.0114636,,-10.5038,10.3908,-0.0605767,0.580772,fluid
1824,8.8807,2.09046,,1009.03,3.71349,91023.3,,0.000833851,-0.0117163,0.0117459,,-10.2194,10.4581,-0.0615676,0.648116,fluid
1825,8.88267,2.33866,,1008.78,3.57953,88454.4,,0.00111417,-0.0134039,0.0134501,,-9.92465,10.5194,-0.0532416,0.709412,fluid
1826,8.88366,2.58742,,1008.53,3.39989,85810.8,,0.000964526,-0.0149638,0.0149949,,-9.63309,10.6128,-0.0553628,0.802795,fluid
1827,8.8849,2.8366,,1008.27,3.21309,83155.9,,0.000218844,-0.0157051,0.0157066,,-9.33522,10.6775,-0.0527244,0.867469,fluid
1828,8.88589,3.08615,,1008.01,2.94657,80483.8,,-0.000321361,-0.0172806,0.0172836,,-9.03524,10.7548,-0.049727,0.944798,fluid
1829,8.8869,3.33616,,1007.74,2.69857,77756,,-0.000856088,-0.0185535,0.0185732,,-8.73757,10.8466,-0.0552999,1.03656,fluid
1830,8.88784,3.58667,,1007.48,2.52017,75016.9,,-0.00110236,-0.0200825,0.0201127,,-8.43518,10.9152,-0.0574193,1.10525,fluid
1831,8.88836,3.83754,,1007.21,2.33602,72256.7,,-0.000808137,-0.0217878,0.0218027,,-8.13125,10.9957,-0.0600645,1.18569,fluid
1832,8.88857,4.08866,,1006.93,2.19953,69459,,-0.000268661,-0.0225532,0.0225548,,-7.82588,11.0847,-0.0652805,1.27472,fluid
1833,8.88837,4.34006,,1006.66,2.07547,66649.2,,0.000193331,-0.023736,0.0237368,,-7.51484,11.1584,-0.0659792,1.34841,fluid
1834,8.88786,4.5915,,1006.38,1.9038,63817.7,,0.000525378,-0.02454,0.0245456,,-7.20245,11.2383,-0.0676595,1.42834,fluid
1835,8.8872,4.84286,,1006.1,1.7261,60959.3,,0.000619141,-0.0249322,0.0249399,,-6.88628,11.3216,-0.0686483,1.51158,fluid
1836,8.88647,5.09417,,1005.82,1.55066,58087.8,,0.000577416,-0.02535,0.0253565,,-6.56697,11.3959,-0.0681349,1.58589,fluid
1837,8.88574,5.34538,,1005.53,1.33576,55198,,0.000259049,-0.0260097,0.026011,,-6.24473,11.4718,-0.0669428,1.66176,fluid
1838,8.88508,5.59643,,1005.25,1.15263,52287.2,,1.73721e-05,-0.0261175,0.0261175,,-5.92044,11.5472,-0.0663159,1.7372,fluid
1839,8.88444,5.84744,,1004.96,0.938263,49365.1,,-0.000646134,-0.0268586,0.0268664,,-5.59278,11.6139,-0.0638475,1.80389,fluid
1840,8.88383,6.09822,,1004.67,0.790294,46424.5,,-0.000767361,-0.027028,0.0270389,,-5.26392,11.6841,-0.0624596,1.87412,fluid
1841,8.88313,6.34897,,1004.37,0.528141,43473.6,,-0.00203094,-0.0280682,0.0281415,,-4.93265,11.7444,-0.0600216,1.93439,fluid
1842,8.88234,6.59939,,1004.08,0.450722,40505.5,,-0.00173481,-0.0279673,0.0280211,,-4.59774,11.8068,-0.0560307,1.99678,fluid
1843,8.88144,6.84977,,1003.78,0.205517,37529.4,,-0.00302635,-0.0297279,0.0298815,,-4.26716,11.858,-0.0574848,2.04802,fluid
1844,8.88005,7.09958,,1003.48,0.0478119,34545.5,,-0.00354875,-0.0296787,0.0298901,,-3.92777,11.9152,-0.0510374,2.10522,fluid
1845,8.87847,7.34929,,1003.18,-0.0562249,31544.7,,-0.00367568,-0.0316563,0.0318689,,-3.59325,11.9558,-0.051585,2.14585,fluid
1846,8.87592,7.59821,,1002.88,-0.388895,28545.3,,-0.00595916,-0.0330702,0.0336028,,-3.261,12.0068,-0.0542091,2.19678,fluid
1847,8.87155,7.84653,,1002.58,-0.516111,25551.2,,-0.00644179,-0.0340486,0.0346527,,-2.91824,12.0456,-0.0455419,2.23562,fluid
1848,8.86522,8.0941,,1002.28,-0.766119,22540.9,,-0.00805775,-0.0374504,0.0383074,,-2.58689,12.0794,-0.0500485,2.26945,fluid
1849,8.85754,8.34011,,1001.98,-0.963927,19538.3,,-0.00933762,-0.0378918,0.0390254,,-2.24753,12.1187,-0.0460444,2.30869,fluid
1850,8.84338,8.58463,,1001.68,-0.955908,16545.4,,-0.00899883,-0.0403395,0.041331,,-1.90646,12.1412,-0.0386626,2.33115,fluid
1851,8.82033,8.82518,,1001.38,-0.892304,13599.8,,-0.00816537,-0.0408261,0.0416346,,-1.57304,12.1684,-0.033295,2.3584,fluid
1852,8.79657,9.06302,,1001.1,-0.555859,10851,,-0.00513074,-0.040855,0.0411759,,-1.2601,12.1883,-0.0279095,2.37825,fluid
1853,8.75216,9.2953,,1000.85,0.534363,8360.85,,0.00461024,-0.037489,0.0377714,,-0.974692,12.2034,-0.0202137,2.39342,fluid
1854,8.83974,9.54786,,1000.61,2.58635,6034.37,,0.0230182,-0.0346133,0.0415682,,-0.70583,12.2159,-0.0236078,2.40589,fluid
1855,8.89418,9.86925,,1000.4,1.11731,3932.72,,0.0103014,-0.0223164,0.0245792,,-0.467601,12.2319,-0.0256105,2.4219,fluid
1856,9.14652,0.120264,,1010.94,5.50305,110928,,0.00219069,-0.0031781,0.00385998,,-12.0532,9.86882,-0.0566536,0.0588234,fluid
1857,9.12405,0.369282,,1010.7,4.61295,108379,,0.00423013,-0.00440598,0.00610792,,-11.8328,9.93454,-0.0801995,0.124541,fluid
1858,9.1239,0.613468,,1010.47,4.2768,105960,,0.00320425,-0.00380703,0.00497602,,-11.5653,10.0644,-0.0721631,0.254355,fluid
1859,9.12759,0.859154,,1010.24,4.22722,103561,,0.00134553,-0.00565945,0.0058172,,-11.2849,10.0999,-0.0540138,0.289851,fluid
1860,9.12352,1.10511,,1010,4.16715,101059,,0.00175103,-0.00687389,0.00709341,,-11.0219,10.1584,-0.0547261,0.348417,fluid
1861,9.12536,1.3505,,1009.76,4.13238,98589,,0.00194736,-0.00790752,0.00814377,,-10.7623,10.255,-0.0628231,0.445002,fluid
1862,9.12813,1.59684,,1009.52,3.98581,96137.6,,0.00116699,-0.00900582,0.00908111,,-10.4962,10.2992,-0.0635715,0.489187,fluid
1863,9.12871,1.84371,,1009.28,3.84534,93600,,0.00116586,-0.0106889,0.0107523,,-10.2231,10.39,-0.0640276,0.57997,fluid
1864,9.1304,2.09112,,1009.03,3.81315,91035.4,,0.00131271,-0.0117186,0.0117919,,-9.94728,10.4581,-0.0659427,0.648069,fluid
1865,9.13181,2.33915,,1008.78,3.68863,88467.9,,0.00148547,-0.0132846,0.0133674,,-9.6678,10.5171,-0.0642708,0.707065,fluid
1866,9.13244,2.58759,,1008.53,3.52954,85830,,0.00161805,-0.0143722,0.014463,,-9.38725,10.6129,-0.0683611,0.802945,fluid
1867,9.13329,2.83648,,1008.27,3.407,83170.2,,0.00141537,-0.0148349,0.0149023,,-9.1017,10.6835,-0.0701297,0.873491,fluid
1868,9.13391,3.08586,,1008.01,3.20405,80497.6,,0.00129356,-0.0167205,0.0167705,,-8.81049,10.7522,-0.0674793,0.942175,fluid
1869,9.13451,3.3356,,1007.75,3.00501,77771.2,,0.00132755,-0.0180164,0.0180652,,-8.51803,10.8425,-0.0694793,1.0325,fluid
1870,9.13506,3.58573,,1007.48,2.86499,75029.9,,0.00150901,-0.0187812,0.0188418,,-8.22161,10.9192,-0.0691781,1.10924,fluid
1871,9.13524,3.83632,,1007.21,2.70232,72272.6,,0.00199373,-0.0202638,0.0203617,,-7.92028,10.998,-0.0654962,1.18796,fluid
1872,9.13522,4.0873,,1006.94,2.52966,69477.7,,0.00235432,-0.0215849,0.021713,,-7.61684,11.0812,-0.0637601,1.27122,fluid
1873,9.13497,4.33842,,1006.66,2.35899,66668.7,,0.00250383,-0.0220277,0.0221695,,-7.31141,11.1593,-0.0615193,1.34925,fluid
1874,9.13446,4.58966,,1006.38,2.16103,63841.6,,0.00263943,-0.0226774,0.0228305,,-7.00128,11.241,-0.0565271,1.43095,fluid
1875,9.13392,4.84097,,1006.1,1.95547,60985.7,,0.00255113,-0.0233642,0.0235031,,-6.69049,11.3211,-0.0541625,1.51109,fluid
1876,9.13333,5.09222,,1005.82,1.73323,58116,,0.00214367,-0.023615,0.0237121,,-6.37667,11.3968,-0.0504379,1.58685,fluid
1877,9.13277,5.34341,,1005.54,1.52722,55227.7,,0.0019056,-0.0239907,0.0240662,,-6.06085,11.4739,-0.046951,1.66385,fluid
1878,9.13225,5.59457,,1005.25,1.29736,52319.7,,0.00127068,-0.0246024,0.0246352,,-5.74353,11.5473,-0.0443393,1.73727,fluid
1879,9.13179,5.84564,,1004.96,1.12157,49394.4,,0.000954551,-0.0249641,0.0249823,,-5.42334,11.6182,-0.0409858,1.80815,fluid
1880,9.13133,6.09672,,1004.67,0.898109,46459.1,,0.00014105,-0.0256354,0.0256358,,-5.1017,11.6833,-0.0374764,1.87329,fluid
1881,9.13086,6.34768,,1004.38,0.767323,43494.4,,1.93189e-05,-0.0268779,0.0268779,,-4.77825,11.7485,-0.0355561,1.93853,fluid
1882,9.13035,6.59853,,1004.08,0.546657,40537.2,,-0.00106005,-0.0270501,0.0270708,,-4.45372,11.8082,-0.0319452,1.99821,fluid
1883,9.12967,6.84935,,1003.78,0.46562,37542.6,,-0.000905938,-0.0297586,0.0297724,,-4.1263,11.8606,-0.0296483,2.05056,fluid
1884,9.12882,7.09974,,1003.49,0.297033,34552.2,,-0.00169447,-0.0296678,0.0297162,,-3.80333,11.9201,-0.0315156,2.11006,fluid
1885,9.12761,7.35022,,1003.19,0.108259,31559.1,,-0.00262187,-0.0321546,0.0322613,,-3.47569,11.958,-0.0291348,2.14803,fluid
1886,9.12557,7.60005,,1002.88,0.0112042,28528.8,,-0.00273377,-0.033741,0.0338516,,-3.14901,12.014,-0.0317447,2.20399,fluid
1887,9.12243,7.84958,,1002.58,-0.29099,25541.2,,-0.00481785,-0.0337345,0.0340768,,-2.82618,12.0516,-0.0335682,2.24164,fluid
1888,9.11675,8.09793,,1002.28,-0.473203,22526.6,,-0.00560319,-0.0373379,0.037756,,-2.49724,12.0839,-0.031962,2.27393,fluid
1889,9.11114,8.34497,,1001.98,-0.672817,19506.5,,-0.00685673,-0.036916,0.0375473,,-2.17026,12.129,-0.0335379,2.319,fluid
1890,9.10028,8.58997,,1001.67,-0.793913,16511.6,,-0.00767559,-0.0394898,0.0402288,,-1.84185,12.1473,-0.0304797,2.33727,fluid
1891,9.0786,8.82949,,1001.38,-0.720888,13561.9,,-0.00665043,-0.0394687,0.040025,,-1.51871,12.1791,-0.0269342,2.36914,fluid
1892,9.0652,9.07364,,1001.09,-0.580346,10755.6,,-0.00542873,-0.0404449,0.0408076,,-1.20863,12.1976,-0.023456,2.38758,fluid
1893,9.03109,9.3035,,1000.84,0.395283,8283.42,,0.00362377,-0.0368439,0.0370216,,-0.92934,12.2176,-0.0129009,2.40764,fluid
1894,9.08259,9.54917,,1000.61,1.76526,6026.36,,0.0164036,-0.0330128,0.0368636,,-0.680875,12.2144,-0.0177738,2.40439,fluid
1895,9.11215,9.87081,,1000.41,0.732194,3979.08,,0.00707265,-0.021761,0.0228816,,-0.458436,12.2291,-0.0219339,2.41907,fluid
1896,9.39428,0.120155,,1010.94,5.47972,110952,,0.00201225,-0.00326365,0.00383413,,-11.7409,9.87009,-0.0582078,0.0600922,fluid
1897,9.3746,0.370529,,1010.7,4.4655,108392,,0.0031403,-0.00443586,0.00543492,,-11.5026,9.93678,-0.0627517,0.12678,fluid
1898,9.37565,0.615012,,1010.47,4.32639,105959,,0.00367777,-0.00330057,0.00494163,,-11.241,10.061,-0.0565674,0.251001,fluid
1899,9.37795,0.861973,,1010.23,4.44259,103530,,0.00317245,-0.00646895,0.00720498,,-10.9929,10.0869,-0.0650261,0.276854,fluid
1900,9.37494,1.1083,,1009.99,4.25145,101024,,0.00246033,-0.00624328,0.00671057,,-10.7418,10.1733,-0.0724667,0.363298,fluid
1901,9.37647,1.3545,,1009.76,4.14665,98553.8,,0.00213603,-0.00722849,0.00753749,,-10.4694,10.2558,-0.0602047,0.445833,fluid
1902,9.37835,1.60162,,1009.52,4.08844,96086.3,,0.00215829,-0.00930499,0.00955202,,-10.2036,10.301,-0.0546249,0.491012,fluid
1903,9.37877,1.84912,,1009.27,3.93301,93541.9,,0.00204834,-0.0108328,0.0110248,,-9.93961,10.3899,-0.0574585,0.579905,fluid
1904,9.37998,2.09704,,1009.03,3.83781,90973.7,,0.00176849,-0.0113558,0.0114927,,-9.66953,10.4635,-0.0575791,0.653493,fluid
1905,9.38088,2.34552,,1008.78,3.69389,88402.9,,0.00168441,-0.012714,0.0128251,,-9.39508,10.5248,-0.0533366,0.714789,fluid
1906,9.38126,2.59444,,1008.52,3.49774,85769.5,,0.00154744,-0.0143604,0.0144435,,-9.11988,10.6106,-0.0544938,0.800628,fluid
1907,9.38181,2.84359,,1008.26,3.33249,83107.7,,0.00114073,-0.0151547,0.0151976,,-8.83993,10.6845,-0.0541525,0.874513,fluid
1908,9.38213,3.093,,1008,3.11591,80435.9,,0.000830221,-0.0162861,0.0163073,,-8.55757,10.7589,-0.0523413,0.94885,fluid
1909,9.38241,3.34277,,1007.74,2.89773,77719.6,,0.00068321,-0.0175698,0.0175831,,-8.2757,10.8483,-0.0557908,1.03832,fluid
1910,9.38261,3.59297,,1007.47,2.71792,74980.7,,0.000568408,-0.0190372,0.0190457,,-7.98942,10.9223,-0.0572522,1.1123,fluid
1911,9.38254,3.84342,,1007.2,2.50375,72224.7,,0.000521731,-0.0202848,0.0202915,,-7.70007,11.001,-0.0573554,1.19096,fluid
1912,9.38237,4.09402,,1006.93,2.30656,69436.4,,0.000636761,-0.0206817,0.0206915,,-7.40979,11.0902,-0.0600009,1.28017,fluid
1913,9.38205,4.34484,,1006.66,2.13137,66628.8,,0.000751816,-0.0215386,0.0215517,,-7.11522,11.1669,-0.0604568,1.35693,fluid
1914,9.3816,4.59569,,1006.38,1.9176,63801.4,,0.000676634,-0.0221081,0.0221184,,-6.81761,11.2454,-0.0600362,1.43544,fluid
1915,9.38117,4.84642,,1006.1,1.71244,60950.2,,0.000579022,-0.0219765,0.0219841,,-6.51793,11.3286,-0.0602452,1.51858,fluid
1916,9.38074,5.09711,,1005.82,1.52412,58081.9,,0.000455087,-0.0222911,0.0222957,,-6.2156,11.4043,-0.0598041,1.59432,fluid
1917,9.38032,5.34767,,1005.53,1.31979,55197.6,,0.000188868,-0.0223349,0.0223357,,-5.90951,11.4808,-0.0574916,1.67078,fluid
1918,9.37996,5.59813,,1005.25,1.14735,52291.3,,6.83499e-05,-0.0225393,0.0225394,,-5.60189,11.5539,-0.0562066,1.74391,fluid
1919,9.37965,5.84845,,1004.96,0.963822,49374.2,,-0.000321815,-0.0225452,0.0225475,,-5.29428,11.6249,-0.0562853,1.8149,fluid
1920,9.37932,6.09868,,1004.67,0.806882,46437.3,,-0.000537962,-0.0231397,0.0231459,,-4.98175,11.6916,-0.0537189,1.88165,fluid
1921,9.37899,6.34871,,1004.38,0.670437,43489.1,,-0.000709381,-0.0228922,0.0229032,,-4.6688,11.758,-0.0521374,1.94804,fluid
1922,9.37865,6.59875,,1004.08,0.513454,40522.7,,-0.00125558,-0.0242237,0.0242562,,-4.35407,11.8151,-0.0508929,2.00508,fluid
1923,9.37809,6.84847,,1003.78,0.431594,37552.2,,-0.00118002,-0.0229917,0.0230219,,-4.03269,11.8771,-0.043543,2.06708,fluid
1924,9.37744,7.09837,,1003.49,0.310513,34559.9,,-0.00164123,-0.0255631,0.0256157,,-3.71617,11.921,-0.0435474,2.11101,fluid
1925,9.37644,7.34771,,1003.19,0.144068,31575,,-0.00255561,-0.02358,0.0237181,,-3.39048,11.9815,-0.0336964,2.17151,fluid
1926,9.37485,7.59717,,1002.89,0.0755801,28577.2,,-0.00255594,-0.026712,0.026834,,-3.06944,12.0116,-0.0299307,2.2016,fluid
1927,9.37289,7.84553,,1002.59,-0.165462,25584.6,,-0.0041084,-0.026702,0.0270162,,-2.7526,12.0633,-0.0300126,2.25325,fluid
1928,9.36893,8.09252,,1002.29,-0.298662,22605.7,,-0.00467616,-0.0298704,0.0302342,,-2.42789,12.0927,-0.0205624,2.28273,fluid
1929,9.36585,8.33727,,1001.99,-0.445343,19618.4,,-0.00537,-0.0324508,0.0328922,,-2.11498,12.1267,-0.02446,2.31672,fluid
1930,9.36024,8.57902,,1001.69,-0.505489,16644.6,,-0.00552248,-0.0359046,0.0363268,,-1.80085,12.1565,-0.0256305,2.34654,fluid
1931,9.34167,8.81369,,1001.4,-0.69197,13766.5,,-0.00684868,-0.0390995,0.0396948,,-1.4938,12.1816,-0.0221899,2.37157,fluid
1932,9.33206,9.05326,,1001.11,-0.299989,10957.3,,-0.00292829,-0.0408163,0.0409212,,-1.19652,12.2009,-0.0236702,2.39095,fluid
1933,9.30566,9.28159,,1000.87,-0.137512,8536.63,,-0.00112992,-0.0401631,0.0401789,,-0.937106,12.2197,-0.0205422,2.40967,fluid
1934,9.3211,9.52598,,1000.64,1.03062,6281.79,,0.0100123,-0.0361776,0.0375375,,-0.685777,12.2106,-0.0122754,2.40061,fluid
1935,9.3494,9.87622,,1000.4,0.579841,3912.07,,0.00594418,-0.0209158,0.0217441,,-0.424723,12.2365,-0.0064596,2.42648,fluid
1936,9.63847,0.124199,,1010.94,5.43641,110905,,0.00199934,-0.00356158,0.00408439,,-11.4466,9.87131,-0.0646379,0.0613093,fluid
1937,9.62447,0.374708,,1010.69,4.20487,108331,,0.00145728,-0.00485384,0.00506788,,-11.2203,9.94005,-0.083565,0.130052,fluid
1938,9.62633,0.61868,,1010.46,3.95074,105909,,0.000793424,-0.00267525,0.00279042,,-10.9641,10.0708,-0.0759784,0.260772,fluid
1939,9.62781,0.864522,,1010.23,4.16019,103503,,0.00106719,-0.00578544,0.00588304,,-10.7067,10.0853,-0.0651041,0.275311,fluid
1940,9.62533,1.11022,,1009.99,4.05377,100995,,0.00119963,-0.00752529,0.00762031,,-10.4575,10.1735,-0.0687198,0.363537,fluid
1941,9.62685,1.35538,,1009.75,3.93635,98515.9,,0.000796283,-0.00759607,0.00763769,,-10.2028,10.258,-0.0682201,0.447955,fluid
1942,9.62766,1.60198,,1009.52,3.89011,96056.8,,0.000806326,-0.00893243,0.00896875,,-9.94936,10.3039,-0.0662356,0.493916,fluid
1943,9.62786,1.84925,,1009.27,3.75559,93526.8,,0.000825656,-0.0105435,0.0105757,,-9.69408,10.3889,-0.0691448,0.578913,fluid
1944,9.62863,2.09714,,1009.02,3.66455,90957,,0.000738849,-0.0115356,0.0115592,,-9.4318,10.4617,-0.0697618,0.651664,fluid
1945,9.62898,2.34579,,1008.77,3.55161,88378.2,,0.000842386,-0.012849,0.0128766,,-9.16823,10.5261,-0.0697094,0.716066,fluid
1946,9.6292,2.59489,,1008.52,3.37911,85747.8,,0.000884092,-0.0140189,0.0140467,,-8.90222,10.611,-0.0724749,0.801029,fluid
1947,9.62952,2.84439,,1008.26,3.24055,83083.8,,0.00086663,-0.0148136,0.0148389,,-8.63114,10.6888,-0.0738184,0.878772,fluid
1948,9.6296,3.09431,,1008,3.07326,80402.7,,0.000980051,-0.0164682,0.0164973,,-8.35795,10.7592,-0.074693,0.94918,fluid
1949,9.62965,3.34447,,1007.74,2.87311,77681.5,,0.00107817,-0.0177791,0.0178117,,-8.0815,10.8452,-0.0765204,1.03518,fluid
1950,9.62967,3.59482,,1007.47,2.69273,74939.4,,0.00113877,-0.0184401,0.0184752,,-7.80141,10.9256,-0.0769667,1.11557,fluid
1951,9.62949,3.84536,,1007.2,2.49179,72182.2,,0.00124758,-0.0195806,0.0196204,,-7.51965,11.0052,-0.0772928,1.19518,fluid
1952,9.6293,4.09601,,1006.93,2.27495,69394.6,,0.00127558,-0.0207861,0.0208252,,-7.23453,11.0875,-0.0774992,1.27751,fluid
1953,9.62908,4.34657,,1006.65,2.06404,66589.7,,0.00121397,-0.0212311,0.0212658,,-6.94638,11.1678,-0.0766064,1.35779,fluid
1954,9.62882,4.59701,,1006.38,1.84648,63769.5,,0.00115674,-0.021809,0.0218396,,-6.65647,11.2497,-0.0756638,1.43973,fluid
1955,9.62861,4.84734,,1006.1,1.63341,60925.8,,0.00105023,-0.0226339,0.0226582,,-6.36363,11.3305,-0.0744021,1.52049,fluid
1956,9.62844,5.09747,,1005.82,1.43346,58067,,0.000907141,-0.022965,0.0229829,,-6.06821,11.408,-0.0723012,1.59795,fluid
1957,9.62831,5.34741,,1005.53,1.23908,55191.3,,0.000759205,-0.0238021,0.0238142,,-5.77072,11.4847,-0.0700744,1.67472,fluid
1958,9.62823,5.5971,,1005.25,1.05777,52299.9,,0.000592913,-0.0239667,0.0239741,,-5.47095,11.5613,-0.0673734,1.75128,fluid
1959,9.62822,5.84665,,1004.96,0.89612,49391.9,,0.000448596,-0.0251353,0.0251393,,-5.16876,11.6298,-0.0641667,1.81978,fluid
1960,9.62827,6.0958,,1004.67,0.742949,46471.7,,0.000271824,-0.0251751,0.0251765,,-4.8649,11.7027,-0.0607532,1.89268,fluid
1961,9.62831,6.34479,,1004.38,0.604848,43539.2,,0.000111404,-0.0262631,0.0262633,,-4.55865,11.7615,-0.0563738,1.95147,fluid
1962,9.62845,6.59316,,1004.09,0.485199,40593.9,,-2.90302e-05,-0.0270534,0.0270534,,-4.25269,11.8284,-0.0538263,2.01838,fluid
1963,9.62852,6.84105,,1003.79,0.370962,37648.2,,-0.000270887,-0.027427,0.0274283,,-3.95523,11.8819,-0.0599344,2.07188,fluid
1964,9.6285,7.08819,,1003.5,0.27502,34694.5,,-0.00037949,-0.0289638,0.0289663,,-3.64901,11.9324,-0.0582682,2.12239,fluid
1965,9.62851,7.33427,,1003.2,0.179916,31738.8,,-0.000708121,-0.0298742,0.0298826,,-3.34878,11.9865,-0.0629684,2.17654,fluid
1966,9.62805,7.57934,,1002.91,0.0936521,28804.7,,-0.00091499,-0.0304304,0.0304442,,-3.04319,12.0227,-0.060126,2.21272,fluid
1967,9.62765,7.82321,,1002.62,0.0252033,25856.7,,-0.000953413,-0.0336344,0.0336479,,-2.73314,12.0639,-0.0544725,2.25389,fluid
1968,9.62605,8.06532,,1002.32,-0.0600511,22926.8,,-0.00139791,-0.0331035,0.033133,,-2.43245,12.1058,-0.0562201,2.29576,fluid
1969,9.62552,8.30609,,1002.03,-0.115847,20002.6,,-0.00138513,-0.0372386,0.0372644,,-2.12395,12.1192,-0.0500721,2.30921,fluid
1970,9.62267,8.54521,,1001.73,-0.163937,17040.2,,-0.00137698,-0.0385775,0.0386021,,-1.81363,12.1608,-0.0458506,2.35085,fluid
1971,9.61399,8.78084,,1001.44,-0.335594,14146.7,,-0.00304137,-0.0408779,0.0409909,,-1.51861,12.1753,-0.049252,2.36526,fluid
1972,9.60102,9.01199,,1001.16,-0.0874896,11393.4,,-0.000258259,-0.0438101,0.0438108,,-1.20417,12.1928,-0.0188554,2.38276,fluid
1973,9.58262,9.24333,,1000.9,-0.102559,8888.36,,-0.000206947,-0.0414792,0.0414797,,-0.942378,12.213,-0.0156658,2.40304,fluid
1974,9.58766,9.49167,,1000.69,0.0370261,6742.64,,0.000822441,-0.0394497,0.0394582,,-0.707483,12.2212,-0.00470283,2.41122,fluid
1975,9.54739,9.86505,,1000.39,0.513154,3813.97,,0.0057004,-0.0180742,0.0189518,,-0.394075,12.2531,0.00524758,2.4431,fluid
1976,9.88572,0.120048,,1010.95,6.02967,110990,,0.00438733,-0.00336991,0.00553217,,-11.141,9.86546,-0.0353041,0.0554611,fluid
1977,9.87651,0.373068,,1010.71,4.93594,108450,,0.00543614,-0.00507722,0.0074384,,-10.9247,9.93461,-0.0604579,0.124607,fluid
1978,9.87999,0.61617,,1010.47,4.6542,106020,,0.0048243,-0.00437689,0.00651391,,-10.6787,10.0996,-0.0592001,0.289612,fluid
1979,9.87983,0.863616,,1010.24,4.81218,103569,,0.0043182,-0.00584663,0.00726842,,-10.4228,10.1261,-0.0461904,0.316074,fluid
1980,9.87849,1.11063,,1010,4.73428,101056,,0.00430086,-0.00665141,0.00792078,,-10.1719,10.1614,-0.0432741,0.351437,fluid
1981,9.8793,1.35672,,1009.76,4.60877,98562.3,,0.00408107,-0.00709188,0.00818229,,-9.92346,10.2556,-0.0432049,0.445566,fluid
1982,9.87902,1.60439,,1009.52,4.54441,96078.8,,0.00402728,-0.00816034,0.00910001,,-9.67529,10.3079,-0.0414499,0.497879,fluid
1983,9.87888,1.85214,,1009.27,4.41287,93548.3,,0.00392314,-0.00964335,0.0104108,,-9.42373,10.3874,-0.0412204,0.57736,fluid
1984,9.87897,2.10037,,1009.03,4.30352,90979,,0.00374247,-0.0101983,0.0108633,,-9.16778,10.4625,-0.0407883,0.6525,fluid
1985,9.8788,2.34914,,1008.78,4.17644,88397.8,,0.00364499,-0.011297,0.0118705,,-8.91059,10.5307,-0.0402082,0.72072,fluid
1986,9.87872,2.59815,,1008.52,4.00142,85773.9,,0.00351064,-0.0126526,0.0131306,,-8.64993,10.6104,-0.0406121,0.800377,fluid
1987,9.87866,2.84746,,1008.26,3.84286,83115.2,,0.00336486,-0.013374,0.0137908,,-8.38506,10.6895,-0.0404167,0.879484,fluid
1988,9.87851,3.09701,,1008,3.66131,80438.6,,0.00325879,-0.0142545,0.0146223,,-8.11823,10.7641,-0.04011,0.954071,fluid
1989,9.87841,3.34668,,1007.74,3.45343,77729.3,,0.00314226,-0.0150952,0.0154188,,-7.84866,10.8478,-0.0405118,1.03783,fluid
1990,9.8783,3.5965,,1007.48,3.25291,74995.5,,0.00301269,-0.0157837,0.0160687,,-7.57587,10.9261,-0.0402606,1.11608,fluid
1991,9.87811,3.84635,,1007.21,3.03093,72243.6,,0.00287698,-0.0164874,0.0167365,,-7.30085,11.0048,-0.0396773,1.19477,fluid
1992,9.87797,4.09614,,1006.94,2.79993,69466.1,,0.0027252,-0.0168786,0.0170972,,-7.02328,11.0894,-0.0392987,1.27942,fluid
1993,9.87784,4.34596,,1006.66,2.57888,66668.3,,0.00257186,-0.0173774,0.0175667,,-6.74312,11.1692,-0.0385006,1.35923,fluid
1994,9.87769,4.59577,,1006.39,2.34988,63852,,0.00240394,-0.0178987,0.0180594,,-6.46058,11.2488,-0.0373309,1.43881,fluid
1995,9.87759,4.84555,,1006.11,2.12397,61013.6,,0.0022172,-0.0182091,0.0183436,,-6.17554,11.3303,-0.0360557,1.52032,fluid
1996,9.8775,5.0954,,1005.83,1.91159,58156,,0.00203064,-0.0186718,0.0187819,,-5.88813,11.4084,-0.0345034,1.59843,fluid
1997,9.87744,5.34533,,1005.54,1.70617,55280.3,,0.00184889,-0.0189344,0.0190244,,-5.59859,11.4857,-0.0328091,1.67569,fluid
1998,9.8774,5.59543,,1005.26,1.51042,52381.6,,0.00165202,-0.0197226,0.0197917,,-5.30631,11.5595,-0.0308658,1.74948,fluid
1999,9.87741,5.84566,,1004.97,1.33128,49466.3,,0.00146737,-0.0196119,0.0196667,,-5.01202,11.6341,-0.0287542,1.82406,fluid
2000,9.87745,6.09629,,1004.68,1.16343,46528.6,,0.00127412,-0.0207753,0.0208143,,-4.71506,11.7,-0.0263983,1.88998,fluid
2001,9.87752,6.3471,,1004.38,1.0087,43569.6,,0.00109716,-0.0209142,0.0209429,,-4.41553,11.7713,-0.0238025,1.96131,fluid
2002,9.87767,6.59848,,1004.09,0.866346,40594.9,,0.000926924,-0.0212632,0.0212834,,-4.11389,11.8302,-0.0208601,2.02018,fluid
2003,9.87783,6.85032,,1003.79,0.719931,37591.3,,0.000735315,-0.0231497,0.0231614,,-3.80853,11.8904,-0.0172707,2.08043,fluid
2004,9.878,7.10259,,1003.49,0.581315,34582.6,,0.000601081,-0.0214336,0.021442,,-3.50202,11.9514,-0.0132153,2.14136,fluid
2005,9.87819,7.35581,,1003.18,0.448327,31539.6,,0.000424808,-0.0254732,0.0254767,,-3.19177,11.9933,-0.00905615,2.18327,fluid
2006,9.87824,7.609,,1002.88,0.330184,28504.3,,0.000323614,-0.0224553,0.0224576,,-2.88222,12.0541,-0.00494271,2.24412,fluid
2007,9.87819,7.86332,,1002.57,0.241001,25433.6,,0.000231989,-0.0271664,0.0271674,,-2.57034,12.0801,-0.00222426,2.27014,fluid
2008,9.87795,8.11669,,1002.26,0.164474,22361.4,,0.000160401,-0.0249044,0.0249049,,-2.25881,12.1309,-0.000158146,2.32094,fluid
2009,9.87795,8.37065,,1001.95,0.0968805,19260.6,,0.000147529,-0.0285395,0.0285398,,-1.94561,12.1433,0.000448124,2.33335,fluid
2010,9.87639,8.62249,,1001.64,0.0336624,16131.4,,2.39496e-05,-0.0282328,0.0282328,,-1.63023,12.1846,0.000438194,2.3746,fluid
2011,9.87466,8.86852,,1001.33,-0.0369081,13096.6,,-0.000505127,-0.0303201,0.0303243,,-1.33726,12.192,-0.0127446,2.382,fluid
2012,9.86125,9.10738,,1001.04,-0.0727709,10241.4,,-0.000220335,-0.0309296,0.0309304,,-1.04412,12.2136,-0.00664803,2.40361,fluid
2013,9.85381,9.33417,,1000.8,-0.674646,7864.6,,-0.00603639,-0.029132,0.0297508,,-0.821689,12.2388,-0.0242001,2.42877,fluid
2014,9.81872,9.57497,,1000.61,-0.933722,5952.94,,-0.00848864,-0.0255393,0.0269131,,-0.615073,12.265,-0.0091552,2.45502,fluid
2015,9.6843,9.7805,,1000.46,0.295225,4489.14,,0.0036931,-0.0199814,0.0203198,,-0.459832,12.2641,0.0035046,2.4541,fluid
