dx/h :,0.5
dy/h :,0.5
L2normdrhodt,dx,dy,Ncol,Nrow
35.3151,0.5,0.5,50,50

t,0.73
x,y,,rho,drhodt,pressure,,u,v,,dudt,dvdt
-1.5,-1.5,,1000,0,9.82005,,0,0,,0,0
-1.5,-1,,1000.1,1.39914,2206.39,,0,0,,0,0
-1.5,-0.5,,1000.37,5.22632,8307.06,,0,0,,0,0
-1.5,0,,1001.08,7.54701,24377.4,,0,0,,0,0
-1.5,0.5,,1000.97,5.89211,21864.5,,0,0,,0,0
-1.5,1,,1000.41,6.85858,9306.47,,0,0,,0,0
-1.5,1.5,,1001.31,10.5567,29673.2,,0,0,,0,0
-1.5,2,,1001.5,9.66296,33897,,0,0,,0,0
-1.5,2.5,,1000.89,8.86905,20123.5,,0,0,,0,0
-1.5,3,,1001.11,6.30776,25199.6,,0,0,,0,0
-1.5,3.5,,1000.64,4.6179,14519.2,,0,0,,0,0
-1.5,4,,1000.74,7.88145,16701.5,,0,0,,0,0
-1.5,4.5,,1001.17,7.15263,26440.8,,0,0,,0,0
-1.5,5,,1000.81,2.6536,18430.5,,0,0,,0,0
-1.5,5.5,,1000.72,2.56538,16207.5,,0,0,,0,0
-1.5,6,,1000.76,4.11319,17185.1,,0,0,,0,0
-1.5,6.5,,1000.8,2.98019,18205.7,,0,0,,0,0
-1.5,7,,1000.72,0.407813,16345.8,,0,0,,0,0
-1.5,7.5,,1000.65,0.581423,14663.7,,0,0,,0,0
-1.5,8,,1000.68,2.05045,15370.9,,0,0,,0,0
-1.5,8.5,,1000.65,2.08355,14669.2,,0,0,,0,0
-1.5,9,,1000.62,0.887604,14018,,0,0,,0,0
-1.5,9.5,,1000.58,0.195528,13070.9,,0,0,,0,0
-1.5,10,,1000.63,0.414622,14189.2,,0,0,,0,0
-1.5,10.5,,1000.71,-1.05545,16003.5,,0,0,,0,0
-1.5,11,,1000.65,-2.73808,14651.1,,0,0,,0,0
-1.5,11.5,,1000.58,-1.95507,13059.9,,0,0,,0,0
-1.5,12,,1000.56,-0.314152,12677.1,,0,0,,0,0
-1.5,12.5,,1000.56,0.504226,12574.3,,0,0,,0,0
-1.5,13,,1000.55,0.0344632,12457.1,,0,0,,0,0
-1.5,13.5,,1000.57,-0.741843,12889.2,,0,0,,0,0
-1.5,14,,1000.61,-0.704811,13838,,0,0,,0,0
-1.5,14.5,,1000.56,-0.72568,12715,,0,0,,0,0
-1.5,15,,1000.54,0.0492395,12221.3,,0,0,,0,0
-1.5,15.5,,1000.62,2.44799,13945.7,,0,0,,0,0
-1.5,16,,1000.54,3.59335,12218.4,,0,0,,0,0
-1.5,16.5,,1000.51,3.19689,11485,,0,0,,0,0
-1.5,17,,1000.6,3.8887,13472.5,,0,0,,0,0
-1.5,17.5,,1000.38,4.09927,8522.41,,0,0,,0,0
-1.5,18,,1000.32,2.68899,7135.75,,0,0,,0,0
-1.5,18.5,,1000.66,3.9353,14884,,0,0,,0,0
-1.5,19,,1000.38,6.06595,8489.52,,0,0,,0,0
-1.5,19.5,,999.864,1.19661,-3070.79,,0,0,,0,0
-1.5,20,,1000.61,-1.99785,13898.7,,0,0,,0,0
-1.5,20.5,,1001.04,6.66656,23460.9,,0,0,,0,0
-1.5,21,,999.42,4.97409,-13058,,0,0,,0,0
-1.5,21.5,,999.56,-13.2539,-9903.9,,0,0,,0,0
-1.5,22,,1001.02,-15.9862,23125.9,,0,0,,0,0
-1.5,22.5,,1001.1,15.8825,24915,,0,0,,0,0
-1.5,23,,1000.6,38.9743,13632.3,,0,0,,0,0
-1,-1.5,,1000.12,1.69066,2739,,0,0,,0,0
-1,-1,,1000.62,12.4513,14016.5,,0,0,,0,0
-1,-0.5,,1000.45,33.3767,10273.4,,0,0,,0,0
-1,0,,1001.41,45.3259,31999.5,,0,0,,0,0
-1,0.5,,1001.78,37.9396,40447.6,,0,0,,0,0
-1,1,,1000.57,41.8282,12777.1,,0,0,,0,0
-1,1.5,,1002.51,49.8228,56959.2,,0,0,,0,0
-1,2,,1002.64,41.3445,59987.8,,0,0,,0,0
-1,2.5,,1001.41,40.7803,31955.7,,0,0,,0,0
-1,3,,1002.62,37.6847,59667.6,,0,0,,0,0
-1,3.5,,1001.22,28.5928,27712.6,,0,0,,0,0
-1,4,,1001.34,35.9532,30307.2,,0,0,,0,0
-1,4.5,,1002.4,31.6046,54457.3,,0,0,,0,0
-1,5,,1001.77,18.2315,40152.5,,0,0,,0,0
-1,5.5,,1001.33,16.6712,30196.1,,0,0,,0,0
-1,6,,1001.33,21.2752,30187.9,,0,0,,0,0
-1,6.5,,1001.65,17.6721,37358.3,,0,0,,0,0
-1,7,,1001.37,7.60862,31019.3,,0,0,,0,0
-1,7.5,,1001.09,7.30335,24620.1,,0,0,,0,0
-1,8,,1001.26,12.3498,28591.5,,0,0,,0,0
-1,8.5,,1001.19,11.7641,27054,,0,0,,0,0
-1,9,,1001.1,5.81107,24953.8,,0,0,,0,0
-1,9.5,,1000.97,2.92539,21956,,0,0,,0,0
-1,10,,1001.15,5.06515,25950.7,,0,0,,0,0
-1,10.5,,1001.49,0.468389,33787,,0,0,,0,0
-1,11,,1001.31,-6.87461,29728.1,,0,0,,0,0
-1,11.5,,1001.06,-4.62422,24040.8,,0,0,,0,0
-1,12,,1001.06,2.18405,23989.5,,0,0,,0,0
-1,12.5,,1001.1,5.94969,24848.1,,0,0,,0,0
-1,13,,1001.11,4.72796,25122.1,,0,0,,0,0
-1,13.5,,1001.21,2.08607,27504.1,,0,0,,0,0
-1,14,,1001.39,2.28095,31471.3,,0,0,,0,0
-1,14.5,,1001.27,2.41698,28697.3,,0,0,,0,0
-1,15,,1001.28,4.91865,28945.4,,0,0,,0,0
-1,15.5,,1001.56,12.8424,35475.4,,0,0,,0,0
-1,16,,1001.31,17.0103,29690,,0,0,,0,0
-1,16.5,,1001.29,16.158,29205.8,,0,0,,0,0
-1,17,,1001.69,18.9173,38256.8,,0,0,,0,0
-1,17.5,,1001.01,20.1207,22883.5,,0,0,,0,0
-1,18,,1000.66,13.5138,14994,,0,0,,0,0
-1,18.5,,1001.79,14.3439,40625,,0,0,,0,0
-1,19,,1001.12,21.7263,25449.4,,0,0,,0,0
-1,19.5,,999.227,5.88577,-17407.9,,0,0,,0,0
-1,20,,1001.27,-6.39988,28743.8,,0,0,,0,0
-1,20.5,,1002.65,15.6037,60302.6,,0,0,,0,0
-1,21,,998.03,11.9298,-44184.9,,0,0,,0,0
-1,21.5,,996.531,-38.3993,-77455.7,,0,0,,0,0
-1,22,,1003,-32.896,68308,,0,0,,0,0
-1,22.5,,1003.27,41.004,74416.2,,0,0,,0,0
-1,23,,999.386,92.8727,-13823.5,,0,0,,0,0
-0.5,-1.5,,1000.58,7.17249,13008.7,,0,0,,0,0
-0.5,-1,,1000.9,36.7692,20261.4,,0,0,,0,0
-0.5,-0.5,,1000.57,88.7186,12956.9,,0,0,,0,0
-0.5,0,,1003.16,102.497,71899.9,,0,0,,0,0
-0.5,0.5,,1002.44,79.6139,55537.1,,0,0,,0,0
-0.5,1,,999.988,92.2556,-264.026,,0,0,,0,0
-0.5,1.5,,1003.02,96.4254,68789.2,,0,0,,0,0
-0.5,2,,1001.19,70.8891,26918,,0,0,,0,0
-0.5,2.5,,999.537,79.7328,-10442.8,,0,0,,0,0
-0.5,3,,1002.35,76.7415,53421.2,,0,0,,0,0
-0.5,3.5,,1000.54,60.845,12299,,0,0,,0,0
-0.5,4,,1000.01,66.5562,277.952,,0,0,,0,0
-0.5,4.5,,1001.6,57.7848,36240.6,,0,0,,0,0
-0.5,5,,1000.58,40.2735,13106.2,,0,0,,0,0
-0.5,5.5,,1000.3,37.2087,6777.56,,0,0,,0,0
-0.5,6,,999.98,40.9333,-444.023,,0,0,,0,0
-0.5,6.5,,1000.54,36.8236,12259.1,,0,0,,0,0
-0.5,7,,1000.25,22.4818,5742.88,,0,0,,0,0
-0.5,7.5,,999.655,19.1018,-7785.8,,0,0,,0,0
-0.5,8,,1000.13,24.4255,2935.51,,0,0,,0,0
-0.5,8.5,,999.96,22.6817,-892.476,,0,0,,0,0
-0.5,9,,999.897,11.2832,-2316.85,,0,0,,0,0
-0.5,9.5,,999.598,6.00706,-9055.02,,0,0,,0,0
-0.5,10,,999.675,16.4059,-7332.28,,0,0,,0,0
-0.5,10.5,,1000.24,13.6084,5473.64,,0,0,,0,0
-0.5,11,,999.909,0.911497,-2055.89,,0,0,,0,0
-0.5,11.5,,999.604,4.27685,-8926.49,,0,0,,0,0
-0.5,12,,999.713,14.4266,-6459.25,,0,0,,0,0
-0.5,12.5,,999.824,21.4476,-3979.17,,0,0,,0,0
-0.5,13,,999.861,21.8088,-3129.56,,0,0,,0,0
-0.5,13.5,,999.876,17.8656,-2785.73,,0,0,,0,0
-0.5,14,,1000.19,18.9528,4333.81,,0,0,,0,0
-0.5,14.5,,1000.1,19.1947,2229.26,,0,0,,0,0
-0.5,15,,1000.09,18.7991,1933.14,,0,0,,0,0
-0.5,15.5,,1000.68,24.8149,15383.2,,0,0,,0,0
-0.5,16,,1000.28,28.5244,6230.73,,0,0,,0,0
-0.5,16.5,,1000.2,27.8206,4505.57,,0,0,,0,0
-0.5,17,,1001.29,31.7456,29261.2,,0,0,,0,0
-0.5,17.5,,1000.57,34.038,12891.7,,0,0,,0,0
-0.5,18,,999.546,20.4369,-10220.8,,0,0,,0,0
-0.5,18.5,,1001.21,11.3521,27484.6,,0,0,,0,0
-0.5,19,,1001.45,24.3116,32770.1,,0,0,,0,0
-0.5,19.5,,998.176,8.69303,-40931,,0,0,,0,0
-0.5,20,,999.744,-20.5467,-5767.3,,0,0,,0,0
-0.5,20.5,,1003.07,8.09689,69824.5,,0,0,,0,0
-0.5,21,,997.049,5.45081,-65999.2,,0,0,,0,0
-0.5,21.5,,996.479,-35.8041,-78604.1,,0,0,,0,0
-0.5,22,,1004.14,-31.4741,94622.5,,0,0,,0,0
-0.5,22.5,,1002.17,-34.0279,49257.4,,0,0,,0,0
-0.5,23,,990.101,-89.1545,-216827,,0,0,,0,0
0,-1.5,,1001.57,10.2388,35627.8,,0,0,,0,0
0,-1,,1002.26,51.1772,51327.8,,0,0,,0,0
0,-0.5,,1003.12,108.945,70948.6,,0,0,,0,0
-0.0107201,-0.0300395,,1006.59,104.975,151620,,-0.170527,-0.344424,,-13.9492,-5.5758
0.242619,1.04079,,1002.54,84.9909,57686.8,,0.296713,0.610264,,1.11825,-3.29269
-0.117287,0.630327,,1004.18,69.747,95545.9,,-0.126579,-0.194696,,-11.4426,11.3723
-0.0861592,1.69837,,1005.77,82.1356,132482,,-0.298268,-0.123087,,-8.51714,4.21967
0.00633627,1.88292,,1003.18,56.7157,72324.8,,-0.114192,-0.124406,,-3.85054,11.1339
0.0293244,2.66924,,1001.78,80.4403,40463.7,,0.0995231,0.437728,,-2.13059,5.79751
-0.0642754,2.99452,,1005.13,65.9036,117527,,-0.223758,-0.65947,,-6.072,4.60967
0.0325889,3.50569,,1002.17,45.1599,49352.4,,0.0727553,-0.141845,,-2.85272,6.79032
-0.0257382,4.09553,,1003.27,54.053,74510.6,,-0.251548,-0.102195,,-5.6299,4.15995
-0.0301858,4.48524,,1002.29,45.1388,51946.9,,-0.120261,-0.426423,,-3.30283,6.22655
0.00566452,5.06363,,1001.85,36.9684,41922.8,,0.0920471,-0.160632,,-2.57859,8.0618
-0.0228617,5.51148,,1002.62,29.2064,59619.5,,-0.0898123,-0.358651,,-4.8529,6.7274
-0.0115072,6.03876,,1001.13,22.5424,25485.7,,-0.0772127,-0.239483,,-4.24035,4.59022
-0.0124578,6.53717,,1002.34,25.302,53199.8,,-0.0620225,-0.384393,,-3.24955,5.17459
-0.0163568,7.01859,,1001.44,17.6215,32624.1,,0.0234598,-0.349895,,-2.28926,7.11258
-0.00681957,7.54395,,1000.99,10.1107,22417.7,,0.0229445,-0.290979,,-2.34836,4.91603
-0.0135023,8.02201,,1001.61,7.54415,36446.4,,-0.0824129,-0.377237,,-1.62221,3.7419
-0.0126042,8.53262,,1000.9,9.06244,20471.8,,-0.0229343,-0.327633,,-0.123425,4.11633
-0.00792693,9.02968,,1001.24,0.937576,28181.8,,6.7061e-05,-0.429344,,-0.889007,3.64231
-0.0108468,9.52108,,1000.73,-4.10218,16594.5,,-0.0281311,-0.32417,,-1.65325,3.28663
-0.0100644,10.0327,,1000.34,15.4468,7615.82,,0.00706954,-0.309842,,-0.362097,1.94103
-0.0125597,10.5217,,1000.72,20.7101,16319.3,,0.0222922,-0.46423,,1.18298,2.25027
-0.0123014,11.0208,,1000.18,12.1328,3958.04,,0.0589113,-0.373213,,1.04586,3.24012
-0.00770911,11.5235,,1000.13,16.3683,3018.01,,0.0544522,-0.371894,,-0.441289,1.73556
-0.00996723,12.0176,,1000.27,21.5585,6008.74,,-0.0127794,-0.416985,,-0.921351,0.0472868
-0.00996197,12.5199,,1000.2,28.3858,4586.99,,-0.0167193,-0.386305,,-0.571075,-0.366044
-0.00742364,13.0143,,1000.24,33.5992,5306.92,,0.0123957,-0.458865,,-0.330338,0.0186506
-0.0105768,13.5141,,999.838,30.0123,-3643.91,,0.0202124,-0.453063,,0.418717,-0.456851
-0.0113735,14.0167,,999.98,30.6799,-460.36,,0.0157105,-0.423489,,0.88923,-1.64696
-0.00811615,14.5056,,1000.05,32.3458,1174.83,,0.0209447,-0.514831,,0.872719,-1.80097
-0.00916679,15.0123,,999.794,25.1713,-4637.66,,0.0271088,-0.498997,,1.47883,-1.82495
-0.0115756,15.5138,,1000.23,16.8657,5303.64,,-0.0509264,-0.447876,,1.89225,-0.752651
-0.00839194,15.9966,,999.926,15.4792,-1678.97,,-0.0983982,-0.540704,,2.34537,0.356432
-0.00805288,16.512,,999.518,18.3022,-10852.1,,-0.0154866,-0.554199,,4.41606,-2.00721
-0.013879,17.0137,,1000.55,18.1168,12326,,-0.0623328,-0.467626,,5.15946,-1.5789
-0.0048293,17.4892,,1000.7,18.1693,15795.6,,-0.139911,-0.527539,,3.12429,3.37163
0.00277799,18.0075,,999.355,10.1405,-14524.8,,0.0475569,-0.667036,,3.50093,2.17701
-0.0240573,18.5207,,999.801,-10.8929,-4495.11,,-0.0302248,-0.537966,,5.69735,-1.42279
-0.0127013,18.9987,,1001.53,-2.04643,34687.6,,-0.311284,-0.346729,,2.58708,4.39187
0.0291989,19.4899,,1000.04,8.90882,992.538,,0.0465255,-0.739212,,-0.938292,6.59296
-0.0237114,20.0513,,998.526,-29.1437,-33106.1,,0.305751,-0.672511,,2.5467,0.225684
-0.0554019,20.5458,,1001.57,-13.8113,35671.7,,-0.382321,-0.00718319,,1.05827,6.06611
0.0492821,20.9927,,1000.55,-8.80146,12337.8,,-0.32533,-0.794682,,-5.75616,5.84432
0.0220088,21.6687,,1002.73,-8.55334,62105.1,,0.877464,-0.6263,,-3.79701,-0.98091
-0.104364,22.1454,,995.515,27.6497,-99835.7,,0.449508,-0.857978,,4.89461,3.02003
0.299283,22.4983,,999.198,83.9725,-18048.9,,0.131484,-1.26329,,-7.22247,8.38828
0.71154,23.0335,,1000.6,-2.90906,13493.9,,1.33786,-0.709976,,-12.2861,2.99255
0.5,-1.5,,1001.58,5.22467,35884.9,,0,0,,0,0
0.5,-1,,1002.83,38.1265,64493.9,,0,0,,0,0
0.5,-0.5,,1002.35,91.2042,53337.8,,0,0,,0,0
0.980831,0.231853,,1002.4,73.2766,54456.4,,0.626081,0.0771471,,-7.9856,9.48303
0.398385,0.427179,,1004.41,24.9509,100771,,-0.19257,-0.215402,,7.73249,14.974
0.355782,0.742805,,999.599,40.6865,-9045.37,,-0.767595,-0.25974,,3.0535,7.57848
0.519208,1.68035,,1003.27,53.9625,74534.4,,-0.168606,-0.20294,,5.24217,6.95115
0.507751,1.70988,,1002.8,60.2191,63765.5,,-0.12804,-0.753729,,5.24593,7.89211
0.51246,2.6886,,1000.84,55.7475,19043.7,,-0.242838,0.36372,,5.48738,6.17276
0.610611,2.85527,,1003.9,31.9569,89116.7,,0.102849,-1.075,,4.57444,4.62413
0.501456,3.55042,,1001.59,19.1545,36135.1,,-0.193775,0.02328,,6.52131,5.48302
0.568504,4.04715,,1003.03,34.93,68949.6,,0.0298004,-0.449094,,5.03248,3.87862
0.540327,4.44119,,1002.15,29.487,48900,,-0.0893862,-0.369823,,4.86799,6.71631
0.527509,5.10656,,1000.97,28.3689,21885.9,,-0.112786,-0.0744532,,4.0716,5.92788
0.559936,5.45211,,1003.15,19.1529,71722.5,,0.0138554,-0.671066,,3.59308,5.39528
0.526611,6.04528,,1001.42,0.0248281,32072.2,,-0.145723,-0.162998,,3.17783,5.29689
0.544432,6.52446,,1002.13,10.6264,48383.9,,-0.0485183,-0.410001,,3.33635,5.45816
0.537064,6.99627,,1001.55,12.5291,35155.3,,-0.0722012,-0.338364,,2.97606,6.84018
0.533893,7.54648,,1001.06,-2.16382,23885.4,,-0.0901757,-0.326534,,2.27004,4.63485
0.541047,7.99565,,1001.97,-11.5437,44708.2,,-0.069686,-0.46025,,2.44707,5.03344
0.531366,8.52261,,1000.61,-2.31478,13694.4,,-0.0687646,-0.241949,,3.1948,4.41183
0.535777,9.02061,,1001.36,2.33281,30889.7,,-0.00351369,-0.46159,,2.6057,1.57747
0.536517,9.50122,,1001.44,-7.41604,32594.2,,-0.0297825,-0.397652,,0.906695,2.20164
0.533703,10.0209,,1000.76,4.33552,17221.2,,-0.0830202,-0.318509,,0.0291936,2.71233
0.535563,10.5036,,1001.17,12.5189,26453,,-0.0784071,-0.484195,,-0.0885456,2.38657
0.533052,11.0064,,1000.69,9.49508,15510.2,,-0.0704492,-0.363525,,-0.979116,1.77752
0.53353,11.5106,,1000.99,15.1522,22359.1,,-0.0560863,-0.413979,,-2.07295,0.666873
0.532296,11.9963,,1001.06,12.7067,24072.6,,-0.0596609,-0.484646,,-1.93706,0.471361
0.528435,12.5052,,1000.75,15.3165,16965.8,,-0.0695569,-0.39095,,-1.43019,-0.271315
0.530662,12.9997,,1001.19,25.3283,26843.2,,-0.0590834,-0.471824,,-1.83932,-0.257601
0.529917,13.4921,,1000.73,20.9417,16466.5,,-0.0617141,-0.504839,,-2.1683,-0.128494
0.525934,14.0014,,1000.76,16.2442,17280,,-0.094463,-0.464972,,-2.04606,-1.66149
0.52791,14.4917,,1001.25,21.5282,28312.9,,-0.0902292,-0.497993,,-2.1589,-1.71711
0.527256,14.9891,,1000.7,18.5642,15835.1,,-0.0265656,-0.521749,,-2.10116,-1.44232
0.52109,15.4957,,1000.93,0.387031,20972.4,,-0.0351378,-0.55874,,-2.36543,-1.14455
0.523242,15.9859,,1001.22,-1.51519,27717.3,,-0.0647719,-0.514938,,-3.0816,1.16983
0.52631,16.4863,,1000.4,14.1621,8983.78,,0.0317577,-0.497508,,-2.22889,0.606368
0.5134,16.9871,,1000.22,0.421973,4897.24,,0.0262544,-0.657256,,-0.407765,-1.79686
0.509959,17.4911,,1001.35,-11.3456,30600.3,,-0.114634,-0.536911,,-0.833613,1.67606
0.525615,17.9849,,1000.97,6.62951,21889.2,,-0.0104214,-0.446212,,-1.63717,4.35239
0.51194,18.4666,,999.003,-0.430938,-22435.1,,0.15035,-0.788459,,0.474258,0.209725
0.488938,19.0145,,1001,-9.87943,22604.9,,-0.0350636,-0.530665,,1.43788,0.911583
0.507522,19.4865,,1001.75,8.4056,39756.5,,-0.125914,-0.385845,,-1.08845,5.18645
0.512863,19.9481,,999.02,1.11273,-22055.1,,0.119516,-0.819843,,-1.45166,3.375
0.474649,20.529,,999.689,-6.85651,-7014.5,,0.169107,-0.564167,,0.772398,2.76286
0.438544,20.9755,,1000.42,-5.23834,9452.95,,-0.0621921,-0.714158,,0.305085,2.79661
0.463455,21.4785,,1000.04,-3.80389,927.331,,-0.0023455,-0.739455,,-0.362249,1.58206
0.466942,21.9644,,1002.48,-55.1331,56348.9,,0.247331,0.339924,,0.0274437,11.1306
0.378409,22.5031,,998.419,-70.1365,-35505,,-0.420888,-0.82303,,-7.90147,0.732972
-0.0614647,22.9759,,1000.45,21.3422,10220.2,,-1.83612,-0.734068,,-8.81145,10.7485
1,-1.5,,1001.13,3.87679,25538.3,,0,0,,0,0
1,-1,,1002.08,38.7087,47299.4,,0,0,,0,0
1,-0.5,,1000.97,103.329,22019.5,,0,0,,0,0
0.638737,-0.123744,,1004.11,84.1906,93902.8,,-0.225076,-0.00656099,,3.14681,-0.257941
0.799632,0.441851,,999.487,40.3074,-11556.4,,-0.350145,-0.623196,,-1.72959,10.0719
1.16352,1.14499,,1003.32,120.083,75754.3,,0.323088,0.352837,,-8.61084,-1.5133
0.93916,1.54398,,1003.41,87.9186,77680.5,,0.0844731,-0.68159,,-4.36668,3.92098
0.859482,1.80012,,999.368,49.2627,-14236.9,,0.104807,-0.291618,,-1.18814,9.97959
0.95798,2.66274,,1000.28,86.0186,6414.5,,0.0917907,0.186518,,-6.71263,6.2732
0.841438,2.7494,,1001.7,46.2532,38599.9,,-0.193339,-1.28066,,-3.08043,5.38995
0.920551,3.51788,,998.755,55.4403,-27984.8,,0.0644786,-0.125439,,-4.73874,4.52297
0.903831,4.01403,,1001.85,65.0087,41904,,-0.0683758,-0.523309,,-4.99411,3.69648
0.908279,4.39147,,999.67,56.5103,-7432.08,,0.0136874,-0.494054,,-4.37526,6.17374
0.924313,5.09017,,999.459,64.3606,-12186.9,,0.0104757,-0.0666565,,-4.45574,6.25526
0.908527,5.40705,,1001.23,48.9789,27790.9,,-0.0265138,-0.759631,,-3.45554,5.84822
0.928442,6.0087,,998.826,34.6806,-26398.3,,0.112316,-0.256151,,-3.38244,4.78005
0.924637,6.4979,,1000.61,45.0167,13880.6,,0.0564295,-0.46744,,-4.29606,5.36103
0.924553,6.94952,,999.191,43.5686,-18211.2,,0.0512455,-0.463374,,-3.56348,6.88413
0.934355,7.51962,,999.345,33.8245,-14755.6,,0.101336,-0.371102,,-3.21489,4.56617
0.932075,7.9592,,1000.52,16.3322,11638.8,,0.074166,-0.569463,,-3.39796,5.23693
0.93454,8.48584,,998.328,25.6103,-37536.7,,0.0775157,-0.312565,,-2.54115,5.14297
0.938962,8.99456,,999.563,37.8574,-9856.61,,0.0819112,-0.508995,,-1.7941,1.35642
0.937839,9.46796,,999.686,20.5166,-7086.08,,0.0716741,-0.51892,,-1.37555,1.48014
0.942036,9.99447,,999.255,21.9332,-16769,,0.0805456,-0.398018,,-1.21539,2.53309
0.945271,10.4782,,999.989,21.8949,-237.119,,0.0671023,-0.552297,,-1.30844,2.19787
0.944854,10.98,,999.243,14.9696,-17035.7,,0.0572264,-0.432826,,-1.42305,1.24358
0.948541,11.4908,,999.849,21.7992,-3409.16,,0.0570184,-0.46275,,-1.6859,0.504698
0.950528,11.9746,,999.763,15.7341,-5348.21,,0.0536862,-0.540873,,-1.14964,1.23993
0.951005,12.4867,,999.075,13.8735,-20813.2,,0.0529157,-0.448201,,-0.169605,0.0897473
0.95446,12.9872,,1000.13,23.8605,3041.6,,0.0369508,-0.51275,,0.0941655,-0.539909
0.957293,13.4772,,999.861,19.952,-3125.78,,0.0505187,-0.541755,,0.597681,0.234728
0.957627,13.9885,,999.684,11.4248,-7129.96,,0.0551294,-0.527263,,1.49162,-1.30874
0.959505,14.4846,,1000.52,15.8263,11691.5,,0.0166715,-0.514981,,1.72253,-1.80447
0.963302,14.9792,,1000.01,21.9136,233.737,,0.0375152,-0.502708,,1.65964,-1.45362
0.963123,15.4862,,999.983,6.7796,-373.667,,0.055574,-0.61102,,1.54985,-1.72911
0.963978,15.9863,,1000.87,4.68517,19574.2,,0.0096505,-0.528809,,0.812632,0.404172
0.971997,16.4827,,1000.62,31.0414,14115.5,,0.015228,-0.454369,,-0.256237,1.11743
0.97339,16.9733,,999.62,11.7555,-8561.42,,0.0464667,-0.732283,,-0.164956,-0.787119
0.96462,17.494,,1000.29,-26.1583,6536.47,,-0.0144791,-0.602691,,0.958875,1.38673
0.971655,17.9975,,1001.39,8.29121,31518,,-0.0741111,-0.33652,,0.649368,3.97388
0.990496,18.4535,,999.919,30.6042,-1829.03,,0.036025,-0.709325,,-0.164772,1.64111
0.973883,18.9998,,999.116,8.57126,-19889.2,,0.119815,-0.675356,,0.857985,1.32546
0.952648,19.5095,,1000.94,6.96541,21325.8,,-0.0625457,-0.462274,,1.56644,3.43257
0.991062,19.9589,,1000.51,3.98526,11428.5,,-0.104557,-0.652185,,0.27707,2.96245
1.01207,20.4985,,1000.32,22.3729,7123.87,,0.108048,-0.479813,,-0.723923,3.87844
0.966992,20.9444,,999.4,32.0092,-13508.8,,0.169889,-0.684121,,-0.523917,3.81869
0.936201,21.5252,,996.737,3.53656,-72915.5,,0.118135,-0.824122,,-0.260071,0.217308
1.03625,21.8567,,1001.18,-9.20401,26644.5,,0.281401,-0.61005,,-1.73125,3.74884
1.09019,22.5548,,998.881,-4.78632,-25160.5,,0.261372,-0.406816,,-3.72616,-5.0054
1.04746,23.0628,,1000.34,-9.64899,7626.6,,0.159243,-0.461513,,-5.02643,-0.45115
1.5,-1.5,,1001.93,8.29792,43757.7,,0,0,,0,0
1.5,-1,,1004.23,48.5554,96627.1,,0,0,,0,0
1.5,-0.5,,1003.71,110.609,84569.5,,0,0,,0,0
1.66304,-0.0815332,,1005.45,91.8571,124893,,-0.0539592,-0.202294,,-2.67613,3.7654
1.58201,0.548408,,1004.86,45.185,111282,,-0.450271,-0.290627,,-3.27377,10.603
1.45619,0.894958,,1003.05,76.3556,69403.9,,-0.888196,0.0569846,,-5.87364,3.14902
1.64464,1.75168,,1004.81,35.1355,110114,,0.191023,0.391582,,-0.12116,7.71391
1.70601,1.84014,,1002.39,36.3699,54303.7,,0.26449,-0.30106,,0.949599,7.42424
1.56963,2.65456,,1003.58,81.6039,81541.4,,-0.37322,0.175519,,-6.77722,4.19905
1.71957,2.8404,,1004.13,49.2553,94445.9,,0.380748,-0.872412,,-0.971401,5.35217
1.65612,3.54208,,1003.47,48.3088,79013.8,,-0.00736035,-0.0852775,,-3.84233,5.81434
1.66192,3.97426,,1004.2,46.4093,95876.4,,0.0952764,-0.568413,,-2.04857,4.37065
1.66568,4.44004,,1003.43,51.5364,78168.6,,0.133513,-0.268042,,-2.35452,7.23911
1.65726,5.05951,,1003.13,42.5977,71289.5,,0.0543127,-0.293027,,-2.48152,7.23056
1.66042,5.40038,,1003.75,27.6415,85560.5,,0.0790371,-0.591147,,-1.45413,8.80881
1.65381,6.02681,,1001.73,28.973,39195,,0.107558,-0.150031,,-2.28517,3.94129
1.65094,6.46773,,1004.46,33.303,102081,,0.0670183,-0.6741,,-2.23285,5.04339
1.64051,6.95774,,1002.73,25.7366,62020.7,,0.0311459,-0.346188,,-1.76324,9.32535
1.64066,7.51798,,1001.94,23.138,44069.3,,0.0893562,-0.378472,,-0.956981,4.45032
1.62984,7.9454,,1003.94,15.932,89913.2,,0.0511791,-0.617812,,-0.993451,5.39292
1.62875,8.4921,,1001.75,13.6794,39637.1,,0.041602,-0.306459,,-1.43657,6.48708
1.62427,8.98226,,1002.61,21.3102,59452.4,,-0.00186892,-0.575761,,-0.666742,3.37154
1.61319,9.46192,,1002.33,14.3226,52896.6,,-0.0017982,-0.446633,,0.761756,3.58819
1.6127,9.99565,,1001.51,21.3371,34168.4,,0.0528506,-0.37326,,1.41522,2.89577
1.60453,10.4677,,1002.46,18.8193,55908,,0.0130501,-0.597079,,1.30318,2.41885
1.59857,10.9769,,1001.26,5.81548,28645.3,,0.0147542,-0.422283,,1.44716,1.4801
1.59614,11.4876,,1001.72,16.1347,39012.9,,0.0131259,-0.491634,,1.45658,0.395679
1.58901,11.968,,1001.79,17.5344,40532.8,,-0.00863957,-0.536634,,0.949414,1.81983
1.58647,12.4829,,1000.69,11.4453,15671.5,,0.0125756,-0.456906,,0.59821,0.741782
1.58007,12.9811,,1001.57,14.2271,35671,,-0.0264425,-0.546463,,0.86917,0.114972
1.57251,13.4726,,1001.14,16.9409,25835.7,,-0.0334324,-0.482319,,1.2527,1.32698
1.57105,13.9822,,1000.48,18.7101,10847.9,,0.0279346,-0.534827,,1.22749,-0.709386
1.56393,14.4778,,1001.07,21.5522,24170.4,,0.00497047,-0.587794,,1.23229,-1.90968
1.55746,14.9783,,1000.71,27.3724,16014.7,,-0.0483474,-0.478256,,1.29791,-1.33765
1.55848,15.4796,,1000.6,16.3209,13641.4,,-0.0311572,-0.611685,,1.92529,-1.1507
1.55073,15.9751,,1000.75,13.1096,17025.5,,-0.00987184,-0.611411,,3.33462,-0.183629
1.5386,16.4876,,1000.95,42.7176,21522.5,,-0.0738054,-0.459069,,2.90783,-0.828871
1.54612,16.9766,,1001.18,23.9531,26759.4,,-0.0829649,-0.647039,,1.14275,-0.461143
1.54636,17.4671,,1000.37,-22.9293,8275.57,,0.0386132,-0.680184,,2.26998,3.31101
1.51827,17.9952,,1000.41,-7.69142,9312.38,,-0.0362327,-0.495398,,4.15286,2.53389
1.5212,18.4835,,1001.36,12.5385,30881.7,,-0.210711,-0.566034,,2.00876,-0.577276
1.54083,18.9658,,1000.89,2.31608,20238.5,,-0.0662176,-0.584166,,-0.0351152,2.23008
1.51417,19.4765,,999.18,-5.16265,-18449.7,,0.065474,-0.667654,,1.05829,4.27298
1.48905,19.9948,,1000.14,-25.1241,3203.95,,-0.0701287,-0.696894,,2.09153,1.56043
1.49648,20.4914,,1001.8,-9.1749,40865.2,,-0.179385,-0.383365,,0.859135,2.18529
1.51298,20.9337,,1000.64,13.0425,14574.7,,-0.18645,-0.6094,,-1.60945,1.84281
1.51822,21.4971,,999.597,-11.1022,-9081.02,,-0.00174852,-0.66698,,-3.51553,0.613906
1.45914,21.9319,,1001.45,-7.51999,32862.9,,0.161516,-0.643251,,-3.3048,5.39157
1.40097,22.5447,,999.088,-2.14657,-20526.8,,-0.10668,-0.166854,,-2.47188,-3.61501
1.46902,23.0563,,1000.09,-0.895989,2136.52,,-0.112123,-0.171285,,-0.390064,-2.28459
2,-1.5,,1002.07,8.44553,46994.6,,0,0,,0,0
2,-1,,1004.32,43.2197,98700.7,,0,0,,0,0
2,-0.5,,1002.39,86.1765,54205,,0,0,,0,0
1.85512,-0.0148747,,1003.34,67.6975,76010.7,,-0.15765,-0.169628,,3.75818,5.97128
1.78258,0.524334,,1002.62,27.0402,59610,,-0.365597,-0.33458,,1.66406,10.6709
1.8931,0.842838,,1000.21,55.96,4781.07,,0.114495,0.149265,,3.1045,7.37019
1.9312,1.75426,,999.874,34.9756,-2834.84,,0.273487,0.0651162,,3.53137,4.30103
1.77365,1.65673,,1004.63,73.7298,106001,,-0.307739,-1.15472,,4.64828,5.00151
1.81269,2.6565,,1000.8,60.6703,18153.4,,-0.328605,0.252308,,1.17722,4.71701
1.76287,2.87594,,1003.53,58.0577,80433,,-0.558998,-0.765275,,0.574419,5.96506
1.81949,3.53752,,1000.84,31.189,19028.7,,-0.324557,-0.154199,,1.87344,5.69656
1.78005,3.97818,,1001.77,39.0037,40052.9,,-0.45923,-0.495891,,1.09409,4.64341
1.79717,4.44194,,1001.12,43.5379,25305.8,,-0.345066,-0.280045,,1.4476,7.04084
1.81834,5.05786,,1000.82,27.7713,18545.9,,-0.313373,-0.311747,,1.66555,7.8949
1.80132,5.3819,,1001.46,15.7861,33115.8,,-0.358552,-0.649684,,1.80449,8.61369
1.82177,6.03655,,999.359,14.0209,-14440,,-0.327939,-0.123013,,0.823548,3.89255
1.82866,6.4552,,1001.99,10.355,45104.8,,-0.273561,-0.732614,,1.79392,5.15031
1.83126,6.952,,999.747,-2.06353,-5701.61,,-0.2916,-0.367992,,1.3882,9.12142
1.84039,7.5205,,999.115,0.815687,-19924.8,,-0.261606,-0.352036,,1.31429,5.03691
1.84667,7.93512,,1000.87,-7.97123,19686.6,,-0.192679,-0.660326,,1.94979,5.05008
1.85352,8.49331,,998.974,-10.8471,-23080.3,,-0.220175,-0.312336,,1.03263,6.37624
1.86307,8.97905,,1000.11,-4.83558,2509.34,,-0.163287,-0.583678,,1.56374,3.97314
1.86794,9.45631,,999.47,-9.05753,-11942.9,,-0.141822,-0.45893,,1.73101,3.74014
1.87439,9.99656,,998.89,5.43429,-24959.2,,-0.150846,-0.368834,,1.41494,2.93641
1.88294,10.4642,,999.996,2.95205,-79.3839,,-0.118336,-0.614514,,1.15184,2.24866
1.88768,10.9754,,998.777,-7.26114,-27496.8,,-0.122146,-0.42568,,0.8346,1.50514
1.89422,11.4876,,999.543,9.19751,-10302.8,,-0.0950669,-0.488726,,1.06676,0.319543
1.90145,11.9668,,999.873,15.1629,-2873.32,,-0.0604894,-0.535004,,0.278308,1.09913
1.90707,12.4826,,999.075,10.1984,-20812.4,,-0.0628586,-0.463523,,-0.978588,0.450859
1.91246,12.979,,999.933,7.04433,-1503.69,,-0.0657141,-0.569981,,-1.28314,0.206
1.91715,13.4727,,999.489,10.0114,-11508.6,,-0.0809253,-0.471016,,-1.97524,0.895622
1.92475,13.9836,,999.247,20.0663,-16942.1,,-0.067388,-0.509312,,-3.31219,-1.19024
1.93043,14.475,,999.853,24.3015,-3322.55,,-0.0267649,-0.604889,,-3.82261,-1.91791
1.93155,14.9794,,999.607,26.8249,-8851.89,,-0.0482718,-0.50212,,-3.44549,-1.06076
1.94098,15.4847,,1000.15,15.8561,3456.65,,-0.0621187,-0.57821,,-2.6729,-0.109239
1.94954,15.9681,,999.739,16.809,-5877.85,,0.0195179,-0.583337,,-1.12944,1.01345
1.93979,16.4828,,998.953,46.2996,-23557.3,,0.0190145,-0.524209,,-0.00608704,-1.47844
1.9447,16.9954,,1000.83,28.6663,18820.9,,-0.0644562,-0.603773,,-0.759818,-1.07589
1.96863,17.4628,,1000.67,-4.91185,15076.9,,0.0265939,-0.557646,,-1.01367,4.91561
1.95853,17.9722,,998.031,2.09252,-44170,,0.125423,-0.616529,,0.761507,3.42527
1.94206,18.5049,,999.934,-4.03958,-1478.12,,-0.0192405,-0.659302,,1.27657,-2.4942
1.96256,18.9813,,1001.69,-9.16431,38222.9,,-0.094911,-0.411908,,-0.312651,1.17933
1.98653,19.457,,999.554,8.36135,-10049,,0.0700726,-0.567478,,-1.6489,4.78002
1.98339,19.9831,,998.906,-4.88486,-24609.9,,0.213814,-0.73849,,-1.40239,2.62755
1.95176,20.4912,,999.735,-19.5899,-5977.74,,0.146718,-0.528957,,0.290035,1.49103
1.97113,20.9703,,999.121,-11.0214,-19780.5,,0.0403542,-0.646937,,0.245278,-0.202576
1.99974,21.5089,,1001.87,-20.1405,42341.3,,0.0542276,-0.428442,,0.717464,0.747999
1.95361,21.9724,,999.877,-11.6631,-2775.24,,0.0321014,-0.598517,,0.974055,5.30187
1.91832,22.4777,,999.578,-10.2401,-9503.12,,-0.111475,-0.29084,,-0.349174,0.415997
1.96963,22.9903,,1000.08,5.88596,1885.38,,-0.110989,-0.308542,,-1.00112,-1.74171
2.5,-1.5,,1001.62,8.1992,36761.3,,0,0,,0,0
2.5,-1,,1003.64,43.7583,83118.9,,0,0,,0,0
2.5,-0.5,,1000.87,93.6596,19681.2,,0,0,,0,0
2.63182,0.00561873,,1001.84,73.527,41663.8,,0.508865,-0.0707871,,-1.3247,4.79012
2.63416,0.55217,,1002.64,35.5632,60027.4,,0.172111,-0.481472,,-3.21622,8.849
2.61575,0.925313,,1001.03,101.491,23265.8,,-0.0159585,0.276988,,-3.2526,5.8037
2.62369,1.69184,,1002.25,82.6035,51145.6,,0.313123,0.0321555,,-2.89929,4.40615
2.66711,1.7159,,1002.51,85.1301,57120.9,,0.490036,-0.819595,,-3.09848,4.84171
2.62398,2.63082,,999.042,53.5979,-21563.2,,0.331906,0.199797,,-0.247777,8.18828
2.70003,2.88888,,1002.34,74.0177,53208,,0.495243,-0.585149,,-2.32685,8.01815
2.62666,3.49174,,998.539,63.7623,-32812.5,,0.443127,-0.227241,,-0.0411418,4.95231
2.67596,4.02002,,1000.66,49.0603,14888.9,,0.524147,-0.360791,,-1.06691,5.37012
2.66468,4.43362,,999.584,66.5738,-9368.25,,0.460257,-0.332629,,0.137154,6.86848
2.64217,5.05026,,999.417,61.6367,-13126.1,,0.491802,-0.2782,,-0.399761,6.6457
2.66225,5.4075,,1000.17,38.4349,3882.55,,0.529412,-0.638339,,-1.62347,7.30465
2.6482,6.02343,,998.571,36.5571,-32094.1,,0.499261,-0.186662,,0.719584,4.88896
2.64249,6.46256,,1001.02,38.2014,23099.5,,0.480218,-0.662417,,0.845993,5.0862
2.64622,6.95573,,998.708,30.2011,-29045.1,,0.52647,-0.415731,,0.221671,6.94054
2.63967,7.51392,,999.051,23.1923,-21358.9,,0.451983,-0.404986,,-1.24314,4.2377
2.6348,7.94031,,1000.36,13.0035,8046.27,,0.403547,-0.631291,,-1.19321,5.59792
2.63274,8.49192,,998.387,22.7822,-36225.3,,0.458518,-0.309302,,0.292436,6.03186
2.62309,8.97727,,1000.1,30.1864,2356.83,,0.391247,-0.596969,,-1.01504,2.63046
2.6214,9.45914,,999.398,17.5352,-13569.5,,0.370186,-0.508852,,-1.88483,2.68653
2.61825,9.99405,,999.18,18.6765,-18455.6,,0.337849,-0.436988,,-2.02212,2.11124
2.60936,10.4634,,1000.49,13.7024,11049.7,,0.286601,-0.61831,,-2.10552,2.06544
2.60872,10.9751,,999.375,14.1874,-14069.2,,0.318703,-0.424169,,-1.47459,2.12659
2.60209,11.4825,,1000.02,33.6237,490.707,,0.271469,-0.519201,,-1.36756,0.179174
2.59348,11.9653,,1000.16,33.8473,3713.95,,0.217525,-0.549168,,-1.50476,0.0185569
2.59227,12.4823,,999.839,29.443,-3641.71,,0.220888,-0.482193,,-1.41616,-0.128252
2.58601,12.9746,,1000.72,28.7598,16317.6,,0.207609,-0.605979,,-0.796217,0.130585
2.58023,13.4711,,1000.15,24.3765,3281.43,,0.201598,-0.527721,,-0.33287,-0.346198
2.57669,13.9844,,1000.64,20.8229,14378.5,,0.135583,-0.538985,,-0.997229,-2.57077
2.57088,14.4708,,1001.28,21.0489,29103.4,,0.092459,-0.573291,,-1.17465,-1.31049
2.56563,14.9723,,1000.29,21.8272,6482.73,,0.1454,-0.542764,,-0.172421,0.0411799
2.55683,15.488,,1001.22,0.0963303,27587.8,,0.077618,-0.625938,,0.0020264,0.371632
2.55562,15.9707,,1001.4,1.89882,31634.8,,0.00476068,-0.49706,,-0.941773,2.11432
2.55664,16.4651,,999.442,36.2286,-12575.3,,0.1014,-0.553102,,-0.886712,-0.464844
2.53703,16.9929,,1000.55,6.87541,12503.5,,0.0388541,-0.739117,,0.327454,-1.34893
2.53237,17.4819,,1001.97,-17.2196,44616.2,,-0.0862946,-0.4522,,0.306868,4.85503
2.54785,17.9599,,999.967,21.3369,-741.219,,0.0477559,-0.499422,,-0.734087,4.59467
2.53327,18.4824,,999.193,20.1978,-18167.6,,0.144352,-0.778784,,-0.0981248,-1.19888
2.50852,18.9873,,1000.96,-6.95209,21621.6,,0.0489568,-0.535995,,1.73591,0.251469
2.51297,19.4754,,1000.76,16.3785,17269.5,,-0.0517741,-0.494819,,0.819465,2.68253
2.52697,19.9808,,1001,25.0836,22533.3,,-0.0344885,-0.604069,,-1.47425,2.44224
2.52041,20.464,,1000.41,16.0611,9175.03,,0.0494341,-0.532785,,-2.24734,3.24677
2.50065,20.9772,,998.248,11.3963,-39318.8,,0.159449,-0.685934,,-0.681887,1.38056
2.49348,21.5012,,1001.01,1.27452,22784.5,,0.151954,-0.505861,,1.74148,2.22622
2.45432,21.9761,,999.024,-12.0923,-21956.8,,-0.108277,-0.41039,,2.48175,3.25021
2.46943,22.437,,999.679,21.9769,-7225.24,,-0.169898,-0.615472,,0.405805,-1.18125
2.51405,22.9469,,1000.23,9.46907,5110,,0.0198216,-0.55588,,-1.47123,-0.223882
3,-1.5,,1001.91,7.12302,43270.6,,0,0,,0,0
3,-1,,1004.89,46.6348,112046,,0,0,,0,0
3,-0.5,,1003.7,100.375,84472.8,,0,0,,0,0
2.97256,-0.0718542,,1004.51,76.2877,103151,,-0.381724,-0.12685,,-2.05335,3.83672
2.84202,0.625717,,1004.91,27.5482,112411,,-0.75687,-0.138563,,-2.2807,9.18976
2.77633,0.815391,,1003.38,68.948,76927.5,,-0.884938,-0.0469673,,-2.56368,7.52718
2.88774,1.81339,,1003.28,32.6994,74772.7,,-0.363705,0.467995,,-1.87799,5.4265
2.9136,1.68532,,1003.94,70.8209,89992.1,,-0.282761,-1.01089,,-0.977537,4.0627
2.89368,2.69106,,1003.72,57.352,84768.9,,-0.445563,0.307662,,-2.38864,6.8025
2.81594,2.80625,,1004.29,55.3059,98019.3,,-0.719332,-0.822425,,-3.5832,7.34471
2.86488,3.52903,,1003.5,56.4084,79708.7,,-0.559285,-0.0829367,,-4.41761,5.22864
2.87446,4.00601,,1005.06,30.1756,115872,,-0.713631,-0.557058,,-4.18425,5.3663
2.84895,4.40506,,1003.5,47.7625,79886.2,,-0.745018,-0.344154,,-2.52609,7.48148
2.87255,5.06868,,1003.3,59.3372,75120.8,,-0.556272,-0.246299,,-3.40781,5.34906
2.87846,5.40102,,1004.31,31.5468,98464.4,,-0.595982,-0.679567,,-3.95832,7.81001
2.87634,6.02169,,1002.36,30.918,53559.6,,-0.576897,-0.185329,,-1.63933,5.49694
2.87859,6.46047,,1004.22,47.2519,96545,,-0.511696,-0.659663,,-0.837417,4.89387
2.88568,6.96232,,1002.63,37.287,59739.3,,-0.486989,-0.367618,,-1.45066,6.71217
2.89275,7.5075,,1002.88,23.9489,65622.6,,-0.477425,-0.489056,,-1.68613,3.61713
2.89342,7.93869,,1003.9,15.7334,89074.3,,-0.474752,-0.609447,,-0.839541,6.60884
2.89771,8.49394,,1001.63,27.849,37045.5,,-0.43749,-0.30091,,0.312711,6.01632
2.90253,8.97053,,1003,35.0543,68253.8,,-0.428266,-0.650025,,0.0712768,1.91157
2.90611,9.46241,,1002.36,16.5328,53651,,-0.433293,-0.478772,,-0.438115,2.74071
2.91026,9.99042,,1001.76,12.6619,39998.9,,-0.394256,-0.46991,,0.0109287,2.15831
2.91258,10.4596,,1002.63,7.71402,59838.3,,-0.35938,-0.614879,,0.752777,2.43001
2.91802,10.9781,,1001.47,8.46764,33331.6,,-0.338233,-0.401407,,0.925544,2.28134
2.92261,11.4765,,1001.77,24.5523,40141.7,,-0.330982,-0.574417,,0.677312,0.0862172
2.92529,11.9638,,1001.53,17.6354,34637.1,,-0.343557,-0.556955,,0.433135,0.0861145
2.93022,12.4835,,1001.12,12.6601,25338.5,,-0.335634,-0.466165,,1.14443,0.460399
2.93434,12.9704,,1001.78,25.1365,40279.9,,-0.275457,-0.588801,,2.71621,1.08657
2.93878,13.4697,,1000.85,27.0725,19191.9,,-0.205737,-0.523381,,3.7944,-0.0658899
2.93984,13.9819,,1001.09,11.0036,24672.7,,-0.228259,-0.604114,,4.24975,-2.69318
2.94282,14.4719,,1001.74,5.50217,39365.7,,-0.266916,-0.547454,,4.39626,-0.982275
2.95358,14.9694,,1000.45,10.71,10201.9,,-0.185251,-0.491053,,4.38397,0.521752
2.95029,15.4773,,1000.59,-16.6476,13238.2,,-0.160053,-0.740019,,4.3907,-0.114215
2.94667,15.983,,1001.6,-20.0878,36204.2,,-0.264342,-0.48862,,2.94409,0.588339
2.96794,16.4698,,1000.85,13.9458,19332.3,,-0.223997,-0.422514,,1.15529,-0.205965
2.97239,16.9671,,1000.34,-20.1246,7665.51,,-0.0991769,-0.838725,,2.50155,0.34008
2.95345,17.487,,1001.06,-56.7265,24039.5,,-0.159144,-0.543379,,4.37642,4.01591
2.96086,17.9807,,1001.21,1.31403,27388.8,,-0.270188,-0.347085,,2.29419,2.71126
2.98527,18.4663,,1001,19.1419,22600.6,,-0.152542,-0.697255,,0.57842,-0.0116945
2.98437,18.9668,,1000.17,-11.517,3904.77,,-0.02482,-0.610792,,1.86831,1.84997
2.96693,19.4774,,999.484,-6.49567,-11634.8,,-0.046703,-0.578965,,3.29361,1.7556
2.96015,19.9892,,1001.06,-4.24112,24101,,-0.156593,-0.639268,,2.6633,0.384691
2.9727,20.4707,,1001.49,-3.49166,33773.7,,-0.225607,-0.429261,,0.331374,1.91792
2.99631,20.9655,,1000.06,10.9885,1382.19,,-0.0987424,-0.54598,,-1.61773,2.25256
2.98865,21.4714,,1000.58,-0.461188,13034,,-0.0251086,-0.62936,,-1.38421,3.81332
2.9669,21.9729,,999.557,-19.2622,-9978.26,,-0.171724,-0.479,,-0.966702,3.31675
2.97493,22.4482,,999.688,1.60458,-7040.4,,-0.14017,-0.636969,,-1.77053,-3.22545
3.00005,22.9505,,1000.29,6.60583,6647.05,,0.0578916,-0.615944,,-1.85346,1.06224
3.5,-1.5,,1001.48,6.41871,33448.5,,0,0,,0,0
3.5,-1,,1003.86,44.2731,88189.8,,0,0,,0,0
3.5,-0.5,,1002.61,96.7582,59326.2,,0,0,,0,0
3.48473,0.0209528,,1002.55,49.0004,57887.8,,0.0366751,0.00625398,,1.80935,5.67758
3.55143,0.519095,,1003.14,0.966387,71475.9,,0.237964,-0.571805,,1.6072,9.54489
3.54308,0.888238,,999.888,77.4052,-2526.92,,0.177692,0.291306,,0.768359,7.13481
3.56788,1.75625,,1002.54,35.0344,57653.1,,0.30424,0.170225,,1.9617,4.34193
3.56365,1.69919,,1002.96,59.6866,67272.9,,0.271697,-1.06021,,1.94284,3.1945
3.50617,2.60909,,1000.59,35.1743,13270.2,,0.0436529,0.0667197,,-0.264823,6.19536
3.54789,2.85406,,1003.14,55.4147,71536.4,,0.233365,-0.695747,,0.410296,5.73673
3.55207,3.53205,,1000.47,36.3564,10698.8,,0.15463,-0.179562,,0.678636,6.00673
3.5306,3.98283,,1003.32,13.2157,75696,,0.168285,-0.527135,,1.75483,6.60871
3.52695,4.40367,,999.259,37.2527,-16679.2,,0.168195,-0.31257,,-0.595522,6.11393
3.53754,5.0786,,1000.86,55.6334,19358.1,,0.155616,-0.232015,,-1.09972,5.22417
3.54038,5.39414,,1002.11,15.8587,47827.3,,0.145726,-0.755222,,-0.431223,8.29495
3.52896,6.01136,,998.503,13.5877,-33627.1,,0.147218,-0.16587,,-0.908443,6.29939
3.53853,6.47366,,1001.34,38.5054,30434.1,,0.185283,-0.616254,,-1.47898,4.65552
3.53686,6.95676,,999.043,14.8917,-21533.3,,0.130693,-0.424911,,-1.08333,6.99161
3.52695,7.50945,,999.598,3.04323,-9057.54,,0.13205,-0.403348,,0.188223,5.15747
3.53271,7.9444,,1000.28,-2.12319,6229.74,,0.188711,-0.591272,,0.199227,6.8993
3.53089,8.49199,,997.879,11.4414,-47553.6,,0.157995,-0.325853,,0.183606,6.37935
3.52881,8.97601,,999.857,14.0251,-3219.25,,0.155532,-0.621153,,0.978566,1.99345
3.53158,9.46361,,999.094,-0.593391,-20391.8,,0.192663,-0.462699,,1.19246,2.36179
3.52765,9.98976,,998.535,9.88783,-32920.2,,0.204379,-0.421112,,0.529769,2.47211
3.52746,10.4631,,999.154,-0.125481,-19035.7,,0.197972,-0.616259,,0.0650866,2.36856
3.52733,10.9796,,998.13,-5.30481,-41961.4,,0.163427,-0.416591,,-0.248535,1.54885
3.52496,11.48,,999.026,15.158,-21923.4,,0.181264,-0.537134,,-1.12765,-0.970279
3.52686,11.9668,,998.939,5.02253,-23873.4,,0.220187,-0.5748,,-1.87421,-0.181417
3.52445,12.4829,,998.583,-4.12069,-31827.8,,0.180964,-0.469987,,-1.68665,1.81791
3.52101,12.9734,,999.126,19.3486,-19658.2,,0.158111,-0.523189,,-1.58353,2.05362
3.52261,13.4719,,998.241,38.097,-39470,,0.174954,-0.499824,,-2.11012,0.167247
3.52008,13.9787,,998.288,24.227,-38420.9,,0.188209,-0.62622,,-1.91274,-2.06019
3.51512,14.4769,,999.032,14.8753,-21777,,0.181891,-0.557419,,-1.41303,-1.15905
3.51969,14.9777,,998.949,32.6688,-23645.3,,0.15803,-0.445294,,-2.08025,-0.03746
3.5212,15.4686,,998.642,21.2024,-30521.2,,0.213072,-0.71101,,-2.20523,-0.188921
3.50736,15.9813,,998.597,13.8272,-31531.7,,0.246969,-0.565017,,-1.54902,-0.546541
3.50516,16.4876,,999.898,47.0115,-2294.86,,0.147819,-0.42398,,-1.91942,-0.843898
3.51915,16.9632,,1000.08,12.7278,1877.65,,0.175263,-0.745431,,-1.82681,2.30648
3.50998,17.4712,,998.194,-35.7612,-40530,,0.257044,-0.603748,,-0.477323,4.66941
3.49324,17.9865,,998.591,7.35966,-31657.9,,0.163516,-0.478278,,-0.598532,0.648764
3.49566,18.4803,,1000.46,15.5707,10414.2,,0.0482273,-0.670569,,-1.4606,-0.985053
3.50767,18.9711,,1000.16,-11.1021,3536.37,,0.0584462,-0.501574,,-1.95248,2.77748
3.51297,19.4665,,998.779,1.04498,-27455.2,,0.153695,-0.541759,,-1.67391,2.94288
3.49861,19.9758,,998.661,-8.7959,-30096.5,,0.192992,-0.725815,,-0.221575,0.536882
3.48204,20.479,,999.45,-16.6221,-12387.5,,0.123489,-0.522366,,0.389492,-0.189951
3.48615,20.9819,,999.985,3.48458,-342.336,,0.0525257,-0.506675,,-0.888879,0.684739
3.49154,21.4636,,1000.37,-10.2593,8329.78,,0.0263039,-0.663698,,-1.62671,3.73575
3.49322,21.9731,,999.669,-34.8171,-7453.48,,-0.0174722,-0.465377,,-1.92271,3.23209
3.48945,22.4614,,1000.03,-16.0679,594.904,,-0.00417547,-0.581851,,-1.9289,-0.858344
3.48952,22.9606,,1000.17,6.63289,3820.78,,0.0649232,-0.603614,,-1.1308,0.495524
4,-1.5,,1001.61,9.36761,36480.1,,0,0,,0,0
4,-1,,1004.17,52.8225,95223.1,,0,0,,0,0
4,-0.5,,1002.02,105.487,45896.2,,0,0,,0,0
4.05,-0.0447949,,1002.92,67.2168,66576.4,,0.0909168,-0.29934,,-1.04246,6.04552
3.97826,0.607983,,1004.47,29.0469,102267,,-0.438775,-0.159234,,-2.08193,8.67535
3.96268,0.86372,,1002.68,95.3268,60929.6,,-0.480613,0.199188,,-2.48156,6.83758
3.9659,1.78481,,1001.44,39.6094,32743.9,,-0.233254,0.348092,,-1.37184,4.48259
3.97818,1.66096,,1003.06,96.6004,69601,,-0.181711,-1.09842,,-1.75734,4.6257
4.008,2.67714,,1001.3,60.0253,29387.2,,-0.165309,0.292229,,-1.60441,6.09367
4.0012,2.85899,,1003.85,61.5063,87819.1,,-0.313384,-0.782068,,-1.59904,6.38366
3.97782,3.51819,,1001.85,38.3944,41912.8,,-0.266479,-0.146412,,0.112238,6.69891
3.99575,3.99319,,1003.01,33.4616,68491.2,,-0.128131,-0.409012,,-1.82873,4.70436
4.01135,4.43257,,1001.36,71.0393,30768.1,,-0.118203,-0.207241,,-3.33606,4.95971
4.0086,5.06642,,1002.44,61.8955,55542.1,,-0.183429,-0.364211,,-1.80374,6.37879
3.99268,5.3806,,1002.91,21.9387,66144.9,,-0.209897,-0.729906,,-0.671275,9.31941
4.01283,6.02579,,1000.66,29.5548,14906.5,,-0.0483671,-0.0904289,,-1.33113,4.85584
4.01679,6.46458,,1004.11,43.506,93873.7,,-0.121962,-0.752855,,-2.63513,3.9718
4.00879,6.95074,,1001.95,13.3268,44243.7,,-0.148587,-0.409766,,-1.33414,8.51882
4.0172,7.51006,,1001.39,10.8252,31526.7,,-0.0672919,-0.385952,,-1.16756,4.63222
4.01617,7.943,,1002.91,18.0741,66271.1,,-0.106455,-0.599491,,-2.33808,6.47378
4.0174,8.48947,,1001.1,20.4721,24916.4,,-0.0986699,-0.338653,,-1.49537,7.32524
4.0184,8.97454,,1002.46,13.9173,55879.1,,-0.107678,-0.623499,,-0.245935,2.75641
4.01575,9.4622,,1001.98,12.4733,44858.3,,-0.105715,-0.430401,,-0.0180508,2.06976
4.0191,9.98766,,1001.66,34.8439,37682.2,,-0.0767266,-0.438831,,-0.801017,1.49407
4.02075,10.4623,,1002.64,19.2189,60029.3,,-0.117062,-0.663526,,-0.878119,2.43425
4.01967,10.9763,,1001.69,4.91934,38254.9,,-0.129543,-0.423743,,0.214743,1.61139
4.01841,11.4775,,1002.3,33.2346,52172.3,,-0.101575,-0.498617,,0.53477,-1.72436
4.01833,11.9665,,1002.57,30.179,58367.4,,-0.0957734,-0.568792,,0.153221,-0.47266
4.01962,12.4777,,1002.06,8.43247,46841.8,,-0.0979983,-0.525437,,-0.258453,1.54778
4.01668,12.9694,,1002.23,15.6981,50702.1,,-0.137335,-0.572522,,-1.18193,0.994022
4.01676,13.4751,,1002.12,30.1768,48158.6,,-0.197477,-0.489505,,-2.40646,-0.569421
4.02237,13.9735,,1002.34,24.3357,53109.6,,-0.161077,-0.585536,,-2.33054,-1.22613
4.01695,14.4665,,1002.02,17.3704,45834.3,,-0.104598,-0.608752,,-1.03956,-0.744441
4.00956,14.9847,,1002.37,26.3027,53943.5,,-0.189894,-0.483955,,-0.676859,-0.832321
4.01892,15.4694,,1002.89,21.9291,65667.9,,-0.216809,-0.599971,,-1.19728,0.460626
4.01998,15.9599,,1001.32,33.9438,29936,,-0.0978473,-0.573457,,-0.775674,0.597852
4.00558,16.4846,,1001.32,59.8777,29939.5,,-0.104543,-0.562133,,0.227147,-1.08923
4.00412,16.9765,,1002.67,15.9758,60658.4,,-0.214092,-0.693933,,0.144092,2.22078
4.01598,17.4641,,1001.49,-16.1151,33828.1,,-0.172258,-0.506256,,-1.13163,4.89057
4.01853,17.9702,,1000.41,26.1056,9202.38,,-0.0442537,-0.541103,,-1.58765,0.92465
4.00443,18.4727,,1000.94,13.4039,21241.6,,-0.0386471,-0.77866,,-0.341575,-0.707561
3.99273,18.9787,,1001.32,-20.3381,30006.4,,-0.114977,-0.527465,,-0.0293303,1.86903
3.99912,19.4765,,1001.61,6.65501,36583.2,,-0.168303,-0.450103,,-1.48453,2.76604
4.01152,19.9642,,1001.24,12.3389,28164.2,,-0.102145,-0.660342,,-1.46469,2.38534
4.00858,20.462,,1000.09,0.485221,2068.8,,-0.0171177,-0.563675,,0.115869,0.656461
3.99625,20.9786,,1000.39,14.6372,8911.73,,0.00136729,-0.541454,,0.998352,0.296562
3.98962,21.4631,,1000.62,1.04628,14004.9,,-8.52228e-05,-0.699785,,1.26281,3.58126
3.98978,21.9683,,999.944,-18.042,-1262.61,,0.0062456,-0.488801,,1.06404,3.23145
3.99113,22.4646,,1000.1,29.6613,2255.78,,0.0180855,-0.65596,,0.280542,-0.446394
3.9875,22.9636,,1000.11,9.04135,2519.74,,0.0100513,-0.571443,,-0.111889,0.231884
4.5,-1.5,,1002.05,9.18937,46577,,0,0,,0,0
4.5,-1,,1005.2,51.7189,119204,,0,0,,0,0
4.5,-0.5,,1003.81,104.824,86929.7,,0,0,,0,0
4.473,-0.0396821,,1002.1,62.4185,47707.5,,-0.13124,-0.0936399,,-0.471854,8.41719
4.45506,0.556806,,1004.31,6.52424,98442.9,,-0.0506278,-0.497544,,-0.150069,7.09678
4.4455,0.889541,,1001.54,77.4341,34815.1,,-0.0849926,0.365102,,-1.20352,5.90479
4.49997,1.78548,,1002.8,38.6544,63697.9,,0.175859,0.36892,,-1.11261,5.07201
4.49626,1.6786,,1003.72,78.5265,84814,,0.161693,-1.00852,,-1.06271,4.21955
4.47269,2.64659,,1001.8,62.2159,40745.6,,-0.0126043,0.0779743,,-1.33717,6.52104
4.44156,2.83533,,1004.02,69.4637,91844.7,,-0.048009,-0.803607,,-0.958719,7.52657
4.4482,3.51426,,999.724,51.5155,-6215.56,,0.020615,-0.144772,,-1.24296,5.4416
4.47188,4.00901,,1003.53,50.8672,80591.2,,0.0409109,-0.43541,,-2.03701,2.91442
4.46769,4.43212,,1001.58,67.3692,35714.8,,-0.0672569,-0.292186,,-1.90588,5.36032
4.44597,5.05559,,1001.87,63.4719,42478.8,,-0.071742,-0.327501,,0.0151745,8.16802
4.45429,5.39184,,1001.56,29.0865,35399.2,,0.0466298,-0.596852,,0.402555,9.7909
4.45741,6.03617,,999.288,41.251,-16023.8,,-0.0274678,-0.097364,,-0.286689,4.2525
4.45131,6.45655,,1003.3,45.5584,75289.2,,-0.040034,-0.784602,,0.875848,4.91679
4.44928,6.95051,,999.832,11.6948,-3790.67,,-0.00869001,-0.388055,,1.22692,8.60869
4.4541,7.51881,,999.988,30.6605,-279.242,,0.0201678,-0.353558,,0.210803,3.67919
4.4569,7.93902,,1001.97,36.2375,44707.5,,0.0288799,-0.644183,,-0.0246163,6.22328
4.45133,8.48937,,999.574,23.4307,-9593.42,,-0.0299066,-0.349669,,0.571506,8.4232
4.4534,8.97627,,1000.49,8.25551,10962.1,,-0.0149987,-0.620854,,0.898864,3.15054
4.4528,9.46044,,999.557,5.06251,-9971.12,,-0.0338519,-0.442734,,-0.170119,1.35661
4.45147,9.99187,,999.523,32.8362,-10741,,-0.0481063,-0.425371,,-0.260051,1.83606
4.45572,10.4647,,1000.66,13.9385,15030.7,,-0.00761557,-0.672407,,1.44749,3.62865
4.45394,10.9748,,999.269,-3.61066,-16457,,-0.0135498,-0.422346,,2.65832,2.43697
4.45315,11.4782,,999.543,27.8653,-10292.6,,-0.0197133,-0.497451,,3.02641,-1.58606
4.45526,11.9691,,999.802,24.5467,-4475.47,,-0.0490659,-0.586892,,2.84453,-0.86998
4.45634,12.4795,,999.406,1.23238,-13381.9,,-0.0485301,-0.507201,,2.19864,0.92211
4.45837,12.9687,,999.541,3.56771,-10348.3,,0.0146955,-0.591904,,1.92998,0.433775
4.45664,13.4789,,999.724,8.53425,-6230.99,,-0.023145,-0.534737,,2.52421,-0.543599
4.45948,13.9796,,1000.45,1.59536,10142,,-0.063673,-0.528007,,3.28288,-0.613357
4.46575,14.4602,,999.538,-6.94018,-10412.1,,0.00217337,-0.594076,,3.47243,0.0734092
4.45751,14.9815,,999.012,-16.3879,-22234,,-0.0338677,-0.588716,,4.03931,-0.458511
4.45516,15.4834,,1000.63,-28.2873,14203,,-0.136576,-0.58589,,4.15795,-0.422759
4.47227,15.9626,,1000.04,-11.1584,796.424,,-0.110205,-0.479087,,2.63715,0.197662
4.47561,16.4728,,999.02,11.9595,-22048.1,,-0.0383414,-0.598972,,2.60854,0.00492223
4.46195,16.979,,999.993,-35.993,-150.846,,-0.0644003,-0.754531,,4.21854,2.14258
4.46386,17.4776,,1000.43,-50.7282,9662.33,,-0.116687,-0.457383,,3.83352,3.08776
4.47792,17.9753,,1000.61,4.4022,13763.3,,-0.110089,-0.44631,,2.40021,0.661441
4.4862,18.4637,,1000.19,-1.80741,4297.18,,-0.014346,-0.722255,,2.32659,0.554808
4.48013,18.9685,,999.066,-34.4879,-21024.4,,0.0644155,-0.579025,,2.61606,1.51801
4.46811,19.4809,,999.933,-1.93133,-1505.84,,0.0107942,-0.516877,,2.10179,1.71559
4.4685,19.976,,1000.69,5.29524,15659.7,,-0.0609783,-0.636138,,1.77047,2.55982
4.48073,20.4654,,999.985,-9.95146,-329.885,,-0.0811584,-0.514833,,1.69361,1.30361
4.48872,20.9728,,1000.19,2.11264,4263.08,,-0.071966,-0.514253,,1.74248,0.837582
4.48953,21.462,,1000.31,-2.96915,7011.55,,-0.0437148,-0.666925,,2.16984,3.87804
4.49052,21.969,,999.552,-11.6274,-10101.6,,-0.0166825,-0.50276,,1.92912,1.84305
4.49081,22.4643,,999.831,31.4579,-3815.66,,-0.0295104,-0.640496,,0.641041,-3.50681
4.48915,22.9629,,1000.25,8.10725,5598.04,,-0.0484323,-0.564887,,-0.244056,1.77598
5,-1.5,,1001.74,5.58331,39460.2,,0,0,,0,0
5,-1,,1004.84,43.2787,110880,,0,0,,0,0
5,-0.5,,1003.06,98.0538,69710.7,,0,0,,0,0
5.0237,-0.012286,,1002.4,59.7761,54561.8,,0.033017,-0.0328963,,1.30745,8.35803
5.05645,0.556158,,1003.11,1.8936,70890.1,,-0.000956661,-0.512,,-0.398085,6.2092
5.05488,0.888985,,1001.43,73.2474,32333.3,,0.035726,0.31111,,-0.511685,4.67778
5.02916,1.77949,,1002.08,30.946,47287.9,,-0.0647283,0.327191,,0.297075,5.07083
5.03594,1.68545,,1002.97,68.3822,67628.1,,-0.0590919,-1.03611,,0.111216,4.80389
5.02949,2.63608,,1001.18,44.2199,26606.2,,-0.0822046,0.144046,,-0.39247,6.39525
5.05948,2.85244,,1003.22,58.5727,73311.5,,0.0125816,-0.648116,,-1.35098,7.03558
5.06709,3.52654,,1000.83,48.4975,18697.9,,0.0660526,-0.138947,,-0.980761,5.96884
5.05082,3.99757,,1003.63,26.24,82739.1,,-0.0584115,-0.565095,,0.778695,3.99371
5.04145,4.41061,,1001.41,40.1451,32006.7,,-0.0185016,-0.311515,,1.72545,6.29833
5.05819,5.06607,,1001.17,60.2445,26563.1,,0.13254,-0.203297,,0.0299921,7.31137
5.0671,5.40345,,1001.67,34.0141,37772.4,,0.0843732,-0.628203,,-1.2665,8.52818
5.06121,6.02008,,999.983,23.1683,-393.883,,0.0295743,-0.207452,,-0.564723,5.19003
5.05327,6.4574,,1002.3,22.0285,52241.7,,8.54893e-08,-0.696802,,-0.733516,5.83393
5.06133,6.95596,,999.098,9.45079,-20295.5,,0.0869739,-0.330639,,-1.50441,7.60913
5.06083,7.51511,,1000.15,29.5208,3459.6,,0.0549711,-0.383304,,-1.98428,3.50782
5.05321,7.93649,,1001.63,24.9822,36951.8,,0.00455966,-0.647886,,-0.993328,7.31242
5.0579,8.48819,,998.82,14.7118,-26519.7,,0.09709,-0.334717,,-0.0666534,8.1692
5.05808,8.97598,,1000.27,10.2239,6028.42,,0.100512,-0.625022,,-2.02632,1.01418
5.05814,9.45807,,999.836,8.74654,-3692.28,,0.105683,-0.465632,,-3.29559,0.199675
5.05891,9.98941,,999.547,30.1171,-10212.9,,0.116703,-0.409877,,-2.71568,3.38131
5.05269,10.462,,1000.11,11.7285,2554.23,,0.0886191,-0.648075,,-2.27397,5.10663
5.05209,10.9736,,998.627,-3.47548,-30851.7,,0.10986,-0.422552,,-2.78925,2.27832
5.05586,11.4781,,999.384,26.3501,-13868.3,,0.118265,-0.523085,,-3.58191,-1.74344
5.05205,11.9656,,999.587,23.4166,-9314.26,,0.110594,-0.618236,,-2.88102,-0.918274
5.04857,12.4811,,999.321,14.4568,-15299.5,,0.117465,-0.443688,,-2.78541,0.368998
5.05137,12.9681,,999.776,37.6992,-5046.44,,0.153124,-0.523535,,-3.44043,1.17012
5.04544,13.4692,,998.828,44.4672,-26351.2,,0.18839,-0.596405,,-1.91134,1.26493
5.03701,13.9832,,999.349,25.3998,-14659.9,,0.138279,-0.565056,,-1.1207,-0.911243
5.04373,14.4661,,999.825,19.6984,-3935.84,,0.109641,-0.534765,,-2.98182,-0.813024
5.04551,14.9681,,998.628,19.3696,-30833.4,,0.195666,-0.598435,,-3.44466,0.305586
5.0315,15.4803,,998.956,0.325638,-23487.3,,0.224797,-0.664052,,-2.13507,-0.573713
5.02903,15.9751,,1000.03,9.60168,632.557,,0.155786,-0.497584,,-2.04001,-1.05608
5.03563,16.471,,1000.2,24.9395,4563.34,,0.126314,-0.542128,,-2.33088,1.10404
5.0321,16.9671,,999.524,-16.0824,-10716.1,,0.187473,-0.720531,,-1.00213,4.16943
5.02099,17.4714,,998.728,-32.5271,-28601,,0.21353,-0.547079,,0.515463,3.00508
5.0113,17.9799,,999.793,13.1705,-4662.2,,0.107531,-0.522257,,0.667542,-0.479588
5.01345,18.4724,,1000.56,4.32374,12677.7,,0.0352054,-0.652701,,-0.132189,-0.00201419
5.02148,18.9663,,999.645,-14.317,-7990.74,,0.0644804,-0.50179,,-1.00547,1.17624
5.02032,19.4682,,999.388,23.7884,-13778.4,,0.12554,-0.534401,,-1.23536,1.60907
5.00806,19.9706,,999.446,25.6736,-12480.8,,0.140343,-0.697317,,-1.02594,2.40632
5.00024,20.4696,,999.155,-3.3466,-19009,,0.106383,-0.581239,,-1.54012,0.722581
4.99817,20.9747,,999.87,-4.22256,-2938.07,,0.0483617,-0.543335,,-2.01782,0.962593
4.99611,21.4619,,1000.05,-10.0815,1031.92,,0.023224,-0.652117,,-1.4483,4.4408
4.9956,21.9693,,999.319,-16.2394,-15339.8,,0.0181781,-0.506095,,-0.923817,1.04833
4.99334,22.4633,,999.964,-6.61712,-803.962,,-0.0185282,-0.54764,,-1.1225,-3.44356
4.99167,22.9623,,1000.27,2.70197,6150.62,,-0.0427483,-0.576991,,-1.01984,2.14481
5.5,-1.5,,1001.62,5.98397,36729.8,,0,0,,0,0
5.5,-1,,1004.3,45.223,98395.2,,0,0,,0,0
5.5,-0.5,,1002.76,106.732,62764.3,,0,0,,0,0
5.48389,-0.0387571,,1002.51,74.182,57098.1,,-0.0192494,-0.116163,,0.270453,8.13128
5.43657,0.579778,,1004.58,11.4714,104838,,-0.270909,-0.395852,,0.000205254,5.55764
5.4305,0.875536,,1002.46,72.5757,55889.6,,-0.259215,0.324714,,0.0340184,5.19998
5.45583,1.79249,,1001.87,37.5679,42362.5,,-0.00196298,0.346908,,-0.0299564,5.51603
5.44539,1.66316,,1003.44,90.5356,78443.5,,-0.0346674,-1.0861,,0.0448199,5.48454
5.45126,2.66159,,1001.6,39.4931,36310.4,,-0.154041,0.172012,,-0.437834,4.93032
5.43783,2.85947,,1004.21,45.0835,96106,,-0.26646,-0.662768,,-0.736782,6.27335
5.43181,3.52608,,1001.56,28.2079,35474.2,,-0.286692,-0.148409,,-0.671205,6.83525
5.42509,3.9844,,1003.27,11.5005,74564.2,,-0.214201,-0.564382,,0.542978,5.3195
5.43692,4.42576,,1000.62,34.1726,14063.2,,-0.122605,-0.172932,,0.40512,5.95247
5.4501,5.07464,,1002.06,64.244,46713,,-0.131707,-0.25517,,-0.536573,6.03881
5.43786,5.3918,,1003.37,33.1631,76853.5,,-0.230054,-0.743913,,-0.144685,8.55024
5.43563,6.02069,,1001.12,11.4099,25426.1,,-0.215601,-0.176258,,0.630659,5.28382
5.44961,6.46255,,1003.65,24.0229,83357.8,,-0.0912402,-0.656071,,-0.1957,4.72904
5.45218,6.96397,,1001.41,17.2716,32042,,-0.119745,-0.315214,,-1.77883,6.97214
5.44852,7.50861,,1002.12,17.1846,48189.4,,-0.200039,-0.463179,,-1.08726,4.25969
5.44867,7.93769,,1003,3.98895,68315.6,,-0.200567,-0.607017,,0.384299,8.69932
5.45224,8.49708,,1000.37,6.00748,8457.27,,-0.169481,-0.270878,,0.518386,7.50396
5.45537,8.97359,,1002.63,15.5177,59919.1,,-0.137782,-0.640577,,0.519171,-0.0166046
5.45627,9.46155,,1002.6,14.1951,59101,,-0.138238,-0.43936,,1.42879,0.60908
5.45924,9.99114,,1002.13,30.9231,48373.1,,-0.151916,-0.429013,,2.19623,3.54841
5.45971,10.4572,,1002.53,11.9149,57504.6,,-0.16831,-0.67063,,1.25774,4.46779
5.4604,10.979,,1001.43,-8.99291,32447.8,,-0.201113,-0.402915,,-0.5801,1.20338
5.46665,11.4818,,1002.78,17.6542,63338.1,,-0.193994,-0.505793,,-0.392613,-1.35066
5.46688,11.9595,,1002.58,17.1057,58685.9,,-0.146205,-0.607729,,1.46415,0.377251
5.46326,12.4834,,1001.94,6.48555,44123.9,,-0.175236,-0.467856,,1.81657,-0.499389
5.46919,12.9741,,1003.1,28.5408,70639.8,,-0.258547,-0.504668,,0.417761,0.750465
5.47491,13.4615,,1001.86,40.0966,42278.5,,-0.228211,-0.563364,,0.226632,2.7005
5.47052,13.9802,,1001.37,21.4555,31097.3,,-0.174197,-0.624655,,0.909862,-1.55984
5.47028,14.478,,1002.98,13.2694,67744.1,,-0.247081,-0.533694,,0.0614123,-2.66485
5.48042,14.9685,,1002.74,27.2095,62377.6,,-0.248738,-0.479097,,-0.977739,0.842691
5.48392,15.468,,1001.76,33.8369,39861.6,,-0.118658,-0.640098,,-0.427881,0.817453
5.4754,15.9731,,1001.66,36.5786,37590.1,,-0.101498,-0.593916,,0.645284,-0.893099
5.47172,16.479,,1002.32,36.9201,52678.4,,-0.205329,-0.554136,,0.828445,1.00489
5.48189,16.9689,,1002.19,0.426053,49672.5,,-0.213692,-0.63932,,-0.292735,4.50969
5.49097,17.4643,,1000.83,-11.4358,18724.2,,-0.147715,-0.528676,,-1.52394,3.51085
5.4893,17.9705,,1000.45,19.6891,10244.6,,-0.0886672,-0.589448,,-1.21928,-0.054121
5.47986,18.4727,,1001.05,-0.757296,23839,,-0.0971567,-0.718587,,-0.150913,-0.375078
5.47856,18.9755,,1001.28,-22.0376,28969.5,,-0.172488,-0.499173,,-0.115176,0.513972
5.4871,19.4709,,1001.61,14.6706,36506.4,,-0.207007,-0.476468,,-0.445478,1.53301
5.4946,19.9644,,1001.19,25.0804,26882.6,,-0.146848,-0.641681,,-0.7438,2.22473
5.49657,20.4646,,1000.44,3.2883,9909.81,,-0.067393,-0.579923,,-1.44569,-0.0734546
5.49525,20.9715,,1000.89,0.753651,20121.4,,-0.0338815,-0.560076,,-2.05835,0.909597
5.49368,21.4599,,1000.63,-4.63175,14155.1,,-0.0137969,-0.649248,,-1.81024,5.24966
5.49344,21.9704,,999.532,-9.30904,-10544.2,,0.00256945,-0.524848,,-1.2624,1.7016
5.49349,22.4622,,1000.48,8.87094,10758.3,,-4.83417e-05,-0.602192,,-0.854204,0.292281
5.49264,22.9628,,1000.14,-2.56052,3220.99,,-0.0124201,-0.580829,,-0.47391,0.851535
6,-1.5,,1001.76,7.80222,39825.1,,0,0,,0,0
6,-1,,1004.65,51.2471,106447,,0,0,,0,0
6,-0.5,,1003.1,114.86,70485.6,,0,0,,0,0
6.01462,-0.0212171,,1002.03,75.7204,46062,,0.0355747,-0.108106,,-0.425304,9.30934
6.03926,0.546376,,1003.71,6.41378,84683.3,,0.157911,-0.593223,,1.85315,5.9837
6.03009,0.90207,,1001.72,84.547,38950.6,,0.124988,0.467729,,1.64835,3.75613
6.04507,1.78653,,1002.25,61.0069,51221.1,,0.167629,0.361568,,-1.07114,5.15593
6.05165,1.67774,,1003.28,100.443,74779.6,,0.188936,-1.02054,,-0.968961,4.31083
6.03726,2.63265,,1001.29,50.3309,29199.1,,0.167839,0.0151702,,0.0385498,5.64464
6.03948,2.85475,,1003.54,55.6271,80783.5,,0.217428,-0.688512,,0.410521,6.23163
6.0331,3.51502,,1000.26,45.8136,5874.02,,0.226518,-0.130606,,-0.615743,6.26475
6.04682,4.00092,,1002.68,38.9356,61059,,0.266992,-0.457249,,-2.0603,4.60765
6.04919,4.42517,,1000.28,60.5017,6236.14,,0.213523,-0.268226,,-2.5015,5.7349
6.03067,5.06429,,1001.56,67.8842,35415.7,,0.0955587,-0.288715,,-1.14718,8.04283
6.02646,5.3841,,1001.56,30.8714,35443.1,,0.132,-0.727601,,-0.075284,10.3526
6.02824,6.02491,,998.245,29.2769,-39393.5,,0.205084,-0.0857191,,-0.190139,4.78097
6.031,6.46903,,1002.13,57.0315,48275.3,,0.211186,-0.62383,,-0.720694,3.35541
6.02397,6.95155,,999.948,46.3248,-1179.28,,0.163051,-0.434503,,-0.167552,6.99936
6.01889,7.50983,,999.944,29.5006,-1268.31,,0.170192,-0.442481,,0.632603,5.50062
6.02591,7.94025,,1000.61,13.9252,13716.2,,0.219581,-0.61449,,-0.158471,8.29602
6.02222,8.49228,,998.357,19.7376,-36880.2,,0.169346,-0.302943,,-1.15571,7.92783
6.0149,8.97298,,1000.09,16.2683,2093.59,,0.111435,-0.631978,,0.317967,2.52326
6.01365,9.45941,,999.033,2.67233,-21766.1,,0.0961992,-0.474025,,2.57736,2.43205
6.01067,9.99232,,998.689,29.701,-29460.3,,0.104314,-0.410555,,2.81326,2.89209
6.01194,10.4585,,999.49,20.6812,-11490,,0.154394,-0.674913,,1.6524,2.3255
6.01152,10.9766,,998.541,-3.39469,-32770.2,,0.149761,-0.459309,,1.28223,0.930838
6.00485,11.4821,,999.741,15.8706,-5840.73,,0.0935814,-0.487124,,2.04298,0.365377
6.00485,11.9577,,998.783,12.3002,-27362.1,,0.103027,-0.585364,,2.17449,1.21217
6.00462,12.48,,997.693,-14.5535,-51703.1,,0.105202,-0.556226,,2.13058,-0.903078
5.99959,12.9789,,999.788,-11.6273,-4772.35,,0.0362039,-0.580757,,2.55718,-0.282711
6.00359,13.4663,,999.34,4.40904,-14853.4,,0.031595,-0.496676,,2.17352,2.34409
6.00632,13.9737,,998.327,-4.77457,-37552.5,,0.101011,-0.598989,,2.43633,-0.564462
5.99539,14.4746,,999.239,-28.1903,-17126.2,,0.0696064,-0.627028,,4.18678,-2.18442
5.99076,14.9768,,999.676,-18.5263,-7299.33,,-0.0245487,-0.489146,,4.69906,-0.140314
6.0003,15.4712,,999.523,-3.21448,-10758.3,,-0.0367976,-0.573374,,2.80551,-0.0478858
6.00223,15.9661,,998.858,3.09557,-25683.6,,-0.00336609,-0.593146,,1.58201,-0.368593
5.99413,16.4758,,998.676,5.09171,-29760.9,,0.0311359,-0.593725,,2.19559,0.958841
5.98991,16.9762,,999.589,-25.6415,-9255.87,,0.0175122,-0.671345,,1.81764,2.25655
5.99499,17.4738,,999.974,-37.7353,-595.657,,-0.0442718,-0.50121,,-0.106736,1.74045
6.00158,17.9707,,999.878,-6.93047,-2741.64,,-0.0231665,-0.495688,,-0.848256,0.716985
6.00127,18.4654,,999.414,-12.2347,-13189.1,,0.079121,-0.677138,,-0.0776824,0.928225
5.99411,18.9711,,999.052,-32.2117,-21328.5,,0.11294,-0.576108,,0.686715,0.917762
5.98685,19.4742,,999.692,-6.3847,-6942.8,,0.0480255,-0.529265,,1.09978,1.48489
5.98675,19.9705,,999.825,3.506,-3937.44,,0.00744359,-0.611379,,1.35744,1.81799
5.99055,20.4684,,999.705,-7.80523,-6651.04,,-0.0035258,-0.541317,,1.59746,-0.572123
5.99297,20.9721,,1000.51,-4.16208,11446.5,,-0.0141436,-0.542681,,1.65557,0.626126
5.99458,21.461,,1000.34,-4.98367,7654.88,,-0.0185944,-0.629705,,1.14485,5.16667
5.99595,21.969,,999.441,-5.07519,-12588.8,,-0.0135739,-0.518963,,0.656836,1.76828
5.99508,22.4628,,1000.31,30.8697,7061.74,,-0.0127071,-0.664073,,0.630729,-0.620309
5.99373,22.9631,,1000.16,-3.68293,3634.51,,-0.0124005,-0.58083,,0.555735,1.12157
6.5,-1.5,,1001.83,6.06288,41589,,0,0,,0,0
6.5,-1,,1005.06,44.4462,115908,,0,0,,0,0
6.5,-0.5,,1003.51,101.048,79992.2,,0,0,,0,0
6.49277,-0.0354681,,1002.77,63.4406,62959.2,,-0.183392,-0.136853,,-0.576555,11.1955
6.47749,0.572743,,1003.68,-7.73852,84050.8,,-0.251934,-0.423585,,-0.147022,6.46359
6.47694,0.883211,,1001.81,57.4333,41165.4,,-0.235833,0.350533,,-0.0363209,3.33213
6.46146,1.79125,,1002.44,34.9806,55498.8,,-0.329984,0.382012,,0.230576,4.9472
6.45774,1.67188,,1003.61,78.3813,82430.1,,-0.345733,-1.05688,,0.18107,4.22643
6.46572,2.65173,,1001.8,46.4168,40775.6,,-0.291986,0.159255,,1.0767,6.16328
6.47016,2.85001,,1003.94,53.8906,89922.7,,-0.281678,-0.665988,,1.07994,6.35795
6.48071,3.53078,,1001.64,49.7283,37259.7,,-0.245868,-0.0793701,,0.610484,5.20361
6.47321,3.99838,,1004.58,38.7653,104867,,-0.338628,-0.54768,,0.571637,3.86266
6.4682,4.42114,,1002.78,49.6949,63159,,-0.350781,-0.286469,,1.18693,6.15868
6.48069,5.06128,,1002.71,51.1364,61564,,-0.226435,-0.280207,,0.921162,8.15061
6.48869,5.39419,,1002.58,23.1614,58592.9,,-0.189819,-0.623599,,-0.458051,10.0503
6.49775,6.02991,,1000.47,26.9296,10577,,-0.200856,-0.100862,,-2.35574,3.92957
6.48905,6.4582,,1003.9,38.4183,88928.7,,-0.330338,-0.723192,,-2.24817,3.87272
6.48875,6.95255,,1001.05,20.2538,23692.3,,-0.309983,-0.372666,,-0.3536,8.51744
6.50037,7.51498,,1001.06,24.898,23931,,-0.186354,-0.382771,,-0.00259133,4.54426
6.49983,7.94164,,1002.78,27.4224,63216.6,,-0.173472,-0.602925,,-1.34127,6.66996
6.50267,8.48884,,1000.85,24.3405,19325.4,,-0.15589,-0.35229,,-2.21712,7.76342
6.50661,8.97186,,1001.87,1.43996,42541.8,,-0.179632,-0.672354,,-2.81847,3.62649
6.50824,9.46031,,1000.53,-16.3903,11962.5,,-0.1727,-0.449994,,-3.5242,2.96282
6.51014,9.99121,,1000.34,23.5922,7755.64,,-0.130813,-0.375059,,-4.37451,1.99586
6.51173,10.4623,,1001.61,30.4993,36572,,-0.112047,-0.609723,,-4.20847,2.39571
6.51394,10.9737,,1000.33,16.5798,7367.74,,-0.0598371,-0.468469,,-2.74204,1.61903
6.51222,11.4774,,1000.84,38.3028,19099.4,,-0.0563425,-0.540944,,-3.40439,-0.559175
6.515,11.9644,,1000.65,37.023,14801.2,,-0.0839421,-0.543364,,-5.82577,0.211938
6.52266,12.478,,1000.05,10.0918,1225.98,,-0.0338488,-0.532521,,-5.94652,0.119289
6.51732,12.9709,,1001,10.8315,22539.6,,0.033223,-0.608988,,-3.463,0.99526
6.51152,13.4725,,1000.68,33.8033,15298.2,,0.0344057,-0.474529,,-2.22039,2.13832
6.51956,13.9758,,1000.65,29.9454,14601.8,,-0.00163651,-0.567338,,-3.10707,0.0796748
6.52161,14.4624,,1000.44,0.516562,9861.1,,0.0196754,-0.651511,,-2.6211,-0.228695
6.51413,14.9735,,999.46,-6.06296,-12154.6,,0.0766881,-0.553868,,-1.2057,-0.595443
6.51283,15.4798,,1000.56,-4.28487,12595.5,,0.0305144,-0.618987,,-1.85857,-2.32241
6.51827,15.9683,,1001.31,-1.04227,29763.9,,-0.0281643,-0.538024,,-2.67665,-0.514125
6.52072,16.4691,,1000.53,18.8945,12025.5,,0.0438457,-0.501369,,-1.67472,2.26707
6.51666,16.9696,,1000.23,0.999787,5163.66,,0.122943,-0.698281,,-0.190849,2.35413
6.50851,17.4713,,1000.48,-29.9063,10758.1,,0.0845882,-0.608216,,0.860635,1.07003
6.50338,17.9749,,1001,-10.141,22598.5,,-0.00850218,-0.48963,,1.02531,0.394211
6.50829,18.4685,,1000.98,-0.0408752,22085.2,,-0.0243523,-0.590918,,0.0589535,0.802743
6.51296,18.9665,,1000.29,-4.66151,6566.48,,0.0130515,-0.544878,,-1.2227,0.779436
6.51212,19.4671,,1000.16,17.848,3551.08,,0.0622144,-0.549819,,-1.92354,1.65956
6.50776,19.9672,,999.881,23.286,-2682.31,,0.0824207,-0.642866,,-1.58026,2.61351
6.50293,20.4668,,999.513,7.27312,-10977,,0.0649244,-0.582444,,-0.253094,0.451296
6.49886,20.9713,,1000.12,2.64548,2755.4,,0.0346537,-0.572891,,0.772111,0.672632
6.49782,21.462,,1000.13,-3.02028,2922.95,,0.0194501,-0.641962,,0.254736,4.24355
6.49798,21.9685,,999.507,-4.14286,-11107.8,,0.00423708,-0.508345,,-0.606791,1.48679
6.49577,22.465,,999.753,13.149,-5566.16,,-0.0116564,-0.601467,,-0.407689,-4.26486
6.49449,22.9632,,1000.29,-0.703378,6587.04,,-0.0149481,-0.585451,,0.0294011,2.85524
7,-1.5,,1001.74,4.42318,39380.6,,0,0,,0,0
7,-1,,1004.66,38.3891,106593,,0,0,,0,0
7,-0.5,,1003.12,93.8723,71151.6,,0,0,,0,0
6.9956,-0.031193,,1001.95,58.0831,44213.8,,0.0470019,-0.0364458,,-1.28235,10.3779
7.00084,0.557733,,1003.69,-12.2026,84143.8,,0.098168,-0.514842,,-3.4323,5.7318
6.99226,0.891263,,1001.29,49.1254,29151.4,,0.0571808,0.405599,,-3.81814,3.60963
7.01115,1.79029,,1001.76,20.1154,39949,,0.176696,0.361484,,-2.24415,5.95932
7.01061,1.67067,,1003.07,64.6333,70005.9,,0.17564,-1.06014,,-2.53027,5.17889
7.00374,2.64445,,1000.74,37.5763,16799.9,,0.0979977,0.090668,,-1.48862,6.20927
7.0027,2.85725,,1003.32,44.8478,75728.1,,0.0839457,-0.648045,,-1.44471,6.40812
6.99404,3.52332,,1000.03,35.7722,669.476,,0.0483227,-0.120466,,-0.330653,6.29651
6.98931,3.99141,,1002.83,28.7531,64471.2,,0.0919727,-0.545619,,1.60216,5.67856
6.98837,4.42433,,999.809,35.755,-4316.68,,0.112277,-0.235416,,2.346,6.39303
6.99266,5.07104,,1001.01,57.4253,22854.5,,0.144189,-0.207338,,1.37251,6.1469
6.99505,5.39793,,1001.98,34.3431,44969.3,,0.154826,-0.649127,,0.364031,7.5555
6.98377,6.02601,,1000.26,19.8342,5847.02,,0.0527462,-0.193978,,-0.162057,3.86688
6.98622,6.45695,,1003.32,12.4901,75585.3,,0.089877,-0.740591,,0.815131,5.31472
6.99023,6.9586,,999.788,-10.9134,-4790.39,,0.108126,-0.325276,,0.844571,9.14206
6.98661,7.51667,,1000.47,13.1656,10597.3,,0.0659977,-0.35723,,0.665989,4.3551
6.98189,7.93725,,1002.14,16.7209,48489.8,,0.0443417,-0.606044,,1.50189,6.53469
6.97736,8.49262,,999.814,11.8665,-4201.74,,0.0181205,-0.339164,,2.27122,7.34249
6.98332,8.97697,,1001.61,2.25821,36581.7,,0.0931399,-0.647376,,1.85855,2.04789
6.98449,9.45958,,1001.09,-2.99679,24688.5,,0.126836,-0.443091,,0.0433506,1.44242
6.98015,9.99147,,1000.94,24.3078,21374.7,,0.0602779,-0.405692,,-0.512458,2.1536
6.98008,10.4629,,1001.94,12.0115,43914.8,,-0.0228457,-0.633721,,0.835695,3.87816
6.97831,10.974,,1000.35,-1.19672,7888.48,,-0.0543782,-0.424785,,1.723,2.11749
6.97881,11.4789,,1001.01,36.5985,22747.3,,0.0196203,-0.526619,,1.32064,-2.3932
6.98011,11.9688,,1001.89,40.244,42837.6,,0.00741313,-0.586124,,0.400299,-1.32317
6.97953,12.4802,,1001.81,13.2696,41032.9,,-0.0688395,-0.488248,,0.570221,1.57921
6.97986,12.9644,,1001.46,19.6106,33148,,-0.023145,-0.545952,,1.60949,3.03322
6.97561,13.4701,,1000.27,43.472,6034.37,,-0.0192879,-0.538447,,1.40669,1.67289
6.97363,13.9848,,1001.33,32.347,30054,,-0.114897,-0.61614,,0.27952,-1.16033
6.98157,14.4652,,1001.9,11.1186,43021.4,,-0.11465,-0.569951,,-0.681367,0.0106169
6.98625,14.9677,,1000.49,22.5881,10980.3,,-0.00992188,-0.492272,,-0.968111,0.0549761
6.97945,15.4778,,1000.91,20.5107,20574.2,,0.0227238,-0.673674,,0.261641,-1.81579
6.97409,15.9709,,1001.67,8.39826,37958.5,,-0.0355689,-0.594844,,2.13917,0.146797
6.97704,16.4734,,1001.31,26.7763,29749.1,,-0.112209,-0.46501,,2.27741,2.70803
6.98497,16.9689,,1000.97,12.4242,21892.6,,-0.113569,-0.653995,,1.34392,3.106
6.98632,17.4646,,1000.19,-24.0872,4194.52,,-0.0632694,-0.625514,,1.71224,2.30396
6.98292,17.9717,,999.992,-12.5761,-177.744,,-0.0256565,-0.544617,,2.73161,0.388999
6.97981,18.4722,,1000.53,-6.60734,11899.5,,-0.0673912,-0.637544,,2.32453,-0.755871
6.98098,18.9717,,1000.72,-15.3928,16334.4,,-0.133636,-0.535117,,1.03075,-0.683085
6.98621,19.4704,,1001.13,8.47652,25538.4,,-0.134415,-0.496689,,0.147142,1.0166
6.99191,19.9668,,1001.05,21.0906,23684.8,,-0.096985,-0.612778,,-0.377346,2.96319
6.99418,20.4641,,1000.32,8.42284,7134.41,,-0.0715874,-0.579248,,-0.457356,1.41468
6.99465,20.9699,,1000.38,2.50878,8558.99,,-0.0421011,-0.563722,,-0.557798,0.668845
6.99586,21.4626,,1000.36,-3.36572,8213.86,,-0.0116427,-0.636649,,-1.38132,3.1973
6.99693,21.9685,,999.851,-2.31572,-3369.08,,-0.00133436,-0.537525,,-2.04461,1.71615
6.99633,22.4649,,1000.01,11.695,135.195,,-0.0032536,-0.596891,,-1.42301,-1.68175
6.99587,22.9635,,1000.27,4.6046,6081.56,,-0.00402637,-0.595307,,-0.501822,3.11682
7.5,-1.5,,1001.73,6.14802,39315.1,,0,0,,0,0
7.5,-1,,1004.66,46.1595,106536,,0,0,,0,0
7.5,-0.5,,1003.04,111.391,69199.2,,0,0,,0,0
7.50959,-0.0224108,,1002.56,82.7479,58261.5,,0.0600558,-0.0875035,,-1.03,8.50307
7.51773,0.557094,,1004.4,14.4665,100585,,-0.012394,-0.550421,,-0.47984,5.29366
7.51668,0.89476,,1002.88,81.9392,65645.3,,-0.000735704,0.410486,,-0.179822,3.01153
7.50949,1.79072,,1002.68,61.1335,61035.3,,0.00361548,0.39072,,-0.520562,6.59011
7.51085,1.67442,,1003.91,102.222,89376.7,,-0.00142177,-1.01792,,-0.50469,6.00163
7.51288,2.64012,,1001.96,57.5453,44522.1,,0.002897,0.0502806,,-0.537563,6.21194
7.51483,2.85701,,1004.34,58.0148,99218.3,,0.000874912,-0.673443,,-0.679546,6.21887
7.51827,3.52016,,1001.7,50.4344,38584.4,,0.0327672,-0.0845947,,-1.25092,7.18372
7.52427,3.99694,,1003.44,49.5428,78424.2,,0.0416741,-0.489901,,-2.56205,6.1849
7.52709,4.42294,,1000.73,63.7508,16576.9,,0.0350278,-0.262684,,-2.90699,6.63368
7.52167,5.06743,,1001.89,70.1433,42785.4,,-0.047443,-0.244796,,-2.15399,6.0376
7.51461,5.39009,,1002.29,41.2436,52123.1,,-0.0913282,-0.681878,,-1.03892,8.15519
7.51606,6.0222,,999.656,28.7949,-7755.37,,-0.00391398,-0.157189,,0.533894,4.70086
7.5198,6.46575,,1002.61,37.8053,59446.5,,0.0647024,-0.648237,,0.0296231,4.97548
7.52239,6.95596,,1000.03,33.7094,683.471,,0.107408,-0.361585,,-1.10989,8.09719
7.51914,7.51113,,1000.53,34.163,11983,,0.0458717,-0.436933,,-2.05235,4.69717
7.51908,7.93511,,1001.29,13.419,29135.4,,-0.0156735,-0.652538,,-1.87231,7.99035
7.52219,8.49101,,998.276,11.5178,-38705.7,,0.0182009,-0.301063,,-0.720053,8.30175
7.51682,8.97806,,1000.23,30.1591,5231.81,,0.0275019,-0.573164,,0.0675751,1.73644
7.51611,9.45749,,999.991,35.7089,-204.637,,0.0406298,-0.45632,,0.954322,0.978574
7.51795,9.98803,,999.514,37.202,-10960.5,,0.0368217,-0.4973,,1.87895,3.06748
7.5155,10.4612,,1000.03,-4.89856,632.757,,-0.00645124,-0.72478,,1.94052,4.46
7.51725,10.9743,,998.619,-26.0648,-31022.5,,-0.0123949,-0.396574,,1.13886,1.94842
7.51825,11.4783,,999.443,19.8242,-12546.6,,0.00908233,-0.466799,,1.58059,-1.64593
7.51332,11.9645,,999.668,21.5913,-7475.27,,0.015443,-0.643567,,4.07423,-0.105996
7.50913,12.4798,,999.293,-13.9783,-15913.8,,-0.0199776,-0.548951,,4.98431,1.28664
7.51356,12.9686,,999.582,-12.1731,-9429.4,,-0.0638398,-0.528946,,2.33881,1.164
7.51973,13.4667,,998.578,2.38975,-31943.9,,-0.0391958,-0.548923,,0.260379,0.798561
7.51227,13.9799,,999.037,-12.8625,-21661.1,,-0.00807843,-0.644748,,1.38277,-0.91473
7.5061,14.4708,,1000.05,-20.5646,1068.4,,-0.00997718,-0.554039,,2.1265,-1.08369
7.51136,14.9719,,999.646,5.46764,-7975.09,,-0.0507312,-0.453567,,0.687252,-0.527632
7.51381,15.4705,,999.599,5.41814,-9039.68,,-0.0606803,-0.652865,,0.404238,0.203681
7.50816,15.9649,,998.918,-8.55874,-24325.3,,-0.00328338,-0.620459,,1.66366,1.41045
7.50558,16.476,,998.707,5.49947,-29070.9,,0.0166517,-0.541671,,0.902652,0.859842
7.50576,16.9739,,999.791,-18.0768,-4712.1,,-0.0486337,-0.679785,,-1.46725,1.3005
7.50774,17.4687,,999.661,-47.555,-7638.34,,-0.054623,-0.530173,,-2.26978,2.8204
7.51149,17.971,,999.236,-13.8163,-17194.5,,0.0404055,-0.470621,,-1.53069,1.20162
7.50975,18.467,,999.431,-2.05526,-12809,,0.0859523,-0.671528,,-0.966694,-0.839915
7.50386,18.9683,,999.265,-25.3406,-16553.3,,0.0764496,-0.587006,,-0.153381,-0.597643
7.4987,19.4716,,999.614,-9.50154,-8692.81,,0.0552915,-0.507742,,1.14746,1.20052
7.49679,19.9696,,999.982,5.16254,-396.545,,0.0296252,-0.614202,,1.72395,2.49762
7.49713,20.4661,,999.736,-3.61675,-5963.15,,0.00699745,-0.569885,,1.05016,0.692642
7.49772,20.9711,,1000.06,-5.62664,1441.12,,0.000233749,-0.542433,,0.0546167,-0.128911
7.49779,21.4639,,1000.29,-8.62962,6445.28,,-0.00978983,-0.624179,,-0.411927,2.53946
7.49777,21.9671,,999.984,-6.39939,-360.607,,-0.0149303,-0.531527,,-0.270421,2.06293
7.49767,22.4642,,1000.3,20.6148,6799.51,,-0.00822866,-0.634541,,0.0874411,1.10505
7.49722,22.9639,,1000.18,8.5339,4046.8,,-0.00372456,-0.604513,,0.315267,2.30383
8,-1.5,,1001.78,6.55904,40386.1,,0,0,,0,0
8,-1,,1004.82,47.4192,110451,,0,0,,0,0
8,-0.5,,1003.3,112.48,75140,,0,0,,0,0
7.9885,-0.0364327,,1002.32,82.5992,52680.9,,-0.112636,-0.144566,,-0.656946,10.7323
7.97379,0.567376,,1003.86,9.33961,88046.7,,-0.140835,-0.500127,,2.68891,6.49527
7.97081,0.887366,,1001.67,67.8581,37907.6,,-0.144102,0.394824,,3.50621,4.01812
7.97165,1.78824,,1002.03,48.6283,46187.4,,-0.171452,0.384004,,1.9208,5.74049
7.96728,1.67042,,1003.34,92.259,76110.9,,-0.175315,-1.0253,,2.41233,5.03019
7.96948,2.65109,,1001.22,39.5685,27581.9,,-0.181389,0.0842609,,1.51105,6.2978
7.96894,2.85243,,1003.64,38.2944,82948.8,,-0.181909,-0.695245,,2.04136,6.47858
7.97132,3.52988,,1001.02,30.4085,23013.4,,-0.179441,-0.0563085,,1.33006,5.38404
7.96918,3.99526,,1004,33.041,91254.3,,-0.194395,-0.523714,,-0.126862,4.70613
7.96765,4.42592,,1001.66,40.3435,37542.7,,-0.209178,-0.271808,,-0.974885,6.40069
7.97214,5.06413,,1002.49,38.693,56630.8,,-0.177435,-0.297126,,0.161927,7.31201
7.97659,5.39122,,1002.66,10.2735,60510.9,,-0.155506,-0.659418,,0.777994,9.56264
7.98221,6.02967,,999.871,14.5123,-2901.94,,-0.142459,-0.0863984,,0.529679,4.39265
7.97975,6.46212,,1003.46,41.0802,78966.4,,-0.17458,-0.648826,,-0.163568,3.93917
7.97606,6.95684,,1001.02,39.1156,22992.4,,-0.185926,-0.340369,,-0.416383,7.42286
7.98031,7.51257,,1001.5,27.1768,33991.6,,-0.157676,-0.476762,,-0.46414,4.00569
7.98615,7.94185,,1002.92,3.47839,66354.2,,-0.123769,-0.63828,,-1.42573,7.62378
7.99003,8.49176,,1000.44,9.88833,9926.05,,-0.0823164,-0.27829,,-2.82597,8.45513
7.98764,8.97169,,1001.79,23.2218,40713.6,,-0.125139,-0.624509,,-2.97258,2.74929
7.986,9.46288,,1000.98,11.8173,22080.6,,-0.207798,-0.438058,,-1.8445,2.3786
7.99139,9.99032,,1000.63,22.3415,14146.7,,-0.153099,-0.446311,,-1.25127,3.16012
7.9928,10.4594,,1001.47,11.3694,33307.5,,-0.00862467,-0.687743,,-2.16668,3.3234
7.99243,10.9786,,1000.51,-1.74177,11412.9,,0.0194115,-0.407722,,-3.71271,1.04396
7.99594,11.4786,,1001.5,21.7645,33899,,-0.0872741,-0.494085,,-4.05781,-0.140694
7.99582,11.9593,,1000.73,15.7526,16444.2,,-0.0971383,-0.608026,,-2.62236,2.29875
7.99435,12.48,,999.601,-5.58908,-8987.26,,0.0138731,-0.549282,,-1.771,0.213018
7.99768,12.9767,,1001.47,2.87056,33362.4,,0.0273045,-0.56587,,-2.91802,-1.62861
8.00091,13.4696,,1001.69,9.02853,38332.7,,-0.0318975,-0.502575,,-3.09721,1.2953
8.00115,13.9719,,1000.85,-4.05685,19143.7,,0.0153866,-0.581305,,-1.10595,1.41343
7.99817,14.4669,,1000.53,-9.76627,11974.8,,0.0706508,-0.594455,,0.198894,-1.05808
7.99487,14.9769,,1000.75,-1.1569,16949.4,,-0.0176467,-0.549626,,-0.281093,-1.9653
7.99865,15.4739,,1001.59,-12.5766,36014.5,,-0.0920425,-0.634696,,-1.03296,0.130884
8.00466,15.9653,,1001,-7.17026,22680.5,,-0.0310484,-0.495611,,-1.50516,1.49923
8.00638,16.473,,1000.55,25.4405,12344.1,,0.0681668,-0.517445,,-2.11792,-0.556602
8.00206,16.9703,,1001.42,-5.72476,32131.8,,0.081797,-0.738113,,-2.13556,0.43795
7.99748,17.4684,,1001.21,-41.3322,27486.1,,0.040935,-0.541178,,-1.20092,3.37502
7.99546,17.9742,,1001.02,2.70036,23099.1,,-0.0178036,-0.437396,,-0.692264,1.54284
7.99944,18.4677,,1001.37,23.8114,30986.5,,-0.0295142,-0.642402,,-1.13607,-0.667455
8.0031,18.9653,,1000.8,3.18518,17999.1,,0.00439094,-0.562183,,-1.43927,0.44771
8.00382,19.4674,,1000.36,15.7776,8141.14,,0.0392522,-0.511873,,-0.744038,2.60269
8.00203,19.967,,1000.19,25.5805,4371.49,,0.0421552,-0.636541,,0.183593,2.83862
8.00065,20.4652,,999.874,14.1333,-2831.6,,0.0484725,-0.583055,,0.196856,-0.065253
7.99963,20.9701,,1000.27,8.60212,6110.54,,0.0459619,-0.564037,,-0.133399,-0.527143
7.99819,21.4628,,1000.36,-2.70612,8023.76,,0.016456,-0.652723,,0.347703,2.96288
7.99726,21.968,,999.819,-7.45163,-4091.16,,-0.0038784,-0.513315,,0.981754,2.19311
7.9975,22.4656,,999.815,7.87109,-4170.21,,0.00698991,-0.592552,,0.720044,-2.36624
7.9982,22.9642,,1000.19,4.33967,4364.37,,0.00882761,-0.596039,,0.244963,2.2452
8.5,-1.5,,1001.79,4.7778,40563.3,,0,0,,0,0
8.5,-1,,1004.89,39.6436,111917,,0,0,,0,0
8.5,-0.5,,1003.41,97.5498,77763.7,,0,0,,0,0
8.50987,-0.0282688,,1002.28,66.99,51757.3,,0.00736417,-0.0539285,,-2.42648,12.0675
8.52417,0.554489,,1003.29,4.94804,75077.2,,0.152783,-0.524933,,-2.79014,8.06393
8.51921,0.895499,,1000.98,72.0656,22242.1,,0.149471,0.4201,,-2.54055,4.23455
8.52969,1.79346,,1001.92,26.7233,43620.4,,0.128887,0.366184,,-3.23793,4.33871
8.53283,1.67356,,1003,70.8154,68220.2,,0.148784,-1.06999,,-3.23707,3.41018
8.52797,2.63917,,1001.04,32.321,23468.7,,0.173132,0.0796572,,-3.10135,7.71012
8.52857,2.85588,,1003.06,41.2307,69653.9,,0.189044,-0.642851,,-2.7074,7.99129
8.52169,3.52138,,999.901,32.6732,-2228.3,,0.1592,-0.110369,,-0.286705,5.54238
8.52003,3.99572,,1003.05,23.0199,69493.6,,0.142341,-0.514829,,0.752677,4.34032
8.51874,4.42358,,1000.51,31.8733,11417.3,,0.16547,-0.248444,,1.34792,6.67134
8.51577,5.06964,,1001.22,52.8455,27631.5,,0.217353,-0.21064,,1.45071,7.93911
8.51876,5.39514,,1001.68,35.6963,38029,,0.25926,-0.646778,,1.07829,9.13888
8.5144,6.02689,,999.742,38.4457,-5814.01,,0.206822,-0.158185,,0.867686,3.90019
8.51305,6.46051,,1003.14,40.2017,71407.5,,0.156251,-0.696381,,1.19113,4.16135
8.51189,6.95267,,999.943,16.1343,-1286.93,,0.102992,-0.374123,,1.64447,8.04288
8.50903,7.51604,,1000.1,11.6679,2338.69,,0.110656,-0.398477,,2.4059,4.26227
8.5066,7.94221,,1001.85,7.54827,41914.1,,0.159811,-0.581029,,2.99428,6.42244
8.50211,8.49068,,1000.04,24.718,983.668,,0.153355,-0.298488,,2.30421,7.09302
8.50489,8.97217,,1001.35,11.5812,30551.9,,0.140423,-0.704999,,1.37405,2.52884
8.50528,9.46052,,1000.33,-27.6723,7426.55,,0.0859104,-0.515585,,0.621783,2.63194
8.50106,9.99316,,1000.2,4.7684,4580.88,,0.0643499,-0.319678,,0.0482673,2.78788
8.5008,10.4587,,1001.02,37.5024,23161,,0.137394,-0.559774,,-0.234867,2.37629
8.49692,10.9754,,999.884,36.0625,-2613.74,,0.132754,-0.499377,,-0.353526,0.232462
8.49488,11.4816,,1001.14,29.432,25790.6,,0.0496598,-0.596468,,-0.90369,-0.609018
8.49884,11.9598,,1000.78,15.7176,17587.5,,0.0274428,-0.552108,,-2.54899,2.18593
8.49962,12.4783,,999.587,22.4854,-9302.91,,0.0922781,-0.447292,,-3.11403,0.801618
8.49339,12.9746,,1000.91,42.5839,20536,,0.124228,-0.600072,,-0.719575,-0.185632
8.48734,13.4684,,1000.88,39.8295,19925.4,,0.0567115,-0.58359,,1.79736,2.5886
8.49086,13.9752,,1000.2,22.3523,4599.08,,0.00189086,-0.552073,,1.35858,1.65739
8.49664,14.4664,,1000.01,15.441,296.288,,0.0161854,-0.574063,,0.0442722,-1.07614
8.49397,14.9726,,999.938,12.671,-1394.91,,0.0557027,-0.591537,,0.982042,-1.38803
8.48773,15.4757,,1000.69,-5.24611,15692.5,,0.0764815,-0.651171,,2.69617,0.206301
8.4879,15.9687,,1000.61,7.10056,13739.5,,0.0323489,-0.49328,,2.51175,0.669919
8.48995,16.4731,,1000.5,41.0098,11244.2,,-0.040809,-0.500223,,1.95419,-0.541361
8.4912,16.9682,,1000.82,2.84239,18458.9,,-0.036745,-0.717701,,2.86756,1.733
8.49124,17.4643,,999.89,-42.0427,-2477.34,,-0.00497326,-0.58615,,3.86408,4.30178
8.48948,17.9724,,999.54,-6.85579,-10370.1,,-0.0291143,-0.503586,,3.74684,1.19526
8.48721,18.4708,,1000.25,10.4137,5611.22,,-0.0589992,-0.650856,,2.84201,-1.87149
8.48861,18.9698,,1000.4,-4.80139,8971.07,,-0.0578269,-0.536336,,1.49705,-0.396794
8.49229,19.4699,,1000.55,12.3339,12398.5,,-0.0631664,-0.502452,,0.494725,2.70212
8.49428,19.9673,,1000.39,22.4864,8907.7,,-0.0717025,-0.624245,,0.182599,3.06109
8.49531,20.4657,,999.992,16.8004,-179.285,,-0.046271,-0.553253,,-0.0829334,-0.348795
8.49702,20.9701,,1000.44,15.8222,9864.83,,-0.015667,-0.563731,,-0.320017,-0.403792
8.49753,21.462,,1000.34,0.0491626,7728.94,,-0.0170751,-0.673476,,-0.0291832,3.61045
8.49745,21.9683,,999.586,-6.53258,-9323.69,,-0.0117193,-0.522854,,0.0175049,1.79223
8.49846,22.4651,,999.903,18.6546,-2189.17,,0.0152754,-0.617061,,-0.605665,-2.44149
8.49908,22.9645,,1000.23,-4.13121,5108.55,,0.0212332,-0.575953,,-0.977189,2.55612
9,-1.5,,1001.78,4.19406,40316.5,,0,0,,0,0
9,-1,,1004.87,37.265,111390,,0,0,,0,0
9,-0.5,,1003.51,94.8791,80058.2,,0,0,,0,0
8.99356,-0.0281229,,1002.99,69.8918,68150.6,,-0.0372939,-0.0542265,,-1.55261,9.99329
8.98812,0.561236,,1004.46,18.82,101957,,-0.118669,-0.470106,,-4.12056,7.49109
8.98852,0.891032,,1002.47,89.2184,56051.5,,-0.111568,0.396263,,-4.32901,4.25523
8.97652,1.79208,,1003.03,40.8821,68900.7,,-0.112383,0.370252,,-1.82265,4.83351
8.97439,1.67309,,1004.1,85.0609,93622.7,,-0.131556,-1.06754,,-2.14856,4.04458
8.9812,2.64339,,1002.47,56.3459,56138.9,,-0.0939618,0.122842,,-1.50846,7.88322
8.98156,2.85399,,1004.5,67.4935,102950,,-0.0934533,-0.647712,,-1.60279,8.65346
8.98664,3.52515,,1001.57,55.7887,35612.9,,-0.113961,-0.118101,,-0.385603,7.23289
8.99083,3.99724,,1004.18,39.1009,95510.8,,-0.123017,-0.521118,,0.62331,5.20691
8.99165,4.42361,,1001.48,50.9201,33539.9,,-0.129329,-0.229292,,0.61698,6.77414
8.99155,5.06638,,1001.91,80.612,43431.5,,-0.159766,-0.217091,,-1.14711,7.03956
8.9867,5.39317,,1002.38,63.7439,54016.5,,-0.19716,-0.633897,,-1.47569,8.99617
8.99027,6.02543,,1000.18,50.6185,4003.57,,-0.158341,-0.179758,,-0.34662,4.57762
8.99184,6.4634,,1003.2,36.7695,72918,,-0.142643,-0.726141,,-0.0581987,4.15726
8.99653,6.95654,,1000.35,9.51304,7848.12,,-0.118202,-0.366882,,-1.72178,7.55884
9.00024,7.51139,,1000.48,14.4824,10809.8,,-0.0913104,-0.401495,,-2.9142,5.03763
8.9959,7.93742,,1001.44,10.4159,32726,,-0.147383,-0.591911,,-1.51859,7.88664
8.99769,8.49241,,999.114,18.6515,-19929.3,,-0.184831,-0.299385,,0.806579,7.25524
9.0005,8.97616,,1001.02,10.7065,23197.9,,-0.142879,-0.674156,,1.23603,1.67819
9.00251,9.45895,,1000.42,-16.3949,9414.33,,-0.0350979,-0.515139,,0.780829,1.81688
9.00239,9.99041,,1000.14,4.81356,3078.28,,-0.0586424,-0.376512,,0.408638,2.47758
9.00282,10.4606,,1000.86,18.1919,19530.9,,-0.209272,-0.585613,,0.569082,2.84821
9.00739,10.9731,,999.331,12.0467,-15059.4,,-0.203336,-0.485231,,1.94733,1.06969
9.00475,11.4798,,1000.32,17.1918,7290.3,,-0.0847676,-0.595105,,2.94921,-1.61003
9.00422,11.966,,1000.81,4.16964,18312,,-0.0669917,-0.55871,,1.60284,-0.200509
9.00952,12.4779,,1000.32,-4.95088,7339.14,,-0.166648,-0.457692,,-0.295217,1.19957
9.00793,12.9661,,1000.38,8.05255,8639.91,,-0.21531,-0.599171,,0.290668,2.89862
9.00663,13.4669,,999.039,15.3174,-21614.4,,-0.119977,-0.59072,,1.48094,3.20466
9.00897,13.9812,,999.472,4.61867,-11885.3,,-0.0797399,-0.592821,,0.112427,-0.799736
9.00969,14.4705,,1000.75,-6.93832,17018.1,,-0.146032,-0.559261,,-1.32904,-1.60046
9.01043,14.9691,,1000.16,-7.72696,3564.6,,-0.124796,-0.504082,,-0.0422346,0.983247
9.00969,15.4701,,999.706,-11.9221,-6637.89,,-0.0486408,-0.629421,,1.3662,1.27112
9.00771,15.9668,,999.427,-2.25779,-12911.7,,-0.0474211,-0.58863,,0.801475,-0.222669
9.00623,16.4744,,999.516,13.7153,-10910.1,,-0.0986777,-0.566615,,0.153662,-0.54044
9.00629,16.9711,,1000.07,-29.1779,1544.25,,-0.108286,-0.682921,,0.457419,2.4676
9.00955,17.4687,,999.672,-64.6242,-7393.45,,-0.0647823,-0.522363,,0.234673,4.17219
9.01292,17.9709,,999.461,-28.0624,-12132.6,,-0.0128468,-0.489055,,-0.514842,0.608351
9.00974,18.4661,,999.686,-14.0973,-7079.35,,0.00869126,-0.647172,,-0.559039,-2.40501
9.00596,18.9687,,999.661,-28.4556,-7644.11,,0.0238356,-0.540131,,-0.179614,-1.12083
9.00356,19.47,,1000.05,-10.0802,1096.42,,0.0152238,-0.528713,,-0.115038,2.15656
9.00108,19.9665,,999.956,2.2573,-1001.26,,-0.0011105,-0.631591,,-0.266829,2.73681
8.99972,20.4665,,999.612,4.68413,-8740.74,,-0.00346792,-0.530957,,-0.555096,-0.718836
8.99979,20.9711,,1000.3,9.78819,6682.41,,-0.00543854,-0.556607,,-0.714626,-0.426475
8.99945,21.4618,,1000.3,-6.33805,6698.56,,-0.0166238,-0.676335,,-0.477416,3.83415
8.99912,21.9681,,999.551,-13.2526,-10110.8,,-0.0157691,-0.485935,,-0.352688,1.40277
8.99917,22.4632,,1000.55,43.2173,12399.2,,-0.00802204,-0.699517,,-0.618133,1.46681
8.99904,22.9648,,1000.22,-1.58282,4992.14,,-0.00183695,-0.578422,,-0.72046,2.69927
9.5,-1.5,,1001.72,5.12123,38989.9,,0,0,,0,0
9.5,-1,,1004.61,40.8869,105418,,0,0,,0,0
9.5,-0.5,,1003.01,102.337,68585.4,,0,0,,0,0
9.49797,-0.0327061,,1002.17,78.1222,49268.6,,0.0450152,-0.103398,,-0.224268,8.93025
9.50007,0.563012,,1004.13,19.5255,94233.2,,0.00700083,-0.505254,,0.034204,6.5169
9.49763,0.889616,,1001.83,80.7748,41580.7,,-0.0182305,0.403122,,-0.0172987,4.96339
9.5031,1.78769,,1001.83,35.5824,41413.4,,0.0213982,0.369497,,1.07356,6.07573
9.50252,1.67087,,1003.12,81.8781,71023.3,,0.0192917,-1.03975,,0.887291,5.65216
9.49918,2.64791,,1001.09,45.3218,24738.9,,-0.041459,0.0950633,,1.96286,7.62587
9.50033,2.85324,,1003.52,51.5751,80215.4,,-0.0530735,-0.683428,,2.06166,8.4954
9.49911,3.52847,,1000.46,38.3776,10378,,-0.0228958,-0.091486,,1.89953,7.70506
9.4947,3.99514,,1003.36,30.2146,76650.9,,0.0113904,-0.514014,,1.83215,5.2436
9.49338,4.42523,,1000.53,39.0482,12056.6,,0.00891134,-0.253172,,0.644448,5.06716
9.49693,5.06706,,1001.79,53.3609,40705.4,,-0.0199094,-0.271645,,-1.10488,5.91939
9.50184,5.39357,,1002.48,24.8608,56391.3,,-0.0245145,-0.660246,,-1.1823,9.24414
9.50011,6.02675,,999.598,8.99116,-9063.77,,-0.032914,-0.132293,,-0.179552,5.37689
9.4973,6.46177,,1002.7,17.2112,61309.5,,-0.00175631,-0.685862,,-0.590047,2.88447
9.49487,6.96124,,1000.48,15.94,10756.9,,0.0493401,-0.307999,,-2.57808,5.0222
9.49639,7.51223,,1001.47,28.6402,33299.2,,0.0710824,-0.428369,,-4.02441,4.85587
9.50086,7.93721,,1002.29,6.11862,51973.6,,0.0577504,-0.674218,,-3.63881,9.97279
9.49906,8.49439,,999.407,-3.68932,-13353.9,,-0.00745435,-0.304216,,-2.24227,8.84373
9.49663,8.9757,,1001.42,18.7789,32228.9,,0.0187963,-0.563339,,-1.65909,1.97254
9.49459,9.45988,,1000.7,25.7504,15788.2,,0.111121,-0.416515,,-1.14364,1.95607
9.49456,9.99034,,1000.25,28.303,5625.26,,0.104965,-0.503748,,-0.555072,2.52556
9.49662,10.4627,,1001.47,-2.98698,33250,,0.0170814,-0.718189,,-0.392316,3.29833
9.49688,10.976,,1000.21,-12.0111,4760.55,,0.00422259,-0.369551,,-0.00238701,2.57862
9.49703,11.4768,,1000.54,31.1703,12224.9,,0.12444,-0.466588,,1.24672,-0.733442
9.49324,11.9653,,1000.62,20.3816,13953.3,,0.146022,-0.635554,,2.15197,-1.36436
9.49018,12.4812,,1000.7,-27.8266,15887.1,,0.0165975,-0.591575,,1.23556,-0.324307
9.49589,12.9687,,1001.4,-29.6835,31718.3,,-0.0179527,-0.550455,,-0.567601,2.60026
9.50041,13.4685,,1000.23,1.36888,5269.13,,0.0762302,-0.452489,,-1.66748,2.93379
9.49719,13.9792,,1000.57,9.58909,12994.2,,0.136108,-0.601482,,-1.37643,-1.44768
9.4922,14.4671,,1001.55,-9.77203,35234.2,,0.102433,-0.644971,,-0.270162,-1.07771
9.48904,14.9712,,1000.68,-18.9103,15416.1,,0.00831309,-0.507899,,0.0811692,1.76046
9.49507,15.4742,,1000.61,-19.2967,13684.3,,-0.0210689,-0.586716,,-1.09265,0.485481
9.50057,15.9672,,1000.88,-2.73531,19969.5,,0.0246003,-0.555312,,-2.47567,-1.25665
9.49929,16.4716,,1000.77,21.6288,17306.8,,0.103137,-0.547704,,-2.46258,-0.336777
9.49595,16.9703,,1000.94,-10.4897,21288.3,,0.137041,-0.676521,,-1.82546,2.71326
9.49368,17.4701,,1000.76,-39.9831,17164,,0.0983964,-0.526078,,-1.96317,3.49
9.49197,17.972,,1000.86,-4.50534,19538.9,,0.0425209,-0.484152,,-2.54792,0.182253
9.49492,18.466,,1000.96,5.95948,21658.9,,0.0268686,-0.635802,,-2.41354,-1.77172
9.49764,18.9677,,1000.56,-12.6841,12707.9,,0.0148753,-0.534195,,-1.46869,-0.278372
9.49828,19.4682,,1000.63,6.05863,14328.7,,0.0258251,-0.520425,,-0.617597,2.49326
9.49917,19.9655,,1000.33,24.7659,7492.35,,0.062173,-0.622723,,-0.476332,2.61943
9.49992,20.4659,,999.886,27.9998,-2567.32,,0.0666207,-0.543443,,-0.700511,-0.912401
9.49914,20.9705,,1000.5,24.1742,11342.7,,0.0390823,-0.57584,,-0.589126,-0.175375
9.49892,21.4616,,1000.42,0.179322,9592.34,,0.0341317,-0.683937,,-0.0936471,4.33462
9.4993,21.9687,,999.602,-10.6536,-8962.16,,0.025402,-0.490431,,0.359374,1.61318
9.49887,22.4647,,1000.2,24.829,4521.72,,-0.00650752,-0.641569,,0.394151,-1.0454
9.49859,22.9649,,1000.26,8.92189,5767.31,,-0.0245293,-0.599914,,0.283468,3.15045
10,-1.5,,1001.77,4.66223,40181.8,,0,0,,0,0
10,-1,,1004.81,39.1206,109996,,0,0,,0,0
10,-0.5,,1003.26,101.762,74342.9,,0,0,,0,0
10.0068,-0.0262058,,1002.46,81.7714,56021.5,,-0.0159541,-0.0865411,,-2.31947,10.8485
10.0107,0.557108,,1003.97,23.7913,90728.2,,0.0595565,-0.543665,,1.09696,7.58309
10.0094,0.895533,,1002.25,85.8225,51010,,0.060662,0.402208,,1.51931,4.34554
10.014,1.7933,,1002.31,31.7412,52441.5,,0.04301,0.38182,,-1.09783,6.08107
10.0154,1.67262,,1003.55,77.4449,81025.2,,0.0509548,-1.05515,,-0.888768,5.38234
10.0132,2.64048,,1001.48,39.6298,33477.5,,0.0708615,0.0649043,,-0.993605,8.10369
10.0134,2.85719,,1003.72,47.8625,84774.2,,0.0788703,-0.654498,,-0.984122,8.585
10.0114,3.52048,,1000.8,37.6069,18091.5,,0.0776263,-0.0847682,,-1.26174,7.49609
10.0107,3.99537,,1003.17,27.9349,72263.7,,0.0518804,-0.491257,,-1.8361,4.55852
10.0112,4.42399,,1000.7,40.5869,15869.4,,0.0583177,-0.248839,,-1.62025,4.52736
10.0096,5.07119,,1002.07,50.2648,46953.3,,0.0970827,-0.253191,,0.214477,6.48971
10.0091,5.39502,,1002.65,21.0688,60252.5,,0.116472,-0.672224,,1.23465,10.1071
10.0085,6.02372,,1000.05,14.0751,1190.33,,0.106757,-0.137746,,1.41486,5.2341
10.0098,6.46118,,1003,30.5923,68331.4,,0.0952013,-0.647644,,0.93457,2.12449
10.0079,6.95535,,1000.61,33.6777,13739.9,,0.0590423,-0.326562,,1.88136,4.73024
10.0043,7.51563,,1001.42,39.7335,32186.8,,0.0181424,-0.410448,,3.49413,5.00975
10.0054,7.93916,,1002.45,16.9206,55624.4,,0.0587491,-0.666568,,3.37353,9.78521
10.0057,8.49093,,999.835,13.2938,-3727.98,,0.123595,-0.317434,,1.27487,8.25098
10.0042,8.97431,,1001.43,32.7914,32355.1,,0.0808633,-0.563467,,-0.501564,1.72443
10.0042,9.45712,,1000.44,35.1516,9835.21,,-0.0265266,-0.438711,,-0.998348,2.51361
10.0046,9.99152,,999.861,38.1354,-3137.95,,-0.012339,-0.474287,,-0.297153,3.15281
10.0026,10.4617,,1000.98,14.4776,22197.8,,0.104866,-0.697544,,-0.107142,2.96906
10.0001,10.9745,,999.965,14.6285,-791.19,,0.118272,-0.382478,,-1.43279,2.17877
10.0021,11.4772,,1000.29,54.3507,6533.34,,0.00375993,-0.470859,,-2.43814,0.176371
10.0033,11.9603,,999.755,37.6335,-5515.25,,-0.0345135,-0.657415,,-1.36929,-0.183945
10.0002,12.4811,,999.471,-3.74106,-11914.1,,0.0763888,-0.576238,,0.284247,-0.864741
9.99907,12.9732,,1000.81,5.97932,18382,,0.146986,-0.538772,,0.0799331,0.935808
9.9992,13.4667,,1000.28,28.9827,6324.92,,0.043368,-0.486739,,-0.626104,2.72986
9.99843,13.9756,,1000.05,21.6217,1133.39,,-0.0490277,-0.59119,,0.364771,0.196386
9.99827,14.4645,,1000.1,7.09514,2355.48,,0.0142478,-0.635401,,1.58327,-0.205862
9.99951,14.9711,,999.36,8.39289,-14402.9,,0.0866043,-0.567848,,0.999522,0.640926
9.99798,15.4778,,1000.08,-3.92853,1777.13,,0.0378745,-0.626886,,-0.0782097,-0.834089
9.99597,15.9686,,1000.67,2.37306,15084.4,,-0.0150512,-0.513046,,0.322222,-1.20718
9.99679,16.4702,,1000.46,38.7091,10434.4,,0.000588798,-0.488796,,1.37933,0.445024
9.99843,16.9684,,1000.35,17.5971,7816,,0.00416954,-0.68951,,1.6544,2.93581
9.9973,17.4659,,999.741,-18.6126,-5848.84,,-0.0243599,-0.589949,,1.32462,3.11415
9.99594,17.9716,,999.753,12.2826,-5558.16,,-0.0142407,-0.507879,,1.05852,-0.0584241
9.99642,18.4694,,1000.19,21.6794,4363.34,,0.00530372,-0.652932,,1.10245,-1.39394
9.99676,18.9695,,1000.13,-2.72808,2932.64,,-0.0191669,-0.554958,,1.54173,0.544305
9.99687,19.4698,,1000.34,16.4416,7758.91,,-0.0291989,-0.491601,,1.98258,2.84037
9.99803,19.9676,,1000.25,42.5273,5641.53,,-0.00733377,-0.594717,,1.71091,2.2238
9.99883,20.4662,,999.974,41.3112,-592.221,,-0.018328,-0.566432,,1.09907,-1.21021
9.99865,20.9701,,1000.5,26.385,11262.8,,-0.0375407,-0.584124,,0.850285,0.0199598
9.99902,21.4623,,1000.34,3.56575,7638.8,,-0.00601865,-0.661291,,0.696019,4.54106
9.99979,21.9681,,999.617,0.0526103,-8626.39,,0.0242464,-0.541461,,0.291134,1.61464
9.99965,22.4661,,999.797,8.51901,-4572.89,,0.00419437,-0.578747,,-0.0166411,-3.94202
9.99913,22.9648,,1000.29,7.89837,6469.84,,-0.0177232,-0.603502,,-0.122031,3.44218
10.5,-1.5,,1001.84,1.98726,41780.1,,0,0,,0,0
10.5,-1,,1005.14,28.92,117711,,0,0,,0,0
10.5,-0.5,,1003.87,85.7076,88449,,0,0,,0,0
10.4941,-0.0328807,,1002.76,71.5793,62861.9,,-0.102539,-0.0130646,,-1.86401,14.1128
10.4832,0.560802,,1003.8,22.9469,86754.2,,-0.0909796,-0.489839,,0.474776,9.15351
10.4838,0.890981,,1001.64,83.0087,37252.6,,-0.0810471,0.385744,,0.809599,4.33805
10.4764,1.78952,,1002.45,31.1477,55573.6,,-0.108935,0.380496,,-0.911595,5.0992
10.4744,1.6723,,1003.64,74.7605,82969.5,,-0.11813,-1.04888,,-0.623469,4.03006
10.4797,2.64566,,1001.61,57.5279,36420.7,,-0.0559204,0.116801,,-1.42673,8.04171
10.4789,2.85392,,1003.9,67.0424,89046.1,,-0.0385052,-0.655169,,-1.45792,8.50611
10.4821,3.52672,,1000.89,49.0329,20123.7,,-0.0809644,-0.120409,,-2.01278,6.76279
10.487,3.99652,,1003.76,28.9166,85889.8,,-0.122375,-0.537893,,-2.28461,4.48008
10.4881,4.42595,,1001.29,38.8421,29132.7,,-0.139696,-0.230722,,-1.66765,5.84108
10.4864,5.06491,,1001.83,66.5907,41498,,-0.107869,-0.231703,,0.364726,8.47414
10.4804,5.39181,,1001.94,46.2101,44088.6,,-0.110921,-0.648851,,1.32308,11.1657
10.4848,6.02915,,999.545,41.2124,-10249.2,,-0.0938398,-0.137618,,1.1195,4.60657
10.4891,6.46345,,1003.17,42.8305,72285,,-0.10584,-0.700461,,1.03679,2.50847
10.4909,6.95633,,1000.33,16.8083,7547.55,,-0.157337,-0.381683,,2.2022,6.77238
10.4906,7.51244,,1000.32,9.03785,7209.05,,-0.191404,-0.425481,,3.88059,6.1343
10.4883,7.94002,,1001.51,3.27766,34267.2,,-0.178758,-0.570005,,3.93878,8.52465
10.4929,8.49218,,999.349,18.261,-14659,,-0.0905791,-0.286297,,2.04705,5.73222
10.4942,8.97487,,1001.3,10.612,29456,,-0.128564,-0.701971,,0.47347,0.141383
10.4964,9.46195,,1000.75,-26.437,17037.4,,-0.233518,-0.51556,,-0.297072,2.43777
10.4995,9.99024,,1000.35,-13.425,7885.41,,-0.213002,-0.36743,,-0.110823,3.72749
10.4973,10.4591,,1000.96,7.25002,21688.8,,-0.119504,-0.568363,,-0.0118505,2.51354
10.4983,10.9761,,999.802,16.6125,-4474.69,,-0.0920701,-0.466194,,-0.980224,0.327698
10.5006,11.4807,,1001.11,16.4026,25159.6,,-0.206256,-0.622651,,-2.18423,-0.462777
10.5035,11.9633,,1001.06,-11.7783,24067.2,,-0.241828,-0.574339,,-1.98085,1.47277
10.5059,12.4779,,1000.1,-4.56899,2358.89,,-0.100889,-0.407144,,-0.60259,0.525013
10.5025,12.9698,,1000.86,35.3711,19465.1,,-0.0404643,-0.576202,,0.07208,0.86596
10.5013,13.4683,,1000.25,22.1413,5551,,-0.135821,-0.654184,,0.184833,2.89646
10.5038,13.9777,,1000.12,-28.4921,2751.19,,-0.219045,-0.614806,,0.510595,1.08688
10.5063,14.4697,,1000.68,-23.2267,15336.2,,-0.164325,-0.477233,,0.59908,-0.247438
10.5106,14.9721,,1000.44,16.6409,9942.07,,-0.040857,-0.492173,,0.183345,-0.200158
10.5073,15.4704,,1000.62,-0.755434,14046,,-0.0378858,-0.707558,,0.207541,-0.445505
10.5017,15.9651,,1000.19,-23.5071,4273.2,,-0.0985637,-0.57262,,1.17375,0.172806
10.503,16.4748,,999.913,1.30541,-1958.01,,-0.12619,-0.496519,,1.90408,0.983387
10.5065,16.9709,,1000.56,-23.5039,12761.9,,-0.143639,-0.712475,,1.69857,2.49025
10.5078,17.4673,,1000.26,-61.9484,5916.81,,-0.13553,-0.550852,,1.32117,2.76573
10.5096,17.9718,,1000.05,-20.8546,1202.5,,-0.0634916,-0.432625,,1.22883,-0.0945881
10.5081,18.4671,,1000.4,2.79359,9132.67,,-0.016927,-0.637882,,1.30188,-1.20244
10.5053,18.9671,,1000.17,-21.2751,3835.71,,-0.0159111,-0.579073,,1.5175,0.914013
10.5032,19.4686,,1000.1,-5.26852,2304.92,,-0.0254703,-0.493783,,1.67951,2.86004
10.5017,19.9671,,1000.01,21.5608,199.737,,-0.0319354,-0.600558,,1.49377,1.66763
10.5007,20.4658,,999.832,14.1082,-3782.41,,-0.0490233,-0.592643,,1.12098,-1.69065
10.5003,20.9699,,1000.32,-3.53554,7128.86,,-0.0556787,-0.572679,,0.837667,-0.281455
10.5001,21.4627,,1000.22,-11.595,4878.58,,-0.031907,-0.61211,,0.486851,3.99557
10.5003,21.9684,,999.654,-0.647636,-7804.4,,-0.0013953,-0.511698,,-0.0552413,1.06686
10.5,22.4645,,1000.34,34.1552,7717.52,,-0.000485926,-0.656026,,-0.344058,-0.420649
10.5,22.9649,,1000.26,-3.84592,5893.62,,-0.00393703,-0.588258,,-0.367993,3.19549
11,-1.5,,1001.84,1.98726,41780.1,,0,0,,0,0
11,-1,,1005.14,28.92,117711,,0,0,,0,0
11,-0.5,,1003.87,85.7076,88449,,0,0,,0,0
11.0059,-0.0328807,,1002.76,71.5793,62861.9,,0.102539,-0.0130646,,1.86401,14.1128
11.0168,0.560802,,1003.8,22.9469,86754.2,,0.0909796,-0.489839,,-0.474776,9.15351
11.0162,0.890981,,1001.64,83.0087,37252.6,,0.0810471,0.385744,,-0.809599,4.33805
11.0236,1.78952,,1002.45,31.1477,55573.6,,0.108935,0.380496,,0.911595,5.0992
11.0256,1.6723,,1003.64,74.7605,82969.5,,0.11813,-1.04888,,0.623469,4.03006
11.0203,2.64566,,1001.61,57.5279,36420.7,,0.0559204,0.116801,,1.42673,8.04171
11.0211,2.85392,,1003.9,67.0424,89046.1,,0.0385052,-0.655169,,1.45792,8.50611
11.0179,3.52672,,1000.89,49.0329,20123.7,,0.0809644,-0.120409,,2.01278,6.76279
11.013,3.99652,,1003.76,28.9166,85889.8,,0.122375,-0.537893,,2.28461,4.48008
11.0119,4.42595,,1001.29,38.8421,29132.7,,0.139696,-0.230722,,1.66765,5.84108
11.0136,5.06491,,1001.83,66.5907,41498,,0.107869,-0.231703,,-0.364726,8.47414
11.0196,5.39181,,1001.94,46.2101,44088.6,,0.110921,-0.648851,,-1.32308,11.1657
11.0152,6.02915,,999.545,41.2124,-10249.2,,0.0938398,-0.137618,,-1.1195,4.60657
11.0109,6.46345,,1003.17,42.8305,72285,,0.10584,-0.700461,,-1.03679,2.50847
11.0091,6.95633,,1000.33,16.8083,7547.55,,0.157337,-0.381683,,-2.2022,6.77238
11.0094,7.51244,,1000.32,9.03785,7209.05,,0.191404,-0.425481,,-3.88059,6.1343
11.0117,7.94002,,1001.51,3.27766,34267.2,,0.178758,-0.570005,,-3.93878,8.52465
11.0071,8.49218,,999.349,18.261,-14659,,0.0905791,-0.286297,,-2.04705,5.73222
11.0058,8.97487,,1001.3,10.612,29456,,0.128564,-0.701971,,-0.47347,0.141383
11.0036,9.46195,,1000.75,-26.437,17037.4,,0.233518,-0.51556,,0.297072,2.43777
11.0005,9.99024,,1000.35,-13.425,7885.41,,0.213002,-0.36743,,0.110823,3.72749
11.0027,10.4591,,1000.96,7.25002,21688.8,,0.119504,-0.568363,,0.0118505,2.51354
11.0017,10.9761,,999.802,16.6125,-4474.69,,0.0920701,-0.466194,,0.980224,0.327698
10.9994,11.4807,,1001.11,16.4026,25159.6,,0.206256,-0.622651,,2.18423,-0.462777
10.9965,11.9633,,1001.06,-11.7783,24067.2,,0.241828,-0.574339,,1.98085,1.47277
10.9941,12.4779,,1000.1,-4.56899,2358.89,,0.100889,-0.407144,,0.60259,0.525013
10.9975,12.9698,,1000.86,35.3711,19465.1,,0.0404643,-0.576202,,-0.07208,0.86596
10.9987,13.4683,,1000.25,22.1413,5551,,0.135821,-0.654184,,-0.184833,2.89646
10.9962,13.9777,,1000.12,-28.4921,2751.19,,0.219045,-0.614806,,-0.510595,1.08688
10.9937,14.4697,,1000.68,-23.2267,15336.2,,0.164325,-0.477233,,-0.59908,-0.247438
10.9894,14.9721,,1000.44,16.6409,9942.07,,0.040857,-0.492173,,-0.183345,-0.200158
10.9927,15.4704,,1000.62,-0.755434,14046,,0.0378858,-0.707558,,-0.207541,-0.445505
10.9983,15.9651,,1000.19,-23.5071,4273.2,,0.0985637,-0.57262,,-1.17375,0.172806
10.997,16.4748,,999.913,1.30541,-1958.01,,0.12619,-0.496519,,-1.90408,0.983387
10.9935,16.9709,,1000.56,-23.5039,12761.9,,0.143639,-0.712475,,-1.69857,2.49025
10.9922,17.4673,,1000.26,-61.9484,5916.81,,0.13553,-0.550852,,-1.32117,2.76573
10.9904,17.9718,,1000.05,-20.8546,1202.5,,0.0634916,-0.432625,,-1.22883,-0.0945881
10.9919,18.4671,,1000.4,2.79359,9132.67,,0.016927,-0.637882,,-1.30188,-1.20244
10.9947,18.9671,,1000.17,-21.2751,3835.71,,0.0159111,-0.579073,,-1.5175,0.914013
10.9968,19.4686,,1000.1,-5.26852,2304.92,,0.0254703,-0.493783,,-1.67951,2.86004
10.9983,19.9671,,1000.01,21.5608,199.737,,0.0319354,-0.600558,,-1.49377,1.66763
10.9993,20.4658,,999.832,14.1082,-3782.41,,0.0490233,-0.592643,,-1.12098,-1.69065
10.9997,20.9699,,1000.32,-3.53554,7128.86,,0.0556787,-0.572679,,-0.837667,-0.281455
10.9999,21.4627,,1000.22,-11.595,4878.58,,0.031907,-0.61211,,-0.486851,3.99557
10.9997,21.9684,,999.654,-0.647636,-7804.4,,0.0013953,-0.511698,,0.0552413,1.06686
11,22.4645,,1000.34,34.1552,7717.52,,0.000485926,-0.656026,,0.344058,-0.420649
11,22.9649,,1000.26,-3.84592,5893.62,,0.00393703,-0.588258,,0.367993,3.19549
11.5,-1.5,,1001.77,4.66223,40181.8,,0,0,,0,0
11.5,-1,,1004.81,39.1206,109996,,0,0,,0,0
11.5,-0.5,,1003.26,101.762,74342.9,,0,0,,0,0
11.4932,-0.0262058,,1002.46,81.7714,56021.5,,0.0159541,-0.0865411,,2.31947,10.8485
11.4893,0.557108,,1003.97,23.7913,90728.2,,-0.0595565,-0.543665,,-1.09696,7.58309
11.4906,0.895533,,1002.25,85.8225,51010,,-0.060662,0.402208,,-1.51931,4.34554
11.486,1.7933,,1002.31,31.7412,52441.5,,-0.04301,0.38182,,1.09783,6.08107
11.4846,1.67262,,1003.55,77.4449,81025.2,,-0.0509548,-1.05515,,0.888768,5.38234
11.4868,2.64048,,1001.48,39.6298,33477.5,,-0.0708615,0.0649043,,0.993605,8.10369
11.4866,2.85719,,1003.72,47.8625,84774.2,,-0.0788703,-0.654498,,0.984122,8.585
11.4886,3.52048,,1000.8,37.6069,18091.5,,-0.0776263,-0.0847682,,1.26174,7.49609
11.4893,3.99537,,1003.17,27.9349,72263.7,,-0.0518804,-0.491257,,1.8361,4.55852
11.4888,4.42399,,1000.7,40.5869,15869.4,,-0.0583177,-0.248839,,1.62025,4.52736
11.4904,5.07119,,1002.07,50.2648,46953.3,,-0.0970827,-0.253191,,-0.214477,6.48971
11.4909,5.39502,,1002.65,21.0688,60252.5,,-0.116472,-0.672224,,-1.23465,10.1071
11.4915,6.02372,,1000.05,14.0751,1190.33,,-0.106757,-0.137746,,-1.41486,5.2341
11.4902,6.46118,,1003,30.5923,68331.4,,-0.0952013,-0.647644,,-0.93457,2.12449
11.4921,6.95535,,1000.61,33.6777,13739.9,,-0.0590423,-0.326562,,-1.88136,4.73024
11.4957,7.51563,,1001.42,39.7335,32186.8,,-0.0181424,-0.410448,,-3.49413,5.00975
11.4946,7.93916,,1002.45,16.9206,55624.4,,-0.0587491,-0.666568,,-3.37353,9.78521
11.4943,8.49093,,999.835,13.2938,-3727.98,,-0.123595,-0.317434,,-1.27487,8.25098
11.4958,8.97431,,1001.43,32.7914,32355.1,,-0.0808633,-0.563467,,0.501564,1.72443
11.4958,9.45712,,1000.44,35.1516,9835.21,,0.0265266,-0.438711,,0.998348,2.51361
11.4954,9.99152,,999.861,38.1354,-3137.95,,0.012339,-0.474287,,0.297153,3.15281
11.4974,10.4617,,1000.98,14.4776,22197.8,,-0.104866,-0.697544,,0.107142,2.96906
11.4999,10.9745,,999.965,14.6285,-791.19,,-0.118272,-0.382478,,1.43279,2.17877
11.4979,11.4772,,1000.29,54.3507,6533.34,,-0.00375993,-0.470859,,2.43814,0.176371
11.4967,11.9603,,999.755,37.6335,-5515.25,,0.0345135,-0.657415,,1.36929,-0.183945
11.4998,12.4811,,999.471,-3.74106,-11914.1,,-0.0763888,-0.576238,,-0.284247,-0.864741
11.5009,12.9732,,1000.81,5.97932,18382,,-0.146986,-0.538772,,-0.0799331,0.935808
11.5008,13.4667,,1000.28,28.9827,6324.92,,-0.043368,-0.486739,,0.626104,2.72986
11.5016,13.9756,,1000.05,21.6217,1133.39,,0.0490277,-0.59119,,-0.364771,0.196386
11.5017,14.4645,,1000.1,7.09514,2355.48,,-0.0142478,-0.635401,,-1.58327,-0.205862
11.5005,14.9711,,999.36,8.39289,-14402.9,,-0.0866043,-0.567848,,-0.999522,0.640926
11.502,15.4778,,1000.08,-3.92853,1777.13,,-0.0378745,-0.626886,,0.0782097,-0.834089
11.504,15.9686,,1000.67,2.37306,15084.4,,0.0150512,-0.513046,,-0.322222,-1.20718
11.5032,16.4702,,1000.46,38.7091,10434.4,,-0.000588798,-0.488796,,-1.37933,0.445024
11.5016,16.9684,,1000.35,17.5971,7816,,-0.00416954,-0.68951,,-1.6544,2.93581
11.5027,17.4659,,999.741,-18.6126,-5848.84,,0.0243599,-0.589949,,-1.32462,3.11415
11.5041,17.9716,,999.753,12.2826,-5558.16,,0.0142407,-0.507879,,-1.05852,-0.0584241
11.5036,18.4694,,1000.19,21.6794,4363.34,,-0.00530372,-0.652932,,-1.10245,-1.39394
11.5032,18.9695,,1000.13,-2.72808,2932.64,,0.0191669,-0.554958,,-1.54173,0.544305
11.5031,19.4698,,1000.34,16.4416,7758.91,,0.0291989,-0.491601,,-1.98258,2.84037
11.502,19.9676,,1000.25,42.5273,5641.53,,0.00733377,-0.594717,,-1.71091,2.2238
11.5012,20.4662,,999.974,41.3112,-592.221,,0.018328,-0.566432,,-1.09907,-1.21021
11.5014,20.9701,,1000.5,26.385,11262.8,,0.0375407,-0.584124,,-0.850285,0.0199598
11.501,21.4623,,1000.34,3.56575,7638.8,,0.00601865,-0.661291,,-0.696019,4.54106
11.5002,21.9681,,999.617,0.0526103,-8626.39,,-0.0242464,-0.541461,,-0.291134,1.61464
11.5004,22.4661,,999.797,8.51901,-4572.89,,-0.00419437,-0.578747,,0.0166411,-3.94202
11.5009,22.9648,,1000.29,7.89837,6469.84,,0.0177232,-0.603502,,0.122031,3.44218
12,-1.5,,1001.72,5.12123,38989.9,,0,0,,0,0
12,-1,,1004.61,40.8869,105418,,0,0,,0,0
12,-0.5,,1003.01,102.337,68585.4,,0,0,,0,0
12.002,-0.0327061,,1002.17,78.1222,49268.6,,-0.0450152,-0.103398,,0.224268,8.93025
11.9999,0.563012,,1004.13,19.5255,94233.2,,-0.00700083,-0.505254,,-0.034204,6.5169
12.0024,0.889616,,1001.83,80.7748,41580.7,,0.0182305,0.403122,,0.0172987,4.96339
11.9969,1.78769,,1001.83,35.5824,41413.4,,-0.0213982,0.369497,,-1.07356,6.07573
11.9975,1.67087,,1003.12,81.8781,71023.3,,-0.0192917,-1.03975,,-0.887291,5.65216
12.0008,2.64791,,1001.09,45.3218,24738.9,,0.041459,0.0950633,,-1.96286,7.62587
11.9997,2.85324,,1003.52,51.5751,80215.4,,0.0530735,-0.683428,,-2.06166,8.4954
12.0009,3.52847,,1000.46,38.3776,10378,,0.0228958,-0.091486,,-1.89953,7.70506
12.0053,3.99514,,1003.36,30.2146,76650.9,,-0.0113904,-0.514014,,-1.83215,5.2436
12.0066,4.42523,,1000.53,39.0482,12056.6,,-0.00891134,-0.253172,,-0.644448,5.06716
12.0031,5.06706,,1001.79,53.3609,40705.4,,0.0199094,-0.271645,,1.10488,5.91939
11.9982,5.39357,,1002.48,24.8608,56391.3,,0.0245145,-0.660246,,1.1823,9.24414
11.9999,6.02675,,999.598,8.99116,-9063.77,,0.032914,-0.132293,,0.179552,5.37689
12.0027,6.46177,,1002.7,17.2112,61309.5,,0.00175631,-0.685862,,0.590047,2.88447
12.0051,6.96124,,1000.48,15.94,10756.9,,-0.0493401,-0.307999,,2.57808,5.0222
12.0036,7.51223,,1001.47,28.6402,33299.2,,-0.0710824,-0.428369,,4.02441,4.85587
11.9991,7.93721,,1002.29,6.11862,51973.6,,-0.0577504,-0.674218,,3.63881,9.97279
12.0009,8.49439,,999.407,-3.68932,-13353.9,,0.00745435,-0.304216,,2.24227,8.84373
12.0034,8.9757,,1001.42,18.7789,32228.9,,-0.0187963,-0.563339,,1.65909,1.97254
12.0054,9.45988,,1000.7,25.7504,15788.2,,-0.111121,-0.416515,,1.14364,1.95607
12.0054,9.99034,,1000.25,28.303,5625.26,,-0.104965,-0.503748,,0.555072,2.52556
12.0034,10.4627,,1001.47,-2.98698,33250,,-0.0170814,-0.718189,,0.392316,3.29833
12.0031,10.976,,1000.21,-12.0111,4760.55,,-0.00422259,-0.369551,,0.00238701,2.57862
12.003,11.4768,,1000.54,31.1703,12224.9,,-0.12444,-0.466588,,-1.24672,-0.733442
12.0068,11.9653,,1000.62,20.3816,13953.3,,-0.146022,-0.635554,,-2.15197,-1.36436
12.0098,12.4812,,1000.7,-27.8266,15887.1,,-0.0165975,-0.591575,,-1.23556,-0.324307
12.0041,12.9687,,1001.4,-29.6835,31718.3,,0.0179527,-0.550455,,0.567601,2.60026
11.9996,13.4685,,1000.23,1.36888,5269.13,,-0.0762302,-0.452489,,1.66748,2.93379
12.0028,13.9792,,1000.57,9.58909,12994.2,,-0.136108,-0.601482,,1.37643,-1.44768
12.0078,14.4671,,1001.55,-9.77203,35234.2,,-0.102433,-0.644971,,0.270162,-1.07771
12.011,14.9712,,1000.68,-18.9103,15416.1,,-0.00831309,-0.507899,,-0.0811692,1.76046
12.0049,15.4742,,1000.61,-19.2967,13684.3,,0.0210689,-0.586716,,1.09265,0.485481
11.9994,15.9672,,1000.88,-2.73531,19969.5,,-0.0246003,-0.555312,,2.47567,-1.25665
12.0007,16.4716,,1000.77,21.6288,17306.8,,-0.103137,-0.547704,,2.46258,-0.336777
12.0041,16.9703,,1000.94,-10.4897,21288.3,,-0.137041,-0.676521,,1.82546,2.71326
12.0063,17.4701,,1000.76,-39.9831,17164,,-0.0983964,-0.526078,,1.96317,3.49
12.008,17.972,,1000.86,-4.50534,19538.9,,-0.0425209,-0.484152,,2.54792,0.182253
12.0051,18.466,,1000.96,5.95948,21658.9,,-0.0268686,-0.635802,,2.41354,-1.77172
12.0024,18.9677,,1000.56,-12.6841,12707.9,,-0.0148753,-0.534195,,1.46869,-0.278372
12.0017,19.4682,,1000.63,6.05863,14328.7,,-0.0258251,-0.520425,,0.617597,2.49326
12.0008,19.9655,,1000.33,24.7659,7492.35,,-0.062173,-0.622723,,0.476332,2.61943
12.0001,20.4659,,999.886,27.9998,-2567.32,,-0.0666207,-0.543443,,0.700511,-0.912401
12.0009,20.9705,,1000.5,24.1742,11342.7,,-0.0390823,-0.57584,,0.589126,-0.175375
12.0011,21.4616,,1000.42,0.179322,9592.34,,-0.0341317,-0.683937,,0.0936471,4.33462
12.0007,21.9687,,999.602,-10.6536,-8962.16,,-0.025402,-0.490431,,-0.359374,1.61318
12.0011,22.4647,,1000.2,24.829,4521.72,,0.00650752,-0.641569,,-0.394151,-1.0454
12.0014,22.9649,,1000.26,8.92189,5767.31,,0.0245293,-0.599914,,-0.283468,3.15045
12.5,-1.5,,1001.78,4.19406,40316.5,,0,0,,0,0
12.5,-1,,1004.87,37.265,111390,,0,0,,0,0
12.5,-0.5,,1003.51,94.8791,80058.2,,0,0,,0,0
12.5064,-0.0281229,,1002.99,69.8918,68150.6,,0.0372939,-0.0542265,,1.55261,9.99329
12.5119,0.561236,,1004.46,18.82,101957,,0.118669,-0.470106,,4.12056,7.49109
12.5115,0.891032,,1002.47,89.2184,56051.5,,0.111568,0.396263,,4.32901,4.25523
12.5235,1.79208,,1003.03,40.8821,68900.7,,0.112383,0.370252,,1.82265,4.83351
12.5256,1.67309,,1004.1,85.0609,93622.7,,0.131556,-1.06754,,2.14856,4.04458
12.5188,2.64339,,1002.47,56.3459,56138.9,,0.0939618,0.122842,,1.50846,7.88322
12.5184,2.85399,,1004.5,67.4935,102950,,0.0934533,-0.647712,,1.60279,8.65346
12.5134,3.52515,,1001.57,55.7887,35612.9,,0.113961,-0.118101,,0.385603,7.23289
12.5092,3.99724,,1004.18,39.1009,95510.8,,0.123017,-0.521118,,-0.62331,5.20691
12.5083,4.42361,,1001.48,50.9201,33539.9,,0.129329,-0.229292,,-0.61698,6.77414
12.5084,5.06638,,1001.91,80.612,43431.5,,0.159766,-0.217091,,1.14711,7.03956
12.5133,5.39317,,1002.38,63.7439,54016.5,,0.19716,-0.633897,,1.47569,8.99617
12.5097,6.02543,,1000.18,50.6185,4003.57,,0.158341,-0.179758,,0.34662,4.57762
12.5082,6.4634,,1003.2,36.7695,72918,,0.142643,-0.726141,,0.0581987,4.15726
12.5035,6.95654,,1000.35,9.51304,7848.12,,0.118202,-0.366882,,1.72178,7.55884
12.4998,7.51139,,1000.48,14.4824,10809.8,,0.0913104,-0.401495,,2.9142,5.03763
12.5041,7.93742,,1001.44,10.4159,32726,,0.147383,-0.591911,,1.51859,7.88664
12.5023,8.49241,,999.114,18.6515,-19929.3,,0.184831,-0.299385,,-0.806579,7.25524
12.4995,8.97616,,1001.02,10.7065,23197.9,,0.142879,-0.674156,,-1.23603,1.67819
12.4975,9.45895,,1000.42,-16.3949,9414.33,,0.0350979,-0.515139,,-0.780829,1.81688
12.4976,9.99041,,1000.14,4.81356,3078.28,,0.0586424,-0.376512,,-0.408638,2.47758
12.4972,10.4606,,1000.86,18.1919,19530.9,,0.209272,-0.585613,,-0.569082,2.84821
12.4926,10.9731,,999.331,12.0467,-15059.4,,0.203336,-0.485231,,-1.94733,1.06969
12.4953,11.4798,,1000.32,17.1918,7290.3,,0.0847676,-0.595105,,-2.94921,-1.61003
12.4958,11.966,,1000.81,4.16964,18312,,0.0669917,-0.55871,,-1.60284,-0.200509
12.4905,12.4779,,1000.32,-4.95088,7339.14,,0.166648,-0.457692,,0.295217,1.19957
12.4921,12.9661,,1000.38,8.05255,8639.91,,0.21531,-0.599171,,-0.290668,2.89862
12.4934,13.4669,,999.039,15.3174,-21614.4,,0.119977,-0.59072,,-1.48094,3.20466
12.491,13.9812,,999.472,4.61867,-11885.3,,0.0797399,-0.592821,,-0.112427,-0.799736
12.4903,14.4705,,1000.75,-6.93832,17018.1,,0.146032,-0.559261,,1.32904,-1.60046
12.4896,14.9691,,1000.16,-7.72696,3564.6,,0.124796,-0.504082,,0.0422346,0.983247
12.4903,15.4701,,999.706,-11.9221,-6637.89,,0.0486408,-0.629421,,-1.3662,1.27112
12.4923,15.9668,,999.427,-2.25779,-12911.7,,0.0474211,-0.58863,,-0.801475,-0.222669
12.4938,16.4744,,999.516,13.7153,-10910.1,,0.0986777,-0.566615,,-0.153662,-0.54044
12.4937,16.9711,,1000.07,-29.1779,1544.25,,0.108286,-0.682921,,-0.457419,2.4676
12.4904,17.4687,,999.672,-64.6242,-7393.45,,0.0647823,-0.522363,,-0.234673,4.17219
12.4871,17.9709,,999.461,-28.0624,-12132.6,,0.0128468,-0.489055,,0.514842,0.608351
12.4903,18.4661,,999.686,-14.0973,-7079.35,,-0.00869126,-0.647172,,0.559039,-2.40501
12.494,18.9687,,999.661,-28.4556,-7644.11,,-0.0238356,-0.540131,,0.179614,-1.12083
12.4964,19.47,,1000.05,-10.0802,1096.42,,-0.0152238,-0.528713,,0.115038,2.15656
12.4989,19.9665,,999.956,2.2573,-1001.26,,0.0011105,-0.631591,,0.266829,2.73681
12.5003,20.4665,,999.612,4.68413,-8740.74,,0.00346792,-0.530957,,0.555096,-0.718836
12.5002,20.9711,,1000.3,9.78819,6682.41,,0.00543854,-0.556607,,0.714626,-0.426475
12.5006,21.4618,,1000.3,-6.33805,6698.56,,0.0166238,-0.676335,,0.477416,3.83415
12.5009,21.9681,,999.551,-13.2526,-10110.8,,0.0157691,-0.485935,,0.352688,1.40277
12.5008,22.4632,,1000.55,43.2173,12399.2,,0.00802204,-0.699517,,0.618133,1.46681
12.501,22.9648,,1000.22,-1.58282,4992.14,,0.00183695,-0.578422,,0.72046,2.69927
13,-1.5,,1001.79,4.7778,40563.3,,0,0,,0,0
13,-1,,1004.89,39.6436,111917,,0,0,,0,0
13,-0.5,,1003.41,97.5498,77763.7,,0,0,,0,0
12.9901,-0.0282688,,1002.28,66.99,51757.3,,-0.00736417,-0.0539285,,2.42648,12.0675
12.9758,0.554489,,1003.29,4.94804,75077.2,,-0.152783,-0.524933,,2.79014,8.06393
12.9808,0.895499,,1000.98,72.0656,22242.1,,-0.149471,0.4201,,2.54055,4.23455
12.9703,1.79346,,1001.92,26.7233,43620.4,,-0.128887,0.366184,,3.23793,4.33871
12.9672,1.67356,,1003,70.8154,68220.2,,-0.148784,-1.06999,,3.23707,3.41018
12.972,2.63917,,1001.04,32.321,23468.7,,-0.173132,0.0796572,,3.10135,7.71012
12.9714,2.85588,,1003.06,41.2307,69653.9,,-0.189044,-0.642851,,2.7074,7.99129
12.9783,3.52138,,999.901,32.6732,-2228.3,,-0.1592,-0.110369,,0.286705,5.54238
12.98,3.99572,,1003.05,23.0199,69493.6,,-0.142341,-0.514829,,-0.752677,4.34032
12.9813,4.42358,,1000.51,31.8733,11417.3,,-0.16547,-0.248444,,-1.34792,6.67134
12.9842,5.06964,,1001.22,52.8455,27631.5,,-0.217353,-0.21064,,-1.45071,7.93911
12.9812,5.39514,,1001.68,35.6963,38029,,-0.25926,-0.646778,,-1.07829,9.13888
12.9856,6.02689,,999.742,38.4457,-5814.01,,-0.206822,-0.158185,,-0.867686,3.90019
12.9869,6.46051,,1003.14,40.2017,71407.5,,-0.156251,-0.696381,,-1.19113,4.16135
12.9881,6.95267,,999.943,16.1343,-1286.93,,-0.102992,-0.374123,,-1.64447,8.04288
12.991,7.51604,,1000.1,11.6679,2338.69,,-0.110656,-0.398477,,-2.4059,4.26227
12.9934,7.94221,,1001.85,7.54827,41914.1,,-0.159811,-0.581029,,-2.99428,6.42244
12.9979,8.49068,,1000.04,24.718,983.668,,-0.153355,-0.298488,,-2.30421,7.09302
12.9951,8.97217,,1001.35,11.5812,30551.9,,-0.140423,-0.704999,,-1.37405,2.52884
12.9947,9.46052,,1000.33,-27.6723,7426.55,,-0.0859104,-0.515585,,-0.621783,2.63194
12.9989,9.99316,,1000.2,4.7684,4580.88,,-0.0643499,-0.319678,,-0.0482673,2.78788
12.9992,10.4587,,1001.02,37.5024,23161,,-0.137394,-0.559774,,0.234867,2.37629
13.0031,10.9754,,999.884,36.0625,-2613.74,,-0.132754,-0.499377,,0.353526,0.232462
13.0051,11.4816,,1001.14,29.432,25790.6,,-0.0496598,-0.596468,,0.90369,-0.609018
13.0012,11.9598,,1000.78,15.7176,17587.5,,-0.0274428,-0.552108,,2.54899,2.18593
13.0004,12.4783,,999.587,22.4854,-9302.91,,-0.0922781,-0.447292,,3.11403,0.801618
13.0066,12.9746,,1000.91,42.5839,20536,,-0.124228,-0.600072,,0.719575,-0.185632
13.0127,13.4684,,1000.88,39.8295,19925.4,,-0.0567115,-0.58359,,-1.79736,2.5886
13.0091,13.9752,,1000.2,22.3523,4599.08,,-0.00189086,-0.552073,,-1.35858,1.65739
13.0034,14.4664,,1000.01,15.441,296.288,,-0.0161854,-0.574063,,-0.0442722,-1.07614
13.006,14.9726,,999.938,12.671,-1394.91,,-0.0557027,-0.591537,,-0.982042,-1.38803
13.0123,15.4757,,1000.69,-5.24611,15692.5,,-0.0764815,-0.651171,,-2.69617,0.206301
13.0121,15.9687,,1000.61,7.10056,13739.5,,-0.0323489,-0.49328,,-2.51175,0.669919
13.01,16.4731,,1000.5,41.0098,11244.2,,0.040809,-0.500223,,-1.95419,-0.541361
13.0088,16.9682,,1000.82,2.84239,18458.9,,0.036745,-0.717701,,-2.86756,1.733
13.0088,17.4643,,999.89,-42.0427,-2477.34,,0.00497326,-0.58615,,-3.86408,4.30178
13.0105,17.9724,,999.54,-6.85579,-10370.1,,0.0291143,-0.503586,,-3.74684,1.19526
13.0128,18.4708,,1000.25,10.4137,5611.22,,0.0589992,-0.650856,,-2.84201,-1.87149
13.0114,18.9698,,1000.4,-4.80139,8971.07,,0.0578269,-0.536336,,-1.49705,-0.396794
13.0077,19.4699,,1000.55,12.3339,12398.5,,0.0631664,-0.502452,,-0.494725,2.70212
13.0057,19.9673,,1000.39,22.4864,8907.7,,0.0717025,-0.624245,,-0.182599,3.06109
13.0047,20.4657,,999.992,16.8004,-179.285,,0.046271,-0.553253,,0.0829334,-0.348795
13.003,20.9701,,1000.44,15.8222,9864.83,,0.015667,-0.563731,,0.320017,-0.403792
13.0025,21.462,,1000.34,0.0491626,7728.94,,0.0170751,-0.673476,,0.0291832,3.61045
13.0025,21.9683,,999.586,-6.53258,-9323.69,,0.0117193,-0.522854,,-0.0175049,1.79223
13.0015,22.4651,,999.903,18.6546,-2189.17,,-0.0152754,-0.617061,,0.605665,-2.44149
13.0009,22.9645,,1000.23,-4.13121,5108.55,,-0.0212332,-0.575953,,0.977189,2.55612
13.5,-1.5,,1001.78,6.55904,40386.1,,0,0,,0,0
13.5,-1,,1004.82,47.4192,110451,,0,0,,0,0
13.5,-0.5,,1003.3,112.48,75140,,0,0,,0,0
13.5115,-0.0364327,,1002.32,82.5992,52680.9,,0.112636,-0.144566,,0.656946,10.7323
13.5262,0.567376,,1003.86,9.33961,88046.7,,0.140835,-0.500127,,-2.68891,6.49527
13.5292,0.887366,,1001.67,67.8581,37907.6,,0.144102,0.394824,,-3.50621,4.01812
13.5284,1.78824,,1002.03,48.6283,46187.4,,0.171452,0.384004,,-1.9208,5.74049
13.5327,1.67042,,1003.34,92.259,76110.9,,0.175315,-1.0253,,-2.41233,5.03019
13.5305,2.65109,,1001.22,39.5685,27581.9,,0.181389,0.0842609,,-1.51105,6.2978
13.5311,2.85243,,1003.64,38.2944,82948.8,,0.181909,-0.695245,,-2.04136,6.47858
13.5287,3.52988,,1001.02,30.4085,23013.4,,0.179441,-0.0563085,,-1.33006,5.38404
13.5308,3.99526,,1004,33.041,91254.3,,0.194395,-0.523714,,0.126862,4.70613
13.5324,4.42592,,1001.66,40.3435,37542.7,,0.209178,-0.271808,,0.974885,6.40069
13.5279,5.06413,,1002.49,38.693,56630.8,,0.177435,-0.297126,,-0.161927,7.31201
13.5234,5.39122,,1002.66,10.2735,60510.9,,0.155506,-0.659418,,-0.777994,9.56264
13.5178,6.02967,,999.871,14.5123,-2901.94,,0.142459,-0.0863984,,-0.529679,4.39265
13.5203,6.46212,,1003.46,41.0802,78966.4,,0.17458,-0.648826,,0.163568,3.93917
13.5239,6.95684,,1001.02,39.1156,22992.4,,0.185926,-0.340369,,0.416383,7.42286
13.5197,7.51257,,1001.5,27.1768,33991.6,,0.157676,-0.476762,,0.46414,4.00569
13.5139,7.94185,,1002.92,3.47839,66354.2,,0.123769,-0.63828,,1.42573,7.62378
13.51,8.49176,,1000.44,9.88833,9926.05,,0.0823164,-0.27829,,2.82597,8.45513
13.5124,8.97169,,1001.79,23.2218,40713.6,,0.125139,-0.624509,,2.97258,2.74929
13.514,9.46288,,1000.98,11.8173,22080.6,,0.207798,-0.438058,,1.8445,2.3786
13.5086,9.99032,,1000.63,22.3415,14146.7,,0.153099,-0.446311,,1.25127,3.16012
13.5072,10.4594,,1001.47,11.3694,33307.5,,0.00862467,-0.687743,,2.16668,3.3234
13.5076,10.9786,,1000.51,-1.74177,11412.9,,-0.0194115,-0.407722,,3.71271,1.04396
13.5041,11.4786,,1001.5,21.7645,33899,,0.0872741,-0.494085,,4.05781,-0.140694
13.5042,11.9593,,1000.73,15.7526,16444.2,,0.0971383,-0.608026,,2.62236,2.29875
13.5057,12.48,,999.601,-5.58908,-8987.26,,-0.0138731,-0.549282,,1.771,0.213018
13.5023,12.9767,,1001.47,2.87056,33362.4,,-0.0273045,-0.56587,,2.91802,-1.62861
13.4991,13.4696,,1001.69,9.02853,38332.7,,0.0318975,-0.502575,,3.09721,1.2953
13.4989,13.9719,,1000.85,-4.05685,19143.7,,-0.0153866,-0.581305,,1.10595,1.41343
13.5018,14.4669,,1000.53,-9.76627,11974.8,,-0.0706508,-0.594455,,-0.198894,-1.05808
13.5051,14.9769,,1000.75,-1.1569,16949.4,,0.0176467,-0.549626,,0.281093,-1.9653
13.5013,15.4739,,1001.59,-12.5766,36014.5,,0.0920425,-0.634696,,1.03296,0.130884
13.4953,15.9653,,1001,-7.17026,22680.5,,0.0310484,-0.495611,,1.50516,1.49923
13.4936,16.473,,1000.55,25.4405,12344.1,,-0.0681668,-0.517445,,2.11792,-0.556602
13.4979,16.9703,,1001.42,-5.72476,32131.8,,-0.081797,-0.738113,,2.13556,0.43795
13.5025,17.4684,,1001.21,-41.3322,27486.1,,-0.040935,-0.541178,,1.20092,3.37502
13.5045,17.9742,,1001.02,2.70036,23099.1,,0.0178036,-0.437396,,0.692264,1.54284
13.5006,18.4677,,1001.37,23.8114,30986.5,,0.0295142,-0.642402,,1.13607,-0.667455
13.4969,18.9653,,1000.8,3.18518,17999.1,,-0.00439094,-0.562183,,1.43927,0.44771
13.4962,19.4674,,1000.36,15.7776,8141.14,,-0.0392522,-0.511873,,0.744038,2.60269
13.498,19.967,,1000.19,25.5805,4371.49,,-0.0421552,-0.636541,,-0.183593,2.83862
13.4994,20.4652,,999.874,14.1333,-2831.6,,-0.0484725,-0.583055,,-0.196856,-0.065253
13.5004,20.9701,,1000.27,8.60212,6110.54,,-0.0459619,-0.564037,,0.133399,-0.527143
13.5018,21.4628,,1000.36,-2.70612,8023.76,,-0.016456,-0.652723,,-0.347703,2.96288
13.5027,21.968,,999.819,-7.45163,-4091.16,,0.0038784,-0.513315,,-0.981754,2.19311
13.5025,22.4656,,999.815,7.87109,-4170.21,,-0.00698991,-0.592552,,-0.720044,-2.36624
13.5018,22.9642,,1000.19,4.33967,4364.37,,-0.00882761,-0.596039,,-0.244963,2.2452
14,-1.5,,1001.73,6.14802,39315.1,,0,0,,0,0
14,-1,,1004.66,46.1595,106536,,0,0,,0,0
14,-0.5,,1003.04,111.391,69199.2,,0,0,,0,0
13.9904,-0.0224108,,1002.56,82.7479,58261.5,,-0.0600558,-0.0875035,,1.03,8.50307
13.9823,0.557094,,1004.4,14.4665,100585,,0.012394,-0.550421,,0.47984,5.29366
13.9833,0.89476,,1002.88,81.9392,65645.3,,0.000735704,0.410486,,0.179822,3.01153
13.9905,1.79072,,1002.68,61.1335,61035.3,,-0.00361548,0.39072,,0.520562,6.59011
13.9892,1.67442,,1003.91,102.222,89376.7,,0.00142177,-1.01792,,0.50469,6.00163
13.9871,2.64012,,1001.96,57.5453,44522.1,,-0.002897,0.0502806,,0.537563,6.21194
13.9852,2.85701,,1004.34,58.0148,99218.3,,-0.000874912,-0.673443,,0.679546,6.21887
13.9817,3.52016,,1001.7,50.4344,38584.4,,-0.0327672,-0.0845947,,1.25092,7.18372
13.9757,3.99694,,1003.44,49.5428,78424.2,,-0.0416741,-0.489901,,2.56205,6.1849
13.9729,4.42294,,1000.73,63.7508,16576.9,,-0.0350278,-0.262684,,2.90699,6.63368
13.9783,5.06743,,1001.89,70.1433,42785.4,,0.047443,-0.244796,,2.15399,6.0376
13.9854,5.39009,,1002.29,41.2436,52123.1,,0.0913282,-0.681878,,1.03892,8.15519
13.9839,6.0222,,999.656,28.7949,-7755.37,,0.00391398,-0.157189,,-0.533894,4.70086
13.9802,6.46575,,1002.61,37.8053,59446.5,,-0.0647024,-0.648237,,-0.0296231,4.97548
13.9776,6.95596,,1000.03,33.7094,683.471,,-0.107408,-0.361585,,1.10989,8.09719
13.9809,7.51113,,1000.53,34.163,11983,,-0.0458717,-0.436933,,2.05235,4.69717
13.9809,7.93511,,1001.29,13.419,29135.4,,0.0156735,-0.652538,,1.87231,7.99035
13.9778,8.49101,,998.276,11.5178,-38705.7,,-0.0182009,-0.301063,,0.720053,8.30175
13.9832,8.97806,,1000.23,30.1591,5231.81,,-0.0275019,-0.573164,,-0.0675751,1.73644
13.9839,9.45749,,999.991,35.7089,-204.637,,-0.0406298,-0.45632,,-0.954322,0.978574
13.9821,9.98803,,999.514,37.202,-10960.5,,-0.0368217,-0.4973,,-1.87895,3.06748
13.9845,10.4612,,1000.03,-4.89856,632.757,,0.00645124,-0.72478,,-1.94052,4.46
13.9828,10.9743,,998.619,-26.0648,-31022.5,,0.0123949,-0.396574,,-1.13886,1.94842
13.9818,11.4783,,999.443,19.8242,-12546.6,,-0.00908233,-0.466799,,-1.58059,-1.64593
13.9867,11.9645,,999.668,21.5913,-7475.27,,-0.015443,-0.643567,,-4.07423,-0.105996
13.9909,12.4798,,999.293,-13.9783,-15913.8,,0.0199776,-0.548951,,-4.98431,1.28664
13.9864,12.9686,,999.582,-12.1731,-9429.4,,0.0638398,-0.528946,,-2.33881,1.164
13.9803,13.4667,,998.578,2.38975,-31943.9,,0.0391958,-0.548923,,-0.260379,0.798561
13.9877,13.9799,,999.037,-12.8625,-21661.1,,0.00807843,-0.644748,,-1.38277,-0.91473
13.9939,14.4708,,1000.05,-20.5646,1068.4,,0.00997718,-0.554039,,-2.1265,-1.08369
13.9886,14.9719,,999.646,5.46764,-7975.09,,0.0507312,-0.453567,,-0.687252,-0.527632
13.9862,15.4705,,999.599,5.41814,-9039.68,,0.0606803,-0.652865,,-0.404238,0.203681
13.9918,15.9649,,998.918,-8.55874,-24325.3,,0.00328338,-0.620459,,-1.66366,1.41045
13.9944,16.476,,998.707,5.49947,-29070.9,,-0.0166517,-0.541671,,-0.902652,0.859842
13.9942,16.9739,,999.791,-18.0768,-4712.1,,0.0486337,-0.679785,,1.46725,1.3005
13.9923,17.4687,,999.661,-47.555,-7638.34,,0.054623,-0.530173,,2.26978,2.8204
13.9885,17.971,,999.236,-13.8163,-17194.5,,-0.0404055,-0.470621,,1.53069,1.20162
13.9902,18.467,,999.431,-2.05526,-12809,,-0.0859523,-0.671528,,0.966694,-0.839915
13.9961,18.9683,,999.265,-25.3406,-16553.3,,-0.0764496,-0.587006,,0.153381,-0.597643
14.0013,19.4716,,999.614,-9.50154,-8692.81,,-0.0552915,-0.507742,,-1.14746,1.20052
14.0032,19.9696,,999.982,5.16254,-396.545,,-0.0296252,-0.614202,,-1.72395,2.49762
14.0029,20.4661,,999.736,-3.61675,-5963.15,,-0.00699745,-0.569885,,-1.05016,0.692642
14.0023,20.9711,,1000.06,-5.62664,1441.12,,-0.000233749,-0.542433,,-0.0546167,-0.128911
14.0022,21.4639,,1000.29,-8.62962,6445.28,,0.00978983,-0.624179,,0.411927,2.53946
14.0022,21.9671,,999.984,-6.39939,-360.607,,0.0149303,-0.531527,,0.270421,2.06293
14.0023,22.4642,,1000.3,20.6148,6799.51,,0.00822866,-0.634541,,-0.0874411,1.10505
14.0028,22.9639,,1000.18,8.5339,4046.8,,0.00372456,-0.604513,,-0.315267,2.30383
14.5,-1.5,,1001.74,4.42318,39380.6,,0,0,,0,0
14.5,-1,,1004.66,38.3891,106593,,0,0,,0,0
14.5,-0.5,,1003.12,93.8723,71151.6,,0,0,,0,0
14.5044,-0.031193,,1001.95,58.0831,44213.8,,-0.0470019,-0.0364458,,1.28235,10.3779
14.4992,0.557733,,1003.69,-12.2026,84143.8,,-0.098168,-0.514842,,3.4323,5.7318
14.5077,0.891263,,1001.29,49.1254,29151.4,,-0.0571808,0.405599,,3.81814,3.60963
14.4889,1.79029,,1001.76,20.1154,39949,,-0.176696,0.361484,,2.24415,5.95932
14.4894,1.67067,,1003.07,64.6333,70005.9,,-0.17564,-1.06014,,2.53027,5.17889
14.4963,2.64445,,1000.74,37.5763,16799.9,,-0.0979977,0.090668,,1.48862,6.20927
14.4973,2.85725,,1003.32,44.8478,75728.1,,-0.0839457,-0.648045,,1.44471,6.40812
14.506,3.52332,,1000.03,35.7722,669.476,,-0.0483227,-0.120466,,0.330653,6.29651
14.5107,3.99141,,1002.83,28.7531,64471.2,,-0.0919727,-0.545619,,-1.60216,5.67856
14.5116,4.42433,,999.809,35.755,-4316.68,,-0.112277,-0.235416,,-2.346,6.39303
14.5073,5.07104,,1001.01,57.4253,22854.5,,-0.144189,-0.207338,,-1.37251,6.1469
14.5049,5.39793,,1001.98,34.3431,44969.3,,-0.154826,-0.649127,,-0.364031,7.5555
14.5162,6.02601,,1000.26,19.8342,5847.02,,-0.0527462,-0.193978,,0.162057,3.86688
14.5138,6.45695,,1003.32,12.4901,75585.3,,-0.089877,-0.740591,,-0.815131,5.31472
14.5098,6.9586,,999.788,-10.9134,-4790.39,,-0.108126,-0.325276,,-0.844571,9.14206
14.5134,7.51667,,1000.47,13.1656,10597.3,,-0.0659977,-0.35723,,-0.665989,4.3551
14.5181,7.93725,,1002.14,16.7209,48489.8,,-0.0443417,-0.606044,,-1.50189,6.53469
14.5226,8.49262,,999.814,11.8665,-4201.74,,-0.0181205,-0.339164,,-2.27122,7.34249
14.5167,8.97697,,1001.61,2.25821,36581.7,,-0.0931399,-0.647376,,-1.85855,2.04789
14.5155,9.45958,,1001.09,-2.99679,24688.5,,-0.126836,-0.443091,,-0.0433506,1.44242
14.5199,9.99147,,1000.94,24.3078,21374.7,,-0.0602779,-0.405692,,0.512458,2.1536
14.5199,10.4629,,1001.94,12.0115,43914.8,,0.0228457,-0.633721,,-0.835695,3.87816
14.5217,10.974,,1000.35,-1.19672,7888.48,,0.0543782,-0.424785,,-1.723,2.11749
14.5212,11.4789,,1001.01,36.5985,22747.3,,-0.0196203,-0.526619,,-1.32064,-2.3932
14.5199,11.9688,,1001.89,40.244,42837.6,,-0.00741313,-0.586124,,-0.400299,-1.32317
14.5205,12.4802,,1001.81,13.2696,41032.9,,0.0688395,-0.488248,,-0.570221,1.57921
14.5201,12.9644,,1001.46,19.6106,33148,,0.023145,-0.545952,,-1.60949,3.03322
14.5244,13.4701,,1000.27,43.472,6034.37,,0.0192879,-0.538447,,-1.40669,1.67289
14.5264,13.9848,,1001.33,32.347,30054,,0.114897,-0.61614,,-0.27952,-1.16033
14.5184,14.4652,,1001.9,11.1186,43021.4,,0.11465,-0.569951,,0.681367,0.0106169
14.5138,14.9677,,1000.49,22.5881,10980.3,,0.00992188,-0.492272,,0.968111,0.0549761
14.5205,15.4778,,1000.91,20.5107,20574.2,,-0.0227238,-0.673674,,-0.261641,-1.81579
14.5259,15.9709,,1001.67,8.39826,37958.5,,0.0355689,-0.594844,,-2.13917,0.146797
14.523,16.4734,,1001.31,26.7763,29749.1,,0.112209,-0.46501,,-2.27741,2.70803
14.515,16.9689,,1000.97,12.4242,21892.6,,0.113569,-0.653995,,-1.34392,3.106
14.5137,17.4646,,1000.19,-24.0872,4194.52,,0.0632694,-0.625514,,-1.71224,2.30396
14.5171,17.9717,,999.992,-12.5761,-177.744,,0.0256565,-0.544617,,-2.73161,0.388999
14.5202,18.4722,,1000.53,-6.60734,11899.5,,0.0673912,-0.637544,,-2.32453,-0.755871
14.519,18.9717,,1000.72,-15.3928,16334.4,,0.133636,-0.535117,,-1.03075,-0.683085
14.5138,19.4704,,1001.13,8.47652,25538.4,,0.134415,-0.496689,,-0.147142,1.0166
14.5081,19.9668,,1001.05,21.0906,23684.8,,0.096985,-0.612778,,0.377346,2.96319
14.5058,20.4641,,1000.32,8.42284,7134.41,,0.0715874,-0.579248,,0.457356,1.41468
14.5054,20.9699,,1000.38,2.50878,8558.99,,0.0421011,-0.563722,,0.557798,0.668845
14.5041,21.4626,,1000.36,-3.36572,8213.86,,0.0116427,-0.636649,,1.38132,3.1973
14.5031,21.9685,,999.851,-2.31572,-3369.08,,0.00133436,-0.537525,,2.04461,1.71615
14.5037,22.4649,,1000.01,11.695,135.195,,0.0032536,-0.596891,,1.42301,-1.68175
14.5041,22.9635,,1000.27,4.6046,6081.56,,0.00402637,-0.595307,,0.501822,3.11682
15,-1.5,,1001.83,6.06288,41589,,0,0,,0,0
15,-1,,1005.06,44.4462,115908,,0,0,,0,0
15,-0.5,,1003.51,101.048,79992.2,,0,0,,0,0
15.0072,-0.0354681,,1002.77,63.4406,62959.2,,0.183392,-0.136853,,0.576555,11.1955
15.0225,0.572743,,1003.68,-7.73852,84050.8,,0.251934,-0.423585,,0.147022,6.46359
15.0231,0.883211,,1001.81,57.4333,41165.4,,0.235833,0.350533,,0.0363209,3.33213
15.0385,1.79125,,1002.44,34.9806,55498.8,,0.329984,0.382012,,-0.230576,4.9472
15.0423,1.67188,,1003.61,78.3813,82430.1,,0.345733,-1.05688,,-0.18107,4.22643
15.0343,2.65173,,1001.8,46.4168,40775.6,,0.291986,0.159255,,-1.0767,6.16328
15.0298,2.85001,,1003.94,53.8906,89922.7,,0.281678,-0.665988,,-1.07994,6.35795
15.0193,3.53078,,1001.64,49.7283,37259.7,,0.245868,-0.0793701,,-0.610484,5.20361
15.0268,3.99838,,1004.58,38.7653,104867,,0.338628,-0.54768,,-0.571637,3.86266
15.0318,4.42114,,1002.78,49.6949,63159,,0.350781,-0.286469,,-1.18693,6.15868
15.0193,5.06128,,1002.71,51.1364,61564,,0.226435,-0.280207,,-0.921162,8.15061
15.0113,5.39419,,1002.58,23.1614,58592.9,,0.189819,-0.623599,,0.458051,10.0503
15.0022,6.02991,,1000.47,26.9296,10577,,0.200856,-0.100862,,2.35574,3.92957
15.0109,6.4582,,1003.9,38.4183,88928.7,,0.330338,-0.723192,,2.24817,3.87272
15.0112,6.95255,,1001.05,20.2538,23692.3,,0.309983,-0.372666,,0.3536,8.51744
14.9996,7.51498,,1001.06,24.898,23931,,0.186354,-0.382771,,0.00259133,4.54426
15.0002,7.94164,,1002.78,27.4224,63216.6,,0.173472,-0.602925,,1.34127,6.66996
14.9973,8.48884,,1000.85,24.3405,19325.4,,0.15589,-0.35229,,2.21712,7.76342
14.9934,8.97186,,1001.87,1.43996,42541.8,,0.179632,-0.672354,,2.81847,3.62649
14.9918,9.46031,,1000.53,-16.3903,11962.5,,0.1727,-0.449994,,3.5242,2.96282
14.9899,9.99121,,1000.34,23.5922,7755.64,,0.130813,-0.375059,,4.37451,1.99586
14.9883,10.4623,,1001.61,30.4993,36572,,0.112047,-0.609723,,4.20847,2.39571
14.9861,10.9737,,1000.33,16.5798,7367.74,,0.0598371,-0.468469,,2.74204,1.61903
14.9878,11.4774,,1000.84,38.3028,19099.4,,0.0563425,-0.540944,,3.40439,-0.559175
14.985,11.9644,,1000.65,37.023,14801.2,,0.0839421,-0.543364,,5.82577,0.211938
14.9773,12.478,,1000.05,10.0918,1225.98,,0.0338488,-0.532521,,5.94652,0.119289
14.9827,12.9709,,1001,10.8315,22539.6,,-0.033223,-0.608988,,3.463,0.99526
14.9885,13.4725,,1000.68,33.8033,15298.2,,-0.0344057,-0.474529,,2.22039,2.13832
14.9804,13.9758,,1000.65,29.9454,14601.8,,0.00163651,-0.567338,,3.10707,0.0796748
14.9784,14.4624,,1000.44,0.516562,9861.1,,-0.0196754,-0.651511,,2.6211,-0.228695
14.9859,14.9735,,999.46,-6.06296,-12154.6,,-0.0766881,-0.553868,,1.2057,-0.595443
14.9872,15.4798,,1000.56,-4.28487,12595.5,,-0.0305144,-0.618987,,1.85857,-2.32241
14.9817,15.9683,,1001.31,-1.04227,29763.9,,0.0281643,-0.538024,,2.67665,-0.514125
14.9793,16.4691,,1000.53,18.8945,12025.5,,-0.0438457,-0.501369,,1.67472,2.26707
14.9833,16.9696,,1000.23,0.999787,5163.66,,-0.122943,-0.698281,,0.190849,2.35413
14.9915,17.4713,,1000.48,-29.9063,10758.1,,-0.0845882,-0.608216,,-0.860635,1.07003
14.9966,17.9749,,1001,-10.141,22598.5,,0.00850218,-0.48963,,-1.02531,0.394211
14.9917,18.4685,,1000.98,-0.0408752,22085.2,,0.0243523,-0.590918,,-0.0589535,0.802743
14.987,18.9665,,1000.29,-4.66151,6566.48,,-0.0130515,-0.544878,,1.2227,0.779436
14.9879,19.4671,,1000.16,17.848,3551.08,,-0.0622144,-0.549819,,1.92354,1.65956
14.9922,19.9672,,999.881,23.286,-2682.31,,-0.0824207,-0.642866,,1.58026,2.61351
14.9971,20.4668,,999.513,7.27312,-10977,,-0.0649244,-0.582444,,0.253094,0.451296
15.0011,20.9713,,1000.12,2.64548,2755.4,,-0.0346537,-0.572891,,-0.772111,0.672632
15.0022,21.462,,1000.13,-3.02028,2922.95,,-0.0194501,-0.641962,,-0.254736,4.24355
15.002,21.9685,,999.507,-4.14286,-11107.8,,-0.00423708,-0.508345,,0.606791,1.48679
15.0042,22.465,,999.753,13.149,-5566.16,,0.0116564,-0.601467,,0.407689,-4.26486
15.0055,22.9632,,1000.29,-0.703378,6587.04,,0.0149481,-0.585451,,-0.0294011,2.85524
15.5,-1.5,,1001.76,7.80222,39825.1,,0,0,,0,0
15.5,-1,,1004.65,51.2471,106447,,0,0,,0,0
15.5,-0.5,,1003.1,114.86,70485.6,,0,0,,0,0
15.4854,-0.0212171,,1002.03,75.7204,46062,,-0.0355747,-0.108106,,0.425304,9.30934
15.4607,0.546376,,1003.71,6.41378,84683.3,,-0.157911,-0.593223,,-1.85315,5.9837
15.4699,0.90207,,1001.72,84.547,38950.6,,-0.124988,0.467729,,-1.64835,3.75613
15.4549,1.78653,,1002.25,61.0069,51221.1,,-0.167629,0.361568,,1.07114,5.15593
15.4483,1.67774,,1003.28,100.443,74779.6,,-0.188936,-1.02054,,0.968961,4.31083
15.4627,2.63265,,1001.29,50.3309,29199.1,,-0.167839,0.0151702,,-0.0385498,5.64464
15.4605,2.85475,,1003.54,55.6271,80783.5,,-0.217428,-0.688512,,-0.410521,6.23163
15.4669,3.51502,,1000.26,45.8136,5874.02,,-0.226518,-0.130606,,0.615743,6.26475
15.4532,4.00092,,1002.68,38.9356,61059,,-0.266992,-0.457249,,2.0603,4.60765
15.4508,4.42517,,1000.28,60.5017,6236.14,,-0.213523,-0.268226,,2.5015,5.7349
15.4693,5.06429,,1001.56,67.8842,35415.7,,-0.0955587,-0.288715,,1.14718,8.04283
15.4735,5.3841,,1001.56,30.8714,35443.1,,-0.132,-0.727601,,0.075284,10.3526
15.4718,6.02491,,998.245,29.2769,-39393.5,,-0.205084,-0.0857191,,0.190139,4.78097
15.469,6.46903,,1002.13,57.0315,48275.3,,-0.211186,-0.62383,,0.720694,3.35541
15.476,6.95155,,999.948,46.3248,-1179.28,,-0.163051,-0.434503,,0.167552,6.99936
15.4811,7.50983,,999.944,29.5006,-1268.31,,-0.170192,-0.442481,,-0.632603,5.50062
15.4741,7.94025,,1000.61,13.9252,13716.2,,-0.219581,-0.61449,,0.158471,8.29602
15.4778,8.49228,,998.357,19.7376,-36880.2,,-0.169346,-0.302943,,1.15571,7.92783
15.4851,8.97298,,1000.09,16.2683,2093.59,,-0.111435,-0.631978,,-0.317967,2.52326
15.4863,9.45941,,999.033,2.67233,-21766.1,,-0.0961992,-0.474025,,-2.57736,2.43205
15.4893,9.99232,,998.689,29.701,-29460.3,,-0.104314,-0.410555,,-2.81326,2.89209
15.4881,10.4585,,999.49,20.6812,-11490,,-0.154394,-0.674913,,-1.6524,2.3255
15.4885,10.9766,,998.541,-3.39469,-32770.2,,-0.149761,-0.459309,,-1.28223,0.930838
15.4951,11.4821,,999.741,15.8706,-5840.73,,-0.0935814,-0.487124,,-2.04298,0.365377
15.4952,11.9577,,998.783,12.3002,-27362.1,,-0.103027,-0.585364,,-2.17449,1.21217
15.4954,12.48,,997.693,-14.5535,-51703.1,,-0.105202,-0.556226,,-2.13058,-0.903078
15.5004,12.9789,,999.788,-11.6273,-4772.35,,-0.0362039,-0.580757,,-2.55718,-0.282711
15.4964,13.4663,,999.34,4.40904,-14853.4,,-0.031595,-0.496676,,-2.17352,2.34409
15.4937,13.9737,,998.327,-4.77457,-37552.5,,-0.101011,-0.598989,,-2.43633,-0.564462
15.5046,14.4746,,999.239,-28.1903,-17126.2,,-0.0696064,-0.627028,,-4.18678,-2.18442
15.5092,14.9768,,999.676,-18.5263,-7299.33,,0.0245487,-0.489146,,-4.69906,-0.140314
15.4997,15.4712,,999.523,-3.21448,-10758.3,,0.0367976,-0.573374,,-2.80551,-0.0478858
15.4978,15.9661,,998.858,3.09557,-25683.6,,0.00336609,-0.593146,,-1.58201,-0.368593
15.5059,16.4758,,998.676,5.09171,-29760.9,,-0.0311359,-0.593725,,-2.19559,0.958841
15.5101,16.9762,,999.589,-25.6415,-9255.87,,-0.0175122,-0.671345,,-1.81764,2.25655
15.505,17.4738,,999.974,-37.7353,-595.657,,0.0442718,-0.50121,,0.106736,1.74045
15.4984,17.9707,,999.878,-6.93047,-2741.64,,0.0231665,-0.495688,,0.848256,0.716985
15.4987,18.4654,,999.414,-12.2347,-13189.1,,-0.079121,-0.677138,,0.0776824,0.928225
15.5059,18.9711,,999.052,-32.2117,-21328.5,,-0.11294,-0.576108,,-0.686715,0.917762
15.5132,19.4742,,999.692,-6.3847,-6942.8,,-0.0480255,-0.529265,,-1.09978,1.48489
15.5133,19.9705,,999.825,3.506,-3937.44,,-0.00744359,-0.611379,,-1.35744,1.81799
15.5094,20.4684,,999.705,-7.80523,-6651.04,,0.0035258,-0.541317,,-1.59746,-0.572123
15.507,20.9721,,1000.51,-4.16208,11446.5,,0.0141436,-0.542681,,-1.65557,0.626126
15.5054,21.461,,1000.34,-4.98367,7654.88,,0.0185944,-0.629705,,-1.14485,5.16667
15.504,21.969,,999.441,-5.07519,-12588.8,,0.0135739,-0.518963,,-0.656836,1.76828
15.5049,22.4628,,1000.31,30.8697,7061.74,,0.0127071,-0.664073,,-0.630729,-0.620309
15.5063,22.9631,,1000.16,-3.68293,3634.51,,0.0124005,-0.58083,,-0.555735,1.12157
16,-1.5,,1001.62,5.98397,36729.8,,0,0,,0,0
16,-1,,1004.3,45.223,98395.2,,0,0,,0,0
16,-0.5,,1002.76,106.732,62764.3,,0,0,,0,0
16.0161,-0.0387571,,1002.51,74.182,57098.1,,0.0192494,-0.116163,,-0.270453,8.13128
16.0634,0.579778,,1004.58,11.4714,104838,,0.270909,-0.395852,,-0.000205254,5.55764
16.0695,0.875536,,1002.46,72.5757,55889.6,,0.259215,0.324714,,-0.0340184,5.19998
16.0442,1.79249,,1001.87,37.5679,42362.5,,0.00196298,0.346908,,0.0299564,5.51603
16.0546,1.66316,,1003.44,90.5356,78443.5,,0.0346674,-1.0861,,-0.0448199,5.48454
16.0487,2.66159,,1001.6,39.4931,36310.4,,0.154041,0.172012,,0.437834,4.93032
16.0622,2.85947,,1004.21,45.0835,96106,,0.26646,-0.662768,,0.736782,6.27335
16.0682,3.52608,,1001.56,28.2079,35474.2,,0.286692,-0.148409,,0.671205,6.83525
16.0749,3.9844,,1003.27,11.5005,74564.2,,0.214201,-0.564382,,-0.542978,5.3195
16.0631,4.42576,,1000.62,34.1726,14063.2,,0.122605,-0.172932,,-0.40512,5.95247
16.0499,5.07464,,1002.06,64.244,46713,,0.131707,-0.25517,,0.536573,6.03881
16.0621,5.3918,,1003.37,33.1631,76853.5,,0.230054,-0.743913,,0.144685,8.55024
16.0644,6.02069,,1001.12,11.4099,25426.1,,0.215601,-0.176258,,-0.630659,5.28382
16.0504,6.46255,,1003.65,24.0229,83357.8,,0.0912402,-0.656071,,0.1957,4.72904
16.0478,6.96397,,1001.41,17.2716,32042,,0.119745,-0.315214,,1.77883,6.97214
16.0515,7.50861,,1002.12,17.1846,48189.4,,0.200039,-0.463179,,1.08726,4.25969
16.0513,7.93769,,1003,3.98895,68315.6,,0.200567,-0.607017,,-0.384299,8.69932
16.0478,8.49708,,1000.37,6.00748,8457.27,,0.169481,-0.270878,,-0.518386,7.50396
16.0446,8.97359,,1002.63,15.5177,59919.1,,0.137782,-0.640577,,-0.519171,-0.0166046
16.0437,9.46155,,1002.6,14.1951,59101,,0.138238,-0.43936,,-1.42879,0.60908
16.0408,9.99114,,1002.13,30.9231,48373.1,,0.151916,-0.429013,,-2.19623,3.54841
16.0403,10.4572,,1002.53,11.9149,57504.6,,0.16831,-0.67063,,-1.25774,4.46779
16.0396,10.979,,1001.43,-8.99291,32447.8,,0.201113,-0.402915,,0.5801,1.20338
16.0334,11.4818,,1002.78,17.6542,63338.1,,0.193994,-0.505793,,0.392613,-1.35066
16.0331,11.9595,,1002.58,17.1057,58685.9,,0.146205,-0.607729,,-1.46415,0.377251
16.0367,12.4834,,1001.94,6.48555,44123.9,,0.175236,-0.467856,,-1.81657,-0.499389
16.0308,12.9741,,1003.1,28.5408,70639.8,,0.258547,-0.504668,,-0.417761,0.750465
16.0251,13.4615,,1001.86,40.0966,42278.5,,0.228211,-0.563364,,-0.226632,2.7005
16.0295,13.9802,,1001.37,21.4555,31097.3,,0.174197,-0.624655,,-0.909862,-1.55984
16.0297,14.478,,1002.98,13.2694,67744.1,,0.247081,-0.533694,,-0.0614123,-2.66485
16.0196,14.9685,,1002.74,27.2095,62377.6,,0.248738,-0.479097,,0.977739,0.842691
16.0161,15.468,,1001.76,33.8369,39861.6,,0.118658,-0.640098,,0.427881,0.817453
16.0246,15.9731,,1001.66,36.5786,37590.1,,0.101498,-0.593916,,-0.645284,-0.893099
16.0283,16.479,,1002.32,36.9201,52678.4,,0.205329,-0.554136,,-0.828445,1.00489
16.0181,16.9689,,1002.19,0.426053,49672.5,,0.213692,-0.63932,,0.292735,4.50969
16.009,17.4643,,1000.83,-11.4358,18724.2,,0.147715,-0.528676,,1.52394,3.51085
16.0107,17.9705,,1000.45,19.6891,10244.6,,0.0886672,-0.589448,,1.21928,-0.054121
16.0201,18.4727,,1001.05,-0.757296,23839,,0.0971567,-0.718587,,0.150913,-0.375078
16.0214,18.9755,,1001.28,-22.0376,28969.5,,0.172488,-0.499173,,0.115176,0.513972
16.0129,19.4709,,1001.61,14.6706,36506.4,,0.207007,-0.476468,,0.445478,1.53301
16.0054,19.9644,,1001.19,25.0804,26882.6,,0.146848,-0.641681,,0.7438,2.22473
16.0034,20.4646,,1000.44,3.2883,9909.81,,0.067393,-0.579923,,1.44569,-0.0734546
16.0048,20.9715,,1000.89,0.753651,20121.4,,0.0338815,-0.560076,,2.05835,0.909597
16.0063,21.4599,,1000.63,-4.63175,14155.1,,0.0137969,-0.649248,,1.81024,5.24966
16.0066,21.9704,,999.532,-9.30904,-10544.2,,-0.00256945,-0.524848,,1.2624,1.7016
16.0065,22.4622,,1000.48,8.87094,10758.3,,4.83417e-05,-0.602192,,0.854204,0.292281
16.0074,22.9628,,1000.14,-2.56052,3220.99,,0.0124201,-0.580829,,0.47391,0.851535
16.5,-1.5,,1001.74,5.58331,39460.2,,0,0,,0,0
16.5,-1,,1004.84,43.2787,110880,,0,0,,0,0
16.5,-0.5,,1003.06,98.0538,69710.7,,0,0,,0,0
16.4763,-0.012286,,1002.4,59.7761,54561.8,,-0.033017,-0.0328963,,-1.30745,8.35803
16.4435,0.556158,,1003.11,1.8936,70890.1,,0.000956661,-0.512,,0.398085,6.2092
16.4451,0.888985,,1001.43,73.2474,32333.3,,-0.035726,0.31111,,0.511685,4.67778
16.4708,1.77949,,1002.08,30.946,47287.9,,0.0647283,0.327191,,-0.297075,5.07083
16.4641,1.68545,,1002.97,68.3822,67628.1,,0.0590919,-1.03611,,-0.111216,4.80389
16.4705,2.63608,,1001.18,44.2199,26606.2,,0.0822046,0.144046,,0.39247,6.39525
16.4405,2.85244,,1003.22,58.5727,73311.5,,-0.0125816,-0.648116,,1.35098,7.03558
16.4329,3.52654,,1000.83,48.4975,18697.9,,-0.0660526,-0.138947,,0.980761,5.96884
16.4492,3.99757,,1003.63,26.24,82739.1,,0.0584115,-0.565095,,-0.778695,3.99371
16.4585,4.41061,,1001.41,40.1451,32006.7,,0.0185016,-0.311515,,-1.72545,6.29833
16.4418,5.06607,,1001.17,60.2445,26563.1,,-0.13254,-0.203297,,-0.0299921,7.31137
16.4329,5.40345,,1001.67,34.0141,37772.4,,-0.0843732,-0.628203,,1.2665,8.52818
16.4388,6.02008,,999.983,23.1683,-393.883,,-0.0295743,-0.207452,,0.564723,5.19003
16.4467,6.4574,,1002.3,22.0285,52241.7,,-8.54892e-08,-0.696802,,0.733516,5.83393
16.4387,6.95596,,999.098,9.45079,-20295.5,,-0.0869739,-0.330639,,1.50441,7.60913
16.4392,7.51511,,1000.15,29.5208,3459.6,,-0.0549711,-0.383304,,1.98428,3.50782
16.4468,7.93649,,1001.63,24.9822,36951.8,,-0.00455966,-0.647886,,0.993328,7.31242
16.4421,8.48819,,998.82,14.7118,-26519.7,,-0.09709,-0.334717,,0.0666534,8.1692
16.4419,8.97598,,1000.27,10.2239,6028.42,,-0.100512,-0.625022,,2.02632,1.01418
16.4419,9.45807,,999.836,8.74654,-3692.28,,-0.105683,-0.465632,,3.29559,0.199675
16.4411,9.98941,,999.547,30.1171,-10212.9,,-0.116703,-0.409877,,2.71568,3.38131
16.4473,10.462,,1000.11,11.7285,2554.23,,-0.0886191,-0.648075,,2.27397,5.10663
16.4479,10.9736,,998.627,-3.47548,-30851.7,,-0.10986,-0.422552,,2.78925,2.27832
16.4441,11.4781,,999.384,26.3501,-13868.3,,-0.118265,-0.523085,,3.58191,-1.74344
16.4479,11.9656,,999.587,23.4166,-9314.26,,-0.110594,-0.618236,,2.88102,-0.918274
16.4514,12.4811,,999.321,14.4568,-15299.5,,-0.117465,-0.443688,,2.78541,0.368998
16.4486,12.9681,,999.776,37.6992,-5046.44,,-0.153124,-0.523535,,3.44043,1.17012
16.4546,13.4692,,998.828,44.4672,-26351.2,,-0.18839,-0.596405,,1.91134,1.26493
16.463,13.9832,,999.349,25.3998,-14659.9,,-0.138279,-0.565056,,1.1207,-0.911243
16.4563,14.4661,,999.825,19.6984,-3935.84,,-0.109641,-0.534765,,2.98182,-0.813024
16.4545,14.9681,,998.628,19.3696,-30833.4,,-0.195666,-0.598435,,3.44466,0.305586
16.4685,15.4803,,998.956,0.325638,-23487.3,,-0.224797,-0.664052,,2.13507,-0.573713
16.471,15.9751,,1000.03,9.60168,632.557,,-0.155786,-0.497584,,2.04001,-1.05608
16.4644,16.471,,1000.2,24.9395,4563.34,,-0.126314,-0.542128,,2.33088,1.10404
16.4679,16.9671,,999.524,-16.0824,-10716.1,,-0.187473,-0.720531,,1.00213,4.16943
16.479,17.4714,,998.728,-32.5271,-28601,,-0.21353,-0.547079,,-0.515463,3.00508
16.4887,17.9799,,999.793,13.1705,-4662.2,,-0.107531,-0.522257,,-0.667542,-0.479588
16.4866,18.4724,,1000.56,4.32374,12677.7,,-0.0352054,-0.652701,,0.132189,-0.00201419
16.4785,18.9663,,999.645,-14.317,-7990.74,,-0.0644804,-0.50179,,1.00547,1.17624
16.4797,19.4682,,999.388,23.7884,-13778.4,,-0.12554,-0.534401,,1.23536,1.60907
16.4919,19.9706,,999.446,25.6736,-12480.8,,-0.140343,-0.697317,,1.02594,2.40632
16.4998,20.4696,,999.155,-3.3466,-19009,,-0.106383,-0.581239,,1.54012,0.722581
16.5018,20.9747,,999.87,-4.22256,-2938.07,,-0.0483617,-0.543335,,2.01782,0.962593
16.5039,21.4619,,1000.05,-10.0815,1031.92,,-0.023224,-0.652117,,1.4483,4.4408
16.5044,21.9693,,999.319,-16.2394,-15339.8,,-0.0181781,-0.506095,,0.923817,1.04833
16.5067,22.4633,,999.964,-6.61712,-803.962,,0.0185282,-0.54764,,1.1225,-3.44356
16.5083,22.9623,,1000.27,2.70197,6150.62,,0.0427483,-0.576991,,1.01984,2.14481
17,-1.5,,1002.05,9.18937,46577,,0,0,,0,0
17,-1,,1005.2,51.7189,119204,,0,0,,0,0
17,-0.5,,1003.81,104.824,86929.7,,0,0,,0,0
17.027,-0.0396821,,1002.1,62.4185,47707.5,,0.13124,-0.0936399,,0.471854,8.41719
17.0449,0.556806,,1004.31,6.52424,98442.9,,0.0506278,-0.497544,,0.150069,7.09678
17.0545,0.889541,,1001.54,77.4341,34815.1,,0.0849926,0.365102,,1.20352,5.90479
17,1.78548,,1002.8,38.6544,63697.9,,-0.175859,0.36892,,1.11261,5.07201
17.0037,1.6786,,1003.72,78.5265,84814,,-0.161693,-1.00852,,1.06271,4.21955
17.0273,2.64659,,1001.8,62.2159,40745.6,,0.0126043,0.0779743,,1.33717,6.52104
17.0584,2.83533,,1004.02,69.4637,91844.7,,0.048009,-0.803607,,0.958719,7.52657
17.0518,3.51426,,999.724,51.5155,-6215.56,,-0.020615,-0.144772,,1.24296,5.4416
17.0281,4.00901,,1003.53,50.8672,80591.2,,-0.0409109,-0.43541,,2.03701,2.91442
17.0323,4.43212,,1001.58,67.3692,35714.8,,0.0672569,-0.292186,,1.90588,5.36032
17.054,5.05559,,1001.87,63.4719,42478.8,,0.071742,-0.327501,,-0.0151745,8.16802
17.0457,5.39184,,1001.56,29.0865,35399.2,,-0.0466298,-0.596852,,-0.402555,9.7909
17.0426,6.03617,,999.288,41.251,-16023.8,,0.0274678,-0.097364,,0.286689,4.2525
17.0487,6.45655,,1003.3,45.5584,75289.2,,0.040034,-0.784602,,-0.875848,4.91679
17.0507,6.95051,,999.832,11.6948,-3790.67,,0.00869001,-0.388055,,-1.22692,8.60869
17.0459,7.51881,,999.988,30.6605,-279.242,,-0.0201678,-0.353558,,-0.210803,3.67919
17.0431,7.93902,,1001.97,36.2375,44707.5,,-0.0288799,-0.644183,,0.0246163,6.22328
17.0487,8.48937,,999.574,23.4307,-9593.42,,0.0299066,-0.349669,,-0.571506,8.4232
17.0466,8.97627,,1000.49,8.25551,10962.1,,0.0149987,-0.620854,,-0.898864,3.15054
17.0472,9.46044,,999.557,5.06251,-9971.12,,0.0338519,-0.442734,,0.170119,1.35661
17.0485,9.99187,,999.523,32.8362,-10741,,0.0481063,-0.425371,,0.260051,1.83606
17.0443,10.4647,,1000.66,13.9385,15030.7,,0.00761557,-0.672407,,-1.44749,3.62865
17.0461,10.9748,,999.269,-3.61066,-16457,,0.0135498,-0.422346,,-2.65832,2.43697
17.0469,11.4782,,999.543,27.8653,-10292.6,,0.0197133,-0.497451,,-3.02641,-1.58606
17.0447,11.9691,,999.802,24.5467,-4475.47,,0.0490659,-0.586892,,-2.84453,-0.86998
17.0437,12.4795,,999.406,1.23238,-13381.9,,0.0485301,-0.507201,,-2.19864,0.92211
17.0416,12.9687,,999.541,3.56771,-10348.3,,-0.0146955,-0.591904,,-1.92998,0.433775
17.0434,13.4789,,999.724,8.53425,-6230.99,,0.023145,-0.534737,,-2.52421,-0.543599
17.0405,13.9796,,1000.45,1.59536,10142,,0.063673,-0.528007,,-3.28288,-0.613357
17.0342,14.4602,,999.538,-6.94018,-10412.1,,-0.00217337,-0.594076,,-3.47243,0.0734092
17.0425,14.9815,,999.012,-16.3879,-22234,,0.0338677,-0.588716,,-4.03931,-0.458511
17.0448,15.4834,,1000.63,-28.2873,14203,,0.136576,-0.58589,,-4.15795,-0.422759
17.0277,15.9626,,1000.04,-11.1584,796.424,,0.110205,-0.479087,,-2.63715,0.197662
17.0244,16.4728,,999.02,11.9595,-22048.1,,0.0383414,-0.598972,,-2.60854,0.00492223
17.038,16.979,,999.993,-35.993,-150.846,,0.0644003,-0.754531,,-4.21854,2.14258
17.0361,17.4776,,1000.43,-50.7282,9662.33,,0.116687,-0.457383,,-3.83352,3.08776
17.0221,17.9753,,1000.61,4.4022,13763.3,,0.110089,-0.44631,,-2.40021,0.661441
17.0138,18.4637,,1000.19,-1.80741,4297.18,,0.014346,-0.722255,,-2.32659,0.554808
17.0199,18.9685,,999.066,-34.4879,-21024.4,,-0.0644155,-0.579025,,-2.61606,1.51801
17.0319,19.4809,,999.933,-1.93133,-1505.84,,-0.0107942,-0.516877,,-2.10179,1.71559
17.0315,19.976,,1000.69,5.29524,15659.7,,0.0609783,-0.636138,,-1.77047,2.55982
17.0193,20.4654,,999.985,-9.95146,-329.885,,0.0811584,-0.514833,,-1.69361,1.30361
17.0113,20.9728,,1000.19,2.11264,4263.08,,0.071966,-0.514253,,-1.74248,0.837582
17.0105,21.462,,1000.31,-2.96915,7011.55,,0.0437148,-0.666925,,-2.16984,3.87804
17.0095,21.969,,999.552,-11.6274,-10101.6,,0.0166825,-0.50276,,-1.92912,1.84305
17.0092,22.4643,,999.831,31.4579,-3815.66,,0.0295104,-0.640496,,-0.641041,-3.50681
17.0108,22.9629,,1000.25,8.10725,5598.04,,0.0484323,-0.564887,,0.244056,1.77598
17.5,-1.5,,1001.61,9.36761,36480.1,,0,0,,0,0
17.5,-1,,1004.17,52.8225,95223.1,,0,0,,0,0
17.5,-0.5,,1002.02,105.487,45896.2,,0,0,,0,0
17.45,-0.0447949,,1002.92,67.2168,66576.4,,-0.0909168,-0.29934,,1.04246,6.04552
17.5217,0.607983,,1004.47,29.0469,102267,,0.438775,-0.159234,,2.08193,8.67535
17.5373,0.86372,,1002.68,95.3268,60929.6,,0.480613,0.199188,,2.48156,6.83758
17.5341,1.78481,,1001.44,39.6094,32743.9,,0.233254,0.348092,,1.37184,4.48259
17.5218,1.66096,,1003.06,96.6004,69601,,0.181711,-1.09842,,1.75734,4.6257
17.492,2.67714,,1001.3,60.0253,29387.2,,0.165309,0.292229,,1.60441,6.09367
17.4988,2.85899,,1003.85,61.5063,87819.1,,0.313384,-0.782068,,1.59904,6.38366
17.5222,3.51819,,1001.85,38.3944,41912.8,,0.266479,-0.146412,,-0.112238,6.69891
17.5043,3.99319,,1003.01,33.4616,68491.2,,0.128131,-0.409012,,1.82873,4.70436
17.4887,4.43257,,1001.36,71.0393,30768.1,,0.118203,-0.207241,,3.33606,4.95971
17.4914,5.06642,,1002.44,61.8955,55542.1,,0.183429,-0.364211,,1.80374,6.37879
17.5073,5.3806,,1002.91,21.9387,66144.9,,0.209897,-0.729906,,0.671275,9.31941
17.4872,6.02579,,1000.66,29.5548,14906.5,,0.0483671,-0.0904289,,1.33113,4.85584
17.4832,6.46458,,1004.11,43.506,93873.7,,0.121962,-0.752855,,2.63513,3.9718
17.4912,6.95074,,1001.95,13.3268,44243.7,,0.148587,-0.409766,,1.33414,8.51882
17.4828,7.51006,,1001.39,10.8252,31526.7,,0.0672919,-0.385952,,1.16756,4.63222
17.4838,7.943,,1002.91,18.0741,66271.1,,0.106455,-0.599491,,2.33808,6.47378
17.4826,8.48947,,1001.1,20.4721,24916.4,,0.0986699,-0.338653,,1.49537,7.32524
17.4816,8.97454,,1002.46,13.9173,55879.1,,0.107678,-0.623499,,0.245935,2.75641
17.4843,9.4622,,1001.98,12.4733,44858.3,,0.105715,-0.430401,,0.0180508,2.06976
17.4809,9.98766,,1001.66,34.8439,37682.2,,0.0767266,-0.438831,,0.801017,1.49407
17.4792,10.4623,,1002.64,19.2189,60029.3,,0.117062,-0.663526,,0.878119,2.43425
17.4803,10.9763,,1001.69,4.91934,38254.9,,0.129543,-0.423743,,-0.214743,1.61139
17.4816,11.4775,,1002.3,33.2346,52172.3,,0.101575,-0.498617,,-0.53477,-1.72436
17.4817,11.9665,,1002.57,30.179,58367.4,,0.0957734,-0.568792,,-0.153221,-0.47266
17.4804,12.4777,,1002.06,8.43247,46841.8,,0.0979983,-0.525437,,0.258453,1.54778
17.4833,12.9694,,1002.23,15.6981,50702.1,,0.137335,-0.572522,,1.18193,0.994022
17.4832,13.4751,,1002.12,30.1768,48158.6,,0.197477,-0.489505,,2.40646,-0.569421
17.4776,13.9735,,1002.34,24.3357,53109.6,,0.161077,-0.585536,,2.33054,-1.22613
17.4831,14.4665,,1002.02,17.3704,45834.3,,0.104598,-0.608752,,1.03956,-0.744441
17.4904,14.9847,,1002.37,26.3027,53943.5,,0.189894,-0.483955,,0.676859,-0.832321
17.4811,15.4694,,1002.89,21.9291,65667.9,,0.216809,-0.599971,,1.19728,0.460626
17.48,15.9599,,1001.32,33.9438,29936,,0.0978473,-0.573457,,0.775674,0.597852
17.4944,16.4846,,1001.32,59.8777,29939.5,,0.104543,-0.562133,,-0.227147,-1.08923
17.4959,16.9765,,1002.67,15.9758,60658.4,,0.214092,-0.693933,,-0.144092,2.22078
17.484,17.4641,,1001.49,-16.1151,33828.1,,0.172258,-0.506256,,1.13163,4.89057
17.4815,17.9702,,1000.41,26.1056,9202.38,,0.0442537,-0.541103,,1.58765,0.92465
17.4956,18.4727,,1000.94,13.4039,21241.6,,0.0386471,-0.77866,,0.341575,-0.707561
17.5073,18.9787,,1001.32,-20.3381,30006.4,,0.114977,-0.527465,,0.0293303,1.86903
17.5009,19.4765,,1001.61,6.65501,36583.2,,0.168303,-0.450103,,1.48453,2.76604
17.4885,19.9642,,1001.24,12.3389,28164.2,,0.102145,-0.660342,,1.46469,2.38534
17.4914,20.462,,1000.09,0.485221,2068.8,,0.0171177,-0.563675,,-0.115869,0.656461
17.5037,20.9786,,1000.39,14.6372,8911.73,,-0.00136729,-0.541454,,-0.998352,0.296562
17.5104,21.4631,,1000.62,1.04628,14004.9,,8.52228e-05,-0.699785,,-1.26281,3.58126
17.5102,21.9683,,999.944,-18.042,-1262.61,,-0.0062456,-0.488801,,-1.06404,3.23145
17.5089,22.4646,,1000.1,29.6613,2255.78,,-0.0180855,-0.65596,,-0.280542,-0.446394
17.5125,22.9636,,1000.11,9.04135,2519.74,,-0.0100513,-0.571443,,0.111889,0.231884
18,-1.5,,1001.48,6.41871,33448.5,,0,0,,0,0
18,-1,,1003.86,44.2731,88189.8,,0,0,,0,0
18,-0.5,,1002.61,96.7582,59326.2,,0,0,,0,0
18.0153,0.0209528,,1002.55,49.0004,57887.8,,-0.0366751,0.00625398,,-1.80935,5.67758
17.9486,0.519095,,1003.14,0.966387,71475.9,,-0.237964,-0.571805,,-1.6072,9.54489
17.9569,0.888238,,999.888,77.4052,-2526.92,,-0.177692,0.291306,,-0.768359,7.13481
17.9321,1.75625,,1002.54,35.0344,57653.1,,-0.30424,0.170225,,-1.9617,4.34193
17.9363,1.69919,,1002.96,59.6866,67272.9,,-0.271697,-1.06021,,-1.94284,3.1945
17.9938,2.60909,,1000.59,35.1743,13270.2,,-0.0436529,0.0667197,,0.264823,6.19536
17.9521,2.85406,,1003.14,55.4147,71536.4,,-0.233365,-0.695747,,-0.410296,5.73673
17.9479,3.53205,,1000.47,36.3564,10698.8,,-0.15463,-0.179562,,-0.678636,6.00673
17.9694,3.98283,,1003.32,13.2157,75696,,-0.168285,-0.527135,,-1.75483,6.60871
17.973,4.40367,,999.259,37.2527,-16679.2,,-0.168195,-0.31257,,0.595522,6.11393
17.9625,5.0786,,1000.86,55.6334,19358.1,,-0.155616,-0.232015,,1.09972,5.22417
17.9596,5.39414,,1002.11,15.8587,47827.3,,-0.145726,-0.755222,,0.431223,8.29495
17.971,6.01136,,998.503,13.5877,-33627.1,,-0.147218,-0.16587,,0.908443,6.29939
17.9615,6.47366,,1001.34,38.5054,30434.1,,-0.185283,-0.616254,,1.47898,4.65552
17.9631,6.95676,,999.043,14.8917,-21533.3,,-0.130693,-0.424911,,1.08333,6.99161
17.9731,7.50945,,999.598,3.04323,-9057.54,,-0.13205,-0.403348,,-0.188223,5.15747
17.9673,7.9444,,1000.28,-2.12319,6229.74,,-0.188711,-0.591272,,-0.199227,6.8993
17.9691,8.49199,,997.879,11.4414,-47553.6,,-0.157995,-0.325853,,-0.183606,6.37935
17.9712,8.97601,,999.857,14.0251,-3219.25,,-0.155532,-0.621153,,-0.978566,1.99345
17.9684,9.46361,,999.094,-0.593391,-20391.8,,-0.192663,-0.462699,,-1.19246,2.36179
17.9723,9.98976,,998.535,9.88783,-32920.2,,-0.204379,-0.421112,,-0.529769,2.47211
17.9725,10.4631,,999.154,-0.125481,-19035.7,,-0.197972,-0.616259,,-0.0650866,2.36856
17.9727,10.9796,,998.13,-5.30481,-41961.4,,-0.163427,-0.416591,,0.248535,1.54885
17.975,11.48,,999.026,15.158,-21923.4,,-0.181264,-0.537134,,1.12765,-0.970279
17.9731,11.9668,,998.939,5.02253,-23873.4,,-0.220187,-0.5748,,1.87421,-0.181417
17.9756,12.4829,,998.583,-4.12069,-31827.8,,-0.180964,-0.469987,,1.68665,1.81791
17.979,12.9734,,999.126,19.3486,-19658.2,,-0.158111,-0.523189,,1.58353,2.05362
17.9774,13.4719,,998.241,38.097,-39470,,-0.174954,-0.499824,,2.11012,0.167247
17.9799,13.9787,,998.288,24.227,-38420.9,,-0.188209,-0.62622,,1.91274,-2.06019
17.9849,14.4769,,999.032,14.8753,-21777,,-0.181891,-0.557419,,1.41303,-1.15905
17.9803,14.9777,,998.949,32.6688,-23645.3,,-0.15803,-0.445294,,2.08025,-0.03746
17.9788,15.4686,,998.642,21.2024,-30521.2,,-0.213072,-0.71101,,2.20523,-0.188921
17.9926,15.9813,,998.597,13.8272,-31531.7,,-0.246969,-0.565017,,1.54902,-0.546541
17.9948,16.4876,,999.898,47.0115,-2294.86,,-0.147819,-0.42398,,1.91942,-0.843898
17.9809,16.9632,,1000.08,12.7278,1877.65,,-0.175263,-0.745431,,1.82681,2.30648
17.99,17.4712,,998.194,-35.7612,-40530,,-0.257044,-0.603748,,0.477323,4.66941
18.0068,17.9865,,998.591,7.35966,-31657.9,,-0.163516,-0.478278,,0.598532,0.648764
18.0043,18.4803,,1000.46,15.5707,10414.2,,-0.0482273,-0.670569,,1.4606,-0.985053
17.9923,18.9711,,1000.16,-11.1021,3536.37,,-0.0584462,-0.501574,,1.95248,2.77748
17.987,19.4665,,998.779,1.04498,-27455.2,,-0.153695,-0.541759,,1.67391,2.94288
18.0014,19.9758,,998.661,-8.7959,-30096.5,,-0.192992,-0.725815,,0.221575,0.536882
18.018,20.479,,999.45,-16.6221,-12387.5,,-0.123489,-0.522366,,-0.389492,-0.189951
18.0139,20.9819,,999.985,3.48458,-342.336,,-0.0525257,-0.506675,,0.888879,0.684739
18.0085,21.4636,,1000.37,-10.2593,8329.78,,-0.0263039,-0.663698,,1.62671,3.73575
18.0068,21.9731,,999.669,-34.8171,-7453.48,,0.0174722,-0.465377,,1.92271,3.23209
18.0106,22.4614,,1000.03,-16.0679,594.904,,0.00417547,-0.581851,,1.9289,-0.858344
18.0105,22.9606,,1000.17,6.63289,3820.78,,-0.0649232,-0.603614,,1.1308,0.495524
18.5,-1.5,,1001.91,7.12302,43270.6,,0,0,,0,0
18.5,-1,,1004.89,46.6348,112046,,0,0,,0,0
18.5,-0.5,,1003.7,100.375,84472.8,,0,0,,0,0
18.5274,-0.0718542,,1004.51,76.2877,103151,,0.381724,-0.12685,,2.05335,3.83672
18.658,0.625717,,1004.91,27.5482,112411,,0.75687,-0.138563,,2.2807,9.18976
18.7237,0.815391,,1003.38,68.948,76927.5,,0.884938,-0.0469673,,2.56368,7.52718
18.6123,1.81339,,1003.28,32.6994,74772.7,,0.363705,0.467995,,1.87799,5.4265
18.5864,1.68532,,1003.94,70.8209,89992.1,,0.282761,-1.01089,,0.977537,4.0627
18.6063,2.69106,,1003.72,57.352,84768.9,,0.445563,0.307662,,2.38864,6.8025
18.6841,2.80625,,1004.29,55.3059,98019.3,,0.719332,-0.822425,,3.5832,7.34471
18.6351,3.52903,,1003.5,56.4084,79708.7,,0.559285,-0.0829367,,4.41761,5.22864
18.6255,4.00601,,1005.06,30.1756,115872,,0.713631,-0.557058,,4.18425,5.3663
18.6511,4.40506,,1003.5,47.7625,79886.2,,0.745018,-0.344154,,2.52609,7.48148
18.6274,5.06868,,1003.3,59.3372,75120.8,,0.556272,-0.246299,,3.40781,5.34906
18.6215,5.40102,,1004.31,31.5468,98464.4,,0.595982,-0.679567,,3.95832,7.81001
18.6237,6.02169,,1002.36,30.918,53559.6,,0.576897,-0.185329,,1.63933,5.49694
18.6214,6.46047,,1004.22,47.2519,96545,,0.511696,-0.659663,,0.837417,4.89387
18.6143,6.96232,,1002.63,37.287,59739.3,,0.486989,-0.367618,,1.45066,6.71217
18.6073,7.5075,,1002.88,23.9489,65622.6,,0.477425,-0.489056,,1.68613,3.61713
18.6066,7.93869,,1003.9,15.7334,89074.3,,0.474752,-0.609447,,0.839541,6.60884
18.6023,8.49394,,1001.63,27.849,37045.5,,0.43749,-0.30091,,-0.312711,6.01632
18.5975,8.97053,,1003,35.0543,68253.8,,0.428266,-0.650025,,-0.0712768,1.91157
18.5939,9.46241,,1002.36,16.5328,53651,,0.433293,-0.478772,,0.438115,2.74071
18.5897,9.99042,,1001.76,12.6619,39998.9,,0.394256,-0.46991,,-0.0109287,2.15831
18.5874,10.4596,,1002.63,7.71402,59838.3,,0.35938,-0.614879,,-0.752777,2.43001
18.582,10.9781,,1001.47,8.46764,33331.6,,0.338233,-0.401407,,-0.925544,2.28134
18.5774,11.4765,,1001.77,24.5523,40141.7,,0.330982,-0.574417,,-0.677312,0.0862172
18.5747,11.9638,,1001.53,17.6354,34637.1,,0.343557,-0.556955,,-0.433135,0.0861145
18.5698,12.4835,,1001.12,12.6601,25338.5,,0.335634,-0.466165,,-1.14443,0.460399
18.5657,12.9704,,1001.78,25.1365,40279.9,,0.275457,-0.588801,,-2.71621,1.08657
18.5612,13.4697,,1000.85,27.0725,19191.9,,0.205737,-0.523381,,-3.7944,-0.0658899
18.5602,13.9819,,1001.09,11.0036,24672.7,,0.228259,-0.604114,,-4.24975,-2.69318
18.5572,14.4719,,1001.74,5.50217,39365.7,,0.266916,-0.547454,,-4.39626,-0.982275
18.5464,14.9694,,1000.45,10.71,10201.9,,0.185251,-0.491053,,-4.38397,0.521752
18.5497,15.4773,,1000.59,-16.6476,13238.2,,0.160053,-0.740019,,-4.3907,-0.114215
18.5533,15.983,,1001.6,-20.0878,36204.2,,0.264342,-0.48862,,-2.94409,0.588339
18.5321,16.4698,,1000.85,13.9458,19332.3,,0.223997,-0.422514,,-1.15529,-0.205965
18.5276,16.9671,,1000.34,-20.1246,7665.51,,0.0991769,-0.838725,,-2.50155,0.34008
18.5466,17.487,,1001.06,-56.7265,24039.5,,0.159144,-0.543379,,-4.37642,4.01591
18.5391,17.9807,,1001.21,1.31403,27388.8,,0.270188,-0.347085,,-2.29419,2.71126
18.5147,18.4663,,1001,19.1419,22600.6,,0.152542,-0.697255,,-0.57842,-0.0116945
18.5156,18.9668,,1000.17,-11.517,3904.77,,0.02482,-0.610792,,-1.86831,1.84997
18.5331,19.4774,,999.484,-6.49567,-11634.8,,0.046703,-0.578965,,-3.29361,1.7556
18.5398,19.9892,,1001.06,-4.24112,24101,,0.156593,-0.639268,,-2.6633,0.384691
18.5273,20.4707,,1001.49,-3.49166,33773.7,,0.225607,-0.429261,,-0.331374,1.91792
18.5037,20.9655,,1000.06,10.9885,1382.19,,0.0987424,-0.54598,,1.61773,2.25256
18.5113,21.4714,,1000.58,-0.461188,13034,,0.0251086,-0.62936,,1.38421,3.81332
18.5331,21.9729,,999.557,-19.2622,-9978.26,,0.171724,-0.479,,0.966702,3.31675
18.5251,22.4482,,999.688,1.60458,-7040.4,,0.14017,-0.636969,,1.77053,-3.22545
18.4999,22.9505,,1000.29,6.60583,6647.05,,-0.0578916,-0.615944,,1.85346,1.06224
19,-1.5,,1001.62,8.1992,36761.3,,0,0,,0,0
19,-1,,1003.64,43.7583,83118.9,,0,0,,0,0
19,-0.5,,1000.87,93.6596,19681.2,,0,0,,0,0
18.8682,0.00561873,,1001.84,73.527,41663.8,,-0.508865,-0.0707871,,1.3247,4.79012
18.8658,0.55217,,1002.64,35.5632,60027.4,,-0.172111,-0.481472,,3.21622,8.849
18.8843,0.925313,,1001.03,101.491,23265.8,,0.0159585,0.276988,,3.2526,5.8037
18.8763,1.69184,,1002.25,82.6035,51145.6,,-0.313123,0.0321555,,2.89929,4.40615
18.8329,1.7159,,1002.51,85.1301,57120.9,,-0.490036,-0.819595,,3.09848,4.84171
18.876,2.63082,,999.042,53.5979,-21563.2,,-0.331906,0.199797,,0.247777,8.18828
18.8,2.88888,,1002.34,74.0177,53208,,-0.495243,-0.585149,,2.32685,8.01815
18.8733,3.49174,,998.539,63.7623,-32812.5,,-0.443127,-0.227241,,0.0411418,4.95231
18.824,4.02002,,1000.66,49.0603,14888.9,,-0.524147,-0.360791,,1.06691,5.37012
18.8353,4.43362,,999.584,66.5738,-9368.25,,-0.460257,-0.332629,,-0.137154,6.86848
18.8578,5.05026,,999.417,61.6367,-13126.1,,-0.491802,-0.2782,,0.399761,6.6457
18.8377,5.4075,,1000.17,38.4349,3882.55,,-0.529412,-0.638339,,1.62347,7.30465
18.8518,6.02343,,998.571,36.5571,-32094.1,,-0.499261,-0.186662,,-0.719584,4.88896
18.8575,6.46256,,1001.02,38.2014,23099.5,,-0.480218,-0.662417,,-0.845993,5.0862
18.8538,6.95573,,998.708,30.2011,-29045.1,,-0.52647,-0.415731,,-0.221671,6.94054
18.8603,7.51392,,999.051,23.1923,-21358.9,,-0.451983,-0.404986,,1.24314,4.2377
18.8652,7.94031,,1000.36,13.0035,8046.27,,-0.403547,-0.631291,,1.19321,5.59792
18.8673,8.49192,,998.387,22.7822,-36225.3,,-0.458518,-0.309302,,-0.292436,6.03186
18.8769,8.97727,,1000.1,30.1864,2356.83,,-0.391247,-0.596969,,1.01504,2.63046
18.8786,9.45914,,999.398,17.5352,-13569.5,,-0.370186,-0.508852,,1.88483,2.68653
18.8817,9.99405,,999.18,18.6765,-18455.6,,-0.337849,-0.436988,,2.02212,2.11124
18.8906,10.4634,,1000.49,13.7024,11049.7,,-0.286601,-0.61831,,2.10552,2.06544
18.8913,10.9751,,999.375,14.1874,-14069.2,,-0.318703,-0.424169,,1.47459,2.12659
18.8979,11.4825,,1000.02,33.6237,490.707,,-0.271469,-0.519201,,1.36756,0.179174
18.9065,11.9653,,1000.16,33.8473,3713.95,,-0.217525,-0.549168,,1.50476,0.0185569
18.9077,12.4823,,999.839,29.443,-3641.71,,-0.220888,-0.482193,,1.41616,-0.128252
18.914,12.9746,,1000.72,28.7598,16317.6,,-0.207609,-0.605979,,0.796217,0.130585
18.9198,13.4711,,1000.15,24.3765,3281.43,,-0.201598,-0.527721,,0.33287,-0.346198
18.9233,13.9844,,1000.64,20.8229,14378.5,,-0.135583,-0.538985,,0.997229,-2.57077
18.9291,14.4708,,1001.28,21.0489,29103.4,,-0.092459,-0.573291,,1.17465,-1.31049
18.9344,14.9723,,1000.29,21.8272,6482.73,,-0.1454,-0.542764,,0.172421,0.0411799
18.9432,15.488,,1001.22,0.0963303,27587.8,,-0.077618,-0.625938,,-0.0020264,0.371632
18.9444,15.9707,,1001.4,1.89882,31634.8,,-0.00476068,-0.49706,,0.941773,2.11432
18.9434,16.4651,,999.442,36.2286,-12575.3,,-0.1014,-0.553102,,0.886712,-0.464844
18.963,16.9929,,1000.55,6.87541,12503.5,,-0.0388541,-0.739117,,-0.327454,-1.34893
18.9676,17.4819,,1001.97,-17.2196,44616.2,,0.0862946,-0.4522,,-0.306868,4.85503
18.9522,17.9599,,999.967,21.3369,-741.219,,-0.0477559,-0.499422,,0.734087,4.59467
18.9667,18.4824,,999.193,20.1978,-18167.6,,-0.144352,-0.778784,,0.0981248,-1.19888
18.9915,18.9873,,1000.96,-6.95209,21621.6,,-0.0489568,-0.535995,,-1.73591,0.251469
18.987,19.4754,,1000.76,16.3785,17269.5,,0.0517741,-0.494819,,-0.819465,2.68253
18.973,19.9808,,1001,25.0836,22533.3,,0.0344885,-0.604069,,1.47425,2.44224
18.9796,20.464,,1000.41,16.0611,9175.03,,-0.0494341,-0.532785,,2.24734,3.24677
18.9994,20.9772,,998.248,11.3963,-39318.8,,-0.159449,-0.685934,,0.681887,1.38056
19.0065,21.5012,,1001.01,1.27452,22784.5,,-0.151954,-0.505861,,-1.74148,2.22622
19.0457,21.9761,,999.024,-12.0923,-21956.8,,0.108277,-0.41039,,-2.48175,3.25021
19.0306,22.437,,999.679,21.9769,-7225.24,,0.169898,-0.615472,,-0.405805,-1.18125
18.986,22.9469,,1000.23,9.46907,5110,,-0.0198216,-0.55588,,1.47123,-0.223882
19.5,-1.5,,1002.07,8.44553,46994.6,,0,0,,0,0
19.5,-1,,1004.32,43.2197,98700.7,,0,0,,0,0
19.5,-0.5,,1002.39,86.1765,54205,,0,0,,0,0
19.6449,-0.0148747,,1003.34,67.6975,76010.7,,0.15765,-0.169628,,-3.75818,5.97128
19.7174,0.524334,,1002.62,27.0402,59610,,0.365597,-0.33458,,-1.66406,10.6709
19.6069,0.842838,,1000.21,55.96,4781.07,,-0.114495,0.149265,,-3.1045,7.37019
19.5688,1.75426,,999.874,34.9756,-2834.84,,-0.273487,0.0651162,,-3.53137,4.30103
19.7264,1.65673,,1004.63,73.7298,106001,,0.307739,-1.15472,,-4.64828,5.00151
19.6873,2.6565,,1000.8,60.6703,18153.4,,0.328605,0.252308,,-1.17722,4.71701
19.7371,2.87594,,1003.53,58.0577,80433,,0.558998,-0.765275,,-0.574419,5.96506
19.6805,3.53752,,1000.84,31.189,19028.7,,0.324557,-0.154199,,-1.87344,5.69656
19.72,3.97818,,1001.77,39.0037,40052.9,,0.45923,-0.495891,,-1.09409,4.64341
19.7028,4.44194,,1001.12,43.5379,25305.8,,0.345066,-0.280045,,-1.4476,7.04084
19.6817,5.05786,,1000.82,27.7713,18545.9,,0.313373,-0.311747,,-1.66555,7.8949
19.6987,5.3819,,1001.46,15.7861,33115.8,,0.358552,-0.649684,,-1.80449,8.61369
19.6782,6.03655,,999.359,14.0209,-14440,,0.327939,-0.123013,,-0.823548,3.89255
19.6713,6.4552,,1001.99,10.355,45104.8,,0.273561,-0.732614,,-1.79392,5.15031
19.6687,6.952,,999.747,-2.06353,-5701.61,,0.2916,-0.367992,,-1.3882,9.12142
19.6596,7.5205,,999.115,0.815687,-19924.8,,0.261606,-0.352036,,-1.31429,5.03691
19.6533,7.93512,,1000.87,-7.97123,19686.6,,0.192679,-0.660326,,-1.94979,5.05008
19.6465,8.49331,,998.974,-10.8471,-23080.3,,0.220175,-0.312336,,-1.03263,6.37624
19.6369,8.97905,,1000.11,-4.83558,2509.34,,0.163287,-0.583678,,-1.56374,3.97314
19.6321,9.45631,,999.47,-9.05753,-11942.9,,0.141822,-0.45893,,-1.73101,3.74014
19.6256,9.99656,,998.89,5.43429,-24959.2,,0.150846,-0.368834,,-1.41494,2.93641
19.6171,10.4642,,999.996,2.95205,-79.3839,,0.118336,-0.614514,,-1.15184,2.24866
19.6123,10.9754,,998.777,-7.26114,-27496.8,,0.122146,-0.42568,,-0.8346,1.50514
19.6058,11.4876,,999.543,9.19751,-10302.8,,0.0950669,-0.488726,,-1.06676,0.319543
19.5986,11.9668,,999.873,15.1629,-2873.32,,0.0604894,-0.535004,,-0.278308,1.09913
19.5929,12.4826,,999.075,10.1984,-20812.4,,0.0628586,-0.463523,,0.978588,0.450859
19.5875,12.979,,999.933,7.04433,-1503.69,,0.0657141,-0.569981,,1.28314,0.206
19.5828,13.4727,,999.489,10.0114,-11508.6,,0.0809253,-0.471016,,1.97524,0.895622
19.5753,13.9836,,999.247,20.0663,-16942.1,,0.067388,-0.509312,,3.31219,-1.19024
19.5696,14.475,,999.853,24.3015,-3322.55,,0.0267649,-0.604889,,3.82261,-1.91791
19.5684,14.9794,,999.607,26.8249,-8851.89,,0.0482718,-0.50212,,3.44549,-1.06076
19.559,15.4847,,1000.15,15.8561,3456.65,,0.0621187,-0.57821,,2.6729,-0.109239
19.5505,15.9681,,999.739,16.809,-5877.85,,-0.0195179,-0.583337,,1.12944,1.01345
19.5602,16.4828,,998.953,46.2996,-23557.3,,-0.0190145,-0.524209,,0.00608704,-1.47844
19.5553,16.9954,,1000.83,28.6663,18820.9,,0.0644562,-0.603773,,0.759818,-1.07589
19.5314,17.4628,,1000.67,-4.91185,15076.9,,-0.0265939,-0.557646,,1.01367,4.91561
19.5415,17.9722,,998.031,2.09252,-44170,,-0.125423,-0.616529,,-0.761507,3.42527
19.5579,18.5049,,999.934,-4.03958,-1478.12,,0.0192405,-0.659302,,-1.27657,-2.4942
19.5374,18.9813,,1001.69,-9.16431,38222.9,,0.094911,-0.411908,,0.312651,1.17933
19.5135,19.457,,999.554,8.36135,-10049,,-0.0700726,-0.567478,,1.6489,4.78002
19.5166,19.9831,,998.906,-4.88486,-24609.9,,-0.213814,-0.73849,,1.40239,2.62755
19.5482,20.4912,,999.735,-19.5899,-5977.74,,-0.146718,-0.528957,,-0.290035,1.49103
19.5289,20.9703,,999.121,-11.0214,-19780.5,,-0.0403542,-0.646937,,-0.245278,-0.202576
19.5003,21.5089,,1001.87,-20.1405,42341.3,,-0.0542276,-0.428442,,-0.717464,0.747999
19.5464,21.9724,,999.877,-11.6631,-2775.24,,-0.0321014,-0.598517,,-0.974055,5.30187
19.5817,22.4777,,999.578,-10.2401,-9503.12,,0.111475,-0.29084,,0.349174,0.415997
19.5304,22.9903,,1000.08,5.88596,1885.38,,0.110989,-0.308542,,1.00112,-1.74171
20,-1.5,,1001.93,8.29792,43757.7,,0,0,,0,0
20,-1,,1004.23,48.5554,96627.1,,0,0,,0,0
20,-0.5,,1003.71,110.609,84569.5,,0,0,,0,0
19.837,-0.0815332,,1005.45,91.8571,124893,,0.0539592,-0.202294,,2.67613,3.7654
19.918,0.548408,,1004.86,45.185,111282,,0.450271,-0.290627,,3.27377,10.603
20.0438,0.894958,,1003.05,76.3556,69403.9,,0.888196,0.0569846,,5.87364,3.14902
19.8554,1.75168,,1004.81,35.1355,110114,,-0.191023,0.391582,,0.12116,7.71391
19.794,1.84014,,1002.39,36.3699,54303.7,,-0.26449,-0.30106,,-0.949599,7.42424
19.9304,2.65456,,1003.58,81.6039,81541.4,,0.37322,0.175519,,6.77722,4.19905
19.7804,2.8404,,1004.13,49.2553,94445.9,,-0.380748,-0.872412,,0.971401,5.35217
19.8439,3.54208,,1003.47,48.3088,79013.8,,0.00736035,-0.0852775,,3.84233,5.81434
19.8381,3.97426,,1004.2,46.4093,95876.4,,-0.0952764,-0.568413,,2.04857,4.37065
19.8343,4.44004,,1003.43,51.5364,78168.6,,-0.133513,-0.268042,,2.35452,7.23911
19.8427,5.05951,,1003.13,42.5977,71289.5,,-0.0543127,-0.293027,,2.48152,7.23056
19.8396,5.40038,,1003.75,27.6415,85560.5,,-0.0790371,-0.591147,,1.45413,8.80881
19.8462,6.02681,,1001.73,28.973,39195,,-0.107558,-0.150031,,2.28517,3.94129
19.8491,6.46773,,1004.46,33.303,102081,,-0.0670183,-0.6741,,2.23285,5.04339
19.8595,6.95774,,1002.73,25.7366,62020.7,,-0.0311459,-0.346188,,1.76324,9.32535
19.8593,7.51798,,1001.94,23.138,44069.3,,-0.0893562,-0.378472,,0.956981,4.45032
19.8702,7.9454,,1003.94,15.932,89913.2,,-0.0511791,-0.617812,,0.993451,5.39292
19.8712,8.4921,,1001.75,13.6794,39637.1,,-0.041602,-0.306459,,1.43657,6.48708
19.8757,8.98226,,1002.61,21.3102,59452.4,,0.00186892,-0.575761,,0.666742,3.37154
19.8868,9.46192,,1002.33,14.3226,52896.6,,0.0017982,-0.446633,,-0.761756,3.58819
19.8873,9.99565,,1001.51,21.3371,34168.4,,-0.0528506,-0.37326,,-1.41522,2.89577
19.8955,10.4677,,1002.46,18.8193,55908,,-0.0130501,-0.597079,,-1.30318,2.41885
19.9014,10.9769,,1001.26,5.81548,28645.3,,-0.0147542,-0.422283,,-1.44716,1.4801
19.9039,11.4876,,1001.72,16.1347,39012.9,,-0.0131259,-0.491634,,-1.45658,0.395679
19.911,11.968,,1001.79,17.5344,40532.8,,0.00863957,-0.536634,,-0.949414,1.81983
19.9135,12.4829,,1000.69,11.4453,15671.5,,-0.0125756,-0.456906,,-0.59821,0.741782
19.9199,12.9811,,1001.57,14.2271,35671,,0.0264425,-0.546463,,-0.86917,0.114972
19.9275,13.4726,,1001.14,16.9409,25835.7,,0.0334324,-0.482319,,-1.2527,1.32698
19.9289,13.9822,,1000.48,18.7101,10847.9,,-0.0279346,-0.534827,,-1.22749,-0.709386
19.9361,14.4778,,1001.07,21.5522,24170.4,,-0.00497047,-0.587794,,-1.23229,-1.90968
19.9425,14.9783,,1000.71,27.3724,16014.7,,0.0483474,-0.478256,,-1.29791,-1.33765
19.9415,15.4796,,1000.6,16.3209,13641.4,,0.0311572,-0.611685,,-1.92529,-1.1507
19.9493,15.9751,,1000.75,13.1096,17025.5,,0.00987184,-0.611411,,-3.33462,-0.183629
19.9614,16.4876,,1000.95,42.7176,21522.5,,0.0738054,-0.459069,,-2.90783,-0.828871
19.9539,16.9766,,1001.18,23.9531,26759.4,,0.0829649,-0.647039,,-1.14275,-0.461143
19.9536,17.4671,,1000.37,-22.9293,8275.57,,-0.0386132,-0.680184,,-2.26998,3.31101
19.9817,17.9952,,1000.41,-7.69142,9312.38,,0.0362327,-0.495398,,-4.15286,2.53389
19.9788,18.4835,,1001.36,12.5385,30881.7,,0.210711,-0.566034,,-2.00876,-0.577276
19.9592,18.9658,,1000.89,2.31608,20238.5,,0.0662176,-0.584166,,0.0351152,2.23008
19.9858,19.4765,,999.18,-5.16265,-18449.7,,-0.065474,-0.667654,,-1.05829,4.27298
20.0109,19.9948,,1000.14,-25.1241,3203.95,,0.0701287,-0.696894,,-2.09153,1.56043
20.0035,20.4914,,1001.8,-9.1749,40865.2,,0.179385,-0.383365,,-0.859135,2.18529
19.987,20.9337,,1000.64,13.0425,14574.7,,0.18645,-0.6094,,1.60945,1.84281
19.9818,21.4971,,999.597,-11.1022,-9081.02,,0.00174852,-0.66698,,3.51553,0.613906
20.0409,21.9319,,1001.45,-7.51999,32862.9,,-0.161516,-0.643251,,3.3048,5.39157
20.099,22.5447,,999.088,-2.14657,-20526.8,,0.10668,-0.166854,,2.47188,-3.61501
20.031,23.0563,,1000.09,-0.895989,2136.52,,0.112123,-0.171285,,0.390064,-2.28459
20.5,-1.5,,1001.13,3.87679,25538.3,,0,0,,0,0
20.5,-1,,1002.08,38.7087,47299.4,,0,0,,0,0
20.5,-0.5,,1000.97,103.329,22019.5,,0,0,,0,0
20.8613,-0.123744,,1004.11,84.1906,93902.8,,0.225076,-0.00656099,,-3.14681,-0.257941
20.7004,0.441851,,999.487,40.3074,-11556.4,,0.350145,-0.623196,,1.72959,10.0719
20.3365,1.14499,,1003.32,120.083,75754.3,,-0.323088,0.352837,,8.61084,-1.5133
20.5608,1.54398,,1003.41,87.9186,77680.5,,-0.0844731,-0.68159,,4.36668,3.92098
20.6405,1.80012,,999.368,49.2627,-14236.9,,-0.104807,-0.291618,,1.18814,9.97959
20.542,2.66274,,1000.28,86.0186,6414.5,,-0.0917907,0.186518,,6.71263,6.2732
20.6586,2.7494,,1001.7,46.2532,38599.9,,0.193339,-1.28066,,3.08043,5.38995
20.5794,3.51788,,998.755,55.4403,-27984.8,,-0.0644786,-0.125439,,4.73874,4.52297
20.5962,4.01403,,1001.85,65.0087,41904,,0.0683758,-0.523309,,4.99411,3.69648
20.5917,4.39147,,999.67,56.5103,-7432.08,,-0.0136874,-0.494054,,4.37526,6.17374
20.5757,5.09017,,999.459,64.3606,-12186.9,,-0.0104757,-0.0666565,,4.45574,6.25526
20.5915,5.40705,,1001.23,48.9789,27790.9,,0.0265138,-0.759631,,3.45554,5.84822
20.5716,6.0087,,998.826,34.6806,-26398.3,,-0.112316,-0.256151,,3.38244,4.78005
20.5754,6.4979,,1000.61,45.0167,13880.6,,-0.0564295,-0.46744,,4.29606,5.36103
20.5754,6.94952,,999.191,43.5686,-18211.2,,-0.0512455,-0.463374,,3.56348,6.88413
20.5656,7.51962,,999.345,33.8245,-14755.6,,-0.101336,-0.371102,,3.21489,4.56617
20.5679,7.9592,,1000.52,16.3322,11638.8,,-0.074166,-0.569463,,3.39796,5.23693
20.5655,8.48584,,998.328,25.6103,-37536.7,,-0.0775157,-0.312565,,2.54115,5.14297
20.561,8.99456,,999.563,37.8574,-9856.61,,-0.0819112,-0.508995,,1.7941,1.35642
20.5622,9.46796,,999.686,20.5166,-7086.08,,-0.0716741,-0.51892,,1.37555,1.48014
20.558,9.99447,,999.255,21.9332,-16769,,-0.0805456,-0.398018,,1.21539,2.53309
20.5547,10.4782,,999.989,21.8949,-237.119,,-0.0671023,-0.552297,,1.30844,2.19787
20.5551,10.98,,999.243,14.9696,-17035.7,,-0.0572264,-0.432826,,1.42305,1.24358
20.5515,11.4908,,999.849,21.7992,-3409.16,,-0.0570184,-0.46275,,1.6859,0.504698
20.5495,11.9746,,999.763,15.7341,-5348.21,,-0.0536862,-0.540873,,1.14964,1.23993
20.549,12.4867,,999.075,13.8735,-20813.2,,-0.0529157,-0.448201,,0.169605,0.0897473
20.5455,12.9872,,1000.13,23.8605,3041.6,,-0.0369508,-0.51275,,-0.0941655,-0.539909
20.5427,13.4772,,999.861,19.952,-3125.78,,-0.0505187,-0.541755,,-0.597681,0.234728
20.5424,13.9885,,999.684,11.4248,-7129.96,,-0.0551294,-0.527263,,-1.49162,-1.30874
20.5405,14.4846,,1000.52,15.8263,11691.5,,-0.0166715,-0.514981,,-1.72253,-1.80447
20.5367,14.9792,,1000.01,21.9136,233.737,,-0.0375152,-0.502708,,-1.65964,-1.45362
20.5369,15.4862,,999.983,6.7796,-373.667,,-0.055574,-0.61102,,-1.54985,-1.72911
20.536,15.9863,,1000.87,4.68517,19574.2,,-0.0096505,-0.528809,,-0.812632,0.404172
20.528,16.4827,,1000.62,31.0414,14115.5,,-0.015228,-0.454369,,0.256237,1.11743
20.5266,16.9733,,999.62,11.7555,-8561.42,,-0.0464667,-0.732283,,0.164956,-0.787119
20.5354,17.494,,1000.29,-26.1583,6536.47,,0.0144791,-0.602691,,-0.958875,1.38673
20.5283,17.9975,,1001.39,8.29121,31518,,0.0741111,-0.33652,,-0.649368,3.97388
20.5095,18.4535,,999.919,30.6042,-1829.03,,-0.036025,-0.709325,,0.164772,1.64111
20.5261,18.9998,,999.116,8.57126,-19889.2,,-0.119815,-0.675356,,-0.857985,1.32546
20.5474,19.5095,,1000.94,6.96541,21325.8,,0.0625457,-0.462274,,-1.56644,3.43257
20.5089,19.9589,,1000.51,3.98526,11428.5,,0.104557,-0.652185,,-0.27707,2.96245
20.4879,20.4985,,1000.32,22.3729,7123.87,,-0.108048,-0.479813,,0.723923,3.87844
20.533,20.9444,,999.4,32.0092,-13508.8,,-0.169889,-0.684121,,0.523917,3.81869
20.5638,21.5252,,996.737,3.53656,-72915.5,,-0.118135,-0.824122,,0.260071,0.217308
20.4637,21.8567,,1001.18,-9.20401,26644.5,,-0.281401,-0.61005,,1.73125,3.74884
20.4098,22.5548,,998.881,-4.78632,-25160.5,,-0.261372,-0.406816,,3.72616,-5.0054
20.4525,23.0628,,1000.34,-9.64899,7626.6,,-0.159243,-0.461513,,5.02643,-0.45115
21,-1.5,,1001.58,5.22467,35884.9,,0,0,,0,0
21,-1,,1002.83,38.1265,64493.9,,0,0,,0,0
21,-0.5,,1002.35,91.2042,53337.8,,0,0,,0,0
20.5192,0.231853,,1002.4,73.2766,54456.4,,-0.626081,0.0771471,,7.9856,9.48303
21.1016,0.427179,,1004.41,24.9509,100771,,0.19257,-0.215402,,-7.73249,14.974
21.1442,0.742805,,999.599,40.6865,-9045.37,,0.767595,-0.25974,,-3.0535,7.57848
20.9808,1.68035,,1003.27,53.9625,74534.4,,0.168606,-0.20294,,-5.24217,6.95115
20.9922,1.70988,,1002.8,60.2191,63765.5,,0.12804,-0.753729,,-5.24593,7.89211
20.9875,2.6886,,1000.84,55.7475,19043.7,,0.242838,0.36372,,-5.48738,6.17276
20.8894,2.85527,,1003.9,31.9569,89116.7,,-0.102849,-1.075,,-4.57444,4.62413
20.9985,3.55042,,1001.59,19.1545,36135.1,,0.193775,0.02328,,-6.52131,5.48302
20.9315,4.04715,,1003.03,34.93,68949.6,,-0.0298004,-0.449094,,-5.03248,3.87862
20.9597,4.44119,,1002.15,29.487,48900,,0.0893862,-0.369823,,-4.86799,6.71631
20.9725,5.10656,,1000.97,28.3689,21885.9,,0.112786,-0.0744532,,-4.0716,5.92788
20.9401,5.45211,,1003.15,19.1529,71722.5,,-0.0138554,-0.671066,,-3.59308,5.39528
20.9734,6.04528,,1001.42,0.0248281,32072.2,,0.145723,-0.162998,,-3.17783,5.29689
20.9556,6.52446,,1002.13,10.6264,48383.9,,0.0485183,-0.410001,,-3.33635,5.45816
20.9629,6.99627,,1001.55,12.5291,35155.3,,0.0722012,-0.338364,,-2.97606,6.84018
20.9661,7.54648,,1001.06,-2.16382,23885.4,,0.0901757,-0.326534,,-2.27004,4.63485
20.959,7.99565,,1001.97,-11.5437,44708.2,,0.069686,-0.46025,,-2.44707,5.03344
20.9686,8.52261,,1000.61,-2.31478,13694.4,,0.0687646,-0.241949,,-3.1948,4.41183
20.9642,9.02061,,1001.36,2.33281,30889.7,,0.00351369,-0.46159,,-2.6057,1.57747
20.9635,9.50122,,1001.44,-7.41604,32594.2,,0.0297825,-0.397652,,-0.906695,2.20164
20.9663,10.0209,,1000.76,4.33552,17221.2,,0.0830202,-0.318509,,-0.0291936,2.71233
20.9644,10.5036,,1001.17,12.5189,26453,,0.0784071,-0.484195,,0.0885456,2.38657
20.9669,11.0064,,1000.69,9.49508,15510.2,,0.0704492,-0.363525,,0.979116,1.77752
20.9665,11.5106,,1000.99,15.1522,22359.1,,0.0560863,-0.413979,,2.07295,0.666873
20.9677,11.9963,,1001.06,12.7067,24072.6,,0.0596609,-0.484646,,1.93706,0.471361
20.9716,12.5052,,1000.75,15.3165,16965.8,,0.0695569,-0.39095,,1.43019,-0.271315
20.9693,12.9997,,1001.19,25.3283,26843.2,,0.0590834,-0.471824,,1.83932,-0.257601
20.9701,13.4921,,1000.73,20.9417,16466.5,,0.0617141,-0.504839,,2.1683,-0.128494
20.9741,14.0014,,1000.76,16.2442,17280,,0.094463,-0.464972,,2.04606,-1.66149
20.9721,14.4917,,1001.25,21.5282,28312.9,,0.0902292,-0.497993,,2.1589,-1.71711
20.9727,14.9891,,1000.7,18.5642,15835.1,,0.0265656,-0.521749,,2.10116,-1.44232
20.9789,15.4957,,1000.93,0.387031,20972.4,,0.0351378,-0.55874,,2.36543,-1.14455
20.9768,15.9859,,1001.22,-1.51519,27717.3,,0.0647719,-0.514938,,3.0816,1.16983
20.9737,16.4863,,1000.4,14.1621,8983.78,,-0.0317577,-0.497508,,2.22889,0.606368
20.9866,16.9871,,1000.22,0.421973,4897.24,,-0.0262544,-0.657256,,0.407765,-1.79686
20.99,17.4911,,1001.35,-11.3456,30600.3,,0.114634,-0.536911,,0.833613,1.67606
20.9744,17.9849,,1000.97,6.62951,21889.2,,0.0104214,-0.446212,,1.63717,4.35239
20.9881,18.4666,,999.003,-0.430938,-22435.1,,-0.15035,-0.788459,,-0.474258,0.209725
21.0111,19.0145,,1001,-9.87943,22604.9,,0.0350636,-0.530665,,-1.43788,0.911583
20.9925,19.4865,,1001.75,8.4056,39756.5,,0.125914,-0.385845,,1.08845,5.18645
20.9871,19.9481,,999.02,1.11273,-22055.1,,-0.119516,-0.819843,,1.45166,3.375
21.0254,20.529,,999.689,-6.85651,-7014.5,,-0.169107,-0.564167,,-0.772398,2.76286
21.0615,20.9755,,1000.42,-5.23834,9452.95,,0.0621921,-0.714158,,-0.305085,2.79661
21.0365,21.4785,,1000.04,-3.80389,927.331,,0.0023455,-0.739455,,0.362249,1.58206
21.0331,21.9644,,1002.48,-55.1331,56348.9,,-0.247331,0.339924,,-0.0274437,11.1306
21.1216,22.5031,,998.419,-70.1365,-35505,,0.420888,-0.82303,,7.90147,0.732972
21.5615,22.9759,,1000.45,21.3422,10220.2,,1.83612,-0.734068,,8.81145,10.7485
21.5,-1.5,,1001.57,10.2388,35627.8,,0,0,,0,0
21.5,-1,,1002.26,51.1772,51327.8,,0,0,,0,0
21.5,-0.5,,1003.12,108.945,70948.6,,0,0,,0,0
21.5107,-0.0300395,,1006.59,104.975,151620,,0.170527,-0.344424,,13.9492,-5.5758
21.2574,1.04079,,1002.54,84.9909,57686.8,,-0.296713,0.610264,,-1.11825,-3.29269
21.6173,0.630327,,1004.18,69.747,95545.9,,0.126579,-0.194696,,11.4426,11.3723
21.5862,1.69837,,1005.77,82.1356,132482,,0.298268,-0.123087,,8.51714,4.21967
21.4937,1.88292,,1003.18,56.7157,72324.8,,0.114192,-0.124406,,3.85054,11.1339
21.4707,2.66924,,1001.78,80.4403,40463.7,,-0.0995231,0.437728,,2.13059,5.79751
21.5643,2.99452,,1005.13,65.9036,117527,,0.223758,-0.65947,,6.072,4.60967
21.4674,3.50569,,1002.17,45.1599,49352.4,,-0.0727553,-0.141845,,2.85272,6.79032
21.5257,4.09553,,1003.27,54.053,74510.6,,0.251548,-0.102195,,5.6299,4.15995
21.5302,4.48524,,1002.29,45.1388,51946.9,,0.120261,-0.426423,,3.30283,6.22655
21.4943,5.06363,,1001.85,36.9684,41922.8,,-0.0920471,-0.160632,,2.57859,8.0618
21.5229,5.51148,,1002.62,29.2064,59619.5,,0.0898123,-0.358651,,4.8529,6.7274
21.5115,6.03876,,1001.13,22.5424,25485.7,,0.0772127,-0.239483,,4.24035,4.59022
21.5125,6.53717,,1002.34,25.302,53199.8,,0.0620225,-0.384393,,3.24955,5.17459
21.5164,7.01859,,1001.44,17.6215,32624.1,,-0.0234598,-0.349895,,2.28926,7.11258
21.5068,7.54395,,1000.99,10.1107,22417.7,,-0.0229445,-0.290979,,2.34836,4.91603
21.5135,8.02201,,1001.61,7.54415,36446.4,,0.0824129,-0.377237,,1.62221,3.7419
21.5126,8.53262,,1000.9,9.06244,20471.8,,0.0229343,-0.327633,,0.123425,4.11633
21.5079,9.02968,,1001.24,0.937576,28181.8,,-6.7061e-05,-0.429344,,0.889007,3.64231
21.5108,9.52108,,1000.73,-4.10218,16594.5,,0.0281311,-0.32417,,1.65325,3.28663
21.5101,10.0327,,1000.34,15.4468,7615.82,,-0.00706954,-0.309842,,0.362097,1.94103
21.5126,10.5217,,1000.72,20.7101,16319.3,,-0.0222922,-0.46423,,-1.18298,2.25027
21.5123,11.0208,,1000.18,12.1328,3958.04,,-0.0589113,-0.373213,,-1.04586,3.24012
21.5077,11.5235,,1000.13,16.3683,3018.01,,-0.0544522,-0.371894,,0.441289,1.73556
21.51,12.0176,,1000.27,21.5585,6008.74,,0.0127794,-0.416985,,0.921351,0.0472868
21.51,12.5199,,1000.2,28.3858,4586.99,,0.0167193,-0.386305,,0.571075,-0.366044
21.5074,13.0143,,1000.24,33.5992,5306.92,,-0.0123957,-0.458865,,0.330338,0.0186506
21.5106,13.5141,,999.838,30.0123,-3643.91,,-0.0202124,-0.453063,,-0.418717,-0.456851
21.5114,14.0167,,999.98,30.6799,-460.36,,-0.0157105,-0.423489,,-0.88923,-1.64696
21.5081,14.5056,,1000.05,32.3458,1174.83,,-0.0209447,-0.514831,,-0.872719,-1.80097
21.5092,15.0123,,999.794,25.1713,-4637.66,,-0.0271088,-0.498997,,-1.47883,-1.82495
21.5116,15.5138,,1000.23,16.8657,5303.64,,0.0509264,-0.447876,,-1.89225,-0.752651
21.5084,15.9966,,999.926,15.4792,-1678.97,,0.0983982,-0.540704,,-2.34537,0.356432
21.5081,16.512,,999.518,18.3022,-10852.1,,0.0154866,-0.554199,,-4.41606,-2.00721
21.5139,17.0137,,1000.55,18.1168,12326,,0.0623328,-0.467626,,-5.15946,-1.5789
21.5048,17.4892,,1000.7,18.1693,15795.6,,0.139911,-0.527539,,-3.12429,3.37163
21.4972,18.0075,,999.355,10.1405,-14524.8,,-0.0475569,-0.667036,,-3.50093,2.17701
21.5241,18.5207,,999.801,-10.8929,-4495.11,,0.0302248,-0.537966,,-5.69735,-1.42279
21.5127,18.9987,,1001.53,-2.04643,34687.6,,0.311284,-0.346729,,-2.58708,4.39187
21.4708,19.4899,,1000.04,8.90882,992.538,,-0.0465255,-0.739212,,0.938292,6.59296
21.5237,20.0513,,998.526,-29.1437,-33106.1,,-0.305751,-0.672511,,-2.5467,0.225684
21.5554,20.5458,,1001.57,-13.8113,35671.7,,0.382321,-0.00718319,,-1.05827,6.06611
21.4507,20.9927,,1000.55,-8.80146,12337.8,,0.32533,-0.794682,,5.75616,5.84432
21.478,21.6687,,1002.73,-8.55334,62105.1,,-0.877464,-0.6263,,3.79701,-0.98091
21.6044,22.1454,,995.515,27.6497,-99835.7,,-0.449508,-0.857978,,-4.89461,3.02003
21.2007,22.4983,,999.198,83.9725,-18048.9,,-0.131484,-1.26329,,7.22247,8.38828
20.7885,23.0335,,1000.6,-2.90906,13493.9,,-1.33786,-0.709976,,12.2861,2.99255
22,-1.5,,1000.58,7.17249,13008.7,,0,0,,0,0
22,-1,,1000.9,36.7692,20261.4,,0,0,,0,0
22,-0.5,,1000.57,88.7186,12956.9,,0,0,,0,0
22,0,,1003.16,102.497,71899.9,,0,0,,0,0
22,0.5,,1002.44,79.6139,55537.1,,0,0,,0,0
22,1,,999.988,92.2556,-264.026,,0,0,,0,0
22,1.5,,1003.02,96.4254,68789.2,,0,0,,0,0
22,2,,1001.19,70.8891,26918,,0,0,,0,0
22,2.5,,999.537,79.7328,-10442.8,,0,0,,0,0
22,3,,1002.35,76.7415,53421.2,,0,0,,0,0
22,3.5,,1000.54,60.845,12299,,0,0,,0,0
22,4,,1000.01,66.5562,277.952,,0,0,,0,0
22,4.5,,1001.6,57.7848,36240.6,,0,0,,0,0
22,5,,1000.58,40.2735,13106.2,,0,0,,0,0
22,5.5,,1000.3,37.2087,6777.56,,0,0,,0,0
22,6,,999.98,40.9333,-444.023,,0,0,,0,0
22,6.5,,1000.54,36.8236,12259.1,,0,0,,0,0
22,7,,1000.25,22.4818,5742.88,,0,0,,0,0
22,7.5,,999.655,19.1018,-7785.8,,0,0,,0,0
22,8,,1000.13,24.4255,2935.51,,0,0,,0,0
22,8.5,,999.96,22.6817,-892.476,,0,0,,0,0
22,9,,999.897,11.2832,-2316.85,,0,0,,0,0
22,9.5,,999.598,6.00706,-9055.02,,0,0,,0,0
22,10,,999.675,16.4059,-7332.28,,0,0,,0,0
22,10.5,,1000.24,13.6084,5473.64,,0,0,,0,0
22,11,,999.909,0.911497,-2055.89,,0,0,,0,0
22,11.5,,999.604,4.27685,-8926.49,,0,0,,0,0
22,12,,999.713,14.4266,-6459.25,,0,0,,0,0
22,12.5,,999.824,21.4476,-3979.17,,0,0,,0,0
22,13,,999.861,21.8088,-3129.56,,0,0,,0,0
22,13.5,,999.876,17.8656,-2785.73,,0,0,,0,0
22,14,,1000.19,18.9528,4333.81,,0,0,,0,0
22,14.5,,1000.1,19.1947,2229.26,,0,0,,0,0
22,15,,1000.09,18.7991,1933.14,,0,0,,0,0
22,15.5,,1000.68,24.8149,15383.2,,0,0,,0,0
22,16,,1000.28,28.5244,6230.73,,0,0,,0,0
22,16.5,,1000.2,27.8206,4505.57,,0,0,,0,0
22,17,,1001.29,31.7456,29261.2,,0,0,,0,0
22,17.5,,1000.57,34.038,12891.7,,0,0,,0,0
22,18,,999.546,20.4369,-10220.8,,0,0,,0,0
22,18.5,,1001.21,11.3521,27484.6,,0,0,,0,0
22,19,,1001.45,24.3116,32770.1,,0,0,,0,0
22,19.5,,998.176,8.69303,-40931,,0,0,,0,0
22,20,,999.744,-20.5467,-5767.3,,0,0,,0,0
22,20.5,,1003.07,8.09689,69824.5,,0,0,,0,0
22,21,,997.049,5.45081,-65999.2,,0,0,,0,0
22,21.5,,996.479,-35.8041,-78604.1,,0,0,,0,0
22,22,,1004.14,-31.4741,94622.5,,0,0,,0,0
22,22.5,,1002.17,-34.0279,49257.4,,0,0,,0,0
22,23,,990.101,-89.1545,-216827,,0,0,,0,0
22.5,-1.5,,1000.12,1.69066,2739,,0,0,,0,0
22.5,-1,,1000.62,12.4513,14016.5,,0,0,,0,0
22.5,-0.5,,1000.45,33.3767,10273.4,,0,0,,0,0
22.5,0,,1001.41,45.3259,31999.5,,0,0,,0,0
22.5,0.5,,1001.78,37.9396,40447.6,,0,0,,0,0
22.5,1,,1000.57,41.8282,12777.1,,0,0,,0,0
22.5,1.5,,1002.51,49.8228,56959.2,,0,0,,0,0
22.5,2,,1002.64,41.3445,59987.8,,0,0,,0,0
22.5,2.5,,1001.41,40.7803,31955.7,,0,0,,0,0
22.5,3,,1002.62,37.6847,59667.6,,0,0,,0,0
22.5,3.5,,1001.22,28.5928,27712.6,,0,0,,0,0
22.5,4,,1001.34,35.9532,30307.2,,0,0,,0,0
22.5,4.5,,1002.4,31.6046,54457.3,,0,0,,0,0
22.5,5,,1001.77,18.2315,40152.5,,0,0,,0,0
22.5,5.5,,1001.33,16.6712,30196.1,,0,0,,0,0
22.5,6,,1001.33,21.2752,30187.9,,0,0,,0,0
22.5,6.5,,1001.65,17.6721,37358.3,,0,0,,0,0
22.5,7,,1001.37,7.60862,31019.3,,0,0,,0,0
22.5,7.5,,1001.09,7.30335,24620.1,,0,0,,0,0
22.5,8,,1001.26,12.3498,28591.5,,0,0,,0,0
22.5,8.5,,1001.19,11.7641,27054,,0,0,,0,0
22.5,9,,1001.1,5.81107,24953.8,,0,0,,0,0
22.5,9.5,,1000.97,2.92539,21956,,0,0,,0,0
22.5,10,,1001.15,5.06515,25950.7,,0,0,,0,0
22.5,10.5,,1001.49,0.468389,33787,,0,0,,0,0
22.5,11,,1001.31,-6.87461,29728.1,,0,0,,0,0
22.5,11.5,,1001.06,-4.62422,24040.8,,0,0,,0,0
22.5,12,,1001.06,2.18405,23989.5,,0,0,,0,0
22.5,12.5,,1001.1,5.94969,24848.1,,0,0,,0,0
22.5,13,,1001.11,4.72796,25122.1,,0,0,,0,0
22.5,13.5,,1001.21,2.08607,27504.1,,0,0,,0,0
22.5,14,,1001.39,2.28095,31471.3,,0,0,,0,0
22.5,14.5,,1001.27,2.41698,28697.3,,0,0,,0,0
22.5,15,,1001.28,4.91865,28945.4,,0,0,,0,0
22.5,15.5,,1001.56,12.8424,35475.4,,0,0,,0,0
22.5,16,,1001.31,17.0103,29690,,0,0,,0,0
22.5,16.5,,1001.29,16.158,29205.8,,0,0,,0,0
22.5,17,,1001.69,18.9173,38256.8,,0,0,,0,0
22.5,17.5,,1001.01,20.1207,22883.5,,0,0,,0,0
22.5,18,,1000.66,13.5138,14994,,0,0,,0,0
22.5,18.5,,1001.79,14.3439,40625,,0,0,,0,0
22.5,19,,1001.12,21.7263,25449.4,,0,0,,0,0
22.5,19.5,,999.227,5.88577,-17407.9,,0,0,,0,0
22.5,20,,1001.27,-6.39988,28743.8,,0,0,,0,0
22.5,20.5,,1002.65,15.6037,60302.6,,0,0,,0,0
22.5,21,,998.03,11.9298,-44184.9,,0,0,,0,0
22.5,21.5,,996.531,-38.3993,-77455.7,,0,0,,0,0
22.5,22,,1003,-32.896,68308,,0,0,,0,0
22.5,22.5,,1003.27,41.004,74416.2,,0,0,,0,0
22.5,23,,999.386,92.8727,-13823.5,,0,0,,0,0
23,-1.5,,1000,0,9.82005,,0,0,,0,0
23,-1,,1000.1,1.39914,2206.39,,0,0,,0,0
23,-0.5,,1000.37,5.22632,8307.06,,0,0,,0,0
23,0,,1001.08,7.54701,24377.4,,0,0,,0,0
23,0.5,,1000.97,5.89211,21864.5,,0,0,,0,0
23,1,,1000.41,6.85858,9306.47,,0,0,,0,0
23,1.5,,1001.31,10.5567,29673.2,,0,0,,0,0
23,2,,1001.5,9.66296,33897,,0,0,,0,0
23,2.5,,1000.89,8.86905,20123.5,,0,0,,0,0
23,3,,1001.11,6.30776,25199.6,,0,0,,0,0
23,3.5,,1000.64,4.6179,14519.2,,0,0,,0,0
23,4,,1000.74,7.88145,16701.5,,0,0,,0,0
23,4.5,,1001.17,7.15263,26440.8,,0,0,,0,0
23,5,,1000.81,2.6536,18430.5,,0,0,,0,0
23,5.5,,1000.72,2.56538,16207.5,,0,0,,0,0
23,6,,1000.76,4.11319,17185.1,,0,0,,0,0
23,6.5,,1000.8,2.98019,18205.7,,0,0,,0,0
23,7,,1000.72,0.407813,16345.8,,0,0,,0,0
23,7.5,,1000.65,0.581423,14663.7,,0,0,,0,0
23,8,,1000.68,2.05045,15370.9,,0,0,,0,0
23,8.5,,1000.65,2.08355,14669.2,,0,0,,0,0
23,9,,1000.62,0.887604,14018,,0,0,,0,0
23,9.5,,1000.58,0.195528,13070.9,,0,0,,0,0
23,10,,1000.63,0.414622,14189.2,,0,0,,0,0
23,10.5,,1000.71,-1.05545,16003.5,,0,0,,0,0
23,11,,1000.65,-2.73808,14651.1,,0,0,,0,0
23,11.5,,1000.58,-1.95507,13059.9,,0,0,,0,0
23,12,,1000.56,-0.314152,12677.1,,0,0,,0,0
23,12.5,,1000.56,0.504226,12574.3,,0,0,,0,0
23,13,,1000.55,0.0344632,12457.1,,0,0,,0,0
23,13.5,,1000.57,-0.741843,12889.2,,0,0,,0,0
23,14,,1000.61,-0.704811,13838,,0,0,,0,0
23,14.5,,1000.56,-0.72568,12715,,0,0,,0,0
23,15,,1000.54,0.0492395,12221.3,,0,0,,0,0
23,15.5,,1000.62,2.44799,13945.7,,0,0,,0,0
23,16,,1000.54,3.59335,12218.4,,0,0,,0,0
23,16.5,,1000.51,3.19689,11485,,0,0,,0,0
23,17,,1000.6,3.8887,13472.5,,0,0,,0,0
23,17.5,,1000.38,4.09927,8522.41,,0,0,,0,0
23,18,,1000.32,2.68899,7135.75,,0,0,,0,0
23,18.5,,1000.66,3.9353,14884,,0,0,,0,0
23,19,,1000.38,6.06595,8489.52,,0,0,,0,0
23,19.5,,999.864,1.19661,-3070.79,,0,0,,0,0
23,20,,1000.61,-1.99785,13898.7,,0,0,,0,0
23,20.5,,1001.04,6.66656,23460.9,,0,0,,0,0
23,21,,999.42,4.97409,-13058,,0,0,,0,0
23,21.5,,999.56,-13.2539,-9903.9,,0,0,,0,0
23,22,,1001.02,-15.9862,23125.9,,0,0,,0,0
23,22.5,,1001.1,15.8825,24915,,0,0,,0,0
23,23,,1000.6,38.9743,13632.3,,0,0,,0,0
