h/dp :,2
L2norm Pressure,KE,dp,Nparticles
34666.8,9.54971e+06,0.25,2560

t,6.69
ID,r,z,,rho,drhodt,pressure,,u_r,u_z,velocity,,pairAr,pairAz,totalAr,totalAz,Type
0,0.125,-0.125,,1005.79,0,46230.2,,0,0,0,,0,0,367.713,-9.81,boundary
1,0.375,-0.125,,1005.76,0,45995,,0,0,0,,0,0,121.951,-9.81,boundary
2,0.625,-0.125,,1005.75,0,45883,,0,0,0,,0,0,72.9933,-9.81,boundary
3,0.875,-0.125,,1005.78,0,46146.1,,0,0,0,,0,0,52.4354,-9.81,boundary
4,1.125,-0.125,,1005.87,0,46872.3,,0,0,0,,0,0,41.4212,-9.81,boundary
5,1.375,-0.125,,1005.98,0,47770.1,,0,0,0,,0,0,34.5354,-9.81,boundary
6,1.625,-0.125,,1006.08,0,48609.2,,0,0,0,,0,0,29.7325,-9.81,boundary
7,1.875,-0.125,,1006.15,0,49147.9,,0,0,0,,0,0,26.052,-9.81,boundary
8,2.125,-0.125,,1006.15,0,49170.3,,0,0,0,,0,0,22.9975,-9.81,boundary
9,2.375,-0.125,,1006.1,0,48789.3,,0,0,0,,0,0,20.4182,-9.81,boundary
10,2.625,-0.125,,1006.04,0,48238.2,,0,0,0,,0,0,18.2662,-9.81,boundary
11,2.875,-0.125,,1005.97,0,47729.4,,0,0,0,,0,0,16.503,-9.81,boundary
12,3.125,-0.125,,1005.92,0,47318.4,,0,0,0,,0,0,15.0527,-9.81,boundary
13,3.375,-0.125,,1005.88,0,46996.3,,0,0,0,,0,0,13.8434,-9.81,boundary
14,3.625,-0.125,,1005.84,0,46681.2,,0,0,0,,0,0,12.8027,-9.81,boundary
15,3.875,-0.125,,1005.78,0,46139,,0,0,0,,0,0,11.8384,-9.81,boundary
16,4.125,-0.125,,1005.66,0,45149.8,,0,0,0,,0,0,10.8838,-9.81,boundary
17,4.375,-0.125,,1005.5,0,43862.1,,0,0,0,,0,0,9.9708,-9.81,boundary
18,4.625,-0.125,,1005.34,0,42570.2,,0,0,0,,0,0,9.15549,-9.81,boundary
19,4.875,-0.125,,1005.27,0,41978.8,,0,0,0,,0,0,8.56593,-9.81,boundary
20,5.125,-0.125,,1005.27,0,42055.3,,0,0,0,,0,0,8.16285,-9.81,boundary
21,5.375,-0.125,,1005.31,0,42323.6,,0,0,0,,0,0,7.83259,-9.81,boundary
22,5.625,-0.125,,1005.31,0,42353.4,,0,0,0,,0,0,7.48972,-9.81,boundary
23,5.875,-0.125,,1005.27,0,42031,,0,0,0,,0,0,7.1167,-9.81,boundary
24,6.125,-0.125,,1005.32,0,42442.6,,0,0,0,,0,0,6.89272,-9.81,boundary
25,6.375,-0.125,,1005.56,0,44359.6,,0,0,0,,0,0,6.9199,-9.81,boundary
26,6.625,-0.125,,1005.86,0,46768.9,,0,0,0,,0,0,7.01835,-9.81,boundary
27,6.875,-0.125,,1006.1,0,48722.6,,0,0,0,,0,0,7.04399,-9.81,boundary
28,7.125,-0.125,,1006.27,0,50129.7,,0,0,0,,0,0,6.99192,-9.81,boundary
29,7.375,-0.125,,1006.38,0,51008.3,,0,0,0,,0,0,6.87256,-9.81,boundary
30,7.625,-0.125,,1006.45,0,51609.1,,0,0,0,,0,0,6.72503,-9.81,boundary
31,7.875,-0.125,,1006.51,0,52133.9,,0,0,0,,0,0,6.57734,-9.81,boundary
32,8.125,-0.125,,1006.57,0,52606.4,,0,0,0,,0,0,6.43236,-9.81,boundary
33,8.375,-0.125,,1006.67,0,53426.9,,0,0,0,,0,0,6.33705,-9.81,boundary
34,8.625,-0.125,,1006.84,0,54798.7,,0,0,0,,0,0,6.3103,-9.81,boundary
35,8.875,-0.125,,1007.03,0,56340.1,,0,0,0,,0,0,6.30387,-9.81,boundary
36,9.125,-0.125,,1007.16,0,57393.1,,0,0,0,,0,0,6.24496,-9.81,boundary
37,9.375,-0.125,,1007.2,0,57709.6,,0,0,0,,0,0,6.11171,-9.81,boundary
38,9.625,-0.125,,1007.17,0,57502,,0,0,0,,0,0,5.9317,-9.81,boundary
39,9.875,-0.125,,1007.12,0,57067.7,,0,0,0,,0,0,5.73816,-9.81,boundary
40,10.125,-0.125,,1007.07,0,56641.2,,0,0,0,,0,0,5.55494,-9.81,boundary
41,10.375,-0.125,,1007.02,0,56267,,0,0,0,,0,0,5.38552,-9.81,boundary
42,10.625,-0.125,,1006.97,0,55886.6,,0,0,0,,0,0,5.22349,-9.81,boundary
43,10.875,-0.125,,1006.92,0,55468.4,,0,0,0,,0,0,5.06548,-9.81,boundary
44,11.125,-0.125,,1006.87,0,55056.6,,0,0,0,,0,0,4.91513,-9.81,boundary
45,11.375,-0.125,,1006.83,0,54696.2,,0,0,0,,0,0,4.77584,-9.81,boundary
46,11.625,-0.125,,1006.79,0,54376.8,,0,0,0,,0,0,4.64603,-9.81,boundary
47,11.875,-0.125,,1006.75,0,54064.8,,0,0,0,,0,0,4.52229,-9.81,boundary
48,12.125,-0.125,,1006.71,0,53718.1,,0,0,0,,0,0,4.40084,-9.81,boundary
49,12.375,-0.125,,1006.66,0,53325.4,,0,0,0,,0,0,4.28061,-9.81,boundary
50,12.625,-0.125,,1006.61,0,52888.7,,0,0,0,,0,0,4.16171,-9.81,boundary
51,12.875,-0.125,,1006.55,0,52417.6,,0,0,0,,0,0,4.04478,-9.81,boundary
52,13.125,-0.125,,1006.49,0,51956.5,,0,0,0,,0,0,3.93306,-9.81,boundary
53,13.375,-0.125,,1006.44,0,51547.1,,0,0,0,,0,0,3.82932,-9.81,boundary
54,13.625,-0.125,,1006.4,0,51172.4,,0,0,0,,0,0,3.7319,-9.81,boundary
55,13.875,-0.125,,1006.35,0,50808.5,,0,0,0,,0,0,3.63876,-9.81,boundary
56,14.125,-0.125,,1006.31,0,50451.5,,0,0,0,,0,0,3.5494,-9.81,boundary
57,14.375,-0.125,,1006.27,0,50131.4,,0,0,0,,0,0,3.46568,-9.81,boundary
58,14.625,-0.125,,1006.24,0,49879.2,,0,0,0,,0,0,3.3894,-9.81,boundary
59,14.875,-0.125,,1006.22,0,49747.6,,0,0,0,,0,0,3.3237,-9.81,boundary
60,15.125,-0.125,,1006.22,0,49751.2,,0,0,0,,0,0,3.269,-9.81,boundary
61,15.375,-0.125,,1006.23,0,49823.9,,0,0,0,,0,0,3.22051,-9.81,boundary
62,15.625,-0.125,,1006.24,0,49918.1,,0,0,0,,0,0,3.17494,-9.81,boundary
63,15.875,-0.125,,1006.25,0,49992.6,,0,0,0,,0,0,3.12957,-9.81,boundary
64,16.125,-0.125,,1006.26,0,50043.7,,0,0,0,,0,0,3.08418,-9.81,boundary
65,16.375,-0.125,,1006.26,0,50098.2,,0,0,0,,0,0,3.04038,-9.81,boundary
66,16.625,-0.125,,1006.28,0,50188.8,,0,0,0,,0,0,3.00005,-9.81,boundary
67,16.875,-0.125,,1006.29,0,50320.8,,0,0,0,,0,0,2.96333,-9.81,boundary
68,17.125,-0.125,,1006.31,0,50445.6,,0,0,0,,0,0,2.92727,-9.81,boundary
69,17.375,-0.125,,1006.32,0,50544.4,,0,0,0,,0,0,2.89076,-9.81,boundary
70,17.625,-0.125,,1006.32,0,50570.7,,0,0,0,,0,0,2.85123,-9.81,boundary
71,17.875,-0.125,,1006.32,0,50563,,0,0,0,,0,0,2.81093,-9.81,boundary
72,18.125,-0.125,,1006.31,0,50489,,0,0,0,,0,0,2.76813,-9.81,boundary
73,18.375,-0.125,,1006.3,0,50349.6,,0,0,0,,0,0,2.72297,-9.81,boundary
74,18.625,-0.125,,1006.27,0,50119.5,,0,0,0,,0,0,2.67422,-9.81,boundary
75,18.875,-0.125,,1006.23,0,49850.1,,0,0,0,,0,0,2.6247,-9.81,boundary
76,19.125,-0.125,,1006.19,0,49516.9,,0,0,0,,0,0,2.57318,-9.81,boundary
77,19.375,-0.125,,1006.14,0,49120.2,,0,0,0,,0,0,2.51975,-9.81,boundary
78,19.625,-0.125,,1006.09,0,48695.8,,0,0,0,,0,0,2.46629,-9.81,boundary
79,19.875,-0.125,,1006.04,0,48247.4,,0,0,0,,0,0,2.41297,-9.81,boundary
80,20.125,-0.125,,1005.98,0,47759.6,,0,0,0,,0,0,2.35905,-9.81,boundary
81,20.375,-0.125,,1005.91,0,47250.7,,0,0,0,,0,0,2.30542,-9.81,boundary
82,20.625,-0.125,,1005.85,0,46738.6,,0,0,0,,0,0,2.25293,-9.81,boundary
83,20.875,-0.125,,1005.79,0,46221.9,,0,0,0,,0,0,2.20148,-9.81,boundary
84,21.125,-0.125,,1005.73,0,45750.3,,0,0,0,,0,0,2.15336,-9.81,boundary
85,21.375,-0.125,,1005.68,0,45332.1,,0,0,0,,0,0,2.10882,-9.81,boundary
86,21.625,-0.125,,1005.64,0,44980.8,,0,0,0,,0,0,2.06838,-9.81,boundary
87,21.875,-0.125,,1005.6,0,44727.8,,0,0,0,,0,0,2.0333,-9.81,boundary
88,22.125,-0.125,,1005.58,0,44549.6,,0,0,0,,0,0,2.00236,-9.81,boundary
89,22.375,-0.125,,1005.57,0,44418.1,,0,0,0,,0,0,1.97418,-9.81,boundary
90,22.625,-0.125,,1005.55,0,44318.2,,0,0,0,,0,0,1.948,-9.81,boundary
91,22.875,-0.125,,1005.55,0,44259.3,,0,0,0,,0,0,1.92416,-9.81,boundary
92,23.125,-0.125,,1005.55,0,44296,,0,0,0,,0,0,1.90493,-9.81,boundary
93,23.375,-0.125,,1005.57,0,44427,,0,0,0,,0,0,1.8901,-9.81,boundary
94,23.625,-0.125,,1005.59,0,44650.2,,0,0,0,,0,0,1.87944,-9.81,boundary
95,23.875,-0.125,,1005.63,0,44921.9,,0,0,0,,0,0,1.87102,-9.81,boundary
96,24.125,-0.125,,1005.66,0,45197,,0,0,0,,0,0,1.8629,-9.81,boundary
97,24.375,-0.125,,1005.69,0,45406.6,,0,0,0,,0,0,1.8523,-9.81,boundary
98,24.625,-0.125,,1005.69,0,45457.7,,0,0,0,,0,0,1.83555,-9.81,boundary
99,24.875,-0.125,,1005.68,0,45330.2,,0,0,0,,0,0,1.81203,-9.81,boundary
100,25.125,-0.125,,1005.65,0,45070.9,,0,0,0,,0,0,1.78379,-9.81,boundary
101,25.375,-0.125,,1005.64,0,45001.7,,0,0,0,,0,0,1.76352,-9.81,boundary
102,25.625,-0.125,,1005.68,0,45368.9,,0,0,0,,0,0,1.76049,-9.81,boundary
103,0.125,-0.375,,1006.09,0,48664.3,,0,0,0,,0,0,386.959,-9.81,boundary
104,0.375,-0.375,,1006.06,0,48451.3,,0,0,0,,0,0,128.425,-9.81,boundary
105,0.625,-0.375,,1006.04,0,48263.2,,0,0,0,,0,0,76.7576,-9.81,boundary
106,0.875,-0.375,,1006.05,0,48382,,0,0,0,,0,0,54.961,-9.81,boundary
107,1.125,-0.375,,1006.11,0,48874,,0,0,0,,0,0,43.1795,-9.81,boundary
108,1.375,-0.375,,1006.2,0,49574.6,,0,0,0,,0,0,35.8321,-9.81,boundary
109,1.625,-0.375,,1006.29,0,50286.9,,0,0,0,,0,0,30.7524,-9.81,boundary
110,1.875,-0.375,,1006.35,0,50777.3,,0,0,0,,0,0,26.9104,-9.81,boundary
111,2.125,-0.375,,1006.36,0,50888.6,,0,0,0,,0,0,23.7962,-9.81,boundary
112,2.375,-0.375,,1006.33,0,50611.9,,0,0,0,,0,0,21.1763,-9.81,boundary
113,2.625,-0.375,,1006.27,0,50168.4,,0,0,0,,0,0,18.9926,-9.81,boundary
114,2.875,-0.375,,1006.21,0,49691.7,,0,0,0,,0,0,17.1773,-9.81,boundary
115,3.125,-0.375,,1006.14,0,49065.2,,0,0,0,,0,0,15.6051,-9.81,boundary
116,3.375,-0.375,,1006.05,0,48334,,0,0,0,,0,0,14.2351,-9.81,boundary
117,3.625,-0.375,,1005.96,0,47647.4,,0,0,0,,0,0,13.0662,-9.81,boundary
118,3.875,-0.375,,1005.87,0,46885.1,,0,0,0,,0,0,12.0288,-9.81,boundary
119,4.125,-0.375,,1005.71,0,45624.7,,0,0,0,,0,0,10.9977,-9.81,boundary
120,4.375,-0.375,,1005.44,0,43389.2,,0,0,0,,0,0,9.86388,-9.81,boundary
121,4.625,-0.375,,1005.02,0,40021.8,,0,0,0,,0,0,8.61011,-9.81,boundary
122,4.875,-0.375,,1004.76,0,37893.8,,0,0,0,,0,0,7.73626,-9.81,boundary
123,5.125,-0.375,,1004.73,0,37647.9,,0,0,0,,0,0,7.31134,-9.81,boundary
124,5.375,-0.375,,1004.7,0,37444.8,,0,0,0,,0,0,6.93386,-9.81,boundary
125,5.625,-0.375,,1004.57,0,36334.5,,0,0,0,,0,0,6.4301,-9.81,boundary
126,5.875,-0.375,,1004.38,0,34820.4,,0,0,0,,0,0,5.90104,-9.81,boundary
127,6.125,-0.375,,1004.36,0,34672.1,,0,0,0,,0,0,5.63617,-9.81,boundary
128,6.375,-0.375,,1004.67,0,37177,,0,0,0,,0,0,5.80458,-9.81,boundary
129,6.625,-0.375,,1005.19,0,41410.5,,0,0,0,,0,0,6.21833,-9.81,boundary
130,6.875,-0.375,,1005.71,0,45553.2,,0,0,0,,0,0,6.58833,-9.81,boundary
131,7.125,-0.375,,1006.12,0,48926,,0,0,0,,0,0,6.82504,-9.81,boundary
132,7.375,-0.375,,1006.33,0,50627.4,,0,0,0,,0,0,6.82156,-9.81,boundary
133,7.625,-0.375,,1006.41,0,51317.8,,0,0,0,,0,0,6.68731,-9.81,boundary
134,7.875,-0.375,,1006.49,0,51940.9,,0,0,0,,0,0,6.55313,-9.81,boundary
135,8.125,-0.375,,1006.6,0,52800.5,,0,0,0,,0,0,6.45594,-9.81,boundary
136,8.375,-0.375,,1006.76,0,54107.8,,0,0,0,,0,0,6.41727,-9.81,boundary
137,8.625,-0.375,,1006.98,0,55923.7,,0,0,0,,0,0,6.43898,-9.81,boundary
138,8.875,-0.375,,1007.21,0,57843.6,,0,0,0,,0,0,6.47091,-9.81,boundary
139,9.125,-0.375,,1007.4,0,59389.8,,0,0,0,,0,0,6.46066,-9.81,boundary
140,9.375,-0.375,,1007.51,0,60267.6,,0,0,0,,0,0,6.38064,-9.81,boundary
141,9.625,-0.375,,1007.53,0,60417.1,,0,0,0,,0,0,6.23021,-9.81,boundary
142,9.875,-0.375,,1007.5,0,60192.3,,0,0,0,,0,0,6.05005,-9.81,boundary
143,10.125,-0.375,,1007.46,0,59849.7,,0,0,0,,0,0,5.86733,-9.81,boundary
144,10.375,-0.375,,1007.42,0,59542.2,,0,0,0,,0,0,5.69674,-9.81,boundary
145,10.625,-0.375,,1007.38,0,59234.1,,0,0,0,,0,0,5.53412,-9.81,boundary
146,10.875,-0.375,,1007.34,0,58892.3,,0,0,0,,0,0,5.37592,-9.81,boundary
147,11.125,-0.375,,1007.3,0,58543.7,,0,0,0,,0,0,5.22423,-9.81,boundary
148,11.375,-0.375,,1007.26,0,58232.9,,0,0,0,,0,0,5.08248,-9.81,boundary
149,11.625,-0.375,,1007.23,0,57960.8,,0,0,0,,0,0,4.9501,-9.81,boundary
150,11.875,-0.375,,1007.19,0,57674.6,,0,0,0,,0,0,4.82213,-9.81,boundary
151,12.125,-0.375,,1007.15,0,57326.3,,0,0,0,,0,0,4.69438,-9.81,boundary
152,12.375,-0.375,,1007.1,0,56898.2,,0,0,0,,0,0,4.56543,-9.81,boundary
153,12.625,-0.375,,1007.04,0,56414.1,,0,0,0,,0,0,4.43722,-9.81,boundary
154,12.875,-0.375,,1006.98,0,55899.4,,0,0,0,,0,0,4.31163,-9.81,boundary
155,13.125,-0.375,,1006.91,0,55406.7,,0,0,0,,0,0,4.19247,-9.81,boundary
156,13.375,-0.375,,1006.86,0,54959.8,,0,0,0,,0,0,4.08114,-9.81,boundary
157,13.625,-0.375,,1006.81,0,54526.1,,0,0,0,,0,0,3.97486,-9.81,boundary
158,13.875,-0.375,,1006.75,0,54086.8,,0,0,0,,0,0,3.872,-9.81,boundary
159,14.125,-0.375,,1006.7,0,53675.5,,0,0,0,,0,0,3.77474,-9.81,boundary
160,14.375,-0.375,,1006.66,0,53324.7,,0,0,0,,0,0,3.685,-9.81,boundary
161,14.625,-0.375,,1006.63,0,53041.8,,0,0,0,,0,0,3.60292,-9.81,boundary
162,14.875,-0.375,,1006.61,0,52899.8,,0,0,0,,0,0,3.53294,-9.81,boundary
163,15.125,-0.375,,1006.61,0,52877.2,,0,0,0,,0,0,3.47307,-9.81,boundary
164,15.375,-0.375,,1006.61,0,52954.1,,0,0,0,,0,0,3.42154,-9.81,boundary
165,15.625,-0.375,,1006.63,0,53051.2,,0,0,0,,0,0,3.37293,-9.81,boundary
166,15.875,-0.375,,1006.63,0,53102.6,,0,0,0,,0,0,3.32301,-9.81,boundary
167,16.125,-0.375,,1006.64,0,53123.7,,0,0,0,,0,0,3.27277,-9.81,boundary
168,16.375,-0.375,,1006.64,0,53155.9,,0,0,0,,0,0,3.22475,-9.81,boundary
169,16.625,-0.375,,1006.65,0,53218.7,,0,0,0,,0,0,3.17998,-9.81,boundary
170,16.875,-0.375,,1006.66,0,53317.2,,0,0,0,,0,0,3.13864,-9.81,boundary
171,17.125,-0.375,,1006.67,0,53439.4,,0,0,0,,0,0,3.09986,-9.81,boundary
172,17.375,-0.375,,1006.69,0,53528,,0,0,0,,0,0,3.06029,-9.81,boundary
173,17.625,-0.375,,1006.69,0,53571,,0,0,0,,0,0,3.01929,-9.81,boundary
174,17.875,-0.375,,1006.69,0,53553.2,,0,0,0,,0,0,2.97608,-9.81,boundary
175,18.125,-0.375,,1006.68,0,53466.6,,0,0,0,,0,0,2.93031,-9.81,boundary
176,18.375,-0.375,,1006.66,0,53293.9,,0,0,0,,0,0,2.88117,-9.81,boundary
177,18.625,-0.375,,1006.62,0,53036.8,,0,0,0,,0,0,2.82887,-9.81,boundary
178,18.875,-0.375,,1006.58,0,52707.8,,0,0,0,,0,0,2.7742,-9.81,boundary
179,19.125,-0.375,,1006.54,0,52323.7,,0,0,0,,0,0,2.71811,-9.81,boundary
180,19.375,-0.375,,1006.49,0,51898.2,,0,0,0,,0,0,2.66136,-9.81,boundary
181,19.625,-0.375,,1006.43,0,51433.3,,0,0,0,,0,0,2.60406,-9.81,boundary
182,19.875,-0.375,,1006.37,0,50930.2,,0,0,0,,0,0,2.54631,-9.81,boundary
183,20.125,-0.375,,1006.3,0,50388.6,,0,0,0,,0,0,2.48811,-9.81,boundary
184,20.375,-0.375,,1006.23,0,49825.8,,0,0,0,,0,0,2.4303,-9.81,boundary
185,20.625,-0.375,,1006.16,0,49233.5,,0,0,0,,0,0,2.37247,-9.81,boundary
186,20.875,-0.375,,1006.09,0,48638.9,,0,0,0,,0,0,2.31591,-9.81,boundary
187,21.125,-0.375,,1006.02,0,48089.4,,0,0,0,,0,0,2.2628,-9.81,boundary
188,21.375,-0.375,,1005.96,0,47610,,0,0,0,,0,0,2.21418,-9.81,boundary
189,21.625,-0.375,,1005.91,0,47228.7,,0,0,0,,0,0,2.17115,-9.81,boundary
190,21.875,-0.375,,1005.88,0,46954.8,,0,0,0,,0,0,2.13396,-9.81,boundary
191,22.125,-0.375,,1005.85,0,46752.4,,0,0,0,,0,0,2.10081,-9.81,boundary
192,22.375,-0.375,,1005.83,0,46587,,0,0,0,,0,0,2.07003,-9.81,boundary
193,22.625,-0.375,,1005.82,0,46448.6,,0,0,0,,0,0,2.04111,-9.81,boundary
194,22.875,-0.375,,1005.81,0,46359,,0,0,0,,0,0,2.01493,-9.81,boundary
195,23.125,-0.375,,1005.81,0,46360.9,,0,0,0,,0,0,1.99322,-9.81,boundary
196,23.375,-0.375,,1005.82,0,46474.9,,0,0,0,,0,0,1.97673,-9.81,boundary
197,23.625,-0.375,,1005.85,0,46695.4,,0,0,0,,0,0,1.96504,-9.81,boundary
198,23.875,-0.375,,1005.88,0,46980.2,,0,0,0,,0,0,1.95625,-9.81,boundary
199,24.125,-0.375,,1005.92,0,47296,,0,0,0,,0,0,1.94892,-9.81,boundary
200,24.375,-0.375,,1005.95,0,47563.8,,0,0,0,,0,0,1.93979,-9.81,boundary
201,24.625,-0.375,,1005.97,0,47676.3,,0,0,0,,0,0,1.92461,-9.81,boundary
202,24.875,-0.375,,1005.95,0,47568.4,,0,0,0,,0,0,1.90098,-9.81,boundary
203,25.125,-0.375,,1005.91,0,47234.6,,0,0,0,,0,0,1.86893,-9.81,boundary
204,25.375,-0.375,,1005.89,0,47012,,0,0,0,,0,0,1.84185,-9.81,boundary
205,25.625,-0.375,,1005.91,0,47214.3,,0,0,0,,0,0,1.83168,-9.81,boundary
206,0.125,-0.625,,1006.45,0,51576,,0,0,0,,0,0,409.966,-9.81,boundary
207,0.375,-0.625,,1006.4,0,51219.4,,0,0,0,,0,0,135.716,-9.81,boundary
208,0.625,-0.625,,1006.32,0,50582,,0,0,0,,0,0,80.4227,-9.81,boundary
209,0.875,-0.625,,1006.27,0,50106.9,,0,0,0,,0,0,56.9084,-9.81,boundary
210,1.125,-0.625,,1006.26,0,50083.8,,0,0,0,,0,0,44.2418,-9.81,boundary
211,1.375,-0.625,,1006.31,0,50485.9,,0,0,0,,0,0,36.4867,-9.81,boundary
212,1.625,-0.625,,1006.39,0,51116.1,,0,0,0,,0,0,31.2563,-9.81,boundary
213,1.875,-0.625,,1006.46,0,51707.4,,0,0,0,,0,0,27.4002,-9.81,boundary
214,2.125,-0.625,,1006.5,0,52022,,0,0,0,,0,0,24.3228,-9.81,boundary
215,2.375,-0.625,,1006.52,0,52144.2,,0,0,0,,0,0,21.8133,-9.81,boundary
216,2.625,-0.625,,1006.51,0,52134.9,,0,0,0,,0,0,19.7324,-9.81,boundary
217,2.875,-0.625,,1006.45,0,51648.5,,0,0,0,,0,0,17.8495,-9.81,boundary
218,3.125,-0.625,,1006.29,0,50338,,0,0,0,,0,0,16.0074,-9.81,boundary
219,3.375,-0.625,,1006.04,0,48266.5,,0,0,0,,0,0,14.2153,-9.81,boundary
220,3.625,-0.625,,1005.78,0,46183.2,,0,0,0,,0,0,12.6669,-9.81,boundary
221,3.875,-0.625,,1005.64,0,45019.6,,0,0,0,,0,0,11.5528,-9.81,boundary
222,4.125,-0.625,,1005.57,0,44478.3,,0,0,0,,0,0,10.7229,-9.81,boundary
223,4.375,-0.625,,1005.22,0,41576.9,,0,0,0,,0,0,9.45398,-9.81,boundary
224,4.625,-0.625,,1004.4,0,35026.5,,0,0,0,,0,0,7.5401,-9.81,boundary
225,4.875,-0.625,,1003.71,0,29475.1,,0,0,0,,0,0,6.0238,-9.81,boundary
226,5.125,-0.625,,1003.55,0,28120.9,,0,0,0,,0,0,5.46762,-9.81,boundary
227,5.375,-0.625,,1003.65,0,28953.6,,0,0,0,,0,0,5.36712,-9.81,boundary
228,5.625,-0.625,,1003.63,0,28828.5,,0,0,0,,0,0,5.10652,-9.81,boundary
229,5.875,-0.625,,1003.28,0,25986.8,,0,0,0,,0,0,4.40883,-9.81,boundary
230,6.125,-0.625,,1003.03,0,23963.4,,0,0,0,,0,0,3.90059,-9.81,boundary
231,6.375,-0.625,,1003.29,0,26089.4,,0,0,0,,0,0,4.07903,-9.81,boundary
232,6.625,-0.625,,1003.86,0,30635.9,,0,0,0,,0,0,4.60651,-9.81,boundary
233,6.875,-0.625,,1004.69,0,37369.3,,0,0,0,,0,0,5.41014,-9.81,boundary
234,7.125,-0.625,,1005.47,0,43603.2,,0,0,0,,0,0,6.08648,-9.81,boundary
235,7.375,-0.625,,1005.84,0,46680.3,,0,0,0,,0,0,6.29275,-9.81,boundary
236,7.625,-0.625,,1006.04,0,48282.8,,0,0,0,,0,0,6.29414,-9.81,boundary
237,7.875,-0.625,,1006.24,0,49858.2,,0,0,0,,0,0,6.29196,-9.81,boundary
238,8.125,-0.625,,1006.47,0,51742.3,,0,0,0,,0,0,6.32737,-9.81,boundary
239,8.375,-0.625,,1006.69,0,53550.6,,0,0,0,,0,0,6.35163,-9.81,boundary
240,8.625,-0.625,,1006.87,0,55053.4,,0,0,0,,0,0,6.33944,-9.81,boundary
241,8.875,-0.625,,1007.05,0,56537.2,,0,0,0,,0,0,6.32577,-9.81,boundary
242,9.125,-0.625,,1007.3,0,58558.5,,0,0,0,,0,0,6.37087,-9.81,boundary
243,9.375,-0.625,,1007.59,0,60963.7,,0,0,0,,0,0,6.45379,-9.81,boundary
244,9.625,-0.625,,1007.8,0,62699.5,,0,0,0,,0,0,6.46378,-9.81,boundary
245,9.875,-0.625,,1007.87,0,63262.1,,0,0,0,,0,0,6.35625,-9.81,boundary
246,10.125,-0.625,,1007.87,0,63246.4,,0,0,0,,0,0,6.19778,-9.81,boundary
247,10.375,-0.625,,1007.85,0,63049.8,,0,0,0,,0,0,6.02978,-9.81,boundary
248,10.625,-0.625,,1007.82,0,62805.7,,0,0,0,,0,0,5.86527,-9.81,boundary
249,10.875,-0.625,,1007.78,0,62495.9,,0,0,0,,0,0,5.70239,-9.81,boundary
250,11.125,-0.625,,1007.74,0,62139.7,,0,0,0,,0,0,5.54271,-9.81,boundary
251,11.375,-0.625,,1007.69,0,61773.8,,0,0,0,,0,0,5.38921,-9.81,boundary
252,11.625,-0.625,,1007.65,0,61420.2,,0,0,0,,0,0,5.24336,-9.81,boundary
253,11.875,-0.625,,1007.6,0,61040.7,,0,0,0,,0,0,5.10149,-9.81,boundary
254,12.125,-0.625,,1007.55,0,60584.6,,0,0,0,,0,0,4.95924,-9.81,boundary
255,12.375,-0.625,,1007.48,0,60017.5,,0,0,0,,0,0,4.8139,-9.81,boundary
256,12.625,-0.625,,1007.4,0,59380.9,,0,0,0,,0,0,4.66889,-9.81,boundary
257,12.875,-0.625,,1007.32,0,58751.9,,0,0,0,,0,0,4.53008,-9.81,boundary
258,13.125,-0.625,,1007.25,0,58161.8,,0,0,0,,0,0,4.39948,-9.81,boundary
259,13.375,-0.625,,1007.18,0,57605.1,,0,0,0,,0,0,4.2762,-9.81,boundary
260,13.625,-0.625,,1007.11,0,57038,,0,0,0,,0,0,4.15671,-9.81,boundary
261,13.875,-0.625,,1007.05,0,56501.7,,0,0,0,,0,0,4.04369,-9.81,boundary
262,14.125,-0.625,,1006.99,0,56054.4,,0,0,0,,0,0,3.94089,-9.81,boundary
263,14.375,-0.625,,1006.95,0,55697.5,,0,0,0,,0,0,3.84787,-9.81,boundary
264,14.625,-0.625,,1006.92,0,55458.1,,0,0,0,,0,0,3.76594,-9.81,boundary
265,14.875,-0.625,,1006.91,0,55349.9,,0,0,0,,0,0,3.69547,-9.81,boundary
266,15.125,-0.625,,1006.91,0,55356.1,,0,0,0,,0,0,3.6348,-9.81,boundary
267,15.375,-0.625,,1006.91,0,55403.3,,0,0,0,,0,0,3.57872,-9.81,boundary
268,15.625,-0.625,,1006.92,0,55426.9,,0,0,0,,0,0,3.52295,-9.81,boundary
269,15.875,-0.625,,1006.92,0,55411.6,,0,0,0,,0,0,3.46652,-9.81,boundary
270,16.125,-0.625,,1006.91,0,55398.9,,0,0,0,,0,0,3.412,-9.81,boundary
271,16.375,-0.625,,1006.92,0,55423.8,,0,0,0,,0,0,3.36141,-9.81,boundary
272,16.625,-0.625,,1006.93,0,55495.9,,0,0,0,,0,0,3.31514,-9.81,boundary
273,16.875,-0.625,,1006.94,0,55615.4,,0,0,0,,0,0,3.27301,-9.81,boundary
274,17.125,-0.625,,1006.95,0,55721.1,,0,0,0,,0,0,3.23132,-9.81,boundary
275,17.375,-0.625,,1006.96,0,55809.7,,0,0,0,,0,0,3.18985,-9.81,boundary
276,17.625,-0.625,,1006.97,0,55855.2,,0,0,0,,0,0,3.14716,-9.81,boundary
277,17.875,-0.625,,1006.97,0,55837.9,,0,0,0,,0,0,3.10218,-9.81,boundary
278,18.125,-0.625,,1006.96,0,55749.1,,0,0,0,,0,0,3.05456,-9.81,boundary
279,18.375,-0.625,,1006.93,0,55561,,0,0,0,,0,0,3.0029,-9.81,boundary
280,18.625,-0.625,,1006.9,0,55271.4,,0,0,0,,0,0,2.94726,-9.81,boundary
281,18.875,-0.625,,1006.85,0,54902.8,,0,0,0,,0,0,2.88896,-9.81,boundary
282,19.125,-0.625,,1006.8,0,54498.7,,0,0,0,,0,0,2.83035,-9.81,boundary
283,19.375,-0.625,,1006.75,0,54067.4,,0,0,0,,0,0,2.77186,-9.81,boundary
284,19.625,-0.625,,1006.69,0,53608.4,,0,0,0,,0,0,2.71347,-9.81,boundary
285,19.875,-0.625,,1006.63,0,53110.8,,0,0,0,,0,0,2.65463,-9.81,boundary
286,20.125,-0.625,,1006.57,0,52575.7,,0,0,0,,0,0,2.59541,-9.81,boundary
287,20.375,-0.625,,1006.5,0,52007.5,,0,0,0,,0,0,2.53603,-9.81,boundary
288,20.625,-0.625,,1006.42,0,51399.6,,0,0,0,,0,0,2.47619,-9.81,boundary
289,20.875,-0.625,,1006.35,0,50773.4,,0,0,0,,0,0,2.41692,-9.81,boundary
290,21.125,-0.625,,1006.28,0,50188.1,,0,0,0,,0,0,2.36095,-9.81,boundary
291,21.375,-0.625,,1006.22,0,49694.6,,0,0,0,,0,0,2.31053,-9.81,boundary
292,21.625,-0.625,,1006.17,0,49320.4,,0,0,0,,0,0,2.26673,-9.81,boundary
293,21.875,-0.625,,1006.14,0,49064.7,,0,0,0,,0,0,2.22927,-9.81,boundary
294,22.125,-0.625,,1006.12,0,48892.1,,0,0,0,,0,0,2.19638,-9.81,boundary
295,22.375,-0.625,,1006.1,0,48776.3,,0,0,0,,0,0,2.16672,-9.81,boundary
296,22.625,-0.625,,1006.09,0,48710.4,,0,0,0,,0,0,2.1399,-9.81,boundary
297,22.875,-0.625,,1006.09,0,48699.6,,0,0,0,,0,0,2.11605,-9.81,boundary
298,23.125,-0.625,,1006.1,0,48766.9,,0,0,0,,0,0,2.09605,-9.81,boundary
299,23.375,-0.625,,1006.12,0,48917.8,,0,0,0,,0,0,2.08001,-9.81,boundary
300,23.625,-0.625,,1006.15,0,49149.4,,0,0,0,,0,0,2.06769,-9.81,boundary
301,23.875,-0.625,,1006.18,0,49439.2,,0,0,0,,0,0,2.05802,-9.81,boundary
302,24.125,-0.625,,1006.22,0,49744.5,,0,0,0,,0,0,2.0492,-9.81,boundary
303,24.375,-0.625,,1006.25,0,49999,,0,0,0,,0,0,2.0385,-9.81,boundary
304,24.625,-0.625,,1006.26,0,50078.9,,0,0,0,,0,0,2.02101,-9.81,boundary
305,24.875,-0.625,,1006.24,0,49917.9,,0,0,0,,0,0,1.9943,-9.81,boundary
306,25.125,-0.625,,1006.19,0,49504.6,,0,0,0,,0,0,1.95821,-9.81,boundary
307,25.375,-0.625,,1006.15,0,49174.4,,0,0,0,,0,0,1.92606,-9.81,boundary
308,25.625,-0.625,,1006.17,0,49288.2,,0,0,0,,0,0,1.91166,-9.81,boundary
309,25.125,0.125,,1005.39,0,42963.1,,0,0,0,,0,0,1.70081,-9.81,boundary
310,25.125,0.375,,1005.11,0,40734.1,,0,0,0,,0,0,1.61301,-9.81,boundary
311,25.125,0.625,,1004.83,0,38430.9,,0,0,0,,0,0,1.52224,-9.81,boundary
312,25.125,0.875,,1004.54,0,36127.6,,0,0,0,,0,0,1.43141,-9.81,boundary
313,25.125,1.125,,1004.26,0,33863.3,,0,0,0,,0,0,1.34207,-9.81,boundary
314,25.125,1.375,,1003.98,0,31593.2,,0,0,0,,0,0,1.25246,-9.81,boundary
315,25.125,1.625,,1003.69,0,29294,,0,0,0,,0,0,1.16164,-9.81,boundary
316,25.125,1.875,,1003.4,0,26966.3,,0,0,0,,0,0,1.06965,-9.81,boundary
317,25.125,2.125,,1003.11,0,24651.3,,0,0,0,,0,0,0.978102,-9.81,boundary
318,25.125,2.375,,1002.83,0,22414.3,,0,0,0,,0,0,0.889594,-9.81,boundary
319,25.125,2.625,,1002.56,0,20239.5,,0,0,0,,0,0,0.803497,-9.81,boundary
320,25.125,2.875,,1002.28,0,18033.8,,0,0,0,,0,0,0.71613,-9.81,boundary
321,25.125,3.125,,1001.99,0,15724,,0,0,0,,0,0,0.624588,-9.81,boundary
322,25.125,3.375,,1001.69,0,13297.4,,0,0,0,,0,0,0.528359,-9.81,boundary
323,25.125,3.625,,1001.37,0,10832.2,,0,0,0,,0,0,0.430541,-9.81,boundary
324,25.125,3.875,,1001.08,0,8524.59,,0,0,0,,0,0,0.33892,-9.81,boundary
325,25.125,4.125,,1000.84,0,6612.77,,0,0,0,,0,0,0.262974,-9.81,boundary
326,25.125,4.375,,1000.65,0,5097.71,,0,0,0,,0,0,0.202762,-9.81,boundary
327,25.125,4.625,,1000.48,0,3762.89,,0,0,0,,0,0,0.149695,-9.81,boundary
328,25.125,4.875,,1000.34,0,2657.39,,0,0,0,,0,0,0.105731,-9.81,boundary
329,25.125,5.125,,1000.26,0,2014.86,,0,0,0,,0,0,0.080173,-9.81,boundary
330,25.125,5.375,,1000.2,0,1581.18,,0,0,0,,0,0,0.0629197,-9.81,boundary
331,25.125,5.625,,1000.17,0,1298.54,,0,0,0,,0,0,0.0516748,-9.81,boundary
332,25.125,5.875,,1000.15,0,1194.16,,0,0,0,,0,0,0.0475217,-9.81,boundary
333,25.125,6.125,,1000.15,0,1165.98,,0,0,0,,0,0,0.0464005,-9.81,boundary
334,25.125,6.375,,1000.14,0,1119.33,,0,0,0,,0,0,0.0445441,-9.81,boundary
335,25.125,6.625,,1000,0,0,,0,0,0,,0,0,0,-9.81,boundary
336,25.125,6.875,,1000,0,0,,0,0,0,,0,0,0,-9.81,boundary
337,25.125,7.125,,1000,0,0,,0,0,0,,0,0,0,-9.81,boundary
338,25.125,7.375,,1000,0,0,,0,0,0,,0,0,0,-9.81,boundary
339,25.125,7.625,,1000,0,0,,0,0,0,,0,0,0,-9.81,boundary
340,25.125,7.875,,1000,0,0,,0,0,0,,0,0,0,-9.81,boundary
341,25.125,8.125,,1000,0,0,,0,0,0,,0,0,0,-9.81,boundary
342,25.125,8.375,,1000,0,0,,0,0,0,,0,0,0,-9.81,boundary
343,25.125,8.625,,1000,0,0,,0,0,0,,0,0,0,-9.81,boundary
344,25.125,8.875,,1000,0,0,,0,0,0,,0,0,0,-9.81,boundary
345,25.125,9.125,,1000,0,0,,0,0,0,,0,0,0,-9.81,boundary
346,25.125,9.375,,1000,0,0,,0,0,0,,0,0,0,-9.81,boundary
347,25.125,9.625,,1000,0,0,,0,0,0,,0,0,0,-9.81,boundary
348,25.125,9.875,,1000,0,0,,0,0,0,,0,0,0,-9.81,boundary
349,25.375,0.125,,1005.39,0,42969.5,,0,0,0,,0,0,1.68431,-9.81,boundary
350,25.375,0.375,,1005.11,0,40711.3,,0,0,0,,0,0,1.59623,-9.81,boundary
351,25.375,0.625,,1004.81,0,38337.9,,0,0,0,,0,0,1.50361,-9.81,boundary
352,25.375,0.875,,1004.52,0,35977.3,,0,0,0,,0,0,1.41144,-9.81,boundary
353,25.375,1.125,,1004.24,0,33681.7,,0,0,0,,0,0,1.32175,-9.81,boundary
354,25.375,1.375,,1003.96,0,31442.8,,0,0,0,,0,0,1.23424,-9.81,boundary
355,25.375,1.625,,1003.68,0,29191.9,,0,0,0,,0,0,1.1462,-9.81,boundary
356,25.375,1.875,,1003.39,0,26902.5,,0,0,0,,0,0,1.05661,-9.81,boundary
357,25.375,2.125,,1003.11,0,24624.4,,0,0,0,,0,0,0.967412,-9.81,boundary
358,25.375,2.375,,1002.83,0,22414.7,,0,0,0,,0,0,0.880844,-9.81,boundary
359,25.375,2.625,,1002.56,0,20259.9,,0,0,0,,0,0,0.796379,-9.81,boundary
360,25.375,2.875,,1002.28,0,18026.8,,0,0,0,,0,0,0.708798,-9.81,boundary
361,25.375,3.125,,1001.98,0,15610.2,,0,0,0,,0,0,0.613965,-9.81,boundary
362,25.375,3.375,,1001.65,0,13017.5,,0,0,0,,0,0,0.512158,-9.81,boundary
363,25.375,3.625,,1001.31,0,10335.3,,0,0,0,,0,0,0.406768,-9.81,boundary
364,25.375,3.875,,1001,0,7897.04,,0,0,0,,0,0,0.310901,-9.81,boundary
365,25.375,4.125,,1000.76,0,6010.63,,0,0,0,,0,0,0.236691,-9.81,boundary
366,25.375,4.375,,1000.59,0,4670.4,,0,0,0,,0,0,0.183946,-9.81,boundary
367,25.375,4.625,,1000.46,0,3648.92,,0,0,0,,0,0,0.143733,-9.81,boundary
368,25.375,4.875,,1000.35,0,2751.73,,0,0,0,,0,0,0.108405,-9.81,boundary
369,25.375,5.125,,1000.27,0,2081.62,,0,0,0,,0,0,0.0820127,-9.81,boundary
370,25.375,5.375,,1000.16,0,1223.8,,0,0,0,,0,0,0.0482211,-9.81,boundary
371,25.375,5.625,,1000.07,0,541.939,,0,0,0,,0,0,0.0213557,-9.81,boundary
372,25.375,5.875,,1000.15,0,1207.82,,0,0,0,,0,0,0.0475917,-9.81,boundary
373,25.375,6.125,,1000.15,0,1164.19,,0,0,0,,0,0,0.0458726,-9.81,boundary
374,25.375,6.375,,1000.14,0,1124.95,,0,0,0,,0,0,0.0443266,-9.81,boundary
375,25.375,6.625,,1000,0,0,,0,0,0,,0,0,0,-9.81,boundary
376,25.375,6.875,,1000,0,0,,0,0,0,,0,0,0,-9.81,boundary
377,25.375,7.125,,1000,0,0,,0,0,0,,0,0,0,-9.81,boundary
378,25.375,7.375,,1000,0,0,,0,0,0,,0,0,0,-9.81,boundary
379,25.375,7.625,,1000,0,0,,0,0,0,,0,0,0,-9.81,boundary
380,25.375,7.875,,1000,0,0,,0,0,0,,0,0,0,-9.81,boundary
381,25.375,8.125,,1000,0,0,,0,0,0,,0,0,0,-9.81,boundary
382,25.375,8.375,,1000,0,0,,0,0,0,,0,0,0,-9.81,boundary
383,25.375,8.625,,1000,0,0,,0,0,0,,0,0,0,-9.81,boundary
384,25.375,8.875,,1000,0,0,,0,0,0,,0,0,0,-9.81,boundary
385,25.375,9.125,,1000,0,0,,0,0,0,,0,0,0,-9.81,boundary
386,25.375,9.375,,1000,0,0,,0,0,0,,0,0,0,-9.81,boundary
387,25.375,9.625,,1000,0,0,,0,0,0,,0,0,0,-9.81,boundary
388,25.375,9.875,,1000,0,0,,0,0,0,,0,0,0,-9.81,boundary
389,25.625,0.125,,1005.44,0,43429.3,,0,0,0,,0,0,1.68562,-9.81,boundary
390,25.625,0.375,,1005.17,0,41168.8,,0,0,0,,0,0,1.59833,-9.81,boundary
391,25.625,0.625,,1004.87,0,38762.3,,0,0,0,,0,0,1.50535,-9.81,boundary
392,25.625,0.875,,1004.57,0,36364.9,,0,0,0,,0,0,1.41266,-9.81,boundary
393,25.625,1.125,,1004.28,0,34041.2,,0,0,0,,0,0,1.32277,-9.81,boundary
394,25.625,1.375,,1004,0,31754.2,,0,0,0,,0,0,1.23425,-9.81,boundary
395,25.625,1.625,,1003.72,0,29484.7,,0,0,0,,0,0,1.14637,-9.81,boundary
396,25.625,1.875,,1003.43,0,27179.1,,0,0,0,,0,0,1.05702,-9.81,boundary
397,25.625,2.125,,1003.14,0,24848.7,,0,0,0,,0,0,0.966673,-9.81,boundary
398,25.625,2.375,,1002.85,0,22576.6,,0,0,0,,0,0,0.878531,-9.81,boundary
399,25.625,2.625,,1002.57,0,20325.3,,0,0,0,,0,0,0.79115,-9.81,boundary
400,25.625,2.875,,1002.27,0,17914.9,,0,0,0,,0,0,0.697536,-9.81,boundary
401,25.625,3.125,,1001.94,0,15284.5,,0,0,0,,0,0,0.595315,-9.81,boundary
402,25.625,3.375,,1001.58,0,12490.6,,0,0,0,,0,0,0.486665,-9.81,boundary
403,25.625,3.625,,1001.24,0,9732.9,,0,0,0,,0,0,0.379352,-9.81,boundary
404,25.625,3.875,,1000.93,0,7317.05,,0,0,0,,0,0,0.285278,-9.81,boundary
405,25.625,4.125,,1000.72,0,5650.85,,0,0,0,,0,0,0.220363,-9.81,boundary
406,25.625,4.375,,1000.6,0,4735.6,,0,0,0,,0,0,0.184693,-9.81,boundary
407,25.625,4.625,,1000.51,0,4031.45,,0,0,0,,0,0,0.157244,-9.81,boundary
408,25.625,4.875,,1000.4,0,3159.72,,0,0,0,,0,0,0.123257,-9.81,boundary
409,25.625,5.125,,1000.25,0,1969.02,,0,0,0,,0,0,0.0768205,-9.81,boundary
410,25.625,5.375,,1000.12,0,981.179,,0,0,0,,0,0,0.0382851,-9.81,boundary
411,25.625,5.625,,1000.05,0,397.364,,0,0,0,,0,0,0.0155061,-9.81,boundary
412,25.625,5.875,,1000.15,0,1211.82,,0,0,0,,0,0,0.0472833,-9.81,boundary
413,25.625,6.125,,1000.15,0,1159.63,,0,0,0,,0,0,0.045247,-9.81,boundary
414,25.625,6.375,,1000.14,0,1128.4,,0,0,0,,0,0,0.0440287,-9.81,boundary
415,25.625,6.625,,1000,0,0,,0,0,0,,0,0,0,-9.81,boundary
416,25.625,6.875,,1000,0,0,,0,0,0,,0,0,0,-9.81,boundary
417,25.625,7.125,,1000,0,0,,0,0,0,,0,0,0,-9.81,boundary
418,25.625,7.375,,1000,0,0,,0,0,0,,0,0,0,-9.81,boundary
419,25.625,7.625,,1000,0,0,,0,0,0,,0,0,0,-9.81,boundary
420,25.625,7.875,,1000,0,0,,0,0,0,,0,0,0,-9.81,boundary
421,25.625,8.125,,1000,0,0,,0,0,0,,0,0,0,-9.81,boundary
422,25.625,8.375,,1000,0,0,,0,0,0,,0,0,0,-9.81,boundary
423,25.625,8.625,,1000,0,0,,0,0,0,,0,0,0,-9.81,boundary
424,25.625,8.875,,1000,0,0,,0,0,0,,0,0,0,-9.81,boundary
425,25.625,9.125,,1000,0,0,,0,0,0,,0,0,0,-9.81,boundary
426,25.625,9.375,,1000,0,0,,0,0,0,,0,0,0,-9.81,boundary
427,25.625,9.625,,1000,0,0,,0,0,0,,0,0,0,-9.81,boundary
428,25.625,9.875,,1000,0,0,,0,0,0,,0,0,0,-9.81,boundary
429,0.168138,0.0497419,,1005.62,109.239,44846,,0.0136084,-0.0435945,0.0456691,,-270.703,11.7245,-5.47109,1.91453,fluid
430,0.187529,0.157406,,1005.52,118.058,44023.4,,0.0098514,-0.0475571,0.0485667,,-237.325,11.9366,-3.85832,2.12662,fluid
431,0.199942,0.413058,,1005.28,156.973,42106.6,,0.0201743,-0.127291,0.12888,,-219.467,10.9809,-9.97987,1.17089,fluid
432,0.137538,1.00048,,1004.57,316.654,36393.3,,-0.00742183,-0.142087,0.14228,,-285.315,9.19417,-21.9129,-0.615829,fluid
433,0.206024,0.712185,,1004.93,325.439,39265.8,,0.0564365,-0.213806,0.221129,,-199.854,9.87266,-10.2009,0.0626599,fluid
434,0.214384,0.635929,,1005.03,284.228,40038.9,,0.0466832,-0.0534131,0.0709386,,-194.093,6.70899,-8.2649,-3.10101,fluid
435,0.259828,0.521133,,1005.14,217.409,41000.6,,0.032983,-0.161013,0.164356,,-158.473,8.49752,-1.48193,-1.31248,fluid
436,0.342419,0.454761,,1005.18,211.164,41320.5,,0.047008,-0.153235,0.160284,,-115.686,9.82691,4.36409,0.0169085,fluid
437,0.0669298,4.2142,,1001.96,-244.172,15450.5,,-0.0259885,-0.735669,0.736128,,-126.34,1.40453,-2.97756,-8.40547,fluid
438,0.0783483,18.07,,1000,-30.0561,16.9267,,-0.00376687,2.97981,2.97981,,-0.0940845,0.0971563,0.041329,-9.71284,fluid
439,0.0849989,16.5706,,999.998,-23.0038,-14.3857,,-0.0030974,2.38983,2.38983,,0.0132157,0.0548998,-0.10187,-9.7551,fluid
440,0.133194,1.28561,,1004.28,213.927,34010.6,,-0.0189396,-0.807795,0.808017,,-269.422,11.55,-15.1631,1.74001,fluid
441,0.247716,0.228574,,1005.44,136.727,43358.3,,0.00972957,-0.0734594,0.074101,,-173.487,11.8396,0.598707,2.0296,fluid
442,0.22039,1.26158,,1004.26,265.995,33879.7,,0.0512714,-0.522159,0.52467,,-159.122,9.89866,-6.04755,0.0886622,fluid
443,0.252873,0.315557,,1005.36,151.019,42708.6,,0.0136792,-0.0958849,0.0968557,,-169.012,11.6716,-1.01799,1.86161,fluid
444,0.245079,0.647773,,1005,305.206,39827.1,,0.0553692,0.0268727,0.0615458,,-164.528,6.72981,-2.82888,-3.08019,fluid
445,0.342726,0.86397,,1004.67,264.202,37196.2,,0.0729539,-1.20729,1.2095,,-107.207,6.13457,0.818091,-3.67543,fluid
446,0.440371,0.287086,,1005.32,182.395,42387.8,,0.0364127,-0.0939375,0.100748,,-93.8998,11.183,1.846,1.373,fluid
447,0.0439825,2.43578,,1003.12,323.582,24731.2,,0.047141,-2.8407,2.84109,,-196.313,6.60755,0.921399,-3.20245,fluid
448,0.0737145,5.1185,,1001.96,163.352,15433.8,,0.0189081,-1.07534,1.07551,,-125.309,2.34796,-2.07914,-7.46204,fluid
449,0.108528,11.9743,,999.999,-168.201,-8.09839,,-0.0210188,0.308265,0.308981,,0.0739986,-0.0635714,0.00921142,-9.87357,fluid
450,0.104226,1.64215,,1003.98,508.428,31600.4,,0.0125897,-0.394561,0.394761,,-275.998,9.61054,-24.197,-0.199461,fluid
451,0.0576834,8.32943,,1000.51,111.852,3997.24,,0.0163744,-1.15253,1.15265,,-31.2259,2.95105,0.735808,-6.85895,fluid
452,0.0839579,14.6909,,1000,-198.545,21.8634,,-0.0246042,1.42765,1.42786,,-0.0552641,-0.0472625,0.119643,-9.85726,fluid
453,0.0706352,6.78348,,1001.36,-119.796,10699.4,,-0.0301516,-0.509528,0.510419,,-91.7096,6.10144,-6.23015,-3.70856,fluid
454,0.0238556,10.0049,,999.994,-89.0046,-46.0492,,-0.0119268,-0.664832,0.664939,,-0.0128055,0.0656815,-0.381201,-9.74432,fluid
455,0.0552554,12.7389,,999.999,3.37982,-8.90036,,0.000337137,0.54869,0.54869,,0.0341272,-0.0594247,-0.0370758,-9.86942,fluid
456,0.0588694,15.4504,,1000,-29.6934,13.4511,,-0.0035502,1.91676,1.91676,,-0.0338471,-0.0904567,0.0737615,-9.90046,fluid
457,0.0685154,11.8979,,999.999,-67.0158,-11.1901,,-0.00835922,0.0788376,0.0792796,,0.0722247,0.258231,-0.0172961,-9.55177,fluid
458,0.0428143,17.6925,,1000,-109.621,15.31,,-0.0135659,3.01605,3.01608,,-0.0789198,-0.0167999,0.0435597,-9.8268,fluid
459,0.0648568,24.1391,,1000,-41.0439,3.78152,,-0.00512566,6.70965,6.70965,,0.00121158,0.00273976,0.0314637,-9.80726,fluid
460,0.0669685,19.2418,,1000,-302.096,7.19378,,-0.037691,3.97058,3.97075,,0.0337375,0.0107419,0.0912877,-9.79926,fluid
461,0.540764,0.0830969,,1005.49,147.236,43781.9,,0.0217527,-0.0389828,0.0446412,,-79.714,11.2186,0.807204,1.40859,fluid
462,0.616006,0.218042,,1005.35,185.141,42628.6,,0.0409153,-0.0748125,0.08527,,-68.1533,11.0232,0.680376,1.21317,fluid
463,0.630274,0.351348,,1005.21,231.398,41539,,0.0704546,-0.112551,0.132784,,-64.7789,10.1345,0.785803,0.324537,fluid
464,0.29668,0.982582,,1004.54,303.353,36116.2,,0.0729994,-0.358797,0.366147,,-123.522,9.83698,-2.33703,0.0269825,fluid
465,0.605602,0.493457,,1005.06,281.379,40306.8,,0.0996502,-0.179776,0.205547,,-66.3445,8.43859,-0.122918,-1.37141,fluid
466,0.170994,6.4826,,1001.51,-130.605,11928.9,,-0.0204958,-0.74134,0.741623,,-73.6245,4.57146,-3.96788,-5.23854,fluid
467,0.797108,0.464576,,1005.09,276.509,40569.5,,0.125878,-0.154669,0.199419,,-49.928,8.45448,0.710032,-1.35552,fluid
468,0.582627,0.763106,,1004.73,325.849,37689.6,,0.145923,-0.251051,0.290379,,-65.4234,8.11957,-1.03902,-1.69043,fluid
469,0.58684,0.64502,,1004.88,325.623,38861.8,,0.137024,-0.238097,0.27471,,-66.5258,6.37597,-0.625202,-3.43403,fluid
470,0.964706,0.561319,,1005.03,289.645,40039.6,,0.173592,-0.178254,0.248815,,-40.7581,7.13681,0.538845,-2.67319,fluid
471,0.465822,1.0876,,1004.37,298.28,34775.6,,0.130108,-0.520944,0.536946,,-71.6016,11.8277,2.72756,2.01769,fluid
472,0.300473,1.58299,,1003.93,676.465,31203.7,,0.192659,-0.636081,0.664617,,-110.619,7.67211,-7.17667,-2.13789,fluid
473,0.187889,2.20057,,1003.3,1045.36,26179.5,,0.211509,-2.18687,2.19707,,-142.625,10.8747,-3.74864,1.06471,fluid
474,0.194262,4.91331,,1001.88,38.7355,14809.8,,0.00512038,-0.959576,0.95959,,-80.5111,-1.14071,-4.41778,-10.9507,fluid
475,0.176873,7.89846,,1000.65,257.833,5143.07,,0.0559322,-0.633441,0.635905,,-32.7998,4.77589,-3.74098,-5.03411,fluid
476,0.19232,3.95544,,1001.98,-43.2997,15617.1,,0.00226878,-1.58394,1.58394,,-86.2809,2.70618,-5.23721,-7.10382,fluid
477,0.612193,0.951342,,1004.52,271.311,35923.6,,0.134679,-0.350924,0.37588,,-58.4521,10.8316,-0.0356271,1.02164,fluid
478,0.181571,2.9896,,1002.62,-447.158,20757.6,,-0.0470065,-1.97575,1.97631,,-123.26,7.4334,-9.2372,-2.3766,fluid
479,0.209146,7.297,,1001.02,-80.1741,8043.07,,-0.0149931,-0.532645,0.532856,,-44.5015,2.79256,-6.08406,-7.01744,fluid
480,0.26245,4.64853,,1001.83,-171.232,14465.8,,-0.0539734,-1.27324,1.27439,,-62.3203,-0.649536,-7.30299,-10.4595,fluid
481,0.236085,5.45536,,1001.95,-303.549,15420.1,,-0.0857103,-1.45217,1.4547,,-74.0584,-1.9435,-8.86996,-11.7535,fluid
482,0.232471,6.18631,,1001.7,60.6454,13410,,0.000387063,-0.7424,0.7424,,-71.1613,1.51849,-13.5745,-8.29151,fluid
483,0.246606,9.09649,,1000.15,120.542,1175.24,,0.0318307,-0.884017,0.88459,,-4.93284,2.31153,-0.167904,-7.49847,fluid
484,0.268582,12.7798,,999.999,-34.9747,-11.2801,,-0.00939009,0.462153,0.462249,,0.0405967,0.00841293,-0.00140223,-9.80159,fluid
485,0.219717,12.157,,1000,-151.931,-1.37237,,-0.0332395,0.291999,0.293885,,0.0388544,-0.000921689,0.0326083,-9.81092,fluid
486,0.260613,15.2879,,1000,-222.691,9.37199,,-0.0580048,1.8884,1.88929,,-0.0271373,-0.0341615,0.00882402,-9.84416,fluid
487,0.197347,9.36545,,1000.08,21.6314,657.698,,0.00485713,-0.873396,0.873409,,-3.15655,2.26386,0.17586,-7.54614,fluid
488,0.179373,11.6436,,999.998,-125.987,-18.7688,,-0.022763,0.271075,0.272029,,0.149751,-0.0927282,0.0451149,-9.90273,fluid
489,0.165798,13.9593,,999.995,36.0158,-37.1741,,0.00608476,1.34897,1.34899,,0.144111,-0.0371402,-0.0801037,-9.84714,fluid
490,0.184341,16.5223,,999.997,-94.0964,-21.2036,,-0.0174641,2.58199,2.58205,,0.255863,-0.0809638,0.140838,-9.89096,fluid
491,0.249812,18.7621,,1000,-125.672,19.405,,-0.0313765,3.44082,3.44096,,-0.044965,0.103379,0.0327133,-9.70662,fluid
492,0.279463,18.6946,,1000,-80.3926,19.1956,,-0.022456,3.57358,3.57365,,0.035448,-0.127014,0.104135,-9.93701,fluid
493,0.815662,0.111312,,1005.47,160.056,43636.5,,0.0367067,-0.0451245,0.0581687,,-52.9346,10.7449,0.272573,0.934929,fluid
494,0.908263,0.282189,,1005.32,217.376,42442.6,,0.0680949,-0.0791826,0.104436,,-46.81,10.0258,-0.327956,0.215825,fluid
495,1.0047,0.429275,,1005.2,258.951,41439.5,,0.132943,-0.117408,0.177365,,-40.6695,8.61457,0.362853,-1.19543,fluid
496,0.831124,0.699294,,1004.82,317.982,38380.6,,0.196205,-0.275765,0.338442,,-45.906,6.07599,0.0516013,-3.73401,fluid
497,0.479298,1.37338,,1004.09,553.15,32473.4,,0.264619,-0.55816,0.61771,,-64.3439,5.91758,3.13234,-3.89242,fluid
498,1.01849,0.698929,,1004.9,297.432,38986.3,,0.234728,0.0111096,0.234991,,-37.1958,5.68094,0.896244,-4.12906,fluid
499,0.796011,0.888493,,1004.61,283.215,36721.8,,0.172143,-0.568548,0.594037,,-46.3657,10.5657,-0.445368,0.755661,fluid
500,1.00199,0.926147,,1004.69,266.166,37358.2,,0.20783,-0.252553,0.327072,,-37.4285,9.47428,-0.318533,-0.335723,fluid
501,0.713828,1.21921,,1004.32,322.714,34310.2,,0.184438,-0.593416,0.621418,,-48.357,9.64178,-0.498532,-0.168218,fluid
502,0.493876,2.16784,,1003.29,1041.03,26115.6,,0.536896,-1.58535,1.67379,,-49.073,8.4807,3.63211,-1.3293,fluid
503,0.409988,2.50303,,1002.87,-17.6241,22727.6,,-0.00163343,-3.31197,3.31197,,-59.7131,6.3241,-4.43694,-3.4859,fluid
504,0.474448,1.64766,,1003.84,935.13,30495.1,,0.473472,-1.46296,1.53767,,-57.313,11.9374,6.71601,2.12736,fluid
505,0.335125,1.91683,,1003.6,1386.76,28541,,0.467382,-1.64861,1.71358,,-86.0153,12.248,-1.15532,2.43795,fluid
506,0.356766,2.75622,,1002.65,-754.836,20994.3,,-0.253615,-2.4076,2.42093,,-65.8759,7.32256,-7.18563,-2.48744,fluid
507,0.251325,3.55855,,1002.15,-446.978,16963.2,,-0.0986861,-0.993447,0.998337,,-74.7974,3.81476,-7.44719,-5.99524,fluid
508,0.328006,4.37767,,1001.81,-149.639,14267.4,,-0.0572132,-1.43931,1.44045,,-49.4587,-0.475205,-6.03989,-10.2852,fluid
509,0.370304,3.33442,,1002.18,-948.846,17240.6,,-0.33617,-2.50419,2.52665,,-51.558,5.46297,-5.10144,-4.34703,fluid
510,0.295799,5.66042,,1001.9,-511.34,15034.6,,-0.179082,-0.448469,0.482902,,-61.0311,0.774211,-10.3008,-9.03579,fluid
511,0.436168,3.94916,,1001.81,-52.6402,14264.4,,-0.0163532,-1.45037,1.45046,,-36.8147,3.00777,-4.1698,-6.80223,fluid
512,0.481627,4.61293,,1001.69,-153.708,13326.2,,-0.0771624,-1.05205,1.05488,,-30.3202,-0.191071,-2.69774,-10.0011,fluid
513,0.420021,5.15559,,1001.76,-29.6509,13858.5,,-0.0434373,-1.08976,1.09063,,-39.4185,-0.920489,-6.48153,-10.7305,fluid
514,0.387103,5.91667,,1001.74,-33.6889,13745.7,,-0.0476201,-0.671971,0.673656,,-44.0785,1.4059,-8.63117,-8.4041,fluid
515,0.354986,8.06099,,1000.57,291.706,4490.94,,0.106741,-0.887745,0.894139,,-12.2565,4.25301,0.387293,-5.55699,fluid
516,0.289431,8.72685,,1000.32,-187.937,2516.81,,-0.0525109,-0.567648,0.570071,,-10.502,3.13443,-1.80905,-6.67557,fluid
517,0.278262,10.7489,,1000.01,54.0004,99.0632,,0.0148925,-0.369081,0.369382,,-0.345024,-0.113357,0.0109776,-9.92336,fluid
518,0.301577,7.54748,,1000.82,232.616,6475.09,,0.070466,-0.405556,0.411633,,-22.9709,4.65754,-1.51781,-5.15246,fluid
519,0.327555,6.76424,,1001.3,-140.641,10271.9,,-0.0564227,-0.652753,0.655187,,-33.7269,5.85214,-2.40855,-3.95786,fluid
520,0.282724,9.34901,,1000.09,85.9426,684.357,,0.0246648,-0.969953,0.970266,,-1.46975,2.24415,0.950621,-7.56585,fluid
521,0.307302,14.8262,,1000,-131.099,23.4567,,-0.0402897,1.58569,1.5862,,-0.0205628,-0.0600091,0.0557682,-9.87001,fluid
522,0.265269,15.8544,,1000,-165.694,32.588,,-0.0439044,1.79098,1.79151,,0.104704,0.100767,0.227553,-9.70923,fluid
523,0.308013,21.822,,1000,-4.34284,-0.079178,,-0.00132702,5.38742,5.38742,,-0.00242326,-7.1115e-05,-0.00268033,-9.81007,fluid
524,0.374869,24.8187,,1000,-24.1529,19.0193,,-0.0090521,7.28813,7.28813,,0.00101193,0.000843818,0.0517478,-9.80916,fluid
525,1.05886,0.13097,,1005.54,170.687,44224.2,,0.0627378,-0.0442382,0.0767662,,-41.3691,9.84855,0.166536,0.0385502,fluid
526,1.20501,0.33807,,1005.4,229.015,43104,,0.111562,-0.0757327,0.134839,,-35.8824,8.77185,-0.304033,-1.03815,fluid
527,1.23407,0.554547,,1005.17,251.627,41242.6,,0.149527,-0.167599,0.224606,,-33.5349,7.75676,-0.28697,-2.05324,fluid
528,1.19633,0.804404,,1004.91,252.822,39124.6,,0.220078,-0.388209,0.446252,,-32.4421,6.96014,0.101987,-2.84986,fluid
529,0.877972,1.10707,,1004.49,262.344,35754.5,,0.199799,-0.454905,0.496848,,-39.7242,10.8273,0.817527,1.01725,fluid
530,1.04028,1.3357,,1004.51,348.974,35851,,0.312452,-0.657911,0.728336,,-34.8144,6.26519,-0.506108,-3.54481,fluid
531,0.786662,1.43629,,1004.23,509.298,33623.1,,0.36745,-0.1769,0.407815,,-43.1568,9.92226,-0.595409,0.112256,fluid
532,0.643558,2.63845,,1002.64,-268.153,20847.9,,-0.0962532,-1.33532,1.33879,,-29.6925,8.13419,2.61715,-1.67581,fluid
533,0.655956,2.95022,,1002.32,-272.874,18333.7,,-0.139656,-1.16526,1.1736,,-26.3527,3.56798,1.53219,-6.24202,fluid
534,0.927885,4.18192,,1001.54,-102.446,12130.3,,-0.0436008,-1.08108,1.08196,,-16.1588,0.514203,-3.10582,-9.2958,fluid
535,0.676665,1.86416,,1003.78,711.16,29967,,0.497788,-0.829864,0.967713,,-40.38,11.0263,3.73973,1.21633,fluid
536,0.705118,3.56254,,1001.79,-271.238,14090.8,,-0.169497,-1.15782,1.17016,,-23.1091,2.04289,-3.16106,-7.76711,fluid
537,0.522217,3.14757,,1002.19,-434.05,17319.7,,-0.200726,-1.94548,1.95581,,-34.3292,6.37869,-1.23596,-3.43131,fluid
538,0.837531,3.94067,,1001.58,-137.153,12491.9,,-0.12098,-1.64395,1.6484,,-19.2326,1.29504,-4.3411,-8.51496,fluid
539,0.592251,3.74157,,1001.76,-170.058,13861.9,,-0.0796269,-1.62462,1.62657,,-26.9472,2.06572,-3.58278,-7.74428,fluid
540,0.596756,4.30856,,1001.63,-191.048,12822,,-0.112707,-1.32468,1.32946,,-25.2385,1.36258,-3.78714,-8.44742,fluid
541,0.691065,4.06574,,1001.6,-167.032,12626.8,,-0.126415,-1.32573,1.33174,,-22.8627,2.14687,-4.62043,-7.66313,fluid
542,0.596848,4.90571,,1001.62,-91.2853,12773.4,,-0.0837202,-1.26596,1.26873,,-25.9641,-1.6155,-4.59722,-11.4255,fluid
543,0.764425,4.62747,,1001.56,-90.8373,12273.2,,-0.0944069,-1.41157,1.41473,,-20.2503,-0.297774,-4.21978,-10.1078,fluid
544,0.595724,5.27098,,1001.64,-162.306,12955.3,,-0.117295,-1.12384,1.12994,,-24.2435,-0.159,-2.53198,-9.969,fluid
545,0.660358,5.45754,,1001.63,-150.075,12854.6,,-0.108002,-1.07369,1.07911,,-20.4514,0.965421,-1.01704,-8.84458,fluid
546,0.623702,5.7443,,1001.63,-129.787,12867,,-0.0834198,-1.39362,1.39612,,-21.7284,1.09003,-1.13201,-8.71997,fluid
547,0.596905,6.35965,,1001.44,-116.106,11349.6,,-0.0945364,-0.752664,0.758578,,-22.0086,7.66678,-3.02187,-2.14322,fluid
548,0.446905,8.37021,,1000.45,26.5113,3549.65,,0.0126825,-1.19729,1.19735,,-8.42016,3.34461,-0.481016,-6.46539,fluid
549,0.444805,6.90837,,1001.22,-203.915,9622.54,,-0.0995736,-0.755208,0.761744,,-22.0136,7.90983,-0.406831,-1.90017,fluid
550,0.489723,6.15443,,1001.56,-0.889485,12271.3,,-0.0180587,-1.06786,1.06802,,-28.1656,2.67462,-3.14695,-7.13538,fluid
551,0.333348,9.99537,,999.993,-281.09,-58.8264,,-0.0929443,-0.768292,0.773894,,0.470797,0.272375,0.294324,-9.53762,fluid
552,0.375329,10.7585,,1000.01,56.5562,92.5222,,0.0213459,-0.443679,0.444192,,-0.176153,-0.0931809,0.070354,-9.90318,fluid
553,0.332571,13.0183,,999.999,-100.379,-9.84225,,-0.0333841,0.507663,0.50876,,0.0429878,-0.00487559,0.0133933,-9.81488,fluid
554,0.412594,14.9167,,1000,-125.069,20.1678,,-0.0515982,1.56611,1.56696,,0.0436937,0.00152849,0.0925741,-9.80847,fluid
555,0.406171,17.8778,,1000,-71.684,20.3335,,-0.0291181,3.13421,3.13435,,0.0336242,0.00314734,0.0836853,-9.80685,fluid
556,0.504293,25.8252,,1001.06,0,8337.78,,0.0382744,7.52491,7.52501,,0,0,16.5161,-9.81,fluid
557,1.2959,0.144412,,1005.66,171.454,45158.8,,0.0719343,-0.0411185,0.0828569,,-34.9441,8.98769,-0.292713,-0.82231,fluid
558,1.40957,0.396154,,1005.45,213.654,43495.7,,0.102391,-0.0788098,0.129209,,-31.0967,8.21655,-0.406535,-1.59345,fluid
559,1.3855,0.679491,,1005.14,208.8,40951,,0.181729,-0.265455,0.321701,,-28.9776,7.62553,0.428219,-2.18447,fluid
560,1.19863,1.03108,,1004.79,289.58,38153.6,,0.230278,-0.180166,0.292382,,-33.538,9.2423,-1.85869,-0.567696,fluid
561,0.910432,1.68142,,1004.21,545.788,33481.8,,0.432563,-1.00019,1.08972,,-39.2554,12.3163,-2.634,2.50626,fluid
562,1.09003,1.48082,,1004.47,351.2,35553.3,,0.393568,-0.341143,0.520841,,-31.7975,8.67604,0.673991,-1.13396,fluid
563,0.762275,2.40043,,1003.09,355.187,24469.5,,0.336981,-1.08647,1.13753,,-31.4099,10.1709,0.591908,0.360925,fluid
564,0.85113,2.1846,,1003.59,532.443,28455.5,,0.46061,-0.707567,0.844282,,-34.5628,8.42144,-1.24969,-1.38856,fluid
565,0.879243,3.25466,,1002.09,-216.005,16521.1,,-0.14351,-1.22425,1.23264,,-21.1177,3.59072,-2.36678,-6.21928,fluid
566,1.11593,3.65837,,1001.84,135.765,14501.1,,0.148938,-0.996451,1.00752,,-17.4457,1.47709,-4.47491,-8.33291,fluid
567,1.14378,3.78463,,1001.77,108.534,13947.5,,0.20863,-1.04108,1.06177,,-14.4407,3.09023,-2.26796,-6.71977,fluid
568,0.850448,3.44003,,1001.87,-222.896,14787.5,,-0.147882,-0.972508,0.983687,,-19.7468,3.28304,-2.39141,-6.52696,fluid
569,1.27049,4.33641,,1001.71,159.792,13512.1,,0.174828,-1.21448,1.227,,-13.3873,1.02563,-2.77011,-8.78437,fluid
570,1.1987,4.1112,,1001.69,59.861,13327.1,,0.0812147,-1.10179,1.10478,,-14.6554,1.28546,-3.55624,-8.52454,fluid
571,0.992469,3.8878,,1001.63,-17.9475,12822.9,,-0.00891749,-1.24905,1.24909,,-16.838,2.12536,-3.93874,-7.68464,fluid
572,1.07988,4.38699,,1001.59,67.5139,12561.5,,0.12743,-1.51638,1.52172,,-14.0663,0.550602,-2.45252,-9.2594,fluid
573,0.896727,4.40155,,1001.54,-38.2603,12128.8,,-0.0540766,-1.42008,1.42111,,-18.3704,1.00925,-4.8656,-8.80075,fluid
574,0.806028,4.92129,,1001.55,-131.977,12246,,-0.100472,-1.47463,1.47804,,-17.2325,-0.944309,-2.0631,-10.7543,fluid
575,1.19621,4.61733,,1001.67,81.236,13137.2,,0.0950961,-1.39005,1.3933,,-13.6796,-0.608632,-2.71546,-10.4186,fluid
576,0.997895,4.68599,,1001.58,-19.6834,12453.3,,-0.0496839,-1.64103,1.64178,,-16.4082,0.85153,-3.94829,-8.95847,fluid
577,0.873507,5.14793,,1001.6,-128.816,12597.8,,-0.132956,-1.39264,1.39897,,-17.1731,0.375748,-2.77401,-9.43425,fluid
578,0.813947,5.78174,,1001.64,7.49329,12962.5,,-0.0154141,-1.49495,1.49503,,-17.0322,0.882009,-1.1328,-8.92799,fluid
579,0.7589,6.29122,,1001.49,12.7511,11728.8,,0.00736835,-1.54102,1.54104,,-14.8189,3.05619,0.613221,-6.75381,fluid
580,0.602345,7.6386,,1000.76,469.548,5986.27,,0.28966,-1.26497,1.29771,,-7.13604,5.03979,2.79468,-4.77021,fluid
581,0.520423,7.26596,,1001.03,-59.7165,8107.83,,-0.0366195,-0.62621,0.62728,,-15.0002,5.56672,0.563059,-4.24328,fluid
582,0.591305,8.63665,,1000.31,-104.333,2452.46,,-0.0501025,-1.41145,1.41234,,-3.1281,3.79998,1.01815,-6.01002,fluid
583,0.571242,11.0726,,1000,-81.3667,17.371,,-0.0474207,-0.387181,0.390075,,-0.277283,-0.12006,-0.246874,-9.93006,fluid
584,0.474585,11.4806,,999.996,-415.766,-30.6803,,-0.197592,-0.391167,0.43824,,-0.0354992,0.0177276,-0.100146,-9.79227,fluid
585,0.498048,13.8942,,999.992,-42.9497,-63.8841,,-0.0211016,1.0772,1.07741,,0.134135,-0.194621,0.00586547,-10.0046,fluid
586,0.397425,17.234,,1000,-129.257,37.4691,,-0.0513743,2.72415,2.72464,,0.00958082,-0.0127132,0.10386,-9.82271,fluid
587,0.487296,20.3654,,999.999,13.4739,-7.78821,,0.00652724,4.57068,4.57068,,0.00606425,-0.00200621,-0.00991828,-9.81201,fluid
588,0.680843,30.2626,,1001.17,0,9239.15,,-0.407464,10.3848,10.3928,,0,0,13.5543,-9.81,fluid
589,1.51654,0.145853,,1005.78,154.25,46124.9,,0.0475601,-0.0335412,0.0581977,,-31.1134,8.16329,-0.873512,-1.64671,fluid
590,1.66557,0.360049,,1005.62,179.751,44828.4,,0.0765126,-0.0624907,0.098789,,-27.943,8.09535,-1.17851,-1.71465,fluid
591,1.58365,0.56954,,1005.36,186.613,42733.8,,0.13416,-0.0443833,0.14131,,-27.3625,7.69656,-0.521967,-2.11344,fluid
592,1.42742,0.966998,,1004.99,273.331,39777,,0.336713,-0.055638,0.341279,,-27.6982,8.45603,0.0296932,-1.35397,fluid
593,1.30338,1.21286,,1004.78,337.847,38094.8,,0.328483,-0.473932,0.576639,,-29.6213,11.1363,-0.532864,1.3263,fluid
594,1.17339,1.78272,,1004.41,209.533,35052.4,,0.278223,-0.445638,0.525359,,-31.0335,11.1485,-1.29193,1.33849,fluid
595,0.994054,2.01759,,1004.03,328.614,31982.6,,0.363177,-0.566,0.672498,,-32.0961,7.2591,-0.0511926,-2.5509,fluid
596,0.99086,2.73193,,1002.94,-117.388,23315,,-0.0817088,-0.363885,0.372946,,-24.6488,6.66328,-1.18779,-3.14672,fluid
597,1.22983,3.32428,,1002.33,135.023,18403.9,,0.215263,-0.140248,0.25692,,-18.9068,4.40653,-3.97702,-5.40347,fluid
598,0.953079,2.99137,,1002.53,-80.9286,19978.7,,-0.0422282,-0.652687,0.654052,,-22.1203,4.03336,-1.21086,-5.77664,fluid
599,1.5445,3.89749,,1002.06,273.222,16275.5,,0.519014,-0.505979,0.724838,,-13.9662,2.52216,-3.45014,-7.28784,fluid
600,1.2359,3.51842,,1002.08,234.166,16442.3,,0.365354,-0.378441,0.526023,,-15.5663,2.8692,-2.29005,-6.9408,fluid
601,1.63554,4.14795,,1001.99,193.768,15708.5,,0.468529,-0.743835,0.879096,,-11.9179,1.86753,-2.33248,-7.94247,fluid
602,1.37731,3.95455,,1001.89,148.147,14896.5,,0.216308,-0.807543,0.836012,,-15.3696,1.67104,-4.57431,-8.13896,fluid
603,1.60616,4.4145,,1001.89,80.2243,14881.1,,0.201547,-1.07598,1.09469,,-12.2345,1.05832,-2.98693,-8.75168,fluid
604,1.44669,4.19198,,1001.85,149.973,14631.6,,0.162611,-0.860979,0.8762,,-13.5223,1.78464,-3.42718,-8.02536,fluid
605,1.45284,4.53602,,1001.81,113.172,14268.5,,0.0805685,-1.38757,1.38991,,-12.4813,0.311259,-2.67799,-9.49874,fluid
606,1.60186,4.71557,,1001.9,80.9965,15023.1,,0.2286,-1.38476,1.4035,,-10.6051,-0.699592,-1.24433,-10.5096,fluid
607,1.32055,4.77702,,1001.74,39.7897,13751.3,,0.0897826,-1.27405,1.27721,,-13.0762,-0.971116,-2.681,-10.7811,fluid
608,1.14787,4.92428,,1001.67,-70.9776,13138.6,,-0.0892809,-1.63477,1.63721,,-15.4155,0.0579608,-3.98848,-9.75204,fluid
609,1.32019,5.18335,,1001.8,-12.4407,14197.7,,-0.0541807,-1.61119,1.6121,,-15.6334,-1.03756,-4.89839,-10.8476,fluid
610,1.09802,5.2042,,1001.7,-69.4429,13438.2,,-0.105757,-1.66726,1.67061,,-16.1368,-0.244323,-3.91905,-10.0543,fluid
611,0.972999,5.46534,,1001.71,-27.0338,13512.1,,-0.103085,-1.3677,1.37158,,-18.5724,0.974873,-4.70906,-8.83513,fluid
612,0.924071,5.93822,,1001.7,30.4362,13402.5,,-0.0289556,-1.35768,1.35799,,-17.8144,4.34261,-3.33528,-5.46739,fluid
613,0.756615,6.67216,,1001.41,1.63896,11116.5,,-0.0220438,-1.33978,1.33996,,-16.2743,6.14426,-1.60259,-3.66574,fluid
614,0.667821,7.88262,,1000.67,404.601,5232.23,,0.27164,-1.51637,1.54051,,-5.86242,4.16507,1.96715,-5.64493,fluid
615,0.619202,9.0444,,1000.17,-30.8358,1340.4,,-0.014892,-1.36814,1.36822,,-1.05656,3.72969,1.1078,-6.08031,fluid
616,0.706411,11.2113,,1000,-102.18,-2.84128,,-0.0698067,-0.681896,0.68546,,0.0919805,0.272754,0.0879584,-9.53725,fluid
617,0.619205,15.3978,,999.999,-20.6535,-9.77432,,-0.0127145,1.48376,1.48382,,0.0239452,0.0232024,0.00815992,-9.7868,fluid
618,0.595188,14.1095,,999.996,-2.7563,-30.661,,-0.00208499,0.95103,0.951032,,0.152081,-0.0367576,0.100566,-9.84676,fluid
619,0.645403,23.4558,,1000.03,-109.103,197.096,,-0.0703399,6.30418,6.30457,,-0.0415378,0.0896953,0.26384,-9.7203,fluid
620,0.921819,36.7199,,1007.01,0,56189,,1.17985,14.3609,14.4093,,0,0,60.5301,-9.81,fluid
621,1.76032,0.153221,,1005.87,143.843,46913.5,,0.0625084,-0.0359107,0.0720894,,-27.8637,8.34732,-1.36881,-1.46268,fluid
622,1.83261,0.492238,,1005.53,180.93,44150.2,,0.138395,-0.0613229,0.151373,,-24.6298,7.40317,-0.670904,-2.40683,fluid
623,1.60055,0.882166,,1005.15,212.47,41035,,0.256411,0.129594,0.287299,,-25.1125,6.0772,0.394249,-3.7328,fluid
624,1.52269,1.30679,,1004.84,212.528,38579.6,,0.175629,-0.304521,0.351537,,-26.2962,6.80744,-1.08182,-3.00256,fluid
625,1.3641,1.57973,,1004.59,149.881,36531.5,,0.240018,-0.416995,0.481137,,-28.4573,7.03094,-1.79904,-2.77906,fluid
626,1.44818,1.89813,,1004.51,11.213,35846.8,,-0.100721,0.583302,0.591934,,-29.5285,10.7889,-4.88659,0.978935,fluid
627,1.1264,2.49409,,1003.5,9.55635,27754.3,,0.0409432,-0.223189,0.226913,,-27.4871,10.1153,-2.93323,0.305305,fluid
628,1.25777,3.09779,,1002.7,66.1532,21377.1,,0.137532,0.124611,0.185588,,-22.3945,4.84791,-5.44425,-4.96209,fluid
629,1.52979,3.351,,1002.46,312.155,19481.6,,0.535605,0.405752,0.671943,,-17.7559,5.89789,-5.05235,-3.91211,fluid
630,1.494,3.65326,,1002.19,363.215,17306.8,,0.552513,0.0329051,0.553492,,-16.5229,1.39194,-4.96405,-8.41806,fluid
631,1.7615,3.5665,,1002.37,470.662,18719.2,,0.786643,-0.0811739,0.79082,,-16.1661,4.59436,-5.56435,-5.21564,fluid
632,1.71587,3.79572,,1002.25,372.78,17774.3,,0.728832,-0.249944,0.770499,,-13.044,4.20689,-2.70854,-5.60311,fluid
633,1.96885,3.96374,,1002.24,538.31,17698.5,,0.792249,-0.437647,0.905093,,-12.6318,2.96836,-3.66269,-6.84164,fluid
634,1.807,4.09253,,1002.12,430.961,16782.9,,0.865889,-0.619815,1.06486,,-11.467,0.976981,-2.19896,-8.83302,fluid
635,2.06812,4.2449,,1002.02,578.744,15938.9,,0.697845,-0.994804,1.21516,,-13.5841,-0.41612,-5.89271,-10.2261,fluid
636,1.83662,4.29871,,1002.02,369.399,15927.5,,0.903475,-1.07215,1.40206,,-12.994,0.523673,-4.3393,-9.28633,fluid
637,1.96881,4.43956,,1001.99,467.651,15723.2,,1.05472,-1.3129,1.68408,,-13.2449,1.2404,-5.27467,-8.5696,fluid
638,1.9666,4.62423,,1001.99,366.541,15722.6,,0.681224,-1.30446,1.47162,,-12.4826,2.22406,-4.50367,-7.58594,fluid
639,1.51901,4.90781,,1001.88,65.4584,14852,,0.16544,-1.80744,1.81499,,-11.266,-1.58226,-1.50695,-11.3923,fluid
640,1.77331,4.56967,,1001.96,85.1299,15455.4,,0.359267,-1.05019,1.10995,,-13.0393,1.39801,-4.34079,-8.41199,fluid
641,1.77686,4.89559,,1001.97,236.952,15569.3,,0.253493,-1.49675,1.51807,,-11.2962,-1.70125,-2.55117,-11.5113,fluid
642,1.52145,5.12317,,1001.88,101.553,14872.8,,0.142404,-1.44861,1.45559,,-12.2564,-1.99001,-2.49943,-11.8,fluid
643,1.21373,5.49619,,1001.81,-69.7304,14243.5,,-0.119754,-1.96413,1.96778,,-17.6592,-1.07626,-5.94506,-10.8863,fluid
644,1.16902,5.79919,,1001.86,-114.121,14700.3,,-0.270868,-1.66327,1.68518,,-21.3039,1.22556,-8.75241,-8.58444,fluid
645,0.99011,6.37683,,1001.65,-88.8672,13026,,-0.139684,-1.52568,1.53206,,-16.8167,5.5322,-3.68225,-4.2778,fluid
646,0.853073,6.98606,,1001.37,-24.568,10779.3,,-0.019684,-1.74336,1.74347,,-13.4126,6.6471,-0.793999,-3.1629,fluid
647,0.775872,8.2778,,1000.57,-48.295,4463.3,,-0.0310377,-1.55657,1.55688,,-4.55591,3.98855,1.19345,-5.82145,fluid
648,0.638557,9.75251,,1000.02,-97.6567,142.353,,-0.0641551,-1.62069,1.62196,,0.673034,0.905319,0.895959,-8.90468,fluid
649,0.773,16.3562,,999.978,-152.228,-174.11,,-0.117655,2.44081,2.44365,,0.0926977,-0.0715409,-0.132547,-9.88154,fluid
650,0.676289,18.8605,,1000,-19.3142,11.2702,,-0.01305,3.50809,3.50812,,0.0143901,0.004353,0.0310548,-9.80565,fluid
651,0.90814,22.8906,,1000.04,-132.865,285.126,,-0.121351,5.56093,5.56226,,0.0388601,0.0170021,0.352815,-9.793,fluid
652,0.968553,21.5194,,1000,-4.1302,9.17053,,-0.00436446,5.36585,5.36585,,0.000734423,-0.000699121,0.0102027,-9.8107,fluid
653,1.97193,0.154541,,1005.92,148.614,47288,,0.072566,-0.043749,0.0847337,,-24.7852,8.90004,-0.94568,-0.909963,fluid
654,2.04529,0.390827,,1005.67,165.661,45231.7,,0.0973771,-0.0526815,0.110714,,-22.544,7.89405,-0.553519,-1.91595,fluid
655,1.80985,0.760041,,1005.31,169.554,42356.1,,0.126478,-0.38264,0.403002,,-25.2019,6.88992,-1.92248,-2.92008,fluid
656,2.03572,0.694718,,1005.38,152.951,42945.1,,0.13852,-0.11128,0.177682,,-22.2753,5.79966,-1.29248,-4.01034,fluid
657,1.2656,2.20865,,1004.07,137.918,32302.8,,0.151796,0.162249,0.222186,,-28.1853,7.61049,-2.76488,-2.19951,fluid
658,1.49722,2.23435,,1003.95,50.685,31406.2,,0.195202,0.339141,0.391306,,-23.8101,5.53461,-2.91633,-4.27539,fluid
659,1.63082,1.54165,,1004.68,25.5879,37215.6,,0.0965314,0.506213,0.515335,,-25.9791,6.71704,-3.26518,-3.09296,fluid
660,1.35144,2.84542,,1003.12,16.0345,24731.2,,0.0735364,0.468484,0.47422,,-25.1678,4.44685,-6.92487,-5.36315,fluid
661,1.61853,2.83581,,1003.07,179.955,24317.6,,0.20383,0.980115,1.00109,,-20.0366,6.65961,-5.05804,-3.15039,fluid
662,1.43213,2.55446,,1003.47,-57.9398,27524.1,,0.078378,0.28993,0.300337,,-26.4515,8.9457,-7.29888,-0.864303,fluid
663,1.84088,3.41339,,1002.42,468.939,19133.3,,0.909815,0.375257,0.984165,,-15.6206,3.70832,-5.25214,-6.10168,fluid
664,2.08257,3.45748,,1002.45,353.866,19341.2,,0.821429,-0.231841,0.85352,,-14.866,6.98158,-5.60146,-2.82842,fluid
665,1.56845,3.09708,,1002.74,245.048,21659,,0.53689,0.107428,0.547532,,-18.7192,7.2833,-4.94771,-2.5267,fluid
666,2.03492,3.61323,,1002.39,406.635,18873.1,,1.05866,-0.379216,1.12453,,-12.3626,5.91068,-3.11009,-3.89932,fluid
667,2.28695,3.91908,,1002.16,496.272,17070.1,,1.26228,-1.10879,1.68011,,-14.3092,1.22061,-6.86114,-8.58939,fluid
668,1.99103,3.76301,,1002.34,433.213,18490.7,,0.921736,-0.364276,0.991107,,-12.6276,5.80386,-3.36225,-4.00614,fluid
669,2.27694,4.05763,,1001.99,342.63,15747.8,,0.969644,-0.908479,1.32874,,-13.9506,2.99524,-7.04815,-6.81476,fluid
670,2.27097,4.52769,,1001.93,109.781,15208.1,,0.462119,-0.935977,1.04384,,4.05022,5.0749,10.7341,-4.7351,fluid
671,2.23438,4.35085,,1001.89,157.443,14922.3,,0.535458,-0.984129,1.12037,,-3.95013,5.09752,2.71575,-4.71248,fluid
672,2.01493,4.88386,,1001.91,464.749,15112.2,,0.646398,-1.30086,1.4526,,-11.8595,-1.73636,-4.37371,-11.5464,fluid
673,2.03371,5.03989,,1001.79,319.949,14121.8,,0.559616,-1.60797,1.70257,,-12.3617,-3.06871,-5.43021,-12.8787,fluid
674,1.74138,5.17058,,1001.89,189.133,14905.2,,0.241099,-1.75938,1.77582,,-12.0221,-2.87092,-3.47884,-12.6809,fluid
675,1.51737,5.36651,,1001.9,59.8607,14969.1,,0.137798,-1.64766,1.65342,,-12.5447,-0.653118,-2.69814,-10.4631,fluid
676,1.45475,5.62684,,1001.96,-86.9612,15442.8,,0.0580776,-2.10733,2.10813,,-13.8579,-2.17585,-3.26318,-11.9859,fluid
677,1.20906,6.23592,,1001.91,-48.7572,15049.4,,-0.128449,-2.08538,2.08933,,-20.5403,3.63097,-8.11678,-6.17903,fluid
678,1.10432,6.72424,,1001.59,53.2822,12575.6,,-0.0146057,-1.48349,1.48356,,-16.6568,6.18703,-5.28725,-3.62297,fluid
679,0.964958,7.28877,,1001.29,-39.7917,10193,,-0.0874966,-1.31618,1.31909,,-13.843,6.52655,-3.2935,-3.28345,fluid
680,0.888791,8.72731,,1000.3,58.0185,2342.8,,0.061008,-1.62055,1.6217,,-2.01663,3.21652,0.618529,-6.59348,fluid
681,0.815113,10.0704,,999.948,-193.169,-406.734,,-0.151566,-1.33164,1.34024,,0.776089,-0.173226,0.277072,-9.98323,fluid
682,0.684955,12.7216,,999.998,-93.2425,-15.8687,,-0.0638555,0.146996,0.160267,,-0.0117688,0.0106952,-0.0349364,-9.7993,fluid
683,0.888561,22.3557,,1000,-10.2117,10.586,,-0.00861788,5.54501,5.54502,,-0.0026624,-0.0801873,0.00925123,-9.89019,fluid
684,1.04232,20.1818,,999.995,17.3115,-41.3651,,0.0179718,4.80973,4.80977,,-0.00363855,0.00120372,-0.0433243,-9.8088,fluid
685,2.19226,0.187214,,1005.88,136.444,46933,,0.0219033,-0.043832,0.0489999,,-22.0762,9.06879,-0.792737,-0.741209,fluid
686,2.21929,0.544862,,1005.5,127.556,43892.1,,0.129443,-0.169934,0.213619,,-21.0329,7.06958,-1.36351,-2.74042,fluid
687,1.74004,1.11516,,1005.09,232.773,40535.1,,0.145717,-0.0206586,0.147174,,-25.0882,8.66131,-1.91053,-1.14869,fluid
688,2.43201,0.390955,,1005.64,114.693,45057.7,,0.0492363,-0.0826268,0.0961842,,-19.9979,8.08269,-1.57491,-1.72731,fluid
689,1.83782,1.41677,,1004.78,-45.1983,38050,,-0.0223629,-0.19715,0.198414,,-23.2221,4.51289,-2.61674,-5.29711,fluid
690,2.03958,1.21085,,1005.01,-12.0069,39910.4,,-0.144318,-0.111832,0.182577,,-20.2419,8.19059,-0.771529,-1.61941,fluid
691,1.68298,2.42964,,1003.48,-78.6856,27601,,-0.123588,0.826227,0.835419,,-23.6555,6.91601,-7.31229,-2.89399,fluid
692,1.62828,1.856,,1004.51,-21.8226,35864,,-0.0863539,-0.0320019,0.092093,,-23.8019,8.76125,-1.87515,-1.04875,fluid
693,1.82914,2.01955,,1004.13,-174.415,32826.5,,-0.397516,0.721701,0.823937,,-22.5704,8.04048,-4.6978,-1.76952,fluid
694,1.83056,2.73795,,1003.13,-53.7861,24820.9,,-0.0460013,0.996291,0.997352,,-14.6335,9.09547,-1.11669,-0.714534,fluid
695,1.79638,3.2003,,1002.55,259.19,20201,,0.500718,0.707121,0.866452,,-16.6462,5.26363,-5.42942,-4.54637,fluid
696,1.95168,2.59428,,1003.36,-80.734,26631.7,,0.128863,0.943924,0.95268,,-9.82909,12.8447,3.77074,3.03466,fluid
697,1.91516,2.99505,,1002.79,-112.8,22088.7,,0.0183597,0.570888,0.571184,,-15.0806,4.00501,-3.57912,-5.80499,fluid
698,2.25394,3.26693,,1002.69,418.063,21278.6,,1.09518,-0.410791,1.16969,,-16.5969,7.86862,-7.18155,-1.94138,fluid
699,2.37085,3.65146,,1002.59,714.428,20471,,1.43979,-0.102344,1.44343,,-13.9752,4.65355,-5.36298,-5.15645,fluid
700,2.31668,3.74963,,1002.41,603.071,19057.4,,1.50325,-0.935262,1.77044,,-13.9626,3.41151,-5.75623,-6.39849,fluid
701,2.5752,4.0918,,1002.26,-111.835,17820.7,,0.523602,-1.24363,1.34936,,-1.75508,17.1217,5.14947,7.31168,fluid
702,2.39746,4.32306,,1001.94,-115.69,15305.6,,-0.0149309,-1.22436,1.22445,,7.94201,13.2425,14.3138,3.43246,fluid
703,2.44539,4.14231,,1001.99,-201.546,15685.8,,0.519798,-1.13107,1.2448,,-1.20884,13.5154,5.19288,3.7054,fluid
704,2.2183,4.78152,,1001.93,299.393,15218.5,,0.946386,-1.00749,1.38228,,-1.20273,-1.4093,5.64449,-11.2193,fluid
705,2.13536,5.18742,,1001.74,-155.518,13742,,0.0917707,-2.11863,2.12062,,-10.2061,-4.25292,-3.78184,-14.0629,fluid
706,2.05822,5.34662,,1001.8,-437.375,14178.7,,-0.40193,-1.96725,2.00789,,-13.2598,-3.28943,-6.38339,-13.0994,fluid
707,1.85252,5.31404,,1001.86,-56.723,14655.1,,-0.0951315,-2.12469,2.12682,,-14.3673,-1.74598,-6.47104,-11.556,fluid
708,1.38519,5.9258,,1002.05,35.8341,16197.1,,0.0799239,-1.67409,1.676,,-17.8199,3.2371,-6.15076,-6.5729,fluid
709,1.4174,6.28749,,1002.15,49.964,16979.8,,0.139182,-2.33701,2.34115,,-15.5859,4.20483,-3.63206,-5.60517,fluid
710,1.40954,6.68926,,1001.68,-119.479,13250.7,,-0.102409,-1.65009,1.65327,,-17.4781,6.41573,-8.09312,-3.39427,fluid
711,1.29491,6.95269,,1001.43,47.2129,11256.9,,-0.0515972,-1.8895,1.8902,,-16.3951,10.2856,-7.71435,0.475637,fluid
712,1.1459,7.39053,,1001.29,-47.9163,10166.3,,0.0198402,-1.96825,1.96835,,-10.2224,5.95581,-1.36191,-3.85419,fluid
713,1.14654,8.07955,,1001,-103.807,7906.73,,-0.109113,-1.9876,1.9906,,-6.62585,7.47729,0.263399,-2.33271,fluid
714,0.863349,10.6439,,1000.01,-328.761,76.4321,,-0.284701,-1.10867,1.14465,,0.0914718,-0.384175,0.180001,-10.1942,fluid
715,0.950264,16.27,,999.976,-123.271,-190.081,,-0.116878,1.99137,1.9948,,-0.123297,0.0515851,-0.323332,-9.75841,fluid
716,1.08754,10.053,,999.873,-132.293,-996.138,,-0.146953,-2.02388,2.02921,,0.122504,-0.29266,-0.793569,-10.1027,fluid
717,2.39775,0.142271,,1005.87,93.2297,46850.8,,0.0155554,-0.0417966,0.0445974,,-20.817,9.92007,-1.39153,0.110075,fluid
718,2.62192,0.137657,,1005.81,82.0292,46362.6,,0.0887867,-0.056874,0.105441,,-18.9717,10.5599,-1.39114,0.749926,fluid
719,2.00445,0.977715,,1005.2,155.209,41467.1,,0.20168,-0.156436,0.255239,,-23.0518,6.31285,-2.4713,-3.49715,fluid
720,2.41562,0.66395,,1005.39,135.032,42968.4,,0.255703,-0.0402964,0.258859,,-18.7535,5.24494,-1.06106,-4.56506,fluid
721,2.24675,0.88953,,1005.23,123.479,41733.2,,0.112824,-0.0268865,0.115983,,-19.4807,6.65079,-1.00252,-3.15921,fluid
722,2.1408,1.45825,,1004.79,-236.68,38118.8,,-0.454349,0.518994,0.689774,,-17.8351,4.91538,-0.114085,-4.89462,fluid
723,2.33941,1.47938,,1004.81,-284.207,38301.6,,-0.612226,0.64989,0.892848,,-16.4719,2.17869,-0.17796,-7.63131,fluid
724,2.08709,1.96045,,1004.11,-177.296,32650.2,,-0.308242,0.832884,0.888093,,-20.6709,3.4751,-5.09111,-6.3349,fluid
725,2.46021,1.6062,,1004.66,-143.049,37117.6,,-0.832686,1.31933,1.56013,,-18.0756,4.85453,-3.05856,-4.95547,fluid
726,2.24353,1.76338,,1004.4,-46.3359,34998.7,,-0.289253,1.22488,1.25857,,-18.1562,5.21635,-2.62477,-4.59365,fluid
727,1.92402,2.30131,,1003.59,-198.449,28503.9,,-0.193081,0.943007,0.96257,,-20.1579,4.0967,-5.39618,-5.7133,fluid
728,2.48669,2.35789,,1004.46,-353.498,35486.5,,-1.10666,1.97756,2.26615,,-34.8605,26.9381,-20.6533,17.1281,fluid
729,2.16737,2.0576,,1003.95,-246.038,31406.4,,-0.592873,0.837696,1.02627,,-19.728,6.7277,-5.29447,-3.0823,fluid
730,2.0639,2.37655,,1003.65,-143.809,28930.1,,-0.0298571,1.13113,1.13153,,-11.4945,11.4116,2.47182,1.60164,fluid
731,2.25019,2.97654,,1003.17,706.886,25079.8,,1.47149,0.936715,1.74434,,-3.865,-15.6114,7.24549,-25.4214,fluid
732,2.17356,3.11077,,1002.78,383.518,22037.5,,1.20278,0.840037,1.46708,,-15.648,-3.08208,-5.53723,-12.8921,fluid
733,2.52578,3.43827,,1003.02,536.319,23889.1,,1.39145,-0.25081,1.41388,,-17.1952,12.4332,-7.76548,2.62318,fluid
734,2.89382,3.94685,,1002.53,1015.94,19975.4,,2.05813,-2.47165,3.21636,,-11.377,21.66,-4.4916,11.85,fluid
735,2.68802,3.98135,,1002.49,306.79,19718.7,,1.29107,-1.31601,1.84357,,-7.0271,13.5112,0.290419,3.70117,fluid
736,2.36602,4.74418,,1002.1,220.485,16597.1,,0.476407,-0.597746,0.764372,,6.86473,-4.93547,13.8648,-14.7455,fluid
737,2.2545,5.68315,,1002.55,-145.74,20199.7,,-0.218375,-0.166766,0.27477,,12.6054,6.48785,21.5423,-3.32215,fluid
738,2.30804,5.42044,,1002.28,-268.962,17982.4,,-0.449993,-0.749611,0.874306,,-5.00665,4.39496,2.76688,-5.41504,fluid
739,1.74422,5.61418,,1002.31,-56.097,18250.9,,-0.224218,-1.53351,1.54982,,-17.2176,-4.17654,-6.77809,-13.9865,fluid
740,1.56869,5.90434,,1002.35,175.015,18538,,0.406047,-1.82703,1.87161,,-12.5863,3.15565,-0.796415,-6.65435,fluid
741,1.62529,6.5392,,1002.16,-189.852,17043,,-0.279044,-1.99672,2.01612,,-14.2493,5.93226,-3.78581,-3.87774,fluid
742,1.7967,6.79685,,1001.72,-59.4776,13601.8,,-0.0945974,-2.09691,2.09905,,-13.2722,4.12032,-5.71476,-5.68968,fluid
743,1.53387,7.01952,,1001.32,-241.577,10439.4,,-0.125377,-2.18833,2.19192,,-15.4524,9.80085,-8.65553,-0.00915305,fluid
744,1.19793,7.75308,,1001.19,-13.9098,9343.9,,-0.0332957,-1.73561,1.73593,,-10.8124,5.51642,-3.02157,-4.29358,fluid
745,1.05831,9.08664,,1000.2,-28.8161,1594.71,,-0.0333031,-1.98515,1.98543,,-2.10278,4.37132,-0.596243,-5.43868,fluid
746,0.991597,13.584,,999.954,-9.28304,-363.642,,-0.00823518,0.545389,0.545451,,0.3227,0.335592,-0.0440406,-9.47441,fluid
747,1.309,13.8208,,999.938,168.105,-482.596,,0.216266,-0.171197,0.275825,,0.629958,-0.717504,0.261259,-10.5275,fluid
748,1.64534,13.7481,,999.831,44.4194,-1323.05,,0.0664481,-0.506327,0.510669,,0.836847,-1.36568,0.0325892,-11.1757,fluid
749,2.77637,0.244973,,1005.71,112.266,45569.9,,0.0991843,-0.0572254,0.114509,,-16.9108,10.1967,-0.590516,0.386736,fluid
750,2.94926,0.141652,,1005.73,97.7266,45734.8,,0.105422,-0.0482226,0.115928,,-15.7768,10.4559,-0.357925,0.645872,fluid
751,2.62215,0.49355,,1005.55,140.374,44313.5,,0.0851448,-0.0445726,0.0961059,,-16.9794,5.97685,-0.173064,-3.83315,fluid
752,1.94644,1.68892,,1004.55,-161.901,36202.7,,-0.361059,0.458982,0.583976,,-19.6061,7.85549,-1.0909,-1.95451,fluid
753,2.31543,1.15623,,1005.05,-154.415,40213.6,,-0.518831,0.171455,0.546427,,-16.9297,10.5097,0.350773,0.699723,fluid
754,2.54465,1.11332,,1005,-232.639,39870.9,,-0.737796,0.143792,0.751677,,-19.9642,8.02495,-4.37372,-1.78505,fluid
755,2.93043,1.07821,,1004.87,-184.248,38771.5,,-0.677925,0.0849263,0.683223,,-15.6683,1.12697,-2.50179,-8.68303,fluid
756,2.69402,1.2019,,1004.91,-299.56,39075.9,,-0.639078,0.231041,0.679559,,-19.4353,6.38033,-5.00144,-3.42967,fluid
757,3.01914,1.18808,,1004.81,-260.413,38321.6,,-0.783023,0.32411,0.84745,,-12.9399,4.7904,-0.307778,-5.0196,fluid
758,2.68343,1.4456,,1004.86,-383.729,38691.1,,-1.05525,0.604539,1.21615,,-17.5369,7.04641,-3.18809,-2.76359,fluid
759,2.51856,2.01844,,1003.84,-356.783,30484.8,,-0.498447,0.662525,0.82909,,-17.7751,-4.3679,-5.71736,-14.1779,fluid
760,3.14982,1.37321,,1004.99,-591.922,39761.4,,-1.22147,0.558117,1.34294,,-12.5274,8.7803,0.0332593,-1.0297,fluid
761,2.99523,1.45291,,1005.03,-385.463,40049.2,,-1.19782,0.0102581,1.19786,,-15.5416,13.8793,-2.23748,4.0693,fluid
762,2.65414,1.76985,,1004.38,-262.815,34827.6,,-0.686698,0.853046,1.0951,,-10.4235,2.67907,2.64126,-7.13093,fluid
763,2.67641,2.23024,,1004.56,-216.905,36294.7,,0.0104817,0.979182,0.979238,,-3.24233,-9.19538,10.2571,-19.0054,fluid
764,2.21255,2.60568,,1003.88,405.874,30829,,0.463046,1.90868,1.96405,,2.48958,21.9841,16.3694,12.1741,fluid
765,2.53698,3.15945,,1003.57,399.102,28319.1,,1.28973,-0.9878,1.62454,,-17.839,-14.1366,-6.71616,-23.9466,fluid
766,2.52457,5.0139,,1002.9,498.177,22938.9,,0.953001,0.659769,1.1591,,-19.1153,-17.3564,-10.0553,-27.1664,fluid
767,2.57025,3.29126,,1003.31,410.828,26219.1,,1.52807,-0.684138,1.67423,,-15.3966,-0.803888,-5.22921,-10.6139,fluid
768,2.57672,3.83795,,1002.52,663.028,19925.9,,1.64828,-1.76466,2.41471,,-12.2826,3.47313,-4.56896,-6.33687,fluid
769,2.3937,4.52876,,1002.07,38.8157,16346.9,,-0.0432474,-0.587971,0.589559,,12.5795,4.94678,19.3946,-4.86322,fluid
770,2.35428,4.98802,,1002.1,104.501,16619.7,,0.768763,-1.08662,1.33107,,-4.98627,-8.43142,2.05826,-18.2414,fluid
771,1.94026,5.74308,,1002.69,289.131,21299.9,,0.196932,-1.3229,1.33748,,-16.2547,-1.92478,-5.30628,-11.7348,fluid
772,1.71184,6.36545,,1002.67,-7.47681,21124.7,,-0.221237,-2.55321,2.56278,,-14.2527,3.31936,-1.94523,-6.49064,fluid
773,1.99087,6.96285,,1001.54,153.52,12171.2,,0.335896,-2.08656,2.11343,,0.926444,13.8618,7.03053,4.05179,fluid
774,1.83576,7.21282,,1001.44,-71.9875,11381.1,,-0.067971,-2.00311,2.00426,,-2.85622,16.6099,3.33448,6.79994,fluid
775,1.51458,7.45837,,1001.35,285.987,10615.1,,0.372694,-1.85808,1.89509,,-7.33611,10.2628,-0.336916,0.452819,fluid
776,1.45417,7.84809,,1001.03,423.11,8085.4,,0.650124,-2.16912,2.26445,,-0.383239,8.21547,5.17122,-1.59453,fluid
777,2.04753,8.17537,,1000.54,0.145809,4267.3,,0.213839,-2.04371,2.05486,,0.758515,8.01911,2.8415,-1.79089,fluid
778,1.21083,11.2495,,1000.02,33.0641,193.143,,0.0306845,-1.54742,1.54773,,-1.67244e-05,-0.0202836,0.159493,-9.83028,fluid
779,1.39825,11.5506,,999.981,82.9679,-148.687,,0.14057,-1.79014,1.79565,,-0.0612964,-0.680666,-0.167636,-10.4907,fluid
780,1.94058,11.7672,,999.993,16.6235,-54.2708,,0.0467498,-1.79913,1.79974,,0.330327,-0.454231,0.302361,-10.2642,fluid
781,3.14372,0.123147,,1005.7,89.775,45474.6,,0.133264,-0.0178966,0.13446,,-14.8869,9.09892,-0.503537,-0.711085,fluid
782,2.93026,0.438839,,1005.53,124.414,44114,,0.0429753,-0.101838,0.110534,,-15.2135,7.99443,-0.241598,-1.81557,fluid
783,2.53617,0.855104,,1005.2,51.471,41482.1,,-0.0256529,0.0213959,0.0334044,,-16.2897,6.38304,-0.0182072,-3.42696,fluid
784,2.80713,0.646073,,1005.37,110.977,42808.1,,0.0374887,-0.144016,0.148816,,-15.2671,7.29549,-0.0987458,-2.51451,fluid
785,3.28956,0.679583,,1005.19,-20.7182,41336.6,,-0.100024,0.0246793,0.103024,,-14.3196,4.95179,-1.81843,-4.85821,fluid
786,2.80241,0.895373,,1005.07,-57.7838,40428,,-0.297698,-0.14022,0.329068,,-15.791,3.47594,-1.43771,-6.33406,fluid
787,3.75851,0.742427,,1005.09,-46.8454,40544.5,,-0.373836,0.0224703,0.374511,,-9.87573,9.32022,0.857047,-0.489781,fluid
788,3.26111,0.901892,,1005,-134.383,39849,,-0.571392,0.0363218,0.572545,,-13.387,5.31761,-1.22832,-4.49239,fluid
789,3.9368,0.809599,,1005.01,-169.19,39909.3,,-0.353976,-0.26719,0.443497,,-13.6167,7.28134,-3.52976,-2.52866,fluid
790,3.55537,0.980227,,1005.15,-47.2738,41007,,-0.668083,-0.0947787,0.674773,,-6.18356,6.88548,5.29122,-2.92452,fluid
791,3.47876,0.844084,,1005.12,10.709,40824.6,,-0.0796041,-0.44849,0.4555,,-9.21171,6.71139,2.46388,-3.09861,fluid
792,3.96716,1.05867,,1005.08,-237.353,40451.6,,-0.350018,0.0133949,0.350275,,-14.5377,7.87297,-4.39255,-1.93703,fluid
793,3.7251,1.00603,,1005.19,-114.83,41349.4,,-0.738092,-0.296684,0.795488,,-6.94756,9.0875,4.09538,-0.722499,fluid
794,3.29058,1.11383,,1004.89,-252.305,38979.7,,-0.908087,-0.202971,0.930494,,-11.888,2.60598,-0.0998533,-7.20402,fluid
795,3.39511,1.29748,,1005.12,-540.382,40831.1,,-1.01875,0.458316,1.11709,,-12.8155,3.59077,-0.85031,-6.21923,fluid
796,2.81307,1.82112,,1004.73,-362.739,37634.4,,-1.43164,1.35889,1.97388,,-3.49319,4.71006,9.82227,-5.09994,fluid
797,2.85728,1.59627,,1004.96,-504.003,39521.6,,-1.30319,0.547322,1.41346,,-8.95891,14.111,4.80471,4.301,fluid
798,3.08255,3.7078,,1002.88,323.197,22786.6,,1.45044,-1.07361,1.80456,,-19.0141,9.3774,-11.6432,-0.432604,fluid
799,2.48727,2.36619,,1004.49,-326.166,35750.3,,-1.07217,1.97371,2.24612,,-35.08,29.6888,-20.7711,19.8788,fluid
800,2.7242,3.46017,,1003.36,940.489,26674.5,,2.28232,0.0455692,2.28277,,-11.2203,10.0248,-1.46143,0.214814,fluid
801,3.11309,3.94314,,1002.41,42.3932,19017.5,,0.967563,-1.07547,1.44666,,-12.5722,23.2789,-6.47801,13.4689,fluid
802,2.23161,6.16972,,1004.18,-441.503,33224.6,,-0.346011,-0.79049,0.862901,,-52.3722,-10.2026,-37.546,-20.0126,fluid
803,2.21656,5.62827,,1002.38,-141.533,18820.1,,-0.178577,-0.51698,0.546954,,7.10667,6.32518,15.5772,-3.48482,fluid
804,1.93518,6.12019,,1003.22,300.364,25519.2,,0.179997,-1.45469,1.46578,,-22.2633,7.30859,-9.11865,-2.50141,fluid
805,1.8007,8.06717,,1000.53,-396.182,4186.93,,-0.569046,-1.93066,2.01277,,-5.97734,5.19071,-3.65342,-4.61929,fluid
806,1.7098,7.40918,,1001.42,149.817,11157.1,,0.156378,-1.3207,1.32993,,-1.07453,15.1124,5.44163,5.30236,fluid
807,1.89973,6.9864,,1001.52,77.1697,11980.3,,0.0828872,-2.21497,2.21652,,-5.2404,13.2421,1.05637,3.43208,fluid
808,1.30133,8.36528,,1000.87,247.559,6875.03,,0.31481,-1.97396,1.9989,,-2.42486,5.70598,2.85363,-4.10402,fluid
809,1.93719,8.42161,,1000.51,188.089,4035.47,,0.243732,-2.17101,2.18465,,-0.343269,8.6006,1.73882,-1.2094,fluid
810,1.43523,9.12135,,1000.2,58.9628,1532.47,,0.103489,-2.86653,2.8684,,0.687814,5.72648,1.75536,-4.08352,fluid
811,1.48323,12.0366,,1000.29,-465.604,2292.05,,-0.727253,-1.51076,1.67669,,-1.49078,0.615893,0.0540785,-9.19411,fluid
812,1.63689,14.5468,,1000.9,72.0702,7091.19,,0.119973,-1.70787,1.71208,,-0.758506,0.587159,3.56971,-9.22284,fluid
813,3.3581,0.147019,,1005.64,74.9882,45024.6,,0.0633749,-0.0301796,0.0701939,,-13.9622,9.24004,-0.629617,-0.569958,fluid
814,3.56788,0.117921,,1005.65,79.0972,45106.7,,0.135016,-0.0286063,0.138013,,-12.7077,8.71231,-0.136357,-1.09769,fluid
815,3.11208,0.512853,,1005.38,61.7485,42895.9,,0.0162942,-0.0463423,0.0491234,,-15.1847,5.54443,-1.47471,-4.26557,fluid
816,3.05555,0.813542,,1005.08,-74.6318,40457.8,,-0.235482,-0.146224,0.277189,,-15.5688,4.08525,-2.39498,-5.72475,fluid
817,3.94081,0.548274,,1005.12,-29.8687,40764.4,,0.0123161,0.00994888,0.0158325,,-12.0645,5.65558,-1.77295,-4.15442,fluid
818,3.6751,0.617976,,1005.16,49.8011,41089.8,,0.0741802,0.0183896,0.0764257,,-9.45997,5.43846,1.6633,-4.37154,fluid
819,4.31684,0.628516,,1005.38,-8.14577,42927.2,,0.0723301,0.108127,0.130089,,-6.12957,11.6215,3.76132,1.81153,fluid
820,4.16287,0.580702,,1005.2,-2.36105,41465.4,,0.0622565,0.115606,0.131303,,-10.8578,6.9263,-0.948589,-2.8837,fluid
821,4.46709,0.681178,,1005.66,-55.8226,45156.3,,-1.01399,-0.0642601,1.01602,,-7.21566,17.8462,2.83615,8.03623,fluid
822,4.22807,0.925138,,1005.13,1.31867,40915.3,,0.297635,0.534578,0.61185,,2.56684,11.0968,12.1945,1.28675,fluid
823,4.10559,0.829573,,1005.04,-44.5189,40173.9,,0.188774,-0.178552,0.259839,,-8.26587,6.37813,1.4702,-3.43187,fluid
824,4.38383,0.928185,,1005.5,220.899,43843.9,,-0.867994,0.670775,1.09697,,8.17087,15.2312,18.1175,5.42117,fluid
825,4.20638,1.25975,,1005.31,-135.707,42367.6,,0.994007,0.288321,1.03498,,4.70636,9.7931,14.7253,-0.0169043,fluid
826,4.30954,1.35752,,1005.83,-93.5188,46601.9,,1.25331,-0.974143,1.58737,,10.0136,12.4194,20.7646,2.6094,fluid
827,4.78637,0.808152,,1006.52,220.543,52176.3,,0.612202,-2.11666,2.20341,,-25.3815,11.2109,-14.5511,1.40087,fluid
828,4.09358,1.22034,,1005.28,-3.14929,42127.9,,0.607286,0.0153566,0.60748,,-5.3799,7.52841,4.85721,-2.28159,fluid
829,3.61576,1.28031,,1005.54,-180.092,44216.9,,-0.574632,-0.249642,0.626516,,-2.10574,-1.39846,10.0558,-11.2085,fluid
830,2.70804,2.01461,,1004.1,-441.728,32571.1,,-0.434985,1.71538,1.76967,,-0.492464,-3.15269,11.486,-12.9627,fluid
831,3.13953,1.56686,,1005.63,-263.99,44897.4,,-1.68897,-0.915992,1.92137,,-19.6928,9.5129,-5.47207,-0.2971,fluid
832,2.34218,2.92821,,1003.55,804.805,28164.6,,1.72534,0.520239,1.80207,,0.127208,-19.0906,12.1096,-28.9006,fluid
833,3.11463,3.61845,,1003.41,232.673,27067.6,,0.892557,-2.24896,2.4196,,-23.0767,2.45376,-14.4158,-7.35624,fluid
834,2.44418,5.46076,,1002.86,-30.1843,22601.8,,-0.152091,-0.7351,0.750669,,-3.23796,20.5494,5.9829,10.7394,fluid
835,3.13554,3.92528,,1002.46,-4.82504,19431,,0.891289,-1.1305,1.4396,,-12.6139,22.3882,-6.43206,12.5782,fluid
836,2.14251,7.39079,,1001.5,-407.358,11813.7,,-1.01173,-1.33526,1.67527,,-6.01335,10.0185,-0.50766,0.208465,fluid
837,2.34797,8.62836,,1000.04,-130.005,342.801,,0.0133039,-1.89456,1.89461,,2.60139,2.72897,2.74738,-7.08103,fluid
838,2.36411,8.80019,,999.978,28.2783,-175.823,,0.09768,-2.29131,2.29339,,1.17983,1.89883,1.10546,-7.91117,fluid
839,1.88206,7.91579,,1000.7,-94.8995,5535.01,,-0.122308,-3.18538,3.18773,,-5.39568,1.56959,-2.45682,-8.24041,fluid
840,1.45532,8.83836,,1000.41,-29.5614,3216.44,,0.00207472,-2.83486,2.83487,,-0.136049,4.85841,2.07318,-4.95159,fluid
841,1.66545,8.63383,,1000.69,455.442,5464.91,,0.698682,-3.02804,3.1076,,2.54057,5.50245,5.81964,-4.30755,fluid
842,1.57641,9.9201,,999.745,-186.633,-2001.37,,-0.196997,-2.65949,2.66678,,0.956933,0.158719,-0.312968,-9.65128,fluid
843,2.7027,14.4562,,999.792,-14.5491,-1635.17,,-0.201599,-1.21551,1.23212,,-0.413905,-0.0598467,-1.01904,-9.86985,fluid
844,2.70771,14.2094,,999.829,-89.1511,-1343.06,,-0.278971,-1.62496,1.64874,,0.299228,-0.0402416,-0.19687,-9.85024,fluid
845,3.81696,0.112921,,1005.62,64.1935,44830.8,,0.046623,-0.0194179,0.050505,,-12.3488,7.96247,-0.669267,-1.84753,fluid
846,3.29995,0.384555,,1005.42,49.9725,43233.6,,0.11218,-0.125725,0.168496,,-14.4161,8.6787,-1.38544,-1.1313,fluid
847,3.50211,0.540457,,1005.25,65.627,41865.9,,0.161824,-0.0658528,0.17471,,-12.544,4.85755,-0.651988,-4.95245,fluid
848,3.87849,0.347709,,1005.31,48.6105,42345.2,,0.23718,-0.0464235,0.241681,,-12.1754,7.74593,-1.31513,-2.06407,fluid
849,4.89428,0.3346,,1005.72,212.246,45676.7,,0.259946,0.0251229,0.261157,,-7.90841,4.62127,1.37116,-5.18873,fluid
850,4.51234,0.482026,,1005.58,-86.967,44510.9,,-0.400599,-0.0780942,0.40814,,-10.1867,10.6616,-0.377139,0.851577,fluid
851,5.26083,0.279641,,1005.79,4.84347,46232.3,,0.130716,-0.0642599,0.145657,,-11.7837,8.02294,-3.04629,-1.78706,fluid
852,5.51719,0.369251,,1006.12,36.1423,48957.8,,1.45309,-0.104126,1.45681,,-12.1219,11.9476,-3.30226,2.13763,fluid
853,6.22327,0.320651,,1006.11,42.2857,48821.7,,1.08786,-0.0763494,1.09053,,-15.163,8.42463,-7.36561,-1.38537,fluid
854,5.66276,0.424757,,1006.4,242.145,51190.6,,1.0388,-0.0610539,1.04059,,-2.82255,5.87974,6.15985,-3.93026,fluid
855,4.76317,0.441966,,1005.76,73.6161,45983,,0.681581,-0.153088,0.698562,,-14.2991,9.5285,-4.70049,-0.281502,fluid
856,6.79568,0.533334,,1006.35,258.778,50767,,2.35619,-0.124844,2.35949,,-8.25403,4.87369,-0.830659,-4.93631,fluid
857,6.33115,0.400851,,1006.28,264.435,50204.1,,2.44321,0.0265167,2.44335,,-5.27299,12.1075,2.60724,2.29755,fluid
858,5.6919,0.481315,,1006.57,280.349,52600.8,,0.878,0.208207,0.902349,,0.537108,3.46778,9.71812,-6.34222,fluid
859,6.72837,0.572561,,1006.49,262.067,51913.9,,1.96979,-0.21022,1.98097,,-17.9453,4.2462,-10.2793,-5.5638,fluid
860,4.27463,1.15044,,1005.11,93.5562,40745.7,,0.0754809,1.09293,1.09554,,10.1625,5.77942,19.646,-4.03058,fluid
861,5.64581,0.594717,,1006.84,183.654,54827.1,,1.47373,0.526839,1.56507,,-7.49934,3.4964,2.14576,-6.3136,fluid
862,4.80325,0.61176,,1006.05,133.251,48361.7,,0.654807,-0.905447,1.11741,,-16.2012,11.9557,-6.19324,2.14572,fluid
863,4.97519,0.887945,,1007.03,352.066,56382.4,,1.86263,-0.34034,1.89347,,0.857402,2.98905,12.1109,-6.82095,fluid
864,3.50995,1.46277,,1005.92,-54.8577,47293.9,,0.202802,-1.64235,1.65482,,-13.4771,1.03464,-0.0821032,-8.77536,fluid
865,2.93631,3.4134,,1004.12,431.912,32731.1,,1.45728,-2.22942,2.66345,,-10.3709,10.1036,0.730369,0.293596,fluid
866,3.2202,3.64443,,1003.95,-163.847,31349.2,,-0.105479,-3.70924,3.71074,,-23.8632,10.2969,-14.1663,0.486866,fluid
867,2.46704,6.83038,,1001.56,-136.554,12324.3,,0.633837,1.69624,1.81079,,2.41795,36.832,7.40574,27.022,fluid
868,2.10445,6.64592,,1002.16,120.096,17076.4,,0.0567861,-1.13626,1.13768,,-12.3244,14.0597,-4.22746,4.24972,fluid
869,2.50834,8.76927,,999.978,68.4135,-174.03,,0.114203,-2.09999,2.1031,,1.62003,0.337983,1.55064,-9.47202,fluid
870,1.8527,10.2673,,1000.07,-144.542,522.634,,-0.30298,-2.53578,2.55382,,0.18344,-1.01033,0.465515,-10.8203,fluid
871,2.51194,8.65116,,999.992,140.867,-60.0301,,0.369896,-2.28526,2.315,,3.49001,0.261256,3.46611,-9.54874,fluid
872,2.09334,8.02864,,1000.75,361.5,5873.71,,0.766667,-2.45367,2.57066,,1.83158,6.01901,4.63539,-3.79099,fluid
873,2.03125,12.034,,999.999,-58.021,-4.67884,,-0.109028,-1.96974,1.97275,,0.385643,0.0711981,0.383339,-9.7388,fluid
874,1.86497,12.4677,,999.951,-148.032,-386.671,,-0.2496,-1.85827,1.87496,,0.558357,0.100543,0.351013,-9.70946,fluid
875,2.61208,14.3543,,999.801,-30.3738,-1562.22,,0.266389,-1.60008,1.6221,,0.858769,0.407644,0.260575,-9.40236,fluid
876,2.62762,13.3657,,999.914,-134.117,-675.691,,-0.267887,-2.09375,2.11081,,-0.212634,0.506364,-0.469806,-9.30364,fluid
877,4.0469,0.110601,,1005.56,40.1359,44360.5,,0.00505426,-0.0192039,0.0198578,,-11.3365,7.93752,-0.435516,-1.87248,fluid
878,3.63441,0.331333,,1005.39,68.6178,43025,,0.128669,-0.066471,0.144824,,-11.5836,8.35631,0.191172,-1.45369,fluid
879,4.11017,0.353543,,1005.32,40.8459,42384.9,,0.125244,-0.0723204,0.144625,,-12.1921,7.79632,-1.93441,-2.01368,fluid
880,4.33497,0.372279,,1005.41,30.1935,43131.7,,0.315332,0.129916,0.341046,,-9.81654,4.94814,0.0796587,-4.86186,fluid
881,6.36103,0.290697,,1006.11,170.567,48820.2,,0.864039,0.0610208,0.866191,,-6.21104,3.97612,1.41725,-5.83388,fluid
882,5.81614,0.273654,,1006.12,163.07,48948.1,,0.43349,0.0760119,0.440103,,-3.23531,10.5426,5.12937,0.732619,fluid
883,6.83524,0.34706,,1006.26,136.131,50024.5,,0.965158,-0.0945068,0.969774,,-10.4608,5.57301,-3.18771,-4.23699,fluid
884,6.56703,0.383143,,1006.3,110.797,50419.5,,0.508301,-0.0876074,0.515796,,-15.7846,9.96591,-8.15503,0.155912,fluid
885,7.50205,0.621315,,1006.38,183.678,51052.1,,0.862764,0.424687,0.961624,,-7.73029,9.61612,-0.968357,-0.193883,fluid
886,7.16733,0.519018,,1006.17,218.344,49341.7,,1.4613,0.599395,1.57945,,-4.8579,11.2245,1.98413,1.41447,fluid
887,6.8985,0.501891,,1006.23,188.569,49786.6,,2.34951,0.113352,2.35224,,1.70415,6.08837,8.87651,-3.72163,fluid
888,8.30902,1.07349,,1006.34,296.095,50709.6,,2.76024,1.36288,3.07837,,-4.28975,11.2393,1.77476,1.42929,fluid
889,7.34768,0.560271,,1006.28,245.993,50225,,1.07917,0.264434,1.1111,,-6.93616,9.44854,-0.14332,-0.361459,fluid
890,7.26357,0.771173,,1006.17,270.805,49295.5,,2.28409,1.00236,2.49435,,-4.57773,9.62687,2.16736,-0.183134,fluid
891,8.07614,0.962271,,1006.53,247.019,52261,,2.44187,1.03202,2.651,,-5.68817,12.9821,0.740876,3.17209,fluid
892,7.18438,0.759497,,1006.11,240.312,48833.6,,2.3572,0.768074,2.47918,,-6.81488,9.2471,-0.0589661,-0.562899,fluid
893,7.01012,0.731999,,1006.18,80.4473,49435.6,,2.45933,0.742665,2.56902,,-2.32422,13.4307,4.68447,3.62069,fluid
894,7.06218,1.08022,,1007,276.174,56128,,3.43888,1.10391,3.61172,,-14.2283,19.7586,-6.33588,9.94857,fluid
895,4.66247,0.756925,,1006.14,-449.962,49049.5,,-0.613,-0.396908,0.730277,,-27.7567,15.2399,-17.3008,5.42987,fluid
896,6.04615,0.428134,,1006.41,-111.451,51268.5,,0.249686,-0.317493,0.403913,,-22.7941,17.8228,-14.3685,8.01283,fluid
897,3.67039,1.68004,,1007.98,34.0581,64135.1,,-0.65075,0.539262,0.845151,,1.42918,6.83372,18.7645,-2.97628,fluid
898,3.57939,1.60765,,1007.04,-101.796,56402.9,,0.64893,-1.00674,1.19776,,-7.46916,-1.45261,8.17844,-11.2626,fluid
899,2.7788,4.21519,,1003.25,704.943,25751.9,,1.04801,-2.65813,2.85727,,-4.28189,23.8556,4.95538,14.0456,fluid
900,2.86408,3.22883,,1005.5,152.859,43906,,0.870394,-1.8926,2.08315,,-18.6631,12.7185,-3.41711,2.90853,fluid
901,2.12093,6.01382,,1003.27,106.965,25940.6,,0.444318,-1.8001,1.85412,,-12.5399,-10.0595,-0.349013,-19.8695,fluid
902,2.47074,6.84658,,1001.48,-95.8275,11675.9,,0.0786086,-1.03492,1.0379,,3.9077,37.071,8.62638,27.261,fluid
903,2.35531,8.29799,,1000.44,210.259,3428.23,,0.283197,-2.45585,2.47212,,10.2156,3.76376,11.6704,-6.04624,fluid
904,2.46542,8.6729,,999.998,141.815,-15.3703,,0.340442,-2.48371,2.50693,,2.75179,1.10763,2.74556,-8.70237,fluid
905,2.28025,12.9433,,999.897,-188.88,-805.54,,-0.370574,-1.78326,1.82135,,0.374014,0.391644,0.020709,-9.41836,fluid
906,2.5802,13.8068,,999.957,-23.1638,-333.554,,0.00848559,-1.95738,1.9574,,0.451947,-0.159078,0.322666,-9.96908,fluid
907,2.5827,14.8436,,999.912,-108.724,-686.593,,-0.236633,-1.17203,1.19568,,-0.254634,-0.492078,-0.5205,-10.3021,fluid
908,1.82596,17.6303,,996.47,0,-27408.7,,-0.156859,0.0850212,0.178419,,0,0,-15.0637,-9.81,fluid
909,4.28654,0.0966431,,1005.5,29.8944,43900.6,,0.118272,-0.034136,0.1231,,-12.7041,8.69018,-2.51859,-1.11982,fluid
910,4.46864,0.124855,,1005.47,14.7046,43675.4,,0.0263287,-0.0408547,0.0486035,,-10.1528,9.02697,-0.432234,-0.783025,fluid
911,4.6435,0.271137,,1005.56,-9.33565,44340.2,,0.0811199,-0.0305669,0.0866877,,-13.1782,8.11672,-3.68209,-1.69328,fluid
912,5.58109,0.216362,,1005.95,79.8354,47537.2,,0.531652,0.0422058,0.533324,,-7.18937,8.41717,1.27781,-1.39283,fluid
913,7.178,0.404266,,1006.25,182.918,49994.4,,0.999871,0.452295,1.09741,,-6.4691,9.68819,0.452578,-0.121811,fluid
914,6.87462,0.2929,,1006.26,131.434,50035.3,,0.95154,-0.0638321,0.953678,,-7.06749,5.50732,0.165517,-4.30268,fluid
915,7.6261,0.461234,,1006.45,81.3933,51592.4,,0.656212,0.0969291,0.663332,,-8.59593,10.0649,-1.87403,0.254912,fluid
916,7.62277,0.61495,,1006.43,97.331,51450.4,,1.34208,0.682813,1.5058,,-3.95083,12.9908,2.75561,3.18083,fluid
917,8.19823,0.887266,,1006.42,183.456,51395.1,,1.31155,0.977693,1.63586,,1.3232,6.42474,7.55224,-3.38526,fluid
918,8.07492,0.687729,,1006.46,98.3511,51673.6,,0.924866,0.482065,1.04296,,-6.10689,7.70885,0.251325,-2.10115,fluid
919,8.04981,0.834924,,1006.48,152.574,51887.7,,1.65745,0.474073,1.72391,,-7.70427,4.96208,-1.29997,-4.84792,fluid
920,9.2869,1.07498,,1005.57,200.045,44468.2,,1.35804,-0.208276,1.37391,,-9.32259,12.964,-4.56084,3.15404,fluid
921,8.62434,1.01538,,1006.13,90.7367,49027.3,,0.683689,1.22612,1.40386,,-6.47134,13.2967,-0.821234,3.4867,fluid
922,8.35416,1.07512,,1006.3,214.327,50349.8,,1.71731,1.85441,2.52745,,1.22398,10.926,7.21318,1.11597,fluid
923,9.50174,1.94873,,1004.48,148.062,35641.7,,1.83569,2.0736,2.7694,,-3.35609,10.802,0.378246,0.992036,fluid
924,8.98184,0.992214,,1005.92,246.4,47309.9,,2.33724,0.594788,2.41173,,-11.9784,11.0103,-6.74213,1.20027,fluid
925,7.74974,0.862225,,1006.55,137.991,52419.5,,1.8705,1.06782,2.15383,,-10.873,10.9146,-4.15293,1.10456,fluid
926,7.88092,0.759287,,1006.48,88.0662,51852.2,,1.09442,0.47282,1.19219,,-11.8297,8.65518,-5.29257,-1.15482,fluid
927,7.23695,1.00266,,1006.56,215.713,52483.2,,2.89327,1.46718,3.24401,,-7.30933,14.2379,-0.104454,4.42792,fluid
928,6.93801,0.982014,,1006.95,89.1411,55662.8,,3.00507,0.815294,3.1137,,-7.60477,23.17,0.362753,13.36,fluid
929,7.13189,0.913147,,1006.33,217.19,50636.4,,3.13452,0.91635,3.26572,,-10.0671,16.0637,-3.01174,6.25372,fluid
930,8.49556,0.774989,,1006.24,157.014,49864.6,,2.0212,0.71363,2.14348,,-10.229,11.4338,-4.39593,1.62376,fluid
931,5.18777,0.96033,,1007.39,89.0716,59310,,0.501245,0.658882,0.827872,,11.9217,18.7169,23.2705,8.90689,fluid
932,2.80361,5.07653,,1004.9,-675.132,39041,,-0.27543,-2.41035,2.42603,,-33.5186,-7.69827,-19.6613,-17.5083,fluid
933,2.70447,5.36205,,1004.14,308.394,32934.2,,0.218608,-0.268673,0.346374,,-29.1978,18.2399,-17.0703,8.42988,fluid
934,2.45601,7.08547,,1001.16,95.6804,9128.98,,-0.251529,0.683902,0.72869,,6.07869,3.7463,9.79139,-6.0637,fluid
935,2.46999,7.38472,,1001.27,-210.913,10021.8,,-0.129823,-1.08988,1.09758,,2.75621,7.31986,6.80849,-2.49014,fluid
936,2.07236,12.1542,,999.996,-47.1643,-29.4023,,-0.107925,-2.05761,2.06044,,0.251133,0.312357,0.236945,-9.49764,fluid
937,2.40913,15.1123,,999.94,-200.66,-473.427,,-0.485334,-1.12087,1.22144,,0.383095,-0.780337,0.186569,-10.5903,fluid
938,1.98495,15.5725,,999.93,75.3605,-552.944,,0.181164,-1.23974,1.25291,,0.151528,-0.407088,-0.12706,-10.2171,fluid
939,2.49406,15.281,,999.975,-109.211,-198.321,,-0.305453,-1.26597,1.3023,,-0.26201,-0.829744,-0.341529,-10.6397,fluid
940,2.23709,14.1317,,1000.39,158.652,3054.84,,0.190983,-1.60208,1.61343,,-1.48834,0.236286,-0.123326,-9.57371,fluid
941,4.74716,0.0573583,,1005.45,-39.1292,43453.7,,-0.0357463,-0.0701917,0.0787697,,-12.9629,9.9739,-3.85887,0.1639,fluid
942,4.94074,0.202565,,1005.61,49.4241,44812.1,,0.313238,0.327877,0.453455,,-7.51697,6.03937,1.5023,-3.77063,fluid
943,6.05346,0.174861,,1005.88,-130.763,46931,,-0.178202,0.0301053,0.180727,,-13.6378,10.0065,-5.93035,0.196539,fluid
944,6.55317,0.216385,,1006.16,111.948,49261.3,,0.771981,-0.0129969,0.77209,,-10.615,5.68648,-3.14382,-4.12352,fluid
945,7.75978,0.397126,,1006.47,7.80135,51812,,0.253158,0.310049,0.400275,,-6.39581,10.4917,0.238227,0.681738,fluid
946,7.84101,0.573057,,1006.45,10.8682,51638.9,,0.716496,0.86795,1.12548,,-6.92721,13.5231,-0.383689,3.71309,fluid
947,8.29121,0.656353,,1006.41,26.4217,51316,,0.0242411,0.523234,0.523795,,-5.13809,12.1331,1.01167,2.32306,fluid
948,8.08627,0.49321,,1006.48,7.98725,51882.8,,0.194356,0.643832,0.672528,,-7.4167,13.4323,-1.04188,3.62234,fluid
949,9.38665,1.17671,,1005.36,41.3168,42720.5,,1.24576,0.356302,1.29571,,-8.58846,13.5176,-4.06152,3.70759,fluid
950,8.73512,0.672199,,1006.07,-103.48,48543.1,,-0.371842,0.134572,0.395444,,-7.29554,8.1561,-1.77186,-1.6539,fluid
951,9.32325,1.72588,,1005.18,52.6899,41299.2,,1.03199,2.3098,2.52986,,-4.09025,12.9642,0.316617,3.15417,fluid
952,9.56922,2.01777,,1004.29,72.0481,34116.8,,1.26879,2.49726,2.80109,,-2.30009,13.675,1.24994,3.86499,fluid
953,9.59549,1.86621,,1004.43,80.3509,35263.2,,1.56096,1.4811,2.1518,,-1.96182,7.94012,1.69694,-1.86988,fluid
954,8.80619,0.816138,,1005.98,-143.351,47741.7,,-0.117192,0.598887,0.610246,,-8.15351,11.8539,-2.76434,2.04386,fluid
955,9.6256,2.36992,,1003.99,28.7318,31720.1,,0.551253,2.40951,2.47176,,-1.24095,15.3511,2.04133,5.54112,fluid
956,9.46559,2.48406,,1004.24,86.251,33682.9,,0.706876,2.91091,2.99551,,-4.80988,13.6875,-1.26645,3.87752,fluid
957,9.47245,2.28484,,1004.27,141.237,33955.9,,1.55495,3.8649,4.16597,,-8.93331,11.9369,-5.36386,2.12686,fluid
958,9.33311,2.58806,,1004.48,240.226,35640,,1.26949,2.84741,3.11758,,-8.95191,9.99553,-5.15028,0.185532,fluid
959,9.35138,2.51888,,1004.47,155.617,35589,,0.829416,3.21035,3.31576,,-9.6625,10.099,-5.87371,0.288951,fluid
960,9.6498,2.65286,,1003.85,135.086,30548,,1.50402,2.09587,2.57968,,-1.53973,8.19964,1.61379,-1.61036,fluid
961,7.44201,0.846665,,1006.41,412.567,51297.2,,1.68691,0.555533,1.77603,,-2.82448,15.0344,4.02453,5.22441,fluid
962,7.52595,0.727902,,1006.4,216.121,51232.1,,1.76991,0.694294,1.90122,,-4.46321,15.6378,2.30086,5.82776,fluid
963,5.58373,0.854917,,1007.52,763.66,60399,,2.66795,-2.28298,3.5114,,-17.2411,18.1435,-6.50491,8.33354,fluid
964,5.74271,0.717859,,1007.38,534.253,59249.6,,3.26374,-1.15751,3.46292,,-4.17159,8.35728,6.07013,-1.45272,fluid
965,2.5385,7.48367,,1001.39,-271.781,10927.3,,-0.56316,0.959309,1.11239,,8.77506,16.1302,13.0737,6.32023,fluid
966,2.67639,2.35644,,1005.49,131.484,43775.6,,0.664717,0.500514,0.832083,,-14.4322,11.5368,1.83479,1.72684,fluid
967,3.13977,4.03162,,1002.61,-148.14,20607.2,,0.172942,-0.208441,0.270844,,-11.9758,26.6864,-5.42955,16.8764,fluid
968,1.94281,9.92777,,1000.02,-109.145,187.999,,-0.231126,-3.17729,3.18568,,-0.406895,0.210198,-0.310131,-9.5998,fluid
969,1.70602,15.4174,,1000.05,-137.776,391.969,,-0.256816,-0.452083,0.519936,,0.164586,0.0738764,0.394331,-9.73612,fluid
970,2.24984,15.0289,,999.911,-20.7027,-698.843,,-0.0223218,-1.79704,1.79718,,1.11836,0.230974,0.807714,-9.57903,fluid
971,2.6754,14.7887,,999.909,-82.4948,-717.658,,-0.28254,-1.92278,1.94342,,-0.718918,-0.37061,-0.987186,-10.1806,fluid
972,2.01332,13.5453,,999.617,-138.989,-3002.73,,-0.248456,-1.53349,1.55349,,-0.0649534,0.257867,-1.55696,-9.55213,fluid
973,5.07474,0.0313684,,1005.47,34.2824,43615.4,,0.22899,-0.0408115,0.232599,,-12.2978,9.14236,-3.74994,-0.66764,fluid
974,5.28397,0.0898284,,1005.61,-18.3179,44791.2,,0.063136,0.00355186,0.0632359,,-12.0841,7.89492,-3.65458,-1.91508,fluid
975,6.87471,0.178807,,1006.27,69.379,50147.2,,0.313109,-0.0277386,0.314335,,-9.62484,5.96276,-2.37584,-3.84724,fluid
976,7.14454,0.271714,,1006.29,110.064,50323.2,,0.401052,-0.0447543,0.403541,,-8.42878,7.49783,-1.42924,-2.31217,fluid
977,7.9448,0.438732,,1006.48,1.24279,51892.1,,0.0619454,0.379407,0.384431,,-7.9925,10.7591,-1.503,0.949089,fluid
978,8.50308,0.798119,,1006.22,60.8,49752.1,,0.317896,0.786693,0.848495,,-6.89173,12.4112,-1.07684,2.60122,fluid
979,9.47223,1.54087,,1004.99,80.9359,39776.4,,0.898244,1.4248,1.68431,,-2.35404,11.7172,1.82437,1.90721,fluid
980,9.43852,1.42487,,1005.12,51.4374,40801.6,,1.32521,1.14273,1.74986,,-5.38772,5.52778,-1.08686,-4.28222,fluid
981,9.71485,2.10308,,1004.04,36.8221,32108.6,,0.726906,2.24255,2.35741,,-1.56746,12.738,1.72434,2.92804,fluid
982,9.58578,1.54247,,1004.82,96.6768,38359.1,,0.885008,1.18522,1.47918,,-1.12599,12.3239,2.85649,2.51386,fluid
983,9.69761,1.92106,,1004.25,90.9309,33756,,1.26447,1.6237,2.05798,,-0.768697,8.79192,2.69744,-1.01808,fluid
984,9.92397,2.07528,,1003.94,67.5549,31293.1,,0.693667,1.54105,1.68998,,-0.275379,11.4659,2.86553,1.65595,fluid
985,9.93679,2.30874,,1003.73,92.2418,29636.5,,0.63196,1.52079,1.64687,,-0.0983028,15.0284,2.87311,5.21839,fluid
986,9.76173,2.16922,,1003.95,56.4475,31387.6,,0.781468,2.1142,2.25401,,-1.11403,13.317,2.08868,3.50704,fluid
987,9.96357,2.95312,,1003.27,59.581,25913.4,,0.75261,2.52236,2.63225,,-2.78432,13.0287,-0.191977,3.21869,fluid
988,9.85915,2.41127,,1003.72,81.3096,29490.6,,0.748521,1.51221,1.68733,,0.188066,16.054,3.16818,6.24402,fluid
989,9.59532,2.36023,,1004.04,34.8387,32095.7,,0.735398,2.72282,2.82038,,-2.91633,14.3079,0.415143,4.49793,fluid
990,9.76493,2.34036,,1003.85,64.3298,30527.7,,0.747747,1.91105,2.05213,,-0.366938,15.6618,2.74734,5.85176,fluid
991,10.0707,2.66762,,1003.32,61.1528,26339.9,,1.3384,1.35914,1.90751,,-2.25132,6.41652,0.35552,-3.39348,fluid
992,9.4085,1.7029,,1004.99,140.081,39767.9,,1.14365,0.954731,1.48978,,-1.48415,15.0353,2.72166,5.22529,fluid
993,10.1167,3.35005,,1002.83,87.4044,22437,,1.34777,1.89501,2.32541,,0.996566,6.48265,3.2081,-3.32735,fluid
994,8.66573,0.797224,,1006.09,-35.9353,48648.2,,-0.329363,0.802458,0.867421,,-6.07944,12.3618,-0.499548,2.55179,fluid
995,8.34008,1.2556,,1006.38,210.767,51004.4,,3.79781,1.91587,4.2537,,2.57912,16.6132,8.65595,6.80316,fluid
996,7.91374,1.02894,,1006.7,457.765,53665.4,,3.46563,1.09594,3.63479,,-17.4774,18.7264,-10.7412,8.91644,fluid
997,8.3974,1.49394,,1006.58,381.747,52682.6,,5.18466,2.17632,5.6229,,-10.2725,10.469,-4.03987,0.659044,fluid
998,8.16024,1.29462,,1006.72,448.869,53798.5,,3.51525,1.33298,3.75949,,-8.25382,12.5936,-1.70506,2.78363,fluid
999,7.98848,0.99733,,1006.62,271.619,52993.8,,2.14152,1.06186,2.39033,,-11.402,15.8324,-4.81185,6.02241,fluid
1000,1.68242,10.6165,,1000.15,153.956,1191.34,,0.261261,-2.81449,2.82659,,-0.425481,0.957936,0.282525,-8.85206,fluid
1001,2.83431,13.302,,999.969,-57.4662,-244.976,,-0.181457,-1.70516,1.71478,,-0.467056,0.250826,-0.553491,-9.55917,fluid
1002,2.75044,13.8794,,999.944,-69.951,-443.18,,-0.209752,-1.81902,1.83108,,0.108708,0.517845,-0.0524317,-9.29216,fluid
1003,2.06526,29.4132,,1000.33,0,2617.12,,3.46789,7.20943,8.00013,,0,0,1.26679,-9.81,fluid
1004,2.32238,12.5911,,1000.02,-92.0592,133.405,,-0.248823,-2.13817,2.1526,,-0.0209101,0.345619,0.0365323,-9.46438,fluid
1005,5.50862,0.0131592,,1005.62,-1.44027,44860.3,,-0.247013,-0.0555477,0.253182,,-8.4268,8.23314,-0.328657,-1.57686,fluid
1006,5.77037,0.0730711,,1005.77,92.0087,46038.8,,0.264456,-0.00810593,0.26458,,-5.52677,7.81934,2.40597,-1.99066,fluid
1007,7.28625,0.304015,,1006.34,108.22,50704,,0.569755,0.335065,0.660976,,-7.33971,8.04198,-0.424685,-1.76802,fluid
1008,8.33381,0.401275,,1006.47,-40.468,51790.2,,-0.119712,0.478817,0.493556,,-5.93791,11.9939,0.236592,2.18391,fluid
1009,8.1646,0.432723,,1006.49,-3.22901,51954.7,,-0.199476,0.429793,0.473827,,-5.71933,11.32,0.603029,1.51001,fluid
1010,8.89965,0.663225,,1005.96,-153.737,47621.8,,-0.320062,-0.102591,0.336102,,-8.10747,8.382,-2.7882,-1.428,fluid
1011,9.64154,1.54744,,1004.75,108.866,37827.5,,0.863491,1.06078,1.36779,,-0.170457,12.8068,3.73438,2.99677,fluid
1012,9.83794,1.91791,,1004.15,62.6363,32995.8,,0.733513,1.30458,1.49665,,0.363273,8.95778,3.70334,-0.852217,fluid
1013,9.81251,1.74794,,1004.39,47.4819,34908.7,,0.431698,1.16348,1.24099,,-0.824951,11.7193,2.71707,1.90929,fluid
1014,10.1555,2.22041,,1003.71,77.29,29404.9,,0.595467,1.11768,1.2664,,-1.31131,11.6011,1.57346,1.79107,fluid
1015,10.0422,2.23351,,1003.74,88.4253,29706.4,,0.471307,1.27116,1.35572,,-0.875309,13.1404,2.0718,3.33044,fluid
1016,10.2567,2.08708,,1003.8,28.4881,30148.5,,0.501081,1.02041,1.13681,,-0.73523,10.3915,2.19303,0.581521,fluid
1017,10.2637,2.54718,,1003.32,64.0521,26299,,0.68712,1.0688,1.27061,,-2.49457,9.64344,0.0592902,-0.16656,fluid
1018,10.0769,2.90969,,1003.16,98.5416,25048.2,,0.947149,1.97218,2.18782,,-0.183797,9.62388,2.29406,-0.186122,fluid
1019,10.3871,3.00706,,1002.89,70.9226,22883,,0.963452,1.31437,1.62966,,0.678526,8.50965,2.8752,-1.30035,fluid
1020,10.1878,2.6626,,1003.24,57.0953,25696.5,,0.934879,1.26606,1.57382,,-1.919,8.61398,0.595122,-1.19602,fluid
1021,10.0641,3.34826,,1002.89,76.2936,22866.2,,0.889486,1.74615,1.95965,,0.760281,6.84177,3.02579,-2.96823,fluid
1022,10.1061,2.46718,,1003.48,77.7791,27584.8,,0.832113,1.14454,1.41506,,-4.01355,11.3632,-1.29349,1.55317,fluid
1023,10.3696,3.48792,,1002.63,143.051,20808.9,,1.47253,1.07921,1.82566,,0.0603065,8.41387,2.06177,-1.39613,fluid
1024,10.1267,3.62198,,1002.69,138.403,21316.4,,1.0419,1.42158,1.76252,,0.221953,7.01792,2.32126,-2.79208,fluid
1025,10.0976,3.14196,,1002.99,98.8195,23676.6,,1.08457,1.66034,1.98318,,-2.18203,9.13945,0.155751,-0.670547,fluid
1026,10.1485,3.53172,,1002.71,158.114,21477.9,,1.29768,1.57021,2.03704,,1.05666,6.19005,3.1673,-3.61995,fluid
1027,9.89178,4.18449,,1002.94,130.377,23238.8,,0.798733,1.85804,2.02245,,2.96385,9.47905,5.30627,-0.330953,fluid
1028,9.91688,3.5792,,1002.92,53.4956,23153.4,,0.829175,2.39452,2.53402,,-3.1457,8.95639,-0.817761,-0.853614,fluid
1029,9.87166,2.63811,,1003.55,129.414,28177.6,,1.90538,1.84797,2.65433,,-3.82599,4.7663,-0.981701,-5.0437,fluid
1030,9.4161,2.38926,,1004.36,81.2642,34673.8,,0.719073,3.40213,3.47729,,-9.79669,11.9432,-6.13028,2.13322,fluid
1031,8.42124,1.03646,,1006.24,221.133,49906.8,,1.14394,1.64014,1.99966,,3.58289,9.57043,9.47244,-0.239567,fluid
1032,5.50885,0.802044,,1007.23,300.139,57996.5,,2.00205,-1.31196,2.39362,,-23.4349,15.6518,-12.9826,5.84185,fluid
1033,2.27279,6.49013,,1003.44,-185.4,27305.2,,-0.237839,-0.270756,0.360383,,-51.5825,32.895,-39.6098,23.085,fluid
1034,2.3332,7.72548,,1001.6,570.32,12611.3,,1.1747,0.900743,1.48029,,9.31758,13.8878,14.7141,4.07776,fluid
1035,2.80692,13.7165,,999.96,-38.7562,-312.38,,-0.158372,-1.76389,1.77098,,-0.251064,0.0752471,-0.362358,-9.73475,fluid
1036,1.87773,9.65545,,1000.05,-20.2231,354.009,,-0.0746206,-2.93293,2.93388,,-0.481337,-0.189251,-0.292815,-9.99925,fluid
1037,6.04658,-0.00126382,,1005.57,-13.5998,44412.9,,-0.268365,-0.0962515,0.285104,,-9.87,9.80565,-2.56553,-0.00435167,fluid
1038,6.31194,0.081966,,1005.84,-24.0295,46607.7,,-0.129113,-0.0532266,0.139654,,-8.97637,6.69922,-1.63516,-3.11078,fluid
1039,7.41081,0.263805,,1006.39,47.6829,51116.8,,0.246087,0.266048,0.362409,,-7.89696,9.39945,-1.04315,-0.410549,fluid
1040,8.99309,0.849636,,1005.86,-73.8501,46819.3,,-0.0653078,0.209995,0.219916,,-9.26029,9.25932,-4.08448,-0.550679,fluid
1041,8.43461,0.58009,,1006.37,-28.5923,50950,,-0.2245,0.340907,0.408188,,-5.22236,12.9806,0.780001,3.17058,fluid
1042,9.14305,0.896875,,1005.77,9.83884,46082.6,,-0.0404233,0.497445,0.499085,,-6.01883,10.5535,-1.00757,0.743451,fluid
1043,9.94502,1.63222,,1004.48,78.1909,35644.2,,0.408337,0.797848,0.89627,,-1.06211,11.3855,2.50603,1.57549,fluid
1044,10.008,1.98502,,1004,39.7597,31789.2,,0.413298,1.18783,1.25768,,-0.345329,10.094,2.8184,0.284017,fluid
1045,10.3659,2.4799,,1003.36,66.5754,26615.9,,0.636327,0.947406,1.14127,,-0.760699,9.73551,1.79834,-0.0744916,fluid
1046,10.0115,1.70263,,1004.36,42.7536,34695.9,,0.321326,0.909174,0.964286,,-1.08488,11.9214,2.36567,2.11138,fluid
1047,10.4059,2.67861,,1003.15,55.841,24965.5,,0.698343,1.13312,1.33103,,-0.657671,9.64668,1.73395,-0.163318,fluid
1048,10.3812,2.28717,,1003.55,65.3109,28192.9,,0.462753,0.986275,1.08944,,-0.818294,10.9506,1.88784,1.14055,fluid
1049,10.5197,2.54627,,1003.26,53.3638,25870.4,,0.667069,0.82636,1.062,,0.606567,9.3888,3.05779,-0.4212,fluid
1050,10.2242,2.32718,,1003.57,69.1079,28306.3,,0.562894,1.1742,1.30215,,-1.97982,11.9009,0.778892,2.0909,fluid
1051,10.4573,2.88287,,1002.97,77.488,23545.7,,0.917625,1.08969,1.42459,,0.211168,9.40221,2.45609,-0.407786,fluid
1052,10.5117,3.10729,,1002.81,118.619,22227.3,,1.02537,0.832047,1.32049,,1.10244,8.82261,3.21105,-0.987389,fluid
1053,10.6301,2.94115,,1002.94,108.366,23293.7,,0.928074,0.862373,1.26689,,0.662913,9.54998,2.84779,-0.260024,fluid
1054,10.35,3.25161,,1002.74,92.413,21701.8,,1.10439,1.25355,1.67065,,-0.0717951,8.45492,2.01927,-1.35508,fluid
1055,10.557,3.3327,,1002.68,82.4656,21210,,1.16774,0.985852,1.52824,,1.66277,7.35659,3.66648,-2.45341,fluid
1056,10.2791,2.82314,,1003.07,64.4399,24280.5,,0.816996,1.12325,1.38895,,-0.228526,9.02975,2.12638,-0.780248,fluid
1057,10.4479,3.62759,,1002.59,95.689,20483.2,,1.10837,1.26375,1.68094,,1.7986,9.85437,3.75405,0.0443721,fluid
1058,10.7458,3.69755,,1002.62,151.195,20736.7,,1.54083,0.326538,1.57505,,1.46301,9.68959,3.38771,-0.120409,fluid
1059,10.5499,3.88963,,1002.51,165.971,19885.4,,2.15039,0.198967,2.15957,,1.99648,7.53716,3.87665,-2.27284,fluid
1060,10.8527,3.7994,,1002.54,264.641,20101.2,,2.01149,-0.00460884,2.01149,,-0.0249855,9.59427,1.82251,-0.215729,fluid
1061,9.99169,3.8168,,1002.77,-13.6961,21918.8,,0.641672,1.84307,1.95158,,-0.312785,7.65731,1.87486,-2.15269,fluid
1062,10.4287,3.35942,,1002.67,108.941,21120.8,,1.16462,1.1366,1.62733,,0.147014,7.77178,2.16688,-2.03822,fluid
1063,10.2578,4.13287,,1002.62,91.1915,20686.4,,0.939778,1.02032,1.38717,,-0.418595,10.9706,1.5928,1.16058,fluid
1064,10.0706,4.2468,,1002.78,190.298,22000.9,,1.69656,1.08948,2.01625,,3.07616,10.4361,5.25477,0.62609,fluid
1065,4.45449,1.32973,,1006.02,444.597,48096.2,,2.74757,-3.90968,4.77857,,-3.2533,13.0469,7.47934,3.23686,fluid
1066,2.59965,13.0385,,999.991,-112.528,-69.7436,,-0.352356,-1.92894,1.96086,,-0.264944,0.330745,-0.291772,-9.47926,fluid
1067,3.87144,1.35378,,1006.28,260.059,50235.4,,-0.0907435,-1.42008,1.42297,,-12.0791,2.04774,0.815776,-7.76226,fluid
1068,2.45767,18.6918,,1000.84,0,6611.71,,-0.270322,1.28057,1.30879,,0,0,2.68798,-9.81,fluid
1069,6.60579,0.0105155,,1006.05,42.0997,48312.7,,-0.0913434,-0.0512653,0.104746,,-13.3255,7.21289,-6.05579,-2.59711,fluid
1070,7.54163,0.24928,,1006.43,6.08648,51470.4,,0.256754,0.208798,0.330937,,-7.04457,10.6748,-0.26335,0.864764,fluid
1071,7.75718,0.23334,,1006.49,7.78031,51949.4,,0.0645403,-0.0105678,0.0653998,,-5.90313,10.1588,0.750616,0.348819,fluid
1072,9.75432,1.56,,1004.65,94.1732,37023.9,,0.705319,1.13177,1.33356,,0.394719,13.2979,4.17278,3.4879,fluid
1073,9.43777,1.11815,,1005.34,11.5524,42582.7,,0.654168,0.227965,0.692751,,-5.0716,10.7837,-0.583615,0.973681,fluid
1074,9.58913,1.26732,,1005.03,-59.3406,40088,,0.51051,0.869266,1.00809,,-2.51346,9.98267,1.64618,0.172666,fluid
1075,9.90214,1.33948,,1004.84,20.5985,38502.8,,0.234917,0.397884,0.462058,,-0.747617,8.11656,3.122,-1.69344,fluid
1076,10.1035,1.95401,,1004,15.2031,31788.6,,0.339414,1.05044,1.10392,,0.221536,9.87256,3.35529,0.0625583,fluid
1077,10.519,2.08026,,1003.72,1.32228,29492.6,,0.257372,0.757678,0.800198,,-0.585022,9.51221,2.20834,-0.297786,fluid
1078,10.4449,2.20388,,1003.62,44.9715,28694.4,,0.376329,0.880528,0.957577,,-0.452913,10.0974,2.28441,0.287438,fluid
1079,10.5776,2.3784,,1003.42,65.3911,27111.4,,0.408255,0.64054,0.759581,,0.0370573,11.0639,2.59141,1.25393,fluid
1080,10.726,2.47447,,1003.32,39.4901,26316.5,,0.493576,0.667692,0.830319,,-0.0626385,10.2888,2.38277,0.478769,fluid
1081,10.8221,2.6345,,1003.2,45.8357,25346.8,,0.604239,0.471955,0.766712,,-0.0296165,9.72011,2.30505,-0.0898853,fluid
1082,10.5533,2.73518,,1003.09,66.9731,24508.2,,0.715096,0.933823,1.17617,,0.554402,9.56369,2.86957,-0.24631,fluid
1083,10.9749,2.83555,,1003.09,73.1559,24483.8,,0.674885,0.41668,0.793153,,0.696397,9.99362,2.92041,0.183617,fluid
1084,10.6793,2.70323,,1003.13,57.3714,24801.2,,0.627402,0.783852,1.00402,,0.71592,9.25746,3.03103,-0.552543,fluid
1085,10.9435,2.7129,,1003.16,46.1435,25054.6,,0.694601,0.393258,0.7982,,0.477521,9.90256,2.75975,0.0925583,fluid
1086,10.7507,2.85459,,1003.03,87.5497,24003.1,,0.737809,0.742975,1.04708,,0.798306,9.87715,3.02427,0.0671484,fluid
1087,10.9066,2.95649,,1003,109.448,23724.4,,0.89203,0.357115,0.960858,,0.616607,9.59986,2.78535,-0.210138,fluid
1088,10.7782,3.13905,,1002.83,105.221,22416.3,,1.04217,0.502969,1.1572,,0.650063,8.24377,2.72397,-1.56623,fluid
1089,11.0151,3.10057,,1002.92,113.599,23096.1,,1.00703,0.188032,1.02443,,1.43311,9.07742,3.52378,-0.732578,fluid
1090,10.8439,3.3281,,1002.74,89.0693,21659.5,,1.32838,0.326715,1.36797,,0.249122,9.20667,2.24106,-0.603326,fluid
1091,10.677,3.16623,,1002.79,103.881,22085.5,,0.958125,0.64998,1.15779,,0.27686,8.79169,2.33961,-1.01831,fluid
1092,11.246,3.38178,,1002.67,179.665,21132.2,,1.78484,-0.202014,1.79624,,-0.131698,8.7286,1.74238,-1.0814,fluid
1093,10.291,3.11904,,1002.85,92.3796,22565,,1.15456,1.29501,1.73496,,0.0268411,9.20143,2.21331,-0.60857,fluid
1094,10.6491,3.71056,,1002.6,185.401,20600.9,,1.40488,0.337038,1.44474,,0.985542,10.9416,2.91503,1.13161,fluid
1095,10.6283,3.51699,,1002.64,108.791,20863.7,,1.25424,0.719007,1.44571,,2.7877,8.86945,4.74557,-0.940551,fluid
1096,8.61008,4.78233,,1001.91,-159.164,15070.3,,-1.05477,0.867929,1.36596,,-1.63189,7.46229,0.115078,-2.34771,fluid
1097,9.4833,4.61023,,1002.52,155.194,19937.6,,-1.18328,2.23447,2.52844,,-1.02159,9.83496,1.07551,0.0249597,fluid
1098,10.1759,3.02348,,1002.99,105.883,23712.5,,0.92117,1.42208,1.69436,,-0.476994,9.62546,1.84632,-0.184543,fluid
1099,8.56169,1.28355,,1006.26,296.202,50085.1,,4.61683,1.63649,4.89829,,-6.11642,12.3103,-0.302923,2.50031,fluid
1100,9.03384,4.61396,,1002.75,-244.583,21746.3,,-1.5682,1.3818,2.09012,,-3.85512,8.61383,-1.45451,-1.19617,fluid
1101,6.93756,0.0196764,,1006.26,-20.1276,50065.4,,0.0176348,0.0101704,0.0203574,,-9.16176,5.64571,-1.99008,-4.16429,fluid
1102,8.02673,0.247631,,1006.52,-27.3753,52181.7,,-0.165358,0.0263644,0.167447,,-7.67622,7.34905,-1.21733,-2.46095,fluid
1103,8.28754,0.238772,,1006.5,-99.1413,52054.4,,-0.431667,0.261901,0.504904,,-6.94223,6.4809,-0.701773,-3.3291,fluid
1104,9.75609,1.21658,,1005.01,-32.5632,39931.3,,0.10494,0.570302,0.579876,,0.0654653,8.83342,4.13801,-0.976578,fluid
1105,9.81601,1.42464,,1004.76,49.2351,37910.4,,0.464856,0.601783,0.760418,,-0.678127,9.83393,3.16567,0.0239303,fluid
1106,9.61768,0.920188,,1005.5,-5.19548,43902.3,,-0.168274,0.0264424,0.170339,,-2.5597,7.99979,1.98007,-1.81021,fluid
1107,10.3083,1.97571,,1003.9,-7.50816,30949.5,,0.337869,0.844668,0.909736,,-0.223692,9.70749,2.76703,-0.102505,fluid
1108,10.1318,1.73002,,1004.28,18.3022,34014.9,,0.26155,0.80025,0.841908,,-0.354399,11.1586,2.98854,1.3486,fluid
1109,10.8441,2.10979,,1003.62,14.2767,28719.7,,0.221616,0.470118,0.519735,,-0.846309,11.3097,1.79256,1.49973,fluid
1110,10.6855,2.29173,,1003.48,37.0889,27615.2,,0.362446,0.638349,0.734068,,0.536592,10.7657,3.11198,0.955729,fluid
1111,10.8709,2.33809,,1003.43,42.0214,27164.1,,0.388737,0.389392,0.55022,,-0.594948,10.3682,1.89531,0.558235,fluid
1112,11.0842,2.33728,,1003.41,44.806,27076.1,,0.298342,0.123992,0.323082,,-1.00307,11.0695,1.43139,1.25952,fluid
1113,11.3448,2.47552,,1003.3,43.1987,26176.7,,0.496476,-0.132178,0.51377,,-0.425059,10.3509,1.87472,0.540881,fluid
1114,10.9329,2.49444,,1003.31,42.9398,26216.2,,0.37035,0.314858,0.486101,,-0.355766,10.1729,2.03424,0.362917,fluid
1115,11.4779,2.33021,,1003.36,50.782,26655,,0.363607,-0.384228,0.529,,-0.999943,10.9007,1.31457,1.09067,fluid
1116,11.219,2.41333,,1003.35,42.6763,26595.1,,0.438835,-0.03787,0.440466,,-0.759029,10.5357,1.60358,0.725731,fluid
1117,11.5424,2.47489,,1003.26,59.1036,25797.5,,0.542046,-0.490496,0.731027,,-1.01062,10.5785,1.21714,0.768549,fluid
1118,11.067,2.55162,,1003.27,35.1036,25953.6,,0.408498,0.202544,0.455955,,-0.366876,10.8131,1.97061,1.00309,fluid
1119,11.4242,2.62553,,1003.2,65.7616,25340.4,,0.511645,-0.352292,0.621201,,-0.815878,10.9767,1.39519,1.16671,fluid
1120,11.2063,2.85743,,1003.1,99.286,24540.7,,0.917598,-0.132498,0.927115,,-0.0997881,9.70774,2.08335,-0.102259,fluid
1121,11.2336,2.75719,,1003.16,81.7128,25007.1,,0.683812,-0.0796895,0.68844,,0.19389,9.90065,2.41298,0.0906527,fluid
1122,11.2357,2.61022,,1003.24,54.6517,25671.7,,0.540508,-0.0541104,0.543209,,-0.73535,10.9464,1.54211,1.1364,fluid
1123,11.2039,2.95137,,1003.04,109.984,24054.6,,0.963431,-0.186805,0.981374,,-0.580474,10.0041,1.56001,0.194097,fluid
1124,11.5958,3.0242,,1002.8,129.452,22131.7,,1.25217,-0.961539,1.57876,,-2.55933,8.98649,-0.656052,-0.823515,fluid
1125,11.2403,3.60688,,1002.43,167.727,19212.9,,1.81278,-0.661072,1.92956,,0.625272,5.88224,2.33041,-3.92776,fluid
1126,11.3621,3.7318,,1002.09,176.854,16533,,1.82826,-0.581589,1.91854,,-0.217367,6.2721,1.2347,-3.5379,fluid
1127,11.12,3.73909,,1002.41,193.389,19030.8,,1.37691,-0.050506,1.37784,,-0.78124,7.61656,0.926051,-2.19344,fluid
1128,10.8999,3.18185,,1002.83,97.61,22431.4,,1.18213,0.448263,1.26426,,1.68438,8.41958,3.73652,-1.39042,fluid
1129,11.1741,3.19145,,1002.86,105.66,22635.1,,1.04295,-0.0562,1.04446,,-0.3458,10.3869,1.67411,0.576907,fluid
1130,10.5801,3.51045,,1002.63,121.266,20799.4,,1.13222,0.840549,1.41012,,1.76255,8.98676,3.7233,-0.823241,fluid
1131,10.9162,3.72531,,1002.58,214.431,20409.2,,1.91623,0.275556,1.93594,,0.329337,8.49566,2.19416,-1.31434,fluid
1132,11.2521,3.71747,,1002.27,172.471,17938.6,,1.63333,-0.386394,1.67841,,0.0352162,6.64369,1.62585,-3.16631,fluid
1133,7.27343,-0.00562377,,1006.3,-99.0118,50427.3,,0.256291,0.112005,0.279696,,-10.6725,11.1393,-3.7828,1.32928,fluid
1134,8.50309,0.393368,,1006.43,-34.9332,51462.7,,-0.434599,0.257719,0.505267,,-5.04356,11.9892,0.969995,2.17923,fluid
1135,8.67702,0.481287,,1006.29,-48.2754,50281.9,,-0.585656,0.118327,0.59749,,-5.24747,13.1959,0.511156,3.38591,fluid
1136,10.0356,1.36076,,1004.78,27.1332,38074.9,,0.177394,0.662859,0.686186,,-1.16324,9.25215,2.61268,-0.557848,fluid
1137,9.59518,1.09451,,1005.24,-19.6279,41766.9,,0.253447,0.429838,0.498995,,-1.34054,8.90218,2.98968,-0.907823,fluid
1138,10.4113,1.73208,,1004.16,15.2522,33082.8,,0.219185,0.523266,0.567318,,-0.933123,11.2153,2.2313,1.40532,fluid
1139,10.6651,2.14434,,1003.62,13.7304,28711.6,,0.310844,0.589667,0.666582,,-0.0946123,10.0783,2.58778,0.268326,fluid
1140,10.2681,1.78295,,1004.15,0.159558,32993.3,,0.149001,0.665293,0.681774,,-0.238955,10.9678,2.96095,1.15779,fluid
1141,11.006,2.07576,,1003.62,28.134,28745,,0.240271,0.215344,0.32265,,-1.15755,10.8181,1.44478,1.00814,fluid
1142,11.0461,2.2233,,1003.5,40.2316,27756,,0.241714,0.236395,0.338095,,-1.29019,10.7179,1.21379,0.907879,fluid
1143,11.2631,2.12413,,1003.54,23.0125,28068.3,,0.113412,0.0617725,0.129144,,-0.877521,10.9198,1.60575,1.10983,fluid
1144,11.4954,2.09276,,1003.52,12.3587,27900.4,,0.275932,-0.163773,0.320874,,-1.25466,10.3483,1.16393,0.538287,fluid
1145,11.5804,2.19886,,1003.43,36.4891,27158.1,,0.373621,-0.327482,0.496827,,-1.21128,10.8093,1.1259,0.999283,fluid
1146,11.3161,2.23554,,1003.45,37.88,27380.5,,0.292509,-0.104819,0.310723,,-0.575974,11.3083,1.8353,1.49834,fluid
1147,11.9451,2.36317,,1003.2,69.4049,25317.7,,0.630624,-0.614481,0.880496,,-1.27791,10.0293,0.83485,0.219323,fluid
1148,11.6968,2.35397,,1003.29,65.2879,26051.4,,0.534847,-0.560325,0.774613,,-2.12918,10.6765,0.0907421,0.866463,fluid
1149,11.7966,2.45088,,1003.18,82.33,25171.2,,0.696407,-0.710881,0.995155,,-1.93668,10.7671,0.190334,0.957117,fluid
1150,11.6964,3.01393,,1002.72,129.033,21525.4,,1.25735,-1.09712,1.66871,,-2.44766,9.5689,-0.61231,-0.241095,fluid
1151,11.6618,2.6128,,1003.11,76.7805,24637.5,,0.694191,-0.787952,1.05013,,-1.59537,9.8032,0.510752,-0.0067975,fluid
1152,11.7225,2.76425,,1002.95,88.4538,23327.3,,0.862018,-0.81701,1.18768,,-1.84769,9.52941,0.136417,-0.280587,fluid
1153,11.572,2.80904,,1003.01,114.022,23801.3,,0.968233,-0.734765,1.21547,,-2.54252,11.1338,-0.491882,1.32376,fluid
1154,11.5369,3.46071,,1002.32,201.341,18318.5,,1.65325,-1.14077,2.00863,,-2.84876,9.52881,-1.26461,-0.281193,fluid
1155,6.62806,3.30624,,1005.4,-66.8648,43086.8,,-0.0942736,-2.53715,2.5389,,2.36469,10.9166,8.83042,1.10655,fluid
1156,5.55497,3.59557,,1004.17,-142.402,33128.8,,-1.17281,-2.76932,3.00742,,0.279553,5.6919,6.2186,-4.1181,fluid
1157,6.78288,3.76973,,1003.09,-380.051,24480.6,,-2.63647,-2.34934,3.53134,,3.60749,3.17862,7.20554,-6.63138,fluid
1158,6.61131,3.16936,,1005.82,-161.015,46498.1,,0.1451,-3.84242,3.84516,,7.38141,2.2301,14.3738,-7.5799,fluid
1159,5.98198,3.25357,,1005.23,15.0053,41680.7,,-0.814328,-2.43085,2.56362,,4.10211,12.6468,11.0336,2.8368,fluid
1160,11.5018,2.74482,,1003.09,59.4695,24488.6,,0.583535,-0.386731,0.700053,,-2.08575,10.8401,0.0368039,1.03009,fluid
1161,11.4184,3.35297,,1002.59,198.23,20448.1,,1.54722,-0.399297,1.59792,,-2.92941,9.37017,-1.14322,-0.439834,fluid
1162,11.7994,3.42519,,1002.12,164.397,16710.9,,1.69577,-0.947999,1.94276,,-1.09326,8.24269,0.320009,-1.56731,fluid
1163,10.5192,4.33816,,1002.01,132.259,15844.5,,1.30805,0.110717,1.31273,,0.895401,8.03649,2.39863,-1.77351,fluid
1164,5.58069,3.2078,,1004.77,-220.259,37998,,0.0783593,-3.53816,3.53903,,2.89175,7.29086,9.66824,-2.51914,fluid
1165,7.60919,0.0297747,,1006.43,-24.9834,51451.8,,0.0809898,0.0209744,0.0836616,,-7.25196,10.3631,-0.533356,0.553091,fluid
1166,8.74823,0.341664,,1006.42,-45.4842,51364.3,,-0.571074,0.247943,0.622577,,-5.16303,12.2059,0.670899,2.39594,fluid
1167,8.99973,0.551311,,1006.03,-111.326,48207.1,,-0.40955,-0.155267,0.437995,,-8.08691,10.5409,-2.76251,0.730909,fluid
1168,9.777,1.01141,,1005.33,-21.63,42464.6,,-0.156812,0.162561,0.225867,,-0.525278,9.08872,3.79503,-0.721279,fluid
1169,10.1574,1.53152,,1004.53,22.7433,36041.7,,0.118678,0.718132,0.727873,,-0.514561,11.7084,3.01776,1.89837,fluid
1170,10.6264,1.87392,,1003.92,8.79232,31088.3,,0.0447321,0.492597,0.494624,,-1.2083,10.5757,1.70586,0.765679,fluid
1171,10.5002,1.89585,,1003.92,-2.45661,31166,,0.133798,0.505647,0.52305,,-1.51825,10.3138,1.43829,0.503818,fluid
1172,11.1842,1.99142,,1003.66,15.5593,29040.7,,0.142798,0.105006,0.177249,,-1.48456,9.95623,1.10255,0.14623,fluid
1173,11.3392,1.9623,,1003.65,3.6724,28984.7,,0.0957398,-0.0765987,0.122611,,-0.865532,10.0986,1.68131,0.288559,fluid
1174,11.6178,2.00311,,1003.57,24.1489,28324.5,,0.292895,-0.329654,0.440975,,-1.05259,9.89149,1.37677,0.0814909,fluid
1175,11.7665,2.08489,,1003.48,44.623,27577.7,,0.327797,-0.479872,0.581144,,-1.43345,9.6907,0.902179,-0.119304,fluid
1176,11.926,2.09536,,1003.44,45.7494,27262.9,,0.429523,-0.416539,0.598326,,-1.32583,9.53103,0.952346,-0.278966,fluid
1177,12.05,2.25855,,1003.26,61.2138,25827.5,,0.672649,-0.582036,0.889507,,-0.824603,9.73728,1.3118,-0.0727212,fluid
1178,11.8167,2.24025,,1003.34,52.6698,26462.2,,0.50442,-0.411874,0.651214,,-1.53969,9.79901,0.692255,-0.0109886,fluid
1179,12.29,2.60759,,1002.84,109.915,22497.9,,1.09642,-0.716122,1.30956,,-1.04314,9.33517,0.782249,-0.474828,fluid
1180,12.0682,2.46704,,1003.06,84.6862,24197.6,,0.887701,-0.751164,1.16287,,-1.11773,9.72224,0.881235,-0.0877589,fluid
1181,12.0747,2.60737,,1002.91,98.2485,23040.6,,1.04229,-0.754328,1.28661,,-1.15353,9.40227,0.749109,-0.407726,fluid
1182,11.84,2.8801,,1002.75,96.0956,21727.8,,0.991502,-0.962922,1.38213,,-1.7907,9.17593,0.039391,-0.634069,fluid
1183,11.869,2.60338,,1003.01,85.4431,23833,,0.855357,-0.836902,1.19668,,-1.87106,9.64094,0.130911,-0.169056,fluid
1184,11.8892,3.03698,,1002.53,111.689,20016.1,,1.3096,-1.17398,1.75877,,-1.97347,9.32277,-0.294172,-0.487234,fluid
1185,11.9435,2.74274,,1002.83,95.0525,22381.5,,1.02274,-0.970389,1.40984,,-1.50153,9.31415,0.367147,-0.495855,fluid
1186,11.192,3.87979,,1002.1,224.186,16560.6,,1.72417,-0.508621,1.79763,,-0.625764,7.93504,0.85083,-1.87496,fluid
1187,7.83742,4.62791,,1001.54,-397.709,12126.5,,-2.74295,-1.04732,2.93609,,-1.76989,5.8375,-0.225013,-3.9725,fluid
1188,6.39275,3.89276,,1002.44,-419.939,19328.5,,-2.3511,-2.78449,3.64432,,2.4801,5.76945,5.49623,-4.04055,fluid
1189,10.673,4.39101,,1001.61,32.6844,12715.9,,1.60687,-0.0723384,1.6085,,1.94248,7.37695,3.13197,-2.43305,fluid
1190,6.46287,3.67459,,1003.31,-365.606,26247.3,,-1.90276,-3.07384,3.61511,,2.99029,1.1946,7.03812,-8.6154,fluid
1191,6.28267,3.68858,,1003.24,-332.544,25652.2,,-1.84945,-3.0521,3.56873,,1.5561,-1.56661,5.62594,-11.3766,fluid
1192,7.52513,2.05686,,1007.41,492.103,59428.4,,3.88452,-0.584737,3.92829,,-3.70258,15.1242,4.1367,5.31418,fluid
1193,7.57396,1.81042,,1007.53,654.024,60484.2,,3.8098,-0.428607,3.83384,,-8.60128,22.1479,-0.675186,12.3379,fluid
1194,8.41985,2.77815,,1005.94,172.324,47483.5,,1.87205,2.75084,3.32741,,-10.897,17.692,-5.29083,7.88198,fluid
1195,5.37957,3.17576,,1004.96,-101.491,39483.4,,-0.306436,-3.22457,3.2391,,4.71273,4.86618,12.016,-4.94382,fluid
1196,8.57513,3.49723,,1005.08,-251.903,40455.7,,-0.490842,2.37742,2.42756,,-4.76384,13.8036,-0.0698832,3.99361,fluid
1197,7.90444,0.0718016,,1006.53,22.2834,52269.4,,-0.0484277,-0.00894818,0.0492474,,-4.82423,9.87606,1.74553,0.0660639,fluid
1198,9.18188,0.734789,,1005.81,-92.1607,46429.5,,-0.365745,0.0514631,0.369348,,-6.53915,7.23849,-1.51173,-2.57151,fluid
1199,8.95637,0.352348,,1006.37,-45.4287,50960.8,,-0.62628,0.126462,0.638921,,-6.67771,11.1897,-1.02383,1.37973,fluid
1200,10.1871,1.37927,,1004.71,-14.3635,37512.5,,-0.123625,0.487984,0.5034,,-0.790348,9.87838,2.87473,0.0683824,fluid
1201,9.92527,1.01537,,1005.31,-31.4813,42309.9,,-0.231373,0.187831,0.298016,,-1.2304,9.59697,3.00994,-0.213034,fluid
1202,11.026,1.89429,,1003.79,2.28292,30077.9,,0.0814323,0.264628,0.276874,,-0.724454,10.0699,1.99316,0.259875,fluid
1203,10.8108,1.98093,,1003.75,3.51038,29768,,0.101157,0.41433,0.4265,,-1.13194,10.5473,1.6113,0.737304,fluid
1204,11.7199,1.88736,,1003.67,31.656,29082.4,,0.343893,-0.279331,0.443044,,-1.18635,10.3144,1.28603,0.504427,fluid
1205,11.6317,1.71805,,1003.85,11.9366,30593.9,,-0.152301,-0.257575,0.299233,,-1.57611,10.4993,1.04401,0.689293,fluid
1206,12.0166,1.9829,,1003.53,46.5071,27995.2,,0.447197,-0.381257,0.587658,,-1.25857,9.89655,1.06295,0.0865511,fluid
1207,12.1373,2.15185,,1003.34,60.2284,26488.3,,0.701898,-0.542314,0.886997,,-0.84471,9.71004,1.33041,-0.0999645,fluid
1208,12.2943,2.09485,,1003.37,70.8016,26737.1,,0.693767,-0.449035,0.826405,,-1.09417,9.87756,1.07328,0.0675621,fluid
1209,12.3489,2.2604,,1003.2,81.3845,25316.4,,0.846581,-0.584848,1.02895,,-0.775625,9.48373,1.26794,-0.326266,fluid
1210,12.2328,2.36848,,1003.11,76.8527,24608.3,,0.832678,-0.615969,1.03575,,-1.04907,9.19737,0.956361,-0.612625,fluid
1211,12.5318,2.57419,,1002.83,105.668,22417.7,,1.0843,-0.687829,1.28406,,-0.620591,9.11749,1.16321,-0.69251,fluid
1212,12.3124,2.48373,,1002.97,95.9512,23514.9,,1.0164,-0.594793,1.17764,,-0.728698,9.05724,1.17551,-0.752758,fluid
1213,12.3025,2.76731,,1002.66,112.399,21058.3,,1.07819,-0.755949,1.3168,,-0.799757,9.15064,0.907404,-0.659361,fluid
1214,12.17,3.13991,,1002.26,116.699,17889.6,,1.37643,-0.89063,1.63945,,-0.170412,9.00394,1.29624,-0.806057,fluid
1215,12.1203,2.77842,,1002.7,110.81,21393.6,,1.18523,-0.908812,1.49355,,-0.903497,9.24071,0.856849,-0.569294,fluid
1216,12.2444,3.00165,,1002.41,117.063,19022.7,,1.33313,-0.881255,1.59808,,-0.501342,8.97986,1.04852,-0.830141,fluid
1217,12.0542,2.9199,,1002.57,101.525,20306.5,,1.15868,-0.934344,1.48847,,-0.718333,8.88866,0.96196,-0.921338,fluid
1218,11.097,4.1257,,1001.73,175.641,13657.4,,1.64716,-0.480142,1.71571,,0.538947,5.60513,1.76755,-4.20487,fluid
1219,11.5287,3.69853,,1001.94,156.036,15292.6,,1.84656,-0.977484,2.08932,,-1.75311,6.46119,-0.429197,-3.34881,fluid
1220,6.08228,3.71192,,1003.28,-362.421,25971.1,,-1.76269,-3.10972,3.57455,,4.03258,-1.04313,8.28859,-10.8531,fluid
1221,9.73275,4.81331,,1001.36,-206.34,10752.5,,-0.860417,0.904796,1.24859,,-1.7937,9.63483,-0.690432,-0.175167,fluid
1222,6.96802,3.9211,,1002.67,-522.431,21135.2,,-2.62623,-1.89267,3.23718,,3.81504,3.23183,6.84013,-6.57817,fluid
1223,7.47363,4.44664,,1001.63,-390.879,12841.5,,-3.03227,-1.39441,3.33752,,-2.01021,7.83391,-0.29477,-1.97609,fluid
1224,5.78967,3.20725,,1004.94,-88.0853,39333.1,,-0.375211,-3.94713,3.96493,,2.71636,7.19867,9.47664,-2.61133,fluid
1225,7.24324,1.9885,,1006.78,511.522,54322.1,,4.32521,-1.9616,4.74924,,0.339188,16.261,7.78837,6.45103,fluid
1226,8.1299,2.92951,,1006.75,59.7954,54071.8,,1.79751,0.886955,2.00442,,8.3718,11.7388,14.9782,1.92876,fluid
1227,8.48957,3.08338,,1005.67,216.43,45278.4,,0.978731,1.93653,2.1698,,-17.3774,11.9449,-12.074,2.13486,fluid
1228,7.26477,1.73656,,1007.42,696.843,59575.7,,3.80735,-0.725633,3.87588,,-7.66982,21.0202,0.470378,11.2102,fluid
1229,8.19141,0.0785103,,1006.53,-63.6095,52264.6,,-0.315785,-0.0396802,0.318268,,-6.75636,10.5454,-0.417338,0.735417,fluid
1230,9.34896,0.926984,,1005.61,29.0722,44798.9,,-0.0502573,0.139794,0.148554,,-3.99053,8.6819,0.774578,-1.1281,fluid
1231,9.14507,0.364542,,1006.33,-59.7201,50642.7,,-0.525928,0.0253247,0.526537,,-5.99852,9.48274,-0.495652,-0.327261,fluid
1232,10.4006,1.57862,,1004.37,1.51019,34752.8,,-0.202818,0.660245,0.690694,,-1.3291,11.2571,1.99779,1.44707,fluid
1233,10.0531,1.13869,,1005.09,-39.4967,40529.1,,-0.211039,0.321906,0.384917,,-2.30909,9.86917,1.702,0.0591672,fluid
1234,11.208,1.79016,,1003.85,-1.83959,30588.7,,0.0011684,0.102476,0.102482,,-1.3259,9.67015,1.39282,-0.139848,fluid
1235,11.4489,1.8611,,1003.73,3.12666,29589.1,,0.12775,-0.140907,0.190197,,-0.85107,10.1387,1.72377,0.328713,fluid
1236,11.9234,1.85471,,1003.67,37.9122,29131.6,,0.154576,-0.366552,0.397812,,-1.72347,9.87746,0.710818,0.0674587,fluid
1237,11.3761,1.50974,,1004.15,-18.0933,32996.2,,-0.285653,-0.0779263,0.296091,,-0.967631,11.0106,1.92086,1.20057,fluid
1238,12.1848,1.92186,,1003.57,50.7248,28279.5,,0.479886,-0.419366,0.637305,,-0.868771,9.90391,1.44386,0.0939079,fluid
1239,12.543,2.22551,,1003.21,87.7507,25403.8,,0.886709,-0.477497,1.0071,,-0.791774,9.53693,1.22709,-0.273071,fluid
1240,12.5074,2.08127,,1003.36,75.5329,26633.9,,0.736607,-0.446239,0.861231,,-0.954516,9.68927,1.1678,-0.120731,fluid
1241,12.6887,2.33618,,1003.07,102.764,24339.1,,1.04775,-0.560367,1.18819,,-0.768335,9.03897,1.14396,-0.771028,fluid
1242,12.4848,2.40624,,1003.02,96.2034,23930.7,,0.967684,-0.576253,1.12627,,-0.752219,9.01785,1.1588,-0.792147,fluid
1243,12.8737,2.37866,,1003.01,103.645,23836,,1.08627,-0.519808,1.20424,,-0.840462,9.40768,1.0055,-0.402318,fluid
1244,12.6249,2.73616,,1002.64,103.009,20892.9,,1.22486,-0.718853,1.42022,,-0.136385,9.7552,1.51415,-0.0548025,fluid
1245,12.6791,2.46948,,1002.93,103.039,23187.1,,1.09876,-0.615691,1.25951,,-0.505275,9.40241,1.31816,-0.407591,fluid
1246,12.391,3.09648,,1002.28,121.391,17992.8,,1.28062,-0.777023,1.49792,,0.246555,9.22195,1.69534,-0.588048,fluid
1247,12.4646,2.72458,,1002.68,110.198,21182.6,,1.21602,-0.7259,1.4162,,-0.425527,9.42792,1.26936,-0.382079,fluid
1248,12.3891,2.89786,,1002.5,117.519,19749.1,,1.29037,-0.80289,1.51976,,-0.213181,9.3406,1.37692,-0.469402,fluid
1249,12.0183,3.10721,,1002.36,97.9876,18679.8,,1.24724,-1.06279,1.63864,,-0.703649,9.12848,0.846962,-0.681522,fluid
1250,11.8565,3.20678,,1002.35,111.074,18599.6,,1.41237,-1.0462,1.75764,,-1.5809,8.53918,-0.0158628,-1.27082,fluid
1251,11.6789,3.36172,,1002.32,131.296,18311,,1.41794,-1.07224,1.77771,,-1.01786,8.36899,0.546376,-1.44101,fluid
1252,6.09347,4.00294,,1002.36,-428.229,18635.8,,-2.26121,-2.38156,3.28404,,0.955344,10.5566,4.00648,0.746598,fluid
1253,11.0224,4.2673,,1001.51,111.81,11882.7,,1.4752,-0.179446,1.48607,,-1.02695,7.64051,0.0494828,-2.16949,fluid
1254,7.98925,4.8278,,1001.14,-127.36,8998.42,,-2.30691,-0.556444,2.37307,,-1.71258,5.45609,-0.587545,-4.35391,fluid
1255,11.4151,3.95024,,1001.66,88.2765,13122.9,,1.59761,-0.639471,1.72083,,-0.434229,7.14229,0.713467,-2.66771,fluid
1256,6.76241,3.95682,,1002.24,-537.095,17681.6,,-2.84054,-2.29732,3.65327,,1.77226,4.95173,4.38111,-4.85827,fluid
1257,5.82223,3.50699,,1004.36,-213.271,34685.7,,-1.19014,-3.30689,3.51454,,3.93069,3.28054,9.86227,-6.52946,fluid
1258,5.87168,2.46826,,1006.21,398.605,49681.6,,0.89279,-3.18087,3.30378,,0.361437,16.5378,8.77041,6.72782,fluid
1259,7.80782,1.92204,,1007.46,394.126,59870.3,,3.90199,0.890505,4.00231,,-10.2041,20.7591,-2.5929,10.9491,fluid
1260,6.55109,2.84785,,1006.35,157.607,50760,,1.11581,-2.53322,2.76808,,0.707836,9.62876,8.40731,-0.181245,fluid
1261,8.47193,0.127261,,1006.55,-116.495,52430.5,,-0.388167,0.0163179,0.38851,,-8.39289,4.66546,-2.24443,-5.14454,fluid
1262,9.22944,0.576236,,1005.97,-119.14,47705.3,,-0.54852,-0.190454,0.580644,,-5.92612,8.98043,-0.787971,-0.829567,fluid
1263,9.35481,0.39977,,1006.27,-80.1404,50169.2,,-0.503042,-0.0312394,0.504011,,-5.62866,9.83237,-0.299165,0.0223718,fluid
1264,10.9383,1.7613,,1003.96,-7.89567,31458.4,,-0.0347116,0.29681,0.298833,,-0.696203,10.5407,2.16842,0.730653,fluid
1265,11.4416,1.73048,,1003.87,5.57289,30722,,-0.0449137,-0.137338,0.144495,,-1.62909,9.75424,1.04568,-0.0557586,fluid
1266,11.239,1.62057,,1004.04,-13.4377,32129.6,,-0.174642,0.132354,0.219129,,-1.22524,10.8909,1.622,1.08094,fluid
1267,11.5426,1.54424,,1004.07,-10.1979,32348.8,,-0.22931,-0.0547399,0.235754,,-1.46123,9.84074,1.32996,0.0307427,fluid
1268,11.7873,1.70663,,1003.84,12.7043,30513.8,,-0.0158257,-0.158144,0.158934,,-1.06579,10.6775,1.51301,0.867471,fluid
1269,12.3892,1.81657,,1003.65,51.2102,28936.3,,0.459686,-0.368205,0.588971,,-1.07484,9.60136,1.25228,-0.208644,fluid
1270,12.6572,1.99209,,1003.43,65.747,27233.6,,0.702942,-0.398305,0.807945,,-0.67429,9.64561,1.46996,-0.16439,fluid
1271,12.3712,1.9689,,1003.49,62.1583,27689.7,,0.553563,-0.356037,0.658175,,-0.83726,9.32141,1.3932,-0.488595,fluid
1272,12.843,2.02903,,1003.38,74.9511,26767.7,,0.857352,-0.387892,0.941017,,-0.939784,9.72538,1.13742,-0.0846224,fluid
1273,12.9334,2.23218,,1003.16,101.261,25043.6,,0.958455,-0.435865,1.05291,,-0.876305,9.18939,1.05395,-0.620609,fluid
1274,12.7486,2.16641,,1003.25,90.1213,25726.7,,0.930127,-0.439946,1.02893,,-0.818603,9.59265,1.19287,-0.217349,fluid
1275,12.8891,2.72074,,1002.63,109.385,20832.8,,1.27875,-0.576552,1.40271,,-0.513531,9.70273,1.09854,-0.107268,fluid
1276,12.9346,2.54472,,1002.82,105.194,22340.5,,1.16177,-0.481478,1.25759,,-0.572872,9.42813,1.14946,-0.381873,fluid
1277,12.6858,2.89325,,1002.46,105.198,19487.9,,1.26331,-0.648285,1.41993,,-0.0713475,9.20412,1.46107,-0.605879,fluid
1278,12.5298,3.00224,,1002.37,115.03,18696,,1.2485,-0.795741,1.48052,,0.108018,9.3695,1.59663,-0.440501,fluid
1279,12.7517,2.63034,,1002.74,100.93,21706.4,,1.20073,-0.588248,1.33708,,-0.213344,9.43714,1.48423,-0.372861,fluid
1280,12.3183,3.26599,,1002.09,127.019,16530.3,,1.28821,-0.818272,1.52612,,0.32252,8.97777,1.66165,-0.832225,fluid
1281,11.95,3.38827,,1002.06,118.89,16246.9,,1.41343,-1.08985,1.78481,,-0.436455,8.08945,0.920321,-1.72055,fluid
1282,10.7987,4.44635,,1001.35,-10.7835,10604.4,,1.66724,-0.112088,1.671,,1.9411,7.9508,2.92178,-1.8592,fluid
1283,11.6745,3.62211,,1001.92,129.179,15189,,1.51027,-1.00705,1.81523,,-1.03446,7.03888,0.264088,-2.77112,fluid
1284,5.70927,4.04998,,1002.69,-480.343,21296,,-1.94657,-2.05784,2.83264,,1.71832,11.3848,5.43838,1.57481,fluid
1285,9.02631,5.0455,,1001.08,-183.397,8502.99,,-1.74368,0.925495,1.97408,,-0.559834,5.9229,0.381172,-3.8871,fluid
1286,5.65193,2.8551,,1004.92,-193.459,39223.8,,0.918785,-4.01562,4.11939,,-4.71776,12.0831,2.18812,2.27305,fluid
1287,5.88959,3.7823,,1003.24,-383.092,25639.1,,-1.87549,-2.73061,3.31266,,0.279917,5.42337,4.61916,-4.38663,fluid
1288,7.03426,4.19026,,1001.93,-533.502,15241.7,,-2.7643,-2.03733,3.43396,,3.48252,5.69205,5.64513,-4.11795,fluid
1289,6.55512,4.12506,,1001.88,-507.529,14871.4,,-3.03635,-2.31499,3.81819,,-0.536891,9.85042,1.7275,0.0404226,fluid
1290,5.30356,3.91955,,1003.53,-180.553,28001.7,,-1.11211,-1.97459,2.26623,,-2.34155,6.0472,2.91967,-3.7628,fluid
1291,5.5913,3.86763,,1003.35,-384.802,26544.7,,-1.69228,-2.59475,3.09783,,-1.19219,5.16595,3.53947,-4.64405,fluid
1292,9.8891,4.35174,,1002.83,194.08,22383.3,,1.32138,1.4276,1.94528,,1.87293,8.58421,4.12998,-1.22579,fluid
1293,8.63667,0.149924,,1006.6,-86.6417,52837.3,,-0.424837,0.123434,0.442405,,-6.72825,6.22009,-0.650578,-3.58991,fluid
1294,9.42166,0.758493,,1005.76,-33.1378,45989.8,,-0.272165,0.187326,0.330401,,-3.14871,7.97057,1.70462,-1.83943,fluid
1295,9.48824,0.584513,,1005.99,-85.1917,47883.2,,-0.395607,-0.0952679,0.406916,,-4.08766,8.71245,0.928864,-1.09755,fluid
1296,10.7495,1.77961,,1004,7.75166,31733.7,,-0.0480955,0.461994,0.46449,,-1.1072,10.3642,1.83315,0.554154,fluid
1297,10.9521,1.6219,,1004.13,-14.6204,32792.8,,-0.206334,0.244682,0.320067,,-1.38049,10.2228,1.60142,0.412844,fluid
1298,11.8336,1.5808,,1003.97,-2.38192,31566.2,,-0.156688,-0.250105,0.295133,,-1.5626,9.86562,1.09435,0.0556167,fluid
1299,11.0664,1.52965,,1004.21,-21.7531,33450.8,,-0.271078,0.224638,0.352059,,-0.842566,10.7552,2.16749,0.945184,fluid
1300,12.0792,1.77563,,1003.73,37.0576,29603.8,,0.248794,-0.190595,0.313409,,-1.51927,9.54698,0.922435,-0.26302,fluid
1301,12.9275,1.93469,,1003.46,69.788,27441.7,,0.74549,-0.392092,0.842313,,-0.881934,9.69178,1.23348,-0.118217,fluid
1302,13.1198,1.94851,,1003.43,78.3002,27157.9,,0.763826,-0.335623,0.83431,,-1.26127,9.38612,0.801657,-0.423877,fluid
1303,13.0561,2.14077,,1003.24,95.5359,25699.7,,0.921303,-0.454355,1.02725,,-1.17529,9.38952,0.786751,-0.420478,fluid
1304,13.2093,2.12215,,1003.25,92.0153,25727.5,,0.935137,-0.425846,1.02753,,-0.984008,9.66415,0.957367,-0.145853,fluid
1305,13.1784,2.31352,,1003.05,98.2268,24174.1,,1.05346,-0.4855,1.15995,,-0.723579,9.57667,1.10522,-0.233335,fluid
1306,13.0466,2.41451,,1002.96,99.9323,23404.7,,1.13418,-0.467644,1.22681,,-0.497813,9.354,1.29083,-0.456002,fluid
1307,13.2553,2.49349,,1002.85,100.463,22579.4,,1.20239,-0.501616,1.30283,,-0.74364,9.38002,0.954945,-0.429981,fluid
1308,13.1268,2.60697,,1002.74,105.612,21687.4,,1.17697,-0.491984,1.27566,,-0.519375,9.2445,1.12826,-0.565499,fluid
1309,13.0636,2.75143,,1002.59,115.384,20482.5,,1.21344,-0.503261,1.31366,,-0.560371,9.54565,1.00348,-0.26435,fluid
1310,12.8616,2.89426,,1002.45,111.428,19360,,1.26575,-0.564488,1.38592,,-0.154928,9.35282,1.34665,-0.457179,fluid
1311,12.503,3.27084,,1002.07,121.408,16378.5,,1.32757,-0.763605,1.53151,,0.203478,8.90447,1.51074,-0.905528,fluid
1312,12.1319,3.32033,,1002.06,119.712,16282.4,,1.4399,-1.04849,1.7812,,0.148785,8.76665,1.48814,-1.04335,fluid
1313,11.7908,3.72567,,1001.7,139.877,13436.1,,1.53309,-0.885267,1.77032,,0.0339439,8.02839,1.17154,-1.78161,fluid
1314,9.6071,4.98403,,1000.96,-100.074,7563.75,,-0.790608,1.14682,1.39293,,0.276827,10.2283,1.06338,0.418292,fluid
1315,11.467,4.06346,,1001.46,91.5349,11488.5,,1.64199,-0.553651,1.73282,,0.477022,7.61109,1.47744,-2.19891,fluid
1316,6.3148,4.08758,,1002.06,-419.245,16289.5,,-2.74676,-2.40451,3.65053,,0.737418,12.1835,3.31169,2.37353,fluid
1317,7.4343,4.58426,,1001.17,-479.184,9219.12,,-3.02588,-1.39909,3.33368,,-2.23128,8.41487,-0.992651,-1.39513,fluid
1318,5.22697,3.50442,,1004.44,-169.805,35321.7,,-0.31626,-3.73419,3.74756,,6.991,10.5599,13.7187,0.749866,fluid
1319,5.08791,3.69752,,1004.26,-485.636,33857.3,,-0.48535,-2.70244,2.74568,,1.19995,14.4121,7.82618,4.60213,fluid
1320,4.90879,2.5122,,1006.25,247.198,49958,,0.193401,-4.44033,4.44454,,-12.8814,8.46124,-2.76733,-1.34876,fluid
1321,5.60667,2.72672,,1005.21,-85.7993,41559.8,,0.162405,-3.14294,3.14713,,-11.1389,-0.398171,-3.76476,-10.2082,fluid
1322,8.30374,2.00177,,1006.84,546.206,54796.7,,3.40436,1.24527,3.62497,,-8.29317,17.7677,-1.73896,7.95775,fluid
1323,5.30281,2.46565,,1006.15,-0.756834,49127.9,,1.2171,-3.19147,3.41567,,13.0247,5.17247,22.2326,-4.63753,fluid
1324,8.67891,2.48333,,1005.78,325.742,46168.4,,2.72664,2.75753,3.87796,,-15.8951,17.5271,-10.6061,7.71709,fluid
1325,8.84282,0.130935,,1006.72,-68.0683,53790.9,,-0.487135,0.0401658,0.488789,,-6.44398,7.44908,-0.401559,-2.36092,fluid
1326,9.55181,0.323277,,1006.43,-57.6273,51437.7,,-0.470546,-0.0117933,0.470694,,-4.48152,9.65678,0.869213,-0.153215,fluid
1327,9.66754,0.721824,,1005.81,-28.4732,46427.9,,-0.405275,0.0869851,0.414505,,-3.86967,8.01916,0.905033,-1.79084,fluid
1328,10.6495,1.61252,,1004.24,8.50578,33693.5,,-0.0934439,0.543119,0.551099,,-1.24042,11.1447,1.91009,1.3347,fluid
1329,10.7242,1.47557,,1004.39,-17.53,34933.1,,-0.304429,0.276738,0.411413,,-0.544217,10.41,2.69895,0.59997,fluid
1330,11.9956,1.54505,,1003.99,-6.10905,31680.9,,0.137775,-0.012538,0.138344,,-0.690605,10.8297,1.93995,1.01966,fluid
1331,12.1673,1.67845,,1003.82,30.4134,30322.4,,0.0715136,-0.321762,0.329614,,-0.966698,9.23772,1.51595,-0.57228,fluid
1332,12.5685,1.70925,,1003.74,44.8501,29680.6,,0.27555,-0.344124,0.44085,,-1.60798,9.86569,0.744743,0.0556882,fluid
1333,12.608,1.86957,,1003.57,55.8564,28289.4,,0.55652,-0.316764,0.640354,,-0.940719,9.36749,1.29507,-0.44251,fluid
1334,13.2393,1.8468,,1003.51,71.5822,27847.8,,0.793829,-0.271182,0.838871,,-1.19121,9.49172,0.904855,-0.318282,fluid
1335,12.8052,1.77084,,1003.64,50.98,28901.6,,0.381378,-0.378914,0.537611,,-1.22652,9.81587,1.0223,0.00586854,fluid
1336,13.3445,2.04118,,1003.31,86.7505,26271.5,,0.925919,-0.386212,1.00324,,-0.966802,9.69341,0.995405,-0.11659,fluid
1337,13.4223,2.41115,,1002.93,101.681,23174,,1.14414,-0.453255,1.23065,,-0.990499,9.48063,0.730996,-0.329369,fluid
1338,13.361,2.25574,,1003.1,93.4912,24520.6,,1.06558,-0.424989,1.1472,,-0.978852,9.58341,0.850725,-0.226586,fluid
1339,13.4561,2.57693,,1002.75,104.688,21734.8,,1.14031,-0.452911,1.22696,,-0.689588,9.57027,0.921232,-0.239734,fluid
1340,13.3027,2.68606,,1002.64,105.298,20891.8,,1.21921,-0.479203,1.31,,-0.509902,9.30082,1.05645,-0.509176,fluid
1341,13.202,2.86789,,1002.45,115.448,19386.1,,1.22836,-0.478726,1.31835,,-0.483211,9.47625,0.981618,-0.333747,fluid
1342,12.9137,3.09427,,1002.23,114.217,17584.5,,1.2235,-0.568275,1.34903,,-0.155477,9.0124,1.20319,-0.797601,fluid
1343,12.7074,3.05265,,1002.29,113.119,18121.6,,1.28849,-0.635118,1.43652,,0.125321,9.2957,1.54813,-0.514297,fluid
1344,12.3957,3.43754,,1001.89,126.669,14919.9,,1.28137,-0.80446,1.51297,,0.549757,9.02506,1.75112,-0.784938,fluid
1345,11.1592,4.29093,,1001.39,88.2633,10977.3,,1.33979,-0.438747,1.4098,,1.0294,7.94874,2.01174,-1.86126,fluid
1346,10.5886,4.61091,,1001.34,94.8057,10579.7,,0.963276,0.214012,0.986763,,1.89733,8.0071,2.89514,-1.8029,fluid
1347,8.50866,4.99697,,1001.1,-301.297,8671.89,,-1.67909,0.505537,1.75354,,-1.67634,7.22572,-0.65828,-2.58428,fluid
1348,7.67952,4.70572,,1001.13,-437.095,8914.47,,-2.67247,-1.11615,2.89618,,-2.94888,7.03447,-1.78938,-2.77553,fluid
1349,7.10579,4.37567,,1001.56,-340.66,12305.2,,-2.90211,-1.8793,3.45746,,2.02419,8.57266,3.75321,-1.23734,fluid
1350,6.74891,4.22762,,1001.71,-468.879,13501.4,,-2.70951,-1.89957,3.30905,,-0.970087,9.71284,1.02703,-0.0971559,fluid
1351,5.39624,4.14225,,1002.91,-310.251,23035,,-1.93379,-2.31504,3.01645,,1.7956,9.82454,6.05193,0.0145382,fluid
1352,5.20756,2.9584,,1005.43,142.556,43316.4,,-0.381017,-4.14833,4.16579,,2.54241,1.01842,10.8155,-8.79158,fluid
1353,5.185,2.65691,,1006.11,115.971,48871.5,,0.229515,-4.25468,4.26087,,2.45656,7.18236,11.8248,-2.62764,fluid
1354,6.49188,2.10945,,1005.91,536.094,47192.4,,3.34274,-2.56892,4.21584,,-1.65742,14.1855,5.56933,4.37547,fluid
1355,8.41754,1.72018,,1006.78,540.656,54342.1,,4.64834,2.2715,5.17366,,-13.9242,22.0584,-7.51184,12.2484,fluid
1356,9.20605,4.04611,,1003.63,5.92639,28768.8,,-0.257267,2.93081,2.94208,,-7.30055,8.42203,-4.18685,-1.38797,fluid
1357,9.05025,0.116151,,1006.81,-65.2658,54551.7,,-0.510871,0.0683991,0.515429,,-6.04812,8.9549,-0.0612498,-0.855098,fluid
1358,9.68626,0.449544,,1006.23,-71.2872,49782.9,,-0.599705,-0.0478325,0.60161,,-3.53096,10.5797,1.57678,0.769677,fluid
1359,10.5157,1.45431,,1004.49,-24.9621,35718.3,,-0.0693934,0.571547,0.575744,,-1.14538,10.3397,2.23611,0.529726,fluid
1360,10.8628,1.37274,,1004.49,-33.6196,35681.7,,-0.29338,0.250825,0.385986,,-1.16185,10.4588,2.10823,0.648815,fluid
1361,11.2977,1.37369,,1004.35,-28.9506,34625.2,,-0.383711,-0.00282983,0.383722,,-1.81271,10.1145,1.2388,0.304452,fluid
1362,12.3233,1.65318,,1003.83,26.1691,30378.4,,0.245302,-0.153975,0.289623,,-0.892995,9.34205,1.56274,-0.467949,fluid
1363,11.6805,1.45325,,1004.16,-15.0269,33028.8,,-0.115984,-0.156552,0.194835,,-1.41107,9.51819,1.40491,-0.291813,fluid
1364,12.9522,1.5939,,1003.8,42.2399,30185.3,,0.380405,-0.241721,0.450708,,-1.34482,10.2197,0.976866,0.40965,fluid
1365,12.9786,1.76727,,1003.62,53.5333,28715,,0.509165,-0.313084,0.597721,,-1.00654,9.80843,1.19796,-0.00157373,fluid
1366,13.446,1.75378,,1003.59,78.9066,28481.6,,0.584912,-0.459112,0.743576,,-1.57946,9.82367,0.531186,0.013674,fluid
1367,13.4375,1.92846,,1003.42,83.369,27105.4,,0.847469,-0.423878,0.947563,,-1.28056,9.70023,0.729727,-0.109771,fluid
1368,13.6115,2.03013,,1003.31,81.1403,26200.6,,0.909991,-0.384165,0.987758,,-1.05284,9.62461,0.8657,-0.185387,fluid
1369,13.7034,2.192,,1003.14,88.3481,24852.2,,1.04171,-0.323185,1.09069,,-1.16378,9.3526,0.644123,-0.457401,fluid
1370,13.5172,2.185,,1003.16,91.0378,24999.7,,1.03914,-0.450803,1.13272,,-1.1143,9.63149,0.729353,-0.178507,fluid
1371,13.6457,2.52743,,1002.79,102.678,22060.3,,1.0742,-0.405429,1.14816,,-0.852125,9.70801,0.760031,-0.101986,fluid
1372,13.6063,2.36781,,1002.96,99.1189,23438.4,,1.10225,-0.380033,1.16592,,-1.00405,9.30373,0.713487,-0.506272,fluid
1373,13.3835,2.83077,,1002.47,105.013,19563.1,,1.20605,-0.481229,1.29852,,-0.400772,9.39062,1.05736,-0.41938,fluid
1374,13.0409,2.95824,,1002.37,119.166,18698.9,,1.27703,-0.588961,1.4063,,-0.534779,9.44712,0.895699,-0.362881,fluid
1375,12.6669,3.21027,,1002.13,119.946,16795.5,,1.24829,-0.708088,1.43514,,0.195971,9.1799,1.5191,-0.630097,fluid
1376,12.2641,3.52444,,1001.8,127.172,14210.4,,1.37203,-0.841242,1.6094,,0.80587,8.8619,1.96249,-0.948101,fluid
1377,12.0444,3.47717,,1001.9,127.652,15020.5,,1.42429,-0.911752,1.69112,,0.591805,8.51564,1.83654,-1.29436,fluid
1378,11.9255,3.68353,,1001.7,118.777,13429.7,,1.45572,-1.18719,1.87844,,0.776238,8.0687,1.90046,-1.7413,fluid
1379,11.6015,3.84091,,1001.65,96.8938,13009.3,,1.64891,-0.91593,1.88622,,0.00535405,7.80254,1.12486,-2.00746,fluid
1380,10.6395,4.69921,,1001.11,136.198,8762.52,,0.971879,0.129287,0.980441,,2.71236,8.95226,3.53503,-0.857737,fluid
1381,9.15705,5.16957,,1000.68,-291.813,5376.31,,-1.08491,1.1034,1.54743,,-0.0978336,7.61087,0.488887,-2.19913,fluid
1382,6.10486,4.3222,,1001.82,-415.505,14398.3,,-2.31642,-1.99604,3.05778,,2.98663,11.3146,5.34084,1.50462,fluid
1383,5.33883,4.50017,,1002.26,-547.826,17844.1,,-1.88283,-1.37531,2.33164,,0.432088,14.6788,3.76688,4.86876,fluid
1384,5.08306,3.32089,,1004.57,69.0686,36355.9,,0.530964,-2.92167,2.96953,,-12.4409,2.61625,-5.32105,-7.19375,fluid
1385,4.88997,3.03168,,1004.28,164.306,33991.5,,1.3472,-4.06162,4.27922,,-0.567132,8.65371,6.35455,-1.15629,fluid
1386,8.00017,1.50866,,1007.31,644.227,58611.3,,4.38392,1.50867,4.63626,,-11.4654,23.152,-4.19224,13.342,fluid
1387,8.15668,1.37954,,1006.84,533.977,54790.5,,4.59805,1.40993,4.80937,,-7.03231,20.644,-0.360681,10.834,fluid
1388,8.98565,4.32523,,1003.29,-319.266,26064.1,,-1.43637,1.7829,2.28951,,-7.31865,7.82438,-4.42751,-1.98562,fluid
1389,9.25255,0.148392,,1006.77,-62.1769,54200.6,,-0.49528,0.0223497,0.495784,,-5.23936,8.7946,0.579173,-1.0154,fluid
1390,10.3294,1.33045,,1004.72,-47.9232,37611.1,,-0.123886,0.314351,0.337883,,-1.3496,9.50404,2.27443,-0.305956,fluid
1391,10.1645,1.07255,,1005.17,-43.1613,41203.1,,-0.295717,0.164244,0.338268,,-1.48439,9.54856,2.54839,-0.261435,fluid
1392,11.0936,1.35885,,1004.43,-36.9522,35239.2,,-0.415679,0.198427,0.46061,,-1.22547,9.94844,1.93705,0.13844,fluid
1393,11.3932,1.2593,,1004.49,-38.0141,35755,,-0.59049,-0.0206881,0.590853,,-1.60683,9.67907,1.5174,-0.130927,fluid
1394,12.651,1.60547,,1003.84,36.2029,30497,,0.374934,-0.283151,0.46984,,-1.37276,9.79312,1.02866,-0.0168776,fluid
1395,11.9436,1.40185,,1004.17,-16.5852,33125.9,,-0.342341,-0.294781,0.451766,,-2.41949,9.62977,0.342516,-0.180226,fluid
1396,13.284,1.61431,,1003.73,38.1807,29640.5,,0.640119,-0.149283,0.657296,,-1.17945,9.71194,1.04354,-0.0980614,fluid
1397,13.1557,1.69645,,1003.66,40.85,29078.7,,0.400095,-0.225281,0.459159,,-1.11939,9.67614,1.08289,-0.133859,fluid
1398,13.6935,1.7161,,1003.61,57.3779,28672.9,,0.716957,-0.329619,0.789099,,-1.25663,9.84308,0.829737,0.0330805,fluid
1399,13.6168,1.83639,,1003.5,65.7901,27745.2,,0.76551,-0.289679,0.818486,,-1.0386,9.74535,0.991867,-0.0646477,fluid
1400,13.9151,1.91028,,1003.41,76.7653,27053.5,,0.837734,-0.35158,0.908519,,-1.37794,9.6254,0.559629,-0.184596,fluid
1401,13.9076,2.13351,,1003.19,90.8385,25275.2,,0.960625,-0.417426,1.0474,,-1.29134,9.48792,0.520243,-0.322082,fluid
1402,13.7851,1.97103,,1003.36,77.9196,26603.1,,0.902872,-0.354317,0.969906,,-1.46265,9.60188,0.460753,-0.208118,fluid
1403,13.8161,2.43709,,1002.88,97.1226,22763,,1.08768,-0.379312,1.15192,,-0.927424,9.56539,0.715428,-0.244609,fluid
1404,13.8523,2.2884,,1003.03,93.5401,24009.3,,1.09457,-0.381748,1.15923,,-1.06757,9.59035,0.660426,-0.219654,fluid
1405,13.7091,2.86446,,1002.4,100.249,19000.9,,1.18692,-0.387114,1.24845,,-0.768081,9.23723,0.614603,-0.572765,fluid
1406,13.5662,2.72719,,1002.57,99.829,20343.6,,1.20069,-0.373195,1.25735,,-0.609146,9.38165,0.886591,-0.428351,fluid
1407,13.1599,3.10639,,1002.18,115.665,17249.9,,1.27164,-0.525585,1.37597,,-0.369861,9.35148,0.938068,-0.458516,fluid
1408,12.8401,3.28741,,1002.02,112.734,15918.3,,1.20096,-0.610616,1.34728,,-0.0503991,9.04513,1.18684,-0.764867,fluid
1409,12.5912,3.43837,,1001.88,120.782,14799.8,,1.3006,-0.661183,1.45901,,0.158015,8.98647,1.33122,-0.823527,fluid
1410,12.1427,3.67168,,1001.66,116.377,13095,,1.43055,-0.894468,1.68717,,1.37495,8.75394,2.45159,-1.05606,fluid
1411,11.2742,4.30975,,1001.31,104.592,10296.5,,1.61019,-0.5862,1.71357,,2.57406,8.12131,3.48615,-1.68869,fluid
1412,10.9154,4.48579,,1001.21,-50.7821,9561.8,,1.31661,-0.344603,1.36096,,2.58503,9.28916,3.45996,-0.520845,fluid
1413,8.23734,4.90813,,1001.11,-169.659,8705.5,,-2.63937,-0.0776888,2.64051,,-3.31111,6.4528,-2.25544,-3.3572,fluid
1414,6.88614,4.35946,,1001.56,-286.831,12290.4,,-2.83408,-1.71922,3.31477,,-0.304501,11.7295,1.47752,1.91953,fluid
1415,5.12961,4.33734,,1002.83,-418.679,22380.5,,-1.39301,-1.63555,2.14838,,-1.10004,12.0179,3.25066,2.20792,fluid
1416,4.82332,3.7044,,1004.71,50.5819,37495.3,,-0.888552,-2.81535,2.95224,,6.52448,13.2812,14.2618,3.4712,fluid
1417,5.1776,2.21286,,1006.82,98.5431,54639.6,,2.28352,-4.24166,4.81727,,7.20339,13.6497,17.685,3.83973,fluid
1418,7.77093,1.62773,,1007.57,769.583,60754.3,,5.33147,0.542472,5.35899,,-9.47281,18.4477,-1.71338,8.63766,fluid
1419,7.24499,1.44761,,1007.88,708.195,63305.5,,4.04312,-0.0315196,4.04324,,-6.31334,21.7643,2.3562,11.9543,fluid
1420,9.44437,3.9703,,1003.43,91.6379,27182,,0.692599,2.49627,2.59057,,-2.00086,6.83837,0.867428,-2.97163,fluid
1421,9.45128,0.137499,,1006.78,-59.1616,54271,,-0.428295,-0.0028133,0.428305,,-5.1802,8.48316,0.523337,-1.32684,fluid
1422,9.82337,0.74505,,1005.78,-28.488,46144.4,,-0.431916,0.123052,0.449103,,-2.59997,8.66483,2.07045,-1.14517,fluid
1423,10.8592,1.14024,,1004.84,-64.9009,38518.8,,-0.633443,0.116785,0.644119,,-1.00334,9.84082,2.52669,0.0308244,fluid
1424,10.7198,1.2087,,1004.77,-42.5706,38006,,-0.410925,0.395613,0.570411,,-2.2643,9.76021,1.26424,-0.0497862,fluid
1425,11.5951,1.29338,,1004.39,-40.2494,34933.1,,-0.422679,-0.0247969,0.423406,,-0.853521,9.92095,2.14606,0.110951,fluid
1426,12.5179,1.42635,,1004.06,11.3626,32267.2,,-0.181791,-0.358701,0.402137,,-2.12646,9.95857,0.440796,0.148573,fluid
1427,12.3718,1.51207,,1003.98,13.3981,31585.9,,0.188285,-0.235722,0.301688,,-1.73029,9.43529,0.812649,-0.374707,fluid
1428,13.1472,1.4542,,1003.92,19.2896,31127.1,,-0.0666518,-0.311221,0.318278,,-1.10477,10.0482,1.25358,0.238248,fluid
1429,13.48,1.58544,,1003.76,65.3911,29829,,0.354853,-0.270327,0.446091,,-1.54035,9.45609,0.664196,-0.353914,fluid
1430,13.7446,1.56329,,1003.77,50.7309,29894.9,,0.45416,-0.379321,0.591731,,-1.79533,9.70104,0.371535,-0.108965,fluid
1431,13.902,1.73877,,1003.58,63.4979,28402,,0.683449,-0.369592,0.776982,,-1.59661,9.73027,0.43912,-0.0797274,fluid
1432,14.0956,1.74313,,1003.57,64.6249,28328,,0.658192,-0.267552,0.710493,,-1.76926,9.90935,0.233297,0.0993487,fluid
1433,14.1086,1.90039,,1003.42,75.1951,27108.7,,0.901487,-0.227952,0.929861,,-1.42061,9.65238,0.494275,-0.157615,fluid
1434,14.0734,2.09831,,1003.22,89.4576,25535.8,,0.967164,-0.322823,1.01962,,-1.57521,9.61146,0.233441,-0.198541,fluid
1435,14.0791,2.47742,,1002.82,88.9247,22313.5,,1.11833,-0.308701,1.16016,,-1.03524,9.48548,0.545168,-0.324524,fluid
1436,14.0646,2.31018,,1003,89.069,23766.6,,1.00633,-0.319147,1.05572,,-1.26758,9.52601,0.417172,-0.283991,fluid
1437,13.9529,2.57188,,1002.72,93.9386,21530.8,,1.08328,-0.32719,1.13161,,-0.960128,9.52143,0.578793,-0.288567,fluid
1438,13.5089,2.93781,,1002.34,99.7702,18477.1,,1.20226,-0.421679,1.27406,,-0.457774,9.38858,0.906807,-0.42142,fluid
1439,13.3123,3.04768,,1002.23,112.121,17651.7,,1.19976,-0.444812,1.27957,,-0.324987,9.26045,0.998034,-0.549545,fluid
1440,13.0145,3.25179,,1002.03,104.661,16032.9,,1.23779,-0.629901,1.38885,,-0.0611716,9.04674,1.16826,-0.763261,fluid
1441,12.4379,3.64769,,1001.65,119.298,13004.7,,1.29611,-0.645592,1.448,,0.577015,8.70913,1.62086,-1.10087,fluid
1442,12.4273,3.82409,,1001.47,101.134,11570.8,,1.29618,-0.719481,1.48248,,0.725574,9.31852,1.65529,-0.491481,fluid
1443,11.7299,3.96921,,1001.44,125.648,11335.5,,1.65425,-0.8654,1.86694,,1.48223,9.03999,2.44723,-0.770007,fluid
1444,11.497,4.1839,,1001.31,79.1975,10298,,1.40072,-0.64769,1.54322,,2.18627,9.02203,3.08081,-0.787967,fluid
1445,10.053,4.73741,,1001.45,104.974,11440.7,,0.620741,0.413677,0.745955,,2.9184,7.06292,4.05479,-2.74708,fluid
1446,7.90297,4.95966,,1000.76,-153.163,5943.24,,-2.37285,-0.415345,2.40892,,-2.85447,7.70733,-2.10301,-2.10267,fluid
1447,5.89133,4.25018,,1002.09,-468.458,16477.9,,-2.20336,-2.06272,3.01821,,1.54928,11.8887,4.34042,2.07874,fluid
1448,4.07918,4.93917,,1003.17,-108.873,25125.9,,-1.71119,-0.949891,1.95716,,0.548578,10.8515,6.68865,1.0415,fluid
1449,7.47095,1.56374,,1007.62,426.102,61193.1,,5.68288,0.371348,5.695,,-2.14886,17.5612,5.97999,7.75117,fluid
1450,7.79223,1.33492,,1007.28,718.64,58425,,4.99514,0.71686,5.04631,,-14.033,17.2628,-6.58939,7.45281,fluid
1451,8.94023,3.05335,,1004.76,125.324,37871.4,,1.62308,3.84713,4.1755,,-6.57067,9.33282,-2.35467,-0.477178,fluid
1452,7.61958,3.66407,,1006.02,-30.8841,48120.8,,-2.13695,-0.4419,2.18216,,5.4225,2.11063,11.7001,-7.69937,fluid
1453,9.68771,0.117394,,1006.77,-50.862,54262.7,,-0.381156,-0.00437191,0.381181,,-5.11201,9.41472,0.451481,-0.395278,fluid
1454,9.87368,0.453662,,1006.21,-79.7624,49682.4,,-0.536065,-0.016615,0.536323,,-4.36793,10.5913,0.632806,0.781276,fluid
1455,11.0823,1.1955,,1004.68,-64.0775,37212.9,,-0.56361,0.212473,0.60233,,-1.09822,9.66789,2.24403,-0.142109,fluid
1456,10.3348,0.799032,,1005.59,-54.023,44596.6,,-0.451148,0.154706,0.476936,,-1.75842,10.0256,2.5328,0.215607,fluid
1457,11.7671,1.20659,,1004.47,-33.2115,35593.9,,-0.443737,0.0344819,0.445075,,-2.01441,10.3814,0.996985,0.571421,fluid
1458,11.9819,1.25287,,1004.36,-19.1712,34662.9,,-0.302614,-0.239179,0.385723,,-1.56409,8.88559,1.31631,-0.924409,fluid
1459,12.257,1.27332,,1004.28,-20.787,34059.2,,-0.310306,0.0377403,0.312593,,-0.771258,10.7495,1.99565,0.939549,fluid
1460,13.5885,1.47774,,1003.87,50.3544,30702.5,,0.365753,-0.289764,0.466625,,-1.34999,9.16656,0.90075,-0.643435,fluid
1461,13.3126,1.40294,,1003.96,7.88257,31434.1,,0.399315,-0.1458,0.4251,,-1.06276,9.83617,1.28916,0.026168,fluid
1462,14.3843,1.80066,,1003.51,71.4569,27859.6,,0.766143,-0.262151,0.809752,,-1.86276,9.57731,0.0672624,-0.23269,fluid
1463,13.9071,1.53029,,1003.79,42.7938,30068.9,,0.606633,-0.188407,0.635217,,-1.14426,10.1065,1.00971,0.29647,fluid
1464,14.5342,1.95509,,1003.36,68.8053,26618.5,,0.865426,-0.242462,0.898749,,-1.59094,9.93109,0.234371,0.121092,fluid
1465,14.3492,1.94982,,1003.37,76.8389,26693.5,,0.843182,-0.284477,0.889878,,-1.66513,9.44955,0.188915,-0.360451,fluid
1466,14.2407,2.05706,,1003.26,83.616,25846.1,,0.89147,-0.254586,0.92711,,-1.44741,9.6335,0.361626,-0.176497,fluid
1467,14.2452,2.52861,,1002.76,87.9858,21813.2,,1.06886,-0.259667,1.09995,,-1.10222,9.44129,0.424836,-0.368714,fluid
1468,14.2274,2.26093,,1003.05,83.8937,24142.6,,1.02932,-0.269949,1.06413,,-1.29139,9.64187,0.400354,-0.16813,fluid
1469,14.0254,2.7369,,1002.53,94.4456,20014.4,,1.12453,-0.300021,1.16387,,-0.785952,9.48127,0.637452,-0.32873,fluid
1470,13.8721,2.84481,,1002.41,98.3558,19089.3,,1.13238,-0.393063,1.19866,,-0.72439,9.39804,0.648387,-0.411962,fluid
1471,13.7728,2.65175,,1002.64,100.401,20902.3,,1.15909,-0.427081,1.23527,,-0.959652,9.75644,0.554001,-0.0535613,fluid
1472,13.4539,3.15343,,1002.09,103.708,16488.6,,1.16434,-0.420125,1.23782,,-0.366651,9.07208,0.856355,-0.737924,fluid
1473,12.7525,3.48737,,1001.8,110.415,14184.2,,1.24501,-0.695593,1.42615,,0.371768,8.85697,1.48204,-0.953034,fluid
1474,12.6782,3.65058,,1001.62,109.795,12782.1,,1.20575,-0.652826,1.37114,,0.407645,9.10454,1.41421,-0.70546,fluid
1475,11.9845,3.8223,,1001.55,115.669,12184.9,,1.42203,-0.879391,1.67198,,1.59533,9.55467,2.61049,-0.255325,fluid
1476,11.709,4.12694,,1001.29,139.841,10146.8,,1.44421,-0.819506,1.66052,,2.52299,9.46834,3.38846,-0.341658,fluid
1477,9.51741,5.22982,,1000.61,-34.1973,4824.12,,-0.781131,1.26225,1.4844,,4.57755,12.7411,5.08411,2.93109,fluid
1478,7.48111,4.86406,,1000.77,-389.993,6045.36,,-2.63425,-0.860814,2.77133,,-2.7838,7.76636,-1.97633,-2.04364,fluid
1479,6.44987,4.42734,,1001.52,-385.824,12020.4,,-2.63338,-1.85486,3.22106,,-0.12383,10.304,1.737,0.494009,fluid
1480,4.94368,4.18519,,1003.25,-309.652,25755.5,,-1.23295,-2.17895,2.50359,,1.31979,6.38508,6.5127,-3.42492,fluid
1481,5.73202,2.11371,,1006.81,436.815,54572.6,,3.37766,-3.22878,4.67264,,-5.35996,8.72941,4.09627,-1.08059,fluid
1482,7.35431,1.16568,,1007.1,565.83,56918.3,,3.7584,0.611983,3.8079,,-5.4647,16.8012,2.22019,6.99123,fluid
1483,9.23234,4.2626,,1003.33,19.1907,26393.7,,-0.404815,2.02102,2.06117,,-5.51716,6.50106,-2.66782,-3.30894,fluid
1484,9.2203,2.78115,,1004.54,349.216,36102.2,,2.6388,4.08442,4.86269,,-10.1214,9.15233,-6.22353,-0.65767,fluid
1485,9.85945,0.178019,,1006.64,-50.835,53177.4,,-0.351177,-0.00875654,0.351286,,-4.30226,9.84187,1.0557,0.0318745,fluid
1486,10.0434,0.406603,,1006.26,-76.0951,50047.5,,-0.509696,-0.0409148,0.511335,,-2.96449,10.4787,1.98763,0.668666,fluid
1487,12.1531,1.3953,,1004.14,-3.81004,32922.3,,-0.271798,0.0460699,0.275675,,-0.146818,10.4434,2.55096,0.633394,fluid
1488,10.8718,0.947805,,1005.16,-59.8282,41138.7,,-0.771088,0.059389,0.773372,,-1.8093,10.8073,1.95524,0.997275,fluid
1489,12.7754,1.50622,,1003.93,25.7224,31226.4,,0.0301836,-0.247507,0.24934,,-1.05391,8.79286,1.38077,-1.01714,fluid
1490,12.5902,1.3313,,1004.17,8.4375,33123.7,,-0.0931609,-0.221873,0.240638,,-1.56691,9.69325,1.05308,-0.116753,fluid
1491,12.9563,1.43117,,1003.98,37.3408,31627.7,,0.260135,-0.137595,0.294284,,-2.1933,9.38229,0.238123,-0.427711,fluid
1492,13.4649,1.31399,,1004.05,28.1309,32208.7,,0.0466131,-0.156691,0.163477,,-1.8048,9.83573,0.577581,0.025733,fluid
1493,13.8615,1.38632,,1003.94,31.8512,31320.3,,0.208635,-0.335696,0.395247,,-2.21342,9.73237,0.0372257,-0.0776302,fluid
1494,14.1295,1.50676,,1003.8,47.0365,30172.4,,0.401388,-0.275355,0.486757,,-2.25326,9.33805,-0.125923,-0.471947,fluid
1495,14.176,1.6511,,1003.66,58.596,29027.6,,0.692772,-0.269756,0.743439,,-1.43066,9.93739,0.609537,0.127393,fluid
1496,14.6352,1.83723,,1003.47,67.208,27542.2,,0.772378,-0.214238,0.801539,,-1.87165,9.59464,0.00375421,-0.215355,fluid
1497,14.4079,1.65576,,1003.65,57.6601,28967.8,,0.688662,-0.184409,0.712925,,-1.53555,9.77816,0.467678,-0.0318358,fluid
1498,14.6299,2.14394,,1003.16,72.9739,25058.5,,0.989958,-0.171554,1.00471,,-1.64484,9.49656,0.0625922,-0.313436,fluid
1499,14.3715,2.34915,,1002.95,82.8996,23351.3,,1.01914,-0.259549,1.05167,,-1.26335,9.4935,0.356709,-0.316496,fluid
1500,14.4304,2.15333,,1003.16,74.1351,25004.5,,0.967227,-0.265659,1.00305,,-1.30248,9.70803,0.424843,-0.101972,fluid
1501,14.2045,2.70991,,1002.55,93.5898,20197.2,,1.08648,-0.286161,1.12354,,-1.07256,9.60071,0.345702,-0.20929,fluid
1502,14.0586,2.9292,,1002.3,93.6487,18193.2,,1.13189,-0.268174,1.16322,,-0.753199,9.25969,0.537925,-0.550314,fluid
1503,13.6747,3.02879,,1002.21,102.986,17477.6,,1.23159,-0.35431,1.28155,,-0.554325,9.43753,0.720948,-0.372469,fluid
1504,13.1915,3.34119,,1001.9,102.638,14980.9,,1.21367,-0.474322,1.30307,,-0.020875,9.01402,1.11262,-0.79598,fluid
1505,12.9963,3.45478,,1001.79,95.3875,14160,,1.1851,-0.552377,1.30751,,-0.0298966,9.23525,1.05769,-0.574754,fluid
1506,12.8816,3.64188,,1001.6,91.9887,12609.4,,1.14275,-0.551068,1.26868,,0.630694,9.04995,1.608,-0.760053,fluid
1507,12.2015,3.83044,,1001.5,93.4515,11823.5,,1.34213,-0.767177,1.54592,,1.43209,9.51354,2.39965,-0.296464,fluid
1508,11.97,3.99682,,1001.39,148.314,10954.4,,1.2388,-0.797524,1.47332,,1.77521,9.95358,2.68909,0.143582,fluid
1509,10.3744,4.78887,,1001.12,86.0521,8785.32,,0.571875,0.321074,0.655843,,0.972734,9.97577,1.81862,0.165766,fluid
1510,8.7626,5.1282,,1000.94,-150.281,7423.39,,-1.67502,0.332332,1.70767,,-0.252708,5.58198,0.593662,-4.22802,fluid
1511,5.53649,4.49594,,1002.07,-457.479,16309.2,,-2.06086,-1.44908,2.51932,,3.28989,11.9482,6.22959,2.13824,fluid
1512,4.74732,4.61415,,1003.19,-260.146,25281,,-2.0054,-0.148218,2.01087,,-4.01651,5.79243,1.29186,-4.01757,fluid
1513,8.16365,1.77696,,1007.2,594.597,57756.8,,4.40319,1.214,4.56748,,-11.4324,17.8132,-4.40809,8.00319,fluid
1514,8.98614,3.44665,,1004.4,33.6294,34991.1,,0.391909,3.10581,3.13044,,-9.22077,6.29379,-5.34393,-3.51621,fluid
1515,8.84314,1.94057,,1006,167.411,47928.5,,2.38647,2.91924,3.77058,,-13.8806,18.4244,-8.49311,8.61435,fluid
1516,8.62938,4.20783,,1003.85,-171.513,30549.2,,-1.50004,0.657586,1.63785,,-3.00585,9.78651,0.520716,-0.0234914,fluid
1517,9.99143,0.755447,,1005.75,-39.472,45876.1,,-0.469625,-0.0240631,0.470241,,-2.26772,9.22526,2.2976,-0.584737,fluid
1518,10.5117,1.21944,,1004.82,-53.8614,38413.5,,-0.385032,0.280701,0.47649,,-0.734251,9.65713,2.90255,-0.152874,fluid
1519,10.8812,0.770437,,1005.47,-59.3725,43606.8,,-0.725861,0.128995,0.737234,,-1.20321,9.07919,2.78253,-0.730814,fluid
1520,10.4964,0.734797,,1005.65,-65.0364,45066.7,,-0.682843,0.0363096,0.683808,,-1.71489,8.84536,2.55455,-0.96464,fluid
1521,12.9784,1.26441,,1004.18,12.3597,33220.3,,-0.0782776,-0.00178119,0.0782978,,-1.90717,9.44271,0.641845,-0.36729,fluid
1522,12.2772,1.16575,,1004.43,-32.7203,35223.7,,-0.505946,-0.224264,0.553422,,-2.18904,9.30737,0.667348,-0.502634,fluid
1523,13.2135,1.25798,,1004.14,-6.99047,32922.9,,-0.129232,-0.14001,0.190536,,-0.964847,9.16,1.51649,-0.650003,fluid
1524,13.5569,1.20158,,1004.18,17.4254,33255,,-0.0665056,-0.290111,0.297636,,-1.36143,9.81537,1.08135,0.00536506,fluid
1525,14.0266,1.30117,,1004.02,23.3366,31968.1,,0.247193,-0.163878,0.296581,,-1.40703,10.5395,0.862934,0.72947,fluid
1526,14.3526,1.48597,,1003.82,42.1802,30299.7,,0.415044,-0.220326,0.469899,,-1.59392,9.97792,0.509154,0.167918,fluid
1527,14.6056,1.64569,,1003.66,61.5315,29020.3,,0.628931,-0.258664,0.680045,,-2.44877,9.73858,-0.469077,-0.0714244,fluid
1528,14.8288,1.82603,,1003.48,60.3568,27626.7,,0.76172,-0.187209,0.784388,,-1.78481,9.68068,0.0717587,-0.12932,fluid
1529,14.7583,2.01885,,1003.29,68.9498,26087.6,,0.878251,-0.222962,0.90611,,-1.78342,9.78729,-0.0215615,-0.02271,fluid
1530,14.9327,2.13984,,1003.17,71.9165,25116.9,,0.936021,-0.14882,0.947778,,-1.83123,9.58057,-0.154545,-0.229426,fluid
1531,14.7998,2.25444,,1003.05,79.169,24146.2,,0.927082,-0.226432,0.954334,,-1.58409,9.49716,0.0424769,-0.312843,fluid
1532,14.5806,2.31513,,1002.98,82.7074,23623.9,,1.00958,-0.222806,1.03387,,-1.54144,9.49328,0.0739722,-0.316716,fluid
1533,14.3927,2.70747,,1002.55,86.6803,20178.7,,1.02521,-0.227394,1.05013,,-1.04464,9.43299,0.35381,-0.37701,fluid
1534,14.4419,2.50134,,1002.78,86.1664,22022,,1.07398,-0.294684,1.11368,,-1.23701,9.66983,0.283619,-0.140171,fluid
1535,14.1685,3.06387,,1002.13,90.1211,16829.4,,1.10534,-0.240076,1.13111,,-0.794782,9.32782,0.390494,-0.48218,fluid
1536,13.9003,3.05722,,1002.16,98.9172,17047.3,,1.11975,-0.330909,1.16762,,-0.626818,9.1304,0.596938,-0.6796,fluid
1537,13.3593,3.32744,,1001.89,102.233,14922.3,,1.14022,-0.436965,1.22108,,-0.202867,9.18712,0.912019,-0.622877,fluid
1538,13.1542,3.53193,,1001.68,91.9821,13260.5,,1.11786,-0.474999,1.21459,,0.343051,9.39209,1.34944,-0.417909,fluid
1539,12.62,3.80675,,1001.46,104.918,11493,,1.18843,-0.670818,1.36469,,0.756397,9.47106,1.66577,-0.338942,fluid
1540,12.3722,3.94909,,1001.36,82.2928,10712.1,,1.28051,-0.668232,1.44438,,0.959995,9.64497,1.82464,-0.165034,fluid
1541,11.9947,4.2178,,1001.16,163.028,9116.52,,1.08816,-0.747137,1.31997,,1.53406,8.61214,2.29322,-1.19786,fluid
1542,11.2212,4.47174,,1001.16,158.633,9103.09,,1.33157,-0.320634,1.36963,,1.89553,10.4044,2.70584,0.594439,fluid
1543,7.19101,4.56415,,1001.1,-421.903,8695.31,,-2.93685,-1.82468,3.45753,,-1.08514,8.81262,0.122718,-0.997379,fluid
1544,6.03138,4.65336,,1001.45,-370.874,11417,,-2.35011,-1.83265,2.9802,,1.57668,8.40245,3.46688,-1.40755,fluid
1545,6.36002,1.86181,,1006.76,710.748,54106.9,,4.01735,-1.62046,4.33185,,-2.17319,13.7626,6.27706,3.95263,fluid
1546,8.43042,3.9601,,1004.57,-118.011,36390.1,,-1.39803,1.69029,2.19353,,-6.6359,3.0432,-2.33903,-6.7668,fluid
1547,9.25127,4.4388,,1003.08,-40.2503,24396.9,,-0.79965,1.7664,1.93897,,-4.54608,10.4848,-1.91704,0.674789,fluid
1548,10.196,3.74385,,1002.62,133.085,20731.5,,1.41051,0.922896,1.68561,,2.36298,8.03018,4.39096,-1.77982,fluid
1549,10.0537,0.14658,,1006.66,-41.1667,53294.9,,-0.323949,-0.011966,0.32417,,-3.68283,9.94136,1.58313,0.131359,fluid
1550,10.1773,0.804531,,1005.63,-45.0188,44897.7,,-0.581698,0.345252,0.67644,,-3.17662,10.5036,1.21026,0.693597,fluid
1551,10.5607,0.462814,,1006.06,-72.2645,48465.1,,-0.627878,-0.0111911,0.627978,,-2.43809,10.2673,2.12343,0.457329,fluid
1552,11.1489,1.01261,,1004.95,-77.0244,39457.7,,-0.758637,-0.0618753,0.761156,,-1.89408,10.7064,1.62763,0.896442,fluid
1553,11.4758,1.09773,,1004.72,-52.9388,37576.5,,-0.809359,0.0259379,0.809774,,-0.757732,9.86926,2.5013,0.0592604,fluid
1554,12.9561,1.10004,,1004.41,-11.3285,35043.1,,-0.101592,-0.171852,0.199635,,-1.42712,9.75822,1.26577,-0.0517838,fluid
1555,13.7215,1.25678,,1004.1,18.6747,32610.3,,-0.00104926,-0.148369,0.148373,,-1.65172,9.4142,0.715158,-0.395802,fluid
1556,14.8841,1.52828,,1003.77,46.6412,29933.8,,0.656648,-0.147237,0.672952,,-2.10484,9.78764,-0.101271,-0.022359,fluid
1557,14.52,1.42535,,1003.87,32.3766,30763.7,,0.486248,-0.150952,0.50914,,-1.94347,9.80558,0.167058,-0.00441959,fluid
1558,15.0019,1.76085,,1003.55,58.1439,28164.5,,0.663173,-0.220764,0.698953,,-2.11241,9.71395,-0.241649,-0.0960455,fluid
1559,14.7632,1.63773,,1003.66,56.7422,29074.2,,0.62762,-0.148974,0.645058,,-1.95847,9.87639,0.00371404,0.0663851,fluid
1560,15.1733,1.90617,,1003.42,62.6044,27089.6,,0.78172,-0.137159,0.793662,,-2.17051,9.67266,-0.391249,-0.137339,fluid
1561,14.9569,1.96001,,1003.35,63.7067,26588.1,,0.889503,-0.148631,0.901835,,-1.75409,9.7429,0.01762,-0.0671035,fluid
1562,15.1716,2.07185,,1003.25,66.4927,25736.2,,0.883514,-0.141146,0.894717,,-2.00877,9.48634,-0.317923,-0.32366,fluid
1563,14.8507,2.42944,,1002.86,77.5158,22652.7,,0.967317,-0.174427,0.982918,,-1.49569,9.45905,0.0253199,-0.350947,fluid
1564,14.6737,2.46926,,1002.82,83.252,22302.4,,0.968482,-0.162811,0.982072,,-1.49323,9.61651,0.0223875,-0.193494,fluid
1565,14.4792,2.86727,,1002.36,84.4429,18660,,1.00259,-0.170438,1.01698,,-0.895868,9.26556,0.389844,-0.544441,fluid
1566,14.5828,2.65477,,1002.61,82.4886,20647.6,,1.0202,-0.179722,1.03591,,-1.16548,9.51106,0.246717,-0.298944,fluid
1567,14.2773,2.9138,,1002.31,90.601,18252.2,,1.05605,-0.278352,1.09212,,-0.977413,9.23573,0.29805,-0.57427,fluid
1568,13.8453,3.21768,,1001.97,99.9984,15520.3,,1.048,-0.322464,1.09649,,-0.508813,9.10975,0.609967,-0.70025,fluid
1569,13.6112,3.23982,,1001.96,99.6703,15492.2,,1.13975,-0.417539,1.21383,,-0.208113,9.06846,0.927859,-0.741539,fluid
1570,13.5067,3.43131,,1001.75,86.8386,13789.6,,1.11367,-0.377443,1.17589,,-0.163359,9.41725,0.855804,-0.392753,fluid
1571,12.9632,3.76964,,1001.44,89.1178,11373,,1.17793,-0.544466,1.29768,,0.75966,9.22452,1.63573,-0.585479,fluid
1572,12.7211,3.96533,,1001.27,96.3934,10029.2,,1.19013,-0.610765,1.3377,,0.434998,9.23946,1.22239,-0.570541,fluid
1573,12.1483,4.11201,,1001.25,124.024,9853.58,,1.14767,-0.850534,1.42848,,1.48571,9.05753,2.2958,-0.752471,fluid
1574,11.4849,4.35867,,1001.14,112.693,8964.87,,1.37905,-0.595248,1.50203,,3.5931,10.1225,4.37279,0.312502,fluid
1575,9.2792,5.35465,,1000.46,-99.7849,3582.91,,-0.523759,1.05515,1.178,,2.0417,10.7342,2.42765,0.924153,fluid
1576,6.6808,4.54713,,1001.28,-328.471,10050.7,,-2.64277,-1.75593,3.17294,,-0.866358,11.692,0.636143,1.88198,fluid
1577,4.72922,4.16503,,1003.34,-250.294,26479.5,,-0.257717,-1.61067,1.63116,,-4.36803,8.61233,1.21246,-1.19767,fluid
1578,8.59623,2.92084,,1005.58,248.618,44546.4,,1.47312,2.43593,2.84672,,-9.67839,10.6564,-4.52506,0.846441,fluid
1579,7.24655,3.40968,,1006.07,-245.979,48531.8,,-0.492693,-1.56362,1.63941,,-5.73343,10.9784,0.923387,1.16842,fluid
1580,8.00306,2.05001,,1007.25,353.442,58127.2,,3.60569,1.55214,3.92557,,-10.88,17.5614,-3.6691,7.75137,fluid
1581,10.2459,0.1411,,1006.63,-35.0245,53096.6,,-0.341577,-0.0056496,0.341624,,-3.5208,9.956,1.6273,0.145997,fluid
1582,10.3884,1.05762,,1005.13,-45.6879,40871.9,,-0.448361,0.265763,0.521208,,-2.10986,9.87931,1.80444,0.0693121,fluid
1583,12.02,1.01349,,1004.71,-30.0675,37510,,-0.580716,0.122249,0.593444,,-0.39167,9.97222,2.71433,0.162224,fluid
1584,12.6148,1.10056,,1004.47,-21.1583,35557.1,,-0.35711,-0.142062,0.384329,,-1.75324,8.87185,1.05289,-0.938151,fluid
1585,11.3224,0.971348,,1004.97,-62.0394,39590,,-0.687612,0.0290963,0.688227,,-1.50396,9.79708,1.97537,-0.0129241,fluid
1586,13.1798,1.08668,,1004.38,-8.98981,34828.6,,-0.470724,-0.223628,0.521144,,-1.6649,9.84138,0.966156,0.0313756,fluid
1587,14.2607,1.34953,,1003.96,33.3673,31456.1,,0.281989,-0.233339,0.366012,,-2.47751,9.26321,-0.280431,-0.546792,fluid
1588,14.8797,1.30924,,1004,26.3872,31780.4,,0.30271,-0.204277,0.365188,,-2.01416,9.73793,0.113158,-0.0720668,fluid
1589,15.0392,1.52058,,1003.78,43.5482,30039.1,,0.555311,-0.206956,0.592622,,-2.10863,9.81468,-0.118771,0.00468407,fluid
1590,15.4272,1.69116,,1003.64,51.4098,28908,,0.662964,-0.130683,0.675721,,-2.44539,9.72194,-0.57836,-0.088059,fluid
1591,15.1624,1.69433,,1003.62,49.3239,28737.5,,0.740871,-0.0521316,0.742703,,-2.02924,9.86955,-0.140765,0.0595462,fluid
1592,15.4007,2.02567,,1003.31,60.796,26207.5,,0.823714,-0.161555,0.839407,,-1.995,9.67983,-0.298901,-0.130172,fluid
1593,15.3291,1.83361,,1003.5,60.673,27736,,0.741863,-0.171407,0.761408,,-2.10277,9.73878,-0.299705,-0.0712159,fluid
1594,15.3323,2.19108,,1003.13,63.4467,24779.9,,0.934373,-0.0948795,0.939178,,-1.76963,9.70553,-0.158484,-0.104471,fluid
1595,15.0343,2.40475,,1002.89,74.7725,22874.5,,0.975499,-0.182937,0.992504,,-1.64175,9.55616,-0.124645,-0.253839,fluid
1596,15.0978,2.23115,,1003.08,71.9238,24376.3,,0.924581,-0.16745,0.939622,,-1.95734,9.57949,-0.347733,-0.230513,fluid
1597,14.7935,2.65126,,1002.61,78.1521,20679,,1.00221,-0.207079,1.02338,,-1.42605,9.65856,-0.0318566,-0.151435,fluid
1598,14.6077,3.0433,,1002.14,81.6351,16932.5,,1.03689,-0.194077,1.0549,,-1.02792,9.34016,0.128746,-0.469835,fluid
1599,14.4243,3.06819,,1002.11,82.29,16698.8,,1.0212,-0.145788,1.03155,,-0.879087,9.26604,0.276161,-0.543959,fluid
1600,14.2416,3.25524,,1001.89,85.951,14930.2,,1.05268,-0.172285,1.06669,,-0.809535,9.35859,0.236841,-0.451407,fluid
1601,14.0444,3.24445,,1001.92,89.6772,15130.4,,1.07613,-0.299413,1.11701,,-0.35739,9.18244,0.717882,-0.627556,fluid
1602,13.7364,3.38432,,1001.77,87.5427,13999.7,,1.12286,-0.396031,1.19065,,-0.260665,9.44712,0.756694,-0.362882,fluid
1603,13.3647,3.59901,,1001.58,89.6855,12441.2,,1.11579,-0.467205,1.20966,,0.0617131,9.42535,0.99115,-0.384646,fluid
1604,12.947,3.93366,,1001.26,97.6141,9946.44,,1.07748,-0.481461,1.18016,,0.880483,9.04642,1.64776,-0.763576,fluid
1605,13.2025,3.70874,,1001.48,92.3633,11648,,1.0732,-0.486162,1.17818,,0.350985,9.59821,1.23194,-0.211789,fluid
1606,12.6,4.13473,,1001.11,101.065,8755.02,,1.11532,-0.570263,1.25266,,0.716039,8.4349,1.41011,-1.3751,fluid
1607,11.165,4.61484,,1001.02,185.485,8018.81,,1.17741,-0.387882,1.23965,,2.13288,10.6604,2.85036,0.85042,fluid
1608,8.30142,5.06289,,1000.76,-272.098,6011.73,,-2.30487,0.128734,2.30846,,-2.87579,8.70752,-2.15216,-1.10248,fluid
1609,4.41168,4.8407,,1002.8,-320.742,22176.1,,-0.477593,-0.982782,1.09268,,1.6352,5.61147,6.64783,-4.19853,fluid
1610,4.34003,4.39738,,1003.29,-343.174,26070.6,,-1.28415,-2.19705,2.54481,,-2.87312,19.1312,3.11418,9.32116,fluid
1611,9.24398,3.83052,,1003.81,33.2309,30218,,0.588843,3.22363,3.27697,,-4.5703,8.49152,-1.31376,-1.31848,fluid
1612,11.5741,3.25163,,1002.57,132.509,20310.4,,1.28595,-0.937183,1.59122,,-1.60512,7.8473,0.145197,-1.9627,fluid
1613,10.4358,0.172091,,1006.55,-33.2928,52407,,-0.250101,-0.00884966,0.250258,,-3.15534,9.97542,1.83386,0.165423,fluid
1614,10.1902,0.529592,,1006.05,-76.837,48336.5,,-0.569411,0.153291,0.589684,,-2.69509,10.1564,2.01982,0.346437,fluid
1615,11.0952,0.807178,,1005.33,-66.0473,42487.5,,-0.803928,0.0587463,0.806071,,-1.68756,9.30664,2.1215,-0.503363,fluid
1616,12.7199,1.21563,,1004.3,-5.7307,34153.1,,-0.251302,-0.124658,0.280522,,-0.210092,10.2766,2.46343,0.466572,fluid
1617,13.898,1.15591,,1004.21,0.399372,33429.7,,0.0116069,-0.282793,0.283031,,-3.17042,8.79089,-0.775125,-1.01911,fluid
1618,12.4405,0.882525,,1004.84,-35.9932,38513.1,,-0.562242,-0.13224,0.577585,,-0.496451,9.62208,2.58444,-0.187921,fluid
1619,14.39,1.2361,,1004.09,25.8247,32460.6,,0.156033,-0.154465,0.219558,,-1.74763,9.50129,0.498969,-0.308705,fluid
1620,14.7017,1.4145,,1003.88,35.5539,30838.7,,0.521894,-0.0982616,0.531064,,-2.31459,9.87389,-0.225082,0.0638932,fluid
1621,15.2468,1.38186,,1003.94,35.9282,31284.4,,0.412352,-0.165884,0.444468,,-2.54147,9.84019,-0.497664,0.0301944,fluid
1622,15.6482,1.72534,,1003.63,45.552,28764,,0.656366,-0.152448,0.673838,,-2.42392,9.74476,-0.592405,-0.0652419,fluid
1623,15.2363,1.53599,,1003.78,39.995,30010.5,,0.653715,-0.0740975,0.657901,,-1.85171,10.1174,0.110549,0.30735,fluid
1624,15.5931,2.06821,,1003.27,58.5138,25940.7,,0.826858,-0.0972618,0.832559,,-2.03614,9.6309,-0.377968,-0.179095,fluid
1625,15.5473,1.87499,,1003.47,52.2903,27507.8,,0.805184,-0.116358,0.813548,,-2.25096,9.88923,-0.487785,0.0792318,fluid
1626,15.5216,2.25558,,1003.07,61.5582,24303,,0.864162,-0.159751,0.878804,,-1.95115,9.59388,-0.390182,-0.216124,fluid
1627,15.2483,2.36518,,1002.94,68.2077,23247,,0.951439,-0.111815,0.957987,,-1.54711,9.65753,-0.027007,-0.152469,fluid
1628,15.4345,2.59469,,1002.69,68.026,21273,,0.954104,-0.124735,0.962223,,-1.7339,9.62127,-0.359317,-0.188733,fluid
1629,15.2311,2.5457,,1002.74,67.5994,21653.7,,0.942581,-0.11088,0.949081,,-1.68553,9.59202,-0.267728,-0.217982,fluid
1630,14.9926,2.58966,,1002.68,74.0145,21239,,0.969291,-0.22557,0.995192,,-1.36723,9.86487,0.0456122,0.0548702,fluid
1631,14.6912,2.8306,,1002.4,81.1629,19003.8,,0.988191,-0.147366,0.999119,,-1.15911,9.31631,0.131334,-0.493694,fluid
1632,14.8207,2.97961,,1002.22,78.61,17573.9,,0.940378,-0.159778,0.953855,,-1.04986,9.33514,0.133272,-0.474857,fluid
1633,14.4099,3.25939,,1001.88,79.6258,14843.9,,1.02731,-0.195992,1.04584,,-0.55057,9.36906,0.477615,-0.440935,fluid
1634,14.3189,3.46884,,1001.64,75.306,12930.5,,1.08328,-0.158113,1.09475,,-0.650702,9.79995,0.250855,-0.0100531,fluid
1635,13.9797,3.41496,,1001.72,84.544,13541.6,,1.04859,-0.2674,1.08215,,-0.3531,9.37047,0.613903,-0.439529,fluid
1636,13.2587,3.89788,,1001.25,96.2844,9878.59,,1.04213,-0.498322,1.15514,,0.561952,9.28022,1.30608,-0.529777,fluid
1637,13.5482,3.66675,,1001.48,86.1525,11670.4,,1.02586,-0.36442,1.08866,,0.200447,9.75282,1.06057,-0.0571817,fluid
1638,12.8169,4.14422,,1001.04,108.083,8182.75,,1.13517,-0.495733,1.23869,,0.643617,8.73996,1.28139,-1.07004,fluid
1639,11.7223,4.29337,,1001.12,149.777,8806.75,,1.20601,-0.732025,1.41079,,2.22326,9.79692,2.9737,-0.0130751,fluid
1640,10.8992,4.73068,,1000.95,136.689,7510.36,,1.12113,-0.182015,1.13581,,2.92752,8.64795,3.61594,-1.16205,fluid
1641,6.30793,4.62633,,1001.25,-460.258,9841.74,,-2.34013,-1.86769,2.99407,,3.26555,8.18866,4.82382,-1.62134,fluid
1642,5.28024,4.92828,,1001.72,-487.328,13536.9,,-2.44753,-1.00287,2.64503,,1.17418,9.29906,3.73349,-0.510938,fluid
1643,6.0712,1.26934,,1008.91,582.697,71848.9,,3.21962,-1.04222,3.3841,,-14.3411,12.0544,-2.61128,2.2444,fluid
1644,10.393,4.19946,,1002.43,239.006,19192.7,,1.53492,0.682865,1.67997,,0.0437661,8.71344,1.88599,-1.09656,fluid
1645,10.6248,0.135619,,1006.56,-27.5729,52538.4,,-0.335245,-0.00683257,0.335315,,-2.55718,9.95241,2.35545,0.142407,fluid
1646,10.603,0.954863,,1005.24,-53.2487,41756.1,,-0.595246,0.189228,0.6246,,-1.00018,10.7961,2.91746,0.986079,fluid
1647,11.4569,0.771885,,1005.27,-61.9592,42042.5,,-0.683125,0.0253923,0.683597,,-1.04173,10.1185,2.60864,0.308529,fluid
1648,11.6347,0.96059,,1004.9,-58.3856,39004.8,,-0.714557,0.0472017,0.716114,,-2.07117,9.90107,1.26494,0.0910745,fluid
1649,13.4853,1.05885,,1004.37,-9.15835,34776.6,,-0.30326,-0.00641884,0.303328,,-2.07201,9.35214,0.495598,-0.457862,fluid
1650,14.6405,1.24802,,1004.07,21.6391,32318.8,,0.247871,-0.126407,0.278243,,-2.59889,9.46575,-0.400346,-0.344253,fluid
1651,14.0899,1.145,,1004.2,9.41541,33414.6,,0.00714446,-0.150616,0.150786,,-1.87852,9.75344,0.483075,-0.0565561,fluid
1652,15.0516,1.2903,,1004.03,27.1419,32005.5,,0.453906,-0.0561076,0.457361,,-2.46922,9.44233,-0.35136,-0.36767,fluid
1653,14.6412,1.06217,,1004.3,4.59501,34180.2,,0.0858585,-0.136781,0.161496,,-2.39246,9.82078,-0.0679257,0.0107778,fluid
1654,15.5591,1.42698,,1003.92,34.4806,31119.7,,0.543613,-0.121435,0.557011,,-2.53845,9.69885,-0.546157,-0.111145,fluid
1655,15.4922,1.55238,,1003.79,43.4095,30048.2,,0.592669,-0.182803,0.62022,,-2.57345,9.80121,-0.641197,-0.00878626,fluid
1656,15.7849,1.6745,,1003.69,35.0564,29264.4,,0.678621,-0.00998533,0.678695,,-1.92922,9.89951,-0.0820865,0.089513,fluid
1657,15.7548,1.93226,,1003.42,52.2812,27150.6,,0.774421,-0.140086,0.78699,,-2.03158,9.69968,-0.31414,-0.110315,fluid
1658,15.9167,2.02468,,1003.34,53.1405,26490.9,,0.79859,-0.127103,0.808642,,-2.13934,9.71418,-0.480537,-0.0958165,fluid
1659,15.7516,2.16275,,1003.18,59.1722,25230.6,,0.826433,-0.121586,0.835329,,-2.00486,9.61045,-0.408165,-0.199553,fluid
1660,15.6926,2.35742,,1002.97,59.8423,23504.4,,0.932617,-0.118285,0.940088,,-1.86009,9.66268,-0.366714,-0.147324,fluid
1661,15.4657,2.42718,,1002.88,63.5295,22773,,0.88952,-0.0317129,0.890086,,-1.79693,9.44468,-0.328671,-0.365322,fluid
1662,15.3364,2.76094,,1002.5,68.0885,19730.3,,0.892554,-0.0798619,0.89612,,-1.47785,9.65333,-0.194543,-0.156667,fluid
1663,15.5898,2.69342,,1002.58,64.3197,20433.6,,0.891812,-0.0435092,0.892873,,-1.59468,9.43281,-0.287352,-0.37719,fluid
1664,15.15,2.72326,,1002.53,68.9534,20037.6,,0.878796,-0.0917566,0.883573,,-1.55907,9.62277,-0.239798,-0.187229,fluid
1665,14.5448,3.369,,1001.75,72.137,13817,,0.944564,-0.0792338,0.947881,,-0.489887,9.51049,0.458414,-0.299513,fluid
1666,14.1464,3.52123,,1001.59,77.1896,12503.2,,1.00707,-0.313215,1.05466,,-0.0605919,9.82229,0.821858,0.0122859,fluid
1667,13.6938,3.57555,,1001.56,75.3682,12306.4,,1.10034,-0.344251,1.15293,,0.0942934,9.66992,0.991578,-0.140083,fluid
1668,13.4599,3.86692,,1001.27,97.5928,9973.83,,1.08212,-0.448571,1.17141,,0.465624,9.47597,1.20569,-0.334034,fluid
1669,13.1082,4.05229,,1001.08,109.621,8513.18,,1.16518,-0.417886,1.23785,,0.985958,8.6806,1.63471,-1.1294,fluid
1670,12.3798,4.30462,,1000.95,146.348,7464.48,,1.02185,-0.572961,1.17152,,1.03496,7.78708,1.63734,-2.02292,fluid
1671,12.321,4.17051,,1001.14,111.285,8987.42,,1.19875,-0.778882,1.42957,,0.974895,8.43203,1.7035,-1.37797,fluid
1672,9.97365,4.89376,,1000.92,7.94805,7244.68,,-0.133772,0.566818,0.582389,,-0.210028,9.87487,0.515686,0.0648721,fluid
1673,5.75326,4.55367,,1001.85,-316.501,14571.4,,-2.12828,-1.58785,2.65534,,2.79717,10.9104,5.32523,1.10039,fluid
1674,4.93096,4.78672,,1002.46,-322.779,19428.4,,-2.00794,-1.19887,2.33862,,3.18008,10.0432,7.11051,0.233152,fluid
1675,4.53422,2.71095,,1007.5,210.854,60188.2,,0.708953,-3.79095,3.85667,,15.8865,-17.5618,29.0619,-27.3718,fluid
1676,9.19828,3.18888,,1004.23,201.476,33657.5,,1.15095,4.12495,4.28251,,-8.35769,3.7106,-4.71401,-6.0994,fluid
1677,10.8386,0.157317,,1006.47,-33.4377,51807.9,,-0.192595,-0.00530944,0.192668,,-2.78065,10.0162,1.96853,0.206203,fluid
1678,10.7028,0.694598,,1005.65,-70.4098,45109.6,,-0.668185,0.0378706,0.669258,,-1.89968,9.47408,2.29137,-0.335922,fluid
1679,10.9619,0.477659,,1005.93,-65.3335,47367.7,,-0.701834,-0.0440824,0.703217,,-1.92846,10.2766,2.36718,0.466592,fluid
1680,11.7421,0.770737,,1005.19,-55.4536,41390.2,,-0.72654,-0.00108331,0.726541,,-1.22384,9.43932,2.28289,-0.370681,fluid
1681,13.2714,0.969559,,1004.53,-21.4474,36048.8,,-0.336815,-0.197391,0.390394,,-1.56881,9.78581,1.13522,-0.0241925,fluid
1682,14.1796,1.03069,,1004.35,1.7921,34556.2,,-0.0127694,-0.182543,0.182989,,-1.8576,9.44561,0.568882,-0.364392,fluid
1683,13.92,0.918164,,1004.52,-12.6906,35956.2,,-0.428101,-0.0777779,0.435109,,-2.28381,10.0811,0.287625,0.271101,fluid
1684,15.3579,1.29254,,1004.04,23.9814,32126.6,,0.451299,-0.119746,0.466915,,-2.13662,9.64639,-0.0531793,-0.163612,fluid
1685,15.7197,1.33795,,1004.03,29.5579,32017.4,,0.414632,-0.154608,0.442519,,-2.77503,9.31923,-0.746439,-0.490766,fluid
1686,16.018,1.62153,,1003.77,31.8102,29885,,0.63238,-0.0939425,0.63932,,-2.31857,10.0538,-0.459853,0.243791,fluid
1687,15.7981,1.50255,,1003.87,33.3013,30698.6,,0.536786,-0.113449,0.548644,,-2.79112,10.1521,-0.855425,0.342115,fluid
1688,16.1635,1.76579,,1003.63,44.9169,28805.8,,0.736283,-0.173519,0.756453,,-2.5369,9.68251,-0.7612,-0.127491,fluid
1689,15.9313,1.81082,,1003.56,44.7469,28254.2,,0.791637,-0.0966105,0.79751,,-2.34552,9.68221,-0.578305,-0.127794,fluid
1690,16.0774,2.16444,,1003.21,53.3089,25417,,0.857426,-0.163044,0.87279,,-2.12752,9.68281,-0.551665,-0.12719,fluid
1691,16.0901,1.93466,,1003.45,51.1927,27355.4,,0.787302,-0.111843,0.795206,,-2.35277,9.81143,-0.658471,0.001433,fluid
1692,15.9654,2.4168,,1002.92,54.4326,23144.3,,0.833961,-0.11146,0.841376,,-1.89229,9.94836,-0.44686,0.138355,fluid
1693,15.9049,2.2608,,1003.09,55.4959,24482.7,,0.789965,-0.100343,0.796312,,-1.91592,9.70692,-0.381347,-0.103082,fluid
1694,15.6919,2.52113,,1002.79,60.6235,22047.5,,0.83797,-0.0962499,0.843479,,-1.64306,9.73393,-0.241941,-0.0760736,fluid
1695,15.0224,2.98247,,1002.22,68.3613,17570,,0.925476,-0.118836,0.933074,,-1.18515,9.33491,-0.0181599,-0.475086,fluid
1696,14.9351,2.79514,,1002.45,71.3819,19346.4,,0.938559,-0.140443,0.949009,,-1.16756,9.4969,0.124642,-0.3131,fluid
1697,14.7051,3.18408,,1001.97,75.3958,15573.7,,0.991518,-0.178372,1.00743,,-0.981256,9.60347,0.0757262,-0.206529,fluid
1698,14.1474,3.71305,,1001.37,75.088,10818,,0.929065,-0.242912,0.960296,,0.00741202,9.78487,0.771025,-0.0251254,fluid
1699,13.9296,3.58367,,1001.53,79.7146,12046.1,,1.08161,-0.276137,1.1163,,-0.305464,9.97962,0.557999,0.169624,fluid
1700,13.6848,3.89047,,1001.21,107.004,9496.09,,1.05312,-0.30478,1.09634,,0.255008,9.55456,0.948088,-0.255443,fluid
1701,13.0095,4.17713,,1000.94,105.847,7365.8,,1.15007,-0.473309,1.24366,,0.882736,8.77141,1.44839,-1.03859,fluid
1702,10.6891,4.92866,,1000.65,91.074,5107.06,,0.499392,-0.1923,0.535137,,1.80283,10.2507,2.2803,0.440678,fluid
1703,10.5448,4.8495,,1000.85,25.5577,6717.77,,0.472925,0.0677179,0.477749,,1.16144,11.2697,1.79796,1.45969,fluid
1704,7.09951,4.72792,,1000.79,-450.921,6183.49,,-2.79226,-1.78214,3.31251,,-2.11844,8.95235,-1.24815,-0.857653,fluid
1705,4.43125,5.19832,,1002.49,-511.551,19721.1,,-2.7672,-0.3313,2.78697,,-0.225509,1.83138,4.21389,-7.97862,fluid
1706,5.82585,2.28919,,1006.49,410.239,51921.8,,1.93514,-2.61854,3.256,,-0.541748,11.7543,8.31312,1.94429,fluid
1707,6.2169,2.10635,,1005.96,239.602,47604.4,,3.05163,-1.99633,3.64661,,-11.1845,20.0635,-3.57261,10.2535,fluid
1708,7.04821,1.35883,,1008.03,765.95,64562.2,,3.80345,0.472327,3.83266,,-18.8158,13.7423,-9.72868,3.93233,fluid
1709,10.3702,0.426063,,1006.17,-74.4154,49292.6,,-0.711379,-0.0269195,0.711888,,-2.89389,10.2774,1.83027,0.46737,fluid
1710,11.8456,1.02332,,1004.74,-51.2125,37715.1,,-0.665366,-0.167263,0.686068,,-1.69303,9.72749,1.47583,-0.0825101,fluid
1711,11.1137,0.518244,,1005.82,-67.8082,46452.4,,-0.688953,-0.0392868,0.690072,,-1.0891,9.87711,3.06645,0.0671064,fluid
1712,12.6411,0.813832,,1004.91,-35.1382,39088.4,,-0.665533,-0.108549,0.674327,,-1.66488,10.2562,1.41218,0.446163,fluid
1713,13.3112,0.7926,,1004.8,-22.059,38183,,-0.470254,-0.107003,0.482274,,-1.7957,9.49275,1.0591,-0.317251,fluid
1714,14.4208,1.07571,,1004.28,12.6068,34045.6,,-0.0217447,-0.0337927,0.0401843,,-1.98855,9.12662,0.362257,-0.683376,fluid
1715,15.1724,1.14569,,1004.21,18.6426,33446.8,,0.156748,-0.0258202,0.158861,,-3.05754,9.47178,-0.862325,-0.338224,fluid
1716,14.8524,1.13652,,1004.21,14.9509,33446.2,,-0.00875997,-0.100395,0.100776,,-2.11986,9.50424,0.122612,-0.305762,fluid
1717,16.1352,1.39166,,1004.02,19.727,31917.3,,0.516628,-0.0781184,0.522501,,-2.61853,9.94591,-0.648325,0.135914,fluid
1718,15.6702,1.12072,,1004.27,14.3323,33924.7,,0.145898,-0.35117,0.380271,,-2.48064,10.4021,-0.324926,0.592102,fluid
1719,15.9549,1.42729,,1003.96,27.2168,31469.9,,0.367569,-0.16038,0.401034,,-2.12123,10.0797,-0.156594,0.269704,fluid
1720,16.3902,1.74359,,1003.67,39.4189,29152.2,,0.705703,-0.149013,0.721263,,-2.23211,9.80111,-0.459988,-0.00888727,fluid
1721,16.2333,1.5881,,1003.82,35.4892,30337.3,,0.591518,-0.130022,0.605639,,-2.518,10.2144,-0.65628,0.404429,fluid
1722,16.4631,2.01951,,1003.39,44.0452,26875.2,,0.75177,-0.162243,0.769078,,-1.83975,10.0374,-0.212815,0.227406,fluid
1723,16.321,1.91079,,1003.49,46.172,27711.6,,0.782307,-0.143304,0.795324,,-2.20381,9.67901,-0.511815,-0.130991,fluid
1724,16.2554,2.08262,,1003.31,50.5178,26222.5,,0.778836,-0.127175,0.789151,,-2.14888,10.0839,-0.541046,0.273861,fluid
1725,15.8719,2.58529,,1002.72,55.5092,21557.4,,0.83419,-0.111455,0.841603,,-1.73624,9.38719,-0.381721,-0.422808,fluid
1726,15.4717,2.89913,,1002.34,64.7332,18462.8,,0.839452,-0.0319201,0.840059,,-1.49529,9.3466,-0.30474,-0.463404,fluid
1727,15.2011,2.93138,,1002.29,70.5863,18089.9,,0.931421,-0.17678,0.948049,,-1.29252,9.41638,-0.105204,-0.393616,fluid
1728,14.9117,3.18293,,1001.98,74.3595,15629.4,,0.907253,-0.0815751,0.910913,,-1.03273,9.44391,0.0133218,-0.366094,fluid
1729,14.4706,3.57399,,1001.52,73.7976,11990.6,,0.951252,-0.10231,0.956738,,-0.391027,10.0283,0.436332,0.218252,fluid
1730,13.8346,3.78215,,1001.32,86.8941,10372.2,,0.988126,-0.320048,1.03866,,0.147895,9.58875,0.896637,-0.221251,fluid
1731,12.5557,4.34939,,1000.84,125.945,6601.09,,1.17137,-0.617223,1.32404,,1.27807,7.83409,1.80337,-1.97591,fluid
1732,12.7417,4.36135,,1000.77,98.3609,6061.25,,1.14175,-0.616344,1.29749,,1.00861,8.11559,1.48395,-1.69441,fluid
1733,5.10135,5.32955,,1001.25,-239.317,9823.52,,-1.69487,0.436525,1.75019,,6.90471,5.94185,8.82798,-3.86815,fluid
1734,4.25565,4.20918,,1003.63,-43.3195,28831.2,,-0.224741,-1.58977,1.60558,,-9.16265,10.3695,-2.41239,0.559457,fluid
1735,5.05479,1.9857,,1007.99,683.526,64239.6,,2.59183,-3.53465,4.38307,,-5.14659,-2.49014,7.46131,-12.3001,fluid
1736,5.42002,4.98476,,1001.48,-313.095,11653.2,,-1.99732,-0.852563,2.17167,,4.42066,10.912,6.56751,1.10203,fluid
1737,4.21323,2.27124,,1009.76,115.482,78879.7,,0.736896,-2.12804,2.25202,,-25.173,38.5894,-6.63209,28.7794,fluid
1738,4.59847,3.5885,,1004.78,109.073,38059,,0.473666,-3.73963,3.76951,,2.34987,-2.86032,10.5869,-12.6703,fluid
1739,4.72474,1.74692,,1008.55,187.076,68824.5,,0.836477,-2.95668,3.07272,,-31.3222,14.0116,-16.8789,4.20164,fluid
1740,8.32754,4.71439,,1001.84,-377.222,14488.1,,-2.69847,-0.179237,2.70441,,-4.4784,4.29865,-2.7418,-5.51135,fluid
1741,11.0374,0.140585,,1006.45,-20.05,51626.9,,-0.26529,0.0068657,0.265378,,-2.4848,10.343,2.16268,0.533034,fluid
1742,11.2973,0.665362,,1005.51,-64.8187,43960.6,,-0.798738,0.0374268,0.799615,,-1.78379,9.83307,2.08615,0.0230707,fluid
1743,12.3929,1.06237,,1004.56,-31.6345,36292.4,,-0.431217,-0.0628708,0.435776,,-1.0745,9.69078,1.84068,-0.119224,fluid
1744,13.7144,0.987611,,1004.45,0.075019,35357,,-0.377966,-0.0884291,0.388172,,-1.1497,10.2019,1.41698,0.391892,fluid
1745,13.5283,0.847115,,1004.67,-29.4826,37150.6,,-0.321097,-0.190245,0.373225,,-2.30089,9.0761,0.43248,-0.733895,fluid
1746,14.0213,0.776051,,1004.72,-16.7637,37561.4,,-0.325585,-0.129054,0.35023,,-1.83324,10.4745,0.833066,0.664464,fluid
1747,15.9074,1.23895,,1004.16,15.7193,33058.6,,0.207386,0.0106272,0.207658,,-3.11888,9.29224,-1.04931,-0.517757,fluid
1748,15.5188,1.20906,,1004.15,11.9078,32984.4,,0.343883,-0.119741,0.364134,,-2.46228,9.71466,-0.345614,-0.0953351,fluid
1749,16.4881,1.35863,,1004.08,18.4403,32442.3,,0.484387,-0.141658,0.504676,,-2.69967,10.4447,-0.740045,0.634726,fluid
1750,16.0746,1.17836,,1004.25,7.749,33742.6,,0.305771,-0.129655,0.332124,,-2.3465,10.6578,-0.256246,0.847803,fluid
1751,16.3189,1.43593,,1003.99,25.4962,31677,,0.398844,-0.105247,0.412496,,-2.28285,10.1996,-0.349445,0.389603,fluid
1752,16.6428,1.72026,,1003.72,37.8528,29507,,0.66384,-0.139669,0.678374,,-2.42361,10.0199,-0.657217,0.209934,fluid
1753,16.4921,1.6103,,1003.82,30.2609,30323.6,,0.698209,-0.130465,0.710294,,-2.5919,9.66836,-0.760221,-0.141641,fluid
1754,16.6826,2.073,,1003.35,38.9351,26533.1,,0.690573,-0.106725,0.698771,,-2.02336,9.90972,-0.4382,0.0997161,fluid
1755,16.606,1.8919,,1003.54,40.4523,28043.6,,0.778023,-0.110074,0.785771,,-2.17607,9.89127,-0.49326,0.0812687,fluid
1756,16.3427,2.26486,,1003.12,44.9983,24691.9,,0.782106,-0.124258,0.791916,,-1.97078,9.90279,-0.464597,0.0927921,fluid
1757,16.1576,2.33804,,1003.02,48.2402,23954.6,,0.778947,-0.130593,0.789818,,-1.73453,9.85104,-0.256437,0.0410419,fluid
1758,16.0951,2.61221,,1002.71,52.1222,21427.3,,0.746043,-0.0506912,0.747764,,-1.70271,9.45686,-0.375022,-0.353138,fluid
1759,15.8549,2.75635,,1002.52,56.1443,19945.9,,0.842815,0.00234971,0.842818,,-1.66131,9.54424,-0.406451,-0.265761,fluid
1760,14.741,3.40619,,1001.71,64.84,13495,,0.950168,-0.111858,0.956729,,-0.754838,9.49545,0.159078,-0.314548,fluid
1761,13.9758,3.91062,,1001.14,84.1609,8967.58,,1.10286,-0.279813,1.1378,,0.0317816,9.26702,0.672701,-0.542983,fluid
1762,14.2191,3.87459,,1001.17,85.8001,9242.41,,1.00776,-0.154435,1.01953,,0.104256,9.54302,0.753493,-0.266981,fluid
1763,11.4157,4.57781,,1000.9,211.318,7077.61,,0.89782,-0.546045,1.05083,,3.69516,10.3325,4.31459,0.522512,fluid
1764,11.8557,4.44799,,1000.9,61.5379,7046.39,,1.04197,-0.74834,1.28286,,0.325879,8.41108,0.919696,-1.39892,fluid
1765,6.77522,4.837,,1000.68,-561.75,5350.81,,-2.87994,-1.87577,3.43694,,-0.506484,7.85217,0.282741,-1.95783,fluid
1766,4.67933,3.04089,,1004.38,-333.415,34815.4,,1.01039,-3.50176,3.64462,,6.48053,18.05,13.8884,8.24004,fluid
1767,9.3142,2.9221,,1004.18,-41.797,33250.6,,1.40685,4.24015,4.46745,,-6.85109,14.2078,-3.29607,4.39775,fluid
1768,6.20992,0.553122,,1006.76,405.863,54138.4,,2.83975,-0.618815,2.90639,,-7.44939,25.7377,1.21013,15.9277,fluid
1769,9.11228,2.12936,,1005.16,-5.61298,41138.5,,1.34347,3.25757,3.52373,,-10.3541,19.1361,-5.86262,9.32611,fluid
1770,9.57666,4.50118,,1002.74,-123.526,21687.3,,-0.579351,1.60394,1.70537,,-0.610221,9.61023,1.64819,-0.199768,fluid
1771,8.00392,2.30965,,1007.22,412.499,57936,,2.8771,1.06688,3.06854,,-15.0187,17.9717,-7.83217,8.16168,fluid
1772,8.34213,3.53919,,1005.61,32.8272,44738.9,,-0.970485,0.646719,1.16623,,2.83116,9.3866,8.16428,-0.423403,fluid
1773,11.2127,0.181455,,1006.34,-25.2304,50739.4,,-0.300216,0.000108964,0.300216,,-2.20937,10.0514,2.28727,0.241364,fluid
1774,11.587,0.373395,,1005.94,-40.9206,47431.6,,-0.619015,-0.00551803,0.619039,,-1.66613,9.90065,2.40323,0.0906456,fluid
1775,11.6298,0.605502,,1005.52,-58.1278,44021.8,,-0.764293,-0.018234,0.76451,,-1.62257,9.54261,2.14193,-0.267389,fluid
1776,13.0493,0.822409,,1004.81,-11.1113,38293.8,,-0.563868,0.0159863,0.564094,,-1.52693,9.94681,1.39356,0.136809,fluid
1777,13.7179,0.781588,,1004.74,-12.3092,37749.5,,-0.263854,-0.069285,0.272799,,-1.59069,9.05344,1.14817,-0.756561,fluid
1778,14.2479,0.892705,,1004.53,1.18016,36062.5,,-0.159886,-0.0896458,0.183303,,-1.98778,8.84079,0.531884,-0.969206,fluid
1779,15.842,1.02861,,1004.4,5.62908,34951.9,,0.0740205,-0.0758464,0.10598,,-2.61087,10.1533,-0.41425,0.343317,fluid
1780,16.3204,1.23954,,1004.2,12.9579,33375.8,,0.326111,-0.0441419,0.329085,,-3.12633,9.3054,-1.08984,-0.504596,fluid
1781,16.8346,1.45189,,1004.01,23.466,31851.9,,0.53269,-0.120683,0.546189,,-2.71543,9.99386,-0.830934,0.183857,fluid
1782,16.6164,1.27146,,1004.19,14.3395,33282.5,,0.317246,-0.133373,0.344141,,-3.13661,9.9775,-1.14197,0.167501,fluid
1783,16.9455,1.6263,,1003.84,28.4041,30468.5,,0.619532,-0.151866,0.637874,,-1.98834,10.2172,-0.197184,0.407166,fluid
1784,16.8227,1.72384,,1003.73,32.5246,29587.3,,0.665403,-0.1129,0.674913,,-2.32413,10.1461,-0.571888,0.3361,fluid
1785,16.6624,1.50539,,1003.94,25.9305,31299.6,,0.594248,-0.125948,0.607448,,-2.38586,10.0059,-0.514779,0.195938,fluid
1786,16.8448,2.05846,,1003.37,37.5628,26748.3,,0.756845,-0.0825376,0.761333,,-2.09354,9.88664,-0.510952,0.0766417,fluid
1787,16.3583,2.65764,,1002.67,50.0032,21111.9,,0.700106,-0.0701702,0.703613,,-1.73012,9.60226,-0.442963,-0.207739,fluid
1788,16.5291,2.2151,,1003.18,40.8564,25213.8,,0.796411,-0.0832654,0.800752,,-1.96886,9.91196,-0.448284,0.101956,fluid
1789,16.2468,2.51744,,1002.83,46.766,22383.6,,0.755089,-0.126252,0.765571,,-1.679,9.46354,-0.305155,-0.346463,fluid
1790,16.065,2.79254,,1002.49,55.15,19684.2,,0.726153,-0.0127928,0.726265,,-1.58504,9.56307,-0.362801,-0.24693,fluid
1791,15.2082,3.13817,,1002.04,65.7926,16102,,0.861289,-0.0688988,0.86404,,-1.21755,9.29638,-0.160928,-0.513616,fluid
1792,15.0662,3.27272,,1001.88,70.4606,14805.2,,0.899169,-0.0569814,0.900973,,-1.01227,9.78469,-0.0314347,-0.0253142,fluid
1793,14.3993,3.75901,,1001.31,79.7587,10334.9,,0.914016,-0.0410271,0.914936,,-0.165156,9.59743,0.551643,-0.212573,fluid
1794,14.6493,3.79222,,1001.26,76.7987,9887.94,,0.866584,-0.107257,0.873197,,-0.528769,9.46747,0.14536,-0.342528,fluid
1795,12.0172,4.46172,,1000.84,61.7772,6593.01,,1.11542,-0.662214,1.29719,,0.845091,7.23783,1.39326,-2.57217,fluid
1796,12.1639,4.51111,,1000.73,21.2592,5758.93,,1.14387,-0.680361,1.33091,,1.66107,7.43963,2.13417,-2.37037,fluid
1797,10.0538,5.03486,,1000.59,-173.717,4664.49,,-0.421243,0.134838,0.442297,,1.19209,12.6285,1.65577,2.81852,fluid
1798,4.8597,5.1237,,1001.37,-643.685,10823.1,,-1.31894,-0.590223,1.44498,,3.82101,7.84868,6.04506,-1.96132,fluid
1799,5.38656,1.48538,,1008.75,562.415,70516.7,,2.61631,-2.3281,3.50216,,-24.13,10.0544,-11.1523,0.244374,fluid
1800,3.04574,2.7386,,1016.92,541.959,139749,,1.03701,-2.29389,2.51741,,-36.5171,7.76329,8.60271,-2.04671,fluid
1801,9.88363,3.95953,,1002.9,88.3763,22949.1,,1.01166,2.44581,2.64678,,-0.14175,7.55972,2.17347,-2.25028,fluid
1802,7.96584,4.46212,,1002.35,-318.894,18601.1,,-2.46103,-0.705944,2.56028,,-0.664238,5.70847,1.66539,-4.10153,fluid
1803,7.4956,3.27886,,1007.18,113.567,57543.2,,0.376754,-0.674153,0.772286,,2.99391,12.6745,10.6161,2.86447,fluid
1804,8.05091,2.60987,,1007.1,296.601,56950.4,,2.0277,0.886025,2.21283,,-10.7441,16.4387,-3.72021,6.62869,fluid
1805,11.4136,0.155478,,1006.34,-23.8976,50712.3,,-0.209089,-0.0199519,0.210039,,-1.50606,9.98332,2.9091,0.173318,fluid
1806,11.9483,0.713092,,1005.24,-58.9443,41781.1,,-0.818037,0.0619521,0.820379,,-1.20761,9.41482,2.27098,-0.39518,fluid
1807,11.8112,0.37209,,1005.89,-38.132,47014.8,,-0.514404,-0.0100988,0.514503,,-1.47102,9.82641,2.48621,0.0164147,fluid
1808,13.6822,0.607589,,1005.03,-21.9954,40073.1,,-0.57817,-0.129948,0.592593,,-1.93809,9.31173,0.976104,-0.498267,fluid
1809,14.2457,0.649639,,1004.9,-16.0305,39016.1,,-0.333694,-0.0518014,0.337691,,-2.53031,9.42264,0.195142,-0.387361,fluid
1810,14.6092,0.905038,,1004.51,-8.57408,35898.2,,-0.232972,-0.13136,0.267454,,-2.37077,9.49273,0.0754355,-0.317273,fluid
1811,16.401,1.1024,,1004.36,3.92548,34700.4,,0.248084,-0.0564591,0.254427,,-2.73484,9.98701,-0.628282,0.177015,fluid
1812,15.9136,0.870017,,1004.61,-3.05129,36648.6,,0.186762,-0.089101,0.206928,,-3.36409,10.007,-1.07166,0.197022,fluid
1813,16.7324,1.20929,,1004.27,7.48878,33914.6,,0.40732,-0.073527,0.413904,,-2.58519,9.9778,-0.566913,0.167801,fluid
1814,17.0027,1.36843,,1004.11,18.5187,32673.3,,0.595083,-0.0772222,0.600073,,-2.47563,10.1472,-0.561836,0.337202,fluid
1815,17.1065,1.54271,,1003.94,25.1988,31257.8,,0.636044,-0.117266,0.646763,,-2.06492,10.3273,-0.244836,0.51729,fluid
1816,17.1523,1.73399,,1003.74,29.7717,29683.7,,0.674956,-0.110741,0.683981,,-2.24628,10.1171,-0.522127,0.307125,fluid
1817,17.0858,1.90888,,1003.55,34.7968,28167.4,,0.678023,-0.134922,0.691317,,-2.11097,9.93884,-0.468217,0.128841,fluid
1818,16.8866,1.88261,,1003.57,34.3605,28288.1,,0.703512,-0.131962,0.715782,,-1.91766,10.0397,-0.248434,0.229743,fluid
1819,16.8713,2.3018,,1003.1,40.7215,24587.4,,0.733585,-0.105017,0.741063,,-1.83478,9.88713,-0.381937,0.0771259,fluid
1820,16.6896,2.31394,,1003.08,40.9286,24406.7,,0.742356,-0.0445454,0.743691,,-1.90546,9.70599,-0.447557,-0.104008,fluid
1821,16.4583,2.43147,,1002.94,45.3748,23259.5,,0.740483,-0.129664,0.751749,,-1.87434,9.58321,-0.465243,-0.226792,fluid
1822,15.847,2.97796,,1002.25,55.2505,17794.5,,0.750853,0.0151369,0.751006,,-1.44514,9.50312,-0.324772,-0.306878,fluid
1823,15.6806,2.85882,,1002.39,60.2201,18904.8,,0.818596,-0.0740864,0.821942,,-1.5844,9.59211,-0.381655,-0.217886,fluid
1824,15.4248,3.07341,,1002.12,63.8288,16766.7,,0.754479,-0.0620508,0.757027,,-1.28063,9.34504,-0.195936,-0.464964,fluid
1825,14.9182,3.43798,,1001.68,69.5579,13229.6,,0.923262,-0.0742,0.926239,,-0.731149,9.78162,0.154179,-0.0283839,fluid
1826,14.7093,3.58106,,1001.51,65.9519,11898.4,,0.881938,-0.0731354,0.884965,,-0.510727,10.0321,0.296959,0.222118,fluid
1827,13.3981,4.07454,,1000.99,99.2352,7816.51,,1.10305,-0.377003,1.1657,,0.648425,8.73888,1.23125,-1.07112,fluid
1828,13.2434,4.23199,,1000.79,71.6447,6219.73,,1.03789,-0.514959,1.15862,,0.781756,8.36652,1.25103,-1.44348,fluid
1829,8.76082,5.2414,,1000.77,-159.518,6060.72,,-1.17514,-0.212111,1.19413,,-0.904419,10.2288,-0.213153,0.418837,fluid
1830,4.57465,5.5337,,1001.8,-159.863,14171.7,,-1.44208,-0.271299,1.46737,,4.92739,9.68852,8.0197,-0.121485,fluid
1831,4.6367,2.22564,,1006.19,-13.6134,49484.8,,1.88791,-3.75104,4.19935,,0.455227,9.25852,11.062,-0.55148,fluid
1832,3.6647,2.55202,,1012.73,34.454,103806,,1.15689,-1.02211,1.54373,,17.477,-6.84014,45.4468,-16.6501,fluid
1833,9.45128,3.59104,,1003.66,52.8552,29079.7,,0.982912,3.03869,3.19371,,2.20885,12.2844,5.27442,2.47439,fluid
1834,8.04982,3.41843,,1006.42,91.3855,51337,,0.16784,0.443799,0.474477,,-12.5642,4.96922,-6.22749,-4.84078,fluid
1835,10.9661,4.04525,,1002.04,236.814,16116.5,,1.71836,-0.410181,1.76664,,-1.10187,5.67968,0.364804,-4.13032,fluid
1836,6.78935,2.61511,,1006.99,414.359,56009.3,,2.18564,-2.45793,3.28914,,8.5926,19.3079,16.7849,9.49787,fluid
1837,10.7687,0.407194,,1006.1,-59.371,48741.9,,-0.677962,-0.0260993,0.678464,,-2.41452,10.3049,2.0843,0.494855,fluid
1838,12.1313,0.871668,,1004.92,-46.1355,39195.9,,-0.57075,-0.0638392,0.574309,,-1.85722,9.84807,1.35793,0.0380684,fluid
1839,11.9696,0.500412,,1005.62,-48.2284,44849.1,,-0.615585,-0.00511256,0.615607,,-1.75161,9.87895,1.97437,0.0689497,fluid
1840,13.5168,0.531627,,1005.19,-14.367,41398.5,,-0.417508,-0.0976803,0.428782,,-2.23603,9.32257,0.8109,-0.487432,fluid
1841,14.4257,0.800429,,1004.66,-5.32771,37112.3,,-0.37684,-0.102012,0.390403,,-2.06298,9.52533,0.497731,-0.284671,fluid
1842,15.3426,1.04012,,1004.35,4.17194,34579.6,,-0.00912177,-0.0767647,0.0773047,,-2.29615,9.75687,-0.0520854,-0.0531258,fluid
1843,16.9219,1.18912,,1004.31,2.31372,34229.7,,0.395208,0.0792945,0.403084,,-2.11027,10.458,-0.0961424,0.648037,fluid
1844,16.1138,1.04237,,1004.41,3.48081,35050.5,,0.123632,-0.0213281,0.125458,,-2.44916,10.1227,-0.283513,0.31265,fluid
1845,17.3316,1.23382,,1004.29,15.6461,34091.3,,0.461363,-0.126744,0.478456,,-2.33082,10.5936,-0.372218,0.783641,fluid
1846,17.1574,1.21711,,1004.3,13.6857,34147.7,,0.434079,-0.201957,0.47876,,-3.04501,9.95456,-1.06326,0.144556,fluid
1847,17.4126,1.49964,,1004,18.1956,31758.9,,0.553592,-0.0636862,0.557243,,-2.00334,10.1237,-0.186702,0.313747,fluid
1848,17.2389,1.42093,,1004.07,20.8669,32366,,0.611157,-0.130375,0.624909,,-2.25602,10.3257,-0.386135,0.515731,fluid
1849,17.3602,1.65885,,1003.83,26.4718,30401.3,,0.618301,-0.0392199,0.619544,,-2.07339,10.1516,-0.328858,0.341647,fluid
1850,17.3099,1.84454,,1003.63,28.3992,28807.8,,0.650906,-0.0504033,0.652854,,-1.79091,10.1992,-0.132698,0.389173,fluid
1851,17.2142,2.05558,,1003.4,33.7829,26934.1,,0.708286,-0.121465,0.718626,,-1.88202,9.9327,-0.322677,0.122696,fluid
1852,16.7569,2.50577,,1002.86,41.4264,22661,,0.712154,-0.0824556,0.716911,,-1.5496,9.65004,-0.201122,-0.159957,fluid
1853,16.2219,2.86694,,1002.4,49.6786,19006.2,,0.737813,-0.106949,0.745524,,-1.45934,9.60563,-0.290507,-0.204371,fluid
1854,16.4287,2.82235,,1002.47,46.3476,19509.8,,0.692035,-0.0379749,0.693077,,-1.57115,9.55389,-0.386523,-0.256107,fluid
1855,16.0343,3.01968,,1002.21,46.8382,17440.5,,0.766462,-0.0353627,0.767277,,-1.43829,9.25963,-0.352982,-0.55037,fluid
1856,15.3556,3.29368,,1001.86,59.2453,14641.1,,0.925194,-0.0202137,0.925415,,-1.20762,9.72529,-0.255913,-0.0847104,fluid
1857,15.2529,3.42445,,1001.7,54.9927,13387.9,,0.82956,-0.0466694,0.830871,,-1.06482,9.94638,-0.188584,0.13638,fluid
1858,15.0772,3.56492,,1001.53,62.4669,12032.6,,0.835688,-0.128848,0.845563,,-0.793232,9.5485,0.00361739,-0.261498,fluid
1859,13.5805,4.08266,,1000.95,107.15,7485.92,,1.11807,-0.35186,1.17213,,0.682035,8.7761,1.23274,-1.0339,fluid
1860,13.8866,4.06417,,1000.93,82.7029,7284.87,,0.983058,-0.306844,1.02983,,0.214113,8.77701,0.738226,-1.03299,fluid
1861,8.87887,5.37309,,1000.61,-83.6874,4779.09,,-0.988929,0.0811969,0.992257,,0.193431,11.6767,0.731357,1.86666,fluid
1862,6.30438,4.92014,,1000.86,-546.157,6764.86,,-2.92647,-1.14094,3.14102,,2.6057,13.8768,3.67782,4.0668,fluid
1863,4.33882,3.82969,,1004.06,-129.435,32250,,1.19723,-2.23608,2.53642,,1.50132,18.04,8.90418,8.22997,fluid
1864,4.30571,7.37201,,1000.51,164.505,3994.76,,-0.318115,-0.0451869,0.321309,,0.192636,3.44618,1.11995,-6.36382,fluid
1865,8.88778,1.5126,,1006.42,525.164,51326.9,,3.74032,1.27795,3.95262,,-5.94818,7.70538,-0.21,-2.10462,fluid
1866,4.65966,12.4772,,998.495,135.259,-11755.2,,0.959391,0.319387,1.01116,,-5.11843,3.25928,-7.645,-6.55072,fluid
1867,8.78178,1.12571,,1006.15,272.532,49189.6,,1.87547,0.389028,1.9154,,-13.5097,14.4795,-7.94264,4.66945,fluid
1868,7.8761,4.14498,,1003.51,-310.04,27855,,-2.7674,-0.683063,2.85045,,-1.32059,5.13427,2.20368,-4.67573,fluid
1869,11.663,0.121408,,1006.35,-14.9773,50815.4,,-0.231153,-0.00331857,0.231177,,-1.99153,9.87104,2.33796,0.061044,fluid
1870,12.3146,0.736141,,1005.12,-36.3227,40765.1,,-0.763237,-0.00707452,0.763269,,-1.41604,9.39831,1.87742,-0.411688,fluid
1871,12.1723,0.325658,,1005.89,-20.2851,47051.1,,-0.566985,0.0458279,0.568834,,-2.0175,9.54055,1.82528,-0.26945,fluid
1872,13.3041,0.620369,,1005.09,-19.1283,40523.2,,-0.493207,-0.0740582,0.498736,,-1.63315,9.29519,1.39737,-0.51481,fluid
1873,15.6532,0.900228,,1004.54,-5.40116,36149,,0.199784,-0.100809,0.223777,,-2.47023,9.5738,-0.171303,-0.236202,fluid
1874,15.4966,0.924115,,1004.51,-11.9368,35847.6,,-0.00673648,-0.215873,0.215978,,-3.47039,9.76324,-1.16751,-0.0467641,fluid
1875,16.7026,1.02847,,1004.48,-0.279264,35638.9,,0.231867,-0.121232,0.261647,,-2.99723,9.35774,-0.873008,-0.452258,fluid
1876,15.3413,0.709001,,1004.82,-2.79095,38405.7,,-0.24807,0.010599,0.248297,,-3.39896,9.5819,-0.90756,-0.2281,fluid
1877,17.2286,1.03054,,1004.53,2.7594,36011.9,,0.23564,-0.0615296,0.24354,,-3.21768,9.83323,-1.13686,0.0232318,fluid
1878,16.9576,1.03598,,1004.49,-9.74932,35748.4,,0.165544,-0.0108503,0.165899,,-2.10518,10.0202,-0.00651599,0.210211,fluid
1879,17.8892,1.63187,,1003.87,24.9064,30751,,0.689021,-0.0974446,0.695877,,-1.82266,10.3101,-0.110323,0.500108,fluid
1880,17.5519,1.40412,,1004.1,8.14862,32611.2,,0.56485,-0.0754636,0.569868,,-2.3244,10.2696,-0.474006,0.459646,fluid
1881,17.662,1.5951,,1003.91,24.9854,31022.2,,0.609135,-0.0788849,0.614222,,-1.90257,10.0973,-0.152965,0.287307,fluid
1882,17.495,1.90872,,1003.57,26.792,28304.1,,0.749826,-0.0790701,0.753983,,-1.65064,10.1083,-0.0385531,0.298314,fluid
1883,17.0072,2.1394,,1003.29,39.9305,26113.2,,0.679653,-0.0869415,0.685191,,-1.69673,9.93659,-0.166348,0.126585,fluid
1884,17.0251,2.43724,,1002.95,34.3387,23372.5,,0.702933,-0.108453,0.71125,,-1.61466,9.81124,-0.245876,0.00124414,fluid
1885,16.5763,2.56778,,1002.78,47.4356,22036.6,,0.675288,-0.0636192,0.678278,,-1.73977,9.56622,-0.414056,-0.243777,fluid
1886,16.6529,2.75068,,1002.56,46.6536,20272.2,,0.656174,-0.116343,0.666408,,-1.48401,9.67234,-0.269785,-0.137656,fluid
1887,16.1896,3.14313,,1002.07,44.3678,16311.3,,0.725259,-0.00655513,0.725288,,-1.25958,9.19574,-0.254145,-0.614256,fluid
1888,15.6496,3.09122,,1002.11,55.9553,16642,,0.825853,-0.0394101,0.826793,,-1.22982,9.38872,-0.168647,-0.421283,fluid
1889,15.5794,3.27726,,1001.88,55.2691,14855.8,,0.80942,-0.0118728,0.809507,,-1.2252,9.68871,-0.273438,-0.121289,fluid
1890,15.5313,3.46844,,1001.66,47.2962,13062.4,,0.76422,0.0103939,0.76429,,-1.21428,9.91921,-0.374637,0.109205,fluid
1891,14.4036,4.04388,,1000.92,95.8361,7218.5,,1.01702,-0.0698932,1.01942,,-0.486951,8.75638,0.0137505,-1.05362,fluid
1892,14.5346,3.96408,,1001.02,82.9517,8064.58,,1.03894,-0.110538,1.0448,,-0.353588,9.04804,0.200698,-0.761959,fluid
1893,10.6665,5.14705,,1000.33,-134.888,2579.35,,0.575361,-1.08694,1.22983,,-0.271619,11.5277,-0.0298804,1.71772,fluid
1894,7.8818,5.0963,,1000.48,-491.561,3766.66,,-2.39997,-1.22278,2.69352,,-4.11503,12.3129,-3.63736,2.50294,fluid
1895,3.89026,4.71848,,1002.89,-333.116,22899.9,,-0.311549,-0.785336,0.844876,,-6.76254,9.13483,-0.893052,-0.675171,fluid
1896,3.53843,5.22562,,1003.54,-291.642,28095.8,,-1.18955,-1.28385,1.75022,,-15.2859,-12.5062,-7.37373,-22.3162,fluid
1897,4.88734,1.08806,,1007.59,449.936,60920.3,,1.95828,-1.79744,2.65812,,-16.5668,9.73036,-4.19572,-0.0796369,fluid
1898,9.72186,3.76114,,1003.12,202.105,24751.1,,1.45817,3.06105,3.39062,,-5.56925,5.17179,-3.03127,-4.63821,fluid
1899,7.55804,4.22502,,1002.77,-329.455,21892.2,,-2.59945,-1.19574,2.86128,,-1.27564,5.96868,1.61291,-3.84132,fluid
1900,6.85824,3.4916,,1004.95,-149.515,39439,,-2.13212,-2.5638,3.33451,,7.0347,8.67869,12.757,-1.13131,fluid
1901,11.3558,0.418829,,1005.92,-45.0854,47273,,-0.630413,0.0914079,0.637005,,-2.33452,9.84755,1.80387,0.037551,fluid
1902,12.7816,0.661827,,1005.13,-42.0599,40895.4,,-0.591538,-0.0992572,0.599808,,-1.5047,9.5749,1.67851,-0.235104,fluid
1903,12.9982,0.63334,,1005.13,-26.3094,40911.5,,-0.439397,0.0467334,0.441875,,-1.3836,9.05428,1.7478,-0.755723,fluid
1904,12.7519,0.384879,,1005.64,-20.5047,44980.4,,-0.433813,-0.0170403,0.434148,,-1.90648,9.41314,1.6011,-0.396856,fluid
1905,15.2112,0.923311,,1004.51,3.57148,35841,,0.0496172,-0.00233792,0.0496723,,-3.38677,8.80774,-1.04111,-1.00226,fluid
1906,14.8561,0.872342,,1004.57,-2.31625,36329.9,,-0.128594,-0.000153927,0.128594,,-2.89138,9.54128,-0.457046,-0.26872,fluid
1907,16.6442,0.842938,,1004.72,-0.387527,37563.4,,0.0343949,-0.00914073,0.0355888,,-2.6823,10.1377,-0.436051,0.327654,fluid
1908,16.3421,0.823539,,1004.71,-13.2881,37516,,-0.000898117,-0.0466889,0.0466975,,-2.69779,9.6756,-0.412891,-0.134399,fluid
1909,17.92,1.33138,,1004.19,16.0439,33333.9,,0.576973,-0.0799129,0.582481,,-2.02688,10.5304,-0.174494,0.720377,fluid
1910,17.6728,1.27575,,1004.25,1.47258,33778.2,,0.623326,-0.0398834,0.624601,,-1.94393,10.3618,-0.0407037,0.551803,fluid
1911,18.0531,1.62778,,1003.88,23.0673,30791.7,,0.665052,-0.104048,0.673142,,-1.40733,10.4206,0.291705,0.610626,fluid
1912,17.7976,1.44527,,1004.07,17.3196,32316,,0.6001,-0.0255693,0.600644,,-1.80083,10.4206,0.00756955,0.610584,fluid
1913,17.5678,1.73822,,1003.75,30.1677,29796.8,,0.623074,-0.192336,0.652085,,-1.95697,10.5907,-0.267217,0.780743,fluid
1914,17.3771,2.11099,,1003.34,31.4816,26482.7,,0.708984,-0.0928081,0.715033,,-1.66637,10.0699,-0.147452,0.259926,fluid
1915,17.3438,2.33002,,1003.09,33.026,24468.1,,0.676722,-0.0526446,0.678767,,-1.57486,9.93535,-0.168432,0.125348,fluid
1916,17.1503,2.27284,,1003.15,36.6675,24948.8,,0.695949,-0.148703,0.711659,,-1.56412,10.0334,-0.113966,0.223423,fluid
1917,17.204,2.51391,,1002.87,31.8662,22684.6,,0.634337,-0.121499,0.645868,,-1.21201,9.94428,0.102788,0.134277,fluid
1918,16.9345,2.60181,,1002.75,35.5199,21772.2,,0.67032,-0.0684726,0.673808,,-1.49476,9.5981,-0.21262,-0.211905,fluid
1919,16.5937,2.94343,,1002.32,33.4075,18340.8,,0.692902,-0.0826839,0.697818,,-1.31104,9.55312,-0.208317,-0.256883,fluid
1920,15.9185,3.20692,,1001.98,49.3296,15634.1,,0.758069,-0.0105157,0.758142,,-1.45239,9.44231,-0.472201,-0.367693,fluid
1921,15.7853,3.32613,,1001.84,53.0626,14490.6,,0.752138,0.0482767,0.753685,,-1.31757,9.83452,-0.401272,0.0245245,fluid
1922,15.7142,3.54787,,1001.57,49.5391,12402.7,,0.801611,0.0125102,0.801709,,-1.06537,9.6476,-0.277339,-0.162397,fluid
1923,14.848,3.79632,,1001.24,78.2231,9754.37,,0.916901,-0.0256994,0.917261,,-0.597991,9.44106,0.0581452,-0.368937,fluid
1924,15.0359,3.74211,,1001.3,67.9069,10279.1,,0.824001,-0.0841327,0.828285,,-0.807234,9.58988,-0.124488,-0.220118,fluid
1925,12.4323,4.56061,,1000.58,26.9891,4568.71,,0.874245,-0.928957,1.27564,,1.36223,7.7449,1.7295,-2.0651,fluid
1926,9.40674,5.29577,,1000.54,-33.459,4243.75,,-0.571531,1.29007,1.411,,4.00299,11.7684,4.45388,1.95837,fluid
1927,4.82549,5.63223,,1001.4,-429.351,11018.1,,-2.08726,-0.585034,2.1677,,8.70715,13.3579,10.9873,3.54795,fluid
1928,3.49767,6.23656,,1002.68,-123.82,21180.5,,-0.458684,0.466919,0.654526,,15.3457,5.93051,21.3851,-3.87949,fluid
1929,4.11337,2.84309,,1012.28,523.106,100038,,1.66438,-2.56107,3.05438,,-27.5154,0.122987,-3.49026,-9.68701,fluid
1930,7.63582,1.1038,,1006.9,400.855,55293.6,,3.40912,0.725648,3.48549,,-5.82116,16.4162,1.37055,6.60621,fluid
1931,8.86619,4.70264,,1002.47,-9.24812,19514.8,,-1.87758,1.29983,2.28361,,-1.11693,7.69663,1.07869,-2.11337,fluid
1932,8.35777,2.49523,,1006.16,148.324,49234.7,,2.19544,2.42194,3.2689,,-9.45318,16.917,-3.59834,7.10698,fluid
1933,11.9154,0.146589,,1006.26,-8.75485,50095.5,,-0.263596,0.0431393,0.267102,,-2.05871,9.08552,2.11938,-0.724477,fluid
1934,12.564,0.575635,,1005.34,-33.6883,42548.4,,-0.53509,-0.0282313,0.535834,,-2.16621,9.29327,1.20236,-0.516733,fluid
1935,13.3791,0.250087,,1005.74,-2.98301,45870,,-0.200658,0.0102546,0.20092,,-2.89047,9.18872,0.518423,-0.621278,fluid
1936,13.9861,0.621982,,1004.97,-9.78983,39555.8,,-0.489223,0.042029,0.491026,,-2.82802,9.2059,-0.0137725,-0.604104,fluid
1937,16.0186,0.717395,,1004.83,-6.89948,38491.4,,-0.124016,-0.00683105,0.124204,,-3.2278,9.22611,-0.83644,-0.583891,fluid
1938,16.4843,0.951275,,1004.56,-1.93263,36269.2,,0.176188,-0.0920963,0.198807,,-2.61152,10.5695,-0.421278,0.759511,fluid
1939,16.2511,0.62864,,1004.99,-22.5531,39746.2,,-0.11865,-0.0801153,0.143165,,-2.63856,9.98274,-0.204941,0.172741,fluid
1940,17.4651,1.15191,,1004.39,6.35731,34908.2,,0.34873,-0.0611071,0.354044,,-2.27657,9.94982,-0.286569,0.139818,fluid
1941,18.08,1.26188,,1004.27,13.8962,33972,,0.537193,-0.152439,0.558403,,-2.02444,10.4332,-0.153449,0.623176,fluid
1942,17.6453,1.08928,,1004.47,-0.428027,35552.5,,0.285245,-0.0837612,0.297289,,-2.07449,10.6926,-0.068618,0.882596,fluid
1943,18.3403,1.53254,,1003.98,15.9864,31585.1,,0.622265,-0.0415528,0.623651,,-1.44115,10.4059,0.274198,0.595945,fluid
1944,18.1144,1.47252,,1004.04,16.3171,32116.8,,0.619098,-0.116046,0.62988,,-1.55998,10.3383,0.205885,0.52827,fluid
1945,17.9721,1.86112,,1003.63,24.5914,28779.5,,0.68163,-0.0695095,0.685165,,-1.68561,10.4125,-0.0900567,0.602511,fluid
1946,17.7666,1.79744,,1003.7,26.7995,29328.4,,0.665607,-0.128767,0.677948,,-1.62724,10.5425,0.0174406,0.732548,fluid
1947,17.5344,2.33437,,1003.09,33.4448,24460.7,,0.662349,-0.098925,0.669695,,-1.35754,10.2085,0.0331766,0.398527,fluid
1948,17.5679,2.0954,,1003.36,31.2151,26663.1,,0.694733,-0.12606,0.706077,,-1.51721,9.93143,-0.00457899,0.12143,fluid
1949,17.4188,2.52542,,1002.86,31.3785,22613,,0.619884,-0.112904,0.630082,,-1.18628,9.99459,0.108215,0.184592,fluid
1950,17.2052,2.72886,,1002.6,37.5225,20577.3,,0.63997,-0.0562745,0.64244,,-1.23496,9.25215,-0.0420693,-0.55785,fluid
1951,16.8214,2.79994,,1002.51,41.5153,19810.5,,0.621073,-0.0189771,0.621362,,-1.48312,9.67697,-0.308375,-0.133032,fluid
1952,16.3729,3.04201,,1002.19,36.7179,17323.9,,0.655111,-0.0742156,0.659302,,-1.38415,9.3905,-0.328379,-0.419502,fluid
1953,16.1272,3.33034,,1001.85,47.5565,14581.5,,0.746206,0.0627718,0.748841,,-1.45185,9.95186,-0.54936,0.141863,fluid
1954,15.9749,3.44867,,1001.7,47.0771,13439,,0.642026,0.0813331,0.647157,,-1.18388,9.99645,-0.344057,0.186446,fluid
1955,15.3131,3.64676,,1001.43,61.2321,11265.3,,0.803884,0.0178171,0.804081,,-0.800271,9.58029,-0.0656568,-0.229708,fluid
1956,15.4977,3.71562,,1001.35,67.0172,10642.3,,0.825721,0.013876,0.825838,,-1.10434,9.37732,-0.418558,-0.432678,fluid
1957,13.4404,4.3339,,1000.61,46.0566,4823.03,,1.01297,-0.580838,1.16768,,0.842088,7.78888,1.20071,-2.02112,fluid
1958,11.0624,4.86046,,1000.75,292.308,5886.57,,1.17611,-0.235793,1.19951,,2.90992,8.11748,3.44164,-1.69252,fluid
1959,6.02676,4.95965,,1000.96,-421.144,7518.78,,-2.66032,-1.62536,3.11755,,3.78969,15.5245,5.03606,5.71449,fluid
1960,3.02332,5.46244,,1004.72,-190.149,37611.2,,-1.15942,-0.105464,1.16421,,10.2582,31.0875,22.6401,21.2775,fluid
1961,3.48333,6.59684,,1002.06,-294.351,16291.1,,-0.535664,1.74622,1.82654,,0.707314,23.4746,5.37456,13.6646,fluid
1962,3.74033,8.92411,,999.51,101.095,-3836.06,,0.522237,0.41546,0.667337,,3.60655,0.631096,2.58045,-9.1789,fluid
1963,8.58689,4.51612,,1002.87,-256.745,22698.4,,-2.00798,0.66505,2.11525,,-2.36128,7.81194,0.27454,-1.99806,fluid
1964,8.28777,4.2591,,1003.76,-70.6157,29807.4,,-1.83055,0.639674,1.93909,,-8.81296,7.07349,-5.22987,-2.73651,fluid
1965,12.1659,0.1395,,1006.23,-14.3147,49786,,-0.244166,-0.0180464,0.244832,,-1.55954,9.67747,2.50738,-0.132527,fluid
1966,13.6662,0.255626,,1005.68,-6.66883,45327.5,,-0.23717,-0.00789754,0.237301,,-1.91913,8.98085,1.37891,-0.829146,fluid
1967,12.9962,0.41649,,1005.52,-20.0385,44027.6,,-0.46433,-0.0461478,0.466618,,-2.13052,9.48965,1.23861,-0.320348,fluid
1968,14.9821,0.986392,,1004.41,-3.65037,35074.9,,0.0112378,-0.0930187,0.093695,,-1.43727,9.74391,0.893578,-0.0660903,fluid
1969,16.1743,0.898139,,1004.59,-5.17482,36562.5,,0.151429,-0.0286827,0.154121,,-2.76931,9.49137,-0.519123,-0.318634,fluid
1970,15.7567,0.69965,,1004.84,-18.8277,38539.8,,-0.160229,-0.141386,0.213689,,-2.96129,10.281,-0.527143,0.471043,fluid
1971,17.3747,0.924731,,1004.67,-6.87731,37171.7,,0.20307,0.00341125,0.203098,,-2.34933,10.1017,-0.21987,0.29169,fluid
1972,16.9742,0.900526,,1004.67,-15.5168,37180.3,,0.0694026,-0.132989,0.15001,,-2.34336,10.2027,-0.163146,0.392687,fluid
1973,18.2446,1.21722,,1004.32,4.94414,34367.2,,0.457783,-0.142167,0.479351,,-1.83963,10.3538,0.0359505,0.543763,fluid
1974,17.8941,1.13565,,1004.42,4.08527,35140.6,,0.339845,0.000810151,0.339846,,-2.34791,10.0238,-0.392735,0.213812,fluid
1975,18.5654,1.57763,,1003.92,22.6561,31165.3,,0.57427,-0.140656,0.591245,,-1.50945,10.4891,0.162671,0.679096,fluid
1976,18.3595,1.37027,,1004.15,8.77084,32989.2,,0.584703,-0.0944662,0.592285,,-1.49638,10.7735,0.293041,0.96346,fluid
1977,17.9572,2.05951,,1003.4,25.1087,26993.4,,0.642683,-0.0831533,0.64804,,-1.27896,10.2365,0.219141,0.426538,fluid
1978,18.157,1.82962,,1003.66,24.0795,29038.9,,0.652119,-0.0767599,0.656621,,-1.41337,10.5143,0.180128,0.704304,fluid
1979,17.8814,2.28734,,1003.14,31.4454,24878.8,,0.658116,-0.105913,0.666584,,-1.11344,10.0182,0.273519,0.208184,fluid
1980,17.7553,1.98715,,1003.49,28.4569,27658.7,,0.671046,-0.136615,0.684811,,-1.42108,10.0461,0.131284,0.236054,fluid
1981,17.7246,2.20633,,1003.24,30.4168,25662.1,,0.70454,-0.0871284,0.709907,,-1.29593,10.0249,0.147225,0.214867,fluid
1982,17.3949,2.76313,,1002.56,35.6875,20263.2,,0.583273,-0.0284276,0.583965,,-0.922021,9.26539,0.239894,-0.544615,fluid
1983,17.0404,2.7838,,1002.53,38.8174,20005.6,,0.607726,-0.0366499,0.60883,,-1.27716,9.62494,-0.10612,-0.185064,fluid
1984,16.7726,3.08792,,1002.15,25.7194,17021.3,,0.613274,-0.04858,0.615196,,-1.06506,9.26494,-0.0524135,-0.54506,fluid
1985,16.3478,3.30524,,1001.89,50.1197,14884.9,,0.635758,0.0505853,0.637767,,-1.25139,9.64318,-0.34259,-0.166815,fluid
1986,16.3383,3.49804,,1001.66,37.432,13088.1,,0.610669,0.10614,0.619824,,-1.13326,10.0647,-0.333521,0.254749,fluid
1987,15.6955,3.77115,,1001.29,68.2301,10141.4,,0.730086,0.12865,0.741334,,-0.866779,9.29181,-0.221473,-0.518191,fluid
1988,15.9301,3.88369,,1001.14,67.7029,8954.36,,0.719345,0.257415,0.764016,,-1.43641,8.69236,-0.874948,-1.11764,fluid
1989,14.1353,4.05237,,1000.92,90.7732,7245.99,,1.03902,-0.178582,1.05426,,0.206752,8.92145,0.718898,-0.888552,fluid
1990,11.5868,4.78273,,1000.45,59.3949,3574.52,,0.7782,-0.380627,0.866298,,1.17927,8.09581,1.48763,-1.71419,fluid
1991,7.63298,5.08789,,1000.61,-241.215,4799.01,,-2.44645,-1.61809,2.93315,,-3.08075,14.6066,-2.45241,4.79657,fluid
1992,3.80014,5.38465,,1003.07,-422.036,24343.8,,-1.73665,-0.249216,1.75444,,6.9934,5.73077,13.3798,-4.07923,fluid
1993,3.94699,6.60688,,1002.38,-157.433,18804.2,,-1.46588,0.165341,1.47518,,5.88135,15.2651,10.6342,5.4551,fluid
1994,4.90721,1.44333,,1008.53,473.53,68652.6,,2.81162,-0.947344,2.96693,,-7.55601,14.5619,6.31585,4.7519,fluid
1995,9.5553,2.81262,,1003.91,211.322,31030.4,,2.06128,2.70768,3.403,,-2.64092,9.83482,0.593891,0.0248157,fluid
1996,6.30277,3.1967,,1005.6,-67.3671,44707.9,,-0.770179,-3.06413,3.15944,,0.0196286,13.3532,7.07348,3.54317,fluid
1997,12.4497,0.131985,,1006.18,-9.87294,49400.4,,-0.236042,-0.0108848,0.236293,,-1.95594,9.56976,1.98768,-0.240238,fluid
1998,13.9935,0.436358,,1005.28,-8.79707,42123.6,,-0.112927,-0.0435379,0.121029,,-2.40971,9.25872,0.584696,-0.551283,fluid
1999,13.2476,0.436424,,1005.43,-18.1118,43274.9,,-0.537757,-0.0438536,0.539542,,-2.08774,9.24193,1.16126,-0.568073,fluid
2000,14.4671,0.561933,,1005.03,-13.8944,40080.7,,-0.175373,-0.0669455,0.187716,,-2.75615,9.46064,0.000455097,-0.34936,fluid
2001,16.771,0.704921,,1004.93,-14.014,39233,,0.0754003,-0.0332918,0.082423,,-3.63623,9.69964,-1.30836,-0.110362,fluid
2002,16.4792,0.660567,,1004.96,-16.69,39527.5,,0.00736302,-0.0456209,0.0462112,,-3.27375,9.74499,-0.886959,-0.0650089,fluid
2003,18.2077,1.00213,,1004.58,-6.389,36443.5,,0.316202,0.0450339,0.319393,,-1.69593,10.3702,0.296499,0.560246,fluid
2004,17.6896,0.949001,,1004.65,-5.88957,36980.8,,0.217488,-0.04198,0.221503,,-1.99168,9.68131,0.0891876,-0.128694,fluid
2005,18.4087,1.14235,,1004.41,2.16445,35050.4,,0.596566,-0.0548541,0.599083,,-1.42454,10.1806,0.471115,0.370621,fluid
2006,18.0185,1.00353,,1004.58,-1.03113,36450.4,,0.310633,-0.102204,0.327014,,-2.4392,10.3096,-0.425477,0.499557,fluid
2007,18.7204,1.51747,,1003.98,17.2416,31648.3,,0.640298,0.0118301,0.640408,,-1.17961,10.725,0.504257,0.914991,fluid
2008,18.5523,1.32867,,1004.2,12.0212,33345.5,,0.555453,-0.0307882,0.556306,,-1.88633,10.6468,-0.0964607,0.836793,fluid
2009,18.5185,1.76031,,1003.73,20.2359,29569,,0.708183,-0.0884682,0.713687,,-1.27246,10.4853,0.318331,0.675322,fluid
2010,18.2939,1.69418,,1003.8,20.3748,30199.7,,0.644528,-0.101648,0.652495,,-1.34614,10.3906,0.298412,0.580551,fluid
2011,18.0816,2.25784,,1003.17,25.8953,25091.5,,0.709887,-0.114276,0.719026,,-1.0033,9.94196,0.380004,0.131956,fluid
2012,18.1731,2.03663,,1003.42,27.3212,27156,,0.67892,-0.135649,0.692339,,-1.28424,10.2965,0.204957,0.486461,fluid
2013,17.7013,2.44561,,1002.95,31.4458,23390.3,,0.594902,-0.091243,0.601859,,-1.22204,10.299,0.0954657,0.489014,fluid
2014,17.5829,2.64018,,1002.71,25.3991,21480,,0.570325,-0.128835,0.584696,,-0.869891,9.55691,0.348438,-0.253089,fluid
2015,17.2852,2.94575,,1002.34,35.56,18455.5,,0.527034,-0.0578138,0.530195,,-1.17433,10.1047,-0.109109,0.294706,fluid
2016,16.9493,2.97431,,1002.3,29.2238,18137.7,,0.586445,-0.0646678,0.589999,,-1.28421,9.93151,-0.216549,0.121509,fluid
2017,16.5761,3.15836,,1002.06,30.6209,16296.5,,0.595307,-0.0377957,0.596505,,-1.24522,9.32315,-0.264106,-0.48685,fluid
2018,16.5423,3.35971,,1001.83,47.0129,14466.9,,0.55162,0.0748809,0.55668,,-1.13009,10.0372,-0.257152,0.227235,fluid
2019,15.9224,3.6637,,1001.44,49.5936,11334.2,,0.679472,0.0592273,0.682048,,-1.04269,9.33748,-0.331873,-0.472516,fluid
2020,16.1302,3.86536,,1001.17,57.7617,9230.79,,0.517964,0.207351,0.557926,,-1.09051,8.39039,-0.51891,-1.41961,fluid
2021,14.7866,3.99288,,1000.96,80.6439,7523,,1.05523,-0.0107494,1.05529,,-0.420849,8.97482,0.0874365,-0.835178,fluid
2022,12.5192,4.75523,,1000.4,64.5748,3122.08,,1.16964,-0.835978,1.43768,,1.64282,8.12803,1.89211,-1.68197,fluid
2023,8.59987,5.32277,,1000.72,-117.103,5624.45,,-1.27955,-0.0501478,1.28053,,-2.85909,11.1597,-2.20554,1.34972,fluid
2024,4.18996,5.60283,,1002.18,-474.186,17230.9,,-1.2143,-0.823329,1.4671,,4.0169,0.832636,8.12038,-8.97736,fluid
2025,4.14816,8.43023,,999.703,160.275,-2327.5,,0.799136,0.101335,0.805536,,-1.34372,2.78921,-1.90498,-7.02079,fluid
2026,4.01764,7.0711,,1001.63,515.863,12848.3,,1.80543,-0.315077,1.83272,,2.41567,2.79757,5.60843,-7.01243,fluid
2027,9.26204,1.48528,,1005.51,152.44,43981.8,,1.56602,1.91523,2.47397,,-10.5962,7.79149,-5.87363,-2.01851,fluid
2028,7.54968,2.34341,,1007.85,385.448,63053,,2.71055,-0.379272,2.73696,,1.82209,18.3018,10.1088,8.49177,fluid
2029,12.7221,0.138305,,1006.11,0.0501306,48817.2,,-0.29961,0.024676,0.300624,,-2.68549,9.29925,1.12842,-0.51075,fluid
2030,14.3065,0.427014,,1005.27,-11.4315,42015.1,,-0.251394,-0.0313904,0.253346,,-2.09041,9.28379,0.83097,-0.526207,fluid
2031,13.7916,0.368024,,1005.44,-9.29893,43389,,-0.199831,0.00804189,0.199992,,-2.44158,8.77874,0.687451,-1.03126,fluid
2032,14.9025,0.666668,,1004.87,-7.49003,38810.9,,-0.2661,-0.0648382,0.273885,,-2.48765,9.53353,0.104049,-0.276474,fluid
2033,16.9477,0.720667,,1004.92,-14.4636,39177.3,,-0.046425,-0.105356,0.115131,,-2.40283,10.0244,-0.102487,0.214377,fluid
2034,16.0724,0.521036,,1005.15,-12.9194,41025.7,,-0.0991431,-0.0121602,0.0998861,,-3.64211,9.59439,-1.10263,-0.215614,fluid
2035,17.8475,0.858164,,1004.77,-10.0237,37969.4,,0.239513,0.0283962,0.24119,,-2.30848,10.2002,-0.191152,0.390198,fluid
2036,18.3999,0.905143,,1004.7,-13.6544,37410.8,,0.250374,-0.213032,0.328739,,-2.10046,10.3334,-0.076772,0.523374,fluid
2037,18.5715,0.952197,,1004.64,-0.445406,36905,,0.34038,0.0137759,0.340658,,-1.74556,10.3482,0.232446,0.538179,fluid
2038,18.658,1.10354,,1004.45,6.79956,35409.1,,0.314559,-0.134043,0.341928,,-1.5337,10.5927,0.355675,0.782721,fluid
2039,18.9019,1.43221,,1004.07,15.5007,32327.5,,0.594169,-0.0578013,0.596974,,-1.13003,10.7589,0.573309,0.948931,fluid
2040,18.7093,1.29119,,1004.23,6.8231,33658,,0.594866,-0.0371046,0.596022,,-0.9522,10.5959,0.839214,0.785856,fluid
2041,18.7139,1.7799,,1003.69,20.672,29314.2,,0.674838,-0.11969,0.68537,,-0.872536,10.3508,0.688136,0.540826,fluid
2042,18.3715,1.90507,,1003.57,24.7724,28314.5,,0.683097,-0.0477731,0.684765,,-1.25893,10.4183,0.276798,0.608274,fluid
2043,18.4605,2.0552,,1003.39,32.8789,26879.8,,0.678709,-0.127926,0.69066,,-1.00017,10.5942,0.450982,0.784154,fluid
2044,18.2753,2.2007,,1003.22,25.444,25555.4,,0.701935,-0.142285,0.716211,,-0.842435,10.1909,0.551426,0.380911,fluid
2045,17.9932,2.46565,,1002.92,34.0296,23097.2,,0.602225,-0.0901763,0.608939,,-1.0082,10.3026,0.271727,0.492625,fluid
2046,17.8431,2.58878,,1002.77,25.6689,21924.6,,0.599772,-0.165336,0.622143,,-0.986746,10.2993,0.238604,0.489289,fluid
2047,17.5259,2.91166,,1002.38,37.2282,18789.9,,0.560704,-0.0234968,0.561196,,-0.843442,9.94508,0.226132,0.135084,fluid
2048,17.1118,3.05782,,1002.2,21.1608,17383.8,,0.578827,-0.0808551,0.584447,,-0.910513,10.0676,0.103152,0.257608,fluid
2049,16.9091,3.25146,,1001.98,31.9377,15619.5,,0.513093,-0.0329043,0.514147,,-0.715496,9.28747,0.206415,-0.522534,fluid
2050,16.756,3.3708,,1001.83,46.6846,14463.2,,0.495281,0.0940961,0.50414,,-0.865684,9.95096,-0.00409639,0.140958,fluid
2051,16.1601,3.59961,,1001.53,34.5418,12037.3,,0.563357,-0.00215156,0.563362,,-0.926164,9.72278,-0.182421,-0.087216,fluid
2052,16.4673,3.69115,,1001.42,14.2203,11179.4,,0.493433,-0.0324283,0.494497,,-0.910239,8.7668,-0.232313,-1.0432,fluid
2053,15.1593,3.87032,,1001.12,68.4989,8843.45,,0.892398,0.00619472,0.89242,,-0.704713,9.27739,-0.121998,-0.53261,fluid
2054,12.9453,4.42235,,1000.63,49.5124,4934.76,,1.06975,-0.670256,1.26238,,0.826114,7.77728,1.20707,-2.03272,fluid
2055,9.83177,5.08135,,1000.59,-274.563,4674.33,,-1.31356,0.226264,1.33291,,1.03169,14.6906,1.50684,4.88061,fluid
2056,5.24656,5.70253,,1000.89,-300.649,6975.42,,-1.91006,-0.436184,1.95923,,5.9753,7.32201,7.30364,-2.48799,fluid
2057,4.50626,7.16973,,999.737,-325.704,-2061.66,,0.305402,0.276504,0.411977,,-4.97813,-1.80239,-5.43576,-11.6124,fluid
2058,3.11491,4.72007,,1009.97,-28.9816,80633,,0.514128,-1.20587,1.3109,,-13.0371,-11.9234,12.5934,-21.7334,fluid
2059,6.6785,0.712307,,1006.93,397.498,55515.2,,2.54049,0.232924,2.55115,,-24.0596,14.6025,-15.8043,4.79246,fluid
2060,8.7766,3.96787,,1004.23,-21.8802,33592.4,,-0.466668,1.3035,1.38452,,-6.37009,8.93369,-2.5587,-0.876308,fluid
2061,12.2472,0.549005,,1005.47,-40.7776,43608.5,,-0.599919,-0.0412455,0.601335,,-2.04814,9.53772,1.4932,-0.272284,fluid
2062,14.6821,0.434373,,1005.24,-5.1051,41796,,-0.189687,0.0102195,0.189962,,-2.33944,8.89892,0.492444,-0.911079,fluid
2063,14.148,0.272174,,1005.57,-2.08932,44458.2,,-0.294384,-0.0240308,0.295364,,-3.35573,8.93062,-0.230765,-0.879385,fluid
2064,14.6611,0.677879,,1004.85,-7.15247,38600.9,,-0.204667,-0.0407819,0.208691,,-2.49382,9.51917,0.126359,-0.290827,fluid
2065,17.4678,0.638473,,1005.07,-23.4923,40420.5,,-0.0190436,-0.0635756,0.0663665,,-2.5774,10.1002,-0.275082,0.290221,fluid
2066,16.276,0.394215,,1005.37,-21.2838,42846.1,,-0.0611661,-0.0288826,0.0676424,,-3.18002,9.53785,-0.561612,-0.272149,fluid
2067,18.1958,0.811159,,1004.83,-13.7231,38464.7,,0.143389,-0.0160279,0.144282,,-1.97881,10.2741,0.124962,0.464129,fluid
2068,17.9938,0.750851,,1004.92,-16.0933,39167.8,,0.189133,-0.0969513,0.212535,,-2.20476,10.2842,-0.0386714,0.474241,fluid
2069,19.1516,1.31944,,1004.18,7.33111,33199.9,,0.583428,-0.00909778,0.583499,,-0.9002,10.3812,0.826116,0.571186,fluid
2070,18.8492,1.05682,,1004.5,-2.87975,35801.1,,0.443049,0.0171044,0.443379,,-1.1776,11.0172,0.713233,1.20724,fluid
2071,18.9463,1.25813,,1004.26,8.48522,33872.9,,0.537597,-0.112113,0.549163,,-1.50371,10.1467,0.276544,0.336706,fluid
2072,18.8973,1.84037,,1003.61,15.7186,28656.6,,0.665027,-0.0753314,0.66928,,-0.86711,10.2732,0.643866,0.463182,fluid
2073,18.9066,1.6366,,1003.84,20.5651,30502.3,,0.673989,-0.0913374,0.68015,,-1.06633,10.8931,0.540814,1.08315,fluid
2074,18.6502,1.96693,,1003.48,25.4863,27625.1,,0.707463,-0.0409936,0.70865,,-0.901201,10.5236,0.574875,0.713617,fluid
2075,18.5726,2.22061,,1003.18,26.3299,25191.6,,0.66732,-0.175029,0.689892,,-0.683949,10.4087,0.668132,0.59872,fluid
2076,18.4121,2.34477,,1003.04,22.0109,24052.9,,0.700365,-0.0898688,0.706107,,-0.696285,10.0347,0.606119,0.224661,fluid
2077,18.1984,2.46283,,1002.91,34.0453,23010.8,,0.63627,-0.128457,0.649107,,-0.878478,10.086,0.382295,0.275995,fluid
2078,18.3433,2.55765,,1002.77,36.6885,21955.1,,0.628293,-0.0768717,0.632978,,-0.631643,10.4261,0.561945,0.616109,fluid
2079,17.7337,2.78189,,1002.53,22.9253,20032.2,,0.557026,-0.0981707,0.56561,,-0.621627,9.28775,0.505135,-0.522252,fluid
2080,17.4026,3.1107,,1002.13,14.6392,16863.1,,0.53725,-0.135833,0.554156,,-0.821497,10.1959,0.145436,0.385853,fluid
2081,17.2301,3.26185,,1001.97,11.674,15539.8,,0.529182,-0.0790874,0.535059,,-0.424508,9.25766,0.475616,-0.552336,fluid
2082,17.0762,3.37316,,1001.84,42.7084,14539.4,,0.471197,0.0180323,0.471542,,-0.762602,9.36281,0.0872734,-0.447186,fluid
2083,16.6401,3.54942,,1001.6,22.2541,12655.1,,0.573211,-0.033567,0.574193,,-1.03511,9.8825,-0.275811,0.0725036,fluid
2084,16.8447,3.65625,,1001.46,11.3746,11486.2,,0.545153,-0.0956402,0.553479,,-1.04687,8.9487,-0.365974,-0.8613,fluid
2085,15.4208,3.91532,,1001.06,73.5353,8333.04,,0.798616,0.0596289,0.800839,,-0.904503,8.94286,-0.364699,-0.867136,fluid
2086,13.7801,4.22724,,1000.7,58.885,5497.42,,0.989345,-0.406409,1.06957,,0.205062,8.08683,0.603721,-1.72317,fluid
2087,11.3217,4.91689,,1000.43,10.5302,3342.53,,0.764382,-0.436922,0.880443,,3.00206,8.88859,3.29717,-0.921406,fluid
2088,7.10839,5.05592,,1000.55,-395.534,4350.29,,-2.78862,-1.36999,3.10697,,-0.72862,13.0067,-0.116966,3.19673,fluid
2089,3.79083,7.45414,,1001.19,24.8999,9367.22,,0.564719,0.56626,0.799724,,11.4983,14.5486,13.9664,4.73862,fluid
2090,6.62567,1.00887,,1008.31,623.851,66847.9,,2.94804,-0.830576,3.06281,,-17.6741,20.675,-7.66804,10.865,fluid
2091,9.07517,1.79035,,1005.8,421.794,46303.3,,2.94335,3.06441,4.24899,,-12.3521,12.7513,-7.27936,2.94127,fluid
2092,8.90285,3.71866,,1004.38,70.9081,34813.7,,0.0670671,2.59252,2.59339,,-9.41518,7.14122,-5.52183,-2.66878,fluid
2093,12.9476,0.158577,,1006.01,-5.04481,48048.6,,-0.324926,0.00108126,0.324928,,-1.54688,8.87339,2.14194,-0.936615,fluid
2094,14.662,0.235221,,1005.6,-10.5212,44660.4,,-0.249936,-0.0206293,0.250785,,-3.09622,9.16146,-0.0671816,-0.648541,fluid
2095,14.4925,0.213036,,1005.65,-6.42659,45073,,-0.258808,-0.027994,0.260317,,-4.24805,9.10881,-1.15542,-0.701188,fluid
2096,15.1179,0.706696,,1004.82,-11.1103,38401.1,,-0.336298,-0.018912,0.33683,,-2.41833,9.74846,0.109583,-0.0615436,fluid
2097,17.709,0.644335,,1005.07,-18.2667,40399.3,,0.042077,0.073425,0.0846269,,-2.40831,10.3878,-0.138529,0.577799,fluid
2098,17.5442,0.814487,,1004.82,-16.4477,38403.8,,0.180038,-0.0884454,0.20059,,-2.8017,10.3827,-0.623228,0.572655,fluid
2099,18.2499,0.639201,,1005.07,-19.821,40434.4,,0.0946203,-0.0688735,0.117032,,-1.92237,10.1079,0.282046,0.297871,fluid
2100,18.6198,0.781659,,1004.86,-11.298,38690.6,,0.185219,-0.036347,0.188751,,-1.88982,10.515,0.178063,0.705036,fluid
2101,19.3604,1.32901,,1004.15,9.85421,32973.6,,0.563301,-0.0680524,0.567397,,-1.13642,10.5653,0.559689,0.755306,fluid
2102,19.1044,1.12667,,1004.4,3.46527,35009.3,,0.449152,-0.0723724,0.454945,,-1.23358,10.3576,0.590904,0.547602,fluid
2103,19.3258,1.53666,,1003.92,15.2027,31124.4,,0.656032,-0.0273696,0.656603,,-0.921968,10.5931,0.682254,0.783079,fluid
2104,19.3118,1.92451,,1003.48,22.0294,27562.4,,0.682543,-0.0980423,0.689549,,-0.499022,10.5011,0.92327,0.691054,fluid
2105,19.1153,1.50918,,1003.97,15.373,31517.5,,0.553588,-0.0459216,0.555489,,-1.03717,10.6874,0.605124,0.8774,fluid
2106,19.1146,1.87785,,1003.55,20.6431,28162.1,,0.690849,-0.100079,0.698061,,-0.83805,10.5007,0.630072,0.690704,fluid
2107,18.738,2.35055,,1003,19.1825,23757.4,,0.694724,-0.159533,0.712806,,-0.682595,10.3906,0.581483,0.580646,fluid
2108,18.7775,2.12792,,1003.28,33.0755,25991,,0.691025,-0.0402155,0.692194,,-0.896958,10.495,0.482677,0.684954,fluid
2109,18.5735,2.49986,,1002.83,24.8135,22377.7,,0.639372,-0.0513559,0.641431,,-0.447891,9.94234,0.753527,0.132339,fluid
2110,18.7117,2.62548,,1002.66,32.0729,21013,,0.632554,-0.0539305,0.634849,,-0.258112,10.343,0.861899,0.533012,fluid
2111,18.0632,2.68065,,1002.64,25.9917,20868.1,,0.618146,-0.230786,0.659824,,-0.702603,10.3061,0.44964,0.496091,fluid
2112,17.7228,2.97487,,1002.3,37.1574,18145.3,,0.539583,-0.0678035,0.543827,,-0.899205,10.2915,0.122287,0.48148,fluid
2113,17.5631,3.19314,,1002.03,10.4176,16033.3,,0.552795,-0.145073,0.571514,,-0.390078,9.87565,0.520971,0.0656496,fluid
2114,17.3988,3.42319,,1001.77,40.7757,13941.3,,0.479525,0.00985767,0.479626,,-0.562378,8.69049,0.237487,-1.11951,fluid
2115,16.9711,3.52045,,1001.65,58.7178,12997.7,,0.495411,0.0491201,0.49784,,-1.10492,9.86127,-0.340305,0.0512691,fluid
2116,17.0473,3.82004,,1001.21,-26.9698,9535.26,,0.359673,-0.175629,0.400263,,-0.804176,7.42327,-0.245511,-2.38673,fluid
2117,15.8127,4.01997,,1000.93,47.9915,7305.02,,0.69536,0.258195,0.741748,,-1.17541,8.84437,-0.713868,-0.965625,fluid
2118,14.1393,4.3097,,1000.55,64.6992,4333.99,,1.02204,-0.321181,1.07132,,0.24391,7.8759,0.550261,-1.9341,fluid
2119,10.8751,5.19479,,1000.33,1.36381,2579.8,,0.681387,-0.229492,0.718996,,1.81438,8.30013,2.05153,-1.50987,fluid
2120,6.87737,5.07976,,1000.54,-328.22,4225.97,,-2.38115,-1.58863,2.86245,,-0.780838,13.8596,-0.166693,4.04957,fluid
2121,4.16792,7.94188,,1000.04,-38.6171,311.991,,0.115874,-0.616941,0.627729,,6.13138,3.12116,6.20624,-6.68884,fluid
2122,9.64617,4.1541,,1003.13,24.1927,24797.6,,0.473104,2.32787,2.37545,,-4.07472,7.76153,-1.51202,-2.04847,fluid
2123,10.2826,3.9401,,1002.58,86.162,20409.8,,1.42926,0.948334,1.71526,,3.02142,8.64413,5.0012,-1.16587,fluid
2124,8.68837,3.26109,,1005.01,29.8207,39893.1,,0.64967,2.40657,2.49272,,-8.36647,9.98437,-3.79779,0.174365,fluid
2125,12.8396,0.959044,,1004.64,-22.7963,36915.1,,-0.560481,-0.0409355,0.561974,,-1.51688,8.56829,1.34494,-1.24171,fluid
2126,15.0039,0.212329,,1005.63,-13.2862,44977.1,,-0.27611,-0.0184898,0.276728,,-3.60243,9.28649,-0.621532,-0.523509,fluid
2127,14.9269,0.474595,,1005.18,-14.3158,41277,,-0.151624,-0.0794949,0.171199,,-2.79082,9.52133,-0.0397969,-0.288666,fluid
2128,15.5166,0.66039,,1004.9,-14.4911,39003.7,,-0.287513,-0.0314612,0.289229,,-3.02568,9.3209,-0.524258,-0.489104,fluid
2129,17.2828,0.610609,,1005.11,-13.4025,40700.5,,-0.0118232,0.0269313,0.0294123,,-3.18131,10.1079,-0.838302,0.297905,fluid
2130,17.8978,0.565841,,1005.19,-22.6786,41380.3,,-0.0465237,-0.0190368,0.0502679,,-2.61705,10.1513,-0.31696,0.341334,fluid
2131,19.0922,0.924245,,1004.65,-5.99796,36970.2,,0.301452,-0.0907234,0.314808,,-1.09673,10.7769,0.830723,0.966865,fluid
2132,19.7781,1.32222,,1004.12,9.83704,32734.5,,0.638635,0.0435854,0.640121,,-1.11133,10.464,0.536972,0.653985,fluid
2133,19.5384,1.13584,,1004.36,8.3694,34629.8,,0.414487,-0.0786879,0.42189,,-1.0652,10.7254,0.699515,0.915417,fluid
2134,19.3228,1.12429,,1004.39,7.75773,34895.6,,0.421568,-0.0320231,0.422782,,-1.28486,10.6737,0.513184,0.863661,fluid
2135,19.5317,1.52693,,1003.91,12.5416,31058.6,,0.676351,0.0186569,0.676608,,-0.68815,10.2115,0.895814,0.401465,fluid
2136,19.5146,1.93156,,1003.44,22.0477,27315.7,,0.693355,-0.0492919,0.695105,,-0.519229,10.7606,0.875723,0.950588,fluid
2137,19.1383,1.69147,,1003.76,21.579,29861.3,,0.734553,-0.0461635,0.736002,,-0.915557,10.8058,0.638887,0.995835,fluid
2138,19.381,1.73188,,1003.69,28.5543,29317.6,,0.664109,-0.055146,0.666395,,-0.969483,10.884,0.537644,1.07398,fluid
2139,19.1854,2.09794,,1003.28,26.4648,25993.8,,0.664963,-0.0264928,0.66549,,-0.490137,10.3988,0.860304,0.588793,fluid
2140,18.9369,2.02926,,1003.39,25.3644,26856,,0.692757,-0.0318967,0.69349,,-0.786376,10.457,0.62702,0.646986,fluid
2141,18.9089,2.39178,,1002.93,19.8526,23208.1,,0.696593,-0.122609,0.707301,,-0.381067,10.5354,0.842712,0.725449,fluid
2142,18.8926,2.62584,,1002.64,23.4259,20869,,0.604229,-0.0441823,0.605843,,-0.0167221,10.2678,1.08498,0.457837,fluid
2143,18.2325,2.7681,,1002.51,16.3924,19862.9,,0.605971,-0.252536,0.656487,,-0.299115,10.3475,0.787575,0.53749,fluid
2144,17.948,2.86285,,1002.42,21.3377,19132.2,,0.583307,-0.182363,0.611149,,-0.316847,9.51847,0.746557,-0.291533,fluid
2145,17.8484,3.09485,,1002.14,42.5283,16925.3,,0.551949,-0.123122,0.565514,,-0.476058,10.5561,0.470198,0.746086,fluid
2146,17.6707,3.33415,,1001.85,6.27384,14598.9,,0.552137,-0.190651,0.584126,,-0.0420894,9.27806,0.78255,-0.531937,fluid
2147,17.2188,3.52621,,1001.63,70.5582,12890.4,,0.447789,0.0104101,0.44791,,-0.818407,9.39635,-0.071005,-0.41365,fluid
2148,17.4455,3.6348,,1001.46,69.2736,11512.9,,0.45222,-0.0778907,0.458879,,-0.711699,8.95973,-0.0527255,-0.850269,fluid
2149,16.1791,4.05085,,1000.91,12.1823,7191.96,,0.629502,0.470876,0.786127,,-1.1555,9.48815,-0.711381,-0.321847,fluid
2150,14.4671,4.25063,,1000.61,78.1569,4826.04,,0.967873,-0.0889524,0.971952,,-0.12476,8.2016,0.208623,-1.6084,fluid
2151,11.738,4.74572,,1000.54,92.3699,4220.29,,0.815868,-0.646951,1.04124,,1.37613,7.96627,1.73547,-1.84373,fluid
2152,8.04273,5.28963,,1000.27,-376.112,2107.63,,-1.9684,-1.2889,2.35284,,-4.93236,9.18913,-4.67038,-0.620874,fluid
2153,3.53536,5.88018,,1002.64,-193.899,20849.6,,-0.745281,0.272457,0.793522,,-11.7862,-15.5881,-5.90426,-25.3981,fluid
2154,4.91498,8.18482,,1003,155.566,23749.6,,-0.0727203,-3.49266,3.49342,,12.4639,1.30563,17.2815,-8.50437,fluid
2155,10.3251,4.5192,,1001.99,218.511,15744,,1.2478,0.408017,1.31281,,-1.34347,6.55189,0.178332,-3.25811,fluid
2156,7.92985,3.0759,,1007.36,2.17005,59075.1,,-0.155715,0.114919,0.193529,,-5.73029,16.9806,1.66497,7.1706,fluid
2157,12.4758,0.347176,,1005.78,-25.7066,46120.9,,-0.521597,-0.00586926,0.52163,,-1.42089,9.51119,2.25472,-0.298815,fluid
2158,15.7861,0.525975,,1005.12,-15.8212,40797.4,,-0.0724401,-0.0601774,0.0941748,,-2.9072,9.62465,-0.33597,-0.185353,fluid
2159,15.1574,0.320736,,1005.45,-16.237,43470.4,,-0.115044,-0.0116786,0.115635,,-3.4599,9.29522,-0.607505,-0.514784,fluid
2160,15.2387,0.502758,,1005.15,-10.8722,41021.2,,-0.0874991,-0.00592198,0.0876993,,-2.69001,9.53634,-0.0118826,-0.273657,fluid
2161,18.8714,0.906279,,1004.68,-7.86343,37274.8,,0.268726,-0.070546,0.277831,,-1.95045,10.2739,0.0155406,0.463863,fluid
2162,18.9447,0.729363,,1004.91,-11.4704,39091.4,,0.220008,-0.039351,0.223499,,-1.83752,10.418,0.215854,0.607992,fluid
2163,19.3001,0.92987,,1004.62,-3.64631,36770.3,,0.289085,-0.0421917,0.292147,,-1.53482,10.1896,0.361602,0.379582,fluid
2164,19.986,1.21464,,1004.23,16.8812,33581.2,,0.474332,-0.0312214,0.475359,,-1.20527,10.2387,0.467897,0.428736,fluid
2165,19.4858,0.915873,,1004.62,-1.09421,36764.2,,0.370003,0.0162742,0.370361,,-1.40768,10.299,0.470358,0.48901,fluid
2166,19.7739,1.50311,,1003.92,15.0638,31102.6,,0.529969,-0.0583705,0.533174,,-0.825758,10.6505,0.741017,0.840544,fluid
2167,19.5623,1.32575,,1004.13,6.61612,32856.3,,0.498409,-0.106194,0.509597,,-0.627143,10.7878,1.04551,0.977838,fluid
2168,19.8102,1.70494,,1003.68,20.1535,29239.1,,0.65402,0.00727641,0.65406,,-0.54794,10.5553,0.9226,0.745277,fluid
2169,19.5922,1.69898,,1003.71,24.1815,29455.6,,0.65877,0.0242877,0.659218,,-0.706107,10.7867,0.791764,0.976734,fluid
2170,19.7156,1.86904,,1003.5,25.6057,27759.4,,0.674076,0.00215206,0.674079,,-0.707087,11.0402,0.695994,1.23017,fluid
2171,19.4016,2.14237,,1003.2,21.4354,25350.6,,0.705423,-0.0288229,0.706012,,-0.598532,10.219,0.703923,0.408974,fluid
2172,19.0269,2.21661,,1003.15,37.2907,24929.3,,0.679001,-0.0590864,0.681567,,-0.655934,10.7152,0.650168,0.905236,fluid
2173,19.097,2.47181,,1002.81,17.5384,22249.3,,0.741198,-0.0992552,0.747814,,-0.0972454,10.6826,1.06456,0.872569,fluid
2174,19.0844,2.69911,,1002.53,22.9229,19978.1,,0.638363,-0.0828485,0.643716,,0.150878,10.2891,1.19507,0.47912,fluid
2175,18.4724,2.70614,,1002.57,34.2713,20353.2,,0.621335,-0.164853,0.642832,,-0.560465,10.9135,0.538525,1.10349,fluid
2176,18.2979,2.96279,,1002.26,7.86679,17885.1,,0.615569,-0.138583,0.630976,,-0.0195723,9.35482,0.955665,-0.455181,fluid
2177,18.0814,3.01356,,1002.23,25.7668,17582.8,,0.479172,-0.166334,0.507221,,-0.351738,9.88487,0.618525,0.0748656,fluid
2178,17.9186,3.2707,,1001.91,30.8816,15060.1,,0.553747,-0.273238,0.617491,,-0.12553,10.1156,0.713342,0.305593,fluid
2179,17.5997,3.538,,1001.59,56.1452,12556.8,,0.457167,-0.0279456,0.45802,,-0.333135,8.7359,0.379202,-1.0741,fluid
2180,17.7439,3.71739,,1001.32,40.1582,10422.9,,0.392611,-0.0716104,0.399088,,-0.0931631,9.76943,0.493467,-0.0405673,fluid
2181,16.3321,3.83734,,1001.22,49.5136,9630.34,,0.476993,0.122908,0.492573,,-1.08037,8.31945,-0.491433,-1.49055,fluid
2182,15.0166,4.07734,,1000.82,70.062,6429.47,,0.981887,0.0536793,0.983353,,-0.875937,8.89763,-0.448129,-0.912373,fluid
2183,13.0936,4.60885,,1000.43,116.707,3365.76,,1.17623,-0.463305,1.26419,,1.03796,8.72639,1.2949,-1.08361,fluid
2184,9.58586,5.19647,,1000.63,-33.9908,4961.3,,-0.812195,0.997126,1.28605,,4.34537,13.519,4.86261,3.70901,fluid
2185,4.06223,6.01826,,1003.62,-131.787,28751.9,,-2.1072,0.352812,2.13653,,10.845,7.20221,17.8973,-2.60779,fluid
2186,3.62341,4.36466,,1005.47,-89.6533,43679.7,,-0.0321204,-2.41757,2.41778,,-14.7667,13.5225,-2.77747,3.71253,fluid
2187,9.92203,4.55235,,1002.29,162.115,18101.6,,0.44118,0.872514,0.977712,,1.14176,7.16378,2.96198,-2.64622,fluid
2188,11.3429,3.09629,,1002.9,120.408,22928,,1.17185,-0.440486,1.2519,,-0.189771,9.22557,1.82575,-0.584427,fluid
2189,13.1824,0.148987,,1005.97,-9.92842,47735.9,,-0.267914,-0.0119371,0.268179,,-2.26723,9.36812,1.33246,-0.441884,fluid
2190,16.0035,0.342014,,1005.45,-12.0389,43454.7,,-0.135095,-0.0235002,0.137124,,-3.32517,9.39,-0.624561,-0.420002,fluid
2191,15.5458,0.437732,,1005.26,-17.4266,41954.1,,-0.175071,-0.0113288,0.175437,,-3.24884,9.3759,-0.564228,-0.434101,fluid
2192,16.6564,0.534239,,1005.17,-21.0925,41240.8,,-0.141876,-0.038072,0.146895,,-2.98476,9.93591,-0.521535,0.125911,fluid
2193,18.4324,0.644483,,1005.06,-18.4759,40316.9,,0.126113,-0.0159068,0.127113,,-1.76744,10.312,0.408833,0.502036,fluid
2194,19.1636,0.721256,,1004.9,-12.4362,39014.7,,0.274816,-0.0858615,0.287917,,-0.851897,10.4872,1.17405,0.677241,fluid
2195,19.6847,0.953829,,1004.56,-3.41175,36240.4,,0.37406,-0.0243332,0.374851,,-0.597347,10.265,1.23535,0.455044,fluid
2196,20.151,1.2012,,1004.22,8.59117,33577.8,,0.413593,-0.00276913,0.413602,,-0.903668,10.3995,0.755632,0.589511,fluid
2197,19.9287,0.988438,,1004.49,3.28815,35736.5,,0.431045,0.0246097,0.431747,,-1.08611,10.4076,0.699084,0.597625,fluid
2198,20.286,1.36546,,1004.03,12.9099,31983.7,,0.584005,0.0498296,0.586127,,-0.887877,10.78,0.682437,0.970016,fluid
2199,19.7679,1.11917,,1004.35,1.80093,34615.7,,0.41222,0.0273769,0.413128,,-0.656373,10.9302,1.08714,1.12017,fluid
2200,20.0018,1.63229,,1003.75,15.8356,29768.3,,0.637156,-0.00339439,0.637165,,-0.626524,10.3089,0.856195,0.498908,fluid
2201,19.9857,1.41256,,1004,15.6902,31777.1,,0.575368,-0.0268601,0.575995,,-0.783091,10.7207,0.800566,0.910705,fluid
2202,20.0486,1.80845,,1003.54,25.918,28091.6,,0.650286,-0.00842142,0.65034,,-0.525943,10.6107,0.870286,0.800692,fluid
2203,19.7677,2.07794,,1003.24,22.1142,25665.3,,0.751719,-0.0470081,0.753187,,-0.512182,10.5243,0.781975,0.71429,fluid
2204,19.2403,2.3164,,1003,34.2824,23744.4,,0.663918,-0.109859,0.672945,,-0.365373,11.0807,0.865031,1.27071,fluid
2205,19.4607,2.3436,,1002.94,30.5045,23297,,0.708357,-0.0324536,0.7091,,-0.516647,11.1784,0.676971,1.36842,fluid
2206,19.3079,2.5492,,1002.69,16.6427,21313.5,,0.702275,-0.177026,0.724244,,0.0167901,10.591,1.1177,0.780995,fluid
2207,18.7703,2.84666,,1002.37,33.9889,18718.6,,0.654223,-0.186747,0.680354,,0.0190953,11.1204,1.01399,1.31042,fluid
2208,18.5762,2.86502,,1002.36,22.5925,18663.1,,0.603686,-0.170154,0.627207,,-0.295072,10.6294,0.707237,0.819372,fluid
2209,18.4154,3.09424,,1002.09,29.476,16484.5,,0.532124,-0.0285697,0.53289,,0.209007,9.95183,1.10229,0.141833,fluid
2210,18.1536,3.17856,,1002.01,40.5372,15871.7,,0.502399,-0.199719,0.540641,,-0.369557,10.9205,0.502991,1.11054,fluid
2211,17.8025,3.5432,,1001.56,39.9511,12263.3,,0.45423,-0.0266421,0.455011,,-0.0132829,8.4453,0.674502,-1.3647,fluid
2212,17.9893,3.70061,,1001.32,19.2974,10404.7,,0.427112,-0.104858,0.439795,,-0.104591,9.56478,0.473029,-0.245216,fluid
2213,16.6712,3.82168,,1001.25,31.1452,9848.05,,0.391025,0.0674969,0.396808,,-0.991775,7.95232,-0.40179,-1.85768,fluid
2214,15.2268,4.05276,,1000.84,60.8584,6638.18,,0.774844,0.107223,0.782227,,-0.73917,8.84022,-0.303584,-0.969782,fluid
2215,13.9101,4.46802,,1000.42,84.1775,3315.55,,0.942805,-0.292271,0.987068,,0.567605,9.17269,0.80586,-0.63731,fluid
2216,10.1687,5.12237,,1000.5,0.739629,3956.64,,-0.517263,-0.693595,0.865236,,3.45154,13.7946,3.84044,3.98462,fluid
2217,4.5797,6.09015,,1000.57,-550.007,4445.3,,-1.87327,0.531682,1.94726,,3.94738,-1.14539,4.91748,-10.9554,fluid
2218,4.23483,3.32636,,1006.76,-53.2626,54131.3,,0.300645,-2.25032,2.27031,,-17.4857,13.3204,-4.78915,3.51037,fluid
2219,9.2975,2.04115,,1004.81,193.862,38279.3,,1.97662,2.64439,3.30149,,-5.00199,17.1689,-0.904531,7.35894,fluid
2220,6.53448,2.40382,,1006.05,285.432,48369.1,,2.02238,-1.7258,2.65865,,-9.95607,16.538,-2.59847,6.72802,fluid
2221,13.5516,0.111404,,1005.98,1.79071,47784.2,,-0.355268,0.00729623,0.355343,,-2.10436,8.45104,1.40078,-1.35896,fluid
2222,16.4681,0.413057,,1005.35,-17.6144,42700.5,,-0.0457848,-0.0339049,0.0569718,,-3.5666,9.645,-0.987497,-0.164995,fluid
2223,17.0193,0.560123,,1005.16,-18.695,41160.8,,0.120247,-0.0454728,0.128558,,-2.91057,9.94436,-0.504516,0.13436,fluid
2224,17.2061,0.804367,,1004.82,-13.8983,38401,,0.0687434,-0.0117778,0.0697451,,-2.9417,10.2006,-0.720587,0.390625,fluid
2225,19.3876,0.703534,,1004.9,-10.0527,39023.1,,0.317269,0.0398005,0.319756,,-1.61872,10.5321,0.384252,0.72213,fluid
2226,18.1058,0.494129,,1005.3,-23.3027,42269.5,,0.0405213,-0.0237829,0.0469851,,-2.19304,10.0635,0.129231,0.253514,fluid
2227,19.6492,0.749932,,1004.81,-9.04388,38308.4,,0.314876,-0.0347395,0.316786,,-1.21884,10.1759,0.72144,0.365865,fluid
2228,20.5732,1.07714,,1004.33,11.532,34429.6,,0.461928,0.0147997,0.462165,,-1.24703,10.2447,0.419275,0.434717,fluid
2229,20.0792,0.925253,,1004.55,8.38634,36229,,0.396251,-0.0505827,0.399466,,-0.966866,10.5064,0.829259,0.696426,fluid
2230,20.3599,1.1583,,1004.25,1.97475,33805.9,,0.53383,0.0910696,0.541543,,-0.407428,10.371,1.24595,0.560998,fluid
2231,20.5026,1.32256,,1004.06,20.2856,32229.4,,0.551392,-0.0155329,0.55161,,-0.905344,10.4644,0.66027,0.654408,fluid
2232,20.3243,1.65117,,1003.7,21.7545,29355.8,,0.604835,0.00545089,0.60486,,-0.92246,10.4627,0.516586,0.652684,fluid
2233,20.1711,1.51147,,1003.87,16.9825,30748.5,,0.590875,0.00022324,0.590875,,-0.681822,10.8376,0.836683,1.02759,fluid
2234,20.2397,1.82752,,1003.5,22.5389,27755.2,,0.677483,0.106082,0.685738,,-0.480603,10.5266,0.885938,0.71662,fluid
2235,19.9362,1.96374,,1003.36,32.14,26672.9,,0.718908,0.000196501,0.718908,,-0.581957,10.8562,0.751468,1.04615,fluid
2236,19.6005,2.16974,,1003.14,18.643,24896.8,,0.681821,-0.0034574,0.68183,,-0.28709,10.1866,0.979145,0.376562,fluid
2237,19.7157,2.34475,,1002.91,29.0257,23077.5,,0.734038,0.00107598,0.734039,,-0.109566,11.0216,1.05755,1.21157,fluid
2238,19.5516,2.51595,,1002.72,31.512,21484.9,,0.72443,-0.113422,0.733256,,-0.171969,11.2021,0.923937,1.3921,fluid
2239,18.9669,2.87547,,1002.31,39.9232,18255.8,,0.662971,-0.161312,0.682314,,-0.251646,11.2032,0.708644,1.39317,fluid
2240,18.8247,3.10124,,1002.01,17.1768,15903.9,,0.600816,-0.194932,0.631647,,0.5391,9.51208,1.38224,-0.297924,fluid
2241,18.608,3.09769,,1002.05,19.3455,16227.1,,0.536387,-0.225211,0.581748,,0.476586,9.74489,1.34685,-0.0651098,fluid
2242,18.3011,3.28663,,1001.84,47.7973,14555.2,,0.518155,-0.206167,0.557664,,-0.152081,10.7435,0.641772,0.933462,fluid
2243,18.0203,3.44492,,1001.65,15.0387,13027,,0.474953,-0.283897,0.553333,,0.340564,8.48071,1.06228,-1.32929,fluid
2244,18.3169,3.57505,,1001.44,2.20827,11316.2,,0.48995,-0.343785,0.598531,,1.15569,8.97406,1.7726,-0.835936,fluid
2245,16.9043,3.97422,,1001.06,39.8926,8338.24,,0.205223,0.212949,0.295743,,-1.28403,8.2482,-0.79129,-1.5618,fluid
2246,15.6081,3.99986,,1000.94,58.5174,7398.85,,0.699077,0.124096,0.710006,,-0.849947,8.87277,-0.376355,-0.937228,fluid
2247,14.267,4.46856,,1000.4,59.2415,3147.76,,0.946341,-0.125649,0.954646,,0.716916,10.1165,0.93746,0.306544,fluid
2248,10.2649,5.12475,,1000.48,-76.7595,3785.36,,0.0478489,-1.18053,1.1815,,4.42517,13.2129,4.79376,3.40288,fluid
2249,3.07046,8.24795,,998.878,488.382,-8777.63,,1.80044,2.476,3.06139,,-2.87822,1.28027,-5.74016,-8.52973,fluid
2250,2.83327,6.23531,,1018.29,61.4908,151628,,0.385799,1.5981,1.64401,,7.65646,-14.3942,60.2122,-24.2042,fluid
2251,5.42237,13.0058,,999.079,31.9072,-7207.87,,-0.146147,0.0622053,0.158835,,-1.85647,-6.08375,-3.18697,-15.8937,fluid
2252,6.51756,1.32261,,1008.96,506.021,72223.2,,3.2824,-0.356329,3.30168,,-7.48484,13.3039,3.4981,3.49393,fluid
2253,13.9423,0.119335,,1005.9,-2.12566,47107.4,,-0.327665,-0.00666113,0.327733,,-3.20932,8.97176,0.149626,-0.838242,fluid
2254,15.7788,0.282276,,1005.54,-16.8627,44210.9,,-0.067778,-0.0171458,0.069913,,-3.91882,9.23434,-1.13234,-0.575663,fluid
2255,17.6587,0.459419,,1005.36,-27.3925,42707.3,,0.0924922,-0.0384813,0.100178,,-2.81943,10.0104,-0.413821,0.200443,fluid
2256,16.9588,0.359297,,1005.48,-26.2501,43751.5,,-0.0493602,-0.0136514,0.0512132,,-3.47721,9.63714,-0.911412,-0.172857,fluid
2257,18.4892,0.444441,,1005.36,-22.387,42774.1,,0.109017,0.00808331,0.109316,,-2.42535,10.2585,-0.124233,0.448539,fluid
2258,18.9823,0.559428,,1005.14,-14.6802,40997.1,,0.17232,-0.0451558,0.178138,,-1.87786,10.238,0.270836,0.428001,fluid
2259,20.2677,0.998704,,1004.45,2.25761,35367.3,,0.32977,0.0344835,0.331568,,-0.952956,10.1613,0.784328,0.3513,fluid
2260,20.7451,0.989138,,1004.42,12.4023,35163.8,,0.336417,0.0375767,0.338509,,-1.01355,10.2043,0.674028,0.394287,fluid
2261,20.4542,0.891083,,1004.56,2.69868,36253.9,,0.266703,0.0235578,0.267741,,-0.792438,10.6281,0.971967,0.818117,fluid
2262,20.8483,1.16849,,1004.21,15.8906,33463.4,,0.457455,0.0611178,0.46152,,-1.06022,10.4495,0.538142,0.639478,fluid
2263,20.6838,1.25717,,1004.12,17.1026,32724.2,,0.498627,0.0485261,0.500983,,-0.758109,10.4367,0.817518,0.626748,fluid
2264,20.4746,1.51353,,1003.84,23.7377,30521.1,,0.562595,0.0382275,0.563893,,-0.790952,10.8138,0.694021,1.00383,fluid
2265,20.7054,1.47769,,1003.87,17.9295,30702.7,,0.538835,0.151417,0.559706,,-0.933439,10.3785,0.543682,0.568486,fluid
2266,20.4887,1.77038,,1003.54,23.7754,28111.1,,0.605605,0.0204394,0.60595,,-0.676199,10.6055,0.690984,0.795475,fluid
2267,20.4376,1.96283,,1003.32,23.2063,26287.9,,0.705648,0.0778964,0.709935,,-0.551819,10.4647,0.730177,0.654739,fluid
2268,19.926,2.21666,,1003.05,24.1036,24164,,0.736312,-0.0510636,0.738081,,-0.243151,10.7465,0.965846,0.936481,fluid
2269,20.1132,2.24056,,1003,22.8971,23778.4,,0.743194,-0.032665,0.743912,,-0.302616,10.8737,0.876077,1.06365,fluid
2270,19.7597,2.58266,,1002.6,39.7969,20582.9,,0.726337,-0.0910865,0.732026,,-0.208412,11.1618,0.830547,1.35178,fluid
2271,19.3009,2.74609,,1002.44,23.4303,19294.8,,0.711795,-0.0915778,0.717662,,0.161247,10.3639,1.1585,0.553949,fluid
2272,19.1429,2.93716,,1002.2,49.4907,17387.9,,0.689085,-0.159405,0.707282,,0.0433913,10.9605,0.949716,1.15054,fluid
2273,19.0433,3.16265,,1001.89,24.6406,14891.4,,0.639296,-0.249007,0.686078,,0.345612,9.65934,1.12611,-0.150662,fluid
2274,18.6403,3.29577,,1001.78,42.0734,14053,,0.535318,-0.111808,0.546869,,0.270253,10.3355,1.02282,0.525526,fluid
2275,18.4844,3.38316,,1001.68,47.1158,13258.1,,0.606855,-0.259607,0.660052,,-0.00586752,10.5205,0.710185,0.710531,fluid
2276,18.583,3.62206,,1001.34,-15.1261,10589.4,,0.505106,-0.327863,0.602185,,1.172,10.1106,1.74108,0.300622,fluid
2277,17.2308,3.75844,,1001.28,-9.83571,10053.7,,0.405319,-0.214818,0.458727,,-0.465402,8.23961,0.117323,-1.57039,fluid
2278,16.0349,4.10915,,1000.82,-14.7785,6472.8,,0.543549,0.09729,0.552187,,-0.909969,9.4593,-0.50663,-0.350697,fluid
2279,14.746,4.20018,,1000.66,34.1519,5163.79,,0.941875,-0.201012,0.963086,,-0.241435,8.40649,0.108518,-1.40351,fluid
2280,12.7285,4.6976,,1000.42,128.556,3290.65,,1.3304,-0.636515,1.47482,,1.9352,8.32321,2.19362,-1.48679,fluid
2281,4.29122,6.48378,,1000.63,-364.781,4942.91,,-0.190759,-0.197209,0.274373,,7.35057,5.71327,8.50171,-4.09673,fluid
2282,3.53447,3.17405,,1012.07,286.64,98193.7,,1.38029,-1.32387,1.91255,,-4.88055,11.3051,22.57,1.49515,fluid
2283,9.891,2.80812,,1003.44,135.815,27275.9,,1.17615,2.3448,2.62324,,-3.51215,8.8725,-0.76395,-0.937504,fluid
2284,10.6741,4.09083,,1002.22,186.549,17541.7,,1.49428,0.239808,1.5134,,2.18904,5.83695,3.82879,-3.97305,fluid
2285,14.2829,0.107811,,1005.87,-2.01497,46880.6,,-0.22439,-0.00742086,0.224512,,-2.27997,9.07952,0.983176,-0.730479,fluid
2286,17.2196,0.398857,,1005.44,-22.5745,43374,,0.0552647,-0.0121945,0.0565942,,-2.89966,9.64957,-0.394411,-0.160432,fluid
2287,16.7505,0.333565,,1005.51,-24.666,43967.4,,-0.034187,-0.00193544,0.0342417,,-3.28873,9.56247,-0.678271,-0.247533,fluid
2288,18.7141,0.643997,,1005.04,-17.2204,40194.5,,0.242455,-0.0122643,0.242765,,-1.60084,10.3539,0.536198,0.543886,fluid
2289,19.8431,0.749635,,1004.79,-4.49956,38159.9,,0.288153,-0.0196902,0.288825,,-0.739886,10.5564,1.17403,0.746411,fluid
2290,20.0366,0.712827,,1004.82,-0.449724,38380.6,,0.279746,0.0366292,0.282134,,-0.902978,10.3059,1.00336,0.495908,fluid
2291,20.274,0.777049,,1004.71,3.05819,37514.2,,0.375272,0.0112847,0.375441,,-0.961789,10.2309,0.879895,0.42087,fluid
2292,21.0383,1.0456,,1004.34,15.2929,34519.2,,0.341016,0.0799706,0.350267,,-0.910922,10.454,0.722762,0.644033,fluid
2293,20.8136,0.819375,,1004.61,7.01987,36703.6,,0.31077,0.00357164,0.310791,,-1.25915,9.87308,0.496202,0.0630769,fluid
2294,21.2684,1.28748,,1004.07,16.9805,32312.5,,0.480595,0.18494,0.514951,,-1.32354,10.1298,0.189578,0.319849,fluid
2295,21.0295,1.24637,,1004.11,12.8448,32693.2,,0.440512,0.117527,0.45592,,-0.850253,10.3692,0.69801,0.559187,fluid
2296,20.6624,1.67755,,1003.64,24.464,28876,,0.568379,0.0782337,0.573738,,-0.849942,10.4848,0.542507,0.674799,fluid
2297,20.8774,1.44158,,1003.9,14.3391,30952.5,,0.474183,0.112672,0.487386,,-0.855038,10.2549,0.621793,0.444918,fluid
2298,20.8642,1.6961,,1003.61,23.8436,28600.2,,0.636527,0.171934,0.659339,,-1.13528,10.4036,0.230575,0.593645,fluid
2299,20.6214,2.08474,,1003.15,25.4409,24980.9,,0.672763,0.0708757,0.676486,,-0.616969,10.765,0.590629,0.955025,fluid
2300,20.1484,2.02923,,1003.26,32.8318,25863,,0.7137,-0.0118821,0.713799,,-0.514684,10.9847,0.764765,1.17472,fluid
2301,20.3275,2.33608,,1002.86,29.3765,22671.6,,0.753515,0.0831059,0.758084,,-0.326556,10.9781,0.785576,1.16814,fluid
2302,19.9139,2.43136,,1002.78,28.9108,22015.2,,0.718893,-0.0261464,0.719368,,-0.0374191,10.8882,1.06503,1.0782,fluid
2303,19.5307,2.71872,,1002.45,28.9313,19340.2,,0.749715,-0.0617197,0.752251,,0.260871,10.4738,1.2487,0.663798,fluid
2304,19.3784,2.92961,,1002.17,51.4885,17145.7,,0.646606,-0.0640079,0.649767,,0.339949,10.5142,1.22282,0.704169,fluid
2305,19.2851,3.13863,,1001.87,39.9932,14783.7,,0.702249,-0.237061,0.741183,,0.0777513,10.3867,0.842905,0.576743,fluid
2306,18.8577,3.31582,,1001.71,28.2567,13514,,0.56308,-0.166543,0.587193,,0.427622,9.94883,1.14303,0.138835,fluid
2307,18.7886,3.52006,,1001.45,28.7954,11467.3,,0.578969,-0.29349,0.649108,,0.260929,10.9666,0.870377,1.15655,fluid
2308,18.7315,3.80328,,1001.09,9.06191,8585.13,,0.598746,-0.304515,0.671734,,1.20526,9.80418,1.66309,-0.00581653,fluid
2309,17.5031,3.83064,,1001.17,-32.5845,9248.49,,0.30131,-0.348953,0.461038,,0.408768,8.97964,0.93654,-0.830357,fluid
2310,16.413,4.0222,,1000.97,60.3213,7660.6,,0.356501,0.274243,0.44978,,-1.37085,8.87576,-0.904563,-0.934244,fluid
2311,14.1848,4.51273,,1000.37,46.936,2928.31,,0.873544,-0.141536,0.884935,,0.856584,10.8529,1.06295,1.04295,fluid
2312,13.5603,4.50876,,1000.44,109.666,3420.08,,1.13895,-0.329607,1.18569,,1.11281,9.1465,1.36492,-0.663498,fluid
2313,5.7546,5.07754,,1000.85,-625.091,6650.18,,-2.74625,-1.23855,3.01262,,5.36728,11.8772,6.52193,2.06721,fluid
2314,8.03988,3.78204,,1004.99,-225.319,39770.2,,-0.843005,0.139414,0.854456,,-9.78701,14.734,-4.86496,4.92395,fluid
2315,9.63666,3.14357,,1003.65,206.377,28984.9,,1.32603,2.73298,3.03768,,-4.66782,7.62547,-1.67099,-2.18453,fluid
2316,7.14614,2.36349,,1006.96,442.167,55740.1,,3.09455,-1.25852,3.34068,,-4.6189,24.1627,3.12726,14.3527,fluid
2317,14.8192,0.0960344,,1005.84,-2.84282,46681.8,,-0.174367,-0.000680377,0.174368,,-3.08229,9.2655,0.0494959,-0.544498,fluid
2318,17.4381,0.383338,,1005.47,-24.7673,43671.6,,0.0300767,-0.0126589,0.0326321,,-2.85542,9.73228,-0.364676,-0.0777204,fluid
2319,17.1595,0.200834,,1005.77,-22.4986,46083.6,,-0.0722627,-0.0214275,0.0753727,,-3.01691,9.46001,-0.346716,-0.349994,fluid
2320,19.2783,0.527063,,1005.16,-16.6507,41118.3,,0.163007,-0.00865491,0.163237,,-1.38471,10.2302,0.737221,0.420184,fluid
2321,18.7176,0.466592,,1005.31,-21.9948,42343.7,,0.107706,-0.0342535,0.113022,,-1.47864,10.1282,0.771655,0.318168,fluid
2322,19.7933,0.544767,,1005.07,-10.4835,40413.9,,0.233365,-0.0191784,0.234152,,-1.52743,10.1169,0.504072,0.306872,fluid
2323,20.5822,0.785891,,1004.67,2.36632,37177.2,,0.339367,0.0439213,0.342198,,-0.830021,10.3047,0.967859,0.494665,fluid
2324,21.6478,0.82239,,1004.56,13.1202,36269.6,,0.18486,0.0377004,0.188665,,-1.48732,10.1348,0.180515,0.324772,fluid
2325,21.004,0.88086,,1004.53,8.53312,36027.7,,0.292954,0.0667359,0.300459,,-0.955241,10.0509,0.752309,0.240865,fluid
2326,21.4502,0.943579,,1004.44,15.2,35295.6,,0.261694,0.0852567,0.275232,,-1.26731,10.2541,0.370886,0.444133,fluid
2327,21.246,1.08051,,1004.3,12.4543,34149.7,,0.256109,0.0804327,0.268442,,-1.1205,10.3811,0.479977,0.57115,fluid
2328,21.0348,1.64418,,1003.66,25.1519,29056.7,,0.540893,0.163882,0.565174,,-0.749142,10.5305,0.627177,0.720549,fluid
2329,21.09,1.42442,,1003.91,16.4346,31073,,0.489213,0.0962343,0.498589,,-1.0426,10.307,0.425012,0.496973,fluid
2330,20.9107,1.92353,,1003.33,28.7599,26400.4,,0.610561,0.11913,0.622074,,-0.845987,10.7485,0.412351,0.938547,fluid
2331,20.7024,1.8981,,1003.37,24.0227,26742.6,,0.630978,0.0889308,0.637215,,-0.887344,10.5615,0.400073,0.751489,fluid
2332,20.3472,2.11528,,1003.14,25.2593,24863.7,,0.691213,0.0957437,0.697813,,-0.714772,10.9649,0.50338,1.15491,fluid
2333,20.5955,2.4922,,1002.64,41.2585,20852.9,,0.762448,0.130742,0.773576,,-0.385087,11.0355,0.62475,1.22554,fluid
2334,20.1665,2.45688,,1002.72,26.8075,21515.3,,0.756667,0.0476448,0.758165,,-0.255813,10.9004,0.808175,1.09038,fluid
2335,19.8154,2.78398,,1002.3,38.6072,18192.6,,0.727602,-0.0761502,0.731576,,0.0424059,10.423,0.958402,0.612962,fluid
2336,19.6199,2.89941,,1002.17,41.9998,17102.6,,0.721335,-0.0972825,0.727865,,0.195615,10.3561,1.06543,0.546063,fluid
2337,19.518,3.11831,,1001.85,33.9115,14622.9,,0.747164,-0.192287,0.771511,,0.243817,10.3243,0.991633,0.514344,fluid
2338,19.1341,3.33619,,1001.63,10.6014,12846.4,,0.657354,-0.263587,0.708232,,0.971286,10.4032,1.64158,0.593189,fluid
2339,19.0034,3.504,,1001.45,31.444,11398.5,,0.628133,-0.220269,0.665635,,0.953869,11.0308,1.55281,1.2208,fluid
2340,18.9341,3.72484,,1001.16,43.1417,9171.7,,0.532922,-0.311742,0.617405,,1.01831,10.585,1.50214,0.775027,fluid
2341,17.9729,3.88766,,1001.1,-5.07947,8665.72,,0.309452,-0.346544,0.4646,,0.561515,10.9448,1.04314,1.13484,fluid
2342,16.6157,4.03817,,1000.97,73.9782,7624.76,,0.293086,0.280404,0.405617,,-0.94116,8.60447,-0.482715,-1.20553,fluid
2343,15.3872,4.17774,,1000.66,1.49944,5197.12,,0.771407,-0.11986,0.780663,,-0.690008,8.50398,-0.352474,-1.30602,fluid
2344,13.4717,4.60925,,1000.38,69.9759,3009.63,,1.06811,-0.262805,1.09996,,1.86428,10.7385,2.0876,0.928489,fluid
2345,9.13907,5.39655,,1000.43,-146.811,3375.33,,-0.69525,0.646034,0.949069,,0.25014,10.6008,0.619311,0.790777,fluid
2346,9.04735,1.22239,,1005.98,178.047,47805.3,,1.66692,0.561673,1.759,,-7.43038,13.7614,-2.17791,3.95135,fluid
2347,4.28739,12.5569,,999.552,352.011,-3512.48,,1.15319,-1.64956,2.01268,,8.97852,-1.90117,8.15889,-11.7112,fluid
2348,9.30487,3.4214,,1004.01,131.153,31848.8,,0.968617,3.61095,3.7386,,-3.89984,6.45201,-0.490695,-3.35799,fluid
2349,15.2705,0.0978788,,1005.85,-5.16208,46731.8,,-0.175713,-0.0048914,0.175781,,-3.52325,9.30155,-0.480776,-0.508453,fluid
2350,17.9309,0.354772,,1005.53,-24.3743,44124.4,,0.0812799,-0.0104849,0.0819534,,-2.87384,9.77163,-0.426581,-0.0383736,fluid
2351,17.5741,0.178756,,1005.83,-20.0704,46533.4,,0.0375111,-0.0151263,0.0404461,,-3.07618,9.46502,-0.443683,-0.344983,fluid
2352,19.545,0.566789,,1005.07,-12.5896,40407.7,,0.168016,-0.0120494,0.168447,,-0.976133,10.3067,1.08086,0.496718,fluid
2353,18.9257,0.319598,,1005.52,-20.7951,44062.4,,0.0974355,-0.00578748,0.0976073,,-2.30157,9.74522,0.0138299,-0.0647778,fluid
2354,20.2741,0.598389,,1004.94,-4.74666,39341,,0.238992,0.00559508,0.239057,,-1.10727,10.0438,0.823654,0.233825,fluid
2355,20.4979,0.57427,,1004.94,-2.68812,39363.6,,0.226375,0.0104157,0.226614,,-1.12943,10.1181,0.7815,0.308138,fluid
2356,21.888,0.858275,,1004.51,14.0211,35872.4,,0.217894,0.0430744,0.222111,,-2.00167,9.61756,-0.370115,-0.192437,fluid
2357,21.2588,0.866383,,1004.53,11.8791,36041,,0.25383,0.110783,0.276952,,-1.49555,10.1337,0.192145,0.323733,fluid
2358,21.8322,1.02835,,1004.33,21.477,34455.5,,0.277464,0.063853,0.284716,,-1.64593,10.1977,-0.0745404,0.387701,fluid
2359,21.655,1.03822,,1004.33,16.082,34420.7,,0.233169,0.0648121,0.242009,,-1.7936,10.1449,-0.210946,0.334918,fluid
2360,21.2412,1.56648,,1003.76,26.7167,29809.4,,0.494732,0.213913,0.538998,,-0.986946,10.5973,0.411176,0.787278,fluid
2361,21.2476,1.77703,,1003.51,28.2693,27827.7,,0.581683,0.0750028,0.586499,,-1.00674,10.329,0.298372,0.519021,fluid
2362,21.0748,1.88746,,1003.37,29.2671,26723,,0.647116,0.22263,0.684341,,-0.633441,10.6937,0.630306,0.883684,fluid
2363,20.8421,2.12183,,1003.09,28.1216,24492.4,,0.71129,0.235351,0.749215,,-0.644335,10.7495,0.527183,0.939482,fluid
2364,20.5274,2.28173,,1002.92,30.1874,23106.4,,0.76365,0.110378,0.771586,,-0.686768,11.1035,0.435589,1.2935,fluid
2365,20.8439,2.51044,,1002.59,34.8377,20501.8,,0.710882,0.131394,0.722923,,-0.41805,10.5868,0.562991,0.776761,fluid
2366,20.3916,2.5591,,1002.56,42.8921,20231.6,,0.760793,0.026787,0.761265,,0.00866626,10.7915,0.998291,0.981518,fluid
2367,20.0185,2.61375,,1002.52,34.1588,19930.6,,0.706799,-0.0306592,0.707463,,-0.25782,10.8205,0.735286,1.01055,fluid
2368,20.0494,2.81528,,1002.22,35.4531,17509.2,,0.769524,-0.0635044,0.77214,,-0.294686,10.6419,0.576685,0.831864,fluid
2369,19.8052,2.99594,,1001.98,34.863,15621.1,,0.773581,-0.105128,0.780692,,0.190025,10.2459,0.977203,0.435944,fluid
2370,19.4023,3.31812,,1001.6,2.38984,12604.1,,0.670362,-0.300826,0.734766,,0.417848,11.1456,1.06643,1.33558,fluid
2371,19.222,3.52194,,1001.39,19.808,10917.4,,0.566183,-0.224908,0.609218,,1.35199,11.5531,1.91917,1.74314,fluid
2372,19.076,3.76697,,1001.08,53.601,8475.09,,0.585857,-0.415919,0.718482,,1.58217,10.2949,2.02597,0.484851,fluid
2373,18.1434,3.60403,,1001.42,16.1921,11200.9,,0.504616,-0.157354,0.52858,,0.690952,8.70043,1.30743,-1.10957,fluid
2374,16.8312,4.07782,,1000.95,34.5039,7442.37,,0.195869,0.336087,0.388997,,-1.05375,10.1947,-0.611988,0.384704,fluid
2375,15.7227,4.27659,,1000.58,24.854,4578.25,,0.547,-0.0298492,0.547814,,-0.690459,7.95355,-0.399441,-1.85645,fluid
2376,13.1346,4.66548,,1000.39,87.489,3075.04,,1.23854,-0.388053,1.29791,,1.41535,10.2659,1.64938,0.455866,fluid
2377,4.76167,6.64973,,1002.73,322.034,21639.9,,0.416948,-0.800071,0.902197,,-1.01405,13.661,3.51816,3.85101,fluid
2378,3.4274,9.97768,,994.502,22.3316,-42443.5,,0.254574,0.530669,0.588572,,4.49611,0.253979,-7.95595,-9.55602,fluid
2379,10.9965,3.46202,,1002.69,127.756,21278.5,,1.56463,-0.170426,1.57388,,1.46124,8.88671,3.39107,-0.923292,fluid
2380,8.92011,2.34888,,1005.55,310.726,44282.8,,1.94616,3.75528,4.22962,,-3.51073,8.93934,1.42625,-0.870658,fluid
2381,15.6382,0.107326,,1005.85,-15.0393,46726.6,,-0.199056,-0.00417926,0.199099,,-3.79071,9.27211,-0.820106,-0.53789,fluid
2382,18.2748,0.361385,,1005.51,-22.3485,43963.6,,0.100522,-0.00272968,0.100559,,-2.4384,9.84017,-0.045883,0.0301686,fluid
2383,17.7391,0.21051,,1005.77,-20.6825,46108.2,,-0.0273835,-0.011863,0.0298427,,-2.62889,9.53683,-0.0445793,-0.273166,fluid
2384,19.5361,0.395233,,1005.32,-11.2749,42456.5,,0.184035,-0.0102519,0.184321,,-1.35968,9.90437,0.80204,0.0943742,fluid
2385,19.0958,0.380008,,1005.4,-22.7822,43103.8,,0.134664,-0.011328,0.13514,,-1.42638,9.83069,0.818724,0.0206902,fluid
2386,20.9204,0.621206,,1004.83,3.09508,38485.8,,0.19383,-0.0285631,0.195923,,-1.44725,10.152,0.383528,0.342014,fluid
2387,20.6953,0.602314,,1004.88,2.17665,38883.4,,0.208929,0.0201483,0.209899,,-0.625724,10.31,1.24399,0.500036,fluid
2388,22.1324,1.024,,1004.33,24.9358,34455.6,,0.15007,0.0962376,0.178277,,-1.9463,11.0677,-0.396222,1.2577,fluid
2389,21.4288,0.738622,,1004.66,14.0729,37095.5,,0.210989,0.0771708,0.224659,,-1.25623,9.88959,0.466851,0.0795927,fluid
2390,22.4079,1.21187,,1004.13,27.1509,32831.5,,0.225263,0.02975,0.227219,,-2.25757,9.63376,-0.798423,-0.176241,fluid
2391,21.9805,1.14656,,1004.21,31.352,33434.8,,0.238777,-0.0210972,0.239707,,-1.65667,10.7043,-0.141932,0.894321,fluid
2392,21.4562,1.15393,,1004.21,17.5396,33476.2,,0.387341,0.0807855,0.395676,,-1.58024,10.1146,-0.0265726,0.304555,fluid
2393,21.3919,1.48184,,1003.86,28.3685,30621.2,,0.401467,0.0715653,0.407796,,-0.89692,10.2796,0.529019,0.469582,fluid
2394,21.3408,1.95017,,1003.3,23.8481,26193,,0.523274,0.303405,0.604872,,-1.20627,10.2697,0.0170523,0.459746,fluid
2395,21.0563,2.16132,,1003.03,27.7584,24034.1,,0.604401,0.126757,0.61755,,-0.973087,10.5439,0.164885,0.733893,fluid
2396,20.7307,2.30667,,1002.87,35.2651,22734.7,,0.730076,0.107042,0.737882,,-0.290805,11.3902,0.802723,1.58023,fluid
2397,21.1332,2.54143,,1002.54,45.2332,20096.8,,0.866544,0.27587,0.909397,,-0.92039,11.128,0.0281585,1.31796,fluid
2398,20.759,2.68045,,1002.34,44.4232,18507.8,,0.83963,0.118433,0.847941,,-0.540823,10.1594,0.34865,0.3494,fluid
2399,20.254,2.70079,,1002.36,41.5078,18684.8,,0.803926,-0.0134419,0.804038,,-0.028198,10.6541,0.892149,0.844074,fluid
2400,20.4091,2.87866,,1002.08,38.3442,16415.2,,0.836893,0.0267074,0.837319,,0.211976,10.7073,1.01461,0.897313,fluid
2401,20.2104,2.96163,,1001.98,35.7188,15632,,0.918199,-0.0762113,0.921357,,-0.0270336,10.9263,0.744901,1.11635,fluid
2402,19.6897,3.22034,,1001.68,24.2635,13240.6,,0.886614,-0.200054,0.908904,,0.420109,10.9798,1.09145,1.16977,fluid
2403,19.4,3.57286,,1001.3,30.8155,10230.6,,0.674731,-0.400927,0.78486,,1.05123,11.7487,1.5779,1.93872,fluid
2404,19.2339,3.91386,,1000.81,62.453,6381.19,,0.678275,-0.354272,0.765222,,1.47222,8.79818,1.80371,-1.01182,fluid
2405,18.3888,3.74537,,1001.23,-0.18248,9682.75,,0.382242,-0.172144,0.419217,,1.39336,10.0784,1.91927,0.268449,fluid
2406,17.2546,4.05443,,1000.98,-43.2802,7689.04,,0.189997,0.0248909,0.19162,,-0.209691,8.88632,0.235498,-0.923684,fluid
2407,15.9561,4.41222,,1000.52,68.9652,4088.69,,0.43983,0.266591,0.514317,,-0.808428,8.72898,-0.552316,-1.08102,fluid
2408,14.5317,4.46091,,1000.41,49.0408,3200.99,,0.786227,-0.0331436,0.786925,,0.199474,10.0644,0.419661,0.254352,fluid
2409,5.74341,5.38673,,1000.61,-444.536,4799.5,,-2.69923,-0.341237,2.72072,,10.4163,12.4193,11.2514,2.60927,fluid
2410,5.744,7.44411,,1000.21,236.469,1629.39,,1.52737,-3.46544,3.7871,,-0.0739518,1.81801,0.209657,-7.99199,fluid
2411,5.19647,0.583505,,1006.18,45.3882,49447.8,,0.592593,-0.295322,0.662104,,-6.83491,11.6228,2.62226,1.81276,fluid
2412,6.75625,1.65042,,1007.45,610.536,59807.2,,4.28025,-1.0824,4.41499,,-3.98511,12.6016,4.80154,2.79163,fluid
2413,15.9669,0.109732,,1005.86,-14.1999,46791.4,,-0.139327,-0.00663551,0.139485,,-3.71986,9.28488,-0.806399,-0.525125,fluid
2414,18.5115,0.223232,,1005.72,-23.7593,45699.9,,0.0506105,-0.00960939,0.0515147,,-2.39381,9.59569,0.0608674,-0.214315,fluid
2415,18.136,0.18969,,1005.8,-24.02,46347,,0.0599629,-0.00379183,0.0600826,,-2.58569,9.55651,-0.0449016,-0.253488,fluid
2416,19.8946,0.36967,,1005.31,-14.0733,42331.5,,0.204058,-0.00690236,0.204174,,-1.42335,9.77115,0.693205,-0.0388483,fluid
2417,20.0557,0.51254,,1005.08,-10.1581,40500.5,,0.176497,0.0368532,0.180304,,-0.963056,10.2876,1.04613,0.477625,fluid
2418,21.1109,0.709651,,1004.71,5.98344,37518.4,,0.235427,0.0186784,0.236167,,-1.02908,9.95538,0.739785,0.145377,fluid
2419,21.7412,0.664332,,1004.73,14.7449,37617,,0.220771,0.0303384,0.222846,,-1.53056,10.2364,0.191523,0.42642,fluid
2420,22.5937,1.11259,,1004.25,28.7989,33814.5,,0.0486487,-0.0571972,0.075088,,-2.20564,9.98598,-0.715348,0.175976,fluid
2421,22.1905,0.886578,,1004.48,12.3373,35616.9,,0.221661,0.125013,0.254484,,-1.75264,9.3545,-0.15474,-0.455498,fluid
2422,22.3677,1.02109,,1004.34,35.4781,34533.5,,0.183698,0.113479,0.215922,,-1.89619,10.708,-0.358966,0.898048,fluid
2423,22.5977,1.83799,,1003.44,24.0939,27291.7,,0.316502,0.273987,0.418619,,-1.74138,10.2927,-0.537795,0.4827,fluid
2424,22.1898,1.24753,,1004.09,27.8805,32516.4,,0.422347,0.13547,0.443542,,-1.94171,9.64294,-0.482307,-0.167058,fluid
2425,22.5102,1.63313,,1003.67,39.7094,29147.6,,0.364888,0.134965,0.389049,,-1.83671,10.2414,-0.546586,0.431399,fluid
2426,21.7385,1.24965,,1004.11,21.5389,32619.3,,0.48494,0.140077,0.504766,,-1.59659,10.3844,-0.102197,0.574361,fluid
2427,21.3621,2.30797,,1002.87,27.6998,22678.8,,0.681265,0.247554,0.724848,,-0.345327,11.1064,0.713278,1.29644,fluid
2428,20.9786,2.33903,,1002.82,22.1215,22283.7,,0.711198,0.205257,0.740225,,-1.13134,11.0622,-0.0721085,1.25217,fluid
2429,21.4252,2.58686,,1002.49,48.7509,19662.2,,0.719439,0.244928,0.759988,,-0.849258,10.3151,0.0661774,0.505108,fluid
2430,21.3082,2.72244,,1002.27,52.5393,17898.2,,0.706646,0.194317,0.732876,,-1.06962,10.4676,-0.231547,0.657563,fluid
2431,20.548,2.74226,,1002.27,40.0584,17914.2,,0.8388,0.109365,0.8459,,-0.334498,10.4664,0.535352,0.656356,fluid
2432,20.769,2.85205,,1002.07,41.0979,16346.2,,0.916494,0.121248,0.924479,,-0.772337,10.6641,0.0130878,0.854135,fluid
2433,20.5568,3.03126,,1001.85,23.7637,14562.7,,0.912246,-0.0178336,0.91242,,-0.358307,11.1981,0.3488,1.38813,fluid
2434,20.0181,3.05397,,1001.86,23.9657,14711.3,,0.908549,-0.202676,0.93088,,0.357549,11.15,1.09108,1.33995,fluid
2435,19.892,3.21525,,1001.66,22.8029,13106.5,,0.764567,-0.193568,0.788689,,1.01091,11.4391,1.6687,1.62909,fluid
2436,19.6709,3.56838,,1001.28,57.4381,10102.1,,0.808986,-0.167388,0.826122,,1.05329,11.9031,1.56618,2.09312,fluid
2437,18.5327,3.90304,,1001.01,39.4984,7971.51,,0.392087,-0.248594,0.464253,,1.28648,9.76337,1.71618,-0.0466267,fluid
2438,17.7019,4.00676,,1000.99,-49.2735,7811.68,,0.217074,-0.418644,0.471576,,1.30093,8.78485,1.74178,-1.02515,fluid
2439,16.4801,4.22394,,1000.7,-62.4483,5533.64,,0.360555,-0.0165611,0.360935,,-1.35348,9.08635,-1.01794,-0.723648,fluid
2440,14.9143,4.40002,,1000.46,78.1806,3584.24,,0.855235,0.00990491,0.855293,,-0.216125,9.35827,0.0240882,-0.451731,fluid
2441,4.23081,9.70156,,999.867,56.8614,-1041.51,,0.294271,-0.0241144,0.295257,,-1.43912,2.02219,-1.68533,-7.78781,fluid
2442,5.58286,1.20229,,1008.18,431.805,65796.6,,2.93511,-1.98513,3.54339,,-7.84883,6.59612,3.841,-3.21388,fluid
2443,7.0605,2.96469,,1007.67,152.049,61610.3,,0.575844,-1.53812,1.64238,,-0.11835,7.79444,8.54126,-2.01556,fluid
2444,5.56808,1.82169,,1007.99,520.798,64195.7,,2.93861,-2.63909,3.94972,,-7.91136,7.87865,3.52653,-1.93135,fluid
2445,15.4385,0.265625,,1005.56,-9.74656,44360.6,,-0.173467,-0.0224111,0.174909,,-3.32205,9.30301,-0.464558,-0.506991,fluid
2446,19.3856,0.138938,,1005.75,-17.2906,45876.7,,0.0377272,-0.0156034,0.0408265,,-1.71196,9.5266,0.641059,-0.283397,fluid
2447,18.6894,0.213377,,1005.72,-22.5782,45694.1,,0.0877159,-0.00959179,0.0882387,,-2.15911,9.58983,0.271891,-0.22017,fluid
2448,20.1398,0.329439,,1005.33,-12.2297,42485.9,,0.221533,0.0152326,0.222056,,-1.22645,10.2451,0.871927,0.435147,fluid
2449,20.3821,0.414474,,1005.17,-7.49383,41205.3,,0.204532,-0.0119534,0.204881,,-0.978674,9.83291,1.03257,0.0229075,fluid
2450,21.5513,0.558787,,1004.85,9.54365,38644,,0.178786,0.0711516,0.192424,,-1.56329,10.2089,0.221166,0.398861,fluid
2451,22.0501,0.754261,,1004.62,7.48102,36731,,0.161761,-0.0374657,0.166043,,-2.11209,9.32371,-0.453952,-0.486292,fluid
2452,22.6341,0.866344,,1004.53,31.5199,36045.2,,0.203008,0.11376,0.232709,,-1.7796,10.3975,-0.194263,0.587482,fluid
2453,22.7651,1.08134,,1004.31,20.2942,34226.7,,0.146172,0.0389487,0.151272,,-2.40037,9.70659,-0.903346,-0.103414,fluid
2454,22.6834,1.33431,,1004.01,21.9386,31889.8,,0.319026,0.0354353,0.320988,,-2.77661,9.18967,-1.37637,-0.620333,fluid
2455,22.7257,2.00883,,1003.24,23.4165,25700.3,,0.186669,0.304571,0.357223,,-2.18405,9.35008,-1.05682,-0.459924,fluid
2456,22.505,1.39635,,1003.93,16.9546,31210.6,,0.397869,0.149296,0.424957,,-1.83394,9.5728,-0.452536,-0.237203,fluid
2457,22.7046,1.64942,,1003.67,43.6351,29108.9,,0.292443,0.146684,0.327169,,-1.71729,11.1491,-0.439905,1.33911,fluid
2458,22.3486,1.46309,,1003.86,22.2543,30607.6,,0.338347,0.213618,0.400139,,-2.02259,10.0124,-0.658302,0.202429,fluid
2459,21.5323,1.31391,,1004.04,23.8109,32102.8,,0.41429,0.0411193,0.416326,,-1.03851,10.6409,0.4464,0.830852,fluid
2460,21.2157,2.3956,,1002.74,33.3785,21702.8,,0.743504,0.225508,0.776951,,-0.832786,11.0476,0.187372,1.23757,fluid
2461,21.5602,2.40654,,1002.76,30.7446,21848.9,,0.691288,0.35323,0.776305,,-1.32044,10.786,-0.309841,0.97603,fluid
2462,21.7336,1.99859,,1003.29,33.6481,26092.2,,0.506544,0.182685,0.53848,,-1.35257,10.6453,-0.155955,0.835343,fluid
2463,21.0355,2.68619,,1002.32,54.7006,18345.6,,0.842528,0.255932,0.880542,,-0.596676,10.4864,0.27343,0.676448,fluid
2464,21.0255,2.86302,,1002.04,55.9538,16085.6,,0.831773,0.277958,0.876987,,-0.0710764,10.4079,0.69242,0.59792,fluid
2465,20.8264,3.01571,,1001.82,27.449,14396.8,,1.01343,0.0249035,1.01374,,-0.636214,11.3891,0.0538031,1.57909,fluid
2466,20.2996,3.1151,,1001.77,36.7606,13963.5,,0.865224,-0.0114257,0.8653,,0.516626,11.7709,1.20328,1.96087,fluid
2467,20.182,3.3066,,1001.54,44.2844,12174,,0.844461,-0.0983628,0.850171,,0.617894,11.6448,1.22018,1.83482,fluid
2468,19.5999,3.42434,,1001.45,15.1419,11426.3,,0.796186,-0.250107,0.834545,,0.835799,11.6804,1.41793,1.87036,fluid
2469,18.773,3.9611,,1000.85,41.8271,6697.64,,0.524729,-0.356198,0.634207,,1.66912,9.79346,2.02559,-0.0165385,fluid
2470,18.3416,4.00088,,1000.93,79.0974,7308.5,,0.307719,-0.271099,0.410104,,0.764663,10.0505,1.16276,0.240494,fluid
2471,17.1922,4.18327,,1000.89,48.2486,7035.6,,-0.112667,-0.218749,0.246059,,-0.252599,12.0822,0.156266,2.27221,fluid
2472,15.7627,4.44948,,1000.46,28.9278,3596.57,,0.408322,0.410792,0.579204,,-0.513772,10.1824,-0.285708,0.372379,fluid
2473,7.38098,5.11758,,1000.64,-345.869,5027.07,,-2.60656,-1.34889,2.9349,,-2.44878,16.411,-1.76813,6.60095,fluid
2474,4.12464,9.16642,,999.963,108.259,-293.319,,0.421215,0.105672,0.434268,,-2.19962,-0.389563,-2.27074,-10.1996,fluid
2475,5.09785,13.8893,,977.326,3.71726,-166286,,1.29108,-2.15399,2.51128,,0.0846517,-0.230456,-33.291,-10.0405,fluid
2476,7.35751,3.86673,,1004.52,-250.612,35985.7,,-2.41052,-1.89891,3.06863,,-1.81956,6.92657,3.04944,-2.88343,fluid
2477,16.2249,0.160326,,1005.78,-19.1604,46138.6,,-0.108133,-0.0114727,0.10874,,-4.11145,9.34717,-1.2841,-0.462825,fluid
2478,19.5887,0.110064,,1005.76,-17.6714,45952.6,,0.118327,-0.00915788,0.118681,,-1.66098,9.52897,0.671467,-0.281026,fluid
2479,19.3078,0.300302,,1005.5,-16.5984,43899.6,,0.249179,0.00579215,0.249246,,-1.86905,9.99514,0.392182,0.185135,fluid
2480,20.5854,0.31483,,1005.27,-5.07604,42034.9,,0.17721,0.00277358,0.177232,,-1.68258,9.78229,0.348686,-0.0277149,fluid
2481,20.758,0.418411,,1005.11,-1.19296,40685.5,,0.194751,6.43434e-05,0.194751,,-1.03614,9.82774,0.913895,0.0177387,fluid
2482,21.9442,0.576639,,1004.81,19.471,38330.9,,0.0979263,-0.00249772,0.0979582,,-1.74192,10.0185,-0.00354151,0.208539,fluid
2483,22.4624,0.864935,,1004.52,30.7478,35934.2,,0.122704,0.00649828,0.122876,,-2.25865,10.2603,-0.666095,0.450314,fluid
2484,22.8142,0.800322,,1004.62,35.1764,36787.3,,0.12033,0.0054698,0.120455,,-2.27213,10.2939,-0.667074,0.483902,fluid
2485,22.9275,0.977922,,1004.44,20.4601,35325.7,,0.105147,-0.022829,0.107597,,-2.47837,9.76731,-0.944432,-0.0426939,fluid
2486,22.8808,1.29636,,1004.09,30.3793,32465.3,,0.120247,0.141711,0.185853,,-2.13328,9.5872,-0.72016,-0.222803,fluid
2487,22.9167,2.03868,,1003.22,24.8922,25547.4,,0.159116,0.372587,0.40514,,-1.68283,10.1786,-0.571612,0.36856,fluid
2488,22.7935,1.49424,,1003.85,37.8074,30605.1,,0.298054,0.270106,0.402235,,-1.89899,10.3768,-0.561436,0.566782,fluid
2489,22.8799,1.83041,,1003.47,21.5141,27519.9,,0.151921,0.265293,0.305713,,-2.61533,9.37353,-1.41669,-0.436473,fluid
2490,22.3873,1.75777,,1003.54,36.6752,28044.3,,0.429673,0.0843777,0.437879,,-2.06908,10.6747,-0.820801,0.864748,fluid
2491,21.9783,1.35446,,1003.99,25.3207,31667.4,,0.423093,0.0597218,0.427287,,-1.58226,9.88384,-0.147129,0.0738358,fluid
2492,21.2437,2.11284,,1003.1,26.4489,24539.5,,0.632254,0.233348,0.673941,,-1.26394,10.6767,-0.112362,0.866737,fluid
2493,22.1258,1.69629,,1003.62,34.3354,28711.6,,0.500897,0.209928,0.54311,,-1.98592,10.5864,-0.692944,0.776379,fluid
2494,21.5152,1.89521,,1003.39,26.5782,26863.8,,0.513954,0.155182,0.536871,,-0.626928,10.1091,0.617451,0.299124,fluid
2495,21.6705,2.65641,,1002.42,46.2012,19105.1,,0.770402,0.411675,0.873496,,-1.05724,10.4218,-0.177749,0.611797,fluid
2496,21.3629,2.91065,,1001.96,30.4818,15494.8,,0.932071,0.242371,0.963068,,-0.704307,10.5319,0.0195851,0.721888,fluid
2497,21.1982,3.01304,,1001.81,30.6553,14280.8,,0.940436,0.237782,0.970031,,-0.849508,10.6324,-0.177044,0.822414,fluid
2498,20.8262,3.25571,,1001.56,11.2574,12337.9,,1.08417,0.199249,1.10233,,-0.34568,12.4877,0.245816,2.67767,fluid
2499,20.6172,3.1992,,1001.65,34.4063,12987.5,,0.971974,-0.00770778,0.972005,,-0.494553,12.5228,0.134349,2.71284,fluid
2500,20.1607,3.49011,,1001.32,46.3396,10387.5,,1.08166,-0.246291,1.10934,,0.534712,11.708,1.04927,1.898,fluid
2501,18.7623,4.219,,1000.49,-31.4152,3873.82,,0.464318,-0.308898,0.557682,,2.41326,9.17248,2.61962,-0.63752,fluid
2502,18.2571,4.4415,,1000.36,-46.3378,2856.76,,0.214524,-0.563947,0.603371,,1.90744,8.88476,2.06386,-0.925238,fluid
2503,17.0577,4.09847,,1000.95,-18.4964,7444.05,,-0.0565202,0.199247,0.207109,,-1.03962,10.7227,-0.603628,0.912663,fluid
2504,15.3178,4.4742,,1000.41,51.8124,3195.1,,0.707607,0.302351,0.769496,,-0.803782,10.5978,-0.59528,0.78779,fluid
2505,8.30401,5.3944,,1000.47,-233.515,3679.48,,-1.62547,-0.207969,1.63872,,-2.42154,7.75879,-1.97865,-2.05121,fluid
2506,4.58299,8.58522,,1000.6,12.1174,4710.75,,0.090981,-1.46263,1.46546,,-5.75469,10.7136,-4.72743,0.903556,fluid
2507,6.96541,5.93331,,998.36,113.777,-12806.8,,0.68554,-1.99025,2.105,,-13.5018,-1.33155,-15.3434,-11.1416,fluid
2508,6.90917,1.99713,,1006,361.458,47940.8,,3.58028,-0.316344,3.59423,,-3.52564,16.5583,3.37171,6.74834,fluid
2509,16.4455,0.122068,,1005.86,-16.2667,46772.5,,-0.0700803,-0.00305924,0.070147,,-3.80787,9.36622,-0.980338,-0.443783,fluid
2510,20.0975,0.134005,,1005.62,-11.4275,44858.1,,0.0970671,-0.0118049,0.0977823,,-1.18238,9.5573,1.03718,-0.252703,fluid
2511,19.7153,0.26236,,1005.5,-14.8941,43879.3,,0.127412,0.00483612,0.127503,,-1.16589,9.89599,1.04758,0.0859902,fluid
2512,20.9849,0.375536,,1005.12,-1.85724,40837.6,,0.210299,0.0633651,0.219638,,-1.65393,9.5734,0.282189,-0.236597,fluid
2513,21.1281,0.47179,,1004.99,4.16264,39729,,0.244393,0.0356548,0.24698,,-1.30527,10.0269,0.56579,0.216859,fluid
2514,22.1658,0.538088,,1004.85,16.9815,38635.6,,0.0635807,0.0286202,0.0697254,,-1.82199,9.77917,-0.087378,-0.0308332,fluid
2515,22.3147,0.689454,,1004.69,11.9955,37332.2,,0.171696,0.0223818,0.173148,,-2.57414,9.52058,-0.908965,-0.289416,fluid
2516,22.9743,0.690288,,1004.76,38.2005,37916.8,,0.0609409,-0.0228001,0.0650665,,-2.07834,10.2212,-0.435763,0.411242,fluid
2517,23.1017,0.892758,,1004.56,25.8827,36311.1,,0.0646778,-0.0549206,0.0848498,,-2.63217,9.52818,-1.06751,-0.28182,fluid
2518,23.024,1.16793,,1004.25,20.1697,33783.2,,0.0803583,0.149106,0.169381,,-2.46963,9.49377,-1.00854,-0.316231,fluid
2519,23.0688,2.28944,,1002.93,36.461,23183.3,,0.104583,0.292348,0.310491,,-1.53501,9.82075,-0.532981,0.0107524,fluid
2520,22.9481,1.61877,,1003.73,36.3405,29621.4,,0.223131,0.275037,0.354165,,-1.60066,10.2812,-0.314659,0.471223,fluid
2521,23.0958,1.78913,,1003.55,21.5845,28126.6,,0.221655,0.294453,0.368556,,-2.47598,9.39532,-1.26246,-0.414678,fluid
2522,22.5287,2.04335,,1003.2,20.9793,25373.5,,0.239758,0.315983,0.396648,,-2.11017,9.5282,-0.987489,-0.281797,fluid
2523,22.365,2.11082,,1003.14,23.3007,24877.1,,0.275713,0.270285,0.386097,,-2.0738,9.98796,-0.964958,0.177957,fluid
2524,21.4974,1.68737,,1003.63,23.7864,28798,,0.551573,0.205434,0.588588,,-1.32616,10.3909,0.00859947,0.580898,fluid
2525,22.2615,1.85946,,1003.43,28.6698,27210.1,,0.381596,0.143011,0.407514,,-1.7531,10.6365,-0.534983,0.826502,fluid
2526,22.043,2.19201,,1003.08,25.0065,24400.9,,0.327899,0.241656,0.407327,,-1.9108,10.9832,-0.807229,1.17324,fluid
2527,21.9801,2.81563,,1002.24,51.9292,17706.8,,0.763825,0.388386,0.856897,,-0.785307,10.3761,0.0184769,0.566123,fluid
2528,21.5495,2.80412,,1002.15,37.6182,17013.3,,0.815194,0.297428,0.867758,,-1.06942,10.6188,-0.281619,0.80885,fluid
2529,21.7072,3.0198,,1001.84,35.4291,14501.5,,0.920018,0.372581,0.992597,,-0.921643,10.4932,-0.254817,0.683191,fluid
2530,21.0271,3.10925,,1001.69,26.9694,13359.5,,1.01791,0.213904,1.04014,,-0.360742,12.0936,0.273531,2.28364,fluid
2531,20.936,3.36528,,1001.46,26.0427,11516.1,,1.13279,0.241662,1.15828,,0.858446,13.359,1.40771,3.549,fluid
2532,19.5987,3.85442,,1000.87,53.2647,6833.05,,0.818143,-0.370133,0.897973,,1.19949,9.75748,1.54784,-0.0525203,fluid
2533,19.1298,4.19171,,1000.44,-1.04601,3476.71,,0.557818,-0.437719,0.709054,,1.16806,10.6567,1.34972,0.846712,fluid
2534,18.5135,4.44492,,1000.32,4.22268,2504,,0.355576,-0.619194,0.714028,,2.32329,10.0286,2.4585,0.218577,fluid
2535,17.4162,4.10249,,1000.95,-22.4289,7441.9,,-0.00474917,0.0171282,0.0177744,,0.636009,9.8734,1.0629,0.0634029,fluid
2536,16.2524,4.49042,,1000.51,53.6499,3989.7,,0.282284,0.509948,0.582864,,-1.47035,8.69769,-1.22499,-1.11231,fluid
2537,11.5511,4.97476,,1000.22,-162.551,1740.51,,0.849807,-0.556228,1.01566,,0.979746,8.24136,1.13039,-1.56864,fluid
2538,5.50419,12.3665,,999.832,332.807,-1314.17,,0.910612,-0.600878,1.09099,,-2.02491,2.84524,-2.26371,-6.96476,fluid
2539,3.21495,7.20189,,1008.02,114.34,64516.1,,0.648144,1.1075,1.28322,,-20.4359,8.71856,-0.528109,-1.09144,fluid
2540,8.91646,2.68148,,1005.36,240.367,42764.7,,2.25133,3.56309,4.21475,,-6.32372,19.6507,-1.55314,9.84066,fluid
2541,16.6711,0.163881,,1005.8,-20.5696,46289.1,,-0.070097,-0.024462,0.0742427,,-3.66415,9.43004,-0.90355,-0.379963,fluid
2542,20.874,0.192465,,1005.38,-2.6459,42914.8,,0.102921,-1.20764e-05,0.102921,,-0.877849,9.58306,1.16705,-0.226939,fluid
2543,20.3078,0.183143,,1005.51,-7.15507,43948.3,,0.112735,-0.00141089,0.112744,,-1.30751,9.54968,0.844747,-0.260318,fluid
2544,21.3371,0.336338,,1005.13,2.75924,40862.5,,0.140414,0.000874454,0.140416,,-1.64531,9.63662,0.260008,-0.173375,fluid
2545,21.313,0.573727,,1004.85,6.80492,38633.1,,0.197203,0.0960098,0.219333,,-1.27672,10.1957,0.527181,0.385717,fluid
2546,22.3762,0.474185,,1004.92,18.6645,39218.1,,0.0631172,-0.0153838,0.0649649,,-2.19465,9.96224,-0.450569,0.152242,fluid
2547,22.5299,0.646077,,1004.75,17.7953,37824.6,,0.0788833,0.044566,0.0906019,,-2.19617,9.1567,-0.525245,-0.653299,fluid
2548,23.1236,0.522814,,1004.95,35.4751,39457.3,,0.0696772,-0.027535,0.0749206,,-2.40177,9.85824,-0.703814,0.0482428,fluid
2549,23.2801,0.93607,,1004.55,20.4333,36194.3,,-0.0247501,0.106273,0.109117,,-2.50385,9.54266,-0.956167,-0.267345,fluid
2550,23.2045,1.14157,,1004.31,27.1872,34289.1,,0.0615433,0.120353,0.135175,,-2.27805,9.81892,-0.806706,0.00892198,fluid
2551,23.2563,2.29929,,1002.94,21.2506,23274.7,,-0.0140124,0.335587,0.335879,,-1.89633,9.90299,-0.898472,0.0929909,fluid
2552,23.0577,1.4183,,1003.98,42.2003,31634.4,,0.114394,0.142888,0.183038,,-1.92445,10.9773,-0.557924,1.16735,fluid
2553,23.1001,1.99657,,1003.3,31.778,26151.4,,0.213026,0.270734,0.344495,,-2.04931,10.3777,-0.920947,0.567717,fluid
2554,22.8259,2.20591,,1003.01,33.1629,23843.3,,0.227637,0.358303,0.424499,,-1.58262,10.2863,-0.541188,0.476302,fluid
2555,22.5553,2.25025,,1002.96,20.5156,23452.5,,0.210829,0.345675,0.404896,,-2.21136,10.6061,-1.17465,0.796109,fluid
2556,21.6268,1.52199,,1003.82,26.6419,30320.6,,0.331277,0.0866621,0.342425,,-1.26636,10.443,0.130294,0.633006,fluid
2557,21.9619,2.3671,,1002.87,33.1049,22732.9,,0.555594,0.264888,0.615508,,-1.65647,10.4962,-0.624329,0.68616,fluid
2558,21.7439,2.21487,,1003.04,34.5361,24041.2,,0.458804,0.187546,0.495656,,-0.671347,10.9469,0.430963,1.13695,fluid
2559,21.9129,1.99441,,1003.31,35.1261,26205.2,,0.424843,0.109772,0.438795,,-1.54333,10.3523,-0.351391,0.542299,fluid
2560,22.3374,3.08951,,1001.89,44.0137,14884.1,,0.856448,0.593012,1.04171,,-1.29432,11.0184,-0.629243,1.20837,fluid
2561,22.4354,3.52022,,1001.31,33.6947,10326.1,,0.953462,0.978531,1.36624,,-2.37661,10.9222,-1.91695,1.11222,fluid
2562,21.5354,3.13432,,1001.67,31.5417,13143,,1.02802,0.420789,1.11081,,-1.44898,11.2867,-0.839695,1.47674,fluid
2563,21.2981,3.15076,,1001.65,28.7747,12987.7,,1.02656,0.246839,1.05582,,-0.94317,12.3746,-0.334365,2.5646,fluid
2564,20.4203,3.3125,,1001.54,63.6188,12158.4,,0.929368,-0.120441,0.93714,,0.623925,12.4325,1.21842,2.62253,fluid
2565,19.9358,3.40184,,1001.44,25.7424,11383.9,,0.810047,-0.117321,0.818499,,1.0323,11.9932,1.6025,2.18315,fluid
2566,18.1684,3.87916,,1001.1,24.5507,8684.75,,0.416236,-0.344036,0.540012,,1.03631,11.0095,1.5138,1.19945,fluid
2567,17.5354,4.16257,,1000.9,41.434,7096.12,,0.105353,-0.0193868,0.107122,,0.664292,10.5658,1.0686,0.755789,fluid
2568,16.6727,4.28494,,1000.66,-61.2862,5167.83,,0.0986237,-0.102352,0.142135,,0.460881,9.37632,0.770635,-0.433678,fluid
2569,5.47249,5.68883,,1000.48,-394.077,3739.48,,-1.49538,0.142059,1.50212,,10.6812,7.76231,11.3642,-2.04769,fluid
2570,4.12012,1.83937,,1010.8,50.2134,87589.1,,-0.146333,-1.67433,1.68071,,-19.6692,-3.96623,1.36241,-13.7762,fluid
2571,4.90432,16.5094,,1002.38,0,18828.2,,-0.0819594,0.921813,0.92545,,0,0,3.82999,-9.81,fluid
2572,6.09062,1.61953,,1008,603.103,64277.3,,3.74178,-1.53469,4.04428,,-20.6567,13.714,-10.1869,3.90398,fluid
2573,16.9526,0.0922439,,1005.95,-14.4462,47502.1,,-0.0211859,0.00128338,0.0212247,,-3.96277,9.49975,-1.17728,-0.310253,fluid
2574,21.2054,0.2029,,1005.31,1.77882,42335.7,,0.11174,-0.00381357,0.111806,,-1.26157,9.54596,0.724347,-0.264044,fluid
2575,20.7133,0.116918,,1005.51,-3.50391,43997,,0.139175,-0.00409694,0.139235,,-1.56254,9.56683,0.549904,-0.243165,fluid
2576,21.5308,0.344458,,1005.1,4.30851,40634.8,,0.112938,0.058917,0.127382,,-1.49988,9.9115,0.377835,0.101496,fluid
2577,21.7672,0.45256,,1004.96,14.5042,39515.2,,0.112929,-0.00726306,0.113163,,-1.69859,9.69434,0.107815,-0.115659,fluid
2578,22.6469,0.418089,,1005,16.7053,39799.9,,0.0731169,-0.0219123,0.0763297,,-2.76275,9.95311,-1.01408,0.143112,fluid
2579,22.7302,0.598514,,1004.82,22.387,38392.4,,0.029839,0.0185814,0.0351516,,-2.50102,9.58554,-0.820075,-0.224456,fluid
2580,23.2048,0.676489,,1004.81,37.4635,38333.1,,-0.0135541,-0.0287588,0.0317928,,-2.46849,10.3602,-0.824463,0.550245,fluid
2581,23.5034,0.959538,,1004.57,31.0864,36337.2,,0.0147848,-0.0242993,0.0284437,,-2.79186,9.98782,-1.25285,0.177815,fluid
2582,23.2204,1.37889,,1004.06,42.0973,32213.6,,0.0688425,0.0779555,0.104002,,-1.9223,10.726,-0.540603,0.916037,fluid
2583,23.4248,2.06895,,1003.25,33.9805,25771.6,,0.0572913,0.155867,0.166063,,-1.95258,10.2937,-0.855962,0.483711,fluid
2584,23.2056,1.64402,,1003.74,20.9235,29646.4,,0.08123,0.105522,0.133166,,-2.45894,8.92044,-1.18614,-0.889561,fluid
2585,23.2381,2.07364,,1003.22,40.7592,25554.7,,0.147143,0.280516,0.316765,,-1.53185,10.7066,-0.435695,0.89657,fluid
2586,22.982,2.45105,,1002.71,18.9021,21472.3,,0.201521,0.351727,0.405367,,-1.61992,9.922,-0.688141,0.112001,fluid
2587,22.7564,2.3633,,1002.82,24.3901,22300,,0.273279,0.359903,0.451898,,-1.99629,10.7546,-1.0191,0.944629,fluid
2588,22.2668,2.24956,,1003,26.526,23743.6,,0.327821,0.233101,0.402247,,-1.91373,11.2067,-0.850592,1.3967,fluid
2589,22.3855,2.49676,,1002.71,29.3738,21407.1,,0.353557,0.430286,0.55691,,-2.23656,10.9542,-1.28284,1.14417,fluid
2590,22.4683,2.76346,,1002.38,33.5487,18819.4,,0.469645,0.40375,0.619339,,-2.21477,10.5015,-1.37916,0.691503,fluid
2591,22.1802,2.45898,,1002.77,33.9788,21892.9,,0.427861,0.303311,0.524464,,-1.66728,10.9372,-0.682962,1.12718,fluid
2592,22.1556,2.91189,,1002.13,53.8182,16809.3,,0.725166,0.567827,0.921028,,-1.49603,9.67686,-0.738948,-0.133138,fluid
2593,22.0901,3.09582,,1001.81,39.7441,14259.2,,0.916694,0.573251,1.08118,,-1.74712,10.2755,-1.10278,0.465519,fluid
2594,22.0089,3.20774,,1001.62,35.2154,12781.6,,1.00008,0.485256,1.11159,,-2.17331,11.1099,-1.59351,1.29988,fluid
2595,21.731,3.19498,,1001.6,40.337,12638.2,,1.01072,0.322914,1.06105,,-0.841588,11.8677,-0.260944,2.05766,fluid
2596,21.1843,3.37671,,1001.45,77.6803,11406.1,,1.15735,0.143379,1.16619,,-1.06866,13.4549,-0.531019,3.64487,fluid
2597,20.48,3.94171,,1000.65,56.3987,5141.13,,0.870454,-0.146966,0.882773,,0.530933,11.0344,0.781801,1.22438,fluid
2598,18.5502,4.15834,,1000.64,81.7816,5026.63,,0.399611,-0.412892,0.574603,,1.13436,8.67947,1.40517,-1.13053,fluid
2599,16.1621,4.5142,,1000.49,16.796,3888.43,,0.267824,0.561225,0.621854,,-1.89953,9.98251,-1.65906,0.172514,fluid
2600,17.7567,4.15073,,1000.87,27.1365,6834.37,,0.0902475,-0.110022,0.1423,,1.19268,9.46879,1.57724,-0.341205,fluid
2601,8.54917,2.1542,,1006.14,232.792,49104,,2.51204,2.51159,3.55225,,-7.95604,10.1046,-2.24739,0.294581,fluid
2602,5.62604,11.6543,,1000.33,-225.159,2622.07,,-1.41095,-2.78,3.11757,,0.0288674,-0.168568,0.494771,-9.97857,fluid
2603,9.29331,4.81546,,1001.91,-34.6217,15063.5,,-0.702296,0.939135,1.17269,,-2.67377,9.11349,-1.05597,-0.696513,fluid
2604,7.56252,2.77793,,1008.63,259.022,69536.4,,1.25101,-0.39933,1.3132,,-11.436,10.5834,-2.31979,0.773409,fluid
2605,17.3779,0.0936598,,1005.97,-21.5904,47691,,-0.0271504,0.00978007,0.0288582,,-4.11674,9.9408,-1.38868,0.130798,fluid
2606,21.638,0.211565,,1005.24,6.8505,41804.7,,0.0729645,-0.00968698,0.0736047,,-1.76192,9.70805,0.160001,-0.101947,fluid
2607,21.4138,0.0854486,,1005.42,9.27158,43244.1,,0.0717211,-0.012092,0.0727333,,-1.34857,9.64115,0.659991,-0.16885,fluid
2608,21.8917,0.281679,,1005.15,12.9886,41012.3,,0.118468,-0.00699392,0.118675,,-2.42538,9.67561,-0.561556,-0.134389,fluid
2609,22.0672,0.366499,,1005.04,23.9402,40195.8,,0.102633,-0.000290617,0.102633,,-1.78215,9.7032,0.0302282,-0.106796,fluid
2610,23.392,0.399924,,1005.11,37.3533,40709.6,,0.138668,-0.0325411,0.142435,,-2.46219,10.0262,-0.73072,0.216215,fluid
2611,22.8973,0.479852,,1004.96,23.9716,39516.6,,0.0315291,-0.0015253,0.0315659,,-2.49335,9.24053,-0.776053,-0.56947,fluid
2612,23.6403,0.586832,,1004.97,35.9558,39631.1,,-0.0269873,-0.0585853,0.0645023,,-2.61187,10.2689,-0.943748,0.45895,fluid
2613,23.3956,1.1572,,1004.33,34.4917,34453.1,,0.0329011,0.0609123,0.06923,,-1.89275,10.3688,-0.426468,0.558757,fluid
2614,23.405,1.40072,,1004.06,31.4404,32239.5,,0.00363256,0.102559,0.102624,,-2.23709,10.2336,-0.865199,0.423608,fluid
2615,23.2961,2.57015,,1002.6,24.4507,20544.8,,0.230742,0.489228,0.540912,,-2.38687,9.57052,-1.50726,-0.239485,fluid
2616,23.3319,1.83218,,1003.53,26.3491,27979.8,,0.136683,0.318088,0.346211,,-1.95559,10.4509,-0.760595,0.640926,fluid
2617,23.5483,1.81291,,1003.58,37.1759,28380.8,,0.0390125,0.00424648,0.0392429,,-1.8433,10.7431,-0.64238,0.933096,fluid
2618,23.3141,2.79896,,1002.32,26.7313,18369.8,,0.0980984,0.361794,0.374858,,-1.66754,10.6315,-0.881436,0.82152,fluid
2619,23.1143,2.59111,,1002.55,12.0954,20178.6,,0.233643,0.434747,0.493552,,-1.89949,9.86501,-1.02872,0.0550096,fluid
2620,22.5498,2.4739,,1002.71,20.3222,21429.5,,0.273255,0.314346,0.416512,,-2.01151,10.7171,-1.06375,0.90712,fluid
2621,22.6499,2.66566,,1002.48,21.2111,19614.2,,0.4146,0.417977,0.588726,,-2.24664,11.1992,-1.38282,1.38922,fluid
2622,22.9955,2.99278,,1002.09,33.3307,16497.7,,0.306879,0.552177,0.631723,,-2.16399,10.9522,-1.44805,1.14215,fluid
2623,22.7778,3.15954,,1001.87,42.7997,14773.7,,0.613984,0.57824,0.843408,,-1.9151,10.5799,-1.2677,0.769949,fluid
2624,22.2201,2.66447,,1002.51,43.1602,19839.4,,0.638243,0.472505,0.794113,,-1.66326,11.3177,-0.772635,1.50772,fluid
2625,22.8739,3.57805,,1001.39,51.7445,10944.9,,0.860619,0.857537,1.21492,,-2.9383,10.3337,-2.46047,0.523736,fluid
2626,22.6566,3.54263,,1001.36,53.8536,10688.2,,0.732665,0.756178,1.0529,,-1.657,10.7982,-1.1859,0.98815,fluid
2627,22.6763,3.7145,,1001.15,46.3067,9041.77,,0.940786,0.804378,1.23778,,-2.06765,10.9747,-1.66938,1.16475,fluid
2628,19.8367,3.61924,,1001.2,79.9959,9419.52,,0.710881,-0.262991,0.757968,,1.29973,11.8826,1.77402,2.07262,fluid
2629,19.2881,4.21697,,1000.4,2.38243,3146.09,,0.677571,-0.507463,0.846535,,2.30341,11.6254,2.46645,1.81538,fluid
2630,18.7164,4.36195,,1000.36,6.91407,2838.83,,0.573513,-0.609636,0.837002,,2.68624,10.7794,2.83787,0.969422,fluid
2631,12.0838,4.70939,,1000.61,98.4192,4775.09,,0.846402,-1.18789,1.45859,,1.71184,10.9904,2.10676,1.18041,fluid
2632,17.1916,4.54869,,1000.5,17.3064,3934.71,,-0.332053,0.0384564,0.334272,,-0.316902,6.60268,-0.0881424,-3.20732,fluid
2633,8.6547,1.62872,,1006.59,494.369,52770.7,,3.94633,1.98912,4.41929,,-10.0877,16.2619,-4.0303,6.45187,fluid
2634,6.12795,10.2292,,999.771,271.662,-1799.43,,0.915019,-3.47301,3.59153,,-1.37559,1.71856,-1.6693,-8.09144,fluid
2635,7.91527,9.87557,,994.498,19.1711,-42471.9,,-0.170322,-6.1372,6.13956,,26.323,-18.2946,20.9275,-28.1046,fluid
2636,10.1582,5.51526,,1000.95,-7.15669,7493.29,,-1.05119,-0.832426,1.34087,,2.19008,19.7262,2.92703,9.91621,fluid
2637,17.9357,0.0868892,,1005.98,-22.9802,47810.3,,0.0146589,0.00975639,0.0176089,,-3.4267,10.038,-0.776912,0.227965,fluid
2638,22.5277,0.0976067,,1005.32,23.127,42460.3,,0.0863863,-0.0093328,0.086889,,-2.4841,9.75636,-0.609279,-0.053641,fluid
2639,22.0243,0.109423,,1005.33,7.25208,42482,,0.0590254,-0.00747241,0.0594965,,-2.2532,9.75924,-0.334553,-0.0507586,fluid
2640,22.2362,0.242612,,1005.18,24.6646,41259.8,,0.117189,0.0597963,0.131563,,-2.24444,9.79631,-0.398465,-0.0136927,fluid
2641,22.4465,0.312374,,1005.1,24.0138,40638.3,,0.0311992,-0.00654336,0.031878,,-1.95767,9.77843,-0.156408,-0.0315666,fluid
2642,23.4224,0.552003,,1004.97,36.5229,39626.3,,-0.000225021,0.0110571,0.0110594,,-2.36887,10.225,-0.685435,0.414974,fluid
2643,23.6294,0.357393,,1005.18,45.5893,41319.1,,0.0325471,-0.0145617,0.0356561,,-2.44511,10.0424,-0.705497,0.232434,fluid
2644,23.6463,0.812594,,1004.75,28.4568,37784,,-0.0291171,-0.00711315,0.0299734,,-2.46984,9.51997,-0.879502,-0.290027,fluid
2645,23.6418,1.08807,,1004.45,42.4964,35408.9,,-0.0162971,-0.107183,0.108415,,-2.23494,10.5034,-0.743854,0.693394,fluid
2646,23.8353,0.891779,,1004.69,39.0041,37314.2,,0.0823525,-0.0817732,0.116055,,-2.41065,10.3749,-0.852458,0.564948,fluid
2647,23.7742,1.61524,,1003.84,40.7728,30507.6,,0.0697603,-0.109876,0.130151,,-1.90279,10.1997,-0.624485,0.38972,fluid
2648,23.4166,1.63683,,1003.77,21.9989,29958,,0.0880223,0.0935095,0.128421,,-2.64633,9.38956,-1.37179,-0.420435,fluid
2649,24.0014,1.22236,,1004.33,35.3203,34449.1,,0.015658,-0.177802,0.17849,,-2.76271,9.97688,-1.3336,0.166876,fluid
2650,23.4256,2.3654,,1002.87,19.7866,22757.5,,0.100508,0.216663,0.238841,,-2.17511,9.19216,-1.20641,-0.61784,fluid
2651,23.1618,2.89917,,1002.2,28.8709,17374.4,,0.228093,0.420492,0.478372,,-1.71578,10.5918,-0.967293,0.781755,fluid
2652,22.8204,2.59081,,1002.55,15.1592,20156,,0.256879,0.432704,0.503209,,-1.91119,10.7126,-1.03019,0.902583,fluid
2653,22.9923,2.75414,,1002.36,18.7994,18652.3,,0.167823,0.49442,0.522126,,-2.16783,10.4048,-1.35849,0.594772,fluid
2654,23.175,3.16126,,1001.9,23.1584,14975.7,,0.226022,0.520463,0.567422,,-1.95746,10.1631,-1.31248,0.353076,fluid
2655,22.6386,2.95335,,1002.14,45.6817,16878.6,,0.376698,0.702638,0.797247,,-1.94673,10.5032,-1.20275,0.693222,fluid
2656,22.3791,2.91819,,1002.16,62.8255,17091.6,,0.596989,0.710295,0.927855,,-1.35518,10.0647,-0.5931,0.254716,fluid
2657,22.5622,3.18843,,1001.79,42.2875,14138.9,,0.792663,0.684011,1.04699,,-2.33843,10.4355,-1.71289,0.625474,fluid
2658,22.3163,3.31959,,1001.53,11.849,12100.9,,0.831157,0.843664,1.18431,,-1.19846,10.8971,-0.657047,1.08706,fluid
2659,22.1407,3.4023,,1001.4,31.1351,11025,,0.750643,0.724774,1.04344,,-1.19002,11.9134,-0.69277,2.10335,fluid
2660,22.3014,3.60386,,1001.18,43.3107,9321.7,,0.845501,0.757009,1.13487,,-2.57146,11.7729,-2.15397,1.96289,fluid
2661,19.0932,4.05695,,1000.61,39.3515,4830.61,,0.554978,-0.396636,0.682144,,0.5461,9.13372,0.798946,-0.676281,fluid
2662,18.3911,4.48605,,1000.3,9.74893,2385.03,,0.3983,-0.685695,0.792982,,2.11868,9.84154,2.24833,0.0315421,fluid
2663,13.3055,4.66254,,1000.37,69.3159,2912.68,,1.10616,-0.296663,1.14525,,2.15337,10.7595,2.37219,0.949488,fluid
2664,16.9425,4.53763,,1000.48,4.96727,3749.64,,-0.19519,0.0735059,0.208572,,0.24353,6.41263,0.46474,-3.39737,fluid
2665,6.07154,0.891876,,1008.35,458.737,67166.3,,2.65515,-0.424693,2.6889,,0.231968,15.3481,11.2029,5.53813,fluid
2666,5.20467,12.5368,,999.756,514.035,-1917.24,,1.91666,-0.465945,1.97248,,-1.09452,2.19133,-1.46298,-7.61867,fluid
2667,8.07559,9.76443,,994.582,20.6709,-41835.1,,-0.904336,-7.13352,7.19061,,-25.9368,17.9796,-31.1455,8.1696,fluid
2668,11.2203,17.8548,,869.255,0,-700716,,1.99939,-6.22013,6.53357,,0,0,-71.8441,-9.81,fluid
2669,18.3654,0.0817856,,1005.97,-19.7542,47722.1,,0.0363031,0.00547705,0.0367139,,-2.6248,9.86775,-0.0417492,0.0577479,fluid
2670,23.1647,0.096144,,1005.34,27.0071,42581.9,,-0.0148402,-0.0135155,0.0200723,,-2.71716,10.1008,-0.888698,0.290792,fluid
2671,22.2839,0.0466022,,1005.38,9.56246,42938.2,,-0.000855682,-0.00458753,0.00466665,,-2.35498,9.76455,-0.438427,-0.0454465,fluid
2672,22.6853,0.17734,,1005.24,26.4408,41799.9,,0.0169249,-0.00636145,0.0180809,,-2.51733,9.85438,-0.684343,0.0443811,fluid
2673,23.0605,0.305743,,1005.14,27.4481,40995.2,,0.079027,-0.0181814,0.0810915,,-3.04332,10.1167,-1.27469,0.306654,fluid
2674,23.8414,0.666131,,1004.92,35.8642,39204.2,,-0.0307367,-0.0573203,0.0650413,,-2.48405,9.65206,-0.847721,-0.157939,fluid
2675,23.2567,0.291337,,1005.18,30.3106,41299.1,,0.0427702,-0.0202318,0.047314,,-2.55344,10.1668,-0.786799,0.356812,fluid
2676,23.4154,0.752883,,1004.77,25.8676,37977.5,,-0.0613013,-0.0181538,0.0639329,,-2.57515,9.87744,-0.960945,0.0674434,fluid
2677,23.8206,1.1138,,1004.45,38.589,35355.5,,-0.0807023,-0.121546,0.145899,,-1.71938,10.4603,-0.241706,0.650316,fluid
2678,24.0238,0.762906,,1004.84,37.9841,38523.5,,-0.00672683,-0.084255,0.0845231,,-2.46668,9.84049,-0.87084,0.0304869,fluid
2679,23.7635,1.36373,,1004.15,31.8642,32969.5,,0.00933064,-0.0615516,0.0622548,,-2.09266,9.60451,-0.710992,-0.205494,fluid
2680,23.5828,1.31192,,1004.19,30.7289,33289.8,,-0.00294367,-0.104113,0.104155,,-2.36225,9.95494,-0.956528,0.144941,fluid
2681,23.5992,1.5744,,1003.88,29.9583,30770.1,,0.0331529,-0.00905934,0.0343684,,-2.26574,9.52907,-0.966915,-0.280934,fluid
2682,23.4962,2.72766,,1002.43,26.4579,19182.9,,0.131784,0.188639,0.230112,,-1.233,10.3698,-0.41855,0.559825,fluid
2683,23.5519,2.92386,,1002.2,15.4977,17347.6,,0.183256,0.275434,0.330827,,-2.10087,9.59874,-1.36592,-0.211262,fluid
2684,22.8042,2.8899,,1002.21,34.904,17492.2,,0.309323,0.543777,0.625599,,-2.0676,10.4053,-1.30223,0.595303,fluid
2685,23.6046,2.24046,,1003.05,24,24166.3,,-0.0236341,0.133197,0.135277,,-2.41334,10.0025,-1.39266,0.192533,fluid
2686,22.9186,3.24394,,1001.78,28.5008,14045.5,,0.570792,0.714449,0.914463,,-2.1966,10.7156,-1.58485,0.905554,fluid
2687,23.9443,2.94851,,1002.18,30.2769,17235.2,,0.0708683,-0.174584,0.18842,,-1.83586,9.85692,-1.11763,0.0469171,fluid
2688,23.5578,3.55476,,1001.57,30.6581,12398,,0.557938,0.410981,0.692965,,-1.82744,9.86594,-1.30198,0.0559375,fluid
2689,23.0294,3.90655,,1001.04,53.6673,8201.24,,0.529383,0.762822,0.928517,,-2.40435,9.43364,-2.0486,-0.37636,fluid
2690,22.6285,3.3479,,1001.59,31.9939,12540.6,,0.627544,0.933643,1.12494,,-1.46287,10.6061,-0.909552,0.796096,fluid
2691,21.9153,3.60368,,1001.17,31.9108,9181.41,,0.750415,0.725846,1.04402,,-1.96194,12.452,-1.54348,2.64195,fluid
2692,22.7086,4.05538,,1000.72,11.6326,5625.21,,0.521077,1.00241,1.12976,,-2.31938,9.62013,-2.07185,-0.189871,fluid
2693,20.3184,4.05207,,1000.55,-16.7237,4342.5,,0.712069,-0.0301259,0.712706,,1.14843,14.0901,1.36204,4.28013,fluid
2694,18.0028,4.17461,,1000.76,20.3469,6017.07,,0.188133,-0.349981,0.397342,,1.19993,8.19689,1.53391,-1.61311,fluid
2695,10.9891,5.24201,,1000.32,53.7152,2489.01,,0.875831,-0.321207,0.932874,,3.62613,9.50686,3.85256,-0.303144,fluid
2696,14.7662,4.47602,,1000.4,45.2028,3170.38,,0.833962,0.0174521,0.834145,,-0.1187,10.8115,0.0959191,1.00146,fluid
2697,3.73104,8.06285,,1001.33,67.1544,10458.3,,0.193874,0.367558,0.415555,,-8.87863,6.19246,-6.07928,-3.61754,fluid
2698,3.76949,3.78842,,1009.59,87.5976,77432.3,,0.914046,-1.97307,2.17451,,-5.11929,4.56811,15.2275,-5.24189,fluid
2699,7.02618,15.1468,,964.627,0,-249822,,0.102966,-4.41818,4.41938,,0,0,-36.8597,-9.81,fluid
2700,8.6532,12.622,,955.544,0,-305660,,-3.455,-7.01887,7.82315,,0,0,-36.9668,-9.81,fluid
2701,18.8497,0.0899995,,1005.91,-18.4229,47197.1,,0.0806378,0.00322129,0.0807022,,-2.35233,9.7705,0.13683,-0.0395036,fluid
2702,23.7252,0.0316762,,1005.46,33.9904,43590.1,,0.0267465,-0.00940723,0.0283526,,-2.86884,10.2236,-1.04153,0.41361,fluid
2703,23.39,0.0746418,,1005.38,27.4937,42918,,0.0282514,-0.0151981,0.03208,,-2.75097,10.1749,-0.925904,0.364905,fluid
2704,23.8295,0.222594,,1005.32,44.2868,42448.7,,0.0640427,-0.0166575,0.0661736,,-2.82302,10.2886,-1.0511,0.478626,fluid
2705,22.8528,0.266221,,1005.16,22.3322,41140.3,,0.0511157,-0.00850561,0.0518185,,-2.30732,9.99611,-0.516329,0.186114,fluid
2706,24.4471,0.820006,,1004.76,39.2253,37906.6,,0.0757262,0.00178501,0.0757473,,-2.25822,9.96162,-0.715013,0.151624,fluid
2707,23.8284,0.446298,,1005.13,43.764,40902,,0.0536541,-0.0266801,0.0599215,,-2.54291,10.1414,-0.835151,0.33142,fluid
2708,24.252,0.642046,,1004.97,41.2102,39560.4,,0.0478292,-0.0881565,0.100296,,-2.38495,10.0358,-0.761794,0.225769,fluid
2709,24.2025,1.24037,,1004.31,39.7813,34290.6,,0.032647,-0.25183,0.253938,,-2.29496,9.49874,-0.884221,-0.31126,fluid
2710,24.2299,0.830966,,1004.77,39.7137,37966.4,,0.0779018,-0.126906,0.148909,,-2.3158,10.121,-0.756316,0.310995,fluid
2711,24.4235,1.21797,,1004.32,46.3239,34369.8,,0.11674,-0.0899282,0.147361,,-1.89002,10.7386,-0.488835,0.928551,fluid
2712,24.2552,1.02276,,1004.56,45.9391,36287.2,,0.051137,-0.143827,0.152647,,-2.09442,10.3853,-0.605158,0.575299,fluid
2713,23.9446,1.43574,,1004.07,37.1607,32372.6,,0.00242608,-0.190339,0.190354,,-2.08994,9.67997,-0.743443,-0.130028,fluid
2714,23.7155,2.50864,,1002.72,34.0831,21510.6,,0.0730298,-0.0554758,0.0917111,,-1.93664,10.2418,-1.03207,0.431781,fluid
2715,23.5905,3.10762,,1002,19.9669,15770.5,,-0.00330669,0.259738,0.259759,,-1.80242,9.88807,-1.13524,0.078071,fluid
2716,23.2987,3.41126,,1001.65,31.056,12990.1,,0.513309,0.534629,0.741157,,-1.91446,10.1344,-1.35784,0.324449,fluid
2717,23.9668,1.84613,,1003.55,29.4435,28198.6,,0.0483109,-0.212503,0.217926,,-2.21682,9.7585,-1.04442,-0.0515048,fluid
2718,23.4509,3.30869,,1001.78,34.1941,14019,,0.309428,0.443946,0.541141,,-1.96121,9.94614,-1.36447,0.136144,fluid
2719,23.6685,3.38113,,1001.74,22.7485,13746.9,,0.28175,0.323112,0.428701,,-1.97827,10.5102,-1.39847,0.700159,fluid
2720,23.8798,3.92676,,1001.35,43.6132,10614.9,,0.540773,0.326895,0.631899,,-2.7601,9.5626,-2.31618,-0.247398,fluid
2721,23.1531,3.95028,,1001.04,31.1901,8156.53,,0.765391,0.697285,1.03539,,-2.33101,9.24934,-1.97909,-0.560661,fluid
2722,21.971,2.59593,,1002.57,44.54,20360.3,,0.629916,0.401656,0.747075,,-1.18011,11.0228,-0.2558,1.21276,fluid
2723,21.9703,3.45177,,1001.33,44.3126,10481.8,,0.960782,0.617836,1.14229,,-2.40619,12.4255,-1.92973,2.61546,fluid
2724,20.6748,3.9777,,1000.6,40.2948,4708.5,,0.812972,-0.0462255,0.814286,,0.649048,11.0329,0.876653,1.22286,fluid
2725,15.4761,4.49613,,1000.4,35.3759,3116.31,,0.59435,0.374376,0.702431,,-0.824634,11.094,-0.623352,1.28401,fluid
2726,11.2335,5.13707,,1000.31,64.8566,2465.1,,0.505455,-0.627563,0.805804,,4.08399,9.24123,4.30337,-0.568772,fluid
2727,4.97939,7.09098,,1000.45,78.1847,3557.54,,0.765454,0.167971,0.783667,,12.0384,-2.29437,12.7525,-12.1044,fluid
2728,13.9752,4.57306,,1000.35,54.8257,2765.69,,0.967499,-0.222941,0.992853,,0.957885,11.475,1.15572,1.66503,fluid
2729,4.21105,10.1411,,999.812,7.68483,-1474.3,,0.0178613,-0.0147961,0.0231938,,-2.66748,-2.56373,-3.01765,-12.3737,fluid
2730,6.44546,10.1332,,999.801,133.205,-1560.83,,0.596187,-4.45647,4.49617,,-3.75094,1.35917,-3.99315,-8.45083,fluid
2731,4.95271,20.1741,,1071.72,0,699538,,-0.931545,1.18331,1.50598,,0,0,131.791,-9.81,fluid
2732,8.02582,5.65819,,1000.77,163.369,6060.35,,0.735048,-0.37235,0.823978,,-8.46479,11.8203,-7.71026,2.01029,fluid
2733,19.1304,0.0964812,,1005.86,-19.6038,46775.5,,0.0743263,0.0146567,0.0757576,,-1.7596,10.2563,0.671261,0.446305,fluid
2734,24.0324,0.054658,,1005.49,35.0132,43764.8,,0.0293306,-0.0110975,0.0313599,,-2.82998,10.2568,-1.01884,0.446822,fluid
2735,24.2135,0.158011,,1005.42,41.4737,43223.4,,0.0534598,-0.0156733,0.05571,,-2.72328,10.3288,-0.947804,0.518801,fluid
2736,24.2029,0.380469,,1005.22,47.5965,41642.5,,0.0599326,-0.0215084,0.0636752,,-2.57738,10.2282,-0.865763,0.418246,fluid
2737,23.5526,0.187048,,1005.31,39.5171,42360.2,,0.0440774,-0.0149488,0.0465433,,-2.80098,10.2602,-1.01194,0.450208,fluid
2738,24.4887,1.06706,,1004.49,54.9463,35688.9,,0.0801261,-0.0272381,0.0846293,,-2.18312,10.4133,-0.732267,0.60335,fluid
2739,24.0413,0.531882,,1005.07,43.128,40413.1,,0.0346859,-0.0432655,0.0554528,,-2.70304,10.1867,-1.03054,0.376742,fluid
2740,24.6831,0.833008,,1004.7,42.2747,37380.9,,0.0541144,0.0184222,0.0571642,,-2.20461,9.86496,-0.697262,0.0549577,fluid
2741,24.6079,1.43946,,1004.03,38.3185,31974.9,,0.0500055,0.0688015,0.0850541,,-1.97567,9.45808,-0.681509,-0.351919,fluid
2742,24.0383,0.998861,,1004.59,41.3641,36501.2,,0.0198198,-0.110168,0.111937,,-2.70632,10.3746,-1.19479,0.564643,fluid
2743,23.6125,2.03985,,1003.3,24.641,26171.3,,0.0936679,0.00204002,0.0936901,,-1.95923,9.70515,-0.85451,-0.104846,fluid
2744,23.5156,2.52267,,1002.69,31.2847,21244.1,,0.0770841,0.176758,0.192835,,-1.41292,10.0974,-0.511933,0.287431,fluid
2745,23.761,1.84698,,1003.55,31.5835,28159.6,,-0.0319067,-0.188886,0.191562,,-2.18667,10.247,-1.00574,0.43701,fluid
2746,23.7581,2.89754,,1002.24,18.3561,17689,,0.105812,0.0376492,0.11231,,-2.21466,9.94144,-1.47178,0.131438,fluid
2747,23.8762,2.04516,,1003.3,27.111,26173.5,,0.0152404,-0.116171,0.117166,,-2.27575,9.82126,-1.18314,0.0112561,fluid
2748,23.8995,2.46866,,1002.77,29.6111,21936.7,,0.0591085,-0.133858,0.146327,,-1.72763,9.79042,-0.812297,-0.019577,fluid
2749,24.175,3.22808,,1001.85,12.1572,14586.9,,0.153742,-0.325645,0.360113,,-2.55022,9.35483,-1.94794,-0.455165,fluid
2750,23.8172,3.73655,,1001.48,23.6704,11694.7,,0.520903,0.178713,0.550707,,-1.82985,8.27943,-1.33955,-1.53057,fluid
2751,23.1903,3.61526,,1001.43,34.4111,11252.3,,0.803071,0.777343,1.11767,,-2.46928,10.9851,-1.98475,1.17511,fluid
2752,23.3694,3.66469,,1001.43,32.8024,11256.8,,0.612135,0.808484,1.01408,,-2.44513,10.5295,-1.96413,0.719531,fluid
2753,22.8575,3.92571,,1000.94,63.0499,7424.6,,0.675209,0.911976,1.13473,,-2.68169,9.45967,-2.35717,-0.350335,fluid
2754,23.6102,3.76132,,1001.42,30.6935,11180,,0.325936,0.526558,0.619272,,-1.95763,9.40861,-1.48478,-0.401392,fluid
2755,20.2965,3.64251,,1001.09,24.1223,8593.02,,0.887713,-0.306869,0.939256,,1.23087,10.7034,1.65378,0.893353,fluid
2756,20.0584,4.06919,,1000.53,46.5086,4147.17,,1.0111,-0.353578,1.07114,,1.15253,11.868,1.35917,2.05803,fluid
2757,16.7981,4.635,,1000.4,9.64099,3121.03,,-0.379653,0.627825,0.733689,,-0.130568,8.14563,0.0551552,-1.66437,fluid
2758,11.8821,4.87811,,1000.52,126.381,4109.65,,0.917064,-0.523272,1.05585,,2.9209,10.1639,3.26659,0.353921,fluid
2759,13.7616,4.58435,,1000.37,51.87,2901.85,,0.890251,-0.216158,0.916117,,1.13857,11.2347,1.34936,1.42467,fluid
2760,15.1726,4.47359,,1000.41,61.1006,3220.08,,0.825985,0.218233,0.854329,,-0.824385,10.5334,-0.612242,0.723393,fluid
2761,4.81853,7.56954,,1002.64,633.202,20889.2,,2.24045,-1.02368,2.46323,,8.73674,12.6566,13.0605,2.84664,fluid
2762,5.08223,15.0981,,1003.32,0,26346.2,,-0.478595,-2.72282,2.76456,,0,0,5.16681,-9.81,fluid
2763,6.10961,2.75876,,1005.79,121.969,46241,,1.03061,-3.06841,3.23687,,8.03088,6.17114,15.5559,-3.63886,fluid
2764,11.753,5.30228,,1000.66,441.799,5215.53,,4.15144,-2.19193,4.69457,,2.45993,11.6994,2.9034,1.88941,fluid
2765,19.8838,0.0816733,,1005.74,-12.6412,45842.7,,0.118697,0.0260755,0.121528,,-1.55296,10.1369,0.73941,0.326896,fluid
2766,24.4267,0.0333404,,1005.54,39.137,44234.3,,0.0469967,-0.0115835,0.0484032,,-2.54883,10.2269,-0.747913,0.416933,fluid
2767,24.57,0.382263,,1005.21,58.1312,41540.2,,0.0571296,-0.0151158,0.0590955,,-2.44898,10.2589,-0.767059,0.448924,fluid
2768,24.4178,0.247032,,1005.35,52.9194,42680.3,,0.0474206,-0.0142963,0.0495287,,-2.57362,10.2828,-0.835005,0.47278,fluid
2769,24.0108,0.297285,,1005.28,46.1059,42116,,0.0348946,-0.0190453,0.0397538,,-2.69716,10.2603,-0.952334,0.450312,fluid
2770,24.7136,1.39003,,1004.06,34.2195,32240.7,,0.0611396,0.150417,0.162368,,-1.71692,9.43179,-0.417619,-0.378214,fluid
2771,24.3822,0.492622,,1005.11,49.3887,40763.1,,0.0746714,-0.0418647,0.0856065,,-2.4544,10.2668,-0.791075,0.45679,fluid
2772,24.6255,1.01552,,1004.51,56.0149,35907.9,,0.0733604,0.0679962,0.100026,,-2.0793,10.7512,-0.627691,0.941248,fluid
2773,24.7349,2.01957,,1003.29,37.0166,26090.4,,0.0481914,0.0270872,0.0552822,,-1.60722,9.10528,-0.555876,-0.704723,fluid
2774,24.2206,1.41243,,1004.11,36.7166,32616,,0.0980532,-0.223302,0.243881,,-1.90402,9.97788,-0.562907,0.167875,fluid
2775,24.4417,1.71753,,1003.71,36.6501,29462.6,,-0.00444394,-0.159257,0.159319,,-2.11105,8.97551,-0.910089,-0.834486,fluid
2776,23.9928,1.63337,,1003.83,40.6275,30396.9,,0.0317965,-0.230612,0.232794,,-1.9527,10.2893,-0.690615,0.47934,fluid
2777,23.7936,2.25637,,1003.04,31.2442,24062.1,,0.00548247,-0.106474,0.106615,,-2.00883,10.0231,-1.00061,0.213118,fluid
2778,24.1535,1.94572,,1003.43,24.0938,27184.1,,-0.108949,-0.174749,0.20593,,-2.02587,9.89765,-0.904242,0.0876537,fluid
2779,24.0738,3.62117,,1001.56,25.4715,12281.3,,0.219557,-0.19562,0.294062,,-2.49819,9.98643,-1.98883,0.176429,fluid
2780,22.9945,3.61539,,1001.38,49.8154,10887.6,,0.689132,0.850588,1.09472,,-2.14372,10.9067,-1.67089,1.09667,fluid
2781,24.0076,2.73462,,1002.44,21.4975,19290,,0.0420467,-0.203937,0.208226,,-1.65094,9.85898,-0.849396,0.0489769,fluid
2782,24.1027,3.44093,,1001.68,7.30622,13213.2,,-0.0197091,-0.270081,0.2708,,-2.45539,10.4479,-1.9081,0.637882,fluid
2783,23.8687,3.47747,,1001.68,34.622,13226.3,,0.221001,0.0410325,0.224778,,-2.12375,10.9575,-1.57055,1.14754,fluid
2784,23.4526,4.33643,,1000.69,80.9002,5427.73,,0.752341,0.813025,1.10771,,-2.8837,7.41548,-2.65243,-2.39452,fluid
2785,18.6166,4.4365,,1000.32,8.73826,2478.11,,0.476252,-0.63376,0.79276,,2.65904,10.6756,2.79211,0.865578,fluid
2786,23.6306,4.26746,,1000.86,51.3342,6747.4,,0.797073,0.588256,0.990641,,-2.50297,7.73133,-2.21768,-2.07867,fluid
2787,12.4524,4.86267,,1000.37,66.4647,2908.99,,1.08554,-0.919027,1.42232,,0.75151,9.66219,0.985031,-0.147811,fluid
2788,21.6708,3.71761,,1001.01,49.2732,7912.49,,1.02959,0.586884,1.18511,,-1.32806,10.7626,-0.963307,0.952596,fluid
2789,17.8172,4.34099,,1000.66,21.9786,5207.58,,-0.261789,-0.0541848,0.267338,,0.822966,9.39747,1.11505,-0.412527,fluid
2790,16.6474,4.64917,,1000.4,-6.67314,3136.79,,-0.295714,0.790731,0.844217,,-0.358548,9.39481,-0.170198,-0.415193,fluid
2791,17.3633,4.76346,,1000.23,-111.47,1811.17,,-0.60039,-0.128511,0.613989,,0.389465,7.86796,0.493752,-1.94204,fluid
2792,15.5786,4.50618,,1000.4,30.0179,3136.35,,0.613592,0.407652,0.736665,,-0.801419,11.4176,-0.600175,1.60758,fluid
2793,6.55518,5.11332,,1000.66,-410.472,5180.62,,-2.86049,-1.36156,3.168,,-1.23508,17.3997,-0.44529,7.58965,fluid
2794,4.07963,11.6154,,1003.76,0.949488,29826,,-0.0760772,0.90662,0.909806,,-0.00250616,-0.0113574,7.28107,-9.82136,fluid
2795,3.34757,2.08235,,1009.31,67.5047,75161.9,,0.350666,-0.992573,1.0527,,-16.239,-3.25753,6.00644,-13.0675,fluid
2796,6.1922,8.7289,,1011.18,-87.9981,90771.7,,0.27733,-4.32254,4.33143,,19.4824,-5.86857,33.9793,-15.6786,fluid
2797,20.4689,0.0745521,,1005.63,-7.906,44910.2,,0.0956816,0.00680099,0.095923,,-1.1582,9.91918,1.0236,0.109179,fluid
2798,24.6391,0.135131,,1005.44,53.1537,43431.3,,0.0454737,-0.00900401,0.0463565,,-2.57964,10.0818,-0.82649,0.271785,fluid
2799,24.8987,1.82633,,1003.49,38.98,27709.3,,0.0258835,0.209546,0.211138,,-1.72412,10.352,-0.615111,0.541964,fluid
2800,24.8778,0.966697,,1004.49,49.8353,35735.4,,0.0224983,0.10632,0.108675,,-2.20478,10.0149,-0.774765,0.204858,fluid
2801,24.5463,0.638145,,1004.94,41.0162,39356,,0.057741,-0.037119,0.0686429,,-2.33531,10.0274,-0.739856,0.21741,fluid
2802,24.8654,2.79143,,1002.38,21.6903,18809.8,,0.0201926,0.361582,0.362146,,-1.03722,9.60918,-0.282552,-0.200822,fluid
2803,24.7978,1.22563,,1004.23,45.0925,33589.8,,0.0207359,-0.0447681,0.0493372,,-2.19025,9.75876,-0.841405,-0.0512408,fluid
2804,24.7579,1.65194,,1003.74,47.8604,29678.5,,0.0571426,0.0436992,0.0719368,,-1.70147,10.0184,-0.507181,0.208379,fluid
2805,24.7778,3.04376,,1002.08,36.9579,16405.3,,0.0297802,0.22066,0.222661,,-0.604103,8.21605,0.0566219,-1.59395,fluid
2806,24.6334,1.77507,,1003.62,45.017,28700,,0.0828325,0.0217744,0.0856466,,-1.56001,10.4874,-0.399128,0.67735,fluid
2807,24.635,2.18594,,1003.1,33.4171,24579,,0.0534247,0.0160282,0.0557773,,-1.53473,8.14737,-0.540092,-1.66263,fluid
2808,24.2057,1.56315,,1003.92,37.5169,31115,,-0.0445653,-0.217936,0.222446,,-1.80888,11.1344,-0.528454,1.3244,fluid
2809,24.597,2.39158,,1002.86,35.8575,22643.4,,0.0494677,-0.0334671,0.0597252,,-1.45052,10.3662,-0.532575,0.556225,fluid
2810,23.8023,2.71783,,1002.46,17.6223,19427.2,,-0.0493135,-0.0181041,0.0525317,,-2.26764,9.52278,-1.45345,-0.287216,fluid
2811,24.2307,1.8007,,1003.61,27.3488,28670.8,,0.0659358,-0.265589,0.273651,,-1.86718,9.12907,-0.688203,-0.680933,fluid
2812,24.1623,2.13375,,1003.19,29.709,25277.7,,0.0711442,-0.271954,0.281106,,-1.81957,10.4414,-0.776738,0.631389,fluid
2813,23.9981,2.23615,,1003.06,26.2297,24258.8,,-0.0904876,-0.248443,0.264409,,-1.59229,10.496,-0.584516,0.685964,fluid
2814,24.2013,2.37429,,1002.89,27.4507,22859.3,,0.0730997,-0.34543,0.35308,,-1.83517,9.83269,-0.893342,0.0226872,fluid
2815,24.1977,2.80522,,1002.35,29.9005,18603.3,,0.0534745,-0.375967,0.379751,,-1.77147,10.128,-1.00446,0.317978,fluid
2816,24.0897,3.06108,,1002.04,23.7161,16128,,0.0168861,-0.380603,0.380977,,-2.0996,9.08842,-1.43147,-0.721578,fluid
2817,23.7684,3.19822,,1001.92,25.2966,15128.9,,0.167006,0.0507311,0.174541,,-1.84076,9.39806,-1.20546,-0.411938,fluid
2818,23.5965,3.93631,,1001.26,48.2935,9915.57,,0.702006,0.740139,1.02011,,-2.79056,10.1469,-2.37088,0.336865,fluid
2819,17.4019,4.52746,,1000.53,109.789,4153.71,,-0.167835,-0.345065,0.383716,,0.444444,6.62196,0.683011,-3.18804,fluid
2820,19.439,3.80431,,1000.97,55.8241,7606.82,,0.670869,-0.421957,0.792536,,1.04837,9.87085,1.43931,0.0608465,fluid
2821,16.9511,4.73286,,1000.32,-65.2721,2494.78,,-0.378252,0.51719,0.64075,,-0.245507,8.88919,-0.0983791,-0.920808,fluid
2822,22.3551,4.20483,,1000.52,-0.624807,4090.93,,0.53157,0.740319,0.911394,,-2.80407,13.8003,-2.62116,3.99026,fluid
2823,17.6011,4.73996,,1000.24,-53.3499,1907.53,,-0.451437,-0.543576,0.70659,,1.6082,7.72035,1.71655,-2.08965,fluid
2824,15.0412,4.52011,,1000.39,31.451,3059.36,,0.731368,0.166991,0.75019,,-0.488345,11.683,-0.285026,1.87301,fluid
2825,5.05445,6.25179,,1001.98,-307.815,15616.7,,-0.715453,1.20189,1.39872,,13.037,-5.94352,16.1206,-15.7535,fluid
2826,5.42622,8.67726,,999.89,11.891,-862.996,,-0.213391,-2.95886,2.96655,,-4.31864,6.16763,-4.4777,-3.64237,fluid
2827,9.81364,3.3525,,1003.22,87.1976,25544.3,,1.05013,2.67085,2.86988,,-3.25191,9.03741,-0.65734,-0.772592,fluid
2828,8.0107,11.0222,,1009.08,-32.1482,73211.1,,2.58265,-5.4823,6.06018,,72.914,69.9083,81.9709,60.0983,fluid
2829,21.0697,0.054859,,1005.52,-0.265444,44043.7,,0.0788,0.0299248,0.0842907,,-1.38481,9.79234,0.694104,-0.0176596,fluid
2830,24.7386,0.344185,,1005.22,60.3068,41623.9,,0.0420477,0.0158909,0.0449503,,-2.48615,9.90205,-0.812341,0.0920506,fluid
2831,24.9499,1.56049,,1003.8,35.9592,30149.2,,0.0178755,0.180822,0.181704,,-1.79405,9.60989,-0.590234,-0.200113,fluid
2832,24.921,2.35628,,1002.86,28.6384,22663.1,,0.0209498,0.421807,0.422327,,-1.40459,10.3304,-0.497789,0.520424,fluid
2833,24.9237,0.771619,,1004.69,35.6956,37365.9,,0.0175894,0.060761,0.0632557,,-2.22882,9.38759,-0.73661,-0.422409,fluid
2834,24.6791,3.17736,,1001.9,24.2411,15000.1,,0.045965,0.0544908,0.0712883,,-0.26907,8.7969,0.337581,-1.0131,fluid
2835,24.4674,1.47453,,1004.01,38.558,31838.5,,-0.036705,-0.0650344,0.0746775,,-2.11382,9.71749,-0.817758,-0.0925101,fluid
2836,24.7411,2.35136,,1002.89,36.971,22904.8,,0.057331,0.0901063,0.106799,,-1.34127,10.3661,-0.418166,0.556096,fluid
2837,24.8939,4.13453,,1000.88,28.0316,6916.86,,0.0193958,0.607575,0.607885,,-0.181473,7.82336,0.0961362,-1.98664,fluid
2838,24.8496,3.57641,,1001.46,35.3687,11471.9,,0.0217405,0.461269,0.461782,,-0.222938,7.96055,0.238044,-1.84945,fluid
2839,24.515,1.87937,,1003.5,43.2955,27794.6,,0.0689698,-0.0675394,0.0965319,,-1.60609,11.6378,-0.476272,1.82778,fluid
2840,24.6711,3.35354,,1001.69,9.45384,13353.4,,0.0577095,0.0686561,0.0896886,,0.156075,9.4145,0.696417,-0.395505,fluid
2841,24.5823,5.37121,,1000.16,8.50235,1286.62,,0.0235372,0.550813,0.551315,,0.0787581,3.99304,0.131089,-5.81696,fluid
2842,24.6246,2.60811,,1002.6,25.6215,20587.5,,0.0728738,-0.000398358,0.0728749,,-1.08289,9.72581,-0.249006,-0.0841922,fluid
2843,24.3967,2.0558,,1003.29,38.403,26054.3,,0.0836428,-0.257106,0.270369,,-1.53641,9.83066,-0.471963,0.020665,fluid
2844,24.7078,3.7427,,1001.28,19.1086,10117,,0.0496393,0.323921,0.327703,,-0.333604,8.00418,0.0753371,-1.80582,fluid
2845,24.5683,3.75059,,1001.3,10.5164,10271,,0.092339,0.123383,0.15411,,-1.05078,8.1628,-0.633262,-1.6472,fluid
2846,24.3948,3.27338,,1001.77,-8.59301,13989.6,,0.0449473,-0.481637,0.48373,,-1.41237,8.99659,-0.839912,-0.813406,fluid
2847,24.6196,2.78316,,1002.39,37.06,18915.8,,0.0770934,0.0017236,0.0771126,,-0.910386,9.56947,-0.1439,-0.240534,fluid
2848,24.4151,2.51146,,1002.72,23.2944,21522.3,,0.0244092,-0.349283,0.350135,,-1.46036,9.57938,-0.581236,-0.23062,fluid
2849,24.4909,2.84737,,1002.31,43.7962,18241.8,,0.053177,-0.186345,0.193784,,-1.24529,9.10885,-0.502166,-0.701152,fluid
2850,24.4882,3.02952,,1002.07,20.0701,16348.9,,0.0786457,-0.354028,0.362659,,-0.803763,9.1647,-0.137519,-0.645304,fluid
2851,19.7368,3.95317,,1000.69,22.5483,5463.27,,0.478867,-0.333884,0.583774,,1.6618,9.61051,1.93842,-0.199494,fluid
2852,24.4678,3.60333,,1001.46,21.4596,11517.4,,0.0697261,-0.341686,0.348727,,-1.57758,8.40666,-1.10755,-1.40334,fluid
2853,24.5078,4.04107,,1001.04,-49.6728,8226.53,,0.119258,0.119985,0.169171,,-2.42781,7.66139,-2.09249,-2.14861,fluid
2854,24.0949,2.54505,,1002.67,21.3467,21161.9,,-0.0179757,-0.326739,0.327233,,-1.70448,9.61008,-0.828556,-0.199923,fluid
2855,17.731,4.77158,,1000.22,-21.7508,1766.46,,-0.312935,-0.780496,0.840894,,2.28558,8.12658,2.38518,-1.68342,fluid
2856,17.4561,4.78729,,1000.2,-72.2492,1565.64,,-0.499239,-0.316326,0.591018,,0.833745,7.711,0.923417,-2.099,fluid
2857,5.81135,7.12926,,1000.04,385.024,340.884,,1.93629,-3.15567,3.70236,,3.28874,0.319353,3.3474,-9.49065,fluid
2858,5.56885,9.08265,,999.244,48.4978,-5916.83,,0.586819,-3.32864,3.37997,,-12.6864,1.49015,-13.7497,-8.31985,fluid
2859,6.7427,11.6169,,979.398,0,-152024,,-2.8784,-4.74145,5.54676,,0,0,-23.0208,-9.81,fluid
2860,10.4963,27.9264,,898.067,0,-592916,,8.90458,0.298045,8.90957,,0,0,-62.8997,-9.81,fluid
2861,21.7512,0.0455574,,1005.42,4.13834,43239.5,,0.00451678,0.0101898,0.011146,,-1.78686,9.32077,0.190335,-0.489235,fluid
2862,24.9291,0.516768,,1004.98,43.665,39704.8,,0.0165162,0.00183021,0.0166173,,-2.35546,10.0007,-0.770647,0.190679,fluid
2863,24.8954,2.64253,,1002.55,28.5158,20136,,0.0182687,0.224618,0.225359,,-1.22629,8.95055,-0.419518,-0.859452,fluid
2864,24.9272,3.07162,,1002.06,24.6423,16235.8,,0.0116975,0.495076,0.495214,,-0.588387,9.12505,0.061605,-0.684949,fluid
2865,24.9242,3.40361,,1001.66,20.5995,13071.8,,0.00981742,0.474135,0.474237,,-0.279035,8.59462,0.244558,-1.21538,fluid
2866,24.8264,4.53101,,1000.6,31.2724,4698.38,,0.0368461,0.463201,0.464664,,-0.591391,6.50094,-0.402254,-3.30906,fluid
2867,24.7881,4.71044,,1000.48,3.79596,3751.62,,0.0373364,0.473191,0.474661,,-0.344106,6.27913,-0.192831,-3.53087,fluid
2868,24.8968,4.02216,,1000.98,10.6331,7679.11,,0.0148387,0.523204,0.523415,,-0.195642,7.36789,0.112496,-2.44211,fluid
2869,24.7431,4.87498,,1000.37,-2.98804,2943.08,,0.0407857,0.300067,0.302826,,-0.0607553,5.82064,0.0581457,-3.98936,fluid
2870,24.6046,4.78597,,1000.45,-29.0349,3504.8,,0.0547838,0.532732,0.535541,,-0.67833,5.52873,-0.535949,-4.28127,fluid
2871,24.632,4.24859,,1000.83,-0.890453,6531.27,,0.0574274,0.199534,0.207633,,-0.765678,7.08352,-0.500744,-2.72648,fluid
2872,22.8238,4.38944,,1000.45,12.3812,3552.65,,0.422675,0.529806,0.677752,,-4.59424,12.4655,-4.43866,2.65553,fluid
2873,22.4992,3.79095,,1000.98,33.0088,7708.17,,0.655506,0.790554,1.02697,,-2.25807,10.3997,-1.9158,0.589685,fluid
2874,20.4906,3.50632,,1001.31,56.5361,10290.8,,1.13021,0.0120671,1.13027,,0.76004,12.0068,1.2616,2.19679,fluid
2875,24.5456,3.39499,,1001.64,4.46472,12955.7,,0.0677855,-0.0430837,0.0803186,,-0.546533,9.19078,-0.019578,-0.619223,fluid
2876,24.1798,3.98643,,1001.27,55.4807,9988.46,,0.359772,-0.102239,0.374017,,-2.82069,9.56789,-2.40812,-0.242109,fluid
2877,21.7393,3.3518,,1001.43,34.7397,11284.4,,1.06634,0.466421,1.16388,,-1.68532,13.3299,-1.16698,3.51993,fluid
2878,24.5575,5.09822,,1000.27,-3.40377,2092.59,,0.0506405,0.386936,0.390236,,-0.0190026,3.8028,0.0661868,-6.0072,fluid
2879,24.3935,4.33037,,1000.86,54.2162,6736.62,,0.192037,0.158272,0.248854,,-3.6269,7.31664,-3.35097,-2.49336,fluid
2880,24.3127,3.88404,,1001.29,47.6034,10181.4,,0.302237,-0.378562,0.484413,,-3.84697,8.72696,-3.42874,-1.08304,fluid
2881,24.579,4.59421,,1000.59,-5.95326,4641.94,,0.0596359,0.383788,0.388394,,-1.32716,6.36172,-1.13841,-3.44828,fluid
2882,24.5141,5.14274,,1000.25,36.6295,1940.74,,0.0269307,0.53809,0.538764,,-0.308504,4.00056,-0.229356,-5.80944,fluid
2883,24.4633,5.04361,,1000.3,45.7925,2339.62,,0.0153172,0.662463,0.66264,,-1.02087,3.76832,-0.925261,-6.04168,fluid
2884,24.3126,2.64836,,1002.55,18.4594,20177.7,,-0.00705645,-0.365464,0.365532,,-1.60132,10.0614,-0.773504,0.251409,fluid
2885,24.3243,3.03904,,1002.05,19.2028,16220.6,,-0.0046566,-0.393652,0.393679,,-1.96548,8.50462,-1.30001,-1.30538,fluid
2886,24.2136,4.95649,,1000.36,-3.75669,2820.75,,0.289553,0.971055,1.01331,,-4.56099,6.7243,-4.44454,-3.0857,fluid
2887,23.9299,4.36636,,1000.82,-19.7906,6483.1,,0.650011,0.51425,0.828834,,-3.01179,6.81721,-2.7411,-2.99279,fluid
2888,12.906,4.80922,,1000.35,92.6354,2784.52,,1.3188,-0.458356,1.39618,,2.19125,10.8066,2.40693,0.996556,fluid
2889,5.61476,6.53651,,1001.75,272.751,13827.9,,1.6426,-1.91645,2.52407,,2.64935,-3.5318,5.10783,-13.3418,fluid
2890,6.01143,6.7901,,999.518,211.591,-3779.15,,2.0034,-3.23408,3.80433,,3.81759,5.96622,3.18862,-3.84378,fluid
2891,5.88659,10.3864,,999.467,328.997,-4175.02,,1.90913,-2.45338,3.10867,,4.73752,-2.80918,4.0279,-12.6192,fluid
2892,9.28326,5.84668,,1001.01,259.426,7924.22,,2.11873,0.0747866,2.12005,,3.95674,11.3796,4.80949,1.56955,fluid
2893,22.9047,0.0288384,,1005.39,28.7531,43002.9,,0.0198839,-0.00162743,0.0199504,,-2.34947,9.9682,-0.482069,0.158196,fluid
2894,24.7212,0.605368,,1004.94,44.6696,39328,,0.05278,-0.0148772,0.0548367,,-2.26674,9.79819,-0.683694,-0.0118088,fluid
2895,24.7357,4.3926,,1000.71,18.348,5569.53,,0.0453355,0.353099,0.355997,,-0.362045,6.91554,-0.137042,-2.89446,fluid
2896,20.0619,4.11035,,1000.49,28.992,3860.57,,1.02616,-0.343202,1.08203,,1.54935,12.9545,1.74169,3.14449,fluid
2897,24.578,5.40338,,1000.16,-0.225494,1222.62,,0.0151168,0.567879,0.568081,,0.200338,4.20051,0.250074,-5.60949,fluid
2898,21.1864,3.71992,,1001,77.731,7855.18,,1.04215,0.0277296,1.04252,,-0.631421,10.9697,-0.261025,1.15971,fluid
2899,19.8976,4.19163,,1000.42,20.9838,3297.54,,0.835892,-0.460132,0.954168,,1.66889,12.6635,1.83454,2.85352,fluid
2900,23.9318,3.26895,,1001.84,27.7035,14558.6,,0.107848,-0.094615,0.143468,,-1.8512,9.67423,-1.24398,-0.135771,fluid
2901,21.5389,3.54346,,1001.24,73.4176,9797.12,,0.956507,0.279016,0.996371,,-0.800922,11.9837,-0.34663,2.17369,fluid
2902,24.1076,4.85666,,1000.42,-1.24024,3296.8,,0.38569,0.687524,0.788319,,-3.82142,8.40553,-3.68472,-1.40447,fluid
2903,17.7467,4.68613,,1000.29,-26.8339,2312.8,,-0.222887,-0.85743,0.885926,,2.34002,8.11284,2.47031,-1.69716,fluid
2904,19.7486,4.19327,,1000.42,22.9896,3276.98,,0.817667,-0.549928,0.985393,,0.990621,12.1281,1.15649,2.31814,fluid
2905,19.1601,4.32341,,1000.33,27.3644,2605.9,,0.73803,-0.558072,0.925275,,1.7778,12.199,1.91376,2.38896,fluid
2906,20.0409,3.70392,,1001.03,33.2418,8094.06,,0.727278,-0.46041,0.860762,,0.387089,11.1534,0.790552,1.34336,fluid
2907,18.1278,4.31356,,1000.54,-0.647072,4270.08,,0.134184,-0.28708,0.316892,,1.0348,7.56155,1.27023,-2.24845,fluid
2908,23.3906,3.96377,,1001.14,54.9629,8943.67,,0.832886,0.848923,1.18927,,-2.54031,9.18472,-2.15838,-0.625277,fluid
2909,18.123,4.53703,,1000.34,-14.0239,2642.05,,0.202537,-0.741626,0.768785,,0.926239,10.0366,1.07197,0.226631,fluid
2910,23.0255,4.27829,,1000.57,-12.4571,4443.37,,0.719684,0.628307,0.955361,,-3.10937,9.36818,-2.9165,-0.441816,fluid
2911,16.3813,4.55185,,1000.47,48.068,3704.39,,0.27872,0.712589,0.765158,,-1.64902,9.25817,-1.42299,-0.551834,fluid
2912,20.7453,3.70566,,1001,36.4971,7908.97,,1.01454,-0.357259,1.07561,,0.391023,10.9583,0.771881,1.14834,fluid
2913,24.3882,4.74335,,1000.5,56.8314,3934.23,,0.267894,0.368704,0.455752,,-3.63095,5.33858,-3.46972,-4.47142,fluid
2914,22.5166,4.14225,,1000.58,25.2585,4570.04,,0.673977,0.828425,1.06796,,-2.71725,11.9261,-2.51441,2.11614,fluid
2915,21.4166,3.32084,,1001.49,57.0822,11714.6,,1.15641,0.33559,1.20412,,-1.24331,13.4184,-0.69714,3.60837,fluid
2916,22.9733,4.35378,,1000.49,12.2206,3850.76,,0.627727,0.557098,0.839285,,-3.96502,10.9735,-3.79749,1.16349,fluid
2917,24.0468,4.79367,,1000.45,0.449477,3573.99,,0.414117,0.542762,0.682703,,-3.52989,8.74939,-3.38133,-1.06061,fluid
2918,23.6353,4.60245,,1000.5,32.0015,3932.47,,0.206742,0.583414,0.618962,,-2.92972,9.6448,-2.76343,-0.165195,fluid
2919,24.4684,5.42322,,1000.15,-19.7538,1165.16,,-0.184674,0.551592,0.581685,,-1.63216,4.65865,-1.58454,-5.15135,fluid
2920,17.0723,4.82186,,1000.23,-59.1649,1827.31,,-0.573074,0.284618,0.639861,,0.424811,8.93946,0.53182,-0.870542,fluid
2921,16.5009,4.69281,,1000.4,-41.8791,3164.98,,-0.107306,0.853913,0.860629,,-1.75233,11.5868,-1.5606,1.77681,fluid
2922,10.775,5.3409,,1000.27,182.671,2145.27,,1.38861,-0.754658,1.58042,,-1.3013,11.5497,-1.10225,1.7397,fluid
2923,6.46718,5.89178,,998.169,210.225,-14290.9,,0.9765,-3.09362,3.24408,,11.21,0.364575,8.99622,-9.44543,fluid
2924,7.7816,10.8026,,1009.41,-39.3815,75929.9,,0.768021,-3.66255,3.74221,,-70.0982,-67.1557,-60.4315,-76.9657,fluid
2925,24.8651,0.0407971,,1005.51,43.7169,43932.8,,0.0254744,-0.0068112,0.0263693,,-2.4241,10.0997,-0.66693,0.289663,fluid
2926,24.919,1.20243,,1004.22,42.8428,33527.6,,0.0291033,0.0997499,0.103909,,-1.91638,10.3533,-0.576569,0.54335,fluid
2927,24.8886,3.82057,,1001.18,12.8428,9281.71,,0.0178229,0.316314,0.316815,,-0.267521,7.77838,0.10497,-2.03162,fluid
2928,22.1287,4.2299,,1000.52,-1.89417,4056.3,,0.47221,0.691449,0.837307,,-3.87297,14.5152,-3.68976,4.70516,fluid
2929,21.0405,4.0907,,1000.47,10.8523,3695.07,,0.608526,-0.0509785,0.610657,,0.781755,12.7044,0.957289,2.89445,fluid
2930,21.7632,2.46782,,1002.71,33.1326,21466.3,,0.650367,0.305549,0.718567,,-1.31009,10.6641,-0.326404,0.854132,fluid
2931,21.5286,2.14374,,1003.09,31.1723,24482.1,,0.664316,0.162821,0.683978,,-1.06718,11.0157,0.0665038,1.20568,fluid
2932,24.2937,3.47649,,1001.6,22.3604,12651,,0.176499,-0.315433,0.361455,,-2.94028,9.97226,-2.42037,0.162256,fluid
2933,19.4039,4.16517,,1000.45,-11.504,3504.02,,0.512723,-0.453761,0.684678,,2.62853,11.2147,2.80904,1.40469,fluid
2934,21.7479,1.77144,,1003.55,30.6753,28157.3,,0.507471,0.0195149,0.507846,,-1.76683,10.5437,-0.476695,0.733699,fluid
2935,22.178,1.48111,,1003.84,28.2705,30507.7,,0.31913,0.0840087,0.330003,,-2.62203,10.2293,-1.25171,0.419301,fluid
2936,23.0838,3.36321,,1001.66,19.112,13105.7,,0.562613,0.770951,0.95441,,-2.58207,10.041,-2.01527,0.231001,fluid
2937,21.832,1.47285,,1003.87,23.522,30721.9,,0.351868,0.104598,0.367086,,-1.71648,10.1721,-0.314713,0.362107,fluid
2938,23.3562,3.08103,,1002,21.377,15814.4,,0.222549,0.48648,0.534969,,-2.1101,9.96257,-1.43436,0.152568,fluid
2939,24.3973,2.23698,,1003.06,32.1459,24224.2,,0.0210391,-0.279186,0.279977,,-1.57924,10.0724,-0.589367,0.262392,fluid
2940,23.2957,4.10653,,1000.9,42.875,7114.57,,0.752668,0.675094,1.01107,,-2.36334,9.40928,-2.05821,-0.400723,fluid
2941,21.7495,4.06416,,1000.59,-1.03307,4673.29,,0.617468,0.742645,0.96581,,-0.408426,14.5147,-0.193685,4.70472,fluid
2942,21.7393,3.87229,,1000.81,61.7617,6347.57,,0.652476,0.685154,0.94613,,-0.258719,11.6332,0.0330315,1.82319,fluid
2943,24.4791,4.45499,,1000.72,-4.58214,5677.9,,0.0770365,0.38063,0.388347,,-2.2654,7.12637,-2.03361,-2.68363,fluid
2944,18.1418,4.68038,,1000.26,27.5525,2022.77,,0.331628,-0.882454,0.942711,,1.55151,10.2116,1.66297,0.401603,fluid
2945,22.3701,3.96971,,1000.73,6.90424,5720.89,,0.611542,0.753759,0.970637,,-2.44537,9.88281,-2.18982,0.0728114,fluid
2946,20.8021,4.11894,,1000.46,-3.88092,3617.77,,0.324847,-0.0215549,0.325561,,0.445263,13.5252,0.619097,3.71524,fluid
2947,22.706,4.28732,,1000.5,15.9368,3968.24,,0.341042,0.642101,0.727051,,-3.80929,12.5718,-3.63461,2.76177,fluid
2948,21.3954,4.01084,,1000.55,-23.8703,4346.28,,0.619966,0.522455,0.81075,,-0.270874,12.1789,-0.0678452,2.36887,fluid
2949,23.8905,4.70935,,1000.49,-0.159687,3835.79,,0.417469,0.412153,0.586643,,-4.14824,9.45306,-3.98776,-0.356943,fluid
2950,24.4055,5.19826,,1000.22,-34.9218,1759.8,,0.00207784,0.875193,0.875196,,-3.14372,4.04525,-3.07163,-5.76475,fluid
2951,24.1703,4.3256,,1000.92,89.9009,7223.12,,0.61785,-0.249875,0.666466,,-2.18384,7.78938,-1.88527,-2.02062,fluid
2952,24.5481,5.45924,,1000.14,-6.61692,1119.33,,-0.0246817,0.58921,0.589726,,-0.0108942,4.60731,0.0346966,-5.20269,fluid
2953,21.1417,3.98351,,1000.58,37.6911,4575.9,,0.932382,-0.0623909,0.934467,,0.116016,11.534,0.332329,1.72395,fluid
2954,15.9513,4.62429,,1000.42,-17.1879,3271.34,,0.301424,0.539084,0.617631,,-1.74194,12.8871,-1.53694,3.07708,fluid
2955,14.542,4.63277,,1000.32,53.052,2510.74,,0.859758,-0.0444709,0.860908,,0.120687,11.6834,0.293287,1.87345,fluid
2956,8.61476,5.86966,,1001.28,245.212,10070.2,,1.7258,-0.744294,1.87946,,-0.247386,13.2131,0.920064,3.40311,fluid
2957,24.922,0.256532,,1005.27,53.3752,42057.8,,0.0220999,-0.00143857,0.0221467,,-2.42368,9.72189,-0.744962,-0.0881103,fluid
2958,24.9185,2.09148,,1003.17,25.8207,25089.6,,0.0190062,0.237094,0.237855,,-1.57671,8.75355,-0.573021,-1.05645,fluid
2959,20.9932,3.62745,,1001.15,57.9576,9019.27,,1.08126,0.20047,1.09969,,-0.103806,11.1332,0.325331,1.32317,fluid
2960,23.4068,4.62301,,1000.41,-2.21636,3223.91,,0.614034,0.904321,1.09309,,-3.9922,10.586,-3.85452,0.77601,fluid
2961,23.0989,4.44543,,1000.46,57.1793,3578.36,,1.08472,0.809806,1.35367,,-4.43386,10.7865,-4.27902,0.97651,fluid
2962,21.3367,3.6059,,1001.18,82.3318,9266.75,,1.11928,0.402474,1.18945,,-0.864334,11.298,-0.430535,1.48805,fluid
2963,21.9371,1.68349,,1003.64,32.0445,28915.8,,0.47001,0.0668814,0.474745,,-1.45114,10.8662,-0.137806,1.05624,fluid
2964,20.9447,4.12284,,1000.45,8.8719,3512.36,,0.479662,-0.0610118,0.483527,,0.599042,13.017,0.766664,3.20701,fluid
2965,24.5073,5.44483,,1000.14,-10.4019,1132.72,,-0.0956512,0.590337,0.598036,,-0.81692,4.65376,-0.770707,-5.15624,fluid
2966,21.3996,4.08299,,1000.48,28.5142,3787.56,,0.897149,0.422158,0.991511,,-0.688674,13.826,-0.511767,4.01601,fluid
2967,21.6261,4.05959,,1000.56,-16.3117,4367.68,,0.458284,0.725264,0.857923,,-0.302506,14.1387,-0.100654,4.32865,fluid
2968,22.0444,3.99729,,1000.71,55.5774,5616.4,,0.520564,0.631504,0.818404,,-3.18666,11.9593,-2.93207,2.14932,fluid
2969,24.0302,3.90189,,1001.37,52.3806,10818.5,,0.357246,0.0277862,0.358325,,-2.21013,8.60473,-1.76054,-1.20527,fluid
2970,24.0838,4.2841,,1000.96,31.5666,7583.98,,0.490909,0.394861,0.630006,,-2.72041,6.93814,-2.40582,-2.87186,fluid
2971,22.1165,1.99154,,1003.3,27.0809,26154.6,,0.371939,0.143579,0.39869,,-1.84862,10.1732,-0.66992,0.363178,fluid
2972,23.7871,4.12539,,1001.11,36.9707,8726.75,,0.573715,0.448873,0.728447,,-2.38859,9.15432,-2.02213,-0.65568,fluid
2973,22.1062,3.71939,,1001.04,68.168,8185.76,,0.69255,0.539906,0.878137,,-2.07518,11.892,-1.70528,2.08198,fluid
2974,20.7478,3.47983,,1001.36,115.377,10683.7,,0.824405,-0.0734139,0.827667,,-0.171859,12.8067,0.342377,2.99675,fluid
2975,22.2034,4.09066,,1000.61,10.5382,4805.21,,0.500095,0.668696,0.835014,,-3.36073,12.2999,-3.14445,2.48989,fluid
2976,24.4178,3.80556,,1001.31,33.2871,10301.5,,0.201441,-0.496356,0.535675,,-3.81082,8.50499,-3.38948,-1.30501,fluid
2977,24.0237,4.67849,,1000.53,49.685,4158.11,,0.591723,0.306708,0.666488,,-2.39623,7.15879,-2.22324,-2.65121,fluid
2978,23.3796,4.6549,,1000.39,-10.9917,3030.75,,0.301174,0.78853,0.844088,,-4.0612,11.1336,-3.93162,1.3236,fluid
2979,23.3883,4.52645,,1000.47,-6.89034,3699.05,,0.347803,0.858209,0.926007,,-3.64197,9.15293,-3.48388,-0.657065,fluid
2980,24.5602,4.15916,,1000.92,-23.5722,7243.42,,0.0748327,0.159814,0.176467,,-1.66723,6.97127,-1.37258,-2.83873,fluid
2981,23.8369,4.65202,,1000.51,19.4336,4043.79,,0.475566,0.411096,0.62862,,-4.1694,8.60205,-3.99985,-1.20795,fluid
2982,20.566,4.03891,,1000.55,-1.07411,4314.78,,0.747992,0.0148046,0.748139,,0.107369,13.4962,0.317055,3.6862,fluid
2983,21.8079,2.8651,,1002.11,50.2006,16673.1,,0.837585,0.361683,0.912339,,-0.816021,10.3852,-0.0530874,0.575238,fluid
2984,19.6682,4.27707,,1000.36,35.8645,2802.69,,0.846381,-0.5908,1.03219,,0.714579,12.6206,0.857027,2.81058,fluid
2985,18.9984,4.40702,,1000.3,35.7069,2375.04,,0.56618,-0.571844,0.804714,,1.6853,11.4755,1.81027,1.66552,fluid
2986,20.2962,3.88974,,1000.73,67.6188,5729.07,,0.634924,-0.266343,0.688525,,0.613371,10.271,0.895439,0.460976,fluid
2987,12.4373,5.03787,,1000.36,187.951,2856.27,,2.11352,-0.916478,2.30367,,0.409697,11.4278,0.639267,1.61785,fluid
2988,10.5085,6.24907,,982.658,-24.4503,-129222,,0.544128,-0.412048,0.682538,,-1.30478,-2.87918,-13.8188,-12.6892,fluid
