h/dp :,2
L2norm Pressure,KE,dp,Nparticles
44744,45256.2,0.25,2560

t,0.01
ID,r,z,,rho,drhodt,pressure,,u_r,u_z,velocity,,pairAr,pairAz,totalAr,totalAz,Type
0,0.125,-0.125,,1000.86,0,6793.32,,0,0,0,,0,0,54.2997,-9.81,boundary
1,0.375,-0.125,,1000.83,0,6544.97,,0,0,0,,0,0,17.4387,-9.81,boundary
2,0.625,-0.125,,1000.78,0,6169.75,,0,0,0,,0,0,9.86387,-9.81,boundary
3,0.875,-0.125,,1000.74,0,5818.24,,0,0,0,,0,0,6.6445,-9.81,boundary
4,1.125,-0.125,,1000.71,0,5578.15,,0,0,0,,0,0,4.95484,-9.81,boundary
5,1.375,-0.125,,1000.69,0,5449.61,,0,0,0,,0,0,3.96061,-9.81,boundary
6,1.625,-0.125,,1000.69,0,5390.11,,0,0,0,,0,0,3.31472,-9.81,boundary
7,1.875,-0.125,,1000.68,0,5362.62,,0,0,0,,0,0,2.85811,-9.81,boundary
8,2.125,-0.125,,1000.68,0,5348.38,,0,0,0,,0,0,2.51517,-9.81,boundary
9,2.375,-0.125,,1000.68,0,5339.98,,0,0,0,,0,0,2.24689,-9.81,boundary
10,2.625,-0.125,,1000.68,0,5334.53,,0,0,0,,0,0,2.03082,-9.81,boundary
11,2.875,-0.125,,1000.68,0,5330.71,,0,0,0,,0,0,1.85291,-9.81,boundary
12,3.125,-0.125,,1000.68,0,5327.9,,0,0,0,,0,0,1.70377,-9.81,boundary
13,3.375,-0.125,,1000.68,0,5325.74,,0,0,0,,0,0,1.57693,-9.81,boundary
14,3.625,-0.125,,1000.68,0,5324.04,,0,0,0,,0,0,1.46771,-9.81,boundary
15,3.875,-0.125,,1000.68,0,5322.68,,0,0,0,,0,0,1.37266,-9.81,boundary
16,4.125,-0.125,,1000.68,0,5321.56,,0,0,0,,0,0,1.2892,-9.81,boundary
17,4.375,-0.125,,1000.68,0,5320.63,,0,0,0,,0,0,1.21532,-9.81,boundary
18,4.625,-0.125,,1000.68,0,5319.85,,0,0,0,,0,0,1.14946,-9.81,boundary
19,4.875,-0.125,,1000.68,0,5319.19,,0,0,0,,0,0,1.09038,-9.81,boundary
20,5.125,-0.125,,1000.68,0,5318.63,,0,0,0,,0,0,1.03708,-9.81,boundary
21,5.375,-0.125,,1000.68,0,5318.15,,0,0,0,,0,0,0.988754,-9.81,boundary
22,5.625,-0.125,,1000.68,0,5317.73,,0,0,0,,0,0,0.944735,-9.81,boundary
23,5.875,-0.125,,1000.68,0,5317.36,,0,0,0,,0,0,0.904471,-9.81,boundary
24,6.125,-0.125,,1000.68,0,5317.04,,0,0,0,,0,0,0.867501,-9.81,boundary
25,6.375,-0.125,,1000.68,0,5316.75,,0,0,0,,0,0,0.833437,-9.81,boundary
26,6.625,-0.125,,1000.68,0,5316.5,,0,0,0,,0,0,0.801949,-9.81,boundary
27,6.875,-0.125,,1000.68,0,5316.28,,0,0,0,,0,0,0.772754,-9.81,boundary
28,7.125,-0.125,,1000.68,0,5316.07,,0,0,0,,0,0,0.745612,-9.81,boundary
29,7.375,-0.125,,1000.68,0,5315.89,,0,0,0,,0,0,0.720312,-9.81,boundary
30,7.625,-0.125,,1000.68,0,5315.73,,0,0,0,,0,0,0.696674,-9.81,boundary
31,7.875,-0.125,,1000.68,0,5315.58,,0,0,0,,0,0,0.674539,-9.81,boundary
32,8.125,-0.125,,1000.68,0,5315.45,,0,0,0,,0,0,0.653767,-9.81,boundary
33,8.375,-0.125,,1000.68,0,5315.32,,0,0,0,,0,0,0.634237,-9.81,boundary
34,8.625,-0.125,,1000.68,0,5315.21,,0,0,0,,0,0,0.61584,-9.81,boundary
35,8.875,-0.125,,1000.68,0,5315.11,,0,0,0,,0,0,0.598481,-9.81,boundary
36,9.125,-0.125,,1000.68,0,5315.02,,0,0,0,,0,0,0.582074,-9.81,boundary
37,9.375,-0.125,,1000.68,0,5314.93,,0,0,0,,0,0,0.566543,-9.81,boundary
38,9.625,-0.125,,1000.68,0,5314.85,,0,0,0,,0,0,0.551819,-9.81,boundary
39,9.875,-0.125,,1000.68,0,5314.77,,0,0,0,,0,0,0.537842,-9.81,boundary
40,10.125,-0.125,,1000.68,0,5314.71,,0,0,0,,0,0,0.524555,-9.81,boundary
41,10.375,-0.125,,1000.68,0,5314.64,,0,0,0,,0,0,0.511909,-9.81,boundary
42,10.625,-0.125,,1000.68,0,5314.58,,0,0,0,,0,0,0.499858,-9.81,boundary
43,10.875,-0.125,,1000.68,0,5314.53,,0,0,0,,0,0,0.488362,-9.81,boundary
44,11.125,-0.125,,1000.68,0,5314.48,,0,0,0,,0,0,0.477383,-9.81,boundary
45,11.375,-0.125,,1000.68,0,5314.43,,0,0,0,,0,0,0.466887,-9.81,boundary
46,11.625,-0.125,,1000.68,0,5314.38,,0,0,0,,0,0,0.456843,-9.81,boundary
47,11.875,-0.125,,1000.68,0,5314.34,,0,0,0,,0,0,0.447221,-9.81,boundary
48,12.125,-0.125,,1000.68,0,5314.3,,0,0,0,,0,0,0.437997,-9.81,boundary
49,12.375,-0.125,,1000.68,0,5314.26,,0,0,0,,0,0,0.429145,-9.81,boundary
50,12.625,-0.125,,1000.68,0,5314.23,,0,0,0,,0,0,0.420645,-9.81,boundary
51,12.875,-0.125,,1000.68,0,5314.2,,0,0,0,,0,0,0.412474,-9.81,boundary
52,13.125,-0.125,,1000.68,0,5314.16,,0,0,0,,0,0,0.404615,-9.81,boundary
53,13.375,-0.125,,1000.68,0,5314.14,,0,0,0,,0,0,0.39705,-9.81,boundary
54,13.625,-0.125,,1000.68,0,5314.11,,0,0,0,,0,0,0.389763,-9.81,boundary
55,13.875,-0.125,,1000.68,0,5314.08,,0,0,0,,0,0,0.382738,-9.81,boundary
56,14.125,-0.125,,1000.68,0,5314.06,,0,0,0,,0,0,0.375962,-9.81,boundary
57,14.375,-0.125,,1000.68,0,5314.03,,0,0,0,,0,0,0.369422,-9.81,boundary
58,14.625,-0.125,,1000.68,0,5314.01,,0,0,0,,0,0,0.363106,-9.81,boundary
59,14.875,-0.125,,1000.68,0,5313.99,,0,0,0,,0,0,0.357002,-9.81,boundary
60,15.125,-0.125,,1000.68,0,5313.97,,0,0,0,,0,0,0.3511,-9.81,boundary
61,15.375,-0.125,,1000.68,0,5313.95,,0,0,0,,0,0,0.345389,-9.81,boundary
62,15.625,-0.125,,1000.68,0,5313.93,,0,0,0,,0,0,0.339862,-9.81,boundary
63,15.875,-0.125,,1000.68,0,5313.91,,0,0,0,,0,0,0.334509,-9.81,boundary
64,16.125,-0.125,,1000.68,0,5313.9,,0,0,0,,0,0,0.329321,-9.81,boundary
65,16.375,-0.125,,1000.68,0,5313.88,,0,0,0,,0,0,0.324292,-9.81,boundary
66,16.625,-0.125,,1000.68,0,5313.85,,0,0,0,,0,0,0.319414,-9.81,boundary
67,16.875,-0.125,,1000.68,0,5313.81,,0,0,0,,0,0,0.31468,-9.81,boundary
68,17.125,-0.125,,1000.68,0,5313.72,,0,0,0,,0,0,0.310081,-9.81,boundary
69,17.375,-0.125,,1000.68,0,5313.49,,0,0,0,,0,0,0.305606,-9.81,boundary
70,17.625,-0.125,,1000.68,0,5312.85,,0,0,0,,0,0,0.301235,-9.81,boundary
71,17.875,-0.125,,1000.68,0,5311.09,,0,0,0,,0,0,0.296924,-9.81,boundary
72,18.125,-0.125,,1000.67,0,5306.21,,0,0,0,,0,0,0.292559,-9.81,boundary
73,18.375,-0.125,,1000.67,0,5293.29,,0,0,0,,0,0,0.287876,-9.81,boundary
74,18.625,-0.125,,1000.67,0,5263,,0,0,0,,0,0,0.282388,-9.81,boundary
75,18.875,-0.125,,1000.66,0,5202.45,,0,0,0,,0,0,0.275444,-9.81,boundary
76,19.125,-0.125,,1000.65,0,5098.93,,0,0,0,,0,0,0.266438,-9.81,boundary
77,19.375,-0.125,,1000.63,0,4944.43,,0,0,0,,0,0,0.255036,-9.81,boundary
78,19.625,-0.125,,1000.6,0,4748.62,,0,0,0,,0,0,0.241822,-9.81,boundary
79,19.875,-0.125,,1000.58,0,4535.84,,0,0,0,,0,0,0.228087,-9.81,boundary
80,20.125,-0.125,,1000.38,0,2970.84,,0,0,0,,0,0,0.147563,-9.81,boundary
81,20.375,-0.125,,1000.38,0,2985.4,,0,0,0,,0,0,0.146467,-9.81,boundary
82,20.625,-0.125,,1000.4,0,3125.01,,0,0,0,,0,0,0.151455,-9.81,boundary
83,20.875,-0.125,,1000,0,0,,0,0,0,,0,0,0,-9.81,boundary
84,21.125,-0.125,,1000,0,0,,0,0,0,,0,0,0,-9.81,boundary
85,21.375,-0.125,,1000,0,0,,0,0,0,,0,0,0,-9.81,boundary
86,21.625,-0.125,,1000,0,0,,0,0,0,,0,0,0,-9.81,boundary
87,21.875,-0.125,,1000,0,0,,0,0,0,,0,0,0,-9.81,boundary
88,22.125,-0.125,,1000,0,0,,0,0,0,,0,0,0,-9.81,boundary
89,22.375,-0.125,,1000,0,0,,0,0,0,,0,0,0,-9.81,boundary
90,22.625,-0.125,,1000,0,0,,0,0,0,,0,0,0,-9.81,boundary
91,22.875,-0.125,,1000,0,0,,0,0,0,,0,0,0,-9.81,boundary
92,23.125,-0.125,,1000,0,0,,0,0,0,,0,0,0,-9.81,boundary
93,23.375,-0.125,,1000,0,0,,0,0,0,,0,0,0,-9.81,boundary
94,23.625,-0.125,,1000,0,0,,0,0,0,,0,0,0,-9.81,boundary
95,23.875,-0.125,,1000,0,0,,0,0,0,,0,0,0,-9.81,boundary
96,24.125,-0.125,,1000,0,0,,0,0,0,,0,0,0,-9.81,boundary
97,24.375,-0.125,,1000,0,0,,0,0,0,,0,0,0,-9.81,boundary
98,24.625,-0.125,,1000,0,0,,0,0,0,,0,0,0,-9.81,boundary
99,24.875,-0.125,,1000,0,0,,0,0,0,,0,0,0,-9.81,boundary
100,25.125,-0.125,,1000,0,0,,0,0,0,,0,0,0,-9.81,boundary
101,25.375,-0.125,,1000,0,0,,0,0,0,,0,0,0,-9.81,boundary
102,25.625,-0.125,,1000,0,0,,0,0,0,,0,0,0,-9.81,boundary
103,0.125,-0.375,,1001.01,0,7959.61,,0,0,0,,0,0,63.6126,-9.81,boundary
104,0.375,-0.375,,1000.98,0,7674.92,,0,0,0,,0,0,20.4465,-9.81,boundary
105,0.625,-0.375,,1000.92,0,7243.75,,0,0,0,,0,0,11.5793,-9.81,boundary
106,0.875,-0.375,,1000.87,0,6838.8,,0,0,0,,0,0,7.80898,-9.81,boundary
107,1.125,-0.375,,1000.83,0,6561.84,,0,0,0,,0,0,5.82789,-9.81,boundary
108,1.375,-0.375,,1000.82,0,6413.58,,0,0,0,,0,0,4.66062,-9.81,boundary
109,1.625,-0.375,,1000.81,0,6345.23,,0,0,0,,0,0,3.90161,-9.81,boundary
110,1.875,-0.375,,1000.8,0,6313.87,,0,0,0,,0,0,3.3647,-9.81,boundary
111,2.125,-0.375,,1000.8,0,6297.73,,0,0,0,,0,0,2.96127,-9.81,boundary
112,2.375,-0.375,,1000.8,0,6288.28,,0,0,0,,0,0,2.64558,-9.81,boundary
113,2.625,-0.375,,1000.8,0,6282.17,,0,0,0,,0,0,2.3913,-9.81,boundary
114,2.875,-0.375,,1000.8,0,6277.91,,0,0,0,,0,0,2.18188,-9.81,boundary
115,3.125,-0.375,,1000.8,0,6274.78,,0,0,0,,0,0,2.00633,-9.81,boundary
116,3.375,-0.375,,1000.8,0,6272.38,,0,0,0,,0,0,1.857,-9.81,boundary
117,3.625,-0.375,,1000.8,0,6270.49,,0,0,0,,0,0,1.72841,-9.81,boundary
118,3.875,-0.375,,1000.8,0,6268.97,,0,0,0,,0,0,1.61651,-9.81,boundary
119,4.125,-0.375,,1000.8,0,6267.73,,0,0,0,,0,0,1.51824,-9.81,boundary
120,4.375,-0.375,,1000.8,0,6266.69,,0,0,0,,0,0,1.43125,-9.81,boundary
121,4.625,-0.375,,1000.8,0,6265.83,,0,0,0,,0,0,1.3537,-9.81,boundary
122,4.875,-0.375,,1000.8,0,6265.1,,0,0,0,,0,0,1.28413,-9.81,boundary
123,5.125,-0.375,,1000.8,0,6264.47,,0,0,0,,0,0,1.22136,-9.81,boundary
124,5.375,-0.375,,1000.8,0,6263.93,,0,0,0,,0,0,1.16446,-9.81,boundary
125,5.625,-0.375,,1000.8,0,6263.47,,0,0,0,,0,0,1.11262,-9.81,boundary
126,5.875,-0.375,,1000.8,0,6263.06,,0,0,0,,0,0,1.0652,-9.81,boundary
127,6.125,-0.375,,1000.8,0,6262.7,,0,0,0,,0,0,1.02167,-9.81,boundary
128,6.375,-0.375,,1000.8,0,6262.38,,0,0,0,,0,0,0.981553,-9.81,boundary
129,6.625,-0.375,,1000.8,0,6262.1,,0,0,0,,0,0,0.944471,-9.81,boundary
130,6.875,-0.375,,1000.8,0,6261.85,,0,0,0,,0,0,0.91009,-9.81,boundary
131,7.125,-0.375,,1000.8,0,6261.63,,0,0,0,,0,0,0.878126,-9.81,boundary
132,7.375,-0.375,,1000.8,0,6261.43,,0,0,0,,0,0,0.848332,-9.81,boundary
133,7.625,-0.375,,1000.8,0,6261.24,,0,0,0,,0,0,0.820494,-9.81,boundary
134,7.875,-0.375,,1000.8,0,6261.08,,0,0,0,,0,0,0.794425,-9.81,boundary
135,8.125,-0.375,,1000.8,0,6260.93,,0,0,0,,0,0,0.769963,-9.81,boundary
136,8.375,-0.375,,1000.8,0,6260.79,,0,0,0,,0,0,0.746963,-9.81,boundary
137,8.625,-0.375,,1000.8,0,6260.67,,0,0,0,,0,0,0.725297,-9.81,boundary
138,8.875,-0.375,,1000.8,0,6260.55,,0,0,0,,0,0,0.704854,-9.81,boundary
139,9.125,-0.375,,1000.8,0,6260.45,,0,0,0,,0,0,0.685531,-9.81,boundary
140,9.375,-0.375,,1000.8,0,6260.35,,0,0,0,,0,0,0.66724,-9.81,boundary
141,9.625,-0.375,,1000.8,0,6260.26,,0,0,0,,0,0,0.6499,-9.81,boundary
142,9.875,-0.375,,1000.8,0,6260.18,,0,0,0,,0,0,0.633438,-9.81,boundary
143,10.125,-0.375,,1000.8,0,6260.1,,0,0,0,,0,0,0.61779,-9.81,boundary
144,10.375,-0.375,,1000.8,0,6260.03,,0,0,0,,0,0,0.602897,-9.81,boundary
145,10.625,-0.375,,1000.8,0,6259.97,,0,0,0,,0,0,0.588705,-9.81,boundary
146,10.875,-0.375,,1000.8,0,6259.91,,0,0,0,,0,0,0.575166,-9.81,boundary
147,11.125,-0.375,,1000.8,0,6259.85,,0,0,0,,0,0,0.562236,-9.81,boundary
148,11.375,-0.375,,1000.8,0,6259.8,,0,0,0,,0,0,0.549874,-9.81,boundary
149,11.625,-0.375,,1000.8,0,6259.75,,0,0,0,,0,0,0.538045,-9.81,boundary
150,11.875,-0.375,,1000.8,0,6259.7,,0,0,0,,0,0,0.526713,-9.81,boundary
151,12.125,-0.375,,1000.8,0,6259.65,,0,0,0,,0,0,0.51585,-9.81,boundary
152,12.375,-0.375,,1000.8,0,6259.61,,0,0,0,,0,0,0.505425,-9.81,boundary
153,12.625,-0.375,,1000.8,0,6259.57,,0,0,0,,0,0,0.495414,-9.81,boundary
154,12.875,-0.375,,1000.8,0,6259.54,,0,0,0,,0,0,0.485791,-9.81,boundary
155,13.125,-0.375,,1000.8,0,6259.5,,0,0,0,,0,0,0.476535,-9.81,boundary
156,13.375,-0.375,,1000.8,0,6259.47,,0,0,0,,0,0,0.467626,-9.81,boundary
157,13.625,-0.375,,1000.8,0,6259.44,,0,0,0,,0,0,0.459043,-9.81,boundary
158,13.875,-0.375,,1000.8,0,6259.41,,0,0,0,,0,0,0.45077,-9.81,boundary
159,14.125,-0.375,,1000.8,0,6259.38,,0,0,0,,0,0,0.44279,-9.81,boundary
160,14.375,-0.375,,1000.8,0,6259.36,,0,0,0,,0,0,0.435087,-9.81,boundary
161,14.625,-0.375,,1000.8,0,6259.33,,0,0,0,,0,0,0.427648,-9.81,boundary
162,14.875,-0.375,,1000.8,0,6259.31,,0,0,0,,0,0,0.420459,-9.81,boundary
163,15.125,-0.375,,1000.8,0,6259.28,,0,0,0,,0,0,0.413508,-9.81,boundary
164,15.375,-0.375,,1000.8,0,6259.26,,0,0,0,,0,0,0.406783,-9.81,boundary
165,15.625,-0.375,,1000.8,0,6259.24,,0,0,0,,0,0,0.400273,-9.81,boundary
166,15.875,-0.375,,1000.8,0,6259.22,,0,0,0,,0,0,0.393968,-9.81,boundary
167,16.125,-0.375,,1000.8,0,6259.2,,0,0,0,,0,0,0.387859,-9.81,boundary
168,16.375,-0.375,,1000.8,0,6259.18,,0,0,0,,0,0,0.381936,-9.81,boundary
169,16.625,-0.375,,1000.8,0,6259.16,,0,0,0,,0,0,0.376191,-9.81,boundary
170,16.875,-0.375,,1000.8,0,6259.11,,0,0,0,,0,0,0.370615,-9.81,boundary
171,17.125,-0.375,,1000.8,0,6259,,0,0,0,,0,0,0.365199,-9.81,boundary
172,17.375,-0.375,,1000.8,0,6258.72,,0,0,0,,0,0,0.359928,-9.81,boundary
173,17.625,-0.375,,1000.8,0,6257.98,,0,0,0,,0,0,0.35478,-9.81,boundary
174,17.875,-0.375,,1000.8,0,6255.9,,0,0,0,,0,0,0.349703,-9.81,boundary
175,18.125,-0.375,,1000.79,0,6250.11,,0,0,0,,0,0,0.34456,-9.81,boundary
176,18.375,-0.375,,1000.79,0,6234.71,,0,0,0,,0,0,0.339035,-9.81,boundary
177,18.625,-0.375,,1000.79,0,6198.61,,0,0,0,,0,0,0.332549,-9.81,boundary
178,18.875,-0.375,,1000.78,0,6126.72,,0,0,0,,0,0,0.324342,-9.81,boundary
179,19.125,-0.375,,1000.76,0,6005.16,,0,0,0,,0,0,0.313756,-9.81,boundary
180,19.375,-0.375,,1000.74,0,5828.2,,0,0,0,,0,0,0.300587,-9.81,boundary
181,19.625,-0.375,,1000.71,0,5615.32,,0,0,0,,0,0,0.285927,-9.81,boundary
182,19.875,-0.375,,1000.69,0,5406.05,,0,0,0,,0,0,0.271816,-9.81,boundary
183,20.125,-0.375,,1000.3,0,2393.48,,0,0,0,,0,0,0.118894,-9.81,boundary
184,20.375,-0.375,,1000.31,0,2398.7,,0,0,0,,0,0,0.117692,-9.81,boundary
185,20.625,-0.375,,1000.31,0,2469.46,,0,0,0,,0,0,0.119694,-9.81,boundary
186,20.875,-0.375,,1000,0,0,,0,0,0,,0,0,0,-9.81,boundary
187,21.125,-0.375,,1000,0,0,,0,0,0,,0,0,0,-9.81,boundary
188,21.375,-0.375,,1000,0,0,,0,0,0,,0,0,0,-9.81,boundary
189,21.625,-0.375,,1000,0,0,,0,0,0,,0,0,0,-9.81,boundary
190,21.875,-0.375,,1000,0,0,,0,0,0,,0,0,0,-9.81,boundary
191,22.125,-0.375,,1000,0,0,,0,0,0,,0,0,0,-9.81,boundary
192,22.375,-0.375,,1000,0,0,,0,0,0,,0,0,0,-9.81,boundary
193,22.625,-0.375,,1000,0,0,,0,0,0,,0,0,0,-9.81,boundary
194,22.875,-0.375,,1000,0,0,,0,0,0,,0,0,0,-9.81,boundary
195,23.125,-0.375,,1000,0,0,,0,0,0,,0,0,0,-9.81,boundary
196,23.375,-0.375,,1000,0,0,,0,0,0,,0,0,0,-9.81,boundary
197,23.625,-0.375,,1000,0,0,,0,0,0,,0,0,0,-9.81,boundary
198,23.875,-0.375,,1000,0,0,,0,0,0,,0,0,0,-9.81,boundary
199,24.125,-0.375,,1000,0,0,,0,0,0,,0,0,0,-9.81,boundary
200,24.375,-0.375,,1000,0,0,,0,0,0,,0,0,0,-9.81,boundary
201,24.625,-0.375,,1000,0,0,,0,0,0,,0,0,0,-9.81,boundary
202,24.875,-0.375,,1000,0,0,,0,0,0,,0,0,0,-9.81,boundary
203,25.125,-0.375,,1000,0,0,,0,0,0,,0,0,0,-9.81,boundary
204,25.375,-0.375,,1000,0,0,,0,0,0,,0,0,0,-9.81,boundary
205,25.625,-0.375,,1000,0,0,,0,0,0,,0,0,0,-9.81,boundary
206,0.125,-0.625,,1001.07,0,8393.42,,0,0,0,,0,0,67.0759,-9.81,boundary
207,0.375,-0.625,,1001.03,0,8091.91,,0,0,0,,0,0,21.5563,-9.81,boundary
208,0.625,-0.625,,1000.97,0,7640.4,,0,0,0,,0,0,12.2128,-9.81,boundary
209,0.875,-0.625,,1000.92,0,7224.79,,0,0,0,,0,0,8.24933,-9.81,boundary
210,1.125,-0.625,,1000.88,0,6948.5,,0,0,0,,0,0,6.17099,-9.81,boundary
211,1.375,-0.625,,1000.86,0,6806.1,,0,0,0,,0,0,4.94561,-9.81,boundary
212,1.625,-0.625,,1000.86,0,6743.16,,0,0,0,,0,0,4.14609,-9.81,boundary
213,1.875,-0.625,,1000.85,0,6715.2,,0,0,0,,0,0,3.57839,-9.81,boundary
214,2.125,-0.625,,1000.85,0,6701.16,,0,0,0,,0,0,3.1508,-9.81,boundary
215,2.375,-0.625,,1000.85,0,6693.16,,0,0,0,,0,0,2.81578,-9.81,boundary
216,2.625,-0.625,,1000.85,0,6688.14,,0,0,0,,0,0,2.5457,-9.81,boundary
217,2.875,-0.625,,1000.85,0,6684.71,,0,0,0,,0,0,2.32314,-9.81,boundary
218,3.125,-0.625,,1000.85,0,6682.2,,0,0,0,,0,0,2.13649,-9.81,boundary
219,3.375,-0.625,,1000.85,0,6680.28,,0,0,0,,0,0,1.97766,-9.81,boundary
220,3.625,-0.625,,1000.85,0,6678.76,,0,0,0,,0,0,1.84085,-9.81,boundary
221,3.875,-0.625,,1000.85,0,6677.54,,0,0,0,,0,0,1.72178,-9.81,boundary
222,4.125,-0.625,,1000.85,0,6676.54,,0,0,0,,0,0,1.61718,-9.81,boundary
223,4.375,-0.625,,1000.85,0,6675.71,,0,0,0,,0,0,1.52458,-9.81,boundary
224,4.625,-0.625,,1000.85,0,6675.02,,0,0,0,,0,0,1.44202,-9.81,boundary
225,4.875,-0.625,,1000.85,0,6674.43,,0,0,0,,0,0,1.36795,-9.81,boundary
226,5.125,-0.625,,1000.85,0,6673.93,,0,0,0,,0,0,1.30113,-9.81,boundary
227,5.375,-0.625,,1000.85,0,6673.49,,0,0,0,,0,0,1.24053,-9.81,boundary
228,5.625,-0.625,,1000.85,0,6673.12,,0,0,0,,0,0,1.18533,-9.81,boundary
229,5.875,-0.625,,1000.85,0,6672.79,,0,0,0,,0,0,1.13483,-9.81,boundary
230,6.125,-0.625,,1000.85,0,6672.5,,0,0,0,,0,0,1.08846,-9.81,boundary
231,6.375,-0.625,,1000.85,0,6672.24,,0,0,0,,0,0,1.04574,-9.81,boundary
232,6.625,-0.625,,1000.85,0,6672.02,,0,0,0,,0,0,1.00624,-9.81,boundary
233,6.875,-0.625,,1000.85,0,6671.82,,0,0,0,,0,0,0.969624,-9.81,boundary
234,7.125,-0.625,,1000.85,0,6671.63,,0,0,0,,0,0,0.935576,-9.81,boundary
235,7.375,-0.625,,1000.85,0,6671.47,,0,0,0,,0,0,0.90384,-9.81,boundary
236,7.625,-0.625,,1000.85,0,6671.32,,0,0,0,,0,0,0.874187,-9.81,boundary
237,7.875,-0.625,,1000.85,0,6671.19,,0,0,0,,0,0,0.846418,-9.81,boundary
238,8.125,-0.625,,1000.85,0,6671.07,,0,0,0,,0,0,0.820359,-9.81,boundary
239,8.375,-0.625,,1000.85,0,6670.96,,0,0,0,,0,0,0.795858,-9.81,boundary
240,8.625,-0.625,,1000.85,0,6670.86,,0,0,0,,0,0,0.772778,-9.81,boundary
241,8.875,-0.625,,1000.85,0,6670.77,,0,0,0,,0,0,0.750999,-9.81,boundary
242,9.125,-0.625,,1000.85,0,6670.68,,0,0,0,,0,0,0.730414,-9.81,boundary
243,9.375,-0.625,,1000.85,0,6670.6,,0,0,0,,0,0,0.710928,-9.81,boundary
244,9.625,-0.625,,1000.85,0,6670.53,,0,0,0,,0,0,0.692455,-9.81,boundary
245,9.875,-0.625,,1000.85,0,6670.47,,0,0,0,,0,0,0.674918,-9.81,boundary
246,10.125,-0.625,,1000.85,0,6670.4,,0,0,0,,0,0,0.658247,-9.81,boundary
247,10.375,-0.625,,1000.85,0,6670.35,,0,0,0,,0,0,0.64238,-9.81,boundary
248,10.625,-0.625,,1000.85,0,6670.29,,0,0,0,,0,0,0.627261,-9.81,boundary
249,10.875,-0.625,,1000.85,0,6670.24,,0,0,0,,0,0,0.612836,-9.81,boundary
250,11.125,-0.625,,1000.85,0,6670.2,,0,0,0,,0,0,0.59906,-9.81,boundary
251,11.375,-0.625,,1000.85,0,6670.15,,0,0,0,,0,0,0.585891,-9.81,boundary
252,11.625,-0.625,,1000.85,0,6670.11,,0,0,0,,0,0,0.573287,-9.81,boundary
253,11.875,-0.625,,1000.85,0,6670.08,,0,0,0,,0,0,0.561215,-9.81,boundary
254,12.125,-0.625,,1000.85,0,6670.04,,0,0,0,,0,0,0.54964,-9.81,boundary
255,12.375,-0.625,,1000.85,0,6670.01,,0,0,0,,0,0,0.538534,-9.81,boundary
256,12.625,-0.625,,1000.85,0,6669.98,,0,0,0,,0,0,0.527867,-9.81,boundary
257,12.875,-0.625,,1000.85,0,6669.95,,0,0,0,,0,0,0.517615,-9.81,boundary
258,13.125,-0.625,,1000.85,0,6669.92,,0,0,0,,0,0,0.507754,-9.81,boundary
259,13.375,-0.625,,1000.85,0,6669.89,,0,0,0,,0,0,0.498261,-9.81,boundary
260,13.625,-0.625,,1000.85,0,6669.87,,0,0,0,,0,0,0.489117,-9.81,boundary
261,13.875,-0.625,,1000.85,0,6669.84,,0,0,0,,0,0,0.480302,-9.81,boundary
262,14.125,-0.625,,1000.85,0,6669.82,,0,0,0,,0,0,0.4718,-9.81,boundary
263,14.375,-0.625,,1000.85,0,6669.8,,0,0,0,,0,0,0.463593,-9.81,boundary
264,14.625,-0.625,,1000.85,0,6669.78,,0,0,0,,0,0,0.455667,-9.81,boundary
265,14.875,-0.625,,1000.85,0,6669.76,,0,0,0,,0,0,0.448007,-9.81,boundary
266,15.125,-0.625,,1000.85,0,6669.74,,0,0,0,,0,0,0.440601,-9.81,boundary
267,15.375,-0.625,,1000.85,0,6669.72,,0,0,0,,0,0,0.433436,-9.81,boundary
268,15.625,-0.625,,1000.85,0,6669.71,,0,0,0,,0,0,0.4265,-9.81,boundary
269,15.875,-0.625,,1000.85,0,6669.69,,0,0,0,,0,0,0.419782,-9.81,boundary
270,16.125,-0.625,,1000.85,0,6669.68,,0,0,0,,0,0,0.413273,-9.81,boundary
271,16.375,-0.625,,1000.85,0,6669.66,,0,0,0,,0,0,0.406962,-9.81,boundary
272,16.625,-0.625,,1000.85,0,6669.63,,0,0,0,,0,0,0.400841,-9.81,boundary
273,16.875,-0.625,,1000.85,0,6669.59,,0,0,0,,0,0,0.3949,-9.81,boundary
274,17.125,-0.625,,1000.85,0,6669.47,,0,0,0,,0,0,0.389128,-9.81,boundary
275,17.375,-0.625,,1000.85,0,6669.16,,0,0,0,,0,0,0.383511,-9.81,boundary
276,17.625,-0.625,,1000.85,0,6668.31,,0,0,0,,0,0,0.378023,-9.81,boundary
277,17.875,-0.625,,1000.85,0,6665.99,,0,0,0,,0,0,0.372607,-9.81,boundary
278,18.125,-0.625,,1000.85,0,6659.49,,0,0,0,,0,0,0.367109,-9.81,boundary
279,18.375,-0.625,,1000.84,0,6641.83,,0,0,0,,0,0,0.361155,-9.81,boundary
280,18.625,-0.625,,1000.84,0,6599.39,,0,0,0,,0,0,0.354033,-9.81,boundary
281,18.875,-0.625,,1000.83,0,6513.59,,0,0,0,,0,0,0.344806,-9.81,boundary
282,19.125,-0.625,,1000.81,0,6369.26,,0,0,0,,0,0,0.332764,-9.81,boundary
283,19.375,-0.625,,1000.78,0,6166.42,,0,0,0,,0,0,0.318017,-9.81,boundary
284,19.625,-0.625,,1000.76,0,5939.37,,0,0,0,,0,0,0.302415,-9.81,boundary
285,19.875,-0.625,,1000.73,0,5739.27,,0,0,0,,0,0,0.288558,-9.81,boundary
286,20.125,-0.625,,1000.21,0,1632.31,,0,0,0,,0,0,0.0810917,-9.81,boundary
287,20.375,-0.625,,1000.2,0,1608.16,,0,0,0,,0,0,0.0789119,-9.81,boundary
288,20.625,-0.625,,1000.2,0,1565.81,,0,0,0,,0,0,0.0759027,-9.81,boundary
289,20.875,-0.625,,1000,0,0,,0,0,0,,0,0,0,-9.81,boundary
290,21.125,-0.625,,1000,0,0,,0,0,0,,0,0,0,-9.81,boundary
291,21.375,-0.625,,1000,0,0,,0,0,0,,0,0,0,-9.81,boundary
292,21.625,-0.625,,1000,0,0,,0,0,0,,0,0,0,-9.81,boundary
293,21.875,-0.625,,1000,0,0,,0,0,0,,0,0,0,-9.81,boundary
294,22.125,-0.625,,1000,0,0,,0,0,0,,0,0,0,-9.81,boundary
295,22.375,-0.625,,1000,0,0,,0,0,0,,0,0,0,-9.81,boundary
296,22.625,-0.625,,1000,0,0,,0,0,0,,0,0,0,-9.81,boundary
297,22.875,-0.625,,1000,0,0,,0,0,0,,0,0,0,-9.81,boundary
298,23.125,-0.625,,1000,0,0,,0,0,0,,0,0,0,-9.81,boundary
299,23.375,-0.625,,1000,0,0,,0,0,0,,0,0,0,-9.81,boundary
300,23.625,-0.625,,1000,0,0,,0,0,0,,0,0,0,-9.81,boundary
301,23.875,-0.625,,1000,0,0,,0,0,0,,0,0,0,-9.81,boundary
302,24.125,-0.625,,1000,0,0,,0,0,0,,0,0,0,-9.81,boundary
303,24.375,-0.625,,1000,0,0,,0,0,0,,0,0,0,-9.81,boundary
304,24.625,-0.625,,1000,0,0,,0,0,0,,0,0,0,-9.81,boundary
305,24.875,-0.625,,1000,0,0,,0,0,0,,0,0,0,-9.81,boundary
306,25.125,-0.625,,1000,0,0,,0,0,0,,0,0,0,-9.81,boundary
307,25.375,-0.625,,1000,0,0,,0,0,0,,0,0,0,-9.81,boundary
308,25.625,-0.625,,1000,0,0,,0,0,0,,0,0,0,-9.81,boundary
309,25.125,0.125,,1000,0,0,,0,0,0,,0,0,0,-9.81,boundary
310,25.125,0.375,,1000,0,0,,0,0,0,,0,0,0,-9.81,boundary
311,25.125,0.625,,1000,0,0,,0,0,0,,0,0,0,-9.81,boundary
312,25.125,0.875,,1000,0,0,,0,0,0,,0,0,0,-9.81,boundary
313,25.125,1.125,,1000,0,0,,0,0,0,,0,0,0,-9.81,boundary
314,25.125,1.375,,1000,0,0,,0,0,0,,0,0,0,-9.81,boundary
315,25.125,1.625,,1000,0,0,,0,0,0,,0,0,0,-9.81,boundary
316,25.125,1.875,,1000,0,0,,0,0,0,,0,0,0,-9.81,boundary
317,25.125,2.125,,1000,0,0,,0,0,0,,0,0,0,-9.81,boundary
318,25.125,2.375,,1000,0,0,,0,0,0,,0,0,0,-9.81,boundary
319,25.125,2.625,,1000,0,0,,0,0,0,,0,0,0,-9.81,boundary
320,25.125,2.875,,1000,0,0,,0,0,0,,0,0,0,-9.81,boundary
321,25.125,3.125,,1000,0,0,,0,0,0,,0,0,0,-9.81,boundary
322,25.125,3.375,,1000,0,0,,0,0,0,,0,0,0,-9.81,boundary
323,25.125,3.625,,1000,0,0,,0,0,0,,0,0,0,-9.81,boundary
324,25.125,3.875,,1000,0,0,,0,0,0,,0,0,0,-9.81,boundary
325,25.125,4.125,,1000,0,0,,0,0,0,,0,0,0,-9.81,boundary
326,25.125,4.375,,1000,0,0,,0,0,0,,0,0,0,-9.81,boundary
327,25.125,4.625,,1000,0,0,,0,0,0,,0,0,0,-9.81,boundary
328,25.125,4.875,,1000,0,0,,0,0,0,,0,0,0,-9.81,boundary
329,25.125,5.125,,1000,0,0,,0,0,0,,0,0,0,-9.81,boundary
330,25.125,5.375,,1000,0,0,,0,0,0,,0,0,0,-9.81,boundary
331,25.125,5.625,,1000,0,0,,0,0,0,,0,0,0,-9.81,boundary
332,25.125,5.875,,1000,0,0,,0,0,0,,0,0,0,-9.81,boundary
333,25.125,6.125,,1000,0,0,,0,0,0,,0,0,0,-9.81,boundary
334,25.125,6.375,,1000,0,0,,0,0,0,,0,0,0,-9.81,boundary
335,25.125,6.625,,1000,0,0,,0,0,0,,0,0,0,-9.81,boundary
336,25.125,6.875,,1000,0,0,,0,0,0,,0,0,0,-9.81,boundary
337,25.125,7.125,,1000,0,0,,0,0,0,,0,0,0,-9.81,boundary
338,25.125,7.375,,1000,0,0,,0,0,0,,0,0,0,-9.81,boundary
339,25.125,7.625,,1000,0,0,,0,0,0,,0,0,0,-9.81,boundary
340,25.125,7.875,,1000,0,0,,0,0,0,,0,0,0,-9.81,boundary
341,25.125,8.125,,1000,0,0,,0,0,0,,0,0,0,-9.81,boundary
342,25.125,8.375,,1000,0,0,,0,0,0,,0,0,0,-9.81,boundary
343,25.125,8.625,,1000,0,0,,0,0,0,,0,0,0,-9.81,boundary
344,25.125,8.875,,1000,0,0,,0,0,0,,0,0,0,-9.81,boundary
345,25.125,9.125,,1000,0,0,,0,0,0,,0,0,0,-9.81,boundary
346,25.125,9.375,,1000,0,0,,0,0,0,,0,0,0,-9.81,boundary
347,25.125,9.625,,1000,0,0,,0,0,0,,0,0,0,-9.81,boundary
348,25.125,9.875,,1000,0,0,,0,0,0,,0,0,0,-9.81,boundary
349,25.375,0.125,,1000,0,0,,0,0,0,,0,0,0,-9.81,boundary
350,25.375,0.375,,1000,0,0,,0,0,0,,0,0,0,-9.81,boundary
351,25.375,0.625,,1000,0,0,,0,0,0,,0,0,0,-9.81,boundary
352,25.375,0.875,,1000,0,0,,0,0,0,,0,0,0,-9.81,boundary
353,25.375,1.125,,1000,0,0,,0,0,0,,0,0,0,-9.81,boundary
354,25.375,1.375,,1000,0,0,,0,0,0,,0,0,0,-9.81,boundary
355,25.375,1.625,,1000,0,0,,0,0,0,,0,0,0,-9.81,boundary
356,25.375,1.875,,1000,0,0,,0,0,0,,0,0,0,-9.81,boundary
357,25.375,2.125,,1000,0,0,,0,0,0,,0,0,0,-9.81,boundary
358,25.375,2.375,,1000,0,0,,0,0,0,,0,0,0,-9.81,boundary
359,25.375,2.625,,1000,0,0,,0,0,0,,0,0,0,-9.81,boundary
360,25.375,2.875,,1000,0,0,,0,0,0,,0,0,0,-9.81,boundary
361,25.375,3.125,,1000,0,0,,0,0,0,,0,0,0,-9.81,boundary
362,25.375,3.375,,1000,0,0,,0,0,0,,0,0,0,-9.81,boundary
363,25.375,3.625,,1000,0,0,,0,0,0,,0,0,0,-9.81,boundary
364,25.375,3.875,,1000,0,0,,0,0,0,,0,0,0,-9.81,boundary
365,25.375,4.125,,1000,0,0,,0,0,0,,0,0,0,-9.81,boundary
366,25.375,4.375,,1000,0,0,,0,0,0,,0,0,0,-9.81,boundary
367,25.375,4.625,,1000,0,0,,0,0,0,,0,0,0,-9.81,boundary
368,25.375,4.875,,1000,0,0,,0,0,0,,0,0,0,-9.81,boundary
369,25.375,5.125,,1000,0,0,,0,0,0,,0,0,0,-9.81,boundary
370,25.375,5.375,,1000,0,0,,0,0,0,,0,0,0,-9.81,boundary
371,25.375,5.625,,1000,0,0,,0,0,0,,0,0,0,-9.81,boundary
372,25.375,5.875,,1000,0,0,,0,0,0,,0,0,0,-9.81,boundary
373,25.375,6.125,,1000,0,0,,0,0,0,,0,0,0,-9.81,boundary
374,25.375,6.375,,1000,0,0,,0,0,0,,0,0,0,-9.81,boundary
375,25.375,6.625,,1000,0,0,,0,0,0,,0,0,0,-9.81,boundary
376,25.375,6.875,,1000,0,0,,0,0,0,,0,0,0,-9.81,boundary
377,25.375,7.125,,1000,0,0,,0,0,0,,0,0,0,-9.81,boundary
378,25.375,7.375,,1000,0,0,,0,0,0,,0,0,0,-9.81,boundary
379,25.375,7.625,,1000,0,0,,0,0,0,,0,0,0,-9.81,boundary
380,25.375,7.875,,1000,0,0,,0,0,0,,0,0,0,-9.81,boundary
381,25.375,8.125,,1000,0,0,,0,0,0,,0,0,0,-9.81,boundary
382,25.375,8.375,,1000,0,0,,0,0,0,,0,0,0,-9.81,boundary
383,25.375,8.625,,1000,0,0,,0,0,0,,0,0,0,-9.81,boundary
384,25.375,8.875,,1000,0,0,,0,0,0,,0,0,0,-9.81,boundary
385,25.375,9.125,,1000,0,0,,0,0,0,,0,0,0,-9.81,boundary
386,25.375,9.375,,1000,0,0,,0,0,0,,0,0,0,-9.81,boundary
387,25.375,9.625,,1000,0,0,,0,0,0,,0,0,0,-9.81,boundary
388,25.375,9.875,,1000,0,0,,0,0,0,,0,0,0,-9.81,boundary
389,25.625,0.125,,1000,0,0,,0,0,0,,0,0,0,-9.81,boundary
390,25.625,0.375,,1000,0,0,,0,0,0,,0,0,0,-9.81,boundary
391,25.625,0.625,,1000,0,0,,0,0,0,,0,0,0,-9.81,boundary
392,25.625,0.875,,1000,0,0,,0,0,0,,0,0,0,-9.81,boundary
393,25.625,1.125,,1000,0,0,,0,0,0,,0,0,0,-9.81,boundary
394,25.625,1.375,,1000,0,0,,0,0,0,,0,0,0,-9.81,boundary
395,25.625,1.625,,1000,0,0,,0,0,0,,0,0,0,-9.81,boundary
396,25.625,1.875,,1000,0,0,,0,0,0,,0,0,0,-9.81,boundary
397,25.625,2.125,,1000,0,0,,0,0,0,,0,0,0,-9.81,boundary
398,25.625,2.375,,1000,0,0,,0,0,0,,0,0,0,-9.81,boundary
399,25.625,2.625,,1000,0,0,,0,0,0,,0,0,0,-9.81,boundary
400,25.625,2.875,,1000,0,0,,0,0,0,,0,0,0,-9.81,boundary
401,25.625,3.125,,1000,0,0,,0,0,0,,0,0,0,-9.81,boundary
402,25.625,3.375,,1000,0,0,,0,0,0,,0,0,0,-9.81,boundary
403,25.625,3.625,,1000,0,0,,0,0,0,,0,0,0,-9.81,boundary
404,25.625,3.875,,1000,0,0,,0,0,0,,0,0,0,-9.81,boundary
405,25.625,4.125,,1000,0,0,,0,0,0,,0,0,0,-9.81,boundary
406,25.625,4.375,,1000,0,0,,0,0,0,,0,0,0,-9.81,boundary
407,25.625,4.625,,1000,0,0,,0,0,0,,0,0,0,-9.81,boundary
408,25.625,4.875,,1000,0,0,,0,0,0,,0,0,0,-9.81,boundary
409,25.625,5.125,,1000,0,0,,0,0,0,,0,0,0,-9.81,boundary
410,25.625,5.375,,1000,0,0,,0,0,0,,0,0,0,-9.81,boundary
411,25.625,5.625,,1000,0,0,,0,0,0,,0,0,0,-9.81,boundary
412,25.625,5.875,,1000,0,0,,0,0,0,,0,0,0,-9.81,boundary
413,25.625,6.125,,1000,0,0,,0,0,0,,0,0,0,-9.81,boundary
414,25.625,6.375,,1000,0,0,,0,0,0,,0,0,0,-9.81,boundary
415,25.625,6.625,,1000,0,0,,0,0,0,,0,0,0,-9.81,boundary
416,25.625,6.875,,1000,0,0,,0,0,0,,0,0,0,-9.81,boundary
417,25.625,7.125,,1000,0,0,,0,0,0,,0,0,0,-9.81,boundary
418,25.625,7.375,,1000,0,0,,0,0,0,,0,0,0,-9.81,boundary
419,25.625,7.625,,1000,0,0,,0,0,0,,0,0,0,-9.81,boundary
420,25.625,7.875,,1000,0,0,,0,0,0,,0,0,0,-9.81,boundary
421,25.625,8.125,,1000,0,0,,0,0,0,,0,0,0,-9.81,boundary
422,25.625,8.375,,1000,0,0,,0,0,0,,0,0,0,-9.81,boundary
423,25.625,8.625,,1000,0,0,,0,0,0,,0,0,0,-9.81,boundary
424,25.625,8.875,,1000,0,0,,0,0,0,,0,0,0,-9.81,boundary
425,25.625,9.125,,1000,0,0,,0,0,0,,0,0,0,-9.81,boundary
426,25.625,9.375,,1000,0,0,,0,0,0,,0,0,0,-9.81,boundary
427,25.625,9.625,,1000,0,0,,0,0,0,,0,0,0,-9.81,boundary
428,25.625,9.875,,1000,0,0,,0,0,0,,0,0,0,-9.81,boundary
429,0.124974,0.12472,,1000.7,95.614,5475.4,,0.00130768,-0.0371499,0.0371729,,-48.1273,9.83566,-4.35453,0.0256614,fluid
430,0.124991,0.374645,,1000.5,88.7622,3892.11,,0.000953903,-0.0550599,0.0550681,,-31.9357,8.05674,-0.814242,-1.75326,fluid
431,0.124995,0.624566,,1000.31,65.1027,2441.6,,0.000262387,-0.077192,0.0771924,,-19.4983,5.04943,0.0284443,-4.76057,fluid
432,0.124997,0.874534,,1000.17,39.9345,1373.74,,-0.000394857,-0.0878285,0.0878294,,-11.4898,3.29279,-0.501762,-6.51721,fluid
433,0.124998,1.12452,,1000.09,21.4682,707.676,,-0.000558404,-0.093069,0.0930706,,-6.23151,2.0715,-0.570614,-7.7385,fluid
434,0.124999,1.37451,,1000.04,11.0706,337.8,,-0.000358617,-0.0958513,0.095852,,-3.10898,1.1567,-0.406694,-8.6533,fluid
435,0.125,1.62451,,1000.02,5.44031,151.163,,-0.000181015,-0.0971679,0.0971681,,-1.44666,0.586118,-0.23738,-9.22388,fluid
436,0.125,1.87451,,1000.01,2.46311,64.1307,,-8.87876e-05,-0.0977322,0.0977322,,-0.635839,0.275058,-0.122798,-9.53494,fluid
437,0.125,2.12451,,1000,1.04079,25.8933,,-4.12389e-05,-0.0979593,0.0979593,,-0.266319,0.121646,-0.0591731,-9.68835,fluid
438,0.125,2.37451,,1000,0.419983,9.96786,,-1.73918e-05,-0.0980483,0.0980483,,-0.106678,0.0512006,-0.0269355,-9.7588,fluid
439,0.125,2.62451,,1000,0.162969,3.67398,,-6.7481e-06,-0.0980819,0.0980819,,-0.040915,0.020551,-0.0115232,-9.78945,fluid
440,0.125,2.87451,,1000,0.0605862,1.30285,,-2.48648e-06,-0.0980939,0.0980939,,-0.015065,0.0078752,-0.00464217,-9.80212,fluid
441,0.125,3.12451,,1000,0.0215732,0.445927,,-8.83606e-07,-0.098098,0.098098,,-0.0053466,0.0028934,-0.00177918,-9.80711,fluid
442,0.125,3.37451,,1000,0.00740037,0.147552,,-3.01732e-07,-0.0980994,0.0980994,,-0.00183479,0.00102436,-0.000654379,-9.80898,fluid
443,0.125,3.62451,,1000,0.0024586,0.0472769,,-9.86885e-08,-0.0980998,0.0980998,,-0.00060983,0.00035049,-0.000231615,-9.80965,fluid
444,0.125,3.87451,,1000,0.00079229,0.0147013,,-3.10704e-08,-0.0980999,0.0980999,,-0.000196543,0.000116046,-7.89325e-05,-9.80988,fluid
445,0.125,4.12451,,1000,0.000247664,0.00444611,,-9.48234e-09,-0.0981,0.0981,,-6.15251e-05,3.72317e-05,-2.59563e-05,-9.80996,fluid
446,0.125,4.37451,,1000,7.51928e-05,0.00130956,,-2.81394e-09,-0.0981,0.0981,,-1.87423e-05,1.15996e-05,-8.26581e-06,-9.80999,fluid
447,0.125,4.62451,,1000,2.22261e-05,0.000376011,,-8.11747e-10,-0.0981,0.0981,,-5.56434e-06,3.51662e-06,-2.55626e-06,-9.81,fluid
448,0.125,4.87451,,1000,6.40824e-06,0.000105358,,-2.27658e-10,-0.0981,0.0981,,-1.61156e-06,1.03886e-06,-7.68695e-07,-9.81,fluid
449,0.125,5.12451,,1000,1.80368e-06,2.88419e-05,,-6.22153e-11,-0.0981,0.0981,,-4.55699e-07,2.99297e-07,-2.24964e-07,-9.81,fluid
450,0.125,5.37451,,1000,4.9583e-07,7.72497e-06,,-1.6623e-11,-0.0981,0.0981,,-1.25931e-07,8.41714e-08,-6.41308e-08,-9.81,fluid
451,0.125,5.62451,,1000,1.33256e-07,2.02317e-06,,-4.33181e-12,-0.0981,0.0981,,-3.40465e-08,2.3131e-08,-1.78612e-08,-9.81,fluid
452,0.125,5.87451,,1000,3.50623e-08,5.17554e-07,,-1.11167e-12,-0.0981,0.0981,,-9.01924e-09,6.21638e-09,-4.87881e-09,-9.81,fluid
453,0.125,6.12451,,1000,8.99776e-09,1.35923e-07,,-2.62142e-13,-0.0981,0.0981,,-2.35061e-09,1.63454e-09,-1.26322e-09,-9.81,fluid
454,0.125,6.37451,,1000,2.2827e-09,3.31095e-08,,-6.60784e-14,-0.0981,0.0981,,-6.1326e-10,4.19099e-10,-3.48384e-10,-9.81,fluid
455,0.125,6.62451,,1000,5.6078e-10,1.21982e-08,,-1.77014e-14,-0.0981,0.0981,,-1.73955e-10,1.03296e-10,-7.63688e-11,-9.81,fluid
456,0.125,6.87451,,1000,1.27769e-10,6.97042e-09,,-3.53992e-15,-0.0981,0.0981,,-6.7079e-11,2.50972e-11,-1.13156e-11,-9.81,fluid
457,0.125,7.12451,,1000,2.59047e-11,5.22782e-09,,-2.2654e-16,-0.0981,0.0981,,-4.00936e-11,7.11641e-12,1.72892e-12,-9.81,fluid
458,0.125,7.37451,,1000,2.01085e-12,5.22782e-09,,-5.58096e-18,-0.0981,0.0981,,-3.13625e-11,3.34948e-12,1.04601e-11,-9.81,fluid
459,0.125,7.62451,,1000,-8.95723e-12,5.22782e-09,,-1.89515e-21,-0.0981,0.0981,,-2.57703e-11,6.23979e-12,1.60522e-11,-9.81,fluid
460,0.125,7.87451,,1000,1.54092e-11,-8.71303e-10,,-9.57536e-23,-0.0981,0.0981,,-1.76292e-11,3.8044e-12,-2.45997e-11,-9.81,fluid
461,0.374941,0.124716,,1000.66,94.6292,5196.95,,-0.0113244,-0.0381845,0.0398284,,-15.0992,9.86066,-1.24768,0.0506576,fluid
462,0.374982,0.374641,,1000.47,87.005,3679.73,,-0.00329249,-0.0564742,0.0565701,,-9.88715,7.99418,-0.0786533,-1.81582,fluid
463,0.374993,0.624563,,1000.29,63.2798,2296.28,,-0.00147154,-0.078243,0.0782568,,-5.96365,4.92724,0.158075,-4.88276,fluid
464,0.374997,0.874532,,1000.16,38.2875,1278.67,,-0.00102065,-0.0883964,0.0884023,,-3.49363,3.19669,-0.0843711,-6.61331,fluid
465,0.374998,1.12452,,1000.08,20.112,648.031,,-0.00066902,-0.0933407,0.0933431,,-1.87868,2.0085,-0.150736,-7.8015,fluid
466,0.374999,1.37451,,1000.04,10.1543,303.808,,-0.000334844,-0.0959823,0.0959829,,-0.925451,1.11723,-0.115325,-8.69277,fluid
467,0.375,1.62451,,1000.02,4.91865,133.987,,-0.000137143,-0.0972281,0.0972282,,-0.424438,0.562796,-0.0671463,-9.2472,fluid
468,0.375,1.87451,,1000.01,2.19986,56.3365,,-5.63626e-05,-0.0977577,0.0977577,,-0.184162,0.262477,-0.0339324,-9.54752,fluid
469,0.375,2.12451,,1000,0.917875,22.6081,,-2.32064e-05,-0.0979693,0.0979694,,-0.0764051,0.11551,-0.016117,-9.69449,fluid
470,0.375,2.37451,,1000,0.365971,8.65166,,-8.96426e-06,-0.0980521,0.0980521,,-0.0303953,0.0484578,-0.0073242,-9.76154,fluid
471,0.375,2.62451,,1000,0.140671,3.17149,,-3.23263e-06,-0.0980832,0.0980832,,-0.01159,0.0194032,-0.00313266,-9.7906,fluid
472,0.375,2.87451,,1000,0.0519204,1.12032,,-1.11785e-06,-0.0980943,0.0980943,,-0.00424536,0.00741907,-0.00125783,-9.80258,fluid
473,0.375,3.12451,,1000,0.0183719,0.38257,,-3.77395e-07,-0.0980981,0.0980981,,-0.00150068,0.00272058,-0.00048049,-9.80728,fluid
474,0.375,3.37451,,1000,0.00626603,0.126388,,-1.23768e-07,-0.0980994,0.0980994,,-0.000513672,0.000961855,-0.000176637,-9.80904,fluid
475,0.375,3.62451,,1000,0.00207164,0.0404416,,-3.91241e-08,-0.0980998,0.0980998,,-0.000170467,0.000328834,-6.26227e-05,-9.80967,fluid
476,0.375,3.87451,,1000,0.000665069,0.0125637,,-1.19532e-08,-0.0980999,0.0980999,,-5.48844e-05,0.000108819,-2.13812e-05,-9.80989,fluid
477,0.375,4.12451,,1000,0.000207278,0.00379825,,-3.55457e-09,-0.0981,0.0981,,-1.71707e-05,3.48994e-05,-7.04198e-06,-9.80997,fluid
478,0.375,4.37451,,1000,6.27737e-05,0.0011189,,-1.03211e-09,-0.0981,0.0981,,-5.23045e-06,1.08705e-05,-2.24672e-06,-9.80999,fluid
479,0.375,4.62451,,1000,1.85159e-05,0.000321398,,-2.92327e-10,-0.0981,0.0981,,-1.55367e-06,3.29557e-06,-6.96611e-07,-9.81,fluid
480,0.375,4.87451,,1000,5.3298e-06,9.01032e-05,,-8.06946e-11,-0.0981,0.0981,,-4.50391e-07,9.73738e-07,-2.10116e-07,-9.81,fluid
481,0.375,5.12451,,1000,1.49838e-06,2.46858e-05,,-2.17243e-11,-0.0981,0.0981,,-1.27501e-07,2.80621e-07,-6.16723e-08,-9.81,fluid
482,0.375,5.37451,,1000,4.11593e-07,6.61493e-06,,-5.72754e-12,-0.0981,0.0981,,-3.52797e-08,7.89479e-08,-1.76399e-08,-9.81,fluid
483,0.375,5.62451,,1000,1.10563e-07,1.73389e-06,,-1.47222e-12,-0.0981,0.0981,,-9.55171e-09,2.17046e-08,-4.928e-09,-9.81,fluid
484,0.375,5.87451,,1000,2.90447e-08,4.49592e-07,,-3.80599e-13,-0.0981,0.0981,,-2.53373e-09,5.83585e-09,-1.33482e-09,-9.81,fluid
485,0.375,6.12451,,1000,7.48915e-09,1.13269e-07,,-8.88547e-14,-0.0981,0.0981,,-6.61119e-10,1.53514e-09,-3.59067e-10,-9.81,fluid
486,0.375,6.37451,,1000,1.88856e-09,2.96243e-08,,-2.2116e-14,-0.0981,0.0981,,-1.72627e-10,3.93867e-10,-9.36291e-11,-9.81,fluid
487,0.375,6.62451,,1000,4.68981e-10,1.04556e-08,,-6.68284e-15,-0.0981,0.0981,,-4.84295e-11,9.73717e-11,-2.05478e-11,-9.81,fluid
488,0.375,6.87451,,1000,1.06683e-10,6.97042e-09,,-9.34054e-16,-0.0981,0.0981,,-1.82879e-11,2.33474e-11,2.99893e-13,-9.81,fluid
489,0.375,7.12451,,1000,3.11402e-11,3.48521e-09,,-4.19411e-17,-0.0981,0.0981,,-1.1425e-11,6.40139e-12,-2.13111e-12,-9.81,fluid
490,0.375,7.37451,,1000,5.55276e-12,3.48521e-09,,1.35645e-18,-0.0981,0.0981,,-9.14246e-12,3.12749e-12,1.51443e-13,-9.81,fluid
491,0.375,7.62451,,1000,2.87872e-12,3.48521e-09,,-9.18311e-21,-0.0981,0.0981,,-7.31148e-12,5.03047e-12,1.98242e-12,-9.81,fluid
492,0.375,7.87451,,1000,-1.63879e-12,3.48521e-09,,-3.32816e-22,-0.0981,0.0981,,-5.03302e-12,9.41224e-12,4.26088e-12,-9.81,fluid
493,0.624961,0.124711,,1000.61,91.8383,4818.29,,-0.00856625,-0.0396636,0.0405781,,-8.37914,9.86617,-0.674108,0.0561687,fluid
494,0.624988,0.374636,,1000.43,83.2797,3404.67,,-0.00249869,-0.0581348,0.0581885,,-5.40048,7.86464,0.0447333,-1.94536,fluid
495,0.624996,0.62456,,1000.27,60.12,2120.26,,-0.00108235,-0.0793868,0.0793942,,-3.21783,4.74383,0.173698,-5.06617,fluid
496,0.624998,0.874531,,1000.15,36.0713,1171.89,,-0.000687603,-0.088983,0.0889856,,-1.87876,3.05932,-0.00400676,-6.75068,fluid
497,0.624999,1.12452,,1000.07,18.7029,585.279,,-0.00042407,-0.093621,0.093622,,-1.00341,1.92042,-0.0670306,-7.88958,fluid
498,0.625,1.37451,,1000.03,9.35039,269.62,,-0.000206989,-0.0961163,0.0961165,,-0.488401,1.06334,-0.0570231,-8.74666,fluid
499,0.625,1.62451,,1000.01,4.50524,117.216,,-8.29939e-05,-0.0972887,0.0972887,,-0.220927,0.531604,-0.0333847,-9.2784,fluid
500,0.625,1.87451,,1000.01,2.00434,48.8738,,-3.37143e-05,-0.0977829,0.0977829,,-0.094752,0.245929,-0.0165544,-9.56407,fluid
501,0.625,2.12451,,1000,0.8312,19.5031,,-1.38064e-05,-0.0979791,0.0979791,,-0.0390076,0.107549,-0.00780269,-9.70245,fluid
502,0.625,2.37451,,1000,0.329708,7.41945,,-5.30101e-06,-0.0980556,0.0980556,,-0.0154384,0.044938,-0.00356731,-9.76506,fluid
503,0.625,2.62451,,1000,0.126356,2.70483,,-1.90015e-06,-0.0980845,0.0980845,,-0.00586116,0.0179422,-0.00153343,-9.79206,fluid
504,0.625,2.87451,,1000,0.0465559,0.951953,,-6.54595e-07,-0.0980948,0.0980948,,-0.00213889,0.00684203,-0.000615769,-9.80316,fluid
505,0.625,3.12451,,1000,0.0164456,0.324438,,-2.20771e-07,-0.0980983,0.0980983,,-0.000754366,0.00250315,-0.000235265,-9.8075,fluid
506,0.625,3.37451,,1000,0.00560014,0.107049,,-7.24052e-08,-0.0980995,0.0980995,,-0.000258071,0.000883649,-8.67923e-05,-9.80912,fluid
507,0.625,3.62451,,1000,0.00184984,0.0342164,,-2.28833e-08,-0.0980998,0.0980998,,-8.56851e-05,0.000301877,-3.09389e-05,-9.8097,fluid
508,0.625,3.87451,,1000,0.00059378,0.0106226,,-6.99071e-09,-0.0980999,0.0980999,,-2.76132e-05,9.9863e-05,-1.0617e-05,-9.8099,fluid
509,0.625,4.12451,,1000,0.000185096,0.00321153,,-2.08031e-09,-0.0981,0.0981,,-8.65041e-06,3.2021e-05,-3.51197e-06,-9.80997,fluid
510,0.625,4.37451,,1000,5.60713e-05,0.000946615,,-6.04887e-10,-0.0981,0.0981,,-2.64025e-06,9.97419e-06,-1.12566e-06,-9.80999,fluid
511,0.625,4.62451,,1000,1.65462e-05,0.000272134,,-1.71579e-10,-0.0981,0.0981,,-7.86299e-07,3.02489e-06,-3.50884e-07,-9.81,fluid
512,0.625,4.87451,,1000,4.76626e-06,7.63645e-05,,-4.74344e-11,-0.0981,0.0981,,-2.28611e-07,8.94312e-07,-1.06428e-07,-9.81,fluid
513,0.625,5.12451,,1000,1.3413e-06,2.09426e-05,,-1.27886e-11,-0.0981,0.0981,,-6.49178e-08,2.57926e-07,-3.14096e-08,-9.81,fluid
514,0.625,5.37451,,1000,3.68843e-07,5.62165e-06,,-3.38876e-12,-0.0981,0.0981,,-1.80203e-08,7.26231e-08,-9.02567e-09,-9.81,fluid
515,0.625,5.62451,,1000,9.91764e-08,1.47773e-06,,-8.68657e-13,-0.0981,0.0981,,-4.89463e-09,1.99842e-08,-2.53026e-09,-9.81,fluid
516,0.625,5.87451,,1000,2.61006e-08,3.81631e-07,,-2.19552e-13,-0.0981,0.0981,,-1.30182e-09,5.37852e-09,-6.91211e-10,-9.81,fluid
517,0.625,6.12451,,1000,6.73092e-09,9.75859e-08,,-5.67622e-14,-0.0981,0.0981,,-3.39999e-10,1.41591e-09,-1.83861e-10,-9.81,fluid
518,0.625,6.37451,,1000,1.70243e-09,2.61391e-08,,-1.21053e-14,-0.0981,0.0981,,-8.81868e-11,3.63938e-10,-4.63643e-11,-9.81,fluid
519,0.625,6.62451,,1000,4.19379e-10,8.71303e-09,,-3.78597e-15,-0.0981,0.0981,,-2.36537e-11,9.03349e-11,-9.71285e-12,-9.81,fluid
520,0.625,6.87451,,1000,9.68612e-11,5.22782e-09,,-5.43952e-16,-0.0981,0.0981,,-8.08898e-12,2.11294e-11,2.75526e-13,-9.81,fluid
521,0.625,7.12451,,1000,1.83355e-11,5.22782e-09,,-2.58405e-17,-0.0981,0.0981,,-5.07688e-12,5.34876e-12,3.28763e-12,-9.81,fluid
522,0.625,7.37451,,1000,2.78758e-12,3.48521e-09,,1.43946e-19,-0.0981,0.0981,,-4.14888e-12,3.08041e-12,1.42746e-12,-9.81,fluid
523,0.625,7.62451,,1000,1.5926e-12,3.48521e-09,,-6.89382e-21,-0.0981,0.0981,,-2.85068e-12,5.0571e-12,2.72566e-12,-9.81,fluid
524,0.625,7.87451,,1000,-1.19983e-12,3.48521e-09,,-2.34708e-22,-0.0981,0.0981,,-1.59878e-12,8.9163e-12,3.97756e-12,-9.81,fluid
525,0.87497,0.124707,,1000.57,91.4256,4501.63,,-0.00697405,-0.0409052,0.0414955,,-5.71774,9.81512,-0.575795,0.00511914,fluid
526,0.87499,0.374632,,1000.41,81.439,3190.5,,-0.00227759,-0.0592785,0.0593222,,-3.66948,7.70442,-0.0246413,-2.10558,fluid
527,0.874996,0.624559,,1000.25,58.1216,1992.94,,-0.00106802,-0.0800633,0.0800705,,-2.18518,4.56767,0.0918957,-5.24233,fluid
528,0.874998,0.87453,,1000.14,34.7333,1099.79,,-0.000637053,-0.0892987,0.089301,,-1.28031,2.93597,-0.0235738,-6.87403,fluid
529,0.874999,1.12452,,1000.07,17.9931,545.489,,-0.000364167,-0.0937761,0.0937769,,-0.684656,1.84416,-0.061283,-7.96584,fluid
530,0.875,1.37451,,1000.03,9.02163,249.242,,-0.000172643,-0.0961919,0.0961921,,-0.33312,1.01805,-0.0482808,-8.79195,fluid
531,0.875,1.62451,,1000.01,4.3554,107.751,,-6.94486e-05,-0.0973222,0.0973222,,-0.150721,0.506153,-0.0275784,-9.30385,fluid
532,0.875,1.87451,,1000.01,1.93633,44.833,,-2.82032e-05,-0.0977963,0.0977963,,-0.0647686,0.232825,-0.0135311,-9.57718,fluid
533,0.875,2.12451,,1000,0.802463,17.8707,,-1.142e-05,-0.0979841,0.0979841,,-0.0267446,0.101414,-0.00632099,-9.70859,fluid
534,0.875,2.37451,,1000,0.318642,6.78672,,-4.33552e-06,-0.0980575,0.0980575,,-0.0106154,0.0422823,-0.00285912,-9.76772,fluid
535,0.875,2.62451,,1000,0.122354,2.47059,,-1.54394e-06,-0.0980851,0.0980851,,-0.00403986,0.0168563,-0.00121633,-9.79314,fluid
536,0.875,2.87451,,1000,0.0451489,0.86931,,-5.30049e-07,-0.098095,0.098095,,-0.00147799,0.00641827,-0.000484492,-9.80358,fluid
537,0.875,3.12451,,1000,0.0159627,0.296485,,-1.78127e-07,-0.0980984,0.0980984,,-0.000522864,0.00234533,-0.000184024,-9.80765,fluid
538,0.875,3.37451,,1000,0.00544117,0.0979163,,-5.81625e-08,-0.0980995,0.0980995,,-0.000179474,0.000827554,-6.757e-05,-9.80917,fluid
539,0.875,3.62451,,1000,0.00179994,0.0313246,,-1.8307e-08,-0.0980998,0.0980998,,-5.97827e-05,0.000282752,-2.39832e-05,-9.80972,fluid
540,0.875,3.87451,,1000,0.000578676,0.00973552,,-5.57574e-09,-0.0981,0.0981,,-1.93244e-05,9.35714e-05,-8.19807e-06,-9.80991,fluid
541,0.875,4.12451,,1000,0.000180636,0.00294773,,-1.65544e-09,-0.0981,0.0981,,-6.07199e-06,3.0017e-05,-2.70315e-06,-9.80997,fluid
542,0.875,4.37451,,1000,5.4787e-05,0.00087039,,-4.80329e-10,-0.0981,0.0981,,-1.85901e-06,9.3558e-06,-8.64282e-07,-9.80999,fluid
543,0.875,4.62451,,1000,1.61876e-05,0.00025067,,-1.35969e-10,-0.0981,0.0981,,-5.55364e-07,2.83986e-06,-2.68884e-07,-9.81,fluid
544,0.875,4.87451,,1000,4.66931e-06,7.04658e-05,,-3.75043e-11,-0.0981,0.0981,,-1.61956e-07,8.40511e-07,-8.14238e-08,-9.81,fluid
545,0.875,5.12451,,1000,1.31578e-06,1.93621e-05,,-1.00984e-11,-0.0981,0.0981,,-4.61241e-08,2.4269e-07,-2.3996e-08,-9.81,fluid
546,0.875,5.37451,,1000,3.623e-07,5.20342e-06,,-2.66937e-12,-0.0981,0.0981,,-1.28409e-08,6.84142e-08,-6.89415e-09,-9.81,fluid
547,0.875,5.62451,,1000,9.75542e-08,1.36795e-06,,-6.86948e-13,-0.0981,0.0981,,-3.49855e-09,1.88499e-08,-1.93518e-09,-9.81,fluid
548,0.875,5.87451,,1000,2.57086e-08,3.52006e-07,,-1.72631e-13,-0.0981,0.0981,,-9.3304e-10,5.08032e-09,-5.30747e-10,-9.81,fluid
549,0.875,6.12451,,1000,6.63502e-09,9.06155e-08,,-4.43655e-14,-0.0981,0.0981,,-2.43424e-10,1.33915e-09,-1.39864e-10,-9.81,fluid
550,0.875,6.37451,,1000,1.67093e-09,2.43965e-08,,-9.54044e-15,-0.0981,0.0981,,-6.23796e-11,3.44754e-10,-3.44979e-11,-9.81,fluid
551,0.875,6.62451,,1000,4.20999e-10,6.97042e-09,,-2.9049e-15,-0.0981,0.0981,,-1.62396e-11,8.57329e-11,-8.27337e-12,-9.81,fluid
552,0.875,6.87451,,1000,1.04697e-10,3.48521e-09,,-4.24752e-16,-0.0981,0.0981,,-5.24287e-12,1.96611e-11,-1.25977e-12,-9.81,fluid
553,0.875,7.12451,,1000,2.19007e-11,3.48521e-09,,-2.28189e-17,-0.0981,0.0981,,-3.14746e-12,4.55581e-12,8.35638e-13,-9.81,fluid
554,0.875,7.37451,,1000,7.43496e-13,3.48521e-09,,-6.37782e-20,-0.0981,0.0981,,-2.54531e-12,3.03863e-12,1.43779e-12,-9.81,fluid
555,0.875,7.62451,,1000,6.17322e-12,1.74261e-09,,-4.9814e-21,-0.0981,0.0981,,-1.55483e-12,4.22995e-12,4.36723e-13,-9.81,fluid
556,0.875,7.87451,,1000,2.35508e-12,1.74261e-09,,-1.63178e-22,-0.0981,0.0981,,-6.82689e-13,6.03261e-12,1.30886e-12,-9.81,fluid
557,1.12497,0.124705,,1000.55,92.2269,4333.98,,-0.0061705,-0.0416252,0.0420801,,-4.44506,9.72356,-0.594673,-0.0864412,fluid
558,1.12499,0.374631,,1000.39,81.1149,3088.96,,-0.00215001,-0.0598395,0.0598781,,-2.86824,7.56442,-0.123556,-2.24558,fluid
559,1.125,0.624558,,1000.25,57.265,1937.17,,-0.00103279,-0.0803259,0.0803325,,-1.71878,4.44448,0.00273119,-5.36552,fluid
560,1.125,0.87453,,1000.14,34.063,1069.07,,-0.000596999,-0.0894072,0.0894092,,-1.01118,2.85656,-0.0610154,-6.95344,fluid
561,1.125,1.12452,,1000.07,17.6667,529.089,,-0.000327326,-0.093834,0.0938346,,-0.542579,1.7969,-0.0723089,-8.0131,fluid
562,1.125,1.37451,,1000.03,8.88117,241.363,,-0.00015248,-0.0962223,0.0962225,,-0.265228,0.990675,-0.0506893,-8.81932,fluid
563,1.125,1.62451,,1000.01,4.28753,104.35,,-6.14608e-05,-0.0973355,0.0973355,,-0.120772,0.491217,-0.028018,-9.31878,fluid
564,1.125,1.87451,,1000.01,1.90262,43.4617,,-2.48576e-05,-0.0978013,0.0978013,,-0.0522527,0.225423,-0.0136203,-9.58458,fluid
565,1.125,2.12451,,1000,0.787631,17.3364,,-9.95019e-06,-0.0979858,0.0979858,,-0.0216959,0.0980792,-0.00628576,-9.71192,fluid
566,1.125,2.37451,,1000,0.312895,6.58541,,-3.74053e-06,-0.0980581,0.0980581,,-0.00864556,0.0408815,-0.00279187,-9.76912,fluid
567,1.125,2.62451,,1000,0.120255,2.3985,,-1.32436e-06,-0.0980853,0.0980853,,-0.00330098,0.0162952,-0.00116898,-9.7937,fluid
568,1.125,2.87451,,1000,0.0443911,0.844853,,-4.52898e-07,-0.0980951,0.0980951,,-0.00121154,0.00620298,-0.000460564,-9.8038,fluid
569,1.125,3.12451,,1000,0.0156958,0.288525,,-1.51522e-07,-0.0980984,0.0980984,,-0.000429891,0.00226661,-0.000173424,-9.80773,fluid
570,1.125,3.37451,,1000,0.00535215,0.0954011,,-4.9229e-08,-0.0980995,0.0980995,,-0.000147918,0.000800131,-6.31174e-05,-9.8092,fluid
571,1.125,3.62451,,1000,0.00177187,0.0305532,,-1.54274e-08,-0.0980998,0.0980998,,-4.93615e-05,0.000273583,-2.22031e-05,-9.80973,fluid
572,1.125,3.87451,,1000,0.00057014,0.00950707,,-4.68277e-09,-0.0981,0.0981,,-1.59796e-05,9.06066e-05,-7.5289e-06,-9.80991,fluid
573,1.125,4.12451,,1000,0.000178102,0.00288246,,-1.38641e-09,-0.0981,0.0981,,-5.02785e-06,2.90882e-05,-2.46567e-06,-9.80997,fluid
574,1.125,4.37451,,1000,5.40553e-05,0.0008523,,-4.01182e-10,-0.0981,0.0981,,-1.54121e-06,9.07416e-06,-7.83611e-07,-9.80999,fluid
575,1.125,4.62451,,1000,1.59839e-05,0.000245795,,-1.13255e-10,-0.0981,0.0981,,-4.60881e-07,2.75717e-06,-2.42397e-07,-9.81,fluid
576,1.125,4.87451,,1000,4.61469e-06,6.91884e-05,,-3.11664e-11,-0.0981,0.0981,,-1.34508e-07,8.16935e-07,-7.30069e-08,-9.81,fluid
577,1.125,5.12451,,1000,1.30159e-06,1.90345e-05,,-8.37799e-12,-0.0981,0.0981,,-3.83324e-08,2.36143e-07,-2.14128e-08,-9.81,fluid
578,1.125,5.37451,,1000,3.58668e-07,5.12675e-06,,-2.21031e-12,-0.0981,0.0981,,-1.06787e-08,6.6642e-08,-6.1216e-09,-9.81,fluid
579,1.125,5.62451,,1000,9.66409e-08,1.35226e-06,,-5.67032e-13,-0.0981,0.0981,,-2.91146e-09,1.83833e-08,-1.70945e-09,-9.81,fluid
580,1.125,5.87451,,1000,2.54818e-08,3.50264e-07,,-1.42479e-13,-0.0981,0.0981,,-7.76683e-10,4.96145e-09,-4.65338e-10,-9.81,fluid
581,1.125,6.12451,,1000,6.58333e-09,8.88729e-08,,-3.62988e-14,-0.0981,0.0981,,-2.02492e-10,1.30956e-09,-1.23494e-10,-9.81,fluid
582,1.125,6.37451,,1000,1.66934e-09,2.26539e-08,,-7.79345e-15,-0.0981,0.0981,,-5.18746e-11,3.37212e-10,-3.17378e-11,-9.81,fluid
583,1.125,6.62451,,1000,4.15609e-10,6.97042e-09,,-2.33324e-15,-0.0981,0.0981,,-1.37564e-11,8.36829e-11,-7.56043e-12,-9.81,fluid
584,1.125,6.87451,,1000,1.01737e-10,3.48521e-09,,-3.35233e-16,-0.0981,0.0981,,-4.71952e-12,1.89678e-11,-1.62155e-12,-9.81,fluid
585,1.125,7.12451,,1000,2.01115e-11,3.48521e-09,,-1.79615e-17,-0.0981,0.0981,,-2.88152e-12,4.21314e-12,2.16447e-13,-9.81,fluid
586,1.125,7.37451,,1000,-3.91793e-13,3.48521e-09,,-5.16973e-20,-0.0981,0.0981,,-2.30035e-12,3.02965e-12,7.97616e-13,-9.81,fluid
587,1.125,7.62451,,1000,5.081e-12,1.74261e-09,,-3.92661e-21,-0.0981,0.0981,,-1.57359e-12,4.30313e-12,-2.46104e-14,-9.81,fluid
588,1.125,7.87451,,1000,1.43341e-12,1.74261e-09,,-1.25555e-22,-0.0981,0.0981,,-8.56949e-13,5.78994e-12,6.92035e-13,-9.81,fluid
589,1.37498,0.124704,,1000.54,92.6058,4264.74,,-0.00542709,-0.0419463,0.0422959,,-3.71157,9.63643,-0.611575,-0.173573,fluid
590,1.37499,0.37463,,1000.39,80.8717,3051.58,,-0.00191398,-0.0600697,0.0601002,,-2.40558,7.47148,-0.187098,-2.33852,fluid
591,1.375,0.624558,,1000.24,56.7181,1917.48,,-0.000918094,-0.080414,0.0804193,,-1.44681,4.37685,-0.0526161,-5.43315,fluid
592,1.375,0.87453,,1000.13,33.6805,1057.69,,-0.000527221,-0.0894388,0.0894404,,-0.851934,2.81672,-0.0828083,-6.99328,fluid
593,1.375,1.12452,,1000.07,17.4959,522.864,,-0.000286038,-0.0938536,0.0938541,,-0.457768,1.77397,-0.0775283,-8.03603,fluid
594,1.375,1.37451,,1000.03,8.80848,238.475,,-0.000132632,-0.0962338,0.0962339,,-0.224419,0.977539,-0.0509879,-8.83246,fluid
595,1.375,1.62451,,1000.01,4.25075,103.178,,-5.34667e-05,-0.0973402,0.0973403,,-0.102575,0.484211,-0.027537,-9.32579,fluid
596,1.375,1.87451,,1000.01,1.88421,43.0095,,-2.15462e-05,-0.0978029,0.0978029,,-0.0445256,0.222098,-0.0132461,-9.5879,fluid
597,1.375,2.12451,,1000,0.779822,17.1623,,-8.57563e-06,-0.0979864,0.0979864,,-0.0185248,0.0966524,-0.00604316,-9.71335,fluid
598,1.375,2.37451,,1000,0.310019,6.5203,,-3.21072e-06,-0.0980583,0.0980583,,-0.00739006,0.0403042,-0.00264803,-9.7697,fluid
599,1.375,2.62451,,1000,0.119241,2.37587,,-1.13424e-06,-0.0980854,0.0980854,,-0.0028243,0.0160694,-0.00109639,-9.79393,fluid
600,1.375,2.87451,,1000,0.0440309,0.837544,,-3.87156e-07,-0.0980951,0.0980951,,-0.00103765,0.00611816,-0.000428523,-9.80388,fluid
601,1.375,3.12451,,1000,0.0155713,0.286262,,-1.29212e-07,-0.0980984,0.0980984,,-0.000368478,0.00223646,-0.000160288,-9.80776,fluid
602,1.375,3.37451,,1000,0.00531217,0.0947159,,-4.18701e-08,-0.0980995,0.0980995,,-0.000126831,0.000789982,-5.7947e-05,-9.80921,fluid
603,1.375,3.62451,,1000,0.0017599,0.0303525,,-1.30925e-08,-0.0980998,0.0980998,,-4.23253e-05,0.000270304,-2.02508e-05,-9.80973,fluid
604,1.375,3.87451,,1000,0.0005667,0.00945143,,-3.96739e-09,-0.0981,0.0981,,-1.37008e-05,8.958e-05,-6.82707e-06,-9.80991,fluid
605,1.375,4.12451,,1000,0.000177135,0.00286793,,-1.1729e-09,-0.0981,0.0981,,-4.31054e-06,2.8777e-05,-2.22478e-06,-9.80997,fluid
606,1.375,4.37451,,1000,5.37934e-05,0.000848696,,-3.38898e-10,-0.0981,0.0981,,-1.32116e-06,8.98339e-06,-7.03926e-07,-9.80999,fluid
607,1.375,4.62451,,1000,1.59172e-05,0.000244937,,-9.55423e-11,-0.0981,0.0981,,-3.94979e-07,2.73172e-06,-2.16843e-07,-9.81,fluid
608,1.375,4.87451,,1000,4.59887e-06,6.89967e-05,,-2.62611e-11,-0.0981,0.0981,,-1.15235e-07,8.10043e-07,-6.50554e-08,-9.81,fluid
609,1.375,5.12451,,1000,1.29808e-06,1.89979e-05,,-7.05718e-12,-0.0981,0.0981,,-3.28277e-08,2.34334e-07,-1.90111e-08,-9.81,fluid
610,1.375,5.37451,,1000,3.57957e-07,5.11978e-06,,-1.85774e-12,-0.0981,0.0981,,-9.14139e-09,6.61822e-08,-5.41792e-09,-9.81,fluid
611,1.375,5.62451,,1000,9.65032e-08,1.35226e-06,,-4.77359e-13,-0.0981,0.0981,,-2.49105e-09,1.82714e-08,-1.50758e-09,-9.81,fluid
612,1.375,5.87451,,1000,2.54881e-08,3.46779e-07,,-1.19895e-13,-0.0981,0.0981,,-6.64541e-10,4.93571e-09,-4.12338e-10,-9.81,fluid
613,1.375,6.12451,,1000,6.58475e-09,8.88729e-08,,-3.04271e-14,-0.0981,0.0981,,-1.73887e-10,1.30363e-09,-1.09252e-10,-9.81,fluid
614,1.375,6.37451,,1000,1.67034e-09,2.26539e-08,,-6.50323e-15,-0.0981,0.0981,,-4.5176e-11,3.35756e-10,-2.87005e-11,-9.81,fluid
615,1.375,6.62451,,1000,4.15416e-10,6.97042e-09,,-1.91539e-15,-0.0981,0.0981,,-1.23271e-11,8.32557e-11,-7.25767e-12,-9.81,fluid
616,1.375,6.87451,,1000,1.01137e-10,3.48521e-09,,-2.74356e-16,-0.0981,0.0981,,-4.35863e-12,1.88213e-11,-1.82393e-12,-9.81,fluid
617,1.375,7.12451,,1000,1.96316e-11,3.48521e-09,,-1.47067e-17,-0.0981,0.0981,,-2.63976e-12,4.12768e-12,-1.05058e-13,-9.81,fluid
618,1.375,7.37451,,1000,-7.09622e-13,3.48521e-09,,-4.30702e-20,-0.0981,0.0981,,-2.16326e-12,3.00983e-12,3.71437e-13,-9.81,fluid
619,1.375,7.62451,,1000,4.78402e-12,1.74261e-09,,-3.21885e-21,-0.0981,0.0981,,-1.67031e-12,4.3076e-12,-4.0296e-13,-9.81,fluid
620,1.375,7.87451,,1000,1.17128e-12,1.74261e-09,,-1.02067e-22,-0.0981,0.0981,,-1.05783e-12,5.74877e-12,2.09516e-13,-9.81,fluid
621,1.62498,0.124704,,1000.54,92.7577,4235.5,,-0.00473416,-0.0420785,0.042344,,-3.19992,9.57905,-0.59483,-0.230947,fluid
622,1.62499,0.37463,,1000.39,80.7568,3036.27,,-0.00166837,-0.0601703,0.0601935,,-2.0749,7.42072,-0.207138,-2.38928,fluid
623,1.625,0.624558,,1000.24,56.479,1909.59,,-0.000800015,-0.0804523,0.0804563,,-1.24828,4.34453,-0.073436,-5.46547,fluid
624,1.625,0.87453,,1000.13,33.5283,1053.09,,-0.000460838,-0.0894505,0.0894517,,-0.734815,2.79919,-0.0868485,-7.01081,fluid
625,1.625,1.12452,,1000.07,17.4374,520.35,,-0.000249911,-0.093861,0.0938613,,-0.39509,1.76419,-0.0748959,-8.04581,fluid
626,1.625,1.37451,,1000.03,8.78591,237.359,,-0.000115748,-0.0962381,0.0962382,,-0.193964,0.971952,-0.0479016,-8.83805,fluid
627,1.625,1.62451,,1000.01,4.23873,102.754,,-4.66356e-05,-0.0973418,0.0973418,,-0.088777,0.481289,-0.0255447,-9.32871,fluid
628,1.625,1.87451,,1000.01,1.87813,42.852,,-1.87623e-05,-0.0978033,0.0978033,,-0.0385659,0.220777,-0.0121956,-9.58922,fluid
629,1.625,2.12451,,1000,0.777497,17.102,,-7.45535e-06,-0.0979865,0.0979865,,-0.0160481,0.0961181,-0.00552384,-9.71388,fluid
630,1.625,2.37451,,1000,0.309311,6.49822,,-2.7893e-06,-0.0980583,0.0980583,,-0.00640215,0.0400976,-0.00240325,-9.7699,fluid
631,1.625,2.62451,,1000,0.119032,2.36868,,-9.85086e-07,-0.0980854,0.0980854,,-0.00244712,0.0159909,-0.000989478,-9.79401,fluid
632,1.625,2.87451,,1000,0.0439629,0.835453,,-3.36043e-07,-0.0980951,0.0980951,,-0.000899261,0.00608958,-0.000385135,-9.80391,fluid
633,1.625,3.12451,,1000,0.0155505,0.285686,,-1.12032e-07,-0.0980984,0.0980984,,-0.000319344,0.00222682,-0.000143538,-9.80777,fluid
634,1.625,3.37451,,1000,0.00530727,0.0945616,,-3.62632e-08,-0.0980995,0.0980995,,-0.000109896,0.000786966,-5.17042e-05,-9.80921,fluid
635,1.625,3.62451,,1000,0.00175924,0.0303146,,-1.133e-08,-0.0980998,0.0980998,,-3.66624e-05,0.000269405,-1.80073e-05,-9.80973,fluid
636,1.625,3.87451,,1000,0.000566764,0.00944403,,-3.43117e-09,-0.0981,0.0981,,-1.18645e-05,8.93209e-05,-6.05276e-06,-9.80991,fluid
637,1.625,4.12451,,1000,0.000177226,0.00286719,,-1.01372e-09,-0.0981,0.0981,,-3.73191e-06,2.87061e-05,-1.96749e-06,-9.80997,fluid
638,1.625,4.37451,,1000,5.3843e-05,0.000848909,,-2.92694e-10,-0.0981,0.0981,,-1.14351e-06,8.96554e-06,-6.21105e-07,-9.80999,fluid
639,1.625,4.62451,,1000,1.59395e-05,0.000245115,,-8.24593e-11,-0.0981,0.0981,,-3.41759e-07,2.72772e-06,-1.90919e-07,-9.81,fluid
640,1.625,4.87451,,1000,4.60762e-06,6.90821e-05,,-2.26598e-11,-0.0981,0.0981,,-9.96733e-08,8.0928e-07,-5.71612e-08,-9.81,fluid
641,1.625,5.12451,,1000,1.30118e-06,1.90293e-05,,-6.08365e-12,-0.0981,0.0981,,-2.83851e-08,2.3423e-07,-1.66748e-08,-9.81,fluid
642,1.625,5.37451,,1000,3.58986e-07,5.13023e-06,,-1.60552e-12,-0.0981,0.0981,,-7.90179e-09,6.61857e-08,-4.74472e-09,-9.81,fluid
643,1.625,5.62451,,1000,9.68218e-08,1.35575e-06,,-4.12945e-13,-0.0981,0.0981,,-2.15289e-09,1.82815e-08,-1.31858e-09,-9.81,fluid
644,1.625,5.87451,,1000,2.55803e-08,3.48521e-07,,-1.0415e-13,-0.0981,0.0981,,-5.75222e-10,4.9408e-09,-3.60748e-10,-9.81,fluid
645,1.625,6.12451,,1000,6.61678e-09,8.88729e-08,,-2.64888e-14,-0.0981,0.0981,,-1.51391e-10,1.30575e-09,-9.67004e-11,-9.81,fluid
646,1.625,6.37451,,1000,1.67987e-09,2.26539e-08,,-5.65732e-15,-0.0981,0.0981,,-3.97825e-11,3.36679e-10,-2.58416e-11,-9.81,fluid
647,1.625,6.62451,,1000,4.17981e-10,6.97042e-09,,-1.63406e-15,-0.0981,0.0981,,-1.09348e-11,8.37e-11,-6.64536e-12,-9.81,fluid
648,1.625,6.87451,,1000,1.01667e-10,3.48521e-09,,-2.32174e-16,-0.0981,0.0981,,-3.83658e-12,1.89706e-11,-1.69183e-12,-9.81,fluid
649,1.625,7.12451,,1000,1.9723e-11,3.48521e-09,,-1.24474e-17,-0.0981,0.0981,,-2.36581e-12,4.07016e-12,-2.21068e-13,-9.81,fluid
650,1.625,7.37451,,1000,-5.77068e-13,3.48521e-09,,-3.65367e-20,-0.0981,0.0981,,-2.21132e-12,2.79856e-12,-6.65742e-14,-9.81,fluid
651,1.625,7.62451,,1000,5.0182e-12,1.74261e-09,,-2.71323e-21,-0.0981,0.0981,,-2.08327e-12,4.19277e-12,-1.0109e-12,-9.81,fluid
652,1.625,7.87451,,1000,1.38826e-12,1.74261e-09,,-8.60225e-23,-0.0981,0.0981,,-1.52942e-12,5.87884e-12,-4.57047e-13,-9.81,fluid
653,1.87498,0.124704,,1000.54,92.9447,4221,,-0.00415855,-0.0421429,0.0423475,,-2.80461,9.54885,-0.5546,-0.26115,fluid
654,1.87499,0.37463,,1000.39,80.8166,3028.77,,-0.00146512,-0.0602256,0.0602434,,-1.81684,7.39524,-0.202116,-2.41476,fluid
655,1.875,0.624558,,1000.24,56.4391,1906.11,,-0.000703632,-0.0804741,0.0804772,,-1.09255,4.32899,-0.0761985,-5.48101,fluid
656,1.875,0.87453,,1000.13,33.495,1051.26,,-0.000406356,-0.0894552,0.0894561,,-0.643146,2.79129,-0.0825471,-7.01871,fluid
657,1.875,1.12452,,1000.07,17.4306,519.408,,-0.00022024,-0.0938631,0.0938633,,-0.34603,1.76005,-0.0690311,-8.04995,fluid
658,1.875,1.37451,,1000.03,8.78614,236.977,,-0.000101839,-0.0962393,0.0962394,,-0.170021,0.969666,-0.043637,-8.84033,fluid
659,1.875,1.62451,,1000.01,4.23834,102.629,,-4.09912e-05,-0.0973421,0.0973421,,-0.0778591,0.480136,-0.0231243,-9.32986,fluid
660,1.875,1.87451,,1000.01,1.87776,42.8129,,-1.64822e-05,-0.0978033,0.0978033,,-0.0338276,0.22029,-0.0109942,-9.58971,fluid
661,1.875,2.12451,,1000,0.777559,17.089,,-6.54874e-06,-0.0979864,0.0979864,,-0.0140763,0.0959397,-0.00496216,-9.71406,fluid
662,1.875,2.37451,,1000,0.309479,6.49441,,-2.45044e-06,-0.0980583,0.0980583,,-0.00561603,0.0400348,-0.00215235,-9.76997,fluid
663,1.875,2.62451,,1000,0.119132,2.36805,,-8.65384e-07,-0.0980854,0.0980854,,-0.00214709,0.0159688,-0.000884131,-9.79403,fluid
664,1.875,2.87451,,1000,0.0440056,0.835555,,-2.95098e-07,-0.0980951,0.0980951,,-0.000789129,0.0060824,-0.000343499,-9.80392,fluid
665,1.875,3.12451,,1000,0.0155683,0.285816,,-9.83304e-08,-0.0980984,0.0980984,,-0.000280231,0.00222486,-0.000127796,-9.80778,fluid
666,1.875,3.37451,,1000,0.00531505,0.0946299,,-3.18155e-08,-0.0980995,0.0980995,,-9.64227e-05,0.000786555,-4.59535e-05,-9.80921,fluid
667,1.875,3.62451,,1000,0.00176247,0.0303451,,-9.93808e-09,-0.0980998,0.0980998,,-3.21632e-05,0.000269355,-1.59791e-05,-9.80973,fluid
668,1.875,3.87451,,1000,0.000567983,0.00945679,,-3.00895e-09,-0.0981,0.0981,,-1.04075e-05,8.93307e-05,-5.3639e-06,-9.80991,fluid
669,1.875,4.12451,,1000,0.000177653,0.00287212,,-8.88683e-10,-0.0981,0.0981,,-3.27336e-06,2.87178e-05,-1.74156e-06,-9.80997,fluid
670,1.875,4.37451,,1000,5.3988e-05,0.00085066,,-2.56499e-10,-0.0981,0.0981,,-1.00288e-06,8.97225e-06,-5.4919e-07,-9.80999,fluid
671,1.875,4.62451,,1000,1.59877e-05,0.0002457,,-7.2241e-11,-0.0981,0.0981,,-2.99677e-07,2.73074e-06,-1.68636e-07,-9.81,fluid
672,1.875,4.87451,,1000,4.62317e-06,6.92668e-05,,-1.98423e-11,-0.0981,0.0981,,-8.73845e-08,8.10465e-07,-5.04422e-08,-9.81,fluid
673,1.875,5.12451,,1000,1.30597e-06,1.90902e-05,,-5.3254e-12,-0.0981,0.0981,,-2.48812e-08,2.34652e-07,-1.46998e-08,-9.81,fluid
674,1.875,5.37451,,1000,3.60411e-07,5.1494e-06,,-1.40189e-12,-0.0981,0.0981,,-6.92555e-09,6.63271e-08,-4.17921e-09,-9.81,fluid
675,1.875,5.62451,,1000,9.72512e-08,1.35923e-06,,-3.59785e-13,-0.0981,0.0981,,-1.88701e-09,1.83265e-08,-1.16208e-09,-9.81,fluid
676,1.875,5.87451,,1000,2.56846e-08,3.52006e-07,,-9.00828e-14,-0.0981,0.0981,,-5.03979e-10,4.95464e-09,-3.16242e-10,-9.81,fluid
677,1.875,6.12451,,1000,6.64082e-09,9.06155e-08,,-2.31258e-14,-0.0981,0.0981,,-1.32055e-10,1.31032e-09,-8.37269e-11,-9.81,fluid
678,1.875,6.37451,,1000,1.6767e-09,2.43965e-08,,-4.93099e-15,-0.0981,0.0981,,-3.40865e-11,3.38305e-10,-2.1075e-11,-9.81,fluid
679,1.875,6.62451,,1000,4.2065e-10,6.97042e-09,,-1.41798e-15,-0.0981,0.0981,,-9.12748e-12,8.42235e-11,-5.40992e-12,-9.81,fluid
680,1.875,6.87451,,1000,1.02245e-10,3.48521e-09,,-2.01216e-16,-0.0981,0.0981,,-3.2344e-12,1.90467e-11,-1.37562e-12,-9.81,fluid
681,1.875,7.12451,,1000,1.99464e-11,3.48521e-09,,-1.07876e-17,-0.0981,0.0981,,-2.17086e-12,3.82522e-12,-3.12077e-13,-9.81,fluid
682,1.875,7.37451,,1000,-1.52184e-13,3.48521e-09,,-3.16028e-20,-0.0981,0.0981,,-2.32219e-12,2.29151e-12,-4.63409e-13,-9.81,fluid
683,1.875,7.62451,,1000,5.73953e-12,1.74261e-09,,-2.34406e-21,-0.0981,0.0981,,-2.48969e-12,3.95734e-12,-1.5603e-12,-9.81,fluid
684,1.875,7.87451,,1000,2.01726e-12,1.74261e-09,,-7.43666e-23,-0.0981,0.0981,,-1.91874e-12,6.22978e-12,-9.89352e-13,-9.81,fluid
685,2.12499,0.124703,,1000.54,93.1393,4212.8,,-0.00369636,-0.042182,0.0423436,,-2.48903,9.53402,-0.507586,-0.275983,fluid
686,2.125,0.37463,,1000.38,80.9305,3024.88,,-0.00130154,-0.0602609,0.060275,,-1.61131,7.38192,-0.18838,-2.42808,fluid
687,2.125,0.624558,,1000.24,56.4616,1904.7,,-0.000625032,-0.0804873,0.0804898,,-0.968745,4.32065,-0.0726314,-5.48935,fluid
688,2.125,0.87453,,1000.13,33.4966,1050.68,,-0.000361157,-0.0894563,0.0894571,,-0.570353,2.78735,-0.0759797,-7.02265,fluid
689,2.125,1.12452,,1000.07,17.4379,519.132,,-0.000195546,-0.093863,0.0938632,,-0.306989,1.75826,-0.0627077,-8.05174,fluid
690,2.125,1.37451,,1000.03,8.79285,236.889,,-9.02957e-05,-0.0962393,0.0962394,,-0.150895,0.968778,-0.0394215,-8.84122,fluid
691,2.125,1.62451,,1000.01,4.24166,102.621,,-3.63163e-05,-0.097342,0.097342,,-0.0691128,0.479724,-0.0208214,-9.33028,fluid
692,2.125,1.87451,,1000.01,1.87923,42.8199,,-1.46018e-05,-0.0978031,0.0978031,,-0.0300285,0.220141,-0.0098781,-9.58986,fluid
693,2.125,2.12451,,1000,0.778335,17.0947,,-5.80324e-06,-0.0979864,0.0979864,,-0.0124961,0.0959,-0.00445161,-9.7141,fluid
694,2.125,2.37451,,1000,0.309882,6.49775,,-2.17174e-06,-0.0980583,0.0980583,,-0.00498638,0.0400273,-0.00192862,-9.76997,fluid
695,2.125,2.62451,,1000,0.119311,2.36988,,-7.66817e-07,-0.0980854,0.0980854,,-0.0019067,0.0159685,-0.000791466,-9.79403,fluid
696,2.125,2.87451,,1000,0.0440769,0.836442,,-2.61406e-07,-0.0980951,0.0980951,,-0.000700839,0.00608342,-0.000307219,-9.80392,fluid
697,2.125,3.12451,,1000,0.0155961,0.286189,,-8.70868e-08,-0.0980984,0.0980984,,-0.000248871,0.00222578,-0.000114194,-9.80777,fluid
698,2.125,3.37451,,1000,0.00532586,0.0947732,,-2.81765e-08,-0.0980995,0.0980995,,-8.56264e-05,0.000787091,-4.10273e-05,-9.80921,fluid
699,2.125,3.62451,,1000,0.00176653,0.030398,,-8.80137e-09,-0.0980998,0.0980998,,-2.85609e-05,0.000269605,-1.4256e-05,-9.80973,fluid
700,2.125,3.87451,,1000,0.000569413,0.00947575,,-2.66458e-09,-0.0981,0.0981,,-9.24181e-06,8.94333e-05,-4.78263e-06,-9.80991,fluid
701,2.125,4.12451,,1000,0.000178135,0.00287865,,-7.86853e-10,-0.0981,0.0981,,-2.90664e-06,2.87574e-05,-1.55198e-06,-9.80997,fluid
702,2.125,4.37451,,1000,5.41459e-05,0.000852816,,-2.27072e-10,-0.0981,0.0981,,-8.90459e-07,8.9869e-06,-4.89134e-07,-9.80999,fluid
703,2.125,4.62451,,1000,1.60383e-05,0.000246384,,-6.39425e-11,-0.0981,0.0981,,-2.66058e-07,2.73593e-06,-1.50113e-07,-9.81,fluid
704,2.125,4.87451,,1000,4.63897e-06,6.94777e-05,,-1.75604e-11,-0.0981,0.0981,,-7.7574e-08,8.12211e-07,-4.48786e-08,-9.81,fluid
705,2.125,5.12451,,1000,1.31077e-06,1.91495e-05,,-4.71239e-12,-0.0981,0.0981,,-2.20863e-08,2.35215e-07,-1.30748e-08,-9.81,fluid
706,2.125,5.37451,,1000,3.61823e-07,5.16508e-06,,-1.23893e-12,-0.0981,0.0981,,-6.14775e-09,6.6502e-08,-3.71713e-09,-9.81,fluid
707,2.125,5.62451,,1000,9.76402e-08,1.3662e-06,,-3.17081e-13,-0.0981,0.0981,,-1.67464e-09,1.83799e-08,-1.03172e-09,-9.81,fluid
708,2.125,5.87451,,1000,2.58031e-08,3.53749e-07,,-7.88979e-14,-0.0981,0.0981,,-4.45982e-10,4.971e-09,-2.79512e-10,-9.81,fluid
709,2.125,6.12451,,1000,6.67391e-09,9.06155e-08,,-2.00761e-14,-0.0981,0.0981,,-1.15575e-10,1.31527e-09,-7.29322e-11,-9.81,fluid
710,2.125,6.37451,,1000,1.69755e-09,2.26539e-08,,-4.26531e-15,-0.0981,0.0981,,-2.91321e-11,3.39426e-10,-1.84715e-11,-9.81,fluid
711,2.125,6.62451,,1000,4.2176e-10,6.97042e-09,,-1.24286e-15,-0.0981,0.0981,,-7.62784e-12,8.41414e-11,-4.34764e-12,-9.81,fluid
712,2.125,6.87451,,1000,1.02416e-10,3.48521e-09,,-1.7753e-16,-0.0981,0.0981,,-2.74265e-12,1.88712e-11,-1.10255e-12,-9.81,fluid
713,2.125,7.12451,,1000,2.01109e-11,3.48521e-09,,-9.51653e-18,-0.0981,0.0981,,-1.84329e-12,3.55291e-12,-2.03193e-13,-9.81,fluid
714,2.125,7.37451,,1000,3.08448e-13,3.48521e-09,,-2.77508e-20,-0.0981,0.0981,,-1.80087e-12,1.83085e-12,-1.60767e-13,-9.81,fluid
715,2.125,7.62451,,1000,2.0452e-13,3.48521e-09,,-2.06392e-21,-0.0981,0.0981,,-1.71237e-12,4.77877e-12,-7.2273e-14,-9.81,fluid
716,2.125,7.87451,,1000,-2.21768e-12,3.48521e-09,,-6.55076e-23,-0.0981,0.0981,,-1.10927e-12,8.99459e-12,5.30826e-13,-9.81,fluid
717,2.37499,0.124703,,1000.54,93.3027,4207.74,,-0.00332212,-0.0422083,0.0423389,,-2.23357,9.52617,-0.462828,-0.283832,fluid
718,2.375,0.37463,,1000.38,81.0359,3022.7,,-0.00116817,-0.060285,0.0602963,,-1.44544,7.37413,-0.173207,-2.43587,fluid
719,2.375,0.624558,,1000.24,56.4933,1904.15,,-0.00056023,-0.0804958,0.0804977,,-0.868912,4.31562,-0.0673602,-5.49438,fluid
720,2.375,0.87453,,1000.13,33.506,1050.55,,-0.000323685,-0.0894563,0.0894569,,-0.511576,2.7852,-0.0692967,-7.0248,fluid
721,2.375,1.12452,,1000.07,17.4481,519.083,,-0.000175162,-0.0938624,0.0938626,,-0.275379,1.75748,-0.0568326,-8.05252,fluid
722,2.375,1.37451,,1000.03,8.80085,236.895,,-8.08231e-05,-0.0962391,0.0962392,,-0.135371,0.96847,-0.0356284,-8.84153,fluid
723,2.375,1.62451,,1000.01,4.24578,102.646,,-3.24891e-05,-0.0973418,0.0973418,,-0.0620039,0.479607,-0.0187849,-9.33039,fluid
724,2.375,1.87451,,1000.01,1.8811,42.8397,,-1.30625e-05,-0.097803,0.097803,,-0.0269398,0.22012,-0.0089021,-9.58988,fluid
725,2.375,2.12451,,1000,0.779223,17.1052,,-5.19209e-06,-0.0979863,0.0979863,,-0.0112112,0.0959103,-0.00400902,-9.71409,fluid
726,2.375,2.37451,,1000,0.310302,6.5028,,-1.94284e-06,-0.0980582,0.0980582,,-0.004474,0.0400391,-0.00173598,-9.76996,fluid
727,2.375,2.62451,,1000,0.119492,2.3722,,-6.85795e-07,-0.0980854,0.0980854,,-0.00171087,0.0159757,-0.000712048,-9.79402,fluid
728,2.375,2.87451,,1000,0.044149,0.83744,,-2.33727e-07,-0.0980951,0.0980951,,-0.000628846,0.00608714,-0.00027624,-9.80391,fluid
729,2.375,3.12451,,1000,0.0156238,0.286584,,-7.78597e-08,-0.0980984,0.0980984,,-0.000223292,0.00222757,-0.000102625,-9.80777,fluid
730,2.375,3.37451,,1000,0.00533636,0.0949204,,-2.5192e-08,-0.0980995,0.0980995,,-7.68217e-05,0.000787886,-3.68552e-05,-9.80921,fluid
731,2.375,3.62451,,1000,0.00177035,0.0304508,,-7.86907e-09,-0.0980998,0.0980998,,-2.56235e-05,0.000269928,-1.28021e-05,-9.80973,fluid
732,2.375,3.87451,,1000,0.000570741,0.00949414,,-2.38213e-09,-0.0981,0.0981,,-8.29122e-06,8.95561e-05,-4.29369e-06,-9.80991,fluid
733,2.375,4.12451,,1000,0.000178578,0.00288483,,-7.0337e-10,-0.0981,0.0981,,-2.60757e-06,2.88021e-05,-1.39291e-06,-9.80997,fluid
734,2.375,4.37451,,1000,5.42897e-05,0.000854806,,-2.02973e-10,-0.0981,0.0981,,-7.98782e-07,9.00264e-06,-4.38864e-07,-9.80999,fluid
735,2.375,4.62451,,1000,1.60839e-05,0.000247004,,-5.71542e-11,-0.0981,0.0981,,-2.38647e-07,2.74127e-06,-1.34645e-07,-9.81,fluid
736,2.375,4.87451,,1000,4.65305e-06,6.96642e-05,,-1.56991e-11,-0.0981,0.0981,,-6.95765e-08,8.13953e-07,-4.02443e-08,-9.81,fluid
737,2.375,5.12451,,1000,1.31497e-06,1.92053e-05,,-4.20986e-12,-0.0981,0.0981,,-1.98087e-08,2.35762e-07,-1.17222e-08,-9.81,fluid
738,2.375,5.37451,,1000,3.63016e-07,5.186e-06,,-1.11035e-12,-0.0981,0.0981,,-5.51367e-09,6.66695e-08,-3.33009e-09,-9.81,fluid
739,2.375,5.62451,,1000,9.80047e-08,1.36969e-06,,-2.85321e-13,-0.0981,0.0981,,-1.50146e-09,1.8431e-08,-9.24746e-10,-9.81,fluid
740,2.375,5.87451,,1000,2.591e-08,3.53749e-07,,-7.10538e-14,-0.0981,0.0981,,-3.99487e-10,4.98629e-09,-2.5054e-10,-9.81,fluid
741,2.375,6.12451,,1000,6.72207e-09,8.88729e-08,,-1.7932e-14,-0.0981,0.0981,,-1.03612e-10,1.31936e-09,-6.61919e-11,-9.81,fluid
742,2.375,6.37451,,1000,1.71003e-09,2.26539e-08,,-3.78304e-15,-0.0981,0.0981,,-2.63296e-11,3.40032e-10,-1.67911e-11,-9.81,fluid
743,2.375,6.62451,,1000,4.22473e-10,6.97042e-09,,-1.11045e-15,-0.0981,0.0981,,-6.97316e-12,8.39501e-11,-4.03825e-12,-9.81,fluid
744,2.375,6.87451,,1000,1.02437e-10,3.48521e-09,,-1.58834e-16,-0.0981,0.0981,,-2.4792e-12,1.87223e-11,-1.01174e-12,-9.81,fluid
745,2.375,7.12451,,1000,2.01314e-11,3.48521e-09,,-8.51309e-18,-0.0981,0.0981,,-1.52609e-12,3.52158e-12,-5.86308e-14,-9.81,fluid
746,2.375,7.37451,,1000,3.56603e-13,3.48521e-09,,-2.47171e-20,-0.0981,0.0981,,-1.22675e-12,1.82179e-12,2.40711e-13,-9.81,fluid
747,2.375,7.62451,,1000,7.46456e-14,3.48521e-09,,-1.84394e-21,-0.0981,0.0981,,-8.97568e-13,4.87183e-12,5.6989e-13,-9.81,fluid
748,2.375,7.87451,,1000,6.7275e-12,1.74261e-09,,-5.85438e-23,-0.0981,0.0981,,-5.42058e-13,6.67229e-12,1.91671e-13,-9.81,fluid
749,2.62499,0.124703,,1000.53,93.4309,4204.36,,-0.00301445,-0.0422268,0.0423343,,-2.02399,9.52146,-0.423179,-0.288537,fluid
750,2.625,0.37463,,1000.38,81.1216,3021.33,,-0.00105838,-0.0603022,0.0603114,,-1.30953,7.36908,-0.158985,-2.44092,fluid
751,2.625,0.624558,,1000.24,56.5227,1903.89,,-0.000506825,-0.0805016,0.0805032,,-0.787084,4.31231,-0.0619676,-5.49769,fluid
752,2.625,0.87453,,1000.13,33.517,1050.55,,-0.000292806,-0.089456,0.0894565,,-0.463345,2.78391,-0.0631898,-7.02609,fluid
753,2.625,1.12452,,1000.07,17.4583,519.094,,-0.000158422,-0.0938618,0.093862,,-0.249407,1.75713,-0.0516696,-8.05287,fluid
754,2.625,1.37451,,1000.03,8.80829,236.924,,-7.30668e-05,-0.0962389,0.0962389,,-0.122602,0.968376,-0.0323482,-8.84162,fluid
755,2.625,1.62451,,1000.01,4.2496,102.677,,-2.93564e-05,-0.0973416,0.0973416,,-0.0561543,0.479591,-0.0170395,-9.33041,fluid
756,2.625,1.87451,,1000.01,1.8828,42.86,,-1.18004e-05,-0.0978028,0.0978028,,-0.0243973,0.220138,-0.00806977,-9.58986,fluid
757,2.625,2.12451,,1000,0.780015,17.1156,,-4.68999e-06,-0.0979862,0.0979862,,-0.0101529,0.095934,-0.00363267,-9.71407,fluid
758,2.625,2.37451,,1000,0.310669,6.50754,,-1.75459e-06,-0.0980582,0.0980582,,-0.00405157,0.0400552,-0.00157251,-9.76994,fluid
759,2.625,2.62451,,1000,0.11965,2.37429,,-6.19156e-07,-0.0980854,0.0980854,,-0.00154927,0.0159842,-0.000644774,-9.79402,fluid
760,2.625,2.87451,,1000,0.0442117,0.838316,,-2.10967e-07,-0.0980951,0.0980951,,-0.000569406,0.00609117,-0.000250048,-9.80391,fluid
761,2.625,3.12451,,1000,0.0156478,0.286927,,-7.02718e-08,-0.0980984,0.0980984,,-0.000202169,0.00222938,-9.28639e-05,-9.80777,fluid
762,2.625,3.37451,,1000,0.00534532,0.0950471,,-2.2736e-08,-0.0980995,0.0980995,,-6.95503e-05,0.00078865,-3.33419e-05,-9.80921,fluid
763,2.625,3.62451,,1000,0.00177359,0.0304959,,-7.1013e-09,-0.0980998,0.0980998,,-2.31971e-05,0.000270229,-1.15797e-05,-9.80973,fluid
764,2.625,3.87451,,1000,0.000571858,0.0095097,,-2.14942e-09,-0.0981,0.0981,,-7.50574e-06,8.96687e-05,-3.883e-06,-9.80991,fluid
765,2.625,4.12451,,1000,0.000178949,0.00289001,,-6.3458e-10,-0.0981,0.0981,,-2.36038e-06,2.88425e-05,-1.25943e-06,-9.80997,fluid
766,2.625,4.37451,,1000,5.44098e-05,0.00085647,,-1.83102e-10,-0.0981,0.0981,,-7.23002e-07,9.01664e-06,-3.96728e-07,-9.80999,fluid
767,2.625,4.62451,,1000,1.61219e-05,0.000247518,,-5.15575e-11,-0.0981,0.0981,,-2.15989e-07,2.74595e-06,-1.21697e-07,-9.81,fluid
768,2.625,4.87451,,1000,4.6647e-06,6.98193e-05,,-1.4159e-11,-0.0981,0.0981,,-6.29663e-08,8.15463e-07,-3.63685e-08,-9.81,fluid
769,2.625,5.12451,,1000,1.31843e-06,1.92523e-05,,-3.8002e-12,-0.0981,0.0981,,-1.7925e-08,2.36232e-07,-1.05908e-08,-9.81,fluid
770,2.625,5.37451,,1000,3.64029e-07,5.19819e-06,,-1.00437e-12,-0.0981,0.0981,,-4.98838e-09,6.68126e-08,-3.00811e-09,-9.81,fluid
771,2.625,5.62451,,1000,9.8287e-08,1.37317e-06,,-2.60191e-13,-0.0981,0.0981,,-1.35864e-09,1.84739e-08,-8.35527e-10,-9.81,fluid
772,2.625,5.87451,,1000,2.59896e-08,3.53749e-07,,-6.56145e-14,-0.0981,0.0981,,-3.62273e-10,4.99877e-09,-2.27511e-10,-9.81,fluid
773,2.625,6.12451,,1000,6.7264e-09,9.06155e-08,,-1.65212e-14,-0.0981,0.0981,,-9.46314e-11,1.32267e-09,-6.01112e-11,-9.81,fluid
774,2.625,6.37451,,1000,1.71014e-09,2.26539e-08,,-3.43925e-15,-0.0981,0.0981,,-2.43644e-11,3.40807e-10,-1.57343e-11,-9.81,fluid
775,2.625,6.62451,,1000,4.24015e-10,6.97042e-09,,-1.00476e-15,-0.0981,0.0981,,-6.53661e-12,8.40327e-11,-3.88121e-12,-9.81,fluid
776,2.625,6.87451,,1000,1.02664e-10,3.48521e-09,,-1.43713e-16,-0.0981,0.0981,,-2.30371e-12,1.87197e-11,-9.76012e-13,-9.81,fluid
777,2.625,7.12451,,1000,2.0151e-11,3.48521e-09,,-7.70219e-18,-0.0981,0.0981,,-1.46281e-12,3.53463e-12,-1.3511e-13,-9.81,fluid
778,2.625,7.37451,,1000,3.54536e-13,3.48521e-09,,-2.23261e-20,-0.0981,0.0981,,-1.44273e-12,1.80278e-12,-1.15029e-13,-9.81,fluid
779,2.625,7.62451,,1000,6.51087e-12,1.74261e-09,,-1.66652e-21,-0.0981,0.0981,,-1.54863e-12,3.76172e-12,-8.84776e-13,-9.81,fluid
780,2.625,7.87451,,1000,2.46358e-12,1.74261e-09,,-5.29234e-23,-0.0981,0.0981,,-1.36341e-12,6.6045e-12,-6.9956e-13,-9.81,fluid
781,2.87499,0.124703,,1000.53,93.5306,4201.93,,-0.00275788,-0.0422404,0.0423303,,-1.84962,9.51836,-0.388855,-0.291644,fluid
782,2.875,0.37463,,1000.38,81.1897,3020.37,,-0.000967066,-0.0603149,0.0603226,,-1.19652,7.36557,-0.146354,-2.44443,fluid
783,2.875,0.624558,,1000.24,56.5478,1903.74,,-0.000462527,-0.0805059,0.0805072,,-0.719037,4.30999,-0.0570256,-5.50001,fluid
784,2.875,0.87453,,1000.13,33.5272,1050.57,,-0.000267201,-0.0894557,0.0894561,,-0.423229,2.78306,-0.0578613,-7.02694,fluid
785,2.875,1.12452,,1000.07,17.4671,519.119,,-0.000144554,-0.0938614,0.0938615,,-0.227797,1.75694,-0.0472459,-8.05306,fluid
786,2.875,1.37451,,1000.03,8.81446,236.954,,-6.6647e-05,-0.0962387,0.0962387,,-0.111975,0.968353,-0.0295592,-8.84165,fluid
787,2.875,1.62451,,1000.01,4.25273,102.705,,-2.67635e-05,-0.0973415,0.0973415,,-0.0512846,0.479603,-0.0155616,-9.3304,fluid
788,2.875,1.87451,,1000.01,1.8842,42.8773,,-1.07548e-05,-0.0978027,0.0978027,,-0.02228,0.220164,-0.00736623,-9.58984,fluid
789,2.875,2.12451,,1000,0.78066,17.1242,,-4.27377e-06,-0.0979862,0.0979862,,-0.00927104,0.0959579,-0.00331481,-9.71404,fluid
790,2.875,2.37451,,1000,0.310967,6.51142,,-1.59854e-06,-0.0980582,0.0980582,,-0.00369938,0.0400701,-0.00143454,-9.76993,fluid
791,2.875,2.62451,,1000,0.119778,2.37598,,-5.63942e-07,-0.0980854,0.0980854,,-0.00141448,0.0159918,-0.000588049,-9.79401,fluid
792,2.875,2.87451,,1000,0.0442624,0.83902,,-1.92111e-07,-0.0980951,0.0980951,,-0.00051982,0.00609468,-0.000227987,-9.80391,fluid
793,2.875,3.12451,,1000,0.0156671,0.287202,,-6.39827e-08,-0.0980984,0.0980984,,-0.000184547,0.00223092,-8.46504e-05,-9.80777,fluid
794,2.875,3.37451,,1000,0.00535251,0.0951486,,-2.0699e-08,-0.0980995,0.0980995,,-6.34827e-05,0.000789292,-3.03875e-05,-9.80921,fluid
795,2.875,3.62451,,1000,0.00177617,0.0305319,,-6.46416e-09,-0.0980998,0.0980998,,-2.11719e-05,0.000270481,-1.05521e-05,-9.80973,fluid
796,2.875,3.87451,,1000,0.00057275,0.00952208,,-1.95625e-09,-0.0981,0.0981,,-6.84991e-06,8.9762e-05,-3.53789e-06,-9.80991,fluid
797,2.875,4.12451,,1000,0.000179246,0.00289412,,-5.77466e-10,-0.0981,0.0981,,-2.15395e-06,2.88758e-05,-1.1473e-06,-9.80997,fluid
798,2.875,4.37451,,1000,5.45057e-05,0.000857786,,-1.66605e-10,-0.0981,0.0981,,-6.5971e-07,9.02811e-06,-3.6135e-07,-9.80999,fluid
799,2.875,4.62451,,1000,1.61521e-05,0.000247926,,-4.69087e-11,-0.0981,0.0981,,-1.97066e-07,2.74977e-06,-1.10831e-07,-9.81,fluid
800,2.875,4.87451,,1000,4.67396e-06,6.99412e-05,,-1.28824e-11,-0.0981,0.0981,,-5.74459e-08,8.16691e-07,-3.31185e-08,-9.81,fluid
801,2.875,5.12451,,1000,1.32116e-06,1.92906e-05,,-3.45684e-12,-0.0981,0.0981,,-1.63517e-08,2.36614e-07,-9.64187e-09,-9.81,fluid
802,2.875,5.37451,,1000,3.6483e-07,5.20691e-06,,-9.12037e-13,-0.0981,0.0981,,-4.54985e-09,6.69277e-08,-2.73875e-09,-9.81,fluid
803,2.875,5.62451,,1000,9.85015e-08,1.37666e-06,,-2.37365e-13,-0.0981,0.0981,,-1.23967e-09,1.85075e-08,-7.6083e-10,-9.81,fluid
804,2.875,5.87451,,1000,2.60438e-08,3.55492e-07,,-6.03942e-14,-0.0981,0.0981,,-3.31284e-10,5.0087e-09,-2.07634e-10,-9.81,fluid
805,2.875,6.12451,,1000,6.74707e-09,9.06155e-08,,-1.52429e-14,-0.0981,0.0981,,-8.68027e-11,1.32576e-09,-5.52843e-11,-9.81,fluid
806,2.875,6.37451,,1000,1.71663e-09,2.26539e-08,,-3.15703e-15,-0.0981,0.0981,,-2.23439e-11,3.41719e-10,-1.44643e-11,-9.81,fluid
807,2.875,6.62451,,1000,4.25716e-10,6.97042e-09,,-9.17423e-16,-0.0981,0.0981,,-5.96107e-12,8.42282e-11,-3.53657e-12,-9.81,fluid
808,2.875,6.87451,,1000,1.02984e-10,3.48521e-09,,-1.31222e-16,-0.0981,0.0981,,-2.10856e-12,1.87192e-11,-8.9631e-13,-9.81,fluid
809,2.875,7.12451,,1000,2.02682e-11,3.48521e-09,,-7.03266e-18,-0.0981,0.0981,,-1.4285e-12,3.37003e-12,-2.16251e-13,-9.81,fluid
810,2.875,7.37451,,1000,7.7252e-13,3.48521e-09,,-2.03669e-20,-0.0981,0.0981,,-1.58001e-12,1.40081e-12,-3.67765e-13,-9.81,fluid
811,2.875,7.62451,,1000,1.21491e-12,3.48521e-09,,-1.52037e-21,-0.0981,0.0981,,-1.77565e-12,4.42932e-12,-5.63407e-13,-9.81,fluid
812,2.875,7.87451,,1000,-9.56153e-13,3.48521e-09,,-4.82908e-23,-0.0981,0.0981,,-1.41929e-12,9.19985e-12,-2.07046e-13,-9.81,fluid
813,3.12499,0.124703,,1000.53,93.6089,4200.11,,-0.00254104,-0.0422506,0.042327,,-1.70258,9.51616,-0.35926,-0.293841,fluid
814,3.125,0.37463,,1000.38,81.2437,3019.66,,-0.000890138,-0.0603246,0.0603311,,-1.10126,7.36299,-0.135341,-2.44701,fluid
815,3.125,0.624558,,1000.24,56.5683,1903.64,,-0.000425321,-0.0805092,0.0805104,,-0.661699,4.30826,-0.0526809,-5.50174,fluid
816,3.125,0.87453,,1000.13,33.5357,1050.6,,-0.000245695,-0.0894555,0.0894559,,-0.389433,2.78244,-0.0532861,-7.02756,fluid
817,3.125,1.12452,,1000.07,17.4741,519.143,,-0.000132908,-0.093861,0.0938611,,-0.209592,1.75682,-0.0434775,-8.05318,fluid
818,3.125,1.37451,,1000.03,8.81936,236.979,,-6.12587e-05,-0.0962386,0.0962386,,-0.103022,0.968349,-0.0271909,-8.84165,fluid
819,3.125,1.62451,,1000.01,4.25521,102.727,,-2.45886e-05,-0.0973414,0.0973414,,-0.047181,0.479621,-0.0143087,-9.33038,fluid
820,3.125,1.87451,,1000.01,1.88531,42.891,,-9.87806e-06,-0.0978027,0.0978027,,-0.0204955,0.220188,-0.0067704,-9.58981,fluid
821,3.125,2.12451,,1000,0.781169,17.1309,,-3.92484e-06,-0.0979861,0.0979861,,-0.00852764,0.0959782,-0.00304575,-9.71402,fluid
822,3.125,2.37451,,1000,0.311202,6.51446,,-1.46779e-06,-0.0980581,0.0980581,,-0.00340244,0.0400825,-0.00131782,-9.76992,fluid
823,3.125,2.62451,,1000,0.119879,2.3773,,-5.17699e-07,-0.0980853,0.0980853,,-0.00130083,0.015998,-0.000540092,-9.794,fluid
824,3.125,2.87451,,1000,0.0443023,0.839569,,-1.76322e-07,-0.098095,0.098095,,-0.000478011,0.00609751,-0.000209349,-9.8039,fluid
825,3.125,3.12451,,1000,0.0156823,0.287416,,-5.87152e-08,-0.0980984,0.0980984,,-0.000169688,0.00223216,-7.77148e-05,-9.80777,fluid
826,3.125,3.37451,,1000,0.00535814,0.0952276,,-1.89925e-08,-0.0980995,0.0980995,,-5.83662e-05,0.000789803,-2.78933e-05,-9.80921,fluid
827,3.125,3.62451,,1000,0.0017782,0.0305599,,-5.93033e-09,-0.0980998,0.0980998,,-1.94638e-05,0.000270681,-9.68463e-06,-9.80973,fluid
828,3.125,3.87451,,1000,0.000573449,0.00953168,,-1.79442e-09,-0.0981,0.0981,,-6.29672e-06,8.9836e-05,-3.24658e-06,-9.80991,fluid
829,3.125,4.12451,,1000,0.000179478,0.00289731,,-5.29619e-10,-0.0981,0.0981,,-1.97981e-06,2.89021e-05,-1.05267e-06,-9.80997,fluid
830,3.125,4.37451,,1000,5.45807e-05,0.000858807,,-1.52783e-10,-0.0981,0.0981,,-6.06319e-07,9.03716e-06,-3.31501e-07,-9.80999,fluid
831,3.125,4.62451,,1000,1.61757e-05,0.000248245,,-4.30126e-11,-0.0981,0.0981,,-1.81104e-07,2.75278e-06,-1.01665e-07,-9.81,fluid
832,3.125,4.87451,,1000,4.68119e-06,7.00353e-05,,-1.18126e-11,-0.0981,0.0981,,-5.27903e-08,8.17659e-07,-3.0379e-08,-9.81,fluid
833,3.125,5.12451,,1000,1.32335e-06,1.9315e-05,,-3.16782e-12,-0.0981,0.0981,,-1.50257e-08,2.36916e-07,-8.84485e-09,-9.81,fluid
834,3.125,5.37451,,1000,3.65448e-07,5.21562e-06,,-8.3401e-13,-0.0981,0.0981,,-4.18037e-09,6.70181e-08,-2.51138e-09,-9.81,fluid
835,3.125,5.62451,,1000,9.86649e-08,1.38014e-06,,-2.14954e-13,-0.0981,0.0981,,-1.13891e-09,1.85335e-08,-6.97264e-10,-9.81,fluid
836,3.125,5.87451,,1000,2.6098e-08,3.55492e-07,,-5.47638e-14,-0.0981,0.0981,,-3.04587e-10,5.01657e-09,-1.90829e-10,-9.81,fluid
837,3.125,6.12451,,1000,6.76335e-09,9.06155e-08,,-1.38795e-14,-0.0981,0.0981,,-7.98378e-11,1.32854e-09,-5.08409e-11,-9.81,fluid
838,3.125,6.37451,,1000,1.72151e-09,2.26539e-08,,-2.8955e-15,-0.0981,0.0981,,-2.0502e-11,3.42584e-10,-1.32528e-11,-9.81,fluid
839,3.125,6.62451,,1000,4.26919e-10,6.97042e-09,,-8.43989e-16,-0.0981,0.0981,,-5.45301e-12,8.4376e-11,-3.22247e-12,-9.81,fluid
840,3.125,6.87451,,1000,1.03189e-10,3.48521e-09,,-1.20719e-16,-0.0981,0.0981,,-1.93069e-12,1.86946e-11,-8.15421e-13,-9.81,fluid
841,3.125,7.12451,,1000,2.03695e-11,3.48521e-09,,-6.46966e-18,-0.0981,0.0981,,-1.2523e-12,3.23972e-12,-1.37035e-13,-9.81,fluid
842,3.125,7.37451,,1000,1.05162e-12,3.48521e-09,,-1.87252e-20,-0.0981,0.0981,,-1.11421e-12,1.23922e-12,1.06247e-15,-9.81,fluid
843,3.125,7.62451,,1000,1.70394e-12,3.48521e-09,,-1.39788e-21,-0.0981,0.0981,,-7.81274e-13,4.49228e-12,3.33994e-13,-9.81,fluid
844,3.125,7.87451,,1000,-5.78931e-13,3.48521e-09,,-4.44062e-23,-0.0981,0.0981,,-2.19593e-13,9.39791e-12,8.95675e-13,-9.81,fluid
845,3.37499,0.124703,,1000.53,93.6709,4198.69,,-0.00235553,-0.0422587,0.0423242,,-1.57705,9.51453,-0.333653,-0.295474,fluid
846,3.375,0.37463,,1000.38,81.2868,3019.1,,-0.000824506,-0.0603322,0.0603378,,-1.01997,7.36103,-0.125765,-2.44897,fluid
847,3.375,0.624558,,1000.24,56.5847,1903.57,,-0.000393658,-0.0805119,0.0805128,,-0.612786,4.30694,-0.0489026,-5.50306,fluid
848,3.375,0.87453,,1000.13,33.5425,1050.62,,-0.000227394,-0.0894554,0.0894557,,-0.36061,2.78196,-0.0493562,-7.02804,fluid
849,3.375,1.12452,,1000.07,17.4797,519.163,,-0.000122999,-0.0938607,0.0938608,,-0.194068,1.75673,-0.040252,-8.05327,fluid
850,3.375,1.37451,,1000.03,8.82322,236.999,,-5.66774e-05,-0.0962384,0.0962385,,-0.0953866,0.968351,-0.0251667,-8.84165,fluid
851,3.375,1.62451,,1000.01,4.25716,102.745,,-2.27415e-05,-0.0973413,0.0973413,,-0.0436815,0.479637,-0.0132391,-9.33036,fluid
852,3.375,1.87451,,1000.01,1.88618,42.9017,,-9.13397e-06,-0.0978026,0.0978026,,-0.0189737,0.220208,-0.00626216,-9.58979,fluid
853,3.375,2.12451,,1000,0.78157,17.1362,,-3.62882e-06,-0.0979861,0.0979861,,-0.00789378,0.0959944,-0.00281641,-9.71401,fluid
854,3.375,2.37451,,1000,0.311387,6.51681,,-1.3569e-06,-0.0980581,0.0980581,,-0.00314929,0.0400922,-0.00121838,-9.76991,fluid
855,3.375,2.62451,,1000,0.119957,2.37832,,-4.78502e-07,-0.0980853,0.0980853,,-0.00120395,0.0160029,-0.000499261,-9.794,fluid
856,3.375,2.87451,,1000,0.0443336,0.839994,,-1.62942e-07,-0.098095,0.098095,,-0.000442374,0.00609974,-0.000193487,-9.8039,fluid
857,3.375,3.12451,,1000,0.0156942,0.287582,,-5.42521e-08,-0.0980984,0.0980984,,-0.000157024,0.00223312,-7.18144e-05,-9.80777,fluid
858,3.375,3.37451,,1000,0.00536253,0.0952887,,-1.75467e-08,-0.0980995,0.0980995,,-5.40055e-05,0.000790203,-2.57718e-05,-9.80921,fluid
859,3.375,3.62451,,1000,0.00177978,0.0305815,,-5.47815e-09,-0.0980998,0.0980998,,-1.80081e-05,0.000270837,-8.94689e-06,-9.80973,fluid
860,3.375,3.87451,,1000,0.000573993,0.0095391,,-1.65736e-09,-0.0981,0.0981,,-5.82527e-06,8.98938e-05,-2.99887e-06,-9.80991,fluid
861,3.375,4.12451,,1000,0.000179659,0.00289977,,-4.89104e-10,-0.0981,0.0981,,-1.83142e-06,2.89226e-05,-9.72226e-07,-9.80997,fluid
862,3.375,4.37451,,1000,5.46391e-05,0.000859596,,-1.41081e-10,-0.0981,0.0981,,-5.60825e-07,9.04422e-06,-3.0613e-07,-9.80999,fluid
863,3.375,4.62451,,1000,1.6194e-05,0.000248492,,-3.97142e-11,-0.0981,0.0981,,-1.675e-07,2.75513e-06,-9.38732e-08,-9.81,fluid
864,3.375,4.87451,,1000,4.68678e-06,7.01155e-05,,-1.0906e-11,-0.0981,0.0981,,-4.88213e-08,8.18414e-07,-2.80463e-08,-9.81,fluid
865,3.375,5.12451,,1000,1.32501e-06,1.93377e-05,,-2.92361e-12,-0.0981,0.0981,,-1.38951e-08,2.37153e-07,-8.16546e-09,-9.81,fluid
866,3.375,5.37451,,1000,3.65933e-07,5.22085e-06,,-7.67864e-13,-0.0981,0.0981,,-3.86517e-09,6.70893e-08,-2.31826e-09,-9.81,fluid
867,3.375,5.62451,,1000,9.8803e-08,1.38189e-06,,-1.96614e-13,-0.0981,0.0981,,-1.05217e-09,1.85536e-08,-6.42725e-10,-9.81,fluid
868,3.375,5.87451,,1000,2.61146e-08,3.58977e-07,,-4.96859e-14,-0.0981,0.0981,,-2.80894e-10,5.02247e-09,-1.74531e-10,-9.81,fluid
869,3.375,6.12451,,1000,6.77626e-09,9.06155e-08,,-1.26212e-14,-0.0981,0.0981,,-7.35921e-11,1.33072e-09,-4.67431e-11,-9.81,fluid
870,3.375,6.37451,,1000,1.725e-09,2.26539e-08,,-2.66026e-15,-0.0981,0.0981,,-1.89828e-11,3.43237e-10,-1.22705e-11,-9.81,fluid
871,3.375,6.62451,,1000,4.27664e-10,6.97042e-09,,-7.81396e-16,-0.0981,0.0981,,-5.08238e-12,8.4479e-11,-3.01707e-12,-9.81,fluid
872,3.375,6.87451,,1000,1.03295e-10,3.48521e-09,,-1.11767e-16,-0.0981,0.0981,,-1.78745e-12,1.86986e-11,-7.54793e-13,-9.81,fluid
873,3.375,7.12451,,1000,2.03573e-11,3.48521e-09,,-5.9899e-18,-0.0981,0.0981,,-1.04175e-12,3.31399e-12,-9.0978e-15,-9.81,fluid
874,3.375,7.37451,,1000,9.00645e-13,3.48521e-09,,-1.7329e-20,-0.0981,0.0981,,-5.94748e-13,1.52993e-12,4.37908e-13,-9.81,fluid
875,3.375,7.62451,,1000,1.22354e-12,3.48521e-09,,-1.2937e-21,-0.0981,0.0981,,2.23541e-14,4.9136e-12,1.05501e-12,-9.81,fluid
876,3.375,7.87451,,1000,3.33851e-12,1.74261e-09,,-4.11013e-23,-0.0981,0.0981,,4.70271e-13,6.9826e-12,9.86598e-13,-9.81,fluid
877,3.62499,0.124703,,1000.53,93.7207,4197.56,,-0.00219511,-0.042265,0.042322,,-1.46868,9.51326,-0.311352,-0.296736,fluid
878,3.625,0.37463,,1000.38,81.3214,3018.66,,-0.000767872,-0.0603383,0.0603432,,-0.94982,7.35949,-0.117406,-2.45051,fluid
879,3.625,0.624558,,1000.24,56.598,1903.5,,-0.000366393,-0.080514,0.0805148,,-0.570589,4.30588,-0.0456111,-5.50412,fluid
880,3.625,0.87453,,1000.13,33.548,1050.64,,-0.000211636,-0.0894553,0.0894555,,-0.335751,2.78159,-0.0459582,-7.02841,fluid
881,3.625,1.12452,,1000.07,17.4842,519.178,,-0.000114469,-0.0938605,0.0938606,,-0.18068,1.75666,-0.037468,-8.05334,fluid
882,3.625,1.37451,,1000.03,8.82629,237.015,,-5.27364e-05,-0.0962384,0.0962384,,-0.0888027,0.968352,-0.0234212,-8.84165,fluid
883,3.625,1.62451,,1000.01,4.25872,102.758,,-2.11542e-05,-0.0973412,0.0973412,,-0.0406643,0.47965,-0.0123176,-9.33035,fluid
884,3.625,1.87451,,1000.01,1.88688,42.91,,-8.49498e-06,-0.0978025,0.0978025,,-0.0176619,0.220224,-0.00582472,-9.58978,fluid
885,3.625,2.12451,,1000,0.781887,17.1403,,-3.37469e-06,-0.0979861,0.0979861,,-0.00734748,0.0960072,-0.00261914,-9.71399,fluid
886,3.625,2.37451,,1000,0.311533,6.51864,,-1.26175e-06,-0.0980581,0.0980581,,-0.00293114,0.0400999,-0.0011329,-9.7699,fluid
887,3.625,2.62451,,1000,0.12002,2.37912,,-4.44878e-07,-0.0980853,0.0980853,,-0.00112048,0.0160067,-0.000464174,-9.79399,fluid
888,3.625,2.87451,,1000,0.0443581,0.840324,,-1.51469e-07,-0.098095,0.098095,,-0.000411677,0.00610148,-0.000179863,-9.8039,fluid
889,3.625,3.12451,,1000,0.0157035,0.287711,,-5.04264e-08,-0.0980984,0.0980984,,-0.000146117,0.00223388,-6.67481e-05,-9.80777,fluid
890,3.625,3.37451,,1000,0.00536598,0.0953362,,-1.63077e-08,-0.0980995,0.0980995,,-5.02503e-05,0.000790517,-2.39507e-05,-9.80921,fluid
891,3.625,3.62451,,1000,0.00178101,0.0305983,,-5.09078e-09,-0.0980998,0.0980998,,-1.67547e-05,0.000270959,-8.31375e-06,-9.80973,fluid
892,3.625,3.87451,,1000,0.000574421,0.00954487,,-1.53998e-09,-0.0981,0.0981,,-5.41941e-06,8.9939e-05,-2.78635e-06,-9.80991,fluid
893,3.625,4.12451,,1000,0.000179801,0.00290168,,-4.54413e-10,-0.0981,0.0981,,-1.70369e-06,2.89387e-05,-9.03225e-07,-9.80997,fluid
894,3.625,4.37451,,1000,5.46848e-05,0.00086021,,-1.3106e-10,-0.0981,0.0981,,-5.2167e-07,9.04973e-06,-2.84371e-07,-9.80999,fluid
895,3.625,4.62451,,1000,1.62084e-05,0.000248682,,-3.68874e-11,-0.0981,0.0981,,-1.55793e-07,2.75696e-06,-8.71908e-08,-9.81,fluid
896,3.625,4.87451,,1000,4.69119e-06,7.01713e-05,,-1.01262e-11,-0.0981,0.0981,,-4.54041e-08,8.19002e-07,-2.60465e-08,-9.81,fluid
897,3.625,5.12451,,1000,1.32632e-06,1.93551e-05,,-2.71482e-12,-0.0981,0.0981,,-1.29212e-08,2.37337e-07,-7.5819e-09,-9.81,fluid
898,3.625,5.37451,,1000,3.6631e-07,5.22608e-06,,-7.12412e-13,-0.0981,0.0981,,-3.59395e-09,6.71452e-08,-2.15228e-09,-9.81,fluid
899,3.625,5.62451,,1000,9.89218e-08,1.38189e-06,,-1.8202e-13,-0.0981,0.0981,,-9.78095e-10,1.85695e-08,-5.96885e-10,-9.81,fluid
900,3.625,5.87451,,1000,2.6162e-08,3.57234e-07,,-4.58145e-14,-0.0981,0.0981,,-2.61049e-10,5.02663e-09,-1.62501e-10,-9.81,fluid
901,3.625,6.12451,,1000,6.78595e-09,9.06155e-08,,-1.16419e-14,-0.0981,0.0981,,-6.87542e-11,1.33192e-09,-4.37568e-11,-9.81,fluid
902,3.625,6.37451,,1000,1.72777e-09,2.26539e-08,,-2.47284e-15,-0.0981,0.0981,,-1.81228e-11,3.43735e-10,-1.18735e-11,-9.81,fluid
903,3.625,6.62451,,1000,4.28354e-10,6.97042e-09,,-7.2745e-16,-0.0981,0.0981,,-4.99245e-12,8.46942e-11,-3.06957e-12,-9.81,fluid
904,3.625,6.87451,,1000,1.03406e-10,3.48521e-09,,-1.04053e-16,-0.0981,0.0981,,-1.72016e-12,1.88048e-11,-7.58717e-13,-9.81,fluid
905,3.625,7.12451,,1000,2.02335e-11,3.48521e-09,,-5.57658e-18,-0.0981,0.0981,,-8.63799e-13,3.56888e-12,9.76387e-14,-9.81,fluid
906,3.625,7.37451,,1000,4.16216e-13,3.48521e-09,,-1.6127e-20,-0.0981,0.0981,,-2.45191e-13,2.06065e-12,7.16246e-13,-9.81,fluid
907,3.625,7.62451,,1000,2.87779e-13,3.48521e-09,,-1.20399e-21,-0.0981,0.0981,,3.92336e-13,5.2072e-12,1.35377e-12,-9.81,fluid
908,3.625,7.87451,,1000,2.40272e-12,1.74261e-09,,-3.82551e-23,-0.0981,0.0981,,4.53847e-13,6.6421e-12,9.34566e-13,-9.81,fluid
909,3.87499,0.124703,,1000.53,93.7613,4196.64,,-0.00205502,-0.0422702,0.0423201,,-1.37422,9.51226,-0.291788,-0.297737,fluid
910,3.875,0.37463,,1000.38,81.3496,3018.3,,-0.000718509,-0.0603432,0.0603475,,-0.88868,7.35825,-0.110063,-2.45175,fluid
911,3.875,0.624558,,1000.24,56.6088,1903.45,,-0.00034267,-0.0805157,0.0805164,,-0.533822,4.30504,-0.0427266,-5.50496,fluid
912,3.875,0.87453,,1000.13,33.5524,1050.65,,-0.000197927,-0.0894552,0.0894554,,-0.314096,2.78128,-0.0429957,-7.02872,fluid
913,3.875,1.12452,,1000.07,17.4878,519.189,,-0.000107049,-0.0938603,0.0938604,,-0.169019,1.7566,-0.0350437,-8.0534,fluid
914,3.875,1.37451,,1000.03,8.82877,237.027,,-4.93105e-05,-0.0962383,0.0962383,,-0.0830687,0.968353,-0.0219023,-8.84165,fluid
915,3.875,1.62451,,1000.01,4.25997,102.769,,-1.97755e-05,-0.0973412,0.0973412,,-0.038037,0.47966,-0.0115164,-9.33034,fluid
916,3.875,1.87451,,1000.01,1.88743,42.9165,,-7.94026e-06,-0.0978025,0.0978025,,-0.0165198,0.220236,-0.00544466,-9.58976,fluid
917,3.875,2.12451,,1000,0.782142,17.1435,,-3.15413e-06,-0.097986,0.097986,,-0.00687198,0.0960173,-0.00244786,-9.71398,fluid
918,3.875,2.37451,,1000,0.31165,6.52009,,-1.17918e-06,-0.0980581,0.0980581,,-0.0027413,0.040106,-0.0010587,-9.76989,fluid
919,3.875,2.62451,,1000,0.120069,2.37975,,-4.15718e-07,-0.0980853,0.0980853,,-0.00104786,0.0160097,-0.00043373,-9.79399,fluid
920,3.875,2.87451,,1000,0.0443777,0.840586,,-1.41524e-07,-0.098095,0.098095,,-0.000384972,0.00610286,-0.000168047,-9.8039,fluid
921,3.875,3.12451,,1000,0.0157109,0.287813,,-4.71113e-08,-0.0980984,0.0980984,,-0.00013663,0.00223448,-6.23555e-05,-9.80777,fluid
922,3.875,3.37451,,1000,0.00536872,0.0953736,,-1.52344e-08,-0.0980995,0.0980995,,-4.69848e-05,0.000790764,-2.23723e-05,-9.80921,fluid
923,3.875,3.62451,,1000,0.001782,0.0306116,,-4.75532e-09,-0.0980998,0.0980998,,-1.56649e-05,0.000271055,-7.76516e-06,-9.80973,fluid
924,3.875,3.87451,,1000,0.00057476,0.00954941,,-1.43836e-09,-0.0981,0.0981,,-5.06662e-06,8.99747e-05,-2.60225e-06,-9.80991,fluid
925,3.875,4.12451,,1000,0.000179913,0.0029032,,-4.24387e-10,-0.0981,0.0981,,-1.59268e-06,2.89514e-05,-8.4347e-07,-9.80997,fluid
926,3.875,4.37451,,1000,5.4721e-05,0.000860692,,-1.22386e-10,-0.0981,0.0981,,-4.87648e-07,9.05407e-06,-2.65534e-07,-9.80999,fluid
927,3.875,4.62451,,1000,1.62198e-05,0.00024883,,-3.44401e-11,-0.0981,0.0981,,-1.45623e-07,2.7584e-06,-8.14083e-08,-9.81,fluid
928,3.875,4.87451,,1000,4.69466e-06,7.02166e-05,,-9.45198e-12,-0.0981,0.0981,,-4.24373e-08,8.19465e-07,-2.43169e-08,-9.81,fluid
929,3.875,5.12451,,1000,1.32736e-06,1.93673e-05,,-2.53195e-12,-0.0981,0.0981,,-1.2077e-08,2.37481e-07,-7.07894e-09,-9.81,fluid
930,3.875,5.37451,,1000,3.66626e-07,5.22782e-06,,-6.64867e-13,-0.0981,0.0981,,-3.35985e-09,6.7189e-08,-2.01073e-09,-9.81,fluid
931,3.875,5.62451,,1000,9.90089e-08,1.38363e-06,,-1.69869e-13,-0.0981,0.0981,,-9.14893e-10,1.8582e-08,-5.57827e-10,-9.81,fluid
932,3.875,5.87451,,1000,2.61754e-08,3.58977e-07,,-4.27644e-14,-0.0981,0.0981,,-2.4467e-10,5.02969e-09,-1.52031e-10,-9.81,fluid
933,3.875,6.12451,,1000,6.79447e-09,9.06155e-08,,-1.08845e-14,-0.0981,0.0981,,-6.50199e-11,1.33277e-09,-4.16352e-11,-9.81,fluid
934,3.875,6.37451,,1000,1.73081e-09,2.26539e-08,,-2.31317e-15,-0.0981,0.0981,,-1.75411e-11,3.44361e-10,-1.16949e-11,-9.81,fluid
935,3.875,6.62451,,1000,4.29333e-10,6.97042e-09,,-6.80495e-16,-0.0981,0.0981,,-4.91933e-12,8.51775e-11,-3.12051e-12,-9.81,fluid
936,3.875,6.87451,,1000,1.03606e-10,3.48521e-09,,-9.73382e-17,-0.0981,0.0981,,-1.66618e-12,1.90493e-11,-7.6677e-13,-9.81,fluid
937,3.875,7.12451,,1000,2.00832e-11,3.48521e-09,,-5.21673e-18,-0.0981,0.0981,,-8.08462e-13,3.90536e-12,9.09474e-14,-9.81,fluid
938,3.875,7.37451,,1000,-2.10311e-13,3.48521e-09,,-1.50812e-20,-0.0981,0.0981,,-2.4159e-13,2.62254e-12,6.5782e-13,-9.81,fluid
939,3.875,7.62451,,1000,5.51643e-12,1.74261e-09,,-1.12595e-21,-0.0981,0.0981,,2.57616e-13,4.31985e-12,7.07321e-13,-9.81,fluid
940,3.875,7.87451,,1000,1.6357e-12,1.74261e-09,,-3.57782e-23,-0.0981,0.0981,,2.20334e-13,6.13274e-12,6.70039e-13,-9.81,fluid
941,4.12499,0.124703,,1000.53,93.7947,4195.89,,-0.00193167,-0.0422744,0.0423185,,-1.29115,9.51145,-0.274502,-0.298548,fluid
942,4.125,0.37463,,1000.38,81.3729,3018,,-0.000675103,-0.0603473,0.0603511,,-0.834925,7.35724,-0.103569,-2.45276,fluid
943,4.125,0.624558,,1000.24,56.6178,1903.41,,-0.000321838,-0.0805171,0.0805178,,-0.501503,4.30434,-0.0401813,-5.50566,fluid
944,4.125,0.87453,,1000.13,33.5561,1050.67,,-0.00018589,-0.0894551,0.0894553,,-0.295065,2.78103,-0.0403918,-7.02897,fluid
945,4.125,1.12452,,1000.07,17.4907,519.198,,-0.000100535,-0.0938602,0.0938602,,-0.158772,1.75656,-0.0329145,-8.05344,fluid
946,4.125,1.37451,,1000.03,8.83079,237.036,,-4.63045e-05,-0.0962382,0.0962382,,-0.0780305,0.968354,-0.0205689,-8.84165,fluid
947,4.125,1.62451,,1000.01,4.26099,102.777,,-1.85667e-05,-0.0973411,0.0973411,,-0.0357288,0.479668,-0.0108135,-9.33033,fluid
948,4.125,1.87451,,1000.01,1.88788,42.9218,,-7.45407e-06,-0.0978025,0.0978025,,-0.0155167,0.220246,-0.00511147,-9.58975,fluid
949,4.125,2.12451,,1000,0.782348,17.1461,,-2.96086e-06,-0.097986,0.097986,,-0.00645439,0.0960254,-0.00229777,-9.71397,fluid
950,4.125,2.37451,,1000,0.311744,6.52126,,-1.10686e-06,-0.0980581,0.0980581,,-0.00257462,0.0401109,-0.000993706,-9.76989,fluid
951,4.125,2.62451,,1000,0.12011,2.38025,,-3.90182e-07,-0.0980853,0.0980853,,-0.000984101,0.0160121,-0.00040707,-9.79399,fluid
952,4.125,2.87451,,1000,0.0443936,0.840795,,-1.32819e-07,-0.098095,0.098095,,-0.000361532,0.00610396,-0.000157703,-9.8039,fluid
953,4.125,3.12451,,1000,0.0157169,0.287894,,-4.42102e-08,-0.0980984,0.0980984,,-0.000128304,0.00223496,-5.85117e-05,-9.80777,fluid
954,4.125,3.37451,,1000,0.00537094,0.0954037,,-1.42955e-08,-0.0980995,0.0980995,,-4.41196e-05,0.000790963,-2.09915e-05,-9.80921,fluid
955,4.125,3.62451,,1000,0.00178279,0.0306222,,-4.46193e-09,-0.0980998,0.0980998,,-1.4709e-05,0.000271133,-7.28539e-06,-9.80973,fluid
956,4.125,3.87451,,1000,0.000575033,0.00955304,,-1.34952e-09,-0.0981,0.0981,,-4.75719e-06,9.00033e-05,-2.4413e-06,-9.80991,fluid
957,4.125,4.12451,,1000,0.000180004,0.0029044,,-3.98145e-10,-0.0981,0.0981,,-1.49534e-06,2.89615e-05,-7.9124e-07,-9.80997,fluid
958,4.125,4.37451,,1000,5.47501e-05,0.000861077,,-1.14811e-10,-0.0981,0.0981,,-4.57819e-07,9.05755e-06,-2.49073e-07,-9.80999,fluid
959,4.125,4.62451,,1000,1.62289e-05,0.000248952,,-3.23071e-11,-0.0981,0.0981,,-1.36708e-07,2.75955e-06,-7.63555e-08,-9.81,fluid
960,4.125,4.87451,,1000,4.69746e-06,7.02514e-05,,-8.8664e-12,-0.0981,0.0981,,-3.98376e-08,8.19835e-07,-2.2807e-08,-9.81,fluid
961,4.125,5.12451,,1000,1.32818e-06,1.93795e-05,,-2.3752e-12,-0.0981,0.0981,,-1.13376e-08,2.37595e-07,-6.63954e-09,-9.81,fluid
962,4.125,5.37451,,1000,3.66858e-07,5.23305e-06,,-6.23567e-13,-0.0981,0.0981,,-3.15473e-09,6.72244e-08,-1.88611e-09,-9.81,fluid
963,4.125,5.62451,,1000,9.90782e-08,1.38363e-06,,-1.59442e-13,-0.0981,0.0981,,-8.59212e-10,1.85925e-08,-5.23786e-10,-9.81,fluid
964,4.125,5.87451,,1000,2.61975e-08,3.58977e-07,,-4.01577e-14,-0.0981,0.0981,,-2.29588e-10,5.03224e-09,-1.42564e-10,-9.81,fluid
965,4.125,6.12451,,1000,6.78828e-09,9.23581e-08,,-1.02255e-14,-0.0981,0.0981,,-6.06781e-11,1.33352e-09,-3.82883e-11,-9.81,fluid
966,4.125,6.37451,,1000,1.72006e-09,2.43965e-08,,-2.17294e-15,-0.0981,0.0981,,-1.59597e-11,3.45082e-10,-1.00454e-11,-9.81,fluid
967,4.125,6.62451,,1000,4.30253e-10,6.97042e-09,,-6.39249e-16,-0.0981,0.0981,,-4.29586e-12,8.56707e-11,-2.60606e-12,-9.81,fluid
968,4.125,6.87451,,1000,1.03763e-10,3.48521e-09,,-9.14386e-17,-0.0981,0.0981,,-1.47161e-12,1.92191e-11,-6.26714e-13,-9.81,fluid
969,4.125,7.12451,,1000,1.99835e-11,3.48521e-09,,-4.90053e-18,-0.0981,0.0981,,-8.35854e-13,4.12082e-12,9.04625e-15,-9.81,fluid
970,4.125,7.37451,,1000,-5.90208e-13,3.48521e-09,,-1.41632e-20,-0.0981,0.0981,,-5.03011e-13,2.93012e-12,3.41889e-13,-9.81,fluid
971,4.125,7.62451,,1000,4.91187e-12,1.74261e-09,,-1.05744e-21,-0.0981,0.0981,,-2.11345e-13,4.32884e-12,2.11105e-13,-9.81,fluid
972,4.125,7.87451,,1000,1.23489e-12,1.74261e-09,,-3.36032e-23,-0.0981,0.0981,,-1.09527e-13,5.82704e-12,3.12923e-13,-9.81,fluid
973,4.37499,0.124703,,1000.53,93.8226,4195.27,,-0.00182222,-0.042278,0.0423172,,-1.21753,9.51079,-0.259125,-0.299214,fluid
974,4.375,0.37463,,1000.38,81.3923,3017.75,,-0.000636638,-0.0603507,0.060354,,-0.787296,7.3564,-0.097789,-2.4536,fluid
975,4.375,0.624558,,1000.24,56.6252,1903.38,,-0.0003034,-0.0805183,0.0805189,,-0.472872,4.30376,-0.03792,-5.50624,fluid
976,4.375,0.87453,,1000.13,33.5591,1050.67,,-0.000175237,-0.0894551,0.0894553,,-0.278207,2.78082,-0.0380854,-7.02918,fluid
977,4.375,1.12452,,1000.07,17.4931,519.205,,-9.47712e-05,-0.0938601,0.0938601,,-0.149697,1.75652,-0.0310298,-8.05348,fluid
978,4.375,1.37451,,1000.03,8.83247,237.044,,-4.36453e-05,-0.0962382,0.0962382,,-0.0735689,0.968353,-0.0193891,-8.84165,fluid
979,4.375,1.62451,,1000.01,4.26183,102.784,,-1.74978e-05,-0.0973411,0.0973411,,-0.033685,0.479674,-0.0101918,-9.33033,fluid
980,4.375,1.87451,,1000.01,1.88826,42.9261,,-7.02435e-06,-0.0978025,0.0978025,,-0.0146286,0.220254,-0.00481695,-9.58975,fluid
981,4.375,2.12451,,1000,0.782518,17.1482,,-2.79006e-06,-0.097986,0.097986,,-0.00608474,0.0960319,-0.00216516,-9.71397,fluid
982,4.375,2.37451,,1000,0.311822,6.52221,,-1.04295e-06,-0.0980581,0.0980581,,-0.00242708,0.0401148,-0.000936294,-9.76989,fluid
983,4.375,2.62451,,1000,0.120143,2.38067,,-3.67629e-07,-0.0980853,0.0980853,,-0.000927679,0.0160141,-0.000383527,-9.79399,fluid
984,4.375,2.87451,,1000,0.0444066,0.840966,,-1.25132e-07,-0.098095,0.098095,,-0.000340792,0.00610486,-0.000148571,-9.8039,fluid
985,4.375,3.12451,,1000,0.0157218,0.287961,,-4.16495e-08,-0.0980984,0.0980984,,-0.000120939,0.00223535,-5.51195e-05,-9.80776,fluid
986,4.375,3.37451,,1000,0.00537275,0.0954282,,-1.34668e-08,-0.0980995,0.0980995,,-4.15854e-05,0.000791125,-1.97732e-05,-9.80921,fluid
987,4.375,3.62451,,1000,0.00178344,0.0306308,,-4.20308e-09,-0.0980998,0.0980998,,-1.38635e-05,0.000271196,-6.8622e-06,-9.80973,fluid
988,4.375,3.87451,,1000,0.000575256,0.009556,,-1.27115e-09,-0.0981,0.0981,,-4.48359e-06,9.00266e-05,-2.29936e-06,-9.80991,fluid
989,4.375,4.12451,,1000,0.000180078,0.00290538,,-3.75005e-10,-0.0981,0.0981,,-1.40928e-06,2.89697e-05,-7.45193e-07,-9.80997,fluid
990,4.375,4.37451,,1000,5.47739e-05,0.000861391,,-1.08133e-10,-0.0981,0.0981,,-4.31453e-07,9.06038e-06,-2.34563e-07,-9.80999,fluid
991,4.375,4.62451,,1000,1.62364e-05,0.000249048,,-3.04278e-11,-0.0981,0.0981,,-1.28828e-07,2.76049e-06,-7.19024e-08,-9.81,fluid
992,4.375,4.87451,,1000,4.69974e-06,7.02793e-05,,-8.35107e-12,-0.0981,0.0981,,-3.75387e-08,8.20134e-07,-2.14748e-08,-9.81,fluid
993,4.375,5.12451,,1000,1.32883e-06,1.93917e-05,,-2.23812e-12,-0.0981,0.0981,,-1.06818e-08,2.37688e-07,-6.24939e-09,-9.81,fluid
994,4.375,5.37451,,1000,3.6706e-07,5.23479e-06,,-5.87948e-13,-0.0981,0.0981,,-2.97168e-09,6.72529e-08,-1.77516e-09,-9.81,fluid
995,4.375,5.62451,,1000,9.91261e-08,1.38537e-06,,-1.50422e-13,-0.0981,0.0981,,-8.09316e-10,1.86012e-08,-4.9266e-10,-9.81,fluid
996,4.375,5.87451,,1000,2.62149e-08,3.58977e-07,,-3.78969e-14,-0.0981,0.0981,,-2.15936e-10,5.03477e-09,-1.33884e-10,-9.81,fluid
997,4.375,6.12451,,1000,6.79304e-09,9.23581e-08,,-9.64216e-15,-0.0981,0.0981,,-5.6379e-11,1.33443e-09,-3.52685e-11,-9.81,fluid
998,4.375,6.37451,,1000,1.73452e-09,2.26539e-08,,-2.04876e-15,-0.0981,0.0981,,-1.42464e-11,3.45508e-10,-9.06839e-12,-9.81,fluid
999,4.375,6.62451,,1000,4.30168e-10,6.97042e-09,,-6.02719e-16,-0.0981,0.0981,,-3.65091e-12,8.56661e-11,-2.05767e-12,-9.81,fluid
1000,4.375,6.87451,,1000,1.03691e-10,3.48521e-09,,-8.62133e-17,-0.0981,0.0981,,-1.2816e-12,1.91464e-11,-4.84982e-13,-9.81,fluid
1001,4.375,7.12451,,1000,1.99324e-11,3.48521e-09,,-4.62047e-18,-0.0981,0.0981,,-8.27905e-13,4.14903e-12,-3.12847e-14,-9.81,fluid
1002,4.375,7.37451,,1000,-7.10202e-13,3.48521e-09,,-1.33508e-20,-0.0981,0.0981,,-6.44791e-13,3.02144e-12,1.51829e-13,-9.81,fluid
1003,4.375,7.62451,,1000,4.73657e-12,1.74261e-09,,-9.96796e-22,-0.0981,0.0981,,-4.47361e-13,4.32884e-12,-4.90511e-14,-9.81,fluid
1004,4.375,7.87451,,1000,1.11462e-12,1.74261e-09,,-3.16779e-23,-0.0981,0.0981,,-2.73791e-13,5.73572e-12,1.24519e-13,-9.81,fluid
1005,4.62499,0.124703,,1000.53,93.8461,4194.74,,-0.00172447,-0.0422809,0.0423161,,-1.15185,9.51023,-0.245363,-0.29977,fluid
1006,4.625,0.37463,,1000.38,81.4086,3017.54,,-0.000602317,-0.0603535,0.0603565,,-0.744804,7.3557,-0.0926123,-2.4543,fluid
1007,4.625,0.624558,,1000.24,56.6315,1903.34,,-0.000286963,-0.0805193,0.0805198,,-0.447332,4.30328,-0.0358981,-5.50672,fluid
1008,4.625,0.87453,,1000.13,33.5616,1050.68,,-0.000165741,-0.0894551,0.0894552,,-0.263172,2.78065,-0.0360284,-7.02935,fluid
1009,4.625,1.12452,,1000.07,17.4952,519.211,,-8.96335e-05,-0.09386,0.09386,,-0.141604,1.75649,-0.0293496,-8.05351,fluid
1010,4.625,1.37451,,1000.03,8.83387,237.05,,-4.12759e-05,-0.0962382,0.0962382,,-0.0695902,0.968353,-0.0183376,-8.84165,fluid
1011,4.625,1.62451,,1000.01,4.26254,102.79,,-1.65459e-05,-0.0973411,0.0973411,,-0.0318626,0.479679,-0.00963806,-9.33032,fluid
1012,4.625,1.87451,,1000.01,1.88857,42.9297,,-6.64173e-06,-0.0978024,0.0978024,,-0.0138368,0.22026,-0.00455471,-9.58974,fluid
1013,4.625,2.12451,,1000,0.78266,17.15,,-2.63801e-06,-0.097986,0.097986,,-0.00575521,0.0960373,-0.00204712,-9.71396,fluid
1014,4.625,2.37451,,1000,0.311887,6.52299,,-9.86075e-07,-0.0980581,0.0980581,,-0.00229558,0.0401181,-0.000885201,-9.76988,fluid
1015,4.625,2.62451,,1000,0.12017,2.38101,,-3.47559e-07,-0.0980853,0.0980853,,-0.000877392,0.0160158,-0.00036258,-9.79398,fluid
1016,4.625,2.87451,,1000,0.0444175,0.841108,,-1.18294e-07,-0.098095,0.098095,,-0.000322309,0.00610561,-0.000140448,-9.80389,fluid
1017,4.625,3.12451,,1000,0.0157259,0.288016,,-3.93717e-08,-0.0980984,0.0980984,,-0.000114376,0.00223567,-5.21028e-05,-9.80776,fluid
1018,4.625,3.37451,,1000,0.00537425,0.0954484,,-1.27299e-08,-0.0980995,0.0980995,,-3.93276e-05,0.000791258,-1.86901e-05,-9.80921,fluid
1019,4.625,3.62451,,1000,0.00178398,0.030638,,-3.97291e-09,-0.0980998,0.0980998,,-1.31104e-05,0.000271248,-6.48602e-06,-9.80973,fluid
1020,4.625,3.87451,,1000,0.000575441,0.00955844,,-1.2015e-09,-0.0981,0.0981,,-4.23991e-06,9.00457e-05,-2.17322e-06,-9.80991,fluid
1021,4.625,4.12451,,1000,0.000180139,0.00290619,,-3.54439e-10,-0.0981,0.0981,,-1.33265e-06,2.89765e-05,-7.04281e-07,-9.80997,fluid
1022,4.625,4.37451,,1000,5.47935e-05,0.000861651,,-1.02199e-10,-0.0981,0.0981,,-4.07977e-07,9.0627e-06,-2.21674e-07,-9.80999,fluid
1023,4.625,4.62451,,1000,1.62425e-05,0.000249125,,-2.87544e-11,-0.0981,0.0981,,-1.21812e-07,2.76126e-06,-6.79477e-08,-9.81,fluid
1024,4.625,4.87451,,1000,4.70159e-06,7.03072e-05,,-7.89157e-12,-0.0981,0.0981,,-3.5491e-08,8.2038e-07,-2.02894e-08,-9.81,fluid
1025,4.625,5.12451,,1000,1.3294e-06,1.93969e-05,,-2.11388e-12,-0.0981,0.0981,,-1.00971e-08,2.37763e-07,-5.9032e-09,-9.81,fluid
1026,4.625,5.37451,,1000,3.67215e-07,5.23653e-06,,-5.55387e-13,-0.0981,0.0981,,-2.809e-09,6.7275e-08,-1.67678e-09,-9.81,fluid
1027,4.625,5.62451,,1000,9.91767e-08,1.38537e-06,,-1.42159e-13,-0.0981,0.0981,,-7.65752e-10,1.86079e-08,-4.66213e-10,-9.81,fluid
1028,4.625,5.87451,,1000,2.6229e-08,3.58977e-07,,-3.58249e-14,-0.0981,0.0981,,-2.04739e-10,5.03718e-09,-1.27122e-10,-9.81,fluid
1029,4.625,6.12451,,1000,6.79637e-09,9.23581e-08,,-9.12036e-15,-0.0981,0.0981,,-5.34868e-11,1.33541e-09,-3.35175e-11,-9.81,fluid
1030,4.625,6.37451,,1000,1.73458e-09,2.26539e-08,,-1.93802e-15,-0.0981,0.0981,,-1.35594e-11,3.4574e-10,-8.66131e-12,-9.81,fluid
1031,4.625,6.62451,,1000,4.29808e-10,6.97042e-09,,-5.70138e-16,-0.0981,0.0981,,-3.51198e-12,8.55077e-11,-2.00486e-12,-9.81,fluid
1032,4.625,6.87451,,1000,1.03535e-10,3.48521e-09,,-8.1553e-17,-0.0981,0.0981,,-1.2488e-12,1.90077e-11,-4.95239e-13,-9.81,fluid
1033,4.625,7.12451,,1000,1.99097e-11,3.48521e-09,,-4.3707e-18,-0.0981,0.0981,,-7.93754e-13,4.12255e-12,-4.01949e-14,-9.81,fluid
1034,4.625,7.37451,,1000,-7.22849e-13,3.48521e-09,,-1.26267e-20,-0.0981,0.0981,,-6.36145e-13,3.03068e-12,1.17414e-13,-9.81,fluid
1035,4.625,7.62451,,1000,4.71467e-12,1.74261e-09,,-9.42744e-22,-0.0981,0.0981,,-4.67759e-13,4.32884e-12,-9.09791e-14,-9.81,fluid
1036,4.625,7.87451,,1000,1.10173e-12,1.74261e-09,,-2.99615e-23,-0.0981,0.0981,,-2.852e-13,5.72648e-12,9.15798e-14,-9.81,fluid
1037,4.87499,0.124703,,1000.53,93.8661,4194.3,,-0.00163664,-0.0422834,0.0423151,,-1.09289,9.50976,-0.232977,-0.300238,fluid
1038,4.875,0.37463,,1000.38,81.4225,3017.36,,-0.000571504,-0.0603559,0.0603586,,-0.70666,7.35511,-0.0879509,-2.45489,fluid
1039,4.875,0.624558,,1000.24,56.6368,1903.32,,-0.000272219,-0.0805202,0.0805206,,-0.424409,4.30287,-0.0340797,-5.50713,fluid
1040,4.875,0.87453,,1000.13,33.5638,1050.69,,-0.000157223,-0.089455,0.0894552,,-0.249679,2.7805,-0.0341823,-7.0295,fluid
1041,4.875,1.12452,,1000.07,17.4969,519.216,,-8.50253e-05,-0.0938599,0.0938599,,-0.134341,1.75646,-0.0278423,-8.05354,fluid
1042,4.875,1.37451,,1000.03,8.83506,237.056,,-3.91511e-05,-0.0962381,0.0962381,,-0.06602,0.968353,-0.0173947,-8.84165,fluid
1043,4.875,1.62451,,1000.01,4.26314,102.795,,-1.56926e-05,-0.097341,0.097341,,-0.0302274,0.479683,-0.0091416,-9.33032,fluid
1044,4.875,1.87451,,1000.01,1.88883,42.9327,,-6.29883e-06,-0.0978024,0.0978024,,-0.0131263,0.220265,-0.00431969,-9.58973,fluid
1045,4.875,2.12451,,1000,0.782779,17.1515,,-2.50175e-06,-0.097986,0.097986,,-0.00545959,0.0960418,-0.00194135,-9.71396,fluid
1046,4.875,2.37451,,1000,0.311942,6.52365,,-9.35112e-07,-0.0980581,0.0980581,,-0.00217761,0.0401209,-0.000839431,-9.76988,fluid
1047,4.875,2.62451,,1000,0.120194,2.38129,,-3.2958e-07,-0.0980853,0.0980853,,-0.000832288,0.0160171,-0.000343818,-9.79398,fluid
1048,4.875,2.87451,,1000,0.0444266,0.841226,,-1.12169e-07,-0.098095,0.098095,,-0.000305733,0.00610623,-0.000133174,-9.80389,fluid
1049,4.875,3.12451,,1000,0.0157293,0.288062,,-3.73319e-08,-0.0980984,0.0980984,,-0.000108492,0.00223594,-4.94019e-05,-9.80776,fluid
1050,4.875,3.37451,,1000,0.00537552,0.0954653,,-1.207e-08,-0.0980995,0.0980995,,-3.73031e-05,0.00079137,-1.77205e-05,-9.80921,fluid
1051,4.875,3.62451,,1000,0.00178443,0.0306439,,-3.76685e-09,-0.0980998,0.0980998,,-1.24353e-05,0.000271291,-6.14934e-06,-9.80973,fluid
1052,4.875,3.87451,,1000,0.000575596,0.00956048,,-1.13914e-09,-0.0981,0.0981,,-4.02146e-06,9.00618e-05,-2.06034e-06,-9.80991,fluid
1053,4.875,4.12451,,1000,0.00018019,0.00290686,,-3.36036e-10,-0.0981,0.0981,,-1.26395e-06,2.89822e-05,-6.67673e-07,-9.80997,fluid
1054,4.875,4.37451,,1000,5.48099e-05,0.000861867,,-9.68889e-11,-0.0981,0.0981,,-3.86939e-07,9.06465e-06,-2.10145e-07,-9.80999,fluid
1055,4.875,4.62451,,1000,1.62477e-05,0.000249189,,-2.72592e-11,-0.0981,0.0981,,-1.15529e-07,2.76191e-06,-6.44133e-08,-9.81,fluid
1056,4.875,4.87451,,1000,4.7032e-06,7.03211e-05,,-7.48054e-12,-0.0981,0.0981,,-3.36601e-08,8.20585e-07,-1.92352e-08,-9.81,fluid
1057,4.875,5.12451,,1000,1.32987e-06,1.94004e-05,,-2.00368e-12,-0.0981,0.0981,,-9.57662e-09,2.37824e-07,-5.59705e-09,-9.81,fluid
1058,4.875,5.37451,,1000,3.67348e-07,5.23827e-06,,-5.26387e-13,-0.0981,0.0981,,-2.66511e-09,6.7292e-08,-1.59059e-09,-9.81,fluid
1059,4.875,5.62451,,1000,9.92065e-08,1.38711e-06,,-1.34824e-13,-0.0981,0.0981,,-7.27436e-10,1.86133e-08,-4.429e-10,-9.81,fluid
1060,4.875,5.87451,,1000,2.6242e-08,3.58977e-07,,-3.40132e-14,-0.0981,0.0981,,-1.9511e-10,5.03969e-09,-1.21474e-10,-9.81,fluid
1061,4.875,6.12451,,1000,6.79976e-09,9.23581e-08,,-8.65163e-15,-0.0981,0.0981,,-5.12552e-11,1.33659e-09,-3.23099e-11,-9.81,fluid
1062,4.875,6.37451,,1000,1.73504e-09,2.26539e-08,,-1.83866e-15,-0.0981,0.0981,,-1.31653e-11,3.46061e-10,-8.51835e-12,-9.81,fluid
1063,4.875,6.62451,,1000,4.29684e-10,6.97042e-09,,-5.40903e-16,-0.0981,0.0981,,-3.48874e-12,8.54615e-11,-2.05891e-12,-9.81,fluid
1064,4.875,6.87451,,1000,1.03475e-10,3.48521e-09,,-7.73708e-17,-0.0981,0.0981,,-1.2334e-12,1.89552e-11,-5.18483e-13,-9.81,fluid
1065,4.875,7.12451,,1000,1.99072e-11,3.48521e-09,,-4.14654e-18,-0.0981,0.0981,,-7.55018e-13,4.11944e-12,-4.01027e-14,-9.81,fluid
1066,4.875,7.37451,,1000,-7.36876e-13,3.48521e-09,,-1.19772e-20,-0.0981,0.0981,,-6.03522e-13,3.03068e-12,1.11393e-13,-9.81,fluid
1067,4.875,7.62451,,1000,4.67989e-12,1.74261e-09,,-8.94261e-22,-0.0981,0.0981,,-4.43771e-13,4.32884e-12,-8.63136e-14,-9.81,fluid
1068,4.875,7.87451,,1000,1.06694e-12,1.74261e-09,,-2.84217e-23,-0.0981,0.0981,,-2.70574e-13,5.72648e-12,8.68834e-14,-9.81,fluid
1069,5.12499,0.124703,,1000.53,93.8832,4193.92,,-0.0015573,-0.0422856,0.0423142,,-1.03966,9.50936,-0.221771,-0.300637,fluid
1070,5.125,0.37463,,1000.38,81.4345,3017.21,,-0.000543687,-0.060358,0.0603604,,-0.672231,7.35461,-0.0837321,-2.45539,fluid
1071,5.125,0.624558,,1000.24,56.6414,1903.29,,-0.000258917,-0.0805209,0.0805213,,-0.40372,4.30252,-0.0324358,-5.50748,fluid
1072,5.125,0.87453,,1000.13,33.5656,1050.69,,-0.000149538,-0.089455,0.0894551,,-0.237502,2.78037,-0.0325163,-7.02963,fluid
1073,5.125,1.12452,,1000.07,17.4984,519.22,,-8.08685e-05,-0.0938598,0.0938598,,-0.127787,1.75643,-0.0264825,-8.05357,fluid
1074,5.125,1.37451,,1000.03,8.83607,237.06,,-3.72349e-05,-0.0962381,0.0962381,,-0.0627983,0.968352,-0.0165441,-8.84165,fluid
1075,5.125,1.62451,,1000.01,4.26364,102.799,,-1.49233e-05,-0.097341,0.097341,,-0.028752,0.479686,-0.00869393,-9.33031,fluid
1076,5.125,1.87451,,1000.01,1.88906,42.9352,,-5.98974e-06,-0.0978024,0.0978024,,-0.0124854,0.22027,-0.00410782,-9.58973,fluid
1077,5.125,2.12451,,1000,0.782881,17.1527,,-2.37893e-06,-0.097986,0.097986,,-0.00519289,0.0960457,-0.00184603,-9.71395,fluid
1078,5.125,2.37451,,1000,0.311988,6.52421,,-8.89182e-07,-0.0980581,0.0980581,,-0.0020712,0.0401232,-0.000798186,-9.76988,fluid
1079,5.125,2.62451,,1000,0.120213,2.38153,,-3.1338e-07,-0.0980853,0.0980853,,-0.000791603,0.0160183,-0.000326913,-9.79398,fluid
1080,5.125,2.87451,,1000,0.0444343,0.841326,,-1.06651e-07,-0.098095,0.098095,,-0.000290782,0.00610676,-0.000126621,-9.80389,fluid
1081,5.125,3.12451,,1000,0.0157322,0.288101,,-3.54944e-08,-0.0980984,0.0980984,,-0.000103184,0.00223617,-4.69692e-05,-9.80776,fluid
1082,5.125,3.37451,,1000,0.00537659,0.0954796,,-1.14756e-08,-0.0980995,0.0980995,,-3.54775e-05,0.000791464,-1.68474e-05,-9.80921,fluid
1083,5.125,3.62451,,1000,0.00178482,0.030649,,-3.58125e-09,-0.0980998,0.0980998,,-1.18265e-05,0.000271328,-5.84617e-06,-9.80973,fluid
1084,5.125,3.87451,,1000,0.000575728,0.00956221,,-1.08298e-09,-0.0981,0.0981,,-3.8245e-06,9.00753e-05,-1.9587e-06,-9.80991,fluid
1085,5.125,4.12451,,1000,0.000180233,0.00290744,,-3.19463e-10,-0.0981,0.0981,,-1.20202e-06,2.8987e-05,-6.34718e-07,-9.80997,fluid
1086,5.125,4.37451,,1000,5.48239e-05,0.000862048,,-9.211e-11,-0.0981,0.0981,,-3.67974e-07,9.06629e-06,-1.99769e-07,-9.80999,fluid
1087,5.125,4.62451,,1000,1.62521e-05,0.000249245,,-2.59158e-11,-0.0981,0.0981,,-1.09868e-07,2.76245e-06,-6.12346e-08,-9.81,fluid
1088,5.125,4.87451,,1000,4.70453e-06,7.03386e-05,,-7.11148e-12,-0.0981,0.0981,,-3.20132e-08,8.20759e-07,-1.82887e-08,-9.81,fluid
1089,5.125,5.12451,,1000,1.33027e-06,1.94039e-05,,-1.90581e-12,-0.0981,0.0981,,-9.10919e-09,2.37877e-07,-5.32306e-09,-9.81,fluid
1090,5.125,5.37451,,1000,3.67446e-07,5.2435e-06,,-5.01241e-13,-0.0981,0.0981,,-2.53428e-09,6.73073e-08,-1.51116e-09,-9.81,fluid
1091,5.125,5.62451,,1000,9.92359e-08,1.38886e-06,,-1.28648e-13,-0.0981,0.0981,,-6.90531e-10,1.86182e-08,-4.19534e-10,-9.81,fluid
1092,5.125,5.87451,,1000,2.62393e-08,3.60719e-07,,-3.25021e-14,-0.0981,0.0981,,-1.84592e-10,5.04183e-09,-1.14207e-10,-9.81,fluid
1093,5.125,6.12451,,1000,6.80268e-09,9.23581e-08,,-8.24636e-15,-0.0981,0.0981,,-4.84106e-11,1.33763e-09,-3.03895e-11,-9.81,fluid
1094,5.125,6.37451,,1000,1.73548e-09,2.26539e-08,,-1.749e-15,-0.0981,0.0981,,-1.24982e-11,3.46381e-10,-8.0779e-12,-9.81,fluid
1095,5.125,6.62451,,1000,4.29635e-10,6.97042e-09,,-5.14523e-16,-0.0981,0.0981,,-3.34358e-12,8.5505e-11,-1.9835e-12,-9.81,fluid
1096,5.125,6.87451,,1000,1.03446e-10,3.48521e-09,,-7.35968e-17,-0.0981,0.0981,,-1.17604e-12,1.89533e-11,-4.96001e-13,-9.81,fluid
1097,5.125,7.12451,,1000,1.98719e-11,3.48521e-09,,-3.94426e-18,-0.0981,0.0981,,-7.18188e-13,4.11944e-12,-3.81465e-14,-9.81,fluid
1098,5.125,7.37451,,1000,-8.77993e-13,3.48521e-09,,-1.13914e-20,-0.0981,0.0981,,-5.74082e-13,3.03068e-12,1.05959e-13,-9.81,fluid
1099,5.125,7.62451,,1000,4.41911e-12,1.74261e-09,,-8.50527e-22,-0.0981,0.0981,,-4.22124e-13,4.32884e-12,-8.21031e-14,-9.81,fluid
1100,5.125,7.87451,,1000,8.06139e-13,1.74261e-09,,-2.70326e-23,-0.0981,0.0981,,-2.57375e-13,5.72648e-12,8.26452e-14,-9.81,fluid
1101,5.37499,0.124703,,1000.53,93.898,4193.59,,-0.00148527,-0.0422874,0.0423135,,-0.991374,9.50902,-0.211587,-0.300979,fluid
1102,5.375,0.37463,,1000.38,81.4448,3017.08,,-0.000518451,-0.0603598,0.060362,,-0.640998,7.35417,-0.0798963,-2.45583,fluid
1103,5.375,0.624558,,1000.24,56.6453,1903.27,,-0.000246856,-0.0805215,0.0805219,,-0.384954,4.30221,-0.0309425,-5.50779,fluid
1104,5.375,0.87453,,1000.13,33.5672,1050.69,,-0.000142571,-0.089455,0.0894551,,-0.226457,2.78026,-0.0310051,-7.02974,fluid
1105,5.375,1.12452,,1000.07,17.4996,519.223,,-7.70997e-05,-0.0938598,0.0938598,,-0.121843,1.75641,-0.0252495,-8.05359,fluid
1106,5.375,1.37451,,1000.03,8.83695,237.064,,-3.54979e-05,-0.0962381,0.0962381,,-0.0598766,0.968351,-0.015773,-8.84165,fluid
1107,5.375,1.62451,,1000.01,4.26408,102.802,,-1.42261e-05,-0.097341,0.097341,,-0.0274139,0.479689,-0.00828817,-9.33031,fluid
1108,5.375,1.87451,,1000.01,1.88925,42.9374,,-5.70966e-06,-0.0978024,0.0978024,,-0.0119041,0.220274,-0.00391584,-9.58973,fluid
1109,5.375,2.12451,,1000,0.782968,17.1538,,-2.26766e-06,-0.097986,0.097986,,-0.00495106,0.0960489,-0.00175967,-9.71395,fluid
1110,5.375,2.37451,,1000,0.312028,6.52468,,-8.4757e-07,-0.0980581,0.0980581,,-0.00197472,0.0401252,-0.000760822,-9.76987,fluid
1111,5.375,2.62451,,1000,0.12023,2.38174,,-2.98704e-07,-0.0980853,0.0980853,,-0.000754716,0.0160193,-0.000311602,-9.79398,fluid
1112,5.375,2.87451,,1000,0.044441,0.841412,,-1.01654e-07,-0.098095,0.098095,,-0.000277228,0.00610721,-0.000120686,-9.80389,fluid
1113,5.375,3.12451,,1000,0.0157347,0.288134,,-3.38302e-08,-0.0980984,0.0980984,,-9.83727e-05,0.00223637,-4.47663e-05,-9.80776,fluid
1114,5.375,3.37451,,1000,0.00537751,0.0954918,,-1.09374e-08,-0.0980995,0.0980995,,-3.38227e-05,0.000791544,-1.60567e-05,-9.80921,fluid
1115,5.375,3.62451,,1000,0.00178514,0.0306533,,-3.4132e-09,-0.0980998,0.0980998,,-1.12746e-05,0.000271359,-5.57169e-06,-9.80973,fluid
1116,5.375,3.87451,,1000,0.00057584,0.00956367,,-1.03213e-09,-0.0981,0.0981,,-3.64599e-06,9.00869e-05,-1.8667e-06,-9.80991,fluid
1117,5.375,4.12451,,1000,0.00018027,0.00290792,,-3.04456e-10,-0.0981,0.0981,,-1.1459e-06,2.89911e-05,-6.04889e-07,-9.80997,fluid
1118,5.375,4.37451,,1000,5.48357e-05,0.000862207,,-8.77857e-11,-0.0981,0.0981,,-3.50786e-07,9.06768e-06,-1.90376e-07,-9.80999,fluid
1119,5.375,4.62451,,1000,1.62558e-05,0.000249295,,-2.47005e-11,-0.0981,0.0981,,-1.04735e-07,2.76291e-06,-5.83547e-08,-9.81,fluid
1120,5.375,4.87451,,1000,4.70563e-06,7.03577e-05,,-6.77883e-12,-0.0981,0.0981,,-3.05178e-08,8.20908e-07,-1.7428e-08,-9.81,fluid
1121,5.375,5.12451,,1000,1.33059e-06,1.94109e-05,,-1.81664e-12,-0.0981,0.0981,,-8.68268e-09,2.37925e-07,-5.07135e-09,-9.81,fluid
1122,5.375,5.37451,,1000,3.67544e-07,5.2435e-06,,-4.77355e-13,-0.0981,0.0981,,-2.41315e-09,6.73222e-08,-1.43761e-09,-9.81,fluid
1123,5.375,5.62451,,1000,9.92631e-08,1.38886e-06,,-1.22677e-13,-0.0981,0.0981,,-6.55004e-10,1.86223e-08,-3.96612e-10,-9.81,fluid
1124,5.375,5.87451,,1000,2.62451e-08,3.60719e-07,,-3.10013e-14,-0.0981,0.0981,,-1.73584e-10,5.04262e-09,-1.06473e-10,-9.81,fluid
1125,5.375,6.12451,,1000,6.80334e-09,9.23581e-08,,-7.86376e-15,-0.0981,0.0981,,-4.51549e-11,1.33764e-09,-2.7972e-11,-9.81,fluid
1126,5.375,6.37451,,1000,1.73509e-09,2.26539e-08,,-1.66767e-15,-0.0981,0.0981,,-1.16873e-11,3.46358e-10,-7.4726e-12,-9.81,fluid
1127,5.375,6.62451,,1000,4.29347e-10,6.97042e-09,,-4.90596e-16,-0.0981,0.0981,,-3.16629e-12,8.55019e-11,-1.86947e-12,-9.81,fluid
1128,5.375,6.87451,,1000,1.03347e-10,3.48521e-09,,-7.0174e-17,-0.0981,0.0981,,-1.12134e-12,1.89533e-11,-4.72931e-13,-9.81,fluid
1129,5.375,7.12451,,1000,1.97636e-11,3.48521e-09,,-3.7608e-18,-0.0981,0.0981,,-6.84784e-13,4.11944e-12,-3.63722e-14,-9.81,fluid
1130,5.375,7.37451,,1000,-1.23572e-12,3.48521e-09,,-1.08602e-20,-0.0981,0.0981,,-5.47381e-13,3.03068e-12,1.01031e-13,-9.81,fluid
1131,5.375,7.62451,,1000,3.70932e-12,1.74261e-09,,-8.10875e-22,-0.0981,0.0981,,-4.0249e-13,4.32884e-12,-7.82844e-14,-9.81,fluid
1132,5.375,7.87451,,1000,9.6344e-14,1.74261e-09,,-2.57731e-23,-0.0981,0.0981,,-2.45405e-13,5.72648e-12,7.88012e-14,-9.81,fluid
1133,5.62499,0.124703,,1000.53,93.9108,4193.3,,-0.0014196,-0.042289,0.0423129,,-0.94737,9.50873,-0.202291,-0.301275,fluid
1134,5.625,0.37463,,1000.38,81.4537,3016.97,,-0.000495452,-0.0603613,0.0603634,,-0.612538,7.35379,-0.0763941,-2.45621,fluid
1135,5.625,0.624558,,1000.24,56.6488,1903.26,,-0.00023587,-0.0805221,0.0805224,,-0.367855,4.30195,-0.02958,-5.50805,fluid
1136,5.625,0.87453,,1000.13,33.5686,1050.7,,-0.000136225,-0.0894549,0.0894551,,-0.216394,2.78016,-0.0296282,-7.02984,fluid
1137,5.625,1.12452,,1000.07,17.5007,519.226,,-7.3667e-05,-0.0938597,0.0938597,,-0.116427,1.75639,-0.0241264,-8.05361,fluid
1138,5.625,1.37451,,1000.03,8.8377,237.067,,-3.3916e-05,-0.0962381,0.0962381,,-0.0572147,0.968351,-0.0150707,-8.84165,fluid
1139,5.625,1.62451,,1000.01,4.26446,102.805,,-1.35913e-05,-0.097341,0.097341,,-0.0261949,0.479691,-0.00791868,-9.33031,fluid
1140,5.625,1.87451,,1000.01,1.88942,42.9392,,-5.45468e-06,-0.0978024,0.0978024,,-0.0113746,0.220277,-0.00374105,-9.58972,fluid
1141,5.625,2.12451,,1000,0.783043,17.1547,,-2.16636e-06,-0.097986,0.097986,,-0.00473077,0.0960517,-0.00168105,-9.71395,fluid
1142,5.625,2.37451,,1000,0.312062,6.52509,,-8.09692e-07,-0.0980581,0.0980581,,-0.00188683,0.0401269,-0.000726814,-9.76987,fluid
1143,5.625,2.62451,,1000,0.120245,2.38192,,-2.85347e-07,-0.0980853,0.0980853,,-0.000721118,0.0160201,-0.000297666,-9.79398,fluid
1144,5.625,2.87451,,1000,0.0444467,0.841486,,-9.71051e-08,-0.098095,0.098095,,-0.000264883,0.00610759,-0.000115286,-9.80389,fluid
1145,5.625,3.12451,,1000,0.0157369,0.288163,,-3.23159e-08,-0.0980984,0.0980984,,-9.39908e-05,0.00223653,-4.27618e-05,-9.80776,fluid
1146,5.625,3.37451,,1000,0.0053783,0.0955023,,-1.04476e-08,-0.0980995,0.0980995,,-3.23156e-05,0.000791614,-1.53374e-05,-9.80921,fluid
1147,5.625,3.62451,,1000,0.00178543,0.030657,,-3.26029e-09,-0.0980998,0.0980998,,-1.07721e-05,0.000271386,-5.32198e-06,-9.80973,fluid
1148,5.625,3.87451,,1000,0.000575937,0.00956495,,-9.85867e-10,-0.0981,0.0981,,-3.48344e-06,9.00968e-05,-1.783e-06,-9.80991,fluid
1149,5.625,4.12451,,1000,0.000180302,0.00290834,,-2.90802e-10,-0.0981,0.0981,,-1.09479e-06,2.89946e-05,-5.77756e-07,-9.80997,fluid
1150,5.625,4.37451,,1000,5.4846e-05,0.000862337,,-8.3849e-11,-0.0981,0.0981,,-3.35137e-07,9.06889e-06,-1.81832e-07,-9.80999,fluid
1151,5.625,4.62451,,1000,1.6259e-05,0.000249337,,-2.35964e-11,-0.0981,0.0981,,-1.0006e-07,2.76331e-06,-5.57333e-08,-9.81,fluid
1152,5.625,4.87451,,1000,4.70661e-06,7.03699e-05,,-6.47742e-12,-0.0981,0.0981,,-2.91535e-08,8.21037e-07,-1.66433e-08,-9.81,fluid
1153,5.625,5.12451,,1000,1.3309e-06,1.94126e-05,,-1.73617e-12,-0.0981,0.0981,,-8.29351e-09,2.37967e-07,-4.84237e-09,-9.81,fluid
1154,5.625,5.37451,,1000,3.67645e-07,5.24176e-06,,-4.55643e-13,-0.0981,0.0981,,-2.30433e-09,6.73357e-08,-1.37246e-09,-9.81,fluid
1155,5.625,5.62451,,1000,9.92903e-08,1.38711e-06,,-1.16784e-13,-0.0981,0.0981,,-6.24587e-10,1.86257e-08,-3.77989e-10,-9.81,fluid
1156,5.625,5.87451,,1000,2.62678e-08,3.58977e-07,,-2.94784e-14,-0.0981,0.0981,,-1.6498e-10,5.04229e-09,-1.01162e-10,-9.81,fluid
1157,5.625,6.12451,,1000,6.80916e-09,9.23581e-08,,-7.49915e-15,-0.0981,0.0981,,-4.28147e-11,1.33674e-09,-2.63955e-11,-9.81,fluid
1158,5.625,6.37451,,1000,1.74108e-09,2.26539e-08,,-1.59352e-15,-0.0981,0.0981,,-1.11577e-11,3.46022e-10,-7.13037e-12,-9.81,fluid
1159,5.625,6.62451,,1000,4.28981e-10,6.97042e-09,,-4.68787e-16,-0.0981,0.0981,,-3.06085e-12,8.54609e-11,-1.82166e-12,-9.81,fluid
1160,5.625,6.87451,,1000,1.03249e-10,3.48521e-09,,-6.70548e-17,-0.0981,0.0981,,-1.07546e-12,1.89559e-11,-4.55867e-13,-9.81,fluid
1161,5.625,7.12451,,1000,1.96548e-11,3.48521e-09,,-3.59364e-18,-0.0981,0.0981,,-6.54349e-13,4.11944e-12,-3.47556e-14,-9.81,fluid
1162,5.625,7.37451,,1000,-1.64473e-12,3.48521e-09,,-1.03764e-20,-0.0981,0.0981,,-5.23053e-13,3.03068e-12,9.65406e-14,-9.81,fluid
1163,5.625,7.62451,,1000,9.17632e-12,1.74261e-09,,-7.7476e-22,-0.0981,0.0981,,-3.84602e-13,4.32884e-12,-7.48051e-14,-9.81,fluid
1164,5.625,7.87451,,1000,3.94753e-12,1.74261e-09,,-2.46259e-23,-0.0981,0.0981,,-2.34498e-13,5.72648e-12,7.5299e-14,-9.81,fluid
1165,5.87499,0.124703,,1000.53,93.9221,4193.05,,-0.00135947,-0.0422905,0.0423123,,-0.907104,9.50847,-0.193774,-0.301532,fluid
1166,5.875,0.37463,,1000.38,81.4616,3016.87,,-0.000474405,-0.0603627,0.0603646,,-0.586496,7.35347,-0.0731841,-2.45653,fluid
1167,5.875,0.624558,,1000.24,56.6518,1903.24,,-0.000225821,-0.0805226,0.0805229,,-0.35221,4.30172,-0.0283321,-5.50828,fluid
1168,5.875,0.87453,,1000.13,33.5698,1050.7,,-0.00013042,-0.0894549,0.089455,,-0.207187,2.78008,-0.0283685,-7.02992,fluid
1169,5.875,1.12452,,1000.07,17.5017,519.228,,-7.05272e-05,-0.0938597,0.0938597,,-0.111472,1.75638,-0.0230989,-8.05362,fluid
1170,5.875,1.37451,,1000.03,8.83836,237.07,,-3.24692e-05,-0.096238,0.096238,,-0.0547794,0.96835,-0.0144284,-8.84165,fluid
1171,5.875,1.62451,,1000.01,4.26479,102.808,,-1.30108e-05,-0.097341,0.097341,,-0.0250797,0.479693,-0.00758079,-9.33031,fluid
1172,5.875,1.87451,,1000.01,1.88956,42.9408,,-5.22156e-06,-0.0978024,0.0978024,,-0.0108903,0.22028,-0.00358124,-9.58972,fluid
1173,5.875,2.12451,,1000,0.783109,17.1555,,-2.07375e-06,-0.097986,0.097986,,-0.00452926,0.0960541,-0.00160919,-9.71395,fluid
1174,5.875,2.37451,,1000,0.312092,6.52545,,-7.75065e-07,-0.0980581,0.0980581,,-0.00180644,0.0401284,-0.000695726,-9.76987,fluid
1175,5.875,2.62451,,1000,0.120258,2.38207,,-2.73137e-07,-0.0980853,0.0980853,,-0.000690387,0.0160209,-0.000284928,-9.79398,fluid
1176,5.875,2.87451,,1000,0.0444517,0.84155,,-9.29478e-08,-0.098095,0.098095,,-0.000253592,0.00610793,-0.00011035,-9.80389,fluid
1177,5.875,3.12451,,1000,0.0157387,0.288188,,-3.09318e-08,-0.0980984,0.0980984,,-8.99833e-05,0.00223668,-4.093e-05,-9.80776,fluid
1178,5.875,3.37451,,1000,0.00537899,0.0955115,,-1e-08,-0.0980995,0.0980995,,-3.09374e-05,0.000791674,-1.46801e-05,-9.80921,fluid
1179,5.875,3.62451,,1000,0.00178567,0.0306602,,-3.12057e-09,-0.0980998,0.0980998,,-1.03126e-05,0.00027141,-5.09381e-06,-9.80973,fluid
1180,5.875,3.87451,,1000,0.000576022,0.00956604,,-9.43603e-10,-0.0981,0.0981,,-3.3348e-06,9.01054e-05,-1.70653e-06,-9.80991,fluid
1181,5.875,4.12451,,1000,0.00018033,0.0029087,,-2.78331e-10,-0.0981,0.0981,,-1.04807e-06,2.89976e-05,-5.52968e-07,-9.80997,fluid
1182,5.875,4.37451,,1000,5.48549e-05,0.000862456,,-8.02513e-11,-0.0981,0.0981,,-3.20828e-07,9.06993e-06,-1.74027e-07,-9.80999,fluid
1183,5.875,4.62451,,1000,1.62617e-05,0.000249376,,-2.25843e-11,-0.0981,0.0981,,-9.57857e-08,2.76366e-06,-5.33388e-08,-9.81,fluid
1184,5.875,4.87451,,1000,4.70746e-06,7.03786e-05,,-6.20141e-12,-0.0981,0.0981,,-2.79078e-08,8.21148e-07,-1.59284e-08,-9.81,fluid
1185,5.875,5.12451,,1000,1.33114e-06,1.94161e-05,,-1.66317e-12,-0.0981,0.0981,,-7.93972e-09,2.38002e-07,-4.63485e-09,-9.81,fluid
1186,5.875,5.37451,,1000,3.67708e-07,5.2435e-06,,-4.36355e-13,-0.0981,0.0981,,-2.20704e-09,6.73473e-08,-1.31452e-09,-9.81,fluid
1187,5.875,5.62451,,1000,9.93225e-08,1.38537e-06,,-1.11641e-13,-0.0981,0.0981,,-5.99049e-10,1.86289e-08,-3.63241e-10,-9.81,fluid
1188,5.875,5.87451,,1000,2.62638e-08,3.58977e-07,,-2.81542e-14,-0.0981,0.0981,,-1.58812e-10,5.04191e-09,-9.77099e-11,-9.81,fluid
1189,5.875,6.12451,,1000,6.80245e-09,9.23581e-08,,-7.17689e-15,-0.0981,0.0981,,-4.15464e-11,1.33589e-09,-2.58258e-11,-9.81,fluid
1190,5.875,6.37451,,1000,1.73435e-09,2.26539e-08,,-1.52567e-15,-0.0981,0.0981,,-1.10494e-11,3.45737e-10,-7.19344e-12,-9.81,fluid
1191,5.875,6.62451,,1000,4.29124e-10,6.97042e-09,,-4.48832e-16,-0.0981,0.0981,,-3.13023e-12,8.55293e-11,-1.94377e-12,-9.81,fluid
1192,5.875,6.87451,,1000,1.03286e-10,3.48521e-09,,-6.4201e-17,-0.0981,0.0981,,-1.09207e-12,1.90195e-11,-4.98846e-13,-9.81,fluid
1193,5.875,7.12451,,1000,1.9622e-11,3.48521e-09,,-3.44071e-18,-0.0981,0.0981,,-6.29029e-13,4.12323e-12,-3.58018e-14,-9.81,fluid
1194,5.875,7.37451,,1000,-1.73465e-12,3.48521e-09,,-9.93395e-21,-0.0981,0.0981,,-5.00795e-13,3.03068e-12,9.24325e-14,-9.81,fluid
1195,5.875,7.62451,,1000,2.73875e-12,1.74261e-09,,-7.41727e-22,-0.0981,0.0981,,-3.68236e-13,4.32884e-12,-7.16219e-14,-9.81,fluid
1196,5.875,7.87451,,1000,-8.74248e-13,1.74261e-09,,-2.35765e-23,-0.0981,0.0981,,-2.24519e-13,5.72648e-12,7.20948e-14,-9.81,fluid
1197,6.12499,0.124703,,1000.53,93.932,4192.83,,-0.00130422,-0.0422917,0.0423118,,-0.87012,9.50824,-0.185941,-0.301758,fluid
1198,6.125,0.37463,,1000.38,81.4685,3016.78,,-0.000455073,-0.0603639,0.0603656,,-0.562578,7.35318,-0.0702314,-2.45682,fluid
1199,6.125,0.624558,,1000.24,56.6544,1903.23,,-0.000216593,-0.080523,0.0805233,,-0.337841,4.30152,-0.0271847,-5.50848,fluid
1200,6.125,0.87453,,1000.13,33.5708,1050.7,,-0.00012509,-0.0894549,0.089455,,-0.198732,2.78001,-0.0272114,-7.02999,fluid
1201,6.125,1.12452,,1000.07,17.5025,519.23,,-6.76444e-05,-0.0938596,0.0938596,,-0.106922,1.75636,-0.0221555,-8.05364,fluid
1202,6.125,1.37451,,1000.03,8.83894,237.072,,-3.11411e-05,-0.096238,0.096238,,-0.0525431,0.968349,-0.0138386,-8.84165,fluid
1203,6.125,1.62451,,1000.01,4.26508,102.81,,-1.2478e-05,-0.097341,0.097341,,-0.0240557,0.479695,-0.0072706,-9.33031,fluid
1204,6.125,1.87451,,1000.01,1.88969,42.9423,,-5.00759e-06,-0.0978024,0.0978024,,-0.0104455,0.220282,-0.00343456,-9.58972,fluid
1205,6.125,2.12451,,1000,0.783167,17.1562,,-1.98875e-06,-0.097986,0.097986,,-0.00434423,0.0960563,-0.00154323,-9.71394,fluid
1206,6.125,2.37451,,1000,0.312119,6.52576,,-7.43287e-07,-0.0980581,0.0980581,,-0.00173263,0.0401297,-0.000667196,-9.76987,fluid
1207,6.125,2.62451,,1000,0.120269,2.38221,,-2.61932e-07,-0.0980853,0.0980853,,-0.000662171,0.0160215,-0.000273239,-9.79398,fluid
1208,6.125,2.87451,,1000,0.0444561,0.841606,,-8.9133e-08,-0.098095,0.098095,,-0.000243226,0.00610823,-0.000105821,-9.80389,fluid
1209,6.125,3.12451,,1000,0.0157404,0.28821,,-2.96619e-08,-0.0980984,0.0980984,,-8.63039e-05,0.00223681,-3.92492e-05,-9.80776,fluid
1210,6.125,3.37451,,1000,0.00537959,0.0955195,,-9.58933e-09,-0.0980995,0.0980995,,-2.96721e-05,0.000791727,-1.4077e-05,-9.80921,fluid
1211,6.125,3.62451,,1000,0.00178589,0.030663,,-2.99238e-09,-0.0980998,0.0980998,,-9.8907e-06,0.00027143,-4.88449e-06,-9.80973,fluid
1212,6.125,3.87451,,1000,0.000576095,0.00956701,,-9.04835e-10,-0.0981,0.0981,,-3.19834e-06,9.0113e-05,-1.63638e-06,-9.80991,fluid
1213,6.125,4.12451,,1000,0.000180355,0.00290902,,-2.66895e-10,-0.0981,0.0981,,-1.00517e-06,2.90003e-05,-5.3023e-07,-9.80997,fluid
1214,6.125,4.37451,,1000,5.48627e-05,0.000862557,,-7.69517e-11,-0.0981,0.0981,,-3.07694e-07,9.07084e-06,-1.66868e-07,-9.80999,fluid
1215,6.125,4.62451,,1000,1.62642e-05,0.000249402,,-2.16548e-11,-0.0981,0.0981,,-9.18641e-08,2.76396e-06,-5.11455e-08,-9.81,fluid
1216,6.125,4.87451,,1000,4.70819e-06,7.03891e-05,,-5.94464e-12,-0.0981,0.0981,,-2.6766e-08,8.21244e-07,-1.52739e-08,-9.81,fluid
1217,6.125,5.12451,,1000,1.33136e-06,1.94196e-05,,-1.59432e-12,-0.0981,0.0981,,-7.61528e-09,2.38033e-07,-4.44473e-09,-9.81,fluid
1218,6.125,5.37451,,1000,3.67769e-07,5.24524e-06,,-4.18301e-13,-0.0981,0.0981,,-2.1169e-09,6.73573e-08,-1.26054e-09,-9.81,fluid
1219,6.125,5.62451,,1000,9.93403e-08,1.38537e-06,,-1.07031e-13,-0.0981,0.0981,,-5.75111e-10,1.86316e-08,-3.48928e-10,-9.81,fluid
1220,6.125,5.87451,,1000,2.62744e-08,3.58977e-07,,-2.7001e-14,-0.0981,0.0981,,-1.52978e-10,5.04183e-09,-9.4369e-11,-9.81,fluid
1221,6.125,6.12451,,1000,6.81017e-09,9.23581e-08,,-6.88386e-15,-0.0981,0.0981,,-4.03209e-11,1.33535e-09,-2.5242e-11,-9.81,fluid
1222,6.125,6.37451,,1000,1.742e-09,2.26539e-08,,-1.46337e-15,-0.0981,0.0981,,-1.09449e-11,3.45646e-10,-7.24626e-12,-9.81,fluid
1223,6.125,6.62451,,1000,4.29626e-10,6.97042e-09,,-4.30509e-16,-0.0981,0.0981,,-3.1666e-12,8.57669e-11,-2.02857e-12,-9.81,fluid
1224,6.125,6.87451,,1000,1.03461e-10,3.48521e-09,,-6.15805e-17,-0.0981,0.0981,,-1.09625e-12,1.91725e-11,-5.2724e-13,-9.81,fluid
1225,6.125,7.12451,,1000,1.96443e-11,3.48521e-09,,-3.30027e-18,-0.0981,0.0981,,-6.12534e-13,4.15424e-12,-4.35193e-14,-9.81,fluid
1226,6.125,7.37451,,1000,-1.80004e-12,3.48521e-09,,-9.52768e-21,-0.0981,0.0981,,-4.80354e-13,3.03068e-12,8.86598e-14,-9.81,fluid
1227,6.125,7.62451,,1000,8.88074e-12,1.74261e-09,,-7.11398e-22,-0.0981,0.0981,,-3.53206e-13,4.32884e-12,-6.86985e-14,-9.81,fluid
1228,6.125,7.87451,,1000,3.65193e-12,1.74261e-09,,-2.26129e-23,-0.0981,0.0981,,-2.15355e-13,5.72648e-12,6.91521e-14,-9.81,fluid
1229,6.375,0.124703,,1000.53,93.9408,4192.64,,-0.00125328,-0.0422928,0.0423114,,-0.836032,9.50804,-0.178713,-0.301957,fluid
1230,6.375,0.37463,,1000.38,81.4746,3016.7,,-0.000437253,-0.060365,0.0603665,,-0.540533,7.35292,-0.0675064,-2.45708,fluid
1231,6.375,0.624558,,1000.24,56.6568,1903.22,,-0.000208091,-0.0805234,0.0805236,,-0.324598,4.30134,-0.0261264,-5.50866,fluid
1232,6.375,0.87453,,1000.13,33.5718,1050.7,,-0.000120179,-0.0894549,0.089455,,-0.190939,2.77994,-0.0261451,-7.03006,fluid
1233,6.375,1.12452,,1000.07,17.5033,519.232,,-6.49882e-05,-0.0938596,0.0938596,,-0.102729,1.75635,-0.0212861,-8.05365,fluid
1234,6.375,1.37451,,1000.03,8.83945,237.074,,-2.99174e-05,-0.096238,0.096238,,-0.0504822,0.968349,-0.0132952,-8.84165,fluid
1235,6.375,1.62451,,1000.01,4.26534,102.812,,-1.19872e-05,-0.097341,0.097341,,-0.023112,0.479696,-0.00698484,-9.3303,fluid
1236,6.375,1.87451,,1000.01,1.8898,42.9435,,-4.81051e-06,-0.0978024,0.0978024,,-0.0100356,0.220284,-0.00329944,-9.58972,fluid
1237,6.375,2.12451,,1000,0.783218,17.1568,,-1.91046e-06,-0.097986,0.097986,,-0.00417373,0.0960581,-0.00148248,-9.71394,fluid
1238,6.375,2.37451,,1000,0.312142,6.52604,,-7.14017e-07,-0.0980581,0.0980581,,-0.00166461,0.0401308,-0.00064092,-9.76987,fluid
1239,6.375,2.62451,,1000,0.120279,2.38232,,-2.51613e-07,-0.0980853,0.0980853,,-0.000636172,0.0160221,-0.000262474,-9.79398,fluid
1240,6.375,2.87451,,1000,0.0444599,0.841655,,-8.56199e-08,-0.098095,0.098095,,-0.000233674,0.00610848,-0.00010165,-9.80389,fluid
1241,6.375,3.12451,,1000,0.0157418,0.288229,,-2.84924e-08,-0.0980984,0.0980984,,-8.2914e-05,0.00223692,-3.77016e-05,-9.80776,fluid
1242,6.375,3.37451,,1000,0.00538013,0.0955265,,-9.21117e-09,-0.0980995,0.0980995,,-2.85063e-05,0.000791773,-1.35218e-05,-9.80921,fluid
1243,6.375,3.62451,,1000,0.00178608,0.0306655,,-2.87435e-09,-0.0980998,0.0980998,,-9.50203e-06,0.000271448,-4.69176e-06,-9.80973,fluid
1244,6.375,3.87451,,1000,0.00057616,0.00956785,,-8.69133e-10,-0.0981,0.0981,,-3.07264e-06,9.01196e-05,-1.5718e-06,-9.80991,fluid
1245,6.375,4.12451,,1000,0.000180376,0.0029093,,-2.5636e-10,-0.0981,0.0981,,-9.65655e-07,2.90026e-05,-5.09294e-07,-9.80997,fluid
1246,6.375,4.37451,,1000,5.48695e-05,0.000862648,,-7.39132e-11,-0.0981,0.0981,,-2.95594e-07,9.07164e-06,-1.60276e-07,-9.80999,fluid
1247,6.375,4.62451,,1000,1.62663e-05,0.000249433,,-2.07974e-11,-0.0981,0.0981,,-8.82512e-08,2.76422e-06,-4.91244e-08,-9.81,fluid
1248,6.375,4.87451,,1000,4.70883e-06,7.03978e-05,,-5.70771e-12,-0.0981,0.0981,,-2.57136e-08,8.21329e-07,-1.46708e-08,-9.81,fluid
1249,6.375,5.12451,,1000,1.33154e-06,1.94231e-05,,-1.52987e-12,-0.0981,0.0981,,-7.31559e-09,2.38061e-07,-4.26884e-09,-9.81,fluid
1250,6.375,5.37451,,1000,3.67837e-07,5.2435e-06,,-4.01241e-13,-0.0981,0.0981,,-2.03341e-09,6.73661e-08,-1.2109e-09,-9.81,fluid
1251,6.375,5.62451,,1000,9.93565e-08,1.38537e-06,,-1.02728e-13,-0.0981,0.0981,,-5.52605e-10,1.86335e-08,-3.35291e-10,-9.81,fluid
1252,6.375,5.87451,,1000,2.62716e-08,3.58977e-07,,-2.59328e-14,-0.0981,0.0981,,-1.47133e-10,5.0418e-09,-9.08225e-11,-9.81,fluid
1253,6.375,6.12451,,1000,6.80488e-09,9.23581e-08,,-6.61383e-15,-0.0981,0.0981,,-3.86787e-11,1.335e-09,-2.41911e-11,-9.81,fluid
1254,6.375,6.37451,,1000,1.72279e-09,2.43965e-08,,-1.40598e-15,-0.0981,0.0981,,-1.02745e-11,3.45641e-10,-6.44764e-12,-9.81,fluid
1255,6.375,6.62451,,1000,4.3035e-10,6.97042e-09,,-4.13626e-16,-0.0981,0.0981,,-2.903e-12,8.60373e-11,-1.8096e-12,-9.81,fluid
1256,6.375,6.87451,,1000,1.03644e-10,3.48521e-09,,-5.91655e-17,-0.0981,0.0981,,-1.0112e-12,1.93224e-11,-4.64503e-13,-9.81,fluid
1257,6.375,7.12451,,1000,1.96673e-11,3.48521e-09,,-3.17084e-18,-0.0981,0.0981,,-5.79876e-13,4.18008e-12,-3.31763e-14,-9.81,fluid
1258,6.375,7.37451,,1000,-1.73446e-12,3.48521e-09,,-9.15338e-21,-0.0981,0.0981,,-4.61517e-13,3.03068e-12,8.51829e-14,-9.81,fluid
1259,6.375,7.62451,,1000,2.73876e-12,1.74261e-09,,-6.83454e-22,-0.0981,0.0981,,-3.39354e-13,4.32884e-12,-6.60045e-14,-9.81,fluid
1260,6.375,7.87451,,1000,-8.74248e-13,1.74261e-09,,-2.17251e-23,-0.0981,0.0981,,-2.0691e-13,5.72648e-12,6.64403e-14,-9.81,fluid
1261,6.625,0.124703,,1000.53,93.9486,4192.46,,-0.00120616,-0.0422938,0.042311,,-0.804512,9.50787,-0.172025,-0.302134,fluid
1262,6.625,0.37463,,1000.38,81.48,3016.63,,-0.000420776,-0.0603659,0.0603674,,-0.52015,7.3527,-0.0649839,-2.4573,fluid
1263,6.625,0.624558,,1000.24,56.6589,1903.21,,-0.000200231,-0.0805237,0.0805239,,-0.312354,4.30118,-0.0251471,-5.50882,fluid
1264,6.625,0.87453,,1000.13,33.5726,1050.71,,-0.000115639,-0.0894549,0.089455,,-0.183735,2.77988,-0.0251591,-7.03012,fluid
1265,6.625,1.12452,,1000.07,17.5039,519.234,,-6.25328e-05,-0.0938596,0.0938596,,-0.0988522,1.75634,-0.0204825,-8.05366,fluid
1266,6.625,1.37451,,1000.03,8.83991,237.076,,-2.87864e-05,-0.096238,0.096238,,-0.0485768,0.968348,-0.0127929,-8.84165,fluid
1267,6.625,1.62451,,1000.01,4.26557,102.814,,-1.15336e-05,-0.097341,0.097341,,-0.0222396,0.479698,-0.00672072,-9.3303,fluid
1268,6.625,1.87451,,1000.01,1.8899,42.9446,,-4.62838e-06,-0.0978023,0.0978023,,-0.00965674,0.220286,-0.00317457,-9.58971,fluid
1269,6.625,2.12451,,1000,0.783263,17.1574,,-1.83811e-06,-0.0979859,0.0979859,,-0.00401612,0.0960598,-0.00142634,-9.71394,fluid
1270,6.625,2.37451,,1000,0.312162,6.52628,,-6.86971e-07,-0.0980581,0.0980581,,-0.00160174,0.0401318,-0.00061664,-9.76987,fluid
1271,6.625,2.62451,,1000,0.120287,2.38243,,-2.42078e-07,-0.0980853,0.0980853,,-0.000612139,0.0160226,-0.000252528,-9.79398,fluid
1272,6.625,2.87451,,1000,0.0444634,0.841699,,-8.2374e-08,-0.098095,0.098095,,-0.000224845,0.00610871,-9.7796e-05,-9.80389,fluid
1273,6.625,3.12451,,1000,0.0157431,0.288246,,-2.74119e-08,-0.0980984,0.0980984,,-7.97805e-05,0.00223702,-3.62717e-05,-9.80776,fluid
1274,6.625,3.37451,,1000,0.0053806,0.0955327,,-8.86179e-09,-0.0980995,0.0980995,,-2.74288e-05,0.000791814,-1.30088e-05,-9.80921,fluid
1275,6.625,3.62451,,1000,0.00178625,0.0306677,,-2.7653e-09,-0.0980998,0.0980998,,-9.1428e-06,0.000271464,-4.51371e-06,-9.80973,fluid
1276,6.625,3.87451,,1000,0.000576218,0.0095686,,-8.3615e-10,-0.0981,0.0981,,-2.95645e-06,9.01255e-05,-1.51213e-06,-9.80991,fluid
1277,6.625,4.12451,,1000,0.000180395,0.00290955,,-2.4663e-10,-0.0981,0.0981,,-9.29133e-07,2.90047e-05,-4.89957e-07,-9.80997,fluid
1278,6.625,4.37451,,1000,5.48757e-05,0.000862719,,-7.11064e-11,-0.0981,0.0981,,-2.84411e-07,9.07235e-06,-1.5419e-07,-9.80999,fluid
1279,6.625,4.62451,,1000,1.62682e-05,0.000249459,,-2.00049e-11,-0.0981,0.0981,,-8.49104e-08,2.76445e-06,-4.72562e-08,-9.81,fluid
1280,6.625,4.87451,,1000,4.70939e-06,7.04083e-05,,-5.48862e-12,-0.0981,0.0981,,-2.47388e-08,8.21403e-07,-1.41111e-08,-9.81,fluid
1281,6.625,5.12451,,1000,1.33172e-06,1.94231e-05,,-1.47056e-12,-0.0981,0.0981,,-7.03821e-09,2.38085e-07,-4.10642e-09,-9.81,fluid
1282,6.625,5.37451,,1000,3.67898e-07,5.2435e-06,,-3.85714e-13,-0.0981,0.0981,,-1.95726e-09,6.73734e-08,-1.16578e-09,-9.81,fluid
1283,6.625,5.62451,,1000,9.93712e-08,1.38537e-06,,-9.8834e-14,-0.0981,0.0981,,-5.32685e-10,1.86353e-08,-3.23573e-10,-9.81,fluid
1284,6.625,5.87451,,1000,2.62821e-08,3.58977e-07,,-2.49577e-14,-0.0981,0.0981,,-1.42049e-10,5.04214e-09,-8.78642e-11,-9.81,fluid
1285,6.625,6.12451,,1000,6.81267e-09,9.23581e-08,,-6.36421e-15,-0.0981,0.0981,,-3.71561e-11,1.33505e-09,-2.32152e-11,-9.81,fluid
1286,6.625,6.37451,,1000,1.74369e-09,2.26539e-08,,-1.35292e-15,-0.0981,0.0981,,-9.61705e-12,3.45648e-10,-6.19759e-12,-9.81,fluid
1287,6.625,6.62451,,1000,4.30549e-10,6.97042e-09,,-3.98018e-16,-0.0981,0.0981,,-2.60223e-12,8.60688e-11,-1.55009e-12,-9.81,fluid
1288,6.625,6.87451,,1000,1.03743e-10,3.48521e-09,,-5.69328e-17,-0.0981,0.0981,,-9.17621e-13,1.93695e-11,-3.91551e-13,-9.81,fluid
1289,6.625,7.12451,,1000,1.97106e-11,3.48521e-09,,-3.05118e-18,-0.0981,0.0981,,-5.60306e-13,4.18373e-12,-3.42365e-14,-9.81,fluid
1290,6.625,7.37451,,1000,-1.63013e-12,3.48521e-09,,-8.8074e-21,-0.0981,0.0981,,-4.8521e-13,3.01568e-12,4.08593e-14,-9.81,fluid
1291,6.625,7.62451,,1000,9.21115e-12,1.74261e-09,,-6.57624e-22,-0.0981,0.0981,,-4.27088e-13,4.31643e-12,-1.64053e-13,-9.81,fluid
1292,6.625,7.87451,,1000,3.98233e-12,1.74261e-09,,-2.09044e-23,-0.0981,0.0981,,-2.99641e-13,5.73889e-12,-3.66064e-14,-9.81,fluid
1293,6.875,0.124703,,1000.53,93.9555,4192.31,,-0.00116245,-0.0422946,0.0423106,,-0.775282,9.50771,-0.165816,-0.302291,fluid
1294,6.875,0.37463,,1000.38,81.4849,3016.57,,-0.000405494,-0.0603667,0.0603681,,-0.501248,7.35249,-0.0626423,-2.45751,fluid
1295,6.875,0.624558,,1000.24,56.6607,1903.2,,-0.000192944,-0.080524,0.0805242,,-0.301,4.30104,-0.0242384,-5.50896,fluid
1296,6.875,0.87453,,1000.13,33.5733,1050.71,,-0.00011143,-0.0894549,0.089455,,-0.177055,2.77983,-0.0242448,-7.03017,fluid
1297,6.875,1.12452,,1000.07,17.5045,519.235,,-6.02564e-05,-0.0938595,0.0938595,,-0.0952574,1.75633,-0.0197373,-8.05367,fluid
1298,6.875,1.37451,,1000.03,8.84031,237.078,,-2.77378e-05,-0.096238,0.096238,,-0.0468101,0.968348,-0.0123272,-8.84165,fluid
1299,6.875,1.62451,,1000.01,4.26577,102.815,,-1.11131e-05,-0.0973409,0.0973409,,-0.0214306,0.479699,-0.00647587,-9.3303,fluid
1300,6.875,1.87451,,1000.01,1.88999,42.9456,,-4.45956e-06,-0.0978023,0.0978023,,-0.00930542,0.220288,-0.00305882,-9.58971,fluid
1301,6.875,2.12451,,1000,0.783303,17.1578,,-1.77105e-06,-0.0979859,0.0979859,,-0.00386998,0.0960612,-0.0013743,-9.71394,fluid
1302,6.875,2.37451,,1000,0.312181,6.5265,,-6.61903e-07,-0.0980581,0.0980581,,-0.00154344,0.0401327,-0.000594137,-9.76987,fluid
1303,6.875,2.62451,,1000,0.120295,2.38252,,-2.33241e-07,-0.0980853,0.0980853,,-0.000589858,0.016023,-0.000243309,-9.79398,fluid
1304,6.875,2.87451,,1000,0.0444664,0.841738,,-7.93658e-08,-0.098095,0.098095,,-0.000216659,0.00610892,-9.42246e-05,-9.80389,fluid
1305,6.875,3.12451,,1000,0.0157442,0.288261,,-2.64106e-08,-0.0980984,0.0980984,,-7.68755e-05,0.00223711,-3.49466e-05,-9.80776,fluid
1306,6.875,3.37451,,1000,0.00538102,0.0955383,,-8.53801e-09,-0.0980995,0.0980995,,-2.64299e-05,0.00079185,-1.25334e-05,-9.80921,fluid
1307,6.875,3.62451,,1000,0.0017864,0.0306696,,-2.66424e-09,-0.0980998,0.0980998,,-8.80977e-06,0.000271478,-4.34873e-06,-9.80973,fluid
1308,6.875,3.87451,,1000,0.000576269,0.00956927,,-8.05582e-10,-0.0981,0.0981,,-2.84874e-06,9.01307e-05,-1.45685e-06,-9.80991,fluid
1309,6.875,4.12451,,1000,0.000180412,0.00290977,,-2.37612e-10,-0.0981,0.0981,,-8.9528e-07,2.90066e-05,-4.72041e-07,-9.80997,fluid
1310,6.875,4.37451,,1000,5.4881e-05,0.00086279,,-6.85082e-11,-0.0981,0.0981,,-2.74048e-07,9.07298e-06,-1.48551e-07,-9.80999,fluid
1311,6.875,4.62451,,1000,1.62699e-05,0.000249478,,-1.92728e-11,-0.0981,0.0981,,-8.18151e-08,2.76466e-06,-4.55273e-08,-9.81,fluid
1312,6.875,4.87451,,1000,4.70993e-06,7.04135e-05,,-5.28658e-12,-0.0981,0.0981,,-2.38352e-08,8.21469e-07,-1.35932e-08,-9.81,fluid
1313,6.875,5.12451,,1000,1.33187e-06,1.94266e-05,,-1.41603e-12,-0.0981,0.0981,,-6.78073e-09,2.38104e-07,-3.95505e-09,-9.81,fluid
1314,6.875,5.37451,,1000,3.67927e-07,5.24524e-06,,-3.71609e-13,-0.0981,0.0981,,-1.88641e-09,6.7379e-08,-1.12346e-09,-9.81,fluid
1315,6.875,5.62451,,1000,9.93856e-08,1.38537e-06,,-9.52617e-14,-0.0981,0.0981,,-5.14276e-10,1.86372e-08,-3.12767e-10,-9.81,fluid
1316,6.875,5.87451,,1000,2.62797e-08,3.58977e-07,,-2.40515e-14,-0.0981,0.0981,,-1.37538e-10,5.04305e-09,-8.5323e-11,-9.81,fluid
1317,6.875,6.12451,,1000,6.8077e-09,9.23581e-08,,-6.13277e-15,-0.0981,0.0981,,-3.59345e-11,1.33549e-09,-2.25005e-11,-9.81,fluid
1318,6.875,6.37451,,1000,1.72415e-09,2.43965e-08,,-1.30372e-15,-0.0981,0.0981,,-9.0852e-12,3.45745e-10,-5.53663e-12,-9.81,fluid
1319,6.875,6.62451,,1000,4.30917e-10,6.97042e-09,,-3.83544e-16,-0.0981,0.0981,,-2.33037e-12,8.60377e-11,-1.31649e-12,-9.81,fluid
1320,6.875,6.87451,,1000,1.038e-10,3.48521e-09,,-5.48625e-17,-0.0981,0.0981,,-8.26512e-13,1.9312e-11,-3.19572e-13,-9.81,fluid
1321,6.875,7.12451,,1000,1.98523e-11,3.48521e-09,,-2.94022e-18,-0.0981,0.0981,,-6.04996e-13,4.10782e-12,-9.80564e-14,-9.81,fluid
1322,6.875,7.37451,,1000,-1.06675e-12,3.48521e-09,,-8.48664e-21,-0.0981,0.0981,,-7.53693e-13,2.84129e-12,-2.46753e-13,-9.81,fluid
1323,6.875,7.62451,,1000,4.02687e-12,1.74261e-09,,-6.33677e-22,-0.0981,0.0981,,-9.26408e-13,4.21722e-12,-6.72938e-13,-9.81,fluid
1324,6.875,7.87451,,1000,4.04825e-13,1.74261e-09,,-2.01434e-23,-0.0981,0.0981,,-7.776e-13,5.85047e-12,-5.2413e-13,-9.81,fluid
1325,7.125,0.124703,,1000.53,93.9618,4192.17,,-0.00112179,-0.0422954,0.0423103,,-0.748101,9.50757,-0.160039,-0.302431,fluid
1326,7.125,0.37463,,1000.38,81.4892,3016.51,,-0.000391284,-0.0603675,0.0603688,,-0.483671,7.35231,-0.0604629,-2.45769,fluid
1327,7.125,0.624558,,1000.24,56.6624,1903.19,,-0.000186169,-0.0805243,0.0805245,,-0.290442,4.30091,-0.0233929,-5.50909,fluid
1328,7.125,0.87453,,1000.13,33.574,1050.71,,-0.000107517,-0.0894549,0.0894549,,-0.170843,2.77979,-0.0233947,-7.03021,fluid
1329,7.125,1.12452,,1000.07,17.505,519.236,,-5.814e-05,-0.0938595,0.0938595,,-0.0919149,1.75632,-0.0190445,-8.05368,fluid
1330,7.125,1.37451,,1000.03,8.84068,237.079,,-2.6763e-05,-0.096238,0.096238,,-0.0451675,0.968348,-0.0118942,-8.84165,fluid
1331,7.125,1.62451,,1000.01,4.26595,102.817,,-1.07223e-05,-0.0973409,0.0973409,,-0.0206785,0.4797,-0.00624826,-9.3303,fluid
1332,7.125,1.87451,,1000.01,1.89007,42.9465,,-4.30264e-06,-0.0978023,0.0978023,,-0.00897877,0.22029,-0.00295123,-9.58971,fluid
1333,7.125,2.12451,,1000,0.783339,17.1583,,-1.70873e-06,-0.0979859,0.0979859,,-0.00373411,0.0960625,-0.00132594,-9.71394,fluid
1334,7.125,2.37451,,1000,0.312197,6.52669,,-6.38603e-07,-0.0980581,0.0980581,,-0.00148925,0.0401335,-0.000573221,-9.76987,fluid
1335,7.125,2.62451,,1000,0.120302,2.38261,,-2.25028e-07,-0.0980853,0.0980853,,-0.000569142,0.0160234,-0.000234741,-9.79398,fluid
1336,7.125,2.87451,,1000,0.0444691,0.841772,,-7.65701e-08,-0.098095,0.098095,,-0.000209049,0.0061091,-9.09055e-05,-9.80389,fluid
1337,7.125,3.12451,,1000,0.0157453,0.288275,,-2.548e-08,-0.0980984,0.0980984,,-7.41748e-05,0.00223719,-3.37152e-05,-9.80776,fluid
1338,7.125,3.37451,,1000,0.00538139,0.0955432,,-8.23712e-09,-0.0980995,0.0980995,,-2.55012e-05,0.000791883,-1.20916e-05,-9.80921,fluid
1339,7.125,3.62451,,1000,0.00178653,0.0306714,,-2.57032e-09,-0.0980998,0.0980998,,-8.50017e-06,0.000271491,-4.19541e-06,-9.80973,fluid
1340,7.125,3.87451,,1000,0.000576315,0.00956986,,-7.77178e-10,-0.0981,0.0981,,-2.74861e-06,9.01353e-05,-1.40547e-06,-9.80991,fluid
1341,7.125,4.12451,,1000,0.000180427,0.00290996,,-2.29231e-10,-0.0981,0.0981,,-8.63808e-07,2.90082e-05,-4.55392e-07,-9.80997,fluid
1342,7.125,4.37451,,1000,5.48859e-05,0.000862853,,-6.60887e-11,-0.0981,0.0981,,-2.64415e-07,9.07354e-06,-1.43313e-07,-9.80999,fluid
1343,7.125,4.62451,,1000,1.62714e-05,0.000249496,,-1.85917e-11,-0.0981,0.0981,,-7.89403e-08,2.76485e-06,-4.39233e-08,-9.81,fluid
1344,7.125,4.87451,,1000,4.7104e-06,7.0417e-05,,-5.09977e-12,-0.0981,0.0981,,-2.29979e-08,8.21529e-07,-1.31148e-08,-9.81,fluid
1345,7.125,5.12451,,1000,1.33202e-06,1.94266e-05,,-1.36627e-12,-0.0981,0.0981,,-6.54233e-09,2.38122e-07,-3.81579e-09,-9.81,fluid
1346,7.125,5.37451,,1000,3.67965e-07,5.24699e-06,,-3.58642e-13,-0.0981,0.0981,,-1.81966e-09,6.73833e-08,-1.08324e-09,-9.81,fluid
1347,7.125,5.62451,,1000,9.93918e-08,1.38711e-06,,-9.1934e-14,-0.0981,0.0981,,-4.95948e-10,1.86386e-08,-3.01266e-10,-9.81,fluid
1348,7.125,5.87451,,1000,2.6284e-08,3.58977e-07,,-2.32082e-14,-0.0981,0.0981,,-1.328e-10,5.04407e-09,-8.24176e-11,-9.81,fluid
1349,7.125,6.12451,,1000,6.80916e-09,9.23581e-08,,-5.91759e-15,-0.0981,0.0981,,-3.48127e-11,1.33626e-09,-2.18502e-11,-9.81,fluid
1350,7.125,6.37451,,1000,1.73809e-09,2.26539e-08,,-1.25798e-15,-0.0981,0.0981,,-8.80184e-12,3.45952e-10,-5.62235e-12,-9.81,fluid
1351,7.125,6.62451,,1000,4.30883e-10,6.97042e-09,,-3.70086e-16,-0.0981,0.0981,,-2.28466e-12,8.58855e-11,-1.30635e-12,-9.81,fluid
1352,7.125,6.87451,,1000,1.03814e-10,3.48521e-09,,-5.29375e-17,-0.0981,0.0981,,-8.21679e-13,1.91831e-11,-3.32526e-13,-9.81,fluid
1353,7.125,7.12451,,1000,2.0076e-11,3.48521e-09,,-2.83705e-18,-0.0981,0.0981,,-6.96682e-13,3.83759e-12,-2.0753e-13,-9.81,fluid
1354,7.125,7.37451,,1000,-2.44874e-13,3.48521e-09,,-8.18845e-21,-0.0981,0.0981,,-1.11961e-12,2.3523e-12,-6.30453e-13,-9.81,fluid
1355,7.125,7.62451,,1000,5.58699e-12,1.74261e-09,,-6.11413e-22,-0.0981,0.0981,,-1.56028e-12,3.98955e-12,-1.3157e-12,-9.81,fluid
1356,7.125,7.87451,,1000,1.90989e-12,1.74261e-09,,-1.9436e-23,-0.0981,0.0981,,-1.31395e-12,6.18945e-12,-1.06937e-12,-9.81,fluid
1357,7.375,0.124703,,1000.53,93.9674,4192.05,,-0.00108388,-0.0422961,0.04231,,-0.72276,9.50744,-0.15465,-0.302557,fluid
1358,7.375,0.37463,,1000.38,81.4931,3016.46,,-0.000378035,-0.0603682,0.0603694,,-0.467284,7.35215,-0.0584294,-2.45785,fluid
1359,7.375,0.624558,,1000.24,56.6639,1903.18,,-0.000179853,-0.0805245,0.0805247,,-0.2806,4.3008,-0.0226042,-5.5092,fluid
1360,7.375,0.87453,,1000.13,33.5746,1050.71,,-0.000103869,-0.0894549,0.0894549,,-0.165052,2.77974,-0.0226021,-7.03026,fluid
1361,7.375,1.12452,,1000.07,17.5055,519.237,,-5.61673e-05,-0.0938595,0.0938595,,-0.088799,1.75631,-0.0183986,-8.05369,fluid
1362,7.375,1.37451,,1000.03,8.841,237.08,,-2.58545e-05,-0.096238,0.096238,,-0.0436362,0.968347,-0.0114906,-8.84165,fluid
1363,7.375,1.62451,,1000.01,4.26612,102.818,,-1.0358e-05,-0.0973409,0.0973409,,-0.0199773,0.479701,-0.00603611,-9.3303,fluid
1364,7.375,1.87451,,1000.01,1.89014,42.9472,,-4.15641e-06,-0.0978023,0.0978023,,-0.00867428,0.220291,-0.00285096,-9.58971,fluid
1365,7.375,2.12451,,1000,0.783371,17.1587,,-1.65064e-06,-0.0979859,0.0979859,,-0.00360746,0.0960637,-0.00128087,-9.71394,fluid
1366,7.375,2.37451,,1000,0.312212,6.52686,,-6.1689e-07,-0.0980581,0.0980581,,-0.00143873,0.0401342,-0.000553731,-9.76987,fluid
1367,7.375,2.62451,,1000,0.120308,2.38268,,-2.17374e-07,-0.0980853,0.0980853,,-0.000549833,0.0160238,-0.000226757,-9.79398,fluid
1368,7.375,2.87451,,1000,0.0444716,0.841803,,-7.3965e-08,-0.098095,0.098095,,-0.000201956,0.00610926,-8.78127e-05,-9.80389,fluid
1369,7.375,3.12451,,1000,0.0157462,0.288287,,-2.4613e-08,-0.0980984,0.0980984,,-7.16575e-05,0.00223726,-3.25678e-05,-9.80776,fluid
1370,7.375,3.37451,,1000,0.00538173,0.0955476,,-7.95677e-09,-0.0980995,0.0980995,,-2.46356e-05,0.000791912,-1.168e-05,-9.80921,fluid
1371,7.375,3.62451,,1000,0.00178665,0.0306729,,-2.48282e-09,-0.0980998,0.0980998,,-8.21161e-06,0.000271502,-4.05257e-06,-9.80973,fluid
1372,7.375,3.87451,,1000,0.000576356,0.00957039,,-7.50712e-10,-0.0981,0.0981,,-2.65529e-06,9.01395e-05,-1.35761e-06,-9.80991,fluid
1373,7.375,4.12451,,1000,0.00018044,0.00291014,,-2.21418e-10,-0.0981,0.0981,,-8.34475e-07,2.90097e-05,-4.3988e-07,-9.80997,fluid
1374,7.375,4.37451,,1000,5.48902e-05,0.000862911,,-6.38342e-11,-0.0981,0.0981,,-2.55435e-07,9.07404e-06,-1.3843e-07,-9.80999,fluid
1375,7.375,4.62451,,1000,1.62727e-05,0.000249519,,-1.79579e-11,-0.0981,0.0981,,-7.62603e-08,2.76502e-06,-4.24273e-08,-9.81,fluid
1376,7.375,4.87451,,1000,4.71082e-06,7.04205e-05,,-4.92721e-12,-0.0981,0.0981,,-2.22188e-08,8.21583e-07,-1.26703e-08,-9.81,fluid
1377,7.375,5.12451,,1000,1.33214e-06,1.94283e-05,,-1.32064e-12,-0.0981,0.0981,,-6.32166e-09,2.38138e-07,-3.68731e-09,-9.81,fluid
1378,7.375,5.37451,,1000,3.68009e-07,5.24524e-06,,-3.46746e-13,-0.0981,0.0981,,-1.75793e-09,6.73881e-08,-1.04671e-09,-9.81,fluid
1379,7.375,5.62451,,1000,9.94026e-08,1.38711e-06,,-8.88386e-14,-0.0981,0.0981,,-4.78436e-10,1.86397e-08,-2.90352e-10,-9.81,fluid
1380,7.375,5.87451,,1000,2.62806e-08,3.60719e-07,,-2.24219e-14,-0.0981,0.0981,,-1.2768e-10,5.04461e-09,-7.87691e-11,-9.81,fluid
1381,7.375,6.12451,,1000,6.81037e-09,9.23581e-08,,-5.717e-15,-0.0981,0.0981,,-3.35635e-11,1.33667e-09,-2.10403e-11,-9.81,fluid
1382,7.375,6.37451,,1000,1.73853e-09,2.26539e-08,,-1.21533e-15,-0.0981,0.0981,,-8.91345e-12,3.46076e-10,-5.84174e-12,-9.81,fluid
1383,7.375,6.62451,,1000,4.31046e-10,6.97042e-09,,-3.57541e-16,-0.0981,0.0981,,-2.49711e-12,8.59183e-11,-1.55197e-12,-9.81,fluid
1384,7.375,6.87451,,1000,1.03875e-10,3.48521e-09,,-5.1143e-17,-0.0981,0.0981,,-8.85844e-13,1.91327e-11,-4.13273e-13,-9.81,fluid
1385,7.375,7.12451,,1000,2.0296e-11,3.48521e-09,,-2.74088e-18,-0.0981,0.0981,,-6.81126e-13,3.51677e-12,-2.08555e-13,-9.81,fluid
1386,7.375,7.37451,,1000,5.30329e-13,3.48521e-09,,-7.91051e-21,-0.0981,0.0981,,-9.60059e-13,1.76543e-12,-4.87488e-13,-9.81,fluid
1387,7.375,7.62451,,1000,6.89787e-13,3.48521e-09,,-5.90662e-22,-0.0981,0.0981,,-1.1465e-12,4.79385e-12,-6.73928e-13,-9.81,fluid
1388,7.375,7.87451,,1000,-1.57528e-12,3.48521e-09,,-1.87766e-23,-0.0981,0.0981,,-7.39975e-13,9.06317e-12,-2.67403e-13,-9.81,fluid
1389,7.625,0.124703,,1000.53,93.9725,4191.93,,-0.00104844,-0.0422967,0.0423097,,-0.699079,9.50733,-0.14961,-0.302671,fluid
1390,7.625,0.37463,,1000.38,81.4967,3016.42,,-0.000365653,-0.0603688,0.0603699,,-0.451972,7.35201,-0.0565277,-2.45799,fluid
1391,7.625,0.624558,,1000.24,56.6652,1903.17,,-0.000173953,-0.0805247,0.0805249,,-0.271403,4.3007,-0.0218668,-5.5093,fluid
1392,7.625,0.87453,,1000.13,33.5751,1050.71,,-0.000100461,-0.0894549,0.0894549,,-0.159641,2.77971,-0.0218614,-7.03029,fluid
1393,7.625,1.12452,,1000.07,17.5059,519.238,,-5.43241e-05,-0.0938595,0.0938595,,-0.0858875,1.7563,-0.0177952,-8.0537,fluid
1394,7.625,1.37451,,1000.03,8.8413,237.082,,-2.50057e-05,-0.096238,0.096238,,-0.0422053,0.968347,-0.0111136,-8.84165,fluid
1395,7.625,1.62451,,1000.01,4.26626,102.819,,-1.00177e-05,-0.0973409,0.0973409,,-0.0193222,0.479702,-0.00583791,-9.3303,fluid
1396,7.625,1.87451,,1000.01,1.89021,42.9479,,-4.0198e-06,-0.0978023,0.0978023,,-0.00838978,0.220292,-0.00275729,-9.58971,fluid
1397,7.625,2.12451,,1000,0.7834,17.159,,-1.59638e-06,-0.0979859,0.0979859,,-0.00348912,0.0960647,-0.00123876,-9.71394,fluid
1398,7.625,2.37451,,1000,0.312225,6.52702,,-5.96608e-07,-0.0980581,0.0980581,,-0.00139153,0.0401349,-0.000535524,-9.76987,fluid
1399,7.625,2.62451,,1000,0.120314,2.38275,,-2.10225e-07,-0.0980853,0.0980853,,-0.000531791,0.0160241,-0.0002193,-9.79398,fluid
1400,7.625,2.87451,,1000,0.0444738,0.841831,,-7.15317e-08,-0.098095,0.098095,,-0.000195328,0.00610941,-8.49239e-05,-9.80389,fluid
1401,7.625,3.12451,,1000,0.015747,0.288298,,-2.38031e-08,-0.0980984,0.0980984,,-6.93056e-05,0.00223732,-3.14961e-05,-9.80776,fluid
1402,7.625,3.37451,,1000,0.00538203,0.0955516,,-7.69491e-09,-0.0980995,0.0980995,,-2.38269e-05,0.000791938,-1.12956e-05,-9.80921,fluid
1403,7.625,3.62451,,1000,0.00178676,0.0306743,,-2.4011e-09,-0.0980998,0.0980998,,-7.94202e-06,0.000271512,-3.91916e-06,-9.80973,fluid
1404,7.625,3.87451,,1000,0.000576393,0.00957087,,-7.25996e-10,-0.0981,0.0981,,-2.56811e-06,9.01432e-05,-1.31291e-06,-9.80991,fluid
1405,7.625,4.12451,,1000,0.000180453,0.0029103,,-2.14125e-10,-0.0981,0.0981,,-8.07071e-07,2.9011e-05,-4.25393e-07,-9.80997,fluid
1406,7.625,4.37451,,1000,5.48941e-05,0.000862961,,-6.17313e-11,-0.0981,0.0981,,-2.47045e-07,9.07449e-06,-1.3387e-07,-9.80999,fluid
1407,7.625,4.62451,,1000,1.6274e-05,0.000249531,,-1.73673e-11,-0.0981,0.0981,,-7.37547e-08,2.76517e-06,-4.10294e-08,-9.81,fluid
1408,7.625,4.87451,,1000,4.71118e-06,7.04274e-05,,-4.7666e-12,-0.0981,0.0981,,-2.1489e-08,8.21631e-07,-1.22526e-08,-9.81,fluid
1409,7.625,5.12451,,1000,1.33222e-06,1.94335e-05,,-1.27822e-12,-0.0981,0.0981,,-6.11419e-09,2.38154e-07,-3.56552e-09,-9.81,fluid
1410,7.625,5.37451,,1000,3.68043e-07,5.24524e-06,,-3.35644e-13,-0.0981,0.0981,,-1.7004e-09,6.73933e-08,-1.0125e-09,-9.81,fluid
1411,7.625,5.62451,,1000,9.94122e-08,1.38711e-06,,-8.59561e-14,-0.0981,0.0981,,-4.62741e-10,1.86412e-08,-2.80824e-10,-9.81,fluid
1412,7.625,5.87451,,1000,2.62902e-08,3.58977e-07,,-2.16875e-14,-0.0981,0.0981,,-1.232e-10,5.04502e-09,-7.6121e-11,-9.81,fluid
1413,7.625,6.12451,,1000,6.81137e-09,9.23581e-08,,-5.52956e-15,-0.0981,0.0981,,-3.22248e-11,1.33653e-09,-2.01123e-11,-9.81,fluid
1414,7.625,6.37451,,1000,1.72566e-09,2.43965e-08,,-1.17549e-15,-0.0981,0.0981,,-8.50302e-12,3.46012e-10,-5.30348e-12,-9.81,fluid
1415,7.625,6.62451,,1000,4.31489e-10,6.97042e-09,,-3.45818e-16,-0.0981,0.0981,,-2.42029e-12,8.60784e-11,-1.50613e-12,-9.81,fluid
1416,7.625,6.87451,,1000,1.04e-10,3.48521e-09,,-4.94661e-17,-0.0981,0.0981,,-8.53011e-13,1.92e-11,-3.95934e-13,-9.81,fluid
1417,7.625,7.12451,,1000,2.03918e-11,3.48521e-09,,-2.65101e-18,-0.0981,0.0981,,-4.81239e-13,3.42813e-12,-2.41618e-14,-9.81,fluid
1418,7.625,7.37451,,1000,7.48182e-13,3.48521e-09,,-7.65083e-21,-0.0981,0.0981,,-3.0671e-13,1.66192e-12,1.50367e-13,-9.81,fluid
1419,7.625,7.62451,,1000,9.28163e-13,3.48521e-09,,-5.71274e-22,-0.0981,0.0981,,-2.46917e-16,4.9887e-12,4.5683e-13,-9.81,fluid
1420,7.625,7.87451,,1000,3.04292e-12,1.74261e-09,,-1.81605e-23,-0.0981,0.0981,,3.00627e-13,6.89396e-12,5.29166e-13,-9.81,fluid
1421,7.875,0.124703,,1000.53,93.9771,4191.83,,-0.00101524,-0.0422973,0.0423095,,-0.6769,9.50723,-0.144888,-0.302774,fluid
1422,7.875,0.37463,,1000.38,81.4999,3016.38,,-0.000354056,-0.0603693,0.0603704,,-0.43763,7.35187,-0.0547455,-2.45813,fluid
1423,7.875,0.624558,,1000.24,56.6665,1903.17,,-0.000168427,-0.0805249,0.0805251,,-0.262789,4.30061,-0.021176,-5.50939,fluid
1424,7.875,0.87453,,1000.13,33.5756,1050.71,,-9.72698e-05,-0.0894549,0.0894549,,-0.154574,2.77967,-0.0211678,-7.03033,fluid
1425,7.875,1.12452,,1000.07,17.5063,519.239,,-5.25981e-05,-0.0938594,0.0938595,,-0.0831608,1.7563,-0.0172301,-8.0537,fluid
1426,7.875,1.37451,,1000.03,8.84156,237.083,,-2.42108e-05,-0.096238,0.096238,,-0.0408653,0.968346,-0.0107605,-8.84165,fluid
1427,7.875,1.62451,,1000.01,4.2664,102.82,,-9.69908e-06,-0.0973409,0.0973409,,-0.0187087,0.479702,-0.00565233,-9.3303,fluid
1428,7.875,1.87451,,1000.01,1.89026,42.9486,,-3.8919e-06,-0.0978023,0.0978023,,-0.00812334,0.220293,-0.00266958,-9.58971,fluid
1429,7.875,2.12451,,1000,0.783427,17.1593,,-1.54558e-06,-0.0979859,0.0979859,,-0.0033783,0.0960657,-0.00119934,-9.71393,fluid
1430,7.875,2.37451,,1000,0.312237,6.52716,,-5.77619e-07,-0.0980581,0.0980581,,-0.00134732,0.0401355,-0.000518479,-9.76986,fluid
1431,7.875,2.62451,,1000,0.120319,2.38281,,-2.03532e-07,-0.0980853,0.0980853,,-0.000514897,0.0160244,-0.000212318,-9.79398,fluid
1432,7.875,2.87451,,1000,0.0444758,0.841856,,-6.92537e-08,-0.098095,0.098095,,-0.000189122,0.00610954,-8.22194e-05,-9.80389,fluid
1433,7.875,3.12451,,1000,0.0157478,0.288307,,-2.30449e-08,-0.0980984,0.0980984,,-6.71032e-05,0.00223738,-3.04928e-05,-9.80776,fluid
1434,7.875,3.37451,,1000,0.0053823,0.0955552,,-7.44976e-09,-0.0980995,0.0980995,,-2.30697e-05,0.000791962,-1.09357e-05,-9.80921,fluid
1435,7.875,3.62451,,1000,0.00178686,0.0306756,,-2.32459e-09,-0.0980998,0.0980998,,-7.68958e-06,0.000271522,-3.79427e-06,-9.80973,fluid
1436,7.875,3.87451,,1000,0.000576426,0.0095713,,-7.0286e-10,-0.0981,0.0981,,-2.48647e-06,9.01466e-05,-1.27107e-06,-9.80991,fluid
1437,7.875,4.12451,,1000,0.000180464,0.00291044,,-2.07302e-10,-0.0981,0.0981,,-7.81412e-07,2.90122e-05,-4.11832e-07,-9.80997,fluid
1438,7.875,4.37451,,1000,5.48976e-05,0.000863008,,-5.97642e-11,-0.0981,0.0981,,-2.39188e-07,9.0749e-06,-1.296e-07,-9.80999,fluid
1439,7.875,4.62451,,1000,1.6275e-05,0.000249548,,-1.68135e-11,-0.0981,0.0981,,-7.14073e-08,2.7653e-06,-3.97186e-08,-9.81,fluid
1440,7.875,4.87451,,1000,4.71152e-06,7.04309e-05,,-4.61382e-12,-0.0981,0.0981,,-2.08038e-08,8.21674e-07,-1.18602e-08,-9.81,fluid
1441,7.875,5.12451,,1000,1.33233e-06,1.94335e-05,,-1.23707e-12,-0.0981,0.0981,,-5.91852e-09,2.38167e-07,-3.45077e-09,-9.81,fluid
1442,7.875,5.37451,,1000,3.68073e-07,5.24524e-06,,-3.24885e-13,-0.0981,0.0981,,-1.64609e-09,6.73973e-08,-9.8003e-10,-9.81,fluid
1443,7.875,5.62451,,1000,9.9408e-08,1.38886e-06,,-8.32345e-14,-0.0981,0.0981,,-4.48272e-10,1.86425e-08,-2.71909e-10,-9.81,fluid
1444,7.875,5.87451,,1000,2.62931e-08,3.58977e-07,,-2.1002e-14,-0.0981,0.0981,,-1.1951e-10,5.04561e-09,-7.39255e-11,-9.81,fluid
1445,7.875,6.12451,,1000,6.81205e-09,9.23581e-08,,-5.35404e-15,-0.0981,0.0981,,-3.11561e-11,1.33659e-09,-1.94281e-11,-9.81,fluid
1446,7.875,6.37451,,1000,1.73947e-09,2.26539e-08,,-1.13818e-15,-0.0981,0.0981,,-8.04305e-12,3.45924e-10,-5.16636e-12,-9.81,fluid
1447,7.875,6.62451,,1000,4.31557e-10,6.97042e-09,,-3.3484e-16,-0.0981,0.0981,,-2.187e-12,8.60721e-11,-1.30187e-12,-9.81,fluid
1448,7.875,6.87451,,1000,1.04047e-10,3.48521e-09,,-4.78958e-17,-0.0981,0.0981,,-7.58995e-13,1.9277e-11,-3.16428e-13,-9.81,fluid
1449,7.875,7.12451,,1000,2.03006e-11,3.48521e-09,,-2.56685e-18,-0.0981,0.0981,,-3.08065e-13,3.6211e-12,1.34502e-13,-9.81,fluid
1450,7.875,7.37451,,1000,4.04576e-13,3.48521e-09,,-7.40767e-21,-0.0981,0.0981,,1.95775e-13,2.04685e-12,6.38342e-13,-9.81,fluid
1451,7.875,7.62451,,1000,2.53169e-13,3.48521e-09,,-5.53119e-22,-0.0981,0.0981,,6.99911e-13,5.2083e-12,1.14248e-12,-9.81,fluid
1452,7.875,7.87451,,1000,2.36792e-12,1.74261e-09,,-1.75835e-23,-0.0981,0.0981,,6.28867e-13,6.65321e-12,8.50151e-13,-9.81,fluid
1453,8.125,0.124703,,1000.53,93.9812,4191.74,,-0.00098408,-0.0422978,0.0423093,,-0.656085,9.50713,-0.140454,-0.302867,fluid
1454,8.125,0.37463,,1000.38,81.5028,3016.34,,-0.000343173,-0.0603698,0.0603708,,-0.424171,7.35175,-0.0530719,-2.45825,fluid
1455,8.125,0.624558,,1000.24,56.6676,1903.16,,-0.000163241,-0.0805251,0.0805253,,-0.254706,4.30052,-0.0205273,-5.50948,fluid
1456,8.125,0.87453,,1000.13,33.576,1050.71,,-9.42749e-05,-0.0894549,0.0894549,,-0.149818,2.77964,-0.0205168,-7.03036,fluid
1457,8.125,1.12452,,1000.07,17.5067,519.24,,-5.09785e-05,-0.0938594,0.0938594,,-0.080602,1.75629,-0.0166998,-8.05371,fluid
1458,8.125,1.37451,,1000.03,8.8418,237.084,,-2.3465e-05,-0.096238,0.096238,,-0.0396078,0.968346,-0.0104291,-8.84165,fluid
1459,8.125,1.62451,,1000.01,4.26652,102.821,,-9.40012e-06,-0.0973409,0.0973409,,-0.0181329,0.479703,-0.00547819,-9.3303,fluid
1460,8.125,1.87451,,1000.01,1.89032,42.9492,,-3.77189e-06,-0.0978023,0.0978023,,-0.00787331,0.220294,-0.00258729,-9.58971,fluid
1461,8.125,2.12451,,1000,0.783451,17.1596,,-1.49792e-06,-0.0979859,0.0979859,,-0.00327431,0.0960665,-0.00116236,-9.71393,fluid
1462,8.125,2.37451,,1000,0.312248,6.52729,,-5.59803e-07,-0.0980581,0.0980581,,-0.00130584,0.040136,-0.000502486,-9.76986,fluid
1463,8.125,2.62451,,1000,0.120324,2.38286,,-1.97253e-07,-0.0980853,0.0980853,,-0.000499043,0.0160247,-0.000205768,-9.79398,fluid
1464,8.125,2.87451,,1000,0.0444776,0.841879,,-6.71165e-08,-0.098095,0.098095,,-0.000183298,0.00610966,-7.96822e-05,-9.80389,fluid
1465,8.125,3.12451,,1000,0.0157484,0.288316,,-2.23336e-08,-0.0980984,0.0980984,,-6.50366e-05,0.00223743,-2.95516e-05,-9.80776,fluid
1466,8.125,3.37451,,1000,0.00538255,0.0955585,,-7.21978e-09,-0.0980995,0.0980995,,-2.23591e-05,0.000791983,-1.05981e-05,-9.80921,fluid
1467,8.125,3.62451,,1000,0.00178694,0.0306767,,-2.25281e-09,-0.0980998,0.0980998,,-7.4527e-06,0.00027153,-3.6771e-06,-9.80973,fluid
1468,8.125,3.87451,,1000,0.000576457,0.00957169,,-6.81152e-10,-0.0981,0.0981,,-2.40986e-06,9.01497e-05,-1.23181e-06,-9.80991,fluid
1469,8.125,4.12451,,1000,0.000180474,0.00291057,,-2.009e-10,-0.0981,0.0981,,-7.57334e-07,2.90133e-05,-3.9911e-07,-9.80997,fluid
1470,8.125,4.37451,,1000,5.49008e-05,0.000863048,,-5.79193e-11,-0.0981,0.0981,,-2.31816e-07,9.07527e-06,-1.25595e-07,-9.80999,fluid
1471,8.125,4.62451,,1000,1.62761e-05,0.000249557,,-1.62937e-11,-0.0981,0.0981,,-6.92051e-08,2.76542e-06,-3.84904e-08,-9.81,fluid
1472,8.125,4.87451,,1000,4.7118e-06,7.04361e-05,,-4.46956e-12,-0.0981,0.0981,,-2.01615e-08,8.21712e-07,-1.14924e-08,-9.81,fluid
1473,8.125,5.12451,,1000,1.33242e-06,1.94335e-05,,-1.19784e-12,-0.0981,0.0981,,-5.7358e-09,2.38179e-07,-3.34398e-09,-9.81,fluid
1474,8.125,5.37451,,1000,3.68101e-07,5.24524e-06,,-3.1476e-13,-0.0981,0.0981,,-1.59565e-09,6.74005e-08,-9.50078e-10,-9.81,fluid
1475,8.125,5.62451,,1000,9.94165e-08,1.38886e-06,,-8.08197e-14,-0.0981,0.0981,,-4.34687e-10,1.86437e-08,-2.6375e-10,-9.81,fluid
1476,8.125,5.87451,,1000,2.62957e-08,3.58977e-07,,-2.04154e-14,-0.0981,0.0981,,-1.15875e-10,5.04631e-09,-7.16931e-11,-9.81,fluid
1477,8.125,6.12451,,1000,6.81264e-09,9.23581e-08,,-5.19181e-15,-0.0981,0.0981,,-3.0059e-11,1.33679e-09,-1.86918e-11,-9.81,fluid
1478,8.125,6.37451,,1000,1.72581e-09,2.43965e-08,,-1.10317e-15,-0.0981,0.0981,,-7.52121e-12,3.45902e-10,-4.51856e-12,-9.81,fluid
1479,8.125,6.62451,,1000,4.31489e-10,6.97042e-09,,-3.2454e-16,-0.0981,0.0981,,-1.90635e-12,8.60228e-11,-1.04845e-12,-9.81,fluid
1480,8.125,6.87451,,1000,1.03968e-10,3.48521e-09,,-4.64222e-17,-0.0981,0.0981,,-6.716e-13,1.92782e-11,-2.42651e-13,-9.81,fluid
1481,8.125,7.12451,,1000,2.01206e-11,3.48521e-09,,-2.48787e-18,-0.0981,0.0981,,-2.89582e-13,3.91856e-12,1.39367e-13,-9.81,fluid
1482,8.125,7.37451,,1000,-2.08094e-13,3.48521e-09,,-7.17949e-21,-0.0981,0.0981,,1.84414e-13,2.6031e-12,6.13363e-13,-9.81,fluid
1483,8.125,7.62451,,1000,5.51659e-12,1.74261e-09,,-5.36083e-22,-0.0981,0.0981,,5.96538e-13,4.31872e-12,8.11013e-13,-9.81,fluid
1484,8.125,7.87451,,1000,1.6357e-12,1.74261e-09,,-1.70421e-23,-0.0981,0.0981,,4.32641e-13,6.15195e-12,6.47116e-13,-9.81,fluid
1485,8.375,0.124703,,1000.53,93.9851,4191.65,,-0.000954771,-0.0422983,0.0423091,,-0.636512,9.50705,-0.136282,-0.302952,fluid
1486,8.375,0.37463,,1000.38,81.5055,3016.3,,-0.000332938,-0.0603703,0.0603712,,-0.411515,7.35164,-0.0514973,-2.45836,fluid
1487,8.375,0.624558,,1000.24,56.6686,1903.15,,-0.000158366,-0.0805253,0.0805254,,-0.247104,4.30044,-0.0199171,-5.50956,fluid
1488,8.375,0.87453,,1000.13,33.5765,1050.71,,-9.1459e-05,-0.0894548,0.0894549,,-0.145346,2.77961,-0.0199046,-7.03039,fluid
1489,8.375,1.12452,,1000.07,17.507,519.241,,-4.94556e-05,-0.0938594,0.0938594,,-0.0781959,1.75628,-0.0162011,-8.05372,fluid
1490,8.375,1.37451,,1000.03,8.84202,237.084,,-2.27638e-05,-0.096238,0.096238,,-0.0384254,0.968346,-0.0101176,-8.84165,fluid
1491,8.375,1.62451,,1000.01,4.26663,102.822,,-9.11905e-06,-0.0973409,0.0973409,,-0.0175915,0.479704,-0.00531446,-9.3303,fluid
1492,8.375,1.87451,,1000.01,1.89037,42.9497,,-3.65907e-06,-0.0978023,0.0978023,,-0.00763822,0.220295,-0.00250993,-9.5897,fluid
1493,8.375,2.12451,,1000,0.783472,17.1599,,-1.45311e-06,-0.0979859,0.0979859,,-0.00317652,0.0960673,-0.00112759,-9.71393,fluid
1494,8.375,2.37451,,1000,0.312258,6.5274,,-5.43054e-07,-0.0980581,0.0980581,,-0.00126684,0.0401365,-0.000487452,-9.76986,fluid
1495,8.375,2.62451,,1000,0.120328,2.38292,,-1.9135e-07,-0.0980853,0.0980853,,-0.000484137,0.0160249,-0.00019961,-9.79398,fluid
1496,8.375,2.87451,,1000,0.0444792,0.8419,,-6.51075e-08,-0.098095,0.098095,,-0.000177822,0.00610977,-7.72971e-05,-9.80389,fluid
1497,8.375,3.12451,,1000,0.015749,0.288324,,-2.16649e-08,-0.0980984,0.0980984,,-6.30936e-05,0.00223748,-2.86668e-05,-9.80776,fluid
1498,8.375,3.37451,,1000,0.00538278,0.0955615,,-7.0036e-09,-0.0980995,0.0980995,,-2.1691e-05,0.000792003,-1.02807e-05,-9.80921,fluid
1499,8.375,3.62451,,1000,0.00178702,0.0306778,,-2.18534e-09,-0.0980998,0.0980998,,-7.22999e-06,0.000271538,-3.56697e-06,-9.80973,fluid
1500,8.375,3.87451,,1000,0.000576484,0.00957205,,-6.60744e-10,-0.0981,0.0981,,-2.33784e-06,9.01525e-05,-1.19491e-06,-9.80991,fluid
1501,8.375,4.12451,,1000,0.000180483,0.00291069,,-1.94879e-10,-0.0981,0.0981,,-7.34696e-07,2.90143e-05,-3.87151e-07,-9.80997,fluid
1502,8.375,4.37451,,1000,5.49037e-05,0.000863085,,-5.61831e-11,-0.0981,0.0981,,-2.24886e-07,9.07561e-06,-1.21831e-07,-9.80999,fluid
1503,8.375,4.62451,,1000,1.6277e-05,0.000249569,,-1.58051e-11,-0.0981,0.0981,,-6.71362e-08,2.76553e-06,-3.73369e-08,-9.81,fluid
1504,8.375,4.87451,,1000,4.71209e-06,7.04379e-05,,-4.3353e-12,-0.0981,0.0981,,-1.95586e-08,8.21747e-07,-1.11481e-08,-9.81,fluid
1505,8.375,5.12451,,1000,1.3325e-06,1.94353e-05,,-1.16192e-12,-0.0981,0.0981,,-5.56422e-09,2.38189e-07,-3.24359e-09,-9.81,fluid
1506,8.375,5.37451,,1000,3.68113e-07,5.24699e-06,,-3.05758e-13,-0.0981,0.0981,,-1.54806e-09,6.74033e-08,-9.21554e-10,-9.81,fluid
1507,8.375,5.62451,,1000,9.94236e-08,1.38886e-06,,-7.87469e-14,-0.0981,0.0981,,-4.21742e-10,1.86451e-08,-2.55909e-10,-9.81,fluid
1508,8.375,5.87451,,1000,2.62975e-08,3.58977e-07,,-1.99152e-14,-0.0981,0.0981,,-1.12341e-10,5.04713e-09,-6.94779e-11,-9.81,fluid
1509,8.375,6.12451,,1000,6.81262e-09,9.23581e-08,,-5.04842e-15,-0.0981,0.0981,,-2.89887e-11,1.33721e-09,-1.79609e-11,-9.81,fluid
1510,8.375,6.37451,,1000,1.73863e-09,2.26539e-08,,-1.07025e-15,-0.0981,0.0981,,-7.02546e-12,3.45903e-10,-4.32051e-12,-9.81,fluid
1511,8.375,6.62451,,1000,4.30886e-10,6.97042e-09,,-3.14854e-16,-0.0981,0.0981,,-1.69047e-12,8.57415e-11,-8.58181e-13,-9.81,fluid
1512,8.375,6.87451,,1000,1.03782e-10,3.48521e-09,,-4.50365e-17,-0.0981,0.0981,,-6.13352e-13,1.91541e-11,-1.97207e-13,-9.81,fluid
1513,8.375,7.12451,,1000,1.99799e-11,3.48521e-09,,-2.4136e-18,-0.0981,0.0981,,-3.68161e-13,4.09243e-12,4.79833e-14,-9.81,fluid
1514,8.375,7.37451,,1000,-5.88294e-13,3.48521e-09,,-6.96496e-21,-0.0981,0.0981,,-1.25175e-13,2.92269e-12,2.9097e-13,-9.81,fluid
1515,8.375,7.62451,,1000,4.91201e-12,1.74261e-09,,-5.20066e-22,-0.0981,0.0981,,7.87044e-14,4.32884e-12,2.86777e-13,-9.81,fluid
1516,8.375,7.87451,,1000,1.2349e-12,1.74261e-09,,-1.6533e-23,-0.0981,0.0981,,6.86306e-14,5.83447e-12,2.76703e-13,-9.81,fluid
1517,8.625,0.124703,,1000.53,93.9885,4191.58,,-0.000927157,-0.0422987,0.0423089,,-0.618072,9.50697,-0.132351,-0.30303,fluid
1518,8.625,0.37463,,1000.38,81.5079,3016.27,,-0.000323295,-0.0603707,0.0603716,,-0.399592,7.35154,-0.0500131,-2.45846,fluid
1519,8.625,0.624558,,1000.24,56.6695,1903.15,,-0.000153773,-0.0805254,0.0805256,,-0.239944,4.30037,-0.0193421,-5.50963,fluid
1520,8.625,0.87453,,1000.13,33.5768,1050.72,,-8.88065e-05,-0.0894548,0.0894549,,-0.141134,2.77959,-0.0193279,-7.03041,fluid
1521,8.625,1.12452,,1000.07,17.5073,519.241,,-4.80212e-05,-0.0938594,0.0938594,,-0.0759293,1.75628,-0.0157314,-8.05372,fluid
1522,8.625,1.37451,,1000.03,8.84223,237.085,,-2.21033e-05,-0.096238,0.096238,,-0.0373115,0.968345,-0.00982417,-8.84165,fluid
1523,8.625,1.62451,,1000.01,4.26673,102.823,,-8.85432e-06,-0.0973409,0.0973409,,-0.0170815,0.479704,-0.00516025,-9.3303,fluid
1524,8.625,1.87451,,1000.01,1.89041,42.9502,,-3.55281e-06,-0.0978023,0.0978023,,-0.00741676,0.220296,-0.00243706,-9.5897,fluid
1525,8.625,2.12451,,1000,0.783492,17.1601,,-1.41091e-06,-0.0979859,0.0979859,,-0.00308441,0.096068,-0.00109484,-9.71393,fluid
1526,8.625,2.37451,,1000,0.312267,6.52751,,-5.2728e-07,-0.0980581,0.0980581,,-0.0012301,0.0401369,-0.000473293,-9.76986,fluid
1527,8.625,2.62451,,1000,0.120332,2.38296,,-1.8579e-07,-0.0980853,0.0980853,,-0.000470096,0.0160251,-0.000193811,-9.79397,fluid
1528,8.625,2.87451,,1000,0.0444807,0.841919,,-6.32154e-08,-0.098095,0.098095,,-0.000172665,0.00610987,-7.50508e-05,-9.80389,fluid
1529,8.625,3.12451,,1000,0.0157496,0.288332,,-2.10352e-08,-0.0980984,0.0980984,,-6.12633e-05,0.00223752,-2.78336e-05,-9.80776,fluid
1530,8.625,3.37451,,1000,0.00538299,0.0955642,,-6.80002e-09,-0.0980995,0.0980995,,-2.10617e-05,0.00079202,-9.98183e-06,-9.80921,fluid
1531,8.625,3.62451,,1000,0.0017871,0.0306787,,-2.12181e-09,-0.0980998,0.0980998,,-7.02022e-06,0.000271545,-3.46326e-06,-9.80973,fluid
1532,8.625,3.87451,,1000,0.000576509,0.00957237,,-6.41533e-10,-0.0981,0.0981,,-2.27e-06,9.0155e-05,-1.16016e-06,-9.80991,fluid
1533,8.625,4.12451,,1000,0.000180491,0.0029108,,-1.89211e-10,-0.0981,0.0981,,-7.13375e-07,2.90152e-05,-3.75891e-07,-9.80997,fluid
1534,8.625,4.37451,,1000,5.49064e-05,0.000863118,,-5.4548e-11,-0.0981,0.0981,,-2.18359e-07,9.07592e-06,-1.18288e-07,-9.80999,fluid
1535,8.625,4.62451,,1000,1.62778e-05,0.00024958,,-1.53457e-11,-0.0981,0.0981,,-6.51883e-08,2.76563e-06,-3.62516e-08,-9.81,fluid
1536,8.625,4.87451,,1000,4.71234e-06,7.04414e-05,,-4.20972e-12,-0.0981,0.0981,,-1.89912e-08,8.21779e-07,-1.08241e-08,-9.81,fluid
1537,8.625,5.12451,,1000,1.33258e-06,1.94353e-05,,-1.12858e-12,-0.0981,0.0981,,-5.40197e-09,2.38198e-07,-3.1486e-09,-9.81,fluid
1538,8.625,5.37451,,1000,3.68127e-07,5.24873e-06,,-2.96909e-13,-0.0981,0.0981,,-1.50209e-09,6.74056e-08,-8.93541e-10,-9.81,fluid
1539,8.625,5.62451,,1000,9.94288e-08,1.38886e-06,,-7.65384e-14,-0.0981,0.0981,,-4.08903e-10,1.86462e-08,-2.47876e-10,-9.81,fluid
1540,8.625,5.87451,,1000,2.62988e-08,3.58977e-07,,-1.93486e-14,-0.0981,0.0981,,-1.08945e-10,5.04778e-09,-6.73248e-11,-9.81,fluid
1541,8.625,6.12451,,1000,6.81257e-09,9.23581e-08,,-4.90251e-15,-0.0981,0.0981,,-2.82739e-11,1.33753e-09,-1.75657e-11,-9.81,fluid
1542,8.625,6.37451,,1000,1.7379e-09,2.26539e-08,,-1.03923e-15,-0.0981,0.0981,,-7.06856e-12,3.45903e-10,-4.44202e-12,-9.81,fluid
1543,8.625,6.62451,,1000,4.30367e-10,6.97042e-09,,-3.05727e-16,-0.0981,0.0981,,-1.78377e-12,8.55114e-11,-9.75607e-13,-9.81,fluid
1544,8.625,6.87451,,1000,1.0361e-10,3.48521e-09,,-4.37311e-17,-0.0981,0.0981,,-6.41366e-13,1.90108e-11,-2.37284e-13,-9.81,fluid
1545,8.625,7.12451,,1000,1.99204e-11,3.48521e-09,,-2.34364e-18,-0.0981,0.0981,,-4.2137e-13,4.12061e-12,-1.72873e-14,-9.81,fluid
1546,8.625,7.37451,,1000,-7.22765e-13,3.48521e-09,,-6.76289e-21,-0.0981,0.0981,,-3.10591e-13,3.0205e-12,9.34916e-14,-9.81,fluid
1547,8.625,7.62451,,1000,4.70189e-12,1.74261e-09,,-5.04978e-22,-0.0981,0.0981,,-1.98896e-13,4.32884e-12,3.1455e-15,-9.81,fluid
1548,8.625,7.87451,,1000,1.07982e-12,1.74261e-09,,-1.60535e-23,-0.0981,0.0981,,-1.22403e-13,5.73666e-12,7.96383e-14,-9.81,fluid
1549,8.875,0.124703,,1000.53,93.9917,4191.51,,-0.000901093,-0.0422991,0.0423087,,-0.60067,9.5069,-0.128639,-0.303101,fluid
1550,8.875,0.37463,,1000.38,81.5101,3016.25,,-0.000314195,-0.0603711,0.0603719,,-0.38834,7.35145,-0.0486119,-2.45855,fluid
1551,8.875,0.624558,,1000.24,56.6704,1903.15,,-0.00014944,-0.0805256,0.0805257,,-0.233186,4.30031,-0.0187993,-5.50969,fluid
1552,8.875,0.87453,,1000.13,33.5772,1050.72,,-8.63035e-05,-0.0894548,0.0894549,,-0.137158,2.77956,-0.0187837,-7.03044,fluid
1553,8.875,1.12452,,1000.07,17.5076,519.242,,-4.66676e-05,-0.0938594,0.0938594,,-0.0737904,1.75627,-0.0152882,-8.05373,fluid
1554,8.875,1.37451,,1000.03,8.84241,237.086,,-2.14801e-05,-0.0962379,0.0962379,,-0.0362604,0.968345,-0.00954726,-8.84165,fluid
1555,8.875,1.62451,,1000.01,4.26682,102.823,,-8.60453e-06,-0.0973409,0.0973409,,-0.0166003,0.479705,-0.00501473,-9.3303,fluid
1556,8.875,1.87451,,1000.01,1.89045,42.9506,,-3.45256e-06,-0.0978023,0.0978023,,-0.00720778,0.220297,-0.0023683,-9.5897,fluid
1557,8.875,2.12451,,1000,0.783511,17.1603,,-1.37109e-06,-0.0979859,0.0979859,,-0.0029975,0.0960687,-0.00106394,-9.71393,fluid
1558,8.875,2.37451,,1000,0.312275,6.5276,,-5.12397e-07,-0.0980581,0.0980581,,-0.00119544,0.0401373,-0.000459933,-9.76986,fluid
1559,8.875,2.62451,,1000,0.120335,2.383,,-1.80545e-07,-0.0980853,0.0980853,,-0.000456846,0.0160253,-0.000188339,-9.79397,fluid
1560,8.875,2.87451,,1000,0.0444821,0.841937,,-6.14303e-08,-0.098095,0.098095,,-0.000167798,0.00610996,-7.29316e-05,-9.80389,fluid
1561,8.875,3.12451,,1000,0.0157501,0.288339,,-2.04412e-08,-0.0980984,0.0980984,,-5.95363e-05,0.00223756,-2.70475e-05,-9.80776,fluid
1562,8.875,3.37451,,1000,0.00538317,0.0955667,,-6.60795e-09,-0.0980995,0.0980995,,-2.04679e-05,0.000792037,-9.69986e-06,-9.80921,fluid
1563,8.875,3.62451,,1000,0.00178717,0.0306796,,-2.06188e-09,-0.0980998,0.0980998,,-6.82228e-06,0.000271551,-3.36542e-06,-9.80973,fluid
1564,8.875,3.87451,,1000,0.000576532,0.00957267,,-6.23413e-10,-0.0981,0.0981,,-2.20599e-06,9.01574e-05,-1.12738e-06,-9.80991,fluid
1565,8.875,4.12451,,1000,0.000180499,0.00291089,,-1.83866e-10,-0.0981,0.0981,,-6.93259e-07,2.9016e-05,-3.65271e-07,-9.80997,fluid
1566,8.875,4.37451,,1000,5.49088e-05,0.000863148,,-5.3006e-11,-0.0981,0.0981,,-2.12203e-07,9.0762e-06,-1.14947e-07,-9.80999,fluid
1567,8.875,4.62451,,1000,1.62786e-05,0.000249588,,-1.49114e-11,-0.0981,0.0981,,-6.3351e-08,2.76573e-06,-3.52284e-08,-9.81,fluid
1568,8.875,4.87451,,1000,4.71257e-06,7.04448e-05,,-4.09089e-12,-0.0981,0.0981,,-1.84561e-08,8.2181e-07,-1.05187e-08,-9.81,fluid
1569,8.875,5.12451,,1000,1.33266e-06,1.94335e-05,,-1.0966e-12,-0.0981,0.0981,,-5.24924e-09,2.38207e-07,-3.05955e-09,-9.81,fluid
1570,8.875,5.37451,,1000,3.68145e-07,5.24873e-06,,-2.88207e-13,-0.0981,0.0981,,-1.45868e-09,6.74077e-08,-8.67273e-10,-9.81,fluid
1571,8.875,5.62451,,1000,9.94328e-08,1.38886e-06,,-7.41384e-14,-0.0981,0.0981,,-3.96432e-10,1.86466e-08,-2.39941e-10,-9.81,fluid
1572,8.875,5.87451,,1000,2.62997e-08,3.58977e-07,,-1.87133e-14,-0.0981,0.0981,,-1.05499e-10,5.04787e-09,-6.50513e-11,-9.81,fluid
1573,8.875,6.12451,,1000,6.81256e-09,9.23581e-08,,-4.75401e-15,-0.0981,0.0981,,-2.75579e-11,1.33759e-09,-1.71513e-11,-9.81,fluid
1574,8.875,6.37451,,1000,1.7375e-09,2.26539e-08,,-1.00997e-15,-0.0981,0.0981,,-7.09263e-12,3.459e-10,-4.54008e-12,-9.81,fluid
1575,8.875,6.62451,,1000,4.30044e-10,6.97042e-09,,-2.97115e-16,-0.0981,0.0981,,-1.89343e-12,8.54236e-11,-1.10803e-12,-9.81,fluid
1576,8.875,6.87451,,1000,1.03509e-10,3.48521e-09,,-4.24991e-17,-0.0981,0.0981,,-6.75926e-13,1.89555e-11,-2.83226e-13,-9.81,fluid
1577,8.875,7.12451,,1000,1.98801e-11,3.48521e-09,,-2.27762e-18,-0.0981,0.0981,,-4.14728e-13,4.11944e-12,-2.20281e-14,-9.81,fluid
1578,8.875,7.37451,,1000,-8.76906e-13,3.48521e-09,,-6.57222e-21,-0.0981,0.0981,,-3.31512e-13,3.03068e-12,6.11877e-14,-9.81,fluid
1579,8.875,7.62451,,1000,4.41918e-12,1.74261e-09,,-4.90741e-22,-0.0981,0.0981,,-2.43762e-13,4.32884e-12,-4.74117e-14,-9.81,fluid
1580,8.875,7.87451,,1000,8.06141e-13,1.74261e-09,,-1.56011e-23,-0.0981,0.0981,,-1.48625e-13,5.72648e-12,4.77247e-14,-9.81,fluid
1581,9.125,0.124703,,1000.53,93.9947,4191.44,,-0.000876453,-0.0422995,0.0423086,,-0.584221,9.50683,-0.12513,-0.303166,fluid
1582,9.125,0.37463,,1000.38,81.5122,3016.22,,-0.000305594,-0.0603715,0.0603722,,-0.377705,7.35137,-0.0472868,-2.45863,fluid
1583,9.125,0.624558,,1000.24,56.6712,1903.14,,-0.000145343,-0.0805257,0.0805258,,-0.226799,4.30025,-0.0182861,-5.50975,fluid
1584,9.125,0.87453,,1000.13,33.5775,1050.72,,-8.39379e-05,-0.0894548,0.0894549,,-0.133401,2.77954,-0.0182693,-7.03046,fluid
1585,9.125,1.12452,,1000.07,17.5078,519.242,,-4.53883e-05,-0.0938594,0.0938594,,-0.0717687,1.75627,-0.0148692,-8.05373,fluid
1586,9.125,1.37451,,1000.03,8.84258,237.087,,-2.0891e-05,-0.0962379,0.0962379,,-0.0352669,0.968345,-0.00928555,-8.84166,fluid
1587,9.125,1.62451,,1000.01,4.26691,102.824,,-8.36847e-06,-0.0973409,0.0973409,,-0.0161454,0.479705,-0.00487721,-9.33029,fluid
1588,9.125,1.87451,,1000.01,1.89049,42.951,,-3.35781e-06,-0.0978023,0.0978023,,-0.00701026,0.220297,-0.00230333,-9.5897,fluid
1589,9.125,2.12451,,1000,0.783527,17.1605,,-1.33346e-06,-0.0979859,0.0979859,,-0.00291535,0.0960693,-0.00103474,-9.71393,fluid
1590,9.125,2.37451,,1000,0.312283,6.52769,,-4.98332e-07,-0.0980581,0.0980581,,-0.00116267,0.0401377,-0.000447308,-9.76986,fluid
1591,9.125,2.62451,,1000,0.120339,2.38304,,-1.75588e-07,-0.0980853,0.0980853,,-0.000444323,0.0160255,-0.000183168,-9.79397,fluid
1592,9.125,2.87451,,1000,0.0444833,0.841953,,-5.97434e-08,-0.098095,0.098095,,-0.000163198,0.00611004,-7.09289e-05,-9.80389,fluid
1593,9.125,3.12451,,1000,0.0157506,0.288345,,-1.98798e-08,-0.0980984,0.0980984,,-5.7904e-05,0.00223759,-2.63046e-05,-9.80776,fluid
1594,9.125,3.37451,,1000,0.00538335,0.0955689,,-6.42645e-09,-0.0980995,0.0980995,,-1.99067e-05,0.000792052,-9.43342e-06,-9.80921,fluid
1595,9.125,3.62451,,1000,0.00178723,0.0306804,,-2.00524e-09,-0.0980998,0.0980998,,-6.6352e-06,0.000271557,-3.27296e-06,-9.80973,fluid
1596,9.125,3.87451,,1000,0.000576554,0.00957295,,-6.06286e-10,-0.0981,0.0981,,-2.1455e-06,9.01595e-05,-1.09641e-06,-9.80991,fluid
1597,9.125,4.12451,,1000,0.000180506,0.00291098,,-1.78814e-10,-0.0981,0.0981,,-6.74247e-07,2.90167e-05,-3.55236e-07,-9.80997,fluid
1598,9.125,4.37451,,1000,5.4911e-05,0.000863179,,-5.15503e-11,-0.0981,0.0981,,-2.06383e-07,9.07646e-06,-1.11788e-07,-9.80999,fluid
1599,9.125,4.62451,,1000,1.62792e-05,0.0002496,,-1.45027e-11,-0.0981,0.0981,,-6.16133e-08,2.76581e-06,-3.42598e-08,-9.81,fluid
1600,9.125,4.87451,,1000,4.71277e-06,7.04483e-05,,-3.97918e-12,-0.0981,0.0981,,-1.79501e-08,8.21838e-07,-1.02297e-08,-9.81,fluid
1601,9.125,5.12451,,1000,1.33272e-06,1.94335e-05,,-1.06666e-12,-0.0981,0.0981,,-5.10592e-09,2.38217e-07,-2.97621e-09,-9.81,fluid
1602,9.125,5.37451,,1000,3.68161e-07,5.24873e-06,,-2.80384e-13,-0.0981,0.0981,,-1.41875e-09,6.74103e-08,-8.43548e-10,-9.81,fluid
1603,9.125,5.62451,,1000,9.9436e-08,1.38886e-06,,-7.21999e-14,-0.0981,0.0981,,-3.85138e-10,1.86468e-08,-2.32935e-10,-9.81,fluid
1604,9.125,5.87451,,1000,2.63e-08,3.58977e-07,,-1.82361e-14,-0.0981,0.0981,,-1.02284e-10,5.04752e-09,-6.29444e-11,-9.81,fluid
1605,9.125,6.12451,,1000,6.81214e-09,9.23581e-08,,-4.62536e-15,-0.0981,0.0981,,-2.6719e-11,1.33736e-09,-1.65976e-11,-9.81,fluid
1606,9.125,6.37451,,1000,1.73691e-09,2.26539e-08,,-9.82319e-16,-0.0981,0.0981,,-6.93746e-12,3.45866e-10,-4.45485e-12,-9.81,fluid
1607,9.125,6.62451,,1000,4.29704e-10,6.97042e-09,,-2.88979e-16,-0.0981,0.0981,,-1.87134e-12,8.54134e-11,-1.10746e-12,-9.81,fluid
1608,9.125,6.87451,,1000,1.03401e-10,3.48521e-09,,-4.1335e-17,-0.0981,0.0981,,-6.60516e-13,1.89533e-11,-2.78575e-13,-9.81,fluid
1609,9.125,7.12451,,1000,1.97722e-11,3.48521e-09,,-2.21522e-18,-0.0981,0.0981,,-4.03366e-13,4.11945e-12,-2.14246e-14,-9.81,fluid
1610,9.125,7.37451,,1000,-1.22053e-12,3.48521e-09,,-6.39201e-21,-0.0981,0.0981,,-3.2243e-13,3.03068e-12,5.95114e-14,-9.81,fluid
1611,9.125,7.62451,,1000,3.74419e-12,1.74261e-09,,-4.77286e-22,-0.0981,0.0981,,-2.37083e-13,4.32884e-12,-4.61127e-14,-9.81,fluid
1612,9.125,7.87451,,1000,1.31145e-13,1.74261e-09,,-1.51734e-23,-0.0981,0.0981,,-1.44553e-13,5.72648e-12,4.64172e-14,-9.81,fluid
1613,9.375,0.124703,,1000.53,93.9974,4191.38,,-0.000853124,-0.0422998,0.0423084,,-0.568649,9.50677,-0.121806,-0.303226,fluid
1614,9.375,0.37463,,1000.38,81.514,3016.2,,-0.00029745,-0.0603718,0.0603725,,-0.367636,7.35129,-0.0460319,-2.45871,fluid
1615,9.375,0.624558,,1000.24,56.6719,1903.14,,-0.000141466,-0.0805258,0.0805259,,-0.220752,4.30019,-0.0178001,-5.50981,fluid
1616,9.375,0.87453,,1000.13,33.5778,1050.72,,-8.16984e-05,-0.0894548,0.0894549,,-0.129844,2.77952,-0.0177823,-7.03048,fluid
1617,9.375,1.12452,,1000.07,17.508,519.243,,-4.41773e-05,-0.0938594,0.0938594,,-0.0698549,1.75627,-0.0144726,-8.05373,fluid
1618,9.375,1.37451,,1000.03,8.84274,237.087,,-2.03334e-05,-0.0962379,0.0962379,,-0.0343263,0.968345,-0.0090378,-8.84166,fluid
1619,9.375,1.62451,,1000.01,4.26699,102.824,,-8.14501e-06,-0.0973409,0.0973409,,-0.0157148,0.479705,-0.00474703,-9.33029,fluid
1620,9.375,1.87451,,1000.01,1.89052,42.9514,,-3.26813e-06,-0.0978023,0.0978023,,-0.00682328,0.220298,-0.00224182,-9.5897,fluid
1621,9.375,2.12451,,1000,0.783543,17.1607,,-1.29784e-06,-0.0979859,0.0979859,,-0.00283758,0.0960698,-0.00100711,-9.71393,fluid
1622,9.375,2.37451,,1000,0.31229,6.52778,,-4.85019e-07,-0.0980581,0.0980581,,-0.00113165,0.040138,-0.000435359,-9.76986,fluid
1623,9.375,2.62451,,1000,0.120342,2.38308,,-1.70897e-07,-0.0980853,0.0980853,,-0.000432469,0.0160257,-0.000178274,-9.79397,fluid
1624,9.375,2.87451,,1000,0.0444845,0.841967,,-5.81468e-08,-0.098095,0.098095,,-0.000158843,0.00611012,-6.90334e-05,-9.80389,fluid
1625,9.375,3.12451,,1000,0.015751,0.288351,,-1.93484e-08,-0.0980984,0.0980984,,-5.63589e-05,0.00223763,-2.56015e-05,-9.80776,fluid
1626,9.375,3.37451,,1000,0.00538351,0.095571,,-6.25466e-09,-0.0980995,0.0980995,,-1.93755e-05,0.000792065,-9.18123e-06,-9.80921,fluid
1627,9.375,3.62451,,1000,0.00178728,0.0306811,,-1.95163e-09,-0.0980998,0.0980998,,-6.45811e-06,0.000271562,-3.18546e-06,-9.80973,fluid
1628,9.375,3.87451,,1000,0.000576573,0.0095732,,-5.90076e-10,-0.0981,0.0981,,-2.08823e-06,9.01615e-05,-1.06709e-06,-9.80991,fluid
1629,9.375,4.12451,,1000,0.000180512,0.00291107,,-1.74034e-10,-0.0981,0.0981,,-6.56249e-07,2.90174e-05,-3.45735e-07,-9.80997,fluid
1630,9.375,4.37451,,1000,5.49131e-05,0.000863207,,-5.01735e-11,-0.0981,0.0981,,-2.00873e-07,9.0767e-06,-1.08797e-07,-9.80999,fluid
1631,9.375,4.62451,,1000,1.62799e-05,0.000249604,,-1.4116e-11,-0.0981,0.0981,,-5.99675e-08,2.76589e-06,-3.3343e-08,-9.81,fluid
1632,9.375,4.87451,,1000,4.71297e-06,7.04501e-05,,-3.87355e-12,-0.0981,0.0981,,-1.74708e-08,8.21863e-07,-9.95616e-09,-9.81,fluid
1633,9.375,5.12451,,1000,1.33278e-06,1.94353e-05,,-1.03864e-12,-0.0981,0.0981,,-4.97053e-09,2.38225e-07,-2.89744e-09,-9.81,fluid
1634,9.375,5.37451,,1000,3.68184e-07,5.24699e-06,,-2.73557e-13,-0.0981,0.0981,,-1.3822e-09,6.74132e-08,-8.22522e-10,-9.81,fluid
1635,9.375,5.62451,,1000,9.94455e-08,1.38711e-06,,-7.07297e-14,-0.0981,0.0981,,-3.75721e-10,1.86474e-08,-2.27763e-10,-9.81,fluid
1636,9.375,5.87451,,1000,2.63069e-08,3.58977e-07,,-1.79083e-14,-0.0981,0.0981,,-9.99116e-11,5.04724e-09,-6.16207e-11,-9.81,fluid
1637,9.375,6.12451,,1000,6.81868e-09,9.23581e-08,,-4.51931e-15,-0.0981,0.0981,,-2.60866e-11,1.33713e-09,-1.6235e-11,-9.81,fluid
1638,9.375,6.37451,,1000,1.74335e-09,2.26539e-08,,-9.56146e-16,-0.0981,0.0981,,-6.75458e-12,3.45813e-10,-4.33817e-12,-9.81,fluid
1639,9.375,6.62451,,1000,4.29481e-10,6.97042e-09,,-2.81276e-16,-0.0981,0.0981,,-1.82144e-12,8.54134e-11,-1.07793e-12,-9.81,fluid
1640,9.375,6.87451,,1000,1.03333e-10,3.48521e-09,,-4.02329e-17,-0.0981,0.0981,,-6.42903e-13,1.89533e-11,-2.71147e-13,-9.81,fluid
1641,9.375,7.12451,,1000,1.96993e-11,3.48521e-09,,-2.15615e-18,-0.0981,0.0981,,-3.92609e-13,4.11945e-12,-2.08533e-14,-9.81,fluid
1642,9.375,7.37451,,1000,-1.48835e-12,3.48521e-09,,-6.22141e-21,-0.0981,0.0981,,-3.13832e-13,3.03068e-12,5.79244e-14,-9.81,fluid
1643,9.375,7.62451,,1000,9.47198e-12,1.74261e-09,,-4.64549e-22,-0.0981,0.0981,,-2.30761e-13,4.32884e-12,-4.4883e-14,-9.81,fluid
1644,9.375,7.87451,,1000,4.24313e-12,1.74261e-09,,-1.47686e-23,-0.0981,0.0981,,-1.40699e-13,5.72648e-12,4.51794e-14,-9.81,fluid
1645,9.625,0.124703,,1000.53,93.9999,4191.33,,-0.000831003,-0.0423002,0.0423083,,-0.553885,9.50672,-0.118654,-0.303281,fluid
1646,9.625,0.37463,,1000.38,81.5158,3016.17,,-0.000289729,-0.0603721,0.0603728,,-0.35809,7.35122,-0.0448417,-2.45878,fluid
1647,9.625,0.624558,,1000.24,56.6726,1903.13,,-0.00013779,-0.0805259,0.080526,,-0.21502,4.30014,-0.0173392,-5.50986,fluid
1648,9.625,0.87453,,1000.13,33.578,1050.72,,-7.95754e-05,-0.0894548,0.0894549,,-0.126471,2.7795,-0.0173206,-7.0305,fluid
1649,9.625,1.12452,,1000.07,17.5082,519.243,,-4.30292e-05,-0.0938594,0.0938594,,-0.0680404,1.75626,-0.0140966,-8.05374,fluid
1650,9.625,1.37451,,1000.03,8.84288,237.088,,-1.98049e-05,-0.0962379,0.0962379,,-0.0334347,0.968345,-0.00880293,-8.84166,fluid
1651,9.625,1.62451,,1000.01,4.26706,102.825,,-7.93319e-06,-0.0973409,0.0973409,,-0.0153066,0.479706,-0.00462362,-9.33029,fluid
1652,9.625,1.87451,,1000.01,1.89055,42.9517,,-3.18312e-06,-0.0978023,0.0978023,,-0.00664601,0.220298,-0.00218352,-9.5897,fluid
1653,9.625,2.12451,,1000,0.783557,17.1609,,-1.26408e-06,-0.0979859,0.0979859,,-0.00276385,0.0960703,-0.000980907,-9.71393,fluid
1654,9.625,2.37451,,1000,0.312296,6.52785,,-4.724e-07,-0.0980581,0.0980581,,-0.00110225,0.0401383,-0.000424031,-9.76986,fluid
1655,9.625,2.62451,,1000,0.120344,2.38311,,-1.66449e-07,-0.0980853,0.0980853,,-0.000421231,0.0160258,-0.000173635,-9.79397,fluid
1656,9.625,2.87451,,1000,0.0444856,0.841981,,-5.66334e-08,-0.098095,0.098095,,-0.000154715,0.00611019,-6.72367e-05,-9.80389,fluid
1657,9.625,3.12451,,1000,0.0157514,0.288356,,-1.88448e-08,-0.0980984,0.0980984,,-5.48941e-05,0.00223766,-2.49351e-05,-9.80776,fluid
1658,9.625,3.37451,,1000,0.00538365,0.095573,,-6.09184e-09,-0.0980995,0.0980995,,-1.88719e-05,0.000792078,-8.9422e-06,-9.80921,fluid
1659,9.625,3.62451,,1000,0.00178734,0.0306818,,-1.90081e-09,-0.0980998,0.0980998,,-6.29024e-06,0.000271567,-3.10251e-06,-9.80973,fluid
1660,9.625,3.87451,,1000,0.000576591,0.00957343,,-5.74708e-10,-0.0981,0.0981,,-2.03394e-06,9.01633e-05,-1.0393e-06,-9.80991,fluid
1661,9.625,4.12451,,1000,0.000180518,0.00291115,,-1.695e-10,-0.0981,0.0981,,-6.39185e-07,2.90181e-05,-3.36729e-07,-9.80997,fluid
1662,9.625,4.37451,,1000,5.4915e-05,0.00086323,,-4.88661e-11,-0.0981,0.0981,,-1.95648e-07,9.07691e-06,-1.05962e-07,-9.80999,fluid
1663,9.625,4.62451,,1000,1.62805e-05,0.000249613,,-1.37476e-11,-0.0981,0.0981,,-5.84072e-08,2.76596e-06,-3.24734e-08,-9.81,fluid
1664,9.625,4.87451,,1000,4.71313e-06,7.04553e-05,,-3.77226e-12,-0.0981,0.0981,,-1.70157e-08,8.21886e-07,-9.69566e-09,-9.81,fluid
1665,9.625,5.12451,,1000,1.33283e-06,1.94353e-05,,-1.0114e-12,-0.0981,0.0981,,-4.84118e-09,2.38231e-07,-2.82193e-09,-9.81,fluid
1666,9.625,5.37451,,1000,3.68179e-07,5.25047e-06,,-2.66136e-13,-0.0981,0.0981,,-1.34692e-09,6.74156e-08,-8.01419e-10,-9.81,fluid
1667,9.625,5.62451,,1000,9.94492e-08,1.38711e-06,,-6.89079e-14,-0.0981,0.0981,,-3.66955e-10,1.86484e-08,-2.2284e-10,-9.81,fluid
1668,9.625,5.87451,,1000,2.63015e-08,3.58977e-07,,-1.74497e-14,-0.0981,0.0981,,-9.79282e-11,5.04751e-09,-6.06319e-11,-9.81,fluid
1669,9.625,6.12451,,1000,6.81311e-09,9.23581e-08,,-4.40244e-15,-0.0981,0.0981,,-2.56103e-11,1.33719e-09,-1.60147e-11,-9.81,fluid
1670,9.625,6.37451,,1000,1.73735e-09,2.26539e-08,,-9.31304e-16,-0.0981,0.0981,,-6.60114e-12,3.45815e-10,-4.24749e-12,-9.81,fluid
1671,9.625,6.62451,,1000,4.29802e-10,6.97042e-09,,-2.73969e-16,-0.0981,0.0981,,-1.77413e-12,8.54135e-11,-1.04993e-12,-9.81,fluid
1672,9.625,6.87451,,1000,1.03411e-10,3.48521e-09,,-3.91878e-17,-0.0981,0.0981,,-6.26204e-13,1.89533e-11,-2.64104e-13,-9.81,fluid
1673,9.625,7.12451,,1000,1.97712e-11,3.48521e-09,,-2.10014e-18,-0.0981,0.0981,,-3.82412e-13,4.11945e-12,-2.03116e-14,-9.81,fluid
1674,9.625,7.37451,,1000,-1.23471e-12,3.48521e-09,,-6.0597e-21,-0.0981,0.0981,,-3.0568e-13,3.03068e-12,5.64199e-14,-9.81,fluid
1675,9.625,7.62451,,1000,3.7094e-12,1.74261e-09,,-4.52474e-22,-0.0981,0.0981,,-2.24767e-13,4.32884e-12,-4.37173e-14,-9.81,fluid
1676,9.625,7.87451,,1000,9.63463e-14,1.74261e-09,,-1.43848e-23,-0.0981,0.0981,,-1.37044e-13,5.72648e-12,4.40059e-14,-9.81,fluid
1677,9.875,0.124703,,1000.53,94.0022,4191.28,,-0.00081,-0.0423004,0.0423082,,-0.539868,9.50667,-0.115661,-0.303332,fluid
1678,9.875,0.37463,,1000.38,81.5174,3016.15,,-0.000282399,-0.0603724,0.060373,,-0.349027,7.35115,-0.0437114,-2.45885,fluid
1679,9.875,0.624558,,1000.24,56.6732,1903.13,,-0.0001343,-0.080526,0.0805261,,-0.209577,4.3001,-0.0169016,-5.5099,fluid
1680,9.875,0.87453,,1000.13,33.5783,1050.72,,-7.756e-05,-0.0894548,0.0894549,,-0.12327,2.77949,-0.0168823,-7.03051,fluid
1681,9.875,1.12452,,1000.07,17.5084,519.244,,-4.19393e-05,-0.0938593,0.0938594,,-0.0663179,1.75626,-0.0137397,-8.05374,fluid
1682,9.875,1.37451,,1000.03,8.84301,237.088,,-1.93031e-05,-0.0962379,0.0962379,,-0.0325882,0.968344,-0.00857997,-8.84166,fluid
1683,9.875,1.62451,,1000.01,4.26712,102.825,,-7.73212e-06,-0.0973409,0.0973409,,-0.014919,0.479706,-0.00450647,-9.33029,fluid
1684,9.875,1.87451,,1000.01,1.89058,42.952,,-3.10242e-06,-0.0978023,0.0978023,,-0.00647772,0.220299,-0.00212817,-9.5897,fluid
1685,9.875,2.12451,,1000,0.78357,17.161,,-1.23203e-06,-0.0979859,0.0979859,,-0.00269386,0.0960708,-0.000956037,-9.71393,fluid
1686,9.875,2.37451,,1000,0.312302,6.52792,,-4.60421e-07,-0.0980581,0.0980581,,-0.00107433,0.0401386,-0.000413279,-9.76986,fluid
1687,9.875,2.62451,,1000,0.120347,2.38314,,-1.62228e-07,-0.0980853,0.0980853,,-0.000410562,0.016026,-0.000169232,-9.79397,fluid
1688,9.875,2.87451,,1000,0.0444866,0.841993,,-5.51968e-08,-0.098095,0.098095,,-0.000150796,0.00611025,-6.55312e-05,-9.80389,fluid
1689,9.875,3.12451,,1000,0.0157518,0.288361,,-1.83667e-08,-0.0980984,0.0980984,,-5.35036e-05,0.00223769,-2.43025e-05,-9.80776,fluid
1690,9.875,3.37451,,1000,0.00538379,0.0955747,,-5.93728e-09,-0.0980995,0.0980995,,-1.83938e-05,0.00079209,-8.71532e-06,-9.80921,fluid
1691,9.875,3.62451,,1000,0.00178739,0.0306825,,-1.85258e-09,-0.0980998,0.0980998,,-6.13087e-06,0.000271572,-3.02379e-06,-9.80973,fluid
1692,9.875,3.87451,,1000,0.000576608,0.00957364,,-5.60124e-10,-0.0981,0.0981,,-1.98241e-06,9.0165e-05,-1.01293e-06,-9.80991,fluid
1693,9.875,4.12451,,1000,0.000180523,0.00291121,,-1.65199e-10,-0.0981,0.0981,,-6.22989e-07,2.90187e-05,-3.28182e-07,-9.80997,fluid
1694,9.875,4.37451,,1000,5.49167e-05,0.000863252,,-4.7625e-11,-0.0981,0.0981,,-1.9069e-07,9.07712e-06,-1.03272e-07,-9.80999,fluid
1695,9.875,4.62451,,1000,1.6281e-05,0.00024962,,-1.3398e-11,-0.0981,0.0981,,-5.69263e-08,2.76603e-06,-3.16484e-08,-9.81,fluid
1696,9.875,4.87451,,1000,4.71332e-06,7.04536e-05,,-3.67642e-12,-0.0981,0.0981,,-1.65837e-08,8.21906e-07,-9.44917e-09,-9.81,fluid
1697,9.875,5.12451,,1000,1.33287e-06,1.9437e-05,,-9.85576e-13,-0.0981,0.0981,,-4.71775e-09,2.38237e-07,-2.74945e-09,-9.81,fluid
1698,9.875,5.37451,,1000,3.68208e-07,5.24873e-06,,-2.58801e-13,-0.0981,0.0981,,-1.312e-09,6.74173e-08,-7.8048e-10,-9.81,fluid
1699,9.875,5.62451,,1000,9.94466e-08,1.38886e-06,,-6.67114e-14,-0.0981,0.0981,,-3.57229e-10,1.86491e-08,-2.16586e-10,-9.81,fluid
1700,9.875,5.87451,,1000,2.63033e-08,3.58977e-07,,-1.68623e-14,-0.0981,0.0981,,-9.53042e-11,5.04795e-09,-5.89521e-11,-9.81,fluid
1701,9.875,6.12451,,1000,6.81425e-09,9.23581e-08,,-4.27515e-15,-0.0981,0.0981,,-2.4939e-11,1.33737e-09,-1.55863e-11,-9.81,fluid
1702,9.875,6.37451,,1000,1.73803e-09,2.26539e-08,,-9.07701e-16,-0.0981,0.0981,,-6.43403e-12,3.45865e-10,-4.13997e-12,-9.81,fluid
1703,9.875,6.62451,,1000,4.3006e-10,6.97042e-09,,-2.67029e-16,-0.0981,0.0981,,-1.72921e-12,8.54135e-11,-1.02334e-12,-9.81,fluid
1704,9.875,6.87451,,1000,1.03487e-10,3.48521e-09,,-3.81955e-17,-0.0981,0.0981,,-6.1035e-13,1.89533e-11,-2.57418e-13,-9.81,fluid
1705,9.875,7.12451,,1000,1.98429e-11,3.48521e-09,,-2.04697e-18,-0.0981,0.0981,,-3.7273e-13,4.11945e-12,-1.97974e-14,-9.81,fluid
1706,9.875,7.37451,,1000,-1.03232e-12,3.48521e-09,,-5.90617e-21,-0.0981,0.0981,,-2.97941e-13,3.03068e-12,5.49915e-14,-9.81,fluid
1707,9.875,7.62451,,1000,4.1236e-12,1.74261e-09,,-4.41011e-22,-0.0981,0.0981,,-2.19077e-13,4.32884e-12,-4.26105e-14,-9.81,fluid
1708,9.875,7.87451,,1000,5.10546e-13,1.74261e-09,,-1.40205e-23,-0.0981,0.0981,,-1.33575e-13,5.72648e-12,4.28918e-14,-9.81,fluid
1709,10.125,0.124703,,1000.53,94.0043,4191.23,,-0.000790031,-0.0423007,0.0423081,,-0.526543,9.50662,-0.112815,-0.30338,fluid
1710,10.125,0.37463,,1000.38,81.5189,3016.13,,-0.000275431,-0.0603726,0.0603733,,-0.340412,7.35109,-0.0426366,-2.45891,fluid
1711,10.125,0.624558,,1000.24,56.6738,1903.13,,-0.000130983,-0.0805261,0.0805262,,-0.204403,4.30005,-0.0164855,-5.50995,fluid
1712,10.125,0.87453,,1000.13,33.5785,1050.72,,-7.56441e-05,-0.0894548,0.0894549,,-0.120226,2.77947,-0.0164656,-7.03053,fluid
1713,10.125,1.12452,,1000.07,17.5086,519.244,,-4.09033e-05,-0.0938593,0.0938593,,-0.0646804,1.75625,-0.0134004,-8.05375,fluid
1714,10.125,1.37451,,1000.03,8.84314,237.089,,-1.88261e-05,-0.0962379,0.0962379,,-0.0317835,0.968344,-0.00836802,-8.84166,fluid
1715,10.125,1.62451,,1000.01,4.26719,102.826,,-7.54099e-06,-0.0973409,0.0973409,,-0.0145506,0.479706,-0.00439511,-9.33029,fluid
1716,10.125,1.87451,,1000.01,1.89061,42.9523,,-3.02571e-06,-0.0978023,0.0978023,,-0.00631775,0.220299,-0.00207556,-9.5897,fluid
1717,10.125,2.12451,,1000,0.783582,17.1612,,-1.20156e-06,-0.0979859,0.0979859,,-0.00262733,0.0960712,-0.000932399,-9.71393,fluid
1718,10.125,2.37451,,1000,0.312308,6.52799,,-4.49036e-07,-0.0980581,0.0980581,,-0.0010478,0.0401389,-0.000403059,-9.76986,fluid
1719,10.125,2.62451,,1000,0.120349,2.38317,,-1.58216e-07,-0.0980853,0.0980853,,-0.000400421,0.0160261,-0.000165046,-9.79397,fluid
1720,10.125,2.87451,,1000,0.0444875,0.842005,,-5.38314e-08,-0.098095,0.098095,,-0.000147071,0.00611031,-6.39102e-05,-9.80389,fluid
1721,10.125,3.12451,,1000,0.0157521,0.288365,,-1.79123e-08,-0.0980984,0.0980984,,-5.21817e-05,0.00223771,-2.37012e-05,-9.80776,fluid
1722,10.125,3.37451,,1000,0.00538392,0.0955764,,-5.79038e-09,-0.0980995,0.0980995,,-1.79393e-05,0.000792101,-8.49967e-06,-9.80921,fluid
1723,10.125,3.62451,,1000,0.00178743,0.030683,,-1.80675e-09,-0.0980998,0.0980998,,-5.97939e-06,0.000271576,-2.94896e-06,-9.80973,fluid
1724,10.125,3.87451,,1000,0.000576623,0.00957384,,-5.46266e-10,-0.0981,0.0981,,-1.93342e-06,9.01665e-05,-9.8786e-07,-9.80991,fluid
1725,10.125,4.12451,,1000,0.000180528,0.00291128,,-1.61114e-10,-0.0981,0.0981,,-6.07594e-07,2.90192e-05,-3.20061e-07,-9.80997,fluid
1726,10.125,4.37451,,1000,5.49183e-05,0.000863273,,-4.64486e-11,-0.0981,0.0981,,-1.85978e-07,9.0773e-06,-1.00717e-07,-9.80999,fluid
1727,10.125,4.62451,,1000,1.62815e-05,0.000249623,,-1.3068e-11,-0.0981,0.0981,,-5.55209e-08,2.76609e-06,-3.08668e-08,-9.81,fluid
1728,10.125,4.87451,,1000,4.71347e-06,7.04553e-05,,-3.58696e-12,-0.0981,0.0981,,-1.61752e-08,8.21925e-07,-9.21664e-09,-9.81,fluid
1729,10.125,5.12451,,1000,1.33291e-06,1.94388e-05,,-9.61999e-13,-0.0981,0.0981,,-4.60157e-09,2.38243e-07,-2.68169e-09,-9.81,fluid
1730,10.125,5.37451,,1000,3.68222e-07,5.24873e-06,,-2.52346e-13,-0.0981,0.0981,,-1.27937e-09,6.74191e-08,-7.6098e-10,-9.81,fluid
1731,10.125,5.62451,,1000,9.94507e-08,1.38886e-06,,-6.48097e-14,-0.0981,0.0981,,-3.47666e-10,1.86496e-08,-2.10495e-10,-9.81,fluid
1732,10.125,5.87451,,1000,2.63042e-08,3.58977e-07,,-1.63614e-14,-0.0981,0.0981,,-9.24083e-11,5.04797e-09,-5.69538e-11,-9.81,fluid
1733,10.125,6.12451,,1000,6.81413e-09,9.23581e-08,,-4.16628e-15,-0.0981,0.0981,,-2.41332e-11,1.33734e-09,-1.50114e-11,-9.81,fluid
1734,10.125,6.37451,,1000,1.7377e-09,2.26539e-08,,-8.85263e-16,-0.0981,0.0981,,-6.25311e-12,3.45863e-10,-4.01569e-12,-9.81,fluid
1735,10.125,6.62451,,1000,4.29871e-10,6.97042e-09,,-2.60432e-16,-0.0981,0.0981,,-1.68651e-12,8.54135e-11,-9.98071e-13,-9.81,fluid
1736,10.125,6.87451,,1000,1.03418e-10,3.48521e-09,,-3.72523e-17,-0.0981,0.0981,,-5.9528e-13,1.89533e-11,-2.51061e-13,-9.81,fluid
1737,10.125,7.12451,,1000,1.97715e-11,3.48521e-09,,-1.99643e-18,-0.0981,0.0981,,-3.63527e-13,4.11945e-12,-1.93086e-14,-9.81,fluid
1738,10.125,7.37451,,1000,-1.23466e-12,3.48521e-09,,-5.76023e-21,-0.0981,0.0981,,-2.90585e-13,3.03068e-12,5.36337e-14,-9.81,fluid
1739,10.125,7.62451,,1000,3.7094e-12,1.74261e-09,,-4.30115e-22,-0.0981,0.0981,,-2.13668e-13,4.32884e-12,-4.15584e-14,-9.81,fluid
1740,10.125,7.87451,,1000,9.63464e-14,1.74261e-09,,-1.36741e-23,-0.0981,0.0981,,-1.30276e-13,5.72648e-12,4.18328e-14,-9.81,fluid
1741,10.375,0.124703,,1000.53,94.0063,4191.19,,-0.000771022,-0.042301,0.042308,,-0.51386,9.50658,-0.110106,-0.303424,fluid
1742,10.375,0.37463,,1000.38,81.5203,3016.12,,-0.000268798,-0.0603729,0.0603735,,-0.332212,7.35103,-0.0416132,-2.45897,fluid
1743,10.375,0.624558,,1000.24,56.6743,1903.12,,-0.000127826,-0.0805262,0.0805263,,-0.199479,4.30001,-0.0160893,-5.50999,fluid
1744,10.375,0.87453,,1000.13,33.5787,1050.72,,-7.38207e-05,-0.0894548,0.0894549,,-0.11733,2.77946,-0.0160689,-7.03054,fluid
1745,10.375,1.12452,,1000.07,17.5088,519.245,,-3.99172e-05,-0.0938593,0.0938593,,-0.0631218,1.75625,-0.0130774,-8.05375,fluid
1746,10.375,1.37451,,1000.03,8.84325,237.089,,-1.83722e-05,-0.0962379,0.0962379,,-0.0310176,0.968344,-0.0081663,-8.84166,fluid
1747,10.375,1.62451,,1000.01,4.26724,102.826,,-7.35908e-06,-0.0973409,0.0973409,,-0.0142,0.479707,-0.00428912,-9.33029,fluid
1748,10.375,1.87451,,1000.01,1.89063,42.9526,,-2.95271e-06,-0.0978023,0.0978023,,-0.00616549,0.2203,-0.0020255,-9.5897,fluid
1749,10.375,2.12451,,1000,0.783593,17.1613,,-1.17257e-06,-0.0979859,0.0979859,,-0.002564,0.0960716,-0.000909902,-9.71393,fluid
1750,10.375,2.37451,,1000,0.312313,6.52804,,-4.382e-07,-0.0980581,0.0980581,,-0.00102254,0.0401391,-0.000393332,-9.76986,fluid
1751,10.375,2.62451,,1000,0.120351,2.38319,,-1.54397e-07,-0.0980853,0.0980853,,-0.000390768,0.0160263,-0.000161063,-9.79397,fluid
1752,10.375,2.87451,,1000,0.0444883,0.842016,,-5.2532e-08,-0.098095,0.098095,,-0.000143526,0.00611037,-6.23676e-05,-9.80389,fluid
1753,10.375,3.12451,,1000,0.0157525,0.288369,,-1.74799e-08,-0.0980984,0.0980984,,-5.09237e-05,0.00223774,-2.3129e-05,-9.80776,fluid
1754,10.375,3.37451,,1000,0.00538403,0.0955779,,-5.65058e-09,-0.0980995,0.0980995,,-1.75068e-05,0.000792111,-8.29445e-06,-9.80921,fluid
1755,10.375,3.62451,,1000,0.00178747,0.0306836,,-1.76313e-09,-0.0980998,0.0980998,,-5.83521e-06,0.00027158,-2.87775e-06,-9.80973,fluid
1756,10.375,3.87451,,1000,0.000576637,0.00957403,,-5.33075e-10,-0.0981,0.0981,,-1.8868e-06,9.0168e-05,-9.64002e-07,-9.80991,fluid
1757,10.375,4.12451,,1000,0.000180533,0.00291134,,-1.57222e-10,-0.0981,0.0981,,-5.92942e-07,2.90197e-05,-3.12331e-07,-9.80997,fluid
1758,10.375,4.37451,,1000,5.49198e-05,0.000863291,,-4.53265e-11,-0.0981,0.0981,,-1.81494e-07,9.07748e-06,-9.82856e-08,-9.80999,fluid
1759,10.375,4.62451,,1000,1.6282e-05,0.000249634,,-1.27528e-11,-0.0981,0.0981,,-5.41836e-08,2.76615e-06,-3.01226e-08,-9.81,fluid
1760,10.375,4.87451,,1000,4.71361e-06,7.0457e-05,,-3.50078e-12,-0.0981,0.0981,,-1.57872e-08,8.21943e-07,-8.9962e-09,-9.81,fluid
1761,10.375,5.12451,,1000,1.33296e-06,1.9437e-05,,-9.39299e-13,-0.0981,0.0981,,-4.49278e-09,2.38249e-07,-2.61933e-09,-9.81,fluid
1762,10.375,5.37451,,1000,3.68231e-07,5.24873e-06,,-2.46413e-13,-0.0981,0.0981,,-1.25019e-09,6.74215e-08,-7.44292e-10,-9.81,fluid
1763,10.375,5.62451,,1000,9.94623e-08,1.38711e-06,,-6.3247e-14,-0.0981,0.0981,,-3.40164e-10,1.86505e-08,-2.06466e-10,-9.81,fluid
1764,10.375,5.87451,,1000,2.63119e-08,3.58977e-07,,-1.59635e-14,-0.0981,0.0981,,-9.04612e-11,5.04796e-09,-5.58611e-11,-9.81,fluid
1765,10.375,6.12451,,1000,6.82058e-09,9.23581e-08,,-4.06583e-15,-0.0981,0.0981,,-2.35749e-11,1.3372e-09,-1.46729e-11,-9.81,fluid
1766,10.375,6.37451,,1000,1.74401e-09,2.26539e-08,,-8.6392e-16,-0.0981,0.0981,,-6.10238e-12,3.45813e-10,-3.91887e-12,-9.81,fluid
1767,10.375,6.62451,,1000,4.29619e-10,6.97042e-09,,-2.54156e-16,-0.0981,0.0981,,-1.64587e-12,8.54135e-11,-9.74019e-13,-9.81,fluid
1768,10.375,6.87451,,1000,1.03347e-10,3.48521e-09,,-3.63546e-17,-0.0981,0.0981,,-5.80936e-13,1.89533e-11,-2.45012e-13,-9.81,fluid
1769,10.375,7.12451,,1000,1.96999e-11,3.48521e-09,,-1.94832e-18,-0.0981,0.0981,,-3.54767e-13,4.11945e-12,-1.88433e-14,-9.81,fluid
1770,10.375,7.37451,,1000,-1.48826e-12,3.48521e-09,,-5.62133e-21,-0.0981,0.0981,,-2.83583e-13,3.03068e-12,5.23413e-14,-9.81,fluid
1771,10.375,7.62451,,1000,9.47199e-12,1.74261e-09,,-4.19744e-22,-0.0981,0.0981,,-2.08519e-13,4.32884e-12,-4.0557e-14,-9.81,fluid
1772,10.375,7.87451,,1000,4.24313e-12,1.74261e-09,,-1.33445e-23,-0.0981,0.0981,,-1.27137e-13,5.72648e-12,4.08247e-14,-9.81,fluid
1773,10.625,0.124703,,1000.53,94.0082,4191.14,,-0.000752907,-0.0423012,0.0423079,,-0.501773,9.50654,-0.107523,-0.303465,fluid
1774,10.625,0.37463,,1000.38,81.5216,3016.1,,-0.000262476,-0.0603731,0.0603737,,-0.324397,7.35098,-0.0406377,-2.45902,fluid
1775,10.625,0.624558,,1000.24,56.6748,1903.12,,-0.000124817,-0.0805263,0.0805264,,-0.194786,4.29998,-0.0157117,-5.51002,fluid
1776,10.625,0.87453,,1000.13,33.5789,1050.72,,-7.20831e-05,-0.0894548,0.0894548,,-0.114569,2.77944,-0.015691,-7.03056,fluid
1777,10.625,1.12452,,1000.07,17.5089,519.245,,-3.89776e-05,-0.0938593,0.0938593,,-0.0616366,1.75625,-0.0127697,-8.05375,fluid
1778,10.625,1.37451,,1000.03,8.84336,237.09,,-1.79396e-05,-0.0962379,0.0962379,,-0.0302877,0.968344,-0.00797407,-8.84166,fluid
1779,10.625,1.62451,,1000.01,4.2673,102.827,,-7.18575e-06,-0.0973409,0.0973409,,-0.0138658,0.479707,-0.00418813,-9.33029,fluid
1780,10.625,1.87451,,1000.01,1.89066,42.9529,,-2.88315e-06,-0.0978023,0.0978023,,-0.00602039,0.2203,-0.00197779,-9.5897,fluid
1781,10.625,2.12451,,1000,0.783604,17.1614,,-1.14495e-06,-0.0979859,0.0979859,,-0.00250366,0.096072,-0.000888465,-9.71393,fluid
1782,10.625,2.37451,,1000,0.312318,6.5281,,-4.27875e-07,-0.0980581,0.0980581,,-0.000998474,0.0401394,-0.000384065,-9.76986,fluid
1783,10.625,2.62451,,1000,0.120353,2.38322,,-1.50759e-07,-0.0980853,0.0980853,,-0.00038157,0.0160264,-0.000157267,-9.79397,fluid
1784,10.625,2.87451,,1000,0.0444891,0.842026,,-5.12939e-08,-0.098095,0.098095,,-0.000140147,0.00611042,-6.08977e-05,-9.80389,fluid
1785,10.625,3.12451,,1000,0.0157528,0.288373,,-1.70678e-08,-0.0980984,0.0980984,,-4.97249e-05,0.00223776,-2.25839e-05,-9.80776,fluid
1786,10.625,3.37451,,1000,0.00538414,0.0955793,,-5.51738e-09,-0.0980995,0.0980995,,-1.70946e-05,0.00079212,-8.09891e-06,-9.80921,fluid
1787,10.625,3.62451,,1000,0.00178751,0.0306841,,-1.72156e-09,-0.0980998,0.0980998,,-5.69782e-06,0.000271583,-2.80991e-06,-9.80973,fluid
1788,10.625,3.87451,,1000,0.00057665,0.00957419,,-5.20506e-10,-0.0981,0.0981,,-1.84237e-06,9.01693e-05,-9.41271e-07,-9.80991,fluid
1789,10.625,4.12451,,1000,0.000180537,0.00291139,,-1.53512e-10,-0.0981,0.0981,,-5.78979e-07,2.90202e-05,-3.04966e-07,-9.80997,fluid
1790,10.625,4.37451,,1000,5.49212e-05,0.000863311,,-4.42575e-11,-0.0981,0.0981,,-1.7722e-07,9.07764e-06,-9.59676e-08,-9.80999,fluid
1791,10.625,4.62451,,1000,1.62824e-05,0.000249637,,-1.24526e-11,-0.0981,0.0981,,-5.29078e-08,2.7662e-06,-2.94125e-08,-9.81,fluid
1792,10.625,4.87451,,1000,4.71373e-06,7.04605e-05,,-3.4177e-12,-0.0981,0.0981,,-1.5416e-08,8.2196e-07,-8.78446e-09,-9.81,fluid
1793,10.625,5.12451,,1000,1.33298e-06,1.94405e-05,,-9.16801e-13,-0.0981,0.0981,,-4.38822e-09,2.38254e-07,-2.55853e-09,-9.81,fluid
1794,10.625,5.37451,,1000,3.68241e-07,5.25047e-06,,-2.40551e-13,-0.0981,0.0981,,-1.22227e-09,6.74242e-08,-7.28107e-10,-9.81,fluid
1795,10.625,5.62451,,1000,9.94692e-08,1.38711e-06,,-6.17867e-14,-0.0981,0.0981,,-3.33642e-10,1.86521e-08,-2.03091e-10,-9.81,fluid
1796,10.625,5.87451,,1000,2.63078e-08,3.58977e-07,,-1.55936e-14,-0.0981,0.0981,,-8.92262e-11,5.04863e-09,-5.54402e-11,-9.81,fluid
1797,10.625,6.12451,,1000,6.81501e-09,9.23581e-08,,-3.97015e-15,-0.0981,0.0981,,-2.3328e-11,1.33737e-09,-1.46355e-11,-9.81,fluid
1798,10.625,6.37451,,1000,1.73786e-09,2.26539e-08,,-8.4359e-16,-0.0981,0.0981,,-6.02279e-12,3.45809e-10,-3.89066e-12,-9.81,fluid
1799,10.625,6.62451,,1000,4.29931e-10,6.97042e-09,,-2.48176e-16,-0.0981,0.0981,,-1.66803e-12,8.54135e-11,-1.01199e-12,-9.81,fluid
1800,10.625,6.87451,,1000,1.03445e-10,3.48521e-09,,-3.54992e-17,-0.0981,0.0981,,-6.03065e-13,1.89653e-11,-2.75045e-13,-9.81,fluid
1801,10.625,7.12451,,1000,1.97772e-11,3.48521e-09,,-1.90248e-18,-0.0981,0.0981,,-3.53894e-13,4.11945e-12,-2.58741e-14,-9.81,fluid
1802,10.625,7.37451,,1000,-1.20617e-12,3.48521e-09,,-5.48898e-21,-0.0981,0.0981,,-3.16446e-13,3.01626e-12,1.15745e-14,-9.81,fluid
1803,10.625,7.62451,,1000,3.779e-12,1.74261e-09,,-4.09862e-22,-0.0981,0.0981,,-3.00303e-13,4.31691e-12,-1.36293e-13,-9.81,fluid
1804,10.625,7.87451,,1000,1.65943e-13,1.74261e-09,,-1.30304e-23,-0.0981,0.0981,,-2.20836e-13,5.73841e-12,-5.68262e-14,-9.81,fluid
1805,10.875,0.124703,,1000.53,94.0099,4191.11,,-0.000735622,-0.0423014,0.0423078,,-0.490242,9.5065,-0.105058,-0.303503,fluid
1806,10.875,0.37463,,1000.38,81.5228,3016.08,,-0.000256446,-0.0603733,0.0603738,,-0.316942,7.35093,-0.0397069,-2.45907,fluid
1807,10.875,0.624558,,1000.24,56.6752,1903.12,,-0.000121947,-0.0805263,0.0805264,,-0.190309,4.29994,-0.0153514,-5.51006,fluid
1808,10.875,0.87453,,1000.13,33.5791,1050.72,,-7.04254e-05,-0.0894548,0.0894548,,-0.111935,2.77943,-0.0153303,-7.03057,fluid
1809,10.875,1.12452,,1000.07,17.5091,519.245,,-3.80812e-05,-0.0938593,0.0938593,,-0.0602196,1.75625,-0.0124761,-8.05375,fluid
1810,10.875,1.37451,,1000.03,8.84346,237.09,,-1.75269e-05,-0.0962379,0.0962379,,-0.0295914,0.968344,-0.00779069,-8.84166,fluid
1811,10.875,1.62451,,1000.01,4.26735,102.827,,-7.0204e-06,-0.0973409,0.0973409,,-0.013547,0.479707,-0.00409178,-9.33029,fluid
1812,10.875,1.87451,,1000.01,1.89068,42.9531,,-2.8168e-06,-0.0978023,0.0978023,,-0.00588197,0.220301,-0.00193228,-9.5897,fluid
1813,10.875,2.12451,,1000,0.783614,17.1616,,-1.11859e-06,-0.0979859,0.0979859,,-0.00244609,0.0960724,-0.000868016,-9.71393,fluid
1814,10.875,2.37451,,1000,0.312322,6.52815,,-4.18026e-07,-0.0980581,0.0980581,,-0.000975513,0.0401396,-0.000375224,-9.76986,fluid
1815,10.875,2.62451,,1000,0.120355,2.38324,,-1.47288e-07,-0.0980853,0.0980853,,-0.000372795,0.0160265,-0.000153647,-9.79397,fluid
1816,10.875,2.87451,,1000,0.0444899,0.842035,,-5.01128e-08,-0.098095,0.098095,,-0.000136924,0.00611047,-5.94955e-05,-9.80389,fluid
1817,10.875,3.12451,,1000,0.015753,0.288377,,-1.66748e-08,-0.0980984,0.0980984,,-4.85812e-05,0.00223778,-2.20638e-05,-9.80776,fluid
1818,10.875,3.37451,,1000,0.00538424,0.0955807,,-5.39031e-09,-0.0980995,0.0980995,,-1.67014e-05,0.000792129,-7.91239e-06,-9.80921,fluid
1819,10.875,3.62451,,1000,0.00178755,0.0306845,,-1.6819e-09,-0.0980998,0.0980998,,-5.56675e-06,0.000271587,-2.74519e-06,-9.80973,fluid
1820,10.875,3.87451,,1000,0.000576663,0.00957435,,-5.08516e-10,-0.0981,0.0981,,-1.79999e-06,9.01705e-05,-9.1959e-07,-9.80991,fluid
1821,10.875,4.12451,,1000,0.000180541,0.00291145,,-1.49979e-10,-0.0981,0.0981,,-5.6566e-07,2.90206e-05,-2.9794e-07,-9.80997,fluid
1822,10.875,4.37451,,1000,5.49225e-05,0.000863324,,-4.32411e-11,-0.0981,0.0981,,-1.73143e-07,9.07779e-06,-9.37571e-08,-9.80999,fluid
1823,10.875,4.62451,,1000,1.62828e-05,0.000249644,,-1.21673e-11,-0.0981,0.0981,,-5.16897e-08,2.76625e-06,-2.8734e-08,-9.81,fluid
1824,10.875,4.87451,,1000,4.71386e-06,7.04623e-05,,-3.33884e-12,-0.0981,0.0981,,-1.50598e-08,8.21975e-07,-8.58049e-09,-9.81,fluid
1825,10.875,5.12451,,1000,1.33302e-06,1.94423e-05,,-8.95079e-13,-0.0981,0.0981,,-4.28542e-09,2.38259e-07,-2.49763e-09,-9.81,fluid
1826,10.875,5.37451,,1000,3.68237e-07,5.25221e-06,,-2.34829e-13,-0.0981,0.0981,,-1.19271e-09,6.74261e-08,-7.09749e-10,-9.81,fluid
1827,10.875,5.62451,,1000,9.94625e-08,1.38886e-06,,-6.03533e-14,-0.0981,0.0981,,-3.25506e-10,1.86533e-08,-1.97795e-10,-9.81,fluid
1828,10.875,5.87451,,1000,2.63109e-08,3.58977e-07,,-1.52352e-14,-0.0981,0.0981,,-8.73065e-11,5.04952e-09,-5.42971e-11,-9.81,fluid
1829,10.875,6.12451,,1000,6.81646e-09,9.23581e-08,,-3.87887e-15,-0.0981,0.0981,,-2.30906e-11,1.33777e-09,-1.45979e-11,-9.81,fluid
1830,10.875,6.37451,,1000,1.73874e-09,2.26539e-08,,-8.24196e-16,-0.0981,0.0981,,-6.19703e-12,3.45854e-10,-4.11391e-12,-9.81,fluid
1831,10.875,6.62451,,1000,4.30484e-10,6.97042e-09,,-2.4247e-16,-0.0981,0.0981,,-1.92567e-12,8.54291e-11,-1.28471e-12,-9.81,fluid
1832,10.875,6.87451,,1000,1.03737e-10,3.48521e-09,,-3.46831e-17,-0.0981,0.0981,,-7.7807e-13,1.9061e-11,-4.5759e-13,-9.81,fluid
1833,10.875,7.12451,,1000,1.99871e-11,3.48521e-09,,-1.85874e-18,-0.0981,0.0981,,-4.68448e-13,4.11579e-12,-1.47969e-13,-9.81,fluid
1834,10.875,7.37451,,1000,-7.18517e-13,3.48521e-09,,-5.36272e-21,-0.0981,0.0981,,-5.54436e-13,2.86171e-12,-2.33957e-13,-9.81,fluid
1835,10.875,7.62451,,1000,4.71479e-12,1.74261e-09,,-4.00435e-22,-0.0981,0.0981,,-7.33903e-13,4.22e-12,-5.73663e-13,-9.81,fluid
1836,10.875,7.87451,,1000,1.10174e-12,1.74261e-09,,-1.27307e-23,-0.0981,0.0981,,-6.56262e-13,5.83532e-12,-4.96023e-13,-9.81,fluid
1837,11.125,0.124703,,1000.53,94.0115,4191.07,,-0.000719112,-0.0423016,0.0423077,,-0.479229,9.50646,-0.102704,-0.303538,fluid
1838,11.125,0.37463,,1000.38,81.5239,3016.07,,-0.000250686,-0.0603735,0.060374,,-0.309821,7.35088,-0.0388176,-2.45912,fluid
1839,11.125,0.624558,,1000.24,56.6757,1903.12,,-0.000119206,-0.0805264,0.0805265,,-0.186033,4.29991,-0.0150073,-5.51009,fluid
1840,11.125,0.87453,,1000.13,33.5792,1050.72,,-6.88423e-05,-0.0894548,0.0894548,,-0.10942,2.77942,-0.0149859,-7.03058,fluid
1841,11.125,1.12452,,1000.07,17.5092,519.246,,-3.72251e-05,-0.0938593,0.0938593,,-0.0588664,1.75624,-0.0121957,-8.05376,fluid
1842,11.125,1.37451,,1000.03,8.84355,237.09,,-1.71328e-05,-0.0962379,0.0962379,,-0.0289264,0.968344,-0.00761556,-8.84166,fluid
1843,11.125,1.62451,,1000.01,4.26739,102.827,,-6.8625e-06,-0.0973409,0.0973409,,-0.0132426,0.479708,-0.00399977,-9.33029,fluid
1844,11.125,1.87451,,1000.01,1.8907,42.9533,,-2.75343e-06,-0.0978023,0.0978023,,-0.00574977,0.220301,-0.00188882,-9.5897,fluid
1845,11.125,2.12451,,1000,0.783623,17.1617,,-1.09343e-06,-0.0979859,0.0979859,,-0.00239111,0.0960727,-0.000848488,-9.71393,fluid
1846,11.125,2.37451,,1000,0.312326,6.5282,,-4.0862e-07,-0.0980581,0.0980581,,-0.000953585,0.0401398,-0.000366781,-9.76986,fluid
1847,11.125,2.62451,,1000,0.120357,2.38326,,-1.43973e-07,-0.0980853,0.0980853,,-0.000364415,0.0160266,-0.000150189,-9.79397,fluid
1848,11.125,2.87451,,1000,0.0444906,0.842044,,-4.8985e-08,-0.098095,0.098095,,-0.000133846,0.00611052,-5.81565e-05,-9.80389,fluid
1849,11.125,3.12451,,1000,0.0157533,0.28838,,-1.62995e-08,-0.0980984,0.0980984,,-4.7489e-05,0.0022378,-2.15672e-05,-9.80776,fluid
1850,11.125,3.37451,,1000,0.00538434,0.0955819,,-5.26898e-09,-0.0980995,0.0980995,,-1.63259e-05,0.000792137,-7.73428e-06,-9.80921,fluid
1851,11.125,3.62451,,1000,0.00178758,0.030685,,-1.64404e-09,-0.0980998,0.0980998,,-5.44159e-06,0.00027159,-2.68339e-06,-9.80973,fluid
1852,11.125,3.87451,,1000,0.000576674,0.0095745,,-4.97069e-10,-0.0981,0.0981,,-1.75952e-06,9.01717e-05,-8.98888e-07,-9.80991,fluid
1853,11.125,4.12451,,1000,0.000180545,0.0029115,,-1.46605e-10,-0.0981,0.0981,,-5.5294e-07,2.9021e-05,-2.91232e-07,-9.80997,fluid
1854,11.125,4.37451,,1000,5.49237e-05,0.000863343,,-4.22695e-11,-0.0981,0.0981,,-1.69249e-07,9.07793e-06,-9.16456e-08,-9.80999,fluid
1855,11.125,4.62451,,1000,1.62832e-05,0.000249649,,-1.18938e-11,-0.0981,0.0981,,-5.05261e-08,2.7663e-06,-2.80857e-08,-9.81,fluid
1856,11.125,4.87451,,1000,4.71397e-06,7.0464e-05,,-3.26329e-12,-0.0981,0.0981,,-1.47192e-08,8.2199e-07,-8.38533e-09,-9.81,fluid
1857,11.125,5.12451,,1000,1.33306e-06,1.94423e-05,,-8.74518e-13,-0.0981,0.0981,,-4.18693e-09,2.38264e-07,-2.43932e-09,-9.81,fluid
1858,11.125,5.37451,,1000,3.68268e-07,5.25047e-06,,-2.29376e-13,-0.0981,0.0981,,-1.16363e-09,6.74274e-08,-6.91676e-10,-9.81,fluid
1859,11.125,5.62451,,1000,9.9459e-08,1.3906e-06,,-5.89515e-14,-0.0981,0.0981,,-3.16368e-10,1.86533e-08,-1.9137e-10,-9.81,fluid
1860,11.125,5.87451,,1000,2.63123e-08,3.58977e-07,,-1.48875e-14,-0.0981,0.0981,,-8.46934e-11,5.04957e-09,-5.24259e-11,-9.81,fluid
1861,11.125,6.12451,,1000,6.81707e-09,9.23581e-08,,-3.79169e-15,-0.0981,0.0981,,-2.26914e-11,1.33783e-09,-1.43895e-11,-9.81,fluid
1862,11.125,6.37451,,1000,1.73935e-09,2.26539e-08,,-8.05673e-16,-0.0981,0.0981,,-6.51168e-12,3.45801e-10,-4.47538e-12,-9.81,fluid
1863,11.125,6.62451,,1000,4.31372e-10,6.97042e-09,,-2.37022e-16,-0.0981,0.0981,,-2.32286e-12,8.55683e-11,-1.69631e-12,-9.81,fluid
1864,11.125,6.87451,,1000,1.04277e-10,3.48521e-09,,-3.39037e-17,-0.0981,0.0981,,-9.55766e-13,1.93205e-11,-6.42488e-13,-9.81,fluid
1865,11.125,7.12451,,1000,2.0283e-11,3.48521e-09,,-1.81697e-18,-0.0981,0.0981,,-5.61191e-13,4.08642e-12,-2.47914e-13,-9.81,fluid
1866,11.125,7.37451,,1000,-1.97599e-13,3.48521e-09,,-5.24214e-21,-0.0981,0.0981,,-7.53103e-13,2.50503e-12,-4.39825e-13,-9.81,fluid
1867,11.125,7.62451,,1000,5.6725e-12,1.74261e-09,,-3.91432e-22,-0.0981,0.0981,,-1.11373e-12,3.99368e-12,-9.57089e-13,-9.81,fluid
1868,11.125,7.87451,,1000,2.05042e-12,1.74261e-09,,-1.24445e-23,-0.0981,0.0981,,-1.01281e-12,6.07353e-12,-8.56174e-13,-9.81,fluid
1869,11.375,0.124703,,1000.53,94.013,4191.04,,-0.000703327,-0.0423018,0.0423076,,-0.4687,9.50643,-0.100453,-0.303571,fluid
1870,11.375,0.37463,,1000.38,81.5249,3016.06,,-0.000245179,-0.0603737,0.0603742,,-0.303013,7.35084,-0.0379673,-2.45916,fluid
1871,11.375,0.624558,,1000.24,56.6761,1903.12,,-0.000116585,-0.0805265,0.0805266,,-0.181945,4.29988,-0.0146782,-5.51012,fluid
1872,11.375,0.87453,,1000.13,33.5794,1050.72,,-6.73288e-05,-0.0894548,0.0894548,,-0.107015,2.77941,-0.0146567,-7.03059,fluid
1873,11.375,1.12452,,1000.07,17.5093,519.246,,-3.64066e-05,-0.0938593,0.0938593,,-0.0575726,1.75624,-0.0119276,-8.05376,fluid
1874,11.375,1.37451,,1000.03,8.84364,237.091,,-1.67561e-05,-0.0962379,0.0962379,,-0.0282906,0.968343,-0.00744812,-8.84166,fluid
1875,11.375,1.62451,,1000.01,4.26744,102.828,,-6.71154e-06,-0.0973409,0.0973409,,-0.0129515,0.479708,-0.00391181,-9.33029,fluid
1876,11.375,1.87451,,1000.01,1.89072,42.9535,,-2.69285e-06,-0.0978023,0.0978023,,-0.00562338,0.220301,-0.00184727,-9.5897,fluid
1877,11.375,2.12451,,1000,0.783631,17.1618,,-1.06937e-06,-0.0979859,0.0979859,,-0.00233854,0.096073,-0.00082982,-9.71393,fluid
1878,11.375,2.37451,,1000,0.31233,6.52825,,-3.99629e-07,-0.0980581,0.0980581,,-0.000932622,0.04014,-0.000358711,-9.76986,fluid
1879,11.375,2.62451,,1000,0.120359,2.38328,,-1.40805e-07,-0.0980853,0.0980853,,-0.000356403,0.0160267,-0.000146884,-9.79397,fluid
1880,11.375,2.87451,,1000,0.0444912,0.842052,,-4.79068e-08,-0.098095,0.098095,,-0.000130903,0.00611056,-5.68766e-05,-9.80389,fluid
1881,11.375,3.12451,,1000,0.0157535,0.288383,,-1.59407e-08,-0.0980984,0.0980984,,-4.64448e-05,0.00223782,-2.10925e-05,-9.80776,fluid
1882,11.375,3.37451,,1000,0.00538443,0.095583,,-5.15299e-09,-0.0980995,0.0980995,,-1.59669e-05,0.000792144,-7.56402e-06,-9.80921,fluid
1883,11.375,3.62451,,1000,0.00178761,0.0306854,,-1.60785e-09,-0.0980998,0.0980998,,-5.32193e-06,0.000271593,-2.62431e-06,-9.80973,fluid
1884,11.375,3.87451,,1000,0.000576685,0.00957464,,-4.86125e-10,-0.0981,0.0981,,-1.72082e-06,9.01728e-05,-8.79097e-07,-9.80991,fluid
1885,11.375,4.12451,,1000,0.000180549,0.00291154,,-1.43377e-10,-0.0981,0.0981,,-5.4078e-07,2.90214e-05,-2.8482e-07,-9.80997,fluid
1886,11.375,4.37451,,1000,5.49248e-05,0.000863358,,-4.13368e-11,-0.0981,0.0981,,-1.65527e-07,9.07806e-06,-8.9627e-08,-9.80999,fluid
1887,11.375,4.62451,,1000,1.62836e-05,0.000249651,,-1.16304e-11,-0.0981,0.0981,,-4.94147e-08,2.76634e-06,-2.74674e-08,-9.81,fluid
1888,11.375,4.87451,,1000,4.7141e-06,7.04623e-05,,-3.19069e-12,-0.0981,0.0981,,-1.43956e-08,8.22003e-07,-8.20116e-09,-9.81,fluid
1889,11.375,5.12451,,1000,1.33309e-06,1.9444e-05,,-8.55141e-13,-0.0981,0.0981,,-4.09492e-09,2.38268e-07,-2.38556e-09,-9.81,fluid
1890,11.375,5.37451,,1000,3.68283e-07,5.24873e-06,,-2.24286e-13,-0.0981,0.0981,,-1.13801e-09,6.74289e-08,-6.7658e-10,-9.81,fluid
1891,11.375,5.62451,,1000,9.94805e-08,1.38711e-06,,-5.76299e-14,-0.0981,0.0981,,-3.09035e-10,1.8653e-08,-1.87091e-10,-9.81,fluid
1892,11.375,5.87451,,1000,2.63057e-08,3.60719e-07,,-1.45592e-14,-0.0981,0.0981,,-8.23386e-11,5.04884e-09,-5.0627e-11,-9.81,fluid
1893,11.375,6.12451,,1000,6.82439e-09,9.23581e-08,,-3.70836e-15,-0.0981,0.0981,,-2.20318e-11,1.33741e-09,-1.39124e-11,-9.81,fluid
1894,11.375,6.37451,,1000,1.74727e-09,2.26539e-08,,-7.87966e-16,-0.0981,0.0981,,-6.40523e-12,3.45672e-10,-4.41368e-12,-9.81,fluid
1895,11.375,6.62451,,1000,4.18902e-10,8.71303e-09,,-2.31812e-16,-0.0981,0.0981,,-2.05343e-12,8.5914e-11,-1.28745e-12,-9.81,fluid
1896,11.375,6.87451,,1000,1.04889e-10,3.48521e-09,,-3.31586e-17,-0.0981,0.0981,,-7.02291e-13,1.9681e-11,-3.95899e-13,-9.81,fluid
1897,11.375,7.12451,,1000,2.05092e-11,3.48521e-09,,-1.77704e-18,-0.0981,0.0981,,-4.01055e-13,4.03673e-12,-9.46628e-14,-9.81,fluid
1898,11.375,7.37451,,1000,2.09949e-13,3.48521e-09,,-5.12687e-21,-0.0981,0.0981,,-4.7591e-13,2.16369e-12,-1.69518e-13,-9.81,fluid
1899,11.375,7.62451,,1000,1.32918e-13,3.48521e-09,,-3.82824e-22,-0.0981,0.0981,,-5.06867e-13,4.79385e-12,-2.00475e-13,-9.81,fluid
1900,11.375,7.87451,,1000,-1.91938e-12,3.48521e-09,,-1.2171e-23,-0.0981,0.0981,,-3.33218e-13,8.72179e-12,-2.68258e-14,-9.81,fluid
1901,11.625,0.124703,,1000.53,94.0144,4191.01,,-0.00068822,-0.042302,0.0423076,,-0.458623,9.5064,-0.0982984,-0.303602,fluid
1902,11.625,0.37463,,1000.38,81.5259,3016.04,,-0.000239908,-0.0603738,0.0603743,,-0.296498,7.3508,-0.0371533,-2.4592,fluid
1903,11.625,0.624558,,1000.24,56.6765,1903.11,,-0.000114077,-0.0805265,0.0805266,,-0.178032,4.29985,-0.0143632,-5.51015,fluid
1904,11.625,0.87453,,1000.13,33.5796,1050.72,,-6.58804e-05,-0.0894548,0.0894548,,-0.104714,2.7794,-0.0143416,-7.0306,fluid
1905,11.625,1.12452,,1000.07,17.5095,519.246,,-3.56234e-05,-0.0938593,0.0938593,,-0.0563344,1.75624,-0.0116711,-8.05376,fluid
1906,11.625,1.37451,,1000.03,8.84372,237.091,,-1.63955e-05,-0.0962379,0.0962379,,-0.0276822,0.968343,-0.0072879,-8.84166,fluid
1907,11.625,1.62451,,1000.01,4.26748,102.828,,-6.56709e-06,-0.0973409,0.0973409,,-0.0126729,0.479708,-0.00382764,-9.33029,fluid
1908,11.625,1.87451,,1000.01,1.89074,42.9537,,-2.63488e-06,-0.0978023,0.0978023,,-0.00550243,0.220302,-0.00180751,-9.5897,fluid
1909,11.625,2.12451,,1000,0.783639,17.1619,,-1.04635e-06,-0.0979859,0.0979859,,-0.00228824,0.0960733,-0.000811956,-9.71393,fluid
1910,11.625,2.37451,,1000,0.312334,6.52829,,-3.91025e-07,-0.0980581,0.0980581,,-0.00091256,0.0401401,-0.000350988,-9.76986,fluid
1911,11.625,2.62451,,1000,0.12036,2.3833,,-1.37773e-07,-0.0980853,0.0980853,,-0.000348736,0.0160268,-0.000143721,-9.79397,fluid
1912,11.625,2.87451,,1000,0.0444918,0.842059,,-4.68751e-08,-0.098095,0.098095,,-0.000128087,0.0061106,-5.56517e-05,-9.80389,fluid
1913,11.625,3.12451,,1000,0.0157538,0.288386,,-1.55974e-08,-0.0980984,0.0980984,,-4.54456e-05,0.00223784,-2.06382e-05,-9.80776,fluid
1914,11.625,3.37451,,1000,0.00538451,0.0955841,,-5.042e-09,-0.0980995,0.0980995,,-1.56234e-05,0.000792151,-7.4011e-06,-9.80921,fluid
1915,11.625,3.62451,,1000,0.00178764,0.0306858,,-1.57322e-09,-0.0980998,0.0980998,,-5.20742e-06,0.000271596,-2.56778e-06,-9.80973,fluid
1916,11.625,3.87451,,1000,0.000576695,0.00957477,,-4.75651e-10,-0.0981,0.0981,,-1.6838e-06,9.01738e-05,-8.60159e-07,-9.80991,fluid
1917,11.625,4.12451,,1000,0.000180552,0.00291159,,-1.40285e-10,-0.0981,0.0981,,-5.29142e-07,2.90218e-05,-2.78683e-07,-9.80997,fluid
1918,11.625,4.37451,,1000,5.49259e-05,0.000863374,,-4.04428e-11,-0.0981,0.0981,,-1.61964e-07,9.07818e-06,-8.76952e-08,-9.80999,fluid
1919,11.625,4.62451,,1000,1.62839e-05,0.000249654,,-1.13784e-11,-0.0981,0.0981,,-4.83521e-08,2.76638e-06,-2.68764e-08,-9.81,fluid
1920,11.625,4.87451,,1000,4.71418e-06,7.04658e-05,,-3.12176e-12,-0.0981,0.0981,,-1.40872e-08,8.22016e-07,-8.02561e-09,-9.81,fluid
1921,11.625,5.12451,,1000,1.33311e-06,1.9444e-05,,-8.36854e-13,-0.0981,0.0981,,-4.0076e-09,2.38272e-07,-2.335e-09,-9.81,fluid
1922,11.625,5.37451,,1000,3.68286e-07,5.25047e-06,,-2.19522e-13,-0.0981,0.0981,,-1.11419e-09,6.74303e-08,-6.62532e-10,-9.81,fluid
1923,11.625,5.62451,,1000,9.94688e-08,1.38886e-06,,-5.63969e-14,-0.0981,0.0981,,-3.03073e-10,1.86533e-08,-1.83601e-10,-9.81,fluid
1924,11.625,5.87451,,1000,2.63131e-08,3.58977e-07,,-1.42461e-14,-0.0981,0.0981,,-8.0624e-11,5.04857e-09,-4.97443e-11,-9.81,fluid
1925,11.625,6.12451,,1000,6.81885e-09,9.23581e-08,,-3.62861e-15,-0.0981,0.0981,,-2.11313e-11,1.33692e-09,-1.31865e-11,-9.81,fluid
1926,11.625,6.37451,,1000,1.72841e-09,2.43965e-08,,-7.7102e-16,-0.0981,0.0981,,-5.56784e-12,3.45761e-10,-3.46922e-12,-9.81,fluid
1927,11.625,6.62451,,1000,4.33066e-10,6.97042e-09,,-2.26827e-16,-0.0981,0.0981,,-1.29194e-12,8.6293e-11,-6.92331e-13,-9.81,fluid
1928,11.625,6.87451,,1000,1.0481e-10,3.48521e-09,,-3.24455e-17,-0.0981,0.0981,,-3.04501e-13,1.97231e-11,-4.6978e-15,-9.81,fluid
1929,11.625,7.12451,,1000,2.04704e-11,3.48521e-09,,-1.73882e-18,-0.0981,0.0981,,-2.19758e-13,3.96518e-12,8.00452e-14,-9.81,fluid
1930,11.625,7.37451,,1000,1.82667e-13,3.48521e-09,,-5.01655e-21,-0.0981,0.0981,,-1.54465e-13,2.20419e-12,1.45338e-13,-9.81,fluid
1931,11.625,7.62451,,1000,6.27709e-12,1.74261e-09,,-3.74588e-22,-0.0981,0.0981,,1.12626e-13,4.0081e-12,2.62528e-13,-9.81,fluid
1932,11.625,7.87451,,1000,2.45122e-12,1.74261e-09,,-1.19091e-23,-0.0981,0.0981,,3.73322e-13,6.38206e-12,5.23223e-13,-9.81,fluid
1933,11.875,0.124703,,1000.53,94.0157,4190.98,,-0.000673748,-0.0423021,0.0423075,,-0.44897,9.50637,-0.096234,-0.303631,fluid
1934,11.875,0.37463,,1000.38,81.5268,3016.03,,-0.00023486,-0.060374,0.0603745,,-0.290258,7.35076,-0.0363735,-2.45924,fluid
1935,11.875,0.624558,,1000.24,56.6768,1903.11,,-0.000111675,-0.0805266,0.0805267,,-0.174285,4.29982,-0.0140615,-5.51018,fluid
1936,11.875,0.87453,,1000.13,33.5797,1050.72,,-6.44931e-05,-0.0894548,0.0894548,,-0.10251,2.77939,-0.0140397,-7.03061,fluid
1937,11.875,1.12452,,1000.07,17.5096,519.246,,-3.48732e-05,-0.0938593,0.0938593,,-0.0551484,1.75624,-0.0114253,-8.05376,fluid
1938,11.875,1.37451,,1000.03,8.84379,237.091,,-1.60502e-05,-0.0962379,0.0962379,,-0.0270994,0.968343,-0.00713442,-8.84166,fluid
1939,11.875,1.62451,,1000.01,4.26751,102.828,,-6.42872e-06,-0.0973409,0.0973409,,-0.0124061,0.479708,-0.00374701,-9.33029,fluid
1940,11.875,1.87451,,1000.01,1.89075,42.9539,,-2.57936e-06,-0.0978023,0.0978023,,-0.00538657,0.220302,-0.00176942,-9.5897,fluid
1941,11.875,2.12451,,1000,0.783647,17.1619,,-1.0243e-06,-0.0979859,0.0979859,,-0.00224006,0.0960735,-0.000794845,-9.71393,fluid
1942,11.875,2.37451,,1000,0.312337,6.52833,,-3.82784e-07,-0.0980581,0.0980581,,-0.000893344,0.0401403,-0.00034359,-9.76986,fluid
1943,11.875,2.62451,,1000,0.120362,2.38332,,-1.34869e-07,-0.0980853,0.0980853,,-0.000341392,0.0160268,-0.000140692,-9.79397,fluid
1944,11.875,2.87451,,1000,0.0444924,0.842066,,-4.5887e-08,-0.098095,0.098095,,-0.000125389,0.00611064,-5.44786e-05,-9.80389,fluid
1945,11.875,3.12451,,1000,0.015754,0.288389,,-1.52686e-08,-0.0980984,0.0980984,,-4.44885e-05,0.00223785,-2.02031e-05,-9.80776,fluid
1946,11.875,3.37451,,1000,0.00538459,0.0955851,,-4.9357e-09,-0.0980995,0.0980995,,-1.52943e-05,0.000792158,-7.24505e-06,-9.80921,fluid
1947,11.875,3.62451,,1000,0.00178767,0.0306861,,-1.54004e-09,-0.0980998,0.0980998,,-5.09773e-06,0.000271598,-2.51364e-06,-9.80973,fluid
1948,11.875,3.87451,,1000,0.000576704,0.00957489,,-4.65621e-10,-0.0981,0.0981,,-1.64833e-06,9.01748e-05,-8.4202e-07,-9.80991,fluid
1949,11.875,4.12451,,1000,0.000180555,0.00291162,,-1.37325e-10,-0.0981,0.0981,,-5.17995e-07,2.90221e-05,-2.72806e-07,-9.80997,fluid
1950,11.875,4.37451,,1000,5.49269e-05,0.000863385,,-3.95888e-11,-0.0981,0.0981,,-1.58552e-07,9.07829e-06,-8.58455e-08,-9.80999,fluid
1951,11.875,4.62451,,1000,1.62842e-05,0.00024966,,-1.11381e-11,-0.0981,0.0981,,-4.73338e-08,2.76642e-06,-2.63098e-08,-9.81,fluid
1952,11.875,4.87451,,1000,4.71428e-06,7.04675e-05,,-3.05589e-12,-0.0981,0.0981,,-1.37908e-08,8.22029e-07,-7.85667e-09,-9.81,fluid
1953,11.875,5.12451,,1000,1.33315e-06,1.9444e-05,,-8.19372e-13,-0.0981,0.0981,,-3.9234e-09,2.38277e-07,-2.28601e-09,-9.81,fluid
1954,11.875,5.37451,,1000,3.68308e-07,5.24873e-06,,-2.14987e-13,-0.0981,0.0981,,-1.09092e-09,6.74315e-08,-6.48925e-10,-9.81,fluid
1955,11.875,5.62451,,1000,9.94781e-08,1.38886e-06,,-5.52406e-14,-0.0981,0.0981,,-2.97092e-10,1.86535e-08,-1.80136e-10,-9.81,fluid
1956,11.875,5.87451,,1000,2.63141e-08,3.58977e-07,,-1.39474e-14,-0.0981,0.0981,,-7.91768e-11,5.04887e-09,-4.89471e-11,-9.81,fluid
1957,11.875,6.12451,,1000,6.81942e-09,9.23581e-08,,-3.55222e-15,-0.0981,0.0981,,-2.02795e-11,1.33709e-09,-1.2502e-11,-9.81,fluid
1958,11.875,6.37451,,1000,1.72854e-09,2.43965e-08,,-7.54788e-16,-0.0981,0.0981,,-4.59996e-12,3.45896e-10,-2.54552e-12,-9.81,fluid
1959,11.875,6.62451,,1000,4.32568e-10,6.97042e-09,,-2.22052e-16,-0.0981,0.0981,,-8.24277e-13,8.62497e-11,-2.37294e-13,-9.81,fluid
1960,11.875,6.87451,,1000,1.04388e-10,3.48521e-09,,-3.17624e-17,-0.0981,0.0981,,-2.04113e-13,1.94999e-11,8.93783e-14,-9.81,fluid
1961,11.875,7.12451,,1000,2.02718e-11,3.48521e-09,,-1.70221e-18,-0.0981,0.0981,,-1.83709e-13,3.89989e-12,1.09782e-13,-9.81,fluid
1962,11.875,7.37451,,1000,4.29876e-14,3.48521e-09,,-4.91089e-21,-0.0981,0.0981,,-2.70379e-14,2.34972e-12,2.66454e-13,-9.81,fluid
1963,11.875,7.62451,,1000,-3.03704e-13,3.48521e-09,,-3.66698e-22,-0.0981,0.0981,,2.11721e-13,5.19422e-12,5.05213e-13,-9.81,fluid
1964,11.875,7.87451,,1000,2.02383e-12,1.74261e-09,,-1.16583e-23,-0.0981,0.0981,,2.82823e-13,6.3499e-12,4.29569e-13,-9.81,fluid
1965,12.125,0.124703,,1000.53,94.017,4190.95,,-0.000659871,-0.0423023,0.0423074,,-0.439716,9.50634,-0.0942545,-0.303659,fluid
1966,12.125,0.37463,,1000.38,81.5277,3016.02,,-0.00023002,-0.0603741,0.0603746,,-0.284274,7.35073,-0.0356256,-2.45927,fluid
1967,12.125,0.624558,,1000.24,56.6771,1903.11,,-0.000109372,-0.0805266,0.0805267,,-0.170692,4.2998,-0.0137721,-5.5102,fluid
1968,12.125,0.87453,,1000.13,33.5798,1050.72,,-6.31629e-05,-0.0894548,0.0894548,,-0.100396,2.77938,-0.0137503,-7.03062,fluid
1969,12.125,1.12452,,1000.07,17.5097,519.247,,-3.41539e-05,-0.0938593,0.0938593,,-0.0540114,1.75624,-0.0111897,-8.05376,fluid
1970,12.125,1.37451,,1000.03,8.84386,237.092,,-1.57191e-05,-0.0962379,0.0962379,,-0.0265406,0.968343,-0.00698727,-8.84166,fluid
1971,12.125,1.62451,,1000.01,4.26755,102.829,,-6.29607e-06,-0.0973409,0.0973409,,-0.0121503,0.479708,-0.00366971,-9.33029,fluid
1972,12.125,1.87451,,1000.01,1.89077,42.9541,,-2.52612e-06,-0.0978023,0.0978023,,-0.00527549,0.220302,-0.00173291,-9.5897,fluid
1973,12.125,2.12451,,1000,0.783654,17.162,,-1.00316e-06,-0.0979859,0.0979859,,-0.00219386,0.0960738,-0.000778441,-9.71393,fluid
1974,12.125,2.37451,,1000,0.312341,6.52836,,-3.74883e-07,-0.0980581,0.0980581,,-0.00087492,0.0401404,-0.000336499,-9.76986,fluid
1975,12.125,2.62451,,1000,0.120363,2.38333,,-1.32085e-07,-0.0980853,0.0980853,,-0.000334351,0.0160269,-0.000137788,-9.79397,fluid
1976,12.125,2.87451,,1000,0.0444929,0.842073,,-4.49397e-08,-0.098095,0.098095,,-0.000122803,0.00611067,-5.33539e-05,-9.80389,fluid
1977,12.125,3.12451,,1000,0.0157542,0.288392,,-1.49533e-08,-0.0980984,0.0980984,,-4.35708e-05,0.00223787,-1.9786e-05,-9.80776,fluid
1978,12.125,3.37451,,1000,0.00538466,0.0955861,,-4.83379e-09,-0.0980995,0.0980995,,-1.49788e-05,0.000792164,-7.09546e-06,-9.80921,fluid
1979,12.125,3.62451,,1000,0.00178769,0.0306864,,-1.50824e-09,-0.0980998,0.0980998,,-4.99257e-06,0.000271601,-2.46173e-06,-9.80973,fluid
1980,12.125,3.87451,,1000,0.000576713,0.00957501,,-4.56005e-10,-0.0981,0.0981,,-1.61432e-06,9.01756e-05,-8.24631e-07,-9.80991,fluid
1981,12.125,4.12451,,1000,0.000180558,0.00291166,,-1.3449e-10,-0.0981,0.0981,,-5.07308e-07,2.90224e-05,-2.67171e-07,-9.80997,fluid
1982,12.125,4.37451,,1000,5.49278e-05,0.000863397,,-3.87717e-11,-0.0981,0.0981,,-1.55281e-07,9.0784e-06,-8.40726e-08,-9.80999,fluid
1983,12.125,4.62451,,1000,1.62845e-05,0.000249665,,-1.09084e-11,-0.0981,0.0981,,-4.63568e-08,2.76645e-06,-2.57659e-08,-9.81,fluid
1984,12.125,4.87451,,1000,4.71436e-06,7.04692e-05,,-2.99283e-12,-0.0981,0.0981,,-1.35059e-08,8.2204e-07,-7.69398e-09,-9.81,fluid
1985,12.125,5.12451,,1000,1.33318e-06,1.9444e-05,,-8.02548e-13,-0.0981,0.0981,,-3.84246e-09,2.38281e-07,-2.23883e-09,-9.81,fluid
1986,12.125,5.37451,,1000,3.68309e-07,5.24873e-06,,-2.10637e-13,-0.0981,0.0981,,-1.06871e-09,6.74325e-08,-6.35828e-10,-9.81,fluid
1987,12.125,5.62451,,1000,9.94605e-08,1.3906e-06,,-5.41448e-14,-0.0981,0.0981,,-2.91039e-10,1.86537e-08,-1.76351e-10,-9.81,fluid
1988,12.125,5.87451,,1000,2.6315e-08,3.58977e-07,,-1.36656e-14,-0.0981,0.0981,,-7.76465e-11,5.0494e-09,-4.80402e-11,-9.81,fluid
1989,12.125,6.12451,,1000,6.81895e-09,9.23581e-08,,-3.47897e-15,-0.0981,0.0981,,-1.99567e-11,1.3377e-09,-1.23395e-11,-9.81,fluid
1990,12.125,6.37451,,1000,1.74079e-09,2.26539e-08,,-7.39226e-16,-0.0981,0.0981,,-4.52845e-12,3.46016e-10,-2.66009e-12,-9.81,fluid
1991,12.125,6.62451,,1000,4.31488e-10,6.97042e-09,,-2.17473e-16,-0.0981,0.0981,,-8.7233e-13,8.58498e-11,-2.9745e-13,-9.81,fluid
1992,12.125,6.87451,,1000,1.03922e-10,3.48521e-09,,-3.11075e-17,-0.0981,0.0981,,-3.00563e-13,1.91922e-11,-1.31224e-14,-9.81,fluid
1993,12.125,7.12451,,1000,2.01106e-11,3.48521e-09,,-1.66712e-18,-0.0981,0.0981,,-2.51577e-13,3.88213e-12,3.58631e-14,-9.81,fluid
1994,12.125,7.37451,,1000,-1.59614e-13,3.48521e-09,,-4.80959e-21,-0.0981,0.0981,,-2.02666e-13,2.51334e-12,8.47744e-14,-9.81,fluid
1995,12.125,7.62451,,1000,5.65881e-12,1.74261e-09,,-3.59134e-22,-0.0981,0.0981,,-1.85296e-13,4.21004e-12,-4.15757e-14,-9.81,fluid
1996,12.125,7.87451,,1000,1.82391e-12,1.74261e-09,,-1.14179e-23,-0.0981,0.0981,,-2.7108e-13,6.17815e-12,-1.2736e-13,-9.81,fluid
1997,12.375,0.124703,,1000.53,94.0181,4190.92,,-0.000646554,-0.0423024,0.0423074,,-0.430835,9.50632,-0.0923547,-0.303684,fluid
1998,12.375,0.37463,,1000.38,81.5285,3016.01,,-0.000225375,-0.0603743,0.0603747,,-0.278532,7.35069,-0.0349079,-2.45931,fluid
1999,12.375,0.624558,,1000.24,56.6774,1903.11,,-0.000107162,-0.0805267,0.0805268,,-0.167244,4.29978,-0.0134945,-5.51022,fluid
2000,12.375,0.87453,,1000.13,33.5799,1050.72,,-6.18866e-05,-0.0894548,0.0894548,,-0.098368,2.77937,-0.0134726,-7.03063,fluid
2001,12.375,1.12452,,1000.07,17.5098,519.247,,-3.34637e-05,-0.0938593,0.0938593,,-0.0529202,1.75623,-0.0109637,-8.05377,fluid
2002,12.375,1.37451,,1000.03,8.84393,237.092,,-1.54014e-05,-0.0962379,0.0962379,,-0.0260044,0.968343,-0.00684607,-8.84166,fluid
2003,12.375,1.62451,,1000.01,4.26758,102.829,,-6.16878e-06,-0.0973409,0.0973409,,-0.0119048,0.479709,-0.00359554,-9.33029,fluid
2004,12.375,1.87451,,1000.01,1.89078,42.9542,,-2.47505e-06,-0.0978023,0.0978023,,-0.00516891,0.220303,-0.00169788,-9.5897,fluid
2005,12.375,2.12451,,1000,0.78366,17.1621,,-9.82872e-07,-0.0979859,0.0979859,,-0.00214953,0.096074,-0.000762701,-9.71393,fluid
2006,12.375,2.37451,,1000,0.312344,6.5284,,-3.67302e-07,-0.0980581,0.0980581,,-0.000857241,0.0401406,-0.000329694,-9.76986,fluid
2007,12.375,2.62451,,1000,0.120364,2.38335,,-1.29414e-07,-0.0980853,0.0980853,,-0.000327595,0.016027,-0.000135001,-9.79397,fluid
2008,12.375,2.87451,,1000,0.0444934,0.842079,,-4.40307e-08,-0.098095,0.098095,,-0.000120322,0.0061107,-5.22748e-05,-9.80389,fluid
2009,12.375,3.12451,,1000,0.0157544,0.288394,,-1.46509e-08,-0.0980984,0.0980984,,-4.26903e-05,0.00223788,-1.93857e-05,-9.80776,fluid
2010,12.375,3.37451,,1000,0.00538473,0.095587,,-4.73601e-09,-0.0980995,0.0980995,,-1.46761e-05,0.00079217,-6.95191e-06,-9.80921,fluid
2011,12.375,3.62451,,1000,0.00178772,0.0306868,,-1.47773e-09,-0.0980998,0.0980998,,-4.89167e-06,0.000271603,-2.41193e-06,-9.80973,fluid
2012,12.375,3.87451,,1000,0.000576722,0.00957511,,-4.46783e-10,-0.0981,0.0981,,-1.58169e-06,9.01765e-05,-8.07947e-07,-9.80991,fluid
2013,12.375,4.12451,,1000,0.000180561,0.0029117,,-1.31772e-10,-0.0981,0.0981,,-4.97054e-07,2.90227e-05,-2.61766e-07,-9.80997,fluid
2014,12.375,4.37451,,1000,5.49287e-05,0.000863407,,-3.79888e-11,-0.0981,0.0981,,-1.52142e-07,9.0785e-06,-8.23722e-08,-9.80999,fluid
2015,12.375,4.62451,,1000,1.62848e-05,0.000249667,,-1.06878e-11,-0.0981,0.0981,,-4.54197e-08,2.76649e-06,-2.52446e-08,-9.81,fluid
2016,12.375,4.87451,,1000,4.71444e-06,7.0471e-05,,-2.93227e-12,-0.0981,0.0981,,-1.32325e-08,8.22051e-07,-7.53786e-09,-9.81,fluid
2017,12.375,5.12451,,1000,1.3332e-06,1.9444e-05,,-7.86202e-13,-0.0981,0.0981,,-3.76488e-09,2.38284e-07,-2.19365e-09,-9.81,fluid
2018,12.375,5.37451,,1000,3.6831e-07,5.25047e-06,,-2.06347e-13,-0.0981,0.0981,,-1.04731e-09,6.74336e-08,-6.23031e-10,-9.81,fluid
2019,12.375,5.62451,,1000,9.9483e-08,1.38886e-06,,-5.30507e-14,-0.0981,0.0981,,-2.85272e-10,1.86541e-08,-1.73042e-10,-9.81,fluid
2020,12.375,5.87451,,1000,2.63155e-08,3.58977e-07,,-1.33897e-14,-0.0981,0.0981,,-7.6392e-11,5.0496e-09,-4.73838e-11,-9.81,fluid
2021,12.375,6.12451,,1000,6.81874e-09,9.23581e-08,,-3.40869e-15,-0.0981,0.0981,,-2.0122e-11,1.33812e-09,-1.26587e-11,-9.81,fluid
2022,12.375,6.37451,,1000,1.74005e-09,2.26539e-08,,-7.24292e-16,-0.0981,0.0981,,-5.19444e-12,3.46153e-10,-3.36382e-12,-9.81,fluid
2023,12.375,6.62451,,1000,4.30956e-10,6.97042e-09,,-2.1308e-16,-0.0981,0.0981,,-1.37665e-12,8.56662e-11,-8.13378e-13,-9.81,fluid
2024,12.375,6.87451,,1000,1.03729e-10,3.48521e-09,,-3.04791e-17,-0.0981,0.0981,,-5.00254e-13,1.90364e-11,-2.18621e-13,-9.81,fluid
2025,12.375,7.12451,,1000,2.01303e-11,3.48521e-09,,-1.63344e-18,-0.0981,0.0981,,-4.23777e-13,3.75558e-12,-1.42144e-13,-9.81,fluid
2026,12.375,7.37451,,1000,3.14825e-14,3.48521e-09,,-4.71238e-21,-0.0981,0.0981,,-7.30601e-13,2.26402e-12,-4.48968e-13,-9.81,fluid
2027,12.375,7.62451,,1000,6.05794e-12,1.74261e-09,,-3.51876e-22,-0.0981,0.0981,,-1.1163e-12,3.99443e-12,-9.75488e-13,-9.81,fluid
2028,12.375,7.87451,,1000,2.32577e-12,1.74261e-09,,-1.11872e-23,-0.0981,0.0981,,-1.01552e-12,6.28082e-12,-8.74703e-13,-9.81,fluid
2029,12.625,0.124703,,1000.53,94.0192,4190.9,,-0.000633764,-0.0423026,0.0423073,,-0.422306,9.50629,-0.0905299,-0.303708,fluid
2030,12.625,0.37463,,1000.38,81.5293,3016,,-0.000220913,-0.0603744,0.0603748,,-0.273018,7.35066,-0.0342185,-2.45934,fluid
2031,12.625,0.624558,,1000.24,56.6777,1903.11,,-0.000105039,-0.0805267,0.0805268,,-0.163932,4.29975,-0.0132277,-5.51025,fluid
2032,12.625,0.87453,,1000.13,33.5801,1050.72,,-6.06608e-05,-0.0894548,0.0894548,,-0.0964202,2.77936,-0.0132059,-7.03064,fluid
2033,12.625,1.12452,,1000.07,17.5099,519.247,,-3.28009e-05,-0.0938593,0.0938593,,-0.0518723,1.75623,-0.0107465,-8.05377,fluid
2034,12.625,1.37451,,1000.03,8.84399,237.092,,-1.50962e-05,-0.0962379,0.0962379,,-0.0254895,0.968343,-0.00671047,-8.84166,fluid
2035,12.625,1.62451,,1000.01,4.26761,102.829,,-6.04654e-06,-0.0973409,0.0973409,,-0.0116691,0.479709,-0.0035243,-9.33029,fluid
2036,12.625,1.87451,,1000.01,1.8908,42.9544,,-2.42599e-06,-0.0978023,0.0978023,,-0.00506654,0.220303,-0.00166423,-9.5897,fluid
2037,12.625,2.12451,,1000,0.783666,17.1622,,-9.63392e-07,-0.0979859,0.0979859,,-0.00210696,0.0960742,-0.000747584,-9.71393,fluid
2038,12.625,2.37451,,1000,0.312346,6.52843,,-3.60022e-07,-0.0980581,0.0980581,,-0.000840262,0.0401407,-0.000323159,-9.76986,fluid
2039,12.625,2.62451,,1000,0.120365,2.38336,,-1.26848e-07,-0.0980853,0.0980853,,-0.000321106,0.0160271,-0.000132325,-9.79397,fluid
2040,12.625,2.87451,,1000,0.0444939,0.842085,,-4.31578e-08,-0.098095,0.098095,,-0.000117938,0.00611073,-5.12384e-05,-9.80389,fluid
2041,12.625,3.12451,,1000,0.0157545,0.288396,,-1.43604e-08,-0.0980984,0.0980984,,-4.18446e-05,0.00223789,-1.90014e-05,-9.80776,fluid
2042,12.625,3.37451,,1000,0.00538479,0.0955878,,-4.64211e-09,-0.0980995,0.0980995,,-1.43854e-05,0.000792176,-6.81407e-06,-9.80921,fluid
2043,12.625,3.62451,,1000,0.00178774,0.0306871,,-1.44843e-09,-0.0980998,0.0980998,,-4.79476e-06,0.000271605,-2.3641e-06,-9.80973,fluid
2044,12.625,3.87451,,1000,0.000576729,0.00957521,,-4.37925e-10,-0.0981,0.0981,,-1.55036e-06,9.01773e-05,-7.91925e-07,-9.80991,fluid
2045,12.625,4.12451,,1000,0.000180563,0.00291173,,-1.29159e-10,-0.0981,0.0981,,-4.87208e-07,2.9023e-05,-2.56576e-07,-9.80997,fluid
2046,12.625,4.37451,,1000,5.49295e-05,0.000863421,,-3.72355e-11,-0.0981,0.0981,,-1.49128e-07,9.0786e-06,-8.07385e-08,-9.80999,fluid
2047,12.625,4.62451,,1000,1.6285e-05,0.00024967,,-1.0476e-11,-0.0981,0.0981,,-4.45198e-08,2.76652e-06,-2.47439e-08,-9.81,fluid
2048,12.625,4.87451,,1000,4.71453e-06,7.0471e-05,,-2.87471e-12,-0.0981,0.0981,,-1.29702e-08,8.22061e-07,-7.38837e-09,-9.81,fluid
2049,12.625,5.12451,,1000,1.33322e-06,1.94457e-05,,-7.70982e-13,-0.0981,0.0981,,-3.69056e-09,2.38287e-07,-2.1503e-09,-9.81,fluid
2050,12.625,5.37451,,1000,3.68326e-07,5.24873e-06,,-2.02282e-13,-0.0981,0.0981,,-1.02722e-09,6.74345e-08,-6.11476e-10,-9.81,fluid
2051,12.625,5.62451,,1000,9.94863e-08,1.38886e-06,,-5.19584e-14,-0.0981,0.0981,,-2.80258e-10,1.86544e-08,-1.7025e-10,-9.81,fluid
2052,12.625,5.87451,,1000,2.63101e-08,3.60719e-07,,-1.31193e-14,-0.0981,0.0981,,-7.49913e-11,5.04985e-09,-4.64195e-11,-9.81,fluid
2053,12.625,6.12451,,1000,6.81942e-09,9.23581e-08,,-3.34121e-15,-0.0981,0.0981,,-1.98646e-11,1.33825e-09,-1.25491e-11,-9.81,fluid
2054,12.625,6.37451,,1000,1.74061e-09,2.26539e-08,,-7.0995e-16,-0.0981,0.0981,,-5.50428e-12,3.46249e-10,-3.70992e-12,-9.81,fluid
2055,12.625,6.62451,,1000,4.31245e-10,6.97042e-09,,-2.08861e-16,-0.0981,0.0981,,-1.65537e-12,8.58152e-11,-1.10326e-12,-9.81,fluid
2056,12.625,6.87451,,1000,1.0385e-10,3.48521e-09,,-2.98755e-17,-0.0981,0.0981,,-5.94021e-13,1.90731e-11,-3.17964e-13,-9.81,fluid
2057,12.625,7.12451,,1000,2.02999e-11,3.48521e-09,,-1.60109e-18,-0.0981,0.0981,,-4.69131e-13,3.51551e-12,-1.93074e-13,-9.81,fluid
2058,12.625,7.37451,,1000,5.57958e-13,3.48521e-09,,-4.61902e-21,-0.0981,0.0981,,-7.52224e-13,1.7625e-12,-4.76168e-13,-9.81,fluid
2059,12.625,7.62451,,1000,7.46538e-13,3.48521e-09,,-3.44905e-22,-0.0981,0.0981,,-9.5525e-13,4.79385e-12,-6.79193e-13,-9.81,fluid
2060,12.625,7.87451,,1000,-1.5276e-12,3.48521e-09,,-1.09656e-23,-0.0981,0.0981,,-6.2366e-13,9.0661e-12,-3.47604e-13,-9.81,fluid
2061,12.875,0.124703,,1000.53,94.0203,4190.88,,-0.00062147,-0.0423027,0.0423072,,-0.414107,9.50627,-0.0887757,-0.303731,fluid
2062,12.875,0.37463,,1000.38,81.53,3015.99,,-0.000216626,-0.0603745,0.0603749,,-0.267718,7.35063,-0.0335557,-2.45937,fluid
2063,12.875,0.624558,,1000.24,56.678,1903.11,,-0.000102999,-0.0805268,0.0805268,,-0.16075,4.29973,-0.0129713,-5.51027,fluid
2064,12.875,0.87453,,1000.13,33.5802,1050.72,,-5.94826e-05,-0.0894548,0.0894548,,-0.094548,2.77935,-0.0129495,-7.03065,fluid
2065,12.875,1.12452,,1000.07,17.51,519.247,,-3.21638e-05,-0.0938593,0.0938593,,-0.050865,1.75623,-0.0105378,-8.05377,fluid
2066,12.875,1.37451,,1000.03,8.84405,237.092,,-1.4803e-05,-0.0962379,0.0962379,,-0.0249945,0.968343,-0.00658014,-8.84166,fluid
2067,12.875,1.62451,,1000.01,4.26764,102.829,,-5.92905e-06,-0.0973409,0.0973409,,-0.0114425,0.479709,-0.00345584,-9.33029,fluid
2068,12.875,1.87451,,1000.01,1.89081,42.9545,,-2.37885e-06,-0.0978023,0.0978023,,-0.00496815,0.220303,-0.00163189,-9.5897,fluid
2069,12.875,2.12451,,1000,0.783672,17.1623,,-9.44669e-07,-0.0979859,0.0979859,,-0.00206604,0.0960744,-0.000733056,-9.71393,fluid
2070,12.875,2.37451,,1000,0.312349,6.52846,,-3.53024e-07,-0.0980581,0.0980581,,-0.000823943,0.0401409,-0.000316878,-9.76986,fluid
2071,12.875,2.62451,,1000,0.120367,2.38337,,-1.24383e-07,-0.0980853,0.0980853,,-0.00031487,0.0160271,-0.000129753,-9.79397,fluid
2072,12.875,2.87451,,1000,0.0444943,0.842091,,-4.23188e-08,-0.098095,0.098095,,-0.000115648,0.00611076,-5.02424e-05,-9.80389,fluid
2073,12.875,3.12451,,1000,0.0157547,0.288399,,-1.40812e-08,-0.0980984,0.0980984,,-4.10318e-05,0.00223791,-1.8632e-05,-9.80776,fluid
2074,12.875,3.37451,,1000,0.00538485,0.0955886,,-4.55186e-09,-0.0980995,0.0980995,,-1.41059e-05,0.000792181,-6.68159e-06,-9.80921,fluid
2075,12.875,3.62451,,1000,0.00178776,0.0306873,,-1.42027e-09,-0.0980998,0.0980998,,-4.70162e-06,0.000271607,-2.31814e-06,-9.80973,fluid
2076,12.875,3.87451,,1000,0.000576737,0.0095753,,-4.29409e-10,-0.0981,0.0981,,-1.52024e-06,9.0178e-05,-7.76528e-07,-9.80991,fluid
2077,12.875,4.12451,,1000,0.000180566,0.00291176,,-1.26647e-10,-0.0981,0.0981,,-4.77743e-07,2.90233e-05,-2.51586e-07,-9.80997,fluid
2078,12.875,4.37451,,1000,5.49303e-05,0.000863428,,-3.65113e-11,-0.0981,0.0981,,-1.4623e-07,9.07869e-06,-7.91678e-08,-9.80999,fluid
2079,12.875,4.62451,,1000,1.62853e-05,0.000249675,,-1.02735e-11,-0.0981,0.0981,,-4.36541e-08,2.76655e-06,-2.42618e-08,-9.81,fluid
2080,12.875,4.87451,,1000,4.71461e-06,7.0471e-05,,-2.82057e-12,-0.0981,0.0981,,-1.2718e-08,8.2207e-07,-7.24451e-09,-9.81,fluid
2081,12.875,5.12451,,1000,1.33325e-06,1.94457e-05,,-7.56954e-13,-0.0981,0.0981,,-3.61863e-09,2.38289e-07,-2.10828e-09,-9.81,fluid
2082,12.875,5.37451,,1000,3.68322e-07,5.25047e-06,,-1.98592e-13,-0.0981,0.0981,,-1.00733e-09,6.74351e-08,-5.99526e-10,-9.81,fluid
2083,12.875,5.62451,,1000,9.94778e-08,1.3906e-06,,-5.09554e-14,-0.0981,0.0981,,-2.74816e-10,1.86553e-08,-1.66808e-10,-9.81,fluid
2084,12.875,5.87451,,1000,2.63189e-08,3.58977e-07,,-1.28636e-14,-0.0981,0.0981,,-7.32083e-11,5.05051e-09,-4.53266e-11,-9.81,fluid
2085,12.875,6.12451,,1000,6.82013e-09,9.23581e-08,,-3.27635e-15,-0.0981,0.0981,,-1.89673e-11,1.33821e-09,-1.17939e-11,-9.81,fluid
2086,12.875,6.37451,,1000,1.72759e-09,2.43965e-08,,-6.96166e-16,-0.0981,0.0981,,-4.84208e-12,3.46206e-10,-2.94721e-12,-9.81,fluid
2087,12.875,6.62451,,1000,4.31624e-10,6.97042e-09,,-2.04805e-16,-0.0981,0.0981,,-1.31535e-12,8.59582e-11,-7.73959e-13,-9.81,fluid
2088,12.875,6.87451,,1000,1.03968e-10,3.48521e-09,,-2.92954e-17,-0.0981,0.0981,,-4.68565e-13,1.91329e-11,-1.97869e-13,-9.81,fluid
2089,12.875,7.12451,,1000,2.03941e-11,3.48521e-09,,-1.57e-18,-0.0981,0.0981,,-2.82686e-13,3.42151e-12,-1.19899e-14,-9.81,fluid
2090,12.875,7.37451,,1000,7.62887e-13,3.48521e-09,,-4.52929e-21,-0.0981,0.0981,,-1.78293e-13,1.64488e-12,9.2403e-14,-9.81,fluid
2091,12.875,7.62451,,1000,9.62996e-13,3.48521e-09,,-3.38205e-22,-0.0981,0.0981,,3.79394e-14,4.97252e-12,3.08635e-13,-9.81,fluid
2092,12.875,7.87451,,1000,3.07772e-12,1.74261e-09,,-1.07526e-23,-0.0981,0.0981,,2.91199e-13,6.90575e-12,4.26547e-13,-9.81,fluid
2093,13.125,0.124703,,1000.53,94.0212,4190.86,,-0.000609643,-0.0423028,0.0423072,,-0.406221,9.50625,-0.0870882,-0.303752,fluid
2094,13.125,0.37463,,1000.38,81.5307,3015.98,,-0.000212501,-0.0603747,0.060375,,-0.262619,7.35061,-0.0329181,-2.45939,fluid
2095,13.125,0.624558,,1000.24,56.6783,1903.1,,-0.000101037,-0.0805268,0.0805269,,-0.157688,4.29971,-0.0127247,-5.51029,fluid
2096,13.125,0.87453,,1000.13,33.5803,1050.72,,-5.83493e-05,-0.0894548,0.0894548,,-0.0927472,2.77934,-0.0127029,-7.03066,fluid
2097,13.125,1.12452,,1000.07,17.51,519.247,,-3.1551e-05,-0.0938593,0.0938593,,-0.0498962,1.75623,-0.0103371,-8.05377,fluid
2098,13.125,1.37451,,1000.03,8.84411,237.092,,-1.45209e-05,-0.0962379,0.0962379,,-0.0245184,0.968343,-0.00645477,-8.84166,fluid
2099,13.125,1.62451,,1000.01,4.26767,102.83,,-5.81605e-06,-0.0973409,0.0973409,,-0.0112245,0.479709,-0.00338998,-9.33029,fluid
2100,13.125,1.87451,,1000.01,1.89082,42.9546,,-2.3335e-06,-0.0978023,0.0978023,,-0.00487351,0.220303,-0.00160079,-9.5897,fluid
2101,13.125,2.12451,,1000,0.783678,17.1623,,-9.26661e-07,-0.0979859,0.0979859,,-0.00202668,0.0960746,-0.000719082,-9.71393,fluid
2102,13.125,2.37451,,1000,0.312352,6.52849,,-3.46294e-07,-0.0980581,0.0980581,,-0.000808245,0.040141,-0.000310837,-9.76986,fluid
2103,13.125,2.62451,,1000,0.120368,2.38339,,-1.22011e-07,-0.0980853,0.0980853,,-0.000308871,0.0160272,-0.000127279,-9.79397,fluid
2104,13.125,2.87451,,1000,0.0444947,0.842096,,-4.15119e-08,-0.098095,0.098095,,-0.000113444,0.00611079,-4.92844e-05,-9.80389,fluid
2105,13.125,3.12451,,1000,0.0157549,0.288401,,-1.38127e-08,-0.0980984,0.0980984,,-4.025e-05,0.00223792,-1.82767e-05,-9.80776,fluid
2106,13.125,3.37451,,1000,0.00538491,0.0955893,,-4.46505e-09,-0.0980995,0.0980995,,-1.38372e-05,0.000792186,-6.55417e-06,-9.80921,fluid
2107,13.125,3.62451,,1000,0.00178778,0.0306876,,-1.39318e-09,-0.0980998,0.0980998,,-4.61203e-06,0.000271609,-2.27392e-06,-9.80973,fluid
2108,13.125,3.87451,,1000,0.000576744,0.0095754,,-4.21216e-10,-0.0981,0.0981,,-1.49127e-06,9.01787e-05,-7.61716e-07,-9.80991,fluid
2109,13.125,4.12451,,1000,0.000180568,0.00291179,,-1.24231e-10,-0.0981,0.0981,,-4.68637e-07,2.90235e-05,-2.46786e-07,-9.80997,fluid
2110,13.125,4.37451,,1000,5.4931e-05,0.000863437,,-3.58161e-11,-0.0981,0.0981,,-1.43443e-07,9.07877e-06,-7.76574e-08,-9.80999,fluid
2111,13.125,4.62451,,1000,1.62855e-05,0.000249675,,-1.00784e-11,-0.0981,0.0981,,-4.28218e-08,2.76658e-06,-2.3799e-08,-9.81,fluid
2112,13.125,4.87451,,1000,4.71466e-06,7.04745e-05,,-2.76691e-12,-0.0981,0.0981,,-1.24749e-08,8.22079e-07,-7.10539e-09,-9.81,fluid
2113,13.125,5.12451,,1000,1.33327e-06,1.94457e-05,,-7.42614e-13,-0.0981,0.0981,,-3.54845e-09,2.38292e-07,-2.06686e-09,-9.81,fluid
2114,13.125,5.37451,,1000,3.68316e-07,5.25221e-06,,-1.94806e-13,-0.0981,0.0981,,-9.86657e-10,6.74355e-08,-5.86488e-10,-9.81,fluid
2115,13.125,5.62451,,1000,9.94749e-08,1.3906e-06,,-4.9984e-14,-0.0981,0.0981,,-2.68538e-10,1.86559e-08,-1.62588e-10,-9.81,fluid
2116,13.125,5.87451,,1000,2.63201e-08,3.58977e-07,,-1.26186e-14,-0.0981,0.0981,,-7.15155e-11,5.05102e-09,-4.41649e-11,-9.81,fluid
2117,13.125,6.12451,,1000,6.81976e-09,9.23581e-08,,-3.21395e-15,-0.0981,0.0981,,-1.84376e-11,1.33845e-09,-1.14008e-11,-9.81,fluid
2118,13.125,6.37451,,1000,1.74033e-09,2.26539e-08,,-6.82906e-16,-0.0981,0.0981,,-4.39585e-12,3.4615e-10,-2.66984e-12,-9.81,fluid
2119,13.125,6.62451,,1000,4.31074e-10,6.97042e-09,,-2.00904e-16,-0.0981,0.0981,,-1.015e-12,8.57538e-11,-4.83918e-13,-9.81,fluid
2120,13.125,6.87451,,1000,1.03816e-10,3.48521e-09,,-2.87374e-17,-0.0981,0.0981,,-3.50076e-13,1.90633e-11,-8.45365e-14,-9.81,fluid
2121,13.125,7.12451,,1000,2.03134e-11,3.48521e-09,,-1.5401e-18,-0.0981,0.0981,,-1.72252e-13,3.51582e-12,9.32884e-14,-9.81,fluid
2122,13.125,7.37451,,1000,5.60534e-13,3.48521e-09,,-4.44298e-21,-0.0981,0.0981,,7.6879e-14,1.86718e-12,3.42419e-13,-9.81,fluid
2123,13.125,7.62451,,1000,5.48797e-13,3.48521e-09,,-3.31761e-22,-0.0981,0.0981,,2.98348e-13,5.09764e-12,5.63888e-13,-9.81,fluid
2124,13.125,7.87451,,1000,2.66352e-12,1.74261e-09,,-1.05478e-23,-0.0981,0.0981,,1.82079e-13,6.76803e-12,3.14849e-13,-9.81,fluid
2125,13.375,0.124703,,1000.53,94.0221,4190.84,,-0.000598258,-0.0423029,0.0423071,,-0.39863,9.50623,-0.0854635,-0.303773,fluid
2126,13.375,0.37463,,1000.38,81.5313,3015.97,,-0.00020853,-0.0603748,0.0603751,,-0.257711,7.35058,-0.0323043,-2.45942,fluid
2127,13.375,0.624558,,1000.24,56.6785,1903.1,,-9.9148e-05,-0.0805269,0.0805269,,-0.154741,4.29969,-0.0124872,-5.51031,fluid
2128,13.375,0.87453,,1000.13,33.5804,1050.72,,-5.72584e-05,-0.0894548,0.0894548,,-0.0910137,2.77934,-0.0124655,-7.03066,fluid
2129,13.375,1.12452,,1000.07,17.5101,519.247,,-3.09611e-05,-0.0938593,0.0938593,,-0.0489635,1.75623,-0.0101439,-8.05377,fluid
2130,13.375,1.37451,,1000.03,8.84416,237.093,,-1.42494e-05,-0.0962379,0.0962379,,-0.0240601,0.968343,-0.00633409,-8.84166,fluid
2131,13.375,1.62451,,1000.01,4.2677,102.83,,-5.70727e-06,-0.0973409,0.0973409,,-0.0110147,0.479709,-0.00332659,-9.33029,fluid
2132,13.375,1.87451,,1000.01,1.89083,42.9548,,-2.28985e-06,-0.0978023,0.0978023,,-0.0047824,0.220304,-0.00157085,-9.5897,fluid
2133,13.375,2.12451,,1000,0.783683,17.1624,,-9.09326e-07,-0.0979859,0.0979859,,-0.0019888,0.0960748,-0.000705631,-9.71393,fluid
2134,13.375,2.37451,,1000,0.312354,6.52852,,-3.39816e-07,-0.0980581,0.0980581,,-0.000793135,0.0401411,-0.000305022,-9.76986,fluid
2135,13.375,2.62451,,1000,0.120369,2.3834,,-1.19728e-07,-0.0980853,0.0980853,,-0.000303096,0.0160272,-0.000124898,-9.79397,fluid
2136,13.375,2.87451,,1000,0.0444951,0.842101,,-4.07351e-08,-0.098095,0.098095,,-0.000111323,0.00611082,-4.83623e-05,-9.80389,fluid
2137,13.375,3.12451,,1000,0.015755,0.288402,,-1.35542e-08,-0.0980984,0.0980984,,-3.94975e-05,0.00223793,-1.79347e-05,-9.80776,fluid
2138,13.375,3.37451,,1000,0.00538496,0.09559,,-4.38149e-09,-0.0980995,0.0980995,,-1.35784e-05,0.00079219,-6.43152e-06,-9.80921,fluid
2139,13.375,3.62451,,1000,0.0017878,0.0306878,,-1.36711e-09,-0.0980998,0.0980998,,-4.52579e-06,0.000271611,-2.23137e-06,-9.80973,fluid
2140,13.375,3.87451,,1000,0.00057675,0.00957548,,-4.13331e-10,-0.0981,0.0981,,-1.46338e-06,9.01794e-05,-7.47458e-07,-9.80991,fluid
2141,13.375,4.12451,,1000,0.00018057,0.00291182,,-1.21905e-10,-0.0981,0.0981,,-4.59872e-07,2.90237e-05,-2.42166e-07,-9.80997,fluid
2142,13.375,4.37451,,1000,5.49317e-05,0.000863447,,-3.51457e-11,-0.0981,0.0981,,-1.4076e-07,9.07885e-06,-7.62037e-08,-9.80999,fluid
2143,13.375,4.62451,,1000,1.62857e-05,0.000249681,,-9.88933e-12,-0.0981,0.0981,,-4.20211e-08,2.7666e-06,-2.33534e-08,-9.81,fluid
2144,13.375,4.87451,,1000,4.71473e-06,7.04727e-05,,-2.71371e-12,-0.0981,0.0981,,-1.22416e-08,8.22087e-07,-6.97258e-09,-9.81,fluid
2145,13.375,5.12451,,1000,1.33329e-06,1.9444e-05,,-7.27759e-13,-0.0981,0.0981,,-3.48193e-09,2.38294e-07,-2.02817e-09,-9.81,fluid
2146,13.375,5.37451,,1000,3.68341e-07,5.25047e-06,,-1.90859e-13,-0.0981,0.0981,,-9.67406e-10,6.74361e-08,-5.74847e-10,-9.81,fluid
2147,13.375,5.62451,,1000,9.94825e-08,1.3906e-06,,-4.90174e-14,-0.0981,0.0981,,-2.62635e-10,1.86557e-08,-1.58665e-10,-9.81,fluid
2148,13.375,5.87451,,1000,2.632e-08,3.58977e-07,,-1.23826e-14,-0.0981,0.0981,,-7.00478e-11,5.0508e-09,-4.32084e-11,-9.81,fluid
2149,13.375,6.12451,,1000,6.81895e-09,9.23581e-08,,-3.15386e-15,-0.0981,0.0981,,-1.85337e-11,1.33853e-09,-1.16284e-11,-9.81,fluid
2150,13.375,6.37451,,1000,1.73922e-09,2.26539e-08,,-6.7014e-16,-0.0981,0.0981,,-4.91474e-12,3.46212e-10,-3.22099e-12,-9.81,fluid
2151,13.375,6.62451,,1000,4.30465e-10,6.97042e-09,,-1.97149e-16,-0.0981,0.0981,,-1.33893e-12,8.56675e-11,-8.17774e-13,-9.81,fluid
2152,13.375,6.87451,,1000,1.03609e-10,3.48521e-09,,-2.82003e-17,-0.0981,0.0981,,-4.57054e-13,1.90075e-11,-1.96478e-13,-9.81,fluid
2153,13.375,7.12451,,1000,2.02041e-11,3.48521e-09,,-1.51131e-18,-0.0981,0.0981,,-2.32307e-13,3.61279e-12,2.82696e-14,-9.81,fluid
2154,13.375,7.37451,,1000,3.04366e-13,3.48521e-09,,-4.35991e-21,-0.0981,0.0981,,-1.38354e-13,2.03845e-12,1.22223e-13,-9.81,fluid
2155,13.375,7.62451,,1000,6.50913e-12,1.74261e-09,,-3.25557e-22,-0.0981,0.0981,,-1.97612e-13,3.9844e-12,-6.73235e-14,-9.81,fluid
2156,13.375,7.87451,,1000,2.61918e-12,1.74261e-09,,-1.03506e-23,-0.0981,0.0981,,-3.8207e-13,6.50452e-12,-2.51782e-13,-9.81,fluid
2157,13.625,0.124703,,1000.53,94.023,4190.82,,-0.000587291,-0.042303,0.0423071,,-0.391317,9.50621,-0.0838983,-0.303792,fluid
2158,13.625,0.37463,,1000.38,81.5319,3015.97,,-0.000204705,-0.0603749,0.0603752,,-0.252983,7.35056,-0.0317129,-2.45944,fluid
2159,13.625,0.624558,,1000.24,56.6788,1903.1,,-9.73285e-05,-0.0805269,0.080527,,-0.151902,4.29968,-0.0122585,-5.51032,fluid
2160,13.625,0.87453,,1000.13,33.5805,1050.72,,-5.62076e-05,-0.0894548,0.0894548,,-0.0893437,2.77933,-0.0122368,-7.03067,fluid
2161,13.625,1.12452,,1000.07,17.5102,519.248,,-3.03929e-05,-0.0938593,0.0938593,,-0.0480651,1.75623,-0.00995773,-8.05377,fluid
2162,13.625,1.37451,,1000.03,8.84421,237.093,,-1.39878e-05,-0.0962379,0.0962379,,-0.0236186,0.968342,-0.00621784,-8.84166,fluid
2163,13.625,1.62451,,1000.01,4.26772,102.83,,-5.60248e-06,-0.0973409,0.0973409,,-0.0108126,0.479709,-0.00326552,-9.33029,fluid
2164,13.625,1.87451,,1000.01,1.89084,42.9549,,-2.24781e-06,-0.0978023,0.0978023,,-0.00469464,0.220304,-0.00154201,-9.5897,fluid
2165,13.625,2.12451,,1000,0.783688,17.1624,,-8.92628e-07,-0.0979859,0.0979859,,-0.0019523,0.096075,-0.000692674,-9.71393,fluid
2166,13.625,2.37451,,1000,0.312356,6.52854,,-3.33576e-07,-0.0980581,0.0980581,,-0.000778579,0.0401412,-0.000299421,-9.76986,fluid
2167,13.625,2.62451,,1000,0.12037,2.38341,,-1.17529e-07,-0.0980853,0.0980853,,-0.000297533,0.0160273,-0.000122604,-9.79397,fluid
2168,13.625,2.87451,,1000,0.0444955,0.842105,,-3.99869e-08,-0.098095,0.098095,,-0.00010928,0.00611084,-4.7474e-05,-9.80389,fluid
2169,13.625,3.12451,,1000,0.0157551,0.288404,,-1.33053e-08,-0.0980984,0.0980984,,-3.87725e-05,0.00223794,-1.76052e-05,-9.80776,fluid
2170,13.625,3.37451,,1000,0.00538501,0.0955907,,-4.30102e-09,-0.0980995,0.0980995,,-1.33292e-05,0.000792195,-6.31337e-06,-9.80921,fluid
2171,13.625,3.62451,,1000,0.00178782,0.0306881,,-1.342e-09,-0.0980998,0.0980998,,-4.44271e-06,0.000271612,-2.19038e-06,-9.80973,fluid
2172,13.625,3.87451,,1000,0.000576756,0.00957555,,-4.05737e-10,-0.0981,0.0981,,-1.43652e-06,9.018e-05,-7.33726e-07,-9.80991,fluid
2173,13.625,4.12451,,1000,0.000180572,0.00291184,,-1.19663e-10,-0.0981,0.0981,,-4.51431e-07,2.9024e-05,-2.37717e-07,-9.80997,fluid
2174,13.625,4.37451,,1000,5.49323e-05,0.000863456,,-3.44977e-11,-0.0981,0.0981,,-1.38176e-07,9.07892e-06,-7.48035e-08,-9.80999,fluid
2175,13.625,4.62451,,1000,1.62859e-05,0.000249681,,-9.70589e-12,-0.0981,0.0981,,-4.12496e-08,2.76663e-06,-2.29245e-08,-9.81,fluid
2176,13.625,4.87451,,1000,4.71479e-06,7.04745e-05,,-2.66261e-12,-0.0981,0.0981,,-1.20173e-08,8.22095e-07,-6.84489e-09,-9.81,fluid
2177,13.625,5.12451,,1000,1.3333e-06,1.94457e-05,,-7.13732e-13,-0.0981,0.0981,,-3.41883e-09,2.38297e-07,-1.99162e-09,-9.81,fluid
2178,13.625,5.37451,,1000,3.68338e-07,5.25047e-06,,-1.87186e-13,-0.0981,0.0981,,-9.50006e-10,6.74375e-08,-5.6465e-10,-9.81,fluid
2179,13.625,5.62451,,1000,9.94892e-08,1.38886e-06,,-4.8111e-14,-0.0981,0.0981,,-2.57602e-10,1.86555e-08,-1.55668e-10,-9.81,fluid
2180,13.625,5.87451,,1000,2.63127e-08,3.60719e-07,,-1.21553e-14,-0.0981,0.0981,,-6.84522e-11,5.05001e-09,-4.19774e-11,-9.81,fluid
2181,13.625,6.12451,,1000,6.82569e-09,9.23581e-08,,-3.09597e-15,-0.0981,0.0981,,-1.83683e-11,1.33813e-09,-1.15897e-11,-9.81,fluid
2182,13.625,6.37451,,1000,1.74635e-09,2.26539e-08,,-6.57843e-16,-0.0981,0.0981,,-5.42428e-12,3.46244e-10,-3.76161e-12,-9.81,fluid
2183,13.625,6.62451,,1000,4.30725e-10,6.97042e-09,,-1.93531e-16,-0.0981,0.0981,,-1.77123e-12,8.59226e-11,-1.25964e-12,-9.81,fluid
2184,13.625,6.87451,,1000,1.03713e-10,3.48521e-09,,-2.76828e-17,-0.0981,0.0981,,-6.08413e-13,1.91668e-11,-3.52618e-13,-9.81,fluid
2185,13.625,7.12451,,1000,2.01959e-11,3.48521e-09,,-1.48358e-18,-0.0981,0.0981,,-2.85084e-13,3.67274e-12,-2.92883e-14,-9.81,fluid
2186,13.625,7.37451,,1000,2.9938e-13,3.48521e-09,,-4.27988e-21,-0.0981,0.0981,,-1.99616e-13,1.9968e-12,5.61794e-14,-9.81,fluid
2187,13.625,7.62451,,1000,3.30159e-13,3.48521e-09,,-3.19582e-22,-0.0981,0.0981,,-1.27298e-13,4.79385e-12,1.28497e-13,-9.81,fluid
2188,13.625,7.87451,,1000,-1.78621e-12,3.48521e-09,,-1.01606e-23,-0.0981,0.0981,,-8.04878e-14,8.8318e-12,1.75308e-13,-9.81,fluid
2189,13.875,0.124703,,1000.53,94.0238,4190.8,,-0.000576718,-0.0423031,0.0423071,,-0.384268,9.50619,-0.0823894,-0.30381,fluid
2190,13.875,0.37463,,1000.38,81.5325,3015.96,,-0.000201018,-0.060375,0.0603753,,-0.248426,7.35053,-0.0311427,-2.45947,fluid
2191,13.875,0.624558,,1000.24,56.679,1903.1,,-9.55745e-05,-0.0805269,0.080527,,-0.149165,4.29966,-0.0120379,-5.51034,fluid
2192,13.875,0.87453,,1000.13,33.5805,1050.72,,-5.51946e-05,-0.0894548,0.0894548,,-0.087734,2.77933,-0.0120164,-7.03067,fluid
2193,13.875,1.12452,,1000.07,17.5103,519.248,,-2.98451e-05,-0.0938593,0.0938593,,-0.0471991,1.75623,-0.00977829,-8.05377,fluid
2194,13.875,1.37451,,1000.03,8.84426,237.093,,-1.37357e-05,-0.0962379,0.0962379,,-0.0231931,0.968342,-0.00610578,-8.84166,fluid
2195,13.875,1.62451,,1000.01,4.26775,102.83,,-5.50148e-06,-0.0973409,0.0973409,,-0.0106177,0.479709,-0.00320666,-9.33029,fluid
2196,13.875,1.87451,,1000.01,1.89085,42.955,,-2.20728e-06,-0.0978023,0.0978023,,-0.00461005,0.220304,-0.00151421,-9.5897,fluid
2197,13.875,2.12451,,1000,0.783693,17.1625,,-8.76533e-07,-0.0979859,0.0979859,,-0.00191712,0.0960752,-0.000680184,-9.71392,fluid
2198,13.875,2.37451,,1000,0.312358,6.52857,,-3.2756e-07,-0.0980581,0.0980581,,-0.000764549,0.0401413,-0.000294021,-9.76986,fluid
2199,13.875,2.62451,,1000,0.12037,2.38342,,-1.1541e-07,-0.0980853,0.0980853,,-0.000292171,0.0160273,-0.000120393,-9.79397,fluid
2200,13.875,2.87451,,1000,0.0444958,0.84211,,-3.92658e-08,-0.098095,0.098095,,-0.00010731,0.00611086,-4.66178e-05,-9.80389,fluid
2201,13.875,3.12451,,1000,0.0157553,0.288406,,-1.30653e-08,-0.0980984,0.0980984,,-3.80737e-05,0.00223795,-1.72877e-05,-9.80776,fluid
2202,13.875,3.37451,,1000,0.00538506,0.0955913,,-4.22344e-09,-0.0980995,0.0980995,,-1.3089e-05,0.000792199,-6.19949e-06,-9.80921,fluid
2203,13.875,3.62451,,1000,0.00178784,0.0306883,,-1.31779e-09,-0.0980998,0.0980998,,-4.36263e-06,0.000271614,-2.15087e-06,-9.80973,fluid
2204,13.875,3.87451,,1000,0.000576762,0.00957563,,-3.98419e-10,-0.0981,0.0981,,-1.41063e-06,9.01806e-05,-7.20492e-07,-9.80991,fluid
2205,13.875,4.12451,,1000,0.000180574,0.00291187,,-1.17502e-10,-0.0981,0.0981,,-4.43295e-07,2.90242e-05,-2.3343e-07,-9.80997,fluid
2206,13.875,4.37451,,1000,5.49329e-05,0.000863463,,-3.3873e-11,-0.0981,0.0981,,-1.35686e-07,9.07899e-06,-7.34542e-08,-9.80999,fluid
2207,13.875,4.62451,,1000,1.62861e-05,0.000249684,,-9.52947e-12,-0.0981,0.0981,,-4.05054e-08,2.76665e-06,-2.25102e-08,-9.81,fluid
2208,13.875,4.87451,,1000,4.71485e-06,7.04745e-05,,-2.61422e-12,-0.0981,0.0981,,-1.17996e-08,8.22102e-07,-6.72038e-09,-9.81,fluid
2209,13.875,5.12451,,1000,1.33331e-06,1.94475e-05,,-7.00784e-13,-0.0981,0.0981,,-3.35605e-09,2.383e-07,-1.95443e-09,-9.81,fluid
2210,13.875,5.37451,,1000,3.68349e-07,5.25047e-06,,-1.83797e-13,-0.0981,0.0981,,-9.32293e-10,6.74387e-08,-5.53881e-10,-9.81,fluid
2211,13.875,5.62451,,1000,9.94884e-08,1.38886e-06,,-4.72439e-14,-0.0981,0.0981,,-2.52944e-10,1.86556e-08,-1.52846e-10,-9.81,fluid
2212,13.875,5.87451,,1000,2.6319e-08,3.58977e-07,,-1.19362e-14,-0.0981,0.0981,,-6.7047e-11,5.04935e-09,-4.11748e-11,-9.81,fluid
2213,13.875,6.12451,,1000,6.81987e-09,9.23581e-08,,-3.04018e-15,-0.0981,0.0981,,-1.76863e-11,1.33737e-09,-1.10299e-11,-9.81,fluid
2214,13.875,6.37451,,1000,1.7278e-09,2.43965e-08,,-6.4599e-16,-0.0981,0.0981,,-4.99067e-12,3.46116e-10,-3.23237e-12,-9.81,fluid
2215,13.875,6.62451,,1000,4.31888e-10,6.97042e-09,,-1.90044e-16,-0.0981,0.0981,,-1.55344e-12,8.6292e-11,-1.05107e-12,-9.81,fluid
2216,13.875,6.87451,,1000,1.04055e-10,3.48521e-09,,-2.7184e-17,-0.0981,0.0981,,-5.40725e-13,1.94017e-11,-2.89538e-13,-9.81,fluid
2217,13.875,7.12451,,1000,2.02305e-11,3.48521e-09,,-1.45685e-18,-0.0981,0.0981,,-2.66126e-13,3.75911e-12,-1.49394e-14,-9.81,fluid
2218,13.875,7.37451,,1000,1.55649e-13,3.48521e-09,,-4.20273e-21,-0.0981,0.0981,,-9.005e-14,2.1602e-12,1.61136e-13,-9.81,fluid
2219,13.875,7.62451,,1000,6.26421e-12,1.74261e-09,,-3.13822e-22,-0.0981,0.0981,,2.0132e-13,4.00696e-12,3.26913e-13,-9.81,fluid
2220,13.875,7.87451,,1000,2.42931e-12,1.74261e-09,,-9.97748e-24,-0.0981,0.0981,,4.27424e-13,6.3926e-12,5.53017e-13,-9.81,fluid
2221,14.125,0.124703,,1000.53,94.0246,4190.78,,-0.000566518,-0.0423032,0.042307,,-0.377468,9.50617,-0.0809337,-0.303827,fluid
2222,14.125,0.37463,,1000.38,81.533,3015.95,,-0.000197461,-0.0603751,0.0603754,,-0.24403,7.35051,-0.0305927,-2.45949,fluid
2223,14.125,0.624558,,1000.24,56.6792,1903.1,,-9.38826e-05,-0.080527,0.080527,,-0.146525,4.29964,-0.0118252,-5.51036,fluid
2224,14.125,0.87453,,1000.13,33.5806,1050.72,,-5.42175e-05,-0.0894548,0.0894548,,-0.0861812,2.77932,-0.0118037,-7.03068,fluid
2225,14.125,1.12452,,1000.07,17.5103,519.248,,-2.93167e-05,-0.0938593,0.0938593,,-0.0463637,1.75622,-0.00960521,-8.05378,fluid
2226,14.125,1.37451,,1000.03,8.8443,237.093,,-1.34925e-05,-0.0962379,0.0962379,,-0.0227825,0.968342,-0.00599769,-8.84166,fluid
2227,14.125,1.62451,,1000.01,4.26777,102.83,,-5.40405e-06,-0.0973409,0.0973409,,-0.0104298,0.479709,-0.00314988,-9.33029,fluid
2228,14.125,1.87451,,1000.01,1.89086,42.9551,,-2.16819e-06,-0.0978023,0.0978023,,-0.00452844,0.220304,-0.00148739,-9.5897,fluid
2229,14.125,2.12451,,1000,0.783697,17.1625,,-8.61008e-07,-0.0979859,0.0979859,,-0.00188318,0.0960753,-0.000668137,-9.71392,fluid
2230,14.125,2.37451,,1000,0.31236,6.52859,,-3.21758e-07,-0.0980581,0.0980581,,-0.000751014,0.0401414,-0.000288813,-9.76986,fluid
2231,14.125,2.62451,,1000,0.120371,2.38343,,-1.13366e-07,-0.0980853,0.0980853,,-0.000286999,0.0160274,-0.000118261,-9.79397,fluid
2232,14.125,2.87451,,1000,0.0444961,0.842114,,-3.85701e-08,-0.098095,0.098095,,-0.000105411,0.00611088,-4.5792e-05,-9.80389,fluid
2233,14.125,3.12451,,1000,0.0157554,0.288408,,-1.28338e-08,-0.0980984,0.0980984,,-3.73997e-05,0.00223796,-1.69814e-05,-9.80776,fluid
2234,14.125,3.37451,,1000,0.00538511,0.0955919,,-4.14861e-09,-0.0980995,0.0980995,,-1.28572e-05,0.000792203,-6.08965e-06,-9.80921,fluid
2235,14.125,3.62451,,1000,0.00178785,0.0306885,,-1.29444e-09,-0.0980998,0.0980998,,-4.28539e-06,0.000271615,-2.11276e-06,-9.80973,fluid
2236,14.125,3.87451,,1000,0.000576768,0.0095757,,-3.91358e-10,-0.0981,0.0981,,-1.38565e-06,9.01811e-05,-7.07727e-07,-9.80991,fluid
2237,14.125,4.12451,,1000,0.000180576,0.00291189,,-1.15418e-10,-0.0981,0.0981,,-4.35447e-07,2.90244e-05,-2.29295e-07,-9.80997,fluid
2238,14.125,4.37451,,1000,5.49335e-05,0.00086347,,-3.32716e-11,-0.0981,0.0981,,-1.33284e-07,9.07906e-06,-7.21529e-08,-9.80999,fluid
2239,14.125,4.62451,,1000,1.62863e-05,0.000249686,,-9.36082e-12,-0.0981,0.0981,,-3.97871e-08,2.76667e-06,-2.21102e-08,-9.81,fluid
2240,14.125,4.87451,,1000,4.7149e-06,7.04762e-05,,-2.56828e-12,-0.0981,0.0981,,-1.15885e-08,8.2211e-07,-6.599e-09,-9.81,fluid
2241,14.125,5.12451,,1000,1.33332e-06,1.94475e-05,,-6.88516e-13,-0.0981,0.0981,,-3.29416e-09,2.38302e-07,-1.91734e-09,-9.81,fluid
2242,14.125,5.37451,,1000,3.68363e-07,5.24873e-06,,-1.8056e-13,-0.0981,0.0981,,-9.1441e-10,6.74387e-08,-5.42819e-10,-9.81,fluid
2243,14.125,5.62451,,1000,9.94939e-08,1.38886e-06,,-4.64077e-14,-0.0981,0.0981,,-2.48229e-10,1.8655e-08,-1.49903e-10,-9.81,fluid
2244,14.125,5.87451,,1000,2.6318e-08,3.58977e-07,,-1.17249e-14,-0.0981,0.0981,,-6.58699e-11,5.04897e-09,-4.04556e-11,-9.81,fluid
2245,14.125,6.12451,,1000,6.81984e-09,9.23581e-08,,-2.98637e-15,-0.0981,0.0981,,-1.69098e-11,1.33711e-09,-1.03712e-11,-9.81,fluid
2246,14.125,6.37451,,1000,1.72814e-09,2.43965e-08,,-6.34556e-16,-0.0981,0.0981,,-3.99783e-12,3.45994e-10,-2.27065e-12,-9.81,fluid
2247,14.125,6.62451,,1000,4.32105e-10,6.97042e-09,,-1.86681e-16,-0.0981,0.0981,,-9.19891e-13,8.62625e-11,-4.2641e-13,-9.81,fluid
2248,14.125,6.87451,,1000,1.04115e-10,3.48521e-09,,-2.67029e-17,-0.0981,0.0981,,-3.25923e-13,1.94033e-11,-7.91821e-14,-9.81,fluid
2249,14.125,7.12451,,1000,2.01627e-11,3.48521e-09,,-1.43106e-18,-0.0981,0.0981,,-1.88571e-13,3.84364e-12,5.81699e-14,-9.81,fluid
2250,14.125,7.37451,,1000,-1.2936e-13,3.48521e-09,,-4.12832e-21,-0.0981,0.0981,,5.12651e-14,2.3596e-12,2.98006e-13,-9.81,fluid
2251,14.125,7.62451,,1000,-6.34092e-13,3.48521e-09,,-3.08265e-22,-0.0981,0.0981,,3.40191e-13,5.20537e-12,5.86932e-13,-9.81,fluid
2252,14.125,7.87451,,1000,1.69344e-12,1.74261e-09,,-9.80086e-24,-0.0981,0.0981,,3.99967e-13,6.33875e-12,5.23337e-13,-9.81,fluid
2253,14.375,0.124703,,1000.53,94.0254,4190.77,,-0.000556673,-0.0423033,0.042307,,-0.370905,9.50616,-0.0795285,-0.303843,fluid
2254,14.375,0.37463,,1000.38,81.5336,3015.95,,-0.000194028,-0.0603752,0.0603755,,-0.239786,7.35049,-0.0300617,-2.45951,fluid
2255,14.375,0.624558,,1000.24,56.6794,1903.1,,-9.22496e-05,-0.080527,0.0805271,,-0.143977,4.29963,-0.0116198,-5.51037,fluid
2256,14.375,0.87453,,1000.13,33.5807,1050.72,,-5.32744e-05,-0.0894548,0.0894548,,-0.0846825,2.77931,-0.0115985,-7.03069,fluid
2257,14.375,1.12452,,1000.07,17.5104,519.248,,-2.88068e-05,-0.0938593,0.0938593,,-0.0455574,1.75622,-0.00943815,-8.05378,fluid
2258,14.375,1.37451,,1000.03,8.84435,237.093,,-1.32577e-05,-0.0962379,0.0962379,,-0.0223863,0.968342,-0.00589336,-8.84166,fluid
2259,14.375,1.62451,,1000.01,4.26779,102.83,,-5.31002e-06,-0.0973409,0.0973409,,-0.0102484,0.47971,-0.00309508,-9.33029,fluid
2260,14.375,1.87451,,1000.01,1.89087,42.9552,,-2.13045e-06,-0.0978023,0.0978023,,-0.00444968,0.220304,-0.00146151,-9.5897,fluid
2261,14.375,2.12451,,1000,0.783701,17.1626,,-8.46024e-07,-0.0979859,0.0979859,,-0.00185043,0.0960755,-0.000656509,-9.71392,fluid
2262,14.375,2.37451,,1000,0.312362,6.52861,,-3.16159e-07,-0.0980581,0.0980581,,-0.000737951,0.0401415,-0.000283787,-9.76986,fluid
2263,14.375,2.62451,,1000,0.120372,2.38344,,-1.11392e-07,-0.0980853,0.0980853,,-0.000282007,0.0160274,-0.000116202,-9.79397,fluid
2264,14.375,2.87451,,1000,0.0444965,0.842118,,-3.78988e-08,-0.098095,0.098095,,-0.000103577,0.00611091,-4.49949e-05,-9.80389,fluid
2265,14.375,3.12451,,1000,0.0157555,0.288409,,-1.26104e-08,-0.0980984,0.0980984,,-3.67491e-05,0.00223797,-1.66858e-05,-9.80776,fluid
2266,14.375,3.37451,,1000,0.00538515,0.0955925,,-4.07639e-09,-0.0980995,0.0980995,,-1.26335e-05,0.000792206,-5.98364e-06,-9.80921,fluid
2267,14.375,3.62451,,1000,0.00178787,0.0306887,,-1.2719e-09,-0.0980998,0.0980998,,-4.21084e-06,0.000271617,-2.07597e-06,-9.80973,fluid
2268,14.375,3.87451,,1000,0.000576773,0.00957577,,-3.84545e-10,-0.0981,0.0981,,-1.36155e-06,9.01817e-05,-6.95406e-07,-9.80991,fluid
2269,14.375,4.12451,,1000,0.000180578,0.00291192,,-1.13409e-10,-0.0981,0.0981,,-4.27871e-07,2.90246e-05,-2.25303e-07,-9.80997,fluid
2270,14.375,4.37451,,1000,5.49341e-05,0.000863479,,-3.26935e-11,-0.0981,0.0981,,-1.30965e-07,9.07913e-06,-7.08967e-08,-9.80999,fluid
2271,14.375,4.62451,,1000,1.62865e-05,0.000249686,,-9.19837e-12,-0.0981,0.0981,,-3.90954e-08,2.7667e-06,-2.1726e-08,-9.81,fluid
2272,14.375,4.87451,,1000,4.71497e-06,7.04727e-05,,-2.52394e-12,-0.0981,0.0981,,-1.13873e-08,8.22118e-07,-6.48489e-09,-9.81,fluid
2273,14.375,5.12451,,1000,1.33335e-06,1.9444e-05,,-6.76634e-13,-0.0981,0.0981,,-3.23705e-09,2.38303e-07,-1.88442e-09,-9.81,fluid
2274,14.375,5.37451,,1000,3.68363e-07,5.24873e-06,,-1.77427e-13,-0.0981,0.0981,,-8.98416e-10,6.7438e-08,-5.33287e-10,-9.81,fluid
2275,14.375,5.62451,,1000,9.94786e-08,1.3906e-06,,-4.56006e-14,-0.0981,0.0981,,-2.43497e-10,1.86541e-08,-1.4676e-10,-9.81,fluid
2276,14.375,5.87451,,1000,2.63164e-08,3.58977e-07,,-1.1521e-14,-0.0981,0.0981,,-6.44735e-11,5.0486e-09,-3.95012e-11,-9.81,fluid
2277,14.375,6.12451,,1000,6.81816e-09,9.23581e-08,,-2.93443e-15,-0.0981,0.0981,,-1.65555e-11,1.33716e-09,-1.01306e-11,-9.81,fluid
2278,14.375,6.37451,,1000,1.74004e-09,2.26539e-08,,-6.2352e-16,-0.0981,0.0981,,-3.91361e-12,3.45926e-10,-2.33768e-12,-9.81,fluid
2279,14.375,6.62451,,1000,4.31163e-10,6.97042e-09,,-1.83434e-16,-0.0981,0.0981,,-8.80274e-13,8.59437e-11,-3.95375e-13,-9.81,fluid
2280,14.375,6.87451,,1000,1.0382e-10,3.48521e-09,,-2.62385e-17,-0.0981,0.0981,,-3.10328e-13,1.92469e-11,-6.78787e-14,-9.81,fluid
2281,14.375,7.12451,,1000,1.99272e-11,3.48521e-09,,-1.40617e-18,-0.0981,0.0981,,-1.39705e-13,3.95259e-12,1.02744e-13,-9.81,fluid
2282,14.375,7.37451,,1000,-8.27102e-13,3.48521e-09,,-4.0565e-21,-0.0981,0.0981,,1.52418e-13,2.69582e-12,3.94868e-13,-9.81,fluid
2283,14.375,7.62451,,1000,4.37071e-12,1.74261e-09,,-3.02903e-22,-0.0981,0.0981,,4.381e-13,4.31828e-12,5.59324e-13,-9.81,fluid
2284,14.375,7.87451,,1000,5.44836e-13,1.74261e-09,,-9.63038e-24,-0.0981,0.0981,,3.15932e-13,6.05914e-12,4.37157e-13,-9.81,fluid
2285,14.625,0.124703,,1000.53,94.0261,4190.75,,-0.000547165,-0.0423034,0.0423069,,-0.364566,9.50614,-0.0781712,-0.303859,fluid
2286,14.625,0.37463,,1000.38,81.5341,3015.94,,-0.000190713,-0.0603752,0.0603755,,-0.235688,7.35047,-0.0295488,-2.45953,fluid
2287,14.625,0.624558,,1000.24,56.6796,1903.1,,-9.06724e-05,-0.080527,0.0805271,,-0.141516,4.29962,-0.0114215,-5.51038,fluid
2288,14.625,0.87453,,1000.13,33.5808,1050.72,,-5.23636e-05,-0.0894548,0.0894548,,-0.083235,2.77931,-0.0114002,-7.03069,fluid
2289,14.625,1.12452,,1000.07,17.5104,519.248,,-2.83142e-05,-0.0938592,0.0938593,,-0.0447786,1.75622,-0.0092768,-8.05378,fluid
2290,14.625,1.37451,,1000.03,8.84439,237.094,,-1.3031e-05,-0.0962379,0.0962379,,-0.0220036,0.968342,-0.0057926,-8.84166,fluid
2291,14.625,1.62451,,1000.01,4.26781,102.831,,-5.2192e-06,-0.0973409,0.0973409,,-0.0100732,0.47971,-0.00304216,-9.33029,fluid
2292,14.625,1.87451,,1000.01,1.89088,42.9553,,-2.09401e-06,-0.0978023,0.0978023,,-0.00437361,0.220304,-0.00143651,-9.5897,fluid
2293,14.625,2.12451,,1000,0.783705,17.1626,,-8.31552e-07,-0.0979859,0.0979859,,-0.00181879,0.0960756,-0.00064528,-9.71392,fluid
2294,14.625,2.37451,,1000,0.312364,6.52864,,-3.1075e-07,-0.0980581,0.0980581,,-0.000725334,0.0401416,-0.000278932,-9.76986,fluid
2295,14.625,2.62451,,1000,0.120373,2.38345,,-1.09487e-07,-0.0980853,0.0980853,,-0.000277185,0.0160275,-0.000114214,-9.79397,fluid
2296,14.625,2.87451,,1000,0.0444968,0.842122,,-3.72504e-08,-0.098095,0.098095,,-0.000101806,0.00611092,-4.4225e-05,-9.80389,fluid
2297,14.625,3.12451,,1000,0.0157556,0.288411,,-1.23946e-08,-0.0980984,0.0980984,,-3.61207e-05,0.00223798,-1.64003e-05,-9.80776,fluid
2298,14.625,3.37451,,1000,0.00538519,0.095593,,-4.00663e-09,-0.0980995,0.0980995,,-1.24175e-05,0.00079221,-5.88124e-06,-9.80921,fluid
2299,14.625,3.62451,,1000,0.00178788,0.0306889,,-1.25014e-09,-0.0980998,0.0980998,,-4.13883e-06,0.000271618,-2.04045e-06,-9.80973,fluid
2300,14.625,3.87451,,1000,0.000576778,0.00957584,,-3.77967e-10,-0.0981,0.0981,,-1.33826e-06,9.01822e-05,-6.83502e-07,-9.80991,fluid
2301,14.625,4.12451,,1000,0.000180579,0.00291194,,-1.11472e-10,-0.0981,0.0981,,-4.20552e-07,2.90247e-05,-2.21445e-07,-9.80997,fluid
2302,14.625,4.37451,,1000,5.49346e-05,0.000863484,,-3.21358e-11,-0.0981,0.0981,,-1.28725e-07,9.07919e-06,-6.96832e-08,-9.80999,fluid
2303,14.625,4.62451,,1000,1.62866e-05,0.000249689,,-9.04129e-12,-0.0981,0.0981,,-3.84286e-08,2.76672e-06,-2.13558e-08,-9.81,fluid
2304,14.625,4.87451,,1000,4.71501e-06,7.04745e-05,,-2.48066e-12,-0.0981,0.0981,,-1.11957e-08,8.22125e-07,-6.37698e-09,-9.81,fluid
2305,14.625,5.12451,,1000,1.33337e-06,1.9444e-05,,-6.64989e-13,-0.0981,0.0981,,-3.1849e-09,2.38306e-07,-1.8554e-09,-9.81,fluid
2306,14.625,5.37451,,1000,3.68372e-07,5.24699e-06,,-1.74384e-13,-0.0981,0.0981,,-8.85385e-10,6.74385e-08,-5.26616e-10,-9.81,fluid
2307,14.625,5.62451,,1000,9.94977e-08,1.38711e-06,,-4.48211e-14,-0.0981,0.0981,,-2.40361e-10,1.86539e-08,-1.45516e-10,-9.81,fluid
2308,14.625,5.87451,,1000,2.63215e-08,3.58977e-07,,-1.13241e-14,-0.0981,0.0981,,-6.3776e-11,5.04807e-09,-3.92306e-11,-9.81,fluid
2309,14.625,6.12451,,1000,6.82372e-09,9.23581e-08,,-2.88427e-15,-0.0981,0.0981,,-1.67282e-11,1.33689e-09,-1.04131e-11,-9.81,fluid
2310,14.625,6.37451,,1000,1.74598e-09,2.26539e-08,,-6.12862e-16,-0.0981,0.0981,,-4.54834e-12,3.45846e-10,-2.99936e-12,-9.81,fluid
2311,14.625,6.62451,,1000,4.30712e-10,6.97042e-09,,-1.80298e-16,-0.0981,0.0981,,-1.30341e-12,8.58697e-11,-8.26798e-13,-9.81,fluid
2312,14.625,6.87451,,1000,1.03672e-10,3.48521e-09,,-2.579e-17,-0.0981,0.0981,,-4.5717e-13,1.92252e-11,-2.18865e-13,-9.81,fluid
2313,14.625,7.12451,,1000,1.97651e-11,3.48521e-09,,-1.38214e-18,-0.0981,0.0981,,-2.01871e-13,4.09794e-12,3.64345e-14,-9.81,fluid
2314,14.625,7.37451,,1000,-1.36779e-12,3.48521e-09,,-3.98714e-21,-0.0981,0.0981,,-1.78941e-16,2.93018e-12,2.38126e-13,-9.81,fluid
2315,14.625,7.62451,,1000,9.64732e-12,1.74261e-09,,-2.97723e-22,-0.0981,0.0981,,1.45051e-13,4.32884e-12,2.64203e-13,-9.81,fluid
2316,14.625,7.87451,,1000,4.36341e-12,1.74261e-09,,-9.46572e-24,-0.0981,0.0981,,1.10804e-13,5.82698e-12,2.29956e-13,-9.81,fluid
2317,14.875,0.124703,,1000.53,94.0267,4190.73,,-0.000537975,-0.0423035,0.0423069,,-0.358439,9.50613,-0.0768595,-0.303873,fluid
2318,14.875,0.37463,,1000.38,81.5345,3015.93,,-0.000187508,-0.0603753,0.0603756,,-0.231727,7.35045,-0.0290531,-2.45955,fluid
2319,14.875,0.624558,,1000.24,56.6798,1903.1,,-8.91482e-05,-0.0805271,0.0805271,,-0.139138,4.2996,-0.0112298,-5.5104,fluid
2320,14.875,0.87453,,1000.13,33.5808,1050.72,,-5.14834e-05,-0.0894548,0.0894548,,-0.0818361,2.7793,-0.0112087,-7.0307,fluid
2321,14.875,1.12452,,1000.07,17.5105,519.248,,-2.78383e-05,-0.0938592,0.0938593,,-0.044026,1.75622,-0.00912088,-8.05378,fluid
2322,14.875,1.37451,,1000.03,8.84442,237.094,,-1.2812e-05,-0.0962379,0.0962379,,-0.0216338,0.968342,-0.00569522,-8.84166,fluid
2323,14.875,1.62451,,1000.01,4.26783,102.831,,-5.13144e-06,-0.0973409,0.0973409,,-0.0099039,0.47971,-0.00299101,-9.33029,fluid
2324,14.875,1.87451,,1000.01,1.89089,42.9554,,-2.0588e-06,-0.0978023,0.0978023,,-0.0043001,0.220305,-0.00141236,-9.5897,fluid
2325,14.875,2.12451,,1000,0.783709,17.1627,,-8.17567e-07,-0.0979859,0.0979859,,-0.00178822,0.0960757,-0.000634427,-9.71392,fluid
2326,14.875,2.37451,,1000,0.312366,6.52865,,-3.05524e-07,-0.0980581,0.0980581,,-0.000713141,0.0401417,-0.000274241,-9.76986,fluid
2327,14.875,2.62451,,1000,0.120374,2.38346,,-1.07645e-07,-0.0980853,0.0980853,,-0.000272525,0.0160275,-0.000112293,-9.79397,fluid
2328,14.875,2.87451,,1000,0.044497,0.842125,,-3.66237e-08,-0.098095,0.098095,,-0.000100094,0.00611094,-4.3481e-05,-9.80389,fluid
2329,14.875,3.12451,,1000,0.0157557,0.288412,,-1.21861e-08,-0.0980984,0.0980984,,-3.55134e-05,0.00223799,-1.61243e-05,-9.80776,fluid
2330,14.875,3.37451,,1000,0.00538523,0.0955935,,-3.93922e-09,-0.0980995,0.0980995,,-1.22087e-05,0.000792213,-5.78227e-06,-9.80921,fluid
2331,14.875,3.62451,,1000,0.0017879,0.0306891,,-1.2291e-09,-0.0980998,0.0980998,,-4.06923e-06,0.00027162,-2.0061e-06,-9.80973,fluid
2332,14.875,3.87451,,1000,0.000576783,0.00957589,,-3.71607e-10,-0.0981,0.0981,,-1.31575e-06,9.01826e-05,-6.71993e-07,-9.80991,fluid
2333,14.875,4.12451,,1000,0.000180581,0.00291196,,-1.09597e-10,-0.0981,0.0981,,-4.13476e-07,2.90249e-05,-2.17714e-07,-9.80997,fluid
2334,14.875,4.37451,,1000,5.49351e-05,0.000863491,,-3.15952e-11,-0.0981,0.0981,,-1.26559e-07,9.07925e-06,-6.85088e-08,-9.80999,fluid
2335,14.875,4.62451,,1000,1.62868e-05,0.000249691,,-8.8885e-12,-0.0981,0.0981,,-3.77827e-08,2.76674e-06,-2.09968e-08,-9.81,fluid
2336,14.875,4.87451,,1000,4.71504e-06,7.04762e-05,,-2.43849e-12,-0.0981,0.0981,,-1.1009e-08,8.2213e-07,-6.27113e-09,-9.81,fluid
2337,14.875,5.12451,,1000,1.33338e-06,1.9444e-05,,-6.53657e-13,-0.0981,0.0981,,-3.13341e-09,2.38308e-07,-1.82625e-09,-9.81,fluid
2338,14.875,5.37451,,1000,3.68358e-07,5.25047e-06,,-1.71444e-13,-0.0981,0.0981,,-8.726e-10,6.74395e-08,-5.19627e-10,-9.81,fluid
2339,14.875,5.62451,,1000,9.95064e-08,1.38711e-06,,-4.40677e-14,-0.0981,0.0981,,-2.38221e-10,1.86547e-08,-1.4497e-10,-9.81,fluid
2340,14.875,5.87451,,1000,2.63156e-08,3.58977e-07,,-1.11338e-14,-0.0981,0.0981,,-6.37598e-11,5.04824e-09,-3.96269e-11,-9.81,fluid
2341,14.875,6.12451,,1000,6.81802e-09,9.23581e-08,,-2.8358e-15,-0.0981,0.0981,,-1.68167e-11,1.33672e-09,-1.06078e-11,-9.81,fluid
2342,14.875,6.37451,,1000,1.72674e-09,2.43965e-08,,-6.02562e-16,-0.0981,0.0981,,-4.53488e-12,3.45822e-10,-2.89478e-12,-9.81,fluid
2343,14.875,6.62451,,1000,4.3139e-10,6.97042e-09,,-1.77268e-16,-0.0981,0.0981,,-1.33131e-12,8.60436e-11,-8.62711e-13,-9.81,fluid
2344,14.875,6.87451,,1000,1.03851e-10,3.48521e-09,,-2.53565e-17,-0.0981,0.0981,,-4.64901e-13,1.93219e-11,-2.30601e-13,-9.81,fluid
2345,14.875,7.12451,,1000,1.98224e-11,3.48521e-09,,-1.35891e-18,-0.0981,0.0981,,-2.46533e-13,4.17772e-12,-1.22335e-14,-9.81,fluid
2346,14.875,7.37451,,1000,-1.20733e-12,3.48521e-09,,-3.9201e-21,-0.0981,0.0981,,-1.66041e-13,3.0201e-12,6.82589e-14,-9.81,fluid
2347,14.875,7.62451,,1000,3.76613e-12,1.74261e-09,,-2.92718e-22,-0.0981,0.0981,,-9.14281e-14,4.32884e-12,2.57219e-14,-9.81,fluid
2348,14.875,7.87451,,1000,1.44029e-13,1.74261e-09,,-9.30661e-24,-0.0981,0.0981,,-5.69236e-14,5.73707e-12,6.02264e-14,-9.81,fluid
2349,15.125,0.124703,,1000.53,94.0274,4190.72,,-0.000529089,-0.0423036,0.0423069,,-0.352516,9.50611,-0.075591,-0.303887,fluid
2350,15.125,0.37463,,1000.38,81.535,3015.93,,-0.00018441,-0.0603754,0.0603757,,-0.227897,7.35043,-0.0285738,-2.45957,fluid
2351,15.125,0.624558,,1000.24,56.6799,1903.1,,-8.76745e-05,-0.0805271,0.0805271,,-0.136838,4.29959,-0.0110444,-5.51041,fluid
2352,15.125,0.87453,,1000.13,33.5809,1050.72,,-5.06323e-05,-0.0894548,0.0894548,,-0.0804834,2.7793,-0.0110234,-7.0307,fluid
2353,15.125,1.12452,,1000.07,17.5105,519.248,,-2.7378e-05,-0.0938592,0.0938592,,-0.0432983,1.75622,-0.00897009,-8.05378,fluid
2354,15.125,1.37451,,1000.03,8.84446,237.094,,-1.26001e-05,-0.0962379,0.0962379,,-0.0212762,0.968342,-0.00560106,-8.84166,fluid
2355,15.125,1.62451,,1000.01,4.26785,102.831,,-5.04658e-06,-0.0973409,0.0973409,,-0.00974019,0.47971,-0.00294155,-9.33029,fluid
2356,15.125,1.87451,,1000.01,1.8909,42.9555,,-2.02475e-06,-0.0978023,0.0978023,,-0.00422901,0.220305,-0.001389,-9.5897,fluid
2357,15.125,2.12451,,1000,0.783712,17.1627,,-8.04045e-07,-0.0979859,0.0979859,,-0.00175865,0.0960759,-0.000623932,-9.71392,fluid
2358,15.125,2.37451,,1000,0.312367,6.52867,,-3.0047e-07,-0.0980581,0.0980581,,-0.000701351,0.0401417,-0.000269703,-9.76986,fluid
2359,15.125,2.62451,,1000,0.120374,2.38347,,-1.05864e-07,-0.0980853,0.0980853,,-0.000268019,0.0160276,-0.000110435,-9.79397,fluid
2360,15.125,2.87451,,1000,0.0444973,0.842129,,-3.60178e-08,-0.098095,0.098095,,-9.84392e-05,0.00611096,-4.27613e-05,-9.80389,fluid
2361,15.125,3.12451,,1000,0.0157558,0.288413,,-1.19845e-08,-0.0980984,0.0980984,,-3.4926e-05,0.00223799,-1.58574e-05,-9.80776,fluid
2362,15.125,3.37451,,1000,0.00538526,0.095594,,-3.87402e-09,-0.0980995,0.0980995,,-1.20068e-05,0.000792216,-5.6865e-06,-9.80921,fluid
2363,15.125,3.62451,,1000,0.00178791,0.0306892,,-1.20876e-09,-0.0980998,0.0980998,,-4.0019e-06,0.000271621,-1.97286e-06,-9.80973,fluid
2364,15.125,3.87451,,1000,0.000576787,0.00957595,,-3.65454e-10,-0.0981,0.0981,,-1.29397e-06,9.01831e-05,-6.60853e-07,-9.80991,fluid
2365,15.125,4.12451,,1000,0.000180582,0.00291198,,-1.07781e-10,-0.0981,0.0981,,-4.0663e-07,2.90251e-05,-2.14103e-07,-9.80997,fluid
2366,15.125,4.37451,,1000,5.49355e-05,0.000863496,,-3.10706e-11,-0.0981,0.0981,,-1.24462e-07,9.0793e-06,-6.7371e-08,-9.80999,fluid
2367,15.125,4.62451,,1000,1.62869e-05,0.000249695,,-8.74014e-12,-0.0981,0.0981,,-3.7156e-08,2.76675e-06,-2.06473e-08,-9.81,fluid
2368,15.125,4.87451,,1000,4.71509e-06,7.0478e-05,,-2.39754e-12,-0.0981,0.0981,,-1.08259e-08,8.22135e-07,-6.16615e-09,-9.81,fluid
2369,15.125,5.12451,,1000,1.33339e-06,1.94457e-05,,-6.42704e-13,-0.0981,0.0981,,-3.08075e-09,2.3831e-07,-1.79508e-09,-9.81,fluid
2370,15.125,5.37451,,1000,3.68365e-07,5.25047e-06,,-1.68598e-13,-0.0981,0.0981,,-8.57624e-10,6.74401e-08,-5.10485e-10,-9.81,fluid
2371,15.125,5.62451,,1000,9.94971e-08,1.38886e-06,,-4.33393e-14,-0.0981,0.0981,,-2.34585e-10,1.86553e-08,-1.4276e-10,-9.81,fluid
2372,15.125,5.87451,,1000,2.63182e-08,3.58977e-07,,-1.09497e-14,-0.0981,0.0981,,-6.3141e-11,5.04903e-09,-3.9407e-11,-9.81,fluid
2373,15.125,6.12451,,1000,6.81953e-09,9.23581e-08,,-2.78893e-15,-0.0981,0.0981,,-1.65922e-11,1.33713e-09,-1.04859e-11,-9.81,fluid
2374,15.125,6.37451,,1000,1.74132e-09,2.26539e-08,,-5.92602e-16,-0.0981,0.0981,,-4.24128e-12,3.45908e-10,-2.7435e-12,-9.81,fluid
2375,15.125,6.62451,,1000,4.31812e-10,6.97042e-09,,-1.74338e-16,-0.0981,0.0981,,-1.13982e-12,8.60691e-11,-6.78964e-13,-9.81,fluid
2376,15.125,6.87451,,1000,1.04017e-10,3.48521e-09,,-2.49374e-17,-0.0981,0.0981,,-4.01933e-13,1.93696e-11,-1.71506e-13,-9.81,fluid
2377,15.125,7.12451,,1000,1.99356e-11,3.48521e-09,,-1.33645e-18,-0.0981,0.0981,,-2.47385e-13,4.18388e-12,-1.69578e-14,-9.81,fluid
2378,15.125,7.37451,,1000,-8.62323e-13,3.48521e-09,,-3.85529e-21,-0.0981,0.0981,,-2.33283e-13,3.01654e-12,-2.8562e-15,-9.81,fluid
2379,15.125,7.62451,,1000,4.45401e-12,1.74261e-09,,-2.87878e-22,-0.0981,0.0981,,-2.37827e-13,4.31714e-12,-1.22614e-13,-9.81,fluid
2380,15.125,7.87451,,1000,8.40941e-13,1.74261e-09,,-9.15276e-24,-0.0981,0.0981,,-1.82003e-13,5.73818e-12,-6.67899e-14,-9.81,fluid
2381,15.375,0.124703,,1000.53,94.028,4190.71,,-0.000520492,-0.0423036,0.0423068,,-0.346785,9.5061,-0.0743635,-0.3039,fluid
2382,15.375,0.37463,,1000.38,81.5354,3015.92,,-0.000181412,-0.0603755,0.0603757,,-0.224192,7.35041,-0.0281099,-2.45959,fluid
2383,15.375,0.624558,,1000.24,56.6801,1903.09,,-8.62486e-05,-0.0805271,0.0805272,,-0.134613,4.29958,-0.0108649,-5.51042,fluid
2384,15.375,0.87453,,1000.13,33.581,1050.72,,-4.98088e-05,-0.0894548,0.0894548,,-0.0791747,2.77929,-0.0108441,-7.03071,fluid
2385,15.375,1.12452,,1000.07,17.5106,519.248,,-2.69328e-05,-0.0938592,0.0938592,,-0.0425942,1.75622,-0.00882418,-8.05378,fluid
2386,15.375,1.37451,,1000.03,8.84449,237.094,,-1.23952e-05,-0.0962379,0.0962379,,-0.0209302,0.968342,-0.00550993,-8.84166,fluid
2387,15.375,1.62451,,1000.01,4.26787,102.831,,-4.96447e-06,-0.0973409,0.0973409,,-0.00958178,0.47971,-0.00289368,-9.33029,fluid
2388,15.375,1.87451,,1000.01,1.89091,42.9555,,-1.9918e-06,-0.0978023,0.0978023,,-0.00416023,0.220305,-0.00136639,-9.5897,fluid
2389,15.375,2.12451,,1000,0.783716,17.1628,,-7.9096e-07,-0.0979859,0.0979859,,-0.00173005,0.096076,-0.000613772,-9.71392,fluid
2390,15.375,2.37451,,1000,0.312369,6.52869,,-2.9558e-07,-0.0980581,0.0980581,,-0.00068994,0.0401418,-0.00026531,-9.76986,fluid
2391,15.375,2.62451,,1000,0.120375,2.38347,,-1.04141e-07,-0.0980853,0.0980853,,-0.000263658,0.0160276,-0.000108635,-9.79397,fluid
2392,15.375,2.87451,,1000,0.0444976,0.842132,,-3.54312e-08,-0.098095,0.098095,,-9.68369e-05,0.00611098,-4.20641e-05,-9.80389,fluid
2393,15.375,3.12451,,1000,0.0157559,0.288414,,-1.17892e-08,-0.0980984,0.0980984,,-3.43573e-05,0.002238,-1.55986e-05,-9.80776,fluid
2394,15.375,3.37451,,1000,0.0053853,0.0955944,,-3.81089e-09,-0.0980995,0.0980995,,-1.18112e-05,0.000792219,-5.59363e-06,-9.80921,fluid
2395,15.375,3.62451,,1000,0.00178792,0.0306894,,-1.18905e-09,-0.0980998,0.0980998,,-3.93666e-06,0.000271622,-1.9406e-06,-9.80973,fluid
2396,15.375,3.87451,,1000,0.000576791,0.009576,,-3.59491e-10,-0.0981,0.0981,,-1.27286e-06,9.01835e-05,-6.50035e-07,-9.80991,fluid
2397,15.375,4.12451,,1000,0.000180584,0.00291199,,-1.06021e-10,-0.0981,0.0981,,-3.99991e-07,2.90252e-05,-2.10593e-07,-9.80997,fluid
2398,15.375,4.37451,,1000,5.49359e-05,0.000863498,,-3.0562e-11,-0.0981,0.0981,,-1.22428e-07,9.07934e-06,-6.6265e-08,-9.80999,fluid
2399,15.375,4.62451,,1000,1.6287e-05,0.000249696,,-8.59659e-12,-0.0981,0.0981,,-3.65477e-08,2.76676e-06,-2.03073e-08,-9.81,fluid
2400,15.375,4.87451,,1000,4.71512e-06,7.0478e-05,,-2.35811e-12,-0.0981,0.0981,,-1.06477e-08,8.2214e-07,-6.06373e-09,-9.81,fluid
2401,15.375,5.12451,,1000,1.3334e-06,1.94457e-05,,-6.32176e-13,-0.0981,0.0981,,-3.02919e-09,2.38311e-07,-1.76442e-09,-9.81,fluid
2402,15.375,5.37451,,1000,3.68376e-07,5.24873e-06,,-1.65854e-13,-0.0981,0.0981,,-8.4259e-10,6.74402e-08,-5.01209e-10,-9.81,fluid
2403,15.375,5.62451,,1000,9.94799e-08,1.3906e-06,,-4.26345e-14,-0.0981,0.0981,,-2.29994e-10,1.86552e-08,-1.39549e-10,-9.81,fluid
2404,15.375,5.87451,,1000,2.63203e-08,3.58977e-07,,-1.07717e-14,-0.0981,0.0981,,-6.17901e-11,5.0497e-09,-3.8442e-11,-9.81,fluid
2405,15.375,6.12451,,1000,6.82047e-09,9.23581e-08,,-2.74358e-15,-0.0981,0.0981,,-1.61702e-11,1.33765e-09,-1.01632e-11,-9.81,fluid
2406,15.375,6.37451,,1000,1.72797e-09,2.43965e-08,,-5.82966e-16,-0.0981,0.0981,,-3.96827e-12,3.46055e-10,-2.3815e-12,-9.81,fluid
2407,15.375,6.62451,,1000,4.31891e-10,6.97042e-09,,-1.71503e-16,-0.0981,0.0981,,-9.46755e-13,8.60414e-11,-4.93394e-13,-9.81,fluid
2408,15.375,6.87451,,1000,1.03998e-10,3.48521e-09,,-2.45319e-17,-0.0981,0.0981,,-3.39085e-13,1.93145e-11,-1.12404e-13,-9.81,fluid
2409,15.375,7.12451,,1000,2.00038e-11,3.48521e-09,,-1.31472e-18,-0.0981,0.0981,,-3.06167e-13,4.1107e-12,-7.94862e-14,-9.81,fluid
2410,15.375,7.37451,,1000,-5.66854e-13,3.48521e-09,,-3.79258e-21,-0.0981,0.0981,,-5.04266e-13,2.84859e-12,-2.77586e-13,-9.81,fluid
2411,15.375,7.62451,,1000,4.99752e-12,1.74261e-09,,-2.83196e-22,-0.0981,0.0981,,-7.28448e-13,4.2214e-12,-6.15108e-13,-9.81,fluid
2412,15.375,7.87451,,1000,1.37542e-12,1.74261e-09,,-9.00391e-24,-0.0981,0.0981,,-6.48949e-13,5.84561e-12,-5.35609e-13,-9.81,fluid
2413,15.625,0.124703,,1000.53,94.0285,4190.69,,-0.000512169,-0.0423037,0.0423068,,-0.341236,9.50609,-0.0731749,-0.303913,fluid
2414,15.625,0.37463,,1000.38,81.5358,3015.92,,-0.00017851,-0.0603755,0.0603758,,-0.220605,7.3504,-0.0276606,-2.4596,fluid
2415,15.625,0.624558,,1000.24,56.6802,1903.09,,-8.48683e-05,-0.0805271,0.0805272,,-0.13246,4.29957,-0.010691,-5.51043,fluid
2416,15.625,0.87453,,1000.13,33.581,1050.72,,-4.90116e-05,-0.0894548,0.0894548,,-0.0779078,2.77929,-0.0106705,-7.03071,fluid
2417,15.625,1.12452,,1000.07,17.5106,519.249,,-2.65017e-05,-0.0938592,0.0938592,,-0.0419125,1.75622,-0.00868283,-8.05378,fluid
2418,15.625,1.37451,,1000.03,8.84453,237.094,,-1.21967e-05,-0.0962379,0.0962379,,-0.0205952,0.968342,-0.00542165,-8.84166,fluid
2419,15.625,1.62451,,1000.01,4.26788,102.831,,-4.88498e-06,-0.0973409,0.0973409,,-0.00942839,0.47971,-0.00284729,-9.33029,fluid
2420,15.625,1.87451,,1000.01,1.89091,42.9556,,-1.9599e-06,-0.0978023,0.0978023,,-0.00409361,0.220305,-0.00134447,-9.5897,fluid
2421,15.625,2.12451,,1000,0.783719,17.1628,,-7.78288e-07,-0.0979859,0.0979859,,-0.00170234,0.0960761,-0.000603919,-9.71392,fluid
2422,15.625,2.37451,,1000,0.31237,6.52871,,-2.90842e-07,-0.0980581,0.0980581,,-0.000678884,0.0401419,-0.000261047,-9.76986,fluid
2423,15.625,2.62451,,1000,0.120376,2.38348,,-1.02471e-07,-0.0980853,0.0980853,,-0.00025943,0.0160276,-0.000106887,-9.79397,fluid
2424,15.625,2.87451,,1000,0.0444978,0.842134,,-3.48626e-08,-0.098095,0.098095,,-9.52829e-05,0.00611099,-4.13863e-05,-9.80389,fluid
2425,15.625,3.12451,,1000,0.015756,0.288415,,-1.15998e-08,-0.0980984,0.0980984,,-3.38053e-05,0.00223801,-1.53468e-05,-9.80776,fluid
2426,15.625,3.37451,,1000,0.00538533,0.0955948,,-3.74959e-09,-0.0980995,0.0980995,,-1.16211e-05,0.000792221,-5.50308e-06,-9.80921,fluid
2427,15.625,3.62451,,1000,0.00178793,0.0306895,,-1.16989e-09,-0.0980998,0.0980998,,-3.87322e-06,0.000271623,-1.9091e-06,-9.80973,fluid
2428,15.625,3.87451,,1000,0.000576794,0.00957604,,-3.53684e-10,-0.0981,0.0981,,-1.25231e-06,9.01837e-05,-6.3944e-07,-9.80991,fluid
2429,15.625,4.12451,,1000,0.000180584,0.002912,,-1.04303e-10,-0.0981,0.0981,,-3.93513e-07,2.90253e-05,-2.07145e-07,-9.80997,fluid
2430,15.625,4.37451,,1000,5.49362e-05,0.000863503,,-3.00656e-11,-0.0981,0.0981,,-1.20439e-07,9.07936e-06,-6.51747e-08,-9.80999,fluid
2431,15.625,4.62451,,1000,1.62871e-05,0.000249698,,-8.45704e-12,-0.0981,0.0981,,-3.59517e-08,2.76677e-06,-1.99711e-08,-9.81,fluid
2432,15.625,4.87451,,1000,4.71514e-06,7.0478e-05,,-2.32002e-12,-0.0981,0.0981,,-1.04731e-08,8.22141e-07,-5.96252e-09,-9.81,fluid
2433,15.625,5.12451,,1000,1.33341e-06,1.94457e-05,,-6.22042e-13,-0.0981,0.0981,,-2.9793e-09,2.38312e-07,-1.73477e-09,-9.81,fluid
2434,15.625,5.37451,,1000,3.68383e-07,5.24873e-06,,-1.632e-13,-0.0981,0.0981,,-8.28688e-10,6.744e-08,-4.92769e-10,-9.81,fluid
2435,15.625,5.62451,,1000,9.94868e-08,1.3906e-06,,-4.19523e-14,-0.0981,0.0981,,-2.25686e-10,1.86551e-08,-1.36687e-10,-9.81,fluid
2436,15.625,5.87451,,1000,2.63206e-08,3.58977e-07,,-1.05993e-14,-0.0981,0.0981,,-6.0411e-11,5.04991e-09,-3.74365e-11,-9.81,fluid
2437,15.625,6.12451,,1000,6.82035e-09,9.23581e-08,,-2.69967e-15,-0.0981,0.0981,,-1.58184e-11,1.33812e-09,-9.90752e-12,-9.81,fluid
2438,15.625,6.37451,,1000,1.74105e-09,2.26539e-08,,-5.73638e-16,-0.0981,0.0981,,-3.9095e-12,3.46206e-10,-2.45965e-12,-9.81,fluid
2439,15.625,6.62451,,1000,4.31492e-10,6.97042e-09,,-1.68759e-16,-0.0981,0.0981,,-9.64571e-13,8.58881e-11,-5.18464e-13,-9.81,fluid
2440,15.625,6.87451,,1000,1.03902e-10,3.48521e-09,,-2.41394e-17,-0.0981,0.0981,,-3.56681e-13,1.91857e-11,-1.33627e-13,-9.81,fluid
2441,15.625,7.12451,,1000,2.01189e-11,3.48521e-09,,-1.29368e-18,-0.0981,0.0981,,-4.10629e-13,3.84517e-12,-1.87575e-13,-9.81,fluid
2442,15.625,7.37451,,1000,-8.86912e-14,3.48521e-09,,-3.73188e-21,-0.0981,0.0981,,-8.76866e-13,2.36714e-12,-6.53812e-13,-9.81,fluid
2443,15.625,7.62451,,1000,5.88263e-12,1.74261e-09,,-2.78664e-22,-0.0981,0.0981,,-1.36424e-12,3.99581e-12,-1.25271e-12,-9.81,fluid
2444,15.625,7.87451,,1000,2.20549e-12,1.74261e-09,,-8.85982e-24,-0.0981,0.0981,,-1.18735e-12,6.17858e-12,-1.07582e-12,-9.81,fluid
2445,15.875,0.124703,,1000.53,94.0291,4190.68,,-0.000504108,-0.0423038,0.0423068,,-0.335862,9.50607,-0.0720226,-0.303926,fluid
2446,15.875,0.37463,,1000.38,81.5362,3015.91,,-0.000175699,-0.0603756,0.0603759,,-0.21713,7.35038,-0.0272246,-2.45962,fluid
2447,15.875,0.624558,,1000.24,56.6804,1903.09,,-8.35313e-05,-0.0805272,0.0805272,,-0.130373,4.29955,-0.010522,-5.51045,fluid
2448,15.875,0.87453,,1000.13,33.5811,1050.72,,-4.82394e-05,-0.0894548,0.0894548,,-0.0766802,2.77929,-0.0105018,-7.03071,fluid
2449,15.875,1.12452,,1000.07,17.5107,519.249,,-2.6084e-05,-0.0938592,0.0938592,,-0.041252,1.75622,-0.00854558,-8.05378,fluid
2450,15.875,1.37451,,1000.03,8.84456,237.094,,-1.20045e-05,-0.0962379,0.0962379,,-0.0202705,0.968342,-0.0053359,-8.84166,fluid
2451,15.875,1.62451,,1000.01,4.2679,102.831,,-4.80792e-06,-0.0973409,0.0973409,,-0.00927967,0.47971,-0.0028022,-9.33029,fluid
2452,15.875,1.87451,,1000.01,1.89092,42.9557,,-1.92896e-06,-0.0978023,0.0978023,,-0.00402899,0.220305,-0.00132314,-9.58969,fluid
2453,15.875,2.12451,,1000,0.783721,17.1628,,-7.65992e-07,-0.0979859,0.0979859,,-0.00167544,0.0960761,-0.000594317,-9.71392,fluid
2454,15.875,2.37451,,1000,0.312371,6.52872,,-2.86242e-07,-0.0980581,0.0980581,,-0.000668143,0.0401419,-0.000256885,-9.76986,fluid
2455,15.875,2.62451,,1000,0.120376,2.38348,,-1.00847e-07,-0.0980853,0.0980853,,-0.000255318,0.0160276,-0.000105178,-9.79397,fluid
2456,15.875,2.87451,,1000,0.0444979,0.842136,,-3.43088e-08,-0.098095,0.098095,,-9.37692e-05,0.006111,-4.07213e-05,-9.80389,fluid
2457,15.875,3.12451,,1000,0.015756,0.288416,,-1.1415e-08,-0.0980984,0.0980984,,-3.32667e-05,0.00223801,-1.50988e-05,-9.80776,fluid
2458,15.875,3.37451,,1000,0.00538534,0.095595,,-3.68963e-09,-0.0980995,0.0980995,,-1.14353e-05,0.000792222,-5.41356e-06,-9.80921,fluid
2459,15.875,3.62451,,1000,0.00178793,0.0306895,,-1.15109e-09,-0.0980998,0.0980998,,-3.81099e-06,0.000271623,-1.87779e-06,-9.80973,fluid
2460,15.875,3.87451,,1000,0.000576795,0.00957604,,-3.47964e-10,-0.0981,0.0981,,-1.23207e-06,9.01837e-05,-6.28854e-07,-9.80991,fluid
2461,15.875,4.12451,,1000,0.000180584,0.002912,,-1.02603e-10,-0.0981,0.0981,,-3.8711e-07,2.90252e-05,-2.03676e-07,-9.80997,fluid
2462,15.875,4.37451,,1000,5.49361e-05,0.000863501,,-2.95725e-11,-0.0981,0.0981,,-1.18462e-07,9.07933e-06,-6.40684e-08,-9.80999,fluid
2463,15.875,4.62451,,1000,1.6287e-05,0.000249698,,-8.3181e-12,-0.0981,0.0981,,-3.53549e-08,2.76676e-06,-1.96259e-08,-9.81,fluid
2464,15.875,4.87451,,1000,4.7151e-06,7.04797e-05,,-2.28201e-12,-0.0981,0.0981,,-1.02966e-08,8.22135e-07,-5.85694e-09,-9.81,fluid
2465,15.875,5.12451,,1000,1.33339e-06,1.94457e-05,,-6.11947e-13,-0.0981,0.0981,,-2.92856e-09,2.38309e-07,-1.70363e-09,-9.81,fluid
2466,15.875,5.37451,,1000,3.68364e-07,5.25047e-06,,-1.60583e-13,-0.0981,0.0981,,-8.14842e-10,6.74392e-08,-4.84103e-10,-9.81,fluid
2467,15.875,5.62451,,1000,9.94983e-08,1.38886e-06,,-4.12875e-14,-0.0981,0.0981,,-2.21942e-10,1.86551e-08,-1.34455e-10,-9.81,fluid
2468,15.875,5.87451,,1000,2.6313e-08,3.60719e-07,,-1.04322e-14,-0.0981,0.0981,,-5.91196e-11,5.04988e-09,-3.63972e-11,-9.81,fluid
2469,15.875,6.12451,,1000,6.82015e-09,9.23581e-08,,-2.65712e-15,-0.0981,0.0981,,-1.55141e-11,1.33818e-09,-9.69626e-12,-9.81,fluid
2470,15.875,6.37451,,1000,1.74099e-09,2.26539e-08,,-5.64598e-16,-0.0981,0.0981,,-4.21095e-12,3.46248e-10,-2.78393e-12,-9.81,fluid
2471,15.875,6.62451,,1000,4.31473e-10,6.97042e-09,,-1.66101e-16,-0.0981,0.0981,,-1.20704e-12,8.59041e-11,-7.67959e-13,-9.81,fluid
2472,15.875,6.87451,,1000,1.03921e-10,3.48521e-09,,-2.37592e-17,-0.0981,0.0981,,-4.40027e-13,1.91293e-11,-2.20486e-13,-9.81,fluid
2473,15.875,7.12451,,1000,2.0302e-11,3.48521e-09,,-1.27331e-18,-0.0981,0.0981,,-4.09513e-13,3.52229e-12,-1.89972e-13,-9.81,fluid
2474,15.875,7.37451,,1000,5.45172e-13,3.48521e-09,,-3.67309e-21,-0.0981,0.0981,,-7.3295e-13,1.77516e-12,-5.13409e-13,-9.81,fluid
2475,15.875,7.62451,,1000,7.2463e-13,3.48521e-09,,-2.74274e-22,-0.0981,0.0981,,-9.69132e-13,4.79385e-12,-7.49592e-13,-9.81,fluid
2476,15.875,7.87451,,1000,-1.54048e-12,3.48521e-09,,-8.72028e-24,-0.0981,0.0981,,-6.30706e-13,9.05344e-12,-4.11165e-13,-9.81,fluid
2477,16.125,0.124703,,1000.53,94.0296,4190.67,,-0.000496295,-0.0423038,0.0423068,,-0.330651,9.50606,-0.0709024,-0.303939,fluid
2478,16.125,0.37463,,1000.38,81.5365,3015.91,,-0.000172974,-0.0603757,0.0603759,,-0.213761,7.35037,-0.0267998,-2.45963,fluid
2479,16.125,0.624558,,1000.24,56.6805,1903.09,,-8.22347e-05,-0.0805272,0.0805272,,-0.128349,4.29954,-0.0103564,-5.51046,fluid
2480,16.125,0.87453,,1000.13,33.5811,1050.72,,-4.74903e-05,-0.0894548,0.0894548,,-0.0754892,2.77928,-0.0103368,-7.03072,fluid
2481,16.125,1.12452,,1000.07,17.5107,519.249,,-2.56788e-05,-0.0938592,0.0938592,,-0.0406108,1.75622,-0.00841146,-8.05378,fluid
2482,16.125,1.37451,,1000.03,8.84458,237.094,,-1.18178e-05,-0.0962379,0.0962379,,-0.0199551,0.968341,-0.00525203,-8.84166,fluid
2483,16.125,1.62451,,1000.01,4.26791,102.831,,-4.73303e-06,-0.0973409,0.0973409,,-0.00913505,0.47971,-0.00275801,-9.33029,fluid
2484,16.125,1.87451,,1000.01,1.89092,42.9557,,-1.89885e-06,-0.0978023,0.0978023,,-0.00396607,0.220305,-0.00130216,-9.5897,fluid
2485,16.125,2.12451,,1000,0.783723,17.1628,,-7.54005e-07,-0.0979859,0.0979859,,-0.00164919,0.0960761,-0.000584835,-9.71392,fluid
2486,16.125,2.37451,,1000,0.312372,6.52872,,-2.81746e-07,-0.0980581,0.0980581,,-0.000657638,0.0401419,-0.000252757,-9.76986,fluid
2487,16.125,2.62451,,1000,0.120376,2.38348,,-9.92548e-08,-0.0980853,0.0980853,,-0.000251284,0.0160276,-0.000103472,-9.79397,fluid
2488,16.125,2.87451,,1000,0.0444979,0.842136,,-3.37634e-08,-0.098095,0.098095,,-9.22783e-05,0.00611099,-4.00529e-05,-9.80389,fluid
2489,16.125,3.12451,,1000,0.015756,0.288416,,-1.1232e-08,-0.0980984,0.0980984,,-3.27336e-05,0.002238,-1.48473e-05,-9.80776,fluid
2490,16.125,3.37451,,1000,0.00538532,0.0955946,,-3.62986e-09,-0.0980995,0.0980995,,-1.12502e-05,0.000792219,-5.32188e-06,-9.80921,fluid
2491,16.125,3.62451,,1000,0.00178792,0.0306894,,-1.1322e-09,-0.0980998,0.0980998,,-3.74858e-06,0.000271621,-1.84537e-06,-9.80973,fluid
2492,16.125,3.87451,,1000,0.000576789,0.00957596,,-3.42165e-10,-0.0981,0.0981,,-1.21161e-06,9.01829e-05,-6.17753e-07,-9.80991,fluid
2493,16.125,4.12451,,1000,0.000180582,0.00291197,,-1.00863e-10,-0.0981,0.0981,,-3.80576e-07,2.90249e-05,-1.99989e-07,-9.80997,fluid
2494,16.125,4.37451,,1000,5.4935e-05,0.000863487,,-2.90616e-11,-0.0981,0.0981,,-1.16424e-07,9.07918e-06,-6.28746e-08,-9.80999,fluid
2495,16.125,4.62451,,1000,1.62866e-05,0.000249691,,-8.17134e-12,-0.0981,0.0981,,-3.47327e-08,2.76669e-06,-1.9248e-08,-9.81,fluid
2496,16.125,4.87451,,1000,4.71497e-06,7.04745e-05,,-2.24073e-12,-0.0981,0.0981,,-1.01105e-08,8.22111e-07,-5.74004e-09,-9.81,fluid
2497,16.125,5.12451,,1000,1.33334e-06,1.9444e-05,,-6.00563e-13,-0.0981,0.0981,,-2.87419e-09,2.38299e-07,-1.66836e-09,-9.81,fluid
2498,16.125,5.37451,,1000,3.68346e-07,5.25047e-06,,-1.57526e-13,-0.0981,0.0981,,-7.99705e-10,6.74358e-08,-4.74094e-10,-9.81,fluid
2499,16.125,5.62451,,1000,9.94934e-08,1.38886e-06,,-4.04884e-14,-0.0981,0.0981,,-2.18223e-10,1.86547e-08,-1.32093e-10,-9.81,fluid
2500,16.125,5.87451,,1000,2.63182e-08,3.58977e-07,,-1.02585e-14,-0.0981,0.0981,,-5.80747e-11,5.05007e-09,-3.58125e-11,-9.81,fluid
2501,16.125,6.12451,,1000,6.81967e-09,9.23581e-08,,-2.61579e-15,-0.0981,0.0981,,-1.49798e-11,1.33797e-09,-9.2522e-12,-9.81,fluid
2502,16.125,6.37451,,1000,1.72755e-09,2.43965e-08,,-5.55818e-16,-0.0981,0.0981,,-3.7884e-12,3.4615e-10,-2.27544e-12,-9.81,fluid
2503,16.125,6.62451,,1000,4.31661e-10,6.97042e-09,,-1.63523e-16,-0.0981,0.0981,,-1.01611e-12,8.5969e-11,-5.83833e-13,-9.81,fluid
2504,16.125,6.87451,,1000,1.03975e-10,3.48521e-09,,-2.33908e-17,-0.0981,0.0981,,-3.70797e-13,1.91351e-11,-1.5466e-13,-9.81,fluid
2505,16.125,7.12451,,1000,2.03934e-11,3.48521e-09,,-1.25357e-18,-0.0981,0.0981,,-2.20515e-13,3.42384e-12,-4.37734e-15,-9.81,fluid
2506,16.125,7.37451,,1000,7.48751e-13,3.48521e-09,,-3.61612e-21,-0.0981,0.0981,,-9.01825e-14,1.65832e-12,1.25955e-13,-9.81,fluid
2507,16.125,7.62451,,1000,9.28204e-13,3.48521e-09,,-2.70021e-22,-0.0981,0.0981,,1.72672e-13,4.98304e-12,3.88809e-13,-9.81,fluid
2508,16.125,7.87451,,1000,3.04292e-12,1.74261e-09,,-8.58506e-24,-0.0981,0.0981,,4.11993e-13,6.89396e-12,5.20062e-13,-9.81,fluid
2509,16.375,0.124703,,1000.53,94.03,4190.66,,-0.000488716,-0.0423039,0.0423067,,-0.325588,9.50604,-0.069806,-0.303955,fluid
2510,16.375,0.37463,,1000.38,81.5368,3015.9,,-0.000170328,-0.0603757,0.060376,,-0.210487,7.35035,-0.0263806,-2.45965,fluid
2511,16.375,0.624558,,1000.24,56.6806,1903.09,,-8.09744e-05,-0.0805272,0.0805272,,-0.126381,4.29953,-0.0101901,-5.51047,fluid
2512,16.375,0.87453,,1000.13,33.5811,1050.72,,-4.67616e-05,-0.0894548,0.0894548,,-0.0743301,2.77928,-0.0101724,-7.03072,fluid
2513,16.375,1.12452,,1000.07,17.5107,519.248,,-2.52841e-05,-0.0938592,0.0938592,,-0.0399858,1.75621,-0.00827807,-8.05379,fluid
2514,16.375,1.37451,,1000.03,8.84459,237.094,,-1.16356e-05,-0.0962379,0.0962379,,-0.019647,0.96834,-0.00516839,-8.84166,fluid
2515,16.375,1.62451,,1000.01,4.26791,102.831,,-4.65969e-06,-0.0973409,0.0973409,,-0.00899334,0.479709,-0.00271366,-9.33029,fluid
2516,16.375,1.87451,,1000.01,1.89092,42.9556,,-1.86923e-06,-0.0978023,0.0978023,,-0.00390415,0.220304,-0.00128092,-9.5897,fluid
2517,16.375,2.12451,,1000,0.78372,17.1628,,-7.42154e-07,-0.0979859,0.0979859,,-0.00162324,0.0960758,-0.000575129,-9.71392,fluid
2518,16.375,2.37451,,1000,0.31237,6.52869,,-2.7727e-07,-0.0980581,0.0980581,,-0.000647179,0.0401417,-0.00024848,-9.76986,fluid
2519,16.375,2.62451,,1000,0.120375,2.38347,,-9.76548e-08,-0.0980853,0.0980853,,-0.000247235,0.0160275,-0.00010168,-9.79397,fluid
2520,16.375,2.87451,,1000,0.0444974,0.842128,,-3.32089e-08,-0.098095,0.098095,,-9.07668e-05,0.00611093,-3.93392e-05,-9.80389,fluid
2521,16.375,3.12451,,1000,0.0157558,0.288412,,-1.10434e-08,-0.0980984,0.0980984,,-3.21867e-05,0.00223797,-1.45738e-05,-9.80776,fluid
2522,16.375,3.37451,,1000,0.00538521,0.0955929,,-3.56729e-09,-0.0980995,0.0980995,,-1.10578e-05,0.000792204,-5.2201e-06,-9.80921,fluid
2523,16.375,3.62451,,1000,0.00178787,0.0306886,,-1.11207e-09,-0.0980998,0.0980998,,-3.68272e-06,0.000271614,-1.8086e-06,-9.80973,fluid
2524,16.375,3.87451,,1000,0.000576768,0.00957566,,-3.3586e-10,-0.0981,0.0981,,-1.18965e-06,9.018e-05,-6.04875e-07,-9.80991,fluid
2525,16.375,4.12451,,1000,0.000180573,0.00291185,,-9.89287e-11,-0.0981,0.0981,,-3.73432e-07,2.90237e-05,-1.95609e-07,-9.80997,fluid
2526,16.375,4.37451,,1000,5.49318e-05,0.000863444,,-2.84798e-11,-0.0981,0.0981,,-1.14153e-07,9.07871e-06,-6.1424e-08,-9.80999,fluid
2527,16.375,4.62451,,1000,1.62854e-05,0.000249674,,-7.99935e-12,-0.0981,0.0981,,-3.40265e-08,2.76651e-06,-1.87793e-08,-9.81,fluid
2528,16.375,4.87451,,1000,4.71452e-06,7.04727e-05,,-2.19006e-12,-0.0981,0.0981,,-9.89524e-09,8.22044e-07,-5.59157e-09,-9.81,fluid
2529,16.375,5.12451,,1000,1.3332e-06,1.94423e-05,,-5.85375e-13,-0.0981,0.0981,,-2.80893e-09,2.38275e-07,-1.62162e-09,-9.81,fluid
2530,16.375,5.37451,,1000,3.68277e-07,5.25221e-06,,-1.52868e-13,-0.0981,0.0981,,-7.79469e-10,6.7427e-08,-4.58723e-10,-9.81,fluid
2531,16.375,5.62451,,1000,9.94661e-08,1.3906e-06,,-3.90999e-14,-0.0981,0.0981,,-2.11895e-10,1.86525e-08,-1.26973e-10,-9.81,fluid
2532,16.375,5.87451,,1000,2.6314e-08,3.58977e-07,,-9.92828e-15,-0.0981,0.0981,,-5.63389e-11,5.04988e-09,-3.44167e-11,-9.81,fluid
2533,16.375,6.12451,,1000,6.81787e-09,9.23581e-08,,-2.56958e-15,-0.0981,0.0981,,-1.44207e-11,1.33801e-09,-8.78053e-12,-9.81,fluid
2534,16.375,6.37451,,1000,1.74011e-09,2.26539e-08,,-5.47277e-16,-0.0981,0.0981,,-3.31679e-12,3.46047e-10,-1.93334e-12,-9.81,fluid
2535,16.375,6.62451,,1000,4.31151e-10,6.97042e-09,,-1.61021e-16,-0.0981,0.0981,,-7.17743e-13,8.57397e-11,-2.92069e-13,-9.81,fluid
2536,16.375,6.87451,,1000,1.03847e-10,3.48521e-09,,-2.30335e-17,-0.0981,0.0981,,-2.52375e-13,1.90651e-11,-3.95374e-14,-9.81,fluid
2537,16.375,7.12451,,1000,2.02788e-11,3.48521e-09,,-1.23443e-18,-0.0981,0.0981,,-4.99644e-14,3.5816e-12,1.62873e-13,-9.81,fluid
2538,16.375,7.37451,,1000,4.05104e-13,3.48521e-09,,-3.56086e-21,-0.0981,0.0981,,4.0398e-13,2.03601e-12,6.16817e-13,-9.81,fluid
2539,16.375,7.62451,,1000,2.53208e-13,3.48521e-09,,-2.65896e-22,-0.0981,0.0981,,8.67804e-13,5.20487e-12,1.08064e-12,-9.81,fluid
2540,16.375,7.87451,,1000,2.36793e-12,1.74261e-09,,-8.45396e-24,-0.0981,0.0981,,7.38071e-13,6.66204e-12,8.4449e-13,-9.81,fluid
2541,16.625,0.124703,,1000.53,94.0303,4190.64,,-0.000481348,-0.042304,0.0423067,,-0.320645,9.50602,-0.0687108,-0.303981,fluid
2542,16.625,0.37463,,1000.38,81.5369,3015.89,,-0.00016775,-0.0603758,0.060376,,-0.207289,7.35033,-0.0259517,-2.45967,fluid
2543,16.625,0.624558,,1000.24,56.6805,1903.09,,-7.97418e-05,-0.0805272,0.0805273,,-0.124455,4.29952,-0.0100115,-5.51048,fluid
2544,16.625,0.87453,,1000.13,33.5811,1050.72,,-4.60467e-05,-0.0894548,0.0894548,,-0.0731921,2.77927,-0.00999934,-7.03073,fluid
2545,16.625,1.12452,,1000.07,17.5107,519.247,,-2.48956e-05,-0.0938592,0.0938592,,-0.0393696,1.75621,-0.00813881,-8.05379,fluid
2546,16.625,1.37451,,1000.03,8.84455,237.093,,-1.14551e-05,-0.0962379,0.0962379,,-0.0193414,0.968336,-0.00508055,-8.84166,fluid
2547,16.625,1.62451,,1000.01,4.26788,102.83,,-4.58622e-06,-0.0973409,0.0973409,,-0.00885159,0.479706,-0.00266637,-9.33029,fluid
2548,16.625,1.87451,,1000.01,1.8909,42.9553,,-1.83918e-06,-0.0978023,0.0978023,,-0.00384153,0.220303,-0.00125777,-9.5897,fluid
2549,16.625,2.12451,,1000,0.783709,17.1626,,-7.29957e-07,-0.0979859,0.0979859,,-0.00159663,0.0960747,-0.000564294,-9.71393,fluid
2550,16.625,2.37451,,1000,0.312364,6.52859,,-2.72581e-07,-0.0980581,0.0980581,,-0.000636284,0.0401411,-0.000243587,-9.76986,fluid
2551,16.625,2.62451,,1000,0.120372,2.38341,,-9.59401e-08,-0.0980853,0.0980853,,-0.000242937,0.0160272,-9.9574e-05,-9.79397,fluid
2552,16.625,2.87451,,1000,0.0444957,0.842102,,-3.25989e-08,-0.098095,0.098095,,-8.9128e-05,0.00611074,-3.84752e-05,-9.80389,fluid
2553,16.625,3.12451,,1000,0.015755,0.2884,,-1.083e-08,-0.0980984,0.0980984,,-3.15797e-05,0.00223788,-1.42323e-05,-9.80776,fluid
2554,16.625,3.37451,,1000,0.00538485,0.0955877,,-3.49434e-09,-0.0980995,0.0980995,,-1.08389e-05,0.000792161,-5.08923e-06,-9.80921,fluid
2555,16.625,3.62451,,1000,0.00178773,0.0306865,,-1.08783e-09,-0.0980998,0.0980998,,-3.60574e-06,0.000271595,-1.75994e-06,-9.80973,fluid
2556,16.625,3.87451,,1000,0.000576708,0.0095748,,-3.28008e-10,-0.0981,0.0981,,-1.16327e-06,9.01719e-05,-5.87346e-07,-9.80991,fluid
2557,16.625,4.12451,,1000,0.00018055,0.00291153,,-9.64404e-11,-0.0981,0.0981,,-3.64614e-07,2.90204e-05,-1.89485e-07,-9.80997,fluid
2558,16.625,4.37451,,1000,5.49232e-05,0.000863325,,-2.77072e-11,-0.0981,0.0981,,-1.11275e-07,9.07745e-06,-5.93454e-08,-9.80999,fluid
2559,16.625,4.62451,,1000,1.62824e-05,0.00024963,,-7.76519e-12,-0.0981,0.0981,,-3.31092e-08,2.76605e-06,-1.80938e-08,-9.81,fluid
2560,16.625,4.87451,,1000,4.71348e-06,7.0457e-05,,-2.11991e-12,-0.0981,0.0981,,-9.60933e-09,8.21878e-07,-5.37132e-09,-9.81,fluid
2561,16.625,5.12451,,1000,1.33286e-06,1.94353e-05,,-5.64489e-13,-0.0981,0.0981,,-2.72069e-09,2.38218e-07,-1.55165e-09,-9.81,fluid
2562,16.625,5.37451,,1000,3.68167e-07,5.25047e-06,,-1.46295e-13,-0.0981,0.0981,,-7.50913e-10,6.74074e-08,-4.35095e-10,-9.81,fluid
2563,16.625,5.62451,,1000,9.94277e-08,1.3906e-06,,-3.7121e-14,-0.0981,0.0981,,-2.01864e-10,1.86456e-08,-1.18219e-10,-9.81,fluid
2564,16.625,5.87451,,1000,2.63023e-08,3.58977e-07,,-9.45589e-15,-0.0981,0.0981,,-5.32267e-11,5.0475e-09,-3.16341e-11,-9.81,fluid
2565,16.625,6.12451,,1000,6.81407e-09,9.23581e-08,,-2.50089e-15,-0.0981,0.0981,,-1.38426e-11,1.33746e-09,-8.28727e-12,-9.81,fluid
2566,16.625,6.37451,,1000,1.73852e-09,2.26539e-08,,-5.38946e-16,-0.0981,0.0981,,-3.4381e-12,3.45903e-10,-2.07546e-12,-9.81,fluid
2567,16.625,6.62451,,1000,4.30523e-10,6.97042e-09,,-1.58588e-16,-0.0981,0.0981,,-8.21586e-13,8.55119e-11,-4.02312e-13,-9.81,fluid
2568,16.625,6.87451,,1000,1.03648e-10,3.48521e-09,,-2.26866e-17,-0.0981,0.0981,,-2.9016e-13,1.89762e-11,-8.05233e-14,-9.81,fluid
2569,16.625,7.12451,,1000,2.00804e-11,3.48521e-09,,-1.21586e-18,-0.0981,0.0981,,-5.41739e-14,3.85649e-12,1.55463e-13,-9.81,fluid
2570,16.625,7.37451,,1000,-2.07604e-13,3.48521e-09,,-3.50717e-21,-0.0981,0.0981,,3.83002e-13,2.59403e-12,5.92638e-13,-9.81,fluid
2571,16.625,7.62451,,1000,5.51663e-12,1.74261e-09,,-2.61892e-22,-0.0981,0.0981,,7.54532e-13,4.3182e-12,8.59351e-13,-9.81,fluid
2572,16.625,7.87451,,1000,1.63571e-12,1.74261e-09,,-8.32673e-24,-0.0981,0.0981,,5.31611e-13,6.16091e-12,6.3643e-13,-9.81,fluid
2573,16.875,0.124703,,1000.53,94.0302,4190.62,,-0.000474144,-0.042304,0.0423067,,-0.315757,9.50596,-0.0675561,-0.304036,fluid
2574,16.875,0.37463,,1000.38,81.5366,3015.88,,-0.000165207,-0.0603759,0.0603761,,-0.204119,7.35029,-0.0254689,-2.45971,fluid
2575,16.875,0.624558,,1000.24,56.6801,1903.08,,-7.85129e-05,-0.0805273,0.0805273,,-0.122534,4.29949,-0.00978593,-5.51051,fluid
2576,16.875,0.87453,,1000.13,33.5807,1050.71,,-4.53282e-05,-0.0894548,0.0894548,,-0.0720471,2.77925,-0.00979089,-7.03075,fluid
2577,16.875,1.12452,,1000.07,17.5104,519.242,,-2.45013e-05,-0.0938592,0.0938592,,-0.0387425,1.75619,-0.00797461,-8.05381,fluid
2578,16.875,1.37451,,1000.03,8.84438,237.09,,-1.12687e-05,-0.0962379,0.0962379,,-0.0190254,0.968325,-0.00497608,-8.84167,fluid
2579,16.875,1.62451,,1000.01,4.26777,102.828,,-4.50808e-06,-0.0973409,0.0973409,,-0.00870206,0.479698,-0.0026086,-9.3303,fluid
2580,16.875,1.87451,,1000.01,1.89083,42.9541,,-1.80615e-06,-0.0978023,0.0978023,,-0.00377382,0.220297,-0.00122841,-9.5897,fluid
2581,16.875,2.12451,,1000,0.78367,17.1619,,-7.16097e-07,-0.0979859,0.0979859,,-0.00156702,0.0960713,-0.000550016,-9.71393,fluid
2582,16.875,2.37451,,1000,0.312343,6.52825,,-2.67044e-07,-0.0980581,0.0980581,,-0.000623766,0.0401391,-0.000236907,-9.76986,fluid
2583,16.875,2.62451,,1000,0.120361,2.38325,,-9.38254e-08,-0.0980853,0.0980853,,-0.000237825,0.0160261,-9.65955e-05,-9.79397,fluid
2584,16.875,2.87451,,1000,0.0444908,0.842025,,-3.18127e-08,-0.098095,0.098095,,-8.7107e-05,0.0061102,-3.72092e-05,-9.80389,fluid
2585,16.875,3.12451,,1000,0.0157528,0.288366,,-1.05435e-08,-0.0980984,0.0980984,,-3.0804e-05,0.00223762,-1.37156e-05,-9.80776,fluid
2586,16.875,3.37451,,1000,0.0053839,0.0955734,,-3.39253e-09,-0.0980995,0.0980995,,-1.05493e-05,0.000792044,-4.88573e-06,-9.80921,fluid
2587,16.875,3.62451,,1000,0.00178734,0.0306807,,-1.05271e-09,-0.0980998,0.0980998,,-3.50066e-06,0.000271545,-1.68254e-06,-9.80973,fluid
2588,16.875,3.87451,,1000,0.000576556,0.00957259,,-3.16236e-10,-0.0981,0.0981,,-1.12618e-06,9.01512e-05,-5.58915e-07,-9.80991,fluid
2589,16.875,4.12451,,1000,0.000180493,0.0029107,,-9.25966e-11,-0.0981,0.0981,,-3.51874e-07,2.90122e-05,-1.79387e-07,-9.80997,fluid
2590,16.875,4.37451,,1000,5.49024e-05,0.000863034,,-2.64848e-11,-0.0981,0.0981,,-1.07015e-07,9.07436e-06,-5.58723e-08,-9.80999,fluid
2591,16.875,4.62451,,1000,1.62751e-05,0.000249532,,-7.38792e-12,-0.0981,0.0981,,-3.17238e-08,2.76492e-06,-1.69367e-08,-9.81,fluid
2592,16.875,4.87451,,1000,4.71103e-06,7.04222e-05,,-2.00836e-12,-0.0981,0.0981,,-9.17189e-09,8.21486e-07,-4.99873e-09,-9.81,fluid
2593,16.875,5.12451,,1000,1.33206e-06,1.94248e-05,,-5.33012e-13,-0.0981,0.0981,,-2.58676e-09,2.38087e-07,-1.43566e-09,-9.81,fluid
2594,16.875,5.37451,,1000,3.67946e-07,5.2435e-06,,-1.38249e-13,-0.0981,0.0981,,-7.10879e-10,6.73648e-08,-4.00153e-10,-9.81,fluid
2595,16.875,5.62451,,1000,9.93731e-08,1.38537e-06,,-3.51222e-14,-0.0981,0.0981,,-1.90055e-10,1.86306e-08,-1.07959e-10,-9.81,fluid
2596,16.875,5.87451,,1000,2.62753e-08,3.58977e-07,,-9.05587e-15,-0.0981,0.0981,,-4.9855e-11,5.04192e-09,-2.85823e-11,-9.81,fluid
2597,16.875,6.12451,,1000,6.80627e-09,9.23581e-08,,-2.44823e-15,-0.0981,0.0981,,-1.29626e-11,1.33585e-09,-7.48949e-12,-9.81,fluid
2598,16.875,6.37451,,1000,1.73637e-09,2.26539e-08,,-5.30737e-16,-0.0981,0.0981,,-3.32779e-12,3.45523e-10,-1.98534e-12,-9.81,fluid
2599,16.875,6.62451,,1000,4.29999e-10,6.97042e-09,,-1.56209e-16,-0.0981,0.0981,,-9.11044e-13,8.53551e-11,-4.97982e-13,-9.81,fluid
2600,16.875,6.87451,,1000,1.03546e-10,3.48521e-09,,-2.23487e-17,-0.0981,0.0981,,-3.49173e-13,1.89486e-11,-1.42642e-13,-9.81,fluid
2601,16.875,7.12451,,1000,1.99573e-11,3.48521e-09,,-1.19782e-18,-0.0981,0.0981,,-1.55612e-13,4.05805e-12,5.09193e-14,-9.81,fluid
2602,16.875,7.37451,,1000,-5.8784e-13,3.48521e-09,,-3.45473e-21,-0.0981,0.0981,,5.95447e-14,2.91906e-12,2.66076e-13,-9.81,fluid
2603,16.875,7.62451,,1000,4.91204e-12,1.74261e-09,,-2.57981e-22,-0.0981,0.0981,,2.20506e-13,4.32884e-12,3.23772e-13,-9.81,fluid
2604,16.875,7.87451,,1000,1.2349e-12,1.74261e-09,,-8.20201e-24,-0.0981,0.0981,,1.5573e-13,5.8381e-12,2.58995e-13,-9.81,fluid
2605,17.125,0.124703,,1000.53,94.029,4190.58,,-0.00046698,-0.0423042,0.0423067,,-0.310751,9.50583,-0.0661764,-0.304172,fluid
2606,17.125,0.37463,,1000.38,81.5351,3015.85,,-0.000162604,-0.0603759,0.0603762,,-0.20085,7.3502,-0.02481,-2.4598,fluid
2607,17.125,0.624558,,1000.24,56.6787,1903.05,,-7.72104e-05,-0.0805273,0.0805273,,-0.120516,4.29944,-0.00941587,-5.51056,fluid
2608,17.125,0.87453,,1000.13,33.5795,1050.69,,-4.45497e-05,-0.0894548,0.0894548,,-0.0708173,2.7792,-0.00947117,-7.0308,fluid
2609,17.125,1.12452,,1000.07,17.5096,519.227,,-2.40647e-05,-0.0938593,0.0938593,,-0.0380496,1.75615,-0.00773182,-8.05385,fluid
2610,17.125,1.37451,,1000.03,8.84381,237.08,,-1.10543e-05,-0.0962379,0.0962379,,-0.0186641,0.968291,-0.00482046,-8.84171,fluid
2611,17.125,1.62451,,1000.01,4.26742,102.823,,-4.41261e-06,-0.0973409,0.0973409,,-0.00852406,0.479674,-0.00251991,-9.33033,fluid
2612,17.125,1.87451,,1000.01,1.89063,42.9507,,-1.76336e-06,-0.0978023,0.0978023,,-0.00368963,0.220281,-0.00118158,-9.58972,fluid
2613,17.125,2.12451,,1000,0.783559,17.1601,,-6.97149e-07,-0.0979859,0.0979859,,-0.00152853,0.0960617,-0.00052648,-9.71394,fluid
2614,17.125,2.37451,,1000,0.312286,6.5273,,-2.5904e-07,-0.0980581,0.0980581,,-0.000606762,0.0401336,-0.000225606,-9.76987,fluid
2615,17.125,2.62451,,1000,0.120334,2.3828,,-9.05957e-08,-0.0980853,0.0980853,,-0.000230578,0.0160232,-9.14365e-05,-9.79398,fluid
2616,17.125,2.87451,,1000,0.0444779,0.84182,,-3.05545e-08,-0.098095,0.098095,,-8.4126e-05,0.00610877,-3.49686e-05,-9.80389,fluid
2617,17.125,3.12451,,1000,0.0157471,0.288278,,-1.00684e-08,-0.0980984,0.0980984,,-2.96194e-05,0.00223695,-1.27857e-05,-9.80776,fluid
2618,17.125,3.37451,,1000,0.00538153,0.0955371,,-3.21908e-09,-0.0980995,0.0980995,,-1.00943e-05,0.000791747,-4.51553e-06,-9.80921,fluid
2619,17.125,3.62451,,1000,0.00178639,0.0306664,,-9.91547e-10,-0.0980998,0.0980998,,-3.33166e-06,0.00027142,-1.54092e-06,-9.80973,fluid
2620,17.125,3.87451,,1000,0.000576192,0.0095672,,-2.95378e-10,-0.0981,0.0981,,-1.06543e-06,9.0101e-05,-5.06757e-07,-9.80991,fluid
2621,17.125,4.12451,,1000,0.000180359,0.00290875,,-8.57093e-11,-0.0981,0.0981,,-3.30713e-07,2.89929e-05,-1.60859e-07,-9.80997,fluid
2622,17.125,4.37451,,1000,5.48547e-05,0.000862353,,-2.42813e-11,-0.0981,0.0981,,-9.98672e-08,9.0672e-06,-4.95109e-08,-9.80999,fluid
2623,17.125,4.62451,,1000,1.62587e-05,0.000249304,,-6.70448e-12,-0.0981,0.0981,,-2.93804e-08,2.76238e-06,-1.48225e-08,-9.81,fluid
2624,17.125,4.87451,,1000,4.70558e-06,7.03507e-05,,-1.80407e-12,-0.0981,0.0981,,-8.4264e-09,8.20612e-07,-4.31832e-09,-9.81,fluid
2625,17.125,5.12451,,1000,1.3303e-06,1.94022e-05,,-4.74895e-13,-0.0981,0.0981,,-2.35787e-09,2.37798e-07,-1.2249e-09,-9.81,fluid
2626,17.125,5.37451,,1000,3.67388e-07,5.23653e-06,,-1.23013e-13,-0.0981,0.0981,,-6.4436e-10,6.72726e-08,-3.38577e-10,-9.81,fluid
2627,17.125,5.62451,,1000,9.92041e-08,1.38363e-06,,-3.14886e-14,-0.0981,0.0981,,-1.72422e-10,1.86013e-08,-9.16259e-11,-9.81,fluid
2628,17.125,5.87451,,1000,2.62207e-08,3.58977e-07,,-8.3062e-15,-0.0981,0.0981,,-4.51489e-11,5.03281e-09,-2.41868e-11,-9.81,fluid
2629,17.125,6.12451,,1000,6.79013e-09,9.23581e-08,,-2.33171e-15,-0.0981,0.0981,,-1.137e-11,1.33326e-09,-5.97681e-12,-9.81,fluid
2630,17.125,6.37451,,1000,1.732e-09,2.26539e-08,,-5.20056e-16,-0.0981,0.0981,,-2.79185e-12,3.44692e-10,-1.469e-12,-9.81,fluid
2631,17.125,6.62451,,1000,4.29101e-10,6.97042e-09,,-1.5384e-16,-0.0981,0.0981,,-8.05164e-13,8.50931e-11,-3.98132e-13,-9.81,fluid
2632,17.125,6.87451,,1000,1.03447e-10,3.48521e-09,,-2.20142e-17,-0.0981,0.0981,,-3.38226e-13,1.89158e-11,-1.3471e-13,-9.81,fluid
2633,17.125,7.12451,,1000,1.9919e-11,3.48521e-09,,-1.18001e-18,-0.0981,0.0981,,-2.11593e-13,4.11722e-12,-8.07726e-15,-9.81,fluid
2634,17.125,7.37451,,1000,-7.08148e-13,3.48521e-09,,-3.40023e-21,-0.0981,0.0981,,-1.39832e-13,3.02002e-12,6.36839e-14,-9.81,fluid
2635,17.125,7.62451,,1000,4.73672e-12,1.74261e-09,,-2.54062e-22,-0.0981,0.0981,,-7.19427e-14,4.32884e-12,2.98153e-14,-9.81,fluid
2636,17.125,7.87451,,1000,1.11462e-12,1.74261e-09,,-8.07124e-24,-0.0981,0.0981,,-4.50513e-14,5.73714e-12,5.67067e-14,-9.81,fluid
2637,17.375,0.124703,,1000.53,94.0249,4190.46,,-0.000459505,-0.0423044,0.0423069,,-0.305181,9.50547,-0.0641322,-0.30453,fluid
2638,17.375,0.37463,,1000.38,81.5304,3015.75,,-0.000159646,-0.0603761,0.0603763,,-0.197163,7.34999,-0.0236616,-2.46001,fluid
2639,17.375,0.624558,,1000.24,56.6746,1902.97,,-7.55876e-05,-0.0805274,0.0805275,,-0.118153,4.2993,-0.00865618,-5.5107,fluid
2640,17.375,0.87453,,1000.13,33.5764,1050.63,,-4.35294e-05,-0.0894549,0.089455,,-0.0693095,2.77907,-0.00884956,-7.03093,fluid
2641,17.375,1.12452,,1000.07,17.5072,519.184,,-2.34681e-05,-0.0938594,0.0938594,,-0.0371539,1.75603,-0.00727481,-8.05397,fluid
2642,17.375,1.37451,,1000.03,8.84223,237.052,,-1.07429e-05,-0.096238,0.096238,,-0.0181692,0.968191,-0.00452631,-8.84181,fluid
2643,17.375,1.62451,,1000.01,4.26644,102.806,,-4.26268e-06,-0.0973409,0.0973409,,-0.00826567,0.479604,-0.00234888,-9.3304,fluid
2644,17.375,1.87451,,1000.01,1.89007,42.9411,,-1.69211e-06,-0.0978023,0.0978023,,-0.00356086,0.220236,-0.00108944,-9.58976,fluid
2645,17.375,2.12451,,1000,0.78326,17.155,,-6.64259e-07,-0.0979859,0.0979859,,-0.00146705,0.0960351,-0.000479709,-9.71396,fluid
2646,17.375,2.37451,,1000,0.312137,6.52479,,-2.44592e-07,-0.0980581,0.0980581,,-0.000578641,0.0401191,-0.000203114,-9.76988,fluid
2647,17.375,2.62451,,1000,0.120263,2.38162,,-8.45582e-08,-0.0980853,0.0980853,,-0.00021825,0.0160157,-8.11785e-05,-9.79398,fluid
2648,17.375,2.87451,,1000,0.044446,0.841301,,-2.81442e-08,-0.098095,0.098095,,-7.89414e-05,0.00610514,-3.05212e-05,-9.80389,fluid
2649,17.375,3.12451,,1000,0.0157334,0.28806,,-9.14685e-09,-0.0980984,0.0980984,,-2.75256e-05,0.0022353,-1.09467e-05,-9.80776,fluid
2650,17.375,3.37451,,1000,0.00537591,0.0954498,,-2.88117e-09,-0.0980995,0.0980995,,-9.28181e-06,0.000791032,-3.78829e-06,-9.80921,fluid
2651,17.375,3.62451,,1000,0.00178419,0.0306329,,-8.72454e-10,-0.0980998,0.0980998,,-3.02826e-06,0.000271126,-1.26522e-06,-9.80973,fluid
2652,17.375,3.87451,,1000,0.000575366,0.00955483,,-2.54922e-10,-0.0981,0.0981,,-9.56212e-07,8.99854e-05,-4.06294e-07,-9.80991,fluid
2653,17.375,4.12451,,1000,0.000180061,0.00290437,,-7.24365e-11,-0.0981,0.0981,,-2.92737e-07,2.89494e-05,-1.25579e-07,-9.80997,fluid
2654,17.375,4.37451,,1000,5.47508e-05,0.000860856,,-2.00712e-11,-0.0981,0.0981,,-8.70896e-08,9.05143e-06,-3.75439e-08,-9.80999,fluid
2655,17.375,4.62451,,1000,1.62237e-05,0.000248811,,-5.41116e-12,-0.0981,0.0981,,-2.52133e-08,2.75688e-06,-1.08932e-08,-9.81,fluid
2656,17.375,4.87451,,1000,4.6942e-06,7.01939e-05,,-1.41802e-12,-0.0981,0.0981,,-7.10659e-09,8.18759e-07,-3.06665e-09,-9.81,fluid
2657,17.375,5.12451,,1000,1.32669e-06,1.93569e-05,,-3.62431e-13,-0.0981,0.0981,,-1.9524e-09,2.37194e-07,-8.3834e-10,-9.81,fluid
2658,17.375,5.37451,,1000,3.66298e-07,5.22085e-06,,-9.07959e-14,-0.0981,0.0981,,-5.24682e-10,6.70821e-08,-2.24202e-10,-9.81,fluid
2659,17.375,5.62451,,1000,9.88649e-08,1.38189e-06,,-2.21594e-14,-0.0981,0.0981,,-1.38828e-10,1.85436e-08,-5.92948e-11,-9.81,fluid
2660,17.375,5.87451,,1000,2.6129e-08,3.57234e-07,,-5.79186e-15,-0.0981,0.0981,,-3.58586e-11,5.01655e-09,-1.52983e-11,-9.81,fluid
2661,17.375,6.12451,,1000,6.77243e-09,9.06155e-08,,-1.83485e-15,-0.0981,0.0981,,-8.72036e-12,1.3286e-09,-3.50508e-12,-9.81,fluid
2662,17.375,6.37451,,1000,1.72314e-09,2.26539e-08,,-4.84429e-16,-0.0981,0.0981,,-2.13068e-12,3.43077e-10,-8.2686e-13,-9.81,fluid
2663,17.375,6.62451,,1000,4.27109e-10,6.97042e-09,,-1.51392e-16,-0.0981,0.0981,,-7.05544e-13,8.46222e-11,-3.04369e-13,-9.81,fluid
2664,17.375,6.87451,,1000,1.03145e-10,3.48521e-09,,-2.16647e-17,-0.0981,0.0981,,-3.3069e-13,1.88552e-11,-1.30102e-13,-9.81,fluid
2665,17.375,7.12451,,1000,1.9893e-11,3.48521e-09,,-1.16017e-18,-0.0981,0.0981,,-2.15471e-13,4.11701e-12,-1.48835e-14,-9.81,fluid
2666,17.375,7.37451,,1000,-7.07839e-13,3.48521e-09,,-3.20079e-21,-0.0981,0.0981,,-2.07856e-13,3.01663e-12,-7.26806e-15,-9.81,fluid
2667,17.375,7.62451,,1000,4.74959e-12,1.74261e-09,,-2.4435e-22,-0.0981,0.0981,,-2.18725e-13,4.31721e-12,-1.18431e-13,-9.81,fluid
2668,17.375,7.87451,,1000,1.13654e-12,1.74261e-09,,-7.92643e-24,-0.0981,0.0981,,-1.7013e-13,5.73811e-12,-6.98363e-14,-9.81,fluid
2669,17.625,0.124703,,1000.53,94.0121,4190.12,,-0.000450801,-0.0423049,0.0423073,,-0.297862,9.50447,-0.0602511,-0.305529,fluid
2670,17.625,0.37463,,1000.38,81.5163,3015.46,,-0.000155582,-0.0603764,0.0603766,,-0.192246,7.34941,-0.0212216,-2.46059,fluid
2671,17.625,0.624558,,1000.24,56.663,1902.72,,-7.3001e-05,-0.0805277,0.0805278,,-0.114843,4.29892,-0.00691287,-5.51108,fluid
2672,17.625,0.87453,,1000.13,33.5678,1050.45,,-4.17759e-05,-0.0894553,0.0894553,,-0.0670722,2.77869,-0.00748046,-7.03131,fluid
2673,17.625,1.12452,,1000.07,17.5011,519.058,,-2.23848e-05,-0.0938597,0.0938597,,-0.0357409,1.75568,-0.00629275,-8.05432,fluid
2674,17.625,1.37451,,1000.03,8.83816,236.973,,-1.01411e-05,-0.0962382,0.0962382,,-0.0173403,0.967917,-0.00389541,-8.84208,fluid
2675,17.625,1.62451,,1000.01,4.26393,102.759,,-3.95502e-06,-0.0973411,0.0973411,,-0.00780997,0.479412,-0.00197973,-9.33059,fluid
2676,17.625,1.87451,,1000.01,1.88864,42.9157,,-1.54229e-06,-0.0978024,0.0978024,,-0.00332479,0.220116,-0.00088987,-9.58988,fluid
2677,17.625,2.12451,,1000,0.782508,17.142,,-5.94929e-07,-0.097986,0.097986,,-0.00135158,0.0959655,-0.000378987,-9.71403,fluid
2678,17.625,2.37451,,1000,0.311767,6.51848,,-2.14187e-07,-0.0980581,0.0980581,,-0.000525174,0.0400819,-0.000155332,-9.76992,fluid
2679,17.625,2.62451,,1000,0.120092,2.37874,,-7.18832e-08,-0.0980853,0.0980853,,-0.000194717,0.0159972,-5.97534e-05,-9.794,fluid
2680,17.625,2.87451,,1000,0.0443709,0.840056,,-2.31116e-08,-0.098095,0.098095,,-6.90562e-05,0.00609642,-2.13934e-05,-9.8039,fluid
2681,17.625,3.12451,,1000,0.0157019,0.287549,,-7.24166e-09,-0.0980984,0.0980984,,-2.35525e-05,0.00223142,-7.23764e-06,-9.80777,fluid
2682,17.625,3.37451,,1000,0.00536332,0.0952499,,-2.19196e-09,-0.0980995,0.0980995,,-7.75132e-06,0.000789396,-2.34707e-06,-9.80921,fluid
2683,17.625,3.62451,,1000,0.00177936,0.0305579,,-6.33316e-10,-0.0980998,0.0980998,,-2.46217e-06,0.000270469,-7.28385e-07,-9.80973,fluid
2684,17.625,3.87451,,1000,0.000573591,0.00952782,,-1.75044e-10,-0.0981,0.0981,,-7.54669e-07,8.9733e-05,-2.14083e-07,-9.80991,fluid
2685,17.625,4.12451,,1000,0.000179432,0.00289499,,-4.66867e-11,-0.0981,0.0981,,-2.23499e-07,2.88563e-05,-5.92437e-08,-9.80997,fluid
2686,17.625,4.37451,,1000,5.45363e-05,0.000857714,,-1.20442e-11,-0.0981,0.0981,,-6.4091e-08,9.01844e-06,-1.54264e-08,-9.80999,fluid
2687,17.625,4.62451,,1000,1.61529e-05,0.000247795,,-2.98644e-12,-0.0981,0.0981,,-1.78141e-08,2.74559e-06,-3.75481e-09,-9.81,fluid
2688,17.625,4.87451,,1000,4.67158e-06,6.9868e-05,,-7.06334e-13,-0.0981,0.0981,,-4.7968e-09,8.15027e-07,-8.32654e-10,-9.81,fluid
2689,17.625,5.12451,,1000,1.31967e-06,1.92593e-05,,-1.57371e-13,-0.0981,0.0981,,-1.25135e-09,2.35997e-07,-1.58622e-10,-9.81,fluid
2690,17.625,5.37451,,1000,3.64177e-07,5.19297e-06,,-3.11344e-14,-0.0981,0.0981,,-3.17803e-10,6.67103e-08,-2.31662e-11,-9.81,fluid
2691,17.625,5.62451,,1000,9.82342e-08,1.37492e-06,,-4.2529e-15,-0.0981,0.0981,,-7.90894e-11,1.84327e-08,-1.08e-12,-9.81,fluid
2692,17.625,5.87451,,1000,2.59488e-08,3.55492e-07,,-4.76938e-16,-0.0981,0.0981,,-1.89796e-11,4.98506e-09,1.19014e-12,-9.81,fluid
2693,17.625,6.12451,,1000,6.71675e-09,9.06155e-08,,-4.71951e-16,-0.0981,0.0981,,-4.29778e-12,1.31956e-09,8.43523e-13,-9.81,fluid
2694,17.625,6.37451,,1000,1.70755e-09,2.26539e-08,,-2.58593e-16,-0.0981,0.0981,,-1.20962e-12,3.4027e-10,7.57022e-14,-9.81,fluid
2695,17.625,6.62451,,1000,4.23283e-10,6.97042e-09,,-1.40354e-16,-0.0981,0.0981,,-5.88988e-13,8.39331e-11,-1.93503e-13,-9.81,fluid
2696,17.625,6.87451,,1000,1.02401e-10,3.48521e-09,,-2.12647e-17,-0.0981,0.0981,,-3.25228e-13,1.87807e-11,-1.27485e-13,-9.81,fluid
2697,17.625,7.12451,,1000,1.98125e-11,3.48521e-09,,-1.12841e-18,-0.0981,0.0981,,-2.77521e-13,4.05065e-12,-7.97786e-14,-9.81,fluid
2698,17.625,7.37451,,1000,-5.65802e-13,3.48521e-09,,-1.26219e-21,-0.0981,0.0981,,-4.78507e-13,2.84934e-12,-2.80764e-13,-9.81,fluid
2699,17.625,7.62451,,1000,5.03184e-12,1.74261e-09,,-7.45962e-23,-0.0981,0.0981,,-7.08007e-13,4.22183e-12,-6.09136e-13,-9.81,fluid
2700,17.625,7.87451,,1000,1.41021e-12,1.74261e-09,,-3.50976e-24,-0.0981,0.0981,,-6.35665e-13,5.84511e-12,-5.36794e-13,-9.81,fluid
2701,17.875,0.124703,,1000.53,93.9736,4189.23,,-0.000438271,-0.0423063,0.0423086,,-0.28568,9.50175,-0.0514422,-0.308254,fluid
2702,17.875,0.37463,,1000.38,81.4734,3014.68,,-0.000148665,-0.0603772,0.0603774,,-0.183858,7.34775,-0.0152696,-2.46225,fluid
2703,17.875,0.624558,,1000.24,56.628,1902.05,,-6.80617e-05,-0.0805286,0.0805286,,-0.10895,4.29784,-0.00256695,-5.51216,fluid
2704,17.875,0.87453,,1000.13,33.5432,1049.93,,-3.82278e-05,-0.0894563,0.0894563,,-0.062948,2.77768,-0.00421837,-7.03232,fluid
2705,17.875,1.12452,,1000.07,17.4845,518.71,,-2.00923e-05,-0.0938605,0.0938605,,-0.0330556,1.75476,-0.00403877,-8.05524,fluid
2706,17.875,1.37451,,1000.03,8.82763,236.757,,-8.80833e-06,-0.0962388,0.0962388,,-0.0157256,0.967201,-0.0024808,-8.8428,fluid
2707,17.875,1.62451,,1000.01,4.25772,102.636,,-3.24953e-06,-0.0973415,0.0973415,,-0.00690622,0.47892,-0.00116441,-9.33108,fluid
2708,17.875,1.87451,,1000.01,1.88521,42.8504,,-1.19694e-06,-0.0978026,0.0978026,,-0.00285184,0.219811,-0.000454628,-9.59019,fluid
2709,17.875,2.12451,,1000,0.780727,17.1096,,-4.37578e-07,-0.0979861,0.0979861,,-0.00111983,0.095793,-0.000162649,-9.71421,fluid
2710,17.875,2.37451,,1000,0.310905,6.5033,,-1.46806e-07,-0.0980582,0.0980582,,-0.0004185,0.039992,-5.46792e-05,-9.77001,fluid
2711,17.875,2.62451,,1000,0.119701,2.37201,,-4.45065e-08,-0.0980854,0.0980854,,-0.000148319,0.0159535,-1.56196e-05,-9.79405,fluid
2712,17.875,2.87451,,1000,0.0442033,0.837223,,-1.2511e-08,-0.0980951,0.0980951,,-4.98662e-05,0.00607649,-3.02854e-06,-9.80392,fluid
2713,17.875,3.12451,,1000,0.0156334,0.286416,,-3.32412e-09,-0.0980984,0.0980984,,-1.59714e-05,0.00222279,5.1851e-08,-9.80778,fluid
2714,17.875,3.37451,,1000,0.00533653,0.0948169,,-8.07548e-10,-0.0980995,0.0980995,,-4.88258e-06,0.000785848,4.21862e-07,-9.80921,fluid
2715,17.875,3.62451,,1000,0.00176932,0.0303993,,-1.63852e-10,-0.0980998,0.0980998,,-1.41982e-06,0.000269077,2.80835e-07,-9.80973,fluid
2716,17.875,3.87451,,1000,0.000569974,0.00947191,,-2.17156e-11,-0.0981,0.0981,,-3.90043e-07,8.92103e-05,1.39854e-07,-9.80991,fluid
2717,17.875,4.12451,,1000,0.000178177,0.002876,,1.67346e-12,-0.0981,0.0981,,-1.0038e-07,2.86678e-05,6.05153e-08,-9.80997,fluid
2718,17.875,4.37451,,1000,5.41158e-05,0.000851483,,2.71786e-12,-0.0981,0.0981,,-2.38796e-08,8.95292e-06,2.37558e-08,-9.80999,fluid
2719,17.875,4.62451,,1000,1.60165e-05,0.000245814,,1.3841e-12,-0.0981,0.0981,,-5.08962e-09,2.72361e-06,8.6622e-09,-9.81,fluid
2720,17.875,4.87451,,1000,4.62869e-06,6.92599e-05,,5.51166e-13,-0.0981,0.0981,,-8.89483e-10,8.07892e-07,2.9852e-09,-9.81,fluid
2721,17.875,5.12451,,1000,1.30659e-06,1.90763e-05,,1.95933e-13,-0.0981,0.0981,,-8.40071e-11,2.33752e-07,9.83199e-10,-9.81,fluid
2722,17.875,5.37451,,1000,3.6028e-07,5.14417e-06,,6.60685e-14,-0.0981,0.0981,,2.29636e-11,6.60239e-08,3.10749e-10,-9.81,fluid
2723,17.875,5.62451,,1000,9.71223e-08,1.35923e-06,,2.21155e-14,-0.0981,0.0981,,1.8199e-11,1.82297e-08,9.424e-11,-9.81,fluid
2724,17.875,5.87451,,1000,2.5652e-08,3.50264e-07,,7.06737e-15,-0.0981,0.0981,,7.83564e-12,4.92686e-09,2.74308e-11,-9.81,fluid
2725,17.875,6.12451,,1000,6.63494e-09,8.88729e-08,,1.84088e-15,-0.0981,0.0981,,2.48773e-12,1.30288e-09,7.45964e-12,-9.81,fluid
2726,17.875,6.37451,,1000,1.68199e-09,2.26539e-08,,4.09696e-16,-0.0981,0.0981,,1.99363e-13,3.35539e-10,1.46671e-12,-9.81,fluid
2727,17.875,6.62451,,1000,4.16969e-10,6.97042e-09,,-1.2754e-17,-0.0981,0.0981,,-3.735e-13,8.29106e-11,1.64534e-14,-9.81,fluid
2728,17.875,6.87451,,1000,1.00987e-10,3.48521e-09,,-1.47753e-17,-0.0981,0.0981,,-3.163e-13,1.86458e-11,-1.21323e-13,-9.81,fluid
2729,17.875,7.12451,,1000,1.964e-11,3.48521e-09,,-1.07041e-18,-0.0981,0.0981,,-3.88888e-13,3.80916e-12,-1.93911e-13,-9.81,fluid
2730,17.875,7.37451,,1000,-1.52884e-13,3.48521e-09,,6.58429e-21,-0.0981,0.0981,,-8.51232e-13,2.36867e-12,-6.56255e-13,-9.81,fluid
2731,17.875,7.62451,,1000,5.8778e-12,1.74261e-09,,6.75434e-22,-0.0981,0.0981,,-1.34355e-12,3.99646e-12,-1.24606e-12,-9.81,fluid
2732,17.875,7.87451,,1000,2.2054e-12,1.74261e-09,,2.75559e-23,-0.0981,0.0981,,-1.17399e-12,6.17743e-12,-1.07651e-12,-9.81,fluid
2733,18.125,0.124703,,1000.53,93.8705,4186.84,,-0.000413062,-0.0423115,0.0423135,,-0.261312,9.49518,-0.030437,-0.314823,fluid
2734,18.125,0.37463,,1000.38,81.3548,3012.7,,-0.000133086,-0.0603799,0.06038,,-0.166066,7.34336,8.8324e-05,-2.46664,fluid
2735,18.125,0.624558,,1000.24,56.529,1900.37,,-5.66787e-05,-0.080531,0.080531,,-0.0959246,4.29473,0.00889831,-5.51527,fluid
2736,18.125,0.87453,,1000.13,33.4732,1048.65,,-3.01572e-05,-0.0894591,0.0894591,,-0.0537732,2.77482,0.00407567,-7.03518,fluid
2737,18.125,1.12452,,1000.07,17.4386,517.84,,-1.49461e-05,-0.0938629,0.0938629,,-0.0271427,1.75228,0.00142591,-8.05772,fluid
2738,18.125,1.37451,,1000.03,8.79986,236.22,,-5.81651e-06,-0.0962405,0.0962405,,-0.0122394,0.965351,0.000793033,-8.84465,fluid
2739,18.125,1.62451,,1000.01,4.24221,102.332,,-1.65806e-06,-0.0973426,0.0973426,,-0.00500028,0.477699,0.000645568,-9.3323,fluid
2740,18.125,1.87451,,1000.01,1.87706,42.6926,,-4.21674e-07,-0.0978032,0.0978032,,-0.00187709,0.219077,0.00047835,-9.59092,fluid
2741,18.125,2.12451,,1000,0.776671,17.0334,,-9.01801e-08,-0.0979864,0.0979864,,-0.000652329,0.095389,0.000287442,-9.71461,fluid
2742,18.125,2.37451,,1000,0.308996,6.46871,,-1.75576e-09,-0.0980583,0.0980583,,-0.000207802,0.0397868,0.000149092,-9.77021,fluid
2743,18.125,2.62451,,1000,0.118855,2.35712,,1.26877e-08,-0.0980854,0.0980854,,-5.86565e-05,0.0158565,7.13914e-05,-9.79414,fluid
2744,18.125,2.87451,,1000,0.0438492,0.831131,,8.95776e-09,-0.0980951,0.0980951,,-1.36161e-05,0.00603339,3.22394e-05,-9.80397,fluid
2745,18.125,3.12451,,1000,0.0154921,0.28404,,4.37602e-09,-0.0980984,0.0980984,,-1.97635e-06,0.00220464,1.36948e-05,-9.8078,fluid
2746,18.125,3.37451,,1000,0.00528256,0.093931,,1.83858e-09,-0.0980995,0.0980995,,2.94919e-07,0.00077857,5.47732e-06,-9.80922,fluid
2747,18.125,3.62451,,1000,0.00174953,0.0300821,,7.10381e-10,-0.0980998,0.0980998,,4.20827e-07,0.000266289,2.08053e-06,-9.80973,fluid
2748,18.125,3.87451,,1000,0.000562994,0.00936256,,2.56931e-10,-0.0981,0.0981,,2.406e-07,8.8187e-05,7.57155e-07,-9.80991,fluid
2749,18.125,4.12451,,1000,0.000175803,0.00283961,,8.75692e-11,-0.0981,0.0981,,1.08424e-07,2.83064e-05,2.65092e-07,-9.80997,fluid
2750,18.125,4.37451,,1000,5.33348e-05,0.000839776,,2.83689e-11,-0.0981,0.0981,,4.30708e-08,8.8298e-06,8.94032e-08,-9.80999,fluid
2751,18.125,4.62451,,1000,1.57676e-05,0.000242165,,8.81796e-12,-0.0981,0.0981,,1.57317e-08,2.68306e-06,2.90925e-08,-9.81,fluid
2752,18.125,4.87451,,1000,4.5517e-06,6.81568e-05,,2.64711e-12,-0.0981,0.0981,,5.4007e-09,7.94964e-07,9.16108e-09,-9.81,fluid
2753,18.125,5.12451,,1000,1.28348e-06,1.87504e-05,,7.70607e-13,-0.0981,0.0981,,1.76555e-09,2.29752e-07,2.80006e-09,-9.81,fluid
2754,18.125,5.37451,,1000,3.53552e-07,5.04659e-06,,2.17761e-13,-0.0981,0.0981,,5.53807e-10,6.48207e-08,8.32239e-10,-9.81,fluid
2755,18.125,5.62451,,1000,9.5194e-08,1.33484e-06,,5.95503e-14,-0.0981,0.0981,,1.67119e-10,1.78773e-08,2.40765e-10,-9.81,fluid
2756,18.125,5.87451,,1000,2.51129e-08,3.43293e-07,,1.59245e-14,-0.0981,0.0981,,4.82908e-11,4.82628e-09,6.72312e-11,-9.81,fluid
2757,18.125,6.12451,,1000,6.49733e-09,8.71303e-08,,4.44881e-15,-0.0981,0.0981,,1.28377e-11,1.27463e-09,1.76449e-11,-9.81,fluid
2758,18.125,6.37451,,1000,1.64163e-09,2.26539e-08,,1.39952e-15,-0.0981,0.0981,,2.66139e-12,3.28004e-10,3.91126e-12,-9.81,fluid
2759,18.125,6.62451,,1000,4.07443e-10,6.97042e-09,,3.35374e-16,-0.0981,0.0981,,1.78093e-13,8.1305e-11,5.62669e-13,-9.81,fluid
2760,18.125,6.87451,,1000,9.88069e-11,3.48521e-09,,5.96266e-17,-0.0981,0.0981,,-2.06353e-13,1.83789e-11,-1.40659e-14,-9.81,fluid
2761,18.125,7.12451,,1000,1.92924e-11,3.48521e-09,,1.39772e-18,-0.0981,0.0981,,-3.64896e-13,3.47894e-12,-1.72609e-13,-9.81,fluid
2762,18.125,7.37451,,1000,3.65213e-13,3.48521e-09,,1.97037e-20,-0.0981,0.0981,,-7.08435e-13,1.7761e-12,-5.16148e-13,-9.81,fluid
2763,18.125,7.62451,,1000,7.04503e-13,3.48521e-09,,2.05416e-21,-0.0981,0.0981,,-9.50024e-13,4.79384e-12,-7.57736e-13,-9.81,fluid
2764,18.125,7.87451,,1000,-1.54129e-12,3.48521e-09,,7.25202e-23,-0.0981,0.0981,,-6.18937e-13,9.05239e-12,-4.26649e-13,-9.81,fluid
2765,18.375,0.124703,,1000.53,93.6575,4180.12,,-0.000346583,-0.0423275,0.042329,,-0.211592,9.48192,0.0157768,-0.328079,fluid
2766,18.375,0.37463,,1000.38,81.1016,3007.33,,-8.5685e-05,-0.0603893,0.0603894,,-0.126914,7.33316,0.0366875,-2.47684,fluid
2767,18.375,0.624558,,1000.24,56.309,1896.02,,-2.19635e-05,-0.0805395,0.0805395,,-0.0660227,4.28623,0.0371373,-5.52377,fluid
2768,18.375,0.87453,,1000.13,33.311,1045.46,,-7.19397e-06,-0.0894677,0.0894677,,-0.0326368,2.76683,0.0242512,-7.04317,fluid
2769,18.375,1.12452,,1000.07,17.3292,515.745,,-1.55371e-06,-0.0938696,0.0938696,,-0.0137471,1.7456,0.0143188,-8.0644,fluid
2770,18.375,1.37451,,1000.03,8.73338,234.96,,1.36346e-06,-0.096245,0.096245,,-0.00457828,0.960596,0.00820829,-8.8494,fluid
2771,18.375,1.62451,,1000.01,4.20584,101.635,,1.94318e-06,-0.0973453,0.0973453,,-0.000970163,0.474715,0.0045609,-9.33529,fluid
2772,18.375,1.87451,,1000.01,1.85865,42.3372,,1.26164e-06,-0.0978047,0.0978047,,0.000102936,0.21737,0.00240699,-9.59263,fluid
2773,18.375,2.12451,,1000,0.767864,16.8659,,6.39482e-07,-0.0979872,0.0979872,,0.000262711,0.0944858,0.00118058,-9.71551,fluid
2774,18.375,2.37451,,1000,0.304995,6.39469,,2.93354e-07,-0.0980586,0.0980586,,0.000191271,0.0393432,0.000539281,-9.77066,fluid
2775,18.375,2.62451,,1000,0.117133,2.32616,,1.25341e-07,-0.0980856,0.0980856,,0.000106232,0.0156531,0.000232826,-9.79435,fluid
2776,18.375,2.87451,,1000,0.0431455,0.818809,,4.98931e-08,-0.0980951,0.0980951,,5.12527e-05,0.00594552,9.58137e-05,-9.80405,fluid
2777,18.375,3.12451,,1000,0.0152179,0.279358,,1.86005e-08,-0.0980984,0.0980984,,2.24336e-05,0.00216863,3.76368e-05,-9.80783,fluid
2778,18.375,3.37451,,1000,0.00518014,0.0922267,,6.58208e-09,-0.0980995,0.0980995,,9.10915e-06,0.000764492,1.41283e-05,-9.80924,fluid
2779,18.375,3.62451,,1000,0.00171276,0.0294856,,2.23444e-09,-0.0980998,0.0980998,,3.48304e-06,0.000261024,5.0877e-06,-9.80974,fluid
2780,18.375,3.87451,,1000,0.000550287,0.0091612,,7.30446e-10,-0.0981,0.0981,,1.26715e-06,8.62966e-05,1.76572e-06,-9.80991,fluid
2781,18.375,4.12451,,1000,0.000171564,0.00277392,,2.30165e-10,-0.0981,0.0981,,4.41449e-07,2.76526e-05,5.9241e-07,-9.80997,fluid
2782,18.375,4.37451,,1000,5.19652e-05,0.000819023,,7.00376e-11,-0.0981,0.0981,,1.47853e-07,8.61135e-06,1.92426e-07,-9.80999,fluid
2783,18.375,4.62451,,1000,1.53384e-05,0.000235802,,2.06463e-11,-0.0981,0.0981,,4.77521e-08,2.61241e-06,6.05849e-08,-9.81,fluid
2784,18.375,4.87451,,1000,4.42104e-06,6.62626e-05,,5.91496e-12,-0.0981,0.0981,,1.49159e-08,7.72807e-07,1.85221e-08,-9.81,fluid
2785,18.375,5.12451,,1000,1.2448e-06,1.81998e-05,,1.6508e-12,-0.0981,0.0981,,4.51875e-09,2.23005e-07,5.50921e-09,-9.81,fluid
2786,18.375,5.37451,,1000,3.4239e-07,4.89324e-06,,4.47706e-13,-0.0981,0.0981,,1.33089e-09,6.28215e-08,1.59719e-09,-9.81,fluid
2787,18.375,5.62451,,1000,9.20573e-08,1.29127e-06,,1.16517e-13,-0.0981,0.0981,,3.8209e-10,1.72998e-08,4.52364e-10,-9.81,fluid
2788,18.375,5.87451,,1000,2.42433e-08,3.32838e-07,,2.84515e-14,-0.0981,0.0981,,1.06963e-10,4.66313e-09,1.25077e-10,-9.81,fluid
2789,18.375,6.12451,,1000,6.25712e-09,8.53877e-08,,6.86598e-15,-0.0981,0.0981,,2.87941e-11,1.2295e-09,3.34411e-11,-9.81,fluid
2790,18.375,6.37451,,1000,1.5774e-09,2.26539e-08,,2.13862e-15,-0.0981,0.0981,,7.10748e-12,3.16064e-10,8.34035e-12,-9.81,fluid
2791,18.375,6.62451,,1000,3.92396e-10,6.97042e-09,,6.73854e-16,-0.0981,0.0981,,1.45984e-12,7.85251e-11,1.83918e-12,-9.81,fluid
2792,18.375,6.87451,,1000,9.54056e-11,3.48521e-09,,1.65538e-16,-0.0981,0.0981,,1.6728e-13,1.7815e-11,3.56951e-13,-9.81,fluid
2793,18.375,7.12451,,1000,1.8546e-11,3.48521e-09,,1.27639e-17,-0.0981,0.0981,,-1.11786e-13,3.26321e-12,7.78859e-14,-9.81,fluid
2794,18.375,7.37451,,1000,3.8674e-13,3.48521e-09,,3.29258e-20,-0.0981,0.0981,,-6.39259e-14,1.6541e-12,1.25746e-13,-9.81,fluid
2795,18.375,7.62451,,1000,8.79038e-13,3.48521e-09,,3.72418e-21,-0.0981,0.0981,,1.91674e-13,4.98239e-12,3.81346e-13,-9.81,fluid
2796,18.375,7.87451,,1000,3.04011e-12,1.74261e-09,,1.53751e-22,-0.0981,0.0981,,4.24227e-13,6.89395e-12,5.19062e-13,-9.81,fluid
2797,18.625,0.124703,,1000.53,93.271,4161.22,,-0.000178696,-0.0423641,0.0423645,,-0.121571,9.45927,0.101732,-0.350732,fluid
2798,18.625,0.374629,,1000.38,80.6392,2991.73,,5.09306e-05,-0.0604166,0.0604167,,-0.0517151,7.31294,0.108854,-2.49706,fluid
2799,18.625,0.624558,,1000.24,55.9094,1883.7,,8.14185e-05,-0.0805697,0.0805698,,-0.00665279,4.26622,0.0944612,-5.54378,fluid
2800,18.625,0.87453,,1000.13,33.0092,1036.9,,5.94018e-05,-0.0894972,0.0894972,,0.00972564,2.74713,0.0653907,-7.06287,fluid
2801,18.625,1.12452,,1000.07,17.1162,510.495,,3.50829e-05,-0.0938908,0.0938909,,0.0130043,1.72926,0.0404117,-8.08074,fluid
2802,18.625,1.37451,,1000.03,8.59922,232.001,,1.94435e-05,-0.0962578,0.0962578,,0.0104952,0.949273,0.0229513,-8.86073,fluid
2803,18.625,1.62451,,1000.01,4.13137,100.078,,1.02475e-05,-0.0973523,0.0973523,,0.00676278,0.467876,0.012136,-9.34212,fluid
2804,18.625,1.87451,,1000.01,1.82123,41.5749,,4.86027e-06,-0.0978083,0.0978083,,0.0037836,0.213623,0.00601579,-9.59638,fluid
2805,18.625,2.12451,,1000,0.750326,16.518,,2.11033e-06,-0.0979888,0.0979888,,0.00190695,0.092585,0.00279382,-9.71741,fluid
2806,18.625,2.37451,,1000,0.29723,6.24559,,8.60815e-07,-0.0980594,0.0980594,,0.00088508,0.0384434,0.00122041,-9.77156,fluid
2807,18.625,2.62451,,1000,0.113875,2.2656,,3.3334e-07,-0.0980859,0.0980859,,0.000384242,0.0152536,0.000505885,-9.79475,fluid
2808,18.625,2.87451,,1000,0.0418461,0.79536,,1.22804e-07,-0.0980953,0.0980953,,0.000157615,0.00577796,0.000200319,-9.80422,fluid
2809,18.625,3.12451,,1000,0.0147228,0.270676,,4.31175e-08,-0.0980984,0.0980984,,6.14601e-05,0.00210177,7.59931e-05,-9.8079,fluid
2810,18.625,3.37451,,1000,0.00499897,0.0891428,,1.45095e-08,-0.0980995,0.0980995,,2.28804e-05,0.000738991,2.76666e-05,-9.80926,fluid
2811,18.625,3.62451,,1000,0.00164896,0.0284305,,4.70896e-09,-0.0980998,0.0980998,,8.1656e-06,0.0002517,9.69207e-06,-9.80975,fluid
2812,18.625,3.87451,,1000,0.00052863,0.00881234,,1.47921e-09,-0.0981,0.0981,,2.80517e-06,8.30192e-05,3.27832e-06,-9.80992,fluid
2813,18.625,4.12451,,1000,0.000164463,0.00266224,,4.50357e-10,-0.0981,0.0981,,9.30903e-07,2.65413e-05,1.07384e-06,-9.80997,fluid
2814,18.625,4.37451,,1000,4.97095e-05,0.000784363,,1.33023e-10,-0.0981,0.0981,,2.99138e-07,8.24679e-06,3.41251e-07,-9.80999,fluid
2815,18.625,4.62451,,1000,1.46422e-05,0.000225363,,3.81812e-11,-0.0981,0.0981,,9.3232e-08,2.49646e-06,1.05332e-07,-9.81,fluid
2816,18.625,4.87451,,1000,4.21214e-06,6.31956e-05,,1.0673e-11,-0.0981,0.0981,,2.8225e-08,7.37011e-07,3.16181e-08,-9.81,fluid
2817,18.625,5.12451,,1000,1.18378e-06,1.7325e-05,,2.9107e-12,-0.0981,0.0981,,8.31394e-09,2.12263e-07,9.24414e-09,-9.81,fluid
2818,18.625,5.37451,,1000,3.25025e-07,4.64927e-06,,7.74138e-13,-0.0981,0.0981,,2.38741e-09,5.96834e-08,2.63703e-09,-9.81,fluid
2819,18.625,5.62451,,1000,8.72444e-08,1.22331e-06,,2.0002e-13,-0.0981,0.0981,,6.70057e-10,1.64058e-08,7.35738e-10,-9.81,fluid
2820,18.625,5.87451,,1000,2.29418e-08,3.13669e-07,,4.88877e-14,-0.0981,0.0981,,1.84195e-10,4.41377e-09,2.01036e-10,-9.81,fluid
2821,18.625,6.12451,,1000,5.90477e-09,8.01599e-08,,1.09783e-14,-0.0981,0.0981,,4.94223e-11,1.16114e-09,5.37261e-11,-9.81,fluid
2822,18.625,6.37451,,1000,1.49153e-09,2.09113e-08,,2.52442e-15,-0.0981,0.0981,,1.25797e-11,2.97833e-10,1.37025e-11,-9.81,fluid
2823,18.625,6.62451,,1000,3.67949e-10,6.97042e-09,,6.73869e-16,-0.0981,0.0981,,3.04044e-12,7.39925e-11,3.41469e-12,-9.81,fluid
2824,18.625,6.87451,,1000,8.96818e-11,3.48521e-09,,1.59406e-16,-0.0981,0.0981,,6.40591e-13,1.67496e-11,8.27716e-13,-9.81,fluid
2825,18.625,7.12451,,1000,1.71316e-11,3.48521e-09,,1.28469e-17,-0.0981,0.0981,,1.54924e-13,3.1724e-12,3.42049e-13,-9.81,fluid
2826,18.625,7.37451,,1000,-2.41008e-13,3.48521e-09,,4.36133e-20,-0.0981,0.0981,,4.41064e-13,1.99691e-12,6.2819e-13,-9.81,fluid
2827,18.625,7.62451,,1000,1.39814e-13,3.48521e-09,,4.77961e-21,-0.0981,0.0981,,8.86605e-13,5.20443e-12,1.07373e-12,-9.81,fluid
2828,18.625,7.87451,,1000,2.339e-12,1.74261e-09,,2.09262e-22,-0.0981,0.0981,,7.50294e-13,6.66303e-12,8.43857e-13,-9.81,fluid
2829,18.875,0.124703,,1000.52,92.0867,4115.61,,0.000139944,-0.042427,0.0424272,,0.01368,9.42487,0.231611,-0.385132,fluid
2830,18.875,0.374629,,1000.38,79.299,2952.07,,0.000327734,-0.0604779,0.0604788,,0.0645302,7.27799,0.220872,-2.53201,fluid
2831,18.875,0.624557,,1000.24,54.8772,1852.24,,0.000298518,-0.0806526,0.0806532,,0.0865702,4.22672,0.184679,-5.58328,fluid
2832,18.875,0.87453,,1000.13,32.3271,1015.57,,0.000201865,-0.0895797,0.08958,,0.0768637,2.70663,0.130662,-7.10337,fluid
2833,18.875,1.12452,,1000.06,16.6801,497.945,,0.000113634,-0.0939494,0.0939495,,0.0556034,1.69547,0.0819829,-8.11453,fluid
2834,18.875,1.37451,,1000.03,8.33672,225.302,,5.74515e-05,-0.0962914,0.0962914,,0.034456,0.926029,0.0463923,-8.88397,fluid
2835,18.875,1.62451,,1000.01,3.98844,96.7493,,2.70029e-05,-0.0973695,0.0973695,,0.0189378,0.454092,0.0240635,-9.35591,fluid
2836,18.875,1.87451,,1000.01,1.75056,40.0239,,1.17409e-05,-0.0978165,0.0978165,,0.00948542,0.206273,0.0116059,-9.60373,fluid
2837,18.875,2.12451,,1000,0.717866,15.8387,,4.7745e-06,-0.0979924,0.0979924,,0.00440235,0.0889686,0.00524148,-9.72103,fluid
2838,18.875,2.37451,,1000,0.283175,5.96449,,1.84039e-06,-0.0980609,0.0980609,,0.00191388,0.0367828,0.00222988,-9.77322,fluid
2839,18.875,2.62451,,1000,0.108114,2.1549,,6.77719e-07,-0.0980864,0.0980864,,0.00078655,0.0145371,0.000900717,-9.79546,fluid
2840,18.875,2.87451,,1000,0.0396029,0.753666,,2.39302e-07,-0.0980955,0.0980955,,0.00030792,0.00548535,0.000347849,-9.80451,fluid
2841,18.875,3.12451,,1000,0.0138873,0.255622,,8.11207e-08,-0.0980985,0.0980985,,0.000115425,0.00198781,0.000128967,-9.80801,fluid
2842,18.875,3.37451,,1000,0.00469955,0.0839191,,2.64645e-08,-0.0980995,0.0980995,,4.15567e-05,0.000696463,4.60028e-05,-9.8093,fluid
2843,18.875,3.62451,,1000,0.00154543,0.0266819,,8.34471e-09,-0.0980999,0.0980999,,1.44042e-05,0.000236456,1.58178e-05,-9.80976,fluid
2844,18.875,3.87451,,1000,0.000494077,0.00824563,,2.55292e-09,-0.0981,0.0981,,4.81998e-06,7.77592e-05,5.25684e-06,-9.80992,fluid
2845,18.875,4.12451,,1000,0.000153315,0.00248407,,7.59276e-10,-0.0981,0.0981,,1.56182e-06,2.47887e-05,1.69342e-06,-9.80998,fluid
2846,18.875,4.37451,,1000,4.6222e-05,0.000729978,,2.19693e-10,-0.0981,0.0981,,4.91225e-07,7.68108e-06,5.299e-07,-9.80999,fluid
2847,18.875,4.62451,,1000,1.35814e-05,0.000209223,,6.18944e-11,-0.0981,0.0981,,1.50186e-07,2.31919e-06,1.61271e-07,-9.81,fluid
2848,18.875,4.87451,,1000,3.89789e-06,5.85376e-05,,1.70042e-11,-0.0981,0.0981,,4.46821e-08,6.83027e-07,4.77834e-08,-9.81,fluid
2849,18.875,5.12451,,1000,1.0931e-06,1.60111e-05,,4.56174e-12,-0.0981,0.0981,,1.29517e-08,1.96268e-07,1.38e-08,-9.81,fluid
2850,18.875,5.37451,,1000,2.99516e-07,4.28681e-06,,1.19657e-12,-0.0981,0.0981,,3.66363e-09,5.5067e-08,3.89074e-09,-9.81,fluid
2851,18.875,5.62451,,1000,8.02334e-08,1.12572e-06,,3.0866e-13,-0.0981,0.0981,,1.01332e-09,1.51052e-08,1.07296e-09,-9.81,fluid
2852,18.875,5.87451,,1000,2.10457e-08,2.89273e-07,,7.79352e-14,-0.0981,0.0981,,2.73963e-10,4.05497e-09,2.89288e-10,-9.81,fluid
2853,18.875,6.12451,,1000,5.42583e-09,7.14468e-08,,1.8457e-14,-0.0981,0.0981,,7.17481e-11,1.06396e-09,7.55334e-11,-9.81,fluid
2854,18.875,6.37451,,1000,1.35727e-09,2.09113e-08,,3.88832e-15,-0.0981,0.0981,,1.78274e-11,2.72355e-10,1.89353e-11,-9.81,fluid
2855,18.875,6.62451,,1000,3.45909e-10,5.22782e-09,,7.24184e-16,-0.0981,0.0981,,4.2436e-12,6.77437e-11,4.52057e-12,-9.81,fluid
2856,18.875,6.87451,,1000,8.08581e-11,3.48521e-09,,1.04551e-16,-0.0981,0.0981,,9.38673e-13,1.52045e-11,1.12332e-12,-9.81,fluid
2857,18.875,7.12451,,1000,1.48131e-11,3.48521e-09,,3.163e-18,-0.0981,0.0981,,2.99806e-13,3.09856e-12,4.84453e-13,-9.81,fluid
2858,18.875,7.37451,,1000,-1.52568e-12,3.48521e-09,,5.14372e-20,-0.0981,0.0981,,5.57169e-13,2.49924e-12,7.41816e-13,-9.81,fluid
2859,18.875,7.62451,,1000,5.01876e-12,1.74261e-09,,4.86652e-21,-0.0981,0.0981,,9.22229e-13,4.32143e-12,1.01455e-12,-9.81,fluid
2860,18.875,7.87451,,1000,1.32077e-12,1.74261e-09,,1.76421e-22,-0.0981,0.0981,,6.69991e-13,6.14792e-12,7.62314e-13,-9.81,fluid
2861,19.125,0.124703,,1000.51,87.9908,4029.3,,0.000587683,-0.0425207,0.0425247,,0.177382,9.37662,0.387957,-0.433381,fluid
2862,19.125,0.374629,,1000.37,74.8631,2874.82,,0.000724405,-0.0605879,0.0605922,,0.203497,7.22278,0.353759,-2.58722,fluid
2863,19.125,0.624557,,1000.23,51.6033,1790.2,,0.000618685,-0.0808178,0.0808202,,0.196239,4.1607,0.289823,-5.6493,fluid
2864,19.125,0.87453,,1000.12,30.3639,973.32,,0.000418872,-0.0897517,0.0897527,,0.155573,2.63813,0.206459,-7.17187,fluid
2865,19.125,1.12452,,1000.06,15.5944,473.236,,0.000235219,-0.094074,0.0940743,,0.105681,1.63791,0.130424,-8.17209,fluid
2866,19.125,1.37451,,1000.03,7.7651,212.369,,0.000116165,-0.0963627,0.0963628,,0.0625764,0.886399,0.0736804,-8.9236,fluid
2867,19.125,1.62451,,1000.01,3.70417,90.5056,,5.26608e-05,-0.0974051,0.0974051,,0.0331245,0.430762,0.0378567,-9.37924,fluid
2868,19.125,1.87451,,1000,1.61815,37.2089,,2.21105e-05,-0.0978327,0.0978327,,0.0160572,0.194012,0.0180028,-9.61599,fluid
2869,19.125,2.12451,,1000,0.659686,14.6458,,8.68316e-06,-0.0979993,0.0979993,,0.00724141,0.0830447,0.00800721,-9.72696,fluid
2870,19.125,2.37451,,1000,0.258844,5.48583,,3.23066e-06,-0.0980636,0.0980636,,0.00306662,0.0341154,0.00335346,-9.77588,fluid
2871,19.125,2.62451,,1000,0.0984251,1.97151,,1.15053e-06,-0.0980875,0.0980875,,0.00122917,0.0134096,0.00133226,-9.79659,fluid
2872,19.125,2.87451,,1000,0.0359294,0.686225,,3.94621e-07,-0.0980958,0.0980958,,0.000470024,0.00503422,0.000505905,-9.80497,fluid
2873,19.125,3.12451,,1000,0.0125536,0.231777,,1.30587e-07,-0.0980987,0.0980987,,0.000172516,0.00181548,0.000184635,-9.80818,fluid
2874,19.125,3.37451,,1000,0.00423253,0.0758042,,4.17093e-08,-0.0980996,0.0980996,,6.09775e-05,0.000633265,6.49411e-05,-9.80937,fluid
2875,19.125,3.62451,,1000,0.00138716,0.024015,,1.28908e-08,-0.0980999,0.0980999,,2.07914e-05,0.000214152,2.20471e-05,-9.80979,fluid
2876,19.125,3.87451,,1000,0.000442164,0.00739598,,3.87029e-09,-0.0981,0.0981,,6.85254e-06,7.01729e-05,7.23926e-06,-9.80993,fluid
2877,19.125,4.12451,,1000,0.000136831,0.00222104,,1.13179e-09,-0.0981,0.0981,,2.18916e-06,2.22953e-05,2.30529e-06,-9.80998,fluid
2878,19.125,4.37451,,1000,4.11427e-05,0.00065079,,3.22621e-10,-0.0981,0.0981,,6.79607e-07,6.88655e-06,7.13636e-07,-9.80999,fluid
2879,19.125,4.62451,,1000,1.2058e-05,0.00018602,,8.96727e-11,-0.0981,0.0981,,2.05332e-07,2.07316e-06,2.15059e-07,-9.81,fluid
2880,19.125,4.87451,,1000,3.4524e-06,5.19122e-05,,2.43272e-11,-0.0981,0.0981,,6.04302e-08,6.08906e-07,6.31446e-08,-9.81,fluid
2881,19.125,5.12451,,1000,9.66042e-07,1.41639e-05,,6.44993e-12,-0.0981,0.0981,,1.73409e-08,1.74527e-07,1.80815e-08,-9.81,fluid
2882,19.125,5.37451,,1000,2.64136e-07,3.78494e-06,,1.67345e-12,-0.0981,0.0981,,4.8584e-09,4.88507e-08,5.05631e-09,-9.81,fluid
2883,19.125,5.62451,,1000,7.06397e-08,9.898e-07,,4.27693e-13,-0.0981,0.0981,,1.33068e-09,1.33693e-08,1.38243e-09,-9.81,fluid
2884,19.125,5.87451,,1000,1.85008e-08,2.52678e-07,,1.08635e-13,-0.0981,0.0981,,3.55712e-10,3.58008e-09,3.68924e-10,-9.81,fluid
2885,19.125,6.12451,,1000,4.7516e-09,6.44764e-08,,2.71376e-14,-0.0981,0.0981,,9.23113e-11,9.37155e-10,9.56826e-11,-9.81,fluid
2886,19.125,6.37451,,1000,1.18579e-09,1.91687e-08,,6.29067e-15,-0.0981,0.0981,,2.35114e-11,2.39819e-10,2.45137e-11,-9.81,fluid
2887,19.125,6.62451,,1000,2.98995e-10,5.22782e-09,,1.2175e-15,-0.0981,0.0981,,6.06387e-12,5.97255e-11,6.33722e-12,-9.81,fluid
2888,19.125,6.87451,,1000,6.85502e-11,3.48521e-09,,1.59091e-16,-0.0981,0.0981,,1.81076e-12,1.33883e-11,1.99299e-12,-9.81,fluid
2889,19.125,7.12451,,1000,1.0666e-11,3.48521e-09,,7.83033e-18,-0.0981,0.0981,,1.03184e-12,2.97427e-12,1.21408e-12,-9.81,fluid
2890,19.125,7.37451,,1000,-4.19519e-12,3.48521e-09,,5.7243e-20,-0.0981,0.0981,,1.19693e-12,2.82633e-12,1.37916e-12,-9.81,fluid
2891,19.125,7.62451,,1000,2.61641e-12,1.74261e-09,,4.68713e-21,-0.0981,0.0981,,1.37835e-12,4.31354e-12,1.46947e-12,-9.81,fluid
2892,19.125,7.87451,,1000,-4.97074e-13,1.74261e-09,,1.60783e-22,-0.0981,0.0981,,1.08884e-12,5.64338e-12,1.17996e-12,-9.81,fluid
2893,19.375,0.124703,,1000.5,81.3315,3896.59,,0.00270861,-0.0425689,0.042655,,0.732813,9.33632,0.933827,-0.473678,fluid
2894,19.375,0.374629,,1000.35,67.8488,2756.12,,0.00248515,-0.06081,0.0608608,,0.702287,7.13276,0.844488,-2.67724,fluid
2895,19.375,0.624556,,1000.22,46.2024,1694.08,,0.00165086,-0.0811489,0.0811657,,0.525693,4.05091,0.613111,-5.75909,fluid
2896,19.375,0.874529,,1000.12,26.9556,907.222,,0.000961762,-0.0900753,0.0900805,,0.346399,2.53246,0.393218,-7.27754,fluid
2897,19.375,1.12452,,1000.06,13.6713,434.461,,0.00049092,-0.0943055,0.0943068,,0.206395,1.55194,0.228818,-8.25806,fluid
2898,19.375,1.37451,,1000.02,6.77435,192.236,,0.000224401,-0.0964918,0.096492,,0.111224,0.828359,0.121146,-8.98164,fluid
2899,19.375,1.62451,,1000.01,3.23107,80.902,,9.5758e-05,-0.0974671,0.0974672,,0.0549977,0.397203,0.0591733,-9.4128,fluid
2900,19.375,1.87451,,1000,1.40657,32.9387,,3.85392e-05,-0.0978602,0.0978602,,0.0253649,0.176689,0.0270649,-9.63331,fluid
2901,19.375,2.12451,,1000,0.569983,12.8682,,1.46197e-05,-0.0980107,0.0980107,,0.0110113,0.0748145,0.0116754,-9.73519,fluid
2902,19.375,2.37451,,1000,0.222354,4.78698,,5.2597e-06,-0.098068,0.098068,,0.00451792,0.030466,0.00476499,-9.77953,fluid
2903,19.375,2.62451,,1000,0.084181,1.70912,,1.81499e-06,-0.0980891,0.0980891,,0.00176094,0.0118904,0.00184915,-9.79811,fluid
2904,19.375,2.87451,,1000,0.0306224,0.591419,,6.05773e-07,-0.0980964,0.0980964,,0.000656718,0.00443598,0.000687243,-9.80556,fluid
2905,19.375,3.12451,,1000,0.0106614,0.198755,,1.95965e-07,-0.0980988,0.0980988,,0.000235796,0.00159048,0.000246054,-9.80841,fluid
2906,19.375,3.37451,,1000,0.0035815,0.0647181,,6.13875e-08,-0.0980996,0.0980996,,8.17615e-05,0.000551888,8.51017e-05,-9.80945,fluid
2907,19.375,3.62451,,1000,0.00116989,0.0204194,,1.86392e-08,-0.0980999,0.0980999,,2.74095e-05,0.000185779,2.84634e-05,-9.80981,fluid
2908,19.375,3.87451,,1000,0.00037183,0.00626466,,5.5049e-09,-0.0981,0.0981,,8.89644e-06,6.0628e-05,9.21978e-06,-9.80994,fluid
2909,19.375,4.12451,,1000,0.000114762,0.00187474,,1.58611e-09,-0.0981,0.0981,,2.8026e-06,1.91907e-05,2.89936e-06,-9.80998,fluid
2910,19.375,4.37451,,1000,3.44199e-05,0.000547593,,4.46214e-10,-0.0981,0.0981,,8.58998e-07,5.90699e-06,8.8726e-07,-9.80999,fluid
2911,19.375,4.62451,,1000,1.00633e-05,0.000156068,,1.22561e-10,-0.0981,0.0981,,2.5653e-07,1.77257e-06,2.64585e-07,-9.81,fluid
2912,19.375,4.87451,,1000,2.87484e-06,4.34362e-05,,3.2889e-11,-0.0981,0.0981,,7.46998e-08,5.19092e-07,7.69417e-08,-9.81,fluid
2913,19.375,5.12451,,1000,8.02752e-07,1.18236e-05,,8.63409e-12,-0.0981,0.0981,,2.12271e-08,1.48381e-07,2.18373e-08,-9.81,fluid
2914,19.375,5.37451,,1000,2.19076e-07,3.15063e-06,,2.21737e-12,-0.0981,0.0981,,5.89293e-09,4.14274e-08,6.05554e-09,-9.81,fluid
2915,19.375,5.62451,,1000,5.84942e-08,8.20767e-07,,5.59079e-13,-0.0981,0.0981,,1.59958e-09,1.13101e-08,1.64194e-09,-9.81,fluid
2916,19.375,5.87451,,1000,1.52759e-08,2.12598e-07,,1.39662e-13,-0.0981,0.0981,,4.2513e-10,3.0216e-09,4.36103e-10,-9.81,fluid
2917,19.375,6.12451,,1000,3.90627e-09,5.57634e-08,,3.46245e-14,-0.0981,0.0981,,1.11775e-10,7.90017e-10,1.14653e-10,-9.81,fluid
2918,19.375,6.37451,,1000,9.76566e-10,1.56835e-08,,8.28567e-15,-0.0981,0.0981,,3.04584e-11,2.02128e-10,3.12678e-11,-9.81,fluid
2919,19.375,6.62451,,1000,2.39703e-10,5.22782e-09,,1.71454e-15,-0.0981,0.0981,,9.33077e-12,5.00267e-11,9.60059e-12,-9.81,fluid
2920,19.375,6.87451,,1000,5.11898e-11,3.48521e-09,,2.55412e-16,-0.0981,0.0981,,3.9728e-12,1.11825e-11,4.15268e-12,-9.81,fluid
2921,19.375,7.12451,,1000,3.06123e-12,3.48521e-09,,1.47259e-17,-0.0981,0.0981,,3.01877e-12,2.82993e-12,3.19865e-12,-9.81,fluid
2922,19.375,7.37451,,1000,-3.00617e-12,3.48521e-09,,5.72953e-20,-0.0981,0.0981,,3.18135e-12,3.05433e-12,3.36123e-12,-9.81,fluid
2923,19.375,7.62451,,1000,-2.16937e-12,1.74261e-09,,4.00625e-21,-0.0981,0.0981,,3.09159e-12,4.16514e-12,3.18153e-12,-9.81,fluid
2924,19.375,7.87451,,1000,4.78875e-13,1.74261e-09,,1.21458e-22,-0.0981,0.0981,,2.45494e-12,4.84183e-12,2.54488e-12,-9.81,fluid
2925,19.625,0.124704,,1000.47,77.4107,3720.9,,0.0126578,-0.0419453,0.0438135,,3.2322,9.51914,3.42171,-0.290864,fluid
2926,19.625,0.374627,,1000.33,63.6996,2618.8,,0.0104393,-0.061506,0.0623857,,2.99532,6.9937,3.12872,-2.8163,fluid
2927,19.625,0.624553,,1000.2,42.3549,1582.05,,0.0059274,-0.082379,0.082592,,2.06685,3.73058,2.14745,-6.07942,fluid
2928,19.625,0.874527,,1000.11,24.0828,830.259,,0.00287341,-0.090963,0.0910084,,1.18639,2.26969,1.22869,-7.54031,fluid
2929,19.625,1.12452,,1000.05,11.7979,389.613,,0.00124673,-0.0948156,0.0948238,,0.613469,1.37276,0.633321,-8.43724,fluid
2930,19.625,1.37451,,1000.02,5.67688,169.268,,0.0005042,-0.0967434,0.0967447,,0.29204,0.72184,0.300665,-9.08816,fluid
2931,19.625,1.62451,,1000.01,2.66737,70.0927,,0.000196771,-0.097577,0.0975772,,0.130456,0.341161,0.134028,-9.46884,fluid
2932,19.625,1.87451,,1000,1.14895,28.1714,,7.40137e-05,-0.0979055,0.0979055,,0.0555834,0.149739,0.0570189,-9.66026,fluid
2933,19.625,2.12451,,1000,0.460914,10.9003,,2.66937e-05,-0.0980286,0.0980286,,0.0226816,0.0626612,0.023237,-9.74734,fluid
2934,19.625,2.37451,,1000,0.178179,4.02239,,9.21463e-06,-0.0980747,0.0980747,,0.00885111,0.0252739,0.00905607,-9.78473,fluid
2935,19.625,2.62451,,1000,0.0669349,1.4257,,3.0686e-06,-0.0980914,0.0980914,,0.00330795,0.00979025,0.0033806,-9.80021,fluid
2936,19.625,2.87451,,1000,0.0241943,0.490171,,9.93497e-07,-0.0980972,0.0980972,,0.00118999,0.00362953,0.00121497,-9.80637,fluid
2937,19.625,3.12451,,1000,0.00837763,0.163815,,3.13036e-07,-0.0980991,0.0980991,,0.00041407,0.00129397,0.000422417,-9.80871,fluid
2938,19.625,3.37451,,1000,0.00280049,0.0530839,,9.5842e-08,-0.0980997,0.0980997,,0.000139658,0.000446722,0.000142362,-9.80955,fluid
2939,19.625,3.62451,,1000,0.000910711,0.016676,,2.85226e-08,-0.0980999,0.0980999,,4.56775e-05,0.000149712,4.65272e-05,-9.80985,fluid
2940,19.625,3.87451,,1000,0.000288299,0.00509591,,8.27405e-09,-0.0981,0.0981,,1.4502e-05,4.8669e-05,1.47616e-05,-9.80995,fluid
2941,19.625,4.12451,,1000,8.86637e-05,0.00151948,,2.34559e-09,-0.0981,0.0981,,4.47849e-06,1.53516e-05,4.55592e-06,-9.80998,fluid
2942,19.625,4.37451,,1000,2.65066e-05,0.000442371,,6.50206e-10,-0.0981,0.0981,,1.34802e-06,4.71015e-06,1.37056e-06,-9.81,fluid
2943,19.625,4.62451,,1000,7.7268e-06,0.000125705,,1.76212e-10,-0.0981,0.0981,,3.95927e-07,1.40927e-06,4.02333e-07,-9.81,fluid
2944,19.625,4.87451,,1000,2.20136e-06,3.4887e-05,,4.67079e-11,-0.0981,0.0981,,1.13535e-07,4.11598e-07,1.15313e-07,-9.81,fluid
2945,19.625,5.12451,,1000,6.13167e-07,9.46932e-06,,1.21234e-11,-0.0981,0.0981,,3.1808e-08,1.17367e-07,3.22905e-08,-9.81,fluid
2946,19.625,5.37451,,1000,1.66931e-07,2.51981e-06,,3.08503e-12,-0.0981,0.0981,,8.71704e-09,3.26934e-08,8.84544e-09,-9.81,fluid
2947,19.625,5.62451,,1000,4.44645e-08,6.56962e-07,,7.66417e-13,-0.0981,0.0981,,2.33884e-09,8.90674e-09,2.37232e-09,-9.81,fluid
2948,19.625,5.87451,,1000,1.15983e-08,1.69033e-07,,1.85094e-13,-0.0981,0.0981,,6.16495e-10,2.37567e-09,6.25109e-10,-9.81,fluid
2949,19.625,6.12451,,1000,2.98073e-09,4.18225e-08,,4.34834e-14,-0.0981,0.0981,,1.60785e-10,6.20907e-10,1.62917e-10,-9.81,fluid
2950,19.625,6.37451,,1000,7.52184e-10,1.04556e-08,,9.50888e-15,-0.0981,0.0981,,4.34449e-11,1.58488e-10,4.39776e-11,-9.81,fluid
2951,19.625,6.62451,,1000,1.8954e-10,3.48521e-09,,1.80001e-15,-0.0981,0.0981,,1.36868e-11,3.85485e-11,1.38644e-11,-9.81,fluid
2952,19.625,6.87451,,1000,4.93039e-11,1.74261e-09,,2.55699e-16,-0.0981,0.0981,,6.07244e-12,8.49582e-12,6.16123e-12,-9.81,fluid
2953,19.625,7.12451,,1000,1.29302e-11,1.74261e-09,,1.48743e-17,-0.0981,0.0981,,4.78602e-12,2.63074e-12,4.87482e-12,-9.81,fluid
2954,19.625,7.37451,,1000,2.86636e-12,1.74261e-09,,4.94353e-20,-0.0981,0.0981,,4.72091e-12,2.97397e-12,4.8097e-12,-9.81,fluid
2955,19.625,7.62451,,1000,3.66134e-12,0,,2.70056e-21,-0.0981,0.0981,,3.2986e-12,2.68325e-12,3.2986e-12,-9.81,fluid
2956,19.625,7.87451,,1000,4.59123e-12,-8.71303e-10,,4.6323e-23,-0.0981,0.0981,,1.94278e-12,2.38734e-13,1.89838e-12,-9.81,fluid
2957,19.8751,0.124709,,1000.44,65.6877,3491.11,,0.0272535,-0.0399209,0.0483367,,6.96277,10.2421,7.13835,0.432093,fluid
2958,19.8751,0.374621,,1000.32,51.7656,2502.54,,0.0214262,-0.0633657,0.0668902,,6.46207,6.80605,6.58795,-3.00395,fluid
2959,19.875,0.624545,,1000.19,33.0732,1481.75,,0.0112051,-0.0856041,0.0863344,,4.36543,2.95721,4.43997,-6.85279,fluid
2960,19.875,0.874522,,1000.1,18.4317,760.174,,0.0050279,-0.0930844,0.0932201,,2.42106,1.62651,2.4593,-8.18349,fluid
2961,19.875,1.12451,,1000.04,8.90833,349.619,,0.0020371,-0.0958612,0.0958829,,1.19757,0.972092,1.21516,-8.83791,fluid
2962,19.875,1.37451,,1000.02,4.17289,149.313,,0.000774284,-0.0971992,0.0972023,,0.54562,0.504403,0.553133,-9.3056,fluid
2963,19.875,1.62451,,1000.01,1.91248,60.92,,0.000287631,-0.0977593,0.0977597,,0.234171,0.235441,0.237236,-9.57456,fluid
2964,19.875,1.87451,,1000,0.809756,24.1851,,0.000103895,-0.0979753,0.0979753,,0.0963879,0.10219,0.0976048,-9.70781,fluid
2965,19.875,2.12451,,1000,0.320921,9.2679,,3.63145e-05,-0.0980548,0.0980548,,0.0382109,0.0423537,0.0386772,-9.76765,fluid
2966,19.875,2.37451,,1000,0.122803,3.39292,,1.22355e-05,-0.0980841,0.0980841,,0.0145546,0.0169488,0.0147253,-9.79305,fluid
2967,19.875,2.62451,,1000,0.0456724,1.19437,,3.99121e-06,-0.0980947,0.0980947,,0.0053305,0.00652374,0.0053906,-9.80348,fluid
2968,19.875,2.87451,,1000,0.0163567,0.408188,,1.26887e-06,-0.0980983,0.0980983,,0.00188455,0.00240563,0.00190508,-9.80759,fluid
2969,19.875,3.12451,,1000,0.00562072,0.135697,,3.93427e-07,-0.0980995,0.0980995,,0.000645696,0.000853622,0.000652524,-9.80915,fluid
2970,19.875,3.37451,,1000,0.00186711,0.0437655,,1.18786e-07,-0.0980998,0.0980998,,0.000214768,0.000293481,0.00021697,-9.80971,fluid
2971,19.875,3.62451,,1000,0.000603696,0.013691,,3.49252e-08,-0.0980999,0.0980999,,6.9371e-05,9.79974e-05,7.00598e-05,-9.8099,fluid
2972,19.875,3.87451,,1000,0.000190059,0.00416793,,1.00222e-08,-0.0981,0.0981,,2.17799e-05,3.17538e-05,2.19896e-05,-9.80997,fluid
2973,19.875,4.12451,,1000,5.81544e-05,0.00123851,,2.81315e-09,-0.0981,0.0981,,6.65868e-06,9.98671e-06,6.721e-06,-9.80999,fluid
2974,19.875,4.37451,,1000,1.73076e-05,0.000359426,,7.72787e-10,-0.0981,0.0981,,1.98578e-06,3.05593e-06,2.00386e-06,-9.81,fluid
2975,19.875,4.62451,,1000,5.025e-06,0.000101836,,2.07704e-10,-0.0981,0.0981,,5.78257e-07,9.121e-07,5.83381e-07,-9.81,fluid
2976,19.875,4.87451,,1000,1.42625e-06,2.81867e-05,,5.46363e-11,-0.0981,0.0981,,1.6451e-07,2.65797e-07,1.65928e-07,-9.81,fluid
2977,19.875,5.12451,,1000,3.95831e-07,7.63261e-06,,1.40904e-11,-0.0981,0.0981,,4.57539e-08,7.56349e-08,4.61379e-08,-9.81,fluid
2978,19.875,5.37451,,1000,1.07417e-07,2.02317e-06,,3.56213e-12,-0.0981,0.0981,,1.24505e-08,2.10281e-08,1.25523e-08,-9.81,fluid
2979,19.875,5.62451,,1000,2.8525e-08,5.26267e-07,,8.80474e-13,-0.0981,0.0981,,3.31992e-09,5.71848e-09,3.3464e-09,-9.81,fluid
2980,19.875,5.87451,,1000,7.42869e-09,1.34181e-07,,2.10057e-13,-0.0981,0.0981,,8.68472e-10,1.52329e-09,8.75223e-10,-9.81,fluid
2981,19.875,6.12451,,1000,1.89876e-09,3.31095e-08,,4.7231e-14,-0.0981,0.0981,,2.23122e-10,3.97968e-10,2.24788e-10,-9.81,fluid
2982,19.875,6.37451,,1000,4.84943e-10,6.97042e-09,,8.65067e-15,-0.0981,0.0981,,5.58613e-11,1.01246e-10,5.6212e-11,-9.81,fluid
2983,19.875,6.62451,,1000,1.19424e-10,1.74261e-09,,1.50747e-15,-0.0981,0.0981,,1.54563e-11,2.4025e-11,1.5544e-11,-9.81,fluid
2984,19.875,6.87451,,1000,2.78394e-11,1.74261e-09,,1.76215e-16,-0.0981,0.0981,,7.48831e-12,5.13349e-12,7.57599e-12,-9.81,fluid
2985,19.875,7.12451,,1000,5.05007e-12,1.74261e-09,,8.16639e-18,-0.0981,0.0981,,5.70954e-12,2.03014e-12,5.79722e-12,-9.81,fluid
2986,19.875,7.37451,,1000,3.06303e-12,0,,3.53966e-20,-0.0981,0.0981,,2.5039e-12,2.26207e-12,2.5039e-12,-9.81,fluid
2987,19.875,7.62451,,1000,3.66587e-12,-8.71303e-10,,1.4344e-21,-0.0981,0.0981,,4.28961e-13,1.38899e-12,3.85121e-13,-9.81,fluid
2988,19.875,7.87451,,1000,4.09706e-12,-1.74261e-09,,9.08285e-24,-0.0981,0.0981,,-8.80369e-13,-1.17464e-12,-9.68047e-13,-9.81,fluid
