h/dp :,2
L2norm Pressure,KE,dr0,Nparticles
19992.9,551.324,0.0141421,1100

t,6.75021
ID,x,y,,rho,drhodt,pressure,,u,v,,dudt,dvdt,type
0,0.05,0,,1000,0,0,,0,0,,0,0,boundary
1,0.0479746,0.0140866,,1000,0,0,,0,0,,0,0,boundary
2,0.0420627,0.027032,,1000,0,0,,0,0,,0,0,boundary
3,0.032743,0.0377875,,1000,0,0,,0,0,,0,0,boundary
4,0.0207708,0.0454816,,1000,0,0,,0,0,,0,0,boundary
5,0.00711574,0.0494911,,1000,0,0,,0,0,,0,0,boundary
6,-0.00711574,0.0494911,,1000,0,0,,0,0,,0,0,boundary
7,-0.0207708,0.0454816,,1000,0,0,,0,0,,0,0,boundary
8,-0.032743,0.0377875,,1000,0,0,,0,0,,0,0,boundary
9,-0.0420627,0.027032,,1000,0,0,,0,0,,0,0,boundary
10,-0.0479746,0.0140866,,1000,0,0,,0,0,,0,0,boundary
11,-0.05,6.12323e-18,,1000,0,0,,0,0,,0,0,boundary
12,-0.0479746,-0.0140866,,1000,0,0,,0,0,,0,0,boundary
13,-0.0420627,-0.027032,,1000,0,0,,0,0,,0,0,boundary
14,-0.032743,-0.0377875,,1000,0,0,,0,0,,0,0,boundary
15,-0.0207708,-0.0454816,,1000,0,0,,0,0,,0,0,boundary
16,-0.00711574,-0.0494911,,1000,0,0,,0,0,,0,0,boundary
17,0.00711574,-0.0494911,,1000,0,0,,0,0,,0,0,boundary
18,0.0207708,-0.0454816,,1000,0,0,,0,0,,0,0,boundary
19,0.032743,-0.0377875,,1000,0,0,,0,0,,0,0,boundary
20,0.0420627,-0.027032,,1000,0,0,,0,0,,0,0,boundary
21,0.0479746,-0.0140866,,1000,0,0,,0,0,,0,0,boundary
22,0.0641421,0,,999.957,0.00894467,-83.7526,,0.40739,-2.89297e-13,,-0.132972,-3.25649e-12,fluid
23,0.0615439,0.0180709,,999.96,0.0136214,-78.8755,,0.401552,0.0702436,,-0.10471,-0.0515655,fluid
24,0.0539598,0.0346779,,999.968,0.0153942,-61.8019,,0.416952,0.0678864,,-0.0730676,-0.0469362,fluid
25,0.0420042,0.0484754,,999.977,0.0126104,-45.4221,,0.447223,0.0559152,,-0.0654666,-0.0419008,fluid
26,0.0266456,0.0583457,,999.988,0.00815948,-24.2134,,0.478438,0.0413513,,-0.0741138,-0.0417317,fluid
27,0.00912838,0.0634893,,1000,-0.000497796,0.659978,,0.496025,0.0300244,,-0.0851985,-0.0419485,fluid
28,-0.00912838,0.0634893,,1000.01,-0.00172737,23.6959,,0.505428,0.025157,,-0.102118,-0.0389613,fluid
29,-0.0266456,0.0583457,,1000.02,-0.00183843,38.2194,,0.499539,0.0250014,,-0.136644,-0.0424394,fluid
30,-0.0420042,0.0484754,,1000.02,-0.00188404,39.6297,,0.47595,0.0135876,,-0.165888,-0.0442192,fluid
31,-0.0539598,0.0346779,,1000.02,-0.00276513,42.3984,,0.459272,0.00828127,,-0.196185,-0.032701,fluid
32,-0.0615439,0.0180709,,1000.02,-0.0107889,41.8112,,0.441345,0.00463758,,-0.222789,-0.0192356,fluid
33,-0.0641421,7.85515e-18,,1000.02,-0.0149506,39.7256,,0.433991,-7.04062e-13,,-0.229634,5.69196e-13,fluid
34,-0.0615439,-0.0180709,,1000.02,-0.0107889,41.8112,,0.441345,-0.00463758,,-0.222789,0.0192356,fluid
35,-0.0539598,-0.0346779,,1000.02,-0.00276513,42.3984,,0.459272,-0.00828127,,-0.196185,0.032701,fluid
36,-0.0420042,-0.0484754,,1000.02,-0.00188404,39.6297,,0.47595,-0.0135876,,-0.165888,0.0442192,fluid
37,-0.0266456,-0.0583457,,1000.02,-0.00183843,38.2194,,0.499539,-0.0250014,,-0.136644,0.0424394,fluid
38,-0.00912838,-0.0634893,,1000.01,-0.00172737,23.6959,,0.505428,-0.025157,,-0.102118,0.0389613,fluid
39,0.00912838,-0.0634893,,1000,-0.000497796,0.659978,,0.496025,-0.0300244,,-0.0851985,0.0419485,fluid
40,0.0266456,-0.0583457,,999.988,0.00815948,-24.2134,,0.478438,-0.0413513,,-0.0741138,0.0417317,fluid
41,0.0420042,-0.0484754,,999.977,0.0126104,-45.4221,,0.447223,-0.0559152,,-0.0654666,0.0419008,fluid
42,0.0539598,-0.0346779,,999.968,0.0153942,-61.8019,,0.416952,-0.0678864,,-0.0730676,0.0469362,fluid
43,0.0615439,-0.0180709,,999.96,0.0136214,-78.8755,,0.401552,-0.0702436,,-0.10471,0.0515655,fluid
44,0.0784477,0,,999.951,0.0293352,-96.9967,,0.258016,-5.62072e-13,,-0.0722076,-3.74531e-12,fluid
45,0.0752701,0.0221013,,999.967,0.0234447,-64.8048,,0.304337,-0.0129647,,-0.0606633,-0.0148021,fluid
46,0.0659944,0.042412,,999.985,0.0077788,-28.6004,,0.383969,-0.00709916,,-0.0499763,-0.0192125,fluid
47,0.0513723,0.0592868,,999.991,0.00431727,-17.4921,,0.449427,0.000642957,,-0.0576249,-0.0232069,fluid
48,0.0325884,0.0713586,,999.995,0.00312564,-9.72101,,0.489285,0.00933525,,-0.0665711,-0.0366223,fluid
49,0.0111643,0.0776493,,1000,-0.00029279,7.23404,,0.504502,0.0173973,,-0.0740562,-0.0454081,fluid
50,-0.0111643,0.0776493,,1000.01,-0.00670137,21.5461,,0.50155,0.0299939,,-0.0788842,-0.0533093,fluid
51,-0.0325884,0.0713586,,1000.02,-0.0149324,43.3559,,0.468788,0.0371218,,-0.0894057,-0.0585589,fluid
52,-0.0513723,0.0592868,,1000.03,-0.0214427,63.692,,0.43021,0.0332039,,-0.11003,-0.0562431,fluid
53,-0.0659944,0.042412,,1000.05,-0.0234113,90.6847,,0.38611,0.0250467,,-0.154954,-0.0467042,fluid
54,-0.0752701,0.0221013,,1000.05,-0.0240199,100.068,,0.346333,0.0134405,,-0.193704,-0.0246848,fluid
55,-0.0784477,9.60708e-18,,1000.05,-0.0304838,98.4363,,0.333135,-2.96072e-13,,-0.200922,3.22581e-12,fluid
56,-0.0752701,-0.0221013,,1000.05,-0.0240199,100.068,,0.346333,-0.0134405,,-0.193704,0.0246848,fluid
57,-0.0659944,-0.042412,,1000.05,-0.0234113,90.6847,,0.38611,-0.0250467,,-0.154954,0.0467042,fluid
58,-0.0513723,-0.0592868,,1000.03,-0.0214427,63.692,,0.43021,-0.0332039,,-0.11003,0.0562431,fluid
59,-0.0325884,-0.0713586,,1000.02,-0.0149324,43.3559,,0.468788,-0.0371218,,-0.0894057,0.0585589,fluid
60,-0.0111643,-0.0776493,,1000.01,-0.00670137,21.5461,,0.50155,-0.0299939,,-0.0788842,0.0533093,fluid
61,0.0111643,-0.0776493,,1000,-0.00029279,7.23404,,0.504502,-0.0173973,,-0.0740562,0.0454081,fluid
62,0.0325884,-0.0713586,,999.995,0.00312564,-9.72101,,0.489285,-0.00933525,,-0.0665711,0.0366223,fluid
63,0.0513723,-0.0592868,,999.991,0.00431727,-17.4921,,0.449427,-0.000642957,,-0.0576249,0.0232069,fluid
64,0.0659944,-0.042412,,999.985,0.0077788,-28.6004,,0.383969,0.00709916,,-0.0499763,0.0192125,fluid
65,0.0752701,-0.0221013,,999.967,0.0234447,-64.8048,,0.304337,0.0129647,,-0.0606633,0.0148021,fluid
66,0.0929187,0,,1000.03,-0.010231,67.9499,,0.213119,-6.37981e-13,,-0.0374602,-3.46899e-12,fluid
67,0.0891548,0.0261782,,1000.03,-0.0120755,53.7773,,0.289562,-0.0353763,,-0.0376917,-0.00633588,fluid
68,0.0781682,0.0502356,,1000.02,-0.00500042,31.517,,0.40229,-0.0289747,,-0.0439951,-0.0110483,fluid
69,0.0608488,0.0702233,,1000.01,-0.0019172,27.1045,,0.474559,-0.0129969,,-0.0555683,-0.0201349,fluid
70,0.0385998,0.0845218,,1000.02,-0.0098378,29.4598,,0.502492,0.0052195,,-0.0646942,-0.0370082,fluid
71,0.0132237,0.0919729,,1000.01,0.00127615,20.0024,,0.503777,0.0129483,,-0.0582743,-0.0466082,fluid
72,-0.0132237,0.0919729,,999.996,0.00552062,-7.25154,,0.482466,0.0158821,,-0.0586586,-0.0577313,fluid
73,-0.0385998,0.0845218,,999.988,0.00769816,-22.8929,,0.454912,0.0144097,,-0.0583168,-0.0623629,fluid
74,-0.0608488,0.0702233,,999.984,0.00630646,-31.9323,,0.421444,0.0101778,,-0.0802063,-0.0660198,fluid
75,-0.0781682,0.0502356,,999.976,0.00292464,-46.4247,,0.372977,0.00204387,,-0.129699,-0.0466594,fluid
76,-0.0891548,0.0261782,,999.976,0.00659429,-46.4062,,0.325213,0.00299357,,-0.195254,-0.0216795,fluid
77,-0.0929187,1.13793e-17,,999.979,0.0171999,-41.3407,,0.310707,5.91419e-14,,-0.207761,4.50137e-12,fluid
78,-0.0891548,-0.0261782,,999.976,0.00659429,-46.4062,,0.325213,-0.00299357,,-0.195254,0.0216795,fluid
79,-0.0781682,-0.0502356,,999.976,0.00292464,-46.4247,,0.372977,-0.00204387,,-0.129699,0.0466594,fluid
80,-0.0608488,-0.0702233,,999.984,0.00630646,-31.9323,,0.421444,-0.0101778,,-0.0802063,0.0660198,fluid
81,-0.0385998,-0.0845218,,999.988,0.00769816,-22.8929,,0.454912,-0.0144097,,-0.0583168,0.0623629,fluid
82,-0.0132237,-0.0919729,,999.996,0.00552062,-7.25154,,0.482466,-0.0158821,,-0.0586586,0.0577313,fluid
83,0.0132237,-0.0919729,,1000.01,0.00127615,20.0024,,0.503777,-0.0129483,,-0.0582743,0.0466082,fluid
84,0.0385998,-0.0845218,,1000.02,-0.0098378,29.4598,,0.502492,-0.0052195,,-0.0646942,0.0370082,fluid
85,0.0608488,-0.0702233,,1000.01,-0.0019172,27.1045,,0.474559,0.0129969,,-0.0555683,0.0201349,fluid
86,0.0781682,-0.0502356,,1000.02,-0.00500042,31.517,,0.40229,0.0289747,,-0.0439951,0.0110483,fluid
87,0.0891548,-0.0261782,,1000.03,-0.0120755,53.7773,,0.289562,0.0353763,,-0.0376917,0.00633588,fluid
88,0.107557,0,,999.992,0.00296098,-14.9822,,0.284813,-6.56952e-13,,-0.0467058,-2.75924e-12,fluid
89,0.1032,0.0303023,,999.986,0.00249989,-26.6281,,0.352867,-0.00260733,,-0.0479373,-0.0147239,fluid
90,0.0904826,0.0581497,,999.987,0.00844544,-26.07,,0.449822,0.00161153,,-0.0492573,-0.0242445,fluid
91,0.0704348,0.0812861,,999.993,0.00385756,-13.4322,,0.505775,0.00421635,,-0.0488961,-0.0360526,fluid
92,0.0446808,0.0978372,,999.998,0.00396697,-4.27384,,0.51845,0.00889156,,-0.046604,-0.0388755,fluid
93,0.0153069,0.106462,,1000,0.000479248,3.17852,,0.502505,0.00836405,,-0.031524,-0.0453312,fluid
94,-0.0153069,0.106462,,1000.01,-0.00306522,19.084,,0.487791,0.00196713,,-0.0309357,-0.0512232,fluid
95,-0.0446808,0.0978372,,1000.01,-0.00492068,28.3578,,0.471736,-0.0052492,,-0.0359071,-0.0485848,fluid
96,-0.0704348,0.0812861,,1000.02,-0.00534766,38.8288,,0.449253,-0.0104902,,-0.0601178,-0.0535173,fluid
97,-0.0904826,0.0581497,,1000.02,-0.00999923,38.6684,,0.414437,-0.00759929,,-0.125847,-0.0424435,fluid
98,-0.1032,0.0303023,,1000.02,-0.0177309,34.2834,,0.361104,-0.00317766,,-0.210649,-0.0207991,fluid
99,-0.107557,1.31719e-17,,1000.02,-0.00928138,47.9903,,0.343806,-1.10415e-13,,-0.228938,1.34299e-12,fluid
100,-0.1032,-0.0303023,,1000.02,-0.0177309,34.2834,,0.361104,0.00317766,,-0.210649,0.0207991,fluid
101,-0.0904826,-0.0581497,,1000.02,-0.00999923,38.6684,,0.414437,0.00759929,,-0.125847,0.0424435,fluid
102,-0.0704348,-0.0812861,,1000.02,-0.00534766,38.8288,,0.449253,0.0104902,,-0.0601178,0.0535173,fluid
103,-0.0446808,-0.0978372,,1000.01,-0.00492068,28.3578,,0.471736,0.0052492,,-0.0359071,0.0485848,fluid
104,-0.0153069,-0.106462,,1000.01,-0.00306522,19.084,,0.487791,-0.00196713,,-0.0309357,0.0512232,fluid
105,0.0153069,-0.106462,,1000,0.000479248,3.17852,,0.502505,-0.00836405,,-0.031524,0.0453312,fluid
106,0.0446808,-0.0978372,,999.998,0.00396697,-4.27384,,0.51845,-0.00889156,,-0.046604,0.0388755,fluid
107,0.0704348,-0.0812861,,999.993,0.00385756,-13.4322,,0.505775,-0.00421635,,-0.0488961,0.0360526,fluid
108,0.0904826,-0.0581497,,999.987,0.00844544,-26.07,,0.449822,-0.00161153,,-0.0492573,0.0242445,fluid
109,0.1032,-0.0303023,,999.986,0.00249989,-26.6281,,0.352867,0.00260733,,-0.0479373,0.0147239,fluid
110,0.122364,0,,999.991,0.00843099,-18.4604,,0.288453,-7.14901e-13,,-0.0429847,-2.42525e-12,fluid
111,0.117408,0.034474,,999.99,0.00688394,-20.2199,,0.361761,-0.00905825,,-0.0452445,-0.0110582,fluid
112,0.102939,0.0661552,,999.993,0.00503713,-13.5515,,0.465005,-0.00735799,,-0.0448248,-0.0192663,fluid
113,0.0801316,0.0924768,,1000,-0.000981233,1.61754,,0.514332,0.00106656,,-0.0423482,-0.0358747,fluid
114,0.050832,0.111307,,1000,0.00264618,4.87686,,0.520617,0.00316142,,-0.0365235,-0.0405763,fluid
115,0.0174143,0.121119,,1000,-0.00295988,7.19419,,0.509901,0.00113554,,-0.0224305,-0.0426051,fluid
116,-0.0174143,0.121119,,1000.01,-0.00302654,19.8754,,0.499897,-0.000935662,,-0.021363,-0.0499856,fluid
117,-0.050832,0.111307,,1000.01,-0.00912873,24.6625,,0.488652,-0.00390721,,-0.0307282,-0.052352,fluid
118,-0.0801316,0.0924768,,1000.02,-0.00757506,32.6961,,0.463909,-0.00769098,,-0.0526169,-0.0614255,fluid
119,-0.102939,0.0661552,,1000.02,-0.0123079,36.8698,,0.424512,-0.00894826,,-0.114717,-0.0497391,fluid
120,-0.117408,0.034474,,1000.02,-0.0178372,36.8611,,0.362946,-0.00802965,,-0.211636,-0.0292461,fluid
121,-0.122364,1.49853e-17,,1000.02,-0.0172005,33.3385,,0.34133,-3.87448e-14,,-0.242356,3.44976e-12,fluid
122,-0.117408,-0.034474,,1000.02,-0.0178372,36.8611,,0.362946,0.00802965,,-0.211636,0.0292461,fluid
123,-0.102939,-0.0661552,,1000.02,-0.0123079,36.8698,,0.424512,0.00894826,,-0.114717,0.0497391,fluid
124,-0.0801316,-0.0924768,,1000.02,-0.00757506,32.6961,,0.463909,0.00769098,,-0.0526169,0.0614255,fluid
125,-0.050832,-0.111307,,1000.01,-0.00912873,24.6625,,0.488652,0.00390721,,-0.0307282,0.052352,fluid
126,-0.0174143,-0.121119,,1000.01,-0.00302654,19.8754,,0.499897,0.000935662,,-0.021363,0.0499856,fluid
127,0.0174143,-0.121119,,1000,-0.00295988,7.19419,,0.509901,-0.00113554,,-0.0224305,0.0426051,fluid
128,0.050832,-0.111307,,1000,0.00264618,4.87686,,0.520617,-0.00316142,,-0.0365235,0.0405763,fluid
129,0.0801316,-0.0924768,,1000,-0.000981233,1.61754,,0.514332,-0.00106656,,-0.0423482,0.0358747,fluid
130,0.102939,-0.0661552,,999.993,0.00503713,-13.5515,,0.465005,0.00735799,,-0.0448248,0.0192663,fluid
131,0.117408,-0.034474,,999.99,0.00688394,-20.2199,,0.361761,0.00905825,,-0.0452445,0.0110582,fluid
132,0.137343,0,,1000,0.00329706,2.53289,,0.289396,-7.74055e-13,,-0.0363969,-1.78297e-12,fluid
133,0.13178,0.038694,,999.999,0.00298288,-2.59982,,0.370833,-0.0180496,,-0.040299,-0.00791448,fluid
134,0.11554,0.0742532,,1000,0.000853045,0.525637,,0.480772,-0.0132006,,-0.0403574,-0.0159446,fluid
135,0.0899405,0.103797,,1000.01,-0.00181542,11.2387,,0.520718,-0.00342638,,-0.0391123,-0.029567,fluid
136,0.0570543,0.124932,,1000.01,0.001976,10.2071,,0.521066,0.000214232,,-0.0255471,-0.0385623,fluid
137,0.0195459,0.135945,,1000.01,-0.0042084,11.7194,,0.517553,-0.00337136,,-0.0130239,-0.0414477,fluid
138,-0.0195459,0.135945,,1000.01,0.000847336,14.2085,,0.507871,-0.00277324,,-0.0103401,-0.0506058,fluid
139,-0.0570543,0.124932,,1000.01,-0.00621751,15.241,,0.498368,-0.00460573,,-0.0150651,-0.0539126,fluid
140,-0.0899405,0.103797,,1000.01,-0.00473236,16.9958,,0.472816,-0.00987172,,-0.0378768,-0.0664128,fluid
141,-0.11554,0.0742532,,1000.01,-0.010061,17.1172,,0.430977,-0.0131828,,-0.102019,-0.0564678,fluid
142,-0.13178,0.038694,,1000.01,-0.0125057,17.9386,,0.36252,-0.0129247,,-0.211198,-0.0372461,fluid
143,-0.137343,1.68197e-17,,1000.01,-0.0173377,12.3095,,0.32771,1.19435e-13,,-0.255695,3.66789e-12,fluid
144,-0.13178,-0.038694,,1000.01,-0.0125057,17.9386,,0.36252,0.0129247,,-0.211198,0.0372461,fluid
145,-0.11554,-0.0742532,,1000.01,-0.010061,17.1172,,0.430977,0.0131828,,-0.102019,0.0564678,fluid
146,-0.0899405,-0.103797,,1000.01,-0.00473236,16.9958,,0.472816,0.00987172,,-0.0378768,0.0664128,fluid
147,-0.0570543,-0.124932,,1000.01,-0.00621751,15.241,,0.498368,0.00460573,,-0.0150651,0.0539126,fluid
148,-0.0195459,-0.135945,,1000.01,0.000847336,14.2085,,0.507871,0.00277324,,-0.0103401,0.0506058,fluid
149,0.0195459,-0.135945,,1000.01,-0.0042084,11.7194,,0.517553,0.00337136,,-0.0130239,0.0414477,fluid
150,0.0570543,-0.124932,,1000.01,0.001976,10.2071,,0.521066,-0.000214232,,-0.0255471,0.0385623,fluid
151,0.0899405,-0.103797,,1000.01,-0.00181542,11.2387,,0.520718,0.00342638,,-0.0391123,0.029567,fluid
152,0.11554,-0.0742532,,1000,0.000853045,0.525637,,0.480772,0.0132006,,-0.0403574,0.0159446,fluid
153,0.13178,-0.038694,,999.999,0.00298288,-2.59982,,0.370833,0.0180496,,-0.040299,0.00791448,fluid
154,0.152495,0,,999.998,0.00355545,-3.7729,,0.301289,-7.398e-13,,-0.0324016,-2.91371e-12,fluid
155,0.146318,0.0429627,,999.997,0.0029538,-6.4872,,0.38736,-0.0204805,,-0.0371664,-0.010771,fluid
156,0.128287,0.0824448,,999.999,0.00314202,-1.21434,,0.496477,-0.014593,,-0.0360104,-0.0174601,fluid
157,0.0998627,0.115248,,1000,0.00329947,6.36751,,0.527364,-0.0088108,,-0.0323369,-0.0264616,fluid
158,0.0633486,0.138714,,1000,0.00421712,6.75294,,0.521231,-0.00186127,,-0.0126198,-0.0368422,fluid
159,0.0217022,0.150942,,1000.01,-0.00326431,13.3569,,0.52156,-0.00549237,,-0.00162564,-0.0406029,fluid
160,-0.0217022,0.150942,,1000.01,0.000567624,14.4886,,0.513681,-0.00504928,,0.000794147,-0.0491459,fluid
161,-0.0633486,0.138714,,1000.01,-0.00529442,16.5115,,0.505051,-0.00805044,,-0.00182427,-0.0534313,fluid
162,-0.0998627,0.115248,,1000.01,-0.00534562,18.6981,,0.480575,-0.0154708,,-0.0205582,-0.066285,fluid
163,-0.128287,0.0824448,,1000.01,-0.0110946,17.9622,,0.440673,-0.0179333,,-0.08709,-0.0615193,fluid
164,-0.146318,0.0429627,,1000.01,-0.0129088,17.0014,,0.365536,-0.0157781,,-0.21156,-0.0433396,fluid
165,-0.152495,1.86752e-17,,1000.01,-0.0188667,16.1559,,0.322484,2.15433e-13,,-0.272981,4.11889e-12,fluid
166,-0.146318,-0.0429627,,1000.01,-0.0129088,17.0014,,0.365536,0.0157781,,-0.21156,0.0433396,fluid
167,-0.128287,-0.0824448,,1000.01,-0.0110946,17.9622,,0.440673,0.0179333,,-0.08709,0.0615193,fluid
168,-0.0998627,-0.115248,,1000.01,-0.00534562,18.6981,,0.480575,0.0154708,,-0.0205582,0.066285,fluid
169,-0.0633486,-0.138714,,1000.01,-0.00529442,16.5115,,0.505051,0.00805044,,-0.00182427,0.0534313,fluid
170,-0.0217022,-0.150942,,1000.01,0.000567624,14.4886,,0.513681,0.00504928,,0.000794147,0.0491459,fluid
171,0.0217022,-0.150942,,1000.01,-0.00326431,13.3569,,0.52156,0.00549237,,-0.00162564,0.0406029,fluid
172,0.0633486,-0.138714,,1000,0.00421712,6.75294,,0.521231,0.00186127,,-0.0126198,0.0368422,fluid
173,0.0998627,-0.115248,,1000,0.00329947,6.36751,,0.527364,0.0088108,,-0.0323369,0.0264616,fluid
174,0.128287,-0.0824448,,999.999,0.00314202,-1.21434,,0.496477,0.014593,,-0.0360104,0.0174601,fluid
175,0.146318,-0.0429627,,999.997,0.0029538,-6.4872,,0.38736,0.0204805,,-0.0371664,0.010771,fluid
176,0.167821,0,,999.998,0.00290299,-2.97457,,0.312842,-7.50488e-13,,-0.028943,-3.14801e-12,fluid
177,0.161024,0.0472808,,999.998,0.00298735,-3.08501,,0.400429,-0.0204013,,-0.0322798,-0.0143675,fluid
178,0.14118,0.0907311,,1000,0.0028287,-0.054309,,0.506366,-0.0129755,,-0.0298371,-0.0232227,fluid
179,0.1099,0.126831,,1000,0.000727303,7.34846,,0.530428,-0.0117417,,-0.0237589,-0.0306929,fluid
180,0.0697156,0.152656,,1000,0.00521452,7.38394,,0.523831,-0.00446543,,-0.00478203,-0.0341348,fluid
181,0.0238835,0.166113,,1000.01,-0.000922929,13.8778,,0.525882,-0.00656957,,0.00446951,-0.0388529,fluid
182,-0.0238835,0.166113,,1000.01,-0.000800206,15.7427,,0.519125,-0.00685408,,0.0110576,-0.0469189,fluid
183,-0.0697156,0.152656,,1000.01,-0.00439455,16.5394,,0.511919,-0.0107015,,0.00878101,-0.0523868,fluid
184,-0.1099,0.126831,,1000.01,-0.00563517,19.1329,,0.490161,-0.0188226,,-0.00602452,-0.0662167,fluid
185,-0.14118,0.0907311,,1000.01,-0.011665,17.7371,,0.451377,-0.0216969,,-0.0713894,-0.0651324,fluid
186,-0.161024,0.0472808,,1000.01,-0.0146646,14.1749,,0.369397,-0.0184307,,-0.211269,-0.0473825,fluid
187,-0.167821,2.05522e-17,,1000.01,-0.0211295,11.3971,,0.317245,2.57785e-13,,-0.288817,4.37802e-12,fluid
188,-0.161024,-0.0472808,,1000.01,-0.0146646,14.1749,,0.369397,0.0184307,,-0.211269,0.0473825,fluid
189,-0.14118,-0.0907311,,1000.01,-0.011665,17.7371,,0.451377,0.0216969,,-0.0713894,0.0651324,fluid
190,-0.1099,-0.126831,,1000.01,-0.00563517,19.1329,,0.490161,0.0188226,,-0.00602452,0.0662167,fluid
191,-0.0697156,-0.152656,,1000.01,-0.00439455,16.5394,,0.511919,0.0107015,,0.00878101,0.0523868,fluid
192,-0.0238835,-0.166113,,1000.01,-0.000800206,15.7427,,0.519125,0.00685408,,0.0110576,0.0469189,fluid
193,0.0238835,-0.166113,,1000.01,-0.000922928,13.8778,,0.525882,0.00656957,,0.00446951,0.0388529,fluid
194,0.0697156,-0.152656,,1000,0.00521452,7.38394,,0.523831,0.00446543,,-0.00478203,0.0341348,fluid
195,0.1099,-0.126831,,1000,0.000727303,7.34846,,0.530428,0.0117417,,-0.0237589,0.0306929,fluid
196,0.14118,-0.0907311,,1000,0.0028287,-0.054309,,0.506366,0.0129755,,-0.0298371,0.0232227,fluid
197,0.161024,-0.0472808,,999.998,0.00298735,-3.08501,,0.400429,0.0204013,,-0.0322798,0.0143675,fluid
198,0.183325,0,,999.998,0.00183792,-3.10691,,0.32328,-7.29143e-13,,-0.0246846,-2.82423e-12,fluid
199,0.1759,0.0516488,,999.999,0.00324684,-1.39078,,0.411193,-0.018472,,-0.0281009,-0.0156068,fluid
200,0.154223,0.0991132,,1000,0.00160418,-0.596455,,0.51313,-0.00939969,,-0.0252097,-0.0262494,fluid
201,0.120053,0.138548,,1000.01,-0.000579262,10.3611,,0.529775,-0.0108116,,-0.0134124,-0.0328598,fluid
202,0.0761562,0.166759,,1000,-4.35352e-05,9.58465,,0.527249,-0.00657325,,0.0013369,-0.0346911,fluid
203,0.0260899,0.181459,,1000.01,0.00135832,13.2305,,0.529465,-0.0072426,,0.0116334,-0.0369135,fluid
204,-0.0260899,0.181459,,1000.01,-0.00170513,16.7254,,0.523991,-0.0079857,,0.0201513,-0.0447548,fluid
205,-0.0761562,0.166759,,1000.01,-0.00429429,17.3424,,0.518943,-0.0119195,,0.0183207,-0.0511795,fluid
206,-0.120053,0.138548,,1000.01,-0.00574339,19.7362,,0.500183,-0.0200184,,0.00730536,-0.0653698,fluid
207,-0.154223,0.0991132,,1000.01,-0.0124392,17.4397,,0.462136,-0.0243886,,-0.0556971,-0.0687782,fluid
208,-0.1759,0.0516488,,1000.01,-0.0174802,13.3492,,0.373118,-0.0211016,,-0.209983,-0.0503734,fluid
209,-0.183325,2.24509e-17,,1000,-0.0258246,6.77769,,0.312079,2.91187e-13,,-0.303255,4.51451e-12,fluid
210,-0.1759,-0.0516488,,1000.01,-0.0174802,13.3492,,0.373118,0.0211016,,-0.209983,0.0503734,fluid
211,-0.154223,-0.0991132,,1000.01,-0.0124392,17.4397,,0.462136,0.0243886,,-0.0556971,0.0687782,fluid
212,-0.120053,-0.138548,,1000.01,-0.00574339,19.7362,,0.500183,0.0200184,,0.00730536,0.0653698,fluid
213,-0.0761562,-0.166759,,1000.01,-0.00429429,17.3424,,0.518943,0.0119195,,0.0183207,0.0511795,fluid
214,-0.0260899,-0.181459,,1000.01,-0.00170513,16.7254,,0.523991,0.0079857,,0.0201513,0.0447548,fluid
215,0.0260899,-0.181459,,1000.01,0.00135832,13.2305,,0.529465,0.0072426,,0.0116334,0.0369135,fluid
216,0.0761562,-0.166759,,1000,-4.35351e-05,9.58465,,0.527249,0.00657325,,0.0013369,0.0346911,fluid
217,0.120053,-0.138548,,1000.01,-0.000579262,10.3611,,0.529775,0.0108116,,-0.0134124,0.0328598,fluid
218,0.154223,-0.0991132,,1000,0.00160418,-0.596455,,0.51313,0.00939969,,-0.0252097,0.0262494,fluid
219,0.1759,-0.0516488,,999.999,0.00324684,-1.39078,,0.411193,0.018472,,-0.0281009,0.0156068,fluid
220,0.199009,0,,999.998,0.0018997,-3.26112,,0.333044,-7.20788e-13,,-0.0214139,-2.02308e-12,fluid
221,0.190947,0.0560672,,999.999,0.0039749,-1.16668,,0.420827,-0.0185444,,-0.026542,-0.0105054,fluid
222,0.167417,0.107592,,1000,0.000492417,0.553775,,0.518968,-0.00753153,,-0.0236244,-0.0233296,fluid
223,0.130323,0.150401,,1000.01,0.00339724,10.6621,,0.528004,-0.00920965,,-0.00821696,-0.0309553,fluid
224,0.0826712,0.181025,,1000.01,-0.00354262,11.9877,,0.529827,-0.0074882,,0.00809746,-0.0335253,fluid
225,0.0283219,0.196983,,1000.01,0.00144077,13.3872,,0.532198,-0.00775941,,0.0175687,-0.0351995,fluid
226,-0.0283219,0.196983,,1000.01,-0.0016114,17.2295,,0.527968,-0.00871682,,0.0285152,-0.0422638,fluid
227,-0.0826712,0.181025,,1000.01,-0.00473023,18.5213,,0.524661,-0.0125421,,0.0273916,-0.0496807,fluid
228,-0.130323,0.150401,,1000.01,-0.00604348,20.0437,,0.509319,-0.0204022,,0.0193413,-0.0645984,fluid
229,-0.167417,0.107592,,1000.01,-0.0134807,16.8132,,0.472301,-0.0267796,,-0.0395374,-0.0717137,fluid
230,-0.190947,0.0560672,,1000.01,-0.0199348,13.3228,,0.376379,-0.023446,,-0.207844,-0.0528094,fluid
231,-0.199009,2.43715e-17,,1000,-0.0284392,4.133,,0.306491,3.26689e-13,,-0.317778,4.43863e-12,fluid
232,-0.190947,-0.0560672,,1000.01,-0.0199348,13.3228,,0.376379,0.023446,,-0.207844,0.0528094,fluid
233,-0.167417,-0.107592,,1000.01,-0.0134807,16.8132,,0.472301,0.0267796,,-0.0395374,0.0717137,fluid
234,-0.130323,-0.150401,,1000.01,-0.00604348,20.0437,,0.509319,0.0204022,,0.0193413,0.0645984,fluid
235,-0.0826712,-0.181025,,1000.01,-0.00473022,18.5213,,0.524661,0.0125421,,0.0273916,0.0496807,fluid
236,-0.0283219,-0.196983,,1000.01,-0.0016114,17.2295,,0.527968,0.00871682,,0.0285152,0.0422638,fluid
237,0.0283219,-0.196983,,1000.01,0.00144077,13.3872,,0.532198,0.00775941,,0.0175687,0.0351995,fluid
238,0.0826712,-0.181025,,1000.01,-0.00354262,11.9877,,0.529827,0.0074882,,0.00809746,0.0335253,fluid
239,0.130323,-0.150401,,1000.01,0.00339724,10.6621,,0.528004,0.00920965,,-0.00821696,0.0309553,fluid
240,0.167417,-0.107592,,1000,0.000492417,0.553775,,0.518968,0.00753153,,-0.0236244,0.0233296,fluid
241,0.190947,-0.0560672,,999.999,0.0039749,-1.16668,,0.420827,0.0185444,,-0.026542,0.0105054,fluid
242,0.214873,0,,999.999,0.00308498,-2.16897,,0.342897,-6.90461e-13,,-0.0203548,-1.10494e-12,fluid
243,0.206169,0.0605368,,1000,0.0038715,-0.0630408,,0.431075,-0.0232626,,-0.0269369,-0.00316914,fluid
244,0.180763,0.116169,,1000,-0.000915757,5.2692,,0.525772,-0.0104601,,-0.0247382,-0.0159273,fluid
245,0.140712,0.16239,,1000,0.00691366,7.82677,,0.529619,-0.0114397,,-0.00972846,-0.0226046,fluid
246,0.0892615,0.195456,,1000.01,-0.000277543,13.0714,,0.530853,-0.0076272,,0.0144069,-0.0311737,fluid
247,0.0305796,0.212686,,1000.01,-0.00084461,14.0177,,0.534343,-0.00807457,,0.0218983,-0.0339073,fluid
248,-0.0305796,0.212686,,1000.01,-0.000385984,17.1247,,0.531273,-0.00917984,,0.0357235,-0.0393486,fluid
249,-0.0892615,0.195456,,1000.01,-0.00514346,18.5995,,0.529302,-0.0127424,,0.036548,-0.0479181,fluid
250,-0.140712,0.16239,,1000.01,-0.00627815,19.2538,,0.517236,-0.0206401,,0.0312217,-0.0629638,fluid
251,-0.180763,0.116169,,1000.01,-0.0140529,15.6678,,0.482059,-0.0288698,,-0.0233431,-0.0738325,fluid
252,-0.206169,0.0605368,,1000.01,-0.0217019,11.91,,0.379498,-0.0250205,,-0.205031,-0.0548314,fluid
253,-0.214873,2.63144e-17,,1000,-0.0285027,0.870189,,0.301241,3.63316e-13,,-0.330956,4.14581e-12,fluid
254,-0.206169,-0.0605368,,1000.01,-0.0217019,11.91,,0.379498,0.0250205,,-0.205031,0.0548314,fluid
255,-0.180763,-0.116169,,1000.01,-0.0140529,15.6678,,0.482059,0.0288698,,-0.0233431,0.0738325,fluid
256,-0.140712,-0.16239,,1000.01,-0.00627815,19.2538,,0.517236,0.0206401,,0.0312217,0.0629638,fluid
257,-0.0892615,-0.195456,,1000.01,-0.00514346,18.5995,,0.529302,0.0127424,,0.036548,0.0479181,fluid
258,-0.0305796,-0.212686,,1000.01,-0.000385984,17.1247,,0.531273,0.00917984,,0.0357235,0.0393486,fluid
259,0.0305796,-0.212686,,1000.01,-0.00084461,14.0177,,0.534343,0.00807457,,0.0218983,0.0339073,fluid
260,0.0892615,-0.195456,,1000.01,-0.000277543,13.0714,,0.530853,0.0076272,,0.0144069,0.0311737,fluid
261,0.140712,-0.16239,,1000,0.00691366,7.82677,,0.529619,0.0114397,,-0.00972846,0.0226046,fluid
262,0.180763,-0.116169,,1000,-0.000915757,5.2692,,0.525772,0.0104601,,-0.0247382,0.0159273,fluid
263,0.206169,-0.0605368,,1000,0.0038715,-0.0630408,,0.431075,0.0232626,,-0.0269369,0.00316914,fluid
264,0.230921,0,,999.998,0.00415917,-2.97056,,0.353626,-6.96634e-13,,-0.0209506,-6.34684e-13,fluid
265,0.221567,0.065058,,1000,0.00294149,1.06743,,0.441822,-0.0306122,,-0.0259315,-4.20393e-05,fluid
266,0.194263,0.124845,,1000,0.00393286,8.86283,,0.532856,-0.017334,,-0.0198501,-0.0115716,fluid
267,0.151221,0.174518,,1000,0.00631904,6.71567,,0.533825,-0.0166192,,-0.00579885,-0.0194327,fluid
268,0.0959281,0.210053,,1000.01,0.00348181,12.5183,,0.53085,-0.0078278,,0.0182395,-0.0292061,fluid
269,0.0328635,0.228571,,1000.01,-0.0024004,14.1938,,0.536031,-0.00798322,,0.0255801,-0.0317986,fluid
270,-0.0328635,0.228571,,1000.01,0.00128711,17.1356,,0.534335,-0.00935036,,0.0413292,-0.0363225,fluid
271,-0.0959281,0.210053,,1000.01,-0.00450587,18.2599,,0.533127,-0.0126225,,0.044846,-0.0454365,fluid
272,-0.151221,0.174518,,1000.01,-0.00615534,18.4022,,0.524825,-0.0201438,,0.0427365,-0.0606322,fluid
273,-0.194263,0.124845,,1000.01,-0.0139698,14.6936,,0.491649,-0.0303427,,-0.00743,-0.0748554,fluid
274,-0.221567,0.065058,,1000,-0.0235952,8.98682,,0.382841,-0.0256286,,-0.201434,-0.0559676,fluid
275,-0.230921,2.82797e-17,,999.998,-0.0311612,-4.62078,,0.296976,3.93322e-13,,-0.341184,3.70786e-12,fluid
276,-0.221567,-0.065058,,1000,-0.0235952,8.98682,,0.382841,0.0256286,,-0.201434,0.0559676,fluid
277,-0.194263,-0.124845,,1000.01,-0.0139698,14.6936,,0.491649,0.0303427,,-0.00743,0.0748554,fluid
278,-0.151221,-0.174518,,1000.01,-0.00615534,18.4022,,0.524825,0.0201438,,0.0427365,0.0606322,fluid
279,-0.0959281,-0.210053,,1000.01,-0.00450587,18.2599,,0.533127,0.0126225,,0.044846,0.0454365,fluid
280,-0.0328635,-0.228571,,1000.01,0.00128711,17.1356,,0.534335,0.00935036,,0.0413292,0.0363225,fluid
281,0.0328635,-0.228571,,1000.01,-0.0024004,14.1938,,0.536031,0.00798322,,0.0255801,0.0317986,fluid
282,0.0959281,-0.210053,,1000.01,0.00348181,12.5183,,0.53085,0.0078278,,0.0182395,0.0292061,fluid
283,0.151221,-0.174518,,1000,0.00631904,6.71567,,0.533825,0.0166192,,-0.00579885,0.0194327,fluid
284,0.194263,-0.124845,,1000,0.00393286,8.86283,,0.532856,0.017334,,-0.0198501,0.0115716,fluid
285,0.221567,-0.065058,,1000,0.00294149,1.06743,,0.441822,0.0306122,,-0.0259315,4.20393e-05,fluid
286,0.247154,0,,999.997,0.00407527,-6.26482,,0.365829,-7.18561e-13,,-0.0210712,-6.15539e-13,fluid
287,0.237143,0.0696314,,1000,0.00213067,1.33092,,0.451221,-0.0352883,,-0.0210046,-0.0050391,fluid
288,0.20792,0.133622,,1000,0.00448147,3.86101,,0.53379,-0.018875,,-0.0109597,-0.0232954,fluid
289,0.161852,0.186787,,1000,0.00226799,8.49765,,0.536084,-0.0200498,,-0.000276089,-0.0207872,fluid
290,0.102672,0.22482,,1000.01,0.00515158,12.127,,0.531029,-0.00843846,,0.0196806,-0.0259455,fluid
291,0.0351737,0.244639,,1000.01,-0.00160192,14.6326,,0.536956,-0.00727604,,0.0290428,-0.0291485,fluid
292,-0.0351737,0.244639,,1000.01,0.00182318,17.8097,,0.537048,-0.00927767,,0.0454269,-0.0335973,fluid
293,-0.102672,0.22482,,1000.01,-0.00286311,18.8056,,0.536343,-0.012197,,0.0522905,-0.0423811,fluid
294,-0.161852,0.186787,,1000.01,-0.00579427,18.3753,,0.531743,-0.0194033,,0.0531801,-0.058176,fluid
295,-0.20792,0.133622,,1000.01,-0.0137259,14.6552,,0.501153,-0.0310518,,0.00807546,-0.0746132,fluid
296,-0.237143,0.0696314,,1000,-0.0260082,6.21702,,0.386616,-0.0253392,,-0.196927,-0.0556959,fluid
297,-0.247154,3.02677e-17,,999.994,-0.0390536,-10.9673,,0.294015,4.04738e-13,,-0.348592,3.19161e-12,fluid
298,-0.237143,-0.0696314,,1000,-0.0260082,6.21702,,0.386616,0.0253392,,-0.196927,0.0556959,fluid
299,-0.20792,-0.133622,,1000.01,-0.0137259,14.6552,,0.501153,0.0310518,,0.00807546,0.0746132,fluid
300,-0.161852,-0.186787,,1000.01,-0.00579427,18.3753,,0.531743,0.0194033,,0.0531801,0.058176,fluid
301,-0.102672,-0.22482,,1000.01,-0.00286311,18.8056,,0.536343,0.012197,,0.0522905,0.0423811,fluid
302,-0.0351737,-0.244639,,1000.01,0.00182318,17.8097,,0.537048,0.00927767,,0.0454269,0.0335973,fluid
303,0.0351737,-0.244639,,1000.01,-0.00160192,14.6326,,0.536956,0.00727604,,0.0290428,0.0291485,fluid
304,0.102672,-0.22482,,1000.01,0.00515158,12.127,,0.531029,0.00843846,,0.0196806,0.0259455,fluid
305,0.161852,-0.186787,,1000,0.00226799,8.49765,,0.536084,0.0200498,,-0.000276089,0.0207872,fluid
306,0.20792,-0.133622,,1000,0.00448147,3.86101,,0.53379,0.018875,,-0.0109597,0.0232954,fluid
307,0.237143,-0.0696314,,1000,0.00213067,1.33092,,0.451221,0.0352883,,-0.0210046,0.0050391,fluid
308,0.263575,0,,999.996,0.00208633,-7.28564,,0.377934,-7.01132e-13,,-0.0193204,-4.34532e-13,fluid
309,0.252899,0.0742578,,1000,0.00140638,3.00378,,0.456763,-0.0318957,,-0.0141734,-0.0159181,fluid
310,0.221734,0.1425,,1000,-0.00161697,3.8967,,0.531642,-0.0110284,,-0.005475,-0.0312147,fluid
311,0.172605,0.199197,,1000.01,-0.00276427,10.8087,,0.534809,-0.0191463,,0.007617,-0.0268164,fluid
312,0.109493,0.239757,,1000.01,0.00471492,13.0154,,0.532202,-0.00951687,,0.0191321,-0.0227575,fluid
313,0.0375107,0.260893,,1000.01,0.000298869,15.1763,,0.536893,-0.00650891,,0.0330116,-0.0265925,fluid
314,-0.0375107,0.260893,,1000.01,0.000390407,18.5486,,0.538844,-0.00909654,,0.0466903,-0.0314404,fluid
315,-0.109493,0.239757,,1000.01,-0.00146949,20.2058,,0.539153,-0.0114731,,0.0596779,-0.0387544,fluid
316,-0.172605,0.199197,,1000.01,-0.00552476,18.98,,0.537954,-0.0184255,,0.0635582,-0.0550572,fluid
317,-0.221734,0.1425,,1000.01,-0.0137853,15.1379,,0.510437,-0.0309778,,0.023155,-0.0731768,fluid
318,-0.252899,0.0742578,,1000,-0.0285087,4.14385,,0.390699,-0.0244202,,-0.191583,-0.0539578,fluid
319,-0.263575,3.22787e-17,,999.993,-0.0451343,-14.5894,,0.291589,3.846e-13,,-0.356024,2.66089e-12,fluid
320,-0.252899,-0.0742578,,1000,-0.0285087,4.14385,,0.390699,0.0244202,,-0.191583,0.0539578,fluid
321,-0.221734,-0.1425,,1000.01,-0.0137853,15.1379,,0.510437,0.0309778,,0.023155,0.0731768,fluid
322,-0.172605,-0.199197,,1000.01,-0.00552476,18.98,,0.537954,0.0184255,,0.0635582,0.0550572,fluid
323,-0.109493,-0.239757,,1000.01,-0.00146949,20.2058,,0.539153,0.0114731,,0.0596779,0.0387544,fluid
324,-0.0375107,-0.260893,,1000.01,0.000390407,18.5486,,0.538844,0.00909654,,0.0466903,0.0314404,fluid
325,0.0375107,-0.260893,,1000.01,0.000298869,15.1763,,0.536893,0.00650891,,0.0330116,0.0265925,fluid
326,0.109493,-0.239757,,1000.01,0.00471492,13.0154,,0.532202,0.00951687,,0.0191321,0.0227575,fluid
327,0.172605,-0.199197,,1000.01,-0.00276427,10.8087,,0.534809,0.0191463,,0.007617,0.0268164,fluid
328,0.221734,-0.1425,,1000,-0.00161697,3.8967,,0.531642,0.0110284,,-0.005475,0.0312147,fluid
329,0.252899,-0.0742578,,1000,0.00140638,3.00378,,0.456763,0.0318957,,-0.0141734,0.0159181,fluid
330,0.280186,0,,999.997,0.00105139,-5.41134,,0.387391,-6.46549e-13,,-0.015387,-5.86482e-13,fluid
331,0.268837,0.0789376,,1000,0.00184772,5.8523,,0.459305,-0.0241724,,-0.0104877,-0.0184673,fluid
332,0.235708,0.15148,,1000.01,-0.0011908,10.042,,0.528946,-0.00332934,,-0.00308029,-0.0263984,fluid
333,0.183483,0.211751,,1000.01,-0.00239639,13.4633,,0.531073,-0.0140748,,0.0129474,-0.0280983,fluid
334,0.116394,0.254866,,1000.01,0.00162584,14.2414,,0.533775,-0.0105629,,0.018682,-0.021255,fluid
335,0.0398747,0.277334,,1000.01,0.00147032,15.2305,,0.536298,-0.00595245,,0.0359559,-0.0241305,fluid
336,-0.0398747,0.277334,,1000.01,-0.00114571,18.5686,,0.539622,-0.00878277,,0.0483147,-0.0286491,fluid
337,-0.116394,0.254866,,1000.01,-0.00144531,21.2882,,0.541604,-0.0105152,,0.0653397,-0.0353492,fluid
338,-0.183483,0.211751,,1000.01,-0.00530397,19.4224,,0.543483,-0.0172012,,0.073265,-0.0515941,fluid
339,-0.235708,0.15148,,1000.01,-0.0139071,15.6705,,0.519307,-0.0301965,,0.0377674,-0.0706775,fluid
340,-0.268837,0.0789376,,1000,-0.0307379,2.36894,,0.394977,-0.022916,,-0.185621,-0.0514313,fluid
341,-0.280186,3.43129e-17,,999.992,-0.0450974,-16.0587,,0.289993,3.31179e-13,,-0.362713,2.1172e-12,fluid
342,-0.268837,-0.0789376,,1000,-0.0307379,2.36894,,0.394977,0.022916,,-0.185621,0.0514313,fluid
343,-0.235708,-0.15148,,1000.01,-0.0139071,15.6705,,0.519307,0.0301965,,0.0377674,0.0706775,fluid
344,-0.183483,-0.211751,,1000.01,-0.00530397,19.4224,,0.543483,0.0172012,,0.073265,0.0515941,fluid
345,-0.116394,-0.254866,,1000.01,-0.00144531,21.2882,,0.541604,0.0105152,,0.0653397,0.0353492,fluid
346,-0.0398747,-0.277334,,1000.01,-0.00114571,18.5686,,0.539622,0.00878277,,0.0483147,0.0286491,fluid
347,0.0398747,-0.277334,,1000.01,0.00147032,15.2305,,0.536298,0.00595245,,0.0359559,0.0241305,fluid
348,0.116394,-0.254866,,1000.01,0.00162584,14.2414,,0.533775,0.0105629,,0.018682,0.021255,fluid
349,0.183483,-0.211751,,1000.01,-0.00239639,13.4633,,0.531073,0.0140748,,0.0129474,0.0280983,fluid
350,0.235708,-0.15148,,1000.01,-0.0011908,10.042,,0.528946,0.00332934,,-0.00308029,0.0263984,fluid
351,0.268837,-0.0789376,,1000,0.00184772,5.8523,,0.459305,0.0241724,,-0.0104877,0.0184673,fluid
352,0.296989,0,,999.998,0.00169403,-3.83321,,0.394652,-6.35178e-13,,-0.0124695,-7.30863e-13,fluid
353,0.284959,0.0836715,,1000,0.00319725,5.60646,,0.462468,-0.0223607,,-0.0108453,-0.0124451,fluid
354,0.249843,0.160564,,1000.01,0.00386153,13.0816,,0.529196,-0.00290459,,-0.00766932,-0.0132594,fluid
355,0.194486,0.224449,,1000.01,0.00323825,12.865,,0.528656,-0.0109797,,0.0153165,-0.0253509,fluid
356,0.123374,0.270151,,1000.01,-0.00150556,15.2116,,0.53486,-0.0109127,,0.0199915,-0.0204607,fluid
357,0.0422659,0.293966,,1000.01,0.00091236,15.1629,,0.535569,-0.00551478,,0.0367813,-0.0219514,fluid
358,-0.0422659,0.293966,,1000.01,-0.000822672,18.2203,,0.539825,-0.00819781,,0.0493548,-0.0254673,fluid
359,-0.123374,0.270151,,1000.01,-0.00214759,21.4027,,0.543415,-0.00947485,,0.069197,-0.031897,fluid
360,-0.194486,0.224449,,1000.01,-0.0046979,19.5814,,0.548323,-0.0157355,,0.0825049,-0.0473991,fluid
361,-0.249843,0.160564,,1000.01,-0.0136994,16.3564,,0.527687,-0.0287053,,0.0519427,-0.0671236,fluid
362,-0.284959,0.0836715,,1000,-0.032745,0.500625,,0.399511,-0.0205811,,-0.178943,-0.0475226,fluid
363,-0.296989,3.63707e-17,,999.99,-0.0450544,-19.4133,,0.289545,2.6134e-13,,-0.366032,1.66928e-12,fluid
364,-0.284959,-0.0836715,,1000,-0.032745,0.500625,,0.399511,0.0205811,,-0.178943,0.0475226,fluid
365,-0.249843,-0.160564,,1000.01,-0.0136994,16.3564,,0.527687,0.0287053,,0.0519427,0.0671236,fluid
366,-0.194486,-0.224449,,1000.01,-0.0046979,19.5814,,0.548323,0.0157355,,0.0825049,0.0473991,fluid
367,-0.123374,-0.270151,,1000.01,-0.00214759,21.4027,,0.543415,0.00947485,,0.069197,0.031897,fluid
368,-0.0422659,-0.293966,,1000.01,-0.000822672,18.2203,,0.539825,0.00819781,,0.0493548,0.0254673,fluid
369,0.0422659,-0.293966,,1000.01,0.00091236,15.1629,,0.535569,0.00551478,,0.0367813,0.0219514,fluid
370,0.123374,-0.270151,,1000.01,-0.00150556,15.2116,,0.53486,0.0109127,,0.0199915,0.0204607,fluid
371,0.194486,-0.224449,,1000.01,0.00323825,12.865,,0.528656,0.0109797,,0.0153165,0.0253509,fluid
372,0.249843,-0.160564,,1000.01,0.00386153,13.0816,,0.529196,0.00290459,,-0.00766932,0.0132594,fluid
373,0.284959,-0.0836715,,1000,0.00319725,5.60646,,0.462468,0.0223607,,-0.0108453,0.0124451,fluid
374,0.313986,0,,999.997,0.00309458,-5.04023,,0.401778,-6.2417e-13,,-0.0114085,-8.85878e-13,fluid
375,0.301267,0.0884601,,1000,0.00347467,3.34917,,0.468633,-0.0277096,,-0.0131713,-0.00452406,fluid
376,0.264142,0.169754,,1000.01,0.00484322,10.6992,,0.536181,-0.0144305,,-0.0158282,0.00181181,fluid
377,0.205617,0.237295,,1000,0.00603358,8.71271,,0.527624,-0.01072,,0.0118908,-0.0193456,fluid
378,0.130435,0.285612,,1000.01,-0.000265064,16.0527,,0.534768,-0.010429,,0.023287,-0.0191445,fluid
379,0.0446849,0.31079,,1000.01,0.000261665,15.4136,,0.534847,-0.00514288,,0.035366,-0.019401,fluid
380,-0.0446849,0.31079,,1000.01,0.000460588,18.1592,,0.539615,-0.00743119,,0.0499019,-0.0226118,fluid
381,-0.130435,0.285612,,1000.01,-0.00194576,21.0971,,0.544721,-0.00826195,,0.0719976,-0.0279557,fluid
382,-0.205617,0.237295,,1000.01,-0.00316583,20.1081,,0.552429,-0.0140846,,0.0909024,-0.0426367,fluid
383,-0.264142,0.169754,,1000.01,-0.0127431,17.4822,,0.535511,-0.0265704,,0.0657955,-0.0619797,fluid
384,-0.301267,0.0884601,,999.999,-0.0348255,-1.65158,,0.404446,-0.0171008,,-0.171466,-0.0421049,fluid
385,-0.313986,3.84522e-17,,999.987,-0.0495463,-26.055,,0.290053,1.65234e-13,,-0.366997,1.38267e-12,fluid
386,-0.301267,-0.0884601,,999.999,-0.0348255,-1.65158,,0.404446,0.0171008,,-0.171466,0.0421049,fluid
387,-0.264142,-0.169754,,1000.01,-0.0127431,17.4822,,0.535511,0.0265704,,0.0657955,0.0619797,fluid
388,-0.205617,-0.237295,,1000.01,-0.00316583,20.1081,,0.552429,0.0140846,,0.0909024,0.0426367,fluid
389,-0.130435,-0.285612,,1000.01,-0.00194576,21.0971,,0.544721,0.00826195,,0.0719976,0.0279557,fluid
390,-0.0446849,-0.31079,,1000.01,0.000460588,18.1592,,0.539615,0.00743119,,0.0499019,0.0226118,fluid
391,0.0446849,-0.31079,,1000.01,0.000261665,15.4136,,0.534847,0.00514288,,0.035366,0.019401,fluid
392,0.130435,-0.285612,,1000.01,-0.000265064,16.0527,,0.534768,0.010429,,0.023287,0.0191445,fluid
393,0.205617,-0.237295,,1000,0.00603358,8.71271,,0.527624,0.01072,,0.0118908,0.0193456,fluid
394,0.264142,-0.169754,,1000.01,0.00484322,10.6992,,0.536181,0.0144305,,-0.0158282,-0.00181181,fluid
395,0.301267,-0.0884601,,1000,0.00347467,3.34917,,0.468633,0.0277096,,-0.0131713,0.00452406,fluid
396,0.33118,0,,999.996,0.00353904,-8.44965,,0.410187,-6.17427e-13,,-0.011422,-1.04934e-12,fluid
397,0.317764,0.0933041,,1000,0.00210561,1.49401,,0.477464,-0.0393901,,-0.0142721,0.000521014,fluid
398,0.278606,0.179049,,1000,0.00350708,7.8378,,0.544598,-0.0291395,,-0.00776347,-0.00655182,fluid
399,0.216876,0.250289,,1000,0.00439284,6.24355,,0.529474,-0.013757,,0.00771383,-0.0134203,fluid
400,0.137577,0.301251,,1000.01,0.00259432,16.0155,,0.533194,-0.00954659,,0.0264152,-0.0185564,fluid
401,0.0471318,0.327809,,1000.01,0.000462481,15.7169,,0.534024,-0.00480422,,0.0341775,-0.0171707,fluid
402,-0.0471318,0.327809,,1000.01,0.0012437,18.354,,0.539079,-0.00664728,,0.0498659,-0.0200199,fluid
403,-0.137577,0.301251,,1000.01,-0.00111329,20.9795,,0.545485,-0.00699514,,0.0737088,-0.0243069,fluid
404,-0.216876,0.250289,,1000.01,-0.000853363,21.516,,0.555893,-0.012243,,0.0980222,-0.0377816,fluid
405,-0.278606,0.179049,,1000.01,-0.0111816,19.0783,,0.542772,-0.0238419,,0.0791,-0.0556674,fluid
406,-0.317764,0.0933041,,999.998,-0.0369137,-4.02339,,0.409855,-0.0122205,,-0.162857,-0.033799,fluid
407,-0.33118,4.05578e-17,,999.983,-0.0568434,-34.2689,,0.291413,6.05429e-14,,-0.366704,1.0324e-12,fluid
408,-0.317764,-0.0933041,,999.998,-0.0369137,-4.02339,,0.409855,0.0122205,,-0.162857,0.033799,fluid
409,-0.278606,-0.179049,,1000.01,-0.0111816,19.0783,,0.542772,0.0238419,,0.0791,0.0556674,fluid
410,-0.216876,-0.250289,,1000.01,-0.000853363,21.516,,0.555893,0.012243,,0.0980222,0.0377816,fluid
411,-0.137577,-0.301251,,1000.01,-0.00111329,20.9795,,0.545485,0.00699514,,0.0737088,0.0243069,fluid
412,-0.0471318,-0.327809,,1000.01,0.0012437,18.354,,0.539079,0.00664728,,0.0498659,0.0200199,fluid
413,0.0471318,-0.327809,,1000.01,0.000462481,15.7169,,0.534024,0.00480422,,0.0341775,0.0171707,fluid
414,0.137577,-0.301251,,1000.01,0.00259432,16.0155,,0.533194,0.00954659,,0.0264152,0.0185564,fluid
415,0.216876,-0.250289,,1000,0.00439284,6.24355,,0.529474,0.013757,,0.00771383,0.0134203,fluid
416,0.278606,-0.179049,,1000,0.00350708,7.8378,,0.544598,0.0291395,,-0.00776347,0.00655182,fluid
417,0.317764,-0.0933041,,1000,0.00210561,1.49401,,0.477464,0.0393901,,-0.0142721,-0.000521014,fluid
418,0.348572,0,,999.994,0.0025223,-10.8528,,0.419746,-6.19839e-13,,-0.0107612,-1.26856e-12,fluid
419,0.334452,0.098204,,1000,0.000668542,2.42763,,0.485637,-0.0492341,,-0.0106635,-0.00510111,fluid
420,0.293237,0.188452,,1000,0.00172861,7.51682,,0.54419,-0.0312224,,0.00655051,-0.0258524,fluid
421,0.228266,0.263433,,1000,0.00174254,8.28514,,0.531864,-0.0172265,,0.00876725,-0.012754,fluid
422,0.144802,0.317072,,1000.01,0.00379229,15.3403,,0.531123,-0.0087179,,0.0264269,-0.0172577,fluid
423,0.0496069,0.345024,,1000.01,0.00152314,15.7401,,0.532939,-0.00440062,,0.0334218,-0.0152947,fluid
424,-0.0496069,0.345024,,1000.01,0.00137885,18.523,,0.538272,-0.00588917,,0.0490861,-0.017461,fluid
425,-0.144802,0.317072,,1000.01,-0.000225774,21.3013,,0.545818,-0.00569075,,0.0745002,-0.0208818,fluid
426,-0.228266,0.263433,,1000.01,0.00107229,23.3588,,0.558818,-0.0102838,,0.103958,-0.0330896,fluid
427,-0.293237,0.188452,,1000.01,-0.00946345,20.8477,,0.549509,-0.0204927,,0.091826,-0.048171,fluid
428,-0.334452,0.098204,,999.997,-0.0387178,-6.33506,,0.415644,-0.00617695,,-0.153373,-0.0233839,fluid
429,-0.348572,4.26877e-17,,999.979,-0.0634418,-41.4583,,0.293607,-9.33381e-14,,-0.364995,9.89028e-13,fluid
430,-0.334452,-0.098204,,999.997,-0.0387178,-6.33506,,0.415644,0.00617695,,-0.153373,0.0233839,fluid
431,-0.293237,-0.188452,,1000.01,-0.00946345,20.8477,,0.549509,0.0204927,,0.091826,0.048171,fluid
432,-0.228266,-0.263433,,1000.01,0.00107229,23.3588,,0.558818,0.0102838,,0.103958,0.0330896,fluid
433,-0.144802,-0.317072,,1000.01,-0.000225774,21.3013,,0.545818,0.00569075,,0.0745002,0.0208818,fluid
434,-0.0496069,-0.345024,,1000.01,0.00137885,18.523,,0.538272,0.00588917,,0.0490861,0.017461,fluid
435,0.0496069,-0.345024,,1000.01,0.00152314,15.7401,,0.532939,0.00440062,,0.0334218,0.0152947,fluid
436,0.144802,-0.317072,,1000.01,0.00379229,15.3403,,0.531123,0.0087179,,0.0264269,0.0172577,fluid
437,0.228266,-0.263433,,1000,0.00174254,8.28514,,0.531864,0.0172265,,0.00876725,0.012754,fluid
438,0.293237,-0.188452,,1000,0.00172861,7.51682,,0.54419,0.0312224,,0.00655051,0.0258524,fluid
439,0.334452,-0.098204,,1000,0.000668542,2.42763,,0.485637,0.0492341,,-0.0106635,0.00510111,fluid
440,0.366165,0,,999.994,0.00149625,-10.9527,,0.428595,-5.80296e-13,,-0.00848265,-1.36502e-12,fluid
441,0.351333,0.103161,,1000,0.000373878,5.40795,,0.488903,-0.04704,,-0.00427212,-0.017695,fluid
442,0.308038,0.197964,,1000.01,-0.000157388,10.7175,,0.534038,-0.0175536,,0.0111131,-0.0325583,fluid
443,0.239787,0.276729,,1000.01,1.61015e-06,12.066,,0.531755,-0.0179233,,0.0124295,-0.0154533,fluid
444,0.15211,0.333075,,1000.01,0.00345383,14.8385,,0.529338,-0.00817749,,0.0242994,-0.0149678,fluid
445,0.0521107,0.362438,,1000.01,0.00220962,15.6175,,0.531506,-0.00385857,,0.0328834,-0.0138451,fluid
446,-0.0521107,0.362438,,1000.01,0.00143336,18.5602,,0.537181,-0.00515071,,0.0477346,-0.0149489,fluid
447,-0.15211,0.333075,,1000.01,0.000304808,21.7367,,0.545626,-0.00448714,,0.0742113,-0.0177966,fluid
448,-0.239787,0.276729,,1000.01,0.00196898,24.612,,0.561297,-0.00824497,,0.108754,-0.0284501,fluid
449,-0.308038,0.197964,,1000.01,-0.00776339,22.5346,,0.555712,-0.0165493,,0.103718,-0.039718,fluid
450,-0.351333,0.103161,,999.996,-0.0399131,-8.19123,,0.42173,0.000906756,,-0.143231,-0.0113824,fluid
451,-0.366165,4.48423e-17,,999.976,-0.067151,-46.1173,,0.296595,-2.72588e-13,,-0.361803,4.82051e-13,fluid
452,-0.351333,-0.103161,,999.996,-0.0399131,-8.19123,,0.42173,-0.000906756,,-0.143231,0.0113824,fluid
453,-0.308038,-0.197964,,1000.01,-0.00776339,22.5346,,0.555712,0.0165493,,0.103718,0.039718,fluid
454,-0.239787,-0.276729,,1000.01,0.00196898,24.612,,0.561297,0.00824497,,0.108754,0.0284501,fluid
455,-0.15211,-0.333075,,1000.01,0.000304808,21.7367,,0.545626,0.00448714,,0.0742113,0.0177966,fluid
456,-0.0521107,-0.362438,,1000.01,0.00143336,18.5602,,0.537181,0.00515071,,0.0477346,0.0149489,fluid
457,0.0521107,-0.362438,,1000.01,0.00220962,15.6175,,0.531506,0.00385857,,0.0328834,0.0138451,fluid
458,0.15211,-0.333075,,1000.01,0.00345383,14.8385,,0.529338,0.00817749,,0.0242994,0.0149678,fluid
459,0.239787,-0.276729,,1000.01,1.61027e-06,12.066,,0.531755,0.0179233,,0.0124295,0.0154533,fluid
460,0.308038,-0.197964,,1000.01,-0.000157388,10.7175,,0.534038,0.0175536,,0.0111131,0.0325583,fluid
461,0.351333,-0.103161,,1000,0.000373878,5.40795,,0.488903,0.04704,,-0.00427212,0.017695,fluid
462,0.383962,0,,999.995,0.00113601,-9.80878,,0.435179,-5.62365e-13,,-0.0058871,-1.45022e-12,fluid
463,0.368408,0.108174,,1000,0.00168735,7.65353,,0.486952,-0.0326692,,-0.000912717,-0.0212875,fluid
464,0.323009,0.207585,,1000.01,0.000535943,15.7492,,0.52504,-0.00405623,,0.00868957,-0.0276119,fluid
465,0.251441,0.290179,,1000.01,0.00052318,14.5959,,0.529442,-0.0156713,,0.0156778,-0.0175491,fluid
466,0.159503,0.349264,,1000.01,0.00262839,14.7648,,0.528201,-0.00801564,,0.0218599,-0.0126628,fluid
467,0.0546434,0.380053,,1000.01,0.00156668,15.5481,,0.529767,-0.00323109,,0.0322073,-0.0126779,fluid
468,-0.0546434,0.380053,,1000.01,0.0016489,18.4838,,0.535838,-0.00443047,,0.045913,-0.0126785,fluid
469,-0.159503,0.349264,,1000.01,0.00089842,22.1186,,0.545023,-0.00332969,,0.0731619,-0.014765,fluid
470,-0.251441,0.290179,,1000.01,0.00248137,24.8914,,0.56326,-0.00615781,,0.112354,-0.0236638,fluid
471,-0.323009,0.207585,,1000.01,-0.00581362,24.3794,,0.561338,-0.0120634,,0.114713,-0.0303297,fluid
472,-0.368408,0.108174,,999.995,-0.0404021,-9.41891,,0.428096,0.00909485,,-0.132334,0.00281386,fluid
473,-0.383962,4.70217e-17,,999.975,-0.0685858,-49.074,,0.300419,-4.96312e-13,,-0.356988,1.69484e-14,fluid
474,-0.368408,-0.108174,,999.995,-0.0404021,-9.41891,,0.428096,-0.00909485,,-0.132334,-0.00281386,fluid
475,-0.323009,-0.207585,,1000.01,-0.00581362,24.3794,,0.561338,0.0120634,,0.114713,0.0303297,fluid
476,-0.251441,-0.290179,,1000.01,0.00248137,24.8914,,0.56326,0.00615781,,0.112354,0.0236638,fluid
477,-0.159503,-0.349264,,1000.01,0.00089842,22.1186,,0.545023,0.00332969,,0.0731619,0.014765,fluid
478,-0.0546434,-0.380053,,1000.01,0.0016489,18.4838,,0.535838,0.00443047,,0.045913,0.0126785,fluid
479,0.0546434,-0.380053,,1000.01,0.00156668,15.5481,,0.529767,0.00323109,,0.0322073,0.0126779,fluid
480,0.159503,-0.349264,,1000.01,0.00262839,14.7648,,0.528201,0.00801564,,0.0218599,0.0126628,fluid
481,0.251441,-0.290179,,1000.01,0.00052318,14.5959,,0.529442,0.0156713,,0.0156778,0.0175491,fluid
482,0.323009,-0.207585,,1000.01,0.000535944,15.7492,,0.52504,0.00405623,,0.00868957,0.0276119,fluid
483,0.368408,-0.108174,,1000,0.00168735,7.65353,,0.486952,0.0326692,,-0.000912717,0.0212875,fluid
484,0.401964,0,,999.995,0.001648,-8.97027,,0.439586,-5.43012e-13,,-0.00445769,-1.45745e-12,fluid
485,0.385682,0.113246,,1000,0.00333492,5.88481,,0.484402,-0.0199541,,-0.00294881,-0.0103998,fluid
486,0.338154,0.217318,,1000.01,0.00284421,17.4732,,0.520452,0.00299305,,0.000477196,-0.0125229,fluid
487,0.26323,0.303784,,1000.01,0.00328925,14.265,,0.526159,-0.0122005,,0.017204,-0.0171904,fluid
488,0.166982,0.365639,,1000.01,0.00218914,14.9469,,0.527521,-0.00803751,,0.0196606,-0.0107191,fluid
489,0.0572054,0.397873,,1000.01,0.000558389,15.5537,,0.527668,-0.0025896,,0.031021,-0.0113288,fluid
490,-0.0572054,0.397873,,1000.01,0.00194693,18.2919,,0.534301,-0.00374108,,0.0436691,-0.0107353,fluid
491,-0.166982,0.365639,,1000.01,0.00141283,22.2017,,0.544058,-0.00226623,,0.0713932,-0.0120393,fluid
492,-0.26323,0.303784,,1000.01,0.00333396,24.789,,0.564703,-0.00398522,,0.114831,-0.0188304,fluid
493,-0.338154,0.217318,,1000.01,-0.00302922,26.8372,,0.566371,-0.0071159,,0.124628,-0.0202414,fluid
494,-0.385682,0.113246,,999.995,-0.0406216,-10.622,,0.434683,0.0180472,,-0.120808,0.0187841,fluid
495,-0.401964,4.92264e-17,,999.973,-0.0706884,-53.0716,,0.305185,-6.73526e-13,,-0.350288,-2.88374e-13,fluid
496,-0.385682,-0.113246,,999.995,-0.0406216,-10.622,,0.434683,-0.0180472,,-0.120808,-0.0187841,fluid
497,-0.338154,-0.217318,,1000.01,-0.00302922,26.8372,,0.566371,0.0071159,,0.124628,0.0202414,fluid
498,-0.26323,-0.303784,,1000.01,0.00333396,24.789,,0.564703,0.00398522,,0.114831,0.0188304,fluid
499,-0.166982,-0.365639,,1000.01,0.00141283,22.2017,,0.544058,0.00226623,,0.0713932,0.0120393,fluid
500,-0.0572054,-0.397873,,1000.01,0.00194693,18.2919,,0.534301,0.00374108,,0.0436691,0.0107353,fluid
501,0.0572054,-0.397873,,1000.01,0.000558389,15.5537,,0.527668,0.0025896,,0.031021,0.0113288,fluid
502,0.166982,-0.365639,,1000.01,0.00218914,14.9469,,0.527521,0.00803751,,0.0196606,0.0107191,fluid
503,0.26323,-0.303784,,1000.01,0.00328925,14.265,,0.526159,0.0122005,,0.017204,0.0171904,fluid
504,0.338154,-0.217318,,1000.01,0.00284421,17.4732,,0.520452,-0.00299305,,0.000477196,0.0125229,fluid
505,0.385682,-0.113246,,1000,0.00333492,5.88481,,0.484402,0.0199541,,-0.00294881,0.0103998,fluid
506,0.420174,0,,999.995,0.00235553,-9.65201,,0.443192,-5.25013e-13,,-0.00481212,-1.38627e-12,fluid
507,0.403154,0.118377,,1000,0.00333643,1.50401,,0.485951,-0.0205235,,-0.00779584,0.00635763,fluid
508,0.353473,0.227163,,1000.01,0.00430134,14.3538,,0.526758,-0.00752363,,-0.00999595,0.00680781,fluid
509,0.275156,0.317547,,1000.01,0.00412579,10.8784,,0.523332,-0.00981768,,0.0166419,-0.0156244,fluid
510,0.174547,0.382204,,1000.01,0.00203702,15.1178,,0.52707,-0.00807121,,0.0178838,-0.00933706,fluid
511,0.059797,0.415898,,1000.01,0.000652775,15.5472,,0.525423,-0.00201562,,0.0290081,-0.00962346,fluid
512,-0.059797,0.415898,,1000.01,0.00220171,17.9894,,0.532606,-0.00309107,,0.0411382,-0.00907032,fluid
513,-0.174547,0.382204,,1000.01,0.00198259,22.0763,,0.542822,-0.00127569,,0.0691573,-0.00951205,fluid
514,-0.275156,0.317547,,1000.01,0.0044852,24.9326,,0.565623,-0.00183615,,0.116501,-0.0140857,fluid
515,-0.353473,0.227163,,1000.02,0.000577787,29.8283,,0.570862,-0.0018112,,0.13349,-0.0096714,fluid
516,-0.403154,0.118377,,999.994,-0.0411734,-12.3023,,0.441579,0.0281244,,-0.108574,0.0367672,fluid
517,-0.420174,5.14565e-17,,999.969,-0.0759435,-60.2701,,0.310901,-6.89025e-13,,-0.341655,-5.69116e-13,fluid
518,-0.403154,-0.118377,,999.994,-0.0411734,-12.3023,,0.441579,-0.0281244,,-0.108574,-0.0367672,fluid
519,-0.353473,-0.227163,,1000.02,0.000577787,29.8283,,0.570862,0.0018112,,0.13349,0.0096714,fluid
520,-0.275156,-0.317547,,1000.01,0.0044852,24.9326,,0.565623,0.00183615,,0.116501,0.0140857,fluid
521,-0.174547,-0.382204,,1000.01,0.00198259,22.0763,,0.542822,0.00127569,,0.0691573,0.00951205,fluid
522,-0.059797,-0.415898,,1000.01,0.00220171,17.9894,,0.532606,0.00309107,,0.0411382,0.00907032,fluid
523,0.059797,-0.415898,,1000.01,0.000652775,15.5472,,0.525423,0.00201562,,0.0290081,0.00962346,fluid
524,0.174547,-0.382204,,1000.01,0.00203702,15.1178,,0.52707,0.00807121,,0.0178838,0.00933706,fluid
525,0.275156,-0.317547,,1000.01,0.00412579,10.8784,,0.523332,0.00981768,,0.0166419,0.0156244,fluid
526,0.353473,-0.227163,,1000.01,0.00430134,14.3538,,0.526758,0.00752363,,-0.00999595,-0.00680781,fluid
527,0.403154,-0.118377,,1000,0.00333643,1.50401,,0.485951,0.0205235,,-0.00779584,-0.00635763,fluid
528,0.438595,0,,999.994,0.00244596,-11.5345,,0.447588,-5.07793e-13,,-0.00622065,-1.27166e-12,fluid
529,0.420829,0.123567,,1000,0.000477737,-0.303809,,0.493439,-0.0375614,,-0.0116862,0.0180168,fluid
530,0.36897,0.237122,,1000.01,0.00322867,10.8396,,0.538869,-0.0278578,,-0.00503786,0.00195774,fluid
531,0.287219,0.331468,,1000,0.00261873,7.8827,,0.521414,-0.00895072,,0.0145343,-0.0132168,fluid
532,0.182199,0.39896,,1000.01,0.00214558,15.1378,,0.526616,-0.0080067,,0.0168541,-0.00846865,fluid
533,0.0624186,0.434131,,1000.01,0.00167132,15.4196,,0.523273,-0.00156352,,0.0265158,-0.00795803,fluid
534,-0.0624186,0.434131,,1000.01,0.0023746,17.6707,,0.530795,-0.00247583,,0.0384487,-0.00761172,fluid
535,-0.182199,0.39896,,1000.01,0.00250276,21.9482,,0.541353,-0.000367053,,0.0664882,-0.00726286,fluid
536,-0.287219,0.331468,,1000.01,0.00597206,25.7336,,0.566044,0.000222915,,0.117173,-0.00967489,fluid
537,-0.36897,0.237122,,1000.02,0.00437691,32.7936,,0.574845,0.00375035,,0.141513,0.00146085,fluid
538,-0.420829,0.123567,,999.993,-0.0419227,-14.499,,0.448723,0.0391994,,-0.0956731,0.0571335,fluid
539,-0.438595,5.37124e-17,,999.964,-0.0837103,-69.8188,,0.317367,-6.96855e-13,,-0.331465,-6.71914e-13,fluid
540,-0.420829,-0.123567,,999.993,-0.0419227,-14.499,,0.448723,-0.0391994,,-0.0956731,-0.0571335,fluid
541,-0.36897,-0.237122,,1000.02,0.00437691,32.7936,,0.574845,-0.00375035,,0.141513,-0.00146085,fluid
542,-0.287219,-0.331468,,1000.01,0.00597206,25.7336,,0.566044,-0.000222915,,0.117173,0.00967489,fluid
543,-0.182199,-0.39896,,1000.01,0.00250276,21.9482,,0.541353,0.000367053,,0.0664882,0.00726286,fluid
544,-0.0624186,-0.434131,,1000.01,0.0023746,17.6707,,0.530795,0.00247583,,0.0384487,0.00761172,fluid
545,0.0624186,-0.434131,,1000.01,0.00167132,15.4196,,0.523273,0.00156352,,0.0265158,0.00795803,fluid
546,0.182199,-0.39896,,1000.01,0.00214558,15.1378,,0.526616,0.0080067,,0.0168541,0.00846865,fluid
547,0.287219,-0.331468,,1000,0.00261873,7.8827,,0.521414,0.00895072,,0.0145343,0.0132168,fluid
548,0.36897,-0.237122,,1000.01,0.00322867,10.8396,,0.538869,0.0278578,,-0.00503786,-0.00195774,fluid
549,0.420829,-0.123567,,1000,0.000477737,-0.303809,,0.493439,0.0375614,,-0.0116862,-0.0180168,fluid
550,0.457229,0,,999.993,0.00194309,-13.3147,,0.453349,-4.93433e-13,,-0.00717385,-1.14353e-12,fluid
551,0.438708,0.128816,,1000,-0.000672406,2.84682,,0.503454,-0.0606316,,-0.00793262,0.00794943,fluid
552,0.384646,0.247197,,1000,0.00206262,9.48352,,0.54462,-0.0396256,,0.0074452,-0.014579,fluid
553,0.299421,0.345551,,1000,0.00131011,7.79993,,0.520734,-0.00955495,,0.0123303,-0.0108497,fluid
554,0.18994,0.41591,,1000.01,0.0022391,14.973,,0.525998,-0.00781652,,0.0163852,-0.0079624,fluid
555,0.0650705,0.452575,,1000.01,0.00244297,15.1629,,0.52134,-0.00123623,,0.0238749,-0.00666041,fluid
556,-0.0650705,0.452575,,1000.01,0.00251373,17.4678,,0.528886,-0.00189661,,0.0356983,-0.00630609,fluid
557,-0.18994,0.41591,,1000.01,0.00309678,22.0206,,0.539673,0.000454042,,0.0634915,-0.00522978,fluid
558,-0.299421,0.345551,,1000.01,0.00800217,27.3794,,0.566005,0.00220961,,0.116966,-0.00542849,fluid
559,-0.384646,0.247197,,1000.02,0.00812571,35.5993,,0.578376,0.00972371,,0.148784,0.013466,fluid
560,-0.438708,0.128816,,999.992,-0.042372,-16.4166,,0.456102,0.0514584,,-0.0822302,0.0796758,fluid
561,-0.457229,5.59944e-17,,999.96,-0.0904672,-78.1546,,0.32429,-7.22078e-13,,-0.320275,-8.33076e-13,fluid
562,-0.438708,-0.128816,,999.992,-0.042372,-16.4166,,0.456102,-0.0514584,,-0.0822302,-0.0796758,fluid
563,-0.384646,-0.247197,,1000.02,0.00812571,35.5993,,0.578376,-0.00972371,,0.148784,-0.013466,fluid
564,-0.299421,-0.345551,,1000.01,0.00800217,27.3794,,0.566005,-0.00220961,,0.116966,0.00542849,fluid
565,-0.18994,-0.41591,,1000.01,0.00309678,22.0206,,0.539673,-0.000454042,,0.0634915,0.00522978,fluid
566,-0.0650705,-0.452575,,1000.01,0.00251373,17.4678,,0.528886,0.00189661,,0.0356983,0.00630609,fluid
567,0.0650705,-0.452575,,1000.01,0.00244297,15.1629,,0.52134,0.00123623,,0.0238749,0.00666041,fluid
568,0.18994,-0.41591,,1000.01,0.0022391,14.973,,0.525998,0.00781652,,0.0163852,0.0079624,fluid
569,0.299421,-0.345551,,1000,0.00131011,7.79993,,0.520734,0.00955495,,0.0123303,0.0108497,fluid
570,0.384646,-0.247197,,1000,0.00206262,9.48352,,0.54462,0.0396256,,0.0074452,0.014579,fluid
571,0.438708,-0.128816,,1000,-0.000672406,2.84682,,0.503454,0.0606316,,-0.00793262,-0.00794943,fluid
572,0.476078,0,,999.993,0.00118025,-14.2077,,0.459672,-4.71215e-13,,-0.00670894,-9.91903e-13,fluid
573,0.456794,0.134127,,1000,0.00116429,5.12704,,0.508285,-0.0686219,,0.000946355,-0.0163278,fluid
574,0.400502,0.257387,,1000.01,0.00101014,10.5626,,0.538753,-0.0341462,,0.0170954,-0.0282808,fluid
575,0.311765,0.359796,,1000.01,0.000987973,10.0784,,0.520719,-0.0106797,,0.0109008,-0.0095949,fluid
576,0.19777,0.433056,,1000.01,0.00239235,14.6107,,0.525098,-0.00750477,,0.0163615,-0.00764942,fluid
577,0.067753,0.471232,,1000.01,0.00264374,14.8409,,0.519652,-0.00100771,,0.0213761,-0.00563921,fluid
578,-0.067753,0.471232,,1000.01,0.00267305,17.3701,,0.526915,-0.00136955,,0.0329362,-0.00513219,fluid
579,-0.19777,0.433056,,1000.01,0.00371043,22.2743,,0.537831,0.0011854,,0.0602344,-0.00343737,fluid
580,-0.311765,0.359796,,1000.01,0.0102434,29.2743,,0.565539,0.00408879,,0.115933,-0.00140663,fluid
581,-0.400502,0.257387,,1000.02,0.0117191,38.4667,,0.581528,0.0163235,,0.15518,0.0262675,fluid
582,-0.456794,0.134127,,999.991,-0.0417841,-17.3028,,0.463547,0.0643776,,-0.0685278,0.10373,fluid
583,-0.476078,5.83028e-17,,999.958,-0.092518,-81.692,,0.331466,-7.55974e-13,,-0.308484,-1.01702e-12,fluid
584,-0.456794,-0.134127,,999.991,-0.0417841,-17.3028,,0.463547,-0.0643776,,-0.0685278,-0.10373,fluid
585,-0.400502,-0.257387,,1000.02,0.0117191,38.4667,,0.581528,-0.0163235,,0.15518,-0.0262675,fluid
586,-0.311765,-0.359796,,1000.01,0.0102434,29.2743,,0.565539,-0.00408879,,0.115933,0.00140663,fluid
587,-0.19777,-0.433056,,1000.01,0.00371043,22.2743,,0.537831,-0.0011854,,0.0602344,0.00343737,fluid
588,-0.067753,-0.471232,,1000.01,0.00267305,17.3701,,0.526915,0.00136955,,0.0329362,0.00513219,fluid
589,0.067753,-0.471232,,1000.01,0.00264374,14.8409,,0.519652,0.00100771,,0.0213761,0.00563921,fluid
590,0.19777,-0.433056,,1000.01,0.00239235,14.6107,,0.525098,0.00750477,,0.0163615,0.00764942,fluid
591,0.311765,-0.359796,,1000.01,0.000987973,10.0784,,0.520719,0.0106797,,0.0109008,0.0095949,fluid
592,0.400502,-0.257387,,1000.01,0.00101014,10.5626,,0.538753,0.0341462,,0.0170954,0.0282808,fluid
593,0.456794,-0.134127,,1000,0.00116429,5.12704,,0.508285,0.0686219,,0.000946355,0.0163278,fluid
594,0.495145,0,,999.993,0.000705414,-14.1087,,0.465198,-4.51788e-13,,-0.00495726,-8.65171e-13,fluid
595,0.475088,0.139499,,1000,0.00168444,4.69322,,0.506003,-0.055804,,0.00675056,-0.0327697,fluid
596,0.416543,0.267696,,1000.01,9.00935e-05,13.4906,,0.524795,-0.0155723,,0.0149266,-0.0253022,fluid
597,0.324251,0.374206,,1000.01,0.00154234,12.5892,,0.520487,-0.0111416,,0.0104251,-0.00938166,fluid
598,0.205691,0.4504,,1000.01,0.00238205,14.0289,,0.523788,-0.00705508,,0.0165013,-0.00746487,fluid
599,0.0704665,0.490105,,1000.01,0.00249442,14.466,,0.518151,-0.000846258,,0.019178,-0.00479062,fluid
600,-0.0704665,0.490105,,1000.01,0.00283002,17.2013,,0.524921,-0.000917915,,0.0302006,-0.00409265,fluid
601,-0.205691,0.4504,,1000.01,0.00423326,22.3544,,0.535887,0.00180983,,0.0568145,-0.00188225,fluid
602,-0.324251,0.374206,,1000.02,0.0118539,30.3633,,0.564771,0.00587126,,0.114261,0.00232674,fluid
603,-0.416543,0.267696,,1000.02,0.0140726,40.1729,,0.584595,0.0236386,,0.161087,0.0398858,fluid
604,-0.475088,0.139499,,999.991,-0.0399539,-16.8982,,0.47102,0.0778281,,-0.0546605,0.128997,fluid
605,-0.495145,6.06378e-17,,999.959,-0.0893016,-80.0461,,0.338889,-7.92131e-13,,-0.296109,-1.19208e-12,fluid
606,-0.475088,-0.139499,,999.991,-0.0399539,-16.8982,,0.47102,-0.0778281,,-0.0546605,-0.128997,fluid
607,-0.416543,-0.267696,,1000.02,0.0140726,40.1729,,0.584595,-0.0236386,,0.161087,-0.0398858,fluid
608,-0.324251,-0.374206,,1000.02,0.0118539,30.3633,,0.564771,-0.00587126,,0.114261,-0.00232674,fluid
609,-0.205691,-0.4504,,1000.01,0.00423326,22.3544,,0.535887,-0.00180983,,0.0568145,0.00188225,fluid
610,-0.0704665,-0.490105,,1000.01,0.00283002,17.2013,,0.524921,0.000917915,,0.0302006,0.00409265,fluid
611,0.0704665,-0.490105,,1000.01,0.00249442,14.466,,0.518151,0.000846258,,0.019178,0.00479062,fluid
612,0.205691,-0.4504,,1000.01,0.00238205,14.0289,,0.523788,0.00705508,,0.0165013,0.00746487,fluid
613,0.324251,-0.374206,,1000.01,0.00154234,12.5892,,0.520487,0.0111416,,0.0104251,0.00938166,fluid
614,0.416543,-0.267696,,1000.01,9.00937e-05,13.4906,,0.524795,0.0155723,,0.0149266,0.0253022,fluid
615,0.475088,-0.139499,,1000,0.00168444,4.69322,,0.506003,0.055804,,0.00675056,0.0327697,fluid
616,0.514433,0,,999.993,0.000682837,-13.4679,,0.469082,-4.31025e-13,,-0.00289048,-7.55724e-13,fluid
617,0.493595,0.144932,,1000,0.0017648,3.88589,,0.499966,-0.031928,,0.00700567,-0.0316145,fluid
618,0.432768,0.278123,,1000.01,0.000715404,16.2201,,0.51459,-0.00165792,,0.00746116,-0.0141927,fluid
619,0.336882,0.388782,,1000.01,0.00204918,13.3662,,0.519698,-0.0106136,,0.0102938,-0.0093734,fluid
620,0.213703,0.467945,,1000.01,0.00227799,13.3376,,0.522031,-0.00645464,,0.0160415,-0.00704209,fluid
621,0.0732114,0.509197,,1000.01,0.00229003,14.0271,,0.516737,-0.000715551,,0.0173492,-0.00408582,fluid
622,-0.0732114,0.509197,,1000.01,0.00293063,16.7826,,0.522952,-0.000555126,,0.0275244,-0.00319377,fluid
623,-0.213703,0.467945,,1000.01,0.00455389,21.9903,,0.53392,0.00233339,,0.0533643,-0.000547199,fluid
624,-0.336882,0.388782,,1000.02,0.0124641,30.1486,,0.563829,0.00760041,,0.112196,0.00585726,fluid
625,-0.432768,0.278123,,1000.02,0.0145046,39.6785,,0.587693,0.0314418,,0.167066,0.0545456,fluid
626,-0.493595,0.144932,,999.992,-0.0377728,-16.1781,,0.478535,0.0916408,,-0.0406819,0.154971,fluid
627,-0.514433,6.29998e-17,,999.961,-0.0847987,-77.2986,,0.346696,-8.27428e-13,,-0.282878,-1.3405e-12,fluid
628,-0.493595,-0.144932,,999.992,-0.0377728,-16.1781,,0.478535,-0.0916408,,-0.0406819,-0.154971,fluid
629,-0.432768,-0.278123,,1000.02,0.0145046,39.6785,,0.587693,-0.0314418,,0.167066,-0.0545456,fluid
630,-0.336882,-0.388782,,1000.02,0.0124641,30.1486,,0.563829,-0.00760041,,0.112196,-0.00585726,fluid
631,-0.213703,-0.467945,,1000.01,0.00455389,21.9903,,0.53392,-0.00233339,,0.0533643,0.000547199,fluid
632,-0.0732114,-0.509197,,1000.01,0.00293063,16.7826,,0.522952,0.000555126,,0.0275244,0.00319377,fluid
633,0.0732114,-0.509197,,1000.01,0.00229003,14.0271,,0.516737,0.000715551,,0.0173492,0.00408582,fluid
634,0.213703,-0.467945,,1000.01,0.00227799,13.3376,,0.522031,0.00645464,,0.0160415,0.00704209,fluid
635,0.336882,-0.388782,,1000.01,0.00204918,13.3662,,0.519698,0.0106136,,0.0102938,0.0093734,fluid
636,0.432768,-0.278123,,1000.01,0.000715404,16.2201,,0.51459,0.00165792,,0.00746116,0.0141927,fluid
637,0.493595,-0.144932,,1000,0.0017648,3.88589,,0.499966,0.031928,,0.00700567,0.0316145,fluid
638,0.533943,0,,999.993,0.00093881,-12.8689,,0.471506,-4.09924e-13,,-0.00141469,-6.70663e-13,fluid
639,0.512315,0.150429,,1000,0.00192291,2.03088,,0.495645,-0.0152523,,0.00227719,-0.0143193,fluid
640,0.449182,0.288671,,1000.01,0.00175249,16.1603,,0.512273,0.000781708,,-0.00242008,0.000875075,fluid
641,0.349658,0.403527,,1000.01,0.00267299,12.279,,0.518568,-0.00953942,,0.0102514,-0.00892676,fluid
642,0.221808,0.485692,,1000.01,0.00211735,12.6397,,0.520051,-0.00580113,,0.0150501,-0.00642367,fluid
643,0.075988,0.528508,,1000.01,0.00212009,13.5721,,0.515313,-0.00057725,,0.0158415,-0.00354496,fluid
644,-0.075988,0.528508,,1000.01,0.00296612,16.1419,,0.521047,-0.000271496,,0.0249415,-0.00243288,fluid
645,-0.221808,0.485692,,1000.01,0.00470322,21.2827,,0.531977,0.00277525,,0.0499507,0.000586551,fluid
646,-0.349658,0.403527,,1000.01,0.0127041,29.327,,0.562738,0.0092897,,0.109801,0.00924222,fluid
647,-0.449182,0.288671,,1000.02,0.0146698,38.6159,,0.590506,0.0392581,,0.172307,0.0689919,fluid
648,-0.512315,0.150429,,999.992,-0.0364407,-16.5243,,0.486179,0.105983,,-0.0264261,0.182098,fluid
649,-0.533943,6.53892e-17,,999.959,-0.0852918,-79.6519,,0.355003,-8.6057e-13,,-0.268549,-1.45971e-12,fluid
650,-0.512315,-0.150429,,999.992,-0.0364407,-16.5243,,0.486179,-0.105983,,-0.0264261,-0.182098,fluid
651,-0.449182,-0.288671,,1000.02,0.0146698,38.6159,,0.590506,-0.0392581,,0.172307,-0.0689919,fluid
652,-0.349658,-0.403527,,1000.01,0.0127041,29.327,,0.562738,-0.0092897,,0.109801,-0.00924222,fluid
653,-0.221808,-0.485692,,1000.01,0.00470322,21.2827,,0.531977,-0.00277525,,0.0499507,-0.000586551,fluid
654,-0.075988,-0.528508,,1000.01,0.00296612,16.1419,,0.521047,0.000271496,,0.0249415,0.00243288,fluid
655,0.075988,-0.528508,,1000.01,0.00212009,13.5721,,0.515313,0.00057725,,0.0158415,0.00354496,fluid
656,0.221808,-0.485692,,1000.01,0.00211735,12.6397,,0.520051,0.00580113,,0.0150501,0.00642367,fluid
657,0.349658,-0.403527,,1000.01,0.00267299,12.279,,0.518568,0.00953942,,0.0102514,0.00892676,fluid
658,0.449182,-0.288671,,1000.01,0.00175249,16.1603,,0.512273,-0.000781708,,-0.00242008,-0.000875075,fluid
659,0.512315,-0.150429,,1000,0.00192291,2.03088,,0.495645,0.0152523,,0.00227719,0.0143193,fluid
660,0.553679,0,,999.994,0.00118798,-12.6497,,0.473361,-3.8945e-13,,-0.000807356,-6.11487e-13,fluid
661,0.531251,0.155989,,1000,0.00147101,0.143839,,0.497328,-0.0189075,,-0.00394975,0.00696013,fluid
662,0.465784,0.299342,,1000.01,0.00164962,13.7528,,0.520263,-0.0125269,,-0.00770851,0.00891663,fluid
663,0.362583,0.418443,,1000.01,0.00258472,10.2868,,0.517385,-0.00856861,,0.0100371,-0.00822507,fluid
664,0.230007,0.503644,,1000.01,0.0019718,12.127,,0.517995,-0.00513044,,0.0135025,-0.0056091,fluid
665,0.0787967,0.548043,,1000.01,0.00184593,13.1828,,0.513822,-0.000404596,,0.0145446,-0.00316281,fluid
666,-0.0787967,0.548043,,1000.01,0.00297777,15.4948,,0.519239,-3.98192e-05,,0.0224852,-0.00179804,fluid
667,-0.230007,0.503644,,1000.01,0.00490242,20.6781,,0.530068,0.00316777,,0.0466071,0.0015682,fluid
668,-0.362583,0.418443,,1000.01,0.0136441,29.3991,,0.561471,0.0109771,,0.107032,0.0124951,fluid
669,-0.465784,0.299342,,1000.02,0.017459,40.0085,,0.592943,0.0471623,,0.176704,0.0834458,fluid
670,-0.531251,0.155989,,999.99,-0.0366889,-18.6599,,0.494015,0.121074,,-0.0117496,0.210837,fluid
671,-0.553679,6.78061e-17,,999.954,-0.0943698,-90.4503,,0.363764,-8.9004e-13,,-0.253188,-1.55085e-12,fluid
672,-0.531251,-0.155989,,999.99,-0.0366889,-18.6599,,0.494015,-0.121074,,-0.0117496,-0.210837,fluid
673,-0.465784,-0.299342,,1000.02,0.017459,40.0085,,0.592943,-0.0471623,,0.176704,-0.0834458,fluid
674,-0.362583,-0.418443,,1000.01,0.0136441,29.3991,,0.561471,-0.0109771,,0.107032,-0.0124951,fluid
675,-0.230007,-0.503644,,1000.01,0.00490242,20.6781,,0.530068,-0.00316777,,0.0466071,-0.0015682,fluid
676,-0.0787967,-0.548043,,1000.01,0.00297777,15.4948,,0.519239,3.98192e-05,,0.0224852,0.00179804,fluid
677,0.0787967,-0.548043,,1000.01,0.00184593,13.1828,,0.513822,0.000404596,,0.0145446,0.00316281,fluid
678,0.230007,-0.503644,,1000.01,0.0019718,12.127,,0.517995,0.00513044,,0.0135025,0.0056091,fluid
679,0.362583,-0.418443,,1000.01,0.00258472,10.2868,,0.517385,0.00856861,,0.0100371,0.00822507,fluid
680,0.465784,-0.299342,,1000.01,0.00164962,13.7528,,0.520263,0.0125269,,-0.00770851,-0.00891663,fluid
681,0.531251,-0.155989,,1000,0.00147101,0.143839,,0.497328,0.0189075,,-0.00394975,-0.00696013,fluid
682,0.573643,0,,999.993,0.00126037,-12.8809,,0.475497,-3.70143e-13,,-0.000762016,-5.73636e-13,fluid
683,0.550407,0.161614,,1000,0.000230608,0.452304,,0.505037,-0.0416574,,-0.00664717,0.0156483,fluid
684,0.482579,0.310135,,1000.01,0.00146484,12.1418,,0.5309,-0.029936,,-0.00215052,0.000726103,fluid
685,0.375656,0.433531,,1000,0.00213688,8.90956,,0.516292,-0.00799646,,0.00976293,-0.00752728,fluid
686,0.2383,0.521804,,1000.01,0.00187451,11.9074,,0.516123,-0.00452816,,0.0114381,-0.00461968,fluid
687,0.0816379,0.567804,,1000.01,0.00165365,12.9003,,0.512255,-0.00019003,,0.0132965,-0.00281688,fluid
688,-0.0816379,0.567804,,1000.01,0.00300574,15.0287,,0.517542,0.000166043,,0.0201781,-0.00127343,fluid
689,-0.2383,0.521804,,1000.01,0.00526734,20.499,,0.528181,0.00352714,,0.0433212,0.00241323,fluid
690,-0.375656,0.433531,,1000.02,0.0158379,31.185,,0.559996,0.0126705,,0.103845,0.0156175,fluid
691,-0.482579,0.310135,,1000.02,0.0238549,45.103,,0.594996,0.0552365,,0.180265,0.0980676,fluid
692,-0.550407,0.161614,,999.989,-0.0379097,-21.8158,,0.502037,0.137048,,0.00336032,0.241499,fluid
693,-0.573643,7.0251e-17,,999.946,-0.10884,-106.242,,0.372737,-9.13973e-13,,-0.237251,-1.61413e-12,fluid
694,-0.550407,-0.161614,,999.989,-0.0379097,-21.8158,,0.502037,-0.137048,,0.00336032,-0.241499,fluid
695,-0.482579,-0.310135,,1000.02,0.0238549,45.103,,0.594996,-0.0552365,,0.180265,-0.0980676,fluid
696,-0.375656,-0.433531,,1000.02,0.0158379,31.185,,0.559996,-0.0126705,,0.103845,-0.0156175,fluid
697,-0.2383,-0.521804,,1000.01,0.00526734,20.499,,0.528181,-0.00352714,,0.0433212,-0.00241323,fluid
698,-0.0816379,-0.567804,,1000.01,0.00300574,15.0287,,0.517542,-0.000166043,,0.0201781,0.00127343,fluid
699,0.0816379,-0.567804,,1000.01,0.00165365,12.9003,,0.512255,0.00019003,,0.0132965,0.00281688,fluid
700,0.2383,-0.521804,,1000.01,0.00187451,11.9074,,0.516123,0.00452816,,0.0114381,0.00461968,fluid
701,0.375656,-0.433531,,1000,0.00213688,8.90956,,0.516292,0.00799646,,0.00976293,0.00752728,fluid
702,0.482579,-0.310135,,1000.01,0.00146484,12.1418,,0.5309,0.029936,,-0.00215052,-0.000726103,fluid
703,0.550407,-0.161614,,1000,0.000230608,0.452304,,0.505037,0.0416574,,-0.00664717,-0.0156483,fluid
704,0.593838,0,,999.993,0.00114854,-13.5618,,0.478169,-3.52103e-13,,-0.000821662,-5.52734e-13,fluid
705,0.569783,0.167303,,1000,0.000386176,2.31359,,0.51306,-0.0647424,,-0.00286135,0.00372273,fluid
706,0.499568,0.321053,,1000.01,0.00154682,11.9387,,0.535533,-0.0384747,,0.00621009,-0.0115148,fluid
707,0.388881,0.448793,,1000,0.00182083,8.73905,,0.5151,-0.00761864,,0.00949391,-0.00698383,fluid
708,0.246689,0.540174,,1000.01,0.00186301,11.9077,,0.514723,-0.00410325,,0.00918907,-0.00358793,fluid
709,0.0845119,0.587794,,1000.01,0.00178884,12.7389,,0.510656,5.77614e-05,,0.0120509,-0.00242854,fluid
710,-0.0845119,0.587794,,1000.01,0.00305344,14.7725,,0.515954,0.000358738,,0.0180306,-0.000844104,fluid
711,-0.246689,0.540174,,1000.01,0.00572699,20.6649,,0.526303,0.00384616,,0.0400738,0.00311729,fluid
712,-0.388881,0.448793,,1000.02,0.0185638,33.8208,,0.558319,0.014313,,0.100248,0.0185099,fluid
713,-0.499568,0.321053,,1000.03,0.0313448,51.6059,,0.596818,0.063551,,0.18328,0.112973,fluid
714,-0.569783,0.167303,,999.988,-0.0383571,-23.8806,,0.510214,0.154072,,0.0188555,0.274386,fluid
715,-0.593838,7.27242e-17,,999.94,-0.119185,-117.432,,0.381566,-9.31419e-13,,-0.221436,-1.65266e-12,fluid
716,-0.569783,-0.167303,,999.988,-0.0383571,-23.8806,,0.510214,-0.154072,,0.0188555,-0.274386,fluid
717,-0.499568,-0.321053,,1000.03,0.0313448,51.6059,,0.596818,-0.063551,,0.18328,-0.112973,fluid
718,-0.388881,-0.448793,,1000.02,0.0185638,33.8208,,0.558319,-0.014313,,0.100248,-0.0185099,fluid
719,-0.246689,-0.540174,,1000.01,0.00572699,20.6649,,0.526303,-0.00384616,,0.0400738,-0.00311729,fluid
720,-0.0845119,-0.587794,,1000.01,0.00305344,14.7725,,0.515954,-0.000358738,,0.0180306,0.000844104,fluid
721,0.0845119,-0.587794,,1000.01,0.00178884,12.7389,,0.510656,-5.77614e-05,,0.0120509,0.00242854,fluid
722,0.246689,-0.540174,,1000.01,0.00186301,11.9077,,0.514723,0.00410325,,0.00918907,0.00358793,fluid
723,0.388881,-0.448793,,1000,0.00182083,8.73905,,0.5151,0.00761864,,0.00949391,0.00698383,fluid
724,0.499568,-0.321053,,1000.01,0.00154682,11.9387,,0.535533,0.0384747,,0.00621009,0.0115148,fluid
725,0.569783,-0.167303,,1000,0.000386176,2.31359,,0.51306,0.0647424,,-0.00286135,-0.00372273,fluid
726,0.614266,0,,999.993,0.000952201,-14.501,,0.481041,-3.35271e-13,,-0.000766843,-5.42064e-13,fluid
727,0.589384,0.173059,,1000,0.000951558,3.02287,,0.515295,-0.0688983,,0.00209734,-0.0119529,fluid
728,0.516754,0.332097,,1000.01,0.00146894,12.727,,0.530496,-0.0323595,,0.0114895,-0.0191637,fluid
729,0.402259,0.464231,,1000,0.00165195,9.35163,,0.513632,-0.00709528,,0.00902487,-0.00648812,fluid
730,0.255175,0.558756,,1000.01,0.00187893,11.8983,,0.513961,-0.00392721,,0.0071248,-0.00266924,fluid
731,0.0874192,0.608014,,1000.01,0.00208271,12.5452,,0.509084,0.000305084,,0.0107853,-0.00202596,fluid
732,-0.0874192,0.608014,,1000.01,0.00309906,14.6301,,0.514457,0.000538825,,0.0160459,-0.000496196,fluid
733,-0.255175,0.558756,,1000.01,0.00610707,20.8276,,0.524439,0.00411395,,0.0368634,0.00367447,fluid
734,-0.402259,0.464231,,1000.02,0.0204035,35.5172,,0.556498,0.0158788,,0.0963433,0.0211307,fluid
735,-0.516754,0.332097,,1000.03,0.035577,55.2157,,0.598616,0.0722029,,0.186114,0.128319,fluid
736,-0.589384,0.173059,,999.988,-0.0362877,-22.843,,0.51857,0.172387,,0.0347474,0.309882,fluid
737,-0.614266,7.52259e-17,,999.942,-0.11545,-114.255,,0.390028,-9.43449e-13,,-0.206203,-1.67176e-12,fluid
738,-0.589384,-0.173059,,999.988,-0.0362877,-22.843,,0.51857,-0.172387,,0.0347474,-0.309882,fluid
739,-0.516754,-0.332097,,1000.03,0.035577,55.2157,,0.598616,-0.0722029,,0.186114,-0.128319,fluid
740,-0.402259,-0.464231,,1000.02,0.0204035,35.5172,,0.556498,-0.0158788,,0.0963433,-0.0211307,fluid
741,-0.255175,-0.558756,,1000.01,0.00610707,20.8276,,0.524439,-0.00411395,,0.0368634,-0.00367447,fluid
742,-0.0874192,-0.608014,,1000.01,0.00309906,14.6301,,0.514457,-0.000538825,,0.0160459,0.000496196,fluid
743,0.0874192,-0.608014,,1000.01,0.00208271,12.5452,,0.509084,-0.000305084,,0.0107853,0.00202596,fluid
744,0.255175,-0.558756,,1000.01,0.00187893,11.8983,,0.513961,0.00392721,,0.0071248,0.00266924,fluid
745,0.402259,-0.464231,,1000,0.00165195,9.35163,,0.513632,0.00709528,,0.00902487,0.00648812,fluid
746,0.516754,-0.332097,,1000.01,0.00146894,12.727,,0.530496,0.0323595,,0.0114895,0.0191637,fluid
747,0.589384,-0.173059,,1000,0.000951558,3.02287,,0.515295,0.0688983,,0.00209734,0.0119529,fluid
748,0.634931,0,,999.992,0.000779925,-15.1069,,0.483606,-3.1878e-13,,-0.000657356,-5.3606e-13,fluid
749,0.609211,0.178881,,1000,0.0011416,2.07318,,0.511376,-0.0531673,,0.00375382,-0.0168264,fluid
750,0.534138,0.343269,,1000.01,0.00128065,13.6147,,0.519833,-0.0174911,,0.0099842,-0.016434,fluid
751,0.415791,0.479848,,1000.01,0.00152609,9.93798,,0.512047,-0.00638787,,0.008257,-0.00590588,fluid
752,0.26376,0.577553,,1000.01,0.0018855,11.6256,,0.513814,-0.00400146,,0.00559813,-0.00200289,fluid
753,0.09036,0.628468,,1000.01,0.00211558,12.1201,,0.507607,0.000512767,,0.00950933,-0.00168114,fluid
754,-0.09036,0.628468,,1000.01,0.00312018,14.4468,,0.513052,0.000693626,,0.014226,-0.000221589,fluid
755,-0.26376,0.577553,,1000.01,0.00632116,20.7255,,0.522631,0.0043218,,0.0337508,0.00408867,fluid
756,-0.415791,0.479848,,1000.02,0.0208515,35.5126,,0.554636,0.0173868,,0.0923172,0.023536,fluid
757,-0.534138,0.343269,,1000.03,0.0351047,54.2894,,0.600546,0.081311,,0.189021,0.144314,fluid
758,-0.609211,0.178881,,999.99,-0.031787,-18.9181,,0.527205,0.192272,,0.0511888,0.348465,fluid
759,-0.634931,7.77566e-17,,999.951,-0.0975925,-97.0149,,0.398208,-9.52898e-13,,-0.191421,-1.68249e-12,fluid
760,-0.609211,-0.178881,,999.99,-0.031787,-18.9181,,0.527205,-0.192272,,0.0511888,-0.348465,fluid
761,-0.534138,-0.343269,,1000.03,0.0351047,54.2894,,0.600546,-0.081311,,0.189021,-0.144314,fluid
762,-0.415791,-0.479848,,1000.02,0.0208515,35.5126,,0.554636,-0.0173868,,0.0923172,-0.023536,fluid
763,-0.26376,-0.577553,,1000.01,0.00632116,20.7255,,0.522631,-0.0043218,,0.0337508,-0.00408867,fluid
764,-0.09036,-0.628468,,1000.01,0.00312018,14.4468,,0.513052,-0.000693626,,0.014226,0.000221589,fluid
765,0.09036,-0.628468,,1000.01,0.00211558,12.1201,,0.507607,-0.000512767,,0.00950933,0.00168114,fluid
766,0.26376,-0.577553,,1000.01,0.0018855,11.6256,,0.513814,0.00400146,,0.00559813,0.00200289,fluid
767,0.415791,-0.479848,,1000.01,0.00152609,9.93798,,0.512047,0.00638787,,0.008257,0.00590588,fluid
768,0.534138,-0.343269,,1000.01,0.00128065,13.6147,,0.519833,0.0174911,,0.0099842,0.016434,fluid
769,0.609211,-0.178881,,1000,0.0011416,2.07318,,0.511376,0.0531673,,0.00375382,0.0168264,fluid
770,0.655834,0,,999.992,0.000671209,-15.01,,0.4856,-3.01374e-13,,-0.000600549,-5.29625e-13,fluid
771,0.629268,0.18477,,1000,0.000927229,1.19347,,0.505668,-0.0317467,,0.00174058,-0.00946846,fluid
772,0.551722,0.35457,,1000.01,0.00116273,13.753,,0.511934,-0.00667419,,0.00456157,-0.00764216,fluid
773,0.42948,0.495646,,1000.01,0.00138489,9.98434,,0.510756,-0.00577829,,0.0073198,-0.00527951,fluid
774,0.272443,0.596567,,1000.01,0.00180731,10.9676,,0.514044,-0.0042396,,0.00471694,-0.00163472,fluid
775,0.0933349,0.649158,,1000.01,0.00190639,11.4198,,0.506291,0.000656979,,0.00827585,-0.00138228,fluid
776,-0.0933349,0.649158,,1000.01,0.00306011,13.9392,,0.511757,0.000789928,,0.0125869,-2.32469e-05,fluid
777,-0.272443,0.596567,,1000.01,0.00628923,20.048,,0.520973,0.00442876,,0.0308625,0.00433776,fluid
778,-0.42948,0.495646,,1000.02,0.020218,33.9908,,0.552997,0.0187417,,0.0886063,0.025622,fluid
779,-0.551722,0.35457,,1000.03,0.0320731,50.4699,,0.603072,0.0908166,,0.192898,0.160935,fluid
780,-0.629268,0.18477,,999.992,-0.0271197,-15.0018,,0.536212,0.214034,,0.0683223,0.390661,fluid
781,-0.655834,8.03165e-17,,999.959,-0.0791701,-79.4915,,0.406101,-9.62583e-13,,-0.177133,-1.69448e-12,fluid
782,-0.629268,-0.18477,,999.992,-0.0271197,-15.0018,,0.536212,-0.214034,,0.0683223,-0.390661,fluid
783,-0.551722,-0.35457,,1000.03,0.0320731,50.4699,,0.603072,-0.0908166,,0.192898,-0.160935,fluid
784,-0.42948,-0.495646,,1000.02,0.020218,33.9908,,0.552997,-0.0187417,,0.0886063,-0.025622,fluid
785,-0.272443,-0.596567,,1000.01,0.00628923,20.048,,0.520973,-0.00442876,,0.0308625,-0.00433776,fluid
786,-0.0933349,-0.649158,,1000.01,0.00306011,13.9392,,0.511757,-0.000789928,,0.0125869,2.32469e-05,fluid
787,0.0933349,-0.649158,,1000.01,0.00190639,11.4198,,0.506291,-0.000656979,,0.00827585,0.00138228,fluid
788,0.272443,-0.596567,,1000.01,0.00180731,10.9676,,0.514044,0.0042396,,0.00471694,0.00163472,fluid
789,0.42948,-0.495646,,1000.01,0.00138489,9.98434,,0.510756,0.00577829,,0.0073198,0.00527951,fluid
790,0.551722,-0.35457,,1000.01,0.00116273,13.753,,0.511934,0.00667419,,0.00456157,0.00764216,fluid
791,0.629268,-0.18477,,1000,0.000927229,1.19347,,0.505668,0.0317467,,0.00174058,0.00946846,fluid
792,0.676979,0,,999.993,0.000628506,-13.9905,,0.487192,-2.82352e-13,,-0.000586964,-5.19931e-13,fluid
793,0.649556,0.190727,,1000,0.000858356,0.462417,,0.503267,-0.0219419,,-0.00174004,0.00314058,fluid
794,0.569511,0.366002,,1000.01,0.000990751,12.5811,,0.511614,-0.00746929,,0.000745064,-0.00143656,fluid
795,0.443327,0.511626,,1000,0.00126022,9.4408,,0.510183,-0.00565205,,0.00637334,-0.00469062,fluid
796,0.281227,0.615801,,1000.01,0.0016586,9.99853,,0.514273,-0.00448962,,0.00444008,-0.00153851,fluid
797,0.0963441,0.670088,,1000.01,0.0017648,10.4991,,0.505167,0.000729314,,0.00715332,-0.00108031,fluid
798,-0.0963441,0.670088,,1000.01,0.00286518,12.8748,,0.51059,0.000821452,,0.0111443,0.00011128,fluid
799,-0.281227,0.615801,,1000.01,0.00590923,18.5087,,0.519535,0.00444131,,0.0283055,0.00446372,fluid
800,-0.443327,0.511626,,1000.02,0.0186643,31.027,,0.55175,0.0199251,,0.0855156,0.0274279,fluid
801,-0.569511,0.366002,,1000.02,0.0283828,45.2014,,0.606474,0.100612,,0.198347,0.178108,fluid
802,-0.649556,0.190727,,999.993,-0.0245494,-13.892,,0.545652,0.237823,,0.0862918,0.436842,fluid
803,-0.676979,8.2906e-17,,999.961,-0.0739922,-75.5287,,0.413723,-9.73919e-13,,-0.163321,-1.71377e-12,fluid
804,-0.649556,-0.190727,,999.993,-0.0245494,-13.892,,0.545652,-0.237823,,0.0862918,-0.436842,fluid
805,-0.569511,-0.366002,,1000.02,0.0283828,45.2014,,0.606474,-0.100612,,0.198347,-0.178108,fluid
806,-0.443327,-0.511626,,1000.02,0.0186643,31.027,,0.55175,-0.0199251,,0.0855156,-0.0274279,fluid
807,-0.281227,-0.615801,,1000.01,0.00590923,18.5087,,0.519535,-0.00444131,,0.0283055,-0.00446372,fluid
808,-0.0963441,-0.670088,,1000.01,0.00286518,12.8748,,0.51059,-0.000821452,,0.0111443,-0.00011128,fluid
809,0.0963441,-0.670088,,1000.01,0.0017648,10.4991,,0.505167,-0.000729314,,0.00715332,0.00108031,fluid
810,0.281227,-0.615801,,1000.01,0.0016586,9.99853,,0.514273,0.00448962,,0.00444008,0.00153851,fluid
811,0.443327,-0.511626,,1000,0.00126022,9.4408,,0.510183,0.00565205,,0.00637334,0.00469062,fluid
812,0.569511,-0.366002,,1000.01,0.000990751,12.5811,,0.511614,0.00746929,,0.000745064,0.00143656,fluid
813,0.649556,-0.190727,,1000,0.000858356,0.462417,,0.503267,0.0219419,,-0.00174004,-0.00314058,fluid
814,0.698368,0,,999.994,0.000631825,-12.2295,,0.488651,-2.62686e-13,,-0.000546173,-5.05652e-13,fluid
815,0.670079,0.196753,,1000,0.000552116,0.262855,,0.50679,-0.032461,,-0.00337302,0.00933712,fluid
816,0.587504,0.377566,,1000.01,0.000768571,10.8273,,0.517632,-0.0179814,,0.00148244,-0.00243773,fluid
817,0.457334,0.527791,,1000,0.001215,8.58421,,0.510271,-0.00599532,,0.00570538,-0.00433495,fluid
818,0.290112,0.635258,,1000,0.00149257,8.98646,,0.514093,-0.00456611,,0.00456209,-0.00161798,fluid
819,0.0993881,0.691259,,1000,0.00160182,9.56784,,0.504221,0.000750001,,0.00617234,-0.0008276,fluid
820,-0.0993881,0.691259,,1000.01,0.00257817,11.4686,,0.509552,0.000829941,,0.00989016,0.000213958,fluid
821,-0.290112,0.635258,,1000.01,0.00534942,16.5137,,0.518297,0.00444808,,0.0260801,0.00458189,fluid
822,-0.457334,0.527791,,1000.01,0.0171144,27.9175,,0.550666,0.0210821,,0.0827625,0.0292486,fluid
823,-0.587504,0.377566,,1000.02,0.0266239,41.2383,,0.609873,0.110162,,0.203825,0.19497,fluid
824,-0.670079,0.196753,,999.991,-0.025249,-16.7329,,0.555145,0.261856,,0.104587,0.484307,fluid
825,-0.698368,8.55254e-17,,999.954,-0.0873629,-90.2326,,0.421568,-9.85941e-13,,-0.149001,-1.74251e-12,fluid
826,-0.670079,-0.196753,,999.991,-0.025249,-16.7329,,0.555145,-0.261856,,0.104587,-0.484307,fluid
827,-0.587504,-0.377566,,1000.02,0.0266239,41.2383,,0.609873,-0.110162,,0.203825,-0.19497,fluid
828,-0.457334,-0.527791,,1000.01,0.0171144,27.9175,,0.550666,-0.0210821,,0.0827625,-0.0292486,fluid
829,-0.290112,-0.635258,,1000.01,0.00534942,16.5137,,0.518297,-0.00444808,,0.0260801,-0.00458189,fluid
830,-0.0993881,-0.691259,,1000.01,0.00257817,11.4686,,0.509552,-0.000829941,,0.00989016,-0.000213958,fluid
831,0.0993881,-0.691259,,1000,0.00160182,9.56784,,0.504221,-0.000750001,,0.00617234,0.0008276,fluid
832,0.290112,-0.635258,,1000,0.00149257,8.98646,,0.514093,0.00456611,,0.00456209,0.00161798,fluid
833,0.457334,-0.527791,,1000,0.001215,8.58421,,0.510271,0.00599532,,0.00570538,0.00433495,fluid
834,0.587504,-0.377566,,1000.01,0.000768571,10.8273,,0.517632,0.0179814,,0.00148244,0.00243773,fluid
835,0.670079,-0.196753,,1000,0.000552116,0.262855,,0.50679,0.032461,,-0.00337302,-0.00933712,fluid
836,0.720004,0,,999.995,0.00066176,-10.7477,,0.49007,-2.44821e-13,,-0.000445887,-4.88857e-13,fluid
837,0.690839,0.202849,,1000,0.000534871,0.861394,,0.513224,-0.0528786,,-0.0012953,0.00300569,fluid
838,0.605706,0.389264,,1000,0.00078669,9.61976,,0.523044,-0.0274027,,0.0044972,-0.00700498,fluid
839,0.471502,0.544143,,1000,0.00128304,7.9144,,0.510343,-0.00623766,,0.00530955,-0.00415396,fluid
840,0.299101,0.654939,,1000,0.0013881,8.36951,,0.513271,-0.00433482,,0.00479216,-0.00173792,fluid
841,0.102467,0.712676,,1000,0.00149992,9.01843,,0.503392,0.000767999,,0.00533393,-0.000620051,fluid
842,-0.102467,0.712676,,1000.01,0.00241171,10.563,,0.508611,0.00089529,,0.00878222,0.00033217,fluid
843,-0.299101,0.654939,,1000.01,0.00518795,15.485,,0.517133,0.00458187,,0.0240388,0.00481217,fluid
844,-0.471502,0.544143,,1000.01,0.0177571,27.8823,,0.549153,0.0223774,,0.0794452,0.031313,fluid
845,-0.605706,0.389264,,1000.02,0.030708,43.6289,,0.610821,0.117429,,0.204599,0.207339,fluid
846,-0.690839,0.202849,,999.988,-0.0295139,-22.9906,,0.562604,0.278221,,0.119263,0.517841,fluid
847,-0.720004,8.81751e-17,,999.939,-0.115078,-119.018,,0.430478,-9.94888e-13,,-0.132487,-1.77346e-12,fluid
848,-0.690839,-0.202849,,999.988,-0.0295139,-22.9906,,0.562604,-0.278221,,0.119263,-0.517841,fluid
849,-0.605706,-0.389264,,1000.02,0.030708,43.6289,,0.610821,-0.117429,,0.204599,-0.207339,fluid
850,-0.471502,-0.544143,,1000.01,0.0177571,27.8823,,0.549153,-0.0223774,,0.0794452,-0.031313,fluid
851,-0.299101,-0.654939,,1000.01,0.00518795,15.485,,0.517133,-0.00458187,,0.0240388,-0.00481217,fluid
852,-0.102467,-0.712676,,1000.01,0.00241171,10.563,,0.508611,-0.00089529,,0.00878222,-0.00033217,fluid
853,0.102467,-0.712676,,1000,0.00149992,9.01843,,0.503392,-0.000767999,,0.00533393,0.000620051,fluid
854,0.299101,-0.654939,,1000,0.0013881,8.36951,,0.513271,0.00433482,,0.00479216,0.00173792,fluid
855,0.471502,-0.544143,,1000,0.00128304,7.9144,,0.510343,0.00623766,,0.00530955,0.00415396,fluid
856,0.605706,-0.389264,,1000,0.00078669,9.61976,,0.523044,0.0274027,,0.0044972,0.00700498,fluid
857,0.690839,-0.202849,,1000,0.000534871,0.861394,,0.513224,0.0528786,,-0.0012953,-0.00300569,fluid
858,0.741891,0,,999.994,0.000696625,-11.2162,,0.491371,-2.30727e-13,,-0.000317184,-4.74181e-13,fluid
859,0.711839,0.209015,,1000,0.000648426,1.29973,,0.516,-0.0610512,,0.00132165,-0.00531492,fluid
860,0.624118,0.401096,,1000.01,0.000924152,9.9341,,0.522454,-0.0273074,,0.00601279,-0.009274,fluid
861,0.485835,0.560684,,1000,0.00145784,8.0189,,0.509773,-0.00583674,,0.00492683,-0.0038872,fluid
862,0.308193,0.674848,,1000,0.0014265,8.60016,,0.511945,-0.00381812,,0.00486821,-0.00177074,fluid
863,0.105582,0.734339,,1000,0.0015245,9.26397,,0.502627,0.000836299,,0.00461771,-0.00044341,fluid
864,-0.105582,0.734339,,1000.01,0.00260669,11.2485,,0.507735,0.00110211,,0.00778071,0.000504943,fluid
865,-0.308193,0.674848,,1000.01,0.00610491,17.1656,,0.515943,0.00498001,,0.0220222,0.00524779,fluid
866,-0.485835,0.560684,,1000.02,0.0229191,34.4264,,0.54718,0.0244172,,0.0753689,0.0343587,fluid
867,-0.624118,0.401096,,1000.03,0.0450051,57.8386,,0.610242,0.125707,,0.201906,0.22062,fluid
868,-0.711839,0.209015,,999.985,-0.0341486,-28.9824,,0.570273,0.294427,,0.134231,0.550808,fluid
869,-0.741891,9.08554e-17,,999.924,-0.144217,-148.573,,0.441116,-1.00521e-12,,-0.112425,-1.8113e-12,fluid
870,-0.711839,-0.209015,,999.985,-0.0341486,-28.9824,,0.570273,-0.294427,,0.134231,-0.550808,fluid
871,-0.624118,-0.401096,,1000.03,0.0450051,57.8386,,0.610242,-0.125707,,0.201906,-0.22062,fluid
872,-0.485835,-0.560684,,1000.02,0.0229191,34.4264,,0.54718,-0.0244172,,0.0753689,-0.0343587,fluid
873,-0.308193,-0.674848,,1000.01,0.00610491,17.1656,,0.515943,-0.00498001,,0.0220222,-0.00524779,fluid
874,-0.105582,-0.734339,,1000.01,0.00260669,11.2485,,0.507735,-0.00110211,,0.00778071,-0.000504943,fluid
875,0.105582,-0.734339,,1000,0.0015245,9.26397,,0.502627,-0.000836299,,0.00461771,0.00044341,fluid
876,0.308193,-0.674848,,1000,0.0014265,8.60016,,0.511945,0.00381812,,0.00486821,0.00177074,fluid
877,0.485835,-0.560684,,1000,0.00145784,8.0189,,0.509773,0.00583674,,0.00492683,0.0038872,fluid
878,0.624118,-0.401096,,1000.01,0.000924152,9.9341,,0.522454,0.0273074,,0.00601279,0.009274,fluid
879,0.711839,-0.209015,,1000,0.000648426,1.29973,,0.516,0.0610512,,0.00132165,0.00531492,fluid
880,0.76403,0,,999.994,0.000652706,-12.6215,,0.492605,-2.21033e-13,,-0.000232035,-4.63869e-13,fluid
881,0.733082,0.215252,,1000,0.000645713,1.07645,,0.513554,-0.0516912,,0.00177234,-0.00658902,fluid
882,0.642743,0.413066,,1000.01,0.001062,11.412,,0.517518,-0.0203619,,0.00488706,-0.00744008,fluid
883,0.500333,0.577416,,1000,0.00160935,8.58353,,0.508778,-0.00507519,,0.00445658,-0.00347027,fluid
884,0.31739,0.694986,,1000,0.00151031,9.24695,,0.510619,-0.00328596,,0.00466536,-0.00168279,fluid
885,0.108733,0.756254,,1000.01,0.00159148,9.8216,,0.501898,0.000914932,,0.00398948,-0.000305255,fluid
886,-0.108733,0.756254,,1000.01,0.00295567,12.3543,,0.50694,0.00130326,,0.0068679,0.000671607,fluid
887,-0.31739,0.694986,,1000.01,0.00749913,19.6704,,0.514833,0.00541336,,0.0200775,0.00570503,fluid
888,-0.500333,0.577416,,1000.02,0.0295394,42.7588,,0.545601,0.0270408,,0.0716823,0.0381168,fluid
889,-0.642743,0.413066,,1000.04,0.0613397,74.5326,,0.612143,0.138952,,0.203117,0.242394,fluid
890,-0.733082,0.215252,,999.985,-0.0346051,-30.2424,,0.581851,0.324418,,0.156528,0.610059,fluid
891,-0.76403,9.35667e-17,,999.918,-0.156044,-160.154,,0.451907,-1.02076e-12,,-0.0918666,-1.8601e-12,fluid
892,-0.733082,-0.215252,,999.985,-0.0346051,-30.2424,,0.581851,-0.324418,,0.156528,-0.610059,fluid
893,-0.642743,-0.413066,,1000.04,0.0613397,74.5326,,0.612143,-0.138952,,0.203117,-0.242394,fluid
894,-0.500333,-0.577416,,1000.02,0.0295394,42.7588,,0.545601,-0.0270408,,0.0716823,-0.0381168,fluid
895,-0.31739,-0.694986,,1000.01,0.00749913,19.6704,,0.514833,-0.00541336,,0.0200775,-0.00570503,fluid
896,-0.108733,-0.756254,,1000.01,0.00295567,12.3543,,0.50694,-0.00130326,,0.0068679,-0.000671607,fluid
897,0.108733,-0.756254,,1000.01,0.00159148,9.8216,,0.501898,-0.000914932,,0.00398948,0.000305255,fluid
898,0.31739,-0.694986,,1000,0.00151031,9.24695,,0.510619,0.00328596,,0.00466536,0.00168279,fluid
899,0.500333,-0.577416,,1000,0.00160935,8.58353,,0.508778,0.00507519,,0.00445658,0.00347027,fluid
900,0.642743,-0.413066,,1000.01,0.001062,11.412,,0.517518,0.0203619,,0.00488706,0.00744008,fluid
901,0.733082,-0.215252,,1000,0.000645713,1.07645,,0.513554,0.0516912,,0.00177234,0.00658902,fluid
902,0.786426,0,,999.993,0.000455679,-13.496,,0.493754,-2.13264e-13,,-0.000237486,-4.53736e-13,fluid
903,0.75457,0.221562,,1000,0.000499681,0.729978,,0.510687,-0.0409481,,0.00105858,-0.00415758,fluid
904,0.661583,0.425174,,1000.01,0.00112597,13.019,,0.514457,-0.0162772,,0.00362484,-0.00537505,fluid
905,0.514999,0.594341,,1000,0.0016077,8.92377,,0.507986,-0.00456022,,0.00403866,-0.00307096,fluid
906,0.326693,0.715358,,1000,0.00153628,9.54037,,0.509804,-0.00301254,,0.00437881,-0.00157136,fluid
907,0.11192,0.778421,,1000.01,0.00157338,9.95102,,0.501195,0.000961991,,0.00341235,-0.000209151,fluid
908,-0.11192,0.778421,,1000.01,0.00298322,12.3157,,0.506249,0.00136954,,0.00605257,0.000747277,fluid
909,-0.326693,0.715358,,1000.01,0.00781327,20.2042,,0.513914,0.00563851,,0.0183707,0.00589813,fluid
910,-0.514999,0.594341,,1000.02,0.0317133,45.589,,0.544907,0.029485,,0.0693368,0.0413784,fluid
911,-0.661583,0.425174,,1000.04,0.0681367,81.2594,,0.617549,0.155555,,0.210593,0.270187,fluid
912,-0.75457,0.221562,,999.987,-0.0294218,-25.2505,,0.596384,0.36641,,0.184495,0.692496,fluid
913,-0.786426,9.63094e-17,,999.926,-0.143021,-145.988,,0.460762,-1.03818e-12,,-0.0748311,-1.91256e-12,fluid
914,-0.75457,-0.221562,,999.987,-0.0294218,-25.2505,,0.596384,-0.36641,,0.184495,-0.692496,fluid
915,-0.661583,-0.425174,,1000.04,0.0681367,81.2594,,0.617549,-0.155555,,0.210593,-0.270187,fluid
916,-0.514999,-0.594341,,1000.02,0.0317133,45.589,,0.544907,-0.029485,,0.0693368,-0.0413784,fluid
917,-0.326693,-0.715358,,1000.01,0.00781327,20.2042,,0.513914,-0.00563851,,0.0183707,-0.00589813,fluid
918,-0.11192,-0.778421,,1000.01,0.00298322,12.3157,,0.506249,-0.00136954,,0.00605257,-0.000747277,fluid
919,0.11192,-0.778421,,1000.01,0.00157338,9.95102,,0.501195,-0.000961991,,0.00341235,0.000209151,fluid
920,0.326693,-0.715358,,1000,0.00153628,9.54037,,0.509804,0.00301254,,0.00437881,0.00157136,fluid
921,0.514999,-0.594341,,1000,0.0016077,8.92377,,0.507986,0.00456022,,0.00403866,0.00307096,fluid
922,0.661583,-0.425174,,1000.01,0.00112597,13.019,,0.514457,0.0162772,,0.00362484,0.00537505,fluid
923,0.75457,-0.221562,,1000,0.000499681,0.729978,,0.510687,0.0409481,,0.00105858,0.00415758,fluid
924,0.80908,0,,999.992,0.000169364,-15.216,,0.49458,-2.03523e-13,,-0.000333115,-4.36876e-13,fluid
925,0.776307,0.227944,,1000,0.000463396,0.281437,,0.510354,-0.0389128,,0.000804396,-0.00328651,fluid
926,0.680641,0.437422,,1000.01,0.00100463,14.1304,,0.514398,-0.0167099,,0.003247,-0.00468834,fluid
927,0.529835,0.611462,,1000,0.00140886,8.77536,,0.507587,-0.0044281,,0.00373698,-0.0027802,fluid
928,0.336104,0.735965,,1000,0.0014523,9.17302,,0.509374,-0.00292036,,0.0040326,-0.00144183,fluid
929,0.115144,0.800845,,1000,0.00142713,9.41417,,0.500529,0.000988304,,0.00286456,-0.000142766,fluid
930,-0.115144,0.800845,,1000.01,0.00257387,10.9237,,0.505651,0.00132628,,0.0053315,0.00073437,fluid
931,-0.336104,0.735965,,1000.01,0.00644579,17.4752,,0.513166,0.00562179,,0.0169176,0.00580659,fluid
932,-0.529835,0.611462,,1000.02,0.0265782,38.5371,,0.544894,0.0313731,,0.0681071,0.0436902,fluid
933,-0.680641,0.437422,,1000.04,0.0563745,68.6921,,0.625379,0.172841,,0.22282,0.299342,fluid
934,-0.776307,0.227944,,999.993,-0.0185638,-13.2707,,0.611766,0.413903,,0.214234,0.785643,fluid
935,-0.80908,9.90837e-17,,999.951,-0.0958442,-96.9309,,0.466268,-1.05596e-12,,-0.0643343,-1.9639e-12,fluid
936,-0.776307,-0.227944,,999.993,-0.0185638,-13.2707,,0.611766,-0.413903,,0.214234,-0.785643,fluid
937,-0.680641,-0.437422,,1000.04,0.0563745,68.6921,,0.625379,-0.172841,,0.22282,-0.299342,fluid
938,-0.529835,-0.611462,,1000.02,0.0265782,38.5371,,0.544894,-0.0313731,,0.0681071,-0.0436902,fluid
939,-0.336104,-0.735965,,1000.01,0.00644579,17.4752,,0.513166,-0.00562179,,0.0169176,-0.00580659,fluid
940,-0.115144,-0.800845,,1000.01,0.00257387,10.9237,,0.505651,-0.00132628,,0.0053315,-0.00073437,fluid
941,0.115144,-0.800845,,1000,0.00142713,9.41417,,0.500529,-0.000988304,,0.00286456,0.000142766,fluid
942,0.336104,-0.735965,,1000,0.0014523,9.17302,,0.509374,0.00292036,,0.0040326,0.00144183,fluid
943,0.529835,-0.611462,,1000,0.00140886,8.77536,,0.507587,0.0044281,,0.00373698,0.0027802,fluid
944,0.680641,-0.437422,,1000.01,0.00100463,14.1304,,0.514398,0.0167099,,0.003247,0.00468834,fluid
945,0.776307,-0.227944,,1000,0.000463396,0.281437,,0.510354,0.0389128,,0.000804396,0.00328651,fluid
946,0.831996,0,,999.99,0.000221205,-18.7131,,0.494303,-1.89416e-13,,-0.000512085,-4.10124e-13,fluid
947,0.798295,0.2344,,999.999,0.000523053,-1.08071,,0.510877,-0.0407608,,0.000782616,-0.00322529,fluid
948,0.69992,0.449811,,1000.01,0.000626246,13.4758,,0.514812,-0.017632,,0.00292755,-0.00416381,fluid
949,0.544842,0.628781,,1000,0.00101301,7.97142,,0.507344,-0.00444094,,0.00345275,-0.00256046,fluid
950,0.345624,0.75681,,1000,0.00125435,7.98369,,0.508995,-0.00286108,,0.00360732,-0.00128464,fluid
951,0.118405,0.823528,,1000,0.00118166,8.23514,,0.499931,0.000987571,,0.00234284,-0.000112536,fluid
952,-0.118405,0.823528,,1000,0.00183625,8.46798,,0.505132,0.00107692,,0.00469868,0.000565049,fluid
953,-0.345624,0.75681,,1000.01,0.00300709,11.0004,,0.51263,0.00508095,,0.0157861,0.00506105,fluid
954,-0.544842,0.628781,,1000.01,0.00702555,13.2888,,0.545811,0.0315219,,0.0683803,0.0432531,fluid
955,-0.69992,0.449811,,1000.01,0.00452124,15.6569,,0.635693,0.187645,,0.240385,0.324407,fluid
956,-0.798295,0.2344,,1000,-5.47848e-05,8.33368,,0.625688,0.46113,,0.241419,0.877689,fluid
957,-0.831996,1.0189e-16,,1000.01,0.0105935,10.4843,,0.465766,-1.08645e-12,,-0.0655782,-2.03335e-12,fluid
958,-0.798295,-0.2344,,1000,-5.4785e-05,8.33368,,0.625688,-0.46113,,0.241419,-0.877689,fluid
959,-0.69992,-0.449811,,1000.01,0.00452124,15.6569,,0.635693,-0.187645,,0.240385,-0.324407,fluid
960,-0.544842,-0.628781,,1000.01,0.00702555,13.2888,,0.545811,-0.0315219,,0.0683803,-0.0432531,fluid
961,-0.345624,-0.75681,,1000.01,0.00300709,11.0004,,0.51263,-0.00508095,,0.0157861,-0.00506105,fluid
962,-0.118405,-0.823528,,1000,0.00183625,8.46798,,0.505132,-0.00107692,,0.00469868,-0.000565049,fluid
963,0.118405,-0.823528,,1000,0.00118166,8.23514,,0.499931,-0.000987571,,0.00234284,0.000112536,fluid
964,0.345624,-0.75681,,1000,0.00125435,7.98369,,0.508995,0.00286108,,0.00360732,0.00128464,fluid
965,0.544842,-0.628781,,1000,0.00101301,7.97142,,0.507344,0.00444094,,0.00345275,0.00256046,fluid
966,0.69992,-0.449811,,1000.01,0.000626246,13.4758,,0.514812,0.017632,,0.00292755,0.00416381,fluid
967,0.798295,-0.2344,,999.999,0.000523053,-1.08071,,0.510877,0.0407608,,0.000782616,0.00322529,fluid
968,0.855177,0,,999.997,0.000970456,-6.78924,,0.494374,-1.72205e-13,,-0.00013693,-3.7693e-13,fluid
969,0.820537,0.240931,,1000,0.000703983,1.22391,,0.511565,-0.0432879,,0.000919285,-0.00325619,fluid
970,0.719421,0.462344,,1000,0.000353875,8.54182,,0.514934,-0.0184813,,0.00258477,-0.00377548,fluid
971,0.560022,0.6463,,1000,0.000790968,6.46101,,0.507069,-0.00449154,,0.00310944,-0.00238178,fluid
972,0.355253,0.777897,,1000,0.00105972,6.49206,,0.508541,-0.0028453,,0.00313554,-0.00112421,fluid
973,0.121704,0.846473,,1000,0.00120654,7.21583,,0.499432,0.000911102,,0.00185862,-0.000123389,fluid
974,-0.121704,0.846473,,1000,0.00235107,9.40111,,0.504646,0.000749975,,0.0041278,0.000361483,fluid
975,-0.355253,0.777897,,1000.01,0.00520968,13.2822,,0.512281,0.00396758,,0.0149217,0.0037098,fluid
976,-0.560022,0.6463,,1000.01,0.010436,16.6067,,0.548826,0.028498,,0.0721178,0.0379184,fluid
977,-0.719421,0.462344,,1000.01,-0.00108757,10.1278,,0.65339,0.197332,,0.274638,0.342905,fluid
978,-0.820537,0.240931,,1000,-0.0026782,4.24217,,0.636199,0.503545,,0.262204,0.958237,fluid
979,-0.855177,1.04729e-16,,1000.01,0.0180106,14.8584,,0.453596,-1.11409e-12,,-0.0906459,-2.0765e-12,fluid
980,-0.820537,-0.240931,,1000,-0.0026782,4.24217,,0.636199,-0.503545,,0.262204,-0.958237,fluid
981,-0.719421,-0.462344,,1000.01,-0.00108757,10.1278,,0.65339,-0.197332,,0.274638,-0.342905,fluid
982,-0.560022,-0.6463,,1000.01,0.010436,16.6067,,0.548826,-0.028498,,0.0721178,-0.0379184,fluid
983,-0.355253,-0.777897,,1000.01,0.00520968,13.2822,,0.512281,-0.00396758,,0.0149217,-0.0037098,fluid
984,-0.121704,-0.846473,,1000,0.00235107,9.40111,,0.504646,-0.000749975,,0.0041278,-0.000361483,fluid
985,0.121704,-0.846473,,1000,0.00120654,7.21583,,0.499432,-0.000911102,,0.00185862,0.000123389,fluid
986,0.355253,-0.777897,,1000,0.00105972,6.49206,,0.508541,0.0028453,,0.00313554,0.00112421,fluid
987,0.560022,-0.6463,,1000,0.000790968,6.46101,,0.507069,0.00449154,,0.00310944,0.00238178,fluid
988,0.719421,-0.462344,,1000,0.000353875,8.54182,,0.514934,0.0184813,,0.00258477,0.00377548,fluid
989,0.820537,-0.240931,,1000,0.000703983,1.22391,,0.511565,0.0432879,,0.000919285,0.00325619,fluid
990,0.878626,0,,999.995,0.000365094,-8.90457,,0.497501,-1.54827e-13,,0.000102426,-3.42979e-13,fluid
991,0.843036,0.247538,,1000,0.000373917,0.51368,,0.51303,-0.0454675,,0.00100092,-0.00310132,fluid
992,0.739147,0.475021,,1000,0.000542739,5.74432,,0.514677,-0.0195592,,0.0022998,-0.00337913,fluid
993,0.575378,0.664021,,1000,0.000925041,5.52692,,0.506682,-0.00447422,,0.00278831,-0.00213648,fluid
994,0.364995,0.799227,,1000,0.00101328,5.99774,,0.508125,-0.00280022,,0.00268199,-0.000948803,fluid
995,0.125042,0.869683,,1000,0.00124865,6.83313,,0.499105,0.000933591,,0.00146139,-3.49749e-06,fluid
996,-0.125042,0.869683,,1000,0.00224892,9.07689,,0.504094,0.00124278,,0.00357526,0.000738066,fluid
997,-0.364995,0.799227,,1000.01,0.0065987,15.8532,,0.510907,0.00509122,,0.0130188,0.00527871,fluid
998,-0.575378,0.664021,,1000.02,0.0302455,41.0368,,0.544977,0.0327825,,0.0651693,0.0449427,fluid
999,-0.739147,0.475021,,1000.04,0.0683866,76.557,,0.650676,0.211299,,0.266865,0.365778,fluid
1000,-0.843036,0.247538,,999.984,-0.0310408,-30.7778,,0.650654,0.53764,,0.290902,1.03006,fluid
1001,-0.878626,1.07601e-16,,999.923,-0.144102,-150.301,,0.471465,-1.13661e-12,,-0.0560183,-2.17953e-12,fluid
1002,-0.843036,-0.247538,,999.984,-0.0310408,-30.7778,,0.650654,-0.53764,,0.290902,-1.03006,fluid
1003,-0.739147,-0.475021,,1000.04,0.0683866,76.557,,0.650676,-0.211299,,0.266865,-0.365778,fluid
1004,-0.575378,-0.664021,,1000.02,0.0302455,41.0368,,0.544977,-0.0327825,,0.0651693,-0.0449427,fluid
1005,-0.364995,-0.799227,,1000.01,0.0065987,15.8532,,0.510907,-0.00509122,,0.0130188,-0.00527871,fluid
1006,-0.125042,-0.869683,,1000,0.00224892,9.07689,,0.504094,-0.00124278,,0.00357526,-0.000738066,fluid
1007,0.125042,-0.869683,,1000,0.00124865,6.83313,,0.499105,-0.000933591,,0.00146139,3.49749e-06,fluid
1008,0.364995,-0.799227,,1000,0.00101328,5.99774,,0.508125,0.00280022,,0.00268199,0.000948803,fluid
1009,0.575378,-0.664021,,1000,0.000925041,5.52692,,0.506682,0.00447422,,0.00278831,0.00213648,fluid
1010,0.739147,-0.475021,,1000,0.000542739,5.74432,,0.514677,0.0195592,,0.0022998,0.00337913,fluid
1011,0.843036,-0.247538,,1000,0.000373917,0.51368,,0.51303,0.0454675,,0.00100092,0.00310132,fluid
1012,0.902346,0,,999.996,0.000256516,-7.73872,,0.498618,-1.38656e-13,,0.000119835,-3.10259e-13,fluid
1013,0.865795,0.25422,,1000,0.00029571,0.23876,,0.513864,-0.0471377,,0.000948735,-0.0028429,fluid
1014,0.759102,0.487845,,1000,0.000559594,5.37115,,0.514534,-0.0202749,,0.00206813,-0.00295388,fluid
1015,0.590911,0.681948,,1000,0.000850909,4.73111,,0.506261,-0.00428045,,0.00252547,-0.00187102,fluid
1016,0.374848,0.820803,,1000,0.000862851,5.17008,,0.507809,-0.00266182,,0.00228897,-0.000758824,fluid
1017,0.128417,0.893162,,1000,0.000956833,5.59557,,0.498993,0.00102081,,0.00115796,0.000113326,fluid
1018,-0.128417,0.893162,,1000,0.0016854,6.82353,,0.503742,0.00159126,,0.00320675,0.000960923,fluid
1019,-0.374848,0.820803,,1000.01,0.00483891,11.7531,,0.509666,0.00604116,,0.0116665,0.00649832,fluid
1020,-0.590911,0.681948,,1000.02,0.0219169,29.8049,,0.538549,0.0361048,,0.0562171,0.0518668,fluid
1021,-0.759102,0.487845,,1000.03,0.0511646,57.0296,,0.633157,0.211411,,0.233736,0.368314,fluid
1022,-0.865795,0.25422,,999.983,-0.0322558,-33.834,,0.6562,0.534571,,0.305833,1.04367,fluid
1023,-0.902346,1.10506e-16,,999.91,-0.170596,-176.152,,0.500175,-1.13238e-12,,-0.000213025,-2.26763e-12,fluid
1024,-0.865795,-0.25422,,999.983,-0.0322558,-33.834,,0.6562,-0.534571,,0.305833,-1.04367,fluid
1025,-0.759102,-0.487845,,1000.03,0.0511646,57.0296,,0.633157,-0.211411,,0.233736,-0.368314,fluid
1026,-0.590911,-0.681948,,1000.02,0.0219169,29.8049,,0.538549,-0.0361048,,0.0562171,-0.0518668,fluid
1027,-0.374848,-0.820803,,1000.01,0.00483891,11.7531,,0.509666,-0.00604116,,0.0116665,-0.00649832,fluid
1028,-0.128417,-0.893162,,1000,0.0016854,6.82353,,0.503742,-0.00159126,,0.00320675,-0.000960923,fluid
1029,0.128417,-0.893162,,1000,0.000956833,5.59557,,0.498993,-0.00102081,,0.00115796,-0.000113326,fluid
1030,0.374848,-0.820803,,1000,0.000862852,5.17008,,0.507809,0.00266182,,0.00228897,0.000758824,fluid
1031,0.590911,-0.681948,,1000,0.000850909,4.73111,,0.506261,0.00428045,,0.00252547,0.00187102,fluid
1032,0.759102,-0.487845,,1000,0.000559594,5.37115,,0.514534,0.0202749,,0.00206813,0.00295388,fluid
1033,0.865795,-0.25422,,1000,0.00029571,0.23876,,0.513864,0.0471377,,0.000948735,0.0028429,fluid
1034,0.92634,0,,999.997,0.000169958,-5.55354,,0.499209,-1.2461e-13,,0.000133342,-2.80067e-13,fluid
1035,0.888817,0.26098,,1000,0.000207043,0.147622,,0.51431,-0.0479971,,0.000891741,-0.00257949,fluid
1036,0.779287,0.500817,,1000,0.000425733,4.33558,,0.514427,-0.0205399,,0.00186326,-0.00257968,fluid
1037,0.606624,0.700081,,1000,0.0006264,3.49447,,0.505872,-0.00401034,,0.00230241,-0.00164374,fluid
1038,0.384816,0.842629,,1000,0.000615342,3.73695,,0.50754,-0.00250129,,0.00195448,-0.000588307,fluid
1039,0.131832,0.916912,,1000,0.000648477,3.91911,,0.499036,0.00108366,,0.000929335,0.000189924,fluid
1040,-0.131832,0.916912,,1000,0.00114405,4.64536,,0.503638,0.00181129,,0.00299693,0.00109338,fluid
1041,-0.384816,0.842629,,1000,0.00319794,7.8653,,0.50891,0.00664093,,0.0106625,0.00718753,fluid
1042,-0.606624,0.700081,,1000.01,0.0144309,19.5978,,0.524851,0.0300226,,0.0381655,0.0458453,fluid
1043,-0.779287,0.500817,,1000.02,0.0358076,38.7508,,0.563587,0.121421,,0.117508,0.223592,fluid
1044,-0.888817,0.26098,,999.99,-0.0182705,-20.4472,,0.586226,0.27993,,0.187393,0.6123,fluid
1045,-0.92634,1.13444e-16,,999.936,-0.122223,-126.257,,0.522211,-1.02023e-12,,0.0428167,-2.13622e-12,fluid
1046,-0.888817,-0.26098,,999.99,-0.0182705,-20.4472,,0.586226,-0.27993,,0.187393,-0.6123,fluid
1047,-0.779287,-0.500817,,1000.02,0.0358076,38.7508,,0.563587,-0.121421,,0.117508,-0.223592,fluid
1048,-0.606624,-0.700081,,1000.01,0.0144309,19.5978,,0.524851,-0.0300226,,0.0381655,-0.0458453,fluid
1049,-0.384816,-0.842629,,1000,0.00319794,7.8653,,0.50891,-0.00664093,,0.0106625,-0.00718753,fluid
1050,-0.131832,-0.916912,,1000,0.00114405,4.64536,,0.503638,-0.00181129,,0.00299693,-0.00109338,fluid
1051,0.131832,-0.916912,,1000,0.000648477,3.91911,,0.499036,-0.00108366,,0.000929335,-0.000189924,fluid
1052,0.384816,-0.842629,,1000,0.000615342,3.73695,,0.50754,0.00250129,,0.00195448,0.000588307,fluid
1053,0.606624,-0.700081,,1000,0.0006264,3.49447,,0.505872,0.00401034,,0.00230241,0.00164374,fluid
1054,0.779287,-0.500817,,1000,0.000425733,4.33558,,0.514427,0.0205399,,0.00186326,0.00257968,fluid
1055,0.888817,-0.26098,,1000,0.000207043,0.147622,,0.51431,0.0479971,,0.000891741,0.00257949,fluid
1056,0.950612,0,,999.999,7.51667e-05,-2.58065,,0.499485,-1.12266e-13,,0.000144816,-2.51473e-13,fluid
1057,0.912106,0.267818,,1000,9.88722e-05,0.084627,,0.514431,-0.0480715,,0.000830208,-0.00232318,fluid
1058,0.799706,0.51394,,1000,0.000223637,2.23448,,0.514259,-0.0204404,,0.00167697,-0.00225835,fluid
1059,0.622518,0.718425,,1000,0.000319957,1.7183,,0.505524,-0.00372076,,0.00210912,-0.00145366,fluid
1060,0.394899,0.864707,,1000,0.000299468,1.81118,,0.507283,-0.00234104,,0.00167261,-0.000443921,fluid
1061,0.135286,0.940936,,1000,0.000289093,1.83884,,0.49916,0.00112072,,0.000751046,0.000243135,fluid
1062,-0.135286,0.940936,,1000,0.000525478,2.12673,,0.503719,0.00196553,,0.00286935,0.00117083,fluid
1063,-0.394899,0.864707,,1000,0.00143272,3.56738,,0.510847,0.00810953,,0.0113114,0.00818429,fluid
1064,-0.622518,0.718425,,1000,0.00675772,9.0272,,0.519652,0.0291938,,0.0206872,0.0368307,fluid
1065,-0.799706,0.51394,,1000.01,0.021881,20.4025,,0.431985,-0.071548,,-0.175773,-0.209401,fluid
1066,-0.912106,0.267818,,999.996,-0.00359827,-8.4445,,0.338374,-0.574132,,-0.379188,-1.33454,fluid
1067,-0.950612,1.16416e-16,,999.966,-0.0640832,-66.6579,,0.536337,-9.10225e-13,,0.0705035,-1.78225e-12,fluid
1068,-0.912106,-0.267818,,999.996,-0.00359827,-8.4445,,0.338374,0.574132,,-0.379188,1.33454,fluid
1069,-0.799706,-0.51394,,1000.01,0.021881,20.4025,,0.431985,0.071548,,-0.175773,0.209401,fluid
1070,-0.622518,-0.718425,,1000,0.00675772,9.0272,,0.519652,-0.0291938,,0.0206872,-0.0368307,fluid
1071,-0.394899,-0.864707,,1000,0.00143272,3.56738,,0.510847,-0.00810953,,0.0113114,-0.00818429,fluid
1072,-0.135286,-0.940936,,1000,0.000525478,2.12673,,0.503719,-0.00196553,,0.00286935,-0.00117083,fluid
1073,0.135286,-0.940936,,1000,0.000289093,1.83884,,0.49916,-0.00112072,,0.000751046,-0.000243135,fluid
1074,0.394899,-0.864707,,1000,0.000299468,1.81118,,0.507283,0.00234104,,0.00167261,0.000443921,fluid
1075,0.622518,-0.718425,,1000,0.000319957,1.7183,,0.505524,0.00372076,,0.00210912,0.00145366,fluid
1076,0.799706,-0.51394,,1000,0.000223637,2.23448,,0.514259,0.0204404,,0.00167697,0.00225835,fluid
1077,0.912106,-0.267818,,1000,9.88722e-05,0.084627,,0.514431,0.0480715,,0.000830208,0.00232318,fluid
1078,0.975164,0,,1000,-5.17104e-05,1.60268,,0.499596,-1.00749e-13,,0.000149562,-2.2321e-13,fluid
1079,0.935663,0.274735,,1000,-5.1443e-05,0.0157233,,0.514265,-0.0473854,,0.00075925,-0.00206611,fluid
1080,0.82036,0.527214,,999.999,-4.91572e-05,-1.2329,,0.513951,-0.0200333,,0.00149977,-0.00197463,fluid
1081,0.638597,0.73698,,1000,-9.68191e-05,-0.878274,,0.505186,-0.00343958,,0.00192907,-0.00129175,fluid
1082,0.405098,0.88704,,1000,-0.000132148,-0.849162,,0.506997,-0.00219784,,0.00143077,-0.000329053,fluid
1083,0.13878,0.965238,,1000,-0.000172896,-0.970537,,0.499312,0.00111457,,0.000600372,0.000272978,fluid
1084,-0.13878,0.965238,,999.999,-0.000297022,-1.23911,,0.503781,0.00202311,,0.00270917,0.00118371,fluid
1085,-0.405098,0.88704,,999.999,-0.000840188,-2.03742,,0.517612,0.0114708,,0.0164507,0.0108704,fluid
1086,-0.638597,0.73698,,999.998,-0.00361335,-4.72023,,0.632617,0.129046,,0.173542,0.172622,fluid
1087,-0.82036,0.527214,,999.991,-0.0250646,-18.2752,,1.21957,1.16086,,1.25136,2.02567,fluid
1088,-0.935663,0.274735,,999.99,-0.0262131,-18.8841,,1.52761,3.47161,,2.05118,6.93628,fluid
1089,-0.975164,1.19423e-16,,999.997,-0.00448815,-5.59244,,0.544043,-2.9212e-12,,0.0856753,-6.09677e-12,fluid
1090,-0.935663,-0.274735,,999.99,-0.0262131,-18.8841,,1.52761,-3.47161,,2.05118,-6.93628,fluid
1091,-0.82036,-0.527214,,999.991,-0.0250646,-18.2752,,1.21957,-1.16086,,1.25136,-2.02567,fluid
1092,-0.638597,-0.73698,,999.998,-0.00361335,-4.72023,,0.632617,-0.129046,,0.173542,-0.172622,fluid
1093,-0.405098,-0.88704,,999.999,-0.000840188,-2.03742,,0.517612,-0.0114708,,0.0164507,-0.0108704,fluid
1094,-0.13878,-0.965238,,999.999,-0.000297022,-1.23911,,0.503781,-0.00202311,,0.00270917,-0.00118371,fluid
1095,0.13878,-0.965238,,1000,-0.000172896,-0.970537,,0.499312,-0.00111457,,0.000600372,-0.000272978,fluid
1096,0.405098,-0.88704,,1000,-0.000132148,-0.849162,,0.506997,0.00219784,,0.00143077,0.000329053,fluid
1097,0.638597,-0.73698,,1000,-9.68191e-05,-0.878274,,0.505186,0.00343958,,0.00192907,0.00129175,fluid
1098,0.82036,-0.527214,,999.999,-4.91572e-05,-1.2329,,0.513951,0.0200333,,0.00149977,0.00197463,fluid
1099,0.935663,-0.274735,,1000,-5.1443e-05,0.0157233,,0.514265,0.0473854,,0.00075925,0.00206611,fluid
1100,1,0,,999.911,0.00514624,-173.835,,0.5,0,,-1.81856,-6.58038e-13,fluid
1101,0.959493,0.281733,,1000,0.00602149,1.74298,,0.5,0,,0.087657,-0.221157,fluid
1102,0.841254,0.540641,,1000.08,0.00982137,151.187,,0.5,0,,1.39006,0.768823,fluid
1103,0.654861,0.75575,,1000.05,0.0155951,104.613,,0.5,0,,0.739155,0.816865,fluid
1104,0.415415,0.909632,,1000.05,0.0167293,104.027,,0.5,0,,0.470944,0.990752,fluid
1105,0.142315,0.989821,,1000.06,0.0178444,109.681,,0.5,0,,0.163838,1.14435,fluid
1106,-0.142315,0.989821,,1000.07,0.0319847,131.843,,0.5,0,,-0.200692,1.37514,fluid
1107,-0.415415,0.909632,,1000.11,0.085734,215.469,,0.5,0,,-0.969736,2.05494,fluid
1108,-0.654861,0.75575,,1000.25,0.346419,485.823,,0.5,0,,-3.53632,3.73553,fluid
1109,-0.841254,0.540641,,1000.45,0.770223,882.991,,0.5,0,,-8.62279,3.84252,fluid
1110,-0.959493,0.281733,,999.898,-0.216681,-199.193,,0.5,0,,1.06904,-4.11751,fluid
1111,-1,1.22465e-16,,999.224,-1.49311,-1518.94,,0.5,0,,16.2103,6.86063e-12,fluid
1112,-0.959493,-0.281733,,999.898,-0.216681,-199.193,,0.5,0,,1.06904,4.11751,fluid
1113,-0.841254,-0.540641,,1000.45,0.770223,882.991,,0.5,0,,-8.62279,-3.84252,fluid
1114,-0.654861,-0.75575,,1000.25,0.346419,485.823,,0.5,0,,-3.53632,-3.73553,fluid
1115,-0.415415,-0.909632,,1000.11,0.085734,215.469,,0.5,0,,-0.969736,-2.05494,fluid
1116,-0.142315,-0.989821,,1000.07,0.0319847,131.843,,0.5,0,,-0.200692,-1.37514,fluid
1117,0.142315,-0.989821,,1000.06,0.0178444,109.681,,0.5,0,,0.163838,-1.14435,fluid
1118,0.415415,-0.909632,,1000.05,0.0167293,104.027,,0.5,0,,0.470944,-0.990752,fluid
1119,0.654861,-0.75575,,1000.05,0.0155951,104.613,,0.5,0,,0.739155,-0.816865,fluid
1120,0.841254,-0.540641,,1000.08,0.00982137,151.187,,0.5,0,,1.39006,-0.768823,fluid
1121,0.959493,-0.281733,,1000,0.00602149,1.74298,,0.5,0,,0.087657,0.221157,fluid
