h/dp :,2
L2norm Pressure,KE,dp,Nparticles
94483.9,1.89427e+07,0.25,2048

t,6.78087
ID,r,z,,rho,drhodt,pressure,,u_r,u_z,velocity,,pairAr,pairAz,totalAr,totalAz,Type
0,0.125,-0.125,,1000.35,0,5441.13,,0,0,0,,0,0,43.5139,-9.81,boundary
1,0.375,-0.125,,1000.28,0,4447.81,,0,0,0,,0,0,11.8575,-9.81,boundary
2,0.625,-0.125,,1000.2,0,3106.78,,0,0,0,,0,0,4.96986,-9.81,boundary
3,0.875,-0.125,,1000.15,0,2402.02,,0,0,0,,0,0,2.74474,-9.81,boundary
4,1.125,-0.125,,1000.18,0,2879.88,,0,0,0,,0,0,2.55942,-9.81,boundary
5,1.375,-0.125,,1000.22,0,3521.43,,0,0,0,,0,0,2.56047,-9.81,boundary
6,1.625,-0.125,,1000.19,0,2942.15,,0,0,0,,0,0,1.81021,-9.81,boundary
7,1.875,-0.125,,1000.17,0,2707.89,,0,0,0,,0,0,1.44396,-9.81,boundary
8,2.125,-0.125,,1000.56,0,8772.7,,0,0,0,,0,0,4.12603,-9.81,boundary
9,2.375,-0.125,,1000.44,0,6876.85,,0,0,0,,0,0,2.89425,-9.81,boundary
10,2.625,-0.125,,1000,0,0,,0,0,0,,0,0,0,-9.81,boundary
11,2.875,-0.125,,1000.6,0,9506.43,,0,0,0,,0,0,3.30459,-9.81,boundary
12,3.125,-0.125,,1000,0,0,,0,0,0,,0,0,0,-9.81,boundary
13,3.375,-0.125,,1000,0,0,,0,0,0,,0,0,0,-9.81,boundary
14,3.625,-0.125,,1000,0,0,,0,0,0,,0,0,0,-9.81,boundary
15,3.875,-0.125,,1000.21,0,3349.11,,0,0,0,,0,0,0.864103,-9.81,boundary
16,4.125,-0.125,,1000.23,0,3656.97,,0,0,0,,0,0,0.886333,-9.81,boundary
17,4.375,-0.125,,1000.3,0,4652.9,,0,0,0,,0,0,1.06321,-9.81,boundary
18,4.625,-0.125,,1000.32,0,5085.33,,0,0,0,,0,0,1.09918,-9.81,boundary
19,4.875,-0.125,,1000.15,0,2432.89,,0,0,0,,0,0,0.498978,-9.81,boundary
20,5.125,-0.125,,1000.24,0,3702.92,,0,0,0,,0,0,0.722351,-9.81,boundary
21,5.375,-0.125,,1000,0,0,,0,0,0,,0,0,0,-9.81,boundary
22,5.625,-0.125,,1000,0,0,,0,0,0,,0,0,0,-9.81,boundary
23,5.875,-0.125,,1000,0,0,,0,0,0,,0,0,0,-9.81,boundary
24,6.125,-0.125,,1000,0,0,,0,0,0,,0,0,0,-9.81,boundary
25,6.375,-0.125,,1000,0,0,,0,0,0,,0,0,0,-9.81,boundary
26,6.625,-0.125,,1000,0,0,,0,0,0,,0,0,0,-9.81,boundary
27,6.875,-0.125,,1000,0,0,,0,0,0,,0,0,0,-9.81,boundary
28,7.125,-0.125,,1000.1,0,1614.31,,0,0,0,,0,0,0.226547,-9.81,boundary
29,7.375,-0.125,,1000.02,0,246.752,,0,0,0,,0,0,0.0334573,-9.81,boundary
30,7.625,-0.125,,1000,0,0,,0,0,0,,0,0,0,-9.81,boundary
31,7.875,-0.125,,1000.11,0,1744.71,,0,0,0,,0,0,0.221526,-9.81,boundary
32,8.125,-0.125,,1000,0,0,,0,0,0,,0,0,0,-9.81,boundary
33,8.375,-0.125,,1000,0,0,,0,0,0,,0,0,0,-9.81,boundary
34,8.625,-0.125,,1000,0,0,,0,0,0,,0,0,0,-9.81,boundary
35,8.875,-0.125,,1000,0,0,,0,0,0,,0,0,0,-9.81,boundary
36,9.125,-0.125,,1000,0,0,,0,0,0,,0,0,0,-9.81,boundary
37,9.375,-0.125,,1000,0,0,,0,0,0,,0,0,0,-9.81,boundary
38,9.625,-0.125,,1000,0,0,,0,0,0,,0,0,0,-9.81,boundary
39,9.875,-0.125,,1000.12,0,1957.5,,0,0,0,,0,0,0.198203,-9.81,boundary
40,10.125,-0.125,,1000.38,0,5947.26,,0,0,0,,0,0,0.587161,-9.81,boundary
41,10.375,-0.125,,1000.38,0,6023.34,,0,0,0,,0,0,0.580341,-9.81,boundary
42,10.625,-0.125,,1000.17,0,2708.23,,0,0,0,,0,0,0.254848,-9.81,boundary
43,10.875,-0.125,,1000.09,0,1357.61,,0,0,0,,0,0,0.124827,-9.81,boundary
44,11.125,-0.125,,1000.02,0,258.375,,0,0,0,,0,0,0.0232243,-9.81,boundary
45,11.375,-0.125,,1000.23,0,3660.04,,0,0,0,,0,0,0.321687,-9.81,boundary
46,11.625,-0.125,,1000.72,0,11390.4,,0,0,0,,0,0,0.979111,-9.81,boundary
47,11.875,-0.125,,1001.92,0,30338.6,,0,0,0,,0,0,2.54993,-9.81,boundary
48,12.125,-0.125,,1003.15,0,49972.8,,0,0,0,,0,0,4.10851,-9.81,boundary
49,12.375,-0.125,,1003.28,0,52019.9,,0,0,0,,0,0,4.18988,-9.81,boundary
50,12.625,-0.125,,1002.83,0,44786.3,,0,0,0,,0,0,3.53742,-9.81,boundary
51,12.875,-0.125,,1002.16,0,34119.5,,0,0,0,,0,0,2.64435,-9.81,boundary
52,13.125,-0.125,,1001.66,0,26153.5,,0,0,0,,0,0,1.98935,-9.81,boundary
53,13.375,-0.125,,1001.43,0,22575.5,,0,0,0,,0,0,1.68548,-9.81,boundary
54,13.625,-0.125,,1001.49,0,23557.6,,0,0,0,,0,0,1.72642,-9.81,boundary
55,13.875,-0.125,,1001.83,0,28952.1,,0,0,0,,0,0,2.08282,-9.81,boundary
56,14.125,-0.125,,1002.18,0,34491.5,,0,0,0,,0,0,2.43656,-9.81,boundary
57,14.375,-0.125,,1002.15,0,33888.4,,0,0,0,,0,0,2.35241,-9.81,boundary
58,14.625,-0.125,,1001.85,0,29187.6,,0,0,0,,0,0,1.99205,-9.81,boundary
59,14.875,-0.125,,1001.65,0,25976.3,,0,0,0,,0,0,1.74343,-9.81,boundary
60,15.125,-0.125,,1001.67,0,26404.1,,0,0,0,,0,0,1.74281,-9.81,boundary
61,15.375,-0.125,,1001.88,0,29663.3,,0,0,0,,0,0,1.9257,-9.81,boundary
62,15.625,-0.125,,1002.08,0,32904.1,,0,0,0,,0,0,2.10149,-9.81,boundary
63,15.875,-0.125,,1002.32,0,36715.2,,0,0,0,,0,0,2.30741,-9.81,boundary
64,16.125,-0.125,,1002.66,0,42051,,0,0,0,,0,0,2.6009,-9.81,boundary
65,16.375,-0.125,,1002.84,0,44944.4,,0,0,0,,0,0,2.73693,-9.81,boundary
66,16.625,-0.125,,1002.78,0,43977.8,,0,0,0,,0,0,2.63795,-9.81,boundary
67,16.875,-0.125,,1002.79,0,44157.4,,0,0,0,,0,0,2.60945,-9.81,boundary
68,17.125,-0.125,,1002.86,0,45217.3,,0,0,0,,0,0,2.63291,-9.81,boundary
69,17.375,-0.125,,1002.63,0,41554.8,,0,0,0,,0,0,2.38538,-9.81,boundary
70,17.625,-0.125,,1002.19,0,34636.7,,0,0,0,,0,0,1.9609,-9.81,boundary
71,17.875,-0.125,,1001.81,0,28487.2,,0,0,0,,0,0,1.59082,-9.81,boundary
72,18.125,-0.125,,1001.33,0,20947.8,,0,0,0,,0,0,1.1542,-9.81,boundary
73,18.375,-0.125,,1000.78,0,12305.2,,0,0,0,,0,0,0.669146,-9.81,boundary
74,18.625,-0.125,,1000.65,0,10277.9,,0,0,0,,0,0,0.551474,-9.81,boundary
75,18.875,-0.125,,1001.05,0,16609.2,,0,0,0,,0,0,0.879031,-9.81,boundary
76,19.125,-0.125,,1001.43,0,22512.5,,0,0,0,,0,0,1.17544,-9.81,boundary
77,19.375,-0.125,,1001.44,0,22622.3,,0,0,0,,0,0,1.16593,-9.81,boundary
78,19.625,-0.125,,1001.41,0,22185.4,,0,0,0,,0,0,1.12888,-9.81,boundary
79,19.875,-0.125,,1001.53,0,24165.8,,0,0,0,,0,0,1.21403,-9.81,boundary
80,20.125,-0.125,,1001.71,0,26926.2,,0,0,0,,0,0,1.33567,-9.81,boundary
81,20.375,-0.125,,1001.59,0,25124.8,,0,0,0,,0,0,1.23116,-9.81,boundary
82,20.625,-0.125,,1001.35,0,21199.6,,0,0,0,,0,0,1.02648,-9.81,boundary
83,20.875,-0.125,,1001.35,0,21245.8,,0,0,0,,0,0,1.01639,-9.81,boundary
84,21.125,-0.125,,1001.67,0,26420.9,,0,0,0,,0,0,1.2486,-9.81,boundary
85,21.375,-0.125,,1002.06,0,32477.6,,0,0,0,,0,0,1.5163,-9.81,boundary
86,21.625,-0.125,,1002.08,0,32798.6,,0,0,0,,0,0,1.51356,-9.81,boundary
87,21.875,-0.125,,1001.75,0,27667.1,,0,0,0,,0,0,1.26257,-9.81,boundary
88,22.125,-0.125,,1001.28,0,20142.3,,0,0,0,,0,0,0.909225,-9.81,boundary
89,22.375,-0.125,,1001.93,0,30439.2,,0,0,0,,0,0,1.35779,-9.81,boundary
90,22.625,-0.125,,1001.38,0,21763.4,,0,0,0,,0,0,0.960591,-9.81,boundary
91,22.875,-0.125,,1000.83,0,13028.8,,0,0,0,,0,0,0.569094,-9.81,boundary
92,23.125,-0.125,,1000.95,0,14911.7,,0,0,0,,0,0,0.644219,-9.81,boundary
93,23.375,-0.125,,1001.32,0,20829.4,,0,0,0,,0,0,0.88992,-9.81,boundary
94,23.625,-0.125,,1001.66,0,26192.8,,0,0,0,,0,0,1.10685,-9.81,boundary
95,23.875,-0.125,,1001.92,0,30333.1,,0,0,0,,0,0,1.26806,-9.81,boundary
96,24.125,-0.125,,1002.01,0,31706.4,,0,0,0,,0,0,1.31162,-9.81,boundary
97,24.375,-0.125,,1001.94,0,30613.4,,0,0,0,,0,0,1.2535,-9.81,boundary
98,24.625,-0.125,,1001.75,0,27620.5,,0,0,0,,0,0,1.11969,-9.81,boundary
99,24.875,-0.125,,1001.32,0,20755.4,,0,0,0,,0,0,0.833289,-9.81,boundary
100,25.125,-0.125,,1000.72,0,11374.3,,0,0,0,,0,0,0.452381,-9.81,boundary
101,25.375,-0.125,,1002.6,0,41157.9,,0,0,0,,0,0,1.61778,-9.81,boundary
102,25.625,-0.125,,1000.53,0,8283.02,,0,0,0,,0,0,0.323069,-9.81,boundary
103,25.875,-0.125,,1000.85,0,13381.2,,0,0,0,,0,0,0.516708,-9.81,boundary
104,26.125,-0.125,,1000.96,0,15139,,0,0,0,,0,0,0.578927,-9.81,boundary
105,26.375,-0.125,,1000.8,0,12519.2,,0,0,0,,0,0,0.474286,-9.81,boundary
106,26.625,-0.125,,1001.89,0,29848.3,,0,0,0,,0,0,1.11895,-9.81,boundary
107,26.875,-0.125,,1001.16,0,18282.3,,0,0,0,,0,0,0.679483,-9.81,boundary
108,27.125,-0.125,,1000.79,0,12357.3,,0,0,0,,0,0,0.455212,-9.81,boundary
109,27.375,-0.125,,1000.57,0,9016.71,,0,0,0,,0,0,0.329189,-9.81,boundary
110,27.625,-0.125,,1000.52,0,8248.56,,0,0,0,,0,0,0.298434,-9.81,boundary
111,27.875,-0.125,,1000.64,0,10027.6,,0,0,0,,0,0,0.359504,-9.81,boundary
112,28.125,-0.125,,1000.73,0,11555.3,,0,0,0,,0,0,0.410553,-9.81,boundary
113,28.375,-0.125,,1000.72,0,11350.6,,0,0,0,,0,0,0.399733,-9.81,boundary
114,28.625,-0.125,,1000.6,0,9423.3,,0,0,0,,0,0,0.329001,-9.81,boundary
115,28.875,-0.125,,1000.55,0,8637.67,,0,0,0,,0,0,0.298976,-9.81,boundary
116,29.125,-0.125,,1000.56,0,8819.09,,0,0,0,,0,0,0.302632,-9.81,boundary
117,29.375,-0.125,,1000.5,0,7789.58,,0,0,0,,0,0,0.265046,-9.81,boundary
118,29.625,-0.125,,1000.36,0,5677,,0,0,0,,0,0,0.19156,-9.81,boundary
119,29.875,-0.125,,1000.3,0,4655.67,,0,0,0,,0,0,0.155792,-9.81,boundary
120,30.125,-0.125,,1000.33,0,5234.16,,0,0,0,,0,0,0.17369,-9.81,boundary
121,30.375,-0.125,,1000.36,0,5594.03,,0,0,0,,0,0,0.1841,-9.81,boundary
122,30.625,-0.125,,1000.3,0,4733.64,,0,0,0,,0,0,0.154521,-9.81,boundary
123,30.875,-0.125,,1000.24,0,3733.62,,0,0,0,,0,0,0.120898,-9.81,boundary
124,31.125,-0.125,,1000.18,0,2755.8,,0,0,0,,0,0,0.0885241,-9.81,boundary
125,31.375,-0.125,,1000.09,0,1414.73,,0,0,0,,0,0,0.045087,-9.81,boundary
126,31.625,-0.125,,1000,0,0,,0,0,0,,0,0,0,-9.81,boundary
127,31.875,-0.125,,1000.15,0,2404.72,,0,0,0,,0,0,0.0754305,-9.81,boundary
128,32.125,-0.125,,1000.15,0,2404.72,,0,0,0,,0,0,0.0748435,-9.81,boundary
129,32.375,-0.125,,1000,0,0,,0,0,0,,0,0,0,-9.81,boundary
130,32.625,-0.125,,1000.08,0,1241.15,,0,0,0,,0,0,0.03804,-9.81,boundary
131,32.875,-0.125,,1000.27,0,4284.44,,0,0,0,,0,0,0.13029,-9.81,boundary
132,0.125,-0.375,,1000.43,0,6816.49,,0,0,0,,0,0,54.5083,-9.81,boundary
133,0.375,-0.375,,1000.36,0,5730.15,,0,0,0,,0,0,15.2748,-9.81,boundary
134,0.625,-0.375,,1000.24,0,3765.32,,0,0,0,,0,0,6.02307,-9.81,boundary
135,0.875,-0.375,,1000.2,0,3189.97,,0,0,0,,0,0,3.64494,-9.81,boundary
136,1.125,-0.375,,1000.22,0,3528.15,,0,0,0,,0,0,3.13543,-9.81,boundary
137,1.375,-0.375,,1000.25,0,3849.61,,0,0,0,,0,0,2.79903,-9.81,boundary
138,1.625,-0.375,,1000.35,0,5430.03,,0,0,0,,0,0,3.3404,-9.81,boundary
139,1.875,-0.375,,1000.42,0,6678.95,,0,0,0,,0,0,3.56059,-9.81,boundary
140,2.125,-0.375,,1000.72,0,11336.6,,0,0,0,,0,0,5.33103,-9.81,boundary
141,2.375,-0.375,,1000.48,0,7590.47,,0,0,0,,0,0,3.19445,-9.81,boundary
142,2.625,-0.375,,1000.6,0,9477.75,,0,0,0,,0,0,3.6084,-9.81,boundary
143,2.875,-0.375,,1003.6,0,57116.2,,0,0,0,,0,0,19.7952,-9.81,boundary
144,3.125,-0.375,,1009.51,0,153668,,0,0,0,,0,0,48.7102,-9.81,boundary
145,3.375,-0.375,,1001.37,0,21568.9,,0,0,0,,0,0,6.38205,-9.81,boundary
146,3.625,-0.375,,1000,0,0,,0,0,0,,0,0,0,-9.81,boundary
147,3.875,-0.375,,1000.36,0,5692.89,,0,0,0,,0,0,1.4686,-9.81,boundary
148,4.125,-0.375,,1000.27,0,4187.65,,0,0,0,,0,0,1.01492,-9.81,boundary
149,4.375,-0.375,,1000.34,0,5368.64,,0,0,0,,0,0,1.2267,-9.81,boundary
150,4.625,-0.375,,1000.31,0,4887.63,,0,0,0,,0,0,1.05646,-9.81,boundary
151,4.875,-0.375,,1000.15,0,2424.68,,0,0,0,,0,0,0.497294,-9.81,boundary
152,5.125,-0.375,,1000.57,0,8945.96,,0,0,0,,0,0,1.74456,-9.81,boundary
153,5.375,-0.375,,1001.37,0,21631.7,,0,0,0,,0,0,4.01899,-9.81,boundary
154,5.625,-0.375,,1002.75,0,43505.9,,0,0,0,,0,0,7.71318,-9.81,boundary
155,5.875,-0.375,,1000,0,0,,0,0,0,,0,0,0,-9.81,boundary
156,6.125,-0.375,,1000,0,0,,0,0,0,,0,0,0,-9.81,boundary
157,6.375,-0.375,,1000,0,0,,0,0,0,,0,0,0,-9.81,boundary
158,6.625,-0.375,,1000,0,0,,0,0,0,,0,0,0,-9.81,boundary
159,6.875,-0.375,,1000,0,0,,0,0,0,,0,0,0,-9.81,boundary
160,7.125,-0.375,,1000.13,0,2108.55,,0,0,0,,0,0,0.295897,-9.81,boundary
161,7.375,-0.375,,1000.07,0,1068.94,,0,0,0,,0,0,0.144932,-9.81,boundary
162,7.625,-0.375,,1000,0,0,,0,0,0,,0,0,0,-9.81,boundary
163,7.875,-0.375,,1000.83,0,13138.7,,0,0,0,,0,0,1.66702,-9.81,boundary
164,8.125,-0.375,,1000.89,0,13976.1,,0,0,0,,0,0,1.71861,-9.81,boundary
165,8.375,-0.375,,1000.72,0,11355,,0,0,0,,0,0,1.35484,-9.81,boundary
166,8.625,-0.375,,1003.79,0,60138.7,,0,0,0,,0,0,6.94629,-9.81,boundary
167,8.875,-0.375,,1000,0,0,,0,0,0,,0,0,0,-9.81,boundary
168,9.125,-0.375,,1000,0,0,,0,0,0,,0,0,0,-9.81,boundary
169,9.375,-0.375,,1000,0,0,,0,0,0,,0,0,0,-9.81,boundary
170,9.625,-0.375,,1000,0,0,,0,0,0,,0,0,0,-9.81,boundary
171,9.875,-0.375,,1000.11,0,1757.63,,0,0,0,,0,0,0.177967,-9.81,boundary
172,10.125,-0.375,,1000.38,0,5951,,0,0,0,,0,0,0.58753,-9.81,boundary
173,10.375,-0.375,,1000.39,0,6198.76,,0,0,0,,0,0,0.597235,-9.81,boundary
174,10.625,-0.375,,1000.1,0,1614.8,,0,0,0,,0,0,0.151966,-9.81,boundary
175,10.875,-0.375,,1000.02,0,300.65,,0,0,0,,0,0,0.0276454,-9.81,boundary
176,11.125,-0.375,,1000,0,0,,0,0,0,,0,0,0,-9.81,boundary
177,11.375,-0.375,,1000.71,0,11162.6,,0,0,0,,0,0,0.980628,-9.81,boundary
178,11.625,-0.375,,1001.06,0,16737.2,,0,0,0,,0,0,1.43823,-9.81,boundary
179,11.875,-0.375,,1002.14,0,33759.1,,0,0,0,,0,0,2.83681,-9.81,boundary
180,12.125,-0.375,,1003.06,0,48441.5,,0,0,0,,0,0,3.983,-9.81,boundary
181,12.375,-0.375,,1003.35,0,53078,,0,0,0,,0,0,4.27482,-9.81,boundary
182,12.625,-0.375,,1003.04,0,48079.8,,0,0,0,,0,0,3.79677,-9.81,boundary
183,12.875,-0.375,,1002.35,0,37116.5,,0,0,0,,0,0,2.87608,-9.81,boundary
184,13.125,-0.375,,1001.78,0,28123.1,,0,0,0,,0,0,2.1389,-9.81,boundary
185,13.375,-0.375,,1000.31,0,4862.06,,0,0,0,,0,0,0.363406,-9.81,boundary
186,13.625,-0.375,,1000,0,0,,0,0,0,,0,0,0,-9.81,boundary
187,13.875,-0.375,,1000,0,0,,0,0,0,,0,0,0,-9.81,boundary
188,14.125,-0.375,,1002.45,0,38734.5,,0,0,0,,0,0,2.73556,-9.81,boundary
189,14.375,-0.375,,1002.41,0,38060.1,,0,0,0,,0,0,2.6413,-9.81,boundary
190,14.625,-0.375,,1000,0,0,,0,0,0,,0,0,0,-9.81,boundary
191,14.875,-0.375,,1000.07,0,1040.86,,0,0,0,,0,0,0.0699694,-9.81,boundary
192,15.125,-0.375,,1000.04,0,659.615,,0,0,0,,0,0,0.0436091,-9.81,boundary
193,15.375,-0.375,,1000.25,0,3972.33,,0,0,0,,0,0,0.258298,-9.81,boundary
194,15.625,-0.375,,1000.4,0,6327.43,,0,0,0,,0,0,0.404792,-9.81,boundary
195,15.875,-0.375,,1000.8,0,12596.9,,0,0,0,,0,0,0.792872,-9.81,boundary
196,16.125,-0.375,,1002.82,0,44690.2,,0,0,0,,0,0,2.76368,-9.81,boundary
197,16.375,-0.375,,1002.99,0,47311.5,,0,0,0,,0,0,2.88064,-9.81,boundary
198,16.625,-0.375,,1002.97,0,47002.8,,0,0,0,,0,0,2.81887,-9.81,boundary
199,16.875,-0.375,,1002.99,0,47369.7,,0,0,0,,0,0,2.79872,-9.81,boundary
200,17.125,-0.375,,1003.03,0,48063.6,,0,0,0,,0,0,2.79814,-9.81,boundary
201,17.375,-0.375,,1002.82,0,44599.1,,0,0,0,,0,0,2.55964,-9.81,boundary
202,17.625,-0.375,,1002.41,0,38126.2,,0,0,0,,0,0,2.15799,-9.81,boundary
203,17.875,-0.375,,1001.98,0,31321.9,,0,0,0,,0,0,1.7488,-9.81,boundary
204,18.125,-0.375,,1001.49,0,23550.6,,0,0,0,,0,0,1.2974,-9.81,boundary
205,18.375,-0.375,,1001.01,0,15878.6,,0,0,0,,0,0,0.863269,-9.81,boundary
206,18.625,-0.375,,1000.91,0,14331.5,,0,0,0,,0,0,0.768777,-9.81,boundary
207,18.875,-0.375,,1001.16,0,18341.6,,0,0,0,,0,0,0.970612,-9.81,boundary
208,19.125,-0.375,,1001.42,0,22431.7,,0,0,0,,0,0,1.17123,-9.81,boundary
209,19.375,-0.375,,1001.4,0,22104.1,,0,0,0,,0,0,1.13926,-9.81,boundary
210,19.625,-0.375,,1002.13,0,33710,,0,0,0,,0,0,1.71405,-9.81,boundary
211,19.875,-0.375,,1002.67,0,42324.1,,0,0,0,,0,0,2.12383,-9.81,boundary
212,20.125,-0.375,,1003.15,0,49868,,0,0,0,,0,0,2.47014,-9.81,boundary
213,20.375,-0.375,,1002.87,0,45443.6,,0,0,0,,0,0,2.22397,-9.81,boundary
214,20.625,-0.375,,1002.01,0,31667.6,,0,0,0,,0,0,1.53233,-9.81,boundary
215,20.875,-0.375,,1001.8,0,28340.3,,0,0,0,,0,0,1.35518,-9.81,boundary
216,21.125,-0.375,,1002.15,0,33929.1,,0,0,0,,0,0,1.60267,-9.81,boundary
217,21.375,-0.375,,1002.9,0,45900.1,,0,0,0,,0,0,2.14117,-9.81,boundary
218,21.625,-0.375,,1003.65,0,57927.5,,0,0,0,,0,0,2.66899,-9.81,boundary
219,21.875,-0.375,,1003.51,0,55642.6,,0,0,0,,0,0,2.53477,-9.81,boundary
220,22.125,-0.375,,1002.75,0,43506,,0,0,0,,0,0,1.96098,-9.81,boundary
221,22.375,-0.375,,1001.75,0,27682,,0,0,0,,0,0,1.23502,-9.81,boundary
222,22.625,-0.375,,1000.77,0,12181.4,,0,0,0,,0,0,0.537989,-9.81,boundary
223,22.875,-0.375,,1000.39,0,6192.96,,0,0,0,,0,0,0.270624,-9.81,boundary
224,23.125,-0.375,,1000.72,0,11255.1,,0,0,0,,0,0,0.486358,-9.81,boundary
225,23.375,-0.375,,1001.39,0,21919.9,,0,0,0,,0,0,0.936446,-9.81,boundary
226,23.625,-0.375,,1002.47,0,38989.9,,0,0,0,,0,0,1.64631,-9.81,boundary
227,23.875,-0.375,,1003.52,0,55864.1,,0,0,0,,0,0,2.33165,-9.81,boundary
228,24.125,-0.375,,1004.07,0,64659.4,,0,0,0,,0,0,2.66932,-9.81,boundary
229,24.375,-0.375,,1004.07,0,64682.6,,0,0,0,,0,0,2.64288,-9.81,boundary
230,24.625,-0.375,,1003.81,0,60431.9,,0,0,0,,0,0,2.44478,-9.81,boundary
231,24.875,-0.375,,1003.3,0,52262.9,,0,0,0,,0,0,2.09412,-9.81,boundary
232,25.125,-0.375,,1002.84,0,44944.3,,0,0,0,,0,0,1.78376,-9.81,boundary
233,25.375,-0.375,,1002.61,0,41303,,0,0,0,,0,0,1.62346,-9.81,boundary
234,25.625,-0.375,,1002.58,0,40875.6,,0,0,0,,0,0,1.59103,-9.81,boundary
235,25.875,-0.375,,1002.83,0,44771.8,,0,0,0,,0,0,1.72543,-9.81,boundary
236,26.125,-0.375,,1002.76,0,43730.1,,0,0,0,,0,0,1.66927,-9.81,boundary
237,26.375,-0.375,,1002.42,0,38257.7,,0,0,0,,0,0,1.44703,-9.81,boundary
238,26.625,-0.375,,1001.76,0,27814.2,,0,0,0,,0,0,1.04283,-9.81,boundary
239,26.875,-0.375,,1000.97,0,15194.1,,0,0,0,,0,0,0.564817,-9.81,boundary
240,27.125,-0.375,,1000.66,0,10305.2,,0,0,0,,0,0,0.379668,-9.81,boundary
241,27.375,-0.375,,1000.56,0,8862.99,,0,0,0,,0,0,0.32358,-9.81,boundary
242,27.625,-0.375,,1000.64,0,10033.1,,0,0,0,,0,0,0.362958,-9.81,boundary
243,27.875,-0.375,,1000.73,0,11516.6,,0,0,0,,0,0,0.41285,-9.81,boundary
244,28.125,-0.375,,1000.72,0,11272,,0,0,0,,0,0,0.400494,-9.81,boundary
245,28.375,-0.375,,1000.63,0,9869.13,,0,0,0,,0,0,0.347593,-9.81,boundary
246,28.625,-0.375,,1000.43,0,6765.3,,0,0,0,,0,0,0.236241,-9.81,boundary
247,28.875,-0.375,,1000.37,0,5795.82,,0,0,0,,0,0,0.200647,-9.81,boundary
248,29.125,-0.375,,1000.37,0,5863.38,,0,0,0,,0,0,0.201243,-9.81,boundary
249,29.375,-0.375,,1000.31,0,4797.22,,0,0,0,,0,0,0.16326,-9.81,boundary
250,29.625,-0.375,,1000.16,0,2533.65,,0,0,0,,0,0,0.0855102,-9.81,boundary
251,29.875,-0.375,,1000.1,0,1494.1,,0,0,0,,0,0,0.0500069,-9.81,boundary
252,30.125,-0.375,,1000.12,0,1901.45,,0,0,0,,0,0,0.0631111,-9.81,boundary
253,30.375,-0.375,,1000.12,0,1890.01,,0,0,0,,0,0,0.0622151,-9.81,boundary
254,30.625,-0.375,,1000.04,0,699.233,,0,0,0,,0,0,0.0228311,-9.81,boundary
255,30.875,-0.375,,1000.01,0,92.114,,0,0,0,,0,0,0.00298343,-9.81,boundary
256,31.125,-0.375,,1000,0,0,,0,0,0,,0,0,0,-9.81,boundary
257,31.375,-0.375,,1000,0,0,,0,0,0,,0,0,0,-9.81,boundary
258,31.625,-0.375,,1000,0,0,,0,0,0,,0,0,0,-9.81,boundary
259,31.875,-0.375,,1000,0,0,,0,0,0,,0,0,0,-9.81,boundary
260,32.125,-0.375,,1000,0,0,,0,0,0,,0,0,0,-9.81,boundary
261,32.375,-0.375,,1000,0,0,,0,0,0,,0,0,0,-9.81,boundary
262,32.625,-0.375,,1000.05,0,786.994,,0,0,0,,0,0,0.0241212,-9.81,boundary
263,32.875,-0.375,,1000.19,0,3035.64,,0,0,0,,0,0,0.092321,-9.81,boundary
264,0.125,-0.625,,1000.48,0,7622,,0,0,0,,0,0,60.9465,-9.81,boundary
265,0.375,-0.625,,1000.43,0,6734.1,,0,0,0,,0,0,17.9499,-9.81,boundary
266,0.625,-0.625,,1000.34,0,5278.11,,0,0,0,,0,0,8.44215,-9.81,boundary
267,0.875,-0.625,,1000.35,0,5483.36,,0,0,0,,0,0,6.26452,-9.81,boundary
268,1.125,-0.625,,1000.11,0,1673.49,,0,0,0,,0,0,1.48739,-9.81,boundary
269,1.375,-0.625,,1000.15,0,2419.04,,0,0,0,,0,0,1.75903,-9.81,boundary
270,1.625,-0.625,,1000.18,0,2869.52,,0,0,0,,0,0,1.76553,-9.81,boundary
271,1.875,-0.625,,1000.17,0,2699.76,,0,0,0,,0,0,1.43962,-9.81,boundary
272,2.125,-0.625,,1000,0,0,,0,0,0,,0,0,0,-9.81,boundary
273,2.375,-0.625,,1000,0,0,,0,0,0,,0,0,0,-9.81,boundary
274,2.625,-0.625,,1000,0,0,,0,0,0,,0,0,0,-9.81,boundary
275,2.875,-0.625,,1000,0,0,,0,0,0,,0,0,0,-9.81,boundary
276,3.125,-0.625,,1000,0,0,,0,0,0,,0,0,0,-9.81,boundary
277,3.375,-0.625,,1000,0,0,,0,0,0,,0,0,0,-9.81,boundary
278,3.625,-0.625,,1000,0,0,,0,0,0,,0,0,0,-9.81,boundary
279,3.875,-0.625,,1000,0,0,,0,0,0,,0,0,0,-9.81,boundary
280,4.125,-0.625,,1000,0,0,,0,0,0,,0,0,0,-9.81,boundary
281,4.375,-0.625,,1000.06,0,983.008,,0,0,0,,0,0,0.224673,-9.81,boundary
282,4.625,-0.625,,1000.04,0,607.031,,0,0,0,,0,0,0.131245,-9.81,boundary
283,4.875,-0.625,,1000,0,0,,0,0,0,,0,0,0,-9.81,boundary
284,5.125,-0.625,,1000,0,0,,0,0,0,,0,0,0,-9.81,boundary
285,5.375,-0.625,,1000,0,0,,0,0,0,,0,0,0,-9.81,boundary
286,5.625,-0.625,,1000,0,0,,0,0,0,,0,0,0,-9.81,boundary
287,5.875,-0.625,,1000,0,0,,0,0,0,,0,0,0,-9.81,boundary
288,6.125,-0.625,,1000,0,0,,0,0,0,,0,0,0,-9.81,boundary
289,6.375,-0.625,,1000,0,0,,0,0,0,,0,0,0,-9.81,boundary
290,6.625,-0.625,,1000,0,0,,0,0,0,,0,0,0,-9.81,boundary
291,6.875,-0.625,,1000,0,0,,0,0,0,,0,0,0,-9.81,boundary
292,7.125,-0.625,,1000.16,0,2546.36,,0,0,0,,0,0,0.357326,-9.81,boundary
293,7.375,-0.625,,1000.12,0,1925.24,,0,0,0,,0,0,0.261018,-9.81,boundary
294,7.625,-0.625,,1000,0,0,,0,0,0,,0,0,0,-9.81,boundary
295,7.875,-0.625,,1000,0,0,,0,0,0,,0,0,0,-9.81,boundary
296,8.125,-0.625,,1000,0,0,,0,0,0,,0,0,0,-9.81,boundary
297,8.375,-0.625,,1000,0,0,,0,0,0,,0,0,0,-9.81,boundary
298,8.625,-0.625,,1000,0,0,,0,0,0,,0,0,0,-9.81,boundary
299,8.875,-0.625,,1000,0,0,,0,0,0,,0,0,0,-9.81,boundary
300,9.125,-0.625,,1000,0,0,,0,0,0,,0,0,0,-9.81,boundary
301,9.375,-0.625,,1000,0,0,,0,0,0,,0,0,0,-9.81,boundary
302,9.625,-0.625,,1000,0,0,,0,0,0,,0,0,0,-9.81,boundary
303,9.875,-0.625,,1000.1,0,1627.2,,0,0,0,,0,0,0.164762,-9.81,boundary
304,10.125,-0.625,,1000.39,0,6104.56,,0,0,0,,0,0,0.602685,-9.81,boundary
305,10.375,-0.625,,1000.4,0,6313.49,,0,0,0,,0,0,0.608285,-9.81,boundary
306,10.625,-0.625,,1000.38,0,5949.54,,0,0,0,,0,0,0.559744,-9.81,boundary
307,10.875,-0.625,,1000.34,0,5392.1,,0,0,0,,0,0,0.495656,-9.81,boundary
308,11.125,-0.625,,1000.38,0,6044.96,,0,0,0,,0,0,0.543158,-9.81,boundary
309,11.375,-0.625,,1000.66,0,10302.3,,0,0,0,,0,0,0.9051,-9.81,boundary
310,11.625,-0.625,,1001.31,0,20656.3,,0,0,0,,0,0,1.77456,-9.81,boundary
311,11.875,-0.625,,1002.32,0,36604.7,,0,0,0,,0,0,3.07538,-9.81,boundary
312,12.125,-0.625,,1003.29,0,52110.5,,0,0,0,,0,0,4.28369,-9.81,boundary
313,12.375,-0.625,,1003.85,0,61184.3,,0,0,0,,0,0,4.92521,-9.81,boundary
314,12.625,-0.625,,1003.71,0,58875.5,,0,0,0,,0,0,4.64617,-9.81,boundary
315,12.875,-0.625,,1002.93,0,46334.1,,0,0,0,,0,0,3.58827,-9.81,boundary
316,13.125,-0.625,,1002.14,0,33728.5,,0,0,0,,0,0,2.56432,-9.81,boundary
317,13.375,-0.625,,1000,0,0,,0,0,0,,0,0,0,-9.81,boundary
318,13.625,-0.625,,1000,0,0,,0,0,0,,0,0,0,-9.81,boundary
319,13.875,-0.625,,1002.79,0,44226.9,,0,0,0,,0,0,3.17864,-9.81,boundary
320,14.125,-0.625,,1003.27,0,51775.1,,0,0,0,,0,0,3.65356,-9.81,boundary
321,14.375,-0.625,,1003.1,0,49153.6,,0,0,0,,0,0,3.40881,-9.81,boundary
322,14.625,-0.625,,1000,0,0,,0,0,0,,0,0,0,-9.81,boundary
323,14.875,-0.625,,1000,0,0,,0,0,0,,0,0,0,-9.81,boundary
324,15.125,-0.625,,1000,0,0,,0,0,0,,0,0,0,-9.81,boundary
325,15.375,-0.625,,1000,0,0,,0,0,0,,0,0,0,-9.81,boundary
326,15.625,-0.625,,1000.07,0,1126.26,,0,0,0,,0,0,0.0720754,-9.81,boundary
327,15.875,-0.625,,1000.89,0,13961.9,,0,0,0,,0,0,0.878709,-9.81,boundary
328,16.125,-0.625,,1001.68,0,26555.6,,0,0,0,,0,0,1.64409,-9.81,boundary
329,16.375,-0.625,,1001.78,0,28157.4,,0,0,0,,0,0,1.71648,-9.81,boundary
330,16.625,-0.625,,1001.25,0,19665.5,,0,0,0,,0,0,1.18141,-9.81,boundary
331,16.875,-0.625,,1001.19,0,18770.1,,0,0,0,,0,0,1.11098,-9.81,boundary
332,17.125,-0.625,,1001.64,0,25850.3,,0,0,0,,0,0,1.50704,-9.81,boundary
333,17.375,-0.625,,1001.35,0,21225.1,,0,0,0,,0,0,1.21995,-9.81,boundary
334,17.625,-0.625,,1000.68,0,10745.9,,0,0,0,,0,0,0.60928,-9.81,boundary
335,17.875,-0.625,,1000,0,0,,0,0,0,,0,0,0,-9.81,boundary
336,18.125,-0.625,,1000,0,0,,0,0,0,,0,0,0,-9.81,boundary
337,18.375,-0.625,,1000,0,0,,0,0,0,,0,0,0,-9.81,boundary
338,18.625,-0.625,,1001.26,0,19921,,0,0,0,,0,0,1.06823,-9.81,boundary
339,18.875,-0.625,,1001.32,0,20831.9,,0,0,0,,0,0,1.10222,-9.81,boundary
340,19.125,-0.625,,1001.36,0,21372.2,,0,0,0,,0,0,1.11599,-9.81,boundary
341,19.375,-0.625,,1001.25,0,19705,,0,0,0,,0,0,1.01576,-9.81,boundary
342,19.625,-0.625,,1002.86,0,45337.5,,0,0,0,,0,0,2.30359,-9.81,boundary
343,19.875,-0.625,,1003.24,0,51298.6,,0,0,0,,0,0,2.57274,-9.81,boundary
344,20.125,-0.625,,1003.66,0,58112.5,,0,0,0,,0,0,2.87704,-9.81,boundary
345,20.375,-0.625,,1003.29,0,52209,,0,0,0,,0,0,2.554,-9.81,boundary
346,20.625,-0.625,,1002.56,0,40531.7,,0,0,0,,0,0,1.96015,-9.81,boundary
347,20.875,-0.625,,1002.33,0,36903.6,,0,0,0,,0,0,1.76372,-9.81,boundary
348,21.125,-0.625,,1002.65,0,41893.5,,0,0,0,,0,0,1.97789,-9.81,boundary
349,21.375,-0.625,,1003.34,0,52918.6,,0,0,0,,0,0,2.46749,-9.81,boundary
350,21.625,-0.625,,1003.74,0,59375.8,,0,0,0,,0,0,2.73547,-9.81,boundary
351,21.875,-0.625,,1003.37,0,53497,,0,0,0,,0,0,2.43736,-9.81,boundary
352,22.125,-0.625,,1002.08,0,32829.7,,0,0,0,,0,0,1.48075,-9.81,boundary
353,22.375,-0.625,,1000.79,0,12449.4,,0,0,0,,0,0,0.555957,-9.81,boundary
354,22.625,-0.625,,1000.21,0,3236.54,,0,0,0,,0,0,0.143022,-9.81,boundary
355,22.875,-0.625,,1000.32,0,5026.92,,0,0,0,,0,0,0.219686,-9.81,boundary
356,23.125,-0.625,,1000.95,0,14940.1,,0,0,0,,0,0,0.645446,-9.81,boundary
357,23.375,-0.625,,1001.97,0,31182.3,,0,0,0,,0,0,1.33137,-9.81,boundary
358,23.625,-0.625,,1003.14,0,49789.2,,0,0,0,,0,0,2.10088,-9.81,boundary
359,23.875,-0.625,,1004.09,0,64959.1,,0,0,0,,0,0,2.70972,-9.81,boundary
360,24.125,-0.625,,1004.5,0,71519.3,,0,0,0,,0,0,2.95126,-9.81,boundary
361,24.375,-0.625,,1004.36,0,69388.5,,0,0,0,,0,0,2.83434,-9.81,boundary
362,24.625,-0.625,,1003.82,0,60657.6,,0,0,0,,0,0,2.45388,-9.81,boundary
363,24.875,-0.625,,1003.02,0,47789.7,,0,0,0,,0,0,1.91541,-9.81,boundary
364,25.125,-0.625,,1002.1,0,33242,,0,0,0,,0,0,1.32028,-9.81,boundary
365,25.375,-0.625,,1000.93,0,14562.3,,0,0,0,,0,0,0.573354,-9.81,boundary
366,25.625,-0.625,,1000.79,0,12356.3,,0,0,0,,0,0,0.481818,-9.81,boundary
367,25.875,-0.625,,1001.55,0,24437.8,,0,0,0,,0,0,0.942995,-9.81,boundary
368,26.125,-0.625,,1001.72,0,27171.8,,0,0,0,,0,0,1.03828,-9.81,boundary
369,26.375,-0.625,,1001.31,0,20574.4,,0,0,0,,0,0,0.779054,-9.81,boundary
370,26.625,-0.625,,1000.58,0,9141.2,,0,0,0,,0,0,0.343132,-9.81,boundary
371,26.875,-0.625,,1000.3,0,4697.76,,0,0,0,,0,0,0.174748,-9.81,boundary
372,27.125,-0.625,,1000.21,0,3278.11,,0,0,0,,0,0,0.120827,-9.81,boundary
373,27.375,-0.625,,1000.48,0,7611.63,,0,0,0,,0,0,0.277916,-9.81,boundary
374,27.625,-0.625,,1000.88,0,13773.7,,0,0,0,,0,0,0.498159,-9.81,boundary
375,27.875,-0.625,,1000.85,0,13358.9,,0,0,0,,0,0,0.478836,-9.81,boundary
376,28.125,-0.625,,1000.55,0,8655.24,,0,0,0,,0,0,0.307572,-9.81,boundary
377,28.375,-0.625,,1000.27,0,4280.08,,0,0,0,,0,0,0.150799,-9.81,boundary
378,28.625,-0.625,,1000.08,0,1263.17,,0,0,0,,0,0,0.0441248,-9.81,boundary
379,28.875,-0.625,,1000.01,0,79.6015,,0,0,0,,0,0,0.00275675,-9.81,boundary
380,29.125,-0.625,,1000.03,0,500.645,,0,0,0,,0,0,0.017189,-9.81,boundary
381,29.375,-0.625,,1000,0,61.0373,,0,0,0,,0,0,0.00207786,-9.81,boundary
382,29.625,-0.625,,1000,0,0,,0,0,0,,0,0,0,-9.81,boundary
383,29.875,-0.625,,1000,0,0,,0,0,0,,0,0,0,-9.81,boundary
384,30.125,-0.625,,1000,0,0,,0,0,0,,0,0,0,-9.81,boundary
385,30.375,-0.625,,1000,0,0,,0,0,0,,0,0,0,-9.81,boundary
386,30.625,-0.625,,1000,0,0,,0,0,0,,0,0,0,-9.81,boundary
387,30.875,-0.625,,1000,0,0,,0,0,0,,0,0,0,-9.81,boundary
388,31.125,-0.625,,1000,0,0,,0,0,0,,0,0,0,-9.81,boundary
389,31.375,-0.625,,1000,0,0,,0,0,0,,0,0,0,-9.81,boundary
390,31.625,-0.625,,1000,0,0,,0,0,0,,0,0,0,-9.81,boundary
391,31.875,-0.625,,1000,0,0,,0,0,0,,0,0,0,-9.81,boundary
392,32.125,-0.625,,1000,0,0,,0,0,0,,0,0,0,-9.81,boundary
393,32.375,-0.625,,1000,0,0,,0,0,0,,0,0,0,-9.81,boundary
394,32.625,-0.625,,1000,0,0,,0,0,0,,0,0,0,-9.81,boundary
395,32.875,-0.625,,1000,0,0,,0,0,0,,0,0,0,-9.81,boundary
396,0.125,-0.875,,1000.11,0,1735.33,,0,0,0,,0,0,13.8811,-9.81,boundary
397,0.375,-0.875,,1000.1,0,1491.68,,0,0,0,,0,0,3.97742,-9.81,boundary
398,0.625,-0.875,,1000.08,0,1215.34,,0,0,0,,0,0,1.9444,-9.81,boundary
399,0.875,-0.875,,1000.08,0,1202.3,,0,0,0,,0,0,1.37396,-9.81,boundary
400,1.125,-0.875,,1000.1,0,1633.58,,0,0,0,,0,0,1.45192,-9.81,boundary
401,1.375,-0.875,,1000.16,0,2455.23,,0,0,0,,0,0,1.78534,-9.81,boundary
402,1.625,-0.875,,1000.18,0,2877.15,,0,0,0,,0,0,1.77023,-9.81,boundary
403,1.875,-0.875,,1000.17,0,2734.19,,0,0,0,,0,0,1.45798,-9.81,boundary
404,2.125,-0.875,,1000.05,0,754.435,,0,0,0,,0,0,0.355011,-9.81,boundary
405,2.375,-0.875,,1000,0,0,,0,0,0,,0,0,0,-9.81,boundary
406,2.625,-0.875,,1000,0,0,,0,0,0,,0,0,0,-9.81,boundary
407,2.875,-0.875,,1000,0,0,,0,0,0,,0,0,0,-9.81,boundary
408,3.125,-0.875,,1000,0,0,,0,0,0,,0,0,0,-9.81,boundary
409,3.375,-0.875,,1000,0,0,,0,0,0,,0,0,0,-9.81,boundary
410,3.625,-0.875,,1000,0,0,,0,0,0,,0,0,0,-9.81,boundary
411,3.875,-0.875,,1000,0,0,,0,0,0,,0,0,0,-9.81,boundary
412,4.125,-0.875,,1000,0,0,,0,0,0,,0,0,0,-9.81,boundary
413,4.375,-0.875,,1000.06,0,939.867,,0,0,0,,0,0,0.214814,-9.81,boundary
414,4.625,-0.875,,1000.04,0,628.479,,0,0,0,,0,0,0.135882,-9.81,boundary
415,4.875,-0.875,,1000,0,0,,0,0,0,,0,0,0,-9.81,boundary
416,5.125,-0.875,,1000,0,0,,0,0,0,,0,0,0,-9.81,boundary
417,5.375,-0.875,,1000,0,0,,0,0,0,,0,0,0,-9.81,boundary
418,5.625,-0.875,,1000,0,0,,0,0,0,,0,0,0,-9.81,boundary
419,5.875,-0.875,,1000,0,0,,0,0,0,,0,0,0,-9.81,boundary
420,6.125,-0.875,,1000,0,0,,0,0,0,,0,0,0,-9.81,boundary
421,6.375,-0.875,,1000,0,0,,0,0,0,,0,0,0,-9.81,boundary
422,6.625,-0.875,,1000,0,0,,0,0,0,,0,0,0,-9.81,boundary
423,6.875,-0.875,,1000,0,0,,0,0,0,,0,0,0,-9.81,boundary
424,7.125,-0.875,,1000.21,0,3237.8,,0,0,0,,0,0,0.454335,-9.81,boundary
425,7.375,-0.875,,1000.17,0,2698.52,,0,0,0,,0,0,0.365838,-9.81,boundary
426,7.625,-0.875,,1000,0,0,,0,0,0,,0,0,0,-9.81,boundary
427,7.875,-0.875,,1000,0,0,,0,0,0,,0,0,0,-9.81,boundary
428,8.125,-0.875,,1000,0,0,,0,0,0,,0,0,0,-9.81,boundary
429,8.375,-0.875,,1000,0,0,,0,0,0,,0,0,0,-9.81,boundary
430,8.625,-0.875,,1000,0,0,,0,0,0,,0,0,0,-9.81,boundary
431,8.875,-0.875,,1000,0,0,,0,0,0,,0,0,0,-9.81,boundary
432,9.125,-0.875,,1000,0,0,,0,0,0,,0,0,0,-9.81,boundary
433,9.375,-0.875,,1000,0,0,,0,0,0,,0,0,0,-9.81,boundary
434,9.625,-0.875,,1000,0,0,,0,0,0,,0,0,0,-9.81,boundary
435,9.875,-0.875,,1000.16,0,2472.68,,0,0,0,,0,0,0.250358,-9.81,boundary
436,10.125,-0.875,,1000.41,0,6421.72,,0,0,0,,0,0,0.633985,-9.81,boundary
437,10.375,-0.875,,1000.41,0,6396.67,,0,0,0,,0,0,0.616295,-9.81,boundary
438,10.625,-0.875,,1000.39,0,6140.79,,0,0,0,,0,0,0.577731,-9.81,boundary
439,10.875,-0.875,,1000.33,0,5192.44,,0,0,0,,0,0,0.477308,-9.81,boundary
440,11.125,-0.875,,1000.39,0,6084.24,,0,0,0,,0,0,0.546686,-9.81,boundary
441,11.375,-0.875,,1000.9,0,14192.7,,0,0,0,,0,0,1.24659,-9.81,boundary
442,11.625,-0.875,,1002.03,0,31986.2,,0,0,0,,0,0,2.74594,-9.81,boundary
443,11.875,-0.875,,1003.62,0,57375.4,,0,0,0,,0,0,4.8142,-9.81,boundary
444,12.125,-0.875,,1005.36,0,85496.6,,0,0,0,,0,0,7.01367,-9.81,boundary
445,12.375,-0.875,,1006.5,0,104083,,0,0,0,,0,0,8.35638,-9.81,boundary
446,12.625,-0.875,,1006.18,0,98898.9,,0,0,0,,0,0,7.78542,-9.81,boundary
447,12.875,-0.875,,1004.8,0,76482.1,,0,0,0,,0,0,5.91197,-9.81,boundary
448,13.125,-0.875,,1003.47,0,55048.5,,0,0,0,,0,0,4.17967,-9.81,boundary
449,13.375,-0.875,,1003,0,47587.3,,0,0,0,,0,0,3.54727,-9.81,boundary
450,13.625,-0.875,,1003.67,0,58226.6,,0,0,0,,0,0,4.25789,-9.81,boundary
451,13.875,-0.875,,1004.75,0,75692.1,,0,0,0,,0,0,5.42948,-9.81,boundary
452,14.125,-0.875,,1005.18,0,82535.1,,0,0,0,,0,0,5.8131,-9.81,boundary
453,14.375,-0.875,,1004.69,0,74690.3,,0,0,0,,0,0,5.17158,-9.81,boundary
454,14.625,-0.875,,1003.62,0,57510.5,,0,0,0,,0,0,3.91814,-9.81,boundary
455,14.875,-0.875,,1003.03,0,47933.8,,0,0,0,,0,0,3.21272,-9.81,boundary
456,15.125,-0.875,,1000,0,0,,0,0,0,,0,0,0,-9.81,boundary
457,15.375,-0.875,,1003.18,0,50384.3,,0,0,0,,0,0,3.26664,-9.81,boundary
458,15.625,-0.875,,1001.42,0,22402.2,,0,0,0,,0,0,1.43171,-9.81,boundary
459,15.875,-0.875,,1001.99,0,31453.8,,0,0,0,,0,0,1.97741,-9.81,boundary
460,16.125,-0.875,,1002.49,0,39351.9,,0,0,0,,0,0,2.43437,-9.81,boundary
461,16.375,-0.875,,1002.72,0,42981.5,,0,0,0,,0,0,2.61772,-9.81,boundary
462,16.625,-0.875,,1002.63,0,41653.2,,0,0,0,,0,0,2.49887,-9.81,boundary
463,16.875,-0.875,,1002.43,0,38489,,0,0,0,,0,0,2.27529,-9.81,boundary
464,17.125,-0.875,,1002.5,0,39489.4,,0,0,0,,0,0,2.30021,-9.81,boundary
465,17.375,-0.875,,1002.62,0,41487.6,,0,0,0,,0,0,2.38153,-9.81,boundary
466,17.625,-0.875,,1002.55,0,40338,,0,0,0,,0,0,2.28286,-9.81,boundary
467,17.875,-0.875,,1001.65,0,25968.2,,0,0,0,,0,0,1.45038,-9.81,boundary
468,18.125,-0.875,,1002.22,0,35109.4,,0,0,0,,0,0,1.93277,-9.81,boundary
469,18.375,-0.875,,1001.9,0,30004.1,,0,0,0,,0,0,1.62978,-9.81,boundary
470,18.625,-0.875,,1001.72,0,27180.4,,0,0,0,,0,0,1.45684,-9.81,boundary
471,18.875,-0.875,,1001.55,0,24497.6,,0,0,0,,0,0,1.29587,-9.81,boundary
472,19.125,-0.875,,1001.29,0,20255.2,,0,0,0,,0,0,1.05773,-9.81,boundary
473,19.375,-0.875,,1001.01,0,15944.2,,0,0,0,,0,0,0.822095,-9.81,boundary
474,19.625,-0.875,,1000.88,0,13900,,0,0,0,,0,0,0.707654,-9.81,boundary
475,19.875,-0.875,,1002.72,0,43020.1,,0,0,0,,0,0,2.15867,-9.81,boundary
476,20.125,-0.875,,1002.93,0,46421.7,,0,0,0,,0,0,2.29992,-9.81,boundary
477,20.375,-0.875,,1002.98,0,47272.8,,0,0,0,,0,0,2.31323,-9.81,boundary
478,20.625,-0.875,,1002.62,0,41435.1,,0,0,0,,0,0,2.00373,-9.81,boundary
479,20.875,-0.875,,1002.48,0,39169.5,,0,0,0,,0,0,1.87175,-9.81,boundary
480,21.125,-0.875,,1003.21,0,50805.4,,0,0,0,,0,0,2.3973,-9.81,boundary
481,21.375,-0.875,,1003.81,0,60471.5,,0,0,0,,0,0,2.81834,-9.81,boundary
482,21.625,-0.875,,1003.52,0,55775.6,,0,0,0,,0,0,2.57018,-9.81,boundary
483,21.875,-0.875,,1001.9,0,29943.4,,0,0,0,,0,0,1.36625,-9.81,boundary
484,22.125,-0.875,,1000.67,0,10471.7,,0,0,0,,0,0,0.472982,-9.81,boundary
485,22.375,-0.875,,1000.18,0,2807.44,,0,0,0,,0,0,0.12545,-9.81,boundary
486,22.625,-0.875,,1000.39,0,6080.62,,0,0,0,,0,0,0.268653,-9.81,boundary
487,22.875,-0.875,,1001.35,0,21218,,0,0,0,,0,0,0.926318,-9.81,boundary
488,23.125,-0.875,,1002.65,0,41855.7,,0,0,0,,0,0,1.8052,-9.81,boundary
489,23.375,-0.875,,1003.55,0,56265.1,,0,0,0,,0,0,2.39856,-9.81,boundary
490,23.625,-0.875,,1003.97,0,63136.6,,0,0,0,,0,0,2.66187,-9.81,boundary
491,23.875,-0.875,,1004.16,0,66107.1,,0,0,0,,0,0,2.75742,-9.81,boundary
492,24.125,-0.875,,1003.98,0,63214,,0,0,0,,0,0,2.60988,-9.81,boundary
493,24.375,-0.875,,1003.47,0,54977,,0,0,0,,0,0,2.24768,-9.81,boundary
494,24.625,-0.875,,1002.69,0,42566.5,,0,0,0,,0,0,1.72395,-9.81,boundary
495,24.875,-0.875,,1001.66,0,26252.3,,0,0,0,,0,0,1.05362,-9.81,boundary
496,25.125,-0.875,,1000.56,0,8756.43,,0,0,0,,0,0,0.348321,-9.81,boundary
497,25.375,-0.875,,1000,0,0,,0,0,0,,0,0,0,-9.81,boundary
498,25.625,-0.875,,1000,0,0,,0,0,0,,0,0,0,-9.81,boundary
499,25.875,-0.875,,1000,0,0,,0,0,0,,0,0,0,-9.81,boundary
500,26.125,-0.875,,1000,0,0,,0,0,0,,0,0,0,-9.81,boundary
501,26.375,-0.875,,1000,0,0,,0,0,0,,0,0,0,-9.81,boundary
502,26.625,-0.875,,1000,0,0,,0,0,0,,0,0,0,-9.81,boundary
503,26.875,-0.875,,1000,0,0,,0,0,0,,0,0,0,-9.81,boundary
504,27.125,-0.875,,1000,0,0,,0,0,0,,0,0,0,-9.81,boundary
505,27.375,-0.875,,1000.08,0,1311.36,,0,0,0,,0,0,0.0478995,-9.81,boundary
506,27.625,-0.875,,1000.77,0,12052.8,,0,0,0,,0,0,0.435965,-9.81,boundary
507,27.875,-0.875,,1000.82,0,12832.2,,0,0,0,,0,0,0.459973,-9.81,boundary
508,28.125,-0.875,,1000.27,0,4199.39,,0,0,0,,0,0,0.149272,-9.81,boundary
509,28.375,-0.875,,1000,0,0,,0,0,0,,0,0,0,-9.81,boundary
510,28.625,-0.875,,1000,0,0,,0,0,0,,0,0,0,-9.81,boundary
511,28.875,-0.875,,1000,0,0,,0,0,0,,0,0,0,-9.81,boundary
512,29.125,-0.875,,1000.11,0,1747.29,,0,0,0,,0,0,0.0599861,-9.81,boundary
513,29.375,-0.875,,1000.15,0,2381.28,,0,0,0,,0,0,0.0810525,-9.81,boundary
514,29.625,-0.875,,1000.06,0,933.751,,0,0,0,,0,0,0.0315171,-9.81,boundary
515,29.875,-0.875,,1000,0,0,,0,0,0,,0,0,0,-9.81,boundary
516,30.125,-0.875,,1000,0,0,,0,0,0,,0,0,0,-9.81,boundary
517,30.375,-0.875,,1000,0,0,,0,0,0,,0,0,0,-9.81,boundary
518,30.625,-0.875,,1000,0,0,,0,0,0,,0,0,0,-9.81,boundary
519,30.875,-0.875,,1000,0,0,,0,0,0,,0,0,0,-9.81,boundary
520,31.125,-0.875,,1000,0,0,,0,0,0,,0,0,0,-9.81,boundary
521,31.375,-0.875,,1000,0,0,,0,0,0,,0,0,0,-9.81,boundary
522,31.625,-0.875,,1000.19,0,3042.63,,0,0,0,,0,0,0.0961909,-9.81,boundary
523,31.875,-0.875,,1000.17,0,2730.26,,0,0,0,,0,0,0.0856402,-9.81,boundary
524,32.125,-0.875,,1000.2,0,3140.83,,0,0,0,,0,0,0.0977496,-9.81,boundary
525,32.375,-0.875,,1000.23,0,3669.32,,0,0,0,,0,0,0.113312,-9.81,boundary
526,32.625,-0.875,,1000,0,0,,0,0,0,,0,0,0,-9.81,boundary
527,32.875,-0.875,,1000,0,0,,0,0,0,,0,0,0,-9.81,boundary
528,32.125,0.125,,1000.15,0,2404.72,,0,0,0,,0,0,0.0748435,-9.81,boundary
529,32.125,0.375,,1000.17,0,2687.98,,0,0,0,,0,0,0.0836582,-9.81,boundary
530,32.125,0.625,,1000.31,0,4877.31,,0,0,0,,0,0,0.151776,-9.81,boundary
531,32.125,0.875,,1000.35,0,5454.59,,0,0,0,,0,0,0.169734,-9.81,boundary
532,32.125,1.125,,1000.28,0,4396.22,,0,0,0,,0,0,0.136809,-9.81,boundary
533,32.125,1.375,,1000.25,0,3910.58,,0,0,0,,0,0,0.1217,-9.81,boundary
534,32.125,1.625,,1000.21,0,3281.05,,0,0,0,,0,0,0.102113,-9.81,boundary
535,32.125,1.875,,1000.18,0,2890.81,,0,0,0,,0,0,0.0899698,-9.81,boundary
536,32.125,2.125,,1000,0,0,,0,0,0,,0,0,0,-9.81,boundary
537,32.125,2.375,,1000,0,0,,0,0,0,,0,0,0,-9.81,boundary
538,32.125,2.625,,1000,0,0,,0,0,0,,0,0,0,-9.81,boundary
539,32.125,2.875,,1000,0,0,,0,0,0,,0,0,0,-9.81,boundary
540,32.125,3.125,,1000,0,0,,0,0,0,,0,0,0,-9.81,boundary
541,32.125,3.375,,1000,0,0,,0,0,0,,0,0,0,-9.81,boundary
542,32.125,3.625,,1000,0,0,,0,0,0,,0,0,0,-9.81,boundary
543,32.125,3.875,,1000,0,0,,0,0,0,,0,0,0,-9.81,boundary
544,32.125,4.125,,1000,0,0,,0,0,0,,0,0,0,-9.81,boundary
545,32.125,4.375,,1000,0,0,,0,0,0,,0,0,0,-9.81,boundary
546,32.125,4.625,,1000,0,0,,0,0,0,,0,0,0,-9.81,boundary
547,32.125,4.875,,1000,0,0,,0,0,0,,0,0,0,-9.81,boundary
548,32.125,5.125,,1000,0,0,,0,0,0,,0,0,0,-9.81,boundary
549,32.125,5.375,,1000,0,0,,0,0,0,,0,0,0,-9.81,boundary
550,32.125,5.625,,1000,0,0,,0,0,0,,0,0,0,-9.81,boundary
551,32.125,5.875,,1000,0,0,,0,0,0,,0,0,0,-9.81,boundary
552,32.125,6.125,,1000,0,0,,0,0,0,,0,0,0,-9.81,boundary
553,32.125,6.375,,1000,0,0,,0,0,0,,0,0,0,-9.81,boundary
554,32.125,6.625,,1000,0,0,,0,0,0,,0,0,0,-9.81,boundary
555,32.125,6.875,,1000,0,0,,0,0,0,,0,0,0,-9.81,boundary
556,32.125,7.125,,1000,0,0,,0,0,0,,0,0,0,-9.81,boundary
557,32.125,7.375,,1000,0,0,,0,0,0,,0,0,0,-9.81,boundary
558,32.125,7.625,,1000,0,0,,0,0,0,,0,0,0,-9.81,boundary
559,32.125,7.875,,1000,0,0,,0,0,0,,0,0,0,-9.81,boundary
560,32.125,8.125,,1000,0,0,,0,0,0,,0,0,0,-9.81,boundary
561,32.125,8.375,,1000,0,0,,0,0,0,,0,0,0,-9.81,boundary
562,32.125,8.625,,1000,0,0,,0,0,0,,0,0,0,-9.81,boundary
563,32.125,8.875,,1000,0,0,,0,0,0,,0,0,0,-9.81,boundary
564,32.125,9.125,,1000,0,0,,0,0,0,,0,0,0,-9.81,boundary
565,32.125,9.375,,1000,0,0,,0,0,0,,0,0,0,-9.81,boundary
566,32.125,9.625,,1000,0,0,,0,0,0,,0,0,0,-9.81,boundary
567,32.125,9.875,,1000,0,0,,0,0,0,,0,0,0,-9.81,boundary
568,32.125,10.125,,1000,0,0,,0,0,0,,0,0,0,-9.81,boundary
569,32.125,10.375,,1000,0,0,,0,0,0,,0,0,0,-9.81,boundary
570,32.125,10.625,,1000,0,0,,0,0,0,,0,0,0,-9.81,boundary
571,32.125,10.875,,1000,0,0,,0,0,0,,0,0,0,-9.81,boundary
572,32.125,11.125,,1000,0,0,,0,0,0,,0,0,0,-9.81,boundary
573,32.125,11.375,,1000,0,0,,0,0,0,,0,0,0,-9.81,boundary
574,32.125,11.625,,1000,0,0,,0,0,0,,0,0,0,-9.81,boundary
575,32.125,11.875,,1000,0,0,,0,0,0,,0,0,0,-9.81,boundary
576,32.125,12.125,,1000,0,0,,0,0,0,,0,0,0,-9.81,boundary
577,32.125,12.375,,1000,0,0,,0,0,0,,0,0,0,-9.81,boundary
578,32.125,12.625,,1000,0,0,,0,0,0,,0,0,0,-9.81,boundary
579,32.125,12.875,,1000,0,0,,0,0,0,,0,0,0,-9.81,boundary
580,32.125,13.125,,1000,0,0,,0,0,0,,0,0,0,-9.81,boundary
581,32.125,13.375,,1000,0,0,,0,0,0,,0,0,0,-9.81,boundary
582,32.125,13.625,,1000,0,0,,0,0,0,,0,0,0,-9.81,boundary
583,32.125,13.875,,1000,0,0,,0,0,0,,0,0,0,-9.81,boundary
584,32.125,14.125,,1000,0,0,,0,0,0,,0,0,0,-9.81,boundary
585,32.125,14.375,,1000,0,0,,0,0,0,,0,0,0,-9.81,boundary
586,32.125,14.625,,1000,0,0,,0,0,0,,0,0,0,-9.81,boundary
587,32.125,14.875,,1000,0,0,,0,0,0,,0,0,0,-9.81,boundary
588,32.125,15.125,,1000,0,0,,0,0,0,,0,0,0,-9.81,boundary
589,32.125,15.375,,1000,0,0,,0,0,0,,0,0,0,-9.81,boundary
590,32.125,15.625,,1000,0,0,,0,0,0,,0,0,0,-9.81,boundary
591,32.125,15.875,,1000,0,0,,0,0,0,,0,0,0,-9.81,boundary
592,32.125,16.125,,1000,0,0,,0,0,0,,0,0,0,-9.81,boundary
593,32.125,16.375,,1000,0,0,,0,0,0,,0,0,0,-9.81,boundary
594,32.125,16.625,,1000,0,0,,0,0,0,,0,0,0,-9.81,boundary
595,32.125,16.875,,1000,0,0,,0,0,0,,0,0,0,-9.81,boundary
596,32.125,17.125,,1000,0,0,,0,0,0,,0,0,0,-9.81,boundary
597,32.125,17.375,,1000,0,0,,0,0,0,,0,0,0,-9.81,boundary
598,32.125,17.625,,1000,0,0,,0,0,0,,0,0,0,-9.81,boundary
599,32.125,17.875,,1000,0,0,,0,0,0,,0,0,0,-9.81,boundary
600,32.125,18.125,,1000,0,0,,0,0,0,,0,0,0,-9.81,boundary
601,32.125,18.375,,1000,0,0,,0,0,0,,0,0,0,-9.81,boundary
602,32.125,18.625,,1000,0,0,,0,0,0,,0,0,0,-9.81,boundary
603,32.125,18.875,,1000,0,0,,0,0,0,,0,0,0,-9.81,boundary
604,32.125,19.125,,1000,0,0,,0,0,0,,0,0,0,-9.81,boundary
605,32.125,19.375,,1000,0,0,,0,0,0,,0,0,0,-9.81,boundary
606,32.125,19.625,,1000,0,0,,0,0,0,,0,0,0,-9.81,boundary
607,32.125,19.875,,1000,0,0,,0,0,0,,0,0,0,-9.81,boundary
608,32.125,20.125,,1000,0,0,,0,0,0,,0,0,0,-9.81,boundary
609,32.125,20.375,,1000,0,0,,0,0,0,,0,0,0,-9.81,boundary
610,32.125,20.625,,1000,0,0,,0,0,0,,0,0,0,-9.81,boundary
611,32.125,20.875,,1000,0,0,,0,0,0,,0,0,0,-9.81,boundary
612,32.125,21.125,,1000,0,0,,0,0,0,,0,0,0,-9.81,boundary
613,32.125,21.375,,1000,0,0,,0,0,0,,0,0,0,-9.81,boundary
614,32.125,21.625,,1000,0,0,,0,0,0,,0,0,0,-9.81,boundary
615,32.125,21.875,,1000,0,0,,0,0,0,,0,0,0,-9.81,boundary
616,32.375,0.125,,1000,0,0,,0,0,0,,0,0,0,-9.81,boundary
617,32.375,0.375,,1000.18,0,2799.61,,0,0,0,,0,0,0.0864591,-9.81,boundary
618,32.375,0.625,,1000.34,0,5330.98,,0,0,0,,0,0,0.164608,-9.81,boundary
619,32.375,0.875,,1000.33,0,5202.6,,0,0,0,,0,0,0.160645,-9.81,boundary
620,32.375,1.125,,1000.19,0,2976.35,,0,0,0,,0,0,0.0919161,-9.81,boundary
621,32.375,1.375,,1000.25,0,3959.57,,0,0,0,,0,0,0.122273,-9.81,boundary
622,32.375,1.625,,1000.22,0,3402.69,,0,0,0,,0,0,0.10508,-9.81,boundary
623,32.375,1.875,,1000.19,0,2906.23,,0,0,0,,0,0,0.0897512,-9.81,boundary
624,32.375,2.125,,1000,0,0,,0,0,0,,0,0,0,-9.81,boundary
625,32.375,2.375,,1000,0,0,,0,0,0,,0,0,0,-9.81,boundary
626,32.375,2.625,,1000,0,0,,0,0,0,,0,0,0,-9.81,boundary
627,32.375,2.875,,1000,0,0,,0,0,0,,0,0,0,-9.81,boundary
628,32.375,3.125,,1000,0,0,,0,0,0,,0,0,0,-9.81,boundary
629,32.375,3.375,,1000,0,0,,0,0,0,,0,0,0,-9.81,boundary
630,32.375,3.625,,1000,0,0,,0,0,0,,0,0,0,-9.81,boundary
631,32.375,3.875,,1000,0,0,,0,0,0,,0,0,0,-9.81,boundary
632,32.375,4.125,,1000,0,0,,0,0,0,,0,0,0,-9.81,boundary
633,32.375,4.375,,1000,0,0,,0,0,0,,0,0,0,-9.81,boundary
634,32.375,4.625,,1000,0,0,,0,0,0,,0,0,0,-9.81,boundary
635,32.375,4.875,,1000,0,0,,0,0,0,,0,0,0,-9.81,boundary
636,32.375,5.125,,1000,0,0,,0,0,0,,0,0,0,-9.81,boundary
637,32.375,5.375,,1000,0,0,,0,0,0,,0,0,0,-9.81,boundary
638,32.375,5.625,,1000,0,0,,0,0,0,,0,0,0,-9.81,boundary
639,32.375,5.875,,1000,0,0,,0,0,0,,0,0,0,-9.81,boundary
640,32.375,6.125,,1000,0,0,,0,0,0,,0,0,0,-9.81,boundary
641,32.375,6.375,,1000,0,0,,0,0,0,,0,0,0,-9.81,boundary
642,32.375,6.625,,1000,0,0,,0,0,0,,0,0,0,-9.81,boundary
643,32.375,6.875,,1000,0,0,,0,0,0,,0,0,0,-9.81,boundary
644,32.375,7.125,,1000,0,0,,0,0,0,,0,0,0,-9.81,boundary
645,32.375,7.375,,1000,0,0,,0,0,0,,0,0,0,-9.81,boundary
646,32.375,7.625,,1000,0,0,,0,0,0,,0,0,0,-9.81,boundary
647,32.375,7.875,,1000,0,0,,0,0,0,,0,0,0,-9.81,boundary
648,32.375,8.125,,1000,0,0,,0,0,0,,0,0,0,-9.81,boundary
649,32.375,8.375,,1000,0,0,,0,0,0,,0,0,0,-9.81,boundary
650,32.375,8.625,,1000,0,0,,0,0,0,,0,0,0,-9.81,boundary
651,32.375,8.875,,1000,0,0,,0,0,0,,0,0,0,-9.81,boundary
652,32.375,9.125,,1000,0,0,,0,0,0,,0,0,0,-9.81,boundary
653,32.375,9.375,,1000,0,0,,0,0,0,,0,0,0,-9.81,boundary
654,32.375,9.625,,1000,0,0,,0,0,0,,0,0,0,-9.81,boundary
655,32.375,9.875,,1000,0,0,,0,0,0,,0,0,0,-9.81,boundary
656,32.375,10.125,,1000,0,0,,0,0,0,,0,0,0,-9.81,boundary
657,32.375,10.375,,1000,0,0,,0,0,0,,0,0,0,-9.81,boundary
658,32.375,10.625,,1000,0,0,,0,0,0,,0,0,0,-9.81,boundary
659,32.375,10.875,,1000,0,0,,0,0,0,,0,0,0,-9.81,boundary
660,32.375,11.125,,1000,0,0,,0,0,0,,0,0,0,-9.81,boundary
661,32.375,11.375,,1000,0,0,,0,0,0,,0,0,0,-9.81,boundary
662,32.375,11.625,,1000,0,0,,0,0,0,,0,0,0,-9.81,boundary
663,32.375,11.875,,1000,0,0,,0,0,0,,0,0,0,-9.81,boundary
664,32.375,12.125,,1000,0,0,,0,0,0,,0,0,0,-9.81,boundary
665,32.375,12.375,,1000,0,0,,0,0,0,,0,0,0,-9.81,boundary
666,32.375,12.625,,1000,0,0,,0,0,0,,0,0,0,-9.81,boundary
667,32.375,12.875,,1000,0,0,,0,0,0,,0,0,0,-9.81,boundary
668,32.375,13.125,,1000,0,0,,0,0,0,,0,0,0,-9.81,boundary
669,32.375,13.375,,1000,0,0,,0,0,0,,0,0,0,-9.81,boundary
670,32.375,13.625,,1000,0,0,,0,0,0,,0,0,0,-9.81,boundary
671,32.375,13.875,,1000,0,0,,0,0,0,,0,0,0,-9.81,boundary
672,32.375,14.125,,1000,0,0,,0,0,0,,0,0,0,-9.81,boundary
673,32.375,14.375,,1000,0,0,,0,0,0,,0,0,0,-9.81,boundary
674,32.375,14.625,,1000,0,0,,0,0,0,,0,0,0,-9.81,boundary
675,32.375,14.875,,1000,0,0,,0,0,0,,0,0,0,-9.81,boundary
676,32.375,15.125,,1000,0,0,,0,0,0,,0,0,0,-9.81,boundary
677,32.375,15.375,,1000,0,0,,0,0,0,,0,0,0,-9.81,boundary
678,32.375,15.625,,1000,0,0,,0,0,0,,0,0,0,-9.81,boundary
679,32.375,15.875,,1000,0,0,,0,0,0,,0,0,0,-9.81,boundary
680,32.375,16.125,,1000,0,0,,0,0,0,,0,0,0,-9.81,boundary
681,32.375,16.375,,1000,0,0,,0,0,0,,0,0,0,-9.81,boundary
682,32.375,16.625,,1000,0,0,,0,0,0,,0,0,0,-9.81,boundary
683,32.375,16.875,,1000,0,0,,0,0,0,,0,0,0,-9.81,boundary
684,32.375,17.125,,1000,0,0,,0,0,0,,0,0,0,-9.81,boundary
685,32.375,17.375,,1000,0,0,,0,0,0,,0,0,0,-9.81,boundary
686,32.375,17.625,,1000,0,0,,0,0,0,,0,0,0,-9.81,boundary
687,32.375,17.875,,1000,0,0,,0,0,0,,0,0,0,-9.81,boundary
688,32.375,18.125,,1000,0,0,,0,0,0,,0,0,0,-9.81,boundary
689,32.375,18.375,,1000,0,0,,0,0,0,,0,0,0,-9.81,boundary
690,32.375,18.625,,1000,0,0,,0,0,0,,0,0,0,-9.81,boundary
691,32.375,18.875,,1000,0,0,,0,0,0,,0,0,0,-9.81,boundary
692,32.375,19.125,,1000,0,0,,0,0,0,,0,0,0,-9.81,boundary
693,32.375,19.375,,1000,0,0,,0,0,0,,0,0,0,-9.81,boundary
694,32.375,19.625,,1000,0,0,,0,0,0,,0,0,0,-9.81,boundary
695,32.375,19.875,,1000,0,0,,0,0,0,,0,0,0,-9.81,boundary
696,32.375,20.125,,1000,0,0,,0,0,0,,0,0,0,-9.81,boundary
697,32.375,20.375,,1000,0,0,,0,0,0,,0,0,0,-9.81,boundary
698,32.375,20.625,,1000,0,0,,0,0,0,,0,0,0,-9.81,boundary
699,32.375,20.875,,1000,0,0,,0,0,0,,0,0,0,-9.81,boundary
700,32.375,21.125,,1000,0,0,,0,0,0,,0,0,0,-9.81,boundary
701,32.375,21.375,,1000,0,0,,0,0,0,,0,0,0,-9.81,boundary
702,32.375,21.625,,1000,0,0,,0,0,0,,0,0,0,-9.81,boundary
703,32.375,21.875,,1000,0,0,,0,0,0,,0,0,0,-9.81,boundary
704,32.625,0.125,,1000.12,0,1856.52,,0,0,0,,0,0,0.0568981,-9.81,boundary
705,32.625,0.375,,1000.25,0,3923.79,,0,0,0,,0,0,0.120239,-9.81,boundary
706,32.625,0.625,,1000.33,0,5144.84,,0,0,0,,0,0,0.157645,-9.81,boundary
707,32.625,0.875,,1000.29,0,4547.09,,0,0,0,,0,0,0.139334,-9.81,boundary
708,32.625,1.125,,1000.15,0,2421.53,,0,0,0,,0,0,0.0742118,-9.81,boundary
709,32.625,1.375,,1000.27,0,4293.56,,0,0,0,,0,0,0.131567,-9.81,boundary
710,32.625,1.625,,1000.26,0,4025.63,,0,0,0,,0,0,0.123359,-9.81,boundary
711,32.625,1.875,,1000.35,0,5430.92,,0,0,0,,0,0,0.166407,-9.81,boundary
712,32.625,2.125,,1000.78,0,12230.3,,0,0,0,,0,0,0.374583,-9.81,boundary
713,32.625,2.375,,1000,0,0,,0,0,0,,0,0,0,-9.81,boundary
714,32.625,2.625,,1000,0,0,,0,0,0,,0,0,0,-9.81,boundary
715,32.625,2.875,,1000,0,0,,0,0,0,,0,0,0,-9.81,boundary
716,32.625,3.125,,1000,0,0,,0,0,0,,0,0,0,-9.81,boundary
717,32.625,3.375,,1000,0,0,,0,0,0,,0,0,0,-9.81,boundary
718,32.625,3.625,,1000,0,0,,0,0,0,,0,0,0,-9.81,boundary
719,32.625,3.875,,1000,0,0,,0,0,0,,0,0,0,-9.81,boundary
720,32.625,4.125,,1000,0,0,,0,0,0,,0,0,0,-9.81,boundary
721,32.625,4.375,,1000,0,0,,0,0,0,,0,0,0,-9.81,boundary
722,32.625,4.625,,1000,0,0,,0,0,0,,0,0,0,-9.81,boundary
723,32.625,4.875,,1000,0,0,,0,0,0,,0,0,0,-9.81,boundary
724,32.625,5.125,,1000,0,0,,0,0,0,,0,0,0,-9.81,boundary
725,32.625,5.375,,1000,0,0,,0,0,0,,0,0,0,-9.81,boundary
726,32.625,5.625,,1000,0,0,,0,0,0,,0,0,0,-9.81,boundary
727,32.625,5.875,,1000,0,0,,0,0,0,,0,0,0,-9.81,boundary
728,32.625,6.125,,1000,0,0,,0,0,0,,0,0,0,-9.81,boundary
729,32.625,6.375,,1000,0,0,,0,0,0,,0,0,0,-9.81,boundary
730,32.625,6.625,,1000,0,0,,0,0,0,,0,0,0,-9.81,boundary
731,32.625,6.875,,1000,0,0,,0,0,0,,0,0,0,-9.81,boundary
732,32.625,7.125,,1000,0,0,,0,0,0,,0,0,0,-9.81,boundary
733,32.625,7.375,,1000,0,0,,0,0,0,,0,0,0,-9.81,boundary
734,32.625,7.625,,1000,0,0,,0,0,0,,0,0,0,-9.81,boundary
735,32.625,7.875,,1000,0,0,,0,0,0,,0,0,0,-9.81,boundary
736,32.625,8.125,,1000,0,0,,0,0,0,,0,0,0,-9.81,boundary
737,32.625,8.375,,1000,0,0,,0,0,0,,0,0,0,-9.81,boundary
738,32.625,8.625,,1000,0,0,,0,0,0,,0,0,0,-9.81,boundary
739,32.625,8.875,,1000,0,0,,0,0,0,,0,0,0,-9.81,boundary
740,32.625,9.125,,1000,0,0,,0,0,0,,0,0,0,-9.81,boundary
741,32.625,9.375,,1000,0,0,,0,0,0,,0,0,0,-9.81,boundary
742,32.625,9.625,,1000,0,0,,0,0,0,,0,0,0,-9.81,boundary
743,32.625,9.875,,1000,0,0,,0,0,0,,0,0,0,-9.81,boundary
744,32.625,10.125,,1000,0,0,,0,0,0,,0,0,0,-9.81,boundary
745,32.625,10.375,,1000,0,0,,0,0,0,,0,0,0,-9.81,boundary
746,32.625,10.625,,1000,0,0,,0,0,0,,0,0,0,-9.81,boundary
747,32.625,10.875,,1000,0,0,,0,0,0,,0,0,0,-9.81,boundary
748,32.625,11.125,,1000,0,0,,0,0,0,,0,0,0,-9.81,boundary
749,32.625,11.375,,1000,0,0,,0,0,0,,0,0,0,-9.81,boundary
750,32.625,11.625,,1000,0,0,,0,0,0,,0,0,0,-9.81,boundary
751,32.625,11.875,,1000,0,0,,0,0,0,,0,0,0,-9.81,boundary
752,32.625,12.125,,1000,0,0,,0,0,0,,0,0,0,-9.81,boundary
753,32.625,12.375,,1000,0,0,,0,0,0,,0,0,0,-9.81,boundary
754,32.625,12.625,,1000,0,0,,0,0,0,,0,0,0,-9.81,boundary
755,32.625,12.875,,1000,0,0,,0,0,0,,0,0,0,-9.81,boundary
756,32.625,13.125,,1000,0,0,,0,0,0,,0,0,0,-9.81,boundary
757,32.625,13.375,,1000,0,0,,0,0,0,,0,0,0,-9.81,boundary
758,32.625,13.625,,1000,0,0,,0,0,0,,0,0,0,-9.81,boundary
759,32.625,13.875,,1000,0,0,,0,0,0,,0,0,0,-9.81,boundary
760,32.625,14.125,,1000,0,0,,0,0,0,,0,0,0,-9.81,boundary
761,32.625,14.375,,1000,0,0,,0,0,0,,0,0,0,-9.81,boundary
762,32.625,14.625,,1000,0,0,,0,0,0,,0,0,0,-9.81,boundary
763,32.625,14.875,,1000,0,0,,0,0,0,,0,0,0,-9.81,boundary
764,32.625,15.125,,1000,0,0,,0,0,0,,0,0,0,-9.81,boundary
765,32.625,15.375,,1000,0,0,,0,0,0,,0,0,0,-9.81,boundary
766,32.625,15.625,,1000,0,0,,0,0,0,,0,0,0,-9.81,boundary
767,32.625,15.875,,1000,0,0,,0,0,0,,0,0,0,-9.81,boundary
768,32.625,16.125,,1000,0,0,,0,0,0,,0,0,0,-9.81,boundary
769,32.625,16.375,,1000,0,0,,0,0,0,,0,0,0,-9.81,boundary
770,32.625,16.625,,1000,0,0,,0,0,0,,0,0,0,-9.81,boundary
771,32.625,16.875,,1000,0,0,,0,0,0,,0,0,0,-9.81,boundary
772,32.625,17.125,,1000,0,0,,0,0,0,,0,0,0,-9.81,boundary
773,32.625,17.375,,1000,0,0,,0,0,0,,0,0,0,-9.81,boundary
774,32.625,17.625,,1000,0,0,,0,0,0,,0,0,0,-9.81,boundary
775,32.625,17.875,,1000,0,0,,0,0,0,,0,0,0,-9.81,boundary
776,32.625,18.125,,1000,0,0,,0,0,0,,0,0,0,-9.81,boundary
777,32.625,18.375,,1000,0,0,,0,0,0,,0,0,0,-9.81,boundary
778,32.625,18.625,,1000,0,0,,0,0,0,,0,0,0,-9.81,boundary
779,32.625,18.875,,1000,0,0,,0,0,0,,0,0,0,-9.81,boundary
780,32.625,19.125,,1000,0,0,,0,0,0,,0,0,0,-9.81,boundary
781,32.625,19.375,,1000,0,0,,0,0,0,,0,0,0,-9.81,boundary
782,32.625,19.625,,1000,0,0,,0,0,0,,0,0,0,-9.81,boundary
783,32.625,19.875,,1000,0,0,,0,0,0,,0,0,0,-9.81,boundary
784,32.625,20.125,,1000,0,0,,0,0,0,,0,0,0,-9.81,boundary
785,32.625,20.375,,1000,0,0,,0,0,0,,0,0,0,-9.81,boundary
786,32.625,20.625,,1000,0,0,,0,0,0,,0,0,0,-9.81,boundary
787,32.625,20.875,,1000,0,0,,0,0,0,,0,0,0,-9.81,boundary
788,32.625,21.125,,1000,0,0,,0,0,0,,0,0,0,-9.81,boundary
789,32.625,21.375,,1000,0,0,,0,0,0,,0,0,0,-9.81,boundary
790,32.625,21.625,,1000,0,0,,0,0,0,,0,0,0,-9.81,boundary
791,32.625,21.875,,1000,0,0,,0,0,0,,0,0,0,-9.81,boundary
792,32.875,0.125,,1000.26,0,4101.97,,0,0,0,,0,0,0.124742,-9.81,boundary
793,32.875,0.375,,1000.35,0,5525.69,,0,0,0,,0,0,0.168023,-9.81,boundary
794,32.875,0.625,,1000.36,0,5702.48,,0,0,0,,0,0,0.173396,-9.81,boundary
795,32.875,0.875,,1000.28,0,4380.16,,0,0,0,,0,0,0.1332,-9.81,boundary
796,32.875,1.125,,1000.31,0,4937.21,,0,0,0,,0,0,0.150134,-9.81,boundary
797,32.875,1.375,,1000.34,0,5386.89,,0,0,0,,0,0,0.163804,-9.81,boundary
798,32.875,1.625,,1000.46,0,7226.98,,0,0,0,,0,0,0.219731,-9.81,boundary
799,32.875,1.875,,1000.75,0,11758.9,,0,0,0,,0,0,0.357418,-9.81,boundary
800,32.875,2.125,,1000.78,0,12230.3,,0,0,0,,0,0,0.371734,-9.81,boundary
801,32.875,2.375,,1000,0,0,,0,0,0,,0,0,0,-9.81,boundary
802,32.875,2.625,,1000,0,0,,0,0,0,,0,0,0,-9.81,boundary
803,32.875,2.875,,1000,0,0,,0,0,0,,0,0,0,-9.81,boundary
804,32.875,3.125,,1000,0,0,,0,0,0,,0,0,0,-9.81,boundary
805,32.875,3.375,,1000,0,0,,0,0,0,,0,0,0,-9.81,boundary
806,32.875,3.625,,1000,0,0,,0,0,0,,0,0,0,-9.81,boundary
807,32.875,3.875,,1000,0,0,,0,0,0,,0,0,0,-9.81,boundary
808,32.875,4.125,,1000,0,0,,0,0,0,,0,0,0,-9.81,boundary
809,32.875,4.375,,1000,0,0,,0,0,0,,0,0,0,-9.81,boundary
810,32.875,4.625,,1000,0,0,,0,0,0,,0,0,0,-9.81,boundary
811,32.875,4.875,,1000,0,0,,0,0,0,,0,0,0,-9.81,boundary
812,32.875,5.125,,1000,0,0,,0,0,0,,0,0,0,-9.81,boundary
813,32.875,5.375,,1000,0,0,,0,0,0,,0,0,0,-9.81,boundary
814,32.875,5.625,,1000,0,0,,0,0,0,,0,0,0,-9.81,boundary
815,32.875,5.875,,1000,0,0,,0,0,0,,0,0,0,-9.81,boundary
816,32.875,6.125,,1000,0,0,,0,0,0,,0,0,0,-9.81,boundary
817,32.875,6.375,,1000,0,0,,0,0,0,,0,0,0,-9.81,boundary
818,32.875,6.625,,1000,0,0,,0,0,0,,0,0,0,-9.81,boundary
819,32.875,6.875,,1000,0,0,,0,0,0,,0,0,0,-9.81,boundary
820,32.875,7.125,,1000,0,0,,0,0,0,,0,0,0,-9.81,boundary
821,32.875,7.375,,1000,0,0,,0,0,0,,0,0,0,-9.81,boundary
822,32.875,7.625,,1000,0,0,,0,0,0,,0,0,0,-9.81,boundary
823,32.875,7.875,,1000,0,0,,0,0,0,,0,0,0,-9.81,boundary
824,32.875,8.125,,1000,0,0,,0,0,0,,0,0,0,-9.81,boundary
825,32.875,8.375,,1000,0,0,,0,0,0,,0,0,0,-9.81,boundary
826,32.875,8.625,,1000,0,0,,0,0,0,,0,0,0,-9.81,boundary
827,32.875,8.875,,1000,0,0,,0,0,0,,0,0,0,-9.81,boundary
828,32.875,9.125,,1000,0,0,,0,0,0,,0,0,0,-9.81,boundary
829,32.875,9.375,,1000,0,0,,0,0,0,,0,0,0,-9.81,boundary
830,32.875,9.625,,1000,0,0,,0,0,0,,0,0,0,-9.81,boundary
831,32.875,9.875,,1000,0,0,,0,0,0,,0,0,0,-9.81,boundary
832,32.875,10.125,,1000,0,0,,0,0,0,,0,0,0,-9.81,boundary
833,32.875,10.375,,1000,0,0,,0,0,0,,0,0,0,-9.81,boundary
834,32.875,10.625,,1000,0,0,,0,0,0,,0,0,0,-9.81,boundary
835,32.875,10.875,,1000,0,0,,0,0,0,,0,0,0,-9.81,boundary
836,32.875,11.125,,1000,0,0,,0,0,0,,0,0,0,-9.81,boundary
837,32.875,11.375,,1000,0,0,,0,0,0,,0,0,0,-9.81,boundary
838,32.875,11.625,,1000,0,0,,0,0,0,,0,0,0,-9.81,boundary
839,32.875,11.875,,1000,0,0,,0,0,0,,0,0,0,-9.81,boundary
840,32.875,12.125,,1000,0,0,,0,0,0,,0,0,0,-9.81,boundary
841,32.875,12.375,,1000,0,0,,0,0,0,,0,0,0,-9.81,boundary
842,32.875,12.625,,1000,0,0,,0,0,0,,0,0,0,-9.81,boundary
843,32.875,12.875,,1000,0,0,,0,0,0,,0,0,0,-9.81,boundary
844,32.875,13.125,,1000,0,0,,0,0,0,,0,0,0,-9.81,boundary
845,32.875,13.375,,1000,0,0,,0,0,0,,0,0,0,-9.81,boundary
846,32.875,13.625,,1000,0,0,,0,0,0,,0,0,0,-9.81,boundary
847,32.875,13.875,,1000,0,0,,0,0,0,,0,0,0,-9.81,boundary
848,32.875,14.125,,1000,0,0,,0,0,0,,0,0,0,-9.81,boundary
849,32.875,14.375,,1000,0,0,,0,0,0,,0,0,0,-9.81,boundary
850,32.875,14.625,,1000,0,0,,0,0,0,,0,0,0,-9.81,boundary
851,32.875,14.875,,1000,0,0,,0,0,0,,0,0,0,-9.81,boundary
852,32.875,15.125,,1000,0,0,,0,0,0,,0,0,0,-9.81,boundary
853,32.875,15.375,,1000,0,0,,0,0,0,,0,0,0,-9.81,boundary
854,32.875,15.625,,1000,0,0,,0,0,0,,0,0,0,-9.81,boundary
855,32.875,15.875,,1000,0,0,,0,0,0,,0,0,0,-9.81,boundary
856,32.875,16.125,,1000,0,0,,0,0,0,,0,0,0,-9.81,boundary
857,32.875,16.375,,1000,0,0,,0,0,0,,0,0,0,-9.81,boundary
858,32.875,16.625,,1000,0,0,,0,0,0,,0,0,0,-9.81,boundary
859,32.875,16.875,,1000,0,0,,0,0,0,,0,0,0,-9.81,boundary
860,32.875,17.125,,1000,0,0,,0,0,0,,0,0,0,-9.81,boundary
861,32.875,17.375,,1000,0,0,,0,0,0,,0,0,0,-9.81,boundary
862,32.875,17.625,,1000,0,0,,0,0,0,,0,0,0,-9.81,boundary
863,32.875,17.875,,1000,0,0,,0,0,0,,0,0,0,-9.81,boundary
864,32.875,18.125,,1000,0,0,,0,0,0,,0,0,0,-9.81,boundary
865,32.875,18.375,,1000,0,0,,0,0,0,,0,0,0,-9.81,boundary
866,32.875,18.625,,1000,0,0,,0,0,0,,0,0,0,-9.81,boundary
867,32.875,18.875,,1000,0,0,,0,0,0,,0,0,0,-9.81,boundary
868,32.875,19.125,,1000,0,0,,0,0,0,,0,0,0,-9.81,boundary
869,32.875,19.375,,1000,0,0,,0,0,0,,0,0,0,-9.81,boundary
870,32.875,19.625,,1000,0,0,,0,0,0,,0,0,0,-9.81,boundary
871,32.875,19.875,,1000,0,0,,0,0,0,,0,0,0,-9.81,boundary
872,32.875,20.125,,1000,0,0,,0,0,0,,0,0,0,-9.81,boundary
873,32.875,20.375,,1000,0,0,,0,0,0,,0,0,0,-9.81,boundary
874,32.875,20.625,,1000,0,0,,0,0,0,,0,0,0,-9.81,boundary
875,32.875,20.875,,1000,0,0,,0,0,0,,0,0,0,-9.81,boundary
876,32.875,21.125,,1000,0,0,,0,0,0,,0,0,0,-9.81,boundary
877,32.875,21.375,,1000,0,0,,0,0,0,,0,0,0,-9.81,boundary
878,32.875,21.625,,1000,0,0,,0,0,0,,0,0,0,-9.81,boundary
879,32.875,21.875,,1000,0,0,,0,0,0,,0,0,0,-9.81,boundary
880,0.208835,0.246486,,1000.19,1.5472,2948.45,,0.00345784,-0.019154,0.0194636,,-11.6912,10.1197,2.42473,0.30967,fluid
881,0.166698,0.156879,,1000.23,8.42125,3610.74,,0.00817633,-0.0172932,0.0191287,,-18.8017,10.1987,2.85373,0.388661,fluid
882,0.266147,0.322118,,1000.13,2.22872,2053.67,,0.0026755,-0.0212387,0.0214066,,-6.69943,10.0901,1.01587,0.280139,fluid
883,0.316982,0.381383,,1000.09,5.89133,1409.89,,0.00409416,-0.0243549,0.0246967,,-4.21134,9.86769,0.236102,0.0576904,fluid
884,0.378997,0.376085,,1000.08,7.96074,1201.43,,0.00536484,-0.0253749,0.0259359,,-3.13633,9.78434,0.0334582,-0.0256629,fluid
885,0.474549,0.360216,,1000.07,8.35283,1081.48,,0.00650762,-0.0253604,0.026182,,-2.33507,9.75246,-0.0562556,-0.0575368,fluid
886,0.505644,0.391113,,1000.06,11.266,883.118,,0.00850051,-0.0284984,0.0297391,,-1.9878,9.58364,-0.241377,-0.226359,fluid
887,0.889161,0.350279,,1000.07,12.8893,1119.06,,0.0162201,-0.0272766,0.0317349,,-1.11058,9.80616,0.147887,-0.00384302,fluid
888,1.07574,0.363627,,1000.1,15.3517,1594.04,,0.0184935,-0.0275528,0.0331838,,-1.05675,10.0238,0.424915,0.213773,fluid
889,0.912656,0.386962,,1000.07,14.2063,1083.62,,0.0181102,-0.0310406,0.0359375,,-1.02099,9.82007,0.166254,0.0100728,fluid
890,0.975694,0.372382,,1000.08,13.9993,1287.58,,0.0179157,-0.0291624,0.034226,,-0.994041,9.91387,0.325511,0.103869,fluid
891,1.39218,0.367487,,1000.18,19.3897,2767.28,,0.0189219,-0.0224109,0.0293307,,-2.07172,9.93581,-0.0843465,0.125814,fluid
892,1.77717,0.360685,,1000.16,-0.796755,2503.13,,0.016582,-0.0166152,0.023474,,-0.764457,9.62158,0.643814,-0.188421,fluid
893,2.00056,0.371256,,1000.15,1.40406,2361.45,,0.0200302,-0.0126228,0.0236758,,0.345543,9.61396,1.52576,-0.196039,fluid
894,2.1426,0.319511,,1000.16,36.7299,2447.52,,0.0574218,-0.00723344,0.0578756,,0.419975,9.55444,1.56211,-0.255561,fluid
895,2.81021,0.347553,,998.114,-29.0005,0,,0.0319743,-0.00530399,0.0324112,,-0.767748,9.38954,-0.767748,-0.42046,fluid
896,2.92013,0.351626,,997.686,-68.159,0,,-0.0876573,0.0155303,0.0890224,,-0.282184,9.289,-0.282184,-0.520997,fluid
897,3.17691,0.356081,,996.359,-91.2494,0,,0.272536,0.00519386,0.272585,,1.12603,8.58613,1.12603,-1.22387,fluid
898,3.27308,0.339125,,996.984,6.52757,0,,0.457219,0.00148735,0.457222,,1.4124,8.28848,1.4124,-1.52152,fluid
899,3.52159,0.321937,,999.06,118.877,0,,0.384535,-0.0207263,0.385093,,0.16612,9.58623,0.16612,-0.223774,fluid
900,3.42137,0.33292,,998.501,137.864,0,,0.494714,-0.01602,0.494974,,0.599268,9.52097,0.599268,-0.289033,fluid
901,3.50076,0.340267,,998.898,101.233,0,,0.344228,-0.0237251,0.345045,,0.133888,9.55848,0.133888,-0.251522,fluid
902,3.58928,0.333095,,999.243,46.3485,0,,0.149975,-0.0265906,0.152314,,0.0175909,9.61038,0.0175909,-0.199624,fluid
903,3.66208,0.330443,,999.671,27.0267,0,,-0.0256118,-0.0284462,0.0382773,,-0.223241,9.63503,-0.223241,-0.174972,fluid
904,3.82313,0.336578,,999.949,73.8003,0,,0.156448,-0.0257499,0.158552,,-1.21389,8.85363,-1.21389,-0.956368,fluid
905,4.16003,0.33449,,1000.07,51.2774,1034.02,,0.227599,-0.0205437,0.228524,,-1.08874,9.56523,-0.840201,-0.244771,fluid
906,4.62855,0.342373,,1000.02,18.6972,329.203,,0.149433,-0.0220214,0.151047,,0.439162,9.41893,0.510285,-0.391068,fluid
907,4.00464,0.33948,,1000.02,58.4641,263.882,,0.198441,-0.024985,0.200008,,-1.31887,9.37952,-1.25298,-0.43048,fluid
908,3.91542,0.341887,,999.976,65.9657,0,,0.187075,-0.0262128,0.188903,,-1.37569,9.03816,-1.37569,-0.771838,fluid
909,4.29248,0.344827,,1000.12,57.1473,1851.7,,0.25655,-0.0178702,0.257171,,-1.05053,9.63926,-0.619198,-0.170735,fluid
910,4.37961,0.34997,,1000.16,44.5349,2523.78,,0.181547,-0.0153311,0.182193,,-0.979216,9.63328,-0.403053,-0.176723,fluid
911,4.74453,0.356276,,999.988,33.7912,0,,0.205761,-0.0262553,0.207429,,0.710715,9.42355,0.710715,-0.386447,fluid
912,4.47041,0.358105,,1000.11,21.4947,1692.48,,0.11755,-0.019213,0.119109,,-0.486073,9.64197,-0.107516,-0.168025,fluid
913,4.20677,0.354794,,1000.07,51.9499,1115.89,,0.242349,-0.0223541,0.243378,,-1.04039,9.58659,-0.775147,-0.223414,fluid
914,4.1137,0.365203,,1000.04,51.0167,628.094,,0.217106,-0.0263179,0.218696,,-1.08876,9.43295,-0.936082,-0.377045,fluid
915,3.89412,0.358929,,999.957,67.4499,0,,0.18251,-0.0288411,0.184774,,-1.28482,8.91168,-1.28482,-0.898322,fluid
916,3.70567,0.375015,,999.85,56.1103,0,,0.00543357,-0.0321862,0.0326416,,-0.614831,8.42237,-0.614831,-1.38763,fluid
917,3.75909,0.34983,,999.93,71.8,0,,0.0912324,-0.0271821,0.0951957,,-0.962357,8.50185,-0.962357,-1.30815,fluid
918,3.18684,0.388083,,996.435,-68.7487,0,,0.256459,-0.0167217,0.257004,,0.776545,9.40707,0.776545,-0.40293,fluid
919,3.94689,0.36618,,999.978,62.4861,0,,0.191524,-0.0297237,0.193817,,-1.31661,8.98546,-1.31661,-0.824539,fluid
920,3.60522,0.346137,,999.321,32.2776,0,,0.078597,-0.0300275,0.0841376,,-0.0623961,9.60037,-0.0623961,-0.209629,fluid
921,3.53565,0.352857,,998.991,61.5254,0,,0.22015,-0.0287489,0.222019,,0.0120367,9.56676,0.0120367,-0.24324,fluid
922,3.38913,0.35005,,998.139,101.148,0,,0.449031,-0.0180434,0.449394,,0.632008,9.48904,0.632008,-0.320964,fluid
923,3.20834,0.365539,,996.513,-62.6135,0,,0.306556,-0.00861849,0.306677,,1.05733,9.34918,1.05733,-0.460822,fluid
924,2.87133,0.341087,,998.063,-51.1921,0,,-0.0999541,0.0201755,0.10197,,-0.563535,9.51925,-0.563535,-0.290751,fluid
925,2.94926,0.367618,,997.373,-71.3099,0,,-0.0369979,-0.00312108,0.0371293,,-0.0892239,8.95296,-0.0892239,-0.857036,fluid
926,2.32509,0.322368,,1000.17,163.454,2594.08,,0.23434,0.0154843,0.234851,,-0.129153,7.91787,0.986352,-1.89213,fluid
927,2.62175,0.350742,,999.038,153.904,0,,0.414705,-0.0158381,0.415007,,-0.724972,9.66409,-0.724972,-0.145911,fluid
928,2.6359,0.365815,,998.882,153.528,0,,0.449993,-0.0191179,0.450399,,-0.647858,9.6323,-0.647858,-0.177702,fluid
929,1.83801,0.32842,,1000.17,-4.67737,2690.24,,0.00926495,-0.0133166,0.0162226,,-0.654471,9.46023,0.808949,-0.34977,fluid
930,2.05285,0.360447,,1000.15,10.0774,2352.47,,0.0280754,-0.0108743,0.0301078,,0.431463,9.56862,1.57724,-0.241384,fluid
931,1.62465,0.344258,,1000.21,9.18744,3261.64,,0.0108834,-0.0175738,0.0206709,,-1.99175,9.65263,0.0154381,-0.157373,fluid
932,1.56936,0.360534,,1000.22,10.8044,3407.06,,0.00736502,-0.018314,0.0197395,,-2.28238,9.74536,-0.111865,-0.0646366,fluid
933,1.07234,0.34343,,1000.1,15.3491,1622.13,,0.0180931,-0.0258808,0.0315781,,-1.11278,9.98464,0.399758,0.174639,fluid
934,1.02728,0.351686,,1000.09,14.4791,1482.23,,0.01769,-0.0268917,0.0321885,,-1.05693,9.95642,0.385805,0.146423,fluid
935,0.895192,0.344943,,1000.07,12.9447,1141.99,,0.0162839,-0.0268407,0.0313941,,-1.1119,9.81507,0.163695,0.00506672,fluid
936,0.761482,0.344105,,1000.06,11.6989,988.53,,0.0131238,-0.0264209,0.0295008,,-1.3659,9.74265,-0.0678131,-0.0673523,fluid
937,0.601112,0.345156,,1000.06,9.97092,974.703,,0.00918141,-0.0253254,0.0269384,,-1.75686,9.73,-0.135459,-0.0800005,fluid
938,0.456477,0.353395,,1000.07,7.89749,1148.74,,0.0060471,-0.0247228,0.0254517,,-2.51459,9.79637,0.00177237,-0.01363,fluid
939,0.306548,0.389007,,1000.09,5.70736,1416.28,,0.00396851,-0.02448,0.0247996,,-4.38405,9.86138,0.235621,0.0513788,fluid
940,0.19373,0.406176,,1000.12,-2.12652,1829.83,,0.00309465,-0.0214289,0.0216512,,-8.76588,9.91992,0.678281,0.109918,fluid
941,0.17367,0.419892,,1000.11,-2.42385,1773.49,,0.00266362,-0.0213802,0.0215455,,-9.8,9.86755,0.410653,0.0575504,fluid
942,0.20835,0.416685,,1000.11,-0.416611,1713,,0.00305151,-0.0223921,0.0225991,,-7.6561,9.91085,0.56474,0.10085,fluid
943,0.544432,0.393767,,1000.05,12.207,826.73,,0.0096826,-0.0293247,0.0308819,,-1.79921,9.54772,-0.280771,-0.262281,fluid
944,0.829123,0.227375,,1000.08,18.6122,1265.58,,0.0196727,-0.0200408,0.0280829,,-1.51517,9.96714,0.0111265,0.157141,fluid
945,0.577645,0.213967,,1000.09,18.6827,1434.5,,0.0130114,-0.0187633,0.0228333,,-2.45245,10.0626,0.0306868,0.252649,fluid
946,0.616596,0.230437,,1000.08,17.7449,1282.78,,0.013806,-0.0194967,0.0238899,,-2.10508,10.0254,-0.0248382,0.215358,fluid
947,0.848745,0.291602,,1000.07,14.2175,1166.92,,0.0165203,-0.0232551,0.0285258,,-1.30496,9.85688,0.0698117,0.0468842,fluid
948,1.11327,0.314077,,1000.11,16.7986,1778.88,,0.0189279,-0.0234949,0.0301708,,-1.2471,9.96673,0.350592,0.156728,fluid
949,1.62297,0.33061,,1000.22,8.79748,3408.96,,0.00805472,-0.0171208,0.0189209,,-2.11415,9.62036,-0.0141617,-0.189637,fluid
950,1.88706,0.32304,,1000.17,-5.80754,2724.29,,0.00741118,-0.0118608,0.0139858,,-0.449855,9.43173,0.99356,-0.37827,fluid
951,2.769,0.331853,,998.322,-22.3328,0,,0.0433107,-0.00243924,0.0433793,,-1.00487,9.1466,-1.00487,-0.663401,fluid
952,3.57752,0.3371,,999.189,50.3589,0,,0.169197,-0.0269571,0.171331,,0.0204378,9.60139,0.0204378,-0.208612,fluid
953,4.25064,0.375156,,1000.08,54.6623,1222.08,,0.260231,-0.0244122,0.261373,,-0.998622,9.60804,-0.711139,-0.201959,fluid
954,4.43927,0.364738,,1000.13,27.8371,1995.29,,0.131211,-0.0186107,0.132524,,-0.663533,9.62478,-0.214126,-0.185218,fluid
955,3.80234,0.323577,,999.955,74.6789,0,,0.142418,-0.0241249,0.144447,,-1.18477,8.8824,-1.18477,-0.927595,fluid
956,4.65209,0.346569,,1000.01,20.9459,157.063,,0.1613,-0.0230889,0.162944,,0.532069,9.33857,0.56583,-0.47143,fluid
957,4.93967,0.347129,,999.996,100.222,0,,0.352941,-0.0222181,0.35364,,0.52704,8.56466,0.52704,-1.24534,fluid
958,5.11227,0.367771,,999.846,170.861,0,,0.48169,-0.0168058,0.481983,,-0.0118048,6.67552,-0.0118048,-3.13448,fluid
959,4.69391,0.37517,,999.986,28.2193,0,,0.196863,-0.0288213,0.198962,,0.606427,9.32021,0.606427,-0.489789,fluid
960,5.20007,0.380759,,999.559,171.246,0,,0.518617,-0.02712,0.519326,,-0.148256,8.43611,-0.148256,-1.37389,fluid
961,5.6906,0.375753,,994.677,-149.636,0,,0.508377,-0.0366192,0.509694,,0.181854,9.49601,0.181854,-0.313985,fluid
962,6.15422,0.374148,,995.885,45.2329,0,,0.656562,-0.0455412,0.65814,,-0.365171,9.8008,-0.365171,-0.00920004,fluid
963,5.68512,0.332197,,995.117,-145.178,0,,0.382228,-0.0258833,0.383103,,0.457772,9.51879,0.457772,-0.291208,fluid
964,6.49068,0.337442,,998.972,120.346,0,,0.502576,-0.0381765,0.504023,,-1.04267,9.82512,-1.04267,0.0151171,fluid
965,6.73036,0.339104,,1000.1,122.474,1618.72,,0.390292,-0.0294251,0.391399,,-1.31706,8.74573,-1.07657,-1.06427,fluid
966,6.85653,0.350978,,1000.28,104.892,4380.56,,0.436688,-0.0225426,0.43727,,-1.24531,8.95397,-0.606595,-0.85603,fluid
967,6.69897,0.355452,,1000.02,125.363,261.919,,0.376245,-0.0323498,0.377634,,-1.43403,8.00182,-1.39493,-1.80818,fluid
968,6.47258,0.360707,,998.818,119.056,0,,0.497505,-0.0422913,0.499299,,-0.954585,9.78238,-0.954585,-0.0276232,fluid
969,6.41573,0.367959,,998.356,113.065,0,,0.557163,-0.0438912,0.558889,,-0.898,9.7808,-0.898,-0.0291998,fluid
970,7.60535,0.338961,,1000.15,132.422,2355.04,,0.6055,-0.0204206,0.605844,,-0.0791538,9.27343,0.230455,-0.536571,fluid
971,7.9642,0.343769,,999.012,150.337,0,,0.714063,-0.0307597,0.714725,,-0.236131,9.79081,-0.236131,-0.0191898,fluid
972,8.12736,0.352622,,997.451,42.7672,0,,0.706141,-0.0332581,0.706924,,-0.236558,9.82539,-0.236558,0.0153909,fluid
973,7.61237,0.355498,,1000.13,140.053,2056.28,,0.659696,-0.0221017,0.660067,,0.0483462,8.96674,0.318434,-0.843262,fluid
974,8.10821,0.356341,,997.65,59.8516,0,,0.721,-0.0339714,0.7218,,-0.215011,9.81638,-0.215011,0.0063802,fluid
975,8.07854,0.358999,,997.957,84.7642,0,,0.735933,-0.0344364,0.736738,,-0.201112,9.80466,-0.201112,-0.00534157,fluid
976,8.59643,0.359318,,993.423,-85.9661,0,,0.586843,-0.0307778,0.587649,,-0.164635,9.80905,-0.164635,-0.000948384,fluid
977,8.05023,0.361425,,998.242,107.85,0,,0.748496,-0.034767,0.749303,,-0.196686,9.7893,-0.196686,-0.0207006,fluid
978,7.46973,0.365277,,1000.17,89.3913,2610.04,,0.538461,-0.0240177,0.538996,,-0.133466,9.29268,0.215892,-0.517323,fluid
979,8.14669,0.365903,,997.235,37.1712,0,,0.733023,-0.0365772,0.733935,,-0.26769,9.81098,-0.26769,0.000981546,fluid
980,8.03429,0.369287,,998.396,125.113,0,,0.773955,-0.0364015,0.77481,,-0.199034,9.76917,-0.199034,-0.0408332,fluid
981,7.20259,0.364272,,1000.22,48.5007,3470.69,,0.379145,-0.0245395,0.379939,,-0.647257,9.42015,-0.165496,-0.389851,fluid
982,7.32886,0.360218,,1000.17,57.277,2613.7,,0.446475,-0.0265076,0.447261,,-0.226615,9.46672,0.129957,-0.343282,fluid
983,7.22781,0.372467,,1000.2,50.5008,3199.3,,0.411281,-0.0261358,0.41211,,-0.50579,9.43545,-0.0632419,-0.374549,fluid
984,7.05789,0.372107,,1000.34,66.7617,5333.68,,0.367187,-0.0180945,0.367633,,-1.32107,9.09951,-0.565627,-0.710487,fluid
985,7.10073,0.360223,,1000.31,57.2009,4900.82,,0.338444,-0.0192649,0.338991,,-1.20356,9.25853,-0.513595,-0.551466,fluid
986,6.73814,0.365091,,1000.08,118.977,1279.27,,0.400135,-0.0317746,0.401395,,-1.34673,8.34376,-1.15689,-1.46624,fluid
987,6.72696,0.360344,,1000.07,121.149,1081.69,,0.391494,-0.0316382,0.39277,,-1.36097,8.29598,-1.20018,-1.51402,fluid
988,6.84618,0.353126,,1000.26,105.643,4112.04,,0.437203,-0.0234954,0.437834,,-1.23188,8.92664,-0.631401,-0.883357,fluid
989,6.68229,0.355533,,999.976,127.179,0,,0.368944,-0.0329514,0.370412,,-1.42583,7.93926,-1.42583,-1.87074,fluid
990,6.35316,0.337693,,997.883,110.268,0,,0.686349,-0.0382314,0.687413,,-0.96366,9.82662,-0.96366,0.0166231,fluid
991,6.42863,0.353975,,998.476,114.725,0,,0.563635,-0.041059,0.565128,,-0.96044,9.80274,-0.96044,-0.00726111,fluid
992,6.21517,0.348658,,996.595,74.4377,0,,0.707444,-0.0400693,0.708578,,-0.587799,9.81515,-0.587799,0.00514608,fluid
993,5.83454,0.355234,,994.385,-107.919,0,,0.446127,-0.0352248,0.447515,,0.33476,9.64105,0.33476,-0.16895,fluid
994,5.46978,0.35667,,996.763,-61.5943,0,,0.55016,-0.0271853,0.550831,,-0.10032,9.29784,-0.10032,-0.512164,fluid
995,5.01243,0.345275,,999.992,136.956,0,,0.421129,-0.0186614,0.421542,,0.273453,7.78864,0.273453,-2.02136,fluid
996,4.60712,0.354496,,1000.03,18.2623,423.778,,0.146235,-0.0233253,0.148083,,0.343601,9.44161,0.435581,-0.368389,fluid
997,4.2467,0.346956,,1000.09,54.5236,1413.54,,0.253662,-0.0200152,0.254451,,-1.04573,9.62369,-0.712908,-0.186309,fluid
998,3.73624,0.353446,,999.912,66.2534,0,,0.054738,-0.0278545,0.0614176,,-0.836715,8.46124,-0.836715,-1.34876,fluid
999,3.30632,0.354488,,997.301,33.3637,0,,0.433894,-0.0123454,0.43407,,1.04848,9.44761,1.04848,-0.362387,fluid
1000,2.81512,0.348743,,998.097,-29.8279,0,,0.0272533,-0.00533089,0.0277698,,-0.738946,9.38173,-0.738946,-0.428271,fluid
1001,2.1941,0.355877,,1000.14,77.5492,2238.88,,0.122605,-0.0097989,0.122996,,0.594071,9.62135,1.61433,-0.188655,fluid
1002,1.62726,0.356402,,1000.2,9.56154,3126.85,,0.013657,-0.018049,0.0226336,,-1.87491,9.68655,0.0462486,-0.123445,fluid
1003,0.932487,0.360977,,1000.08,13.3453,1192.5,,0.0170867,-0.0281979,0.0329708,,-1.03862,9.84919,0.24012,0.0391884,fluid
1004,0.76775,0.371617,,1000.06,12.3849,917.097,,0.0139532,-0.0288892,0.0320824,,-1.29918,9.6809,-0.104721,-0.129103,fluid
1005,0.641995,0.383233,,1000.05,12.3178,815.152,,0.0116161,-0.0292575,0.0314791,,-1.51612,9.58156,-0.246473,-0.228438,fluid
1006,0.815707,0.384954,,1000.06,13.6278,916.734,,0.0160597,-0.0306364,0.0345905,,-1.18039,9.68985,-0.0566015,-0.120146,fluid
1007,1.58882,0.385982,,1000.2,11.4032,3111.88,,0.0139627,-0.0193442,0.0238569,,-1.99676,9.81256,-0.0385409,0.00255645,fluid
1008,1.72827,0.267009,,1000.23,1.63866,3566.61,,0.00174077,-0.0132403,0.0133543,,-1.92167,9.3967,0.141542,-0.413304,fluid
1009,1.31625,0.277127,,1000.16,21.7628,2492.93,,0.0231537,-0.0193843,0.0301968,,-1.8789,9.88813,0.0147679,0.078128,fluid
1010,1.23843,0.230897,,1000.15,22.5567,2312.59,,0.0238649,-0.0181855,0.0300041,,-1.81909,9.91324,0.0479887,0.103236,fluid
1011,1.77092,0.250182,,1000.23,-0.602575,3549.12,,0.00122775,-0.0118389,0.0119024,,-1.77162,9.33371,0.232042,-0.476286,fluid
1012,2.6608,0.286873,,998.848,13.8708,0,,0.109964,0.00170355,0.109977,,-1.41647,9.15898,-1.41647,-0.651022,fluid
1013,3.10896,0.354274,,995.784,-214.136,0,,0.142732,0.239006,0.278382,,0.835752,9.40723,0.835752,-0.402775,fluid
1014,3.56718,0.31997,,999.183,77.5522,0,,0.26274,-0.022837,0.263731,,0.085279,9.61307,0.085279,-0.19693,fluid
1015,4.16855,0.337716,,1000.07,51.2542,1050.29,,0.229945,-0.0207937,0.230884,,-1.07983,9.56897,-0.827896,-0.241026,fluid
1016,4.67632,0.338573,,1000.01,22.7901,89.038,,0.167562,-0.0223871,0.169051,,0.609483,9.34024,0.628523,-0.469761,fluid
1017,5.44017,0.373906,,997.089,-26.8953,0,,0.579754,-0.0312741,0.580597,,-0.161463,9.273,-0.161463,-0.536996,fluid
1018,5.95842,0.355887,,994.523,-55.1654,0,,0.531806,-0.0385155,0.533199,,0.134481,9.73233,0.134481,-0.0776728,fluid
1019,5.61511,0.340873,,995.432,-147.416,0,,0.453148,-0.0261021,0.4539,,0.305348,9.43996,0.305348,-0.370044,fluid
1020,6.44984,0.341781,,998.652,116.824,0,,0.558767,-0.038856,0.560116,,-1.02467,9.82023,-1.02467,0.0102279,fluid
1021,6.5016,0.32496,,999.054,120.822,0,,0.507925,-0.0362545,0.509217,,-1.1023,9.84507,-1.1023,0.035073,fluid
1022,7.08643,0.33143,,1000.34,57.3615,5375.38,,0.286687,-0.0171874,0.287202,,-1.39377,9.37411,-0.635484,-0.435889,fluid
1023,7.31925,0.338158,,1000.17,51.4394,2613.91,,0.398347,-0.0248333,0.39912,,-0.294144,9.50187,0.0629242,-0.308133,fluid
1024,7.50203,0.350083,,1000.17,96.5935,2706.51,,0.530363,-0.0219528,0.530818,,-0.175516,9.36956,0.185193,-0.440436,fluid
1025,8.44637,0.372687,,994.479,-64.8121,0,,0.625325,-0.0346007,0.626281,,-0.62179,9.81161,-0.62179,0.00161185,fluid
1026,8.14498,0.346437,,997.274,25.9307,0,,0.685713,-0.0320247,0.68646,,-0.272526,9.84274,-0.272526,0.0327387,fluid
1027,8.24354,0.341318,,996.306,-35.8832,0,,0.636342,-0.0299174,0.637044,,-0.553501,9.88537,-0.553501,0.0753719,fluid
1028,7.71705,0.324018,,1000.01,161.143,172.417,,0.639191,-0.0193717,0.639484,,0.13029,7.06355,0.152633,-2.74645,fluid
1029,8.39381,0.329208,,995.164,-72.0684,0,,0.514858,-0.025088,0.515469,,-0.718075,9.9286,-0.718075,0.118603,fluid
1030,8.7574,0.34467,,992.742,-94.8391,0,,0.620542,-0.0294175,0.621239,,0.374007,9.81291,0.374007,0.00290875,fluid
1031,8.83202,0.355413,,992.471,-92.6913,0,,0.716432,-0.0338825,0.717232,,0.353314,9.7839,0.353314,-0.0261022,fluid
1032,9.01311,0.371958,,992.769,-66.1804,0,,0.911408,-0.0426945,0.912407,,-0.0223039,9.78551,-0.0223039,-0.024487,fluid
1033,8.97101,0.360924,,992.656,-74.2144,0,,0.857955,-0.038987,0.85884,,0.16232,9.78427,0.16232,-0.0257283,fluid
1034,9.22531,0.346817,,995.476,55.1722,0,,0.884333,-0.0396993,0.885224,,-0.940376,9.82556,-0.940376,0.0155558,fluid
1035,9.42718,0.348878,,998.249,163.686,0,,0.731334,-0.0401093,0.732433,,-2.19535,9.84043,-2.19535,0.0304274,fluid
1036,9.88635,0.35149,,1000.62,59.1239,9705.87,,0.0752329,0.0164569,0.0770118,,-6.28628,8.01587,-5.30514,-1.79413,fluid
1037,9.36001,0.354966,,997.317,131.859,0,,0.813689,-0.0413694,0.81474,,-1.73195,9.82852,-1.73195,0.0185161,fluid
1038,9.34756,0.360588,,997.108,125.532,0,,0.833716,-0.0424732,0.834797,,-1.65908,9.82197,-1.65908,0.0119692,fluid
1039,10.2142,0.350387,,1000.32,7.84255,5037.72,,0.261543,-0.0103882,0.261749,,-2.6414,9.84248,-2.14835,0.0324839,fluid
1040,10.4801,0.376062,,1000.48,63.1669,7508.01,,0.480234,0.201033,0.520614,,-3.33399,10.5034,-2.61793,0.693423,fluid
1041,10.1734,0.356292,,1000.3,-0.301493,4786.72,,0.222651,-0.0116731,0.222956,,-2.88264,9.82651,-2.41227,0.0165117,fluid
1042,9.90056,0.364467,,1000.59,51.359,9292.34,,0.0845032,0.0201333,0.0868685,,-6.01584,8.22741,-5.07783,-1.58259,fluid
1043,10.1881,0.36336,,1000.31,4.24558,4946.29,,0.250141,-0.0105388,0.250363,,-2.7576,9.85671,-2.27225,0.0467103,fluid
1044,10.0889,0.369163,,1000.34,-2.88617,5350.41,,0.158288,-0.0111591,0.158681,,-3.61329,9.73256,-3.08315,-0.077438,fluid
1045,9.76946,0.372275,,1000.65,142.323,10179.1,,0.333599,0.0780873,0.342617,,-5.86667,7.81452,-4.82541,-1.99548,fluid
1046,9.54022,0.360896,,999.521,208.582,0,,0.631339,-0.0394102,0.632568,,-3.08685,9.35684,-3.08685,-0.453156,fluid
1047,9.59723,0.373735,,999.995,221.907,0,,0.606429,-0.0309068,0.607216,,-3.55889,7.21464,-3.55889,-2.59536,fluid
1048,9.41898,0.368833,,998.034,159.955,0,,0.772977,-0.0439126,0.774224,,-2.14709,9.80917,-2.14709,-0.000828368,fluid
1049,9.47306,0.373583,,998.7,183.542,0,,0.726112,-0.0444253,0.72747,,-2.56145,9.79313,-2.56145,-0.0168695,fluid
1050,9.33189,0.371334,,996.815,117.127,0,,0.864506,-0.0447281,0.865662,,-1.57481,9.81038,-1.57481,0.000384314,fluid
1051,9.32654,0.372274,,996.73,114.131,0,,0.871964,-0.0449415,0.873121,,-1.54627,9.80968,-1.54627,-0.000315194,fluid
1052,9.21654,0.361475,,995.195,46.3519,0,,0.927361,-0.042637,0.928341,,-0.942954,9.81818,-0.942954,0.00818226,fluid
1053,8.54287,0.371201,,993.715,-77.5715,0,,0.618784,-0.0337777,0.619705,,-0.365298,9.79033,-0.365298,-0.0196711,fluid
1054,8.64382,0.37242,,992.984,-91.2695,0,,0.646661,-0.0346247,0.647587,,-0.0888084,9.77626,-0.0888084,-0.033738,fluid
1055,7.80281,0.370674,,999.76,190.904,0,,0.795261,-0.0248808,0.79565,,0.0457522,7.03619,0.0457522,-2.77381,fluid
1056,7.38753,0.372075,,1000.16,70.3447,2556.78,,0.504651,-0.0268194,0.505363,,-0.145232,9.39182,0.200806,-0.418179,fluid
1057,6.78275,0.36693,,1000.15,111.902,2402.76,,0.42334,-0.0295398,0.42437,,-1.25441,8.66812,-0.900214,-1.14188,fluid
1058,6.4046,0.369742,,998.261,111.854,0,,0.56692,-0.044306,0.568649,,-0.883291,9.77978,-0.883291,-0.0302224,fluid
1059,5.86054,0.366816,,994.29,-95.4602,0,,0.470706,-0.0388367,0.472305,,0.240465,9.66312,0.240465,-0.14688,fluid
1060,5.30316,0.366571,,998.783,107.609,0,,0.512017,-0.0281342,0.51279,,-0.137042,9.23523,-0.137042,-0.574771,fluid
1061,5.18676,0.367329,,999.638,168.849,0,,0.48417,-0.0225267,0.484694,,-0.16056,8.03973,-0.16056,-1.77027,fluid
1062,4.58045,0.363504,,1000.04,18.0641,615.71,,0.140861,-0.0240811,0.142904,,0.206344,9.52698,0.34076,-0.283024,fluid
1063,4.26634,0.361598,,1000.09,55.6057,1458.45,,0.259306,-0.0213912,0.260186,,-1.01507,9.61745,-0.673253,-0.192547,fluid
1064,3.60632,0.358803,,999.333,28.3604,0,,0.0530388,-0.0329629,0.0624473,,-0.112983,9.58322,-0.112983,-0.226784,fluid
1065,3.14153,0.365848,,996.316,-103.837,0,,0.208269,-0.00251549,0.208285,,0.890206,8.75057,0.890206,-1.05943,fluid
1066,2.71208,0.361633,,998.264,40.5533,0,,0.294523,-0.0163423,0.294976,,-0.711805,9.6002,-0.711805,-0.209798,fluid
1067,1.98703,0.36443,,1000.15,-0.656375,2419.49,,0.0167056,-0.0122379,0.0207085,,0.255001,9.58863,1.47245,-0.22137,fluid
1068,1.48918,0.370817,,1000.21,14.9724,3292.39,,0.0104002,-0.0198794,0.0224356,,-2.38717,9.83847,-0.176755,0.0284726,fluid
1069,1.11893,0.381481,,1000.11,16.4311,1667.75,,0.0200422,-0.0289572,0.0352167,,-1.03193,10.1004,0.458392,0.290415,fluid
1070,1.63745,0.390964,,1000.18,11.0563,2760.17,,0.0227075,-0.0201438,0.0303546,,-1.54685,9.82054,0.138503,0.0105388,fluid
1071,3.5966,0.368609,,999.283,28.4331,0,,0.0571402,-0.0351096,0.0670648,,-0.125893,9.56701,-0.125893,-0.242989,fluid
1072,2.15595,0.264709,,1000.18,32.1395,2819.9,,0.0425186,-0.004453,0.0427512,,0.143346,9.49434,1.45107,-0.315659,fluid
1073,2.5598,0.229544,,999.498,20.595,0,,0.0258918,0.00762661,0.0269917,,-1.49957,9.95968,-1.49957,0.149676,fluid
1074,2.09669,0.193507,,1000.28,-11.5842,4399.62,,-0.0518254,-0.00175094,0.051855,,-0.954959,9.32557,1.14281,-0.484432,fluid
1075,2.27048,0.20692,,1000.18,76.8916,2748.82,,0.107498,-0.00223891,0.107521,,-0.157362,9.59969,1.0531,-0.210307,fluid
1076,2.99455,0.399354,,995.488,-355.945,0,,-0.162242,0.555281,0.578498,,0.293478,6.18674,0.293478,-3.62326,fluid
1077,3.49419,0.276336,,999.349,258.916,0,,0.724055,-0.00977678,0.724121,,0.708673,9.62507,0.708673,-0.184926,fluid
1078,3.99985,0.30351,,1000.03,60.1034,478.616,,0.201526,-0.0203857,0.202555,,-1.35689,9.53563,-1.23724,-0.27437,fluid
1079,4.84384,0.328294,,1000.01,60.3474,98.953,,0.262716,-0.0221491,0.263648,,0.747414,9.43434,0.767842,-0.375665,fluid
1080,4.63966,0.298977,,1000.04,17.166,618.81,,0.134026,-0.0170234,0.135103,,0.453792,9.61254,0.587161,-0.19746,fluid
1081,5.79853,0.321103,,994.754,-121.162,0,,0.372222,-0.026953,0.373197,,0.608935,9.63421,0.608935,-0.175792,fluid
1082,5.92601,0.30755,,994.74,-77.9511,0,,0.504249,-0.0282166,0.505038,,0.466971,9.72922,0.466971,-0.0807757,fluid
1083,6.74863,0.311498,,1000.16,121.876,2553.97,,0.401312,-0.0262882,0.402173,,-1.27112,9.27297,-0.892734,-0.53703,fluid
1084,6.36969,0.290424,,998.066,122.707,0,,0.852277,-0.0315365,0.852861,,-1.23709,9.85795,-1.23709,0.0479461,fluid
1085,7.0377,0.280968,,1000.42,67.9808,6656.2,,0.228527,-0.0137396,0.22894,,-1.86542,9.63789,-0.920029,-0.172107,fluid
1086,7.52337,0.298502,,1000.18,86.6961,2772.85,,0.415317,-0.019155,0.415759,,-0.408609,9.74217,-0.040109,-0.067828,fluid
1087,8.18116,0.311831,,996.983,-16.4585,0,,0.586786,-0.025073,0.587321,,-0.42221,9.93463,-0.42221,0.124628,fluid
1088,7.72037,0.322249,,1000.01,161.052,104.911,,0.634974,-0.0192986,0.635268,,0.131164,7.01648,0.144753,-2.79352,fluid
1089,8.38046,0.299261,,995.523,-72.7178,0,,0.410036,-0.0196838,0.410508,,-0.733789,10.0434,-0.733789,0.233384,fluid
1090,8.92231,0.335875,,992.784,-77.2935,0,,0.766141,-0.0320767,0.766812,,0.445443,9.80469,0.445443,-0.00531165,fluid
1091,9.02838,0.330053,,993.389,-49.3601,0,,0.838152,-0.0337302,0.83883,,0.157526,9.80768,0.157526,-0.00232079,fluid
1092,8.74439,0.307862,,993.306,-82.9337,0,,0.479862,-0.0216409,0.48035,,0.684362,9.9252,0.684362,0.115198,fluid
1093,9.37383,0.356828,,997.572,142.472,0,,0.725233,-0.0417465,0.726434,,-1.7088,9.82676,-1.7088,0.0167618,fluid
1094,10.0243,0.327273,,1000.39,2.58935,6168.41,,0.0907338,-0.0123234,0.0915668,,-4.64913,9.63067,-4.03402,-0.17933,fluid
1095,9.42069,0.349056,,998.181,161.588,0,,0.721587,-0.0401747,0.722705,,-2.12142,9.83983,-2.12142,0.0298316,fluid
1096,10.3656,0.329945,,1000.54,62.3787,8477.39,,0.379352,0.0210833,0.379938,,-2.8815,9.59768,-2.0641,-0.212321,fluid
1097,10.289,0.344671,,1000.42,34.473,6523.97,,0.34102,-0.00539987,0.341063,,-2.53123,9.87558,-1.89742,0.0655807,fluid
1098,10.4658,0.353911,,1000.52,65.3559,8096.09,,0.432291,0.166614,0.463287,,-3.397,10.1253,-2.62382,0.315288,fluid
1099,11.2913,0.364035,,1000.45,8.19903,7084.14,,0.0484462,0.0380281,0.0615887,,-1.54002,6.54282,-0.912899,-3.26718,fluid
1100,10.9739,0.369794,,1000.36,19.539,5652.41,,0.145282,0.175309,0.227684,,-3.74782,10.4348,-3.23292,0.624771,fluid
1101,10.6534,0.39014,,1000.39,25.4222,6137.73,,0.203967,0.279539,0.346042,,-3.55638,10.397,-2.98048,0.587026,fluid
1102,11.796,0.688484,,1002.57,-42.9899,40638.2,,-1.98076,0.799319,2.13596,,-18.1548,0.238342,-14.7186,-9.57166,fluid
1103,11.2849,0.380585,,1000.46,7.70176,7159.63,,0.0277976,0.106133,0.109713,,-2.07353,7.28188,-1.43938,-2.52812,fluid
1104,11.8688,0.759534,,1002.21,-221.825,34883.2,,-2.28655,0.931558,2.46903,,-20.4045,-1.56929,-17.472,-11.3793,fluid
1105,11.0952,0.380078,,1000.36,23.2155,5734.63,,0.204429,0.151722,0.25458,,-3.71697,10.0373,-3.2003,0.227293,fluid
1106,11.3078,0.403291,,1000.49,3.45465,7720.06,,-0.046205,0.200961,0.206204,,-2.62088,7.55863,-1.93849,-2.25137,fluid
1107,11.4585,0.568126,,1000.92,-65.0641,14444.1,,-1.12691,1.32134,1.73663,,-11.4793,9.12489,-10.2199,-0.685112,fluid
1108,11.7938,0.789526,,1001.89,-263.982,29843.6,,-2.5122,1.20771,2.78742,,-26.2856,1.32091,-23.7599,-8.48909,fluid
1109,10.7479,0.396756,,1000.36,12.8431,5727.67,,0.100944,0.243678,0.263758,,-3.63084,10.8471,-3.09813,1.03713,fluid
1110,11.1062,0.396301,,1000.36,22.9886,5609.12,,0.227129,0.175948,0.287307,,-3.93215,10.3199,-3.42729,0.509856,fluid
1111,11.4677,0.732734,,999.478,-499.437,0,,-2.99079,1.76798,3.47427,,-16.6071,5.19003,-16.6071,-4.61997,fluid
1112,10.764,0.407906,,1000.35,14.5526,5536.9,,0.146531,0.25693,0.295777,,-3.55859,11.1401,-3.04438,1.33015,fluid
1113,10.5865,0.408026,,1000.39,47.5725,6198.01,,0.458422,0.313292,0.55525,,-3.49888,10.795,-2.91365,0.985031,fluid
1114,11.2609,0.407593,,1000.44,8.78752,6925.22,,0.0407728,0.191071,0.195372,,-3.26395,8.66038,-2.64924,-1.14962,fluid
1115,10.2717,0.369411,,1000.4,32.179,6255.47,,0.361246,-0.00420242,0.36127,,-2.48881,9.91639,-1.88005,0.106385,fluid
1116,10.4286,0.386242,,1000.47,62.7823,7364.8,,0.509278,0.139208,0.527961,,-2.98533,10.6491,-2.27945,0.839088,fluid
1117,10.4098,0.383008,,1000.47,61.9138,7414.65,,0.498284,0.113299,0.511002,,-2.8974,10.5531,-2.18546,0.743142,fluid
1118,9.94642,0.377776,,1000.54,34.5673,8460.52,,0.101436,0.00855818,0.101797,,-5.40964,8.50906,-4.55949,-1.30094,fluid
1119,9.73667,0.375255,,1000.64,173.793,10030.7,,0.422276,0.0583291,0.426285,,-5.52552,7.54075,-4.49598,-2.26925,fluid
1120,9.28258,0.370537,,996.095,88.4704,0,,0.905804,-0.04462,0.906903,,-1.30266,9.81382,-1.30266,0.00382241,fluid
1121,8.78588,0.369156,,992.376,-98.6685,0,,0.719402,-0.0362247,0.720313,,0.248618,9.76857,0.248618,-0.0414318,fluid
1122,8.17322,0.368968,,996.95,20.5403,0,,0.735485,-0.0373572,0.736433,,-0.340873,9.81781,-0.340873,0.00781038,fluid
1123,7.29503,0.370584,,1000.17,54.8189,2730.21,,0.446785,-0.027418,0.447626,,-0.274295,9.46608,0.0998956,-0.343921,fluid
1124,6.6257,0.365619,,999.767,130.228,0,,0.369398,-0.0380146,0.371349,,-1.23348,8.6796,-1.23348,-1.1304,fluid
1125,5.85969,0.374393,,994.235,-94.6973,0,,0.482865,-0.0408397,0.484589,,0.201501,9.66386,0.201501,-0.146144,fluid
1126,4.61661,0.373509,,1000.02,21.0813,290.937,,0.161096,-0.026607,0.163278,,0.385513,9.3532,0.448532,-0.456797,fluid
1127,4.05004,0.372213,,1000.02,54.2784,294.485,,0.2052,-0.0292616,0.207276,,-1.1857,9.29236,-1.11299,-0.517643,fluid
1128,3.77596,0.372776,,999.917,74.7216,0,,0.115105,-0.030351,0.119039,,-0.978024,8.307,-0.978024,-1.503,fluid
1129,3.79606,0.365597,,999.925,74.8476,0,,0.135645,-0.0295288,0.138821,,-1.05937,8.48967,-1.05937,-1.32033,fluid
1130,3.18518,0.371901,,996.417,-77.0857,0,,0.267068,-0.00992892,0.267252,,0.9459,9.39722,0.9459,-0.412785,fluid
1131,2.53352,0.392495,,999.77,267.367,0,,0.450138,0.00490703,0.450165,,-0.0171102,4.5876,-0.0171102,-5.2224,fluid
1132,1.87927,0.385144,,1000.15,-4.55783,2310.83,,0.0170255,-0.0167816,0.0239058,,-0.0682164,9.73261,1.16124,-0.0773941,fluid
1133,2.38083,0.395194,,1000.01,205.983,172.324,,0.315773,0.0473992,0.31931,,0.778266,4.54098,0.850645,-5.26902,fluid
1134,3.24261,0.382734,,996.732,-32.4282,0,,0.319631,-0.0178867,0.320131,,0.844307,9.41736,0.844307,-0.392644,fluid
1135,5.21449,0.373315,,999.506,163.97,0,,0.500514,-0.027813,0.501286,,-0.167456,8.94316,-0.167456,-0.866839,fluid
1136,2.62541,0.242616,,999.171,-135.425,0,,-0.328965,0.315275,0.455649,,-1.62853,10.8806,-1.62853,1.07063,fluid
1137,2.62349,0.270716,,999.111,-145.189,0,,-0.358454,0.299934,0.467386,,-0.771587,9.14748,-0.771587,-0.662522,fluid
1138,2.55624,0.213147,,999.39,-93.2068,0,,-0.216831,0.185715,0.285492,,-1.48702,10.6524,-1.48702,0.842367,fluid
1139,2.55018,0.206656,,999.344,-114.777,0,,-0.24698,0.251338,0.352378,,-1.52999,10.7749,-1.52999,0.964898,fluid
1140,3.696,0.167641,,999.6,113.588,0,,0.460147,-0.00865573,0.460228,,0.354107,9.67565,0.354107,-0.134351,fluid
1141,3.67501,0.197833,,999.575,113.332,0,,0.430518,-0.0105519,0.430647,,0.229204,9.6864,0.229204,-0.123595,fluid
1142,3.71282,0.242966,,999.882,54.0861,0,,0.0678203,-0.0159225,0.0696644,,-0.347577,9.53392,-0.347577,-0.27608,fluid
1143,4.79215,0.28102,,1000.03,44.7939,465.556,,0.217205,-0.0162643,0.217813,,0.788436,9.64243,0.885583,-0.167568,fluid
1144,4.85391,0.254901,,1000.06,65.5146,916.525,,0.261786,-0.0134407,0.262131,,0.705595,9.75968,0.894405,-0.0503238,fluid
1145,5.59791,0.277025,,996.775,-77.5801,0,,0.0657891,-0.0145033,0.0673688,,0.745133,9.58502,0.745133,-0.224984,fluid
1146,5.99411,0.300536,,994.971,-48.6404,0,,0.615755,-0.0287582,0.616426,,0.303347,9.76329,0.303347,-0.0467053,fluid
1147,7.53513,0.267322,,1000.17,77.6803,2615.12,,0.344848,-0.0182543,0.345331,,-0.504033,9.904,-0.157034,0.0939961,fluid
1148,7.62552,0.246661,,1000.14,94.5927,2259.08,,0.335543,-0.0169246,0.33597,,-0.523475,10.0886,-0.227264,0.278573,fluid
1149,8.18949,0.238737,,997.304,-36.9668,0,,0.340415,-0.0144186,0.340721,,-0.758803,10.1875,-0.758803,0.377532,fluid
1150,8.54458,0.270566,,995.31,-33.6944,0,,-0.071009,-0.0136987,0.0723183,,0.312772,10.1914,0.312772,0.381432,fluid
1151,8.58023,0.277456,,994.735,-55.9641,0,,0.142474,-0.0145976,0.14322,,0.307139,10.145,0.307139,0.335008,fluid
1152,8.55087,0.287235,,994.71,-63.3998,0,,0.210538,-0.0160495,0.211149,,0.0889271,10.0986,0.0889271,0.288597,fluid
1153,10.0363,0.305892,,1000.37,0.195183,5807.68,,0.100113,-0.0134732,0.101015,,-4.62753,9.66122,-4.04907,-0.148782,fluid
1154,9.48004,0.37068,,998.893,190.835,0,,0.615171,-0.0437964,0.616728,,-2.44423,9.79762,-2.44423,-0.0123832,fluid
1155,10.3316,0.318668,,1000.49,49.1583,7772.1,,0.334717,-0.00412711,0.334742,,-2.7034,9.88186,-1.95151,0.0718574,fluid
1156,10.2174,0.296636,,1000.28,-5.95081,4380.47,,0.16699,-0.0135025,0.167535,,-2.67599,9.73258,-2.24738,-0.0774233,fluid
1157,10.8716,0.320963,,1000.43,9.0222,6687.63,,-0.108716,0.0958877,0.144961,,-4.2392,9.37721,-3.62432,-0.432786,fluid
1158,11.5869,0.562746,,1002.04,70.5269,32201.6,,-1.13064,1.14246,1.60735,,-7.72829,5.29035,-4.95482,-4.51965,fluid
1159,10.5121,0.335964,,1000.53,60.6825,8331.63,,0.339062,0.203886,0.395642,,-3.78115,9.6643,-2.989,-0.145704,fluid
1160,11.7884,0.63154,,1002.9,41.5565,45915.2,,-1.87775,0.275337,1.89783,,-12.9225,-4.93834,-9.03878,-14.7483,fluid
1161,11.0946,0.346179,,1000.4,25.1235,6240.18,,0.156647,0.0918818,0.181606,,-3.24226,9.31643,-2.68003,-0.493574,fluid
1162,11.2975,0.343008,,1000.35,-9.68521,5456.16,,0.0730959,-0.0174231,0.0751437,,-1.94433,8.81064,-1.46154,-0.999356,fluid
1163,12.373,0.433297,,1003.67,-93.1174,58203.4,,-1.8228,-0.0962219,1.82534,,-4.38974,10.304,0.297144,0.494023,fluid
1164,11.8175,0.568005,,1002.45,-24.0023,38809.9,,-1.65573,-0.282228,1.67961,,-9.91318,1.52521,-6.63712,-8.28479,fluid
1165,11.8622,0.672169,,1002.59,-70.1376,41004.8,,-1.90469,0.348868,1.93638,,-15.1308,-5.7403,-11.6829,-15.5503,fluid
1166,12.465,0.500227,,1003.68,-134.992,58423.3,,-2.00602,-0.100665,2.00855,,-1.28489,10.5542,3.38492,0.744175,fluid
1167,12.4936,0.52254,,1003.68,-139.015,58414.3,,-1.92752,-0.0905028,1.92964,,-1.22559,10.5527,3.43279,0.742717,fluid
1168,12.8595,0.455091,,1002.3,-169.583,36295.5,,-1.89614,-0.0699224,1.89743,,-5.20581,10.0142,-2.3898,0.204162,fluid
1169,11.9595,0.689482,,1002.55,-162.781,40316.4,,-2.0184,0.167822,2.02536,,-11.7943,-7.37744,-8.43179,-17.1874,fluid
1170,12.2629,0.485263,,1003.58,-118.814,56782.3,,-2.18749,-0.183101,2.19514,,-7.25672,10.8585,-2.64281,1.04849,fluid
1171,12.7105,0.54157,,1003.16,-153.221,49996.7,,-1.76689,-0.0322777,1.76719,,-5.98486,8.52109,-2.06373,-1.28891,fluid
1172,12.9114,0.424403,,1002.06,-170.409,32503.5,,-1.92407,-0.0626726,1.92509,,-4.63703,10.2032,-2.12477,0.393222,fluid
1173,11.9752,0.734625,,1002.52,-224.019,39856,,-2.16774,0.464316,2.21691,,-11.3809,-4.83827,-8.06109,-14.6483,fluid
1174,12.3401,0.551506,,1003.74,-129.993,59406.3,,-2.02571,-0.183838,2.03403,,-0.386414,13.1091,4.40973,3.29906,fluid
1175,12.8616,0.430838,,1002.13,-196.473,33638.5,,-2.01759,-0.0692674,2.01878,,-4.79907,10.2484,-2.18921,0.43837,fluid
1176,11.8972,0.798337,,1002.32,-286.313,36664.8,,-2.50842,0.923148,2.6729,,-20.2165,-2.37814,-17.1419,-12.1881,fluid
1177,12.1725,0.53133,,1003.25,-146.287,51569.8,,-2.25885,-0.315958,2.28084,,-9.00382,12.166,-4.78098,2.35605,fluid
1178,12.8966,0.59383,,1002.4,-136.501,38020.3,,-1.07481,0.636958,1.24937,,-3.73371,10.5878,-0.792706,0.777808,fluid
1179,11.9031,0.819354,,1002.46,-304.286,38909.4,,-2.58004,0.903387,2.73363,,-20.5641,-2.46507,-17.3033,-12.2751,fluid
1180,12.1125,0.607949,,1002.96,-171.672,46820.5,,-2.0825,-0.480962,2.13732,,-6.66828,8.13147,-2.8142,-1.67853,fluid
1181,11.9867,0.784146,,1002.68,-286.683,42364.8,,-2.44603,0.675239,2.53752,,-10.9119,-3.3266,-7.387,-13.1366,fluid
1182,11.4588,0.712581,,999.61,-443.23,0,,-2.69311,1.77571,3.22583,,-15.9531,5.40959,-15.9531,-4.40041,fluid
1183,11.4592,0.591994,,1000.8,-104.479,12536,,-1.30823,1.44797,1.95143,,-13.1365,9.25684,-12.0434,-0.55316,fluid
1184,10.8477,0.416748,,1000.33,18.0347,5257.61,,0.210541,0.257247,0.332421,,-3.56174,11.5377,-3.07723,1.72773,fluid
1185,10.628,0.411914,,1000.38,37.597,5896.92,,0.381502,0.31846,0.496951,,-3.47995,10.8143,-2.92531,1.00431,fluid
1186,10.1315,0.371048,,1000.32,-2.17702,5001.48,,0.199198,-0.0112549,0.199515,,-3.1903,9.8105,-2.69681,0.000497311,fluid
1187,9.40306,0.368823,,997.821,152.615,0,,0.790817,-0.0440017,0.79204,,-2.03314,9.8095,-2.03314,-0.000501977,fluid
1188,8.56658,0.367773,,993.562,-81.4527,0,,0.611042,-0.0328956,0.611927,,-0.295497,9.79592,-0.295497,-0.0140779,fluid
1189,7.60601,0.36755,,1000.12,140.332,1956.42,,0.68445,-0.023527,0.684854,,0.113809,8.85366,0.370998,-0.956338,fluid
1190,6.69342,0.363595,,999.99,125.243,0,,0.376807,-0.033442,0.378289,,-1.45225,7.79647,-1.45225,-2.01353,fluid
1191,5.86629,0.37108,,994.259,-92.4586,0,,0.480284,-0.0401148,0.481956,,0.210899,9.66862,0.210899,-0.141383,fluid
1192,5.00821,0.372783,,999.958,134.924,0,,0.431261,-0.0225623,0.431851,,0.308066,7.68433,0.308066,-2.12567,fluid
1193,4.10334,0.372036,,1000.03,51.316,540.093,,0.215478,-0.0278367,0.217269,,-1.09536,9.39583,-0.963744,-0.414166,fluid
1194,3.48895,0.377868,,998.718,60.4489,0,,0.234414,-0.0336269,0.236814,,0.0275439,9.52855,0.0275439,-0.281449,fluid
1195,3.03255,0.385278,,996.673,-95.3777,0,,0.0674529,-0.0110948,0.0683593,,0.250194,9.41265,0.250194,-0.397348,fluid
1196,2.76763,0.385758,,997.906,11.0707,0,,0.260908,-0.021185,0.261767,,-0.602804,9.55258,-0.602804,-0.257419,fluid
1197,3.53239,0.372061,,998.944,46.5697,0,,0.170744,-0.0338502,0.174067,,-0.0389448,9.54787,-0.0389448,-0.262133,fluid
1198,4.46092,0.371883,,1000.11,25.0787,1729.79,,0.129818,-0.0205204,0.13143,,-0.524637,9.62226,-0.136913,-0.187741,fluid
1199,7.49959,0.364916,,1000.17,99.2319,2614.31,,0.563852,-0.0232488,0.564332,,-0.0905975,9.25816,0.257939,-0.551837,fluid
1200,2.69223,0.308296,,999.156,-102.517,0,,-0.369815,0.220845,0.430738,,-0.463634,8.58538,-0.463634,-1.22462,fluid
1201,4.00431,0.169253,,1000.1,65.9451,1616.31,,0.220496,-0.0103324,0.220738,,-1.41642,9.70601,-1.01282,-0.103986,fluid
1202,3.87784,0.171683,,1000.07,76.3776,1083.63,,0.204344,-0.0117148,0.20468,,-1.3647,9.71006,-1.08527,-0.0999382,fluid
1203,3.68766,0.180292,,999.523,136.842,0,,0.567286,-0.00942924,0.567364,,0.105763,9.67631,0.105763,-0.133694,fluid
1204,4.88218,0.132461,,1000.21,56.0575,3309.06,,0.136396,-0.00561194,0.136512,,0.135693,9.9428,0.813333,0.132796,fluid
1205,4.70293,0.146048,,1000.15,21.8421,2396.47,,0.0938727,-0.00794555,0.0942083,,0.376507,9.90863,0.886,0.0986254,fluid
1206,4.54378,0.169314,,1000.17,15.5086,2679.58,,0.0797266,-0.0080311,0.0801301,,-0.561048,9.92453,0.0285765,0.11453,fluid
1207,4.65877,0.208722,,1000.1,16.5535,1611.79,,0.100059,-0.010385,0.100597,,0.377242,9.82724,0.723175,0.0172396,fluid
1208,5.47474,0.283904,,998.186,1.96642,0,,-0.149396,0.00274974,0.149421,,0.792472,4.96214,0.792472,-4.84786,fluid
1209,5.53313,0.29639,,997.825,-5.1933,0,,-0.174969,-0.0163073,0.175728,,0.893763,9.42327,0.893763,-0.386727,fluid
1210,6.33808,0.314825,,997.852,106.261,0,,0.675259,-0.0346255,0.676146,,-0.910674,9.84305,-0.910674,0.0330535,fluid
1211,8.13522,0.210705,,997.886,-17.3461,0,,0.256982,-0.0123628,0.257279,,-0.761217,10.223,-0.761217,0.412951,fluid
1212,8.36623,0.242141,,997.09,2.27858,0,,-0.320014,-0.0113603,0.320216,,-0.0403545,10.3164,-0.0403545,0.506416,fluid
1213,8.50192,0.315935,,995.124,-38.8755,0,,-0.0400106,-0.0217006,0.0455166,,0.237096,9.96673,0.237096,0.156731,fluid
1214,9.99307,0.318802,,1000.4,-2.56639,6229.14,,0.00901191,-0.0135813,0.0162993,,-4.95429,9.65988,-4.33119,-0.150119,fluid
1215,10.1874,0.271324,,1000.28,-3.94701,4338.38,,0.190488,-0.0138759,0.190993,,-3.10666,9.69418,-2.68092,-0.115818,fluid
1216,10.1995,0.275985,,1000.28,-2.00262,4432.22,,0.198773,-0.0135923,0.199237,,-2.97889,9.70451,-2.54445,-0.105492,fluid
1217,10.8694,0.269553,,1000.43,-6.31308,6766.38,,-0.273534,-0.00811573,0.273654,,-4.39464,9.72002,-3.77239,-0.0899763,fluid
1218,10.7296,0.296061,,1000.48,1.55166,7598.39,,-0.282272,0.0182561,0.282862,,-4.91182,8.27116,-4.204,-1.53884,fluid
1219,11.7001,0.426373,,1002.23,69.6171,35241.9,,-1.00016,-0.112549,1.00647,,2.12395,9.51369,5.12936,-0.296306,fluid
1220,11.5397,0.51576,,1001.58,37.8774,24897.5,,-0.914546,1.08787,1.42122,,-5.14065,4.33454,-2.98651,-5.47546,fluid
1221,11.8314,0.865194,,1002.67,-323.989,42303.5,,-3.08645,0.99402,3.24257,,-29.1427,-0.117625,-25.5767,-9.92762,fluid
1222,11.6074,0.514747,,1002.1,95.3603,33167.8,,-0.890444,0.615063,1.08222,,-2.69039,-0.199216,0.161086,-10.0092,fluid
1223,12.3597,0.46992,,1003.68,-113.02,58424,,-2.00583,-0.126041,2.00979,,-3.33168,10.6687,1.37796,0.858718,fluid
1224,13.221,0.474596,,1001.79,-80.903,28272.9,,-1.6904,0.0118544,1.69044,,-7.67484,5.78483,-5.54017,-4.02517,fluid
1225,12.5737,0.454749,,1003.31,-161.443,52494.5,,-2.04481,-0.0788515,2.04633,,-3.19457,10.03,0.966597,0.220023,fluid
1226,12.4963,0.455264,,1003.56,-136.452,56399.8,,-2.02595,-0.0844527,2.02771,,-2.18736,10.179,2.30995,0.36901,fluid
1227,13.4498,0.561896,,1001.57,-157.242,24751.7,,-2.14106,0.0401502,2.14143,,-1.84344,10.5639,-0.00602724,0.753863,fluid
1228,13.2845,0.55601,,1001.46,-149.35,23053.1,,-1.90019,0.192332,1.90989,,-4.95394,8.18225,-3.22113,-1.62775,fluid
1229,14.0643,0.407558,,1002.22,-149.616,35081.5,,-1.54012,-0.0274464,1.54036,,-3.87584,10.8649,-1.387,1.05486,fluid
1230,12.822,0.407039,,1002.11,-226.162,33298.6,,-2.15619,-0.064344,2.15715,,-4.92463,10.3522,-2.3331,0.542234,fluid
1231,13.9759,0.512456,,1002.42,-191.129,38289.4,,-2.0587,0.144077,2.06374,,-4.19732,11.3708,-1.46426,1.5608,fluid
1232,13.236,0.58168,,1001.39,-162.622,21879.5,,-1.7142,0.416548,1.76408,,-5.67537,8.4154,-4.02464,-1.3946,fluid
1233,13.4719,0.84583,,1002.53,-316.507,40052.3,,-3.74417,0.579047,3.78868,,-7.05137,17.7309,-4.08586,7.92089,fluid
1234,13.3041,0.60154,,1001.35,-197.5,21333.2,,-2.19483,0.231623,2.20702,,-3.83919,9.82963,-2.23785,0.0196262,fluid
1235,14.3573,0.450763,,1002.84,-63.8062,44878.5,,-1.40354,-0.0076847,1.40356,,-6.95082,10.9334,-3.83382,1.12339,fluid
1236,14.0144,0.434566,,1002.33,-145.244,36817.3,,-1.71255,-0.0195095,1.71266,,-3.69177,10.6849,-1.07077,0.874911,fluid
1237,13.2807,0.610461,,1001.32,-207.69,20731.4,,-2.17298,0.279187,2.19084,,-4.23142,9.74533,-2.67244,-0.0646716,fluid
1238,12.5646,0.787085,,1005.93,-349.562,94681.9,,-5.71691,0.693424,5.75881,,0.516305,22.3488,8.00755,12.5388,fluid
1239,14.6765,0.555667,,1002.01,-161.477,31697.7,,-1.75754,0.973514,2.00915,,-12.4869,12.7314,-10.3315,2.92139,fluid
1240,13.3251,0.630068,,1001.34,-224.364,21060.5,,-2.40815,0.250392,2.42113,,-3.19507,11.0607,-1.61666,1.25072,fluid
1241,13.7907,0.72859,,1003.15,-242.01,49960.7,,-2.7621,0.374468,2.78737,,-2.9335,12.6617,0.677893,2.85166,fluid
1242,14.2685,0.501442,,1002.9,-109.047,45941.1,,-1.5586,0.0197735,1.55872,,-6.10652,11.0928,-2.89607,1.28279,fluid
1243,13.3144,0.640065,,1001.31,-234.936,20675.1,,-2.4351,0.269155,2.44993,,-3.3533,11.1894,-1.8025,1.37936,fluid
1244,14.2455,0.525804,,1002.94,-114.771,46553.3,,-1.44095,0.0657898,1.44245,,-6.12218,11.842,-2.86383,2.03202,fluid
1245,13.9704,0.472208,,1002.39,-153.342,37833.1,,-1.87463,0.0294287,1.87487,,-3.6562,10.0788,-0.954576,0.268783,fluid
1246,13.566,0.601185,,1001.79,-162.858,28291.2,,-2.06911,0.0570179,2.06989,,-1.42423,12.4041,0.65748,2.59415,fluid
1247,13.2692,0.632189,,1001.27,-229.67,19975.4,,-2.23103,0.317922,2.25357,,-4.18483,10.1681,-2.68134,0.358092,fluid
1248,12.9085,0.527788,,1002.5,-100.239,39508,,-1.45557,0.207462,1.47028,,-5.11925,7.16897,-2.06625,-2.64103,fluid
1249,12.3124,0.528776,,1003.67,-128.51,58269.8,,-2.10309,-0.191839,2.11182,,-2.4116,12.4371,2.30371,2.62711,fluid
1250,11.9959,0.765266,,1002.65,-267.256,41878.1,,-2.33802,0.575479,2.4078,,-9.753,-3.70994,-6.27118,-13.5199,fluid
1251,11.5522,0.740082,,1000.3,-386.844,4746.13,,-2.8597,1.80114,3.37964,,-20.5284,5.57134,-20.1177,-4.23866,fluid
1252,11.0384,0.407581,,1000.34,23.5479,5290.92,,0.257276,0.213999,0.334644,,-4.06692,11.026,-3.58776,1.21605,fluid
1253,10.5845,0.404657,,1000.4,47.6118,6265.82,,0.449441,0.310619,0.546335,,-3.51986,10.7322,-2.92811,0.922168,fluid
1254,9.85914,0.374743,,1000.6,70.7455,9465.79,,0.142797,0.0584496,0.154296,,-6.04697,8.2012,-5.08744,-1.6088,fluid
1255,9.05442,0.367715,,993.132,-51.307,0,,0.928926,-0.0424283,0.929895,,-0.157174,9.7924,-0.157174,-0.0175985,fluid
1256,8.35828,0.367484,,995.228,-55.4925,0,,0.638048,-0.0345976,0.638985,,-0.658507,9.82822,-0.658507,0.0182159,fluid
1257,6.97616,0.367394,,1000.37,84.9239,5791.33,,0.396675,-0.0169631,0.397038,,-1.4324,8.94001,-0.602546,-0.869991,fluid
1258,5.69845,0.371764,,994.668,-148.582,0,,0.493932,-0.0356916,0.49522,,0.212803,9.5043,0.212803,-0.305702,fluid
1259,4.82012,0.370245,,999.987,53.8348,0,,0.25931,-0.0296043,0.260995,,0.711623,9.47141,0.711623,-0.338589,fluid
1260,3.74641,0.375274,,999.904,70.9245,0,,0.0744841,-0.030644,0.0805415,,-0.855387,8.18313,-0.855387,-1.62687,fluid
1261,4.53109,0.370178,,1000.07,18.7799,1040.61,,0.13034,-0.0234647,0.132436,,-0.0836707,9.62941,0.145973,-0.180593,fluid
1262,6.20696,0.36644,,996.453,68.8213,0,,0.670004,-0.0438355,0.671436,,-0.511355,9.80735,-0.511355,-0.00265232,fluid
1263,9.57123,0.367303,,999.793,216.597,0,,0.613126,-0.0349949,0.614124,,-3.34294,8.21302,-3.34294,-1.59698,fluid
1264,4.28163,0.158165,,1000.2,65.3913,3211.98,,0.270143,-0.00672656,0.270227,,-1.53166,9.87935,-0.781634,0.0693487,fluid
1265,5.21753,0.153101,,999.409,-10.8541,0,,-0.0614565,0.130463,0.144213,,-0.573553,8.13177,-0.573553,-1.67823,fluid
1266,5.29873,0.216445,,998.826,-33.7874,0,,-0.0552675,0.165144,0.174147,,-0.0106334,6.67326,-0.0106334,-3.13674,fluid
1267,5.14139,0.147743,,999.814,20.9792,0,,-0.0614869,0.0516963,0.0803315,,-0.29784,7.44514,-0.29784,-2.36486,fluid
1268,7.27944,0.113806,,999.97,-34.3521,0,,-0.0805646,-0.0186406,0.0826929,,0.179328,9.53421,0.179328,-0.27579,fluid
1269,7.55536,0.128868,,1000,9.71774,77.6174,,0.0207861,-0.0167546,0.0266979,,-0.388308,9.74226,-0.378035,-0.0677413,fluid
1270,5.37858,0.227287,,998.911,13.9525,0,,-0.0950365,-0.00222986,0.0950626,,0.306485,7.70043,0.306485,-2.10957,fluid
1271,5.35487,0.221543,,998.913,0.501135,0,,-0.0886043,0.0431147,0.0985373,,0.198344,6.89176,0.198344,-2.91824,fluid
1272,5.38349,0.229631,,998.89,13.904,0,,-0.0999823,-0.0031316,0.100031,,0.338289,7.98196,0.338289,-1.82804,fluid
1273,8.14895,0.186616,,998.082,-18.9291,0,,0.0726026,-0.00988956,0.0732731,,-0.895765,10.3269,-0.895765,0.516867,fluid
1274,8.07876,0.167748,,998.524,-7.83869,0,,0.0542104,-0.00966833,0.0550658,,-0.779059,10.2652,-0.779059,0.455242,fluid
1275,10.8559,0.237937,,1000.33,-22.2731,5125.73,,-0.293181,-0.014439,0.293537,,-3.74608,9.57943,-3.27407,-0.230574,fluid
1276,8.622,0.35362,,993.853,-49.9738,0,,0.162786,-0.0298057,0.165492,,0.429816,9.82191,0.429816,0.0119069,fluid
1277,10.7271,0.209174,,1000.34,-22.3385,5281.19,,-0.301172,-0.0151156,0.301551,,-3.83482,9.58906,-3.34267,-0.220942,fluid
1278,11.3707,0.253388,,1000.28,-46.5856,4381.81,,-0.148388,-0.0206076,0.149812,,-1.64108,9.61768,-1.25583,-0.192323,fluid
1279,11.3239,0.327336,,1000.33,-22.4046,5110.28,,0.00217852,-0.0207905,0.0209043,,-1.7582,8.84794,-1.30706,-0.962062,fluid
1280,10.8616,0.245358,,1000.34,-20.4983,5360.03,,-0.294822,-0.0134844,0.295131,,-3.81705,9.60139,-3.32373,-0.208614,fluid
1281,13.2087,0.345639,,1001.67,-92.6153,26323.8,,-1.62388,-0.0209751,1.62402,,-8.4716,9.58217,-6.48201,-0.22783,fluid
1282,11.448,0.376839,,1000.72,-7.81122,11288.2,,-0.282406,0.195004,0.343191,,-0.127303,3.00016,0.858029,-6.80984,fluid
1283,11.3718,0.591338,,1000.31,-199.196,4924.6,,-1.71338,1.31486,2.15975,,-11.7448,7.58547,-11.3119,-2.22453,fluid
1284,11.4525,0.768748,,999.145,-624.588,0,,-3.71607,1.59143,4.0425,,-16.6689,4.81714,-16.6689,-4.99286,fluid
1285,13.6332,0.613119,,1001.96,-191.881,30950.9,,-2.32926,0.221143,2.33974,,-1.40426,12.529,0.861563,2.71903,fluid
1286,12.7683,0.437842,,1002.36,-229.443,37295,,-2.17979,-0.0767225,2.18114,,-5.46044,10.2214,-2.54641,0.41137,fluid
1287,13.4749,0.436585,,1001.32,-161.23,20861.9,,-1.87881,-0.0216722,1.87894,,-2.62383,9.47685,-1.07767,-0.333154,fluid
1288,13.3441,0.448496,,1001.45,-124.796,22843.2,,-1.73631,-0.0289624,1.73655,,-4.98579,9.29681,-3.27641,-0.513194,fluid
1289,14.0826,0.374007,,1002.46,-136.149,38909.5,,-2.06219,-0.0175586,2.06226,,-3.03007,10.5044,-0.273905,0.694399,fluid
1290,13.0475,0.342081,,1001.83,-117.857,28912.4,,-1.74563,-0.0259613,1.74582,,-7.21911,9.97734,-5.00723,0.167339,fluid
1291,13.858,0.379114,,1001.97,-122.576,31120.3,,-1.59582,-0.0139108,1.59588,,-2.02109,9.85682,0.220141,0.046822,fluid
1292,15.0098,0.320453,,1000.83,-197.908,13104.1,,-1.04532,-0.0405253,1.04611,,-1.36423,10.1941,-0.491916,0.38405,fluid
1293,13.4997,0.518039,,1001.48,-157.76,23278.8,,-1.93838,-0.015402,1.93844,,-1.63554,10.005,0.086305,0.195041,fluid
1294,15.2036,0.335215,,1001.33,-151.026,20919.3,,-1.23915,-0.0227104,1.23936,,-4.53163,10.8249,-3.15751,1.01488,fluid
1295,13.7858,0.422934,,1001.74,-149.228,27521.2,,-1.59277,-0.0123329,1.59282,,-1.87131,9.62449,0.121564,-0.185514,fluid
1296,14.9146,0.385517,,1001.22,-185.803,19173.8,,-1.49076,-0.0619178,1.49204,,-0.097102,10.2992,1.18691,0.489175,fluid
1297,14.3012,0.432497,,1002.71,-50.9736,42847.3,,-0.928955,-0.024518,0.929278,,-7.10688,11.3069,-4.1189,1.49692,fluid
1298,15.2787,0.451187,,1001.58,-166.56,24967.2,,-1.35674,-0.0576312,1.35796,,-3.28567,12.6444,-1.65414,2.83437,fluid
1299,15.5813,0.487314,,1002.59,-72.2538,40980.7,,-1.39947,-0.0125447,1.39952,,-2.86043,8.24337,-0.237114,-1.56663,fluid
1300,14.7305,0.435166,,1002.04,-117.686,32194.3,,-1.95374,0.0586549,1.95462,,-7.67216,3.69657,-5.49104,-6.11343,fluid
1301,14.771,0.463958,,1001.98,-147.28,31265.3,,-2.26969,0.0349953,2.26996,,-6.34058,4.04878,-4.2281,-5.76122,fluid
1302,15.9702,0.489938,,1002.54,-91.6501,40175.7,,-0.970719,-0.120845,0.978213,,-4.51408,11.1347,-2.00479,1.32472,fluid
1303,15.2655,0.55204,,1001.67,-190.081,26267.9,,-1.26427,-0.193766,1.27904,,-1.12252,14.5751,0.595354,4.76515,fluid
1304,14.718,0.51283,,1002.01,-145.895,31733.5,,-1.96271,0.622816,2.05916,,-10.5569,8.42798,-8.40509,-1.38202,fluid
1305,15.4513,0.592057,,1002.78,-47.0185,43944.2,,-1.06548,-0.0708751,1.06783,,-5.37791,11.8057,-2.54174,1.99566,fluid
1306,15.1234,0.565182,,1001.46,-224.07,23007.8,,-1.51993,-0.229239,1.53712,,1.87718,12.1033,3.3963,2.2933,fluid
1307,15.0413,0.499305,,1001.22,-225.613,19253.3,,-1.56471,-0.144083,1.57133,,1.40718,11.7318,2.68565,1.92181,fluid
1308,15.0001,0.770005,,1002.48,-261.341,39236.2,,-3.27863,0.762883,3.36622,,-9.14472,13.264,-6.53546,3.45399,fluid
1309,14.815,0.567629,,1001.83,-215.009,28840.9,,-2.5839,0.508681,2.63349,,-7.49661,9.42768,-5.55342,-0.382321,fluid
1310,14.8606,0.709686,,1001.76,-366.341,27749.5,,-3.67414,0.670283,3.73478,,-10.5558,13.9658,-8.69175,4.1558,fluid
1311,14.8505,0.600602,,1001.84,-247.678,28978.9,,-2.95954,0.488668,2.99962,,-7.01005,10.8925,-5.06225,1.08247,fluid
1312,14.7489,0.568566,,1001.76,-226.092,27805.8,,-2.3826,0.721923,2.48957,,-9.72965,10.949,-7.84768,1.13905,fluid
1313,14.6035,0.525536,,1002.31,-116.517,36453.8,,-1.62836,0.814728,1.82081,,-12.8209,13.1279,-10.3304,3.31786,fluid
1314,13.1304,0.863597,,1001.81,-619.601,28613.9,,-4.98365,0.307933,4.99316,,2.16441,8.59321,4.33968,-1.21679,fluid
1315,14.041,0.452972,,1002.35,-153.929,37157.6,,-1.64304,-0.0216496,1.64318,,-4.06868,11.0051,-1.42853,1.19511,fluid
1316,13.069,0.509842,,1002.04,-91.8609,32198.2,,-1.63712,0.20389,1.64977,,-6.89667,6.60681,-4.43797,-3.20319,fluid
1317,12.6233,0.540691,,1003.43,-153.233,54420.5,,-1.81787,-0.0533416,1.81865,,-4.35501,9.24316,-0.0586371,-0.566845,fluid
1318,12.07,0.644599,,1002.84,-176.978,44946.9,,-2.06092,-0.360982,2.09229,,-6.81286,0.0745927,-3.09954,-9.73541,fluid
1319,11.5654,0.733771,,1000.46,-356.639,7227.71,,-2.75691,1.82043,3.30371,,-20.8966,6.49416,-20.272,-3.31584,fluid
1320,10.8764,0.409354,,1000.34,18.367,5275.95,,0.203677,0.245108,0.318688,,-3.60859,11.4115,-3.12367,1.60149,fluid
1321,10.1483,0.366389,,1000.31,-1.9994,4876.54,,0.208146,-0.0115174,0.208465,,-3.05146,9.82503,-2.57108,0.0150337,fluid
1322,9.00633,0.364383,,992.813,-66.0219,0,,0.890073,-0.0406374,0.891,,0.0385526,9.78684,0.0385526,-0.0231616,fluid
1323,7.17591,0.365328,,1000.24,49.0643,3786.89,,0.365875,-0.0234911,0.366629,,-0.790916,9.38351,-0.263321,-0.42649,fluid
1324,5.96864,0.369213,,994.488,-47.9099,0,,0.542194,-0.0419624,0.543816,,0.068292,9.74008,0.068292,-0.0699159,fluid
1325,6.34665,0.364206,,997.785,105.022,0,,0.621483,-0.0433035,0.62299,,-0.817896,9.79831,-0.817896,-0.0116916,fluid
1326,8.45301,0.363976,,994.478,-68.2627,0,,0.597746,-0.0321416,0.598609,,-0.61211,9.82636,-0.61211,0.0163559,fluid
1327,11.7179,0.731879,,1001.83,-164.085,28947.5,,-2.28204,1.42081,2.6882,,-23.5379,6.20672,-21.072,-3.60328,fluid
1328,5.28673,0.201312,,998.892,-34.956,0,,-0.0479715,0.179079,0.185393,,-0.173856,7.10583,-0.173856,-2.70417,fluid
1329,5.28449,0.20512,,998.935,-31.1879,0,,-0.0625175,0.165016,0.176461,,-0.103379,6.96838,-0.103379,-2.84162,fluid
1330,7.4751,0.102842,,999.884,-36.4818,0,,-0.111121,-0.0169493,0.112406,,-0.148338,9.76047,-0.148338,-0.0495273,fluid
1331,7.18708,0.10133,,1000.02,-43.6777,322.468,,-0.177876,-0.0177202,0.178757,,-0.113655,9.40799,-0.0687886,-0.402006,fluid
1332,8.18237,0.234764,,997.971,-11.6961,0,,-0.179379,-0.0140323,0.179927,,-0.134562,10.186,-0.134562,0.376022,fluid
1333,8.05632,0.1634,,998.723,-18.0368,0,,-0.147043,-0.00955651,0.147354,,-0.380873,10.2328,-0.380873,0.422798,fluid
1334,7.97854,0.131909,,999.111,-3.11652,0,,-0.0657437,-0.00900328,0.0663573,,-0.599631,10.1662,-0.599631,0.356233,fluid
1335,7.8212,0.112079,,999.699,20.6249,0,,-0.0214032,-0.0110359,0.0240808,,-0.79662,9.95647,-0.79662,0.146467,fluid
1336,7.9144,0.130001,,999.387,21.6245,0,,0.035714,-0.0101739,0.0371349,,-0.745028,10.0654,-0.745028,0.255371,fluid
1337,8.06696,0.158225,,998.658,-9.98307,0,,-0.0268121,-0.00913791,0.0283265,,-0.718524,10.2692,-0.718524,0.459194,fluid
1338,10.7629,0.155496,,1000.31,-18.4624,4856.08,,-0.247698,-0.0167374,0.248263,,-3.59157,9.56505,-3.14052,-0.244947,fluid
1339,10.9644,0.182611,,1000.21,-33.7595,3371.38,,-0.272177,-0.019081,0.272845,,-2.62641,9.47195,-2.319,-0.338053,fluid
1340,11.4261,0.222577,,1000.4,-44.6069,6311.81,,-0.226324,-0.013963,0.226754,,-0.814288,9.69775,-0.262108,-0.112248,fluid
1341,11.1368,0.263714,,1000.29,-5.21367,4626.49,,0.0105851,-0.0151596,0.0184894,,-2.0344,9.37056,-1.6191,-0.439443,fluid
1342,11.2244,0.311532,,1000.32,-4.8739,5031.01,,0.0620414,-0.0143986,0.0636903,,-1.73306,9.00923,-1.28498,-0.800769,fluid
1343,14.1993,0.275785,,1002.01,-184.893,31721.5,,-2.02465,-0.000359217,2.02465,,-4.18414,9.93756,-1.9546,0.127564,fluid
1344,11.229,0.262612,,1000.11,-36.9967,1789.36,,0.00791568,-0.0230655,0.024386,,-2.85272,9.21467,-2.69339,-0.595334,fluid
1345,14.7868,0.242245,,1001.38,-118.002,21703,,-1.10865,-0.0204415,1.10884,,-1.20952,9.71859,0.256196,-0.0914101,fluid
1346,13.2089,0.300896,,1001.68,-85.787,26486.5,,-1.56749,-0.0125103,1.56754,,-8.69839,9.67695,-6.69654,-0.133052,fluid
1347,14.5142,0.272999,,1001.82,-126.549,28747.1,,-1.35204,-0.00810591,1.35206,,-6.17955,9.73553,-4.20252,-0.0744725,fluid
1348,13.2087,0.318192,,1001.67,-89.4283,26342.4,,-1.59233,-0.0159645,1.59241,,-8.62278,9.64126,-6.63179,-0.168744,fluid
1349,14.5872,0.275678,,1001.78,-114.167,28162.1,,-1.33204,-0.0124478,1.33209,,-5.96117,9.73585,-4.03401,-0.074149,fluid
1350,15.1615,0.261412,,1001.3,-119.424,20443.6,,-1.03061,-0.0134525,1.0307,,-5.27608,10.1664,-3.92944,0.356403,fluid
1351,14.6511,0.279943,,1001.73,-107.891,27299.4,,-1.31264,-0.0172172,1.31275,,-5.00894,9.74002,-3.14886,-0.0699809,fluid
1352,16.1834,0.322402,,1002.81,-41.2115,44465.7,,-0.604703,-0.0467075,0.606504,,-2.42598,10.0202,0.313931,0.210189,fluid
1353,15.3597,0.296176,,1002.11,-75.3438,33294,,-1.66739,0.0172156,1.66747,,-3.7373,11.2925,-1.57424,1.48249,fluid
1354,14.753,0.298162,,1001.53,-129.522,24153.2,,-1.40443,-0.027949,1.40471,,-2.68639,9.79221,-1.05172,-0.0177893,fluid
1355,19.3879,0.297028,,1001.27,66.9141,19993.8,,1.95017,0.00363766,1.95018,,-9.82502,10.6054,-8.79508,0.795353,fluid
1356,14.8978,0.309114,,1001.12,-174.133,17566.5,,-1.31936,-0.0378842,1.3199,,-0.44399,9.93233,0.733827,0.122333,fluid
1357,15.9489,0.349617,,1001.97,-131.42,31136.5,,-0.748825,-0.0492025,0.750439,,-2.58361,10.3061,-0.635186,0.496094,fluid
1358,16.2761,0.349295,,1002.84,-41.6809,44906,,-0.322969,-0.0727628,0.331064,,0.581123,10.217,3.33233,0.406992,fluid
1359,15.4391,0.34345,,1002.19,-80.6678,34596.4,,-1.57229,0.0258845,1.5725,,-2.04537,10.8664,0.190573,1.05643,fluid
1360,17.906,0.321832,,1001.85,192.131,29251.8,,3.19652,-0.0563232,3.19702,,5.92137,10.1974,7.55198,0.387358,fluid
1361,15.3946,0.399084,,1002.15,-92.2842,33997.1,,-1.54234,-0.00235266,1.54234,,-3.65348,10.8588,-1.44984,1.04885,fluid
1362,20.17,0.660254,,1000.16,-123.073,2456.41,,1.61572,2.3647,2.86398,,-6.25994,16.6679,-6.13818,6.85795,fluid
1363,15.5902,0.400782,,1002.21,-97.5456,34853.2,,-1.26702,-0.0247963,1.26727,,0.0318705,10.3379,2.26253,0.52787,fluid
1364,17.4062,0.350537,,1001.43,-76.5215,22601.6,,2.21088,-0.0837147,2.21246,,10.4685,10.4664,11.7651,0.656397,fluid
1365,16.7058,0.357773,,1001.35,-178.944,21220.5,,1.06641,-0.094702,1.07061,,3.23334,10.67,4.50188,0.859952,fluid
1366,19.3136,0.315178,,1001.29,56.5203,20304.8,,1.73727,-0.00498146,1.73728,,-9.44656,9.92139,-8.39659,0.111392,fluid
1367,15.8801,0.40547,,1001.92,-145.249,30235,,-0.803119,-0.0728334,0.806415,,-1.62661,10.7642,0.273705,0.954168,fluid
1368,18.8691,0.306659,,999.548,62.1794,0,,4.97074,-0.0362341,4.97087,,-9.39452,10.5042,-9.39452,0.694237,fluid
1369,18.5124,0.310628,,999.229,55.0056,0,,4.62126,-0.0533652,4.62157,,1.36438,10.766,1.36438,0.955952,fluid
1370,17.0358,0.365876,,1003.28,164.59,51988.5,,1.64005,-0.104027,1.64335,,-9.96145,10.5855,-6.9197,0.775532,fluid
1371,17.4611,0.365687,,1001.33,-64.4349,20897,,2.44202,-0.0954222,2.44388,,9.76344,10.4626,10.9586,0.652644,fluid
1372,19.5432,0.415998,,1001.48,189.009,23290,,3.44663,0.725487,3.52215,,-7.10074,13.2685,-5.91078,3.45845,fluid
1373,16.4542,0.388694,,1002.47,-85.0583,39065,,0.186562,-0.134317,0.229884,,4.86558,10.7134,7.23389,0.903393,fluid
1374,17.2123,0.37903,,1002.84,60.4065,44903.2,,1.46651,-0.13427,1.47264,,3.46391,11.2322,6.06531,1.42224,fluid
1375,16.0482,0.51306,,1003.01,-59.7318,47730.3,,-1.31132,-0.122244,1.317,,-6.16833,10.799,-3.20307,0.988953,fluid
1376,15.9699,0.613469,,1002.69,-116.214,42552.3,,-1.30299,-0.00970006,1.30303,,-4.22962,3.56444,-1.57222,-6.24556,fluid
1377,15.6806,0.570482,,1002.49,-122.188,39430,,-1.27432,0.188294,1.28816,,-3.16807,4.30633,-0.659744,-5.50367,fluid
1378,15.104,0.786717,,1002.93,-179.165,46330.8,,-2.63853,0.567564,2.69888,,-3.4263,9.35265,-0.367787,-0.457353,fluid
1379,14.9719,0.749634,,1002.3,-277.971,36387.4,,-3.33773,0.73853,3.41846,,-9.34888,13.4821,-6.92409,3.67213,fluid
1380,14.9052,0.583224,,1002.03,-185.016,32119.3,,-2.64247,0.291488,2.6585,,-3.9165,8.48198,-1.76596,-1.32802,fluid
1381,14.5186,0.471798,,1002.59,-69.1289,40993.2,,-1.49186,0.425457,1.55134,,-10.7969,11.6381,-7.98066,1.8281,fluid
1382,13.4356,0.830387,,1002.2,-348.665,34756.6,,-3.85471,0.564128,3.89577,,-6.0249,16.5427,-3.44368,6.73265,fluid
1383,13.6787,0.551064,,1001.78,-172.569,28025.7,,-1.82304,-0.00276088,1.82305,,-1.41746,10.3742,0.627771,0.5642,fluid
1384,12.8888,0.406074,,1002.02,-191.274,31821.2,,-2.00527,-0.0602709,2.00618,,-4.60313,10.2744,-2.13919,0.464384,fluid
1385,12.1023,0.566805,,1002.84,-172.864,44900.2,,-2.12229,-0.449472,2.16936,,-9.92834,11.0192,-6.22879,1.20919,fluid
1386,11.6054,0.725682,,1000.92,-277.067,14410.6,,-2.52086,1.79032,3.09192,,-21.8556,8.07972,-20.615,-1.73028,fluid
1387,9.95043,0.369653,,1000.54,32.6228,8411.43,,0.0861872,0.000822757,0.0861911,,-5.44428,8.2862,-4.5994,-1.5238,fluid
1388,8.89979,0.364477,,992.408,-85.3138,0,,0.796896,-0.0380694,0.797805,,0.292836,9.77461,0.292836,-0.0353947,fluid
1389,8.75317,0.364134,,992.53,-97.9515,0,,0.677099,-0.0341365,0.677959,,0.246825,9.77752,0.246825,-0.0324808,fluid
1390,10.5139,0.390763,,1000.45,59.8006,7026.32,,0.498355,0.249314,0.557239,,-3.40474,10.6992,-2.73675,0.889184,fluid
1391,13.1351,0.554249,,1001.71,-124.624,27038.7,,-1.56997,0.466828,1.6379,,-6.53749,8.26028,-4.48251,-1.54972,fluid
1392,6.50599,0.311073,,999.169,121.984,0,,0.452988,-0.0343588,0.45429,,-1.01528,9.86378,-1.01528,0.0537832,fluid
1393,7.67228,0.107135,,999.941,11.5166,0,,-0.0457891,-0.0137483,0.0478086,,-0.755097,9.75436,-0.755097,-0.0556439,fluid
1394,8.90715,0.352473,,993.051,-36.3272,0,,0.495152,-0.0355628,0.496427,,0.508163,9.79669,0.508163,-0.013315,fluid
1395,8.14002,0.216889,,998.199,-16.8014,0,,-0.158127,-0.012814,0.158646,,-0.218575,10.198,-0.218575,0.388045,fluid
1396,11.0743,0.161064,,1000.22,-31.2257,3511.59,,-0.237648,-0.0190197,0.238408,,-2.29024,9.56634,-1.97321,-0.243656,fluid
1397,11.092,0.157896,,1000.21,-31.2166,3318.94,,-0.213491,-0.0191051,0.214344,,-2.26348,9.56959,-1.96432,-0.240406,fluid
1398,10.8624,0.108012,,1000.24,-21.0307,3718.32,,-0.198922,-0.019097,0.199837,,-2.92017,9.55647,-2.57794,-0.25353,fluid
1399,11.1085,0.120556,,1000.22,-34.5041,3394.47,,-0.260448,-0.0187256,0.26112,,-2.41376,9.68207,-2.10825,-0.127933,fluid
1400,10.8985,0.116658,,1000.21,-26.2195,3220.96,,-0.205999,-0.0197251,0.206941,,-2.70993,9.53369,-2.41445,-0.276306,fluid
1401,11.2412,0.136095,,1000.24,-36.075,3725.9,,-0.203129,-0.0154581,0.203716,,-2.14205,9.73677,-1.81068,-0.0732332,fluid
1402,10.9815,0.184992,,1000.22,-33.2516,3488.52,,-0.274382,-0.0188786,0.275031,,-2.59421,9.48227,-2.27661,-0.327728,fluid
1403,15.7056,0.360477,,1002.21,-114.053,34914.1,,-1.52501,-0.0311139,1.52532,,2.64644,10.2256,4.86457,0.415629,fluid
1404,13.3097,0.668547,,1001.18,-349.685,18555.5,,-3.44478,0.300061,3.45783,,-2.56102,11.2227,-1.16853,1.41265,fluid
1405,14.4005,0.256112,,1001.83,-140.52,28849.4,,-1.27612,-0.000210214,1.27612,,-5.405,9.66431,-3.4053,-0.145691,fluid
1406,13.9486,0.310417,,1002.32,-123.448,36670.1,,-2.32091,0.39261,2.35388,,-0.752151,7.93338,1.87071,-1.87662,fluid
1407,19.9611,0.300626,,1001.54,109.998,24262.4,,2.58306,0.456945,2.62317,,-7.85811,9.91889,-6.6445,0.108888,fluid
1408,13.9078,0.308029,,1002.2,-100.965,34777.9,,-1.90259,0.147073,1.90826,,-1.07315,7.82084,1.42196,-1.98916,fluid
1409,20.4347,0.31257,,1002.25,102.806,35597.5,,0.394894,0.468517,0.61274,,-17.1994,3.89895,-15.4613,-5.91105,fluid
1410,14.1848,0.274047,,1002.03,-184.174,32015.7,,-2.07974,0.0223942,2.07986,,-4.19534,10.0081,-1.94286,0.198051,fluid
1411,15.9558,0.280101,,1001.95,-130.594,30809.5,,-0.883462,-0.0184237,0.883654,,-1.87939,9.89656,0.0477871,0.086562,fluid
1412,20.1126,0.473329,,1002.18,140.822,34493.8,,1.14363,0.875457,1.44024,,-10.6092,11.7838,-8.89787,1.97383,fluid
1413,15.2658,0.256049,,1001.8,-79.6462,28428.8,,-1.38995,-0.000996218,1.38995,,-5.3691,10.2041,-3.5102,0.394133,fluid
1414,20.7267,0.354898,,1001.19,-42.3092,18679.5,,-0.179563,0.625703,0.650959,,-5.52013,6.18942,-4.61997,-3.62058,fluid
1415,16.0567,0.303817,,1002.43,-79.0605,38411.4,,-0.81368,-0.0292833,0.814206,,-3.20582,9.95646,-0.819373,0.146462,fluid
1416,16.24,0.358702,,1002.96,-36.0509,46895.8,,-0.609792,-0.0749902,0.614385,,-0.931916,10.2556,1.94723,0.445587,fluid
1417,16.9869,0.336073,,1002.95,124.838,46782.2,,1.61951,-0.0664104,1.62087,,-8.65534,10.4515,-5.90944,0.641472,fluid
1418,20.6299,0.550696,,1001.24,-1.63324,19461.7,,0.21825,1.30686,1.32496,,-7.86103,16.1005,-6.91882,6.29047,fluid
1419,15.4837,0.310311,,1002.14,-81.4415,33774.8,,-1.48629,0.015164,1.48637,,0.204044,9.85592,2.3807,0.0459206,fluid
1420,20.1388,0.526856,,1001.91,115.281,30104.1,,1.37004,1.4045,1.96204,,-10.7483,16.0146,-9.25631,6.20458,fluid
1421,16.8221,0.33732,,1001.69,-87.0114,26683.6,,1.408,-0.0675135,1.40962,,-1.11104,10.5793,0.47251,0.769299,fluid
1422,20.1722,0.575448,,1001.42,44.8054,22379,,1.36458,1.76391,2.23012,,-9.29578,18.7478,-8.18796,8.93776,fluid
1423,20.6876,0.728565,,1000.72,-15.7632,11357.4,,0.563444,1.62,1.71519,,-8.62628,14.1141,-8.07768,4.30409,fluid
1424,17.2221,0.340506,,1002.76,60.9658,43650.8,,1.49876,-0.0869701,1.50128,,4.47262,10.6408,7.00023,0.830754,fluid
1425,20.4541,0.347916,,1001.85,30.3757,29148.2,,0.0310022,0.157253,0.16028,,-13.7522,5.44468,-12.3298,-4.36532,fluid
1426,20.4909,0.395293,,1001.75,21.5569,27577.6,,-0.101348,0.430826,0.442586,,-12.1935,8.73601,-10.85,-1.07399,fluid
1427,20.3212,0.347824,,1002.74,187.511,43349.6,,0.745924,-0.0224438,0.746262,,-17.1692,9.69475,-15.0419,-0.115247,fluid
1428,19.5292,0.383866,,1001.48,173.664,23363.4,,3.19213,0.573884,3.24331,,-7.55261,12.6743,-6.35805,2.86427,fluid
1429,20.8528,0.794034,,1000.36,-101.213,5691.45,,-0.228278,1.27544,1.29571,,-9.51758,11.5786,-9.24474,1.76862,fluid
1430,20.733,1.04951,,1000.75,14.3588,11759.8,,0.0874176,2.52076,2.52227,,-9.465,6.32784,-8.89822,-3.48216,fluid
1431,20.1361,0.361136,,1002.36,135.09,37229.5,,0.851264,-0.0222675,0.851555,,-8.2728,10.1931,-6.42824,0.383142,fluid
1432,20.7706,1.06504,,1000.65,-14.9829,10205.1,,-0.1055,2.44465,2.44693,,-8.91103,6.28411,-8.42002,-3.52589,fluid
1433,20.662,0.880636,,1000.67,17.2601,10522.5,,0.708236,2.11115,2.22678,,-8.66177,10.3149,-8.15284,0.504905,fluid
1434,19.9846,0.446501,,1001.81,37.7607,28530.4,,0.148636,0.535424,0.555672,,-8.52882,11.7757,-7.10378,1.96573,fluid
1435,20.5363,0.663404,,1001.1,20.23,17316.2,,0.722083,1.70824,1.85459,,-7.95042,17.3477,-7.10814,7.53765,fluid
1436,20.3741,0.631594,,1001.37,38.5602,21563.6,,0.854131,1.58206,1.7979,,-8.78451,19.5862,-7.72758,9.7762,fluid
1437,20.235,0.483215,,1002.6,199.04,41136.3,,0.994228,0.542073,1.1324,,-11.9458,12.1556,-9.91818,2.34556,fluid
1438,20.4038,0.874058,,1000.73,27.525,11487.7,,1.05972,2.09777,2.35024,,-8.75136,12.7174,-8.18876,2.90745,fluid
1439,20.1225,0.643744,,1000.26,-144.579,4144.79,,0.902404,2.03163,2.22303,,-6.04177,16.9666,-5.83585,7.15657,fluid
1440,20.2646,0.743922,,1000.06,-122.451,972.391,,1.27796,2.19143,2.53684,,-4.91207,15.1832,-4.86409,5.37325,fluid
1441,19.4695,0.339957,,1001.49,128.052,23566.3,,2.35722,0.0419776,2.3576,,-9.22059,11.7097,-8.01197,1.89972,fluid
1442,18.019,0.328448,,1001.51,164.397,23792.8,,3.06294,-0.0642729,3.06362,,10.6525,10.4256,11.9709,0.615596,fluid
1443,17.7474,0.356803,,1001.97,142.957,31088.8,,2.84878,-0.0837909,2.85002,,3.23928,10.2477,4.98758,0.437699,fluid
1444,16.7595,0.390557,,1001.35,-174.856,21224.2,,1.1865,-0.12845,1.19343,,1.79674,10.989,3.06143,1.17901,fluid
1445,15.864,0.621623,,1002.36,-167.554,37310.3,,-1.3911,0.208419,1.40662,,-2.97632,2.16718,-0.629971,-7.64282,fluid
1446,15.1105,0.747561,,1002.73,-171.353,43162,,-2.3794,0.354831,2.40571,,-0.681464,7.38645,2.1672,-2.42355,fluid
1447,14.9332,0.647946,,1002.05,-228.721,32380.8,,-2.91332,0.498435,2.95565,,-5.4463,11.2555,-3.28236,1.44548,fluid
1448,14.7877,0.544584,,1001.86,-201.815,29294.5,,-2.5076,0.467729,2.55085,,-7.8239,8.60394,-5.84656,-1.20606,fluid
1449,14.1544,0.508191,,1002.78,-145.833,43964.9,,-1.70013,-0.0142043,1.70019,,-5.7781,11.6893,-2.68061,1.87926,fluid
1450,13.4206,0.623472,,1001.52,-197.47,23934.5,,-2.38982,0.196861,2.39792,,-2.13912,12.2903,-0.358413,2.48031,fluid
1451,12.2599,0.485794,,1003.58,-119.293,56718.9,,-2.19843,-0.185126,2.20621,,-7.40964,10.8573,-2.79974,1.04726,fluid
1452,11.2006,0.391789,,1000.4,16.531,6263.79,,0.136913,0.141663,0.197011,,-3.31904,9.18405,-2.76002,-0.625952,fluid
1453,10.7802,0.406067,,1000.35,14.2568,5518.29,,0.14141,0.251739,0.288737,,-3.57757,11.153,-3.06586,1.34301,fluid
1454,12.1801,0.494317,,1003.34,-130.105,53005.8,,-2.28672,-0.237025,2.29897,,-11.0875,10.4159,-6.75021,0.605912,fluid
1455,14.6631,0.529405,,1002.1,-142.685,33126.9,,-1.79502,0.822694,1.97457,,-12.3968,11.4075,-10.1423,1.5975,fluid
1456,7.73126,0.10763,,999.894,22.4586,0,,-0.0163939,-0.0125819,0.0206655,,-0.872503,9.81817,-0.872503,0.00816508,fluid
1457,8.71697,0.349653,,993.38,-51.4898,0,,0.236974,-0.0300824,0.238876,,0.578019,9.81822,0.578019,0.00822118,fluid
1458,11.1326,0.126254,,1000.21,-34.2288,3227.65,,-0.227905,-0.0184464,0.22865,,-2.39902,9.67659,-2.10915,-0.133409,fluid
1459,11.041,0.164876,,1000.22,-35.0182,3449.75,,-0.283781,-0.0191736,0.284428,,-2.3807,9.53715,-2.06832,-0.272845,fluid
1460,14.6345,0.240233,,1001.84,-61.4929,28989.9,,-0.933718,-0.0094095,0.933765,,-5.08464,9.7158,-3.10734,-0.0942031,fluid
1461,14.7489,0.188508,,1001.51,-68.1531,23761.7,,-0.73215,-0.00950877,0.732212,,-1.48235,9.69546,0.126303,-0.114536,fluid
1462,15.2811,0.165996,,1001.82,-69.3713,28717.2,,-1.4908,0.0989032,1.49407,,-4.95396,11.5466,-3.07812,1.73661,fluid
1463,15.3137,0.195585,,1001.91,-93.1503,30178.1,,-1.89479,0.195743,1.90488,,-3.78182,11.4474,-1.81492,1.63738,fluid
1464,13.4623,0.209204,,1001.17,-154.534,18422.4,,-1.77321,0.0487067,1.77388,,-3.40858,7.74401,-2.04174,-2.06599,fluid
1465,13.5142,0.237467,,1001.23,-139.11,19401.4,,-1.6276,0.0229734,1.62776,,-1.98763,7.18669,-0.553772,-2.62331,fluid
1466,13.7,0.313775,,1001.36,-144.719,21360.8,,-1.40853,-0.0161642,1.40862,,-0.746879,9.65571,0.8102,-0.154295,fluid
1467,15.563,0.250578,,1001.88,-121.814,29657.9,,-1.56117,0.170974,1.57051,,3.32363,7.93182,5.22572,-1.87818,fluid
1468,20.6369,0.272533,,1000.97,-76.3318,15345.1,,-0.077302,0.557278,0.562614,,-6.45737,3.01347,-5.71452,-6.79653,fluid
1469,20.1104,0.342177,,1002.48,241.54,39292.6,,2.42302,0.405827,2.45677,,-10.3854,5.24982,-8.43643,-4.56018,fluid
1470,20.6012,0.298198,,1001.11,-64.347,17484.6,,-0.142013,0.435693,0.458254,,-7.70688,3.64418,-6.85911,-6.16582,fluid
1471,20.7053,0.267249,,1000.82,-91.5366,12977.9,,-0.0807809,0.662805,0.66771,,-4.60354,2.41906,-3.97727,-7.39094,fluid
1472,15.7664,0.292353,,1001.76,-153.201,27828.3,,-1.19523,-0.0208893,1.19541,,2.44516,9.89279,4.20709,0.0827927,fluid
1473,20.6325,0.298315,,1001.04,-72.0686,16329.1,,-0.165955,0.425759,0.456959,,-6.80835,3.60136,-6.01775,-6.20864,fluid
1474,20.7747,0.295765,,1000.86,-102.732,13525.4,,-0.432729,0.595489,0.736112,,-3.08274,2.50632,-2.43224,-7.30368,fluid
1475,15.7306,0.28193,,1001.71,-153.722,26991,,-1.18158,-0.0176511,1.18171,,2.57835,9.821,4.29125,0.0109997,fluid
1476,21.2003,1.59197,,1001.1,-80.1773,17386.2,,-2.21712,2.53228,3.36572,,-2.94295,1.35762,-2.12376,-8.45238,fluid
1477,20.5367,0.349843,,1001.5,-13.2016,23631.4,,-0.126468,0.532269,0.547087,,-10.5538,5.77209,-9.40484,-4.03791,fluid
1478,20.7402,0.288598,,1000.77,-134.385,12077,,-0.81599,0.654507,1.04605,,-2.41037,2.6944,-1.82852,-7.1156,fluid
1479,20.7562,0.30018,,1000.88,-116.891,13808.1,,-0.778051,0.619398,0.994494,,-2.47068,2.86234,-1.80601,-6.94766,fluid
1480,20.724,0.329955,,1001.09,-57.007,17146.2,,-0.176272,0.561679,0.588689,,-5.22634,4.62838,-4.39988,-5.18162,fluid
1481,20.8831,0.313968,,1001.13,-85.1304,17747.5,,-0.653243,0.491129,0.817272,,-2.3891,1.5574,-1.5402,-8.2526,fluid
1482,19.9295,0.397809,,1001.76,41.9971,27806.6,,0.366743,0.599141,0.702474,,-7.62271,10.7797,-6.22992,0.969722,fluid
1483,20.8656,0.318264,,1001.15,-81.108,18038.1,,-0.673764,0.520478,0.851384,,-2.33383,2.02068,-1.47033,-7.78932,fluid
1484,20.743,0.46909,,1001.16,-33.9235,18289.1,,-0.060339,1.04283,1.04457,,-6.20579,12.501,-5.32511,2.69102,fluid
1485,20.9466,0.317347,,1001.11,-95.5178,17428.9,,-0.58615,0.377312,0.697092,,-2.79058,0.767746,-1.95943,-9.04225,fluid
1486,20.9255,0.329244,,1001.17,-82.8719,18462.6,,-0.604871,0.435775,0.745499,,-2.63262,1.6071,-1.75135,-8.2029,fluid
1487,20.4939,1.58951,,1000.54,-220.721,8540.67,,-3.84492,2.10315,4.38253,,-6.93411,0.051705,-6.51759,-9.75829,fluid
1488,20.6262,0.577573,,1001.16,-1.81156,18286.6,,0.342567,1.43807,1.47831,,-7.80902,16.4164,-6.92348,6.6064,fluid
1489,21.1691,1.72183,,1001.15,-83.9262,18053.2,,-2.27766,1.93207,2.98674,,-3.25529,1.95655,-2.40346,-7.85345,fluid
1490,20.9668,0.335914,,1001.18,-88.8332,18561,,-0.578985,0.365316,0.684602,,-2.883,1.28301,-1.99878,-8.52699,fluid
1491,21.573,0.782407,,1003.38,215.452,53609.8,,-1.2272,1.25434,1.75482,,-21.5989,2.58528,-19.1223,-7.22472,fluid
1492,20.9099,0.361418,,1001.3,-62.223,20512.1,,-0.633172,0.566684,0.849728,,-2.67458,3.8023,-1.69488,-6.0077,fluid
1493,20.7831,1.67867,,1001.21,-116.773,19041.6,,-3.18982,2.06739,3.80119,,-6.49746,2.67703,-5.58236,-7.13297,fluid
1494,21.3755,0.637789,,1002.76,127.849,43644.2,,-0.171899,1.82112,1.82922,,-6.31848,9.42118,-4.2823,-0.388817,fluid
1495,20.8311,0.4227,,1001.28,-55.0665,20236.4,,-0.693035,0.878452,1.11892,,-3.87347,9.081,-2.90326,-0.729001,fluid
1496,19.9682,2.22566,,1000.47,-294.039,7465.57,,-5.84171,1.38836,6.00443,,-5.65989,0.389472,-5.28619,-9.42053,fluid
1497,21.3836,1.75527,,1001.01,-16.575,15857.2,,-0.57855,3.53254,3.5796,,-1.31681,0.579175,-0.575994,-9.23083,fluid
1498,21.0196,0.559246,,1001.23,-100.452,19424,,-0.930581,1.50555,1.76993,,-4.72965,11.6626,-3.80669,1.8526,fluid
1499,20.6616,1.60216,,1000.94,-140.003,14718.9,,-3.25259,2.51636,4.11236,,-8.22717,0.913837,-7.51546,-8.89616,fluid
1500,21.0497,0.703649,,1001.46,-53.3989,23070.3,,-1.09926,1.85579,2.15692,,-4.32481,12.8506,-3.23042,3.04057,fluid
1501,20.8302,0.653546,,1000.65,-110.104,10164.2,,-0.641843,1.27073,1.42363,,-7.61787,13.2215,-7.13023,3.41145,fluid
1502,20.8356,0.739204,,1000.47,-100.933,7377.29,,-0.348022,1.23679,1.28482,,-8.86068,12.4677,-8.50677,2.65775,fluid
1503,20.943,1.00066,,1000.49,-68.9116,7652.51,,-0.164702,1.83443,1.84181,,-10.6666,8.30484,-10.3014,-1.50516,fluid
1504,21.0127,1.13451,,1000.83,-30.8955,13036.3,,-0.174112,2.56696,2.57286,,-9.90096,8.52213,-9.28107,-1.28787,fluid
1505,20.5737,0.963459,,1000.92,65.595,14441.4,,0.603801,2.49904,2.57095,,-10.044,8.57098,-9.34268,-1.23902,fluid
1506,20.4769,0.800117,,1000.75,16.0702,11743.4,,1.02864,2.08568,2.32554,,-7.60247,14.6131,-7.0294,4.8031,fluid
1507,20.4316,0.906272,,1000.83,47.9901,13030.8,,0.950661,2.17955,2.37785,,-9.4911,11.5064,-8.85385,1.69641,fluid
1508,20.3733,0.835262,,1000.57,-5.68007,9030.14,,1.16048,2.08238,2.38391,,-7.62455,13.8666,-7.18157,4.05661,fluid
1509,19.9837,0.593526,,1000.68,-119.029,10640.9,,0.102178,1.64328,1.64645,,-6.90028,16.2352,-6.36816,6.42518,fluid
1510,19.0611,0.31343,,1002,388.912,31557.6,,4.83792,-0.0169543,4.83795,,-16.4258,10.948,-14.7735,1.138,fluid
1511,17.5597,0.368966,,1001.53,19.9624,24194.6,,2.72934,-0.0972042,2.73107,,7.23514,10.0963,8.61088,0.286336,fluid
1512,16.2166,0.433804,,1003.18,-36.007,50323.4,,-0.98112,-0.116304,0.98799,,-3.31138,10.5235,-0.218005,0.713495,fluid
1513,15.5955,0.556205,,1002.71,-83.0951,42922.7,,-1.41536,0.154751,1.4238,,-4.68817,6.71487,-1.94337,-3.09513,fluid
1514,15.0026,0.61897,,1002.12,-168.969,33549.9,,-2.29438,0.150999,2.29934,,-0.143203,6.8357,2.08833,-2.9743,fluid
1515,14.3159,0.470652,,1002.86,-81.8181,45338.8,,-1.4529,-0.00810809,1.45292,,-6.43193,11.2981,-3.27395,1.48807,fluid
1516,12.998,0.446096,,1002.06,-119.509,32529.6,,-1.78476,-0.0538098,1.78557,,-5.82696,9.88586,-3.32945,0.0758559,fluid
1517,12.7786,0.534755,,1002.95,-134.623,46648.6,,-1.67774,-0.0185982,1.67784,,-6.18379,8.00067,-2.54398,-1.80933,fluid
1518,13.9021,0.467889,,1002.23,-157.477,35285.6,,-1.93168,0.101252,1.93433,,-3.11655,9.98546,-0.584048,0.175457,fluid
1519,15.3743,0.615597,,1002.53,-89.2019,39941.7,,-1.07595,-0.207209,1.09572,,-3.04019,13.786,-0.448786,3.97605,fluid
1520,8.0328,0.145074,,998.872,-14.2584,0,,-0.122331,-0.00871217,0.12264,,-0.520967,10.2364,-0.520967,0.426405,fluid
1521,11.2026,0.128614,,1000.22,-34.9549,3482.61,,-0.208374,-0.0165989,0.209034,,-2.31319,9.73003,-2.00238,-0.0799671,fluid
1522,13.4427,0.243686,,1001.17,-172.459,18439.7,,-1.97281,0.0013189,1.97281,,-4.09326,7.03485,-2.72314,-2.77515,fluid
1523,13.6323,0.339303,,1001.35,-148.387,21342.2,,-1.58923,-0.0144132,1.58929,,-1.04476,9.5375,0.518681,-0.272498,fluid
1524,19.6284,0.341956,,1001.43,153.393,22558.9,,2.99177,0.170802,2.99664,,-6.05493,13.053,-4.90727,3.24302,fluid
1525,19.5144,0.276976,,1001.22,77.9035,19216,,2.26822,0.0526528,2.26883,,-7.79609,12.5797,-6.81258,2.76969,fluid
1526,20.0614,0.410603,,1002.22,163.791,35088.3,,1.56269,0.708258,1.7157,,-10.0713,8.27316,-8.32608,-1.53684,fluid
1527,20.4166,0.323317,,1002.57,157.318,40636.4,,0.567814,0.595233,0.822627,,-19.5123,4.07442,-17.527,-5.73558,fluid
1528,20.4731,0.346091,,1002.35,125.227,37098.5,,0.392449,0.864242,0.949173,,-17.8449,5.25545,-16.0371,-4.55455,fluid
1529,20.599,0.408656,,1001.64,35.3741,25932.3,,0.211866,1.49783,1.51274,,-10.8692,10.0362,-9.61233,0.226195,fluid
1530,20.6213,0.383648,,1001.54,15.9391,24287.6,,0.0767988,1.20975,1.21218,,-9.79219,8.38177,-8.6162,-1.42823,fluid
1531,19.6617,0.261081,,1001.05,57.1357,16548.9,,2.46488,0.197924,2.47281,,-5.51008,14.0162,-4.66928,4.20617,fluid
1532,20.3812,1.21999,,998.465,-485.758,0,,-2.91488,2.53723,3.86446,,-2.41404,4.64841,-2.41404,-5.16159,fluid
1533,21.1523,0.634651,,1002.24,-12.0966,35421.5,,-1.68585,2.01537,2.62751,,0.903105,13.4848,2.57396,3.67484,fluid
1534,21.0079,0.408085,,1001.68,-39.396,26529.4,,-0.873041,0.716636,1.1295,,-1.23235,5.45642,0.0283531,-4.35358,fluid
1535,20.4982,1.47443,,1000.03,-315.962,445.471,,-4.48368,1.17913,4.63613,,-3.1532,1.85676,-3.13147,-7.95324,fluid
1536,20.5155,1.31981,,998.062,-595.88,0,,-4.16152,2.62844,4.92209,,-1.71727,3.94815,-1.71727,-5.86185,fluid
1537,20.3868,1.24824,,997.797,-632.176,0,,-3.67711,2.36254,4.37067,,-1.6664,4.88541,-1.6664,-4.92459,fluid
1538,21.4547,1.52264,,1000.5,-151.21,7838.31,,-2.09015,2.09707,2.96082,,1.14436,4.15818,1.50952,-5.65182,fluid
1539,20.6755,0.275397,,1000.87,-89.4544,13759.7,,-0.134366,0.547123,0.563381,,-5.2543,2.83071,-4.58938,-6.97929,fluid
1540,21.5791,0.56103,,1001.76,-120.026,27744.1,,-2.25377,0.856607,2.41107,,-3.79316,8.45668,-2.50972,-1.35332,fluid
1541,20.554,1.21772,,997.955,-560.869,0,,-3.1919,2.93707,4.33758,,-1.53101,4.60704,-1.53101,-5.20296,fluid
1542,20.7186,1.65476,,1001.17,-133.146,18417.2,,-3.55541,1.87464,4.01936,,-7.65294,2.39106,-6.76506,-7.41894,fluid
1543,21.0365,1.22224,,1001.35,-97.3715,21348.2,,-3.03841,2.87847,4.18539,,-4.6919,11.0776,-3.67845,1.26761,fluid
1544,21.1389,0.749745,,1002.82,92.3689,44561.6,,-1.92317,2.12379,2.86514,,2.04218,12.991,4.1443,3.18101,fluid
1545,21.2334,0.445427,,1002.37,-18.8924,37451,,-1.37341,0.766432,1.57279,,2.0996,7.24982,3.85921,-2.56018,fluid
1546,20.9229,0.310295,,1001.09,-94.101,17220,,-0.608428,0.422666,0.740831,,-2.63114,0.834966,-1.80902,-8.97503,fluid
1547,21.488,0.442292,,1002.3,-60.3121,36415.3,,-1.78681,0.459544,1.84496,,-3.94259,5.59544,-2.25181,-4.21456,fluid
1548,20.6716,1.42605,,1000.15,-284.772,2326.54,,-4.15856,2.20251,4.70581,,-4.40518,1.79162,-4.29265,-8.01838,fluid
1549,21.3271,1.10342,,1001.85,-2.92217,29278.2,,-1.93473,1.66215,2.55067,,-3.61322,9.83364,-2.24294,0.0236388,fluid
1550,21.2611,0.323368,,1002.23,-44.5593,35311.8,,-1.35832,-0.0382373,1.35885,,1.94808,9.42294,3.60524,-0.387057,fluid
1551,20.6636,1.50874,,1000.74,-184.776,11702.1,,-3.89998,2.00101,4.38336,,-7.17352,2.14992,-6.60763,-7.66008,fluid
1552,21.3524,0.350397,,1002.28,-52.4195,36019.9,,-1.37741,-0.0365263,1.3779,,0.334779,9.12914,2.01787,-0.68086,fluid
1553,20.862,1.61639,,1001.29,-91.0872,20288.6,,-3.07575,2.12218,3.73683,,-5.43091,2.85657,-4.45964,-6.95343,fluid
1554,21.2603,0.357089,,1002.27,-38.2368,35876.8,,-1.31677,-0.0172518,1.31688,,2.15601,4.44472,3.83969,-5.36528,fluid
1555,20.5867,1.58403,,1000.74,-192.578,11711.3,,-3.87687,1.90309,4.31878,,-7.79718,0.960886,-7.22872,-8.84911,fluid
1556,21.2979,0.43232,,1002.42,-22.538,38314.4,,-1.39544,0.562948,1.50472,,1.61943,5.69355,3.41405,-4.11645,fluid
1557,21.2246,1.91151,,1000.86,-107.311,13468.9,,-2.22308,0.92718,2.40868,,-0.713802,7.40082,-0.0797522,-2.40918,fluid
1558,21.2581,2.4337,,999.463,-119.452,0,,-2.30826,1.61631,2.81789,,1.64775,6.05141,1.64775,-3.75859,fluid
1559,21.1944,2.37857,,1000.66,34.7987,10449.1,,-2.29645,1.6442,2.82437,,-0.409364,6.19796,0.0833213,-3.61204,fluid
1560,20.9102,1.82232,,1000.95,-162.006,15023.3,,-2.98683,1.92558,3.55373,,-4.1306,3.5359,-3.41282,-6.2741,fluid
1561,20.7336,2.44889,,1000.47,-68.3203,7400.25,,-2.64405,1.72947,3.15944,,2.27871,6.52413,2.63546,-3.28587,fluid
1562,19.9255,2.45577,,1000.55,-152.185,8577.35,,-5.60507,0.997159,5.69308,,-3.58954,0.984825,-3.15931,-8.82518,fluid
1563,19.5355,2.79522,,996.349,-549.26,0,,-5.5351,0.806625,5.59357,,-0.948606,0.757191,-0.948606,-9.05281,fluid
1564,21.2304,1.92163,,1000.95,-74.8888,15006.7,,-1.90827,0.865746,2.09547,,-0.818164,7.75539,-0.111987,-2.05461,fluid
1565,20.4332,2.43166,,1001.34,-41.5358,21166.9,,-3.92403,1.46516,4.18864,,-4.13546,2.75583,-3.10095,-7.05417,fluid
1566,21.0344,1.82052,,1001.05,-117.941,16571.2,,-2.57418,1.48142,2.97002,,-3.46647,4.08188,-2.67948,-5.72812,fluid
1567,20.7187,1.91448,,1001.11,-171.814,17403.9,,-3.23583,1.15237,3.4349,,-3.94022,3.14137,-3.10114,-6.66863,fluid
1568,20.0064,2.1796,,1000.44,-325.373,6985.6,,-5.75358,1.42717,5.92794,,-6.10197,0.419224,-5.75296,-9.39078,fluid
1569,21.0587,0.916718,,1001.72,32.153,27172,,-1.02376,1.87801,2.13893,,-5.84108,9.53652,-4.553,-0.273481,fluid
1570,20.9284,0.836314,,1000.82,-79.2571,12895.6,,-0.984626,1.59495,1.8744,,-8.32652,11.432,-7.71084,1.62195,fluid
1571,20.8532,0.750598,,1000.49,-108.308,7766.52,,-0.57029,1.30157,1.42102,,-8.73729,12.2799,-8.36504,2.46991,fluid
1572,20.8199,0.805802,,1000.33,-94.1727,5254.28,,-0.126449,1.29649,1.30264,,-9.17953,11.5039,-8.92725,1.69392,fluid
1573,20.9054,1.22659,,1000.25,-89.5158,3975.92,,0.0452927,3.20636,3.20668,,-9.20633,4.74405,-9.01619,-5.06595,fluid
1574,20.618,1.0062,,1000.95,66.4254,14914.5,,0.408241,2.63902,2.67041,,-10.4051,7.37119,-9.68239,-2.43881,fluid
1575,20.4742,0.761842,,1000.79,9.9193,12464.3,,1.00639,2.00494,2.24334,,-7.37932,15.7788,-6.77102,5.96879,fluid
1576,20.2085,0.493007,,1002.4,163.545,38001.6,,0.879655,0.631501,1.08286,,-11.0099,13.116,-9.13397,3.30602,fluid
1577,19.5447,0.374608,,1001.51,172.372,23878.9,,3.06702,0.381082,3.0906,,-7.17562,12.8534,-5.95571,3.04343,fluid
1578,17.9431,0.328243,,1001.78,186.597,28066.8,,3.13686,-0.0623098,3.13748,,7.40423,10.2915,8.96566,0.481491,fluid
1579,15.7318,0.494411,,1002.27,-119.607,35898.7,,-1.07329,-0.0818125,1.07641,,-1.01004,9.84194,1.26671,0.0319372,fluid
1580,14.8924,0.533549,,1002.03,-147.735,32035.7,,-2.30853,0.0756771,2.30977,,-2.88137,5.15785,-0.734577,-4.65215,fluid
1581,14.4348,0.437149,,1002.74,-57.2364,43358.7,,-1.47208,0.0639716,1.47347,,-8.5214,10.0279,-5.52584,0.217945,fluid
1582,14.9805,0.537803,,1001.84,-163.972,29049.6,,-1.98463,-0.108681,1.9876,,1.02757,9.65237,2.96316,-0.157634,fluid
1583,17.829,0.345193,,1001.97,173.542,31141.7,,2.99499,-0.0729723,2.99588,,3.81071,10.2806,5.55396,0.470611,fluid
1584,10.3606,0.138145,,1000.38,0.143507,5906.29,,-0.0301599,-0.00930876,0.0315638,,-1.70077,9.7756,-1.13091,-0.0343958,fluid
1585,13.4711,0.181076,,1001.14,-142.206,17954,,-1.58438,0.0863024,1.58673,,-2.93628,8.28393,-1.60501,-1.52607,fluid
1586,15.481,0.262588,,1002.08,-88.428,32806.5,,-1.6315,0.0979692,1.63444,,1.04127,9.75181,3.15602,-0.0581859,fluid
1587,19.5224,0.284806,,1001.25,85.4851,19720.4,,2.30579,0.0509873,2.30635,,-7.56506,12.4705,-6.55618,2.66053,fluid
1588,20.7794,1.35966,,999.825,-317.699,0,,-3.67709,3.26633,4.91832,,-4.5907,1.69017,-4.5907,-8.11983,fluid
1589,20.9152,1.67051,,1001.16,-92.2539,18257.1,,-2.46697,2.58406,3.57257,,-4.73671,1.56547,-3.86481,-8.24453,fluid
1590,21.6126,0.318595,,1002.85,72.8597,45136.6,,-0.605018,-0.0323731,0.605884,,-9.24562,9.52817,-7.16312,-0.281833,fluid
1591,20.8001,1.47593,,1000.97,-151.099,15322.5,,-3.7405,2.38095,4.43399,,-6.13713,3.85417,-5.40119,-5.95583,fluid
1592,21.3624,1.2167,,1000.87,-141.018,13754.2,,-2.10801,2.25717,3.08845,,-0.569596,11.5924,0.0736932,1.78241,fluid
1593,21.1061,0.348688,,1001.96,-35.1839,30929.2,,-1.0733,0.254591,1.10308,,1.06748,0.0937924,2.53003,-9.71621,fluid
1594,21.3886,1.02327,,1001.96,4.89062,30942.3,,-1.97735,1.10442,2.26488,,-4.08808,7.19814,-2.64424,-2.61186,fluid
1595,21.1742,0.318798,,1001.96,-55.2753,30932,,-1.14678,-0.0310214,1.1472,,0.612094,7.34562,2.07008,-2.46438,fluid
1596,21.3371,0.427036,,1002.46,-23.6687,38924.9,,-1.45014,0.46561,1.52306,,0.940824,4.91095,2.76063,-4.89905,fluid
1597,21.4376,0.429705,,1002.42,-44.1433,38214.9,,-1.701,0.38589,1.74422,,-2.54738,4.65239,-0.769059,-5.15761,fluid
1598,21.298,1.37122,,1000.4,-207.83,6255.81,,-2.51218,2.54445,3.57565,,-0.277729,8.78513,0.0158826,-1.02487,fluid
1599,21.6121,2.07531,,1000.56,19.0604,8772.35,,-1.33026,0.786104,1.54517,,3.28449,8.45262,3.69016,-1.35738,fluid
1600,21.8027,2.25286,,997.883,-258.821,0,,-1.02941,0.600102,1.19156,,2.45527,5.75945,2.45527,-4.05055,fluid
1601,21.7734,1.76835,,1000.6,-57.0778,9405.95,,-1.24189,0.884048,1.52441,,3.01788,5.06439,3.44962,-4.74561,fluid
1602,21.7848,0.327937,,1002.16,-44.6123,34091.8,,-1.6873,-0.0299219,1.68756,,-2.66926,9.54298,-1.1077,-0.267023,fluid
1603,20.7449,1.69643,,1001.17,-134.9,18443.7,,-3.38736,1.93979,3.90346,,-6.93848,2.61693,-6.05045,-7.19307,fluid
1604,21.5116,2.11546,,1000.42,-22.2726,6590.24,,-1.7479,0.806949,1.92518,,3.18132,8.98627,3.48755,-0.823732,fluid
1605,21.507,0.398752,,1002.2,-79.3333,34790.5,,-1.75113,0.11689,1.75502,,-4.4217,3.602,-2.80762,-6.208,fluid
1606,21.6291,1.7788,,1000.74,-67.6353,11575.2,,-1.53706,0.696643,1.68757,,3.45861,5.27519,3.99338,-4.53481,fluid
1607,18.3433,2.66567,,995.764,-645.674,0,,-7.0324,-0.704391,7.06759,,2.82482,1.88313,2.82482,-7.92687,fluid
1608,19.0584,3.39908,,996.21,-389.488,0,,-5.97268,0.152368,5.97463,,0.00386587,0.0490976,0.00386587,-9.7609,fluid
1609,17.9281,2.55763,,1001.1,-225.082,17379.3,,-6.06042,-1.36801,6.2129,,8.32429,9.80528,9.29261,-0.00472273,fluid
1610,20.9529,2.79403,,995.616,-597.079,0,,-2.8835,0.876176,3.01368,,0.630529,2.46475,0.630529,-7.34525,fluid
1611,21.2584,2.90707,,995.784,-514.3,0,,-2.21928,0.142519,2.22385,,0.212436,1.03973,0.212436,-8.77027,fluid
1612,21.5923,0.377744,,1002.17,-68.4479,34333.4,,-1.59575,-0.0264926,1.59597,,-5.43136,9.1826,-3.84474,-0.627403,fluid
1613,18.2605,2.97642,,998.442,-62.5525,0,,-6.36253,-1.13209,6.46247,,2.2354,1.47313,2.2354,-8.33687,fluid
1614,21.5952,0.308939,,1002.34,-48.3585,36923.9,,-1.44197,-0.0261645,1.4422,,-6.50572,9.59048,-4.79989,-0.21952,fluid
1615,19.3695,3.33366,,998.352,-40.1023,0,,-5.35092,-0.945882,5.43388,,0.000378608,0.32548,0.000378608,-9.48452,fluid
1616,21.4134,1.47881,,1000.47,-162.751,7396.19,,-2.16791,2.25035,3.12472,,0.790221,5.28351,1.13546,-4.52649,fluid
1617,18.7901,3.2853,,997.604,91.5917,0,,-5.94061,-0.767742,5.99002,,-0.165821,0.533873,-0.165821,-9.27613,fluid
1618,17.635,1.96294,,1001.31,-352.42,20676.6,,-6.31088,-1.91417,6.59479,,4.23094,7.89645,5.40188,-1.91355,fluid
1619,21.5978,0.352925,,1002.25,-56.1783,35606.2,,-1.5105,-0.0286606,1.51077,,-5.95296,9.40564,-4.30807,-0.404363,fluid
1620,19.4615,3.28522,,997.369,-215.623,0,,-5.35707,-0.577986,5.38816,,-0.0116157,0.196585,-0.0116157,-9.61342,fluid
1621,21.5398,1.55758,,1000.41,-142.471,6400.36,,-1.65796,1.72667,2.39379,,1.36649,3.49641,1.66351,-6.31359,fluid
1622,17.6674,1.6951,,1001.86,-286.595,29391.1,,-5.69396,-2.07811,6.06133,,7.76955,3.34868,9.43004,-6.46132,fluid
1623,20.8535,2.86134,,995.109,-675.595,0,,-3.0285,0.801118,3.13267,,0.660828,2.12138,0.660828,-7.68862,fluid
1624,19.093,3.28096,,997.646,-71.7145,0,,-5.63874,-0.681263,5.67975,,-0.129727,0.310559,-0.129727,-9.49944,fluid
1625,21.2531,1.39198,,1000.35,-219.084,5453.14,,-2.60315,2.77741,3.80662,,-0.885631,7.43184,-0.629139,-2.37816,fluid
1626,20.9816,1.35586,,1001.43,-89.2609,22476.8,,-3.57001,2.25199,4.22095,,-3.90816,10.2758,-2.83842,0.465844,fluid
1627,20.9696,1.43335,,1001.3,-98.5504,20553.7,,-3.44625,2.21271,4.09545,,-3.80653,7.43736,-2.82764,-2.37264,fluid
1628,20.9636,1.53434,,1001.1,-121.184,17286.8,,-3.16003,2.42743,3.98474,,-3.54986,3.39659,-2.72615,-6.41341,fluid
1629,21.5651,1.71453,,1000.74,-74.985,11584.7,,-1.38456,1.18612,1.82316,,2.41544,3.42902,2.95225,-6.38098,fluid
1630,20.9521,1.71539,,1001.19,-112.19,18762.2,,-2.91349,1.8784,3.46653,,-4.08477,2.84226,-3.19036,-6.96774,fluid
1631,18.622,2.70012,,994.255,-718.422,0,,-6.97969,0.0776302,6.98012,,0.551441,0.497039,0.551441,-9.31296,fluid
1632,18.806,2.87782,,993.142,-746.93,0,,-6.73438,0.581325,6.75942,,0.0331501,-0.100994,0.0331501,-9.91099,fluid
1633,19.1206,2.8726,,994.559,-687.743,0,,-6.37341,0.76889,6.41962,,-0.0662557,-0.38468,-0.0662557,-10.1947,fluid
1634,19.1225,2.59213,,998.728,-225.623,0,,-6.63657,0.286667,6.64276,,-0.558097,-0.176057,-0.558097,-9.98606,fluid
1635,18.8933,2.58523,,997.225,-409.989,0,,-7.12969,0.419237,7.142,,0.523777,0.660396,0.523777,-9.1496,fluid
1636,21.0766,2.12068,,1000.97,-44.2137,15217.7,,-2.15082,1.36832,2.54918,,-1.68837,7.13885,-0.967052,-2.67115,fluid
1637,19.1749,2.3733,,999.786,-259.846,0,,-6.90325,-0.275058,6.90872,,-0.89847,0.7261,-0.89847,-9.0839,fluid
1638,21.006,0.92048,,1001.36,-9.23449,21375.1,,-1.0546,1.8602,2.13834,,-7.26808,9.94261,-6.25189,0.132614,fluid
1639,20.8858,0.74596,,1000.67,-103.466,10502.4,,-0.836113,1.42381,1.65116,,-8.25203,12.3186,-7.74951,2.50857,fluid
1640,20.832,0.865341,,1000.24,-97.1357,3841.36,,-0.0882286,1.41399,1.41674,,-9.43751,10.1116,-9.25315,0.301608,fluid
1641,20.6036,0.882843,,1000.78,39.4326,12262.1,,0.797092,2.23136,2.36946,,-8.88244,10.7182,-8.28776,0.90815,fluid
1642,20.4395,0.655964,,1001.2,25.0659,18885.9,,0.802182,1.6557,1.8398,,-8.21694,18.6116,-7.29406,8.80163,fluid
1643,19.8237,0.350261,,1001.6,145.636,25308.6,,2.59504,0.259532,2.60799,,-8.72835,11.7514,-7.45371,1.94138,fluid
1644,16.3981,0.403627,,1002.82,-52.2517,44600.2,,-0.15299,-0.139639,0.207135,,2.14873,10.6169,4.86093,0.806939,fluid
1645,15.8223,0.49767,,1002.2,-131.294,34785.1,,-0.995162,-0.110164,1.00124,,-1.40992,10.6004,0.783739,0.790384,fluid
1646,16.1272,0.447037,,1003.15,-39.905,49942.2,,-1.25525,-0.10824,1.25991,,-6.04509,10.454,-2.95806,0.64405,fluid
1647,20.3171,0.568975,,1002.08,135.419,32806.3,,0.996219,1.28726,1.62772,,-11.1811,19.2964,-9.56975,9.48636,fluid
1648,11.2066,0.295411,,1000.25,-12.5159,3919.71,,0.0657075,-0.0175496,0.0680108,,-2.14562,9.11259,-1.79594,-0.697409,fluid
1649,15.0577,0.152888,,1001.27,-82.4788,19962.2,,-0.83109,-0.00611168,0.831113,,-4.29822,9.74362,-2.97419,-0.0663789,fluid
1650,20.7658,0.314052,,1000.96,-93.7682,15045.6,,-0.540864,0.588259,0.799114,,-3.09075,3.34435,-2.36691,-6.46565,fluid
1651,20.844,1.37864,,1000.51,-225.097,8067.46,,-3.74029,2.96916,4.77553,,-5.11501,4.12251,-4.72817,-5.68749,fluid
1652,21.1957,1.03535,,1002.52,73.7904,39870.9,,-2.37295,1.46192,2.78713,,-4.4251,8.20531,-2.54875,-1.60469,fluid
1653,19.8785,2.54252,,1000.08,-169.577,1282.18,,-5.60933,0.666998,5.64885,,-2.45711,3.87249,-2.39261,-5.93751,fluid
1654,19.9567,2.53018,,1000.26,-149.659,4160.7,,-5.30442,0.825696,5.3683,,-2.43423,3.25814,-2.22579,-6.55186,fluid
1655,21.267,0.712456,,1002.9,66.0323,45980,,-2.14872,2.1076,3.00982,,-0.615078,11.4361,1.5407,1.62608,fluid
1656,20.9063,2.18197,,1000.43,-182.762,6719.35,,-3.11378,1.30879,3.37766,,0.426638,7.73219,0.747904,-2.07781,fluid
1657,21.6382,0.335779,,1002.33,-39.9372,36771,,-1.47344,-0.0285468,1.47372,,-5.43675,9.50023,-3.74134,-0.309775,fluid
1658,20.8512,2.38216,,1000.29,-136.226,4623.49,,-3.44784,1.21529,3.65575,,2.20378,7.7909,2.42545,-2.0191,fluid
1659,21.888,0.309183,,1002.08,-35.658,32916.4,,-1.68589,-0.0336677,1.68623,,-2.78767,9.71184,-1.28694,-0.0981567,fluid
1660,19.2934,3.23094,,995.261,-573.853,0,,-5.94012,0.360794,5.95107,,0.025733,-0.350175,0.025733,-10.1602,fluid
1661,19.1195,1.14654,,1001.44,-41.5542,22692,,-1.23576,-0.343307,1.28256,,3.59477,13.4774,4.77991,3.66737,fluid
1662,21.3806,2.2525,,1000.29,-21.1063,4550.9,,-2.08771,1.02473,2.32564,,2.97526,7.58656,3.18805,-2.22344,fluid
1663,20.99,2.54481,,999.128,-182.607,0,,-3.24312,0.810057,3.34275,,1.76821,6.10289,1.76821,-3.70711,fluid
1664,21.7855,2.52894,,995.198,-525.001,0,,-1.29046,-0.26795,1.31799,,0.991286,2.64525,0.991286,-7.16475,fluid
1665,19.6205,2.18681,,997.803,-724.015,0,,-6.36867,-0.655525,6.40232,,-4.78635,2.54681,-4.78635,-7.26319,fluid
1666,20.7435,2.27058,,1000.17,-249.779,2619.8,,-3.6901,0.827031,3.78164,,2.62136,8.42782,2.74763,-1.38218,fluid
1667,21.7253,0.321642,,1002.19,-57.3375,34543.2,,-1.71715,-0.027198,1.71737,,-3.05058,9.57183,-1.46405,-0.23817,fluid
1668,19.1712,2.73562,,996.99,-400.06,0,,-6.35606,0.246252,6.36083,,-0.000212024,-0.100484,-0.000212024,-9.91048,fluid
1669,21.0783,2.06613,,1000.45,-184.684,7024.66,,-2.95857,0.96508,3.112,,-0.233534,8.07165,0.0995817,-1.73835,fluid
1670,20.9871,2.80256,,996.636,-413.279,0,,-2.78021,0.358181,2.80319,,0.515477,2.56873,0.515477,-7.24127,fluid
1671,17.9959,1.7408,,1001,-370.943,15735.7,,-6.05311,-2.79618,6.66774,,9.00654,4.30746,9.88006,-5.50254,fluid
1672,19.6516,2.24342,,998.916,-514.105,0,,-6.57275,0.0186383,6.57278,,-4.25184,3.0025,-4.25184,-6.8075,fluid
1673,21.8658,2.11207,,999.902,-6.31824,0,,-0.827291,-0.228836,0.858357,,2.87599,7.21722,2.87599,-2.59278,fluid
1674,21.5386,2.00038,,1000.76,-16.42,11934.8,,-1.63982,0.674789,1.77323,,3.07835,8.96953,3.63204,-0.840475,fluid
1675,21.7823,0.329784,,1002.19,-38.6278,34581.6,,-1.65105,-0.0304095,1.65133,,-2.92277,9.53489,-1.33864,-0.275108,fluid
1676,21.4919,0.707356,,1001.81,-108.227,28556.4,,-2.62812,1.48004,3.01622,,-4.55704,7.95719,-3.23073,-1.85281,fluid
1677,20.3639,3.01198,,995.778,-617.201,0,,-4.20237,0.506066,4.23273,,-0.136624,1.25936,-0.136624,-8.55064,fluid
1678,21.1493,2.646,,997.251,-381.188,0,,-2.74449,0.762712,2.8485,,1.06589,3.97447,1.06589,-5.83553,fluid
1679,21.5533,2.1844,,999.947,-39.6834,0,,-1.61339,0.759333,1.78314,,3.67987,8.75614,3.67987,-1.05386,fluid
1680,21.6909,2.56942,,994.99,-563.551,0,,-1.47119,-0.142952,1.47812,,1.07462,2.56981,1.07462,-7.24019,fluid
1681,18.844,2.72722,,995.824,-410.356,0,,-6.32937,-0.515896,6.35036,,-0.00970617,0.935603,-0.00970617,-8.8744,fluid
1682,20.3136,3.15698,,997.032,-365.798,0,,-4.26253,-0.0393266,4.26271,,-0.29575,0.353818,-0.29575,-9.45618,fluid
1683,21.7491,2.57148,,995.157,-521.594,0,,-1.38776,-0.297353,1.41926,,0.906492,2.28163,0.906492,-7.52837,fluid
1684,21.9313,2.39126,,999.59,84.8642,0,,-1.39271,-1.34642,1.93713,,1.23021,4.64595,1.23021,-5.16405,fluid
1685,20.177,3.13573,,998.704,-81.9461,0,,-4.40549,-0.544892,4.43906,,-0.176794,0.799259,-0.176794,-9.01074,fluid
1686,19.2135,3.16871,,996.584,-299.145,0,,-5.84573,-0.436127,5.86198,,0.0086579,0.192706,0.0086579,-9.61729,fluid
1687,21.4633,2.82477,,999.108,69.1891,0,,-2.1735,-0.865593,2.33952,,0.547556,1.46275,0.547556,-8.34725,fluid
1688,19.6949,3.0846,,998.994,-20.6821,0,,-4.98661,-0.827693,5.05483,,-0.352017,1.30202,-0.352017,-8.50798,fluid
1689,18.4047,2.64687,,996.732,-427.373,0,,-6.63051,-1.07907,6.71774,,1.83333,1.78154,1.83333,-8.02846,fluid
1690,18.3102,2.33148,,999.702,-277.61,0,,-6.46591,-1.42074,6.62016,,4.21879,5.34018,4.21879,-4.46982,fluid
1691,18.8991,3.09107,,996.801,-50.2964,0,,-5.8427,-0.758509,5.89173,,-0.178381,0.586729,-0.178381,-9.22327,fluid
1692,17.9387,1.18357,,1002.24,-183.394,35347.9,,-2.7376,-3.32426,4.30641,,16.9155,10.9089,18.8816,1.09886,fluid
1693,17.7838,1.32936,,1002.26,-228.838,35737.6,,-4.16002,-2.25939,4.73398,,7.69313,13.8619,9.69816,4.05191,fluid
1694,18.1005,2.00978,,1000.82,-327.281,12972.1,,-6.19704,-1.93729,6.4928,,9.25275,4.38025,9.96883,-5.42975,fluid
1695,19.0077,2.86948,,994.854,-572.143,0,,-6.48548,0.29676,6.49226,,-0.00331471,-0.12058,-0.00331471,-9.93058,fluid
1696,21.2155,1.84918,,1000.88,-124.707,13790.5,,-2.45875,0.908917,2.62137,,-1.24593,6.05205,-0.596485,-3.75795,fluid
1697,21.7203,1.81126,,1000.79,-12.2262,12401.5,,-0.877928,0.0437316,0.879017,,3.25964,6.37027,3.83015,-3.43973,fluid
1698,20.4618,2.49507,,1000.35,-163.542,5487.04,,-3.98403,0.461204,4.01064,,-0.462133,8.35183,-0.194067,-1.45817,fluid
1699,19.5956,3.43717,,994.689,-642.852,0,,-5.03182,0.673915,5.07675,,-0.00146482,0.00579699,-0.00146482,-9.8042,fluid
1700,20.4768,2.63553,,999.891,-147.849,0,,-3.80461,0.854465,3.89938,,0.227222,6.88501,0.227222,-2.92499,fluid
1701,18.8842,3.21721,,994.254,-534.717,0,,-6.12367,0.553298,6.14861,,0.0930264,-0.0843866,0.0930264,-9.89439,fluid
1702,18.4598,2.62021,,995.274,-694.792,0,,-7.0736,-0.306064,7.08022,,1.64957,1.39034,1.64957,-8.41966,fluid
1703,19.5387,2.56064,,999.15,-237.038,0,,-5.86061,0.594222,5.89066,,-2.05109,1.81624,-2.05109,-7.99376,fluid
1704,21.0363,1.87309,,1001,-117.833,15789.1,,-2.50945,0.813,2.63786,,-3.23037,5.87531,-2.48056,-3.93469,fluid
1705,21.2916,1.28105,,1000.93,-70.3673,14560.3,,-0.711441,3.45936,3.53176,,-3.82601,10.0583,-3.14279,0.248278,fluid
1706,20.8622,0.705114,,1000.64,-110.241,9996.1,,-0.771378,1.35872,1.56241,,-8.12521,12.6498,-7.64637,2.83982,fluid
1707,20.7866,1.16431,,1000.65,-21.0859,10220.2,,-0.230479,3.05583,3.06451,,-8.71417,5.91638,-8.22282,-3.89362,fluid
1708,20.2401,0.515181,,1002.39,169.833,37815.2,,0.95836,0.847875,1.27959,,-11.221,15.4536,-9.35709,5.64363,fluid
1709,19.4998,0.343612,,1001.53,146.993,24099.6,,2.60177,0.127001,2.60486,,-8.55081,12.2065,-7.31681,2.3965,fluid
1710,20.0269,0.593978,,1000.74,-104.328,11670.4,,0.270671,1.64305,1.6652,,-7.1932,16.7679,-6.6109,6.95795,fluid
1711,20.826,1.16994,,1000.53,-40.4439,8358.59,,-0.109386,3.03176,3.03373,,-8.77772,5.5539,-8.37657,-4.2561,fluid
1712,13.684,0.367223,,1001.36,-158.136,21374.2,,-1.49743,-0.0176452,1.49754,,-1.23836,9.66781,0.321501,-0.142187,fluid
1713,19.9381,0.289334,,1001.4,90.8948,22081.6,,2.59525,0.439778,2.63225,,-7.71449,10.7329,-6.60853,0.922946,fluid
1714,21.1469,0.434901,,1002.15,-23.4976,33984,,-1.20211,0.846743,1.47039,,1.2651,6.56433,2.8687,-3.24567,fluid
1715,20.9647,0.573336,,1001.24,-94.9924,19570.1,,-1.18466,1.77989,2.13809,,-4.91022,12.1516,-3.97789,2.34164,fluid
1716,21.6146,1.65151,,1000.48,-126.176,7567.8,,-1.69613,1.24727,2.10536,,2.31241,3.30054,2.66237,-6.50946,fluid
1717,18.1968,2.0135,,1000.79,-313.836,12497.9,,-6.13962,-1.9682,6.44738,,9.67334,3.8459,10.3596,-5.9641,fluid
1718,18.8287,0.877895,,1001.98,118.377,31234.6,,1.18375,-1.07369,1.59815,,9.14071,18.0268,10.7963,8.2168,fluid
1719,21.6457,0.426412,,1001.9,-99.8718,30009.5,,-1.85625,0.0429704,1.85674,,-3.24919,6.15698,-1.86542,-3.65302,fluid
1720,20.13,2.91637,,995.879,-629.611,0,,-4.23943,0.712738,4.29893,,-0.481113,2.09916,-0.481113,-7.71084,fluid
1721,21.2927,1.30739,,1000.32,-242.84,4987.79,,-2.76632,2.69876,3.86469,,-0.0641166,10.2116,0.170058,0.4016,fluid
1722,23.1596,2.78464,,925.365,107.02,0,,0.668733,-6.59957,6.63336,,0.0425579,0.211301,0.0425579,-9.5987,fluid
1723,21.9377,0.289838,,1002.1,-26.0971,33100.4,,-1.65542,-0.0344033,1.65578,,-2.80506,9.85601,-1.29937,0.0460124,fluid
1724,20.7908,2.55526,,999.412,-169.43,0,,-3.03369,0.744657,3.12375,,2.22875,7.13454,2.22875,-2.67546,fluid
1725,12.8866,3.55467,,1034.93,-617.72,609148,,-3.12559,11.9798,12.3808,,-88.7684,-36.892,-43.0937,-46.702,fluid
1726,20.4034,2.24595,,1000.25,-325.704,3946.89,,-4.46656,0.589962,4.50536,,-2.9494,6.91863,-2.756,-2.89137,fluid
1727,17.2374,0.52236,,1003.42,-19.6593,54292.4,,-1.16633,-0.348214,1.2172,,5.67182,13.6324,8.81076,3.82236,fluid
1728,22.302,0.295344,,1001.15,-91.0514,18120.1,,-1.66192,-0.0613,1.66305,,-2.89399,10.7039,-2.08244,0.893888,fluid
1729,22.5204,0.250478,,1001.07,-66.9499,16821.7,,-1.39866,-0.063462,1.4001,,-1.77038,11.0653,-1.02423,1.25527,fluid
1730,22.3927,1.55322,,1000.66,-42.4565,10310,,-1.36809,-0.473991,1.44787,,0.519422,7.51651,0.97954,-2.29349,fluid
1731,22.1763,0.231001,,1001.72,-43.4522,27149.4,,-1.66183,-0.0379485,1.66227,,-2.87599,10.5102,-1.65384,0.700221,fluid
1732,19.1761,3.07944,,996.875,-234.538,0,,-5.93371,-0.708134,5.97581,,-0.0048887,0.563781,-0.0048887,-9.24622,fluid
1733,23.0844,0.175047,,1001.25,-26.8349,19721.6,,-1.59064,-0.0330743,1.59098,,1.99345,10.1314,2.84671,0.321395,fluid
1734,20.001,2.65176,,999.217,-224.159,0,,-4.64176,0.316836,4.65256,,-1.46298,4.72048,-1.46298,-5.08952,fluid
1735,21.9875,0.281163,,1002.03,-26.1842,32077.4,,-1.65429,-0.036284,1.65469,,-2.89251,9.96002,-1.43657,0.15002,fluid
1736,21.8731,0.310079,,1002.09,-39.3737,32954.1,,-1.70324,-0.032523,1.70355,,-2.67932,9.69376,-1.17586,-0.116244,fluid
1737,19.7522,1.24364,,1000.57,-183.805,8972.5,,-2.5935,0.854199,2.73055,,-6.4194,7.72982,-5.9654,-2.08018,fluid
1738,21.7312,0.354409,,1002.05,-69.5444,32441.4,,-1.76675,-0.0269025,1.76696,,-2.64533,9.33717,-1.15554,-0.472829,fluid
1739,21.527,1.83492,,1000.92,-47.4762,14460.8,,-1.641,0.760614,1.8087,,2.99176,6.30529,3.66289,-3.50471,fluid
1740,21.2227,2.51891,,998.679,-210.461,0,,-2.81738,0.654512,2.89241,,1.82543,6.10436,1.82543,-3.70564,fluid
1741,20.5551,2.23823,,1000.54,-254.717,8461.91,,-4.02879,0.698363,4.08887,,0.918683,6.00671,1.33013,-3.80329,fluid
1742,20.1025,2.29028,,998.784,-544.625,0,,-5.27289,0.414983,5.28919,,-4.90403,5.92021,-4.90403,-3.88979,fluid
1743,21.4575,0.777764,,1001.75,-83.6268,27560.2,,-2.16507,-0.122192,2.16851,,-4.60463,10.1983,-3.32247,0.388315,fluid
1744,21.3177,2.44473,,998.864,-193.133,0,,-2.60182,1.02914,2.79796,,2.35725,6.25891,2.35725,-3.55109,fluid
1745,21.799,2.02877,,1000.56,43.7924,8745.87,,-0.941319,-0.20144,0.962632,,3.23098,7.93175,3.63196,-1.87825,fluid
1746,21.4553,0.822997,,1001.62,-119.261,25615.6,,-2.83211,1.56176,3.23418,,-4.14712,8.33908,-2.95516,-1.47092,fluid
1747,21.9598,1.76197,,1000.63,-29.4683,9949.09,,-1.2008,-0.926856,1.5169,,0.957887,7.8776,1.41066,-1.9324,fluid
1748,17.9311,1.81159,,1000.83,-405.041,13030.8,,-6.40839,-2.68482,6.94807,,7.56005,3.81737,8.28617,-5.99263,fluid
1749,21.6991,2.3894,,996.746,-365.157,0,,-1.37125,0.157137,1.38022,,1.98661,4.82609,1.98661,-4.98391,fluid
1750,20.599,2.4782,,1000.27,-147.994,4236.92,,-3.5005,0.587472,3.54945,,2.32242,8.29525,2.52805,-1.51475,fluid
1751,22.5969,1.9137,,1000.23,-40.8794,3620.88,,-0.674428,-1.03847,1.23825,,2.58843,9.62042,2.74863,-0.189585,fluid
1752,18.1676,1.17572,,1003.04,-1.38983,48193.1,,-2.15478,-3.44157,4.06048,,24.5844,15.5933,27.229,5.78325,fluid
1753,19.3118,0.836434,,1000.61,-48.1912,9619.93,,0.36956,-0.090659,0.380517,,-0.49724,14.1137,0.000591697,4.3037,fluid
1754,15.4049,2.97436,,1002.43,-258.169,38350.8,,-2.88901,3.59144,4.60921,,2.61965,7.4995,5.10314,-2.3105,fluid
1755,19.4806,2.83867,,997.959,-244.144,0,,-5.45605,-1.59284,5.68381,,-1.09522,2.18737,-1.09522,-7.62263,fluid
1756,20.9654,2.94628,,999.18,81.8789,0,,-2.58565,-0.801808,2.70711,,0.197277,2.13223,0.197277,-7.67777,fluid
1757,18.6508,2.80232,,997.427,-15.6498,0,,-5.98129,-1.95753,6.29347,,-0.316121,1.17126,-0.316121,-8.63874,fluid
1758,17.6465,2.32287,,1001.43,-365.615,22464.4,,-6.19694,-1.52418,6.38163,,2.04814,10.8634,3.31935,1.05342,fluid
1759,19.8662,2.98618,,999.1,-52.7959,0,,-4.54251,-0.651267,4.58896,,-0.444997,2.36314,-0.444997,-7.44686,fluid
1760,17.9704,2.0405,,1000.78,-350.781,12287.8,,-6.25235,-1.93689,6.54549,,6.58408,6.06577,7.26732,-3.74423,fluid
1761,17.3118,1.24825,,1003.75,-193.272,59553,,-4.59117,-1.58023,4.85551,,11.362,16.2539,14.7892,6.44388,fluid
1762,18.0745,1.83875,,1000.66,-398.669,10325.1,,-6.06476,-2.51717,6.56639,,8.83318,3.88809,9.40406,-5.92191,fluid
1763,18.4715,1.18711,,1003.04,9.60207,48149.1,,-1.60792,-1.78772,2.40445,,17.9771,23.4152,20.5759,13.6052,fluid
1764,20.9203,1.96855,,1000.65,-191.094,10180.3,,-2.83109,0.853114,2.95684,,-2.16153,6.35073,-1.67522,-3.45927,fluid
1765,21.7099,1.76271,,1000.69,-40.3543,10888.3,,-0.925771,0.0959309,0.930728,,3.0176,5.38716,3.51879,-4.42284,fluid
1766,20.8267,2.28394,,1000.09,-212.841,1380.07,,-3.18378,0.658041,3.25107,,2.17525,9.2488,2.24151,-0.5612,fluid
1767,19.5957,2.92103,,995.194,-699.955,0,,-5.45079,0.643292,5.48862,,-0.472161,0.669236,-0.472161,-9.14076,fluid
1768,20.4398,2.74454,,998.501,-309.144,0,,-3.86681,1.11787,4.02515,,-0.0778058,4.57848,-0.0778058,-5.23152,fluid
1769,18.7904,2.97549,,993.044,-692.705,0,,-6.56667,0.505753,6.58612,,-0.0112269,-0.121338,-0.0112269,-9.93134,fluid
1770,21.1399,2.1006,,1001.01,-25.6626,15949.6,,-1.95881,1.28308,2.34163,,-1.07169,7.14542,-0.317978,-2.66458,fluid
1771,18.9879,2.29866,,999.962,-281.219,0,,-7.2614,-0.547678,7.28203,,0.976974,1.25259,0.976974,-8.55741,fluid
1772,20.9363,0.995831,,1000.46,-72.372,7163.7,,-0.162121,1.81431,1.82154,,-10.6828,8.28051,-10.3408,-1.52949,fluid
1773,20.6637,1.10516,,1000.91,41.9298,14276.5,,-0.108786,2.98266,2.98465,,-10.119,6.34971,-9.42877,-3.46029,fluid
1774,20.6958,1.15871,,1000.83,20.7587,13079.9,,-0.283933,3.21509,3.2276,,-9.57864,6.19784,-8.94716,-3.61216,fluid
1775,21.4341,1.31522,,1000.34,-127.047,5269.23,,-0.165558,3.49655,3.50047,,-1.22042,7.92034,-0.974665,-1.88966,fluid
1776,13.5338,0.165221,,1001.01,-109.716,15853.3,,-0.868404,0.00829114,0.868444,,-1.61643,7.24623,-0.446218,-2.56377,fluid
1777,20.6905,0.292298,,1000.94,-80.4279,14738.9,,-0.156515,0.508837,0.532364,,-5.29641,3.10884,-4.58473,-6.70116,fluid
1778,20.3836,2.94775,,999.53,-16.9963,0,,-4.03497,-0.76655,4.10714,,-0.412009,3.12231,-0.412009,-6.68769,fluid
1779,20.4155,2.3638,,1000.61,-210.029,9585.76,,-4.35428,0.908887,4.44813,,-2.9515,6.11317,-2.48225,-3.69683,fluid
1780,20.5293,2.65599,,999.735,-148.923,0,,-3.763,0.393546,3.78352,,0.938471,7.06749,0.938471,-2.74251,fluid
1781,19.2736,1.36405,,1001.52,-113.352,23937.7,,-3.01213,0.148042,3.01577,,0.984767,12.0215,2.22488,2.21153,fluid
1782,19.0568,1.12587,,1001.8,30.3415,28433.9,,-0.536776,-0.53551,0.758221,,3.2792,15.623,4.76857,5.81305,fluid
1783,24.7748,0.291727,,1001.94,-20.3027,30620.5,,-1.53716,-0.0116809,1.53721,,3.03493,10.3286,4.26849,0.518573,fluid
1784,24.9401,0.268067,,1001.72,-7.31991,27118.2,,-1.59596,-0.0283994,1.59621,,2.69624,11.53,3.78171,1.71998,fluid
1785,22.8363,0.917362,,1001.31,-19.0656,20602.4,,-1.36069,-0.203233,1.37578,,1.10957,10.3538,2.01058,0.543799,fluid
1786,24.6804,0.332917,,1001.84,-49.5147,29033,,-1.57776,0.00321632,1.57777,,2.95418,8.06201,4.12838,-1.74799,fluid
1787,24.3709,0.36889,,1002.01,-53.9862,31661.5,,-1.40264,-0.0034104,1.40264,,-0.606465,8.14165,0.690086,-1.66835,fluid
1788,23.7838,0.294209,,1002.23,-22.2837,35166.9,,-1.41096,-0.00859155,1.41099,,0.620606,9.7863,2.09593,-0.0236957,fluid
1789,25.9573,0.245313,,1001.49,-15.5049,23446.5,,-1.80336,-0.0299895,1.80361,,0.066476,10.7633,0.968406,0.953303,fluid
1790,24.2546,0.307001,,1002.28,-36.8172,36088.3,,-1.39455,0.00157438,1.39455,,-1.75396,7.92987,-0.269455,-1.88013,fluid
1791,24.1649,0.313804,,1002.31,-33.5704,36474.9,,-1.41684,-0.00881579,1.41687,,-1.89957,9.49995,-0.393631,-0.310053,fluid
1792,25.7756,0.238501,,1001.74,25.0277,27465.9,,-2.11956,-0.0480723,2.1201,,1.35924,11.1615,2.42297,1.35146,fluid
1793,26.0812,8.29795,,789.888,0,0,,5.42041,-0.801286,5.47932,,0,0,0,-9.81,fluid
1794,27.3184,0.222411,,1000.59,-59.2474,9349.66,,-1.54685,-0.0360716,1.54727,,2.96698,9.359,3.30902,-0.450997,fluid
1795,24.7404,0.305096,,1001.89,-34.3812,29823.1,,-1.56708,-0.00895359,1.5671,,3.21392,9.99107,4.41709,0.181068,fluid
1796,15.9627,5.66511,,982.081,29.1686,0,,2.80435,5.22382,5.92897,,-0.00796441,2.46845,-0.00796441,-7.34155,fluid
1797,17.7293,2.37953,,1001.47,-353.511,23241.5,,-6.46668,-1.68695,6.68309,,5.08638,11.6161,6.39536,1.8061,fluid
1798,16.0474,2.64136,,1003.6,-253.181,57160.1,,-4.24539,2.7152,5.03941,,1.5966,11.2541,5.14576,1.44411,fluid
1799,17.9519,2.04836,,1000.84,-341.609,13252.7,,-6.21823,-2.30509,6.63173,,6.16648,6.62851,6.90409,-3.18149,fluid
1800,22.8586,0.943632,,1001.39,-14.4444,21831.7,,-1.56574,-0.185231,1.57666,,1.3338,10.1727,2.28755,0.362686,fluid
1801,16.2617,2.05238,,1003.12,-376.155,49392.6,,-4.85399,1.20753,5.00193,,3.19303,16.9366,6.22095,7.12659,fluid
1802,21.3363,2.45986,,999.126,-115.175,0,,-2.29592,-0.215879,2.30604,,2.55018,7.39418,2.55018,-2.41582,fluid
1803,18.1804,2.44954,,1000.36,-157.501,5637.92,,-6.75367,-2.26935,7.12475,,4.64244,6.82175,4.95244,-2.98825,fluid
1804,23.2798,0.661744,,1001.52,-29.7443,23922.4,,-1.35292,-0.0846313,1.35557,,1.02012,10.5929,2.04616,0.782931,fluid
1805,24.0187,0.333186,,1002.29,-29.3686,36125.8,,-1.42455,-0.0153253,1.42463,,-1.88217,9.58339,-0.381521,-0.226605,fluid
1806,21.7958,2.44821,,999.398,81.3942,0,,-1.8748,-1.23896,2.2472,,1.83006,4.61964,1.83006,-5.19036,fluid
1807,25.9498,0.241069,,1001.45,-19.6426,22819.1,,-1.74271,-0.0282254,1.74294,,-0.269246,10.832,0.608841,1.02204,fluid
1808,23.469,0.23887,,1001.63,-43.4095,25784.4,,-1.45837,-0.0136415,1.45843,,0.893729,9.99775,1.99059,0.187746,fluid
1809,22.0402,0.272953,,1001.9,-37.0645,29983,,-1.6897,-0.037779,1.69012,,-2.92722,10.0965,-1.56942,0.28647,fluid
1810,21.3122,1.08112,,1001.74,-56.4131,27504.2,,-2.72534,1.49895,3.11036,,-2.27637,9.52797,-0.988082,-0.282027,fluid
1811,23.0041,0.202283,,1001.11,-40.7454,17416.7,,-1.55821,-0.042255,1.55879,,2.04588,10.2756,2.80216,0.465584,fluid
1812,21.5397,1.89184,,1000.93,-29.916,14698.3,,-1.65298,0.3986,1.70036,,3.28964,8.10686,3.97138,-1.70314,fluid
1813,21.5652,2.31165,,998.561,-176.352,0,,-1.682,0.375254,1.72335,,3.03653,7.37971,3.03653,-2.43029,fluid
1814,21.8,1.44505,,1000.78,-115.097,12344.1,,-2.44349,-0.506979,2.49553,,-1.20339,10.9585,-0.637589,1.14855,fluid
1815,21.6557,2.58428,,997.362,-194.713,0,,-1.73021,-0.744893,1.88375,,1.15595,2.87571,1.15595,-6.93429,fluid
1816,21.7674,1.54701,,1000.81,-74.4623,12687.1,,-1.74216,-0.708026,1.88053,,-0.032622,8.96886,0.549757,-0.841138,fluid
1817,19.0018,1.3744,,1001.9,-143.385,29997,,-2.89184,-0.0351083,2.89205,,2.85252,14.8576,4.42817,5.0476,fluid
1818,15.0973,4.34548,,1001.25,-36.6662,19644.6,,0.904948,5.32281,5.39919,,-11.8239,3.05697,-10.5243,-6.75303,fluid
1819,18.1774,1.5012,,1002.35,-147.218,37097.4,,-4.51795,-3.47676,5.70085,,21.232,4.92497,23.2681,-4.88503,fluid
1820,15.2063,4.16482,,1003.33,-40.9034,52868.4,,-0.817062,3.76657,3.85417,,-1.3767,3.75285,2.08849,-6.05715,fluid
1821,22.0464,1.76901,,1000.42,-56.1932,6662.81,,-1.35101,-1.10492,1.7453,,0.771116,8.4387,1.07321,-1.3713,fluid
1822,19.7739,3.10069,,998.305,-151.071,0,,-4.99995,-0.48675,5.02359,,-0.208307,1.12427,-0.208307,-8.68573,fluid
1823,16.0946,3.54053,,1001.27,-62.1678,20032.2,,-0.650669,3.85537,3.90989,,4.23461,0.30444,5.47767,-9.50556,fluid
1824,15.2835,2.04367,,1003.29,-337.645,52178.1,,-3.94765,1.92741,4.39304,,0.0677784,9.50088,3.47059,-0.309117,fluid
1825,17.3909,0.604535,,1003,-55.3632,47494.4,,-0.782187,-1.02731,1.29119,,12.0153,27.4767,14.7381,17.6667,fluid
1826,17.7011,0.728776,,1003.5,26.5718,55587.5,,-1.5253,-2.44533,2.88204,,7.37689,14.1524,10.5063,4.34244,fluid
1827,17.4867,0.915441,,1003.1,-135.845,49105.4,,-2.4675,-1.55152,2.91475,,8.45371,8.92827,11.2532,-0.881729,fluid
1828,17.4789,2.32593,,1002.01,-379.813,31770.2,,-6.7456,-1.35689,6.88071,,-2.90482,12.6346,-1.09083,2.82463,fluid
1829,17.2248,1.40029,,1004.01,-155.744,63665.9,,-4.77138,-1.18579,4.91652,,9.44976,16.2029,13.1312,6.39291,fluid
1830,17.9588,1.3982,,1002.12,-200.211,33426.6,,-3.83665,-2.6952,4.68871,,15.7123,11.3354,17.5696,1.5254,fluid
1831,20.3598,2.27193,,1000.67,-234.713,10600.9,,-4.25202,0.944693,4.3557,,-5.42206,4.44802,-4.90174,-5.36198,fluid
1832,21.409,1.82697,,1001,-61.8223,15778.2,,-1.86965,0.835664,2.04791,,1.1509,6.45451,1.88715,-3.35549,fluid
1833,21.2261,2.1941,,1000.74,-42.0752,11622.5,,-2.59653,0.897335,2.74721,,1.02534,7.88856,1.57249,-1.92144,fluid
1834,20.4798,2.55415,,1000.37,-119.198,5793.96,,-3.81435,0.65843,3.87076,,-0.0234909,7.70586,0.259316,-2.10414,fluid
1835,18.7132,3.03263,,993.248,-617.416,0,,-6.49516,0.326679,6.50337,,-0.0644168,0.0140398,-0.0644168,-9.79596,fluid
1836,20.7449,2.06448,,1000.78,-194.798,12289.9,,-2.99554,1.18565,3.22165,,-0.851452,4.62459,-0.259481,-5.18541,fluid
1837,21.1415,1.13175,,1001.74,31.1594,27524.2,,-1.09428,2.66331,2.87935,,-7.53716,10.421,-6.23752,0.611027,fluid
1838,21.2123,1.18311,,1001.6,10.574,25157.1,,-0.947187,2.9226,3.07226,,-6.65203,11.2527,-5.46795,1.44269,fluid
1839,19.3077,2.41648,,999.753,-219.007,0,,-6.37576,-0.0123887,6.37577,,-1.87363,1.12288,-1.87363,-8.68712,fluid
1840,15.4463,0.238667,,1002,-116.705,31657.8,,-2.06138,0.351977,2.09121,,0.0325332,9.78289,2.07798,-0.0271136,fluid
1841,21.0526,0.364003,,1001.8,-37.543,28448.8,,-0.946798,0.462927,1.05391,,0.21071,1.5741,1.5596,-8.2359,fluid
1842,21.3986,1.66111,,1000.92,-96.8384,14435.6,,-2.15204,1.63142,2.70052,,0.579671,2.5833,1.25366,-7.2267,fluid
1843,21.0787,2.71372,,996.966,-403.675,0,,-2.90128,0.646074,2.97234,,0.783239,3.19455,0.783239,-6.61545,fluid
1844,22.1538,2.11458,,1000.08,-32.8076,1327.67,,-1.55078,-1.26783,2.00308,,1.20579,7.02493,1.26572,-2.78507,fluid
1845,28.9129,0.254804,,1000.39,-33.1777,6140.91,,-0.812925,-0.0362083,0.813731,,0.706071,10.2886,0.918381,0.478616,fluid
1846,25.7521,0.241436,,1001.34,-14.0392,21066.9,,-1.77932,-0.03849,1.77974,,-0.713297,11.7993,0.103676,1.98926,fluid
1847,29.4002,0.211326,,1000.49,-17.9768,7777.22,,-1.01366,-0.0294763,1.01409,,1.19229,10.1793,1.45669,0.369265,fluid
1848,29.4247,0.24215,,1000.42,-27.9503,6651.6,,-1.0481,-0.0330879,1.04862,,1.20577,10.1972,1.43173,0.387165,fluid
1849,28.3103,0.260462,,1000.63,-38.0512,9903.77,,-1.47614,-0.0349738,1.47655,,0.914599,10.042,1.26421,0.231974,fluid
1850,23.1293,0.802757,,1001.52,-12.647,24006.7,,-1.40771,0.140413,1.41469,,2.28802,9.96882,3.32437,0.158818,fluid
1851,28.8442,0.240445,,1000.37,-38.5265,5735.36,,-0.788851,-0.0336474,0.789569,,0.868216,10.322,1.06698,0.511959,fluid
1852,29.3482,0.215566,,1000.55,-13.5664,8633.6,,-1.08594,-0.0299888,1.08636,,0.802332,10.1775,1.09635,0.367466,fluid
1853,28.6518,0.241049,,1000.38,-49.2459,6016.01,,-0.987609,-0.0330727,0.988163,,1.8383,10.2708,2.04819,0.460793,fluid
1854,27.1588,0.222338,,1000.78,-55.3983,12270.6,,-1.89043,-0.0337096,1.89073,,4.29923,9.24013,4.75069,-0.569872,fluid
1855,28.2435,0.260435,,1000.63,-37.3168,9857.33,,-1.43463,-0.0354655,1.43507,,-0.0278734,10.0237,0.32092,0.213749,fluid
1856,28.4115,0.258791,,1000.54,-39.9599,8528.81,,-1.21973,-0.0346322,1.22022,,1.78171,10.1012,2.08174,0.291158,fluid
1857,28.3566,0.265028,,1000.61,-38.8452,9534.21,,-1.42923,-0.035507,1.42967,,1.51599,10.058,1.85201,0.247953,fluid
1858,27.8536,0.232839,,1000.56,-24.752,8831.89,,-0.876512,-0.0383183,0.877349,,-1.40454,9.70426,-1.08764,-0.105744,fluid
1859,23.4389,0.961989,,1000.84,-81.032,13182.5,,-1.76081,-0.202787,1.77245,,0.208082,7.70579,0.770033,-2.10421,fluid
1860,28.8843,0.23552,,1000.39,-31.3502,6072.62,,-0.702715,-0.0332671,0.703502,,0.683492,10.3102,0.89365,0.500164,fluid
1861,27.3941,0.325071,,1000.52,-71.2902,8141.02,,-1.79165,-0.0561116,1.79253,,1.71801,9.3605,2.01503,-0.449495,fluid
1862,27.2537,0.218344,,1000.64,-58.636,10078.4,,-1.59869,-0.0339893,1.59905,,3.34883,9.32816,3.71839,-0.481841,fluid
1863,29.5949,0.211992,,1000.31,-33.8129,4916.47,,-0.867437,-0.0300195,0.867956,,1.77977,10.1684,1.94584,0.358438,fluid
1864,26.4861,0.231209,,1001.43,15.5077,22610.7,,-1.33548,-0.0362632,1.33598,,-1.87237,9.81103,-1.01991,0.00103124,fluid
1865,29.289,0.223548,,1000.6,-7.17857,9383.48,,-1.0728,-0.0313141,1.07326,,0.32045,10.1704,0.640635,0.360412,fluid
1866,28.2916,0.229953,,1000.65,-25.2381,10150.8,,-1.10789,-0.0317557,1.10835,,0.283524,10.0671,0.642084,0.257121,fluid
1867,28.4936,0.229163,,1000.46,-41.3984,7253.3,,-0.926849,-0.030701,0.927357,,2.03842,10.201,2.29286,0.39103,fluid
1868,27.3215,0.235844,,1000.59,-61.5475,9224.61,,-1.60316,-0.0385018,1.60362,,2.82246,9.34367,3.15989,-0.466329,fluid
1869,22.3839,1.54128,,1000.65,-47.1721,10298.6,,-1.42553,-0.440283,1.49197,,0.441265,7.44113,0.901055,-2.36887,fluid
1870,20.6833,2.85424,,999.552,-15.7967,0,,-3.70974,-0.681653,3.77184,,1.11701,3.86816,1.11701,-5.94184,fluid
1871,22.1968,2.0093,,999.943,-76.4217,0,,-1.381,-1.11486,1.77484,,0.869862,6.92575,0.869862,-2.88425,fluid
1872,18.0413,0.475601,,1001.73,105.028,27282.4,,1.78984,-0.21089,1.80222,,10.9706,11.8786,12.4802,2.0686,fluid
1873,25.9276,0.249782,,1001.47,-14.6033,23218.8,,-1.81689,-0.0325001,1.81719,,-0.242594,10.8604,0.651613,1.05042,fluid
1874,16.217,2.66163,,1004.41,-229.868,70142,,-4.98124,3.75616,6.23871,,7.94186,18.1176,12.2481,8.30757,fluid
1875,19.7357,0.734067,,1000.71,58.5255,11237.1,,2.10782,1.17169,2.41159,,-4.99436,15.7119,-4.42539,5.9019,fluid
1876,19.9619,0.714702,,1000.54,27.8905,8474.34,,2.74568,1.61542,3.18564,,-8.19504,17.7072,-7.77074,7.89721,fluid
1877,16.2435,1.32972,,1003.35,-319.959,53087.7,,-4.97902,0.114938,4.98035,,1.39779,8.9917,4.65514,-0.818296,fluid
1878,21.1972,2.82617,,999.371,51.4279,0,,-2.80299,-0.510418,2.84909,,0.629277,2.44262,0.629277,-7.36738,fluid
1879,24.4324,0.369454,,1001.95,-56.8788,30823.1,,-1.40787,0.00219068,1.40787,,0.310685,7.61343,1.56979,-2.19657,fluid
1880,24.6411,0.32022,,1002.17,-0.991146,34280.2,,-1.23136,-0.00599424,1.23137,,0.825006,9.14107,2.21317,-0.668931,fluid
1881,23.113,0.218169,,1001.15,-43.3676,18050.6,,-1.52151,-0.0355981,1.52193,,2.55491,10.269,3.33498,0.458967,fluid
1882,21.7811,2.01381,,1000.65,46.6052,10232,,-0.977973,-0.0241487,0.978271,,3.15512,7.74006,3.62458,-2.06994,fluid
1883,22.4343,2.02847,,1000.17,-43.1581,2661.76,,-0.977486,-1.0997,1.47133,,0.744609,8.7086,0.863236,-1.1014,fluid
1884,18.088,4.74854,,980.884,-70.2107,0,,1.52718,1.12397,1.89621,,-0.000223436,-0.00291824,-0.000223436,-9.81292,fluid
1885,17.0033,2.92451,,1007,90.8688,112263,,-1.64275,-0.722774,1.79472,,-4.47026,11.8512,2.08622,2.04116,fluid
1886,18.2463,0.505709,,1000.76,8.24642,11931.9,,1.49677,-0.268845,1.52072,,12.121,12.7339,12.7744,2.92387,fluid
1887,18.1301,5.29861,,988.172,-3.06641,0,,0.518501,1.11459,1.22929,,0.000223436,0.00291824,0.000223436,-9.80708,fluid
1888,14.8308,4.67988,,995.302,-473.133,0,,-2.40478,6.28618,6.73046,,-5.93989,2.47803,-5.93989,-7.33197,fluid
1889,22.7057,1.94414,,1000.27,-28.7305,4235.97,,-0.430149,-1.10415,1.18498,,3.57099,10.7352,3.7575,0.925188,fluid
1890,18.5942,0.916726,,1002.23,50.9189,35253.5,,0.145704,-0.919847,0.931315,,10.8793,18.2308,12.771,8.42085,fluid
1891,15.9621,4.11929,,1001.97,-150.499,31045.7,,-2.1733,2.73821,3.49586,,-2.16933,7.84956,-0.228189,-1.96044,fluid
1892,15.1666,5.58428,,987.919,63.9887,0,,1.69849,7.08955,7.29017,,0.301674,0.11197,0.301674,-9.69803,fluid
1893,16.1946,1.00291,,1003.25,-291.405,51552.2,,-4.47333,0.0173447,4.47336,,-0.933455,6.9057,2.23953,-2.9043,fluid
1894,17.3016,1.01455,,1003.32,-197.496,52656.9,,-3.0397,-0.951701,3.1852,,6.98477,8.51262,10.0182,-1.29738,fluid
1895,18.0636,0.811314,,1002.75,49.6235,43550.1,,-0.225984,-1.47813,1.49531,,16.0736,9.70494,18.4779,-0.105057,fluid
1896,17.6163,2.10507,,1001,-400.559,15753.9,,-6.38187,-1.49221,6.554,,2.24674,10.4692,3.14012,0.659194,fluid
1897,17.858,1.52503,,1002.08,-224.68,32928.6,,-4.96832,-2.19011,5.42962,,7.98106,11.4633,9.82114,1.6533,fluid
1898,20.8362,2.15368,,1000.57,-177.625,8951.6,,-2.92755,1.3397,3.21952,,0.0906786,6.59706,0.520052,-3.21294,fluid
1899,21.4189,1.42969,,1000.47,-156.282,7335.32,,-1.907,2.15731,2.87935,,0.64407,7.01026,0.98638,-2.79974,fluid
1900,19.7702,2.89085,,996.189,-563.161,0,,-4.92318,0.872846,4.99996,,-0.507882,1.1534,-0.507882,-8.6566,fluid
1901,19.2662,2.72674,,996.999,-431.986,0,,-6.11618,0.595981,6.14515,,-0.0536003,0.287061,-0.0536003,-9.52294,fluid
1902,19.3787,2.47152,,999.61,-203.651,0,,-6.18281,0.233273,6.18721,,-1.91211,1.47917,-1.91211,-8.33083,fluid
1903,21.4387,1.88765,,1000.94,-50.6019,14734.1,,-1.7406,0.862713,1.94267,,1.70306,7.82854,2.38968,-1.98146,fluid
1904,15.0204,0.151506,,1001.22,-92.5224,19228.3,,-0.886832,-0.00708507,0.88686,,-3.8246,9.69696,-2.54602,-0.113041,fluid
1905,19.9241,2.41147,,1000.51,-182.398,8065.56,,-5.67615,1.03659,5.77003,,-4.075,0.958474,-3.67039,-8.85153,fluid
1906,27.4705,0.261276,,1000.46,-66.0805,7156.6,,-1.41506,-0.0451777,1.41578,,1.78322,9.49819,2.04362,-0.311811,fluid
1907,17.0578,1.97449,,1001.36,-420.209,21417,,-5.64283,-0.572509,5.6718,,1.756,16.6718,3.00986,6.86176,fluid
1908,27.9953,0.270984,,1000.56,-32.0721,8821.94,,-1.0964,-0.0419852,1.09721,,-1.08646,9.85177,-0.771514,0.0417718,fluid
1909,30.6739,0.401122,,1000.1,-38.6052,1592.49,,-1.02608,-0.0712926,1.02855,,1.06072,10.1744,1.11263,0.364387,fluid
1910,27.6556,0.335597,,1000.35,-74.0261,5446.79,,-1.44099,-0.0586394,1.44218,,1.07949,9.64927,1.27637,-0.160731,fluid
1911,27.3025,0.400592,,1000.58,-67.0677,9127.53,,-1.90766,-0.0636008,1.90872,,1.44227,9.18435,1.77638,-0.625655,fluid
1912,26.968,0.367503,,1000.7,-68.4831,11005.3,,-2.07867,-0.0493998,2.07926,,3.42778,8.38248,3.83559,-1.42752,fluid
1913,27.5498,0.398161,,1000.46,-74.3606,7301,,-1.88082,-0.0700931,1.88212,,1.32999,9.60031,1.59488,-0.209689,fluid
1914,13.7404,0.901675,,1005.48,-274.632,87522,,-5.24913,1.00066,5.34366,,-10.8611,16.8738,-4.52614,7.0638,fluid
1915,27.6748,0.428066,,1000.45,-68.2721,6996.61,,-1.76522,-0.0731624,1.76674,,1.48243,9.63498,1.73513,-0.175017,fluid
1916,27.1717,0.348093,,1000.61,-72.449,9568.99,,-1.98218,-0.0530982,1.98289,,2.69675,8.89844,3.0487,-0.911563,fluid
1917,30.5649,0.210788,,1000.31,-1.46076,4907.4,,-0.499116,-0.0303286,0.500037,,1.04818,10.0447,1.20869,0.234674,fluid
1918,30.795,0.177897,,1000.26,-0.993723,4048.43,,-0.396606,-0.0261219,0.397465,,0.554319,9.93871,0.685749,0.128713,fluid
1919,29.5097,0.205805,,1000.36,-28.8704,5713.89,,-0.857583,-0.0287666,0.858066,,1.76039,10.192,1.95395,0.382043,fluid
1920,29.6834,0.192585,,1000.31,-29.6417,4869.88,,-0.810477,-0.0284746,0.810977,,1.70591,10.1166,1.86992,0.306602,fluid
1921,30.7401,0.164856,,1000.28,2.13581,4462.05,,-0.360333,-0.0248989,0.361192,,0.708854,9.94845,0.853967,0.138446,fluid
1922,29.9435,0.183325,,1000.3,-22.5162,4724.12,,-0.750095,-0.0284761,0.750636,,1.10573,10.0863,1.26345,0.276278,fluid
1923,29.0878,0.227963,,1000.59,-2.7074,9232.14,,-0.828712,-0.0329839,0.829368,,0.109313,10.1807,0.426516,0.370686,fluid
1924,29.8683,0.192821,,1000.31,-25.6593,4911.52,,-0.849619,-0.0297278,0.850139,,1.2781,10.0748,1.44249,0.264827,fluid
1925,29.1584,0.235739,,1000.62,-0.954766,9793.44,,-0.960106,-0.033995,0.960708,,0.0577763,10.1608,0.393438,0.350811,fluid
1926,30.1271,0.205903,,1000.32,-15.7437,4954.23,,-0.689187,-0.0310304,0.689885,,0.450003,10.1252,0.614396,0.315181,fluid
1927,23.4967,0.701257,,1001.63,-24.1742,25640,,-1.48678,-0.123236,1.49188,,1.98267,9.97756,3.07211,0.167562,fluid
1928,28.7996,0.239326,,1000.35,-43.415,5451.45,,-0.812437,-0.033088,0.81311,,1.05627,10.3322,1.24549,0.522162,fluid
1929,29.7717,0.27353,,1000.3,-39.1971,4684.59,,-1.11136,-0.0405038,1.1121,,1.36429,10.1036,1.52159,0.293563,fluid
1930,26.1199,0.40628,,1001.25,-18.7095,19707.7,,-1.98479,-0.0474939,1.98536,,-1.8312,9.4,-1.07763,-0.410001,fluid
1931,27.6583,0.245783,,1000.38,-58.5853,6025.03,,-1.05935,-0.0410781,1.06015,,0.568245,9.68806,0.785999,-0.121942,fluid
1932,27.9878,0.257409,,1000.59,-25.0072,9326.39,,-1.00699,-0.0404783,1.0078,,-1.3318,9.82966,-0.998764,0.0196582,fluid
1933,17.3202,1.0087,,1003.44,-185.12,54587.8,,-3.31948,-1.23454,3.54162,,8.03908,8.87551,11.18,-0.934493,fluid
1934,22.5103,1.90384,,1000.22,-51.9748,3505.04,,-0.996344,-0.817169,1.28859,,1.65555,8.42521,1.81123,-1.38479,fluid
1935,16.847,1.68502,,1002.15,-422.221,33955.8,,-5.82035,-1.53568,6.01953,,0.999019,8.639,3.01024,-1.171,fluid
1936,28.316,0.235836,,1000.62,-29.2677,9743.8,,-1.13698,-0.0321607,1.13744,,0.718803,10.0831,1.0627,0.273086,fluid
1937,26.9087,0.240563,,1000.58,-72.0212,9120.02,,-1.15675,-0.0278036,1.15708,,3.0371,9.60219,3.37583,-0.207815,fluid
1938,26.5615,0.265682,,1001.17,-8.78105,18412.6,,-1.349,-0.0435122,1.3497,,-0.318016,9.53556,0.37438,-0.274441,fluid
1939,25.4095,0.238943,,1001.02,-0.0440304,16055,,-1.05093,-0.0394673,1.05167,,0.785133,13.5538,1.41634,3.7438,fluid
1940,27.0239,0.268352,,1000.76,-61.0003,12023.5,,-1.87566,-0.0386738,1.87605,,4.20449,9.07333,4.64907,-0.736674,fluid
1941,24.5289,0.382768,,1001.83,-63.684,28883.7,,-1.54343,0.0586687,1.54455,,2.07326,8.55837,3.24864,-1.25163,fluid
1942,20.773,2.85525,,999.377,-9.92025,0,,-3.48174,-0.739629,3.55943,,0.951632,3.31255,0.951632,-6.49745,fluid
1943,17.6797,2.77089,,1005.62,-225.949,89729.2,,-5.71518,-0.209956,5.71904,,19.9793,24.1412,25.0262,14.3312,fluid
1944,20.3825,2.11922,,1001.7,-163.243,26759.1,,-4.81767,1.74476,5.12387,,-9.55464,-3.88426,-8.24402,-13.6943,fluid
1945,26.1767,0.258978,,1001.51,8.40089,23765.7,,-1.42839,-0.0350071,1.42882,,-2.38893,10.0993,-1.4824,0.289322,fluid
1946,17.8697,0.494357,,1001.87,-42.5804,29517.6,,-0.0269873,-0.242742,0.244238,,7.63104,11.4581,9.27978,1.6481,fluid
1947,24.0837,0.384041,,1002.15,-36.2562,33919.9,,-1.39891,-0.0189684,1.39904,,-1.69627,9.31568,-0.290871,-0.49432,fluid
1948,23.8586,0.4636,,1001.88,-38.9076,29636.3,,-1.19733,-0.0268886,1.19764,,-1.05594,9.40295,0.183892,-0.40705,fluid
1949,24.8235,0.291188,,1001.77,-32.3888,27907.7,,-1.62718,-0.0154283,1.62725,,3.66533,10.6748,4.78759,0.864814,fluid
1950,21.9424,0.337957,,1001.82,-54.8697,28790.2,,-1.7338,-0.0397793,1.73426,,-2.65646,9.54297,-1.34676,-0.267028,fluid
1951,15.5364,2.3165,,1003.14,-318.705,49762.3,,-4.66406,2.09121,5.11143,,-2.2405,7.50142,0.952429,-2.30858,fluid
1952,14.3805,3.84205,,1002.59,-237.753,41040.8,,-2.5355,4.60709,5.25871,,-5.35606,20.3348,-2.50953,10.5248,fluid
1953,17.1474,4.02139,,1000.23,15.6226,3684.18,,-0.437781,1.78766,1.84049,,1.18855,0.764087,1.40336,-9.04591,fluid
1954,21.1062,2.91619,,999.213,72.6529,0,,-2.65271,-0.613301,2.72268,,0.360816,1.87552,0.360816,-7.93448,fluid
1955,15.1076,3.85613,,1004.08,-65.9492,64776.2,,-1.61922,2.46995,2.95339,,-9.63697,12.4863,-5.36672,2.67628,fluid
1956,14.6388,3.77767,,1003.04,-286.531,48214,,-3.01034,3.61674,4.70563,,-2.92797,21.2325,0.355611,11.4225,fluid
1957,19.9411,2.81122,,998.784,-200.413,0,,-4.76962,-0.588557,4.80579,,-0.620048,4.1376,-0.620048,-5.6724,fluid
1958,15.3959,1.72736,,1003.27,-308.57,51773.8,,-4.39819,0.802231,4.47076,,-1.89967,12.4489,1.45221,2.63892,fluid
1959,15.1976,3.73545,,1003.48,-262.311,55125.9,,-2.86966,4.32795,5.19288,,-3.38052,7.07367,0.23419,-2.73633,fluid
1960,16.9301,0.704821,,1003.59,-151.948,56914.5,,-2.79763,-1.40544,3.13082,,-0.0459022,7.79618,3.30381,-2.01382,fluid
1961,17.6965,0.772991,,1003.47,15.4061,55001.2,,-1.55678,-2.19154,2.68819,,6.92695,8.73212,10.0242,-1.07788,fluid
1962,18.4485,2.76587,,998.425,24.2283,0,,-6.05268,-1.78361,6.31,,0.788338,1.47585,0.788338,-8.33415,fluid
1963,17.4049,1.19508,,1003.27,-221.351,51768.2,,-4.30245,-1.88656,4.69789,,11.2331,15.5596,14.1977,5.74958,fluid
1964,21.2528,1.77964,,1000.97,-108.985,15247.2,,-2.37539,1.08897,2.61311,,-1.1424,4.45817,-0.42567,-5.35183,fluid
1965,19.9598,2.84015,,997.412,-400.312,0,,-4.48639,0.645699,4.53261,,-0.494682,2.49483,-0.494682,-7.31517,fluid
1966,19.917,2.72641,,998.984,-205.334,0,,-4.6751,0.489835,4.70069,,-1.23863,3.10914,-1.23863,-6.70086,fluid
1967,21.2402,1.6594,,1001.08,-92.7163,17030.2,,-2.38565,1.78134,2.97733,,-1.97519,1.92184,-1.17427,-7.88816,fluid
1968,19.6864,0.271017,,1001.1,71.7093,17344.6,,2.60708,0.193395,2.61424,,-5.5538,13.8508,-4.67373,4.04081,fluid
1969,21.2077,2.27655,,1000.72,-19.6241,11377.8,,-2.8315,1.11661,3.04372,,0.512918,7.35187,1.04903,-2.45813,fluid
1970,30.599,0.402965,,1000.16,-32.7531,2437.08,,-0.99794,-0.0731791,1.00062,,1.11465,10.1913,1.19429,0.38132,fluid
1971,17.715,8.25652,,920.039,195.445,0,,5.80007,8.80914,10.5471,,-0.352991,-0.202689,-0.352991,-10.0127,fluid
1972,19.8995,1.14201,,1001.23,84.8101,19428,,0.0781723,1.43628,1.43841,,-7.92842,10.1113,-6.95331,0.301292,fluid
1973,30.8814,0.185309,,1000.21,-7.01514,3287.31,,-0.426488,-0.0268113,0.42733,,0.336062,9.93109,0.442489,0.121093,fluid
1974,14.6235,1.10076,,1005.26,-362.637,83799.8,,-5.66887,-0.866389,5.73469,,-8.95992,-6.22288,-3.2594,-16.0329,fluid
1975,15.7372,3.47492,,1001.47,-119.177,23126.8,,-0.511986,4.0847,4.11666,,4.86804,2.59653,6.33546,-7.21347,fluid
1976,31.2477,0.155893,,1000.21,3.28508,3370.56,,-0.189083,-0.0278324,0.19112,,0.250528,9.78811,0.358371,-0.0218933,fluid
1977,31.0356,0.575634,,999.984,-42.3098,0,,-0.650856,-0.291385,0.713105,,-0.941869,11.2998,-0.941869,1.4898,fluid
1978,27.4569,0.382708,,1000.51,-73.3723,8089.91,,-1.94469,-0.0665478,1.94583,,1.43624,9.48609,1.73072,-0.323911,fluid
1979,29.4661,0.30332,,1000.33,-45.2448,5183.95,,-1.23319,-0.0414386,1.23389,,1.2125,10.1752,1.38837,0.36519,fluid
1980,30.9945,0.435822,,1000.04,-32.3757,663.684,,-0.682843,-0.0926063,0.689094,,-0.578935,10.3243,-0.557523,0.514318,fluid
1981,30.3918,0.25141,,1000.34,-6.7336,5401.07,,-0.695633,-0.0371772,0.696625,,0.63222,10.1132,0.809874,0.303203,fluid
1982,30.9787,0.22478,,1000.16,-13.1567,2483.82,,-0.462137,-0.031344,0.463199,,5.10919e-05,9.94642,0.0802167,0.136425,fluid
1983,31.1932,0.187298,,1000.21,1.484,3346.42,,-0.233461,-0.0301356,0.235398,,-0.146919,9.81151,-0.0396611,0.00150893,fluid
1984,31.2973,0.184263,,1000.21,2.86158,3234.86,,-0.172408,-0.0311032,0.175191,,0.279019,9.78263,0.382357,-0.0273696,fluid
1985,29.7286,0.309846,,1000.28,-46.6274,4334.32,,-1.20149,-0.046314,1.20238,,1.27591,10.1236,1.42166,0.313594,fluid
1986,23.4752,1.07609,,1000.73,-41.0388,11426.8,,-1.25344,-0.20266,1.26972,,0.79942,7.19118,1.28583,-2.61882,fluid
1987,31.0486,0.182487,,1000.19,-5.57528,2918.35,,-0.321494,-0.027732,0.322688,,-0.0323981,9.87827,0.0615772,0.0682694,fluid
1988,27.6313,0.446825,,1000.52,-64.7017,8118.5,,-1.91536,-0.0723066,1.91672,,1.341,9.59325,1.63466,-0.21675,fluid
1989,23.3385,0.666625,,1001.55,-28.9039,24384.8,,-1.32753,-0.0864519,1.33034,,1.15436,10.3445,2.19757,0.534502,fluid
1990,30.1201,0.445435,,1000.2,-47.7882,3172.7,,-1.18153,-0.0925252,1.18514,,1.02464,10.164,1.12995,0.354032,fluid
1991,22.3735,2.07373,,1000.16,-35.0046,2534.65,,-1.01841,-1.18051,1.55909,,0.287463,8.53837,0.400732,-1.27163,fluid
1992,28.8359,0.459306,,1000.28,-82.0667,4342.97,,-1.80767,-0.0798044,1.80943,,1.32149,10.0976,1.47206,0.28759,fluid
1993,28.2194,0.361759,,1000.5,-68.0936,7836.79,,-1.95873,-0.0450924,1.95925,,0.754,9.87906,1.03157,0.0690649,fluid
1994,30.2465,0.188074,,1000.36,-4.56685,5590.75,,-0.556392,-0.0286838,0.557131,,0.193099,10.1225,0.377873,0.312482,fluid
1995,30.6555,0.181502,,1000.3,1.35922,4662.83,,-0.391264,-0.0266132,0.392168,,0.920996,9.99231,1.07305,0.182311,fluid
1996,30.5022,0.189112,,1000.34,0.481644,5312.62,,-0.469925,-0.0280221,0.47076,,0.956433,10.064,1.13055,0.253985,fluid
1997,30.3466,0.198988,,1000.36,-1.91365,5724.3,,-0.563177,-0.0299406,0.563972,,0.435752,10.1085,0.624314,0.298495,fluid
1998,28.0685,0.305112,,1000.54,-51.5835,8500.73,,-1.59388,-0.0438689,1.59448,,0.118982,9.90196,0.421675,0.0919617,fluid
1999,24.3908,0.606873,,1001.56,-34.1403,24556,,-1.64858,0.353346,1.68602,,1.64025,7.70018,2.64545,-2.10982,fluid
2000,23.1249,0.747653,,1001.52,-18.7605,23951.7,,-1.44498,0.0351066,1.44541,,2.38867,9.83788,3.42285,0.0278841,fluid
2001,26.833,0.378166,,1000.6,-80.2221,9500.95,,-1.97549,-0.0453338,1.97601,,3.1148,8.08408,3.46866,-1.72592,fluid
2002,27.917,0.399217,,1000.35,-84.4578,5505.09,,-1.90479,-0.0579921,1.90567,,1.04321,9.69315,1.24034,-0.116855,fluid
2003,24.0414,0.553858,,1001.66,-19.5792,26147.4,,-0.714043,-0.018466,0.714281,,-1.72681,8.54562,-0.641009,-1.26438,fluid
2004,17.0652,1.46904,,1003.37,-248.87,53448.7,,-4.83293,-1.46534,5.05019,,-0.196389,16.0977,2.92511,6.28772,fluid
2005,20.7465,2.94787,,996.291,-477.604,0,,-3.3154,0.224358,3.32299,,0.514794,1.52495,0.514794,-8.28505,fluid
2006,16.742,1.69406,,1002.39,-384.228,37713.6,,-5.45908,-0.705175,5.50444,,1.8414,7.53694,4.08867,-2.27306,fluid
2007,23.5814,1.15034,,1000.79,12.1517,12429.9,,-0.710736,0.0881237,0.716178,,2.81029,8.69475,3.33698,-1.11525,fluid
2008,17.0633,2.12908,,1001.53,-432.438,24199.8,,-6.20336,-0.491963,6.22283,,3.33089,16.9426,4.74695,7.13262,fluid
2009,22.226,1.58802,,1000.06,-147.673,901.246,,-1.79727,-0.688996,1.92481,,0.768958,9.57649,0.809505,-0.233512,fluid
2010,18.6231,2.48123,,997.226,-432.222,0,,-6.86476,-2.26363,7.22835,,0.989488,2.99847,0.989488,-6.81153,fluid
2011,22.2104,2.30078,,999.916,-18.7316,0,,-1.77123,-1.03938,2.05367,,0.613395,4.11166,0.613395,-5.69834,fluid
2012,19.0825,0.807731,,1001.06,-7.18489,16746.5,,0.692212,-0.420291,0.809816,,2.74174,13.8783,3.61839,4.06834,fluid
2013,20.2711,2.90533,,999.334,-97.8072,0,,-4.58203,-0.820427,4.6549,,-0.333633,3.33631,-0.333633,-6.47369,fluid
2014,16.6042,1.1591,,1003.27,-303.771,51908.8,,-4.67281,-1.13527,4.80874,,-1.5459,12.8887,1.57014,3.07865,fluid
2015,24.3607,0.349462,,1002.08,-47.5169,32854.1,,-1.35405,-0.0072931,1.35407,,-0.928185,8.80237,0.417667,-1.00763,fluid
2016,24.3031,0.366475,,1002.07,-49.4484,32708.1,,-1.42149,-0.00738756,1.42151,,-1.32881,8.78711,0.0142447,-1.02289,fluid
2017,23.6517,0.289271,,1001.89,-42.4611,29775.2,,-1.29022,-0.0112018,1.29027,,0.709667,9.88995,1.9662,0.079947,fluid
2018,21.9846,1.51838,,1000.41,-129.183,6475.59,,-1.94829,-0.991707,2.18617,,-0.425945,10.8647,-0.131516,1.0547,fluid
2019,15.1057,3.20915,,1003.3,-223.357,52355.8,,-2.33932,4.00033,4.63412,,-0.513721,3.8394,2.94084,-5.9706,fluid
2020,12.6548,0.971925,,1009.77,-108.331,157866,,-4.46528,1.09772,4.59823,,1.72397,23.9188,14.0781,14.1088,fluid
2021,15.5788,4.60849,,1007.24,-16.1213,116183,,-1.18113,4.41315,4.56848,,13.6981,2.64186,21.1023,-7.16814,fluid
2022,15.5628,3.90629,,1002.89,-160.044,45798.5,,-1.63916,3.91446,4.2438,,6.09531,14.3758,9.02964,4.56584,fluid
2023,14.588,3.55389,,1004.95,-168.637,78859.2,,-3.09091,3.71797,4.83498,,-6.059,17.6672,-0.679856,7.85722,fluid
2024,20.9351,2.71774,,999.489,-8.26603,0,,-2.96719,-0.837082,3.08301,,1.0446,5.20358,1.0446,-4.60642,fluid
2025,16.0235,1.13156,,1002.84,-351.414,44888.9,,-4.51082,0.111847,4.51221,,-5.60445,8.97706,-2.81094,-0.832942,fluid
2026,17.7452,0.589904,,1002.53,-53.9662,39999.2,,-1.01116,-0.778068,1.27586,,7.78745,21.5149,10.0359,11.7049,fluid
2027,18.618,0.660918,,1002.42,230.35,38254.2,,0.701032,-1.12155,1.32262,,8.98695,25.0711,11.0367,15.2611,fluid
2028,17.8823,0.964007,,1003.88,104.382,61559.8,,-1.84873,-3.82117,4.2449,,14.4663,16.1575,17.8955,6.34747,fluid
2029,18.2058,2.51798,,997.785,-521.125,0,,-6.72314,-0.990477,6.79571,,5.98953,3.60535,5.98953,-6.20465,fluid
2030,20.5262,2.3285,,1001.04,-121.512,16364.6,,-3.67438,1.07213,3.8276,,-0.0170188,3.97129,0.779408,-5.83871,fluid
2031,17.6546,1.15315,,1002.6,-216.572,41144.6,,-3.76969,-2.58717,4.57209,,7.49173,12.942,9.81622,3.132,fluid
2032,19.9055,0.291421,,1001.34,78.4288,21065.6,,2.45287,0.460068,2.49564,,-7.74724,11.1263,-6.69038,1.3163,fluid
2033,19.1306,2.82015,,998.168,-92.2153,0,,-5.67959,-1.66954,5.91989,,-0.980375,1.97215,-0.980375,-7.83785,fluid
2034,14.1724,4.39904,,994.756,-392.665,0,,0.399984,8.48861,8.49803,,5.92046,-2.94476,5.92046,-12.7548,fluid
2035,30.9906,0.192052,,1000.18,-9.47032,2759.47,,-0.39658,-0.0279485,0.397564,,0.0639416,9.91231,0.152968,0.102312,fluid
2036,29.7142,0.379219,,1000.24,-56.1805,3774.39,,-1.31198,-0.0627042,1.31348,,1.00468,10.154,1.13167,0.34398,fluid
2037,23.7357,1.69224,,1000.68,25.4858,10630.8,,0.553285,-1.10474,1.23554,,6.33516,11.2981,6.78274,1.48815,fluid
2038,23.8439,0.609791,,1001.52,-46.9964,23937.2,,-1.22937,-0.0175051,1.2295,,-1.19047,9.09199,-0.18808,-0.718009,fluid
2039,30.7822,0.461028,,999.909,-65.1284,0,,-1.13625,-0.106278,1.14121,,0.797442,10.4099,0.797442,0.599876,fluid
2040,16.2265,8.91437,,944.047,157.696,0,,6.32238,10.4286,12.1954,,0.192763,0.0639389,0.192763,-9.74606,fluid
2041,14.1671,2.04137,,1009.9,-430.965,160111,,-3.37136,1.83891,3.84027,,-11.9514,-6.49792,-0.76064,-16.3079,fluid
2042,15.0192,2.01863,,1004.47,-317.634,71083.7,,-3.50418,2.55189,4.33491,,-0.310351,8.94006,4.40146,-0.869943,fluid
2043,26.3045,1.41563,,1002.33,32.0636,36807.4,,0.530805,0.622783,0.818299,,2.50041,13.8166,3.89644,4.00656,fluid
2044,26.3034,1.24145,,1001.23,13.0012,19406.6,,0.621147,0.369468,0.722724,,1.21348,10.5167,1.95037,0.70667,fluid
2045,25.821,1.2042,,1002.92,303.541,46270.5,,1.91844,-0.181047,1.92696,,-9.73623,24.0646,-7.94948,14.2546,fluid
2046,14.9168,5.27478,,993.154,219.197,0,,1.35065,7.5599,7.6796,,1.52909,0.0142772,1.52909,-9.79572,fluid
2047,31.1405,0.645621,,1000.3,-5.02917,4634.84,,-0.60958,-0.512094,0.796133,,-1.17115,12.282,-1.02236,2.47196,fluid
2048,25.9912,1.32594,,1001.71,-37.051,26997.9,,1.2167,0.792728,1.45216,,0.967395,9.26532,2.00436,-0.54468,fluid
2049,25.8453,1.43153,,1003.5,213.475,55542.4,,2.14073,-0.0282844,2.14092,,-7.40352,18.6326,-5.26199,8.8226,fluid
2050,12.2845,2.91152,,1061.39,-99.3462,1.16031e+06,,-0.201289,10.4499,10.4519,,-61.9251,123.971,27.0655,114.161,fluid
2051,29.8903,0.369311,,1000.27,-45.1702,4167.51,,-1.21444,-0.0624651,1.21604,,0.977451,10.1076,1.11684,0.297619,fluid
2052,20.0234,1.01512,,1000.78,-55.2036,12204.1,,-1.02003,1.07761,1.48382,,-5.39286,9.70344,-4.78385,-0.106562,fluid
2053,20.2911,1.12971,,1002.23,262.801,35160,,0.294752,2.11466,2.1351,,-19.8053,7.88665,-18.0763,-1.92335,fluid
2054,18.9331,2.51816,,998.419,-286.251,0,,-6.9344,0.194568,6.93713,,0.258842,0.959046,0.258842,-8.85095,fluid
2055,16.7384,7.42217,,932.482,24.64,0,,6.07283,7.07747,9.32576,,-2.8107e-05,-0.0171886,-2.8107e-05,-9.82719,fluid
2056,14.4479,5.68241,,998.626,-70.5736,0,,2.68387,11.6955,11.9995,,5.24296,5.36518,5.24296,-4.44482,fluid
2057,19.5351,0.746859,,1001.17,115.924,18381,,1.70409,0.393156,1.74886,,-4.54319,17.2849,-3.60336,7.47488,fluid
2058,18.6665,1.10024,,1002.57,0.931122,40592.6,,-0.695639,-1.01492,1.23044,,13.2165,24.3933,15.3856,14.5833,fluid
2059,13.698,3.41125,,1014.96,-333.587,245641,,-1.57384,7.52065,7.68356,,-10.0329,-15.2125,7.63536,-25.0225,fluid
2060,27.9177,0.346119,,1000.38,-68.3552,5910.92,,-1.49692,-0.0523174,1.49783,,-0.0217639,9.76851,0.189883,-0.0414853,fluid
2061,21.0426,9.24344,,809.163,-34.9768,0,,8.05457,5.7104,9.87344,,0,0,0,-9.81,fluid
2062,29.1232,13.7074,,698.969,0,0,,10.3255,4.00011,11.0733,,0,0,0,-9.81,fluid
2063,31.6198,6.24479,,989.409,1188.6,0,,1.92637,-2.63034,3.26031,,-135.739,0.265836,-135.739,-9.54416,fluid
2064,20.4455,1.12993,,1002.94,422.4,46504.5,,0.951027,3.34355,3.47617,,-25.805,9.17071,-23.5371,-0.639285,fluid
2065,28.6508,0.31156,,1000.39,-54.5105,6116.96,,-1.26231,-0.045247,1.26312,,1.54188,10.1243,1.7553,0.314339,fluid
2066,19.5555,0.799232,,1001.28,184.93,20189.2,,2.32382,0.653873,2.41407,,-5.3962,17.9753,-4.36512,8.16533,fluid
2067,26.7572,0.347393,,1000.51,-86.3829,8083.58,,-1.62955,-0.0396892,1.63004,,2.0023,8.46016,2.30425,-1.34984,fluid
2068,26.1435,0.454141,,1001.13,-32.6471,17831.3,,-2.16575,-0.0317271,2.16599,,-1.92309,8.89062,-1.24181,-0.91938,fluid
2069,23.2141,0.991275,,1000.94,-71.9453,14739.2,,-1.86731,-0.177272,1.87571,,0.780545,7.63063,1.41488,-2.17937,fluid
2070,23.4362,1.01403,,1000.75,-71.9833,11808.5,,-1.61429,-0.206309,1.62742,,0.238195,7.48054,0.741675,-2.32946,fluid
2071,25.1621,0.339177,,1000.74,-34.5271,11648.9,,-1.64026,-0.0623277,1.64144,,3.34485,14.9543,3.80746,5.14425,fluid
2072,17.4814,1.74624,,1002.14,-285.378,33855.1,,-5.50456,-2.38381,5.99856,,9.44812,5.36358,11.3806,-4.44642,fluid
2073,21.9776,1.42507,,1000.97,-67.7947,15292.9,,-2.19419,-1.18292,2.49274,,-2.06751,12.9986,-1.37234,3.18857,fluid
2074,23.2096,0.372152,,1001.07,-71.8962,16818.2,,-1.4227,-0.0326206,1.42307,,2.92747,10.8467,3.65133,1.0367,fluid
2075,16.3655,1.67485,,1004.11,-277.861,65361,,-6.10072,0.100277,6.10155,,-2.05846,12.1124,1.91902,2.30245,fluid
2076,23.7133,0.969841,,1000.95,-31.4546,14929.7,,-1.46382,0.0154979,1.4639,,1.37915,7.03103,2.00815,-2.77897,fluid
2077,24.4128,0.470193,,1001.82,-46.5412,28727.8,,-1.54248,0.273001,1.56646,,0.767973,9.51362,1.94259,-0.296381,fluid
2078,16.6475,2.56727,,1005.73,-229.859,91535.2,,-4.86325,1.93806,5.2352,,4.7757,18.8755,10.2428,9.06551,fluid
2079,16.1567,1.35728,,1003.24,-339.324,51307,,-4.98273,0.210401,4.98717,,-3.09201,10.6967,0.0733351,0.886743,fluid
2080,17.0149,1.07703,,1004.04,-173.351,64190,,-3.68391,-1.06215,3.83398,,0.0320251,11.5178,3.78942,1.70781,fluid
2081,17.3915,2.09848,,1001.22,-449.812,19215.4,,-6.84661,-1.03458,6.92434,,0.357496,15.8461,1.46102,6.03612,fluid
2082,25.0141,0.276343,,1001.5,-6.56766,23689.7,,-1.60768,-0.0416257,1.60822,,2.71991,12.3547,3.66554,2.54472,fluid
2083,24.1734,0.370993,,1002.15,-35.5993,34014.3,,-1.32033,-0.0142225,1.3204,,-1.46728,9.25493,-0.0632052,-0.555072,fluid
2084,23.2071,0.240869,,1001.18,-51.4638,18607.5,,-1.48714,-0.030721,1.48746,,2.5077,10.2636,3.30856,0.453612,fluid
2085,20.5213,2.8305,,999.629,-53.5979,0,,-3.79626,-0.524276,3.8323,,0.588702,5.33739,0.588702,-4.47261,fluid
2086,15.0327,3.37776,,1003.98,-197.488,63204.5,,-2.60566,3.0179,3.98712,,-3.28608,10.8556,0.901713,1.04558,fluid
2087,13.1903,3.13647,,1028.62,-351.556,489771,,-2.80143,4.95511,5.6922,,-11.6257,1.04062,24.4722,-8.76938,fluid
2088,16.2766,4.42235,,1002.63,55.4015,41650.5,,-0.249624,1.65561,1.67432,,5.32954,9.10788,7.88175,-0.702118,fluid
2089,16.8671,5.19223,,994.72,43.7771,0,,-1.37131,1.13817,1.78212,,0.0327902,0.108632,0.0327902,-9.70137,fluid
2090,22.3954,2.10271,,1000.14,-38.1033,2157.01,,-1.02839,-1.17681,1.56284,,0.532193,8.31881,0.628494,-1.49119,fluid
2091,17.2236,0.590283,,1003.4,-55.0769,53966.6,,-1.39583,-0.614537,1.52512,,2.31385,20.7788,5.43652,10.9688,fluid
2092,18.1317,0.61878,,1002.11,49.7732,33388.3,,-0.0447118,-0.978032,0.979054,,13.1904,26.6548,15.0279,16.8448,fluid
2093,18.2219,1.01615,,1001.6,-174.045,25295,,-0.583371,-1.31527,1.43884,,15.4098,11.9323,16.7957,2.12227,fluid
2094,17.369,1.57774,,1003.57,-143.21,56590.6,,-5.24192,-1.6627,5.4993,,9.84715,4.67571,13.0937,-5.13429,fluid
2095,18.2658,0.769233,,1002.49,96.0417,39364.5,,-0.0239792,-1.1856,1.18584,,14.2515,12.1699,16.4013,2.35991,fluid
2096,21.2239,0.352773,,1001.99,-59.6118,31486.8,,-1.07566,0.0436293,1.07654,,0.552965,0.191848,2.03357,-9.61815,fluid
2097,27.0113,0.256174,,1000.67,-66.4929,10569.8,,-1.60727,-0.0346658,1.60764,,3.84092,9.22826,4.23197,-0.581742,fluid
2098,30.1228,0.390145,,1000.22,-42.8046,3499.09,,-1.13583,-0.0691246,1.13793,,1.01397,10.1147,1.1301,0.304656,fluid
2099,15.0545,1.42431,,1003.78,-464.601,60008,,-6.0487,1.00534,6.13168,,-3.29323,6.91691,0.677827,-2.89309,fluid
2100,31.2795,0.164431,,1000.21,3.1529,3281.57,,-0.175102,-0.0289619,0.177481,,0.335996,9.78262,0.440886,-0.0273829,fluid
2101,14.0758,4.88737,,1003.9,144.75,61889.5,,5.19716,14.7161,15.6069,,18.4482,-10.2125,22.828,-20.0225,fluid
2102,19.1967,2.32883,,1000.04,-316.27,608.395,,-8.12373,-0.345509,8.13108,,-0.465249,0.126922,-0.433557,-9.68308,fluid
2103,31.3381,0.152608,,1000.19,0.547634,2974.18,,-0.190281,-0.0284162,0.192391,,0.718777,9.77854,0.813666,-0.0314614,fluid
2104,31.0185,0.518025,,999.962,-43.1597,0,,-0.657205,-0.172483,0.679463,,-0.859495,10.6953,-0.859495,0.885294,fluid
2105,29.9576,0.352145,,1000.28,-39.2359,4337.2,,-1.13663,-0.0584932,1.13814,,1.0481,10.0885,1.19284,0.278453,fluid
2106,22.3451,0.642612,,1000.65,-119.209,10219.6,,-1.56008,-0.0787179,1.56207,,-0.189062,11.0358,0.267996,1.22579,fluid
2107,28.1086,1.16982,,1000.65,-87.9558,10248.6,,-3.14989,0.382509,3.17303,,2.11248,7.65156,2.47685,-2.15844,fluid
2108,15.8932,1.62446,,1003.19,-350.557,50546.7,,-5.45139,0.299028,5.45958,,0.264253,13.3466,3.43453,3.53656,fluid
2109,27.3167,1.31004,,1003.38,180.992,53530.8,,-3.91901,-0.370381,3.93647,,6.32726,6.74792,8.2803,-3.06208,fluid
2110,31.1434,0.805475,,1000.47,7.76815,7320.3,,-0.958215,-0.72637,1.20241,,-1.80083,10.9872,-1.56589,1.17724,fluid
2111,30.9805,0.55918,,999.95,-53.6506,0,,-0.898766,-0.246449,0.931943,,-0.455266,11.0648,-0.455266,1.25483,fluid
2112,31.6062,0.894544,,1000.27,-4.63401,4246.63,,-0.135502,-0.756743,0.768779,,-1.04088,9.04057,-0.906553,-0.769432,fluid
2113,22.6951,0.371937,,1000.67,-106.612,10507.9,,-1.56161,-0.0665422,1.56302,,1.14822,10.3732,1.61092,0.563202,fluid
2114,24.3941,1.55564,,1000.43,43.0475,6685.86,,1.11293,-0.266025,1.14428,,3.45075,13.8831,3.72471,4.07309,fluid
2115,22.0143,1.8906,,1000.74,36.3872,11596.1,,-0.901437,-1.15662,1.46641,,0.177731,8.3689,0.704097,-1.4411,fluid
2116,31.0552,0.575386,,1000.01,-41.8683,99.4303,,-0.719364,-0.28912,0.77529,,-0.912422,11.2698,-0.90922,1.45981,fluid
2117,16.2729,3.40908,,1001.09,-75.1743,17216.8,,-1.12591,2.7233,2.94687,,6.40352,0.466344,7.46037,-9.34366,fluid
2118,26.0326,1.65679,,1003.25,-81.6992,51432.9,,0.466214,1.41795,1.49263,,-0.237253,15.0343,1.73207,5.2243,fluid
2119,24.1407,1.75166,,1000.8,75.5551,12613.1,,1.47758,-0.529482,1.56959,,2.40186,11.1898,2.92393,1.37976,fluid
2120,15.2935,2.55291,,1003.48,-252.419,55236.6,,-3.08258,2.74492,4.12758,,-1.85712,6.64497,1.74212,-3.16503,fluid
2121,16.4608,0.482355,,1003.31,-58.0016,52448.7,,-1.36334,-0.24564,1.38529,,2.89876,11.7505,6.07453,1.94046,fluid
2122,16.1439,6.46505,,962.053,-537.96,0,,7.07228,10.0002,12.2483,,0.000657015,-0.00190438,0.000657015,-9.8119,fluid
2123,19.2842,3.42882,,998.773,14.0322,0,,-5.33858,-0.885213,5.41147,,-0.0322569,0.325719,-0.0322569,-9.48428,fluid
2124,22.4744,1.27048,,1000.74,-74.0877,11578.6,,-1.43722,-0.116878,1.44197,,1.96724,8.12666,2.48205,-1.68334,fluid
2125,20.0569,1.83524,,1002.1,-103.378,33219.5,,-4.65906,3.14418,5.62074,,-16.5321,-7.09574,-14.8794,-16.9057,fluid
2126,12.701,2.55713,,1049.14,82.4795,894873,,-4.74793,4.97099,6.87413,,45.9953,-21.9151,113.152,-31.7251,fluid
2127,17.6938,2.09486,,1000.99,-378.994,15579.8,,-6.33784,-1.71931,6.56691,,3.39113,9.58062,4.27079,-0.229378,fluid
2128,13.7715,3.69636,,1018.65,-14.7721,309653,,-3.00531,8.73692,9.23935,,19.8693,50.8473,41.9426,41.0373,fluid
2129,15.251,2.87401,,1003.12,-169.036,49379.3,,-1.71228,3.31673,3.73264,,-0.878439,8.59541,2.34928,-1.21459,fluid
2130,18.9952,2.26879,,1000.06,-296.021,977.637,,-7.30961,-0.638708,7.33746,,1.13546,0.57532,1.18692,-9.23468,fluid
2131,20.973,2.20274,,1000.8,-71.6585,12510,,-2.47747,1.42058,2.85585,,-0.852458,7.39836,-0.256449,-2.41164,fluid
2132,19.3286,11.4202,,842.518,19.0102,0,,8.12329,10.3668,13.1703,,0.00720706,0.0122783,0.00720706,-9.79772,fluid
2133,19.5113,2.26054,,1000.87,-222.901,13641.9,,-8.11087,0.772734,8.1476,,-4.81268,-6.43425,-4.11411,-16.2442,fluid
2134,21.9719,1.2069,,1001.34,-63.8057,21148.8,,-2.78273,-0.341113,2.80356,,-0.998757,11.7415,-0.0375103,1.93154,fluid
2135,20.5231,13.5168,,818.553,52.3946,0,,8.0074,12.84,15.1323,,-0.00945514,-0.0388686,-0.00945514,-9.84887,fluid
2136,29.5504,0.37206,,1000.26,-57.4853,4159.66,,-1.3801,-0.057135,1.38128,,1.02396,10.1513,1.16469,0.34129,fluid
2137,24.6837,0.434576,,1001.45,-68.1974,22927.1,,-1.63916,0.143118,1.6454,,3.21613,9.29893,4.14362,-0.511075,fluid
2138,26.3402,0.340065,,1001,-50.9897,15796.2,,-1.91937,-0.0451159,1.9199,,-2.18678,9.50339,-1.58768,-0.30661,fluid
2139,22.3964,1.05355,,1001.16,-50.7142,18198.3,,-1.73185,-0.301634,1.75793,,3.16167,10.5492,3.97328,0.739241,fluid
2140,23.1061,1.85476,,1000.37,-11.5776,5786.63,,-0.179121,-0.511699,0.542144,,0.88414,12.9083,1.13448,3.09834,fluid
2141,22.3742,1.42585,,1000.72,-67.1285,11316,,-1.65476,-0.149482,1.6615,,1.09647,7.22607,1.60187,-2.58393,fluid
2142,23.5081,0.356333,,1001.48,-66.1257,23311.7,,-1.26172,-0.0242353,1.26195,,1.13727,10.2113,2.12745,0.401329,fluid
2143,22.6097,0.98758,,1001.13,-40.9215,17737.2,,-1.4249,-0.194755,1.43815,,1.87807,10.4884,2.66169,0.678426,fluid
2144,23.8732,0.485837,,1001.9,-46.6834,29936.3,,-1.59431,-0.026466,1.59453,,-0.505197,9.32516,0.746397,-0.484839,fluid
2145,17.3027,1.83367,,1002.38,-270.345,37628.4,,-5.66219,-1.97292,5.99606,,1.24597,12.66,3.41552,2.85,fluid
2146,20.5215,3.00953,,999.411,4.51301,0,,-3.94871,-0.61477,3.99628,,0.13928,1.97568,0.13928,-7.83432,fluid
2147,16.8198,1.17648,,1003.65,-279.568,57954.7,,-5.02007,-1.73199,5.31045,,-8.27118,14.5421,-4.83809,4.73212,fluid
2148,16.8962,2.98873,,1006.06,-44.7465,96811.4,,-3.7819,-0.327721,3.79607,,-17.0349,19.9128,-11.3397,10.1028,fluid
2149,24.5556,0.345465,,1002.01,-38.3759,31674,,-1.34805,0.004914,1.34806,,1.31178,7.83312,2.59908,-1.97688,fluid
2150,24.6849,0.322917,,1001.81,-59.7782,28522.4,,-1.65925,0.00987974,1.65928,,3.43292,8.23428,4.58629,-1.57572,fluid
2151,22.2028,0.33237,,1001.15,-103.956,18145.3,,-1.75153,-0.0568717,1.75245,,-3.19374,10.1108,-2.37742,0.300798,fluid
2152,16.6503,3.35117,,1000.51,-123.269,7964.12,,-1.07967,1.33224,1.7148,,-1.59307,7.9393,-1.115,-1.8707,fluid
2153,16.8598,5.6088,,988.893,-16.3742,0,,0.78936,1.61711,1.79948,,0.000755507,0.000443735,0.000755507,-9.80956,fluid
2154,15.3485,4.57708,,1005.16,-5.77444,82324.6,,-1.48057,5.44374,5.64148,,-4.78196,8.88706,0.554158,-0.922941,fluid
2155,16.7938,4.72207,,997.886,43.1617,0,,0.0392774,2.38503,2.38536,,1.27976,0.580388,1.27976,-9.22961,fluid
2156,22.2381,2.09281,,999.207,-146.075,0,,-0.738258,-0.953948,1.20625,,-0.311514,6.26206,-0.311514,-3.54794,fluid
2157,15.3077,1.49678,,1003.13,-428.58,49660.3,,-5.57939,0.372908,5.59184,,-6.94936,5.4619,-3.71535,-4.3481,fluid
2158,17.0423,0.883765,,1003.58,-172.208,56751.9,,-2.46825,-0.818769,2.60051,,2.81702,4.7353,6.13522,-5.0747,fluid
2159,16.0905,3.67164,,1001.25,-55.9262,19759.6,,-0.525414,3.21701,3.25964,,4.61591,2.70508,5.8424,-7.10492,fluid
2160,21.2637,0.981866,,1002.58,102.44,40751.3,,-1.59226,1.30549,2.05903,,-5.11341,5.54187,-3.20186,-4.26813,fluid
2161,30.3462,0.382406,,1000.22,-32.6357,3455.01,,-0.995604,-0.0654172,0.997751,,0.777557,10.1894,0.891386,0.379402,fluid
2162,31.3999,0.180582,,1000.17,-3.33403,2714.08,,-0.250283,-0.0314889,0.252256,,0.747122,9.77483,0.833543,-0.0351686,fluid
2163,15.7207,2.6646,,1002.92,-256.177,46273.7,,-3.73825,2.62203,4.56613,,6.84109,9.48447,9.77601,-0.325531,fluid
2164,19.8425,0.585399,,1001.67,184.209,26272.1,,2.49229,0.861115,2.63686,,-10.7459,18.185,-9.4241,8.37502,fluid
2165,22.4086,1.95116,,1000.23,-45.2145,3568.37,,-1.10152,-0.983756,1.47687,,0.378134,8.40205,0.537339,-1.40795,fluid
2166,14.8779,2.39614,,1005.59,-299.413,89271,,-3.5602,3.09735,4.71896,,5.53944,4.48038,11.5063,-5.32962,fluid
2167,21.6246,1.24492,,1000.58,-186.903,9044.23,,-2.89744,-0.0351352,2.89766,,0.478757,11.1886,0.896754,1.37859,fluid
2168,21.7678,0.826161,,1000.63,-154.399,9839.8,,-1.99614,-0.103443,1.99882,,-1.75928,9.21662,-1.30752,-0.593379,fluid
2169,31.6533,0.942615,,1000.21,-10.6848,3356.36,,-0.00287464,-0.772822,0.772828,,-0.434958,9.86022,-0.328945,0.0502167,fluid
2170,31.6919,0.618888,,1000.45,25.0313,7133.17,,-0.0080346,-0.35713,0.35722,,-0.949816,10.4114,-0.72484,0.6014,fluid
2171,31.7248,0.691579,,1000.57,40.2754,8980.96,,0.0128344,-0.469341,0.469517,,-0.796622,9.00825,-0.513694,-0.801746,fluid
2172,31.6939,0.920506,,1000.23,-7.58583,3612.57,,0.00385902,-0.728878,0.728888,,-0.288269,9.47159,-0.174312,-0.338409,fluid
2173,28.0331,0.381893,,1000.45,-74.9673,7029.49,,-1.9841,-0.0520725,1.98479,,1.10647,9.79132,1.35711,-0.0186807,fluid
2174,21.2732,2.61621,,999.677,8.32346,0,,-2.79338,-0.566649,2.85027,,1.5149,5.60311,1.5149,-4.20689,fluid
2175,31.7288,0.889975,,1000.26,-2.16516,4115.47,,0.00835735,-0.672058,0.67211,,-0.320554,8.92621,-0.19088,-0.883795,fluid
2176,23.7021,1.03803,,1001.1,8.07468,17288,,-1.41702,0.175185,1.4278,,1.9625,7.30244,2.69109,-2.50756,fluid
2177,16.1931,0.507299,,1003.74,-51.6646,59285.6,,-2.52498,-0.119132,2.52779,,-4.25729,10.3825,-0.609743,0.572477,fluid
2178,15.1305,0.93192,,1003.82,-269.635,60691.1,,-4.62757,1.03629,4.74219,,-9.24743,14.9405,-5.25152,5.13046,fluid
2179,24.1747,1.26425,,1000.41,-51.8973,6425.58,,-1.05282,-0.238907,1.07959,,-0.744582,12.5419,-0.478894,2.73191,fluid
2180,24.8672,1.36278,,1000.3,-0.190189,4727.74,,0.351706,0.264954,0.440339,,3.46172,12.7713,3.65178,2.96134,fluid
2181,23.2379,1.75584,,1000.39,-17.3746,6146.68,,-0.378377,-0.425272,0.569232,,1.44027,12.0278,1.70468,2.21783,fluid
2182,26.0973,0.770697,,1000.35,-111.287,5482.73,,-2.10962,0.270782,2.12692,,-1.56052,10.1158,-1.35051,0.305833,fluid
2183,27.3127,2.00064,,1008.33,1204.27,134020,,5.89915,-5.43077,8.01831,,5.2272,42.3759,10.0936,32.5659,fluid
2184,14.9417,2.22687,,1004.99,-326.075,79535.3,,-3.60635,2.93516,4.64983,,3.41191,2.74922,8.7085,-7.06078,fluid
2185,22.5798,0.624937,,1000.53,-126.888,8386.94,,-1.32505,-0.0851847,1.32778,,2.87412,13.0907,3.24536,3.28066,fluid
2186,24.0132,1.25597,,1000.43,-32.888,6765.32,,-0.855946,-0.229179,0.886096,,-0.120297,13.5694,0.161315,3.75941,fluid
2187,24.1904,0.831373,,1000.67,-85.5868,10560.9,,-1.55713,0.0979924,1.56021,,1.89166,7.9513,2.32794,-1.8587,fluid
2188,21.6196,1.13928,,1000.52,-196.082,8190.18,,-2.78559,-0.297581,2.80144,,1.15274,10.4583,1.53137,0.648275,fluid
2189,24.5185,1.64597,,1000.54,106.427,8438.62,,1.85926,-0.511458,1.92833,,5.38814,13.2943,5.73212,3.4843,fluid
2190,16.4264,1.02491,,1003.72,-251.629,58989.9,,-4.81029,-0.737402,4.86648,,-0.431844,15.5981,3.14601,5.7881,fluid
2191,20.5865,3.50056,,1000.49,18.1364,7758.46,,-3.07129,-0.630101,3.13526,,0.462674,2.5375,0.83936,-7.2725,fluid
2192,25.9988,1.94632,,1005.28,-22.8483,84232.9,,-1.90283,2.14985,2.871,,-10.8382,22.0625,-7.61539,12.2525,fluid
2193,25.8106,1.49593,,1002.72,-18.6885,43034.2,,0.868007,0.470661,0.987399,,-7.81428,15.5951,-6.1515,5.78506,fluid
2194,21.52,1.14741,,1000.78,-150.855,12276.5,,-2.3942,0.28556,2.41117,,0.157132,11.0251,0.727158,1.21511,fluid
2195,12.1042,2.29266,,1047.78,112.467,866487,,1.26297,7.79889,7.9005,,-62.8848,-56.4658,5.4362,-66.2758,fluid
2196,19.762,2.07997,,1000.77,-329.669,12147.6,,-7.11437,1.32927,7.23749,,-6.95157,-4.30248,-6.33734,-14.1125,fluid
2197,15.4152,2.17589,,1002.92,-351.953,46205.8,,-4.22207,1.96576,4.65726,,-3.53226,5.44923,-0.543574,-4.36077,fluid
2198,16.2218,4.1731,,1001.26,-48.0423,19819,,-0.579922,2.59756,2.66151,,3.34607,3.02029,4.56629,-6.78971,fluid
2199,19.8134,2.19383,,1000.61,-295.441,9539.79,,-6.74329,1.31277,6.86988,,-5.79286,-1.50913,-5.31167,-11.3191,fluid
2200,14.455,5.35827,,1001.41,304.46,22274.2,,5.58756,10.0902,11.534,,10.9606,0.861579,12.4993,-8.94842,fluid
2201,17.1286,0.46041,,1003.34,-0.927118,53022.6,,-0.710901,-0.23462,0.748616,,-6.11368,12.4935,-3.02844,2.68346,fluid
2202,11.7627,1.5401,,1045.42,24.5625,817671,,0.385824,3.73883,3.75868,,-103.77,77.5183,-37.2762,67.7083,fluid
2203,18.0051,8.4202,,919.506,136.23,0,,4.47589,5.91491,7.41753,,0.302398,0.170643,0.302398,-9.63936,fluid
2204,21.3964,9.01195,,809.586,-33.6367,0,,7.78464,4.09208,8.79465,,0,0,0,-9.81,fluid
2205,17.9093,2.13887,,1000.89,-333.989,13993.4,,-6.29475,-1.9891,6.60155,,5.15478,10.0406,5.93543,0.230625,fluid
2206,27.7762,0.508886,,1000.55,-56.498,8643.14,,-1.9711,-0.0508987,1.97176,,1.99753,9.36451,2.30853,-0.445487,fluid
2207,22.3696,1.25636,,1000.74,-102.053,11584.8,,-1.89435,-0.194256,1.90429,,2.10443,8.44119,2.62193,-1.36881,fluid
2208,14.1942,2.465,,1011.38,-269.937,184756,,-4.33742,2.91546,5.2262,,2.96458,21.5067,15.8345,11.6967,fluid
2209,22.8807,0.325679,,1000.75,-86.6322,11857.6,,-1.48049,-0.0574032,1.4816,,3.16616,10.6274,3.68401,0.817441,fluid
2210,23.6657,0.427403,,1001.76,-45.6212,27752.5,,-1.18238,-0.02094,1.18256,,0.407175,9.91524,1.57781,0.105236,fluid
2211,23.5589,0.661257,,1001.71,-26.4203,27004,,-1.65514,-0.109798,1.65878,,2.59737,9.97792,3.74164,0.16792,fluid
2212,16.5725,1.82765,,1003.07,-357.24,48623.6,,-6.06347,0.575887,6.09075,,2.61607,18.2181,5.54108,8.40811,fluid
2213,19.3614,0.968581,,1000.21,-121.477,3375.66,,-0.477969,0.0448867,0.480072,,0.901193,9.9943,1.07551,0.184296,fluid
2214,18.2568,0.52578,,1000.92,-2.98406,14421.7,,0.852326,-0.313981,0.908319,,12.5142,13.3443,13.3034,3.53426,fluid
2215,21.7602,2.27792,,998.982,-74.6424,0,,-1.51172,-0.899059,1.75887,,3.04489,7.68348,3.04489,-2.12652,fluid
2216,23.7979,0.349101,,1002.1,-30.0987,33152.9,,-1.30331,-0.0174449,1.30343,,0.105804,9.76647,1.49599,-0.0435345,fluid
2217,22.1378,0.323135,,1001.3,-95.9551,20554.5,,-1.78505,-0.0505958,1.78577,,-3.17678,10.0446,-2.2495,0.234611,fluid
2218,20.1252,2.86596,,998.643,-207.969,0,,-4.41888,-0.624444,4.46279,,-0.4415,3.43908,-0.4415,-6.37092,fluid
2219,15.9189,7.11715,,967.873,-49.9262,0,,3.27811,8.56699,9.17275,,-0.000624965,0.00181148,-0.000624965,-9.80819,fluid
2220,15.9457,4.97306,,1009.05,-26.9681,145959,,-1.23331,3.21623,3.44459,,10.3894,11.994,19.4608,2.18403,fluid
2221,16.6558,0.820551,,1003.74,-127.27,59418.6,,-2.75675,-0.586088,2.81836,,1.6651,11.4267,5.21923,1.61668,fluid
2222,19.8851,2.92932,,996.469,-517.723,0,,-4.83112,0.515986,4.8586,,-0.147519,1.39682,-0.147519,-8.41318,fluid
2223,14.5531,3.32718,,1005.33,-180.399,85010.5,,-2.84716,3.2988,4.35757,,-6.37625,5.97109,-0.565819,-3.83891,fluid
2224,20.8135,1.08427,,999.982,-277.804,0,,-3.02153,2.70867,4.0579,,-4.13301,5.71505,-4.13301,-4.09495,fluid
2225,27.7348,6.30658,,728.193,0,0,,8.262,-2.47185,8.62384,,0,0,0,-9.81,fluid
2226,31.4192,0.271012,,1000.16,-5.59278,2528.88,,-0.234109,-0.044358,0.238275,,0.084735,9.80371,0.165211,-0.00628715,fluid
2227,21.7122,1.23166,,1000.72,-155.896,11281.9,,-2.76603,-0.158205,2.77055,,-0.703605,10.9401,-0.184367,1.13014,fluid
2228,31.1899,0.415843,,1000.17,-8.36617,2720.87,,-0.399672,-0.0854423,0.408703,,-1.31367,10.1431,-1.22645,0.333128,fluid
2229,15.218,1.77874,,1003.92,-294.237,62325,,-4.35461,1.13738,4.5007,,-3.22617,10.1776,0.8533,0.367564,fluid
2230,18.4567,0.99035,,1002.21,-34.9448,34915.5,,-0.501892,-0.993159,1.11277,,11.4508,18.1991,13.3384,8.38907,fluid
2231,31.6818,0.499292,,1000.21,-6.28578,3298.06,,-0.183714,-0.167256,0.248446,,-1.28893,10.3144,-1.18485,0.504358,fluid
2232,31.7134,0.770643,,1000.47,27.836,7345.64,,0.0118602,-0.548013,0.548141,,-0.615403,7.54512,-0.383886,-2.26488,fluid
2233,31.7324,0.727566,,1000.55,37.6428,8570.97,,0.0159157,-0.499305,0.499559,,-0.759674,8.1187,-0.489719,-1.6913,fluid
2234,31.7101,0.897424,,1000.25,-3.65163,3967.36,,0.00656401,-0.693142,0.693173,,-0.312288,9.0818,-0.187206,-0.728196,fluid
2235,19.594,0.948416,,1000.4,-38.6112,6276.45,,0.121648,0.818606,0.827595,,-2.98652,11.4294,-2.66633,1.61945,fluid
2236,22.8644,0.358168,,1000.71,-93.3904,11147.3,,-1.47216,-0.0557137,1.47321,,3.48698,10.6979,3.97417,0.887868,fluid
2237,22.9964,0.352759,,1000.81,-82.8148,12767.1,,-1.44549,-0.0456681,1.44622,,3.95977,10.8346,4.51449,1.02459,fluid
2238,22.8476,0.36278,,1000.69,-95.5602,10906.9,,-1.47379,-0.0564387,1.47487,,3.40246,10.6904,3.8795,0.880411,fluid
2239,22.7737,0.380695,,1000.64,-104.365,10003.3,,-1.48019,-0.059281,1.48137,,2.81153,10.5852,3.25049,0.775161,fluid
2240,22.5845,0.636289,,1000.54,-126.758,8452.99,,-1.30873,-0.0921064,1.31197,,3.04116,13.3578,3.41525,3.54784,fluid
2241,17.1067,1.27295,,1003.94,-184.088,62513,,-4.16092,-1.45231,4.40709,,3.08,15.1754,6.71997,5.3654,fluid
2242,22.7168,0.396548,,1000.66,-105.808,10310.3,,-1.52806,-0.0606749,1.52926,,2.05474,10.4581,2.5083,0.648104,fluid
2243,21.5662,1.05027,,1000.86,-136.164,13499,,-2.25227,-0.134337,2.25628,,-0.607652,9.89894,0.0177456,0.0889391,fluid
2244,17.6386,0.490753,,1002.26,-8.12686,35674,,0.445403,-0.277611,0.524834,,6.18253,10.9927,8.20047,1.18266,fluid
2245,20.2266,1.86687,,1001.47,-209.567,23112,,-4.79343,2.91364,5.60948,,-12.1153,-4.42206,-10.9743,-14.2321,fluid
2246,13.455,1.84028,,1015.84,-257.228,260782,,-2.95606,1.86622,3.49587,,-13.0866,15.7157,5.99304,5.90574,fluid
2247,21.8342,0.828627,,1000.57,-148.699,9013.05,,-1.93952,-0.0866773,1.94146,,-1.21984,9.27343,-0.807284,-0.53657,fluid
2248,16.356,0.845051,,1003.42,-279.765,54198.7,,-4.50316,-0.163546,4.50613,,-7.26833,11.6074,-3.96593,1.79737,fluid
2249,22.059,1.07888,,1001.35,-38.278,21265.7,,-2.11428,-0.355098,2.14389,,0.742664,12.562,1.7054,2.75204,fluid
2250,24.4298,1.1984,,1000.5,-30.1063,7928.03,,-0.599888,-0.00178325,0.599891,,2.38549,12.8818,2.70985,3.07183,fluid
2251,25.479,1.02203,,1000.29,-48.6674,4521.21,,-1.24155,0.0258784,1.24182,,-1.62308,4.82705,-1.44568,-4.98295,fluid
2252,24.2408,1.38852,,1000.36,-27.2289,5684.86,,-0.264604,-0.158244,0.308312,,-0.263812,13.4622,-0.0293805,3.65216,fluid
2253,14.2537,3.2107,,1005.18,-342.034,82621.1,,-2.83184,5.33272,6.03798,,-2.55683,10.3419,3.20976,0.53188,fluid
2254,14.4098,1.48453,,1008.01,-350.112,128770,,-4.66639,1.35928,4.86033,,-8.6246,10.1025,0.240687,0.292468,fluid
2255,24.3602,1.47394,,1000.39,7.5797,6159.74,,0.459715,-0.145053,0.482056,,2.40912,14.3184,2.66188,4.50838,fluid
2256,19.3089,2.6757,,997.554,-383.747,0,,-6.23673,-0.101464,6.23755,,-0.439228,0.825945,-0.439228,-8.98405,fluid
2257,16.4082,3.41032,,1000.8,-69.1911,12658.2,,-0.972312,2.35208,2.54513,,5.83457,1.69771,6.6054,-8.11229,fluid
2258,15.6054,0.96063,,1002.88,-414.003,45560.6,,-5.16895,0.769978,5.22598,,-4.2593,3.78248,-1.34815,-6.02752,fluid
2259,12.9552,1.10981,,1009.2,-317.697,148450,,-8.0301,0.617663,8.05382,,3.20821,28.175,14.5625,18.365,fluid
2260,17.7747,1.8728,,1000.76,-382.42,12028,,-5.53813,-2.71733,6.16885,,5.93664,4.67122,6.61281,-5.13878,fluid
2261,21.4057,2.51986,,997.68,-280.488,0,,-1.9927,0.0240779,1.99284,,1.9633,5.41634,1.9633,-4.39366,fluid
2262,27.0917,1.34185,,999.13,-383.055,0,,2.68674,1.39624,3.02788,,-4.1034,-4.00306,-4.1034,-13.8131,fluid
2263,15.8982,6.66475,,965.638,-176.576,0,,4.35047,7.91496,9.03178,,0,0,0,-9.81,fluid
2264,15.4758,2.66239,,1002.78,-224.168,43980.6,,-2.22724,3.00616,3.74134,,1.65744,9.78111,4.49147,-0.0288917,fluid
2265,17.1625,3.22474,,1002.3,-97.2522,36393,,-0.721907,0.0782513,0.726136,,3.96408,24.9602,6.0797,15.1502,fluid
2266,16.7356,3.77196,,1000.45,28.2812,7125.04,,-0.827806,1.06203,1.34654,,3.27982,2.21783,3.70537,-7.59217,fluid
2267,18.4731,1.95279,,1000.83,-322.043,13083.9,,-6.19496,-2.50373,6.68179,,10.4,0.538433,11.1076,-9.27157,fluid
2268,19.6931,1.75931,,1002.25,-171.588,35613,,-5.06407,1.21168,5.20702,,-13.6388,-7.22411,-11.8345,-17.0341,fluid
2269,29.3414,0.408794,,1000.23,-72.7142,3597.06,,-1.64662,-0.0607323,1.64774,,0.641967,10.1527,0.764533,0.342694,fluid
2270,20.4821,2.02924,,1002.77,34.1031,43788.4,,-4.21509,3.07088,5.2151,,-10.65,-7.98748,-8.51796,-17.7975,fluid
2271,23.6476,8.07545,,798.608,124.587,0,,10.3304,2.45545,10.6182,,-0.628841,-0.648095,-0.628841,-10.4581,fluid
2272,15.8468,1.55947,,1003.13,-366.622,49602.8,,-5.7439,0.474485,5.76347,,-1.16377,10.3208,1.95661,0.51079,fluid
2273,23.5409,1.41047,,1000.28,-49.3628,4376.94,,-1.00549,0.0860173,1.00917,,5.35491,9.21168,5.54079,-0.598318,fluid
2274,16.7927,0.538012,,1003.37,-99.7335,53400.7,,-2.32288,-0.438172,2.36384,,6.36829,13.8314,9.53761,4.02145,fluid
2275,22.4118,0.401699,,1000.64,-138.994,10071.5,,-1.70933,-0.0716185,1.71083,,-1.97316,9.51174,-1.52407,-0.298259,fluid
2276,23.3198,0.341753,,1001.22,-67.8112,19256,,-1.40378,-0.0306683,1.40412,,2.17509,10.5025,2.99981,0.69249,fluid
2277,17.7202,1.32611,,1002.28,-256.588,35955.6,,-4.48413,-2.10384,4.95314,,5.18403,15.2259,7.20849,5.41588,fluid
2278,22.9812,1.86617,,1000.38,-5.91717,5951.34,,-0.175911,-0.607017,0.631992,,1.56499,12.9096,1.82386,3.09959,fluid
2279,18.726,0.615379,,1001.63,137.53,25651.2,,1.06971,-0.902254,1.3994,,7.17241,27.9646,8.54001,18.1546,fluid
2280,18.3251,2.32611,,999.865,-244.995,0,,-6.49149,-2.15273,6.83913,,4.16387,5.57836,4.16387,-4.23164,fluid
2281,21.9205,2.20848,,999.959,27.0283,0,,-1.47643,-1.35916,2.00678,,2.88135,7.49494,2.88135,-2.31506,fluid
2282,24.077,0.356153,,1002.22,-31.2044,35062.4,,-1.33853,-0.0178694,1.33865,,-2.03607,9.45814,-0.583031,-0.351865,fluid
2283,22.2152,0.292522,,1001.31,-85.0964,20597.8,,-1.71638,-0.0538613,1.71722,,-3.05989,10.5025,-2.13391,0.692541,fluid
2284,15.5905,1.10401,,1002.95,-382.717,46667.7,,-4.98967,0.159616,4.99222,,-2.86325,5.58737,0.121286,-4.22263,fluid
2285,19.3187,5.50783,,909.059,0.017284,0,,1.71917,-1.36838,2.19727,,-1.16326e-06,7.84849e-06,-1.16326e-06,-9.80999,fluid
2286,15.2499,5.18574,,990.575,-5.99513,0,,0.619442,6.92421,6.95187,,-3.2874,5.12747,-3.2874,-4.68253,fluid
2287,21.9981,2.21857,,997.757,-292.428,0,,-0.702409,-0.29205,0.760705,,1.35965,5.47886,1.35965,-4.33114,fluid
2288,21.8087,1.79152,,1000.78,-7.31403,12260.7,,-0.903165,-0.300456,0.95183,,2.81242,6.56194,3.37417,-3.24806,fluid
2289,28.9978,0.34209,,1000.35,-49.3502,5504.45,,-1.23766,-0.050213,1.23868,,1.01408,10.1915,1.20384,0.381475,fluid
2290,29.1147,0.825002,,1000.47,-76.5266,7436.5,,-2.47042,-0.661061,2.55734,,0.722379,11.1429,0.977679,1.33286,fluid
2291,25.1428,1.3539,,999.723,-47.6455,0,,1.44882,-0.47525,1.52477,,-1.35761,3.16845,-1.35761,-6.64155,fluid
2292,31.7531,0.292515,,1000.01,-23.9584,125.205,,-0.148622,-0.0510516,0.157146,,-0.621639,9.98151,-0.617696,0.171506,fluid
2293,30.9349,0.332724,,1000.1,-24.7584,1623.25,,-0.671549,-0.0500353,0.67341,,-0.10778,10.0827,-0.0553128,0.272689,fluid
2294,31.6419,0.549992,,1000.21,-12.7437,3248.16,,-0.298314,-0.236158,0.380476,,-1.5933,10.525,-1.49067,0.714969,fluid
2295,31.7244,0.834208,,1000.34,10.0093,5320.91,,0.011278,-0.606965,0.607069,,-0.426848,7.98666,-0.259181,-1.82334,fluid
2296,22.5707,0.690683,,1000.58,-120.901,9099.59,,-1.22593,-0.131672,1.23298,,3.14476,14.1275,3.54769,4.31751,fluid
2297,23.0332,0.361824,,1000.83,-83.195,13048,,-1.43241,-0.0420258,1.43303,,4.05442,10.9154,4.62044,1.10535,fluid
2298,22.9264,0.383197,,1000.74,-91.7347,11605.7,,-1.45381,-0.047425,1.45459,,4.09987,10.9709,4.60572,1.16091,fluid
2299,22.5261,0.709302,,1000.61,-118.732,9565.69,,-1.28578,-0.115013,1.29091,,2.76594,13.9797,3.19033,4.16965,fluid
2300,21.8325,0.840471,,1000.57,-148.928,8945.42,,-1.95544,-0.0954326,1.95777,,-1.16375,9.48212,-0.754258,-0.327876,fluid
2301,21.6764,0.884615,,1000.78,-143.645,12336.2,,-2.07865,-0.167762,2.0854,,-2.07947,10.1067,-1.51081,0.296717,fluid
2302,22.3966,0.743625,,1000.67,-116.063,10478,,-1.46761,-0.0949797,1.47068,,1.86101,13.4067,2.32854,3.59675,fluid
2303,21.9322,0.805348,,1000.62,-127.252,9693.02,,-1.72392,-0.0551426,1.7248,,-0.596363,9.23779,-0.154681,-0.572214,fluid
2304,22.4828,0.440433,,1000.59,-135.165,9216.92,,-1.6954,-0.0693266,1.69682,,-0.520116,9.46649,-0.110403,-0.343508,fluid
2305,22.4691,0.436209,,1000.58,-138.272,9092.59,,-1.71201,-0.06952,1.71342,,-0.743601,9.39704,-0.339165,-0.412963,fluid
2306,22.5302,0.409272,,1000.6,-130.945,9458.36,,-1.68262,-0.0699343,1.68407,,-0.294372,9.79175,0.125184,-0.0182481,fluid
2307,22.2468,1.38799,,1000.48,-125.999,7599.15,,-1.9528,-0.681952,2.06845,,0.913475,9.61915,1.25489,-0.190851,fluid
2308,30.4217,0.753617,,1000.48,-14.9782,7598.36,,-1.43852,-0.560713,1.54394,,0.317896,9.26197,0.567543,-0.548034,fluid
2309,15.7289,2.0341,,1002.61,-322.811,41252,,-3.81603,0.654242,3.8717,,-3.92319,5.41259,-1.30733,-4.39741,fluid
2310,22.3752,0.533828,,1000.54,-144.616,8432.51,,-1.74378,-0.0728573,1.7453,,-0.866017,9.38008,-0.489351,-0.429921,fluid
2311,15.9761,0.890733,,1003.65,-221.397,57950.9,,-4.6943,-0.717862,4.74887,,-1.9389,5.22046,1.67524,-4.58954,fluid
2312,28.4947,0.503522,,1000.42,-78.2515,6633.9,,-2.15992,-0.0589421,2.16072,,0.620091,9.97657,0.852804,0.166568,fluid
2313,25.5121,0.547211,,1000.1,-80.5009,1605.83,,-1.69738,-0.0755493,1.69906,,-3.57166,11.1984,-3.50873,1.38841,fluid
2314,25.3624,0.5603,,1000.07,-82.7996,1133.53,,-1.79077,-0.0854181,1.79281,,0.129389,11.8112,0.17408,2.00121,fluid
2315,25.435,0.535392,,1000.08,-81.3458,1286.49,,-1.74637,-0.085379,1.74845,,-1.83922,12.627,-1.78865,2.81697,fluid
2316,22.1948,0.632797,,1000.72,-114.127,11298.1,,-1.58934,-0.0940733,1.59212,,-2.03746,9.03908,-1.52878,-0.770924,fluid
2317,22.0063,1.38982,,1001.12,-48.0872,17710.3,,-2.19303,-1.21695,2.50805,,-1.66752,13.2073,-0.863641,3.39725,fluid
2318,22.3483,0.802924,,1000.72,-113.204,11316.5,,-1.57418,-0.0990451,1.5773,,1.79409,13.5966,2.3001,3.78662,fluid
2319,24.3315,1.17939,,1000.5,-42.1513,7914.24,,-0.920803,-0.161016,0.934775,,0.748654,11.6806,1.07376,1.87056,fluid
2320,24.5302,1.14035,,1000.56,-23.4931,8873.79,,-0.57783,0.155432,0.59837,,3.6874,12.7277,4.04894,2.91773,fluid
2321,26.31,0.482401,,1000.63,-86.5028,9952.81,,-2.09639,-0.00932198,2.09641,,-1.82508,8.14599,-1.44703,-1.66401,fluid
2322,22.3437,0.73808,,1000.68,-117.011,10624.8,,-1.55748,-0.0982835,1.56057,,1.03249,12.8895,1.50769,3.07949,fluid
2323,22.7946,2.28939,,1000.2,117.586,3131.71,,0.428086,-1.87148,1.91981,,1.85554,5.98563,1.9929,-3.82437,fluid
2324,24.1231,0.944555,,1000.29,-108.733,4524.03,,-1.48919,-0.0440934,1.48984,,1.1916,10.8514,1.37909,1.04138,fluid
2325,24.8319,1.10439,,1000.31,-45.9604,4855.68,,-0.584935,0.522665,0.784428,,5.85426,9.11173,6.04974,-0.69827,fluid
2326,14.9705,2.71361,,1004.05,-340.4,64405,,-2.65935,4.0393,4.83612,,4.86831,14.6384,9.15308,4.8284,fluid
2327,16.4789,4.11562,,999.399,-156.562,0,,0.000745692,2.64413,2.64413,,5.72752,-0.919892,5.72752,-10.7299,fluid
2328,23.1339,1.7345,,1000.39,-9.13147,6067.74,,-0.322254,-0.395556,0.510208,,0.64803,11.5024,0.910216,1.69242,fluid
2329,18.5778,2.33226,,999.024,-312.915,0,,-6.91688,-1.85238,7.16063,,1.95384,4.06098,1.95384,-5.74902,fluid
2330,22.0724,1.48691,,1000.4,-124.214,6313.61,,-1.87054,-1.21539,2.23072,,-0.123433,11.3799,0.162494,1.56993,fluid
2331,20.4537,2.6027,,999.875,-185.489,0,,-4.19016,0.03218,4.19029,,0.163693,8.9001,0.163693,-0.909902,fluid
2332,27.6723,1.44011,,1000.7,13.4564,11063.4,,1.33982,1.54522,2.04519,,1.06052,0.908593,1.46004,-8.90141,fluid
2333,19.4619,4.54174,,951.929,0.00523814,0,,3.07493,-0.00653093,3.07494,,1.11156e-06,-7.49967e-06,1.11156e-06,-9.81001,fluid
2334,19.87,0.899795,,1000.08,-60.405,1249.92,,1.21474,1.55582,1.97387,,-4.91878,9.61337,-4.85588,-0.196628,fluid
2335,15.4783,1.61153,,1003.16,-334.62,50042.3,,-5.09242,0.401488,5.10822,,-1.79456,9.0173,1.42833,-0.792704,fluid
2336,30.151,0.416914,,1000.2,-46.8014,3089.16,,-1.16595,-0.0785412,1.1686,,1.05113,10.1307,1.15357,0.320668,fluid
2337,14.6219,1.49993,,1006.12,-380.122,97776.7,,-4.79333,2.11488,5.23915,,0.393481,10.7178,7.03986,0.907814,fluid
2338,25.8347,14.3532,,710.723,0,0,,11.1959,9.28452,14.5447,,0,0,0,-9.81,fluid
2339,16.9724,1.73732,,1002.12,-379.467,33446.1,,-5.65185,-1.74954,5.91644,,1.25119,10.9586,3.21765,1.14859,fluid
2340,17.3654,1.74245,,1002.43,-276.447,38459.9,,-5.51318,-2.42491,6.0229,,5.45246,7.36912,7.66182,-2.44088,fluid
2341,22.0918,5.91085,,831.722,0,0,,4.57241,-2.32751,5.13072,,0,0,0,-9.81,fluid
2342,14.1558,6.44107,,988.206,-59.8016,0,,1.16583,13.0283,13.0804,,0,0,0,-9.81,fluid
2343,22.3567,1.62654,,1000.45,-63.97,7065.69,,-1.41813,-0.824178,1.64023,,-0.186791,8.76258,0.129111,-1.04742,fluid
2344,22.6305,1.75455,,1000.31,-46.8343,4880.63,,-0.809795,-0.457451,0.930069,,2.64294,8.5724,2.85854,-1.2376,fluid
2345,19.728,1.04622,,1000.29,-128.471,4557.47,,-1.29443,1.03389,1.65665,,-3.80785,7.98338,-3.5769,-1.82662,fluid
2346,17.6277,1.11236,,1001.99,-253.496,31383.9,,-2.31819,-1.24607,2.63187,,5.81733,8.6122,7.59418,-1.1978,fluid
2347,16.4706,1.48332,,1003.16,-364.904,50063.6,,-5.51073,-0.0435911,5.51091,,4.40369,6.6295,7.43369,-3.1805,fluid
2348,23.8873,0.304452,,1002.26,-25.553,35765.4,,-1.32719,-0.00938985,1.32723,,-0.128919,9.71187,1.36495,-0.0981257,fluid
2349,15.8657,2.07096,,1003,-340.913,47453.5,,-4.96176,1.52868,5.19191,,0.7676,7.6595,3.74961,-2.1505,fluid
2350,15.9879,3.80434,,1001.48,-87.2586,23257.3,,-0.894552,3.60994,3.71913,,1.70807,5.57575,3.16061,-4.23425,fluid
2351,14.7996,3.06012,,1004.44,-245.993,70629,,-2.53023,2.72101,3.71564,,-2.15892,7.7039,2.59234,-2.1061,fluid
2352,19.8552,2.54085,,1000.21,-153.423,3321.96,,-5.77951,0.80537,5.83535,,-2.66025,2.73638,-2.49297,-7.07362,fluid
2353,19.1593,2.74466,,997.752,-237.365,0,,-5.90011,-1.70252,6.14084,,-0.840926,1.82097,-0.840926,-7.98903,fluid
2354,15.0723,8.19788,,963.743,-0.525762,0,,6.17615,14.858,16.0905,,0,0,0,-9.81,fluid
2355,22.536,2.01614,,1000.17,-44.106,2628.47,,-0.75833,-1.14255,1.37131,,1.86319,9.15714,1.9798,-0.652859,fluid
2356,31.4532,0.225968,,1000.14,-8.83554,2249.97,,-0.289811,-0.03728,0.292199,,0.46208,9.78303,0.533604,-0.0269698,fluid
2357,31.4558,0.495893,,1000.07,-36.9886,1166.24,,-0.696673,-0.148405,0.712304,,-1.03745,10.2479,-1.00038,0.43786,fluid
2358,31.7993,0.474354,,1000.25,5.34241,3968.58,,0.00296283,-0.135823,0.135855,,-0.482021,10.1603,-0.357252,0.350255,fluid
2359,31.7235,0.479399,,1000.24,2.27171,3762.11,,-0.0545214,-0.146529,0.156343,,-0.914902,10.2175,-0.79634,0.407468,fluid
2360,31.3422,0.454999,,1000.23,-13.4767,3591.31,,-0.6851,-0.110887,0.694016,,-0.87597,10.1785,-0.761412,0.368479,fluid
2361,31.7354,0.614849,,1000.46,26.5909,7269.23,,0.00772412,-0.329813,0.329903,,-0.692799,10.255,-0.463847,0.445047,fluid
2362,21.8866,0.748736,,1000.62,-142.806,9672.77,,-1.82716,-0.0482131,1.82779,,-1.33046,7.78232,-0.888778,-2.02768,fluid
2363,22.0163,0.844114,,1000.66,-109.495,10358.5,,-1.5313,-0.112858,1.53546,,0.193336,10.3765,0.663516,0.566453,fluid
2364,22.3408,0.469227,,1000.61,-143.778,9605.22,,-1.73358,-0.0704064,1.73501,,-2.27035,8.68093,-1.84068,-1.12907,fluid
2365,16.5126,0.519175,,1003.25,-82.0974,51584.2,,-1.55954,-0.312005,1.59044,,4.89524,12.1948,8.00904,2.38477,fluid
2366,22.7265,0.40044,,1000.64,-106.313,10118.3,,-1.51068,-0.0589514,1.51183,,2.32292,10.5121,2.76785,0.702136,fluid
2367,22.9591,0.378623,,1000.76,-89.0417,12017.8,,-1.44696,-0.0455758,1.44768,,4.14516,10.9837,4.6682,1.17367,fluid
2368,22.5726,0.591647,,1000.52,-126.677,8196.73,,-1.35126,-0.0724642,1.3532,,2.39725,12.3345,2.76018,2.52454,fluid
2369,30.7047,1.4006,,1000.78,15.524,12230.3,,-0.813432,-0.788677,1.133,,2.0632,9.24222,2.46121,-0.567776,fluid
2370,17.3546,2.01877,,1001.51,-385.98,23833.4,,-6.29265,-0.921759,6.3598,,0.345914,16.8661,1.71716,7.05606,fluid
2371,25.8683,0.357162,,1000.92,-49.9892,14461,,-1.6455,-0.0465925,1.64616,,-1.19405,11.2423,-0.63554,1.4323,fluid
2372,22.4495,1.79677,,1000.42,-30.9048,6582.78,,-1.02785,-0.771322,1.28507,,0.877159,8.36686,1.17026,-1.44314,fluid
2373,29.9674,1.29462,,1000.43,-25.6469,6712.9,,-1.12793,-0.183749,1.1428,,-1.56113,10.0955,-1.33722,0.285523,fluid
2374,15.9766,2.16196,,1003,-366.135,47529.4,,-5.05182,2.19243,5.50705,,2.43935,12.9195,5.40539,3.10952,fluid
2375,29.5919,0.888064,,1000.45,-43.6866,7125.43,,-1.28629,-0.212088,1.30366,,-0.453367,13.0245,-0.212686,3.21446,fluid
2376,30.8551,0.651928,,1000.28,-19.2993,4470.09,,-1.06821,-0.503892,1.18109,,0.0452974,11.4966,0.19013,1.6866,fluid
2377,15.9134,2.98859,,1002.15,-226.36,33910.9,,-3.10624,3.62491,4.77375,,5.66724,6.81562,7.79365,-2.99438,fluid
2378,16.1819,1.59137,,1003.84,-273.706,60971.9,,-5.07761,0.022469,5.07766,,-6.04322,13.2106,-2.28972,3.40058,fluid
2379,15.5743,1.31037,,1002.74,-374.472,43290.1,,-4.75758,0.423038,4.77635,,-3.6421,9.8152,-0.8701,0.00520349,fluid
2380,24.8729,2.40157,,937.861,31.3171,0,,5.83761,-6.14736,8.47748,,0.0154902,0.0289174,0.0154902,-9.78108,fluid
2381,30.656,0.584401,,999.936,-71.5622,0,,-1.24241,-0.310581,1.28064,,1.02813,11.425,1.02813,1.61502,fluid
2382,25.5265,0.567991,,1000.1,-79.7051,1526.75,,-1.67712,-0.0629653,1.6783,,-3.91029,9.89855,-3.85049,0.0885516,fluid
2383,25.3316,0.574131,,1000.06,-85.3075,928.311,,-1.82221,-0.0810317,1.82401,,1.06451,11.2192,1.10116,1.40919,fluid
2384,25.6536,0.522888,,1000.19,-85.6161,3054.93,,-1.65394,-0.0582759,1.65496,,-4.28778,10.805,-4.16872,0.994992,fluid
2385,15.8787,0.910305,,1003,-293.497,47521,,-4.10691,-0.0642202,4.10741,,-5.694,5.92517,-2.7102,-3.88483,fluid
2386,22.0132,1.32116,,1001.41,-24.8532,22229.7,,-2.41023,-1.02173,2.61785,,-1.09637,13.233,-0.0879588,3.423,fluid
2387,24.9387,0.835648,,1000.12,-93.8306,1913.86,,-1.48155,0.50364,1.56482,,8.27778,6.41938,8.35451,-3.39062,fluid
2388,23.8502,1.1927,,1000.38,-43.009,5953,,-0.930477,-0.0226655,0.930753,,1.84675,12.5796,2.09626,2.76955,fluid
2389,15.6127,3.09232,,1001.8,-257.666,28389.6,,-2.84983,3.97703,4.89268,,3.24272,7.47081,5.05782,-2.33919,fluid
2390,19.1462,0.429268,,1002.1,319.63,33111.6,,3.93669,-0.0403926,3.9369,,-12.7121,10.9973,-10.9863,1.18731,fluid
2391,28.3246,0.45925,,1000.37,-79.8224,5863.48,,-1.92626,-0.0513382,1.92695,,0.648507,9.73563,0.85544,-0.0743734,fluid
2392,22.2362,1.08997,,1001.51,-15.008,23749.5,,-2.04477,-0.51564,2.10878,,2.90473,13.0028,3.97118,3.19285,fluid
2393,23.723,0.707318,,1001.34,-68.8177,21043.1,,-1.77068,-0.0192441,1.77078,,0.334516,8.45329,1.22037,-1.35671,fluid
2394,19.1758,6.55505,,903.983,0,0,,2.15815,0.735261,2.27996,,0,0,0,-9.81,fluid
2395,24.0564,1.44218,,1000.42,-4.63829,6571.23,,-0.142738,-0.305434,0.337141,,-0.626733,13.3455,-0.353688,3.53549,fluid
2396,17.3825,2.78818,,1010.75,162.776,174331,,-6.09499,0.472815,6.1133,,15.6391,12.2471,25.5615,2.43707,fluid
2397,26.0172,0.474138,,1000.97,-27.3421,15203.9,,-1.49929,-0.021321,1.49944,,-1.72708,8.8565,-1.14327,-0.953499,fluid
2398,18.4762,1.72263,,1001.45,-274.814,22779.9,,-5.31375,-3.00372,6.10395,,17.9508,-0.466148,19.182,-10.2761,fluid
2399,18.0969,3.94861,,999.851,-5.6284,0,,-0.541128,-0.667378,0.859193,,0.0322645,0.0256587,0.0322645,-9.78434,fluid
2400,16.4479,3.73194,,999.968,-89.9901,0,,-0.181001,2.55522,2.56162,,5.06444,1.67177,5.06444,-8.13823,fluid
2401,15.7834,8.76738,,949.225,104.005,0,,6.99618,14.7617,16.3356,,-0.15175,-0.0503348,-0.15175,-9.86033,fluid
2402,26.4853,0.384835,,1000.76,-66.4476,11948,,-1.87466,-0.046326,1.87524,,-1.5859,8.60987,-1.13512,-1.20013,fluid
2403,13.8904,5.3549,,1011.55,346.892,187641,,6.5702,11.5989,13.3305,,-16.704,16.087,-3.34953,6.27704,fluid
2404,17.4124,8.93479,,909.07,-12.3438,0,,1.13434,6.41825,6.51772,,-0.000927818,0.00207981,-0.000927818,-9.80792,fluid
2405,23.6948,8.12407,,799.086,106.528,0,,7.36509,0.907374,7.42077,,0.575322,0.592938,0.575322,-9.21706,fluid
2406,16.5619,1.79412,,1003.29,-332.221,52093.1,,-6.13964,0.332598,6.14864,,2.03285,15.1583,5.16791,5.34827,fluid
2407,20.6257,10.6008,,852.416,5.42168,0,,4.8434,5.87827,7.6166,,-0.00340688,-0.00197739,-0.00340688,-9.81198,fluid
2408,22.7486,1.04081,,1001.11,-39.3662,17465,,-1.49664,0.00408506,1.49664,,1.12401,8.68883,1.8909,-1.12117,fluid
2409,22.3773,1.10165,,1001.23,-34.9197,19370.1,,-1.67592,-0.521367,1.75515,,2.8925,10.9002,3.75705,1.09024,fluid
2410,16.9433,2.5198,,1006.56,-128.547,105031,,-5.29648,0.535719,5.3235,,8.89848,6.88782,15.057,-2.92218,fluid
2411,16.512,1.27373,,1002.93,-383.08,46403.4,,-5.24467,-0.725346,5.29459,,1.58875,10.8745,4.39082,1.06446,fluid
2412,26.2314,0.286929,,1001.42,0.753275,22432.3,,-1.59278,-0.0427789,1.59336,,-2.77624,9.92856,-1.92229,0.118558,fluid
2413,24.8482,0.292514,,1001.71,-32.2276,26934.6,,-1.63632,-0.0186642,1.63643,,3.65239,10.8899,4.7345,1.07993,fluid
2414,23.6376,0.28797,,1001.87,-42.3005,29545.8,,-1.30828,-0.0116953,1.30834,,0.680339,9.90193,1.92795,0.0919258,fluid
2415,23.2744,0.235264,,1001.26,-52.2502,19847.1,,-1.47375,-0.0258593,1.47398,,2.24244,10.1807,3.09412,0.370741,fluid
2416,22.4391,1.98765,,1000.15,-60.9752,2382.05,,-1.21925,-0.893886,1.51182,,0.836041,7.88763,0.942181,-1.92237,fluid
2417,23.1295,1.83072,,1000.37,-36.5429,5857.24,,-0.775429,-0.376527,0.862011,,1.39971,12.2654,1.65285,2.45543,fluid
2418,14.4171,2.14151,,1008.15,-351.205,131128,,-3.68239,3.11157,4.82098,,1.90222,0.363376,10.924,-9.44662,fluid
2419,31.7111,0.534624,,1000.31,9.93435,4864.64,,-0.0142444,-0.207633,0.208121,,-0.918066,10.4199,-0.764709,0.609931,fluid
2420,30.5044,0.386392,,1000.22,-27.8234,3384.72,,-0.989188,-0.067413,0.991482,,1.01286,10.1896,1.12379,0.379619,fluid
2421,31.3865,0.397986,,1000.22,-7.40813,3523.96,,-0.497497,-0.0819524,0.504202,,-0.60507,9.99883,-0.492819,0.188829,fluid
2422,31.8624,0.446252,,1000.22,1.97032,3440.51,,0.00416048,-0.111454,0.111531,,-0.430915,10.0201,-0.322959,0.210063,fluid
2423,31.4303,0.46598,,1000.14,-27.1086,2189.68,,-0.70076,-0.12076,0.711089,,-0.830524,10.1469,-0.760866,0.336851,fluid
2424,31.4692,0.548655,,1000.01,-50.3209,112.161,,-0.757811,-0.224273,0.790301,,-1.16182,10.5404,-1.15825,0.730434,fluid
2425,22.3173,1.78575,,1000.29,-67.2862,4584.54,,-1.45983,-0.997952,1.76833,,-0.626926,8.6294,-0.42156,-1.1806,fluid
2426,30.34,0.576617,,999.989,-85.841,0,,-1.58447,-0.251047,1.60423,,1.39749,10.6398,1.39749,0.829752,fluid
2427,29.2288,0.396879,,1000.31,-62.3412,4896.1,,-1.63295,-0.0586836,1.634,,0.700889,10.1233,0.868346,0.313262,fluid
2428,14.6911,2.54546,,1006.71,-240.386,107417,,-3.29984,2.32646,4.03749,,-6.11409,13.3283,1.14892,3.51829,fluid
2429,14.6921,1.20156,,1004.86,-420.687,77429.3,,-5.61748,0.615477,5.6511,,-4.15821,-1.02955,1.08643,-10.8395,fluid
2430,19.1815,0.504247,,1001.48,129.908,23359,,2.45808,-0.0108468,2.4581,,-6.46696,10.492,-5.25098,0.681975,fluid
2431,29.3131,1.13325,,1000.5,-2.14837,7920.53,,-0.963414,-0.897274,1.31654,,0.932388,13.2518,1.20246,3.44184,fluid
2432,15.6542,0.756383,,1004.02,-193.449,63919.4,,-5.3251,-0.633073,5.3626,,-5.13398,12.6359,-1.06713,2.82589,fluid
2433,19.6249,2.70178,,997.529,-436.87,0,,-5.94205,-0.232727,5.9466,,-1.29057,2.31871,-1.29057,-7.49129,fluid
2434,31.1319,0.702209,,1000.49,17.8451,7684.73,,-0.730267,-0.618184,0.956787,,-1.17998,11.4145,-0.933257,1.60451,fluid
2435,25.0764,0.358436,,1000.71,-57.2499,11105,,-1.69862,-0.0524961,1.69943,,5.07686,14.7912,5.5194,4.98115,fluid
2436,15.7809,1.31261,,1002.82,-390.922,44675.7,,-5.44418,-0.0613089,5.44453,,-1.08651,9.25425,1.73652,-0.555746,fluid
2437,18.4678,0.475258,,1000.4,84.9573,6252.96,,2.58264,-0.208598,2.59105,,3.85038,12.058,4.18883,2.248,fluid
2438,22.7834,1.7202,,1000.41,-25.9405,6376.24,,-0.609042,-0.495995,0.785457,,2.87255,10.5221,3.1523,0.712086,fluid
2439,30.2011,0.848428,,1000.41,-48.3607,6471.64,,-1.83142,-0.434649,1.88229,,0.405909,9.46962,0.620106,-0.34038,fluid
2440,27.8889,1.02856,,1000.15,-161.222,2339.61,,-3.99867,0.342252,4.01329,,-0.788243,5.40349,-0.704365,-4.40651,fluid
2441,29.2571,0.797237,,1000.51,-55.3379,8004.56,,-2.08807,-0.63845,2.1835,,0.843496,10.9988,1.11695,1.18884,fluid
2442,30.7537,0.913133,,1000.31,-38.3181,4882.4,,-1.3028,-0.556551,1.4167,,0.967111,10.7711,1.12582,0.961137,fluid
2443,31.5548,0.965702,,1000.21,-19.3953,3253.89,,-0.227962,-0.841459,0.871792,,-1.5238,10.2051,-1.42071,0.395094,fluid
2444,22.4656,2.06923,,1000.15,-42.2807,2325.98,,-0.893539,-1.15611,1.46116,,1.11922,8.71442,1.22274,-1.09558,fluid
2445,19.1737,2.63074,,997.257,-431.204,0,,-6.49824,-1.14182,6.59779,,-0.512149,1.10111,-0.512149,-8.70889,fluid
2446,25.7111,0.608221,,1000.19,-86.5799,3020.27,,-1.6384,0.0514047,1.63921,,-4.022,8.43294,-3.90455,-1.37706,fluid
2447,25.4651,0.563563,,1000.08,-79.8597,1231.29,,-1.69457,-0.0744609,1.6962,,-2.75113,10.661,-2.70278,0.850965,fluid
2448,25.6524,0.620476,,1000.14,-82.7128,2252.87,,-1.66433,0.0416458,1.66485,,-4.52546,7.82643,-4.43765,-1.98357,fluid
2449,27.6416,0.478808,,1000.59,-57.6976,9260.86,,-2.03119,-0.0620952,2.03214,,1.37022,9.45277,1.70506,-0.357231,fluid
2450,25.4858,0.55262,,1000.09,-80.3527,1398.14,,-1.70061,-0.0767871,1.70234,,-3.13228,11.1372,-3.07742,1.32717,fluid
2451,25.3007,0.586258,,1000.02,-90.7767,280.186,,-1.85157,-0.0726853,1.85299,,2.24463,10.7531,2.25571,0.943107,fluid
2452,25.4512,0.531384,,1000.09,-81.0314,1398.96,,-1.74212,-0.0850896,1.7442,,-2.21253,12.6905,-2.15757,2.88053,fluid
2453,16.647,0.531774,,1002.76,-133.547,43636.4,,-1.19125,-0.387572,1.25271,,7.33134,12.9261,9.9454,3.1161,fluid
2454,14.6117,1.86877,,1006.84,-292.004,109595,,-3.70634,1.52009,4.00595,,-6.6273,10.1111,0.822274,0.301052,fluid
2455,23.1315,1.32825,,1000.05,-100.217,845.08,,-1.33237,-0.0711975,1.33427,,1.74011,7.90986,1.77665,-1.90014,fluid
2456,24.5451,1.31133,,1000.44,-0.985687,6960.52,,0.226518,0.0566329,0.23349,,4.64431,16.0145,4.92777,6.20455,fluid
2457,14.2841,0.803892,,1005.76,-141.091,92012.9,,-3.69782,-0.27434,3.70798,,-3.54396,19.0867,2.86077,9.27665,fluid
2458,30.0122,0.482078,,1000.22,-55.4221,3442.11,,-1.36848,-0.113229,1.37315,,1.13854,10.2601,1.25321,0.450134,fluid
2459,24.828,1.11771,,1000.31,-45.9671,4876.27,,-0.582227,0.506906,0.771973,,5.83466,9.45034,6.031,-0.35966,fluid
2460,23.3573,0.712554,,1001.62,-19.3772,25500.8,,-1.42998,-0.0542476,1.43101,,1.35277,10.1004,2.44278,0.290359,fluid
2461,15.3597,3.31674,,1002.23,-237.651,35240,,-2.08873,4.50915,4.96943,,4.58112,5.44877,6.87033,-4.36123,fluid
2462,24.2622,1.24395,,1000.42,-52.1985,6534.52,,-0.972144,-0.169144,0.986749,,-0.0586017,12.0174,0.210616,2.20743,fluid
2463,23.4723,1.8548,,1000.59,-19.0175,9238.44,,0.515524,-0.974262,1.10225,,3.14095,12.2878,3.53431,2.47781,fluid
2464,16.0967,1.11648,,1003.32,-288.846,52628.7,,-4.7128,-0.575514,4.74781,,-1.40831,9.05903,1.85042,-0.75097,fluid
2465,16.0965,6.01387,,972.309,-373.792,0,,1.7706,4.31015,4.65966,,0.0427232,0.111386,0.0427232,-9.69861,fluid
2466,17.4634,4.72316,,988.378,-28.042,0,,-0.81427,2.00059,2.15995,,0.0253017,0.0206775,0.0253017,-9.78932,fluid
2467,20.5488,1.83491,,1001.3,-157.283,20502.7,,-3.54419,2.76714,4.49648,,-8.11459,-1.60692,-7.11813,-11.4169,fluid
2468,16.4765,2.46516,,1004.7,-299.512,74846,,-5.08334,1.83882,5.4057,,5.58707,13.5421,10.1084,3.7321,fluid
2469,30.3912,0.429768,,1000.15,-43.8353,2342.79,,-1.09505,-0.0827403,1.09817,,0.912386,10.1988,0.989463,0.388802,fluid
2470,13.5211,4.68223,,1016.27,-12.6883,268213,,5.10045,16.2903,17.0701,,-13.118,2.11879,6.40092,-7.69121,fluid
2471,18.0224,0.443867,,1001.71,125.887,27056.5,,2.18829,-0.171355,2.19499,,10.2344,11.5116,11.7332,1.70159,fluid
2472,22.4895,1.11692,,1000.94,-72.9209,14813.3,,-1.68759,-0.163055,1.69545,,2.45621,8.74581,3.11427,-1.06419,fluid
2473,23.5127,0.350522,,1001.49,-65.6913,23482.2,,-1.26176,-0.023981,1.26199,,1.1311,10.1889,2.12832,0.378918,fluid
2474,23.193,0.327465,,1001.06,-67.8877,16734.6,,-1.44173,-0.0342813,1.44214,,2.9694,10.609,3.69018,0.79898,fluid
2475,24.5103,0.420962,,1001.82,-47.3549,28802.2,,-1.39565,0.135646,1.40222,,1.68091,9.27303,2.85388,-0.536973,fluid
2476,17.1906,0.471259,,1003.4,-3.14901,53960.4,,-0.941369,-0.258518,0.976221,,1.10321,12.5809,4.23151,2.77094,fluid
2477,20.5299,2.70341,,999.526,-157.734,0,,-3.89901,0.239227,3.90634,,0.900504,6.45852,0.900504,-3.35148,fluid
2478,25.9108,0.283157,,1001.35,-19.5542,21204.8,,-1.78169,-0.0401112,1.78214,,-0.343889,10.9736,0.473388,1.16364,fluid
2479,16.9884,1.91135,,1001.66,-414.46,26237.2,,-6.02896,-0.792478,6.08082,,1.11156,15.8685,2.65341,6.05847,fluid
2480,24.9776,0.256417,,1001.81,15.9806,28568,,-1.52361,-0.0338044,1.52399,,2.11486,11.5923,3.25654,1.78227,fluid
2481,22.1633,0.902104,,1000.89,-81.1402,14056.8,,-1.52539,-0.220789,1.54129,,1.27539,12.5848,1.90907,2.77481,fluid
2482,31.6633,0.885111,,1000.27,-0.338619,4269.12,,0.0011043,-0.71107,0.711071,,-0.362659,8.93571,-0.227867,-0.874286,fluid
2483,30.8873,0.486099,,999.922,-57.7853,0,,-0.978588,-0.130845,0.987297,,0.120326,10.5297,0.120326,0.719703,fluid
2484,31.8956,0.366251,,1000.14,-4.88985,2245.9,,0.00103669,-0.0720064,0.0720138,,-0.358401,9.74895,-0.287997,-0.0610527,fluid
2485,31.7538,0.368778,,1000.12,-10.5037,1818.94,,-0.0856615,-0.0759234,0.114465,,-0.807103,9.78889,-0.749827,-0.0211126,fluid
2486,31.7947,0.46848,,1000.25,4.69566,3853.01,,0.00223072,-0.13181,0.131829,,-0.475813,10.1404,-0.354659,0.330375,fluid
2487,22.153,1.61895,,1000.02,-146.45,292.673,,-1.6792,-1.19593,2.06154,,0.980062,10.0995,0.993273,0.289533,fluid
2488,19.1275,0.45248,,1001.86,286.783,29291.8,,3.97943,-0.0473756,3.97972,,-12.144,11.293,-10.6154,1.48298,fluid
2489,22.7138,0.392458,,1000.66,-105.615,10381.8,,-1.53509,-0.0618449,1.53634,,1.923,10.4335,2.37977,0.623474,fluid
2490,29.665,0.828929,,1000.46,-50.5199,7280.65,,-1.6153,-0.139888,1.62135,,-0.282921,11.3321,-0.0376056,1.52209,fluid
2491,28.9872,0.459773,,1000.23,-78.6233,3601.73,,-1.63389,-0.0818691,1.63594,,1.25455,10.2124,1.37878,0.402437,fluid
2492,31.4829,0.963031,,1000.22,-24.968,3390.03,,-0.441158,-0.897782,1.00032,,-2.38446,10.3378,-2.2768,0.527835,fluid
2493,30.6074,0.722312,,1000.47,-4.37665,7384.68,,-1.23094,-0.580822,1.36109,,0.193826,9.89915,0.434984,0.0891527,fluid
2494,29.6336,0.678764,,1000.6,-33.1237,9363.35,,-1.85783,-0.238437,1.87306,,-0.47968,10.1312,-0.163897,0.321212,fluid
2495,16.2205,2.34986,,1003.53,-376.006,55991.8,,-5.20309,2.07939,5.60321,,2.16201,12.3509,5.60178,2.54091,fluid
2496,22.1864,1.22257,,1001.22,-56.3839,19146.9,,-2.25782,-0.552868,2.32452,,1.7665,10.7546,2.62846,0.944619,fluid
2497,24.1138,0.576533,,1001.52,-68.4752,23932.9,,-1.70002,0.0269578,1.70024,,0.630652,8.14538,1.62165,-1.66462,fluid
2498,28.696,0.498606,,1000.37,-82.9708,5847.7,,-2.16098,-0.0791068,2.16242,,1.30545,10.078,1.50915,0.267951,fluid
2499,30.1397,0.627702,,1000.22,-75.4129,3524.88,,-1.94992,-0.356254,1.9822,,1.66005,11.1306,1.77697,1.32063,fluid
2500,28.1042,0.490207,,1000.33,-89.988,5258.45,,-2.07345,-0.0541418,2.07416,,1.32786,9.59782,1.51491,-0.21218,fluid
2501,30.2516,0.545354,,1000.01,-83.1481,149.788,,-1.53262,-0.183939,1.54362,,1.60409,10.3534,1.60904,0.543389,fluid
2502,31.5851,1.04272,,1000.18,-24.87,2872.83,,-0.182289,-0.869893,0.888787,,-1.25656,11.0738,-1.16562,1.26378,fluid
2503,30.403,0.801107,,1000.44,-25.3602,6943.05,,-1.51651,-0.547064,1.61217,,0.423364,9.13575,0.65163,-0.67425,fluid
2504,29.4133,0.707295,,1000.52,-46.0081,8227.02,,-1.9031,-0.451987,1.95603,,-0.0449744,11.4467,0.234583,1.63667,fluid
2505,29.1678,0.84762,,1000.45,-72.3505,7013.75,,-2.2316,-0.695854,2.33758,,0.800827,11.1999,1.04118,1.38989,fluid
2506,29.6663,0.746481,,1000.6,-25.6815,9369.06,,-1.60068,-0.182675,1.61107,,-0.676932,10.3307,-0.361306,0.520717,fluid
2507,29.1335,0.827667,,1000.47,-72.6767,7372.32,,-2.34811,-0.670109,2.44186,,0.748998,11.1167,1.00193,1.30668,fluid
2508,28.5468,0.471206,,1000.45,-72.0432,7003.59,,-2.08618,-0.0619994,2.0871,,0.675577,9.90571,0.920805,0.0957093,fluid
2509,25.1543,0.995373,,1000.06,-55.5209,1020.11,,-0.857748,0.23698,0.889883,,3.49069,2.46185,3.53124,-7.34815,fluid
2510,23.0679,1.39123,,999.999,-102.828,0,,-1.27832,-0.421287,1.34595,,2.45438,7.52288,2.45438,-2.28712,fluid
2511,23.2593,1.52648,,1000.36,-37.4697,5620.11,,-1.02667,-0.232499,1.05267,,1.07399,9.62158,1.31553,-0.188417,fluid
2512,25.5966,0.517922,,1000.16,-82.5888,2584.36,,-1.68306,-0.0709165,1.68456,,-4.23468,11.707,-4.13373,1.897,fluid
2513,22.0075,2.24413,,999.886,8.36636,0,,-1.69515,-1.1108,2.02667,,2.0629,5.93048,2.0629,-3.87952,fluid
2514,30.5115,0.865354,,1000.35,-34.6074,5521.49,,-1.34988,-0.56311,1.46263,,0.597956,9.62408,0.778856,-0.185917,fluid
2515,25.0749,1.05528,,1000.12,-54.0092,1925.59,,-0.664542,0.338988,0.746009,,4.73685,4.14885,4.81363,-5.66115,fluid
2516,23.385,1.39795,,1000.3,-41.9357,4638.43,,-0.957388,-0.167287,0.971894,,2.58653,8.34604,2.78482,-1.46396,fluid
2517,25.5958,0.576509,,1000.13,-80.7599,2002.71,,-1.65686,-0.042471,1.65741,,-4.50628,9.01654,-4.42805,-0.793464,fluid
2518,25.4112,0.54625,,1000.08,-81.3776,1190.13,,-1.74751,-0.0854464,1.7496,,-1.24933,12.2228,-1.2025,2.41277,fluid
2519,25.3611,0.562306,,1000.07,-82.4296,1170.16,,-1.7877,-0.0851799,1.78973,,0.156989,11.6913,0.203126,1.88127,fluid
2520,30.6545,0.771018,,1000.45,-0.988656,7035.9,,-1.06119,-0.570247,1.2047,,0.338484,9.46244,0.567904,-0.347559,fluid
2521,31.4173,0.898228,,1000.3,-16.7071,4679.85,,-0.681163,-0.944009,1.1641,,-3.3538,9.76333,-3.20489,-0.0466722,fluid
2522,23.79,1.18305,,1000.4,-50.5279,6232.58,,-1.14341,0.234487,1.16721,,2.86345,11.8668,3.12533,2.05682,fluid
2523,23.4524,1.69585,,1000.44,-12.4942,6905.43,,-0.114298,-0.620613,0.63105,,4.77843,11.5787,5.07275,1.76868,fluid
2524,15.848,3.15063,,1001.41,-232.088,22302.5,,-2.20963,4.3315,4.86254,,4.41503,8.72863,5.82031,-1.08137,fluid
2525,27.2412,0.627477,,1000.52,-80.2823,8243.88,,-1.95684,0.122441,1.96067,,1.09786,13.5385,1.40033,3.72848,fluid
2526,22.7936,1.61467,,1000.5,-37.8158,7921.65,,-1.15523,-0.299717,1.19348,,3.0376,9.41393,3.38496,-0.396067,fluid
2527,24.2838,1.98949,,999.976,33.208,0,,3.06939,-1.09739,3.25966,,3.61968,3.08523,3.61968,-6.72477,fluid
2528,26.398,0.401775,,1000.74,-75.6576,11605.5,,-1.98512,-0.0396205,1.98551,,-1.94032,8.73015,-1.50101,-1.07985,fluid
2529,24.2921,1.29301,,1000.38,-47.0793,6039.56,,-0.73599,-0.105947,0.743577,,0.512796,12.611,0.761323,2.80105,fluid
2530,17.9286,1.37705,,1002,-219.182,31649.3,,-3.68838,-2.49909,4.45528,,13.6809,11.2807,15.4427,1.47071,fluid
2531,20.5943,7.25327,,843.919,0,0,,3.99823,0.86831,4.09143,,0,0,0,-9.81,fluid
2532,26.3643,1.00854,,1000.49,-33.2142,7710.71,,0.0353141,-0.0340371,0.049047,,-0.284997,7.86067,0.00732788,-1.94933,fluid
2533,14.4583,2.75997,,1006.32,-330.496,101109,,-3.02842,2.84797,4.15719,,-5.96614,22.2047,0.983091,12.3947,fluid
2534,16.4821,0.762112,,1003.62,-169.143,57430.6,,-3.25608,-0.486596,3.29224,,-1.94723,10.4524,1.52463,0.642445,fluid
2535,23.0583,0.809653,,1001.45,-19.6567,22813.6,,-1.40162,0.1144,1.40628,,2.46108,9.78169,3.44903,-0.0283061,fluid
2536,21.3661,11.0306,,875.963,3.56351,0,,3.20126,4.39043,5.43359,,0.00313967,0.0018223,0.00313967,-9.80818,fluid
2537,27.0663,0.481151,,1000.59,-72.8133,9263.48,,-2.08435,-0.0437314,2.08481,,1.81816,9.17728,2.1602,-0.632722,fluid
2538,22.976,0.852101,,1001.47,-3.09735,23172,,-1.27194,-0.333884,1.31503,,2.11621,10.5297,3.12326,0.719738,fluid
2539,15.2424,0.957027,,1005.42,-57.9013,86481.8,,-5.14869,-0.0881609,5.14944,,0.687931,17.3649,6.3311,7.55492,fluid
2540,22.6233,1.11557,,1000.96,-55.8884,15184.1,,-1.5055,0.0407876,1.50605,,1.16861,8.57527,1.83913,-1.23473,fluid
2541,18.9354,0.671182,,1001.19,16.7263,18815.1,,0.779832,-0.785034,1.10653,,2.83936,18.4844,3.83182,8.67438,fluid
2542,23.2273,0.769629,,1001.72,-0.690785,27186.1,,-1.63619,-0.009029,1.63622,,2.19861,10.1727,3.36704,0.362671,fluid
2543,17.9273,0.893251,,1002.64,-31.7362,41732.7,,-0.443513,-1.89345,1.9447,,14.1953,9.05071,16.517,-0.759287,fluid
2544,30.0074,0.394645,,1000.26,-42.3069,4047.97,,-1.17693,-0.0712778,1.17909,,1.07226,10.1135,1.20713,0.303495,fluid
2545,19.456,0.57518,,1001.27,81.6362,19936.9,,1.66131,0.227205,1.67677,,-4.75255,15.2697,-3.72913,5.45971,fluid
2546,31.686,0.243933,,999.904,-43.2091,0,,-0.366345,-0.0404307,0.36857,,-0.400132,9.80915,-0.400132,-0.000852969,fluid
2547,31.8618,0.394808,,1000.17,-2.66913,2618.72,,0.00165216,-0.0848071,0.0848232,,-0.391517,9.83103,-0.309341,0.0210349,fluid
2548,31.2943,0.403033,,1000.25,-1.14375,3860.71,,-0.42101,-0.0825112,0.429019,,-1.07879,10.0594,-0.955449,0.249396,fluid
2549,21.8537,0.777139,,1000.6,-147.127,9403.08,,-1.88034,-0.0498414,1.881,,-1.40626,8.28188,-0.976246,-1.52812,fluid
2550,22.7177,0.391769,,1000.66,-105.68,10314.3,,-1.52797,-0.0616432,1.52921,,2.00193,10.4448,2.45565,0.634763,fluid
2551,22.6652,0.392255,,1000.69,-109.073,10789.3,,-1.63207,-0.0660262,1.6334,,0.842967,10.2736,1.31867,0.463637,fluid
2552,22.6228,0.390731,,1000.65,-116.963,10274,,-1.6562,-0.0681722,1.6576,,0.112354,10.1623,0.566201,0.352289,fluid
2553,22.3167,1.68337,,1000.3,-79.9818,4789.89,,-1.48164,-1.00855,1.79232,,-0.58201,9.19532,-0.367443,-0.614682,fluid
2554,28.3237,0.773142,,1000.59,-135.804,9198.97,,-4.34545,0.217083,4.35087,,3.71079,13.187,4.03538,3.37701,fluid
2555,15.534,3.67249,,1002.41,-147.756,38125,,-1.12304,3.63268,3.80231,,5.11918,5.47626,7.56757,-4.33374,fluid
2556,21.4774,2.52586,,999.354,-4.51879,0,,-2.38154,-1.00121,2.58344,,2.52224,5.50375,2.52224,-4.30625,fluid
2557,27.895,0.515462,,1000.43,-73.4622,6771.14,,-2.01626,-0.0526515,2.01695,,1.77425,9.41678,2.01688,-0.393217,fluid
2558,23.4502,0.625991,,1001.51,-38.6626,23764,,-1.16321,-0.0869093,1.16645,,1.56242,10.446,2.57427,0.635958,fluid
2559,22.5705,1.87291,,1000.25,-46.7615,3938.17,,-0.84414,-0.82875,1.18296,,2.37212,8.94567,2.54656,-0.864328,fluid
2560,16.1684,2.95781,,1002.15,-230.959,33954.6,,-2.24849,3.67028,4.30426,,11.2717,11.6735,13.3672,1.86355,fluid
2561,15.628,2.3634,,1003.05,-281.719,48370,,-4.00273,2.43645,4.68595,,3.7238,10.6348,6.80945,0.824779,fluid
2562,15.7072,1.72442,,1002.77,-365.696,43906.7,,-4.99952,0.726499,5.05203,,-1.31558,12.2954,1.47201,2.48544,fluid
2563,22.7045,1.03569,,1001.09,-47.8196,17191.4,,-1.59328,0.0438343,1.59389,,1.11938,8.75321,1.87573,-1.05679,fluid
2564,31.4711,0.967367,,1000.21,-26.5976,3373.49,,-0.477134,-0.910699,1.02812,,-2.51356,10.4466,-2.40639,0.636616,fluid
2565,30.046,1.0328,,1000.29,-65.7278,4543.51,,-1.34781,-0.235383,1.36821,,-1.13833,10.8067,-0.987151,0.996678,fluid
2566,30.0101,0.81087,,1000.47,-51.9899,7351.74,,-2.0322,-0.315989,2.05662,,0.200666,9.99804,0.445527,0.188042,fluid
2567,29.9498,0.778888,,1000.51,-40.3405,7967.55,,-1.81932,-0.236468,1.83462,,-0.152832,9.57768,0.113064,-0.232316,fluid
2568,29.4388,0.912917,,1000.49,-39.5284,7689.01,,-1.4074,-0.487973,1.48959,,0.0257271,13.1314,0.286786,3.32136,fluid
2569,28.1987,0.934659,,1000.61,-125.476,9559.46,,-4.17421,0.630937,4.22162,,4.66656,10.6304,5.00536,0.820409,fluid
2570,30.6737,1.01762,,1000.31,-50.5456,4794.68,,-1.26155,-0.575055,1.38643,,1.38866,11.4372,1.54493,1.62723,fluid
2571,29.8707,0.719703,,1000.59,-31.9483,9334.61,,-1.92567,-0.237978,1.94032,,0.125171,9.60219,0.437487,-0.207807,fluid
2572,27.2096,1.03852,,1002.25,63.952,35545.8,,-4.47098,0.835953,4.54846,,8.32337,21.053,9.62681,11.243,fluid
2573,26.6243,0.499703,,1000.41,-97.6953,6371.97,,-2.02367,-0.0197369,2.02377,,0.426259,8.7973,0.665492,-1.0127,fluid
2574,31.4489,0.824999,,1000.43,4.44144,6780.48,,-0.6787,-0.91207,1.13688,,-3.42381,8.36379,-3.2083,-1.44621,fluid
2575,31.3123,0.82025,,1000.5,8.23148,7791.31,,-0.965644,-0.948997,1.35391,,-3.69719,10.4049,-3.44849,0.594882,fluid
2576,31.4793,0.89283,,1000.29,-12.4166,4584.18,,-0.509069,-0.879551,1.01625,,-2.69808,9.23795,-2.55249,-0.572045,fluid
2577,24.59,0.847287,,1000.52,-90.7147,8155.66,,-1.50405,0.264558,1.52714,,3.86403,7.37551,4.19553,-2.43449,fluid
2578,24.2,0.895801,,1000.49,-89.1826,7662.6,,-1.42361,0.120391,1.42869,,1.89977,9.49572,2.21625,-0.314277,fluid
2579,22.6456,1.48545,,1000.7,-40.9044,11020.3,,-1.47817,-0.094598,1.48119,,1.45969,7.23792,1.94599,-2.57208,fluid
2580,25.6097,0.52549,,1000.16,-83.3612,2578.28,,-1.67244,-0.0662772,1.67375,,-4.34646,11.2175,-4.2458,1.40747,fluid
2581,25.7836,0.610952,,1000.25,-92.2313,3880.97,,-1.64382,0.165621,1.65214,,-3.35015,9.26307,-3.19966,-0.546926,fluid
2582,25.011,0.943981,,1000.13,-72.2873,1976.62,,-1.15049,0.480306,1.24672,,6.60275,4.56164,6.68178,-5.24836,fluid
2583,23.2912,1.38862,,1000.28,-53.8162,4338.35,,-1.15404,-0.222986,1.17539,,0.592524,7.63515,0.778738,-2.17485,fluid
2584,24.1392,0.871783,,1000.62,-81.4139,9722.99,,-1.51966,0.118464,1.52427,,0.910402,8.53334,1.31294,-1.27666,fluid
2585,25.1791,0.649765,,999.991,-93.2812,0,,-1.78652,-0.0214714,1.78665,,6.1603,8.15128,6.1603,-1.65872,fluid
2586,25.251,0.610188,,999.973,-95.4593,0,,-1.84418,-0.0563875,1.84504,,4.03348,9.62813,4.03348,-0.181873,fluid
2587,25.5755,0.516627,,1000.16,-81.5293,2457.85,,-1.69478,-0.0748833,1.69643,,-4.07977,12.027,-3.98368,2.21701,fluid
2588,25.7005,0.53907,,1000.22,-87.4852,3463.43,,-1.62869,-0.0410067,1.62921,,-4.00632,9.7505,-3.87159,-0.0595035,fluid
2589,24.0153,1.03394,,1000.37,-82.2191,5892.2,,-1.44917,-0.373755,1.49659,,0.45432,11.4759,0.699579,1.66587,fluid
2590,23.2951,1.74909,,1000.41,-21.9102,6389.53,,-0.441739,-0.421261,0.610405,,2.18528,12.037,2.45946,2.227,fluid
2591,28.1101,0.918957,,1000.48,-125.458,7473.51,,-3.82909,0.535659,3.86638,,2.33846,9.4268,2.6042,-0.383199,fluid
2592,26.7817,0.486041,,1000.46,-89.2038,7245.95,,-2.01002,-0.0293624,2.01023,,2.33755,8.73371,2.60798,-1.07629,fluid
2593,22.8916,1.5347,,1000.48,-40.3393,7481.04,,-1.21092,-0.43108,1.28537,,2.06069,8.9117,2.38733,-0.8983,fluid
2594,25.5378,1.66269,,1002.71,138.758,42894.5,,2.23232,-0.470853,2.28144,,-10.2299,18.6065,-8.55475,8.79648,fluid
2595,23.044,1.37666,,1000.13,-83.1343,2087.73,,-1.16896,-0.225325,1.19048,,1.75618,7.67635,1.84677,-2.13365,fluid
2596,17.3952,0.679515,,1003.52,-27.9786,55872.5,,-1.57206,-1.53347,2.19612,,11.1599,21.1362,14.3606,11.3262,fluid
2597,30.9977,0.633509,,1000.21,-20.1858,3319.39,,-0.806701,-0.460537,0.928903,,-0.579659,11.8742,-0.472597,2.06421,fluid
2598,21.0777,2.59082,,999.69,-36.4899,0,,-3.01226,-0.640422,3.07959,,1.2962,6.69968,1.2962,-3.11032,fluid
2599,18.7301,2.07653,,1001.06,-251.96,16615.8,,-7.08133,-2.09534,7.38483,,9.21388,-4.59809,10.1001,-14.4081,fluid
2600,26.1974,0.411776,,1001.04,-46.3166,16447,,-2.06235,-0.0408302,2.06275,,-2.0411,9.14416,-1.41395,-0.665842,fluid
2601,20.1556,2.31044,,1000.69,-227.53,10805.3,,-5.11535,1.70153,5.39092,,-6.05986,2.12324,-5.52413,-7.68676,fluid
2602,30.0914,11.8504,,652.805,0,0,,12.0597,3.16402,12.4679,,0,0,0,-9.81,fluid
2603,26.0417,0.348786,,1001.23,-19.5959,19410.6,,-1.62338,-0.04483,1.62399,,-1.33017,10.0482,-0.585717,0.238185,fluid
2604,20.5116,3.03714,,996.942,-393.206,0,,-3.87985,0.121647,3.88176,,0.0420804,1.08723,0.0420804,-8.72277,fluid
2605,15.3751,1.1947,,1003.52,-384.096,55788,,-5.86267,-0.11463,5.86379,,-7.84501,10.5008,-4.22928,0.690792,fluid
2606,22.9335,0.884938,,1001.4,-11.9435,22134.3,,-1.37235,-0.175915,1.38358,,1.59147,10.1609,2.55527,0.350932,fluid
2607,22.0435,2.20212,,999.979,0.184092,0,,-1.59701,-1.18961,1.99138,,1.99561,6.07472,1.99561,-3.73528,fluid
2608,17.8415,6.80182,,895.614,0,0,,4.95039,4.76093,6.86825,,0,0,0,-9.81,fluid
2609,29.6924,4.25181,,763.975,0,0,,8.10976,-5.68344,9.90302,,0,0,0,-9.81,fluid
2610,31.2061,0.365889,,1000.21,-1.03921,3291.07,,-0.321143,-0.0658572,0.327826,,-1.21523,9.99989,-1.10979,0.189885,fluid
2611,30.5344,0.336819,,1000.26,-16.8844,4132.45,,-0.858953,-0.0533957,0.860611,,1.07598,10.1377,1.21128,0.327739,fluid
2612,31.103,0.320107,,1000.16,-9.0127,2508.4,,-0.391962,-0.0500911,0.39515,,-0.829126,9.97577,-0.748491,0.165774,fluid
2613,31.3474,0.324284,,1000.22,1.41266,3472.75,,-0.250624,-0.0560987,0.256826,,-0.454833,9.86244,-0.344075,0.0524388,fluid
2614,31.8111,0.449711,,1000.22,2.69117,3514.4,,0.00221665,-0.117386,0.117407,,-0.45473,10.0564,-0.344277,0.246431,fluid
2615,31.722,0.810105,,1000.38,16.3743,6011.14,,0.0120685,-0.580595,0.58072,,-0.493128,7.67406,-0.303706,-2.13594,fluid
2616,16.8971,0.921624,,1004.07,-159.835,64632.8,,-3.64485,-0.557018,3.68717,,-4.55073,8.60704,-0.741139,-1.20296,fluid
2617,17.0176,4.03814,,999.806,-11.9468,0,,0.184449,0.680876,0.705418,,0.165545,0.669652,0.165545,-9.14035,fluid
2618,29.6357,0.520246,,1000.31,-63.4136,4798.1,,-1.67493,-0.132298,1.68015,,0.335032,10.5318,0.496885,0.721768,fluid
2619,30.241,0.90329,,1000.33,-47.7006,5136.64,,-1.34844,-0.433288,1.41635,,0.298302,9.37815,0.468104,-0.431849,fluid
2620,29.9781,1.0399,,1000.31,-68.225,4801.74,,-1.40833,-0.181179,1.41994,,-1.42496,11.3821,-1.26483,1.57211,fluid
2621,18.0163,2.07636,,1000.78,-330.764,12275.5,,-6.20221,-2.13095,6.55808,,7.43002,7.2775,8.11084,-2.5325,fluid
2622,16.8832,1.31649,,1002.94,-356.28,46541.2,,-4.716,-1.06787,4.83539,,-7.22122,16.3564,-4.47265,6.54642,fluid
2623,30.6674,0.738141,,1000.47,2.59851,7427.44,,-1.08617,-0.574896,1.22893,,0.357773,9.70374,0.599852,-0.10626,fluid
2624,30.6181,0.691565,,1000.43,-11.4001,6737.83,,-1.27313,-0.572999,1.39614,,0.334132,10.6145,0.554097,0.804495,fluid
2625,30.1237,1.08476,,1000.31,-72.2395,4884.36,,-1.76219,-0.37772,1.80222,,-0.455576,11.2923,-0.293483,1.48231,fluid
2626,31.0943,0.935709,,1000.33,-23.3619,5161.06,,-1.03599,-0.78549,1.30011,,-1.65474,12.2425,-1.48882,2.43246,fluid
2627,30.0337,0.800548,,1000.47,-43.0467,7418.11,,-1.8159,-0.30522,1.84138,,0.0295978,9.46359,0.276474,-0.346414,fluid
2628,29.0161,0.812403,,1000.5,-84.5966,7931.37,,-2.78431,-0.611701,2.85071,,0.608571,11.4325,0.881777,1.62245,fluid
2629,28.4572,0.814122,,1000.56,-135.529,8747.52,,-4.03583,-0.125127,4.03777,,1.39836,13.4349,1.70558,3.62495,fluid
2630,30.3012,1.16758,,1000.32,-60.1739,5065.13,,-1.53212,-0.512033,1.61542,,0.362719,10.6731,0.529824,0.8631,fluid
2631,26.5375,1.6632,,1005.95,214.866,95029.7,,-0.0896957,0.392481,0.4026,,4.43529,19.6506,7.99507,9.84056,fluid
2632,29.7625,0.819725,,1000.45,-46.1706,7055.23,,-1.47613,-0.0936543,1.47909,,-0.497198,10.8,-0.260254,0.990026,fluid
2633,27.1815,2.97025,,1009.58,3.3421,154710,,-0.932896,1.28001,1.58389,,0.48743,1.28452,6.12518,-8.52548,fluid
2634,29.1427,0.488458,,1000.22,-84.2455,3403.79,,-1.86288,-0.0965995,1.86538,,1.22493,10.4363,1.3417,0.626333,fluid
2635,27.9403,0.494247,,1000.39,-80.9214,6112.37,,-2.04368,-0.0577161,2.0445,,1.78784,9.53073,2.00652,-0.279267,fluid
2636,28.7505,0.449851,,1000.33,-78.079,5170.95,,-1.86251,-0.0737918,1.86397,,1.45272,10.0331,1.63252,0.223116,fluid
2637,30.4089,0.693455,,1000.43,-29.2239,6831.68,,-1.64918,-0.547251,1.73761,,0.571069,10.4691,0.795632,0.659105,fluid
2638,29.5019,0.470088,,1000.21,-74.7316,3284.26,,-1.64811,-0.0918972,1.65067,,0.300971,10.4077,0.412272,0.597685,fluid
2639,26.4758,0.549799,,1000.29,-118.276,4482.04,,-2.12026,0.00641901,2.12027,,-0.736014,9.76193,-0.566775,-0.0480705,fluid
2640,26.2812,0.684119,,999.958,-158.005,0,,-2.05238,0.275652,2.07081,,0.113706,8.15494,0.113706,-1.65506,fluid
2641,26.7174,0.50775,,1000.41,-95.2544,6391.85,,-2.00935,-0.022296,2.00947,,1.47221,9.31479,1.71135,-0.495212,fluid
2642,25.0326,0.704839,,1000.05,-95.9736,808.289,,-1.67827,0.184754,1.68841,,8.88504,8.2997,8.91733,-1.5103,fluid
2643,23.9344,1.05466,,1000.49,-56.2325,7687.71,,-1.26327,-0.0771936,1.26563,,0.48011,11.2314,0.801153,1.42142,fluid
2644,24.7921,0.842096,,1000.39,-82.3371,6125.61,,-1.49398,0.409423,1.54907,,6.5144,7.55733,6.76139,-2.25267,fluid
2645,24.6267,1.05941,,1000.6,-31.2463,9404.86,,-0.855868,0.331205,0.917719,,4.70411,10.7886,5.08578,0.97865,fluid
2646,23.8159,1.20929,,999.927,-108.409,0,,-1.03696,0.358936,1.09732,,1.89557,9.74682,1.89557,-0.063184,fluid
2647,22.7247,1.42506,,1000.58,-50.1667,9105.46,,-1.27685,-0.580268,1.40251,,1.85731,7.78503,2.25777,-2.02497,fluid
2648,25.1581,0.980926,,1000.07,-57.2359,1049.93,,-0.962913,0.252687,0.995516,,3.64727,2.46136,3.689,-7.34864,fluid
2649,23.1443,1.33712,,999.943,-111.211,0,,-1.29825,-0.246111,1.32137,,1.664,8.12534,1.664,-1.68466,fluid
2650,23.3059,1.36098,,1000.28,-53.2055,4363.19,,-1.11465,-0.289288,1.15158,,0.690413,7.37104,0.877575,-2.43896,fluid
2651,25.0372,0.667906,,1000.05,-96.3812,835.35,,-1.69094,0.104205,1.69415,,9.06691,9.22168,9.10027,-0.588318,fluid
2652,25.1645,0.652049,,999.995,-92.977,0,,-1.77003,-0.0150389,1.77009,,6.61235,8.17054,6.61235,-1.63946,fluid
2653,25.3929,0.550013,,1000.07,-81.7359,1157.2,,-1.75985,-0.0859122,1.76195,,-0.744479,12.166,-0.698911,2.35605,fluid
2654,26.4834,0.528617,,1000.34,-111.23,5302.11,,-2.09118,0.00195451,2.09118,,-0.895091,8.98034,-0.694953,-0.829665,fluid
2655,25.1772,0.618949,,999.996,-92.0185,0,,-1.75213,-0.0392802,1.75257,,6.50378,9.78268,6.50378,-0.0273221,fluid
2656,24.7574,1.10154,,1000.39,-40.1211,6170.79,,-0.595872,0.49303,0.773396,,5.60989,10.3673,5.85904,0.557294,fluid
2657,21.6569,2.54223,,999.238,65.4414,0,,-2.20818,-1.1344,2.48252,,1.61088,3.86106,1.61088,-5.94894,fluid
2658,26.5894,0.510501,,1000.38,-100.744,6025.3,,-2.02854,-0.0147178,2.0286,,-0.0235307,9.03226,0.202988,-0.777736,fluid
2659,24.3307,1.34567,,1000.38,-25.1671,5959.73,,-0.190733,-0.105115,0.217781,,1.1836,13.901,1.42846,4.09096,fluid
2660,22.2872,2.08286,,1000.17,-21.1073,2691.09,,-1.00647,-1.27097,1.62121,,-0.0261172,8.27269,0.0946082,-1.53731,fluid
2661,27.7683,0.807912,,1000.32,-102.934,4968.07,,-2.9085,0.230475,2.91762,,-0.66791,11.2449,-0.489055,1.43495,fluid
2662,13.7519,1.5785,,1014.47,-307.427,237236,,-4.78261,0.577638,4.81736,,-35.6584,14.7339,-18.6533,4.9239,fluid
2663,23.8619,0.78434,,1001,-96.8274,15775.3,,-2.17638,0.275253,2.19371,,0.355177,8.23003,1.01562,-1.57997,fluid
2664,24.1031,1.79539,,1000.88,55.7044,13785.5,,1.37248,-0.616629,1.50464,,2.40782,10.58,2.97926,0.770047,fluid
2665,12.9911,1.91316,,1021.96,-276.766,368301,,-3.61371,3.74148,5.20169,,10.4635,27.5496,38.2046,17.7396,fluid
2666,30.3292,0.527775,,999.997,-77.1544,0,,-1.39528,-0.161478,1.4046,,1.25809,10.3214,1.25809,0.511385,fluid
2667,20.6954,14.2251,,867.901,18.1462,0,,4.48074,10.6856,11.587,,0.00670455,0.0275613,0.00670455,-9.78244,fluid
2668,23.6977,0.985341,,1000.98,-26.2679,15488.1,,-1.52932,0.0427909,1.52992,,1.44886,6.85466,2.10179,-2.95534,fluid
2669,22.4534,0.411321,,1000.61,-137.296,9576.98,,-1.69696,-0.0715331,1.69847,,-1.27841,9.49889,-0.852144,-0.311109,fluid
2670,23.0329,0.313033,,1000.89,-73.2632,13933.1,,-1.45311,-0.0452759,1.45382,,3.62524,10.6476,4.22962,0.837609,fluid
2671,23.392,0.351495,,1001.32,-67.9398,20775.9,,-1.36294,-0.0290727,1.36325,,1.65939,10.4134,2.54639,0.60343,fluid
2672,28.9675,0.380795,,1000.3,-61.7098,4677,,-1.3795,-0.0580276,1.38072,,1.08645,10.1561,1.24786,0.346134,fluid
2673,18.7249,0.486015,,1000.36,42.1902,5701.86,,2.20494,-0.197943,2.2138,,0.356299,12.0977,0.660696,2.28773,fluid
2674,30.2631,0.336644,,1000.26,-28.6143,4065.65,,-0.954793,-0.0532216,0.956275,,0.651043,10.1725,0.785352,0.36253,fluid
2675,29.3697,0.334774,,1000.34,-51.9502,5301.26,,-1.44696,-0.0452241,1.44767,,0.758154,10.1499,0.938595,0.33987,fluid
2676,31.855,0.446359,,1000.22,2.03937,3444.71,,0.0039651,-0.112044,0.112115,,-0.434647,10.0237,-0.326533,0.213699,fluid
2677,31.6709,0.56609,,1000.31,4.91949,4942.36,,-0.149834,-0.26116,0.301089,,-1.39118,10.5179,-1.23517,0.707928,fluid
2678,18.5493,0.528879,,1001.36,156.183,21508.6,,1.36876,-0.31367,1.40425,,5.6532,14.015,6.81116,4.20503,fluid
2679,18.7934,12.6079,,885.731,0,0,,5.01121,12.7456,13.6953,,0,0,0,-9.81,fluid
2680,20.2992,1.60203,,1000.24,-294.977,3723.7,,-4.01249,2.17224,4.56276,,-5.13556,-0.891248,-4.95216,-10.7012,fluid
2681,31.1674,1.03994,,1000.3,-32.5458,4701.64,,-0.945423,-0.926852,1.32396,,-2.27174,12.7917,-2.12094,2.98173,fluid
2682,28.7715,0.877009,,1000.58,-106.626,9157.08,,-3.3972,-0.539554,3.43978,,-1.64532,12.7708,-1.32723,2.96077,fluid
2683,28.848,1.01738,,1000.54,-88.9049,8436.25,,-2.59877,-0.670343,2.68383,,-0.033599,13.0884,0.258682,3.2784,fluid
2684,28.8196,1.0512,,1000.57,-86.5586,8898.74,,-2.6071,-0.658739,2.68903,,-0.472563,13.4576,-0.163964,3.64758,fluid
2685,28.1657,0.468056,,1000.35,-88.1534,5457.51,,-2.0523,-0.0522334,2.05297,,1.15384,9.67067,1.34754,-0.139335,fluid
2686,30.2851,0.445126,,1000.15,-46.5473,2306.3,,-1.0628,-0.0911362,1.0667,,0.819923,10.185,0.896065,0.375019,fluid
2687,31.6036,1.08673,,1000.18,-25.8609,2903.02,,-0.203204,-0.890034,0.912936,,-1.26282,11.3302,-1.17098,1.52023,fluid
2688,26.9159,2.27141,,992.932,-444.513,0,,-0.927116,1.98644,2.19215,,-1.21677,6.10706,-1.21677,-3.70294,fluid
2689,29.5813,0.47074,,1000.26,-69.2773,4009.04,,-1.67578,-0.0960552,1.67853,,0.52725,10.3804,0.662741,0.570391,fluid
2690,24.9532,1.33397,,1000.3,-35.2075,4641.63,,-0.634752,0.373799,0.736638,,4.45311,10.9113,4.63907,1.10132,fluid
2691,29.3331,0.455939,,1000.17,-85.6125,2718.58,,-1.80473,-0.0786974,1.80645,,0.669305,10.3241,0.761969,0.514119,fluid
2692,30.5335,0.455977,,1000.1,-45.5244,1515.14,,-1.08522,-0.0994541,1.08977,,0.988212,10.2548,1.03783,0.444806,fluid
2693,26.2221,0.80288,,1000.42,-102.034,6618.5,,-2.17544,0.12527,2.17904,,-0.26404,11.2549,-0.0117448,1.44488,fluid
2694,25.9141,0.743532,,1000.27,-120.002,4283.66,,-2.05794,0.410547,2.09849,,-2.50495,9.51905,-2.33969,-0.29095,fluid
2695,30.9251,0.493893,,999.944,-49.8383,0,,-0.819188,-0.140218,0.831101,,-0.204449,10.5746,-0.204449,0.764647,fluid
2696,30.1771,0.50199,,1000.1,-68.4144,1516.51,,-1.40115,-0.129343,1.40711,,1.46209,10.2766,1.51234,0.466612,fluid
2697,27.9098,0.461985,,1000.38,-82.4487,5909.91,,-2.00856,-0.0623164,2.00953,,1.62574,9.61274,1.83741,-0.197256,fluid
2698,28.6171,0.466455,,1000.42,-73.7884,6654.13,,-2.06927,-0.0673358,2.07037,,0.964028,9.92839,1.19645,0.118386,fluid
2699,28.8763,0.499941,,1000.27,-88.1428,4164.75,,-1.95741,-0.095772,1.95976,,1.33306,10.169,1.47724,0.359,fluid
2700,29.2951,0.52939,,1000.14,-100.348,2163.29,,-2.04777,-0.134251,2.05216,,0.787684,10.9091,0.861518,1.09911,fluid
2701,28.8712,0.514283,,1000.27,-89.9613,4194.46,,-2.00896,-0.10146,2.01152,,1.30143,10.172,1.44667,0.362048,fluid
2702,27.7454,0.494015,,1000.54,-60.2064,8529.97,,-2.01847,-0.0583114,2.01932,,2.08508,9.4443,2.39235,-0.365701,fluid
2703,27.4378,0.527091,,1000.73,-50.9863,11444,,-2.28739,0.0495316,2.28793,,1.30989,8.49313,1.72667,-1.31687,fluid
2704,27.7387,0.484237,,1000.52,-61.9694,8243.91,,-1.98482,-0.0630753,1.98582,,2.03901,9.49274,2.33606,-0.317256,fluid
2705,27.1455,0.514305,,1000.56,-70.0966,8839.59,,-1.94723,-0.0400227,1.94764,,1.36703,9.92469,1.69249,0.114691,fluid
2706,26.7747,0.502998,,1000.43,-91.9064,6812.5,,-2.00988,-0.0254105,2.01004,,2.14958,9.29154,2.40391,-0.518455,fluid
2707,26.6651,0.516022,,1000.38,-98.8864,5976.94,,-2.01196,-0.0179691,2.01204,,0.817801,9.45924,1.04186,-0.350755,fluid
2708,25.9299,0.666137,,1000.25,-116.082,3892.37,,-1.84718,0.492634,1.91174,,-3.15031,9.93798,-3.00024,0.127983,fluid
2709,27.9554,0.800659,,1000.33,-104.217,5128.01,,-2.85844,0.179192,2.86405,,-0.0650231,9.40204,0.118353,-0.407961,fluid
2710,31.0947,0.733821,,1000.5,17.9177,7882.99,,-0.830861,-0.628949,1.04207,,-1.19073,10.884,-0.937338,1.07397,fluid
2711,24.4388,0.86768,,1000.42,-108.89,6575.88,,-1.50838,0.127925,1.51379,,2.59215,8.68739,2.86111,-1.12261,fluid
2712,23.9652,1.0301,,1000.55,-48.2715,8598.86,,-1.15585,0.141776,1.16451,,-0.0269624,10.7608,0.331647,0.950793,fluid
2713,22.7473,1.41018,,1000.57,-48.5851,8967.35,,-1.22428,-0.613115,1.36923,,1.94215,7.79032,2.33614,-2.01968,fluid
2714,25.2122,0.846282,,1000.01,-66.7062,165.521,,-1.39742,0.203257,1.41213,,3.08196,2.49223,3.08852,-7.31777,fluid
2715,25.0888,0.920549,,1000.09,-70.312,1363.89,,-1.2393,0.367798,1.29272,,5.65923,3.73452,5.71359,-6.07548,fluid
2716,23.3143,1.37709,,1000.3,-47.4274,4761.92,,-1.08397,-0.243929,1.11108,,0.9896,7.65513,1.19379,-2.15487,fluid
2717,24.0662,0.901021,,1000.61,-77.5611,9633.01,,-1.5338,0.137414,1.53995,,-0.142021,8.88432,0.258006,-0.925681,fluid
2718,25.1833,0.650016,,999.989,-93.4505,0,,-1.79288,-0.0225728,1.79303,,6.0257,8.10297,6.0257,-1.70703,fluid
2719,25.3755,0.556562,,1000.07,-81.9373,1172.08,,-1.77293,-0.0858592,1.775,,-0.252267,11.9223,-0.206081,2.1123,fluid
2720,31.4626,0.881238,,1000.31,-10.8457,4928.24,,-0.577626,-0.897675,1.06746,,-2.97298,9.13605,-2.81639,-0.673954,fluid
2721,25.3613,0.559318,,1000.07,-82.956,1039.96,,-1.78026,-0.0847369,1.78227,,0.149635,11.8791,0.190638,2.06913,fluid
2722,24.5054,1.08008,,1000.69,-19.4013,10813,,-0.81278,0.0311163,0.813375,,2.56686,11.504,3.0078,1.69404,fluid
2723,18.2751,2.2863,,1000.14,-233.153,2203.63,,-6.07845,-2.24243,6.47889,,4.57425,5.97507,4.69481,-3.83493,fluid
2724,30.9444,0.848201,,1000.37,-13.8429,5825.45,,-1.15035,-0.606145,1.30027,,-0.144667,10.8208,0.0435178,1.01082,fluid
2725,24.545,1.27852,,1000.43,-19.3676,6816.66,,-0.143669,0.148594,0.20669,,4.68097,14.9418,4.95857,5.13179,fluid
2726,14.8095,4.30554,,998.905,4.30647,0,,1.74042,4.40147,4.73307,,-8.07852,5.35987,-8.07852,-4.45013,fluid
2727,23.9326,1.46779,,1000.48,18.2118,7615.16,,0.0150312,-0.45996,0.460206,,0.945134,13.8523,1.26317,4.04226,fluid
2728,14.9304,1.73772,,1005.19,-259.359,82813.8,,-3.85229,2.0061,4.34334,,-5.0316,6.61926,0.486396,-3.19074,fluid
2729,27.1659,1.55703,,1002.4,-217.363,37975.7,,-2.15734,1.8938,2.87064,,-3.82319,6.08927,-2.42862,-3.72073,fluid
2730,13.3235,1.24661,,1006.64,-650.616,106331,,-7.85734,1.05143,7.92738,,-17.0115,9.75608,-9.08348,-0.0539153,fluid
2731,19.942,2.85463,,998.922,-170.674,0,,-4.97386,-0.591744,5.00893,,-0.457155,3.5114,-0.457155,-6.2986,fluid
2732,12.1897,1.25084,,1020.78,-115.164,347165,,-2.55699,2.43541,3.5312,,10.1361,-4.82094,38.0367,-14.6309,fluid
2733,28.3243,0.402777,,1000.45,-67.1702,7081.63,,-1.81514,-0.0484052,1.81578,,0.84372,9.80367,1.09363,-0.00632567,fluid
2734,18.4768,2.33693,,999.595,-242.306,0,,-6.91745,-1.63369,7.10774,,2.7867,4.62101,2.7867,-5.18899,fluid
2735,14.0624,1.59316,,1012.28,-351.989,200009,,-4.29506,0.916277,4.39171,,5.20147,21.6813,19.2519,11.8713,fluid
2736,23.8835,3.2082,,903.269,-11.5569,0,,8.64075,-3.51101,9.32683,,0,0,0,-9.81,fluid
2737,22.4371,0.455373,,1000.55,-144.453,8641.85,,-1.74475,-0.0680816,1.74608,,-0.985114,9.20173,-0.600167,-0.60827,fluid
2738,29.9312,0.318739,,1000.29,-37.35,4484.32,,-1.109,-0.0505247,1.11015,,1.06632,10.081,1.2161,0.270997,fluid
2739,30.8079,0.37642,,1000.06,-39.4369,875.464,,-0.928138,-0.0611131,0.930148,,0.570352,10.1693,0.598767,0.359349,fluid
2740,30.8355,0.733439,,1000.47,3.87848,7327.56,,-1.13731,-0.560737,1.26803,,0.0777485,10.027,0.315272,0.216981,fluid
2741,22.2322,0.619486,,1000.71,-115.224,11202.9,,-1.59535,-0.0911629,1.59795,,-1.87669,9.24924,-1.37314,-0.560762,fluid
2742,12.566,1.62473,,1029.37,-105.915,503701,,-4.76516,3.445,5.88003,,-14.9233,37.8726,24.0172,28.0626,fluid
2743,21.8301,0.962886,,1000.66,-142.758,10347.6,,-2.24699,-0.256066,2.26153,,-1.06776,10.5397,-0.594065,0.729699,fluid
2744,22.7934,0.401413,,1000.63,-105.379,9897.19,,-1.46926,-0.0540825,1.47026,,3.33557,10.7715,3.76951,0.961481,fluid
2745,22.1991,0.640741,,1000.72,-112.029,11357.3,,-1.57226,-0.0891701,1.57479,,-1.90188,9.21268,-1.39064,-0.597316,fluid
2746,31.3344,0.89323,,1000.34,-15.5788,5304.73,,-0.876443,-0.978004,1.31326,,-3.63208,10.657,-3.46285,0.847018,fluid
2747,30.9443,0.913789,,1000.32,-27.8891,5059.94,,-1.15827,-0.636444,1.32161,,-0.148997,11.6405,0.0144683,1.83051,fluid
2748,29.4827,0.424677,,1000.22,-68.8976,3525.24,,-1.54747,-0.0701375,1.54906,,0.501421,10.2102,0.620964,0.400235,fluid
2749,26.9169,1.2584,,999.95,-354.675,0,,-3.52654,2.47749,4.30981,,-0.0316421,-0.115398,-0.0316421,-9.9254,fluid
2750,30.4012,1.19283,,1000.32,-39.9119,5036.47,,-0.835117,-0.641379,1.05299,,0.836635,10.2816,1.00225,0.471636,fluid
2751,28.1123,1.7219,,1000.96,-79.6648,15095.5,,-0.731252,0.660192,0.985181,,0.896961,4.61895,1.43342,-5.19105,fluid
2752,25.6098,1.1893,,1001.23,-4.26322,19415.9,,-0.404559,-0.37495,0.551594,,-3.38032,12.6669,-2.62311,2.85692,fluid
2753,26.5992,0.963863,,1000.72,-60.4836,11345.8,,-1.87629,-0.0448015,1.87682,,1.32666,10.8849,1.7529,1.07489,fluid
2754,26.7491,1.14089,,1001.05,39.0559,16550.3,,0.37067,0.426431,0.565013,,-2.16857,10.6286,-1.5505,0.818565,fluid
2755,28.175,1.97921,,1000.84,-103.673,13143.6,,-1.61224,0.470062,1.67936,,2.5922,7.67382,3.05831,-2.13618,fluid
2756,29.3074,1.25371,,1000.76,121.554,11948.7,,-0.203797,-1.29988,1.31576,,1.55427,14.6744,1.96166,4.86442,fluid
2757,27.3425,1.74773,,1003.4,-111.712,53861.7,,-1.04953,2.09701,2.34499,,6.16177,13.9718,8.12499,4.16177,fluid
2758,29.1022,2.41667,,997.954,1.38599,0,,-1.15881,-1.88194,2.2101,,2.82497e-05,0.000948977,2.82497e-05,-9.80905,fluid
2759,27.7257,1.56077,,1001.06,13.9058,16753.2,,-0.0747737,1.05696,1.0596,,2.42663,5.30855,3.03023,-4.50145,fluid
2760,28.0989,2.14265,,1001.33,-26.9304,20908.7,,-2.39065,0.250104,2.4037,,-0.816298,10.2932,-0.0731737,0.483182,fluid
2761,28.1678,0.654441,,1000.29,-109.344,4481.13,,-2.45155,-0.0537245,2.45214,,1.16298,9.10679,1.32202,-0.703205,fluid
2762,29.2547,0.427249,,1000.25,-73.8126,3856.15,,-1.72788,-0.066836,1.72917,,0.751936,10.1812,0.883716,0.371242,fluid
2763,29.5109,0.854415,,1000.53,-32.5257,8294.63,,-1.39894,-0.350859,1.44226,,-0.458085,12.6069,-0.177164,2.79688,fluid
2764,25.2453,1.18514,,1000.32,-47.6683,5058.15,,-1.27521,0.494008,1.36755,,3.5433,6.46122,3.7436,-3.34878,fluid
2765,28.639,0.465665,,1000.41,-73.9252,6518.81,,-2.04618,-0.0692393,2.04735,,1.10771,9.93919,1.33523,0.129186,fluid
2766,29.6843,0.509354,,1000.29,-67.8512,4530.56,,-1.76087,-0.126488,1.7654,,0.807263,10.4725,0.959843,0.662519,fluid
2767,28.7721,0.519181,,1000.32,-90.6474,4989.37,,-2.18036,-0.0929847,2.18234,,1.40882,10.1571,1.58218,0.347135,fluid
2768,27.666,0.496378,,1000.61,-56.0367,9564.23,,-2.10061,-0.0522178,2.10126,,1.54071,9.36927,1.8862,-0.440732,fluid
2769,27.3229,0.583867,,1000.56,-74.0336,8864.69,,-2.12744,0.166758,2.13397,,1.65511,11.3572,1.97937,1.54722,fluid
2770,28.1204,0.486279,,1000.34,-89.6907,5386.3,,-2.09155,-0.0534595,2.09224,,1.36213,9.61112,1.55361,-0.198883,fluid
2771,27.1077,0.512229,,1000.57,-72.6668,8907.71,,-2.02282,-0.0377052,2.02317,,1.34221,9.90977,1.67063,0.0997732,fluid
2772,26.9122,0.505496,,1000.56,-78.2252,8749.15,,-2.08842,-0.0266011,2.08859,,2.71568,9.62031,3.0406,-0.189687,fluid
2773,26.759,0.504206,,1000.42,-92.9159,6676.52,,-2.00837,-0.0247037,2.00852,,1.97505,9.29638,2.22445,-0.513625,fluid
2774,24.7409,0.825094,,1000.47,-81.7824,7392.03,,-1.51229,0.396014,1.56328,,5.86745,7.41968,6.16609,-2.39032,fluid
2775,27.5784,0.492172,,1000.64,-55.9611,10137.2,,-2.15951,-0.0495872,2.16008,,0.995368,9.32944,1.36271,-0.480562,fluid
2776,24.567,0.878297,,1000.46,-95.5959,7186.82,,-1.49091,0.200472,1.50433,,3.69833,7.7228,3.99073,-2.0872,fluid
2777,24.1152,0.968036,,1000.2,-117.589,3174.39,,-1.51576,-0.186122,1.52715,,1.19713,11.2451,1.32873,1.43505,fluid
2778,22.6656,1.51837,,1000.7,-30.7246,10994.1,,-1.33703,-0.238835,1.3582,,1.78686,8.13092,2.27158,-1.67908,fluid
2779,25.0091,0.736219,,1000.06,-96.7768,973.271,,-1.64469,0.297853,1.67144,,8.91023,7.75362,8.94914,-2.05638,fluid
2780,25.6767,0.56806,,1000.18,-85.0964,2897.13,,-1.63251,-0.0293864,1.63278,,-4.25869,8.97599,-4.14588,-0.834011,fluid
2781,23.2359,1.38824,,1000.13,-80.1252,2020.26,,-1.28453,-0.250991,1.30882,,0.322689,7.15749,0.409624,-2.65251,fluid
2782,23.4242,1.40171,,1000.29,-42.3741,4492.78,,-0.930176,-0.129175,0.939102,,3.35036,8.5842,3.54211,-1.2258,fluid
2783,25.4057,0.550779,,1000.08,-81.0579,1206.39,,-1.74514,-0.0851987,1.74722,,-1.10919,11.9967,-1.06171,2.18672,fluid
2784,25.2277,0.631609,,999.976,-95.2748,0,,-1.84379,-0.0439399,1.84431,,4.7165,8.64589,4.7165,-1.16411,fluid
2785,26.679,0.495923,,1000.42,-94.8818,6562.44,,-2.00986,-0.0233915,2.01,,1.08503,8.80346,1.3309,-1.00654,fluid
2786,29.8263,0.566935,,1000.29,-75.0442,4482.48,,-1.98207,-0.190668,1.99122,,1.36232,10.6152,1.51257,0.805175,fluid
2787,24.2002,0.900699,,1000.46,-92.1188,7193.64,,-1.42398,0.109627,1.42819,,1.89605,9.70197,2.19317,-0.108032,fluid
2788,27.4043,0.458214,,1000.69,-57.4327,10921.5,,-2.19587,-0.0613124,2.19673,,1.3385,9.33483,1.73675,-0.475167,fluid
2789,16.2433,1.9575,,1003.58,-299.959,56866.3,,-4.96396,0.732318,5.01769,,-1.12744,14.8671,2.36097,5.0571,fluid
2790,24.2851,0.902678,,1000.22,-126.835,3487.81,,-1.47756,-0.0455932,1.47827,,2.39011,10.4939,2.5337,0.683914,fluid
2791,19.8699,1.21309,,1000.95,-87.8538,14996.6,,-2.07344,1.16242,2.37705,,-7.43515,9.68764,-6.68113,-0.122355,fluid
2792,21.3521,2.47196,,999.437,-64.5515,0,,-2.47503,-0.73178,2.58094,,2.91363,7.64462,2.91363,-2.16538,fluid
2793,19.6611,2.90403,,998.664,-151.502,0,,-5.34829,-1.13854,5.46814,,-0.573706,2.14146,-0.573706,-7.66854,fluid
2794,27.9784,0.453971,,1000.37,-83.4658,5767.98,,-1.99555,-0.0587338,1.99641,,1.50591,9.64897,1.71199,-0.161033,fluid
2795,13.9601,2.94315,,1008.07,-348.516,129743,,-3.61033,3.26059,4.86477,,-12.372,15.304,-3.15258,5.49396,fluid
2796,13.3543,2.53613,,1025.49,-150.266,432029,,-3.51963,5.58009,6.59737,,-28.3625,18.9905,3.1847,9.18045,fluid
2797,18.4423,0.409956,,999.662,66.2301,0,,4.02762,-0.128506,4.02967,,3.45327,11.6579,3.45327,1.8479,fluid
2798,20.1973,1.30783,,1001.35,29.8695,21314.7,,-1.69134,2.55689,3.06567,,-13.6967,7.01198,-12.6428,-2.79802,fluid
2799,22.8164,1.1411,,1000.78,-91.8445,12243.3,,-2.10581,0.0833396,2.10746,,1.97536,8.25111,2.51154,-1.55889,fluid
2800,20.2297,1.62934,,1000.61,-235.875,9653.65,,-3.72103,2.77346,4.64092,,-8.27518,-1.18847,-7.79827,-10.9985,fluid
2801,31.5793,0.236361,,1000.01,-31.7059,129.273,,-0.460557,-0.0386416,0.462176,,0.169122,9.95355,0.173216,0.143547,fluid
2802,31.9219,0.398742,,1000.17,-2.37123,2715.43,,0.00234086,-0.0837646,0.0837973,,-0.365596,9.8295,-0.280546,0.0195026,fluid
2803,31.1488,0.509085,,1000.09,-29.4467,1385.85,,-0.680094,-0.159145,0.698466,,-1.03647,10.5511,-0.991986,0.741101,fluid
2804,21.9713,0.701371,,1000.67,-127.309,10603.6,,-1.68448,-0.096156,1.68723,,-1.23116,7.59045,-0.748872,-2.21955,fluid
2805,28.5985,0.422096,,1000.46,-61.3528,7185.18,,-1.81231,-0.0629118,1.81341,,0.937277,9.88119,1.18841,0.0711939,fluid
2806,31.1003,0.609313,,1000.12,-26.9006,1856.36,,-0.630855,-0.396099,0.744898,,-1.11471,12.0041,-1.05503,2.19407,fluid
2807,21.9197,2.49569,,998.469,-25.2965,0,,-1.39295,-1.10656,1.77899,,0.808374,2.81626,0.808374,-6.99374,fluid
2808,13.8119,2.35851,,1017.78,-195.163,294441,,-3.80467,3.7303,5.32829,,-11.1269,-11.9792,9.81852,-21.7892,fluid
2809,30.8819,0.762169,,1000.46,4.61788,7175.08,,-1.08596,-0.565684,1.22446,,0.015238,10.0137,0.247471,0.203685,fluid
2810,28.8165,0.907204,,1000.58,-98.1509,9123,,-3.15772,-0.580003,3.21054,,-0.888496,12.8581,-0.572089,3.04809,fluid
2811,31.5865,1.06047,,1000.18,-25.8352,2869.22,,-0.195812,-0.879692,0.901221,,-1.29467,11.2185,-1.20385,1.40855,fluid
2812,27.6886,1.14188,,999.818,-222.829,0,,-4.34235,-0.316153,4.35385,,2.0505,0.57896,2.0505,-9.23104,fluid
2813,26.4464,2.00209,,1006.19,35.2955,99019.1,,-4.01081,0.48385,4.03989,,5.24192,15.7182,8.96302,5.90816,fluid
2814,28.4825,1.1779,,1001.01,-40.6348,15976.1,,-2.41335,-0.309549,2.43313,,3.05907,11.8292,3.61941,2.01915,fluid
2815,26.2091,1.01471,,1000.6,-45.0368,9493.67,,-0.626144,0.216105,0.662388,,-0.68123,8.71946,-0.319221,-1.09054,fluid
2816,27.9459,0.862849,,1000.34,-96.1836,5384.61,,-2.82024,0.213358,2.8283,,-0.838573,9.14408,-0.64596,-0.665921,fluid
2817,27.3409,0.862466,,1000.78,-46.9521,12299.1,,-1.9806,0.397118,2.02002,,2.04687,17.7453,2.49636,7.9353,fluid
2818,27.941,1.13933,,1000.39,-113.56,6109.83,,-3.54511,0.392092,3.56673,,-1.07702,5.56292,-0.858435,-4.24708,fluid
2819,27.7286,1.0069,,999.439,-274.831,0,,-4.41129,-0.122768,4.413,,1.00011,4.21986,1.00011,-5.59014,fluid
2820,29.7943,0.849216,,1000.4,-59.4197,6308.54,,-1.61728,-0.0973055,1.62021,,-0.232628,11.0859,-0.020977,1.2759,fluid
2821,26.0386,0.891384,,1000.52,-80.3969,8237.07,,-1.66294,0.212328,1.67644,,-2.2309,9.98285,-1.91472,0.17285,fluid
2822,27.1406,1.61146,,1002.76,-257.482,43740.6,,-3.37408,1.76657,3.80857,,-7.82198,11.3083,-6.21479,1.49835,fluid
2823,28.303,1.69351,,1001.12,-52.3401,17631.4,,-1.08703,-0.796432,1.34757,,9.81855,3.86799,10.4408,-5.94201,fluid
2824,26.9118,1.14667,,1000.81,-174.285,12704.3,,-3.85743,2.06543,4.37559,,5.68336,6.58938,6.15505,-3.22062,fluid
2825,26.7443,1.09603,,1000.85,-13.7584,13412.4,,-0.460839,0.281768,0.540154,,-0.764479,8.23463,-0.263401,-1.57537,fluid
2826,26.5164,1.12116,,1001.02,22.6299,16100,,-0.223344,0.107626,0.247923,,-0.600376,12.2039,0.00617313,2.39386,fluid
2827,26.9253,1.00293,,1000.38,-96.4238,5983.38,,-0.928231,0.0569326,0.929975,,0.821252,4.82864,1.04339,-4.98136,fluid
2828,28.7835,1.23023,,1000.72,-18.034,11378.4,,-1.94753,-0.746978,2.08587,,0.416625,13.4246,0.81165,3.61457,fluid
2829,26.2522,2.53975,,998.687,48.1734,0,,-1.84625,0.591597,1.93872,,-0.705662,4.66654,-0.705662,-5.14346,fluid
2830,25.8622,0.832766,,1000.37,-116.204,5890.7,,-2.22131,0.329744,2.24566,,-2.13338,9.43445,-1.90569,-0.375548,fluid
2831,29.4176,0.937948,,1000.48,-39.3305,7542.26,,-1.36038,-0.537756,1.46281,,0.123415,13.3969,0.379678,3.58689,fluid
2832,29.0565,0.448193,,1000.25,-74.2235,3957.21,,-1.65072,-0.07683,1.65251,,1.3042,10.2066,1.44035,0.396638,fluid
2833,28.9976,0.570893,,1000.26,-98.1361,4114.57,,-2.28557,-0.150057,2.29049,,1.63043,10.4856,1.77229,0.675642,fluid
2834,28.9963,0.544979,,1000.25,-93.422,3959.85,,-2.12726,-0.129586,2.1312,,1.50463,10.4283,1.64116,0.61833,fluid
2835,28.2873,0.498074,,1000.32,-92.4582,5063.28,,-2.09597,-0.052473,2.09663,,0.825037,9.72847,1.00397,-0.0815278,fluid
2836,27.1975,0.518716,,1000.58,-63.0869,9125.92,,-1.84593,-0.0402067,1.84637,,1.36624,9.92782,1.70158,0.117816,fluid
2837,26.9041,0.5053,,1000.55,-78.6698,8692.79,,-2.08569,-0.0263553,2.08586,,2.72382,9.60221,3.04675,-0.20779,fluid
2838,26.2181,0.704916,,999.974,-158.286,0,,-2.10888,0.336853,2.13562,,-0.154755,7.5833,-0.154755,-2.2267,fluid
2839,26.3661,0.624263,,1000.09,-141.021,1467.65,,-2.03963,0.16931,2.04664,,-0.0477173,9.74863,0.00794199,-0.061373,fluid
2840,26.7323,0.506208,,1000.41,-94.3627,6499.84,,-2.00909,-0.0232566,2.00922,,1.66264,9.29935,1.90569,-0.510651,fluid
2841,26.284,0.6514,,1000.02,-152.998,343.654,,-2.08783,0.291777,2.10812,,0.129773,8.96375,0.142848,-0.846246,fluid
2842,28.7509,0.695854,,1000.35,-146.027,5536.88,,-3.72424,-0.33672,3.73943,,1.0436,12.2906,1.23611,2.48063,fluid
2843,25.0234,1.11003,,1000.16,-49.6355,2527.24,,-0.49828,0.375282,0.623794,,5.07963,5.64126,5.18061,-4.16874,fluid
2844,23.7911,1.22931,,999.966,-102.974,0,,-1.08837,0.360823,1.14662,,2.04995,9.59269,2.04995,-0.217311,fluid
2845,22.9935,1.32541,,1000.28,-69.8151,4412.15,,-1.10637,-0.372182,1.1673,,1.17991,8.01657,1.37174,-1.79343,fluid
2846,25.5685,0.57796,,1000.11,-79.7337,1775.53,,-1.6634,-0.047495,1.66408,,-4.37282,9.08957,-4.30338,-0.720426,fluid
2847,23.6014,1.31627,,1000.27,-45.803,4295.66,,-0.871339,0.087756,0.875747,,4.25994,9.964,4.4419,0.153999,fluid
2848,23.3225,1.39023,,1000.31,-44.9043,4807.3,,-1.05065,-0.223282,1.07411,,1.25367,7.94178,1.45973,-1.86822,fluid
2849,25.3127,0.587576,,1000.05,-86.8461,846.799,,-1.84785,-0.0757068,1.8494,,1.67491,10.5244,1.70836,0.714421,fluid
2850,25.2331,0.625564,,999.974,-95.4551,0,,-1.84275,-0.0478461,1.84337,,4.56927,8.92659,4.56927,-0.88341,fluid
2851,29.9072,0.472753,,1000.26,-53.2714,4009.7,,-1.36285,-0.106427,1.367,,0.915247,10.279,1.04928,0.469008,fluid
2852,27.1409,0.492431,,1000.56,-71.5149,8768.03,,-1.96,-0.0478193,1.96058,,1.52367,9.4475,1.84655,-0.362495,fluid
2853,24.5366,0.955053,,1000.55,-65.2694,8639.49,,-1.22874,-0.113227,1.23395,,2.36133,8.75224,2.71324,-1.05776,fluid
2854,14.2756,1.05656,,1007.25,-359.763,116237,,-4.95792,-0.0236062,4.95798,,-4.17462,5.21498,3.90915,-4.59502,fluid
2855,30.5114,0.482535,,1000.05,-53.384,839.211,,-1.12176,-0.118962,1.12805,,0.934207,10.3153,0.96171,0.505337,fluid
2856,23.5231,0.929011,,1000.89,-71.7898,14014.5,,-1.60068,-0.19949,1.61306,,0.836772,7.68755,1.43202,-2.12245,fluid
2857,13.8666,1.10343,,1008.73,-399.595,140653,,-6.17354,0.575068,6.20027,,-15.0158,4.83883,-4.96033,-4.97117,fluid
2858,23.7437,2.12308,,1003.91,-35.0061,62048.4,,1.292,-1.58997,2.04873,,4.82412,22.8691,7.42721,13.0591,fluid
2859,30.8515,0.469342,,999.92,-59.876,0,,-1.03587,-0.114236,1.04215,,0.355168,10.4551,0.355168,0.645091,fluid
2860,25.162,1.51379,,1000.3,42.4897,4780.66,,1.50033,-0.470834,1.57248,,-1.91501,6.9932,-1.72507,-2.8168,fluid
2861,18.3157,1.59883,,1001.7,-235.703,26871,,-4.71138,-3.02587,5.59937,,18.7521,1.86003,20.2167,-7.94997,fluid
2862,18.1092,9.86764,,874.933,0,0,,9.33304,11.9715,15.1797,,0,0,0,-9.81,fluid
2863,13.1493,4.00179,,1031.02,-31.2707,534543,,5.57298,10.0642,11.5042,,1.01754,43.255,40.4465,33.445,fluid
2864,16.776,2.10024,,1002.49,-377.365,39328.2,,-6.32225,-0.229073,6.3264,,2.70789,18.8743,5.04639,9.0643,fluid
2865,31.8227,0.263906,,1000.01,-20.9364,202.295,,-0.090549,-0.0448234,0.101036,,-0.559585,9.91565,-0.553228,0.105646,fluid
2866,31.3281,0.492315,,1000.2,-20.0365,3086.42,,-0.736301,-0.139522,0.749403,,-1.0468,10.2941,-0.948298,0.484143,fluid
2867,22.081,0.693199,,1000.76,-102.743,11899.9,,-1.5039,-0.0997532,1.50721,,-1.42259,8.60227,-0.884078,-1.20773,fluid
2868,21.9835,0.678844,,1000.7,-125.974,10979.7,,-1.66903,-0.111688,1.67276,,-1.39652,7.51391,-0.897412,-2.29609,fluid
2869,21.7931,1.07814,,1000.79,-136.343,12395.4,,-2.5347,-0.313309,2.554,,-1.35312,10.4903,-0.784789,0.680304,fluid
2870,30.7881,0.511771,,999.865,-69.7684,0,,-1.07784,-0.160044,1.08966,,0.58619,10.6126,0.58619,0.802626,fluid
2871,29.7924,0.38972,,1000.25,-51.8862,3902.98,,-1.2651,-0.0674769,1.2669,,0.940024,10.1563,1.071,0.346254,fluid
2872,14.8867,6.27466,,979.05,-27.2421,0,,3.28206,9.49277,10.0441,,0.00846769,0.0114272,0.00846769,-9.79857,fluid
2873,21.7393,1.31465,,1000.78,-138.937,12296.2,,-2.70811,-0.169106,2.71339,,-1.19322,11.6091,-0.628043,1.79908,fluid
2874,22.9839,0.980878,,1001.22,-39.3384,19231.9,,-1.81053,-0.286805,1.83311,,1.89943,9.29582,2.73516,-0.514179,fluid
2875,30.0459,0.507005,,1000.17,-65.2114,2699.43,,-1.48313,-0.132454,1.48903,,1.43157,10.3212,1.5214,0.511179,fluid
2876,28.7726,0.962654,,1000.6,-101.022,9439.21,,-3.1701,-0.593481,3.22517,,-1.81174,13.4667,-1.48388,3.6567,fluid
2877,28.1697,0.936532,,1000.5,-121.674,7868.89,,-3.64051,0.429951,3.66581,,2.9814,9.49676,3.2606,-0.313243,fluid
2878,30.3034,1.0066,,1000.3,-64.4841,4773.28,,-1.64545,-0.49037,1.71697,,0.692954,10.4658,0.850422,0.655781,fluid
2879,26.7827,1.11752,,1000.8,-26.7905,12661.1,,-0.420865,0.465473,0.627529,,-0.32112,7.42778,0.151232,-2.38222,fluid
2880,29.3296,1.5711,,997.558,-52.5973,0,,-0.331606,-1.16564,1.21189,,0.270018,2.27199,0.270018,-7.53801,fluid
2881,28.2783,1.37694,,1001.08,-28.4365,16945.1,,-1.46145,-0.522299,1.55197,,6.47819,6.24697,7.07677,-3.56303,fluid
2882,27.7187,1.43592,,1000.44,-115.121,6850.7,,-1.95786,0.673979,2.07062,,2.94227,-0.137023,3.18931,-9.94702,fluid
2883,27.6631,1.14806,,1000.18,-155.215,2800.82,,-4.04218,-0.334935,4.05604,,1.36356,1.83876,1.46479,-7.97124,fluid
2884,28.1642,1.10303,,1000.55,-94.4463,8709.07,,-2.77689,0.133715,2.78011,,2.60173,7.90526,2.91078,-1.90474,fluid
2885,28.581,0.595751,,1000.33,-110.056,5176.85,,-2.65823,-0.0967498,2.65999,,0.545136,10.9467,0.726206,1.13665,fluid
2886,27.6702,0.576386,,1000.5,-71.8507,7915.92,,-2.26209,0.145699,2.26678,,1.21924,10.3441,1.50518,0.534105,fluid
2887,28.3696,0.515433,,1000.34,-89.4135,5365.18,,-2.1047,-0.0538134,2.10539,,0.735012,9.82138,0.924065,0.0113791,fluid
2888,30.1973,0.79681,,1000.47,-29.9431,7399.96,,-1.59581,-0.426352,1.65179,,0.26066,8.85294,0.505598,-0.957059,fluid
2889,27.3014,0.659236,,1000.48,-87.0824,7587.53,,-1.97364,0.202225,1.98397,,1.56023,14.3194,1.83801,4.50936,fluid
2890,25.9195,1.15843,,1001.16,-96.5286,18298.2,,-1.30687,0.379877,1.36096,,-1.89332,6.142,-1.18818,-3.668,fluid
2891,28.0943,1.68257,,1002.18,99.4778,34459.1,,-2.23513,-0.243295,2.24833,,1.03073,7.1965,2.25461,-2.6135,fluid
2892,26.3248,0.944635,,1000.6,-96.1184,9458.47,,-2.50282,0.0788305,2.50406,,1.55585,10.7794,1.91494,0.969434,fluid
2893,28.8766,1.55969,,998.587,-83.5109,0,,-2.16687,-0.800603,2.31004,,1.53209,3.03113,1.53209,-6.77887,fluid
2894,27.8226,0.918786,,1000.24,-82.9472,3786.17,,-2.27643,0.472829,2.32502,,-2.48558,7.88098,-2.34953,-1.92902,fluid
2895,27.8275,0.9864,,1000.19,-85.3387,2964.64,,-2.23347,0.508118,2.29054,,-2.7455,6.02153,-2.63899,-3.78847,fluid
2896,27.1029,0.8017,,1000.62,-80.1617,9785.59,,-1.83634,0.11094,1.83969,,1.36066,16.028,1.72149,6.21798,fluid
2897,29.2273,1.01207,,999.895,-159.014,0,,-2.35838,-0.683072,2.45531,,0.470024,5.82338,0.470024,-3.98662,fluid
2898,30.5824,0.971548,,1000.3,-37.2097,4717.29,,-0.933815,-0.603898,1.11207,,0.753543,10.8427,0.907745,1.03269,fluid
2899,30.5014,0.482543,,1000.05,-54.6108,836.431,,-1.14767,-0.118512,1.15377,,0.963205,10.3106,0.990626,0.500632,fluid
2900,26.1543,0.788368,,1000.37,-94.2317,5832.56,,-1.74053,0.226062,1.75515,,-1.83744,10.4293,-1.61452,0.619307,fluid
2901,26.5685,0.526978,,1000.35,-105.65,5493.49,,-2.05224,-0.00908501,2.05226,,-0.265142,9.48094,-0.0584476,-0.329061,fluid
2902,28.3989,0.498569,,1000.39,-81.7498,6109.63,,-2.08135,-0.0531398,2.08203,,0.824597,9.82609,1.03965,0.0160881,fluid
2903,26.9679,0.509517,,1000.57,-76.1158,9003.23,,-2.10588,-0.028,2.10607,,2.44155,9.82831,2.77521,0.0183054,fluid
2904,24.6438,0.802269,,1000.56,-88.3878,8736.42,,-1.5306,0.316513,1.56298,,4.47201,7.1445,4.82633,-2.6655,fluid
2905,24.6806,0.788706,,1000.54,-86.3191,8555.52,,-1.51437,0.305662,1.54491,,4.90186,7.20632,5.24832,-2.60368,fluid
2906,25.7556,0.568965,,1000.26,-87.6049,4071.5,,-1.60158,-0.00619775,1.60159,,-3.3203,8.5926,-3.16226,-1.2174,fluid
2907,26.5699,0.506962,,1000.39,-102.132,6061.74,,-2.05272,-0.0146281,2.05277,,-0.246716,8.88419,-0.0186604,-0.925813,fluid
2908,24.916,1.11916,,1000.23,-47.9251,3645.72,,-0.51461,0.486378,0.708087,,5.74377,7.72837,5.89005,-2.08163,fluid
2909,25.0241,1.19054,,1000.22,-50.709,3390.65,,-0.686544,0.396597,0.792863,,5.18278,7.35469,5.31825,-2.45531,fluid
2910,23.5165,1.40371,,1000.27,-48.7171,4255.2,,-0.982084,0.0554577,0.983649,,4.91078,8.97581,5.09168,-0.834195,fluid
2911,23.0822,1.36109,,999.959,-108.351,0,,-1.25963,-0.346238,1.30635,,2.3285,7.97011,2.3285,-1.83989,fluid
2912,25.1919,0.947339,,1000.05,-57.9121,723.665,,-1.11485,0.225723,1.13747,,3.05822,1.91325,3.08694,-7.89675,fluid
2913,23.4147,1.35052,,1000.26,-43.8431,4033.4,,-0.841829,-0.40647,0.934823,,2.30579,8.15961,2.47801,-1.65039,fluid
2914,23.4785,1.38298,,1000.28,-41.5169,4403.19,,-0.871086,-0.127915,0.880428,,4.05059,8.80916,4.23808,-1.00084,fluid
2915,25.138,0.663034,,1000,-93.1279,29.3847,,-1.75019,0.00593939,1.7502,,7.32106,7.96133,7.32222,-1.84867,fluid
2916,25.3392,0.571512,,1000.07,-84.0656,1050.71,,-1.81112,-0.0824789,1.813,,0.806059,11.3087,0.847522,1.49875,fluid
2917,27.5001,0.492179,,1000.7,-53.1256,10994.5,,-2.22173,-0.0451155,2.22219,,1.06233,9.28797,1.46185,-0.522034,fluid
2918,25.1435,0.654477,,1000,-93.0825,4.88922,,-1.75048,-0.00525983,1.75049,,7.25641,8.228,7.2566,-1.582,fluid
2919,22.9647,1.78461,,1000.38,-23.076,5981.76,,-0.582695,-0.459109,0.741831,,1.71624,11.5155,1.97662,1.7055,fluid
2920,29.2203,0.661736,,1000.36,-86.1879,5632.43,,-2.38305,-0.382673,2.41358,,1.27518,11.7301,1.46787,1.92015,fluid
2921,25.0662,0.812633,,1000.03,-88.6601,439.161,,-1.53623,0.325903,1.57042,,7.28847,5.00197,7.30599,-4.80803,fluid
2922,16.7394,8.03589,,943.64,2.68988,0,,0.967695,6.74273,6.81182,,1.65073e-05,0.0100949,1.65073e-05,-9.79991,fluid
2923,26.5358,0.503829,,1000.4,-100.487,6343.75,,-2.03165,-0.0132618,2.0317,,-0.723892,8.71482,-0.484925,-1.09518,fluid
2924,18.421,7.80587,,909.309,-10.5109,0,,4.54213,4.75747,6.57757,,0,0,0,-9.81,fluid
2925,14.9509,1.19618,,1003.19,-573.306,50518.1,,-6.23188,1.48088,6.40541,,-3.29425,5.40616,0.0739525,-4.40384,fluid
2926,17.4558,3.43633,,1000.44,-43.7833,6878.44,,-1.42253,1.00936,1.74425,,5.32298,9.44958,5.71685,-0.360417,fluid
2927,18.939,10.7566,,861.401,6.75289,0,,8.21012,11.9218,14.4753,,-0.00446151,-0.00760086,-0.00446151,-9.8176,fluid
