h/dp :,2
L2norm Pressure,KE,dp,Nparticles
46182.5,5.27643e+07,0.25,1152

t,1.37
ID,r,z,,rho,drhodt,pressure,,u_r,u_z,velocity,,pairAr,pairAz,totalAr,totalAz,Type
0,0.125,-0.125,,1005.22,0,62471.4,,0,0,0,,0,0,497.174,-9.81,boundary
1,0.375,-0.125,,1005.07,0,60587.7,,0,0,0,,0,0,160.752,-9.81,boundary
2,0.625,-0.125,,1004.77,0,56935.5,,0,0,0,,0,0,90.6646,-9.81,boundary
3,0.875,-0.125,,1004.36,0,52025.6,,0,0,0,,0,0,59.1996,-9.81,boundary
4,1.125,-0.125,,1003.99,0,47561.6,,0,0,0,,0,0,42.1088,-9.81,boundary
5,1.375,-0.125,,1003.65,0,43492.9,,0,0,0,,0,0,31.516,-9.81,boundary
6,1.625,-0.125,,1003.36,0,39978.5,,0,0,0,,0,0,24.5197,-9.81,boundary
7,1.875,-0.125,,1003.1,0,36778.3,,0,0,0,,0,0,19.5546,-9.81,boundary
8,2.125,-0.125,,1002.86,0,33902.6,,0,0,0,,0,0,15.9087,-9.81,boundary
9,2.375,-0.125,,1002.63,0,31184.9,,0,0,0,,0,0,13.0961,-9.81,boundary
10,2.625,-0.125,,1002.41,0,28573.3,,0,0,0,,0,0,10.8589,-9.81,boundary
11,2.875,-0.125,,1002.2,0,26074,,0,0,0,,0,0,9.04931,-9.81,boundary
12,3.125,-0.125,,1001.99,0,23558.6,,0,0,0,,0,0,7.52379,-9.81,boundary
13,3.375,-0.125,,1001.79,0,21175.3,,0,0,0,,0,0,6.26296,-9.81,boundary
14,3.625,-0.125,,1001.6,0,18963.6,,0,0,0,,0,0,5.22297,-9.81,boundary
15,3.875,-0.125,,1001.43,0,16876.1,,0,0,0,,0,0,4.34892,-9.81,boundary
16,4.125,-0.125,,1001.26,0,14922.4,,0,0,0,,0,0,3.61299,-9.81,boundary
17,4.375,-0.125,,1001.12,0,13189.5,,0,0,0,,0,0,3.01137,-9.81,boundary
18,4.625,-0.125,,1000.98,0,11532.2,,0,0,0,,0,0,2.49102,-9.81,boundary
19,4.875,-0.125,,1000.85,0,10039.2,,0,0,0,,0,0,2.05758,-9.81,boundary
20,5.125,-0.125,,1000.74,0,8768.77,,0,0,0,,0,0,1.70971,-9.81,boundary
21,5.375,-0.125,,1000.65,0,7645.81,,0,0,0,,0,0,1.42155,-9.81,boundary
22,5.625,-0.125,,1000.58,0,6794.81,,0,0,0,,0,0,1.20727,-9.81,boundary
23,5.875,-0.125,,1000.49,0,5820.92,,0,0,0,,0,0,0.990306,-9.81,boundary
24,6.125,-0.125,,1000.41,0,4849.03,,0,0,0,,0,0,0.791353,-9.81,boundary
25,6.375,-0.125,,1000.33,0,3911.54,,0,0,0,,0,0,0.613372,-9.81,boundary
26,6.625,-0.125,,1000.25,0,2968.16,,0,0,0,,0,0,0.447911,-9.81,boundary
27,6.875,-0.125,,1000.16,0,1876.48,,0,0,0,,0,0,0.2729,-9.81,boundary
28,7.125,-0.125,,1000.05,0,632.127,,0,0,0,,0,0,0.0887148,-9.81,boundary
29,7.375,-0.125,,1000,0,0,,0,0,0,,0,0,0,-9.81,boundary
30,7.625,-0.125,,1000,0,0,,0,0,0,,0,0,0,-9.81,boundary
31,7.875,-0.125,,1000,0,0,,0,0,0,,0,0,0,-9.81,boundary
32,8.125,-0.125,,1000,0,0,,0,0,0,,0,0,0,-9.81,boundary
33,8.375,-0.125,,1000,0,0,,0,0,0,,0,0,0,-9.81,boundary
34,8.625,-0.125,,1000,0,0,,0,0,0,,0,0,0,-9.81,boundary
35,8.875,-0.125,,1000,0,0,,0,0,0,,0,0,0,-9.81,boundary
36,9.125,-0.125,,1000,0,0,,0,0,0,,0,0,0,-9.81,boundary
37,9.375,-0.125,,1000,0,0,,0,0,0,,0,0,0,-9.81,boundary
38,9.625,-0.125,,1000,0,0,,0,0,0,,0,0,0,-9.81,boundary
39,9.875,-0.125,,1000,0,0,,0,0,0,,0,0,0,-9.81,boundary
40,10.125,-0.125,,1000,0,0,,0,0,0,,0,0,0,-9.81,boundary
41,10.375,-0.125,,1000,0,0,,0,0,0,,0,0,0,-9.81,boundary
42,10.625,-0.125,,1000,0,0,,0,0,0,,0,0,0,-9.81,boundary
43,10.875,-0.125,,1000,0,0,,0,0,0,,0,0,0,-9.81,boundary
44,11.125,-0.125,,1000,0,0,,0,0,0,,0,0,0,-9.81,boundary
45,11.375,-0.125,,1000,0,0,,0,0,0,,0,0,0,-9.81,boundary
46,11.625,-0.125,,1000,0,0,,0,0,0,,0,0,0,-9.81,boundary
47,11.875,-0.125,,1000,0,0,,0,0,0,,0,0,0,-9.81,boundary
48,12.125,-0.125,,1000.04,0,476.595,,0,0,0,,0,0,0.0393052,-9.81,boundary
49,12.375,-0.125,,1000.06,0,712.034,,0,0,0,,0,0,0.0575346,-9.81,boundary
50,12.625,-0.125,,1000.07,0,782.219,,0,0,0,,0,0,0.0619538,-9.81,boundary
51,12.875,-0.125,,1000.11,0,1240.55,,0,0,0,,0,0,0.0963436,-9.81,boundary
52,13.125,-0.125,,1000.18,0,2068.12,,0,0,0,,0,0,0.157543,-9.81,boundary
53,13.375,-0.125,,1000.19,0,2288.56,,0,0,0,,0,0,0.171074,-9.81,boundary
54,13.625,-0.125,,1000.1,0,1171.79,,0,0,0,,0,0,0.0859944,-9.81,boundary
55,13.875,-0.125,,1000.02,0,211.991,,0,0,0,,0,0,0.0152784,-9.81,boundary
56,14.125,-0.125,,1000,0,0,,0,0,0,,0,0,0,-9.81,boundary
57,14.375,-0.125,,1000,0,0,,0,0,0,,0,0,0,-9.81,boundary
58,14.625,-0.125,,1000.03,0,312.049,,0,0,0,,0,0,0.0213361,-9.81,boundary
59,14.875,-0.125,,1000.01,0,118.86,,0,0,0,,0,0,0.0079905,-9.81,boundary
60,15.125,-0.125,,1000,0,0,,0,0,0,,0,0,0,-9.81,boundary
61,15.375,-0.125,,1000,0,0,,0,0,0,,0,0,0,-9.81,boundary
62,15.625,-0.125,,1000,0,0,,0,0,0,,0,0,0,-9.81,boundary
63,15.875,-0.125,,1000,0,0,,0,0,0,,0,0,0,-9.81,boundary
64,16.125,-0.125,,1000,0,0,,0,0,0,,0,0,0,-9.81,boundary
65,16.375,-0.125,,1000,0,0,,0,0,0,,0,0,0,-9.81,boundary
66,16.625,-0.125,,1000,0,0,,0,0,0,,0,0,0,-9.81,boundary
67,16.875,-0.125,,1000,0,0,,0,0,0,,0,0,0,-9.81,boundary
68,17.125,-0.125,,1000,0,0,,0,0,0,,0,0,0,-9.81,boundary
69,17.375,-0.125,,1000,0,0,,0,0,0,,0,0,0,-9.81,boundary
70,17.625,-0.125,,1000,0,0,,0,0,0,,0,0,0,-9.81,boundary
71,17.875,-0.125,,1000,0,0,,0,0,0,,0,0,0,-9.81,boundary
72,18.125,-0.125,,1000,0,0,,0,0,0,,0,0,0,-9.81,boundary
73,18.375,-0.125,,1000,0,0,,0,0,0,,0,0,0,-9.81,boundary
74,18.625,-0.125,,1000,0,0,,0,0,0,,0,0,0,-9.81,boundary
75,18.875,-0.125,,1000,0,0,,0,0,0,,0,0,0,-9.81,boundary
76,19.125,-0.125,,1000,0,0,,0,0,0,,0,0,0,-9.81,boundary
77,19.375,-0.125,,1000,0,0,,0,0,0,,0,0,0,-9.81,boundary
78,19.625,-0.125,,1000,0,0,,0,0,0,,0,0,0,-9.81,boundary
79,19.875,-0.125,,1000,0,0,,0,0,0,,0,0,0,-9.81,boundary
80,20.125,-0.125,,1000,0,0,,0,0,0,,0,0,0,-9.81,boundary
81,20.375,-0.125,,1000,0,0,,0,0,0,,0,0,0,-9.81,boundary
82,20.625,-0.125,,1000,0,0,,0,0,0,,0,0,0,-9.81,boundary
83,20.875,-0.125,,1000,0,0,,0,0,0,,0,0,0,-9.81,boundary
84,21.125,-0.125,,1000,0,0,,0,0,0,,0,0,0,-9.81,boundary
85,21.375,-0.125,,1000,0,0,,0,0,0,,0,0,0,-9.81,boundary
86,21.625,-0.125,,1000,0,0,,0,0,0,,0,0,0,-9.81,boundary
87,21.875,-0.125,,1000,0,0,,0,0,0,,0,0,0,-9.81,boundary
88,22.125,-0.125,,1000,0,0,,0,0,0,,0,0,0,-9.81,boundary
89,22.375,-0.125,,1000,0,0,,0,0,0,,0,0,0,-9.81,boundary
90,22.625,-0.125,,1000,0,0,,0,0,0,,0,0,0,-9.81,boundary
91,22.875,-0.125,,1000,0,0,,0,0,0,,0,0,0,-9.81,boundary
92,23.125,-0.125,,1000,0,0,,0,0,0,,0,0,0,-9.81,boundary
93,23.375,-0.125,,1000,0,0,,0,0,0,,0,0,0,-9.81,boundary
94,23.625,-0.125,,1000,0,0,,0,0,0,,0,0,0,-9.81,boundary
95,23.875,-0.125,,1000,0,0,,0,0,0,,0,0,0,-9.81,boundary
96,24.125,-0.125,,1000,0,0,,0,0,0,,0,0,0,-9.81,boundary
97,24.375,-0.125,,1000,0,0,,0,0,0,,0,0,0,-9.81,boundary
98,24.625,-0.125,,1000,0,0,,0,0,0,,0,0,0,-9.81,boundary
99,0.125,-0.375,,1005.23,0,62600.9,,0,0,0,,0,0,498.199,-9.81,boundary
100,0.375,-0.375,,1005.04,0,60289.6,,0,0,0,,0,0,159.965,-9.81,boundary
101,0.625,-0.375,,1004.68,0,55845.6,,0,0,0,,0,0,88.9369,-9.81,boundary
102,0.875,-0.375,,1004.2,0,50035.6,,0,0,0,,0,0,56.9445,-9.81,boundary
103,1.125,-0.375,,1003.75,0,44589.7,,0,0,0,,0,0,39.4874,-9.81,boundary
104,1.375,-0.375,,1003.35,0,39800.2,,0,0,0,,0,0,28.8491,-9.81,boundary
105,1.625,-0.375,,1003,0,35665.3,,0,0,0,,0,0,21.8822,-9.81,boundary
106,1.875,-0.375,,1002.69,0,31957.1,,0,0,0,,0,0,16.998,-9.81,boundary
107,2.125,-0.375,,1002.43,0,28772.3,,0,0,0,,0,0,13.5071,-9.81,boundary
108,2.375,-0.375,,1002.17,0,25674.3,,0,0,0,,0,0,10.7869,-9.81,boundary
109,2.625,-0.375,,1001.94,0,22957.3,,0,0,0,,0,0,8.72872,-9.81,boundary
110,2.875,-0.375,,1001.7,0,20079,,0,0,0,,0,0,6.97218,-9.81,boundary
111,3.125,-0.375,,1001.49,0,17601.1,,0,0,0,,0,0,5.62397,-9.81,boundary
112,3.375,-0.375,,1001.26,0,14891.4,,0,0,0,,0,0,4.40671,-9.81,boundary
113,3.625,-0.375,,1001.08,0,12741.2,,0,0,0,,0,0,3.51104,-9.81,boundary
114,3.875,-0.375,,1000.86,0,10190.7,,0,0,0,,0,0,2.62758,-9.81,boundary
115,4.125,-0.375,,1000.7,0,8250.68,,0,0,0,,0,0,1.99877,-9.81,boundary
116,4.375,-0.375,,1000.52,0,6150.82,,0,0,0,,0,0,1.40517,-9.81,boundary
117,4.625,-0.375,,1000.37,0,4368.91,,0,0,0,,0,0,0.944278,-9.81,boundary
118,4.875,-0.375,,1000.23,0,2732.81,,0,0,0,,0,0,0.560447,-9.81,boundary
119,5.125,-0.375,,1000.1,0,1166.98,,0,0,0,,0,0,0.227681,-9.81,boundary
120,5.375,-0.375,,1000.02,0,218.122,,0,0,0,,0,0,0.0405802,-9.81,boundary
121,5.625,-0.375,,1000,0,0,,0,0,0,,0,0,0,-9.81,boundary
122,5.875,-0.375,,1000,0,0,,0,0,0,,0,0,0,-9.81,boundary
123,6.125,-0.375,,1000,0,0,,0,0,0,,0,0,0,-9.81,boundary
124,6.375,-0.375,,1000,0,0,,0,0,0,,0,0,0,-9.81,boundary
125,6.625,-0.375,,1000,0,0,,0,0,0,,0,0,0,-9.81,boundary
126,6.875,-0.375,,1000,0,0,,0,0,0,,0,0,0,-9.81,boundary
127,7.125,-0.375,,1000,0,0,,0,0,0,,0,0,0,-9.81,boundary
128,7.375,-0.375,,1000,0,0,,0,0,0,,0,0,0,-9.81,boundary
129,7.625,-0.375,,1000,0,0,,0,0,0,,0,0,0,-9.81,boundary
130,7.875,-0.375,,1000,0,0,,0,0,0,,0,0,0,-9.81,boundary
131,8.125,-0.375,,1000,0,0,,0,0,0,,0,0,0,-9.81,boundary
132,8.375,-0.375,,1000,0,0,,0,0,0,,0,0,0,-9.81,boundary
133,8.625,-0.375,,1000,0,0,,0,0,0,,0,0,0,-9.81,boundary
134,8.875,-0.375,,1000,0,0,,0,0,0,,0,0,0,-9.81,boundary
135,9.125,-0.375,,1000,0,0,,0,0,0,,0,0,0,-9.81,boundary
136,9.375,-0.375,,1000,0,0,,0,0,0,,0,0,0,-9.81,boundary
137,9.625,-0.375,,1000,0,0,,0,0,0,,0,0,0,-9.81,boundary
138,9.875,-0.375,,1000,0,0,,0,0,0,,0,0,0,-9.81,boundary
139,10.125,-0.375,,1000,0,0,,0,0,0,,0,0,0,-9.81,boundary
140,10.375,-0.375,,1000,0,0,,0,0,0,,0,0,0,-9.81,boundary
141,10.625,-0.375,,1000,0,0,,0,0,0,,0,0,0,-9.81,boundary
142,10.875,-0.375,,1000,0,0,,0,0,0,,0,0,0,-9.81,boundary
143,11.125,-0.375,,1000,0,0,,0,0,0,,0,0,0,-9.81,boundary
144,11.375,-0.375,,1000,0,0,,0,0,0,,0,0,0,-9.81,boundary
145,11.625,-0.375,,1000.07,0,848.379,,0,0,0,,0,0,0.0729736,-9.81,boundary
146,11.875,-0.375,,1000.1,0,1167.84,,0,0,0,,0,0,0.0983349,-9.81,boundary
147,12.125,-0.375,,1000.1,0,1167.89,,0,0,0,,0,0,0.096311,-9.81,boundary
148,12.375,-0.375,,1000.09,0,1072.24,,0,0,0,,0,0,0.0866378,-9.81,boundary
149,12.625,-0.375,,1000.07,0,837.914,,0,0,0,,0,0,0.0663647,-9.81,boundary
150,12.875,-0.375,,1000.1,0,1224.85,,0,0,0,,0,0,0.0951237,-9.81,boundary
151,13.125,-0.375,,1000.17,0,2056.96,,0,0,0,,0,0,0.156694,-9.81,boundary
152,13.375,-0.375,,1000.19,0,2236.53,,0,0,0,,0,0,0.167186,-9.81,boundary
153,13.625,-0.375,,1000.1,0,1147.17,,0,0,0,,0,0,0.0841876,-9.81,boundary
154,13.875,-0.375,,1000,0,0,,0,0,0,,0,0,0,-9.81,boundary
155,14.125,-0.375,,1000,0,0,,0,0,0,,0,0,0,-9.81,boundary
156,14.375,-0.375,,1000,0,0,,0,0,0,,0,0,0,-9.81,boundary
157,14.625,-0.375,,1000,0,0,,0,0,0,,0,0,0,-9.81,boundary
158,14.875,-0.375,,1000.01,0,159.094,,0,0,0,,0,0,0.0106952,-9.81,boundary
159,15.125,-0.375,,1000,0,5.29296,,0,0,0,,0,0,0.000349947,-9.81,boundary
160,15.375,-0.375,,1000,0,0,,0,0,0,,0,0,0,-9.81,boundary
161,15.625,-0.375,,1000,0,0,,0,0,0,,0,0,0,-9.81,boundary
162,15.875,-0.375,,1000,0,0,,0,0,0,,0,0,0,-9.81,boundary
163,16.125,-0.375,,1000,0,0,,0,0,0,,0,0,0,-9.81,boundary
164,16.375,-0.375,,1000,0,0,,0,0,0,,0,0,0,-9.81,boundary
165,16.625,-0.375,,1000,0,0,,0,0,0,,0,0,0,-9.81,boundary
166,16.875,-0.375,,1000,0,0,,0,0,0,,0,0,0,-9.81,boundary
167,17.125,-0.375,,1000,0,0,,0,0,0,,0,0,0,-9.81,boundary
168,17.375,-0.375,,1000,0,0,,0,0,0,,0,0,0,-9.81,boundary
169,17.625,-0.375,,1000,0,0,,0,0,0,,0,0,0,-9.81,boundary
170,17.875,-0.375,,1000,0,0,,0,0,0,,0,0,0,-9.81,boundary
171,18.125,-0.375,,1000,0,0,,0,0,0,,0,0,0,-9.81,boundary
172,18.375,-0.375,,1000,0,0,,0,0,0,,0,0,0,-9.81,boundary
173,18.625,-0.375,,1000,0,0,,0,0,0,,0,0,0,-9.81,boundary
174,18.875,-0.375,,1000,0,0,,0,0,0,,0,0,0,-9.81,boundary
175,19.125,-0.375,,1000,0,0,,0,0,0,,0,0,0,-9.81,boundary
176,19.375,-0.375,,1000,0,0,,0,0,0,,0,0,0,-9.81,boundary
177,19.625,-0.375,,1000,0,0,,0,0,0,,0,0,0,-9.81,boundary
178,19.875,-0.375,,1000,0,0,,0,0,0,,0,0,0,-9.81,boundary
179,20.125,-0.375,,1000,0,0,,0,0,0,,0,0,0,-9.81,boundary
180,20.375,-0.375,,1000,0,0,,0,0,0,,0,0,0,-9.81,boundary
181,20.625,-0.375,,1000,0,0,,0,0,0,,0,0,0,-9.81,boundary
182,20.875,-0.375,,1000,0,0,,0,0,0,,0,0,0,-9.81,boundary
183,21.125,-0.375,,1000,0,0,,0,0,0,,0,0,0,-9.81,boundary
184,21.375,-0.375,,1000,0,0,,0,0,0,,0,0,0,-9.81,boundary
185,21.625,-0.375,,1000,0,0,,0,0,0,,0,0,0,-9.81,boundary
186,21.875,-0.375,,1000,0,0,,0,0,0,,0,0,0,-9.81,boundary
187,22.125,-0.375,,1000,0,0,,0,0,0,,0,0,0,-9.81,boundary
188,22.375,-0.375,,1000,0,0,,0,0,0,,0,0,0,-9.81,boundary
189,22.625,-0.375,,1000,0,0,,0,0,0,,0,0,0,-9.81,boundary
190,22.875,-0.375,,1000,0,0,,0,0,0,,0,0,0,-9.81,boundary
191,23.125,-0.375,,1000,0,0,,0,0,0,,0,0,0,-9.81,boundary
192,23.375,-0.375,,1000,0,0,,0,0,0,,0,0,0,-9.81,boundary
193,23.625,-0.375,,1000,0,0,,0,0,0,,0,0,0,-9.81,boundary
194,23.875,-0.375,,1000,0,0,,0,0,0,,0,0,0,-9.81,boundary
195,24.125,-0.375,,1000,0,0,,0,0,0,,0,0,0,-9.81,boundary
196,24.375,-0.375,,1000,0,0,,0,0,0,,0,0,0,-9.81,boundary
197,24.625,-0.375,,1000,0,0,,0,0,0,,0,0,0,-9.81,boundary
198,0.125,-0.625,,1005.36,0,64142.2,,0,0,0,,0,0,510.401,-9.81,boundary
199,0.375,-0.625,,1005.19,0,62024,,0,0,0,,0,0,164.544,-9.81,boundary
200,0.625,-0.625,,1004.83,0,57708.8,,0,0,0,,0,0,91.89,-9.81,boundary
201,0.875,-0.625,,1004.44,0,52975.7,,0,0,0,,0,0,60.276,-9.81,boundary
202,1.125,-0.625,,1004.05,0,48292.4,,0,0,0,,0,0,42.7533,-9.81,boundary
203,1.375,-0.625,,1003.71,0,44166.2,,0,0,0,,0,0,32.0021,-9.81,boundary
204,1.625,-0.625,,1003.42,0,40641.6,,0,0,0,,0,0,24.9251,-9.81,boundary
205,1.875,-0.625,,1003.19,0,37892.7,,0,0,0,,0,0,20.1452,-9.81,boundary
206,2.125,-0.625,,1002.97,0,35248.3,,0,0,0,,0,0,16.5384,-9.81,boundary
207,2.375,-0.625,,1002.8,0,33273.9,,0,0,0,,0,0,13.9709,-9.81,boundary
208,2.625,-0.625,,1002.61,0,31007.8,,0,0,0,,0,0,11.7817,-9.81,boundary
209,2.875,-0.625,,1002.48,0,29369.9,,0,0,0,,0,0,10.1904,-9.81,boundary
210,3.125,-0.625,,1002.29,0,27154,,0,0,0,,0,0,8.66941,-9.81,boundary
211,3.375,-0.625,,1002.18,0,25842,,0,0,0,,0,0,7.64023,-9.81,boundary
212,3.625,-0.625,,1002,0,23691.8,,0,0,0,,0,0,6.52262,-9.81,boundary
213,3.875,-0.625,,1001.89,0,22404.1,,0,0,0,,0,0,5.77079,-9.81,boundary
214,4.125,-0.625,,1001.73,0,20504.7,,0,0,0,,0,0,4.96224,-9.81,boundary
215,4.375,-0.625,,1001.64,0,19375.6,,0,0,0,,0,0,4.42146,-9.81,boundary
216,4.625,-0.625,,1001.5,0,17770.5,,0,0,0,,0,0,3.83651,-9.81,boundary
217,4.875,-0.625,,1001.41,0,16717.6,,0,0,0,,0,0,3.4244,-9.81,boundary
218,5.125,-0.625,,1001.28,0,15179.2,,0,0,0,,0,0,2.958,-9.81,boundary
219,5.375,-0.625,,1001.23,0,14515.9,,0,0,0,,0,0,2.69733,-9.81,boundary
220,5.625,-0.625,,1001.15,0,13562.1,,0,0,0,,0,0,2.40827,-9.81,boundary
221,5.875,-0.625,,1001.06,0,12465.6,,0,0,0,,0,0,2.11957,-9.81,boundary
222,6.125,-0.625,,1000.97,0,11489.1,,0,0,0,,0,0,1.87395,-9.81,boundary
223,6.375,-0.625,,1000.94,0,11048.7,,0,0,0,,0,0,1.73151,-9.81,boundary
224,6.625,-0.625,,1000.81,0,9589.89,,0,0,0,,0,0,1.44635,-9.81,boundary
225,6.875,-0.625,,1000.71,0,8396.43,,0,0,0,,0,0,1.22043,-9.81,boundary
226,7.125,-0.625,,1000.63,0,7445.05,,0,0,0,,0,0,1.04426,-9.81,boundary
227,7.375,-0.625,,1000.51,0,5991.58,,0,0,0,,0,0,0.812005,-9.81,boundary
228,7.625,-0.625,,1000.49,0,5817.85,,0,0,0,,0,0,0.76262,-9.81,boundary
229,7.875,-0.625,,1000.45,0,5354.21,,0,0,0,,0,0,0.67959,-9.81,boundary
230,8.125,-0.625,,1000.36,0,4235.45,,0,0,0,,0,0,0.521098,-9.81,boundary
231,8.375,-0.625,,1000.33,0,3892.72,,0,0,0,,0,0,0.464649,-9.81,boundary
232,8.625,-0.625,,1000.33,0,3894.25,,0,0,0,,0,0,0.451359,-9.81,boundary
233,8.875,-0.625,,1000.3,0,3532.42,,0,0,0,,0,0,0.3979,-9.81,boundary
234,9.125,-0.625,,1000.4,0,4657.55,,0,0,0,,0,0,0.510215,-9.81,boundary
235,9.375,-0.625,,1000.63,0,7421.39,,0,0,0,,0,0,0.791117,-9.81,boundary
236,9.625,-0.625,,1000.75,0,8879.69,,0,0,0,,0,0,0.921872,-9.81,boundary
237,9.875,-0.625,,1000.8,0,9421.16,,0,0,0,,0,0,0.953281,-9.81,boundary
238,10.125,-0.625,,1000.82,0,9711.82,,0,0,0,,0,0,0.958403,-9.81,boundary
239,10.375,-0.625,,1000.74,0,8682.69,,0,0,0,,0,0,0.83627,-9.81,boundary
240,10.625,-0.625,,1000.67,0,7922.88,,0,0,0,,0,0,0.745182,-9.81,boundary
241,10.875,-0.625,,1000.65,0,7706.9,,0,0,0,,0,0,0.708217,-9.81,boundary
242,11.125,-0.625,,1000.53,0,6201.02,,0,0,0,,0,0,0.557102,-9.81,boundary
243,11.375,-0.625,,1000.41,0,4878.95,,0,0,0,,0,0,0.428741,-9.81,boundary
244,11.625,-0.625,,1000.38,0,4532.77,,0,0,0,,0,0,0.389766,-9.81,boundary
245,11.875,-0.625,,1000.31,0,3711.65,,0,0,0,,0,0,0.312461,-9.81,boundary
246,12.125,-0.625,,1000.24,0,2822.92,,0,0,0,,0,0,0.232762,-9.81,boundary
247,12.375,-0.625,,1000.18,0,2117.76,,0,0,0,,0,0,0.171101,-9.81,boundary
248,12.625,-0.625,,1000.12,0,1465.49,,0,0,0,,0,0,0.116064,-9.81,boundary
249,12.875,-0.625,,1000.12,0,1432,,0,0,0,,0,0,0.11121,-9.81,boundary
250,13.125,-0.625,,1000.17,0,1993.3,,0,0,0,,0,0,0.151845,-9.81,boundary
251,13.375,-0.625,,1000.18,0,2063.43,,0,0,0,,0,0,0.154248,-9.81,boundary
252,13.625,-0.625,,1000.07,0,867.53,,0,0,0,,0,0,0.0636672,-9.81,boundary
253,13.875,-0.625,,1000,0,0,,0,0,0,,0,0,0,-9.81,boundary
254,14.125,-0.625,,1000,0,0,,0,0,0,,0,0,0,-9.81,boundary
255,14.375,-0.625,,1000,0,0,,0,0,0,,0,0,0,-9.81,boundary
256,14.625,-0.625,,1000,0,0,,0,0,0,,0,0,0,-9.81,boundary
257,14.875,-0.625,,1000.02,0,195.665,,0,0,0,,0,0,0.0131537,-9.81,boundary
258,15.125,-0.625,,1000,0,22.13,,0,0,0,,0,0,0.00146314,-9.81,boundary
259,15.375,-0.625,,1000,0,0,,0,0,0,,0,0,0,-9.81,boundary
260,15.625,-0.625,,1000,0,0,,0,0,0,,0,0,0,-9.81,boundary
261,15.875,-0.625,,1000,0,0,,0,0,0,,0,0,0,-9.81,boundary
262,16.125,-0.625,,1000,0,0,,0,0,0,,0,0,0,-9.81,boundary
263,16.375,-0.625,,1000,0,0,,0,0,0,,0,0,0,-9.81,boundary
264,16.625,-0.625,,1000,0,0,,0,0,0,,0,0,0,-9.81,boundary
265,16.875,-0.625,,1000,0,0,,0,0,0,,0,0,0,-9.81,boundary
266,17.125,-0.625,,1000,0,0,,0,0,0,,0,0,0,-9.81,boundary
267,17.375,-0.625,,1000,0,0,,0,0,0,,0,0,0,-9.81,boundary
268,17.625,-0.625,,1000,0,0,,0,0,0,,0,0,0,-9.81,boundary
269,17.875,-0.625,,1000,0,0,,0,0,0,,0,0,0,-9.81,boundary
270,18.125,-0.625,,1000,0,0,,0,0,0,,0,0,0,-9.81,boundary
271,18.375,-0.625,,1000,0,0,,0,0,0,,0,0,0,-9.81,boundary
272,18.625,-0.625,,1000,0,0,,0,0,0,,0,0,0,-9.81,boundary
273,18.875,-0.625,,1000,0,0,,0,0,0,,0,0,0,-9.81,boundary
274,19.125,-0.625,,1000,0,0,,0,0,0,,0,0,0,-9.81,boundary
275,19.375,-0.625,,1000,0,0,,0,0,0,,0,0,0,-9.81,boundary
276,19.625,-0.625,,1000,0,0,,0,0,0,,0,0,0,-9.81,boundary
277,19.875,-0.625,,1000,0,0,,0,0,0,,0,0,0,-9.81,boundary
278,20.125,-0.625,,1000,0,0,,0,0,0,,0,0,0,-9.81,boundary
279,20.375,-0.625,,1000,0,0,,0,0,0,,0,0,0,-9.81,boundary
280,20.625,-0.625,,1000,0,0,,0,0,0,,0,0,0,-9.81,boundary
281,20.875,-0.625,,1000,0,0,,0,0,0,,0,0,0,-9.81,boundary
282,21.125,-0.625,,1000,0,0,,0,0,0,,0,0,0,-9.81,boundary
283,21.375,-0.625,,1000,0,0,,0,0,0,,0,0,0,-9.81,boundary
284,21.625,-0.625,,1000,0,0,,0,0,0,,0,0,0,-9.81,boundary
285,21.875,-0.625,,1000,0,0,,0,0,0,,0,0,0,-9.81,boundary
286,22.125,-0.625,,1000,0,0,,0,0,0,,0,0,0,-9.81,boundary
287,22.375,-0.625,,1000,0,0,,0,0,0,,0,0,0,-9.81,boundary
288,22.625,-0.625,,1000,0,0,,0,0,0,,0,0,0,-9.81,boundary
289,22.875,-0.625,,1000,0,0,,0,0,0,,0,0,0,-9.81,boundary
290,23.125,-0.625,,1000,0,0,,0,0,0,,0,0,0,-9.81,boundary
291,23.375,-0.625,,1000,0,0,,0,0,0,,0,0,0,-9.81,boundary
292,23.625,-0.625,,1000,0,0,,0,0,0,,0,0,0,-9.81,boundary
293,23.875,-0.625,,1000,0,0,,0,0,0,,0,0,0,-9.81,boundary
294,24.125,-0.625,,1000,0,0,,0,0,0,,0,0,0,-9.81,boundary
295,24.375,-0.625,,1000,0,0,,0,0,0,,0,0,0,-9.81,boundary
296,24.625,-0.625,,1000,0,0,,0,0,0,,0,0,0,-9.81,boundary
297,24.125,0.125,,1000,0,0,,0,0,0,,0,0,0,-9.81,boundary
298,24.125,0.375,,1000,0,0,,0,0,0,,0,0,0,-9.81,boundary
299,24.125,0.625,,1000,0,0,,0,0,0,,0,0,0,-9.81,boundary
300,24.125,0.875,,1000,0,0,,0,0,0,,0,0,0,-9.81,boundary
301,24.125,1.125,,1000,0,0,,0,0,0,,0,0,0,-9.81,boundary
302,24.125,1.375,,1000,0,0,,0,0,0,,0,0,0,-9.81,boundary
303,24.125,1.625,,1000,0,0,,0,0,0,,0,0,0,-9.81,boundary
304,24.125,1.875,,1000,0,0,,0,0,0,,0,0,0,-9.81,boundary
305,24.125,2.125,,1000,0,0,,0,0,0,,0,0,0,-9.81,boundary
306,24.125,2.375,,1000,0,0,,0,0,0,,0,0,0,-9.81,boundary
307,24.125,2.625,,1000,0,0,,0,0,0,,0,0,0,-9.81,boundary
308,24.125,2.875,,1000,0,0,,0,0,0,,0,0,0,-9.81,boundary
309,24.125,3.125,,1000,0,0,,0,0,0,,0,0,0,-9.81,boundary
310,24.125,3.375,,1000,0,0,,0,0,0,,0,0,0,-9.81,boundary
311,24.125,3.625,,1000,0,0,,0,0,0,,0,0,0,-9.81,boundary
312,24.125,3.875,,1000,0,0,,0,0,0,,0,0,0,-9.81,boundary
313,24.125,4.125,,1000,0,0,,0,0,0,,0,0,0,-9.81,boundary
314,24.125,4.375,,1000,0,0,,0,0,0,,0,0,0,-9.81,boundary
315,24.125,4.625,,1000,0,0,,0,0,0,,0,0,0,-9.81,boundary
316,24.125,4.875,,1000,0,0,,0,0,0,,0,0,0,-9.81,boundary
317,24.125,5.125,,1000,0,0,,0,0,0,,0,0,0,-9.81,boundary
318,24.125,5.375,,1000,0,0,,0,0,0,,0,0,0,-9.81,boundary
319,24.125,5.625,,1000,0,0,,0,0,0,,0,0,0,-9.81,boundary
320,24.125,5.875,,1000,0,0,,0,0,0,,0,0,0,-9.81,boundary
321,24.125,6.125,,1000,0,0,,0,0,0,,0,0,0,-9.81,boundary
322,24.125,6.375,,1000,0,0,,0,0,0,,0,0,0,-9.81,boundary
323,24.125,6.625,,1000,0,0,,0,0,0,,0,0,0,-9.81,boundary
324,24.125,6.875,,1000,0,0,,0,0,0,,0,0,0,-9.81,boundary
325,24.125,7.125,,1000,0,0,,0,0,0,,0,0,0,-9.81,boundary
326,24.125,7.375,,1000,0,0,,0,0,0,,0,0,0,-9.81,boundary
327,24.125,7.625,,1000,0,0,,0,0,0,,0,0,0,-9.81,boundary
328,24.125,7.875,,1000,0,0,,0,0,0,,0,0,0,-9.81,boundary
329,24.125,8.125,,1000,0,0,,0,0,0,,0,0,0,-9.81,boundary
330,24.125,8.375,,1000,0,0,,0,0,0,,0,0,0,-9.81,boundary
331,24.125,8.625,,1000,0,0,,0,0,0,,0,0,0,-9.81,boundary
332,24.125,8.875,,1000,0,0,,0,0,0,,0,0,0,-9.81,boundary
333,24.125,9.125,,1000,0,0,,0,0,0,,0,0,0,-9.81,boundary
334,24.125,9.375,,1000,0,0,,0,0,0,,0,0,0,-9.81,boundary
335,24.125,9.625,,1000,0,0,,0,0,0,,0,0,0,-9.81,boundary
336,24.125,9.875,,1000,0,0,,0,0,0,,0,0,0,-9.81,boundary
337,24.125,10.125,,1000,0,0,,0,0,0,,0,0,0,-9.81,boundary
338,24.125,10.375,,1000,0,0,,0,0,0,,0,0,0,-9.81,boundary
339,24.125,10.625,,1000,0,0,,0,0,0,,0,0,0,-9.81,boundary
340,24.125,10.875,,1000,0,0,,0,0,0,,0,0,0,-9.81,boundary
341,24.125,11.125,,1000,0,0,,0,0,0,,0,0,0,-9.81,boundary
342,24.125,11.375,,1000,0,0,,0,0,0,,0,0,0,-9.81,boundary
343,24.125,11.625,,1000,0,0,,0,0,0,,0,0,0,-9.81,boundary
344,24.125,11.875,,1000,0,0,,0,0,0,,0,0,0,-9.81,boundary
345,24.125,12.125,,1000,0,0,,0,0,0,,0,0,0,-9.81,boundary
346,24.125,12.375,,1000,0,0,,0,0,0,,0,0,0,-9.81,boundary
347,24.125,12.625,,1000,0,0,,0,0,0,,0,0,0,-9.81,boundary
348,24.125,12.875,,1000,0,0,,0,0,0,,0,0,0,-9.81,boundary
349,24.125,13.125,,1000,0,0,,0,0,0,,0,0,0,-9.81,boundary
350,24.125,13.375,,1000,0,0,,0,0,0,,0,0,0,-9.81,boundary
351,24.125,13.625,,1000,0,0,,0,0,0,,0,0,0,-9.81,boundary
352,24.125,13.875,,1000,0,0,,0,0,0,,0,0,0,-9.81,boundary
353,24.125,14.125,,1000,0,0,,0,0,0,,0,0,0,-9.81,boundary
354,24.125,14.375,,1000,0,0,,0,0,0,,0,0,0,-9.81,boundary
355,24.125,14.625,,1000,0,0,,0,0,0,,0,0,0,-9.81,boundary
356,24.125,14.875,,1000,0,0,,0,0,0,,0,0,0,-9.81,boundary
357,24.375,0.125,,1000,0,0,,0,0,0,,0,0,0,-9.81,boundary
358,24.375,0.375,,1000,0,0,,0,0,0,,0,0,0,-9.81,boundary
359,24.375,0.625,,1000,0,0,,0,0,0,,0,0,0,-9.81,boundary
360,24.375,0.875,,1000,0,0,,0,0,0,,0,0,0,-9.81,boundary
361,24.375,1.125,,1000,0,0,,0,0,0,,0,0,0,-9.81,boundary
362,24.375,1.375,,1000,0,0,,0,0,0,,0,0,0,-9.81,boundary
363,24.375,1.625,,1000,0,0,,0,0,0,,0,0,0,-9.81,boundary
364,24.375,1.875,,1000,0,0,,0,0,0,,0,0,0,-9.81,boundary
365,24.375,2.125,,1000,0,0,,0,0,0,,0,0,0,-9.81,boundary
366,24.375,2.375,,1000,0,0,,0,0,0,,0,0,0,-9.81,boundary
367,24.375,2.625,,1000,0,0,,0,0,0,,0,0,0,-9.81,boundary
368,24.375,2.875,,1000,0,0,,0,0,0,,0,0,0,-9.81,boundary
369,24.375,3.125,,1000,0,0,,0,0,0,,0,0,0,-9.81,boundary
370,24.375,3.375,,1000,0,0,,0,0,0,,0,0,0,-9.81,boundary
371,24.375,3.625,,1000,0,0,,0,0,0,,0,0,0,-9.81,boundary
372,24.375,3.875,,1000,0,0,,0,0,0,,0,0,0,-9.81,boundary
373,24.375,4.125,,1000,0,0,,0,0,0,,0,0,0,-9.81,boundary
374,24.375,4.375,,1000,0,0,,0,0,0,,0,0,0,-9.81,boundary
375,24.375,4.625,,1000,0,0,,0,0,0,,0,0,0,-9.81,boundary
376,24.375,4.875,,1000,0,0,,0,0,0,,0,0,0,-9.81,boundary
377,24.375,5.125,,1000,0,0,,0,0,0,,0,0,0,-9.81,boundary
378,24.375,5.375,,1000,0,0,,0,0,0,,0,0,0,-9.81,boundary
379,24.375,5.625,,1000,0,0,,0,0,0,,0,0,0,-9.81,boundary
380,24.375,5.875,,1000,0,0,,0,0,0,,0,0,0,-9.81,boundary
381,24.375,6.125,,1000,0,0,,0,0,0,,0,0,0,-9.81,boundary
382,24.375,6.375,,1000,0,0,,0,0,0,,0,0,0,-9.81,boundary
383,24.375,6.625,,1000,0,0,,0,0,0,,0,0,0,-9.81,boundary
384,24.375,6.875,,1000,0,0,,0,0,0,,0,0,0,-9.81,boundary
385,24.375,7.125,,1000,0,0,,0,0,0,,0,0,0,-9.81,boundary
386,24.375,7.375,,1000,0,0,,0,0,0,,0,0,0,-9.81,boundary
387,24.375,7.625,,1000,0,0,,0,0,0,,0,0,0,-9.81,boundary
388,24.375,7.875,,1000,0,0,,0,0,0,,0,0,0,-9.81,boundary
389,24.375,8.125,,1000,0,0,,0,0,0,,0,0,0,-9.81,boundary
390,24.375,8.375,,1000,0,0,,0,0,0,,0,0,0,-9.81,boundary
391,24.375,8.625,,1000,0,0,,0,0,0,,0,0,0,-9.81,boundary
392,24.375,8.875,,1000,0,0,,0,0,0,,0,0,0,-9.81,boundary
393,24.375,9.125,,1000,0,0,,0,0,0,,0,0,0,-9.81,boundary
394,24.375,9.375,,1000,0,0,,0,0,0,,0,0,0,-9.81,boundary
395,24.375,9.625,,1000,0,0,,0,0,0,,0,0,0,-9.81,boundary
396,24.375,9.875,,1000,0,0,,0,0,0,,0,0,0,-9.81,boundary
397,24.375,10.125,,1000,0,0,,0,0,0,,0,0,0,-9.81,boundary
398,24.375,10.375,,1000,0,0,,0,0,0,,0,0,0,-9.81,boundary
399,24.375,10.625,,1000,0,0,,0,0,0,,0,0,0,-9.81,boundary
400,24.375,10.875,,1000,0,0,,0,0,0,,0,0,0,-9.81,boundary
401,24.375,11.125,,1000,0,0,,0,0,0,,0,0,0,-9.81,boundary
402,24.375,11.375,,1000,0,0,,0,0,0,,0,0,0,-9.81,boundary
403,24.375,11.625,,1000,0,0,,0,0,0,,0,0,0,-9.81,boundary
404,24.375,11.875,,1000,0,0,,0,0,0,,0,0,0,-9.81,boundary
405,24.375,12.125,,1000,0,0,,0,0,0,,0,0,0,-9.81,boundary
406,24.375,12.375,,1000,0,0,,0,0,0,,0,0,0,-9.81,boundary
407,24.375,12.625,,1000,0,0,,0,0,0,,0,0,0,-9.81,boundary
408,24.375,12.875,,1000,0,0,,0,0,0,,0,0,0,-9.81,boundary
409,24.375,13.125,,1000,0,0,,0,0,0,,0,0,0,-9.81,boundary
410,24.375,13.375,,1000,0,0,,0,0,0,,0,0,0,-9.81,boundary
411,24.375,13.625,,1000,0,0,,0,0,0,,0,0,0,-9.81,boundary
412,24.375,13.875,,1000,0,0,,0,0,0,,0,0,0,-9.81,boundary
413,24.375,14.125,,1000,0,0,,0,0,0,,0,0,0,-9.81,boundary
414,24.375,14.375,,1000,0,0,,0,0,0,,0,0,0,-9.81,boundary
415,24.375,14.625,,1000,0,0,,0,0,0,,0,0,0,-9.81,boundary
416,24.375,14.875,,1000,0,0,,0,0,0,,0,0,0,-9.81,boundary
417,24.625,0.125,,1000,0,0,,0,0,0,,0,0,0,-9.81,boundary
418,24.625,0.375,,1000,0,0,,0,0,0,,0,0,0,-9.81,boundary
419,24.625,0.625,,1000,0,0,,0,0,0,,0,0,0,-9.81,boundary
420,24.625,0.875,,1000,0,0,,0,0,0,,0,0,0,-9.81,boundary
421,24.625,1.125,,1000,0,0,,0,0,0,,0,0,0,-9.81,boundary
422,24.625,1.375,,1000,0,0,,0,0,0,,0,0,0,-9.81,boundary
423,24.625,1.625,,1000,0,0,,0,0,0,,0,0,0,-9.81,boundary
424,24.625,1.875,,1000,0,0,,0,0,0,,0,0,0,-9.81,boundary
425,24.625,2.125,,1000,0,0,,0,0,0,,0,0,0,-9.81,boundary
426,24.625,2.375,,1000,0,0,,0,0,0,,0,0,0,-9.81,boundary
427,24.625,2.625,,1000,0,0,,0,0,0,,0,0,0,-9.81,boundary
428,24.625,2.875,,1000,0,0,,0,0,0,,0,0,0,-9.81,boundary
429,24.625,3.125,,1000,0,0,,0,0,0,,0,0,0,-9.81,boundary
430,24.625,3.375,,1000,0,0,,0,0,0,,0,0,0,-9.81,boundary
431,24.625,3.625,,1000,0,0,,0,0,0,,0,0,0,-9.81,boundary
432,24.625,3.875,,1000,0,0,,0,0,0,,0,0,0,-9.81,boundary
433,24.625,4.125,,1000,0,0,,0,0,0,,0,0,0,-9.81,boundary
434,24.625,4.375,,1000,0,0,,0,0,0,,0,0,0,-9.81,boundary
435,24.625,4.625,,1000,0,0,,0,0,0,,0,0,0,-9.81,boundary
436,24.625,4.875,,1000,0,0,,0,0,0,,0,0,0,-9.81,boundary
437,24.625,5.125,,1000,0,0,,0,0,0,,0,0,0,-9.81,boundary
438,24.625,5.375,,1000,0,0,,0,0,0,,0,0,0,-9.81,boundary
439,24.625,5.625,,1000,0,0,,0,0,0,,0,0,0,-9.81,boundary
440,24.625,5.875,,1000,0,0,,0,0,0,,0,0,0,-9.81,boundary
441,24.625,6.125,,1000,0,0,,0,0,0,,0,0,0,-9.81,boundary
442,24.625,6.375,,1000,0,0,,0,0,0,,0,0,0,-9.81,boundary
443,24.625,6.625,,1000,0,0,,0,0,0,,0,0,0,-9.81,boundary
444,24.625,6.875,,1000,0,0,,0,0,0,,0,0,0,-9.81,boundary
445,24.625,7.125,,1000,0,0,,0,0,0,,0,0,0,-9.81,boundary
446,24.625,7.375,,1000,0,0,,0,0,0,,0,0,0,-9.81,boundary
447,24.625,7.625,,1000,0,0,,0,0,0,,0,0,0,-9.81,boundary
448,24.625,7.875,,1000,0,0,,0,0,0,,0,0,0,-9.81,boundary
449,24.625,8.125,,1000,0,0,,0,0,0,,0,0,0,-9.81,boundary
450,24.625,8.375,,1000,0,0,,0,0,0,,0,0,0,-9.81,boundary
451,24.625,8.625,,1000,0,0,,0,0,0,,0,0,0,-9.81,boundary
452,24.625,8.875,,1000,0,0,,0,0,0,,0,0,0,-9.81,boundary
453,24.625,9.125,,1000,0,0,,0,0,0,,0,0,0,-9.81,boundary
454,24.625,9.375,,1000,0,0,,0,0,0,,0,0,0,-9.81,boundary
455,24.625,9.625,,1000,0,0,,0,0,0,,0,0,0,-9.81,boundary
456,24.625,9.875,,1000,0,0,,0,0,0,,0,0,0,-9.81,boundary
457,24.625,10.125,,1000,0,0,,0,0,0,,0,0,0,-9.81,boundary
458,24.625,10.375,,1000,0,0,,0,0,0,,0,0,0,-9.81,boundary
459,24.625,10.625,,1000,0,0,,0,0,0,,0,0,0,-9.81,boundary
460,24.625,10.875,,1000,0,0,,0,0,0,,0,0,0,-9.81,boundary
461,24.625,11.125,,1000,0,0,,0,0,0,,0,0,0,-9.81,boundary
462,24.625,11.375,,1000,0,0,,0,0,0,,0,0,0,-9.81,boundary
463,24.625,11.625,,1000,0,0,,0,0,0,,0,0,0,-9.81,boundary
464,24.625,11.875,,1000,0,0,,0,0,0,,0,0,0,-9.81,boundary
465,24.625,12.125,,1000,0,0,,0,0,0,,0,0,0,-9.81,boundary
466,24.625,12.375,,1000,0,0,,0,0,0,,0,0,0,-9.81,boundary
467,24.625,12.625,,1000,0,0,,0,0,0,,0,0,0,-9.81,boundary
468,24.625,12.875,,1000,0,0,,0,0,0,,0,0,0,-9.81,boundary
469,24.625,13.125,,1000,0,0,,0,0,0,,0,0,0,-9.81,boundary
470,24.625,13.375,,1000,0,0,,0,0,0,,0,0,0,-9.81,boundary
471,24.625,13.625,,1000,0,0,,0,0,0,,0,0,0,-9.81,boundary
472,24.625,13.875,,1000,0,0,,0,0,0,,0,0,0,-9.81,boundary
473,24.625,14.125,,1000,0,0,,0,0,0,,0,0,0,-9.81,boundary
474,24.625,14.375,,1000,0,0,,0,0,0,,0,0,0,-9.81,boundary
475,24.625,14.625,,1000,0,0,,0,0,0,,0,0,0,-9.81,boundary
476,24.625,14.875,,1000,0,0,,0,0,0,,0,0,0,-9.81,boundary
477,0.166982,0.0948727,,1005.29,301.025,63258,,0.0589444,-0.0991723,0.115367,,-379.137,9.00066,-2.29873,-0.809339,fluid
478,0.189622,0.199071,,1005.3,387.872,63333.3,,0.0784435,-0.148238,0.167713,,-338.018,9.11942,-5.78031,-0.690578,fluid
479,0.229451,0.305352,,1005.3,503.357,63356.8,,0.113024,-0.230751,0.256945,,-280.843,9.1798,-6.17394,-0.630203,fluid
480,0.258464,0.358889,,1005.3,575.001,63363,,0.142409,-0.282418,0.316291,,-245.358,9.14745,-1.49787,-0.662549,fluid
481,0.282694,0.413686,,1005.3,647.24,63391,,0.176965,-0.342856,0.385832,,-219.699,9.22929,3.35734,-0.58071,fluid
482,0.298234,0.457649,,1005.3,703.182,63426.3,,0.206383,-0.394653,0.445359,,-204.15,9.44932,7.40144,-0.360685,fluid
483,0.307394,0.499294,,1005.31,753.599,63462.7,,0.230826,-0.443901,0.500328,,-195.175,9.78631,10.1893,-0.023694,fluid
484,0.310063,0.536673,,1005.31,796.474,63488,,0.246494,-0.486503,0.545385,,-192.59,10.1906,11.0875,0.380602,fluid
485,0.308638,0.575455,,1005.31,838.187,63502,,0.256649,-0.542319,0.599982,,-194.097,10.9748,10.5655,1.16482,fluid
486,0.304376,0.616327,,1005.31,879.692,63502.7,,0.26293,-0.649158,0.700384,,-198.519,12.4026,9.01108,2.59257,fluid
487,0.298404,0.662101,,1005.31,921.825,63488.4,,0.267324,-0.795441,0.839159,,-204.536,12.976,7.10075,3.16595,fluid
488,0.291498,0.715062,,1005.3,957.397,63451.8,,0.269152,-0.896883,0.936399,,-211.028,11.8792,5.49837,2.06924,fluid
489,0.284213,0.76763,,1005.3,980.035,63384.3,,0.26731,-0.929758,0.967422,,-217.621,11.1658,4.22028,1.35582,fluid
490,0.276788,0.816713,,1005.29,997.828,63284.7,,0.264221,-0.97264,1.00789,,-224.315,11.6403,3.12148,1.8303,fluid
491,0.26934,0.868041,,1005.28,1015.48,63141,,0.261365,-1.0642,1.09583,,-230.633,12.4448,2.5653,2.6348,fluid
492,0.261924,0.924988,,1005.26,1031.95,62931.4,,0.258381,-1.19112,1.21882,,-236.357,12.7082,2.65186,2.89819,fluid
493,0.254636,0.987801,,1005.24,1047.63,62636.5,,0.25524,-1.30988,1.33452,,-241.587,12.5077,3.11611,2.69767,fluid
494,0.247506,1.05361,,1005.21,1067.6,62256.6,,0.25307,-1.40691,1.42949,,-246.779,12.6477,3.45374,2.83767,fluid
495,0.240484,1.12001,,1005.17,1092.33,61805.6,,0.251779,-1.51049,1.53134,,-252.22,13.5725,3.46325,3.76255,fluid
496,0.233521,1.18861,,1005.13,1118.44,61278.1,,0.250414,-1.64979,1.66868,,-257.565,14.9106,3.50597,5.1006,fluid
497,0.226553,1.26169,,1005.07,1139.68,60660.1,,0.247479,-1.82698,1.84367,,-262.507,16.0721,3.8941,6.26212,fluid
498,0.219556,1.33986,,1005.02,1149.08,59948.6,,0.241652,-2.02819,2.04254,,-267.187,16.9929,4.49428,7.18291,fluid
499,0.21259,1.42353,,1004.95,1137.09,59140.8,,0.231451,-2.24126,2.25318,,-271.661,17.6485,5.16037,7.83854,fluid
500,0.205781,1.51345,,1004.87,1093.06,58224.8,,0.215551,-2.4588,2.46823,,-275.789,17.8978,5.78421,8.08777,fluid
501,0.199322,1.6101,,1004.79,1009.24,57181.2,,0.193473,-2.67261,2.6796,,-279.249,17.5428,6.26305,7.73283,fluid
502,0.193452,1.71328,,1004.69,888.201,55987.2,,0.166574,-2.86915,2.87398,,-281.593,16.6597,6.46757,6.84966,fluid
503,0.188362,1.82251,,1004.58,745.841,54620.8,,0.138025,-3.03849,3.04163,,-282.399,15.5723,6.25738,5.76226,fluid
504,0.184134,1.93704,,1004.45,606.55,53072.9,,0.111736,-3.17641,3.17837,,-281.371,14.569,5.58203,4.759,fluid
505,0.180708,2.05585,,1004.31,496.597,51358.5,,0.0915639,-3.28578,3.28706,,-278.455,13.9721,4.53406,4.16212,fluid
506,0.177879,2.17813,,1004.15,430.742,49508.8,,0.0793505,-3.37893,3.37986,,-273.853,13.9352,3.32328,4.12518,fluid
507,0.175393,2.30349,,1003.99,407.797,47557.2,,0.07445,-3.47032,3.47112,,-267.883,14.3574,2.18578,4.54737,fluid
508,0.173016,2.43194,,1003.82,416.403,45528.3,,0.0747468,-3.57097,3.57176,,-260.845,15.0316,1.29766,5.22157,fluid
509,0.17059,2.56386,,1003.65,441.347,43430,,0.0776353,-3.68598,3.6868,,-252.93,15.7155,0.731049,5.90548,fluid
510,0.168046,2.69976,,1003.47,469.428,41255,,0.0809512,-3.81483,3.81569,,-244.183,16.2585,0.466648,6.44848,fluid
511,0.165393,2.84011,,1003.28,492.108,38987.8,,0.0833562,-3.95476,3.95564,,-234.523,16.614,0.434673,6.80397,fluid
512,0.162694,2.98526,,1003.08,506.379,36612,,0.0844292,-4.10269,4.10356,,-223.797,16.8188,0.547824,7.00879,fluid
513,0.160034,3.13543,,1002.87,513.559,34116.5,,0.0844032,-4.25701,4.25785,,-211.862,16.9262,0.709239,7.11625,fluid
514,0.157505,3.29079,,1002.65,516.617,31497.5,,0.0837345,-4.4179,4.41869,,-198.616,16.9772,0.833019,7.16719,fluid
515,0.155175,3.45075,,1002.43,515.915,28772,,0.0824753,-4.58679,4.58753,,-184.088,17.0495,0.878586,7.23949,fluid
516,0.153062,3.61546,,1002.19,511.665,25950,,0.0807063,-4.75508,4.75576,,-168.288,17.1286,0.880526,7.31857,fluid
517,0.15119,3.78465,,1001.95,510.077,23042.3,,0.0793855,-4.92802,4.92866,,-151.261,17.1253,0.849673,7.31527,fluid
518,0.149621,3.95719,,1001.7,514.52,20067.3,,0.0789784,-5.11344,5.11405,,-133.128,17.0538,0.765509,7.2438,fluid
519,0.148137,4.13283,,1001.44,512.036,17051.3,,0.0775245,-5.27369,5.27426,,-114.191,17.0503,0.748419,7.24027,fluid
520,0.146515,4.31681,,1001.18,524.767,13892,,0.0778026,-5.46703,5.46758,,-94.3591,16.1847,0.346232,6.37472,fluid
521,0.144699,4.49357,,1000.92,508.867,10870.3,,0.0731106,-5.69712,5.69759,,-76.0993,15.4446,-1.04518,5.63461,fluid
522,0.141039,4.68014,,1000.68,409.674,7967.68,,0.0562908,-5.84739,5.84766,,-58.9077,15.2947,-2.45313,5.4847,fluid
523,0.131473,4.92032,,1000.45,146.86,5247.54,,0.0199473,-5.93295,5.93299,,-40.1664,16.7184,-0.270556,6.90845,fluid
524,0.142233,5.0431,,1000.37,405.109,4391.37,,0.0618488,-6.24961,6.24992,,-26.9882,18.7311,3.87486,8.92107,fluid
525,0.530083,0.100943,,1005.07,329.598,60585.1,,0.202196,-0.109774,0.230073,,-111.731,11.6715,1.98577,1.86152,fluid
526,0.578885,0.184824,,1005.11,385.12,61070.4,,0.239904,-0.143392,0.279492,,-104.434,12.5113,0.526106,2.70129,fluid
527,0.648211,0.292655,,1005.18,449.952,61924.7,,0.217645,-0.20709,0.300426,,-103.619,13.153,-8.57966,3.34303,fluid
528,0.740698,0.322048,,1005.16,461.218,61661.5,,0.190231,-0.295438,0.351385,,-95.6429,14.1922,-12.8222,4.38219,fluid
529,0.843449,0.362486,,1005.14,548.321,61443.3,,0.336693,-0.408848,0.529641,,-82.2129,14.0167,-9.73762,4.20667,fluid
530,0.925428,0.404566,,1005.15,665.44,61553.8,,0.719791,-0.466361,0.857667,,-61.9321,12.3979,4.24106,2.58787,fluid
531,0.953619,0.449124,,1005.2,712.021,62225.4,,0.910766,-0.508,1.04286,,-53.0817,12.9089,11.8323,3.09887,fluid
532,0.93816,0.491414,,1005.27,753.971,63078,,0.913674,-0.563967,1.07371,,-55.9764,13.9152,10.9066,4.10516,fluid
533,0.903427,0.533426,,1005.35,801.952,63941.6,,0.811604,-0.640207,1.03371,,-65.8974,14.478,4.50297,4.66805,fluid
534,0.871816,0.573942,,1005.41,838.617,64676.6,,0.706602,-0.744962,1.02677,,-75.8099,14.8606,-2.02273,5.05064,fluid
535,0.850501,0.619664,,1005.46,878.106,65349.1,,0.679998,-0.887959,1.11842,,-81.1257,15.1325,-4.70696,5.32251,fluid
536,0.831844,0.673511,,1005.51,917.357,65973.6,,0.689985,-1.02855,1.23854,,-83.9708,13.7107,-5.09554,3.9007,fluid
537,0.81373,0.730854,,1005.55,940.422,66438.7,,0.703366,-1.1024,1.30768,,-85.5258,11.8486,-4.32928,2.0386,fluid
538,0.794819,0.788296,,1005.57,951.371,66686.2,,0.707203,-1.15339,1.35294,,-86.9353,11.2524,-3.49908,1.44245,fluid
539,0.77533,0.848664,,1005.57,958.719,66716.6,,0.709077,-1.22948,1.4193,,-88.0734,11.648,-2.50105,1.83799,fluid
540,0.755764,0.912454,,1005.56,962.353,66517.9,,0.706953,-1.34153,1.5164,,-88.9325,11.882,-1.40475,2.07201,fluid
541,0.736538,0.979076,,1005.52,962.68,66096.9,,0.699854,-1.46878,1.62699,,-89.6738,11.7604,-0.42679,1.95043,fluid
542,0.7177,1.0488,,1005.47,963.386,65475.5,,0.689738,-1.60134,1.74357,,-90.4132,11.837,0.319962,2.027,fluid
543,0.699139,1.12211,,1005.41,964.257,64682.1,,0.675923,-1.73744,1.86428,,-91.2222,12.123,0.796983,2.31302,fluid
544,0.680944,1.19945,,1005.33,962.276,63748.2,,0.658939,-1.8699,1.9826,,-91.9622,12.4391,1.15884,2.62909,fluid
545,0.663122,1.28041,,1005.24,957.63,62716.4,,0.638814,-2.00121,2.1007,,-92.7314,13.0414,1.35263,3.23142,fluid
546,0.645647,1.3646,,1005.15,946.843,61626.6,,0.612649,-2.14131,2.22723,,-93.6278,13.8991,1.33201,4.08914,fluid
547,0.628668,1.45241,,1005.06,921.895,60495.7,,0.578078,-2.28506,2.35705,,-94.4862,14.5715,1.25761,4.76155,fluid
548,0.612406,1.54435,,1004.96,879.398,59313.7,,0.534814,-2.42667,2.4849,,-95.173,14.9563,1.2021,5.14628,fluid
549,0.597131,1.64054,,1004.86,819.068,58054.5,,0.48425,-2.56676,2.61204,,-95.5963,15.0395,1.15589,5.2295,fluid
550,0.583091,1.74082,,1004.75,746.271,56688.7,,0.430397,-2.70481,2.73884,,-95.6709,14.9371,1.09081,5.12706,fluid
551,0.570437,1.84518,,1004.62,669.009,55190.7,,0.377801,-2.8394,2.86442,,-95.3175,14.7719,0.988817,4.96188,fluid
552,0.559197,1.9536,,1004.49,597.01,53550.2,,0.331574,-2.96897,2.98743,,-94.4806,14.6769,0.854314,4.86689,fluid
553,0.549215,2.06591,,1004.34,540.304,51776.9,,0.296217,-3.09559,3.10973,,-93.1679,14.7637,0.69901,4.95373,fluid
554,0.540183,2.1821,,1004.19,504.452,49892.2,,0.273403,-3.22332,3.2349,,-91.4462,15.0451,0.530435,5.2351,fluid
555,0.531737,2.30225,,1004.02,489.239,47921,,0.262003,-3.35532,3.36554,,-89.3857,15.4511,0.37486,5.64105,fluid
556,0.523538,2.42651,,1003.85,489.716,45882.2,,0.258759,-3.49294,3.50251,,-87.0434,15.8989,0.259043,6.08892,fluid
557,0.515345,2.55511,,1003.68,498.523,43781.7,,0.259513,-3.63648,3.64573,,-84.4466,16.3073,0.198143,6.49728,fluid
558,0.507049,2.68831,,1003.5,508.873,41611.9,,0.260714,-3.78484,3.79381,,-81.5954,16.6119,0.18553,6.80195,fluid
559,0.498657,2.82633,,1003.31,516.395,39357.5,,0.260279,-3.93666,3.94526,,-78.45,16.8226,0.216637,7.01264,fluid
560,0.490263,2.96934,,1003.11,519.601,37001.1,,0.257653,-4.09094,4.09905,,-74.9529,16.9646,0.284733,7.15464,fluid
561,0.482017,3.11752,,1002.91,519.553,34528.9,,0.253509,-4.24723,4.25479,,-71.0508,17.0558,0.375564,7.24581,fluid
562,0.474119,3.27112,,1002.69,518.429,31932.3,,0.24899,-4.4068,4.41383,,-66.7032,17.1079,0.466867,7.29789,fluid
563,0.466777,3.4298,,1002.46,516.124,29219.5,,0.244161,-4.57262,4.57914,,-61.9112,17.1567,0.533362,7.34665,fluid
564,0.460097,3.59362,,1002.23,511.209,26400,,0.238453,-4.73929,4.74529,,-56.6797,17.199,0.571922,7.38897,fluid
565,0.45413,3.76229,,1001.98,506.492,23487.9,,0.23322,-4.91078,4.91631,,-51.0365,17.2013,0.581778,7.39126,fluid
566,0.448932,3.93483,,1001.73,503.605,20503.4,,0.229408,-5.09125,5.09642,,-44.9918,17.2067,0.60082,7.39666,fluid
567,0.443962,4.11094,,1001.48,495.004,17462.8,,0.22338,-5.24861,5.25336,,-38.591,17.2829,0.684942,7.47289,fluid
568,0.438721,4.29582,,1001.21,506.908,14244.9,,0.22527,-5.42424,5.42891,,-31.8206,16.4917,0.609425,6.68175,fluid
569,0.4334,4.47622,,1000.94,504.967,11067.3,,0.220167,-5.63677,5.64107,,-25.4132,15.6289,0.0989307,5.8189,fluid
570,0.423228,4.66682,,1000.68,416.009,7984.7,,0.176999,-5.78401,5.78672,,-19.2788,15.3594,-0.425333,5.54943,fluid
571,0.398114,4.90065,,1000.44,174.583,5232.84,,0.0729442,-5.91221,5.91266,,-12.8216,16.73,0.316638,6.92003,fluid
572,0.431294,5.0222,,1000.37,443.222,4305.17,,0.194789,-6.25131,6.25435,,-8.29941,18.5631,1.67891,8.75314,fluid
573,0.917368,0.0999684,,1004.62,394.621,55090.1,,0.375731,-0.149726,0.404464,,-60.8704,13.1273,-1.09393,3.3173,fluid
574,1.04874,0.151092,,1004.57,482.995,54575.6,,0.588399,-0.185599,0.616977,,-49.1445,13.1781,2.65794,3.36809,fluid
575,1.13283,0.26683,,1004.77,588.604,56966.6,,0.694784,-0.263442,0.743052,,-47.3624,14.2334,2.6856,4.42338,fluid
576,1.24049,0.286162,,1004.77,586.299,56934.8,,0.522668,-0.312235,0.608828,,-47.9733,16.2451,-2.29414,6.43511,fluid
577,1.45756,0.320516,,1004.76,620.833,56868.6,,0.71446,-0.420767,0.829155,,-44.2115,16.5081,-5.38002,6.69812,fluid
578,1.58701,0.36948,,1004.84,689.449,57838.3,,1.43527,-0.43804,1.50062,,-30.7184,14.9281,5.55081,5.11809,fluid
579,1.56335,0.413381,,1004.98,713.529,59457.4,,1.48751,-0.489705,1.56605,,-31.2096,15.6184,6.63414,5.80839,fluid
580,1.48749,0.44988,,1005.1,751.54,60957.1,,1.30819,-0.5714,1.42754,,-36.7206,15.8799,4.05139,6.06987,fluid
581,1.40659,0.481642,,1005.2,783.074,62195.8,,0.914461,-0.69731,1.14999,,-48.436,15.7966,-4.44733,5.98665,fluid
582,1.38855,0.525323,,1005.3,835.867,63413.2,,0.969416,-0.775712,1.24157,,-49.8785,15.3767,-4.45062,5.5667,fluid
583,1.38345,0.578731,,1005.41,900.06,64706.9,,1.17831,-0.867021,1.46292,,-47.2398,15.8263,-0.719218,6.01629,fluid
584,1.35883,0.634913,,1005.5,954.498,65864.4,,1.23065,-1.04768,1.61621,,-48.756,15.7385,-0.549929,5.92846,fluid
585,1.32746,0.697404,,1005.58,989.561,66844,,1.2421,-1.22206,1.74248,,-50.4471,13.3269,-0.371744,3.51688,fluid
586,1.29341,0.764232,,1005.64,990.433,67528.9,,1.22825,-1.31127,1.79667,,-51.4585,11.1777,0.458591,1.36774,fluid
587,1.2592,0.832024,,1005.67,974.248,67857.6,,1.19625,-1.38019,1.82645,,-52.3133,10.9975,1.27259,1.18752,fluid
588,1.2264,0.901937,,1005.67,950.347,67847.5,,1.15311,-1.4853,1.88037,,-53.0662,11.2219,1.94455,1.41191,fluid
589,1.19491,0.974555,,1005.64,919.28,67507.9,,1.09569,-1.60864,1.94635,,-53.9841,10.9748,2.19526,1.1648,fluid
590,1.16516,1.05025,,1005.59,886.313,66866.6,,1.03281,-1.72876,2.01378,,-54.9719,10.8494,2.09781,1.03941,fluid
591,1.13749,1.12886,,1005.51,852.838,65976.3,,0.972587,-1.84431,2.08504,,-55.7526,10.8559,1.93102,1.04587,fluid
592,1.11176,1.21022,,1005.42,822.304,64902,,0.917694,-1.95136,2.15638,,-56.3684,11.1449,1.69411,1.33489,fluid
593,1.08754,1.29416,,1005.33,796.798,63712.1,,0.866891,-2.05837,2.23347,,-56.9271,11.8266,1.34631,2.01659,fluid
594,1.06448,1.38057,,1005.22,772.239,62460.9,,0.819671,-2.16274,2.31286,,-57.3333,12.5577,1.03925,2.74772,fluid
595,1.04234,1.46952,,1005.12,748.943,61176.5,,0.775207,-2.26466,2.39366,,-57.6026,13.3486,0.789938,3.53863,fluid
596,1.02102,1.56141,,1005.01,723.311,59856.3,,0.731314,-2.37102,2.48124,,-57.7025,13.9667,0.62907,4.15667,fluid
597,1.0006,1.6564,,1004.9,693.675,58480.8,,0.68779,-2.48349,2.57697,,-57.6193,14.3472,0.541417,4.53721,fluid
598,0.981155,1.75444,,1004.78,662.579,57028.7,,0.646284,-2.60125,2.68034,,-57.3556,14.6221,0.492233,4.81206,fluid
599,0.962654,1.85569,,1004.65,633.01,55480.7,,0.608178,-2.72412,2.79118,,-56.9096,14.8804,0.456848,5.07041,fluid
600,0.945048,1.9604,,1004.51,607.077,53826.4,,0.574732,-2.8523,2.90963,,-56.2747,15.1625,0.42582,5.35248,fluid
601,0.928245,2.0688,,1004.37,586.234,52067.3,,0.546923,-2.98699,3.03665,,-55.4533,15.5052,0.395103,5.69515,fluid
602,0.912104,2.1812,,1004.21,571.505,50212.1,,0.525206,-3.12947,3.17323,,-54.4519,15.891,0.368063,6.08105,fluid
603,0.896465,2.29786,,1004.05,562.628,48272.1,,0.508898,-3.2791,3.31835,,-53.2762,16.2497,0.353764,6.43966,fluid
604,0.881166,2.41899,,1003.88,557.898,46256.4,,0.496146,-3.43362,3.46928,,-51.9369,16.539,0.354521,6.72899,fluid
605,0.866097,2.5448,,1003.71,554.62,44166.3,,0.484744,-3.59093,3.62351,,-50.435,16.7568,0.371136,6.94678,fluid
606,0.85121,2.67547,,1003.53,550.596,41995.7,,0.473153,-3.75007,3.7798,,-48.7578,16.9112,0.405153,7.10119,fluid
607,0.836495,2.81111,,1003.34,544.723,39735.4,,0.460527,-3.91051,3.93753,,-46.8883,17.0273,0.455812,7.2173,fluid
608,0.821976,2.95185,,1003.15,536.9,37376.4,,0.446669,-4.07145,4.09588,,-44.8075,17.1269,0.521301,7.31694,fluid
609,0.807728,3.09783,,1002.94,528.244,34911.1,,0.432345,-4.23196,4.25399,,-42.4987,17.2164,0.595987,7.40638,fluid
610,0.793931,3.24933,,1002.72,520.733,32330.7,,0.419081,-4.39246,4.41241,,-39.9336,17.2846,0.67808,7.47459,fluid
611,0.780884,3.40631,,1002.5,514.627,29632,,0.407377,-4.5555,4.57368,,-37.1003,17.3281,0.751898,7.51814,fluid
612,0.768873,3.569,,1002.26,508.285,26813.1,,0.396296,-4.71888,4.73549,,-33.9914,17.3162,0.803127,7.50622,fluid
613,0.758094,3.73711,,1002.02,501.449,23889,,0.385723,-4.88788,4.90308,,-30.631,17.2749,0.817449,7.46493,fluid
614,0.748504,3.90964,,1001.77,491.767,20892.1,,0.374279,-5.06453,5.07834,,-27.0221,17.3331,0.840493,7.52308,fluid
615,0.739187,4.08628,,1001.51,474.823,17837.8,,0.357717,-5.2214,5.23363,,-23.166,17.5105,0.92935,7.70045,fluid
616,0.729483,4.27174,,1001.23,483.156,14585.5,,0.355571,-5.38513,5.39686,,-19.0598,16.8297,0.909844,7.01966,fluid
617,0.720556,4.45495,,1000.95,494.988,11270.7,,0.355886,-5.57549,5.58684,,-15.085,15.8879,0.541703,6.0779,fluid
618,0.70512,4.65007,,1000.68,419.558,7972.55,,0.296998,-5.70742,5.71514,,-11.1735,15.482,0.125514,5.67202,fluid
619,0.670073,4.87504,,1000.44,196.264,5189.59,,0.141505,-5.86488,5.86659,,-7.19374,16.782,0.547658,6.97199,fluid
620,0.716484,5.00543,,1000.35,433.84,4128.89,,0.31924,-6.20558,6.21378,,-4.4243,18.304,1.33639,8.49402,fluid
621,1.30734,0.0969145,,1004.22,462.429,50265.4,,0.606882,-0.17241,0.630897,,-37.9585,15.3296,0.328756,5.51962,fluid
622,1.51241,0.118795,,1004.11,486.91,49023.2,,0.663359,-0.20786,0.695162,,-34.8074,15.7867,-2.52624,5.97666,fluid
623,1.66272,0.233393,,1004.38,612.917,52273.3,,1.08638,-0.294657,1.12564,,-30.2012,15.4359,1.10017,5.62587,fluid
624,1.79299,0.253684,,1004.4,629.904,52447,,0.908983,-0.332114,0.967755,,-28.9445,17.5859,0.178595,7.77589,fluid
625,2.13271,0.295087,,1004.42,711.1,52723.7,,1.56859,-0.404782,1.61997,,-25.1317,17.5533,-0.518983,7.74326,fluid
626,2.18379,0.343777,,1004.59,746.396,54833.2,,1.92685,-0.446514,1.97791,,-22.3507,17.5859,2.64361,7.77586,fluid
627,2.07307,0.379508,,1004.76,764.203,56887.7,,1.76149,-0.514076,1.83498,,-25.2146,17.4603,2.09656,7.65028,fluid
628,1.99162,0.413379,,1004.91,785.731,58621.3,,1.54972,-0.605938,1.66396,,-29.0101,17.5062,0.280234,7.69615,fluid
629,1.9452,0.452737,,1005.05,815.867,60307.2,,1.41574,-0.690997,1.57537,,-32.9814,17.296,-2.13395,7.48602,fluid
630,1.95037,0.505111,,1005.2,871.634,62228.3,,1.74224,-0.741492,1.89347,,-29.6133,16.994,2.12747,7.18398,fluid
631,1.91554,0.555878,,1005.35,917.653,63966.4,,1.74624,-0.848009,1.94125,,-32.1729,17.4255,1.04291,7.61552,fluid
632,1.86318,0.60631,,1005.47,967.826,65471.3,,1.6711,-1.08626,1.99312,,-36.1893,18.0727,-1.24092,8.26272,fluid
633,1.81344,0.668516,,1005.59,1008.58,66975.3,,1.66383,-1.35681,2.14692,,-37.765,15.3429,-1.03768,5.53291,fluid
634,1.76739,0.740858,,1005.7,996.146,68229.4,,1.65193,-1.46577,2.20847,,-37.4109,11.1088,0.97497,1.29877,fluid
635,1.72075,0.814292,,1005.76,952.622,68939.9,,1.57412,-1.49595,2.17157,,-37.514,9.73645,2.32046,-0.0735513,fluid
636,1.67751,0.888673,,1005.77,904.504,69113.7,,1.46658,-1.55631,2.13845,,-38.1794,9.78169,2.78455,-0.0283063,fluid
637,1.63891,0.964288,,1005.74,852.63,68791.6,,1.35434,-1.65201,2.13621,,-39.0537,9.4274,2.68067,-0.382604,fluid
638,1.60424,1.04216,,1005.68,801.108,68037,,1.25034,-1.75308,2.15329,,-39.9184,9.14173,2.25281,-0.668266,fluid
639,1.57317,1.12281,,1005.59,754.013,66939.6,,1.16699,-1.84959,2.18697,,-40.5317,9.18263,1.78246,-0.627371,fluid
640,1.54431,1.2058,,1005.48,718.034,65615.9,,1.10449,-1.94033,2.23266,,-40.9499,9.70697,1.3074,-0.103035,fluid
641,1.51667,1.29031,,1005.37,695.944,64191.7,,1.05744,-2.02627,2.2856,,-41.2781,10.7492,0.820006,0.939245,fluid
642,1.48973,1.37605,,1005.25,685.499,62756.1,,1.02043,-2.11495,2.34825,,-41.5387,12.1507,0.367216,2.34074,fluid
643,1.46319,1.46389,,1005.13,680.344,61335.4,,0.989096,-2.21566,2.42641,,-41.6236,13.4938,0.0814925,3.68382,fluid
644,1.43692,1.55461,,1005.01,674.38,59919.6,,0.959054,-2.32985,2.51952,,-41.5031,14.4206,-0.0111436,4.61062,fluid
645,1.41115,1.64841,,1004.9,665.268,58488.3,,0.92946,-2.45257,2.62279,,-41.2052,14.9345,0.0401959,5.12452,fluid
646,1.38589,1.74525,,1004.77,653.76,57017.8,,0.900055,-2.57903,2.73157,,-40.7917,15.2139,0.154405,5.4039,fluid
647,1.36118,1.84532,,1004.65,641.683,55482.7,,0.871499,-2.70728,2.84409,,-40.2874,15.4171,0.284861,5.60714,fluid
648,1.33688,1.94881,,1004.51,630.357,53865.4,,0.84388,-2.83845,2.96124,,-39.7207,15.6184,0.389983,5.80837,fluid
649,1.31307,2.05593,,1004.37,620.406,52158.3,,0.818087,-2.97482,3.08526,,-39.0807,15.8662,0.468813,6.05622,fluid
650,1.28971,2.16694,,1004.22,611.996,50360.8,,0.794299,-3.11784,3.21742,,-38.354,16.1602,0.529921,6.35019,fluid
651,1.26677,2.28211,,1004.07,604.88,48475.6,,0.771884,-3.26719,3.35713,,-37.5296,16.4504,0.582457,6.64044,fluid
652,1.24421,2.40163,,1003.9,598.077,46504.3,,0.749669,-3.42124,3.50241,,-36.595,16.697,0.636267,6.88701,fluid
653,1.22202,2.52574,,1003.73,590.358,44442.9,,0.726698,-3.57843,3.65148,,-35.5407,16.8925,0.692279,7.08253,fluid
654,1.20023,2.65467,,1003.55,580.679,42284.5,,0.70271,-3.73817,3.80365,,-34.3494,17.0394,0.75629,7.22942,fluid
655,1.17884,2.78859,,1003.37,568.974,40023.6,,0.67774,-3.90028,3.95873,,-33.0141,17.1487,0.823556,7.33873,fluid
656,1.15786,2.92766,,1003.17,555.629,37659.6,,0.651674,-4.06406,4.11598,,-31.534,17.2502,0.888477,7.44021,fluid
657,1.13728,3.072,,1002.96,541.249,35195.3,,0.624743,-4.22802,4.27393,,-29.9035,17.3519,0.951993,7.54186,fluid
658,1.11718,3.22188,,1002.75,527.625,32628.1,,0.59852,-4.39116,4.43176,,-28.1084,17.4425,1.01716,7.6325,fluid
659,1.09783,3.37738,,1002.52,516.092,29949.8,,0.574829,-4.55375,4.58989,,-26.1323,17.5079,1.07988,7.69788,fluid
660,1.07964,3.53901,,1002.29,506.564,27142.2,,0.554408,-4.71383,4.74632,,-23.9534,17.4736,1.12909,7.66359,fluid
661,1.06309,3.70672,,1002.04,498.032,24208.6,,0.537132,-4.87841,4.90789,,-21.5844,17.3712,1.141,7.56124,fluid
662,1.04828,3.87961,,1001.79,484.581,21190.8,,0.518125,-5.05097,5.07748,,-19.0222,17.4121,1.15651,7.60208,fluid
663,1.03407,4.05698,,1001.53,461.097,18128.9,,0.489435,-5.20908,5.23202,,-16.2753,17.6541,1.22956,7.84414,fluid
664,1.0192,4.24321,,1001.26,461.701,14877.4,,0.474785,-5.36727,5.38823,,-13.3644,17.1068,1.21437,7.29683,fluid
665,1.0059,4.4286,,1000.97,480.041,11492,,0.477557,-5.54368,5.56421,,-10.5166,16.1249,0.896869,6.31491,fluid
666,0.985963,4.62746,,1000.68,419.556,8033.45,,0.414552,-5.65781,5.67298,,-7.62884,15.5933,0.51344,5.78331,fluid
667,0.943523,4.84986,,1000.44,222.276,5170.24,,0.228254,-5.83523,5.8397,,-4.63879,16.8017,0.838525,6.99168,fluid
668,0.991548,4.99214,,1000.34,420.784,3996.38,,0.426965,-6.16838,6.18314,,-2.64679,18.0431,1.38229,8.23314,fluid
669,1.76277,0.0862092,,1003.81,515.936,45361.1,,1.02265,-0.193745,1.04084,,-24.5152,15.9506,1.12,6.14065,fluid
670,1.97259,0.0992519,,1003.72,513.249,44257.8,,0.850507,-0.217896,0.877976,,-24.1379,17.7071,-1.7846,7.89705,fluid
671,2.20285,0.201139,,1004,650.252,47635.5,,1.42095,-0.306863,1.45371,,-21.9672,17.9587,-0.428849,8.14875,fluid
672,2.37814,0.225843,,1004.03,650.717,47992.4,,1.28559,-0.344655,1.33099,,-19.7624,19.5944,0.337273,9.78445,fluid
673,2.76354,0.272755,,1004.09,753.466,48789.3,,2.19234,-0.407036,2.22981,,-16.7724,20.0171,0.810222,10.2071,fluid
674,2.72148,0.31825,,1004.33,782.257,51612.5,,2.27207,-0.459461,2.31806,,-18.2072,19.7668,0.675888,9.95684,fluid
675,2.57172,0.349089,,1004.51,773.692,53847.6,,2.12988,-0.532112,2.19535,,-19.2466,18.9956,1.59768,9.18555,fluid
676,2.54669,0.391874,,1004.7,802.125,56136.2,,2.16991,-0.593681,2.24966,,-20.2158,18.9153,1.72379,9.10532,fluid
677,2.52679,0.439163,,1004.9,837.007,58489.5,,2.25364,-0.657692,2.34765,,-20.8724,18.7201,2.16256,8.91007,fluid
678,2.48492,0.487968,,1005.09,871.73,60784.4,,2.21192,-0.736411,2.33128,,-23.0787,18.0725,1.25879,8.26253,fluid
679,2.41986,0.532019,,1005.24,907.693,62721.9,,2.08189,-0.862867,2.25362,,-26.2752,17.9187,-0.490732,8.10874,fluid
680,2.36018,0.579981,,1005.4,959.966,64571.5,,2.08063,-1.08847,2.34814,,-28.2264,19.0172,-1.01459,9.20717,fluid
681,2.30545,0.642996,,1005.56,1012.61,66566,,2.13026,-1.37559,2.53579,,-28.6623,16.937,0.0512889,7.12703,fluid
682,2.24918,0.718461,,1005.7,1001.74,68316.4,,2.10103,-1.50966,2.58716,,-28.0594,11.1689,2.14231,1.35886,fluid
683,2.18991,0.793709,,1005.79,945.327,69355.5,,1.95591,-1.52614,2.48087,,-28.2749,8.75294,3.21326,-1.05706,fluid
684,2.13712,0.868006,,1005.82,884.082,69710.5,,1.78345,-1.57131,2.37691,,-29.234,8.75301,3.19616,-1.05699,fluid
685,2.0924,0.943412,,1005.8,817.731,69449.9,,1.62415,-1.66104,2.32313,,-30.3522,8.43457,2.64799,-1.37543,fluid
686,2.05287,1.02113,,1005.73,751.951,68640.7,,1.49075,-1.76505,2.31035,,-31.3271,7.9578,1.91879,-1.8522,fluid
687,2.01715,1.1018,,1005.63,696.477,67391.6,,1.39563,-1.86402,2.32859,,-31.9356,7.88136,1.28673,-1.92864,fluid
688,1.98402,1.18439,,1005.5,660.909,65875.2,,1.33606,-1.95274,2.36606,,-32.2982,8.63465,0.722931,-1.17535,fluid
689,1.95222,1.26783,,1005.37,646.876,64274,,1.30122,-2.04103,2.42053,,-32.4774,10.1408,0.270201,0.33079,fluid
690,1.9208,1.35273,,1005.24,649.634,62693.8,,1.27868,-2.13704,2.49038,,-32.489,12.0373,-0.0197169,2.22727,fluid
691,1.88914,1.44024,,1005.12,659.25,61171.7,,1.25837,-2.24548,2.57404,,-32.3734,13.7403,-0.157443,3.93026,fluid
692,1.85734,1.53088,,1005,667.405,59708.8,,1.23683,-2.36526,2.66912,,-32.1022,14.9053,-0.114494,5.09533,fluid
693,1.82565,1.62457,,1004.88,669.483,58282.1,,1.21212,-2.49183,2.771,,-31.7144,15.4944,0.054546,5.68441,fluid
694,1.79416,1.72129,,1004.76,665.498,56850.5,,1.18375,-2.61912,2.87421,,-31.2836,15.6809,0.252749,5.87088,fluid
695,1.76296,1.82116,,1004.64,658.104,55370.1,,1.15375,-2.74513,2.97773,,-30.8331,15.7259,0.429326,5.91592,fluid
696,1.73192,1.92427,,1004.51,649.599,53809.4,,1.12283,-2.8731,3.08471,,-30.3824,15.7757,0.547266,5.96567,fluid
697,1.70125,2.03089,,1004.37,641.318,52150.9,,1.09324,-3.00642,3.19902,,-29.8837,15.9109,0.637256,6.10093,fluid
698,1.67092,2.14129,,1004.23,633.834,50392.7,,1.06471,-3.14657,3.32182,,-29.3181,16.1294,0.71355,6.31945,fluid
699,1.64091,2.25573,,1004.07,626.984,48540.1,,1.03627,-3.29295,3.45215,,-28.6677,16.3972,0.793398,6.58718,fluid
700,1.61123,2.37444,,1003.91,619.91,46597.9,,1.0065,-3.44438,3.58842,,-27.9196,16.6615,0.888414,6.85154,fluid
701,1.58191,2.49765,,1003.74,611.152,44563.8,,0.974356,-3.59928,3.72884,,-27.0648,16.8889,1.001,7.07887,fluid
702,1.55304,2.62566,,1003.57,600.025,42429.2,,0.93986,-3.75667,3.87246,,-26.1054,17.071,1.11769,7.26097,fluid
703,1.52466,2.75867,,1003.38,586.654,40187,,0.903516,-3.91654,4.01941,,-25.0506,17.2118,1.2186,7.40185,fluid
704,1.49684,2.8969,,1003.18,571.391,37835.5,,0.865699,-4.07872,4.16958,,-23.9002,17.3221,1.29648,7.51214,fluid
705,1.46961,3.04049,,1002.98,554.434,35380,,0.826375,-4.242,4.32174,,-22.6481,17.4255,1.35476,7.61547,fluid
706,1.44298,3.18963,,1002.77,536.79,32825,,0.786478,-4.40539,4.47504,,-21.2859,17.5308,1.39938,7.72077,fluid
707,1.41709,3.34438,,1002.54,520.249,30166.5,,0.74823,-4.56779,4.62867,,-19.794,17.6241,1.43969,7.81405,fluid
708,1.39228,3.50534,,1002.31,506.628,27379.5,,0.714318,-4.72576,4.77944,,-18.1517,17.613,1.46834,7.803,fluid
709,1.36917,3.67273,,1002.06,495.942,24451.5,,0.68681,-4.88575,4.93378,,-16.3562,17.4934,1.4657,7.68342,fluid
710,1.34822,3.84607,,1001.81,480.591,21417.2,,0.659916,-5.05273,5.09564,,-14.3833,17.4985,1.47345,7.68848,fluid
711,1.32851,4.02438,,1001.55,453.726,18337.9,,0.62164,-5.21105,5.248,,-12.2393,17.739,1.54277,7.92897,fluid
712,1.30821,4.21162,,1001.28,447.199,15087.8,,0.592239,-5.36779,5.40036,,-9.99291,17.2843,1.52559,7.47433,fluid
713,1.28981,4.39909,,1000.99,465.759,11671.8,,0.590028,-5.53726,5.56861,,-7.81634,16.2925,1.22395,6.48252,fluid
714,1.26486,4.60104,,1000.69,415.328,8120.39,,0.525285,-5.6367,5.66112,,-5.5492,15.6888,0.866384,5.87878,fluid
715,1.21708,4.82161,,1000.44,246.393,5216.09,,0.328166,-5.82699,5.83622,,-3.10891,16.8598,1.17493,7.04984,fluid
716,1.26166,4.9741,,1000.34,409.909,3948.4,,0.527066,-6.14999,6.17254,,-1.52345,17.8992,1.60504,8.08919,fluid
717,2.24945,0.0682504,,1003.4,546.446,40435.8,,1.32722,-0.210477,1.34381,,-18.2532,17.6042,-0.338205,7.79418,fluid
718,2.48553,0.0865318,,1003.33,560.094,39554.8,,1.3682,-0.230329,1.38745,,-15.9496,18.8749,-0.0883503,9.06489,fluid
719,2.75809,0.175113,,1003.6,684.714,42888.2,,1.79401,-0.309402,1.82049,,-16.1189,20.2547,-0.624768,10.4447,fluid
720,3.04983,0.203156,,1003.61,676.023,42981.2,,1.90733,-0.363592,1.94168,,-14.4604,21.7515,-0.418097,11.9415,fluid
721,3.36529,0.253547,,1003.76,768.288,44764.3,,2.74147,-0.419857,2.77344,,-12.9473,22.969,0.304598,13.159,fluid
722,3.24858,0.295927,,1004.04,775.22,48098.9,,2.90879,-0.467942,2.94619,,-13.3576,21.9432,1.38901,12.1332,fluid
723,3.07222,0.328628,,1004.27,765.812,50923,,2.33699,-0.530602,2.39647,,-16.2202,21.281,0.284601,11.471,fluid
724,3.11989,0.37739,,1004.5,797.738,53685.3,,2.90601,-0.58731,2.96476,,-12.625,20.9071,4.50537,11.0971,fluid
725,3.07315,0.424782,,1004.74,837.775,56542.1,,2.79417,-0.653675,2.86961,,-15.2849,20.2378,3.02721,10.4278,fluid
726,2.99419,0.467627,,1004.94,874.902,59045.2,,2.53092,-0.744712,2.63821,,-19.0956,19.1206,0.527382,9.31056,fluid
727,2.93135,0.511174,,1005.13,917.529,61309.6,,2.48945,-0.856475,2.63266,,-20.926,18.4045,-0.117563,8.59453,fluid
728,2.8714,0.559571,,1005.31,971.081,63505.1,,2.53839,-1.04235,2.74407,,-22.3692,19.0575,-0.369645,9.24754,fluid
729,2.81064,0.621707,,1005.5,1025.31,65827,,2.60725,-1.32588,2.92501,,-22.837,17.8598,0.455574,8.04983,fluid
730,2.7427,0.696942,,1005.67,1020.79,67914.2,,2.56164,-1.51465,2.97594,,-22.209,11.7867,2.41321,1.97674,fluid
731,2.67109,0.771475,,1005.78,958.722,69197.1,,2.37622,-1.55619,2.84045,,-22.0906,8.13819,3.66653,-1.67181,fluid
732,2.60871,0.844657,,1005.82,887.468,69720.7,,2.16192,-1.5884,2.68271,,-22.9025,7.86039,3.66898,-1.94961,fluid
733,2.55618,0.918906,,1005.81,815.057,69564,,1.97029,-1.67018,2.58294,,-23.8946,7.80125,3.16239,-2.00875,fluid
734,2.50941,0.995429,,1005.74,745.453,68794,,1.80778,-1.77758,2.53533,,-24.8853,7.40722,2.37256,-2.40278,fluid
735,2.46714,1.07476,,1005.64,686.414,67528.9,,1.68865,-1.8841,2.5301,,-25.6603,7.37388,1.55745,-2.43612,fluid
736,2.42887,1.15615,,1005.51,647.465,65952.8,,1.62087,-1.98062,2.55931,,-26.0851,8.1736,0.919787,-1.6364,fluid
737,2.39229,1.23886,,1005.37,633.83,64265.2,,1.5859,-2.0745,2.61125,,-26.276,9.81,0.44397,-3.52513e-06,fluid
738,2.35568,1.3233,,1005.23,641.151,62602.1,,1.56408,-2.1726,2.67704,,-26.3383,11.9094,0.0982466,2.09941,fluid
739,2.31848,1.41027,,1005.11,658.225,61027.2,,1.54505,-2.28209,2.75592,,-26.2643,13.868,-0.0759204,4.058,fluid
740,2.28085,1.50023,,1004.98,673.95,59549.3,,1.52454,-2.40389,2.84656,,-26.0366,15.2477,-0.0577138,5.4377,fluid
741,2.24316,1.59325,,1004.87,681.523,58137.8,,1.49985,-2.53314,2.94386,,-25.7055,15.9083,0.0867612,6.09833,fluid
742,2.20561,1.68943,,1004.75,680.279,56738.3,,1.4714,-2.66176,3.04138,,-25.3188,16.0301,0.284204,6.22006,fluid
743,2.1678,1.78867,,1004.63,673.505,55297,,1.43815,-2.7889,3.13787,,-24.9514,15.9412,0.439406,6.13119,fluid
744,2.13027,1.89125,,1004.51,664.656,53767.5,,1.40563,-2.91687,3.23789,,-24.5381,15.8792,0.588399,6.06923,fluid
745,2.09273,1.9973,,1004.37,655.921,52130.4,,1.3726,-3.05056,3.34514,,-24.0978,15.9214,0.70399,6.11138,fluid
746,2.05544,2.10722,,1004.23,648.334,50383.7,,1.34016,-3.19052,3.46056,,-23.5764,16.0907,0.832767,6.28066,fluid
747,2.01829,2.22122,,1004.07,641.585,48540.7,,1.30593,-3.33635,3.58284,,-22.9774,16.3555,0.975416,6.54548,fluid
748,1.98134,2.33949,,1003.91,634.573,46612.4,,1.26826,-3.48688,3.71037,,-22.3027,16.6466,1.13133,6.83661,fluid
749,1.94475,2.46232,,1003.75,625.557,44599.4,,1.22655,-3.64047,3.84154,,-21.5547,16.9021,1.29288,7.09207,fluid
750,1.90859,2.58994,,1003.57,613.686,42493,,1.18093,-3.79577,3.97523,,-20.74,17.1053,1.4449,7.29533,fluid
751,1.87298,2.72261,,1003.39,599.227,40280.8,,1.13255,-3.95277,4.11182,,-19.8612,17.2675,1.57249,7.45754,fluid
752,1.83801,2.86054,,1003.19,582.711,37955.3,,1.08233,-4.11164,4.25171,,-18.9182,17.3789,1.66626,7.56888,fluid
753,1.80381,3.00394,,1002.99,564.433,35517,,1.0307,-4.27155,4.39415,,-17.9047,17.47,1.72655,7.66002,fluid
754,1.77041,3.15297,,1002.78,544.848,32972.5,,0.978186,-4.43217,4.53883,,-16.8122,17.5745,1.76036,7.76449,fluid
755,1.73788,3.3076,,1002.56,525.171,30324.3,,0.926305,-4.59262,4.68511,,-15.6236,17.6864,1.78087,7.8764,fluid
756,1.7064,3.4684,,1002.32,508.094,27551.9,,0.878235,-4.74911,4.82963,,-14.3218,17.7102,1.78697,7.90021,fluid
757,1.67645,3.63566,,1002.08,494.974,24636.9,,0.837715,-4.90628,4.97728,,-12.8949,17.6145,1.77042,7.80455,fluid
758,1.64867,3.80936,,1001.82,477.939,21600.3,,0.800311,-5.0682,5.131,,-11.3069,17.6137,1.77085,7.8037,fluid
759,1.62266,3.98863,,1001.56,449.553,18504.9,,0.753506,-5.22476,5.27882,,-9.54067,17.8232,1.84551,8.01318,fluid
760,1.59668,4.17676,,1001.29,438.954,15246.8,,0.711764,-5.38112,5.42799,,-7.69983,17.4003,1.8369,7.59031,fluid
761,1.57294,4.3661,,1001,455.739,11805.2,,0.700073,-5.54694,5.59095,,-5.96234,16.4001,1.53534,6.59013,fluid
762,1.54247,4.57097,,1000.69,409.88,8192.07,,0.630867,-5.63528,5.67048,,-4.10232,15.7616,1.20501,5.9516,fluid
763,1.49014,4.78956,,1000.45,262.723,5287.53,,0.430629,-5.83206,5.84794,,-2.01608,16.9594,1.53068,7.14936,fluid
764,1.53003,4.94959,,1000.34,399.291,3947.69,,0.620839,-6.14541,6.17669,,-0.68247,17.8567,1.89681,8.04666,fluid
765,2.75888,0.0503784,,1002.98,578.764,35433,,1.61924,-0.21967,1.63407,,-14.1555,19.2323,-1.35044,9.42229,fluid
766,2.99233,0.0740081,,1002.95,592.031,35013.4,,1.69163,-0.244218,1.70917,,-11.5041,20.5779,0.162518,10.7679,fluid
767,3.35187,0.15401,,1003.18,703.538,37756.6,,2.34583,-0.315977,2.36702,,-11.2387,22.7667,-0.0100803,12.9567,fluid
768,3.77831,0.188313,,1003.19,735.855,37909.8,,2.78673,-0.372016,2.81145,,-10.3561,24.5958,-0.354431,14.7858,fluid
769,3.91699,0.238435,,1003.45,781.068,41051.7,,3.40799,-0.420287,3.43381,,-9.55123,25.0244,0.893139,15.2144,fluid
770,3.73824,0.27705,,1003.77,781.096,44840.2,,3.17784,-0.47288,3.21283,,-9.68482,24.2051,2.26518,14.3951,fluid
771,3.6213,0.312004,,1004.02,778.592,47943.8,,2.71289,-0.540577,2.76623,,-13.7578,23.8226,-0.571499,14.0126,fluid
772,3.67823,0.363053,,1004.29,814.071,51211.8,,3.4083,-0.587265,3.45853,,-9.73788,23.0562,4.12554,13.2462,fluid
773,3.59927,0.406403,,1004.55,849.245,54336.9,,3.12661,-0.660599,3.19563,,-12.9609,21.7876,2.06733,11.9776,fluid
774,3.51425,0.445946,,1004.77,889.801,57005.7,,2.90241,-0.75244,2.99836,,-15.785,20.5414,0.35928,10.7314,fluid
775,3.46313,0.492696,,1005,935.275,59716.5,,2.97645,-0.846511,3.09448,,-17.0124,19.1735,0.145379,9.36351,fluid
776,3.39641,0.539181,,1005.2,984.065,62123.1,,3.02428,-1.00621,3.18727,,-18.7036,19.3701,-0.507302,9.56013,fluid
777,3.32405,0.59838,,1005.41,1037.34,64684.5,,3.09663,-1.29555,3.35672,,-19.1598,19.1098,0.195041,9.29982,fluid
778,3.24589,0.672635,,1005.61,1043.89,67124.5,,3.0548,-1.54753,3.42442,,-18.1996,12.9832,2.36494,3.17322,fluid
779,3.16453,0.746795,,1005.74,980.279,68706.8,,2.8557,-1.61594,3.2812,,-17.4837,7.64834,4.10397,-2.16166,fluid
780,3.09323,0.820356,,1005.8,899.092,69452.2,,2.61391,-1.6156,3.0729,,-17.8105,6.65688,4.51306,-3.15312,fluid
781,3.03261,0.893994,,1005.8,826.267,69438.8,,2.39668,-1.66862,2.92034,,-18.6413,7.10284,4.12412,-2.70716,fluid
782,2.97709,0.968482,,1005.74,759.38,68775.2,,2.19679,-1.77408,2.82369,,-19.7866,6.99698,3.18298,-2.81302,fluid
783,2.92734,1.04535,,1005.64,700.756,67585.2,,2.04484,-1.88702,2.78248,,-20.8223,7.11825,2.13572,-2.69175,fluid
784,2.88285,1.12492,,1005.52,658.774,66030.8,,1.95659,-1.99464,2.79407,,-21.4618,7.93455,1.31729,-1.87545,fluid
785,2.84014,1.20637,,1005.38,640.48,64317.6,,1.90497,-2.09824,2.83399,,-21.9043,9.49644,0.620546,-0.313562,fluid
786,2.79754,1.28954,,1005.24,644.787,62610.5,,1.87331,-2.20233,2.89128,,-22.1706,11.5793,0.0934524,1.7693,fluid
787,2.75435,1.37506,,1005.1,662.444,60994.3,,1.85117,-2.31564,2.96463,,-22.2145,13.6466,-0.18221,3.83664,fluid
788,2.71074,1.46369,,1004.98,681.785,59483.8,,1.8323,-2.43953,3.05101,,-22.0117,15.2392,-0.176652,5.4292,fluid
789,2.66675,1.55558,,1004.86,693.463,58054.2,,1.80905,-2.57241,3.14483,,-21.6834,16.0816,-0.0190962,6.27156,fluid
790,2.62258,1.65079,,1004.74,694.728,56652.3,,1.78076,-2.70594,3.23932,,-21.2952,16.2514,0.204468,6.44138,fluid
791,2.57803,1.74928,,1004.63,688.86,55219.8,,1.74706,-2.83696,3.33175,,-20.8958,16.1276,0.424893,6.31755,fluid
792,2.53333,1.85118,,1004.5,679.755,53706,,1.71079,-2.96808,3.42583,,-20.4681,16.0169,0.636687,6.20689,fluid
793,2.4885,1.95668,,1004.37,670.365,52084.7,,1.67209,-3.10381,3.52555,,-20.0077,16.0145,0.831507,6.20449,fluid
794,2.44373,2.06619,,1004.22,662.183,50351.8,,1.63153,-3.24506,3.63212,,-19.4923,16.1419,1.02549,6.33188,fluid
795,2.399,2.17988,,1004.07,654.833,48522.6,,1.58721,-3.3912,3.74426,,-18.9225,16.3927,1.2217,6.5827,fluid
796,2.35447,2.29796,,1003.91,647.137,46611.6,,1.53829,-3.54114,3.86083,,-18.3031,16.6949,1.41681,6.88494,fluid
797,2.31029,2.42065,,1003.75,637.442,44621.5,,1.4844,-3.69364,3.98076,,-17.6432,16.9614,1.59897,7.15143,fluid
798,2.26662,2.54821,,1003.58,624.663,42542.5,,1.42616,-3.84696,4.1028,,-16.9441,17.16,1.7582,7.34998,fluid
799,2.22356,2.68085,,1003.39,608.858,40360.1,,1.36453,-4.001,4.22728,,-16.2026,17.3231,1.88711,7.51307,fluid
800,2.18126,2.8188,,1003.2,590.928,38061.5,,1.30089,-4.1562,4.35504,,-15.412,17.4398,1.98159,7.62979,fluid
801,2.13985,2.96226,,1003,571.528,35643.1,,1.23622,-4.31225,4.48595,,-14.5706,17.5313,2.03636,7.72134,fluid
802,2.09942,3.11141,,1002.79,551.119,33108.6,,1.17141,-4.46924,4.62021,,-13.6648,17.6307,2.06173,7.82075,fluid
803,2.06006,3.26626,,1002.57,530.192,30462.6,,1.10746,-4.62659,4.75729,,-12.6762,17.7465,2.07322,7.93649,fluid
804,2.02186,3.42728,,1002.34,511.26,27691.5,,1.04676,-4.78122,4.89447,,-11.591,17.7897,2.07313,7.9797,fluid
805,1.98506,3.59471,,1002.09,496.039,24782.2,,0.992805,-4.93698,5.03581,,-10.4086,17.7296,2.04972,7.91963,fluid
806,1.95017,3.76879,,1001.84,476.769,21750,,0.942743,-5.0958,5.18227,,-9.07652,17.7511,2.05589,7.94107,fluid
807,1.91718,3.94898,,1001.58,447.087,18647.9,,0.885991,-5.25028,5.32451,,-7.56216,17.9357,2.14925,8.12569,fluid
808,1.88499,4.13804,,1001.3,434.717,15378.5,,0.833676,-5.40537,5.46928,,-5.99618,17.5029,2.15161,7.69288,fluid
809,1.85579,4.32897,,1001.01,450.073,11908.8,,0.811431,-5.56861,5.62742,,-4.56617,16.4794,1.84447,6.6694,fluid
810,1.81978,4.53656,,1000.7,404.872,8243.31,,0.734597,-5.64887,5.69644,,-2.98513,15.8242,1.54154,6.01422,fluid
811,1.7629,4.75355,,1000.45,273.859,5355.32,,0.533247,-5.85047,5.87472,,-1.13616,17.0752,1.90024,7.2652,fluid
812,1.79712,4.91935,,1000.34,389.673,3963.02,,0.709857,-6.15416,6.19496,,0.0165773,17.866,2.22104,8.05596,fluid
813,3.30011,0.0324113,,1002.52,595.8,29899.3,,2.04525,-0.227999,2.05792,,-10.7951,20.7138,-1.7578,10.9038,fluid
814,3.52557,0.063131,,1002.56,615.683,30338.4,,1.97657,-0.255502,1.99302,,-7.78512,22.5875,0.798165,12.7775,fluid
815,3.9619,0.136409,,1002.77,730.406,32867.5,,2.98527,-0.31943,3.00232,,-7.40323,24.593,0.869763,14.783,fluid
816,4.4819,0.177109,,1002.81,772.485,33371.2,,3.74358,-0.369038,3.76172,,-6.58064,26.0403,0.844266,16.2303,fluid
817,4.41938,0.223496,,1003.16,789.632,37502.9,,3.73074,-0.420338,3.75435,,-7.4963,26.4471,0.963013,16.6371,fluid
818,4.30578,0.263174,,1003.47,794.816,41312.5,,3.66858,-0.477187,3.69948,,-7.69778,26.1266,1.86369,16.3166,fluid
819,4.20867,0.30022,,1003.76,809.314,44721.3,,3.38551,-0.539368,3.42821,,-10.4159,25.7161,0.170335,15.9061,fluid
820,4.23974,0.349806,,1004.06,836.527,48360.6,,3.88108,-0.593912,3.92626,,-8.22442,24.9511,3.13597,15.1411,fluid
821,4.14153,0.388991,,1004.33,868.023,51590.8,,3.56483,-0.668979,3.62706,,-11.1977,23.6072,1.20556,13.7972,fluid
822,4.05989,0.427607,,1004.57,905.041,54490.5,,3.45621,-0.752273,3.53713,,-13.0075,22.2393,0.35311,12.4293,fluid
823,4.01039,0.474979,,1004.82,945.829,57588.5,,3.56424,-0.844113,3.66283,,-14.1526,20.5129,0.138347,10.7029,fluid
824,3.93045,0.518843,,1005.04,983.981,60225.7,,3.60544,-0.988903,3.7386,,-15.4246,20.1257,-0.178607,10.3157,fluid
825,3.84756,0.574958,,1005.28,1030.04,63091.2,,3.67563,-1.26076,3.88584,,-15.3525,20.3525,0.959161,10.5425,fluid
826,3.75912,0.644927,,1005.51,1053.16,65894.7,,3.60637,-1.56363,3.93075,,-14.2183,15.1648,3.21506,5.35484,fluid
827,3.66996,0.719001,,1005.67,1004.9,67929.4,,3.37514,-1.67181,3.7665,,-13.4507,7.99874,4.95444,-1.81126,fluid
828,3.59004,0.792648,,1005.76,924.713,69000.8,,3.09335,-1.66276,3.51192,,-13.8084,5.58163,5.30156,-4.22837,fluid
829,3.52169,0.866311,,1005.78,849.441,69196.4,,2.84583,-1.68049,3.30496,,-14.7565,6.10152,4.77923,-3.70848,fluid
830,3.45813,0.938591,,1005.73,784.685,68678.9,,2.61542,-1.77496,3.16084,,-16.1061,6.28679,3.64078,-3.52321,fluid
831,3.40168,1.013,,1005.65,726.472,67591.1,,2.4504,-1.88672,3.0926,,-17.1855,6.54533,2.57289,-3.26467,fluid
832,3.35021,1.09048,,1005.52,683.349,66084.9,,2.34845,-1.99727,3.08291,,-17.9084,7.44222,1.70884,-2.36778,fluid
833,3.30024,1.16987,,1005.38,661.76,64377.1,,2.28192,-2.1098,3.1078,,-18.4788,9.00776,0.923581,-0.802239,fluid
834,3.2506,1.25094,,1005.24,662.122,62647.6,,2.23922,-2.22481,3.15657,,-18.888,11.1227,0.284161,1.31269,fluid
835,3.2005,1.3345,,1005.1,677.168,60993,,2.2101,-2.34593,3.22303,,-19.035,13.3044,-0.0744286,3.49442,fluid
836,3.14988,1.42144,,1004.97,697.393,59440.9,,2.18687,-2.47431,3.30222,,-18.9042,15.128,-0.126714,5.31798,fluid
837,3.0986,1.51189,,1004.85,712.032,57980.5,,2.16003,-2.61267,3.38995,,-18.5992,16.2212,0.0222757,6.41121,fluid
838,3.04686,1.60592,,1004.74,715.312,56564.6,,2.12715,-2.7537,3.4796,,-18.1919,16.5353,0.285436,6.72529,fluid
839,2.99467,1.70353,,1004.62,709.666,55134.9,,2.08789,-2.8911,3.56619,,-17.7506,16.4303,0.575754,6.62031,fluid
840,2.94205,1.80472,,1004.5,699.758,53639.6,,2.0428,-3.0268,3.65166,,-17.3033,16.2732,0.847187,6.46318,fluid
841,2.88923,1.90969,,1004.36,688.985,52045,,1.9934,-3.16501,3.74045,,-16.8404,16.2246,1.09479,6.41455,fluid
842,2.83634,2.01877,,1004.22,679.076,50341.8,,1.93977,-3.30771,3.83453,,-16.3584,16.3083,1.31584,6.49828,fluid
843,2.78359,2.13222,,1004.07,669.949,48539.3,,1.88178,-3.454,3.93334,,-15.8405,16.5221,1.52638,6.71211,fluid
844,2.73107,2.25017,,1003.92,660.356,46652.5,,1.81853,-3.60325,4.03615,,-15.2852,16.8075,1.73033,6.9975,fluid
845,2.67897,2.37285,,1003.75,649.049,44685.1,,1.75022,-3.75444,4.14235,,-14.7066,17.0661,1.91101,7.25611,fluid
846,2.62746,2.50048,,1003.58,634.888,42627.6,,1.67742,-3.90585,4.25081,,-14.1079,17.2488,2.058,7.43878,fluid
847,2.57676,2.63327,,1003.4,617.654,40464.4,,1.60157,-4.05685,4.36154,,-13.4806,17.3922,2.16978,7.58221,fluid
848,2.52693,2.77136,,1003.21,598.297,38183.1,,1.52387,-4.20844,4.47584,,-12.8164,17.514,2.24575,7.70398,fluid
849,2.47812,2.91498,,1003.01,577.881,35778.2,,1.44581,-4.36109,4.59451,,-12.1028,17.6309,2.29152,7.8209,fluid
850,2.43041,3.06436,,1002.8,556.957,33250.5,,1.36863,-4.51534,4.71821,,-11.3283,17.741,2.31452,7.93095,fluid
851,2.38391,3.21954,,1002.58,535.709,30602.7,,1.29321,-4.67006,4.84581,,-10.4741,17.8429,2.33001,8.0329,fluid
852,2.33876,3.38101,,1002.35,516.232,27823.7,,1.22107,-4.8228,4.97498,,-9.53161,17.8846,2.33732,8.07462,fluid
853,2.29501,3.54891,,1002.1,499.526,24908.3,,1.15423,-4.97764,5.10971,,-8.50948,17.8452,2.32101,8.03519,fluid
854,2.25289,3.72359,,1001.85,477.531,21876.5,,1.09012,-5.13436,5.24881,,-7.34769,17.9026,2.34483,8.09255,fluid
855,2.21251,3.90472,,1001.59,446.147,18774,,1.02121,-5.28724,5.38496,,-6.00961,18.0767,2.46234,8.26672,fluid
856,2.17357,4.09479,,1001.31,433.28,15495.5,,0.958398,-5.44055,5.52432,,-4.64873,17.6155,2.47099,7.80555,fluid
857,2.13863,4.28732,,1001.02,448.107,11993.6,,0.925593,-5.60093,5.6769,,-3.45021,16.5512,2.15218,6.74118,fluid
858,2.0971,4.49761,,1000.7,400.926,8276.52,,0.838903,-5.67444,5.73611,,-2.06935,15.8882,1.87453,6.07822,fluid
859,2.03564,4.7132,,1000.46,281.982,5414,,0.636052,-5.88178,5.91607,,-0.38166,17.2018,2.27673,7.39183,fluid
860,2.06356,4.88357,,1000.34,381.81,3985.05,,0.796653,-6.17643,6.22759,,0.63067,17.9064,2.56117,8.09641,fluid
861,3.8394,0.0153121,,1002.1,611.237,24860.1,,2.43272,-0.2352,2.44407,,-8.49983,21.4445,-2.03839,11.6345,fluid
862,4.1245,0.0526615,,1002.17,646.001,25675.7,,2.38606,-0.261485,2.40034,,-6.05333,23.0246,0.15837,13.2146,fluid
863,4.55334,0.121034,,1002.4,751.855,28462.4,,3.37315,-0.318488,3.38815,,-4.82219,24.9352,1.41372,15.1252,fluid
864,5.10616,0.166032,,1002.48,784.954,29354.2,,4.35867,-0.363803,4.37383,,-5.98956,25.9736,-0.254957,16.1636,fluid
865,4.99774,0.211081,,1002.84,802.26,33718.7,,4.39489,-0.416895,4.41462,,-6.0609,27.3536,0.666781,17.5436,fluid
866,4.89549,0.251843,,1003.18,821.722,37748.9,,4.34928,-0.473859,4.37502,,-5.95362,27.7288,1.73291,17.9188,fluid
867,4.80571,0.29005,,1003.48,839.852,41445.9,,4.1301,-0.535097,4.16462,,-7.5936,27.6247,1.00076,17.8147,fluid
868,4.80412,0.33685,,1003.8,865.577,45295.6,,4.39177,-0.597558,4.43223,,-7.07138,27.0212,2.32137,17.2112,fluid
869,4.70119,0.374007,,1004.08,891.094,48673.7,,4.13712,-0.67248,4.19142,,-8.94319,25.7917,1.36819,15.9817,fluid
870,4.62027,0.412041,,1004.34,922.334,51798.8,,4.10116,-0.75193,4.16952,,-9.97363,24.2823,1.18909,14.4723,fluid
871,4.56569,0.45874,,1004.62,960.935,55189.6,,4.19672,-0.844652,4.28087,,-11.2201,22.3681,0.812188,12.5581,fluid
872,4.47477,0.501049,,1004.86,986.537,58065.6,,4.22912,-0.971614,4.3393,,-11.861,21.31,1.05247,11.5,fluid
873,4.38276,0.553315,,1005.11,1022.57,61142.6,,4.26252,-1.19686,4.42736,,-11.5503,21.3146,2.32944,11.5046,fluid
874,4.28598,0.616243,,1005.36,1064.11,64178.8,,4.14702,-1.51196,4.41404,,-10.8805,18.2148,4.01368,8.40477,fluid
875,4.19134,0.687827,,1005.57,1050.57,66698.3,,3.89248,-1.70678,4.25023,,-10.5819,10.2374,5.24324,0.427391,fluid
876,4.10299,0.760661,,1005.7,977.244,68216.4,,3.58182,-1.7363,3.98048,,-11.0207,5.25297,5.51114,-4.55703,fluid
877,4.02711,0.833902,,1005.74,891.889,68735.7,,3.31798,-1.72568,3.73992,,-11.9272,4.68776,5.04366,-5.12224,fluid
878,3.95677,0.90402,,1005.71,824.212,68437.6,,3.08236,-1.79512,3.56699,,-13.2298,5.12939,3.96826,-4.68061,fluid
879,3.89386,0.976218,,1005.64,763.312,67496.6,,2.9192,-1.89326,3.47939,,-14.2686,5.56314,2.96828,-4.24686,fluid
880,3.83465,1.05123,,1005.52,716.712,66072.1,,2.81038,-2.00262,3.4509,,-15.0252,6.47617,2.1105,-3.33383,fluid
881,3.77643,1.128,,1005.38,690.905,64391.6,,2.73442,-2.12226,3.46137,,-15.6542,8.08388,1.30548,-1.72612,fluid
882,3.71869,1.20672,,1005.24,687.32,62645.7,,2.68352,-2.2468,3.49991,,-16.101,10.356,0.657373,0.546013,fluid
883,3.66038,1.28821,,1005.1,699.805,60953.1,,2.64488,-2.37633,3.55561,,-16.2662,12.7702,0.301411,2.96022,fluid
884,3.60095,1.37314,,1004.97,720.077,59368.3,,2.60802,-2.51357,3.62213,,-16.1913,14.8919,0.214084,5.08191,fluid
885,3.54092,1.46201,,1004.85,737.524,57888.4,,2.56962,-2.65906,3.69778,,-15.903,16.3192,0.366609,6.50922,fluid
886,3.48032,1.55476,,1004.73,743.417,56476,,2.52357,-2.80811,3.77543,,-15.5099,16.8995,0.640954,7.08947,fluid
887,3.4192,1.65137,,1004.61,737.29,55070,,2.46907,-2.95337,3.84951,,-15.0905,16.8778,0.941619,7.06777,fluid
888,3.35775,1.75188,,1004.49,724.854,53610.8,,2.40821,-3.09395,3.92071,,-14.6652,16.6632,1.22966,6.85322,fluid
889,3.29609,1.85635,,1004.36,710.96,52058.2,,2.3419,-3.23426,3.99311,,-14.2444,16.5268,1.48088,6.71682,fluid
890,3.23444,1.96506,,1004.23,697.835,50394.6,,2.27073,-3.37719,4.0696,,-13.8167,16.5482,1.69834,6.73816,fluid
891,3.17302,2.0783,,1004.08,685.708,48624.7,,2.19462,-3.52308,4.15071,,-13.3719,16.7162,1.89026,6.90621,fluid
892,3.11202,2.19619,,1003.93,673.742,46762.3,,2.11363,-3.67113,4.23611,,-12.9037,16.9683,2.0639,7.15834,fluid
893,3.05156,2.31887,,1003.76,660.735,44813.3,,2.028,-3.82074,4.32561,,-12.4204,17.2147,2.20993,7.40471,fluid
894,2.99193,2.44661,,1003.59,645.255,42768.4,,1.93894,-3.97013,4.4183,,-11.9151,17.3836,2.32833,7.57365,fluid
895,2.93324,2.57953,,1003.41,626.954,40613.9,,1.84757,-4.11855,4.51398,,-11.388,17.511,2.41094,7.70101,fluid
896,2.87565,2.71779,,1003.23,606.585,38338.1,,1.75554,-4.2675,4.61448,,-10.8226,17.6461,2.46649,7.83612,fluid
897,2.81921,2.86161,,1003.03,585.314,35936.5,,1.66417,-4.41832,4.72134,,-10.2018,17.785,2.50681,7.97502,fluid
898,2.76395,3.01124,,1002.81,564.018,33409.2,,1.57448,-4.57124,4.8348,,-9.509,17.9051,2.54459,8.09512,fluid
899,2.70995,3.16686,,1002.59,542.803,30755.3,,1.48719,-4.72437,4.95292,,-8.74133,17.989,2.57836,8.17897,fluid
900,2.65743,3.32891,,1002.36,523.243,27962.6,,1.40339,-4.87562,5.07358,,-7.89667,18.0085,2.601,8.19851,fluid
901,2.60644,3.49753,,1002.11,505.391,25032.5,,1.32351,-5.02949,5.20072,,-6.98283,17.9774,2.60104,8.16739,fluid
902,2.55693,3.67306,,1001.86,480.336,21994.6,,1.24452,-5.18449,5.33177,,-5.92992,18.0727,2.6561,8.26275,fluid
903,2.50889,3.85533,,1001.6,446.847,18891.3,,1.16137,-5.3358,5.46072,,-4.71975,18.2411,2.79798,8.43107,fluid
904,2.46277,4.0465,,1001.32,434.261,15605.5,,1.08722,-5.48695,5.59363,,-3.52424,17.7444,2.80394,7.9344,fluid
905,2.4217,4.24069,,1001.02,449.191,12068.6,,1.04372,-5.64398,5.73967,,-2.51307,16.6264,2.46535,6.81642,fluid
906,2.37459,4.45372,,1000.7,398.183,8298.61,,0.94572,-5.71104,5.78881,,-1.28299,15.9608,2.2093,6.15083,fluid
907,2.30847,4.66815,,1000.46,288.467,5465.43,,0.739864,-5.92517,5.97118,,0.295755,17.3389,2.66221,7.52894,fluid
908,2.32981,4.84224,,1000.34,375.787,4011.51,,0.883,-6.21168,6.27413,,1.19139,17.9702,2.91262,8.16015,fluid
909,4.37273,0.000287727,,1001.74,589.239,20545.1,,2.78178,-0.233752,2.79158,,-6.43829,20.1034,-1.74798,10.2934,fluid
910,4.75685,0.0429265,,1001.81,662.136,21413.7,,2.92814,-0.25869,2.93955,,-6.35013,21.7179,-1.8566,11.9079,fluid
911,5.17411,0.109302,,1002.06,746.707,24393.8,,3.51966,-0.312622,3.53351,,-4.10817,23.8331,0.596727,14.0231,fluid
912,5.70468,0.157666,,1002.21,771.894,26224.7,,4.85711,-0.357264,4.87024,,-5.21844,25.1511,-0.631532,15.3411,fluid
913,5.5889,0.201506,,1002.56,764.789,30311,,5.13063,-0.410215,5.147,,-3.39436,26.9547,2.01525,17.1447,fluid
914,5.48493,0.241463,,1002.87,789.468,34083,,5.08819,-0.466781,5.10955,,-3.11164,28.5203,3.08451,18.7103,fluid
915,5.4107,0.280493,,1003.17,828.648,37728.1,,4.93935,-0.52713,4.9674,,-4.59198,29.2562,2.35881,19.4462,fluid
916,5.38645,0.324601,,1003.49,861.938,41576.7,,5.04734,-0.594522,5.08223,,-5.0094,29.4542,2.68248,19.6442,fluid
917,5.27586,0.359917,,1003.78,896.193,45015.5,,4.81277,-0.665908,4.85862,,-6.11464,28.5362,2.38558,18.7262,fluid
918,5.19371,0.396995,,1004.06,938.341,48363.4,,4.78922,-0.744126,4.84668,,-7.15763,27.1641,2.11664,17.3541,fluid
919,5.13353,0.44162,,1004.36,978.919,51990.4,,4.85444,-0.837662,4.92618,,-8.38624,25.0676,1.69741,15.2576,fluid
920,5.04059,0.482487,,1004.63,1006.48,55212.4,,4.86489,-0.948817,4.95655,,-9.24193,23.2876,1.66121,13.4776,fluid
921,4.94273,0.529528,,1004.9,1030.78,58496.7,,4.87048,-1.12419,4.99853,,-8.75434,22.4065,3.02289,12.5965,fluid
922,4.83978,0.585574,,1005.17,1076.45,61783.6,,4.74069,-1.41952,4.94865,,-8.21172,21.0972,4.48844,11.2872,fluid
923,4.73928,0.653202,,1005.42,1099.99,64796.7,,4.49279,-1.70482,4.80537,,-8.01193,13.9263,5.58671,4.11631,fluid
924,4.6416,0.724054,,1005.58,1047.27,66857.5,,4.17237,-1.81429,4.54976,,-8.35156,6.05474,5.97241,-3.75526,fluid
925,4.55763,0.796932,,1005.67,954.198,67838.6,,3.8985,-1.7895,4.28959,,-9.27801,3.26405,5.52277,-6.54595,fluid
926,4.47976,0.865296,,1005.67,881.226,67872.6,,3.65948,-1.8192,4.08672,,-10.6717,3.70326,4.39382,-6.10674,fluid
927,4.40825,0.934984,,1005.61,815.97,67190.6,,3.48523,-1.89632,3.96773,,-11.8283,4.39814,3.32867,-5.41186,fluid
928,4.33932,1.00697,,1005.51,763.332,65948.6,,3.35894,-2.00347,3.91106,,-12.6535,5.28032,2.46112,-4.52968,fluid
929,4.27134,1.08084,,1005.38,729.542,64360.7,,3.26956,-2.13145,3.90296,,-13.2697,6.83113,1.71772,-2.97887,fluid
930,4.20388,1.15707,,1005.24,717.429,62626.7,,3.20799,-2.26873,3.92917,,-13.6288,9.1257,1.19095,-0.684304,fluid
931,4.13576,1.23638,,1005.09,725.401,60900.1,,3.15763,-2.40916,3.97174,,-13.7001,11.7909,0.950477,1.9809,fluid
932,4.06587,1.31905,,1004.96,745.203,59283.5,,3.10356,-2.55743,4.02151,,-13.5943,14.3435,0.914506,4.53348,fluid
933,3.99557,1.40626,,1004.84,766.218,57785.5,,3.04731,-2.70939,4.07761,,-13.3048,16.3059,1.08797,6.49586,fluid
934,3.92452,1.49767,,1004.72,776.969,56391.2,,2.97834,-2.86511,4.13272,,-12.9697,17.3444,1.33173,7.53439,fluid
935,3.85314,1.59331,,1004.61,772.133,55033,,2.89852,-3.01774,4.18428,,-12.6256,17.55,1.59145,7.74,fluid
936,3.78159,1.69309,,1004.5,756.388,53637.1,,2.81194,-3.16435,4.23322,,-12.2928,17.2877,1.82748,7.47773,fluid
937,3.71016,1.79707,,1004.37,737.342,52145.7,,2.72143,-3.30651,4.28243,,-11.969,16.9903,2.02462,7.18027,fluid
938,3.63904,1.9054,,1004.24,719.28,50530.8,,2.62718,-3.44863,4.33533,,-11.6438,16.8905,2.18336,7.08053,fluid
939,3.56834,2.01831,,1004.09,703.474,48793.6,,2.52882,-3.59381,4.39437,,-11.3183,16.988,2.29996,7.17797,fluid
940,3.4984,2.13602,,1003.94,689.178,46947.9,,2.42742,-3.74119,4.45969,,-10.9677,17.1937,2.39942,7.38372,fluid
941,3.42922,2.2586,,1003.78,674.521,45006.2,,2.32288,-3.89008,4.53084,,-10.5902,17.4166,2.48468,7.60657,fluid
942,3.36109,2.38629,,1003.61,657.96,42964,,2.21649,-4.03848,4.60675,,-10.1811,17.5762,2.55567,7.76615,fluid
943,3.29413,2.51921,,1003.43,638.857,40809.4,,2.10942,-4.18599,4.68744,,-9.73949,17.7048,2.60665,7.89485,fluid
944,3.22839,2.65753,,1003.24,617.548,38531.5,,2.00298,-4.33448,4.77489,,-9.24125,17.8529,2.65538,8.04289,fluid
945,3.16394,2.80151,,1003.04,595.297,36126.2,,1.89797,-4.48547,4.8705,,-8.66873,18.0077,2.71474,8.19766,fluid
946,3.1007,2.95147,,1002.83,573.399,33593,,1.79471,-4.63838,4.97348,,-8.02403,18.1228,2.77942,8.31278,fluid
947,3.03874,3.10762,,1002.61,552.198,30927.9,,1.69393,-4.79052,5.08119,,-7.31249,18.1855,2.83892,8.37547,fluid
948,2.97836,3.27042,,1002.37,532.618,28117.2,,1.59672,-4.94049,5.1921,,-6.54185,18.1726,2.87632,8.36258,fluid
949,2.91968,3.43992,,1002.12,513.339,25168.2,,1.50246,-5.09359,5.31056,,-5.70972,18.1451,2.8922,8.33509,fluid
950,2.86251,3.61652,,1001.87,484.882,22119.6,,1.40739,-5.24724,5.43271,,-4.7262,18.2761,2.98674,8.4661,fluid
951,2.80659,3.80015,,1001.61,449.185,19012.4,,1.30822,-5.39677,5.55306,,-3.60904,18.4395,3.1543,8.62947,fluid
952,2.75295,3.99258,,1001.33,437.531,15717.2,,1.22187,-5.54553,5.67854,,-2.54712,17.8928,3.15454,8.08281,fluid
953,2.7053,4.18857,,1001.03,452.946,12141.9,,1.16675,-5.69835,5.81657,,-1.69463,16.7158,2.78895,6.90584,fluid
954,2.65246,4.40444,,1000.7,396.652,8315.96,,1.05651,-5.75964,5.85574,,-0.58006,16.0479,2.55292,6.23792,fluid
955,2.58161,4.61797,,1000.47,294.147,5513.24,,0.84557,-5.98051,6.03999,,0.927295,17.4878,3.06188,7.67778,fluid
956,2.59603,4.79532,,1000.34,371.49,4041.77,,0.970058,-6.25963,6.33435,,1.71918,18.0533,3.27555,8.24334,fluid
957,4.91599,-0.013303,,1001.42,573.923,16804.1,,3.15817,-0.226217,3.16627,,-4.99543,17.611,-1.58203,7.80096,fluid
958,5.38387,0.0360081,,1001.52,657.356,17988.6,,3.6406,-0.248158,3.64905,,-4.84897,18.5429,-1.51284,8.73292,fluid
959,6.03981,0.107418,,1001.72,742.007,20398.2,,4.79959,-0.287972,4.80822,,-1.6337,21.5895,1.73778,11.7795,fluid
960,6.32644,0.155687,,1001.92,804.733,22786,,6.05485,-0.327973,6.06373,,-2.82786,24.232,0.766925,14.422,fluid
961,6.17065,0.197913,,1002.26,716.466,26805.6,,6.02247,-0.38051,6.03448,,2.10861,26.9277,6.44286,17.1177,fluid
962,6.05575,0.235813,,1002.57,813.437,30529.3,,5.68955,-0.43334,5.70603,,1.44632,28.7476,6.47476,18.9376,fluid
963,5.99885,0.273343,,1002.87,873.715,34061.5,,5.55679,-0.491303,5.57847,,-0.625731,29.7586,5.03604,19.9486,fluid
964,5.96352,0.313419,,1003.17,908.327,37690.6,,5.61138,-0.554294,5.63869,,-1.46714,30.0396,4.83308,20.2296,fluid
965,5.86287,0.34525,,1003.46,935.477,41108.3,,5.33371,-0.63108,5.37092,,-3.52151,29.6085,3.46598,19.7985,fluid
966,5.79019,0.379507,,1003.73,966.107,44401.8,,5.33886,-0.710764,5.38596,,-4.49001,28.9118,3.14995,19.1018,fluid
967,5.72923,0.419653,,1004.02,1002.92,47894.7,,5.43944,-0.802202,5.49827,,-5.59285,27.487,2.7334,17.677,fluid
968,5.6425,0.459319,,1004.3,1034.06,51239.2,,5.50599,-0.911124,5.58087,,-6.61004,25.8431,2.43204,16.0331,fluid
969,5.53938,0.502036,,1004.57,1059.89,54551.3,,5.55347,-1.05772,5.6533,,-6.50837,24.7234,3.29473,14.9134,fluid
970,5.42977,0.552614,,1004.86,1099.51,58007.7,,5.46361,-1.30725,5.61782,,-5.88483,24.1953,4.74681,14.3853,fluid
971,5.32065,0.613607,,1005.14,1152.14,61467.5,,5.24629,-1.64264,5.49744,,-5.39142,19.5462,6.10212,9.73616,fluid
972,5.21268,0.679658,,1005.37,1144.57,64268.5,,4.92283,-1.86921,5.26576,,-5.69433,10.3863,6.56905,0.576347,fluid
973,5.11758,0.751088,,1005.52,1054.25,66054.2,,4.62146,-1.90324,4.99802,,-6.61574,3.3958,6.22073,-6.4142,fluid
974,5.03003,0.820253,,1005.57,960.25,66679.9,,4.36377,-1.88797,4.75467,,-7.83465,1.9572,5.34828,-7.8528,fluid
975,4.94727,0.888526,,1005.55,886.323,66419.8,,4.15989,-1.92583,4.58405,,-9.13643,2.769,4.21503,-7.041,fluid
976,4.8666,0.957552,,1005.47,826.131,65499,,4.0081,-2.02177,4.48914,,-10.1473,3.68209,3.23828,-6.12791,fluid
977,4.78727,1.02857,,1005.36,782.697,64116.6,,3.90301,-2.1496,4.45582,,-10.8049,5.19623,2.51688,-4.61377,fluid
978,4.70853,1.10258,,1005.22,758.349,62471.5,,3.82763,-2.2935,4.46216,,-11.1285,7.48499,2.07033,-2.32501,fluid
979,4.6284,1.17968,,1005.08,755.169,60765.8,,3.75575,-2.44418,4.48103,,-11.21,10.3219,1.85247,0.51187,fluid
980,4.54655,1.26043,,1004.95,769.935,59135.7,,3.67843,-2.59914,4.50404,,-11.0978,13.3328,1.84485,3.52282,fluid
981,4.464,1.34587,,1004.83,793.09,57634.1,,3.594,-2.75678,4.52954,,-10.8268,15.9451,2.02201,6.13509,fluid
982,4.38104,1.43591,,1004.71,810.711,56266.6,,3.49505,-2.91728,4.55257,,-10.5266,17.6424,2.25635,7.83239,fluid
983,4.29805,1.5304,,1004.61,811.497,54975.3,,3.38265,-3.07684,4.57267,,-10.2642,18.2688,2.46788,8.45878,fluid
984,4.21525,1.62927,,1004.5,795.166,53670.2,,3.26262,-3.2299,4.59096,,-10.0443,18.0917,2.63112,8.28174,fluid
985,4.13316,1.73256,,1004.38,770.591,52267.1,,3.14026,-3.37457,4.60966,,-9.88018,17.6348,2.71044,7.82482,fluid
986,4.05181,1.84018,,1004.25,746.027,50721,,3.01661,-3.51716,4.63361,,-9.74042,17.3383,2.72468,7.5283,fluid
987,3.97138,1.95245,,1004.11,724.961,49021.5,,2.89303,-3.66291,4.66761,,-9.57335,17.3103,2.71979,7.50035,fluid
988,3.89194,2.06959,,1003.96,707.67,47187.5,,2.76921,-3.8119,4.71159,,-9.35916,17.4377,2.71742,7.62766,fluid
989,3.81364,2.19177,,1003.8,691.658,45241.3,,2.64513,-3.96179,4.76366,,-9.08348,17.6362,2.73462,7.82625,fluid
990,3.73655,2.31912,,1003.63,674.161,43191.5,,2.52078,-4.11154,4.82277,,-8.74561,17.8197,2.77177,8.00971,fluid
991,3.66081,2.45185,,1003.45,654.309,41030.4,,2.39718,-4.26094,4.88898,,-8.3571,17.9801,2.81237,8.17005,fluid
992,3.58635,2.59012,,1003.26,632.135,38748.4,,2.27483,-4.41138,4.96338,,-7.89937,18.1301,2.86996,8.3201,fluid
993,3.51323,2.73425,,1003.06,608.795,36338.9,,2.15395,-4.56369,5.04646,,-7.35587,18.2951,2.95604,8.48514,fluid
994,3.44142,2.88459,,1002.85,586.099,33798.2,,2.03472,-4.71716,5.13729,,-6.74117,18.41,3.05195,8.60004,fluid
995,3.37093,3.04139,,1002.62,564.776,31119.8,,1.91806,-4.86879,5.23298,,-6.07529,18.4395,3.13235,8.62951,fluid
996,3.30211,3.20505,,1002.39,545.096,28289.6,,1.805,-5.01788,5.33265,,-5.36704,18.3875,3.17971,8.57747,fluid
997,3.2352,3.37561,,1002.14,523.613,25320.4,,1.69406,-5.17029,5.44075,,-4.60012,18.3605,3.20973,8.55051,fluid
998,3.16995,3.55349,,1001.88,491.209,22260.2,,1.58104,-5.32231,5.55218,,-3.66444,18.5259,3.34462,8.71586,fluid
999,3.10588,3.73862,,1001.62,453.273,19148.4,,1.4643,-5.47003,5.66264,,-2.61639,18.6857,3.53886,8.87567,fluid
1000,3.04438,3.93254,,1001.34,443.188,15838.9,,1.36426,-5.61638,5.7797,,-1.66999,18.0692,3.52571,8.25918,fluid
1001,2.98969,4.13049,,1001.03,459.096,12219.5,,1.29631,-5.76465,5.9086,,-0.953596,16.8253,3.12938,7.01533,fluid
1002,2.93082,4.34938,,1000.71,396.104,8333.18,,1.17224,-5.82033,5.9372,,0.069885,16.1541,2.91117,6.34407,fluid
1003,2.85507,4.56233,,1000.47,299.57,5559.98,,0.954041,-6.04813,6.12291,,1.53291,17.6537,3.4794,7.84372,fluid
1004,2.86235,4.7427,,1000.35,369.053,4076.12,,1.0595,-6.32045,6.40864,,2.23234,18.1539,3.6559,8.3439,fluid
1005,5.46475,-0.02404,,1001.18,571.551,13937.7,,3.41286,-0.212361,3.41946,,-3.71165,13.9873,-1.16418,4.17725,fluid
1006,5.93692,0.0326529,,1001.34,581.544,15799.8,,3.73935,-0.235744,3.74678,,-5.98764,16.7175,-3.32991,6.9075,fluid
1007,6.91255,0.110826,,1001.34,774.299,15896.5,,6.37105,-0.252015,6.37603,,1.13785,18.7885,3.43441,8.97854,fluid
1008,6.88869,0.153776,,1001.6,790.012,18939.1,,6.59701,-0.295125,6.6036,,2.04734,21.8889,4.79225,12.0789,fluid
1009,6.82753,0.194946,,1001.89,794.727,22317.6,,6.64515,-0.345783,6.65414,,2.55814,24.836,5.82075,15.026,fluid
1010,6.71751,0.23025,,1002.18,810.569,25860.7,,6.4111,-0.405048,6.42388,,2.54334,26.9017,6.38471,17.0917,fluid
1011,6.66646,0.265495,,1002.45,857.971,29109,,6.39876,-0.463116,6.41549,,2.12677,28.4877,6.48256,18.6777,fluid
1012,6.60515,0.299907,,1002.74,911.487,32481.9,,6.32925,-0.527269,6.35118,,1.06176,29.4469,5.96601,19.6369,fluid
1013,6.52731,0.330386,,1003.01,965.472,35744.1,,6.21462,-0.597006,6.24323,,-0.744192,29.9445,4.71546,20.1345,fluid
1014,6.46038,0.362618,,1003.28,1009.13,38980.1,,6.24571,-0.674101,6.28198,,-2.40272,29.8991,3.61128,20.0891,fluid
1015,6.39127,0.398086,,1003.56,1040.2,42351.4,,6.33159,-0.766563,6.37783,,-3.83396,29.2164,2.76899,19.4064,fluid
1016,6.30166,0.434677,,1003.84,1063.06,45728.9,,6.45811,-0.877317,6.51743,,-4.73258,28.2748,2.49632,18.4648,fluid
1017,6.19166,0.474963,,1004.13,1067.56,49171.6,,6.58648,-1.01119,6.66365,,-3.54314,26.8212,4.36582,17.0112,fluid
1018,6.06658,0.520658,,1004.42,1093.46,52754.5,,6.525,-1.18953,6.63254,,-1.78192,25.7193,6.87571,15.9093,fluid
1019,5.94242,0.574142,,1004.73,1155.32,56500.6,,6.26778,-1.47518,6.43904,,-1.39105,23.7638,8.07219,13.9538,fluid
1020,5.81926,0.63226,,1005.01,1208.59,59911.1,,5.89513,-1.78646,6.15987,,-1.92434,17.5033,8.31962,7.69329,fluid
1021,5.71027,0.700115,,1005.24,1174.36,62639.5,,5.53361,-1.96661,5.87268,,-3.29023,7.43762,7.62223,-2.37238,fluid
1022,5.60885,0.769027,,1005.36,1078.65,64177.5,,5.22117,-1.98524,5.58585,,-4.70584,1.79797,6.67529,-8.01203,fluid
1023,5.5133,0.836908,,1005.4,989.559,64644.8,,4.97975,-1.98357,5.36027,,-6.06983,1.26941,5.59242,-8.54059,fluid
1024,5.41912,0.903191,,1005.38,917.972,64317.2,,4.7953,-2.05963,5.2189,,-7.20146,2.2383,4.60365,-7.5717,fluid
1025,5.32707,0.972478,,1005.3,853.79,63341.6,,4.66583,-2.17265,5.14688,,-7.83389,3.53102,3.99398,-6.27898,fluid
1026,5.23404,1.04423,,1005.18,807.994,61943.5,,4.55518,-2.3151,5.10973,,-8.19175,5.59212,3.582,-4.21788,fluid
1027,5.14031,1.11973,,1005.05,788.858,60327.8,,4.44833,-2.46733,5.08678,,-8.37311,8.49334,3.30415,-1.31666,fluid
1028,5.0444,1.19821,,1004.92,794.712,58734.6,,4.33365,-2.6336,5.07113,,-8.42966,11.7994,3.15692,1.98936,fluid
1029,4.94824,1.28172,,1004.79,817.073,57244.9,,4.21487,-2.80063,5.0605,,-8.34018,14.9505,3.17338,5.14051,fluid
1030,4.85207,1.37017,,1004.68,842.196,55914.7,,4.08099,-2.96604,5.04498,,-8.18819,17.3723,3.28199,7.56231,fluid
1031,4.7562,1.46314,,1004.58,853.089,54710.8,,3.93009,-3.1305,5.02451,,-8.06948,18.6623,3.38108,8.85229,fluid
1032,4.66129,1.56071,,1004.49,842.109,53527.8,,3.77129,-3.28946,5.00432,,-8.01307,18.8097,3.41911,8.99975,fluid
1033,4.56772,1.66284,,1004.38,814.62,52255.1,,3.61237,-3.43942,4.98787,,-8.01515,18.3098,3.37503,8.4998,fluid
1034,4.47552,1.76938,,1004.26,782.795,50818.7,,3.45662,-3.58458,4.9797,,-8.04292,17.7848,3.26371,7.97481,fluid
1035,4.38466,1.88057,,1004.13,754.875,49192,,3.30536,-3.73196,4.98527,,-8.03001,17.5679,3.14298,7.75791,fluid
1036,4.29517,1.99675,,1003.98,732.777,47390.6,,3.15779,-3.88375,5.00551,,-7.93861,17.6349,3.05114,7.82491,fluid
1037,4.20701,2.11813,,1003.82,714.388,45451,,3.01209,-4.03778,5.0375,,-7.74978,17.8343,3.01277,8.02425,fluid
1038,4.12024,2.24486,,1003.65,695.715,43399.7,,2.86729,-4.19185,5.07868,,-7.46811,18.0811,3.02693,8.27114,fluid
1039,4.03487,2.37715,,1003.47,674.448,41240.6,,2.72352,-4.34604,5.1289,,-7.10675,18.3085,3.07898,8.49853,fluid
1040,3.95089,2.51527,,1003.28,650.936,38963.8,,2.581,-4.5004,5.18798,,-6.66828,18.4809,3.16154,8.67089,fluid
1041,3.86828,2.6595,,1003.08,626.238,36558.8,,2.43986,-4.65491,5.25558,,-6.15271,18.6392,3.26922,8.82921,fluid
1042,3.78709,2.81018,,1002.86,602.444,34016.1,,2.30057,-4.80899,5.33094,,-5.57204,18.7517,3.38444,8.94167,fluid
1043,3.70736,2.96766,,1002.64,580.647,31325.1,,2.16437,-4.96035,5.41198,,-4.95235,18.7484,3.47485,8.93838,fluid
1044,3.62943,3.13233,,1002.4,560.759,28474.2,,2.03216,-5.10883,5.49816,,-4.30328,18.6491,3.52329,8.83914,fluid
1045,3.55363,3.30407,,1002.15,536.282,25487.5,,1.90141,-5.26042,5.59351,,-3.59104,18.6301,3.5658,8.82012,fluid
1046,3.47976,3.4834,,1001.89,499.286,22419.9,,1.76796,-5.41077,5.69228,,-2.6907,18.8343,3.74008,9.0243,fluid
1047,3.40712,3.6702,,1001.63,459.481,19305.5,,1.63226,-5.55689,5.79165,,-1.68677,18.9874,3.97021,9.17739,fluid
1048,3.33735,3.86582,,1001.35,451.778,15977.7,,1.51699,-5.70064,5.89903,,-0.844772,18.2793,3.9363,8.4693,fluid
1049,3.27513,4.06599,,1001.04,467.799,12306.6,,1.43449,-5.84365,6.01714,,-0.254141,16.9558,3.49954,7.14583,fluid
1050,3.20979,4.28821,,1000.71,396.381,8353.32,,1.29412,-5.89331,6.03373,,0.691275,16.2852,3.29188,6.47516,fluid
1051,3.12885,4.50089,,1000.48,304.972,5608.5,,1.06598,-6.12811,6.22013,,2.12928,17.8421,3.92094,8.03214,fluid
1052,3.12883,4.68418,,1000.35,368.275,4115.62,,1.15213,-6.39399,6.49696,,2.74664,18.272,4.06157,8.46204,fluid
1053,6.07973,-0.0309367,,1000.98,637.185,11551.7,,4.08757,-0.190712,4.09201,,-2.94123,11.5211,-1.04305,1.71107,fluid
1054,6.5239,0.0346913,,1001.13,586.827,13319.1,,4.14569,-0.215557,4.15129,,-3.30105,15.7407,-1.26176,5.93074,fluid
1055,7.63289,0.116165,,1000.93,732.662,10953.1,,7.0457,-0.225465,7.04931,,2.50546,17.653,3.93912,7.84296,fluid
1056,7.5684,0.156375,,1001.16,737.751,13685,,7.2762,-0.265901,7.28106,,3.59485,20.6088,5.40094,10.7988,fluid
1057,7.55154,0.196363,,1001.39,769.775,16401.5,,7.55186,-0.313707,7.55837,,4.33922,24.2094,6.50815,14.3994,fluid
1058,7.43713,0.22925,,1001.66,844.309,19622,,7.4493,-0.367821,7.45837,,4.0752,26.1498,6.70921,16.3398,fluid
1059,7.384,0.262078,,1001.91,896.609,22562,,7.4811,-0.421562,7.49297,,3.90052,27.8244,6.95023,18.0144,fluid
1060,7.30381,0.292004,,1002.17,944.536,25753.3,,7.36383,-0.482306,7.3796,,3.00347,28.9446,6.52183,19.1346,fluid
1061,7.2351,0.320989,,1002.43,989.155,28807.2,,7.3289,-0.546118,7.34922,,1.95107,29.6151,5.923,19.8051,fluid
1062,7.16477,0.350452,,1002.69,1026.67,31892.8,,7.36227,-0.617376,7.38811,,0.927979,29.7671,5.36738,19.9571,fluid
1063,7.08798,0.382685,,1002.96,1059.43,35149.4,,7.45231,-0.702456,7.48535,,0.173776,29.6898,5.11816,19.8798,fluid
1064,6.98871,0.416283,,1003.24,1076.99,38517.4,,7.58465,-0.8037,7.62712,,0.176247,29.4372,5.66982,19.6272,fluid
1065,6.86532,0.452305,,1003.53,1072.41,41982.6,,7.69565,-0.919155,7.75035,,1.47006,28.4987,7.56373,18.6887,fluid
1066,6.72618,0.49171,,1003.84,1086.43,45691.2,,7.59897,-1.04642,7.67068,,3.07428,26.8561,9.84135,17.0461,fluid
1067,6.58808,0.535048,,1004.17,1159.8,49670.1,,7.27003,-1.23642,7.37442,,2.5206,26.1339,10.0287,16.3239,fluid
1068,6.45319,0.581529,,1004.49,1244.84,53535.7,,6.84049,-1.56086,7.01631,,0.636414,25.1665,8.89535,15.3565,fluid
1069,6.33189,0.639149,,1004.78,1287.39,57047.3,,6.47976,-1.95778,6.76906,,-0.85871,17.7552,8.10798,7.94521,fluid
1070,6.21914,0.707205,,1005,1227.82,59712.4,,6.19724,-2.1576,6.56209,,-1.59577,6.02149,7.95788,-3.78851,fluid
1071,6.11019,0.776845,,1005.12,1122.49,61173.8,,5.96208,-2.15761,6.34048,,-2.45624,0.439681,7.50455,-9.37032,fluid
1072,6.0023,0.844879,,1005.16,1031.21,61632.5,,5.76693,-2.15093,6.155,,-3.4303,0.491458,6.78519,-9.31854,fluid
1073,5.8935,0.913292,,1005.13,950.993,61339.2,,5.59434,-2.20772,6.01421,,-4.16617,1.99095,6.18863,-7.81905,fluid
1074,5.78402,0.984441,,1005.06,885.791,60452.2,,5.42908,-2.31395,5.90164,,-4.67344,4.0288,5.72555,-5.7812,fluid
1075,5.67315,1.05752,,1004.96,845.773,59218.1,,5.25984,-2.46544,5.80898,,-5.03838,6.78008,5.34846,-3.02992,fluid
1076,5.56164,1.13348,,1004.84,832.249,57832.8,,5.08933,-2.64284,5.73462,,-5.28538,10.0307,5.06304,0.220707,fluid
1077,5.45051,1.21426,,1004.73,843.604,56430.3,,4.91813,-2.82652,5.6725,,-5.49908,13.4679,4.80545,3.65786,fluid
1078,5.34023,1.30043,,1004.62,870.094,55132.1,,4.73818,-3.00607,5.6113,,-5.72207,16.4685,4.55437,6.65851,fluid
1079,5.23095,1.39138,,1004.52,892.126,53989.9,,4.5473,-3.18166,5.54985,,-5.94394,18.4368,4.3308,8.62681,fluid
1080,5.12337,1.48716,,1004.44,893.32,52931.1,,4.35354,-3.34995,5.49322,,-6.11641,19.1553,4.16927,9.3453,fluid
1081,5.01767,1.58768,,1004.35,870.303,51830.7,,4.16165,-3.50756,5.44264,,-6.25783,18.857,4.0271,9.04703,fluid
1082,4.9138,1.6927,,1004.24,832.568,50573.5,,3.97408,-3.65755,5.40101,,-6.39524,18.2252,3.85344,8.4152,fluid
1083,4.81163,1.80241,,1004.12,795.162,49094.9,,3.79325,-3.8082,5.37505,,-6.47092,17.8158,3.69061,8.00579,fluid
1084,4.71104,1.91723,,1003.98,765.525,47394.5,,3.61789,-3.96404,5.36682,,-6.43533,17.7629,3.5851,7.9529,fluid
1085,4.61196,2.03742,,1003.82,742.67,45516.3,,3.44503,-4.12367,5.37334,,-6.30539,17.9947,3.52621,8.18465,fluid
1086,4.51438,2.16319,,1003.66,722.179,43507.3,,3.27342,-4.28453,5.39189,,-6.08911,18.3592,3.51328,8.54917,fluid
1087,4.41834,2.29482,,1003.48,699.907,41387.7,,3.1032,-4.44537,5.42136,,-5.77461,18.6931,3.56016,8.8831,fluid
1088,4.32377,2.43256,,1003.29,675.212,39150.9,,2.93422,-4.60487,5.46026,,-5.37434,18.9218,3.65076,9.11175,fluid
1089,4.23064,2.57674,,1003.1,649.502,36777.4,,2.76695,-4.76224,5.50772,,-4.91437,19.0617,3.7519,9.25167,fluid
1090,4.13909,2.72775,,1002.88,624.666,34247.1,,2.60252,-4.91668,5.56299,,-4.40694,19.1337,3.84333,9.32369,fluid
1091,4.04921,2.88597,,1002.66,602.061,31547,,2.44229,-5.06736,5.62521,,-3.85984,19.0823,3.91041,9.27229,fluid
1092,3.96138,3.0517,,1002.42,580.855,28676.1,,2.28623,-5.2155,5.69458,,-3.28607,18.9416,3.93538,9.13163,fluid
1093,3.87593,3.22472,,1002.17,551.737,25675.1,,2.13106,-5.36664,5.77428,,-2.6254,18.9576,3.98451,9.14761,fluid
1094,3.79267,3.40562,,1001.91,508.792,22605.6,,1.97291,-5.51527,5.85753,,-1.75441,19.2139,4.19456,9.40385,fluid
1095,3.71089,3.59423,,1001.65,467.538,19489.5,,1.81499,-5.65914,5.94307,,-0.796761,19.349,4.44658,9.53897,fluid
1096,3.63229,3.79185,,1001.37,463.225,16136.7,,1.68203,-5.79915,6.03815,,-0.0483294,18.5343,4.38818,8.72433,fluid
1097,3.5619,3.99462,,1001.05,479.323,12404,,1.58302,-5.93576,6.14323,,0.428227,17.112,3.90699,7.30204,fluid
1098,3.48951,4.22055,,1000.71,397.404,8377.85,,1.42331,-5.97868,6.14576,,1.30267,16.4543,3.70183,6.64428,fluid
1099,3.40295,4.43326,,1000.48,310.726,5662.46,,1.1824,-6.22093,6.3323,,2.73192,18.0604,4.39511,8.25043,fluid
1100,3.39546,4.61953,,1000.35,369.007,4162.67,,1.2488,-6.48026,6.59949,,3.27619,18.4134,4.50171,8.60336,fluid
1101,6.58076,-0.0348009,,1000.8,497.699,9421.53,,4.02284,-0.17267,4.02654,,-3.34534,10.2535,-1.9148,0.443537,fluid
1102,7.23961,0.0412123,,1000.83,511.58,9791.08,,5.15193,-0.187121,5.15532,,-1.59984,13.1112,-0.248532,3.30122,fluid
1103,8.34237,0.124654,,1000.71,809.447,8426.54,,7.68851,-0.176913,7.69055,,3.43927,14.4302,4.44864,4.62018,fluid
1104,8.29548,0.163034,,1000.87,826.42,10321.3,,8.01102,-0.211494,8.01381,,3.95395,17.3485,5.19707,7.53851,fluid
1105,8.30144,0.201479,,1001.03,823.95,12189.1,,8.37753,-0.248131,8.3812,,5.18526,20.1186,6.65206,10.3086,fluid
1106,8.18828,0.231509,,1001.23,877.722,14518,,8.34944,-0.301501,8.35488,,4.43211,23.1538,6.20296,13.3438,fluid
1107,8.14546,0.262632,,1001.41,917.489,16691.9,,8.46239,-0.35074,8.46965,,4.596,25.4435,6.64234,15.6335,fluid
1108,8.04876,0.288401,,1001.63,976.096,19312.9,,8.31858,-0.413865,8.32887,,3.91989,27.9551,6.31546,18.1451,fluid
1109,7.98513,0.315918,,1001.85,1042.78,21844.1,,8.33166,-0.476428,8.34527,,3.22908,29.45,5.95964,19.64,fluid
1110,7.90989,0.342676,,1002.07,1091.98,24510.6,,8.37551,-0.545628,8.39327,,2.48364,30.2935,5.57597,20.4835,fluid
1111,7.82628,0.37087,,1002.3,1112.99,27291.5,,8.51989,-0.626175,8.54287,,2.11078,30.8914,5.58993,21.0814,fluid
1112,7.723,0.401414,,1002.55,1099.42,30230.5,,8.71075,-0.724159,8.7408,,2.70705,31.2325,6.61145,21.4225,fluid
1113,7.58964,0.433799,,1002.81,1071.19,33357.3,,8.85465,-0.83053,8.89352,,4.70889,31.0078,9.09168,21.1978,fluid
1114,7.43529,0.468241,,1003.11,1097.39,36979.5,,8.73941,-0.933175,8.78909,,6.43176,29.464,11.3898,19.654,fluid
1115,7.28262,0.505075,,1003.46,1196.24,41109.5,,8.35983,-1.06722,8.42767,,5.3004,27.6173,10.9258,17.8073,fluid
1116,7.13414,0.541961,,1003.79,1278.05,45120.6,,7.9304,-1.32478,8.04029,,3.16509,28.4844,9.46582,18.6744,fluid
1117,6.99908,0.588493,,1004.1,1328.73,48916.2,,7.63687,-1.77232,7.83983,,2.41331,27.4869,9.37369,17.6769,fluid
1118,6.87045,0.650176,,1004.4,1332.84,52443.1,,7.40696,-2.17488,7.71966,,2.68291,16.4411,10.2826,6.6311,fluid
1119,6.74283,0.720102,,1004.62,1261,55194.2,,7.16145,-2.28238,7.51635,,2.32365,4.3036,10.4716,-5.5064,fluid
1120,6.61451,0.789533,,1004.77,1159.83,56924.7,,6.9004,-2.23226,7.25249,,1.29959,0.208661,9.86479,-9.60134,fluid
1121,6.48495,0.856672,,1004.84,1066.1,57750,,6.64223,-2.2201,7.00343,,0.224442,0.992533,9.08682,-8.81747,fluid
1122,6.35643,0.925136,,1004.83,981.314,57746.1,,6.39643,-2.28782,6.79326,,-0.552648,2.87578,8.48832,-6.93422,fluid
1123,6.22865,0.994843,,1004.78,918.299,57120.3,,6.16356,-2.43131,6.62576,,-1.1532,5.39286,7.97372,-4.41714,fluid
1124,6.10109,1.06706,,1004.7,882.113,56121,,5.93799,-2.61864,6.48976,,-1.69292,8.45897,7.46257,-1.35103,fluid
1125,5.97487,1.14443,,1004.6,876.665,54936.6,,5.71778,-2.82018,6.37546,,-2.25679,11.9463,6.89569,2.13634,fluid
1126,5.85027,1.22743,,1004.51,895.221,53763.2,,5.49701,-3.02259,6.27321,,-2.79441,15.2749,6.35424,5.46489,fluid
1127,5.72731,1.31546,,1004.42,921.914,52720.1,,5.27273,-3.21953,6.17795,,-3.25129,17.8466,5.91326,8.03655,fluid
1128,5.6064,1.40864,,1004.34,936.205,51789.4,,5.04724,-3.40491,6.08835,,-3.64145,19.3049,5.55616,9.49487,fluid
1129,5.48768,1.50699,,1004.27,925.081,50872.7,,4.82238,-3.57643,6.00385,,-3.95837,19.5626,5.27258,9.75256,fluid
1130,5.37087,1.61001,,1004.18,889.35,49847.9,,4.60008,-3.73822,5.92748,,-4.21137,19.0422,5.03115,9.23219,fluid
1131,5.25602,1.71784,,1004.08,843.625,48609,,4.38396,-3.89723,5.86579,,-4.40486,18.437,4.80582,8.62701,fluid
1132,5.1429,1.83084,,1003.96,804.264,47115.4,,4.1728,-4.0591,5.82139,,-4.48547,18.1768,4.63967,8.36675,fluid
1133,5.03147,1.94942,,1003.81,774.892,45390.7,,3.96375,-4.22496,5.79324,,-4.47057,18.3476,4.51653,8.53756,fluid
1134,4.92178,2.07386,,1003.65,750.922,43490.4,,3.75621,-4.39379,5.78053,,-4.37646,18.7865,4.42767,8.97646,fluid
1135,4.81364,2.20441,,1003.49,728.644,41458.3,,3.55055,-4.56305,5.78168,,-4.18493,19.1904,4.39782,9.38038,fluid
1136,4.70717,2.3415,,1003.31,704.483,39295.8,,3.34728,-4.72868,5.7935,,-3.90001,19.453,4.42057,9.64296,fluid
1137,4.60229,2.48548,,1003.11,679.142,36978,,3.14683,-4.88911,5.81429,,-3.56405,19.5512,4.44572,9.74116,fluid
1138,4.49917,2.63674,,1002.9,654.615,34475.6,,2.95089,-5.04316,5.84305,,-3.18504,19.524,4.45544,9.71396,fluid
1139,4.39806,2.79564,,1002.68,631.205,31776.1,,2.76074,-5.1926,5.88089,,-2.76108,19.4251,4.44465,9.61512,fluid
1140,4.2993,2.96237,,1002.44,607.152,28895.7,,2.57543,-5.34107,5.92958,,-2.27282,19.2811,4.43187,9.47107,fluid
1141,4.20322,3.1367,,1002.19,570.729,25895.6,,2.3898,-5.49188,5.98932,,-1.64002,19.3775,4.50744,9.56746,fluid
1142,4.10959,3.31929,,1001.93,520.459,22837.5,,2.20114,-5.63851,6.05292,,-0.789304,19.6948,4.75712,9.88482,fluid
1143,4.01773,3.50997,,1001.67,478.182,19720,,2.01648,-5.77917,6.12087,,0.111181,19.7923,5.01126,9.98226,fluid
1144,3.92954,3.71,,1001.38,478.109,16326.1,,1.86275,-5.91311,6.19957,,0.748154,18.8392,4.89714,9.02915,fluid
1145,3.85033,3.9158,,1001.06,493.841,12513.4,,1.74473,-6.0419,6.28877,,1.10916,17.3085,4.35568,7.49846,fluid
1146,3.77011,4.14605,,1000.71,398.283,8401.86,,1.56068,-6.076,6.27324,,1.92218,16.6749,4.14914,6.86486,fluid
1147,3.6774,4.35895,,1000.49,317.257,5722.5,,1.3043,-6.3277,6.46073,,3.35185,18.3171,4.90722,8.5071,fluid
1148,3.66223,4.54839,,1000.36,371.286,4218.47,,1.35048,-6.57988,6.71704,,3.83331,18.5826,4.98478,8.77258,fluid
1149,7.02078,-0.0353632,,1000.65,612.817,7638.83,,3.97873,-0.157549,3.98185,,-0.688446,9.27836,0.398881,-0.531639,fluid
1150,7.97136,0.0519144,,1000.54,479.19,6412.92,,5.8554,-0.15891,5.85755,,-2.12667,12.4769,-1.32261,2.66688,fluid
1151,9.06666,0.137537,,1000.4,885.006,4737.77,,8.33447,-0.145788,8.33574,,2.32012,14.286,2.84245,4.47602,fluid
1152,9.0639,0.175286,,1000.51,899.119,6054.74,,8.76342,-0.171794,8.7651,,3.40787,16.2676,4.07553,6.45763,fluid
1153,9.06622,0.211284,,1000.63,908.056,7396.1,,9.13358,-0.201085,9.13579,,4.29742,18.2828,5.1127,8.47276,fluid
1154,8.97604,0.239717,,1000.78,964.001,9157.87,,9.26903,-0.239633,9.27212,,4.15641,20.494,5.17587,10.684,fluid
1155,8.92926,0.268529,,1000.92,1013.55,10821.8,,9.4015,-0.278561,9.40563,,4.32595,22.1004,5.53679,12.2904,fluid
1156,8.83277,0.291705,,1001.09,1035.63,12921.2,,9.31655,-0.324094,9.32218,,4.16093,23.2534,5.6222,13.4434,fluid
1157,8.7691,0.317141,,1001.26,1057.89,14876.1,,9.35524,-0.373407,9.36269,,3.8296,24.4454,5.52389,14.6354,fluid
1158,8.69301,0.341622,,1001.43,1072.5,16956.3,,9.42821,-0.429175,9.43798,,3.3967,25.1585,5.34448,15.3485,fluid
1159,8.60679,0.367317,,1001.62,1074.01,19142.4,,9.61234,-0.492869,9.62497,,3.27856,25.6313,5.49906,15.8213,fluid
1160,8.49774,0.395334,,1001.82,1052.24,21507.4,,9.84757,-0.571833,9.86416,,4.20442,26.3461,6.73078,16.5361,fluid
1161,8.34937,0.424269,,1002.04,1017.67,24165.8,,10.02,-0.663592,10.0419,,6.92391,27.357,9.81234,17.547,fluid
1162,8.17529,0.453638,,1002.33,1103.13,27636.5,,9.86145,-0.753297,9.89018,,8.55606,27.6951,11.9287,17.8851,fluid
1163,8.00673,0.482657,,1002.68,1248.05,31763.3,,9.41592,-0.865004,9.45557,,6.93126,26.8432,10.8878,17.0332,fluid
1164,7.84897,0.51062,,1003,1299.73,35582.8,,9.02173,-1.06845,9.08478,,4.86986,28.7431,9.38975,18.9331,fluid
1165,7.70296,0.546715,,1003.29,1326.69,39099.5,,8.83787,-1.43949,8.95434,,4.71057,32.0808,9.76983,22.2708,fluid
1166,7.55738,0.598837,,1003.61,1378.38,42901.7,,8.69265,-1.92433,8.9031,,5.97363,28.5862,11.63,18.7762,fluid
1167,7.40762,0.665499,,1003.93,1391.29,46854.3,,8.43462,-2.2358,8.72592,,6.48498,14.6398,12.7854,4.82976,fluid
1168,7.25603,0.734524,,1004.2,1322.16,50095,,8.09226,-2.28806,8.40951,,5.59575,3.97379,12.4708,-5.83621,fluid
1169,7.10611,0.801037,,1004.37,1203.47,52180.8,,7.75965,-2.26192,8.0826,,4.46176,0.706517,11.7729,-9.10348,fluid
1170,6.95933,0.86711,,1004.46,1098.57,53153.8,,7.46805,-2.27796,7.80774,,3.59425,1.8151,11.1982,-7.9949,fluid
1171,6.81438,0.93401,,1004.47,1019.12,53343.3,,7.20005,-2.37956,7.58307,,2.97049,4.15261,10.7637,-5.65739,fluid
1172,6.67006,1.00257,,1004.45,962.742,53058.4,,6.93184,-2.54979,7.38592,,2.37514,6.9814,10.2946,-2.8286,fluid
1173,6.52785,1.07525,,1004.4,932.971,52436.5,,6.66408,-2.76073,7.21329,,1.63286,10.2218,9.63044,0.411847,fluid
1174,6.38817,1.15359,,1004.33,926.145,51607.5,,6.40128,-2.98875,7.06463,,0.862573,13.6242,8.90638,3.81423,fluid
1175,6.2504,1.23745,,1004.26,942.393,50753.5,,6.14042,-3.21447,6.93091,,0.181698,16.7434,8.26732,6.93337,fluid
1176,6.11481,1.32703,,1004.19,966.365,49982.9,,5.88063,-3.42592,6.80579,,-0.395837,19.1013,7.7441,9.29132,fluid
1177,5.9814,1.4222,,1004.14,974.961,49289,,5.61994,-3.62167,6.68582,,-0.87314,20.275,7.33329,10.465,fluid
1178,5.85004,1.52246,,1004.07,954.964,48561,,5.35733,-3.80402,6.57051,,-1.28165,20.2699,6.98563,10.4599,fluid
1179,5.72082,1.6278,,1004,910.692,47650.1,,5.09627,-3.97832,6.46521,,-1.67937,19.6911,6.6167,9.88111,fluid
1180,5.5936,1.73845,,1003.9,863.096,46461.9,,4.84006,-4.1519,6.37687,,-2.02606,19.12,6.24794,9.30999,fluid
1181,5.46839,1.85487,,1003.78,825.531,44983.7,,4.5881,-4.32799,6.30731,,-2.22827,18.9607,5.96689,9.15069,fluid
1182,5.34502,1.97731,,1003.64,798.079,43267.3,,4.33889,-4.50738,6.25639,,-2.35488,19.2379,5.71068,9.42789,fluid
1183,5.22358,2.10634,,1003.48,776.232,41368,,4.0927,-4.68759,6.22284,,-2.37682,19.6308,5.5152,9.82081,fluid
1184,5.10374,2.24235,,1003.31,754.653,39313,,3.84871,-4.86289,6.20163,,-2.31377,19.8585,5.36363,10.0485,fluid
1185,4.9858,2.3858,,1003.12,729.299,37080.1,,3.60726,-5.02844,6.1885,,-2.19229,19.9111,5.22171,10.1011,fluid
1186,4.86983,2.537,,1002.92,702.221,34635.9,,3.37049,-5.18493,6.18415,,-2.01155,19.8329,5.08011,10.0229,fluid
1187,4.75626,2.69628,,1002.69,673.319,31967,,3.13977,-5.33574,6.19099,,-1.74096,19.7356,4.96203,9.9256,fluid
1188,4.64531,2.86379,,1002.45,638.962,29108.7,,2.91357,-5.48741,6.21293,,-1.29427,19.7033,4.95665,9.89327,fluid
1189,4.53717,3.0393,,1002.21,590.148,26143.5,,2.68642,-5.63945,6.24662,,-0.625148,19.9525,5.12424,10.1425,fluid
1190,4.43173,3.22364,,1001.95,532.799,23121.6,,2.45803,-5.78451,6.2851,,0.234732,20.3239,5.44185,10.5139,fluid
1191,4.32848,3.41667,,1001.69,491.777,20006.7,,2.24036,-5.91983,6.32958,,1.07726,20.3314,5.69156,10.5214,fluid
1192,4.22966,3.61963,,1001.4,498.331,16553.2,,2.06228,-6.04408,6.38623,,1.57363,19.2014,5.48175,9.39144,fluid
1193,4.14084,3.82898,,1001.07,512.928,12636.1,,1.92316,-6.16227,6.45539,,1.81137,17.551,4.85969,7.74098,fluid
1194,4.05184,4.06426,,1000.71,398.786,8421.95,,1.70887,-6.18713,6.41879,,2.57449,16.955,4.65156,7.14504,fluid
1195,3.95235,4.27738,,1000.49,324.645,5787.19,,1.43335,-6.45037,6.6077,,4.00445,18.6201,5.46797,8.81008,fluid
1196,3.9292,4.47029,,1000.36,375.021,4282.01,,1.45774,-6.69397,6.85085,,4.42868,18.7881,5.51807,8.97806,fluid
1197,7.45814,-0.0330523,,1000.44,522.894,5128.68,,4.34462,-0.139402,4.34686,,-1.25516,7.28613,-0.567801,-2.52387,fluid
1198,8.66481,0.0662515,,1000.41,324.144,4845.92,,6.39077,-0.130451,6.3921,,-0.529478,12.1637,0.0295564,2.35366,fluid
1199,9.79352,0.154067,,1000.44,913.694,5206.81,,8.70339,-0.105628,8.70403,,0.922473,10.3266,1.4539,0.51658,fluid
1200,9.8389,0.191596,,1000.49,918.616,5788.76,,9.26991,-0.116419,9.27064,,3.19816,10.7665,3.78623,0.956533,fluid
1201,9.84154,0.225344,,1000.54,887.207,6423.88,,9.65489,-0.13264,9.6558,,4.11876,11.9212,4.77114,2.11124,fluid
1202,9.77839,0.25281,,1000.61,955.177,7233.57,,9.84748,-0.159682,9.84878,,3.34978,14.2896,4.08908,4.47955,fluid
1203,9.72589,0.279131,,1000.69,1000.17,8089.44,,9.98291,-0.19074,9.98474,,2.82329,16.5279,3.65447,6.71785,fluid
1204,9.63788,0.30101,,1000.78,1013.19,9150.1,,9.98086,-0.236449,9.98366,,2.16889,18.8855,3.11755,9.07549,fluid
1205,9.57528,0.324878,,1000.87,1027.32,10254.2,,10.0633,-0.282948,10.0673,,1.95221,21.2809,3.02218,11.4709,fluid
1206,9.49924,0.347444,,1000.97,1057.52,11483.1,,10.1795,-0.337555,10.1851,,1.62788,23.5118,2.83556,13.7018,fluid
1207,9.41062,0.371194,,1001.09,1093.4,12846.1,,10.4194,-0.399854,10.4271,,1.57335,24.9141,2.93694,15.1041,fluid
1208,9.29589,0.397251,,1001.21,1067.57,14354.5,,10.7161,-0.468151,10.7264,,2.75159,25.7636,4.29389,15.9536,fluid
1209,9.13673,0.422915,,1001.36,995.594,16057.6,,10.9744,-0.54489,10.9879,,5.78807,26.4707,7.54317,16.6607,fluid
1210,8.94657,0.447188,,1001.58,1122.5,18698.8,,10.8591,-0.60137,10.8757,,8.02897,25.936,10.1157,16.126,fluid
1211,8.76731,0.470631,,1001.87,1278.6,22093.7,,10.4012,-0.686581,10.4238,,6.679,24.8393,9.19432,15.0293,fluid
1212,8.60399,0.493829,,1002.13,1309.48,25194,,10.1069,-0.844332,10.1421,,5.22255,25.9717,8.14451,16.1617,fluid
1213,8.44878,0.524265,,1002.37,1293.33,28083,,10.0856,-1.11484,10.147,,6.05955,29.2612,9.3756,19.4512,fluid
1214,8.28538,0.568632,,1002.66,1340.91,31617,,10.0557,-1.51915,10.1698,,8.11476,30.5717,11.9206,20.7617,fluid
1215,8.11116,0.626715,,1003.04,1462.34,36154.2,,9.78827,-1.91777,9.97437,,8.98468,22.7597,13.4285,12.9497,fluid
1216,7.93612,0.689958,,1003.41,1471.65,40554.8,,9.37108,-2.15146,9.61488,,8.11787,10.6754,13.2107,0.865389,fluid
1217,7.7665,0.753619,,1003.67,1369.31,43719.9,,9.00336,-2.21306,9.27136,,7.08004,2.63411,12.6887,-7.17589,fluid
1218,7.60114,0.817395,,1003.84,1244.47,45679.1,,8.70737,-2.20159,8.98138,,6.75239,0.881533,12.7389,-8.92847,fluid
1219,7.43695,0.880639,,1003.94,1152.24,46958.5,,8.41327,-2.25055,8.70908,,6.57116,2.65688,12.8606,-7.15312,fluid
1220,7.27345,0.943871,,1004.01,1078.76,47783.2,,8.08498,-2.39844,8.43323,,6.16806,5.0736,12.7114,-4.7364,fluid
1221,7.11338,1.01047,,1004.03,1029.92,48052.1,,7.75195,-2.61803,8.1821,,5.19102,7.92629,11.9191,-1.88371,fluid
1222,6.95692,1.08298,,1004.01,999.253,47822,,7.44319,-2.87273,7.97832,,4.17498,11.0711,11.0215,1.26111,fluid
1223,6.80286,1.16161,,1003.98,993.528,47359.4,,7.15174,-3.13045,7.80686,,3.3724,14.3594,10.3065,4.54941,fluid
1224,6.6511,1.24638,,1003.94,1012.7,46890.5,,6.865,-3.37461,7.64959,,2.74734,17.3418,9.76973,7.53176,fluid
1225,6.50153,1.3372,,1003.9,1034.69,46496.8,,6.57222,-3.60081,7.49399,,2.23085,19.5329,9.35471,9.72295,fluid
1226,6.35402,1.43356,,1003.87,1039.54,46133.7,,6.26855,-3.81202,7.33664,,1.72301,20.5355,8.95556,10.7255,fluid
1227,6.2089,1.53533,,1003.83,1014.23,45662.7,,5.95961,-4.01323,7.18491,,1.15325,20.4835,8.47955,10.6735,fluid
1228,6.0662,1.64268,,1003.77,966.183,44934,,5.65348,-4.2107,7.04925,,0.587709,19.8702,7.96714,10.0602,fluid
1229,5.92585,1.75601,,1003.69,918.137,43862.8,,5.35227,-4.40663,6.93291,,0.106364,19.3146,7.48113,9.50458,fluid
1230,5.78759,1.8757,,1003.57,879.996,42455.7,,5.05456,-4.60346,6.83669,,-0.28538,19.3001,7.02418,9.49006,fluid
1231,5.65138,2.00239,,1003.43,853.763,40775.1,,4.76028,-4.80222,6.76178,,-0.566112,19.5914,6.62431,9.78144,fluid
1232,5.51697,2.13658,,1003.27,830.761,38887.1,,4.46671,-4.99515,6.70097,,-0.716564,19.8608,6.3091,10.0508,fluid
1233,5.38449,2.27872,,1003.1,802.4,36807.4,,4.17349,-5.17447,6.64779,,-0.790045,19.9935,6.02467,10.1835,fluid
1234,5.25439,2.42908,,1002.91,766.483,34512.7,,3.88387,-5.34167,6.60439,,-0.75757,20.0477,5.79176,10.2377,fluid
1235,5.12681,2.58797,,1002.7,724.406,31988.2,,3.59932,-5.50136,6.5742,,-0.561499,20.1233,5.66112,10.3133,fluid
1236,5.00194,2.75559,,1002.47,671.269,29264.9,,3.31794,-5.65973,6.56058,,-0.11924,20.3659,5.71707,10.5559,fluid
1237,4.8799,2.93194,,1002.23,607.179,26418.2,,3.03531,-5.81502,6.55954,,0.581284,20.8232,5.98293,11.0132,fluid
1238,4.76073,3.11793,,1001.98,544.999,23474.7,,2.7552,-5.95844,6.56461,,1.41193,21.1972,6.33308,11.3872,fluid
1239,4.64438,3.3135,,1001.72,509.857,20360.5,,2.49544,-6.08467,6.5765,,2.11855,20.9993,6.49492,11.1893,fluid
1240,4.53364,3.51978,,1001.42,525.294,16815.8,,2.28756,-6.19508,6.60393,,2.42509,19.6154,6.12893,9.80538,fluid
1241,4.43418,3.73339,,1001.08,537.593,12758.3,,2.12379,-6.29772,6.64618,,2.53747,17.8479,5.41162,8.03793,fluid
1242,4.33505,3.9746,,1000.71,398.142,8427.9,,1.87082,-6.31338,6.58473,,3.28087,17.3137,5.22361,7.5037,fluid
1243,4.22788,4.18788,,1000.5,333.707,5855.8,,1.57256,-6.59175,6.77673,,4.72332,18.9731,6.10768,9.16311,fluid
1244,4.19648,4.38459,,1000.37,380.509,4354.35,,1.5728,-6.82469,7.00357,,5.07496,19.0418,6.1122,9.23177,fluid
1245,7.94122,-0.0284832,,1000.3,315.752,3485.44,,4.57279,-0.128669,4.5746,,-2.98971,9.95288,-2.55094,0.142879,fluid
1246,9.34437,0.0845519,,1000.23,643.048,2708.99,,6.72052,-0.104207,6.72133,,-0.249662,11.4442,0.0401774,1.6342,fluid
1247,10.5344,0.174777,,1000.15,728.629,1709.06,,8.95545,-0.103464,8.95604,,1.02624,14.6153,1.18845,4.80531,fluid
1248,10.5968,0.211008,,1000.21,818.518,2498.33,,9.46495,-0.119879,9.46571,,2.16517,15.9086,2.40089,6.09857,fluid
1249,10.6056,0.24283,,1000.27,806.511,3207.63,,9.84188,-0.134261,9.84279,,2.83396,16.5014,3.13632,6.69143,fluid
1250,10.5598,0.269207,,1000.32,831.862,3791.33,,10.1231,-0.151263,10.1242,,2.87113,17.3247,3.23005,7.51467,fluid
1251,10.5103,0.29346,,1000.38,894.13,4452.55,,10.3689,-0.174486,10.3703,,2.55678,19.0206,2.98026,9.21056,fluid
1252,10.4378,0.314501,,1000.45,982.403,5260.88,,10.5328,-0.20456,10.5348,,2.00467,20.7074,2.50847,10.8974,fluid
1253,10.3785,0.336867,,1000.52,1037.19,6186.95,,10.6783,-0.234788,10.6809,,1.7728,21.6595,2.36862,11.8495,fluid
1254,10.3062,0.35905,,1000.61,1053.93,7247.54,,10.8128,-0.264278,10.816,,1.56036,22.1539,2.26315,12.3439,fluid
1255,10.2148,0.381506,,1000.71,1022.92,8390.11,,11.0347,-0.293935,11.0386,,1.56772,21.6198,2.38851,11.8098,fluid
1256,10.0958,0.405731,,1000.81,896.522,9517.68,,11.3233,-0.324951,11.328,,2.85313,20.5121,3.7951,10.7021,fluid
1257,9.93183,0.428934,,1000.9,750.621,10642.1,,11.5588,-0.368559,11.5647,,5.89783,21.5012,6.96838,11.6912,fluid
1258,9.73303,0.449034,,1001.06,982.774,12550.7,,11.4891,-0.420404,11.4968,,6.91558,23.4869,8.20371,13.6769,fluid
1259,9.54944,0.467479,,1001.28,1220.9,15084.3,,11.0986,-0.518293,11.1107,,4.76804,24.5847,6.34563,14.7747,fluid
1260,9.3868,0.487826,,1001.46,1238.21,17283.1,,10.9717,-0.676619,10.9925,,3.94595,26.7233,5.78448,16.9133,fluid
1261,9.22529,0.51527,,1001.63,1180.92,19247.9,,11.125,-0.899807,11.1614,,5.25093,29.8384,7.33397,20.0284,fluid
1262,9.0446,0.554197,,1001.85,1232.06,21905.6,,11.2141,-1.19701,11.2778,,7.95718,31.224,10.3747,21.414,fluid
1263,8.84565,0.60287,,1002.18,1397.14,25888.2,,10.9296,-1.54286,11.0379,,9.39733,27.8361,12.3176,18.0261,fluid
1264,8.65021,0.656413,,1002.53,1497.51,29998.8,,10.4932,-1.91877,10.6672,,8.72963,19.55,12.1889,9.74004,fluid
1265,8.46499,0.714409,,1002.79,1424.98,33171.9,,10.2055,-2.13242,10.4259,,8.77719,9.34895,12.685,-0.461049,fluid
1266,8.28221,0.774923,,1003.01,1309.54,35703.5,,9.98422,-2.13781,10.2105,,9.48303,4.14818,13.781,-5.66182,fluid
1267,8.0973,0.834933,,1003.2,1214.69,38068.7,,9.68111,-2.12433,9.91144,,10.0359,4.18354,14.7223,-5.62646,fluid
1268,7.91346,0.89364,,1003.37,1156.22,40034.4,,9.2936,-2.22596,9.55646,,9.65842,5.76682,14.7005,-4.04318,fluid
1269,7.73521,0.954696,,1003.46,1111.53,41211.2,,8.92712,-2.42718,9.2512,,8.59392,7.63341,13.9033,-2.17659,fluid
1270,7.56129,1.02134,,1003.51,1070.3,41722.4,,8.61212,-2.6751,9.01802,,7.76261,10.0438,13.2612,0.233803,fluid
1271,7.38948,1.09379,,1003.52,1043.12,41900.8,,8.30951,-2.94037,8.8144,,7.23752,13,12.888,3.19004,fluid
1272,7.21967,1.17212,,1003.53,1049.68,41947.8,,7.99481,-3.21457,8.61687,,6.66366,16.1583,12.4535,6.3483,fluid
1273,7.05202,1.25676,,1003.53,1076.03,41962.6,,7.6643,-3.48698,8.42025,,5.96568,18.8463,11.8952,9.03631,fluid
1274,6.88684,1.34755,,1003.53,1102.22,42001.1,,7.32185,-3.74696,8.22492,,5.19743,20.5678,11.2747,10.7578,fluid
1275,6.72446,1.44441,,1003.53,1106.16,42013.1,,6.97302,-3.99007,8.03391,,4.44381,21.1476,10.6696,11.3376,fluid
1276,6.56494,1.5474,,1003.52,1074.15,41855.6,,6.6217,-4.22011,7.85214,,3.70132,20.8488,10.0546,11.0388,fluid
1277,6.40808,1.65665,,1003.48,1021.25,41388.1,,6.27127,-4.44442,7.68646,,3.01966,20.131,9.456,10.321,fluid
1278,6.25367,1.77256,,1003.41,966.919,40538.3,,5.92224,-4.66698,7.54013,,2.42956,19.7232,8.88985,9.91321,fluid
1279,6.10141,1.89568,,1003.31,923.03,39322.5,,5.57405,-4.89229,7.41651,,1.97206,19.8819,8.39563,10.0719,fluid
1280,5.95114,2.02667,,1003.18,888.049,37811.3,,5.22256,-5.1147,7.30994,,1.71597,20.2753,8.04944,10.4653,fluid
1281,5.80294,2.16597,,1003.04,845.564,36064.6,,4.86502,-5.32342,7.2116,,1.55204,20.7215,7.74813,10.9115,fluid
1282,5.65711,2.3138,,1002.87,793.556,34093.4,,4.50622,-5.51786,7.1241,,1.52063,21.0882,7.53002,11.2782,fluid
1283,5.51373,2.47072,,1002.69,734.672,31871.9,,4.14971,-5.6988,7.04957,,1.68807,21.385,7.45304,11.575,fluid
1284,5.3727,2.63718,,1002.48,671.621,29405.1,,3.79486,-5.86884,6.98887,,2.05407,21.7502,7.51359,11.9402,fluid
1285,5.23423,2.81343,,1002.26,611.888,26746.7,,3.44251,-6.02781,6.94157,,2.54486,22.1787,7.64332,12.3687,fluid
1286,5.09878,3.00055,,1002.02,561.238,23905.3,,3.10241,-6.16695,6.90335,,3.07875,22.3659,7.75774,12.5559,fluid
1287,4.96716,3.19877,,1001.76,542.989,20785.3,,2.79612,-6.27912,6.87354,,3.41661,21.7518,7.59381,11.9418,fluid
1288,4.84284,3.4091,,1001.45,565.882,17114.4,,2.55107,-6.36832,6.86028,,3.3534,20.0509,6.88225,10.2409,fluid
1289,4.73132,3.62807,,1001.09,568.624,12867.5,,2.35488,-6.44823,6.86477,,3.29414,18.1975,6.01083,8.38749,fluid
1290,4.62029,3.87582,,1000.71,393.024,8411.17,,2.04956,-6.46101,6.7783,,4.06519,17.771,5.88438,7.961,fluid
1291,4.50414,4.08931,,1000.5,345.184,5924.39,,1.72383,-6.75657,6.97301,,5.54261,19.3756,6.85727,9.56562,fluid
1292,4.46406,4.29042,,1000.38,388.354,4435.24,,1.69768,-6.97541,7.17903,,5.79828,19.3374,6.79145,9.52738,fluid
1293,8.42158,-0.0204179,,1000.29,762.089,3398.9,,4.68973,-0.109283,4.691,,0.614856,8.16631,1.01833,-1.64369,fluid
1294,10.0415,0.10627,,1000.3,708.709,3520.44,,7.346,-0.0762266,7.34639,,3.54573,8.75818,3.89621,-1.05182,fluid
1295,11.1946,0.195796,,1000.09,519.699,1066.33,,8.91727,-0.0933236,8.91776,,0.175181,14.2719,0.270427,4.46195,fluid
1296,11.3084,0.23219,,1000.14,708.66,1606.15,,9.52508,-0.104948,9.52566,,1.58707,14.9244,1.72908,5.11436,fluid
1297,11.305,0.260189,,1000.17,699.995,2052.65,,9.89052,-0.112753,9.89116,,2.04617,14.4405,2.22771,4.63045,fluid
1298,11.3027,0.28656,,1000.21,696.891,2497.12,,10.2215,-0.120134,10.2222,,2.33488,13.9138,2.55577,4.10375,fluid
1299,11.2704,0.309663,,1000.25,750.288,2943.79,,10.4806,-0.134991,10.4815,,2.09736,14.8075,2.35849,4.9975,fluid
1300,11.2124,0.330369,,1000.3,872.162,3558.98,,10.6875,-0.166713,10.6888,,1.34983,17.6626,1.66715,7.8526,fluid
1301,11.1552,0.352021,,1000.37,998.872,4368.43,,10.8423,-0.203272,10.8443,,0.781162,19.9893,1.17262,10.1793,fluid
1302,11.0779,0.372808,,1000.46,1103.13,5430.92,,10.9299,-0.245174,10.9326,,0.253913,21.9818,0.743937,12.1718,fluid
1303,10.9844,0.394644,,1000.56,1143.41,6583.82,,11.1045,-0.278815,11.108,,-0.149228,22.1562,0.449817,12.3462,fluid
1304,10.8665,0.417822,,1000.64,1053.93,7499.91,,11.3986,-0.299113,11.4025,,0.394561,20.2304,1.08431,10.4204,fluid
1305,10.7081,0.439064,,1000.66,849.834,7841.71,,11.7234,-0.320969,11.7278,,2.69277,19.6301,3.4246,9.82006,fluid
1306,10.5147,0.456708,,1000.72,1044.78,8460.64,,11.8795,-0.362487,11.885,,3.90127,21.9166,4.70535,12.1066,fluid
1307,10.3334,0.473414,,1000.85,1312.11,9974.01,,11.6186,-0.404537,11.6256,,2.74089,21.7263,3.7053,11.9163,fluid
1308,10.1737,0.493097,,1000.96,1251.49,11327.6,,11.6227,-0.496962,11.6333,,2.62603,22.707,3.73839,12.897,fluid
1309,10.0044,0.520475,,1001.06,1079.54,12474.5,,11.8823,-0.649447,11.9,,4.39666,25.1421,5.64225,15.3321,fluid
1310,9.80467,0.555742,,1001.22,1100.44,14412.5,,12.0283,-0.854059,12.0586,,7.23004,27.5348,8.69822,17.7248,fluid
1311,9.58741,0.592146,,1001.51,1369.51,17885.1,,11.7132,-1.13441,11.768,,7.58763,28.4714,9.45029,18.6614,fluid
1312,9.38374,0.633256,,1001.8,1461.33,21280,,11.3568,-1.60432,11.4695,,6.75352,26.4503,9.0172,16.6403,fluid
1313,9.18903,0.686519,,1002.02,1393.42,23903.7,,11.2407,-1.93025,11.4053,,8.02754,17.2926,10.6236,7.48264,fluid
1314,8.98841,0.744826,,1002.23,1298.08,26451.8,,11.1058,-1.95678,11.2769,,10.0649,10.0161,13.0012,0.206089,fluid
1315,8.78249,0.80043,,1002.47,1232.17,29265.8,,10.7798,-1.93549,10.9522,,11.2992,8.38994,14.6233,-1.42006,fluid
1316,8.58125,0.853434,,1002.66,1177.18,31600.5,,10.3896,-2.03392,10.5868,,11.3288,8.90627,15.0016,-0.903729,fluid
1317,8.38714,0.909081,,1002.79,1122.59,33135.1,,10.0833,-2.20661,10.3219,,11.1452,10.2908,15.0849,0.480752,fluid
1318,8.19518,0.96982,,1002.89,1063.15,34296.9,,9.80894,-2.40889,10.1004,,11.4875,12.3951,15.6605,2.5851,fluid
1319,8.0037,1.03496,,1002.97,1019.53,35292.3,,9.48857,-2.65741,9.85367,,11.6664,15.0346,16.0629,5.22459,fluid
1320,7.81438,1.10507,,1003.03,1012.63,36016.7,,9.13352,-2.96306,9.60213,,11.1574,17.9129,15.7525,8.10286,fluid
1321,7.62813,1.18196,,1003.07,1026.55,36482,,8.7744,-3.29027,9.37102,,10.4003,20.5177,15.1682,10.7077,fluid
1322,7.44497,1.26607,,1003.1,1054.96,36869.4,,8.41563,-3.60203,9.1541,,9.70318,22.7055,14.6401,12.8955,fluid
1323,7.26487,1.35709,,1003.14,1082.97,37274.7,,8.04947,-3.89052,8.94036,,9.10776,24.0881,14.2225,14.2781,fluid
1324,7.08777,1.45467,,1003.17,1083.13,37635.6,,7.67094,-4.16228,8.72742,,8.48672,24.4734,13.7799,14.6634,fluid
1325,6.91357,1.55876,,1003.18,1049.14,37798.6,,7.28337,-4.42606,8.52277,,7.78241,23.9202,13.2324,14.1102,fluid
1326,6.74206,1.66971,,1003.17,994.41,37622.1,,6.88956,-4.68545,8.33183,,7.10381,23.0342,12.6664,13.2242,fluid
1327,6.57299,1.788,,1003.12,935.817,37047.3,,6.49069,-4.94506,8.15982,,6.45433,22.6154,12.0731,12.8054,fluid
1328,6.40611,1.91425,,1003.04,892.653,36104.7,,6.08556,-5.20443,8.00751,,5.93378,22.6732,11.5527,12.8632,fluid
1329,6.24137,2.04901,,1002.94,851.906,34868.8,,5.66959,-5.45228,7.86585,,5.56819,23.0613,11.1385,13.2513,fluid
1330,6.07891,2.19259,,1002.81,804.678,33383.7,,5.24663,-5.68667,7.73727,,5.2524,23.476,10.7287,13.666,fluid
1331,5.91856,2.34578,,1002.67,754.767,31633.8,,4.82179,-5.90371,7.62256,,5.13384,23.6055,10.4645,13.7955,fluid
1332,5.75999,2.50954,,1002.49,703.249,29563.2,,4.39127,-6.09633,7.51322,,5.10737,23.6235,10.2271,13.8135,fluid
1333,5.60346,2.68421,,1002.29,653.804,27140.2,,3.96093,-6.26454,7.41171,,5.07231,23.6817,9.90473,13.8717,fluid
1334,5.44964,2.87111,,1002.06,615.493,24359.9,,3.54552,-6.4017,7.31795,,4.98301,23.4368,9.44384,13.6268,fluid
1335,5.30048,3.07139,,1001.79,608.031,21161.6,,3.17568,-6.50114,7.23531,,4.81807,22.3416,8.80334,12.5316,fluid
1336,5.1606,3.28597,,1001.47,630.352,17333.3,,2.88079,-6.56979,7.17364,,4.37643,20.3573,7.73028,10.5473,fluid
1337,5.035,3.51174,,1001.09,610.264,12905.5,,2.63876,-6.61959,7.12615,,4.13233,18.5146,6.69269,8.70459,fluid
1338,4.90916,3.76598,,1000.71,382.215,8383.5,,2.25456,-6.64255,7.01474,,4.98142,18.3767,6.68793,8.56674,fluid
1339,4.78175,3.97993,,1000.51,358.949,5999.6,,1.89134,-6.95256,7.20523,,6.47571,19.8706,7.72975,10.0606,fluid
1340,4.73201,4.18655,,1000.38,398.929,4524.61,,1.83377,-7.15109,7.38247,,6.62199,19.6723,7.57779,9.86235,fluid
1341,8.91464,-0.00913183,,1000.13,390.583,1560.18,,5.13816,-0.0912596,5.13897,,-1.3368,8.7192,-1.16181,-1.0908,fluid
1342,10.7263,0.131018,,1000.11,1071.03,1278.01,,7.48459,-0.102071,7.48529,,2.7549,18.558,2.87403,8.74795,fluid
1343,11.856,0.221192,,1000.18,543.068,2079.22,,8.93336,-0.0764545,8.93369,,-0.583144,10.3281,-0.407802,0.518102,fluid
1344,11.9604,0.253771,,1000.19,708.929,2224.62,,9.58662,-0.0894064,9.58704,,0.671089,11.9497,0.857053,2.13974,fluid
1345,11.9838,0.28116,,1000.21,705.376,2445.12,,9.93907,-0.0922084,9.9395,,1.38105,11.0408,1.58504,1.23082,fluid
1346,11.9925,0.306361,,1000.23,683.717,2659.75,,10.2506,-0.0933953,10.251,,1.67829,9.92063,1.90003,0.110628,fluid
1347,11.9781,0.328829,,1000.25,700.822,2899.76,,10.5003,-0.100987,10.5007,,1.47857,9.94936,1.7206,0.139358,fluid
1348,11.9228,0.34822,,1000.28,826.31,3297.82,,10.6215,-0.132167,10.6223,,0.535632,13.1292,0.812154,3.31917,fluid
1349,11.8622,0.369502,,1000.33,968.223,3846.19,,10.6715,-0.173832,10.673,,-0.249979,16.2516,0.0741529,6.4416,fluid
1350,11.7916,0.391041,,1000.38,1095.03,4492.83,,10.72,-0.213211,10.7222,,-0.951724,18.2527,-0.57085,8.44273,fluid
1351,11.7123,0.413096,,1000.43,1186.9,5080.35,,10.9476,-0.246544,10.9504,,-1.82971,18.8014,-1.39613,8.99141,fluid
1352,11.608,0.437151,,1000.46,1163.13,5415.82,,11.3646,-0.256194,11.3675,,-1.93944,16.4183,-1.47309,6.60832,fluid
1353,11.4536,0.458083,,1000.44,852.683,5223.58,,11.8043,-0.245254,11.8068,,0.258412,13.3007,0.714276,3.49066,fluid
1354,11.2611,0.473154,,1000.48,962.712,5653.77,,12.0117,-0.291024,12.0152,,2.28514,16.106,2.78696,6.29601,fluid
1355,11.0886,0.489276,,1000.62,1355.39,7316.7,,11.7789,-0.33708,11.7837,,1.07523,17.139,1.73466,7.32902,fluid
1356,10.9347,0.510716,,1000.74,1377.59,8701.88,,11.8652,-0.415207,11.8725,,0.210857,17.8389,1.00607,8.02895,fluid
1357,10.759,0.538748,,1000.79,1178.91,9331.01,,12.2423,-0.543444,12.2544,,1.17719,19.36,2.04377,9.54995,fluid
1358,10.5462,0.570425,,1000.86,1228.92,10144.7,,12.4467,-0.674828,12.4649,,3.56117,20.5048,4.52228,10.6948,fluid
1359,10.3241,0.597874,,1001.03,1538.69,12107.6,,12.1108,-0.886418,12.1432,,3.52178,22.6916,4.69333,12.8816,fluid
1360,10.1226,0.633932,,1001.16,1522.13,13705.5,,11.9717,-1.31516,12.0437,,3.63174,23.2974,4.98412,13.4874,fluid
1361,9.91992,0.686319,,1001.27,1398.15,15022.7,,12.0947,-1.57148,12.1964,,5.93089,16.4804,7.44336,6.67039,fluid
1362,9.70138,0.739184,,1001.47,1399.45,17396.1,,12.0222,-1.5797,12.1255,,8.30621,11.4307,10.0967,1.62067,fluid
1363,9.4803,0.785806,,1001.73,1380.04,20473.2,,11.6635,-1.62879,11.7767,,9.09741,9.73835,11.2532,-0.071654,fluid
1364,9.26884,0.833285,,1001.91,1312.03,22662.9,,11.3653,-1.7495,11.4992,,9.32955,9.191,11.7699,-0.618998,fluid
1365,9.0606,0.885223,,1002.04,1245.86,24213.4,,11.1853,-1.86457,11.3396,,10.2681,10.0798,12.935,0.269843,fluid
1366,8.8493,0.939233,,1002.19,1193.65,25939.4,,10.9401,-2.02235,11.1255,,11.5788,12.0306,14.5037,2.22058,fluid
1367,8.63802,0.994883,,1002.33,1155.78,27643.9,,10.591,-2.28334,10.8343,,12.0859,14.4835,15.2787,4.67354,fluid
1368,8.4306,1.05565,,1002.44,1131.53,28876.1,,10.2352,-2.61761,10.5646,,11.9676,17.173,15.3844,7.36303,fluid
1369,8.22707,1.12409,,1002.51,1104.83,29776.3,,9.90241,-2.96219,10.336,,12.0744,20.0293,15.6846,10.2193,fluid
1370,8.02646,1.20008,,1002.58,1104.34,30626.6,,9.5607,-3.29937,10.114,,12.2763,22.9543,16.0822,13.1443,fluid
1371,7.82853,1.28323,,1002.65,1126.83,31495.2,,9.19272,-3.63004,9.88349,,12.2612,25.346,16.2737,15.536,fluid
1372,7.63343,1.37334,,1002.73,1142.64,32343,,8.80094,-3.95097,9.64711,,12.0256,26.8069,16.2511,16.9969,fluid
1373,7.4414,1.47037,,1002.79,1130.9,33084,,8.39179,-4.26402,9.41297,,11.6838,27.1721,16.1173,17.3621,fluid
1374,7.25239,1.57447,,1002.83,1085.68,33586.1,,7.96886,-4.57239,9.18747,,11.2642,26.6002,15.8822,16.7902,fluid
1375,7.06622,1.68602,,1002.84,1020.53,33722.9,,7.53498,-4.87872,8.97652,,10.7888,25.8315,15.5477,16.0215,fluid
1376,6.88259,1.80559,,1002.82,963.985,33444,,7.09026,-5.18614,8.78453,,10.2699,25.3922,15.1154,15.5822,fluid
1377,6.70125,1.93384,,1002.76,927.999,32790.8,,6.63117,-5.4883,8.60778,,9.72319,25.2785,14.6029,15.4685,fluid
1378,6.52203,2.07116,,1002.68,891.852,31816.8,,6.15775,-5.77645,8.44306,,9.12088,25.462,13.9862,15.652,fluid
1379,6.34453,2.21831,,1002.57,866.28,30518.5,,5.6761,-6.0469,8.29356,,8.56989,25.3422,13.3678,15.5322,fluid
1380,6.16809,2.37677,,1002.43,836.162,28855.9,,5.18251,-6.28234,8.1441,,8.04312,24.88,12.71,15.07,fluid
1381,5.99286,2.54756,,1002.26,803.984,26766,,4.68363,-6.47571,7.99195,,7.38377,24.3647,11.84,14.5547,fluid
1382,5.81966,2.73174,,1002.04,779.225,24200.4,,4.19509,-6.63125,7.8468,,6.68747,23.5618,10.8374,13.7518,fluid
1383,5.65062,2.93198,,1001.78,753.708,21068.1,,3.73427,-6.7406,7.70587,,5.96397,22.2349,9.6858,12.4249,fluid
1384,5.49153,3.15025,,1001.45,728.357,17199.8,,3.33662,-6.80178,7.57609,,5.18093,20.3593,8.30844,10.5493,fluid
1385,5.34822,3.3839,,1001.08,640.11,12701.1,,3.00135,-6.81636,7.44788,,4.96841,18.8013,7.34069,8.99127,fluid
1386,5.20251,3.6428,,1000.71,364.603,8340.02,,2.49083,-6.87749,7.31465,,6.14797,19.2297,7.74991,9.41967,fluid
1387,5.06107,3.85739,,1000.52,379.05,6112.82,,2.0861,-7.1869,7.48354,,7.58903,20.5263,8.79622,10.7163,fluid
1388,5.00019,4.07153,,1000.39,413.481,4641.43,,1.9885,-7.35604,7.62007,,7.60921,20.0694,8.5371,10.2594,fluid
1389,9.42689,0.00423993,,1000.1,224.418,1142.78,,5.24307,-0.0592437,5.2434,,-2.16356,3.20696,-2.04234,-6.60304,fluid
1390,11.3753,0.156093,,1000.06,1016.31,756.299,,7.70974,-0.105026,7.71045,,2.10765,19.5919,2.17413,9.78189,fluid
1391,12.3609,0.251133,,1000.2,468.951,2400.74,,8.58085,-0.0579762,8.58105,,0.39291,5.66108,0.58709,-4.14892,fluid
1392,12.5788,0.278458,,1000.19,677.042,2252.13,,9.45134,-0.0857104,9.45172,,-0.681847,10.3909,-0.502839,0.580866,fluid
1393,12.6231,0.300439,,1000.19,721.756,2228.83,,9.85193,-0.0922642,9.85236,,0.043106,10.623,0.21964,0.813025,fluid
1394,12.6853,0.325422,,1000.18,635.617,2145.89,,10.251,-0.0774197,10.2513,,0.912796,7.03898,1.08193,-2.77102,fluid
1395,12.6716,0.347207,,1000.2,673.788,2298.01,,10.4442,-0.0912987,10.4446,,0.763913,8.11894,0.945229,-1.69106,fluid
1396,12.6018,0.365475,,1000.23,837.593,2682.75,,10.4561,-0.13528,10.457,,0.07317,12.8035,0.286008,2.99351,fluid
1397,12.5487,0.387584,,1000.26,936.417,3044.86,,10.5083,-0.168504,10.5097,,-0.510362,14.7955,-0.267781,4.98546,fluid
1398,12.4873,0.410089,,1000.29,1011.77,3410.11,,10.6286,-0.200832,10.6305,,-1.12667,15.7191,-0.853666,5.90915,fluid
1399,12.4149,0.433542,,1000.31,1079.43,3705.1,,10.9354,-0.23002,10.9378,,-1.84505,15.5958,-1.5467,5.7858,fluid
1400,12.3136,0.459203,,1000.32,1063.47,3824.21,,11.3983,-0.224465,11.4005,,-2.00219,12.5965,-1.69173,2.78651,fluid
1401,12.1579,0.481247,,1000.31,755.585,3687.82,,11.7535,-0.192613,11.7551,,-0.328936,8.57104,-0.0257046,-1.23896,fluid
1402,11.9729,0.498342,,1000.35,847.604,4181.27,,11.8687,-0.239102,11.8711,,1.10474,10.9497,1.45384,1.13965,fluid
1403,11.8142,0.519146,,1000.45,1304.74,5307.71,,11.7249,-0.279823,11.7282,,-0.316726,12.0236,0.132338,2.21356,fluid
1404,11.665,0.543374,,1000.51,1438.92,6023.6,,11.9407,-0.358558,11.946,,-1.83062,12.8179,-1.3145,3.00785,fluid
1405,11.4832,0.572291,,1000.51,1187.56,5963.39,,12.4207,-0.478037,12.4299,,-1.05319,13.3452,-0.534144,3.53518,fluid
1406,11.267,0.60313,,1000.55,1179.8,6469.32,,12.5969,-0.562341,12.6094,,1.61431,13.001,2.18818,3.19098,fluid
1407,11.0555,0.630618,,1000.7,1517.11,8224.26,,12.3304,-0.722381,12.3516,,1.36754,14.2689,2.11093,4.4589,fluid
1408,10.8598,0.669857,,1000.78,1489.91,9171.32,,12.3939,-1.01806,12.4357,,0.957425,13.3852,1.80129,3.57521,fluid
1409,10.6484,0.720209,,1000.8,1352.23,9402.1,,12.6328,-1.10599,12.6811,,2.51454,9.30234,3.3968,-0.507657,fluid
1410,10.4167,0.764275,,1000.9,1483.24,10626.7,,12.5326,-1.09137,12.58,,4.08058,7.79209,5.09983,-2.01791,fluid
1411,10.1904,0.803865,,1001.02,1506.54,12101.7,,12.2644,-1.1853,12.3216,,4.64915,7.40207,5.83549,-2.40793,fluid
1412,9.97321,0.846517,,1001.09,1421.45,12896.3,,12.215,-1.27904,12.2818,,5.77922,7.54379,7.0709,-2.26621,fluid
1413,9.74974,0.889522,,1001.21,1388.71,14238.2,,12.1695,-1.35013,12.2442,,7.74228,8.86988,9.20089,-0.940118,fluid
1414,9.52018,0.931228,,1001.39,1365.17,16432.9,,11.9037,-1.51192,11.9994,,9.35394,10.5598,11.0777,0.749771,fluid
1415,9.2946,0.976119,,1001.54,1346.07,18272.2,,11.58,-1.79919,11.7189,,9.73897,12.2029,11.7018,2.39288,fluid
1416,9.07425,1.02835,,1001.65,1321.18,19544.7,,11.3312,-2.12343,11.5284,,10.1812,14.2381,12.3315,4.42806,fluid
1417,8.85547,1.08793,,1001.76,1296.47,20801.2,,11.0728,-2.45275,11.3412,,11.1149,16.8753,13.4597,7.06529,fluid
1418,8.63764,1.15401,,1001.87,1306.26,22099.4,,10.7511,-2.81271,11.1129,,11.6423,19.8118,14.196,10.0018,fluid
1419,8.42202,1.22713,,1001.97,1331.13,23292.5,,10.3948,-3.195,10.8747,,11.7898,22.4626,14.5501,12.6526,fluid
1420,8.20926,1.30774,,1002.06,1354.13,24457.2,,10.0222,-3.57206,10.6397,,11.9689,24.5168,14.9419,14.7068,fluid
1421,7.99947,1.3959,,1002.17,1363.44,25657.7,,9.62732,-3.93443,10.4002,,12.2004,25.7786,15.4009,15.9686,fluid
1422,7.7927,1.49163,,1002.26,1344.12,26778.1,,9.20556,-4.28798,10.1552,,12.2858,26.1363,15.7143,16.3263,fluid
1423,7.58897,1.59505,,1002.33,1290.14,27636.2,,8.7626,-4.6413,9.91589,,12.1906,25.8046,15.8237,15.9946,fluid
1424,7.38812,1.70662,,1002.37,1226.01,28112.8,,8.30252,-4.99878,9.69122,,11.9701,25.2516,15.7662,15.4416,fluid
1425,7.18987,1.827,,1002.38,1177.34,28172.8,,7.82321,-5.35757,9.48189,,11.7029,24.9147,15.612,15.1047,fluid
1426,6.99391,1.95681,,1002.35,1138.5,27845.1,,7.32199,-5.70887,9.28455,,11.2895,24.9127,15.2615,15.1027,fluid
1427,6.79989,2.09659,,1002.29,1105.07,27160.9,,6.80052,-6.04658,9.0999,,10.7036,24.8533,14.6888,15.0433,fluid
1428,6.60711,2.24755,,1002.2,1077.88,26064,,6.25756,-6.35516,8.9188,,9.95439,24.2538,13.8906,14.4438,fluid
1429,6.41507,2.41152,,1002.06,1030.33,24417.7,,5.69389,-6.60615,8.72133,,8.97422,23.6212,12.7727,13.8112,fluid
1430,6.22446,2.58952,,1001.87,989.911,22193.8,,5.13471,-6.8111,8.52973,,8.07889,22.6103,11.6378,12.8003,fluid
1431,6.0366,2.78465,,1001.64,933.694,19395.8,,4.5904,-6.96538,8.34196,,7.36065,21.4345,10.5684,11.6245,fluid
1432,5.85468,3.00137,,1001.35,821.432,15982.9,,4.05133,-7.06201,8.14158,,6.42516,20.3313,9.15141,10.5213,fluid
1433,5.68358,3.24027,,1001.02,605.564,12067.8,,3.49837,-7.08549,7.90208,,6.08798,19.5111,8.20908,9.70114,fluid
1434,5.50536,3.49906,,1000.71,339.369,8382.24,,2.75585,-7.21516,7.72355,,7.67174,20.6284,9.19322,10.8184,fluid
1435,5.3439,3.71633,,1000.54,407.296,6313.03,,2.31093,-7.47118,7.82042,,8.90262,21.4447,10.0833,11.6347,fluid
1436,5.26816,3.9433,,1000.41,433.352,4803.65,,2.16685,-7.594,7.89709,,8.80462,20.5948,9.71607,10.7848,fluid
1437,9.92328,0.0198829,,1000.27,992.154,3125.49,,5.67273,-0.0734739,5.67321,,0.917498,10.231,1.23238,0.420958,fluid
1438,11.7805,0.177976,,1000.15,262.8,1708.96,,7.73646,-0.00599581,7.73646,,-0.574461,-5.27774,-0.429415,-15.0877,fluid
1439,13.1211,0.285755,,1000.21,444.343,2517.67,,9.10994,-0.046778,9.11006,,-0.23362,2.78498,-0.0417808,-7.02502,fluid
1440,13.263,0.310343,,1000.24,745.335,2798.92,,9.80118,-0.0952521,9.80164,,1.66631,10.5599,1.87729,0.749914,fluid
1441,13.2544,0.328795,,1000.24,760.967,2811.79,,9.93564,-0.100874,9.93615,,1.56876,10.5131,1.78085,0.703097,fluid
1442,13.2572,0.350064,,1000.24,784.419,2822.97,,10.1172,-0.107137,10.1178,,1.63511,10.5455,1.848,0.735459,fluid
1443,13.2289,0.370323,,1000.24,805.59,2840.17,,10.2109,-0.115929,10.2116,,1.18488,10.6181,1.39952,0.808058,fluid
1444,13.1949,0.389523,,1000.24,825.504,2843.66,,10.2861,-0.126414,10.2869,,0.621252,10.6877,0.836712,0.877701,fluid
1445,13.1764,0.41252,,1000.24,862.155,2852.2,,10.4498,-0.137806,10.4507,,0.292029,10.7981,0.50844,0.988095,fluid
1446,13.1408,0.438256,,1000.24,908.003,2841.17,,10.653,-0.15233,10.6541,,-0.337974,10.7761,-0.121815,0.966147,fluid
1447,13.0759,0.462165,,1000.23,947.174,2759.85,,10.9671,-0.167188,10.9684,,-1.46059,10.6992,-1.24957,0.88917,fluid
1448,12.9789,0.487388,,1000.22,873.539,2585.51,,11.3788,-0.185116,11.3803,,-2.11974,10.0204,-1.92058,0.210439,fluid
1449,12.8394,0.514356,,1000.21,678.837,2510.99,,11.6742,-0.22978,11.6765,,-1.12512,9.85803,-0.929597,0.0480326,fluid
1450,12.6776,0.540687,,1000.26,829.164,3039.37,,11.8235,-0.26503,11.8264,,0.0742524,9.42885,0.313933,-0.381154,fluid
1451,12.5285,0.575226,,1000.32,1169.25,3823.79,,11.8556,-0.271799,11.8587,,-0.36379,8.27763,-0.0586821,-1.53237,fluid
1452,12.368,0.618168,,1000.36,1255.61,4192.09,,12.0716,-0.404912,12.0784,,-1.41862,8.82288,-1.07979,-0.987121,fluid
1453,12.1766,0.674365,,1000.34,1052.16,3949.87,,12.3562,-0.561268,12.369,,-0.896032,7.3152,-0.571758,-2.4948,fluid
1454,11.97,0.732507,,1000.34,962.725,4062.92,,12.4596,-0.420222,12.4667,,0.259005,5.03289,0.598314,-4.77711,fluid
1455,11.7657,0.770929,,1000.4,1106.78,4667.23,,12.4292,-0.332065,12.4336,,0.109625,5.37636,0.506149,-4.43364,fluid
1456,11.5595,0.802896,,1000.4,1121.3,4738.83,,12.5118,-0.460887,12.5202,,-0.203644,5.64586,0.206144,-4.16414,fluid
1457,11.3384,0.83872,,1000.38,945.8,4458,,12.6546,-0.452062,12.6626,,0.690072,5.92694,1.0831,-3.88306,fluid
1458,11.1101,0.868343,,1000.42,944.281,4930.88,,12.6338,-0.327581,12.6381,,1.74996,6.88189,2.19359,-2.92811,fluid
1459,10.8894,0.893285,,1000.46,997.761,5447.55,,12.5984,-0.404886,12.6049,,2.08335,7.58986,2.58338,-2.22014,fluid
1460,10.6665,0.921083,,1000.48,964.1,5642.59,,12.685,-0.526856,12.6959,,2.67725,8.21106,3.206,-1.59894,fluid
1461,10.432,0.949059,,1000.55,994.893,6538.92,,12.6644,-0.599358,12.6786,,4.20107,9.13618,4.82754,-0.673824,fluid
1462,10.1967,0.976249,,1000.66,1106.25,7824.87,,12.4952,-0.795549,12.5205,,5.24869,10.1055,6.01558,0.295497,fluid
1463,9.9672,1.0094,,1000.73,1178.5,8659.01,,12.3889,-1.0798,12.4359,,5.99193,11.3132,6.86004,1.50317,fluid
1464,9.73676,1.0504,,1000.81,1178.36,9575.62,,12.2948,-1.33901,12.3675,,7.50091,13.158,8.48356,3.34795,fluid
1465,9.50346,1.09633,,1000.92,1195.88,10871.5,,12.0985,-1.63314,12.2082,,9.10493,15.6071,10.2478,5.79712,fluid
1466,9.2709,1.14739,,1001.03,1262.94,12138.1,,11.8439,-2.02075,12.0151,,9.85029,18.0529,11.1582,8.24288,fluid
1467,9.0405,1.20621,,1001.12,1315.33,13285.4,,11.5765,-2.44166,11.8312,,10.4189,20.2055,11.8868,10.3955,fluid
1468,8.8118,1.27356,,1001.23,1357.46,14521.1,,11.2765,-2.8523,11.6316,,11.1525,22.2664,12.7984,12.4564,fluid
1469,8.585,1.34902,,1001.34,1406.68,15859.8,,10.9292,-3.26294,11.4059,,11.7097,23.9995,13.5546,14.1895,fluid
1470,8.36084,1.43259,,1001.45,1443.1,17191.4,,10.5434,-3.67936,11.167,,12.1041,25.0772,14.1573,15.2672,fluid
1471,8.13964,1.5246,,1001.56,1438.91,18424.4,,10.1252,-4.09962,10.9237,,12.4965,25.4184,14.7565,15.6084,fluid
1472,7.92145,1.62539,,1001.64,1398.98,19450.6,,9.67517,-4.52366,10.6805,,12.8293,25.2379,15.2807,15.4279,fluid
1473,7.70634,1.73544,,1001.7,1349.38,20150.6,,9.19568,-4.95293,10.4447,,12.9791,24.9316,15.5895,15.1216,fluid
1474,7.49415,1.85535,,1001.73,1308.35,20480.1,,8.68919,-5.38411,10.2221,,12.9556,24.8174,15.6837,15.0074,fluid
1475,7.28446,1.98577,,1001.73,1275.8,20462.8,,8.15445,-5.8078,10.0113,,12.7847,24.759,15.589,14.949,fluid
1476,7.07676,2.12763,,1001.7,1234.22,20112.6,,7.5902,-6.20782,9.80552,,12.4537,24.4218,15.2909,14.6118,fluid
1477,6.87029,2.2822,,1001.64,1173.31,19365.2,,6.99115,-6.56483,9.59026,,11.8709,23.768,14.685,13.958,fluid
1478,6.66481,2.45111,,1001.53,1069.44,18057.3,,6.35687,-6.86695,9.35761,,11.1784,22.98,13.8836,13.17,fluid
1479,6.46083,2.63719,,1001.36,895.118,16094.5,,5.68796,-7.1069,9.1028,,10.5326,22.3404,13.0204,12.5304,fluid
1480,6.25718,2.844,,1001.15,668.081,13614,,4.93059,-7.31096,8.81822,,9.37797,22.1636,11.5512,12.3536,fluid
1481,6.04967,3.07336,,1000.93,433.075,10987.9,,4.05299,-7.52531,8.54734,,9.10488,22.2182,10.9195,12.4082,fluid
1482,5.82525,3.31936,,1000.74,391.192,8760.34,,3.12468,-7.72263,8.33083,,10.3231,22.7914,11.8258,12.9814,fluid
1483,5.63742,3.54679,,1000.58,447.245,6793.04,,2.61945,-7.83081,8.25731,,10.553,22.7058,11.7573,12.8958,fluid
1484,5.53438,3.80017,,1000.43,452.581,5075.67,,2.35406,-7.86565,8.21037,,10.187,21.4951,11.1037,11.6851,fluid
1485,10.3862,0.0482941,,1000,65.837,0.374523,,5.82958,0.0480665,5.82978,,-0.0470458,-10.5656,-0.0470097,-20.3756,fluid
1486,12.0544,0.198473,,1000.15,1020.13,1733.72,,8.09708,-0.120896,8.09798,,3.00842,22.3964,3.15222,12.5864,fluid
1487,13.344,0.307182,,1000.23,812.9,2698.39,,9.58549,-0.11228,9.58615,,3.59011,13.9175,3.79228,4.10752,fluid
1488,13.541,0.339097,,1000.15,768.029,1801.41,,9.44761,-0.10183,9.44816,,3.57735,11.5337,3.71036,1.72371,fluid
1489,13.5981,0.358836,,1000.13,726.092,1474.2,,9.51525,-0.0968344,9.51575,,3.19262,9.75442,3.30102,-0.0555815,fluid
1490,13.682,0.380612,,1000.09,682.577,1094.45,,9.58036,-0.0983392,9.58086,,2.74129,8.87945,2.82128,-0.930547,fluid
1491,13.7822,0.405978,,1000.08,661.772,900.192,,9.72478,-0.118425,9.72551,,2.48322,9.38394,2.54853,-0.42606,fluid
1492,13.8545,0.431553,,1000.08,654.783,990.613,,10.0428,-0.137778,10.0437,,2.2963,9.55216,2.3678,-0.257842,fluid
1493,13.8634,0.456759,,1000.09,642.895,1055.79,,10.2791,-0.155555,10.2802,,2.1438,9.63639,2.21995,-0.173615,fluid
1494,13.8309,0.482883,,1000.09,627.131,1030.18,,10.5066,-0.182383,10.5082,,1.87079,10.2139,1.94527,0.403936,fluid
1495,13.7645,0.508495,,1000.08,620.545,994.044,,10.8866,-0.216277,10.8887,,1.06544,11.0558,1.13765,1.24585,fluid
1496,13.6548,0.54332,,1000.1,707.57,1162.98,,11.3836,-0.262275,11.3866,,0.000397442,11.8325,0.0855591,2.02252,fluid
1497,13.4858,0.588616,,1000.16,789.207,1861.33,,11.6591,-0.326769,11.6636,,0.516111,11.9825,0.65411,2.17252,fluid
1498,13.2965,0.636135,,1000.23,839.475,2693.05,,11.6785,-0.354699,11.6839,,1.58213,10.6114,1.78462,0.801427,fluid
1499,13.114,0.676306,,1000.25,927.027,2983.67,,11.6758,-0.369383,11.6817,,1.06258,9.72832,1.29004,-0.0816767,fluid
1500,12.9315,0.714078,,1000.25,965.355,2893.9,,11.8017,-0.518622,11.8131,,0.35433,8.97098,0.578062,-0.839017,fluid
1501,12.7417,0.753378,,1000.26,929.038,3047.65,,11.9205,-0.54841,11.9331,,0.842838,7.8731,1.08196,-1.9369,fluid
1502,12.5473,0.783226,,1000.3,905.509,3531.57,,11.9412,-0.441392,11.9493,,1.05349,8.06373,1.33486,-1.74627,fluid
1503,12.3532,0.80189,,1000.32,980.172,3719.61,,11.9836,-0.475762,11.9931,,0.592635,8.08948,0.893644,-1.72052,fluid
1504,12.1528,0.82643,,1000.29,1006.89,3431.78,,12.12,-0.665951,12.1383,,0.635184,8.04587,0.917487,-1.76413,fluid
1505,11.9415,0.857371,,1000.29,946.188,3429.34,,12.2053,-0.660176,12.2231,,1.2268,8.71102,1.5139,-1.09898,fluid
1506,11.7292,0.877708,,1000.33,971.222,3860.86,,12.2007,-0.610263,12.216,,1.15872,9.26997,1.48778,-0.54003,fluid
1507,11.5183,0.896834,,1000.33,1055.79,3844.77,,12.2588,-0.790664,12.2843,,1.00472,9.27226,1.33841,-0.537744,fluid
1508,11.299,0.927217,,1000.3,1033.17,3578.97,,12.3637,-0.93082,12.3987,,1.54353,9.86844,1.86018,0.0584428,fluid
1509,11.0728,0.958141,,1000.32,1025.97,3824.51,,12.3615,-0.981808,12.4005,,2.31495,11.1044,2.66024,1.29438,fluid
1510,10.8487,0.986311,,1000.34,1050.54,4004.33,,12.3523,-1.14816,12.4055,,2.66846,11.9982,3.03744,2.18815,fluid
1511,10.6226,1.02001,,1000.34,1057.56,4046.06,,12.3935,-1.37444,12.4695,,3.31907,13.0392,3.69983,3.22916,fluid
1512,10.3903,1.06054,,1000.38,1021.67,4527.28,,12.3611,-1.56974,12.4603,,4.67867,14.7867,5.11422,4.97666,fluid
1513,10.156,1.10388,,1000.43,1019.82,5124.44,,12.2713,-1.77558,12.3991,,5.62776,16.7152,6.13212,6.90523,fluid
1514,9.92082,1.15069,,1000.47,1042.83,5523.51,,12.1771,-2.05009,12.3485,,6.42881,18.5645,6.98531,8.75446,fluid
1515,9.68401,1.20383,,1000.51,1025.97,5987.85,,12.0513,-2.34719,12.2778,,7.84526,20.7778,8.46327,10.9678,fluid
1516,9.44649,1.26347,,1000.57,1015.45,6675.49,,11.8816,-2.64838,12.1732,,9.32417,23.2625,10.0304,13.4525,fluid
1517,9.20905,1.32924,,1000.64,1027.93,7536.88,,11.6696,-2.97481,12.0428,,10.5164,25.4242,11.3343,15.6142,fluid
1518,8.972,1.40194,,1000.72,1036.11,8511.4,,11.4051,-3.33398,11.8824,,11.6175,27.0552,12.5655,17.2452,fluid
1519,8.73606,1.48237,,1000.81,1027.54,9542.32,,11.0896,-3.72079,11.6971,,12.6758,28.2131,13.7672,18.4031,fluid
1520,8.50182,1.57112,,1000.89,1007.19,10531.5,,10.7263,-4.13594,11.4961,,13.6258,28.8815,14.8634,19.0715,fluid
1521,8.26959,1.66898,,1000.96,975.874,11369.5,,10.3144,-4.57939,11.2853,,14.5208,29.1468,15.8944,19.3368,fluid
1522,8.03955,1.7768,,1001.02,941.428,12004.2,,9.85335,-5.04541,11.07,,15.3627,29.2557,16.8544,19.4457,fluid
1523,7.81177,1.89533,,1001.05,913.154,12429.5,,9.33994,-5.52432,10.8514,,16.0357,29.3255,17.6252,19.5155,fluid
1524,7.58599,2.02524,,1001.07,884.081,12660.4,,8.76979,-6.0039,10.6281,,16.4194,29.274,18.0865,19.464,fluid
1525,7.36138,2.16717,,1001.08,841.469,12701.5,,8.13727,-6.47178,10.3971,,16.4511,28.9875,18.1747,19.1775,fluid
1526,7.13633,2.32196,,1001.06,772.641,12527.8,,7.43318,-6.92204,10.1571,,16.2236,28.3717,17.9772,18.5617,fluid
1527,6.90781,2.49122,,1001.03,680.609,12113.8,,6.63002,-7.34922,9.89789,,15.6809,27.6209,17.4327,17.8109,fluid
1528,6.66934,2.67854,,1000.97,585.175,11450.4,,5.67524,-7.75262,9.60789,,14.8011,26.9341,16.5163,17.1241,fluid
1529,6.41411,2.88603,,1000.9,547.781,10566.7,,4.63585,-8.09668,9.32992,,14.2161,26.2042,15.862,16.3942,fluid
1530,6.14359,3.11542,,1000.79,530.582,9279.53,,3.65718,-8.2107,8.98835,,13.4255,25.5097,14.9348,15.6997,fluid
1531,5.93519,3.35025,,1000.64,520.088,7583.61,,3.05486,-8.24519,8.79292,,13.1252,24.4648,14.4021,14.6548,fluid
1532,5.79587,3.64368,,1000.48,476.873,5625.9,,2.5886,-8.15987,8.56063,,12.2579,22.8093,13.2281,12.9993,fluid
1533,11.0452,0.0946703,,999.99,87.8617,-114.095,,6.39821,0.254256,6.40326,,0.567629,-7.70497,0.557299,-17.515,fluid
1534,12.6874,0.222505,,1000.14,689.062,1649.24,,8.42758,-0.0817809,8.42798,,0.998542,12.9431,1.12851,3.13313,fluid
1535,13.7308,0.339207,,1000.08,715.902,985.11,,9.12372,-0.102805,9.1243,,2.95762,11.8034,3.02936,1.99336,fluid
1536,14.4085,0.38533,,1000.04,661.192,445.639,,10.0312,-0.100422,10.0317,,1.69552,10.542,1.72645,0.732002,fluid
1537,14.4129,0.402684,,1000.04,654.497,461.833,,10.0572,-0.110246,10.0578,,1.79757,10.6367,1.82961,0.826694,fluid
1538,14.4064,0.421423,,1000.05,647.426,533.211,,10.1115,-0.122664,10.1123,,1.77382,10.7461,1.81083,0.936138,fluid
1539,14.3464,0.439654,,1000.08,700.768,885.493,,10.2746,-0.139712,10.2755,,1.10986,11.1199,1.17158,1.30991,fluid
1540,14.2664,0.454933,,1000.11,797.353,1331.27,,10.1838,-0.163281,10.1851,,1.38317,11.6175,1.47648,1.80753,fluid
1541,14.2529,0.481337,,1000.13,825.558,1477.71,,10.2746,-0.165199,10.2759,,1.25216,10.3334,1.35582,0.523368,fluid
1542,14.2,0.509737,,1000.15,859.853,1765.01,,10.3033,-0.16157,10.3046,,1.28387,8.74211,1.40815,-1.06789,fluid
1543,14.1094,0.532257,,1000.17,883.529,1966.08,,10.3967,-0.177462,10.3982,,1.13528,8.36923,1.27461,-1.44077,fluid
1544,14.0033,0.559404,,1000.16,855.621,1849.47,,10.6915,-0.252209,10.6944,,0.720132,9.90849,0.852186,0.0984903,fluid
1545,13.8675,0.596298,,1000.12,823.225,1431.33,,11.0766,-0.362484,11.0825,,0.442626,10.8503,0.545829,1.04033,fluid
1546,13.7034,0.628769,,1000.1,847.367,1211.58,,11.4493,-0.373124,11.4554,,0.114822,10.0028,0.203227,0.19278,fluid
1547,13.5075,0.658575,,1000.15,860.463,1777.77,,11.655,-0.389946,11.6615,,0.896914,9.96283,1.02851,0.152827,fluid
1548,13.3019,0.69573,,1000.23,861.725,2677.22,,11.6114,-0.399928,11.6183,,2.11435,9.84887,2.31557,0.0388701,fluid
1549,13.1142,0.728117,,1000.26,898.833,3006.09,,11.5858,-0.408833,11.5931,,1.83597,9.81238,2.06514,0.00237923,fluid
1550,12.931,0.758779,,1000.25,938.387,2927.35,,11.6964,-0.518321,11.7078,,1.19252,9.13043,1.41885,-0.679572,fluid
1551,12.7381,0.793595,,1000.26,920.115,3040.33,,11.8104,-0.560806,11.8237,,1.46255,8.74962,1.70116,-1.06038,fluid
1552,12.5426,0.822319,,1000.29,894.756,3440.05,,11.8416,-0.495832,11.8519,,1.55025,9.37568,1.82444,-0.434319,fluid
1553,12.3493,0.841057,,1000.3,941.825,3563.04,,11.9025,-0.521266,11.914,,1.06041,9.48752,1.34884,-0.322477,fluid
1554,12.1478,0.864193,,1000.28,986.251,3256,,12.0454,-0.691137,12.0652,,1.04039,9.34467,1.30835,-0.465333,fluid
1555,11.9331,0.895179,,1000.27,958.833,3208.53,,12.1265,-0.727679,12.1483,,1.55031,10.0464,1.81912,0.236397,fluid
1556,11.7163,0.919577,,1000.3,972.639,3534.46,,12.1116,-0.721356,12.133,,1.53975,10.7827,1.84133,0.972722,fluid
1557,11.502,0.942004,,1000.29,1040.99,3429.53,,12.1679,-0.882148,12.1999,,1.44477,10.7655,1.74285,0.955454,fluid
1558,11.2812,0.972859,,1000.27,1064.6,3154.61,,12.2648,-1.04489,12.3092,,1.89754,11.3191,2.1771,1.50915,fluid
1559,11.0537,1.00624,,1000.28,1077.27,3292,,12.2623,-1.1583,12.3169,,2.58909,12.5937,2.88682,2.78372,fluid
1560,10.8262,1.03884,,1000.28,1113.83,3318.4,,12.2504,-1.34841,12.3244,,2.9438,13.5148,3.25023,3.70481,fluid
1561,10.5966,1.07587,,1000.28,1144.18,3317.68,,12.2692,-1.59976,12.3731,,3.65686,14.5833,3.96986,4.77327,fluid
1562,10.3628,1.11967,,1000.31,1130.73,3691.79,,12.2267,-1.84051,12.3645,,4.90092,16.4926,5.25707,6.6826,fluid
1563,10.1268,1.16789,,1000.35,1148,4125.55,,12.1302,-2.09085,12.3091,,5.74688,18.6796,6.15413,8.86958,fluid
1564,9.88894,1.22044,,1000.38,1185.64,4428.47,,12.0069,-2.40254,12.2449,,6.61304,20.7333,7.0607,10.9233,fluid
1565,9.64986,1.27918,,1000.41,1201.61,4813.25,,11.8492,-2.75219,12.1647,,7.9915,23.0715,8.49009,13.2615,fluid
1566,9.4103,1.34494,,1000.46,1215.38,5442.07,,11.6483,-3.12221,12.0595,,9.48166,25.6819,10.0597,15.8719,fluid
1567,9.17049,1.41806,,1000.53,1232.79,6278.2,,11.3908,-3.52495,11.9238,,10.8656,28.0771,11.5498,18.2671,fluid
1568,8.93096,1.49921,,1000.61,1234.15,7171.85,,11.0748,-3.96639,11.7636,,12.2146,29.991,13.0172,20.181,fluid
1569,8.69234,1.58924,,1000.68,1212.58,7991.77,,10.7089,-4.439,11.5924,,13.5121,31.4107,14.4309,21.6007,fluid
1570,8.45488,1.68896,,1000.73,1178.09,8647.95,,10.2956,-4.93617,11.4177,,14.7473,32.3833,15.7694,22.5733,fluid
1571,8.21853,1.79912,,1000.77,1141.65,9113.86,,9.83001,-5.45283,11.2411,,15.9747,33.0246,17.0828,23.2146,fluid
1572,7.98334,1.92037,,1000.8,1109.05,9437.81,,9.30481,-5.98014,11.0608,,17.1491,33.3966,18.3303,23.5866,fluid
1573,7.74913,2.05323,,1000.82,1074.98,9669.19,,8.71467,-6.50783,10.8765,,18.1451,33.4058,19.3919,23.5958,fluid
1574,7.51502,2.1981,,1000.83,1028.12,9807.1,,8.05734,-7.02083,10.687,,18.849,32.9892,20.1529,23.1792,fluid
1575,7.2792,2.35494,,1000.83,965.964,9821.14,,7.33065,-7.51014,10.4948,,19.1943,32.1928,20.5424,22.3828,fluid
1576,7.03635,2.52593,,1000.82,890.263,9723.58,,6.52032,-7.96268,10.2917,,19.1672,31.0505,20.548,21.2405,fluid
1577,6.77446,2.7162,,1000.81,800.776,9591.63,,5.57326,-8.3439,10.034,,18.5224,29.749,19.9371,19.939,fluid
1578,6.4986,2.92564,,1000.79,710.816,9288.97,,4.57121,-8.58501,9.72617,,17.4201,28.5332,18.8483,18.7232,fluid
1579,6.26698,3.16113,,1000.69,634.426,8182.92,,3.71169,-8.65329,9.41573,,15.9994,27.2894,17.3042,17.4794,fluid
1580,6.07713,3.48054,,1000.55,521.745,6490.48,,2.92148,-8.52449,9.01122,,14.6393,24.4364,15.7068,14.6264,fluid
1581,12.7059,0.186057,,1000.12,689.42,1447.64,,8.00811,-0.0744119,8.00846,,0.488634,13.6571,0.602554,3.84709,fluid
1582,14.2714,0.28462,,1000.06,541.409,706.171,,9.33393,-0.0479517,9.33405,,0.784936,7.04029,0.834414,-2.76971,fluid
1583,14.5512,0.383724,,999.99,684.75,-116.389,,9.86155,-0.0921095,9.86199,,1.7769,10.4066,1.7689,0.596587,fluid
1584,14.5603,0.40294,,999.989,683.623,-130.235,,9.8653,-0.102773,9.86584,,1.89752,10.4464,1.88858,0.636421,fluid
1585,14.5631,0.416897,,999.989,682.21,-128.097,,9.87043,-0.111871,9.87106,,1.99109,10.497,1.98229,0.686955,fluid
1586,14.5643,0.433241,,999.99,680.113,-118.477,,9.87833,-0.124049,9.87911,,2.09822,10.5658,2.09008,0.755777,fluid
1587,14.5623,0.45361,,999.992,677.093,-93.7339,,9.8923,-0.141997,9.89332,,2.23248,10.6704,2.22604,0.860353,fluid
1588,14.5569,0.475067,,999.995,673,-53.526,,9.91386,-0.165131,9.91524,,2.36927,10.815,2.36559,1.005,fluid
1589,14.543,0.502213,,1000,665.926,30.3279,,9.96125,-0.203781,9.96334,,2.52576,11.1526,2.52784,1.3426,fluid
1590,14.509,0.539029,,1000.02,637.261,231.038,,10.1475,-0.311786,10.1523,,2.41908,13.3305,2.435,3.5205,fluid
1591,14.4002,0.597095,,1000.08,678.235,946.479,,10.7795,-0.417796,10.7876,,1.18336,12.9599,1.24908,3.14988,fluid
1592,14.2302,0.633361,,1000.17,764.883,1995.67,,10.7458,-0.195553,10.7475,,1.16324,8.02708,1.30346,-1.78292,fluid
1593,14.0856,0.648157,,1000.19,797.371,2286.48,,10.7483,-0.17694,10.7498,,1.02241,7.63975,1.18471,-2.17025,fluid
1594,13.9471,0.667114,,1000.17,840.479,1959.7,,10.9829,-0.279719,10.9865,,0.594523,7.97731,0.735009,-1.83269,fluid
1595,13.7914,0.692109,,1000.12,870.278,1458.35,,11.2889,-0.365743,11.2948,,0.510456,7.77274,0.616186,-2.03726,fluid
1596,13.6053,0.717615,,1000.13,882.592,1495.29,,11.5348,-0.40107,11.5418,,0.933522,8.10688,1.04341,-1.70312,fluid
1597,13.3967,0.748946,,1000.2,865.34,2321.8,,11.5572,-0.437609,11.5655,,2.27678,9.32034,2.45006,-0.489662,fluid
1598,13.1992,0.783285,,1000.25,859.422,2951.77,,11.4801,-0.442662,11.4887,,2.79641,10.5392,3.01999,0.729194,fluid
1599,13.016,0.814047,,1000.25,886.696,3001.47,,11.529,-0.500757,11.5399,,2.31542,10.7121,2.54596,0.902059,fluid
1600,12.8295,0.845832,,1000.25,904.913,2924.65,,11.6534,-0.582773,11.668,,2.14774,10.4934,2.37565,0.683399,fluid
1601,12.6381,0.877176,,1000.26,892.615,3118.09,,11.7228,-0.595431,11.7379,,2.31978,11.0891,2.56644,1.27906,fluid
1602,12.4477,0.901511,,1000.28,896.556,3317.97,,11.764,-0.584899,11.7786,,1.90411,11.6771,2.17059,1.86709,fluid
1603,12.2546,0.922225,,1000.27,944.765,3124.94,,11.8794,-0.676002,11.8986,,1.43845,11.4822,1.69339,1.67218,fluid
1604,12.0489,0.949735,,1000.24,977.278,2781.19,,12.0198,-0.80656,12.0468,,1.68571,11.3819,1.91648,1.57186,fluid
1605,11.8329,0.98045,,1000.24,980.962,2863.97,,12.0483,-0.845889,12.0779,,1.98706,12.1329,2.22904,2.32287,fluid
1606,11.6171,1.00704,,1000.25,1010.35,2937.25,,12.0482,-0.920391,12.0833,,1.77732,12.5537,2.0301,2.74368,fluid
1607,11.4013,1.03482,,1000.22,1065.36,2617.74,,12.1381,-1.07731,12.1859,,1.78082,12.4607,2.01037,2.65065,fluid
1608,11.1787,1.06817,,1000.21,1105.4,2464.41,,12.2055,-1.23431,12.2677,,2.2876,13.0458,2.50801,3.23585,fluid
1609,10.9516,1.10436,,1000.21,1135.49,2467.46,,12.1994,-1.39407,12.2788,,2.65795,13.9604,2.88321,4.15036,fluid
1610,10.7229,1.14194,,1000.2,1182.25,2333.85,,12.2038,-1.61177,12.3098,,2.98231,14.5906,3.19992,4.7806,fluid
1611,10.4913,1.18397,,1000.2,1207.44,2385.15,,12.2026,-1.87733,12.3461,,3.8738,15.7405,4.1011,5.93046,fluid
1612,10.2566,1.23209,,1000.23,1218.52,2700.07,,12.1457,-2.14372,12.3335,,4.83074,17.6784,5.09393,7.8684,fluid
1613,10.0192,1.28548,,1000.26,1248.9,3024.56,,12.0399,-2.43456,12.2836,,5.55241,19.7347,5.85421,9.92466,fluid
1614,9.78023,1.34427,,1000.28,1281.83,3331.03,,11.8976,-2.77872,12.2178,,6.59144,21.7551,6.93194,11.9451,fluid
1615,9.54054,1.40982,,1000.32,1302.01,3819.57,,11.7168,-3.16748,12.1374,,8.05476,24.1003,8.45499,14.2903,fluid
1616,9.30035,1.48323,,1000.39,1312.34,4593.2,,11.4802,-3.59267,12.0292,,9.68878,26.7175,10.1825,16.9075,fluid
1617,9.06006,1.56515,,1000.46,1309.51,5469.7,,11.1799,-4.05617,11.893,,11.3459,29.1399,11.9493,19.3299,fluid
1618,8.82039,1.6563,,1000.53,1293.03,6212.2,,10.8271,-4.55614,11.7467,,12.9296,31.0667,13.6335,21.2567,fluid
1619,8.5816,1.75758,,1000.57,1270.86,6728.68,,10.4262,-5.08493,11.6001,,14.3938,32.466,15.1775,22.656,fluid
1620,8.34375,1.86975,,1000.6,1248.38,7055.44,,9.96907,-5.63519,11.4515,,15.7965,33.3995,16.6416,23.5895,fluid
1621,8.10701,1.99343,,1000.62,1223.48,7307.59,,9.44559,-6.19801,11.2975,,17.1943,33.9557,18.0951,24.1457,fluid
1622,7.87141,2.1291,,1000.64,1188.11,7559.94,,8.84952,-6.76135,11.1369,,18.549,34.1206,19.5088,24.3106,fluid
1623,7.63684,2.27671,,1000.66,1136.88,7771.46,,8.18476,-7.30911,10.9733,,19.6554,33.85,20.6723,24.04,fluid
1624,7.40265,2.43546,,1000.67,1073.21,7864.65,,7.46434,-7.83062,10.8183,,20.3106,33.1584,21.3723,23.3484,fluid
1625,7.16727,2.60499,,1000.67,999.087,7879.71,,6.69683,-8.31716,10.6781,,20.5542,32.1096,21.6528,22.2996,fluid
1626,6.93336,2.78215,,1000.68,917.704,7972.43,,5.89989,-8.7471,10.5508,,20.308,30.9681,21.4571,21.1581,fluid
1627,6.71204,2.98471,,1000.69,819.811,8121.87,,5.03442,-9.07383,10.3769,,19.4107,29.3124,20.6199,19.5024,fluid
1628,6.48246,3.28928,,1000.7,661.872,8267.82,,3.86373,-9.11451,9.89963,,16.6396,25.2291,17.9141,15.4191,fluid
