h/dp :,2
L2norm Pressure,KE,dp,Nparticles
8849.44,21487.6,0.25,2048

t,4.3
ID,r,z,,rho,drhodt,pressure,,u_r,u_z,velocity,,pairAr,pairAz,totalAr,totalAz,Type
0,0.125,-0.125,,1009.37,0,151192,,0,0,0,,0,0,1198.31,-9.81,boundary
1,0.375,-0.125,,1009.69,0,156537,,0,0,0,,0,0,413.428,-9.81,boundary
2,0.625,-0.125,,1009.87,0,159559,,0,0,0,,0,0,252.8,-9.81,boundary
3,0.875,-0.125,,1009.85,0,159209,,0,0,0,,0,0,180.178,-9.81,boundary
4,1.125,-0.125,,1009.79,0,158323,,0,0,0,,0,0,139.367,-9.81,boundary
5,1.375,-0.125,,1009.77,0,157902,,0,0,0,,0,0,113.727,-9.81,boundary
6,1.625,-0.125,,1009.76,0,157728,,0,0,0,,0,0,96.1255,-9.81,boundary
7,1.875,-0.125,,1009.76,0,157736,,0,0,0,,0,0,83.3127,-9.81,boundary
8,2.125,-0.125,,1009.77,0,157940,,0,0,0,,0,0,73.6057,-9.81,boundary
9,2.375,-0.125,,1009.79,0,158283,,0,0,0,,0,0,65.9993,-9.81,boundary
10,2.625,-0.125,,1009.82,0,158682,,0,0,0,,0,0,59.8627,-9.81,boundary
11,2.875,-0.125,,1009.84,0,159091,,0,0,0,,0,0,54.7968,-9.81,boundary
12,3.125,-0.125,,1009.86,0,159480,,0,0,0,,0,0,50.535,-9.81,boundary
13,3.375,-0.125,,1009.88,0,159810,,0,0,0,,0,0,46.8877,-9.81,boundary
14,3.625,-0.125,,1009.9,0,160032,,0,0,0,,0,0,43.7142,-9.81,boundary
15,3.875,-0.125,,1009.9,0,160122,,0,0,0,,0,0,40.9165,-9.81,boundary
16,4.125,-0.125,,1009.9,0,160098,,0,0,0,,0,0,38.4311,-9.81,boundary
17,4.375,-0.125,,1009.9,0,160011,,0,0,0,,0,0,36.2156,-9.81,boundary
18,4.625,-0.125,,1009.89,0,159900,,0,0,0,,0,0,34.2344,-9.81,boundary
19,4.875,-0.125,,1009.88,0,159788,,0,0,0,,0,0,32.4563,-9.81,boundary
20,5.125,-0.125,,1009.88,0,159694,,0,0,0,,0,0,30.855,-9.81,boundary
21,5.375,-0.125,,1009.87,0,159637,,0,0,0,,0,0,29.4096,-9.81,boundary
22,5.625,-0.125,,1009.87,0,159639,,0,0,0,,0,0,28.1029,-9.81,boundary
23,5.875,-0.125,,1009.88,0,159699,,0,0,0,,0,0,26.9169,-9.81,boundary
24,6.125,-0.125,,1009.88,0,159800,,0,0,0,,0,0,25.8345,-9.81,boundary
25,6.375,-0.125,,1009.89,0,159941,,0,0,0,,0,0,24.843,-9.81,boundary
26,6.625,-0.125,,1009.9,0,160112,,0,0,0,,0,0,23.9309,-9.81,boundary
27,6.875,-0.125,,1009.91,0,160284,,0,0,0,,0,0,23.0853,-9.81,boundary
28,7.125,-0.125,,1009.92,0,160445,,0,0,0,,0,0,22.2974,-9.81,boundary
29,7.375,-0.125,,1009.93,0,160590,,0,0,0,,0,0,21.5608,-9.81,boundary
30,7.625,-0.125,,1009.94,0,160695,,0,0,0,,0,0,20.8675,-9.81,boundary
31,7.875,-0.125,,1009.94,0,160758,,0,0,0,,0,0,20.2128,-9.81,boundary
32,8.125,-0.125,,1009.94,0,160782,,0,0,0,,0,0,19.5938,-9.81,boundary
33,8.375,-0.125,,1009.95,0,160847,,0,0,0,,0,0,19.0164,-9.81,boundary
34,8.625,-0.125,,1009.96,0,161081,,0,0,0,,0,0,18.4919,-9.81,boundary
35,8.875,-0.125,,1009.98,0,161334,,0,0,0,,0,0,17.999,-9.81,boundary
36,0.125,-0.375,,1008.96,0,144424,,0,0,0,,0,0,1145.13,-9.81,boundary
37,0.375,-0.375,,1009.57,0,154671,,0,0,0,,0,0,408.545,-9.81,boundary
38,0.625,-0.375,,1009.98,0,161421,,0,0,0,,0,0,255.721,-9.81,boundary
39,0.875,-0.375,,1010.03,0,162276,,0,0,0,,0,0,183.617,-9.81,boundary
40,1.125,-0.375,,1009.97,0,161328,,0,0,0,,0,0,141.986,-9.81,boundary
41,1.375,-0.375,,1009.94,0,160746,,0,0,0,,0,0,115.755,-9.81,boundary
42,1.625,-0.375,,1009.92,0,160413,,0,0,0,,0,0,97.7461,-9.81,boundary
43,1.875,-0.375,,1009.91,0,160251,,0,0,0,,0,0,84.6286,-9.81,boundary
44,2.125,-0.375,,1009.91,0,160329,,0,0,0,,0,0,74.7081,-9.81,boundary
45,2.375,-0.375,,1009.93,0,160597,,0,0,0,,0,0,66.9549,-9.81,boundary
46,2.625,-0.375,,1009.95,0,160955,,0,0,0,,0,0,60.712,-9.81,boundary
47,2.875,-0.375,,1009.98,0,161354,,0,0,0,,0,0,55.5686,-9.81,boundary
48,3.125,-0.375,,1010,0,161781,,0,0,0,,0,0,51.2571,-9.81,boundary
49,3.375,-0.375,,1010.03,0,162196,,0,0,0,,0,0,47.5809,-9.81,boundary
50,3.625,-0.375,,1010.05,0,162524,,0,0,0,,0,0,44.3882,-9.81,boundary
51,3.875,-0.375,,1010.06,0,162701,,0,0,0,,0,0,41.5692,-9.81,boundary
52,4.125,-0.375,,1010.06,0,162716,,0,0,0,,0,0,39.0535,-9.81,boundary
53,4.375,-0.375,,1010.05,0,162613,,0,0,0,,0,0,36.7988,-9.81,boundary
54,4.625,-0.375,,1010.04,0,162445,,0,0,0,,0,0,34.7741,-9.81,boundary
55,4.875,-0.375,,1010.03,0,162260,,0,0,0,,0,0,32.9535,-9.81,boundary
56,5.125,-0.375,,1010.02,0,162092,,0,0,0,,0,0,31.314,-9.81,boundary
57,5.375,-0.375,,1010.01,0,161976,,0,0,0,,0,0,29.8363,-9.81,boundary
58,5.625,-0.375,,1010.01,0,161936,,0,0,0,,0,0,28.5033,-9.81,boundary
59,5.875,-0.375,,1010.01,0,161977,,0,0,0,,0,0,27.2973,-9.81,boundary
60,6.125,-0.375,,1010.02,0,162086,,0,0,0,,0,0,26.2005,-9.81,boundary
61,6.375,-0.375,,1010.03,0,162249,,0,0,0,,0,0,25.1981,-9.81,boundary
62,6.625,-0.375,,1010.04,0,162445,,0,0,0,,0,0,24.2762,-9.81,boundary
63,6.875,-0.375,,1010.05,0,162655,,0,0,0,,0,0,23.4234,-9.81,boundary
64,7.125,-0.375,,1010.07,0,162853,,0,0,0,,0,0,22.6288,-9.81,boundary
65,7.375,-0.375,,1010.08,0,163018,,0,0,0,,0,0,21.8837,-9.81,boundary
66,7.625,-0.375,,1010.08,0,163139,,0,0,0,,0,0,21.1817,-9.81,boundary
67,7.875,-0.375,,1010.09,0,163205,,0,0,0,,0,0,20.5174,-9.81,boundary
68,8.125,-0.375,,1010.09,0,163205,,0,0,0,,0,0,19.8862,-9.81,boundary
69,8.375,-0.375,,1010.09,0,163235,,0,0,0,,0,0,19.2961,-9.81,boundary
70,8.625,-0.375,,1010.1,0,163447,,0,0,0,,0,0,18.7608,-9.81,boundary
71,8.875,-0.375,,1010.11,0,163662,,0,0,0,,0,0,18.2561,-9.81,boundary
72,0.125,-0.625,,1008.41,0,135456,,0,0,0,,0,0,1074.6,-9.81,boundary
73,0.375,-0.625,,1009.4,0,151716,,0,0,0,,0,0,400.809,-9.81,boundary
74,0.625,-0.625,,1010.1,0,163359,,0,0,0,,0,0,258.762,-9.81,boundary
75,0.875,-0.625,,1010.24,0,165688,,0,0,0,,0,0,187.439,-9.81,boundary
76,1.125,-0.625,,1010.17,0,164626,,0,0,0,,0,0,144.86,-9.81,boundary
77,1.375,-0.625,,1010.13,0,163926,,0,0,0,,0,0,118.023,-9.81,boundary
78,1.625,-0.625,,1010.1,0,163488,,0,0,0,,0,0,99.6013,-9.81,boundary
79,1.875,-0.625,,1010.08,0,163089,,0,0,0,,0,0,86.1127,-9.81,boundary
80,2.125,-0.625,,1010.07,0,162836,,0,0,0,,0,0,75.8651,-9.81,boundary
81,2.375,-0.625,,1010.06,0,162794,,0,0,0,,0,0,67.8621,-9.81,boundary
82,2.625,-0.625,,1010.07,0,162910,,0,0,0,,0,0,61.4421,-9.81,boundary
83,2.875,-0.625,,1010.08,0,163136,,0,0,0,,0,0,56.1764,-9.81,boundary
84,3.125,-0.625,,1010.1,0,163463,,0,0,0,,0,0,51.7849,-9.81,boundary
85,3.375,-0.625,,1010.13,0,163866,,0,0,0,,0,0,48.0661,-9.81,boundary
86,3.625,-0.625,,1010.15,0,164286,,0,0,0,,0,0,44.8648,-9.81,boundary
87,3.875,-0.625,,1010.17,0,164612,,0,0,0,,0,0,42.0528,-9.81,boundary
88,4.125,-0.625,,1010.18,0,164764,,0,0,0,,0,0,39.5402,-9.81,boundary
89,4.375,-0.625,,1010.18,0,164739,,0,0,0,,0,0,37.2752,-9.81,boundary
90,4.625,-0.625,,1010.17,0,164611,,0,0,0,,0,0,35.2331,-9.81,boundary
91,4.875,-0.625,,1010.16,0,164462,,0,0,0,,0,0,33.3965,-9.81,boundary
92,5.125,-0.625,,1010.16,0,164347,,0,0,0,,0,0,31.7454,-9.81,boundary
93,5.375,-0.625,,1010.15,0,164288,,0,0,0,,0,0,30.258,-9.81,boundary
94,5.625,-0.625,,1010.15,0,164301,,0,0,0,,0,0,28.9155,-9.81,boundary
95,5.875,-0.625,,1010.16,0,164397,,0,0,0,,0,0,27.701,-9.81,boundary
96,6.125,-0.625,,1010.17,0,164562,,0,0,0,,0,0,26.5968,-9.81,boundary
97,6.375,-0.625,,1010.18,0,164785,,0,0,0,,0,0,25.5881,-9.81,boundary
98,6.625,-0.625,,1010.2,0,165039,,0,0,0,,0,0,24.6601,-9.81,boundary
99,6.875,-0.625,,1010.21,0,165269,,0,0,0,,0,0,23.7961,-9.81,boundary
100,7.125,-0.625,,1010.22,0,165469,,0,0,0,,0,0,22.9887,-9.81,boundary
101,7.375,-0.625,,1010.23,0,165638,,0,0,0,,0,0,22.2318,-9.81,boundary
102,7.625,-0.625,,1010.24,0,165738,,0,0,0,,0,0,21.5158,-9.81,boundary
103,7.875,-0.625,,1010.24,0,165764,,0,0,0,,0,0,20.836,-9.81,boundary
104,8.125,-0.625,,1010.24,0,165742,,0,0,0,,0,0,20.1922,-9.81,boundary
105,8.375,-0.625,,1010.24,0,165774,,0,0,0,,0,0,19.5933,-9.81,boundary
106,8.625,-0.625,,1010.25,0,165992,,0,0,0,,0,0,19.0501,-9.81,boundary
107,8.875,-0.625,,1010.26,0,166155,,0,0,0,,0,0,18.5315,-9.81,boundary
108,0.125,-0.875,,1008.74,0,140898,,0,0,0,,0,0,1117.41,-9.81,boundary
109,0.375,-0.875,,1009.66,0,156058,,0,0,0,,0,0,412.174,-9.81,boundary
110,0.625,-0.875,,1010.29,0,166573,,0,0,0,,0,0,263.803,-9.81,boundary
111,0.875,-0.875,,1010.4,0,168364,,0,0,0,,0,0,190.436,-9.81,boundary
112,1.125,-0.875,,1010.33,0,167193,,0,0,0,,0,0,147.097,-9.81,boundary
113,1.375,-0.875,,1010.29,0,166636,,0,0,0,,0,0,119.955,-9.81,boundary
114,1.625,-0.875,,1010.28,0,166385,,0,0,0,,0,0,101.349,-9.81,boundary
115,1.875,-0.875,,1010.25,0,165985,,0,0,0,,0,0,87.6266,-9.81,boundary
116,2.125,-0.875,,1010.22,0,165485,,0,0,0,,0,0,77.087,-9.81,boundary
117,2.375,-0.875,,1010.2,0,165095,,0,0,0,,0,0,68.8117,-9.81,boundary
118,2.625,-0.875,,1010.19,0,164896,,0,0,0,,0,0,62.1838,-9.81,boundary
119,2.875,-0.875,,1010.19,0,164834,,0,0,0,,0,0,56.7554,-9.81,boundary
120,3.125,-0.875,,1010.19,0,164842,,0,0,0,,0,0,52.2177,-9.81,boundary
121,3.375,-0.875,,1010.19,0,164923,,0,0,0,,0,0,48.3731,-9.81,boundary
122,3.625,-0.875,,1010.2,0,165100,,0,0,0,,0,0,45.0849,-9.81,boundary
123,3.875,-0.875,,1010.21,0,165323,,0,0,0,,0,0,42.2327,-9.81,boundary
124,4.125,-0.875,,1010.22,0,165478,,0,0,0,,0,0,39.7098,-9.81,boundary
125,4.375,-0.875,,1010.23,0,165524,,0,0,0,,0,0,37.4511,-9.81,boundary
126,4.625,-0.875,,1010.23,0,165552,,0,0,0,,0,0,35.4325,-9.81,boundary
127,4.875,-0.875,,1010.23,0,165656,,0,0,0,,0,0,33.6364,-9.81,boundary
128,5.125,-0.875,,1010.25,0,165850,,0,0,0,,0,0,32.0328,-9.81,boundary
129,5.375,-0.875,,1010.26,0,166102,,0,0,0,,0,0,30.5888,-9.81,boundary
130,5.625,-0.875,,1010.28,0,166395,,0,0,0,,0,0,29.2804,-9.81,boundary
131,5.875,-0.875,,1010.3,0,166712,,0,0,0,,0,0,28.0873,-9.81,boundary
132,6.125,-0.875,,1010.32,0,167051,,0,0,0,,0,0,26.995,-9.81,boundary
133,6.375,-0.875,,1010.34,0,167436,,0,0,0,,0,0,25.9957,-9.81,boundary
134,6.625,-0.875,,1010.36,0,167779,,0,0,0,,0,0,25.0654,-9.81,boundary
135,6.875,-0.875,,1010.38,0,168018,,0,0,0,,0,0,24.188,-9.81,boundary
136,7.125,-0.875,,1010.39,0,168231,,0,0,0,,0,0,23.3687,-9.81,boundary
137,7.375,-0.875,,1010.4,0,168408,,0,0,0,,0,0,22.6,-9.81,boundary
138,7.625,-0.875,,1010.4,0,168468,,0,0,0,,0,0,21.8667,-9.81,boundary
139,7.875,-0.875,,1010.4,0,168439,,0,0,0,,0,0,21.1689,-9.81,boundary
140,8.125,-0.875,,1010.4,0,168412,,0,0,0,,0,0,20.5142,-9.81,boundary
141,8.375,-0.875,,1010.4,0,168486,,0,0,0,,0,0,19.9106,-9.81,boundary
142,8.625,-0.875,,1010.42,0,168705,,0,0,0,,0,0,19.3584,-9.81,boundary
143,8.875,-0.875,,1010.42,0,168799,,0,0,0,,0,0,18.8235,-9.81,boundary
144,8.125,0.125,,1009.8,0,158375,,0,0,0,,0,0,19.3032,-9.81,boundary
145,8.125,0.375,,1009.65,0,155930,,0,0,0,,0,0,19.008,-9.81,boundary
146,8.125,0.625,,1009.5,0,153461,,0,0,0,,0,0,18.7097,-9.81,boundary
147,8.125,0.875,,1009.35,0,150987,,0,0,0,,0,0,18.4108,-9.81,boundary
148,8.125,1.125,,1009.2,0,148504,,0,0,0,,0,0,18.1108,-9.81,boundary
149,8.125,1.375,,1009.05,0,146018,,0,0,0,,0,0,17.8102,-9.81,boundary
150,8.125,1.625,,1008.9,0,143526,,0,0,0,,0,0,17.5089,-9.81,boundary
151,8.125,1.875,,1008.75,0,141028,,0,0,0,,0,0,17.2067,-9.81,boundary
152,8.125,2.125,,1008.6,0,138520,,0,0,0,,0,0,16.9032,-9.81,boundary
153,8.125,2.375,,1008.45,0,135998,,0,0,0,,0,0,16.598,-9.81,boundary
154,8.125,2.625,,1008.29,0,133457,,0,0,0,,0,0,16.2904,-9.81,boundary
155,8.125,2.875,,1008.14,0,130895,,0,0,0,,0,0,15.9801,-9.81,boundary
156,8.125,3.125,,1007.98,0,128314,,0,0,0,,0,0,15.6675,-9.81,boundary
157,8.125,3.375,,1007.82,0,125724,,0,0,0,,0,0,15.3536,-9.81,boundary
158,8.125,3.625,,1007.67,0,123132,,0,0,0,,0,0,15.0395,-9.81,boundary
159,8.125,3.875,,1007.51,0,120548,,0,0,0,,0,0,14.7261,-9.81,boundary
160,8.125,4.125,,1007.35,0,117976,,0,0,0,,0,0,14.4141,-9.81,boundary
161,8.125,4.375,,1007.2,0,115417,,0,0,0,,0,0,14.1036,-9.81,boundary
162,8.125,4.625,,1007.04,0,112870,,0,0,0,,0,0,13.7945,-9.81,boundary
163,8.125,4.875,,1006.89,0,110332,,0,0,0,,0,0,13.4865,-9.81,boundary
164,8.125,5.125,,1006.73,0,107803,,0,0,0,,0,0,13.1793,-9.81,boundary
165,8.125,5.375,,1006.58,0,105278,,0,0,0,,0,0,12.8726,-9.81,boundary
166,8.125,5.625,,1006.42,0,102757,,0,0,0,,0,0,12.5663,-9.81,boundary
167,8.125,5.875,,1006.27,0,100239,,0,0,0,,0,0,12.2602,-9.81,boundary
168,8.125,6.125,,1006.11,0,97722.3,,0,0,0,,0,0,11.9543,-9.81,boundary
169,8.125,6.375,,1005.96,0,95208.6,,0,0,0,,0,0,11.6486,-9.81,boundary
170,8.125,6.625,,1005.8,0,92698,,0,0,0,,0,0,11.3432,-9.81,boundary
171,8.125,6.875,,1005.65,0,90190.4,,0,0,0,,0,0,11.038,-9.81,boundary
172,8.125,7.125,,1005.5,0,87685.1,,0,0,0,,0,0,10.733,-9.81,boundary
173,8.125,7.375,,1005.34,0,85181.6,,0,0,0,,0,0,10.4282,-9.81,boundary
174,8.125,7.625,,1005.19,0,82679.4,,0,0,0,,0,0,10.1234,-9.81,boundary
175,8.125,7.875,,1005.03,0,80177.9,,0,0,0,,0,0,9.81865,-9.81,boundary
176,8.125,8.125,,1004.88,0,77677,,0,0,0,,0,0,9.51384,-9.81,boundary
177,8.125,8.375,,1004.72,0,75177,,0,0,0,,0,0,9.20906,-9.81,boundary
178,8.125,8.625,,1004.57,0,72678.4,,0,0,0,,0,0,8.90437,-9.81,boundary
179,8.125,8.875,,1004.41,0,70181.5,,0,0,0,,0,0,8.59978,-9.81,boundary
180,8.125,9.125,,1004.26,0,67686.1,,0,0,0,,0,0,8.29528,-9.81,boundary
181,8.125,9.375,,1004.1,0,65192.2,,0,0,0,,0,0,7.99087,-9.81,boundary
182,8.125,9.625,,1003.95,0,62700.2,,0,0,0,,0,0,7.6866,-9.81,boundary
183,8.125,9.875,,1003.79,0,60210.3,,0,0,0,,0,0,7.38249,-9.81,boundary
184,8.125,10.125,,1003.64,0,57722.6,,0,0,0,,0,0,7.07857,-9.81,boundary
185,8.125,10.375,,1003.48,0,55237.4,,0,0,0,,0,0,6.77485,-9.81,boundary
186,8.125,10.625,,1003.33,0,52754.6,,0,0,0,,0,0,6.47134,-9.81,boundary
187,8.125,10.875,,1003.17,0,50274.3,,0,0,0,,0,0,6.16804,-9.81,boundary
188,8.125,11.125,,1003.02,0,47796.8,,0,0,0,,0,0,5.86498,-9.81,boundary
189,8.125,11.375,,1002.86,0,45321.9,,0,0,0,,0,0,5.56216,-9.81,boundary
190,8.125,11.625,,1002.71,0,42849.7,,0,0,0,,0,0,5.25956,-9.81,boundary
191,8.125,11.875,,1002.55,0,40379.7,,0,0,0,,0,0,4.95716,-9.81,boundary
192,8.125,12.125,,1002.4,0,37912.1,,0,0,0,,0,0,4.65494,-9.81,boundary
193,8.125,12.375,,1002.24,0,35446.9,,0,0,0,,0,0,4.35294,-9.81,boundary
194,8.125,12.625,,1002.09,0,32984.5,,0,0,0,,0,0,4.05117,-9.81,boundary
195,8.125,12.875,,1001.93,0,30525.1,,0,0,0,,0,0,3.74969,-9.81,boundary
196,8.125,13.125,,1001.78,0,28069.3,,0,0,0,,0,0,3.44854,-9.81,boundary
197,8.125,13.375,,1001.62,0,25617.1,,0,0,0,,0,0,3.14777,-9.81,boundary
198,8.125,13.625,,1001.47,0,23169.8,,0,0,0,,0,0,2.84748,-9.81,boundary
199,8.125,13.875,,1001.32,0,20731.8,,0,0,0,,0,0,2.54826,-9.81,boundary
200,8.125,14.125,,1001.16,0,18307.5,,0,0,0,,0,0,2.25061,-9.81,boundary
201,8.125,14.375,,1001.01,0,15887.6,,0,0,0,,0,0,1.95342,-9.81,boundary
202,8.125,14.625,,1000.85,0,13437.7,,0,0,0,,0,0,1.65246,-9.81,boundary
203,8.125,14.875,,1000.7,0,10931.8,,0,0,0,,0,0,1.34452,-9.81,boundary
204,8.125,15.125,,1000.54,0,8413.92,,0,0,0,,0,0,1.03501,-9.81,boundary
205,8.125,15.375,,1000.38,0,5997.02,,0,0,0,,0,0,0.737813,-9.81,boundary
206,8.125,15.625,,1000.25,0,3900.53,,0,0,0,,0,0,0.479946,-9.81,boundary
207,8.125,15.875,,1000.24,0,3799.55,,0,0,0,,0,0,0.467524,-9.81,boundary
208,8.125,16.125,,1000.21,0,3254.98,,0,0,0,,0,0,0.40053,-9.81,boundary
209,8.125,16.375,,1000.19,0,2951.2,,0,0,0,,0,0,0.363157,-9.81,boundary
210,8.125,16.625,,1000.18,0,2842.05,,0,0,0,,0,0,0.349728,-9.81,boundary
211,8.125,16.875,,1000,0,0,,0,0,0,,0,0,0,-9.81,boundary
212,8.125,17.125,,1000,0,0,,0,0,0,,0,0,0,-9.81,boundary
213,8.125,17.375,,1000,0,0,,0,0,0,,0,0,0,-9.81,boundary
214,8.125,17.625,,1000,0,0,,0,0,0,,0,0,0,-9.81,boundary
215,8.125,17.875,,1000,0,0,,0,0,0,,0,0,0,-9.81,boundary
216,8.125,18.125,,1000,0,0,,0,0,0,,0,0,0,-9.81,boundary
217,8.125,18.375,,1000,0,0,,0,0,0,,0,0,0,-9.81,boundary
218,8.125,18.625,,1000,0,0,,0,0,0,,0,0,0,-9.81,boundary
219,8.125,18.875,,1000,0,0,,0,0,0,,0,0,0,-9.81,boundary
220,8.125,19.125,,1000,0,0,,0,0,0,,0,0,0,-9.81,boundary
221,8.125,19.375,,1000,0,0,,0,0,0,,0,0,0,-9.81,boundary
222,8.125,19.625,,1000,0,0,,0,0,0,,0,0,0,-9.81,boundary
223,8.125,19.875,,1000,0,0,,0,0,0,,0,0,0,-9.81,boundary
224,8.125,20.125,,1000,0,0,,0,0,0,,0,0,0,-9.81,boundary
225,8.125,20.375,,1000,0,0,,0,0,0,,0,0,0,-9.81,boundary
226,8.125,20.625,,1000,0,0,,0,0,0,,0,0,0,-9.81,boundary
227,8.125,20.875,,1000,0,0,,0,0,0,,0,0,0,-9.81,boundary
228,8.375,0.125,,1009.8,0,158462,,0,0,0,,0,0,18.7371,-9.81,boundary
229,8.375,0.375,,1009.66,0,156018,,0,0,0,,0,0,18.4509,-9.81,boundary
230,8.375,0.625,,1009.51,0,153538,,0,0,0,,0,0,18.1602,-9.81,boundary
231,8.375,0.875,,1009.36,0,151055,,0,0,0,,0,0,17.8692,-9.81,boundary
232,8.375,1.125,,1009.21,0,148562,,0,0,0,,0,0,17.577,-9.81,boundary
233,8.375,1.375,,1009.06,0,146070,,0,0,0,,0,0,17.2846,-9.81,boundary
234,8.375,1.625,,1008.91,0,143578,,0,0,0,,0,0,16.9923,-9.81,boundary
235,8.375,1.875,,1008.75,0,141072,,0,0,0,,0,0,16.6982,-9.81,boundary
236,8.375,2.125,,1008.6,0,138552,,0,0,0,,0,0,16.4025,-9.81,boundary
237,8.375,2.375,,1008.45,0,136017,,0,0,0,,0,0,16.1048,-9.81,boundary
238,8.375,2.625,,1008.29,0,133461,,0,0,0,,0,0,15.8046,-9.81,boundary
239,8.375,2.875,,1008.14,0,130885,,0,0,0,,0,0,15.5019,-9.81,boundary
240,8.375,3.125,,1007.98,0,128295,,0,0,0,,0,0,15.1975,-9.81,boundary
241,8.375,3.375,,1007.82,0,125698,,0,0,0,,0,0,14.8923,-9.81,boundary
242,8.375,3.625,,1007.66,0,123106,,0,0,0,,0,0,14.5874,-9.81,boundary
243,8.375,3.875,,1007.51,0,120524,,0,0,0,,0,0,14.2836,-9.81,boundary
244,8.375,4.125,,1007.35,0,117956,,0,0,0,,0,0,13.9815,-9.81,boundary
245,8.375,4.375,,1007.2,0,115402,,0,0,0,,0,0,13.681,-9.81,boundary
246,8.375,4.625,,1007.04,0,112861,,0,0,0,,0,0,13.3817,-9.81,boundary
247,8.375,4.875,,1006.89,0,110329,,0,0,0,,0,0,13.0835,-9.81,boundary
248,8.375,5.125,,1006.73,0,107803,,0,0,0,,0,0,12.786,-9.81,boundary
249,8.375,5.375,,1006.58,0,105282,,0,0,0,,0,0,12.4889,-9.81,boundary
250,8.375,5.625,,1006.42,0,102764,,0,0,0,,0,0,12.192,-9.81,boundary
251,8.375,5.875,,1006.27,0,100247,,0,0,0,,0,0,11.8952,-9.81,boundary
252,8.375,6.125,,1006.11,0,97731.5,,0,0,0,,0,0,11.5985,-9.81,boundary
253,8.375,6.375,,1005.96,0,95217.5,,0,0,0,,0,0,11.3019,-9.81,boundary
254,8.375,6.625,,1005.8,0,92705.8,,0,0,0,,0,0,11.0055,-9.81,boundary
255,8.375,6.875,,1005.65,0,90196.6,,0,0,0,,0,0,10.7092,-9.81,boundary
256,8.375,7.125,,1005.5,0,87689.9,,0,0,0,,0,0,10.4132,-9.81,boundary
257,8.375,7.375,,1005.34,0,85185.8,,0,0,0,,0,0,10.1174,-9.81,boundary
258,8.375,7.625,,1005.19,0,82683.7,,0,0,0,,0,0,9.82174,-9.81,boundary
259,8.375,7.875,,1005.03,0,80183.1,,0,0,0,,0,0,9.52616,-9.81,boundary
260,8.375,8.125,,1004.88,0,77683.4,,0,0,0,,0,0,9.23061,-9.81,boundary
261,8.375,8.375,,1004.72,0,75184.9,,0,0,0,,0,0,8.9351,-9.81,boundary
262,8.375,8.625,,1004.57,0,72687.4,,0,0,0,,0,0,8.63963,-9.81,boundary
263,8.375,8.875,,1004.41,0,70191.1,,0,0,0,,0,0,8.3442,-9.81,boundary
264,8.375,9.125,,1004.26,0,67695.9,,0,0,0,,0,0,8.04881,-9.81,boundary
265,8.375,9.375,,1004.1,0,65201.9,,0,0,0,,0,0,7.75349,-9.81,boundary
266,8.375,9.625,,1003.95,0,62709.5,,0,0,0,,0,0,7.45825,-9.81,boundary
267,8.375,9.875,,1003.79,0,60218.9,,0,0,0,,0,0,7.16315,-9.81,boundary
268,8.375,10.125,,1003.64,0,57730.3,,0,0,0,,0,0,6.86819,-9.81,boundary
269,8.375,10.375,,1003.48,0,55243.9,,0,0,0,,0,0,6.57339,-9.81,boundary
270,8.375,10.625,,1003.33,0,52759.8,,0,0,0,,0,0,6.27878,-9.81,boundary
271,8.375,10.875,,1003.17,0,50278,,0,0,0,,0,0,5.98436,-9.81,boundary
272,8.375,11.125,,1003.02,0,47798.8,,0,0,0,,0,0,5.69014,-9.81,boundary
273,8.375,11.375,,1002.86,0,45322.3,,0,0,0,,0,0,5.39617,-9.81,boundary
274,8.375,11.625,,1002.71,0,42848.8,,0,0,0,,0,0,5.10245,-9.81,boundary
275,8.375,11.875,,1002.55,0,40378.1,,0,0,0,,0,0,4.80898,-9.81,boundary
276,8.375,12.125,,1002.4,0,37910.3,,0,0,0,,0,0,4.51577,-9.81,boundary
277,8.375,12.375,,1002.24,0,35445.8,,0,0,0,,0,0,4.22286,-9.81,boundary
278,8.375,12.625,,1002.09,0,32985,,0,0,0,,0,0,3.9303,-9.81,boundary
279,8.375,12.875,,1001.93,0,30527.9,,0,0,0,,0,0,3.63809,-9.81,boundary
280,8.375,13.125,,1001.78,0,28074.3,,0,0,0,,0,0,3.3462,-9.81,boundary
281,8.375,13.375,,1001.62,0,25623.2,,0,0,0,,0,0,3.05452,-9.81,boundary
282,8.375,13.625,,1001.47,0,23175.3,,0,0,0,,0,0,2.76313,-9.81,boundary
283,8.375,13.875,,1001.32,0,20735.5,,0,0,0,,0,0,2.47263,-9.81,boundary
284,8.375,14.125,,1001.16,0,18310.8,,0,0,0,,0,0,2.18382,-9.81,boundary
285,8.375,14.375,,1001.01,0,15892.2,,0,0,0,,0,0,1.89566,-9.81,boundary
286,8.375,14.625,,1000.85,0,13439.7,,0,0,0,,0,0,1.60338,-9.81,boundary
287,8.375,14.875,,1000.69,0,10924.9,,0,0,0,,0,0,1.30356,-9.81,boundary
288,8.375,15.125,,1000.54,0,8419.82,,0,0,0,,0,0,1.00481,-9.81,boundary
289,8.375,15.375,,1000.39,0,6067.88,,0,0,0,,0,0,0.724243,-9.81,boundary
290,8.375,15.625,,1000.26,0,4020.81,,0,0,0,,0,0,0.479974,-9.81,boundary
291,8.375,15.875,,1000.15,0,2376.61,,0,0,0,,0,0,0.283732,-9.81,boundary
292,8.375,16.125,,1000.2,0,3127.18,,0,0,0,,0,0,0.373321,-9.81,boundary
293,8.375,16.375,,1000.18,0,2868.47,,0,0,0,,0,0,0.342442,-9.81,boundary
294,8.375,16.625,,1000.18,0,2770.61,,0,0,0,,0,0,0.33076,-9.81,boundary
295,8.375,16.875,,1000.17,0,2689.31,,0,0,0,,0,0,0.321056,-9.81,boundary
296,8.375,17.125,,1000,0,0,,0,0,0,,0,0,0,-9.81,boundary
297,8.375,17.375,,1000,0,0,,0,0,0,,0,0,0,-9.81,boundary
298,8.375,17.625,,1000,0,0,,0,0,0,,0,0,0,-9.81,boundary
299,8.375,17.875,,1000,0,0,,0,0,0,,0,0,0,-9.81,boundary
300,8.375,18.125,,1000,0,0,,0,0,0,,0,0,0,-9.81,boundary
301,8.375,18.375,,1000,0,0,,0,0,0,,0,0,0,-9.81,boundary
302,8.375,18.625,,1000,0,0,,0,0,0,,0,0,0,-9.81,boundary
303,8.375,18.875,,1000,0,0,,0,0,0,,0,0,0,-9.81,boundary
304,8.375,19.125,,1000,0,0,,0,0,0,,0,0,0,-9.81,boundary
305,8.375,19.375,,1000,0,0,,0,0,0,,0,0,0,-9.81,boundary
306,8.375,19.625,,1000,0,0,,0,0,0,,0,0,0,-9.81,boundary
307,8.375,19.875,,1000,0,0,,0,0,0,,0,0,0,-9.81,boundary
308,8.375,20.125,,1000,0,0,,0,0,0,,0,0,0,-9.81,boundary
309,8.375,20.375,,1000,0,0,,0,0,0,,0,0,0,-9.81,boundary
310,8.375,20.625,,1000,0,0,,0,0,0,,0,0,0,-9.81,boundary
311,8.375,20.875,,1000,0,0,,0,0,0,,0,0,0,-9.81,boundary
312,8.625,0.125,,1009.82,0,158718,,0,0,0,,0,0,18.2232,-9.81,boundary
313,8.625,0.375,,1009.67,0,156292,,0,0,0,,0,0,17.9473,-9.81,boundary
314,8.625,0.625,,1009.52,0,153818,,0,0,0,,0,0,17.6657,-9.81,boundary
315,8.625,0.875,,1009.37,0,151304,,0,0,0,,0,0,17.3796,-9.81,boundary
316,8.625,1.125,,1009.22,0,148752,,0,0,0,,0,0,17.089,-9.81,boundary
317,8.625,1.375,,1009.06,0,146212,,0,0,0,,0,0,16.7999,-9.81,boundary
318,8.625,1.625,,1008.91,0,143684,,0,0,0,,0,0,16.5119,-9.81,boundary
319,8.625,1.875,,1008.76,0,141127,,0,0,0,,0,0,16.2205,-9.81,boundary
320,8.625,2.125,,1008.6,0,138560,,0,0,0,,0,0,15.9279,-9.81,boundary
321,8.625,2.375,,1008.45,0,135983,,0,0,0,,0,0,15.6341,-9.81,boundary
322,8.625,2.625,,1008.29,0,133396,,0,0,0,,0,0,15.3391,-9.81,boundary
323,8.625,2.875,,1008.13,0,130804,,0,0,0,,0,0,15.0434,-9.81,boundary
324,8.625,3.125,,1007.98,0,128215,,0,0,0,,0,0,14.7479,-9.81,boundary
325,8.625,3.375,,1007.82,0,125633,,0,0,0,,0,0,14.4531,-9.81,boundary
326,8.625,3.625,,1007.66,0,123060,,0,0,0,,0,0,14.1594,-9.81,boundary
327,8.625,3.875,,1007.51,0,120500,,0,0,0,,0,0,13.8669,-9.81,boundary
328,8.625,4.125,,1007.35,0,117951,,0,0,0,,0,0,13.5756,-9.81,boundary
329,8.625,4.375,,1007.2,0,115410,,0,0,0,,0,0,13.2853,-9.81,boundary
330,8.625,4.625,,1007.04,0,112876,,0,0,0,,0,0,12.9956,-9.81,boundary
331,8.625,4.875,,1006.89,0,110348,,0,0,0,,0,0,12.7065,-9.81,boundary
332,8.625,5.125,,1006.73,0,107824,,0,0,0,,0,0,12.4178,-9.81,boundary
333,8.625,5.375,,1006.58,0,105304,,0,0,0,,0,0,12.1294,-9.81,boundary
334,8.625,5.625,,1006.42,0,102786,,0,0,0,,0,0,11.8412,-9.81,boundary
335,8.625,5.875,,1006.27,0,100270,,0,0,0,,0,0,11.5531,-9.81,boundary
336,8.625,6.125,,1006.11,0,97755,,0,0,0,,0,0,11.265,-9.81,boundary
337,8.625,6.375,,1005.96,0,95241,,0,0,0,,0,0,10.977,-9.81,boundary
338,8.625,6.625,,1005.81,0,92728.2,,0,0,0,,0,0,10.689,-9.81,boundary
339,8.625,6.875,,1005.65,0,90216.8,,0,0,0,,0,0,10.4011,-9.81,boundary
340,8.625,7.125,,1005.5,0,87707.2,,0,0,0,,0,0,10.1134,-9.81,boundary
341,8.625,7.375,,1005.34,0,85200.1,,0,0,0,,0,0,9.82578,-9.81,boundary
342,8.625,7.625,,1005.19,0,82696.4,,0,0,0,,0,0,9.53851,-9.81,boundary
343,8.625,7.875,,1005.03,0,80196.5,,0,0,0,,0,0,9.25158,-9.81,boundary
344,8.625,8.125,,1004.88,0,77699.3,,0,0,0,,0,0,8.96488,-9.81,boundary
345,8.625,8.375,,1004.72,0,75203.3,,0,0,0,,0,0,8.67823,-9.81,boundary
346,8.625,8.625,,1004.57,0,72708,,0,0,0,,0,0,8.39157,-9.81,boundary
347,8.625,8.875,,1004.41,0,70213.3,,0,0,0,,0,0,8.10489,-9.81,boundary
348,8.625,9.125,,1004.26,0,67719.3,,0,0,0,,0,0,7.81821,-9.81,boundary
349,8.625,9.375,,1004.1,0,65226.5,,0,0,0,,0,0,7.53158,-9.81,boundary
350,8.625,9.625,,1003.95,0,62735,,0,0,0,,0,0,7.24501,-9.81,boundary
351,8.625,9.875,,1003.79,0,60245.1,,0,0,0,,0,0,6.95853,-9.81,boundary
352,8.625,10.125,,1003.64,0,57756.9,,0,0,0,,0,0,6.67217,-9.81,boundary
353,8.625,10.375,,1003.48,0,55270.7,,0,0,0,,0,0,6.38594,-9.81,boundary
354,8.625,10.625,,1003.33,0,52786.5,,0,0,0,,0,0,6.09986,-9.81,boundary
355,8.625,10.875,,1003.17,0,50304.5,,0,0,0,,0,0,5.81395,-9.81,boundary
356,8.625,11.125,,1003.02,0,47824.7,,0,0,0,,0,0,5.52821,-9.81,boundary
357,8.625,11.375,,1002.86,0,45347.6,,0,0,0,,0,0,5.24267,-9.81,boundary
358,8.625,11.625,,1002.71,0,42873.2,,0,0,0,,0,0,4.95737,-9.81,boundary
359,8.625,11.875,,1002.55,0,40401.7,,0,0,0,,0,0,4.67232,-9.81,boundary
360,8.625,12.125,,1002.4,0,37933.5,,0,0,0,,0,0,4.38756,-9.81,boundary
361,8.625,12.375,,1002.24,0,35468.8,,0,0,0,,0,0,4.10312,-9.81,boundary
362,8.625,12.625,,1002.09,0,33008.4,,0,0,0,,0,0,3.81908,-9.81,boundary
363,8.625,12.875,,1001.94,0,30552,,0,0,0,,0,0,3.53542,-9.81,boundary
364,8.625,13.125,,1001.78,0,28098.6,,0,0,0,,0,0,3.25202,-9.81,boundary
365,8.625,13.375,,1001.63,0,25646.4,,0,0,0,,0,0,2.96866,-9.81,boundary
366,8.625,13.625,,1001.47,0,23194.7,,0,0,0,,0,0,2.68529,-9.81,boundary
367,8.625,13.875,,1001.32,0,20748.4,,0,0,0,,0,0,2.40245,-9.81,boundary
368,8.625,14.125,,1001.16,0,18318.6,,0,0,0,,0,0,2.12143,-9.81,boundary
369,8.625,14.375,,1001.01,0,15900.8,,0,0,0,,0,0,1.84171,-9.81,boundary
370,8.625,14.625,,1000.85,0,13450.2,,0,0,0,,0,0,1.55811,-9.81,boundary
371,8.625,14.875,,1000.69,0,10928,,0,0,0,,0,0,1.26613,-9.81,boundary
372,8.625,15.125,,1000.54,0,8441.14,,0,0,0,,0,0,0.978157,-9.81,boundary
373,8.625,15.375,,1000.39,0,6195.02,,0,0,0,,0,0,0.717981,-9.81,boundary
374,8.625,15.625,,1000.27,0,4282.03,,0,0,0,,0,0,0.496332,-9.81,boundary
375,8.625,15.875,,1000.17,0,2617.75,,0,0,0,,0,0,0.303457,-9.81,boundary
376,8.625,16.125,,1000.19,0,3053.87,,0,0,0,,0,0,0.354003,-9.81,boundary
377,8.625,16.375,,1000.18,0,2817.46,,0,0,0,,0,0,0.326604,-9.81,boundary
378,8.625,16.625,,1000.17,0,2743.01,,0,0,0,,0,0,0.317974,-9.81,boundary
379,8.625,16.875,,1000.17,0,2747.32,,0,0,0,,0,0,0.318474,-9.81,boundary
380,8.625,17.125,,1000,0,0,,0,0,0,,0,0,0,-9.81,boundary
381,8.625,17.375,,1000,0,0,,0,0,0,,0,0,0,-9.81,boundary
382,8.625,17.625,,1000,0,0,,0,0,0,,0,0,0,-9.81,boundary
383,8.625,17.875,,1000,0,0,,0,0,0,,0,0,0,-9.81,boundary
384,8.625,18.125,,1000,0,0,,0,0,0,,0,0,0,-9.81,boundary
385,8.625,18.375,,1000,0,0,,0,0,0,,0,0,0,-9.81,boundary
386,8.625,18.625,,1000,0,0,,0,0,0,,0,0,0,-9.81,boundary
387,8.625,18.875,,1000,0,0,,0,0,0,,0,0,0,-9.81,boundary
388,8.625,19.125,,1000,0,0,,0,0,0,,0,0,0,-9.81,boundary
389,8.625,19.375,,1000,0,0,,0,0,0,,0,0,0,-9.81,boundary
390,8.625,19.625,,1000,0,0,,0,0,0,,0,0,0,-9.81,boundary
391,8.625,19.875,,1000,0,0,,0,0,0,,0,0,0,-9.81,boundary
392,8.625,20.125,,1000,0,0,,0,0,0,,0,0,0,-9.81,boundary
393,8.625,20.375,,1000,0,0,,0,0,0,,0,0,0,-9.81,boundary
394,8.625,20.625,,1000,0,0,,0,0,0,,0,0,0,-9.81,boundary
395,8.625,20.875,,1000,0,0,,0,0,0,,0,0,0,-9.81,boundary
396,8.875,0.125,,1009.83,0,158990,,0,0,0,,0,0,17.7399,-9.81,boundary
397,8.875,0.375,,1009.69,0,156564,,0,0,0,,0,0,17.4718,-9.81,boundary
398,8.875,0.625,,1009.54,0,154059,,0,0,0,,0,0,17.1947,-9.81,boundary
399,8.875,0.875,,1009.38,0,151498,,0,0,0,,0,0,16.9115,-9.81,boundary
400,8.875,1.125,,1009.23,0,148885,,0,0,0,,0,0,16.6224,-9.81,boundary
401,8.875,1.375,,1009.07,0,146321,,0,0,0,,0,0,16.3386,-9.81,boundary
402,8.875,1.625,,1008.92,0,143758,,0,0,0,,0,0,16.0549,-9.81,boundary
403,8.875,1.875,,1008.76,0,141175,,0,0,0,,0,0,15.7689,-9.81,boundary
404,8.875,2.125,,1008.6,0,138584,,0,0,0,,0,0,15.4819,-9.81,boundary
405,8.875,2.375,,1008.45,0,136005,,0,0,0,,0,0,15.1961,-9.81,boundary
406,8.875,2.625,,1008.29,0,133429,,0,0,0,,0,0,14.9106,-9.81,boundary
407,8.875,2.875,,1008.14,0,130860,,0,0,0,,0,0,14.6258,-9.81,boundary
408,8.875,3.125,,1007.98,0,128298,,0,0,0,,0,0,14.3417,-9.81,boundary
409,8.875,3.375,,1007.82,0,125741,,0,0,0,,0,0,14.058,-9.81,boundary
410,8.875,3.625,,1007.67,0,123187,,0,0,0,,0,0,13.7746,-9.81,boundary
411,8.875,3.875,,1007.51,0,120633,,0,0,0,,0,0,13.4911,-9.81,boundary
412,8.875,4.125,,1007.36,0,118080,,0,0,0,,0,0,13.2076,-9.81,boundary
413,8.875,4.375,,1007.2,0,115528,,0,0,0,,0,0,12.9241,-9.81,boundary
414,8.875,4.625,,1007.05,0,112978,,0,0,0,,0,0,12.6408,-9.81,boundary
415,8.875,4.875,,1006.89,0,110433,,0,0,0,,0,0,12.358,-9.81,boundary
416,8.875,5.125,,1006.74,0,107895,,0,0,0,,0,0,12.0758,-9.81,boundary
417,8.875,5.375,,1006.58,0,105363,,0,0,0,,0,0,11.7943,-9.81,boundary
418,8.875,5.625,,1006.43,0,102837,,0,0,0,,0,0,11.5133,-9.81,boundary
419,8.875,5.875,,1006.27,0,100316,,0,0,0,,0,0,11.2328,-9.81,boundary
420,8.875,6.125,,1006.12,0,97798.7,,0,0,0,,0,0,10.9526,-9.81,boundary
421,8.875,6.375,,1005.96,0,95284,,0,0,0,,0,0,10.6726,-9.81,boundary
422,8.875,6.625,,1005.81,0,92771,,0,0,0,,0,0,10.3927,-9.81,boundary
423,8.875,6.875,,1005.65,0,90258.9,,0,0,0,,0,0,10.1128,-9.81,boundary
424,8.875,7.125,,1005.5,0,87747,,0,0,0,,0,0,9.83292,-9.81,boundary
425,8.875,7.375,,1005.34,0,85236.1,,0,0,0,,0,0,9.55302,-9.81,boundary
426,8.875,7.625,,1005.19,0,82728.7,,0,0,0,,0,0,9.27342,-9.81,boundary
427,8.875,7.875,,1005.03,0,80226.9,,0,0,0,,0,0,8.99437,-9.81,boundary
428,8.875,8.125,,1004.88,0,77729,,0,0,0,,0,0,8.71567,-9.81,boundary
429,8.875,8.375,,1004.73,0,75232.5,,0,0,0,,0,0,8.43703,-9.81,boundary
430,8.875,8.625,,1004.57,0,72736.4,,0,0,0,,0,0,8.15836,-9.81,boundary
431,8.875,8.875,,1004.42,0,70241.4,,0,0,0,,0,0,7.87972,-9.81,boundary
432,8.875,9.125,,1004.26,0,67747.7,,0,0,0,,0,0,7.60115,-9.81,boundary
433,8.875,9.375,,1004.11,0,65255.5,,0,0,0,,0,0,7.32266,-9.81,boundary
434,8.875,9.625,,1003.95,0,62765,,0,0,0,,0,0,7.04427,-9.81,boundary
435,8.875,9.875,,1003.8,0,60276.2,,0,0,0,,0,0,6.76599,-9.81,boundary
436,8.875,10.125,,1003.64,0,57789.3,,0,0,0,,0,0,6.48785,-9.81,boundary
437,8.875,10.375,,1003.49,0,55304.6,,0,0,0,,0,0,6.20985,-9.81,boundary
438,8.875,10.625,,1003.33,0,52822.1,,0,0,0,,0,0,5.93202,-9.81,boundary
439,8.875,10.875,,1003.18,0,50341.9,,0,0,0,,0,0,5.65436,-9.81,boundary
440,8.875,11.125,,1003.02,0,47864,,0,0,0,,0,0,5.37688,-9.81,boundary
441,8.875,11.375,,1002.87,0,45388.5,,0,0,0,,0,0,5.09958,-9.81,boundary
442,8.875,11.625,,1002.71,0,42915.2,,0,0,0,,0,0,4.82244,-9.81,boundary
443,8.875,11.875,,1002.56,0,40443.8,,0,0,0,,0,0,4.54542,-9.81,boundary
444,8.875,12.125,,1002.4,0,37974.1,,0,0,0,,0,0,4.26852,-9.81,boundary
445,8.875,12.375,,1002.25,0,35506.5,,0,0,0,,0,0,3.99177,-9.81,boundary
446,8.875,12.625,,1002.09,0,33041.7,,0,0,0,,0,0,3.71524,-9.81,boundary
447,8.875,12.875,,1001.94,0,30579.7,,0,0,0,,0,0,3.43894,-9.81,boundary
448,8.875,13.125,,1001.78,0,28120,,0,0,0,,0,0,3.16281,-9.81,boundary
449,8.875,13.375,,1001.63,0,25661.6,,0,0,0,,0,0,2.88675,-9.81,boundary
450,8.875,13.625,,1001.47,0,23204.3,,0,0,0,,0,0,2.61073,-9.81,boundary
451,8.875,13.875,,1001.32,0,20753.4,,0,0,0,,0,0,2.33533,-9.81,boundary
452,8.875,14.125,,1001.16,0,18325.1,,0,0,0,,0,0,2.06241,-9.81,boundary
453,8.875,14.375,,1001.01,0,15920.2,,0,0,0,,0,0,1.79201,-9.81,boundary
454,8.875,14.625,,1000.86,0,13486,,0,0,0,,0,0,1.51825,-9.81,boundary
455,8.875,14.875,,1000.7,0,10967.8,,0,0,0,,0,0,1.23495,-9.81,boundary
456,8.875,15.125,,1000.54,0,8471.07,,0,0,0,,0,0,0.953973,-9.81,boundary
457,8.875,15.375,,1000.4,0,6276.79,,0,0,0,,0,0,0.706961,-9.81,boundary
458,8.875,15.625,,1000.28,0,4473.82,,0,0,0,,0,0,0.503949,-9.81,boundary
459,8.875,15.875,,1000.18,0,2897.25,,0,0,0,,0,0,0.326391,-9.81,boundary
460,8.875,16.125,,1000.19,0,3031.33,,0,0,0,,0,0,0.341492,-9.81,boundary
461,8.875,16.375,,1000.18,0,2798.39,,0,0,0,,0,0,0.315256,-9.81,boundary
462,8.875,16.625,,1000.17,0,2743.51,,0,0,0,,0,0,0.309074,-9.81,boundary
463,8.875,16.875,,1000.18,0,2770.68,,0,0,0,,0,0,0.312134,-9.81,boundary
464,8.875,17.125,,1000,0,0,,0,0,0,,0,0,0,-9.81,boundary
465,8.875,17.375,,1000,0,0,,0,0,0,,0,0,0,-9.81,boundary
466,8.875,17.625,,1000,0,0,,0,0,0,,0,0,0,-9.81,boundary
467,8.875,17.875,,1000,0,0,,0,0,0,,0,0,0,-9.81,boundary
468,8.875,18.125,,1000,0,0,,0,0,0,,0,0,0,-9.81,boundary
469,8.875,18.375,,1000,0,0,,0,0,0,,0,0,0,-9.81,boundary
470,8.875,18.625,,1000,0,0,,0,0,0,,0,0,0,-9.81,boundary
471,8.875,18.875,,1000,0,0,,0,0,0,,0,0,0,-9.81,boundary
472,8.875,19.125,,1000,0,0,,0,0,0,,0,0,0,-9.81,boundary
473,8.875,19.375,,1000,0,0,,0,0,0,,0,0,0,-9.81,boundary
474,8.875,19.625,,1000,0,0,,0,0,0,,0,0,0,-9.81,boundary
475,8.875,19.875,,1000,0,0,,0,0,0,,0,0,0,-9.81,boundary
476,8.875,20.125,,1000,0,0,,0,0,0,,0,0,0,-9.81,boundary
477,8.875,20.375,,1000,0,0,,0,0,0,,0,0,0,-9.81,boundary
478,8.875,20.625,,1000,0,0,,0,0,0,,0,0,0,-9.81,boundary
479,8.875,20.875,,1000,0,0,,0,0,0,,0,0,0,-9.81,boundary
480,0.13639,0.157906,,1009.02,-38.8728,145501,,0.292651,0.0279668,0.293984,,-1138.64,-3.33662,-81.3753,-13.1466,fluid
481,0.14132,0.394652,,1008.9,-16.1187,143475,,0.0675283,0.0258845,0.0723193,,-1097.9,4.9883,-91.6004,-4.8217,fluid
482,0.145667,0.620852,,1009.54,-59.5575,154090,,0.0681902,0.0433598,0.0808083,,-1055.85,6.12119,-8.01658,-3.68881,fluid
483,0.147043,0.834188,,1010.21,-105.673,165234,,0.0234746,0.0559082,0.0606365,,-1032.47,6.84866,79.8846,-2.96134,fluid
484,0.147815,1.03697,,1010.57,-106.673,171194,,-0.0529571,0.0772308,0.0936432,,-1013.06,9.73489,132.99,-0.0751083,fluid
485,0.148489,1.24071,,1010.47,-48.0799,169624,,-0.148446,0.0958875,0.176722,,-992.86,13.5114,137.639,3.7014,fluid
486,0.149051,1.44228,,1009.91,58.901,160330,,-0.232592,0.104228,0.254878,,-971.071,16.3191,94.0366,6.5091,fluid
487,0.149385,1.64476,,1009.1,173.809,146836,,-0.285666,0.0994676,0.302487,,-949.03,17.1287,25.0428,7.31874,fluid
488,0.149678,1.84831,,1008.2,271.261,131964,,-0.295306,0.0769705,0.305172,,-927.25,15.7946,-52.7712,5.98458,fluid
489,0.150044,2.0522,,1007.42,329.709,119169,,-0.252081,0.0400073,0.255236,,-907.266,12.6926,-118.887,2.88255,fluid
490,0.150309,2.25667,,1007.02,325.212,112560,,-0.173957,-0.00526082,0.174037,,-891.767,8.82781,-148.131,-0.982193,fluid
491,0.150609,2.46158,,1007.05,265.335,113009,,-0.0833734,-0.0521741,0.0983527,,-880.268,5.68834,-135.172,-4.12166,fluid
492,0.151669,2.66645,,1007.42,171.807,119111,,-0.00583631,-0.0974148,0.0975895,,-867.541,4.51068,-87.9954,-5.29932,fluid
493,0.152677,2.8713,,1007.78,94.9324,124930,,0.0172146,-0.138888,0.139951,,-855.778,5.32701,-43.8252,-4.48299,fluid
494,0.152839,3.07796,,1007.92,57.2783,127224,,0.0134816,-0.177309,0.177821,,-847.363,6.92128,-21.4945,-2.88872,fluid
495,0.15243,3.2881,,1007.91,36.3953,127223,,0.00359149,-0.211549,0.21158,,-840.261,8.34659,-12.1842,-1.46341,fluid
496,0.151429,3.5031,,1007.85,9.0363,126219,,-0.00414797,-0.236036,0.236073,,-834.589,9.80907,-7.56437,-0.000931693,fluid
497,0.149771,3.72403,,1007.72,-37.0426,124070,,0.00254282,-0.251134,0.251147,,-829.757,12.9149,-7.70737,3.10489,fluid
498,0.147579,3.95232,,1007.19,-62.456,115330,,0.0461522,-0.257773,0.261872,,-821.639,18.7459,-45.7358,8.93586,fluid
499,0.145268,4.1901,,1005.31,81.5706,84715.6,,0.10149,-0.254999,0.274454,,-803.156,24.348,-223.069,14.538,fluid
500,0.143364,4.43808,,1001.7,460.941,26888.7,,-0.0436159,-0.249812,0.253591,,-773.102,22.564,-585.866,12.754,fluid
501,0.142175,4.69618,,999.955,598.491,0,,-0.135773,-0.241941,0.277435,,-747.634,13.9479,-747.634,4.13793,fluid
502,0.141315,4.96439,,999.579,602.196,0,,-0.085822,-0.215564,0.23202,,-733.11,7.95035,-733.11,-1.85965,fluid
503,0.140395,5.24329,,999.522,596.255,0,,-0.122245,-0.171634,0.210718,,-721.714,7.12353,-721.714,-2.68647,fluid
504,0.139698,5.53308,,999.582,596.071,0,,-0.157487,-0.14908,0.216857,,-707.531,8.01488,-707.531,-1.79512,fluid
505,0.139534,5.82891,,999.502,593.965,0,,-0.129712,-0.170719,0.214407,,-689.096,8.59463,-689.096,-1.21537,fluid
506,0.139837,6.12125,,999.329,558.958,0,,-0.0285033,-0.208036,0.209979,,-668.979,8.26765,-668.979,-1.54235,fluid
507,0.140193,6.40599,,999.262,483.096,0,,0.111943,-0.222064,0.248684,,-650.956,6.20429,-650.956,-3.60571,fluid
508,0.140449,6.68423,,1000.08,302.858,1253.89,,0.329659,-0.213944,0.392998,,-638.501,1.51274,-629.574,-8.29726,fluid
509,0.140513,6.9574,,1001.96,19.0733,30983.7,,0.564029,-0.19088,0.595453,,-637.566,-2.50559,-417.494,-12.3156,fluid
510,0.140386,7.22628,,1003.92,-215.041,62226.6,,0.692152,-0.170348,0.712806,,-638.889,-2.32434,-197.366,-12.1343,fluid
511,0.140125,7.49119,,1005.79,-371.829,92467,,0.674301,-0.155512,0.692001,,-636.978,0.546868,19.1127,-9.26313,fluid
512,0.140334,7.75219,,1007.18,-380.64,115128,,0.559678,-0.155339,0.580836,,-625.851,4.97494,188.692,-4.83506,fluid
513,0.141321,8.00822,,1008.57,-415.91,137965,,0.114191,-0.176598,0.210301,,-602.356,11.8422,365.604,2.03217,fluid
514,0.142445,8.25839,,1007.4,-131.914,118757,,-0.200443,-0.218271,0.296343,,-566.22,18.4122,261.361,8.60215,fluid
515,0.142923,8.50405,,1005.82,115.635,92917.8,,-0.290599,-0.263409,0.392214,,-529.95,20.3928,116.413,10.5828,fluid
516,0.141915,8.75252,,1004.52,252.195,71895.3,,-0.334003,-0.296169,0.446402,,-501.01,19.7066,3.32071,9.89658,fluid
517,0.139805,9.01083,,1003.18,331.979,50442.2,,-0.496496,-0.333556,0.598138,,-476.754,18.6367,-117.094,8.8267,fluid
518,0.137815,9.28366,,1000.89,537.446,14074.1,,-0.360923,-0.38474,0.527532,,-451.752,14.9981,-349.719,5.18813,fluid
519,0.135964,9.57205,,999.914,535.314,0,,-0.231179,-0.430342,0.488506,,-433.073,9.67545,-433.073,-0.134549,fluid
520,0.134305,9.87404,,999.786,463.39,0,,-0.260951,-0.440167,0.511706,,-420.213,6.24366,-420.213,-3.56634,fluid
521,0.133156,10.1832,,1001.18,155.079,18563.6,,-0.42664,-0.398621,0.583884,,-410.655,4.96906,-271.406,-4.84094,fluid
522,0.133681,10.4902,,999.828,325.686,0,,-0.00509897,-0.315911,0.315953,,-397.009,-0.556046,-397.009,-10.366,fluid
523,0.134403,10.7884,,1004.4,-273.129,70008.7,,0.343689,-0.208241,0.401854,,-403.199,-2.78108,115.406,-12.5911,fluid
524,0.135215,11.0754,,1006.52,-475.682,104383,,-0.078476,-0.119184,0.1427,,-389.706,9.84352,377.265,0.0335198,fluid
525,0.136082,11.354,,1004.09,-84.5098,64912.6,,-0.379236,-0.0696361,0.385577,,-348.098,20.9104,126.972,11.1004,fluid
526,0.136785,11.6272,,1001.08,254.849,16945.7,,-0.303609,-0.0374467,0.30591,,-303.883,19.0914,-180.131,9.2814,fluid
527,0.136805,11.8977,,999.965,259.7,0,,-0.141048,-0.00133148,0.141055,,-275.507,11.6254,-275.507,1.81537,fluid
528,0.136452,12.1683,,999.551,203.406,0,,-0.0312678,0.0323619,0.0449997,,-259.117,7.33269,-259.117,-2.47731,fluid
529,0.135723,12.4408,,999.415,156.748,0,,0.0357045,0.0623934,0.0718871,,-245.618,6.8867,-245.618,-2.9233,fluid
530,0.135269,12.7149,,999.604,95.2694,0,,0.106856,0.0894242,0.139337,,-230.479,7.37665,-230.479,-2.43335,fluid
531,0.135072,12.9873,,999.971,35.9485,0,,0.175549,0.113001,0.208774,,-214.631,6.84703,-214.631,-2.96297,fluid
532,0.13522,13.2545,,1000.57,-30.6082,8983.29,,0.219273,0.12197,0.250913,,-200.74,5.71276,-134.343,-4.09724,fluid
533,0.135377,13.518,,1001.24,-89.0778,19493.7,,0.221651,0.118619,0.251396,,-187.738,5.65874,-43.9209,-4.15126,fluid
534,0.135646,13.7783,,1001.74,-121.055,27387.3,,0.196206,0.111252,0.225552,,-173.306,6.52527,28.2473,-3.28473,fluid
535,0.136392,14.0337,,1002.1,-144.484,33167.4,,0.141239,0.107339,0.177398,,-155.846,7.58447,86.8202,-2.22553,fluid
536,0.137043,14.2774,,1002.09,-118.284,33060.4,,0.0929466,0.10683,0.141604,,-136.914,9.05791,103.824,-0.752085,fluid
537,0.136922,14.5075,,1001.93,-88.7435,30508.1,,0.0616892,0.0669657,0.0910492,,-119.03,10.6395,103.353,0.829499,fluid
538,0.135545,14.7444,,1001.67,-78.8476,26386.8,,0.0447708,0.0420446,0.061418,,-100.873,11.4413,93.4746,1.63134,fluid
539,0.133859,14.9875,,1001.39,-87.8794,21845,,0.0122065,0.0324327,0.0346537,,-81.7584,11.9507,81.2103,2.14069,fluid
540,0.132437,15.2354,,1000.94,-61.6429,14781.9,,-0.0407575,0.0698493,0.0808709,,-61.4434,11.9531,50.0661,2.1431,fluid
541,0.131026,15.4685,,1000.3,17.8818,4684.59,,-0.0507954,0.0761657,0.0915499,,-43.316,10.6304,-7.57342,0.820448,fluid
542,0.125198,15.7979,,1000.14,-5.74609,2140.21,,0.0495526,0.0784644,0.0928015,,-24.1914,8.5451,-7.09914,-1.2649,fluid
543,0.141904,15.9046,,1000.37,-18.5436,5852.67,,0.00888231,0.0605869,0.0612345,,-15.7837,14.3723,25.4447,4.5623,fluid
544,0.36407,0.121472,,1009.9,-38.5961,160016,,0.0142534,0.0138168,0.019851,,-432.656,-2.36321,2.55664,-12.1732,fluid
545,0.393447,0.33257,,1009.69,8.00589,156633,,0.00580017,0.00267004,0.00638523,,-391.942,4.95475,2.34066,-4.85525,fluid
546,0.400828,0.537407,,1009.54,17.0558,154131,,-0.00357518,-0.00886959,0.00956303,,-378.888,8.87384,2.0082,-0.936161,fluid
547,0.410727,0.733175,,1009.35,24.5209,150908,,-0.00678363,-0.0133153,0.0149437,,-362.389,9.79323,1.62497,-0.0167719,fluid
548,0.419686,0.920029,,1009.16,20.6721,147765,,-0.00733397,-0.017986,0.0194238,,-347.82,10.3376,1.0703,0.527638,fluid
549,0.424351,1.10168,,1009,5.40618,145119,,-0.0067754,-0.0230945,0.0240679,,-338.732,11.0833,0.197158,1.27328,fluid
550,0.425615,1.28022,,1008.86,-16.7524,142813,,-0.0038724,-0.030084,0.0303322,,-333.71,11.7623,-1.11085,1.95232,fluid
551,0.424492,1.45817,,1008.74,-40.5914,140795,,0.00181809,-0.0396606,0.0397022,,-331.543,12.1396,-2.73655,2.32963,fluid
552,0.422469,1.6376,,1008.63,-60.009,139014,,0.0100945,-0.0515779,0.0525564,,-330.633,12.0461,-4.39687,2.23613,fluid
553,0.420218,1.81912,,1008.53,-69.4339,137435,,0.0199842,-0.0669072,0.0698279,,-330.008,11.4437,-5.72065,1.63366,fluid
554,0.417654,2.00298,,1008.45,-64.6307,135993,,0.0300328,-0.0857467,0.0908541,,-329.266,10.4299,-6.38291,0.619882,fluid
555,0.41473,2.18959,,1008.36,-45.001,134604,,0.0385148,-0.110435,0.116958,,-328.066,9.22331,-6.2007,-0.586685,fluid
556,0.411608,2.37956,,1008.28,-13.9616,133173,,0.0441121,-0.139041,0.145871,,-326.12,8.18152,-5.23343,-1.62848,fluid
557,0.408189,2.57336,,1008.18,21.3979,131610,,0.0461766,-0.171171,0.17729,,-323.598,7.67408,-3.79019,-2.13592,fluid
558,0.404181,2.77162,,1008.07,51.3789,129845,,0.0446913,-0.20412,0.208956,,-321.027,7.84524,-2.34521,-1.96476,fluid
559,0.399584,2.97447,,1007.96,68.5367,127897,,0.0403043,-0.234428,0.237868,,-318.829,8.45845,-1.27922,-1.35155,fluid
560,0.394724,3.18155,,1007.83,72.0063,125874,,0.0341148,-0.259914,0.262143,,-317.11,9.01488,-0.698434,-0.795124,fluid
561,0.389988,3.39257,,1007.71,64.854,123928,,0.027316,-0.28234,0.283659,,-315.817,9.29203,-0.475016,-0.51797,fluid
562,0.385411,3.60747,,1007.61,47.7736,122223,,0.0210534,-0.30281,0.303541,,-315.26,9.73808,-0.531765,-0.0719159,fluid
563,0.380541,3.82667,,1007.52,12.6276,120805,,0.0164748,-0.319356,0.319781,,-316.272,11.2929,-1.18746,1.48291,fluid
564,0.37492,4.05078,,1007.44,-54.6681,119465,,0.0143955,-0.329743,0.330057,,-319.499,13.9721,-3.21082,4.16205,fluid
565,0.368597,4.28049,,1007.34,-159.381,117821,,0.0145757,-0.333376,0.333694,,-324.465,15.7911,-7.14653,5.98106,fluid
566,0.362264,4.51657,,1007.21,-271.63,115694,,0.0151758,-0.333287,0.333632,,-328.945,14.3087,-11.8689,4.49865,fluid
567,0.3563,4.75885,,1007.07,-344.875,113330,,0.0143146,-0.33935,0.339652,,-330.837,11.03,-14.9941,1.22001,fluid
568,0.350732,5.00652,,1006.92,-371.153,110884,,0.0128212,-0.352939,0.353172,,-330.085,9.05395,-16.1077,-0.756051,fluid
569,0.345623,5.25882,,1006.75,-368.449,108103,,0.012511,-0.369054,0.369266,,-327.412,8.75576,-16.7313,-1.05424,fluid
570,0.341393,5.51425,,1006.57,-353.291,105192,,0.0133526,-0.379237,0.379472,,-323.243,8.8036,-17.1282,-1.0064,fluid
571,0.33869,5.77271,,1006.41,-339.464,102624,,0.0147073,-0.369658,0.36995,,-317.679,8.64123,-16.607,-1.16877,fluid
572,0.337834,6.03646,,1006.28,-330.054,100521,,0.0163021,-0.351313,0.351691,,-310.483,8.29889,-14.7955,-1.51111,fluid
573,0.338366,6.30532,,1006.18,-315.009,98752.2,,0.0167052,-0.339385,0.339796,,-301.697,7.69302,-11.6387,-2.11698,fluid
574,0.339279,6.57791,,1006.09,-269.309,97298.9,,0.0151941,-0.332768,0.333115,,-291.653,6.16363,-6.60701,-3.64637,fluid
575,0.340102,6.85303,,1006.01,-180.223,95982.3,,0.0127872,-0.331123,0.33137,,-279.884,4.21206,0.646943,-5.59794,fluid
576,0.34131,7.1301,,1005.89,-63.9184,94143.8,,0.00996349,-0.328042,0.328193,,-266.139,4.25634,8.07617,-5.55366,fluid
577,0.34305,7.40861,,1005.71,48.6228,91143.5,,0.00532196,-0.32022,0.320264,,-251.079,6.07511,13.0984,-3.73489,fluid
578,0.344703,7.68852,,1005.44,135.27,86740.1,,0.000867726,-0.302707,0.302708,,-236.151,8.7536,14.1257,-1.0564,fluid
579,0.345751,7.97029,,1005.07,169.626,80841,,-0.00114342,-0.275423,0.275425,,-222.898,12.3628,9.73529,2.55277,fluid
580,0.345969,8.25561,,1004.71,135.512,74983.9,,0.000848039,-0.252382,0.252383,,-213.305,15.3136,2.41502,5.50361,fluid
581,0.344687,8.54512,,1004.43,61.2585,70462.7,,0.00553302,-0.24189,0.241954,,-207.815,15.112,-4.29142,5.30203,fluid
582,0.341327,8.8356,,1004.22,-17.0602,67080.4,,0.0113083,-0.25109,0.251344,,-205.404,13.7401,-9.70195,3.93014,fluid
583,0.336435,9.12579,,1004.06,-91.4095,64503,,0.0169677,-0.276019,0.27654,,-204.455,12.5413,-13.5051,2.73134,fluid
584,0.331412,9.41636,,1003.94,-161.995,62587,,0.0154036,-0.303447,0.303838,,-202.64,10.2563,-14.5322,0.446269,fluid
585,0.32787,9.7078,,1003.81,-218.969,60446.9,,0.00117182,-0.310421,0.310423,,-197.679,7.97474,-14.0154,-1.83526,fluid
586,0.326766,9.99863,,1003.64,-246.235,57704.3,,-0.0172497,-0.293188,0.293695,,-189.241,6.92945,-13.2886,-2.88055,fluid
587,0.328258,10.2871,,1003.51,-246.854,55622.9,,-0.0280947,-0.26431,0.265799,,-178.463,6.09612,-9.60636,-3.71388,fluid
588,0.33157,10.5718,,1003.44,-182.816,54631.1,,-0.0319347,-0.225013,0.227268,,-165.898,2.94648,-1.6993,-6.86352,fluid
589,0.335426,10.8533,,1003.28,-54.2351,51946.8,,-0.0343358,-0.188111,0.191219,,-150.951,5.36401,3.41068,-4.44599,fluid
590,0.338553,11.1336,,1002.99,-3.45433,47311,,-0.0327902,-0.164565,0.1678,,-138.699,12.4827,0.629201,2.67272,fluid
591,0.340306,11.4141,,1002.72,-61.437,43066.7,,-0.0263488,-0.152775,0.155031,,-131.296,15.6204,-5.08687,5.81045,fluid
592,0.340831,11.6962,,1002.56,-147.748,40419,,-0.0190849,-0.138078,0.139391,,-126.532,12.4258,-8.24503,2.61579,fluid
593,0.340458,11.9798,,1002.45,-193.127,38692.4,,-0.0139328,-0.113378,0.114231,,-121.274,8.5161,-7.9037,-1.2939,fluid
594,0.33975,12.2651,,1002.35,-198.257,37097.8,,-0.0114354,-0.0836699,0.0844477,,-114.55,7.42615,-5.61399,-2.38385,fluid
595,0.339541,12.5514,,1002.23,-179.325,35209.4,,-0.0103213,-0.0540716,0.0550478,,-106.477,8.02757,-3.00999,-1.78243,fluid
596,0.340623,12.8381,,1002.08,-139.805,32927.4,,-0.00820042,-0.0306319,0.0317106,,-97.0971,8.40029,-0.630087,-1.40971,fluid
597,0.343076,13.1238,,1001.92,-81.2519,30308.2,,-0.00398483,-0.0126144,0.0132288,,-86.6248,8.11874,1.54851,-1.69126,fluid
598,0.346256,13.4061,,1001.74,-14.7833,27426.4,,0.00106639,-0.0024982,0.00271628,,-75.7244,8.11013,3.34665,-1.69987,fluid
599,0.349546,13.6821,,1001.55,40.7361,24370.9,,0.00419235,-0.0108869,0.0116662,,-65.2325,8.59193,4.38147,-1.21807,fluid
600,0.352791,13.9551,,1001.34,72.1984,21115.7,,0.00363903,-0.0403853,0.0405489,,-55.0977,9.21256,4.67545,-0.597438,fluid
601,0.35598,14.2355,,1001.12,85.2856,17710,,0.00302045,-0.0567551,0.0568354,,-45.3444,9.84725,4.34955,0.0372485,fluid
602,0.357587,14.5245,,1000.92,80.9931,14454.3,,0.00248675,-0.0409352,0.0410107,,-36.8141,10.3305,3.57058,0.520455,fluid
603,0.356547,14.8067,,1000.73,47.0255,11553.8,,-0.00473521,-0.0172154,0.0178548,,-29.8901,10.617,2.49064,0.806962,fluid
604,0.354857,15.103,,1000.54,2.53986,8548.52,,-0.0126284,-0.00397613,0.0132395,,-23.0068,10.6259,1.07017,0.815867,fluid
605,0.35396,15.3931,,1000.37,-15.9456,5848.35,,-0.0105381,0.0543533,0.0553655,,-16.319,10.0978,0.197493,0.287759,fluid
606,0.365805,15.6617,,1000.24,6.92299,3833.4,,-9.37502e-05,0.0305444,0.0305445,,-10.0642,9.43814,0.412605,-0.371864,fluid
607,0.401904,15.8758,,1000.16,6.85048,2477.98,,-0.00158192,0.0659491,0.0659681,,-5.73932,9.43177,0.425311,-0.37823,fluid
608,0.650099,0.114918,,1009.74,39.8639,157485,,0.0166113,0.00209091,0.0167424,,-240.345,4.30068,-0.435264,-5.50932,fluid
609,0.68905,0.318832,,1009.61,50.8199,155230,,0.00757411,-0.00939297,0.0120663,,-222.354,8.49267,0.783977,-1.31733,fluid
610,0.700508,0.512389,,1009.47,42.416,152928,,0.00208062,-0.0204711,0.0205766,,-215.475,10.5359,0.787176,0.72593,fluid
611,0.717175,0.695465,,1009.31,28.4845,150194,,0.00234115,-0.0269137,0.0270153,,-207.182,10.9359,0.311622,1.12592,fluid
612,0.732063,0.870852,,1009.15,14.3554,147641,,0.00492116,-0.0351689,0.0355115,,-200.083,10.8599,-0.234612,1.04988,fluid
613,0.740791,1.03833,,1009.03,-0.885768,145556,,0.00760281,-0.0439945,0.0446466,,-195.419,10.6265,-0.688625,0.816467,fluid
614,0.745021,1.20439,,1008.92,-17.724,143823,,0.0109694,-0.0516906,0.0528418,,-192.388,10.3008,-1.04909,0.490837,fluid
615,0.745426,1.36897,,1008.83,-33.7564,142384,,0.0154075,-0.0597655,0.0617196,,-190.637,9.95215,-1.29894,0.142154,fluid
616,0.743502,1.53404,,1008.76,-45.3623,141082,,0.0217845,-0.0679527,0.0713592,,-189.538,9.62309,-1.43103,-0.186907,fluid
617,0.740341,1.70024,,1008.68,-49.472,139843,,0.0299807,-0.0773334,0.0829415,,-188.703,9.36442,-1.43886,-0.44558,fluid
618,0.736242,1.8683,,1008.61,-44.5193,138623,,0.0390662,-0.0893175,0.0974874,,-188.006,9.2149,-1.32744,-0.595102,fluid
619,0.731527,2.03896,,1008.53,-30.0428,137353,,0.0479834,-0.104557,0.115042,,-187.288,9.18081,-1.11463,-0.629194,fluid
620,0.726403,2.21245,,1008.45,-7.36213,135962,,0.0556284,-0.123663,0.135598,,-186.436,9.27184,-0.832379,-0.538155,fluid
621,0.72097,2.38907,,1008.35,20.0779,134398,,0.0611823,-0.146244,0.158527,,-185.397,9.44688,-0.527082,-0.363125,fluid
622,0.715139,2.5689,,1008.25,46.8248,132660,,0.0640966,-0.172887,0.184386,,-184.239,9.67935,-0.253869,-0.130653,fluid
623,0.708856,2.75223,,1008.13,67.0425,130788,,0.0639954,-0.204282,0.214071,,-183.074,9.91442,-0.0564293,0.104419,fluid
624,0.702292,2.93955,,1008.01,77.1577,128832,,0.0609267,-0.23989,0.247506,,-181.935,10.0585,0.0517299,0.248544,fluid
625,0.695508,3.13126,,1007.89,77.5754,126830,,0.0555092,-0.277301,0.282803,,-180.83,10.0459,0.0982879,0.235924,fluid
626,0.688441,3.32776,,1007.77,72.1547,124811,,0.0487077,-0.315074,0.318817,,-179.752,9.83765,0.145947,0.0276537,fluid
627,0.680947,3.52964,,1007.65,65.8291,122814,,0.0416526,-0.35059,0.353056,,-178.731,9.42229,0.258549,-0.387713,fluid
628,0.672913,3.73703,,1007.53,60.638,120966,,0.0354714,-0.382886,0.384525,,-177.977,8.96791,0.443792,-0.842092,fluid
629,0.664288,3.94998,,1007.44,48.6951,119496,,0.0305152,-0.414559,0.415681,,-177.965,8.79444,0.592335,-1.01556,fluid
630,0.655102,4.16871,,1007.38,16.9162,118494,,0.0264147,-0.445724,0.446506,,-179.06,8.96962,0.493278,-0.840383,fluid
631,0.645479,4.39353,,1007.34,-35.5783,117697,,0.0229096,-0.473918,0.474472,,-180.968,9.23022,0.0443582,-0.579778,fluid
632,0.635632,4.62554,,1007.27,-88.2933,116589,,0.0201798,-0.495682,0.496092,,-182.636,9.34832,-0.53696,-0.461683,fluid
633,0.625981,4.86615,,1007.16,-120.818,114803,,0.018195,-0.510522,0.510846,,-183.058,9.48022,-0.964153,-0.329781,fluid
634,0.617095,5.1157,,1007.01,-134.771,112360,,0.0165038,-0.520203,0.520465,,-182.085,9.832,-1.2736,0.0219982,fluid
635,0.609564,5.37417,,1006.84,-142.633,109579,,0.0144152,-0.527775,0.527972,,-180.125,10.0301,-1.57984,0.220058,fluid
636,0.603775,5.64076,,1006.67,-145.129,106843,,0.0112021,-0.534591,0.534708,,-177.47,9.76585,-1.68383,-0.0441517,fluid
637,0.599841,5.91292,,1006.52,-133.658,104367,,0.00718358,-0.539824,0.539871,,-174.13,9.29756,-1.26612,-0.512439,fluid
638,0.597687,6.18726,,1006.37,-99.2735,101948,,0.00364066,-0.536886,0.536899,,-169.852,9.15018,-0.361708,-0.65982,fluid
639,0.596907,6.4617,,1006.2,-33.2286,99222.8,,0.00129144,-0.526404,0.526405,,-164.409,9.27157,0.793951,-0.538427,fluid
640,0.597092,6.73487,,1006,63.4409,95946.4,,-8.60294e-05,-0.516042,0.516042,,-157.583,9.4214,2.14758,-0.388601,fluid
641,0.597936,7.00592,,1005.77,165.694,92131,,-0.00133685,-0.508358,0.50836,,-149.577,9.85257,3.62117,0.0425693,fluid
642,0.598909,7.2747,,1005.51,237.756,87951.1,,-0.00278162,-0.506814,0.506822,,-141.382,10.7333,4.66474,0.923273,fluid
643,0.599304,7.54248,,1005.24,252.421,83554.7,,-0.00376116,-0.511087,0.5111,,-133.964,11.534,4.72872,1.72401,fluid
644,0.598706,7.81076,,1004.97,198.951,79189.4,,-0.00222333,-0.521556,0.521561,,-128.024,12.0358,3.58979,2.22577,fluid
645,0.596924,8.08142,,1004.74,94.8444,75394.7,,0.00315817,-0.542596,0.542605,,-124.213,12.1474,1.49677,2.33743,fluid
646,0.593858,8.35627,,1004.57,-13.96,72642.4,,0.0111501,-0.570754,0.570863,,-122.543,11.5889,-0.776023,1.77887,fluid
647,0.589594,8.6372,,1004.44,-96.1911,70667,,0.0184776,-0.601305,0.601589,,-121.931,10.5241,-2.60418,0.714083,fluid
648,0.584645,8.92502,,1004.34,-151.57,69040.8,,0.021974,-0.622458,0.622846,,-121.426,9.73604,-3.84606,-0.0739605,fluid
649,0.580021,9.21813,,1004.25,-181.05,67585.5,,0.0184046,-0.621425,0.621697,,-120.358,9.27588,-4.32911,-0.534122,fluid
650,0.576888,9.51293,,1004.14,-196.577,65744.2,,0.00397574,-0.594184,0.594198,,-117.636,9.04919,-4.1418,-0.760807,fluid
651,0.576213,9.80595,,1003.96,-216.884,62907.1,,-0.0170403,-0.549836,0.5501,,-112.576,9.04842,-3.83284,-0.761577,fluid
652,0.578109,10.0946,,1003.75,-219.23,59573.1,,-0.0337908,-0.5042,0.505331,,-105.925,9.32984,-3.26255,-0.480157,fluid
653,0.581578,10.3786,,1003.55,-159.269,56323.4,,-0.0409395,-0.466961,0.468752,,-98.2433,9.31659,-1.74011,-0.493409,fluid
654,0.585091,10.6596,,1003.31,-61.3323,52546.8,,-0.0403173,-0.438063,0.439914,,-89.4329,9.23388,0.0799358,-0.576119,fluid
655,0.587425,10.9397,,1003.05,-21.567,48259.7,,-0.035148,-0.416409,0.41789,,-81.4485,10.2078,0.456676,0.397786,fluid
656,0.587997,11.2212,,1002.84,-75.0618,44905,,-0.0283649,-0.401355,0.402356,,-76.9625,11.0129,-0.809115,1.20287,fluid
657,0.586918,11.5062,,1002.73,-142.977,43134.4,,-0.0231715,-0.389168,0.389857,,-75.4409,10.1589,-2.14761,0.34889,fluid
658,0.584742,11.796,,1002.65,-156.162,41854.9,,-0.0211784,-0.374028,0.374627,,-73.7161,8.79019,-2.32657,-1.01981,fluid
659,0.582031,12.0916,,1002.53,-128.617,40046.6,,-0.0227481,-0.353943,0.354674,,-70.0253,8.41596,-1.39403,-1.39404,fluid
660,0.579393,12.3925,,1002.38,-94.1952,37575.4,,-0.027204,-0.320282,0.321435,,-64.88,8.96826,-0.180795,-0.841738,fluid
661,0.577413,12.6984,,1002.19,-57.6725,34586.6,,-0.0308431,-0.271102,0.27285,,-59.1028,9.62722,0.665534,-0.182783,fluid
662,0.576507,13.0102,,1001.97,-13.2814,31130.8,,-0.0294205,-0.211226,0.213265,,-52.7054,9.93623,1.18731,0.126229,fluid
663,0.576691,13.3297,,1001.73,33.1018,27229.4,,-0.022351,-0.147716,0.149398,,-45.526,10.0467,1.60923,0.236661,fluid
664,0.577523,13.6586,,1001.46,66.1063,23057.5,,-0.0130869,-0.0750439,0.0761765,,-38.0694,10.1648,1.7972,0.354824,fluid
665,0.578162,13.9917,,1001.21,72.672,19031.4,,-0.00741295,-0.0102144,0.0126209,,-31.276,10.1973,1.60146,0.387346,fluid
666,0.578841,14.3189,,1000.98,59.1094,15413.5,,-0.00584138,0.0125778,0.013868,,-25.4077,10.0639,1.19444,0.253887,fluid
667,0.578934,14.6439,,1000.77,32.9155,12174.5,,-0.0087082,0.0267066,0.0280905,,-20.2698,9.85433,0.743201,0.0443318,fluid
668,0.579163,14.9572,,1000.59,-0.347729,9350.1,,-0.0140155,0.0268971,0.0303297,,-15.8404,9.74181,0.294183,-0.0681873,fluid
669,0.583364,15.2504,,1000.45,-22.8853,7034.5,,-0.0153609,0.0225424,0.0272785,,-12.0812,9.60075,-0.0280918,-0.209246,fluid
670,0.617237,15.5274,,1000.32,-14.6184,4951.49,,-0.00787183,0.00288677,0.00838446,,-8.09438,9.37828,-0.0748852,-0.431722,fluid
671,0.625951,15.9135,,1000.16,-21.9178,2440,,-0.0179037,0.0914332,0.0931696,,-3.83918,9.28848,0.0582758,-0.521523,fluid
672,0.924513,0.109301,,1009.66,24.4898,156028,,0.0160589,-0.00172954,0.0161518,,-166.807,8.75823,0.346922,-1.05177,fluid
673,0.963282,0.321074,,1009.53,25.1717,153998,,0.0132445,-0.0111377,0.017305,,-157.805,9.89267,0.554017,0.0826729,fluid
674,0.988678,0.522265,,1009.41,22.0883,151877,,0.0134758,-0.0225881,0.0263025,,-151.925,10.2957,0.259668,0.48569,fluid
675,1.01472,0.710323,,1009.27,20.6988,149676,,0.0173629,-0.0367822,0.0406743,,-146.275,10.2508,-0.126482,0.440842,fluid
676,1.03659,0.891881,,1009.14,22.7037,147443,,0.0241307,-0.0519379,0.0572698,,-141.376,10.1032,-0.425593,0.293244,fluid
677,1.04845,1.06542,,1009.03,23.0782,145691,,0.0275743,-0.0706716,0.0758605,,-138.314,9.94188,-0.599283,0.131876,fluid
678,1.05453,1.23651,,1008.93,24.6402,144057,,0.0310332,-0.0884743,0.093759,,-136.041,9.7876,-0.643095,-0.0223967,fluid
679,1.05472,1.40614,,1008.84,26.9831,142555,,0.0344034,-0.105099,0.110586,,-134.542,9.66176,-0.567972,-0.148241,fluid
680,1.05168,1.57578,,1008.75,31.7982,141010,,0.0396534,-0.121213,0.127535,,-133.305,9.58351,-0.387154,-0.226493,fluid
681,1.04631,1.74656,,1008.66,38.4269,139440,,0.0461358,-0.136135,0.14374,,-132.261,9.56698,-0.136187,-0.243018,fluid
682,1.03945,1.91942,,1008.56,46.695,137813,,0.0536562,-0.150081,0.159384,,-131.317,9.61962,0.14046,-0.190382,fluid
683,1.03146,2.09487,,1008.46,55.8401,136138,,0.0614326,-0.163256,0.174432,,-130.489,9.73215,0.390106,-0.0778497,fluid
684,1.02268,2.27345,,1008.35,65.408,134385,,0.0690952,-0.17686,0.189878,,-129.749,9.87657,0.5671,0.0665711,fluid
685,1.01312,2.4558,,1008.24,74.4899,132551,,0.0759198,-0.192236,0.206684,,-129.122,10.0196,0.643071,0.209615,fluid
686,1.00273,2.6426,,1008.12,81.6538,130655,,0.0807872,-0.210745,0.225699,,-128.633,10.1201,0.615791,0.310055,fluid
687,0.99172,2.83434,,1008.01,85.3694,128728,,0.0825904,-0.231394,0.245692,,-128.261,10.1491,0.511308,0.339125,fluid
688,0.980467,3.03116,,1007.89,84.8156,126795,,0.0807617,-0.254773,0.267267,,-127.93,10.102,0.378462,0.291964,fluid
689,0.969272,3.23291,,1007.77,80.3426,124861,,0.0754413,-0.280386,0.290358,,-127.543,9.97055,0.282865,0.160551,fluid
690,0.958325,3.43906,,1007.65,73.5542,122910,,0.0676357,-0.307279,0.314634,,-126.982,9.74655,0.299073,-0.0634498,fluid
691,0.947601,3.64896,,1007.53,66.9282,120902,,0.0590407,-0.334363,0.339536,,-126.132,9.41705,0.501594,-0.392945,fluid
692,0.936818,3.86217,,1007.41,62.0983,118857,,0.0509343,-0.359796,0.363383,,-124.992,9.02962,0.948208,-0.780382,fluid
693,0.925634,4.07867,,1007.29,57.4162,116878,,0.0434535,-0.38229,0.384752,,-123.724,8.73271,1.63072,-1.07729,fluid
694,0.913801,4.29897,,1007.17,49.0133,115053,,0.0362573,-0.401797,0.40343,,-122.582,8.66863,2.42787,-1.14137,fluid
695,0.90123,4.52382,,1007.07,36.6801,113342,,0.0292873,-0.419272,0.420294,,-121.729,8.87958,3.15148,-0.930423,fluid
696,0.888114,4.75415,,1006.96,25.2112,111572,,0.0229151,-0.435294,0.435897,,-121.107,9.27087,3.65306,-0.539133,fluid
697,0.874968,4.99109,,1006.84,16.3233,109582,,0.0173391,-0.448594,0.448929,,-120.52,9.68103,3.87031,-0.128975,fluid
698,0.862616,5.23551,,1006.7,6.81915,107355,,0.0120225,-0.45651,0.456668,,-119.786,9.91451,3.83805,0.104511,fluid
699,0.851963,5.4875,,1006.56,-3.50928,104967,,0.00643783,-0.457118,0.457163,,-118.689,9.90559,3.71368,0.0955861,fluid
700,0.8438,5.7466,,1006.4,-9.85804,102460,,0.00110272,-0.452274,0.452275,,-116.954,9.7439,3.70083,-0.0660989,fluid
701,0.83846,6.01148,,1006.24,-7.80037,99831.7,,-0.0028758,-0.446492,0.446502,,-114.448,9.68265,3.87927,-0.127348,fluid
702,0.835685,6.28101,,1006.07,4.89893,97050.2,,-0.00473579,-0.444362,0.444387,,-111.316,9.86665,4.11613,0.0566459,fluid
703,0.834911,6.55367,,1005.89,29.2271,94020.3,,-0.00428389,-0.449112,0.449133,,-107.798,10.2673,4.15405,0.457263,fluid
704,0.835493,6.82788,,1005.68,60.6339,90684.1,,-0.00237909,-0.459791,0.459797,,-104.06,10.723,3.86629,0.912957,fluid
705,0.836684,7.10264,,1005.46,86.5449,87157,,-0.000241342,-0.473801,0.473801,,-100.387,11.0951,3.21676,1.28508,fluid
706,0.837611,7.37724,,1005.25,95.6142,83666.6,,0.00123912,-0.485726,0.485728,,-97.1852,11.275,2.18062,1.46505,fluid
707,0.837507,7.65146,,1005.04,83.082,80363,,0.00265338,-0.493274,0.493281,,-94.5883,11.1321,0.885277,1.32213,fluid
708,0.835913,7.92567,,1004.86,48.8329,77386.9,,0.0052677,-0.492123,0.492151,,-92.5062,10.5883,-0.37611,0.778279,fluid
709,0.832773,8.20025,,1004.71,6.79957,74905.4,,0.00899599,-0.480922,0.481007,,-90.7536,9.79542,-1.22789,-0.0145794,fluid
710,0.82844,8.47533,,1004.58,-24.7848,72855.9,,0.0115308,-0.464789,0.464932,,-88.9981,9.05533,-1.45541,-0.754667,fluid
711,0.823632,8.75081,,1004.46,-46.8784,70890.5,,0.0104869,-0.44518,0.445304,,-86.8637,8.62083,-1.17498,-1.18917,fluid
712,0.819315,9.02619,,1004.33,-62.7268,68833.1,,0.0053456,-0.424017,0.424051,,-84.265,8.56505,-0.61407,-1.24495,fluid
713,0.816338,9.30104,,1004.19,-68.2791,66590.6,,-0.0035509,-0.405656,0.405671,,-81.2025,8.85937,0.0295919,-0.950633,fluid
714,0.815218,9.57531,,1004.03,-71.023,63987.5,,-0.0153998,-0.39299,0.393292,,-77.6686,9.4008,0.507816,-0.409201,fluid
715,0.816052,9.84908,,1003.84,-80.0061,60966.8,,-0.0268597,-0.386701,0.387633,,-73.7776,9.88153,0.646065,0.0715296,fluid
716,0.818311,10.1229,,1003.64,-82.9176,57829.8,,-0.0339849,-0.384693,0.386192,,-69.8092,10.2135,0.603919,0.403457,fluid
717,0.820974,10.3976,,1003.45,-61.0579,54775,,-0.0355703,-0.385671,0.387307,,-65.9348,10.5176,0.555016,0.70756,fluid
718,0.822952,10.674,,1003.25,-27.1463,51531.2,,-0.0328592,-0.388582,0.389969,,-62.1242,10.7218,0.290365,0.911776,fluid
719,0.823517,10.9521,,1003.04,-21.7491,48231.5,,-0.0277653,-0.391408,0.392392,,-58.704,10.5166,-0.314139,0.706604,fluid
720,0.822438,11.2319,,1002.88,-47.1897,45547.2,,-0.0227317,-0.391252,0.391912,,-55.9948,9.70155,-0.772978,-0.108455,fluid
721,0.820011,11.5129,,1002.75,-65.9142,43447.4,,-0.0202637,-0.388315,0.388843,,-53.443,8.86684,-0.604238,-0.943165,fluid
722,0.816801,11.7946,,1002.61,-62.5509,41353.9,,-0.0212177,-0.383558,0.384145,,-50.4079,8.64517,0.0891187,-1.16483,fluid
723,0.813266,12.0769,,1002.46,-50.9708,38960.9,,-0.0259029,-0.379842,0.380725,,-46.8948,8.97633,0.894182,-0.833665,fluid
724,0.809685,12.3604,,1002.3,-43.9197,36312.8,,-0.034088,-0.374959,0.376505,,-43.2788,9.43649,1.46644,-0.373512,fluid
725,0.806046,12.6459,,1002.12,-39.993,33503,,-0.0428696,-0.363752,0.366269,,-39.8024,9.83928,1.67433,0.0292788,fluid
726,0.802206,12.935,,1001.94,-33.2796,30578.8,,-0.0480352,-0.339177,0.342561,,-36.4512,10.1298,1.5935,0.319821,fluid
727,0.798056,13.2292,,1001.74,-22.8152,27516.7,,-0.0475687,-0.305061,0.308748,,-33.0687,10.3164,1.35092,0.506368,fluid
728,0.79378,13.5304,,1001.54,-13.0483,24273.5,,-0.0429819,-0.267137,0.270573,,-29.5413,10.3933,0.991344,0.583307,fluid
729,0.789628,13.8412,,1001.32,-7.02171,20877.3,,-0.0356604,-0.224732,0.227544,,-25.8609,10.3586,0.543496,0.548588,fluid
730,0.786184,14.1643,,1001.11,-6.08082,17467,,-0.0279536,-0.170777,0.17305,,-22.0752,10.1578,0.117593,0.347809,fluid
731,0.784192,14.5024,,1000.9,-13.408,14123.6,,-0.0254701,-0.12514,0.127706,,-18.1784,9.86762,-0.184187,0.0576188,fluid
732,0.785254,14.8526,,1000.69,-22.9875,10856.8,,-0.024653,-0.0609712,0.0657667,,-14.1381,9.62356,-0.321758,-0.186443,fluid
733,0.792804,15.2388,,1000.48,-29.3843,7550.71,,-0.0210118,-0.000191228,0.0210127,,-9.81079,9.40002,-0.291316,-0.409983,fluid
734,0.812798,15.6593,,1000.28,-42.8412,4387.16,,-0.0343742,0.100516,0.106231,,-5.47864,9.41608,-0.0825443,-0.39392,fluid
735,0.851788,15.934,,1000.15,-15.7156,2321.61,,-0.0147938,0.0828732,0.0841833,,-2.69398,9.36409,0.0311901,-0.445907,fluid
736,1.19565,0.109957,,1009.63,17.4353,155634,,0.0171783,-0.00301229,0.0174404,,-128.494,9.895,0.43067,0.0849989,fluid
737,1.23191,0.325375,,1009.52,18.9608,153729,,0.0192522,-0.0104844,0.0219219,,-123.388,9.9685,0.224402,0.158499,fluid
738,1.27172,0.530625,,1009.39,22.7327,151538,,0.0265192,-0.019581,0.0329649,,-118.021,9.91598,0.0311322,0.105981,fluid
739,1.30273,0.724257,,1009.26,27.3406,149374,,0.0350164,-0.0335136,0.0484696,,-113.697,9.83697,-0.0854865,0.0269715,fluid
740,1.33002,0.912045,,1009.12,34.7637,147079,,0.046508,-0.0488443,0.0674445,,-109.723,9.77664,-0.138274,-0.0333618,fluid
741,1.34444,1.09361,,1009.01,37.8222,145299,,0.0512031,-0.067952,0.0850836,,-107.262,9.7373,-0.153022,-0.0727023,fluid
742,1.35287,1.27247,,1008.9,40.9133,143554,,0.0553392,-0.0884192,0.104309,,-105.297,9.72314,-0.122915,-0.0868569,fluid
743,1.35337,1.4493,,1008.81,42.1178,142018,,0.0564344,-0.108899,0.122653,,-104.082,9.7273,-0.0620399,-0.0827024,fluid
744,1.34984,1.62557,,1008.71,44.4004,140417,,0.0587435,-0.128481,0.141273,,-103.099,9.7514,0.0269821,-0.058604,fluid
745,1.34308,1.8024,,1008.62,47.2266,138806,,0.0616239,-0.146406,0.158847,,-102.34,9.79224,0.126411,-0.0177613,fluid
746,1.33402,1.98081,,1008.52,50.9455,137151,,0.0656154,-0.16281,0.175535,,-101.721,9.8453,0.221752,0.0353045,fluid
747,1.32322,2.16149,,1008.41,55.4732,135445,,0.0706539,-0.177962,0.191474,,-101.209,9.90532,0.296706,0.0953224,fluid
748,1.31085,2.34526,,1008.31,60.4016,133689,,0.0762316,-0.19259,0.207128,,-100.808,9.95951,0.338409,0.14951,fluid
749,1.29703,2.53299,,1008.2,64.9838,131889,,0.0813918,-0.206769,0.222211,,-100.52,9.99553,0.339363,0.185532,fluid
750,1.28197,2.72533,,1008.09,68.2658,130058,,0.0849144,-0.220763,0.236531,,-100.336,10.0097,0.301634,0.199665,fluid
751,1.26633,2.92295,,1007.97,69.4543,128183,,0.0858255,-0.235716,0.250855,,-100.185,9.98736,0.238608,0.177358,fluid
752,1.25101,3.1262,,1007.86,68.0847,126247,,0.0835554,-0.251145,0.26468,,-99.9581,9.92626,0.17156,0.11626,fluid
753,1.23681,3.33467,,1007.73,64.4231,124231,,0.078346,-0.266952,0.278211,,-99.5436,9.83705,0.130034,0.0270515,fluid
754,1.22401,3.54732,,1007.6,59.5032,122118,,0.0712607,-0.28311,0.291941,,-98.863,9.72151,0.152601,-0.0884862,fluid
755,1.21223,3.76298,,1007.47,54.5296,119922,,0.0635461,-0.300019,0.306675,,-97.909,9.57851,0.283755,-0.231494,fluid
756,1.20069,3.98078,,1007.33,50.2956,117685,,0.0560773,-0.318153,0.323057,,-96.7397,9.43373,0.561019,-0.376275,fluid
757,1.18859,4.20038,,1007.2,47.029,115453,,0.0492513,-0.337813,0.341384,,-95.461,9.33585,0.97911,-0.474154,fluid
758,1.17538,4.422,,1007.06,44.6834,113250,,0.0433273,-0.359683,0.362283,,-94.2058,9.35314,1.47008,-0.456862,fluid
759,1.16077,4.64635,,1006.93,42.7928,111079,,0.0381424,-0.38464,0.386527,,-93.1025,9.50268,1.93316,-0.307318,fluid
760,1.14487,4.87468,,1006.8,40.28,108927,,0.0327653,-0.412793,0.414091,,-92.216,9.7175,2.28503,-0.0925044,fluid
761,1.12838,5.10851,,1006.67,36.0109,106759,,0.0261139,-0.441835,0.442606,,-91.4797,9.90627,2.50597,0.0962654,fluid
762,1.11248,5.34922,,1006.53,29.6762,104508,,0.0179284,-0.468292,0.468635,,-90.6974,10.0007,2.63491,0.190703,fluid
763,1.09852,5.59744,,1006.38,21.9704,102119,,0.00881236,-0.488945,0.489025,,-89.6357,9.99391,2.73454,0.183915,fluid
764,1.0875,5.85299,,1006.23,14.8704,99553.2,,0.000509073,-0.499611,0.499611,,-88.1398,9.93707,2.83724,0.12707,fluid
765,1.07973,6.11503,,1006.06,10.5192,96847.9,,-0.00493049,-0.500301,0.500325,,-86.2379,9.91285,2.91809,0.102851,fluid
766,1.07504,6.38216,,1005.89,10.15,94032.5,,-0.00590132,-0.494787,0.494822,,-84.086,9.988,2.8713,0.177998,fluid
767,1.07286,6.65283,,1005.71,13.0278,91124.3,,-0.00267575,-0.488902,0.488909,,-81.8791,10.1598,2.57473,0.349831,fluid
768,1.07237,6.92606,,1005.53,16.5331,88190.4,,0.0024758,-0.487381,0.487388,,-79.7995,10.3158,1.98725,0.50584,fluid
769,1.07261,7.20156,,1005.35,17.9377,85294.5,,0.00704145,-0.494459,0.494509,,-77.9249,10.3716,1.17236,0.561593,fluid
770,1.07265,7.47923,,1005.17,15.5518,82496.1,,0.00921724,-0.508852,0.508935,,-76.2386,10.2903,0.273773,0.480317,fluid
771,1.07183,7.75864,,1005.01,9.96319,79827,,0.00889187,-0.52512,0.525195,,-74.6216,10.0467,-0.515355,0.236718,fluid
772,1.06988,8.03906,,1004.85,3.07183,77277.7,,0.00675045,-0.537517,0.53756,,-72.8531,9.66648,-0.971484,-0.143516,fluid
773,1.06697,8.31966,,1004.7,-3.30852,74774,,0.00286438,-0.538943,0.53895,,-70.7111,9.26839,-0.957748,-0.541615,fluid
774,1.06361,8.59945,,1004.54,-8.63355,72229.5,,-0.00297449,-0.524613,0.524621,,-68.1527,9.04373,-0.549868,-0.766268,fluid
775,1.06047,8.87771,,1004.38,-13.1172,69579.5,,-0.0101967,-0.499242,0.499346,,-65.2725,8.99872,0.0537307,-0.811283,fluid
776,1.0581,9.15409,,1004.2,-16.7016,66811.8,,-0.0175633,-0.466398,0.466729,,-62.2132,9.09571,0.665643,-0.714288,fluid
777,1.0568,9.4287,,1004.03,-19.6497,63988.1,,-0.0239209,-0.433185,0.433845,,-59.1894,9.35332,1.11633,-0.456679,fluid
778,1.05661,9.70235,,1003.85,-22.4392,61159.4,,-0.0284229,-0.406622,0.407614,,-56.3797,9.66022,1.28091,-0.14978,fluid
779,1.05722,9.97621,,1003.68,-24.3076,58352.5,,-0.0304368,-0.389979,0.391165,,-53.8118,9.86992,1.18017,0.0599226,fluid
780,1.05808,10.2513,,1003.5,-24.3039,55593.3,,-0.0299682,-0.382177,0.38335,,-51.4379,10.0042,0.920205,0.194231,fluid
781,1.0586,10.5283,,1003.34,-23.1681,52890.9,,-0.0280437,-0.381003,0.382034,,-49.2861,10.1317,0.510903,0.321659,fluid
782,1.05836,10.8073,,1003.17,-22.8194,50212.3,,-0.0257061,-0.38099,0.381857,,-47.3201,10.0735,-0.026674,0.263476,fluid
783,1.0572,11.0882,,1003,-24.0511,47571.8,,-0.0237566,-0.378549,0.379294,,-45.252,9.68147,-0.388708,-0.128532,fluid
784,1.05511,11.3704,,1002.84,-25.1468,44953.8,,-0.0233334,-0.371148,0.37188,,-42.7395,9.22903,-0.254538,-0.580969,fluid
785,1.05236,11.6536,,1002.67,-25.2906,42282,,-0.0251089,-0.357632,0.358512,,-39.7967,9.0859,0.274612,-0.7241,fluid
786,1.04918,11.9374,,1002.5,-25.8725,39527.2,,-0.0292404,-0.339022,0.340281,,-36.753,9.25123,0.827497,-0.558775,fluid
787,1.04569,12.2219,,1002.32,-29.4801,36716.4,,-0.0362517,-0.317517,0.31958,,-33.8745,9.48035,1.15634,-0.329645,fluid
788,1.04175,12.5072,,1002.14,-36.5474,33883.4,,-0.0454166,-0.294807,0.298285,,-31.2253,9.64248,1.2304,-0.167516,fluid
789,1.03692,12.7941,,1001.97,-45.0077,31081.7,,-0.0545263,-0.273378,0.278763,,-28.7959,9.73957,1.12037,-0.070435,fluid
790,1.03055,13.0843,,1001.8,-52.0356,28331.5,,-0.0609577,-0.249659,0.256993,,-26.5555,9.82033,0.886947,0.0103342,fluid
791,1.0222,13.3808,,1001.62,-56.5064,25589.8,,-0.0638227,-0.216562,0.225771,,-24.4279,9.89359,0.565599,0.0835915,fluid
792,1.01224,13.6875,,1001.44,-58.6057,22763.5,,-0.0635587,-0.170645,0.182097,,-22.2627,9.90918,0.193004,0.0991787,fluid
793,1.00179,14.0094,,1001.26,-56.9805,19775.8,,-0.0591547,-0.110488,0.125327,,-19.8669,9.81975,-0.151188,0.00974953,fluid
794,0.992581,14.3463,,1001.05,-54.0907,16552.6,,-0.053735,-0.0396319,0.0667693,,-17.0284,9.71185,-0.369552,-0.0981545,fluid
795,0.986251,14.6941,,1000.83,-53.2884,13111.2,,-0.0512648,0.030793,0.059802,,-13.7094,9.56851,-0.426501,-0.24149,fluid
796,0.98398,15.0436,,1000.62,-50.3973,9753.93,,-0.0475553,0.0726679,0.0868455,,-10.2343,9.47419,-0.327757,-0.335813,fluid
797,0.992564,15.3639,,1000.43,-44.9387,6734.99,,-0.0425995,0.106537,0.114738,,-6.96709,9.50657,-0.18454,-0.303435,fluid
798,1.04024,15.6662,,1000.26,-24.1877,4102.06,,-0.0243795,0.0633362,0.0678663,,-3.96225,9.49039,-0.0198895,-0.319607,fluid
799,1.11705,15.9171,,1000.15,-5.53271,2353.97,,-0.00581004,0.0637102,0.0639745,,-2.04859,9.46003,0.0584034,-0.34997,fluid
800,1.46154,0.1116,,1009.62,14.6246,155485,,0.0203705,-0.00342272,0.020656,,-105.212,9.90916,0.158129,0.0991633,fluid
801,1.49926,0.329891,,1009.52,16.7145,153694,,0.0245662,-0.0111656,0.0269846,,-101.516,9.86197,0.0308902,0.0519706,fluid
802,1.5489,0.534445,,1009.39,21.9803,151673,,0.0342563,-0.0196156,0.0394749,,-97.0318,9.82023,-0.0200273,0.0102277,fluid
803,1.58216,0.731292,,1009.27,27.9208,149632,,0.0446708,-0.0282166,0.0528361,,-93.7287,9.79888,-0.023072,-0.0111203,fluid
804,1.61188,0.924561,,1009.13,37.0613,147311,,0.0600445,-0.0391151,0.0716613,,-90.5795,9.78647,-0.0160319,-0.0235309,fluid
805,1.62799,1.1138,,1009.02,41.4135,145442,,0.0673178,-0.0529909,0.0856721,,-88.554,9.78434,-0.0140413,-0.0256647,fluid
806,1.63744,1.30169,,1008.91,45.1174,143573,,0.0732859,-0.0691455,0.100757,,-86.9117,9.78509,-0.00429241,-0.0249122,fluid
807,1.63876,1.48828,,1008.8,46.3301,141884,,0.0748651,-0.0870466,0.114812,,-85.8156,9.78606,0.00918608,-0.0239397,fluid
808,1.63501,1.67424,,1008.7,47.3433,140179,,0.0759625,-0.106387,0.130723,,-84.9689,9.79287,0.0271285,-0.0171314,fluid
809,1.62723,1.86044,,1008.6,48.3185,138457,,0.0769119,-0.125889,0.147525,,-84.3176,9.80526,0.0450417,-0.0047445,fluid
810,1.61624,2.04774,,1008.49,49.6049,136707,,0.0783327,-0.144579,0.164436,,-83.8086,9.8239,0.0628988,0.0138989,fluid
811,1.60282,2.23682,,1008.38,51.2836,134928,,0.0803853,-0.161832,0.180697,,-83.4019,9.84326,0.0798847,0.0332614,fluid
812,1.58716,2.42835,,1008.27,52.9417,133142,,0.0823856,-0.177254,0.195464,,-83.1056,9.86003,0.0930199,0.0500288,fluid
813,1.56963,2.62291,,1008.17,54.1803,131348,,0.0836847,-0.190657,0.208215,,-82.9032,9.87019,0.100076,0.0601944,fluid
814,1.55077,2.82109,,1008.06,54.4438,129542,,0.0834184,-0.202277,0.218803,,-82.7665,9.86797,0.0998671,0.0579671,fluid
815,1.53165,3.02343,,1007.94,53.3441,127694,,0.0810521,-0.212479,0.227413,,-82.6216,9.8537,0.0913387,0.0436997,fluid
816,1.5137,3.23029,,1007.83,50.9707,125750,,0.0768025,-0.221844,0.234763,,-82.3542,9.82905,0.0751423,0.0190527,fluid
817,1.49806,3.44145,,1007.7,47.8405,123667,,0.0714622,-0.230756,0.241568,,-81.8627,9.8006,0.0576243,-0.00940474,fluid
818,1.48486,3.65608,,1007.56,44.6652,121439,,0.0660095,-0.23993,0.248845,,-81.1214,9.76635,0.0491895,-0.0436546,fluid
819,1.47324,3.87308,,1007.42,42.0872,119107,,0.0612805,-0.249704,0.257114,,-80.1884,9.73412,0.0627979,-0.0758795,fluid
820,1.46193,4.09166,,1007.28,40.5266,116725,,0.0578166,-0.261805,0.268113,,-79.1573,9.71393,0.108931,-0.0960671,fluid
821,1.44987,4.31159,,1007.13,40.2002,114330,,0.0559297,-0.27782,0.283393,,-78.112,9.71676,0.185087,-0.093236,fluid
822,1.43634,4.53317,,1006.98,40.9931,111950,,0.0555134,-0.298499,0.303617,,-77.1218,9.74503,0.279052,-0.0649659,fluid
823,1.42097,4.75697,,1006.84,42.162,109617,,0.0555739,-0.324388,0.329114,,-76.2406,9.7909,0.377888,-0.0190954,fluid
824,1.40379,4.98376,,1006.7,42.2403,107351,,0.0541465,-0.355751,0.359848,,-75.4836,9.84149,0.479305,0.031492,fluid
825,1.38544,5.21474,,1006.57,39.2216,105156,,0.0486031,-0.392602,0.395599,,-74.8183,9.88852,0.587172,0.0785228,fluid
826,1.36718,5.45149,,1006.44,31.9032,102985,,0.0375308,-0.431049,0.43268,,-74.1464,9.91528,0.698708,0.105276,fluid
827,1.3505,5.69527,,1006.3,21.2109,100757,,0.0224039,-0.464774,0.465313,,-73.3398,9.92617,0.799831,0.116168,fluid
828,1.33662,5.94664,,1006.15,10.165,98400.3,,0.0074046,-0.488926,0.488982,,-72.2938,9.92719,0.874776,0.11719,fluid
829,1.32605,6.20525,,1006,2.21432,95878.6,,-0.00281534,-0.501857,0.501865,,-70.9761,9.93196,0.896865,0.121958,fluid
830,1.31864,6.47031,,1005.83,-0.930507,93195,,-0.0059933,-0.505094,0.50513,,-69.4344,9.95279,0.830724,0.142786,fluid
831,1.31381,6.74121,,1005.66,-0.27865,90407.7,,-0.00354218,-0.501017,0.501029,,-67.7736,9.94303,0.652317,0.133029,fluid
832,1.31076,7.01684,,1005.49,1.95532,87587.4,,0.00140062,-0.490467,0.490469,,-66.0799,9.89101,0.377069,0.0810056,fluid
833,1.3088,7.29577,,1005.32,3.38786,84794.8,,0.00532608,-0.475304,0.475334,,-64.3824,9.79792,0.0633123,-0.01208,fluid
834,1.30744,7.57635,,1005.15,2.60254,82054.1,,0.00594769,-0.458179,0.458217,,-62.656,9.68606,-0.217901,-0.123938,fluid
835,1.30634,7.85701,,1004.98,-0.283891,79365.4,,0.00303277,-0.441047,0.441058,,-60.8425,9.56042,-0.389829,-0.249583,fluid
836,1.30526,8.13645,,1004.82,-4.47457,76701.5,,-0.0027327,-0.425924,0.425932,,-58.8794,9.47563,-0.397724,-0.334366,fluid
837,1.30407,8.41408,,1004.65,-9.09381,74014.1,,-0.0102179,-0.413389,0.413515,,-56.745,9.45297,-0.251605,-0.357025,fluid
838,1.30282,8.68994,,1004.48,-13.3886,71294.6,,-0.0179451,-0.402803,0.403203,,-54.4969,9.49399,-0.0177582,-0.31601,fluid
839,1.30169,8.96447,,1004.31,-16.9674,68547.4,,-0.0248232,-0.395464,0.396242,,-52.2028,9.57859,0.231384,-0.231405,fluid
840,1.30086,9.23847,,1004.14,-19.5586,65775.1,,-0.0299919,-0.390079,0.39123,,-49.9154,9.65861,0.438818,-0.151394,fluid
841,1.30035,9.51246,,1003.97,-21.0939,63012.5,,-0.0328884,-0.383988,0.385394,,-47.7125,9.7344,0.554228,-0.0755996,fluid
842,1.30002,9.78688,,1003.8,-21.7377,60288.7,,-0.0335195,-0.37716,0.378646,,-45.6441,9.79512,0.555534,-0.0148785,fluid
843,1.29968,10.0622,,1003.63,-21.6294,57598.1,,-0.032404,-0.369021,0.370441,,-43.686,9.82004,0.470851,0.0100393,fluid
844,1.29909,10.3386,,1003.46,-21.1294,54935.5,,-0.0305363,-0.359018,0.360314,,-41.8083,9.82338,0.333358,0.0133752,fluid
845,1.29812,10.6162,,1003.3,-20.9699,52280.1,,-0.0290435,-0.347255,0.348468,,-40.0008,9.81718,0.140546,0.00718477,fluid
846,1.29673,10.8949,,1003.13,-21.4573,49607.1,,-0.0283838,-0.333614,0.33482,,-38.188,9.74374,-0.0517871,-0.0662614,fluid
847,1.29491,11.1741,,1002.96,-22.3322,46918.9,,-0.0287553,-0.318287,0.319583,,-36.2297,9.61828,-0.103533,-0.191718,fluid
848,1.29265,11.4537,,1002.79,-23.4534,44215.2,,-0.0305445,-0.303008,0.304544,,-34.0706,9.55228,0.0391862,-0.257722,fluid
849,1.28994,11.7339,,1002.62,-25.1682,41478.6,,-0.0339416,-0.288617,0.290606,,-31.8123,9.58174,0.259024,-0.228263,fluid
850,1.28679,12.0148,,1002.45,-28.1455,38707.6,,-0.0388755,-0.273668,0.276416,,-29.5923,9.65731,0.415016,-0.152693,fluid
851,1.28311,12.2966,,1002.27,-32.8759,35919.4,,-0.0452767,-0.258561,0.262495,,-27.4722,9.71317,0.458351,-0.0968298,fluid
852,1.27863,12.5798,,1002.1,-39.0057,33134.6,,-0.0526181,-0.242873,0.248508,,-25.4453,9.73161,0.414599,-0.0783853,fluid
853,1.27288,12.8643,,1001.92,-45.3976,30368.2,,-0.0597184,-0.226416,0.23416,,-23.4896,9.72404,0.322419,-0.0859609,fluid
854,1.26536,13.15,,1001.75,-50.8775,27632.3,,-0.0653248,-0.210513,0.220416,,-21.595,9.70605,0.204443,-0.103952,fluid
855,1.25544,13.437,,1001.58,-55.1075,24922,,-0.0691247,-0.194852,0.20675,,-19.7451,9.686,0.0748734,-0.123996,fluid
856,1.24304,13.7259,,1001.41,-58.255,22205.4,,-0.0714324,-0.178659,0.19241,,-17.8896,9.6578,-0.0508811,-0.1522,fluid
857,1.22889,14.0188,,1001.23,-58.8991,19414.9,,-0.0706684,-0.161401,0.176194,,-15.9364,9.59651,-0.157104,-0.213494,fluid
858,1.21496,14.3192,,1001.05,-59.2233,16543.9,,-0.0698498,-0.140161,0.156602,,-13.8324,9.53191,-0.229981,-0.278088,fluid
859,1.20354,14.633,,1000.86,-60.1313,13578.2,,-0.07028,-0.105395,0.126678,,-11.52,9.49468,-0.247854,-0.315325,fluid
860,1.20055,14.9583,,1000.67,-56.913,10543.3,,-0.0665855,-0.0610159,0.0903137,,-8.95601,9.54192,-0.17982,-0.268076,fluid
861,1.21502,15.2974,,1000.46,-40.4346,7299.59,,-0.0479983,-0.0016661,0.0480272,,-6.0709,9.53161,-0.0659105,-0.278388,fluid
862,1.28917,15.619,,1000.29,-15.4025,4579.84,,-0.0193806,0.0148452,0.0244129,,-3.51617,9.57458,0.0353354,-0.235415,fluid
863,1.35524,15.9204,,1000.15,-16.2817,2412.45,,-0.0218601,0.0617064,0.0654641,,-1.67863,9.49037,0.10118,-0.319628,fluid
864,1.72236,0.11293,,1009.62,13.8284,155414,,0.024366,-0.00303889,0.0245548,,-89.3515,9.83878,0.0219657,0.028775,fluid
865,1.7676,0.334998,,1009.51,17.4112,153586,,0.031522,-0.0109521,0.0333704,,-86.0914,9.81765,-0.0204098,0.00764589,fluid
866,1.82573,0.542471,,1009.4,22.271,151723,,0.0414355,-0.0228313,0.0473093,,-82.3578,9.80874,-0.0288865,-0.00125512,fluid
867,1.85997,0.741567,,1009.28,27.5919,149821,,0.0519564,-0.0352685,0.0627959,,-79.8299,9.81551,-0.0208789,0.00551018,fluid
868,1.88891,0.938948,,1009.15,35.8455,147619,,0.0681049,-0.0483995,0.0835511,,-77.4529,9.81824,-0.0109226,0.00824262,fluid
869,1.90379,1.13436,,1009.04,40.3939,145730,,0.0770656,-0.0633437,0.0997574,,-75.8731,9.82779,-0.0112013,0.0177903,fluid
870,1.91257,1.32982,,1008.92,44.5549,143771,,0.0851584,-0.0798534,0.116741,,-74.5153,9.832,-0.00809697,0.0219951,fluid
871,1.91379,1.52483,,1008.8,46.5494,141904,,0.0888536,-0.0972742,0.131747,,-73.5057,9.83219,-0.00457153,0.0221884,fluid
872,1.90948,1.71978,,1008.69,47.6047,140037,,0.0905461,-0.11534,0.146635,,-72.7071,9.82927,-0.00103078,0.0192681,fluid
873,1.90094,1.91511,,1008.58,48.1822,138151,,0.0911712,-0.133397,0.161576,,-72.0542,9.82675,0.00254933,0.0167451,fluid
874,1.8888,2.11117,,1008.46,48.2992,136273,,0.0907872,-0.150618,0.175864,,-71.5352,9.8246,0.00733648,0.0146045,fluid
875,1.87398,2.30831,,1008.35,48.2737,134388,,0.090053,-0.166657,0.189431,,-71.103,9.82593,0.0160411,0.0159289,fluid
876,1.85676,2.50688,,1008.24,47.9172,132508,,0.0886284,-0.181225,0.201736,,-70.7547,9.82961,0.0273784,0.0196068,fluid
877,1.83763,2.70723,,1008.12,47.1346,130622,,0.0863643,-0.193851,0.212219,,-70.4694,9.83722,0.0400943,0.0272229,fluid
878,1.81717,2.90978,,1008.01,45.7469,128722,,0.0829728,-0.204675,0.220853,,-70.2229,9.84479,0.0510311,0.0347895,fluid
879,1.79647,3.11516,,1007.89,43.6425,126785,,0.0783347,-0.213805,0.227704,,-69.9661,9.8494,0.0562595,0.0394029,fluid
880,1.77704,3.32405,,1007.77,40.9252,124785,,0.0727334,-0.221383,0.233024,,-69.6269,9.85002,0.0526049,0.040016,fluid
881,1.7603,3.53688,,1007.64,38.1304,122684,,0.0671643,-0.227863,0.237555,,-69.1278,9.84734,0.038842,0.0373404,fluid
882,1.74648,3.75326,,1007.5,36.0079,120465,,0.0629049,-0.234001,0.242308,,-68.4458,9.84318,0.015981,0.0331837,fluid
883,1.73447,3.97238,,1007.36,35.3713,118137,,0.0612654,-0.241439,0.249091,,-67.6259,9.84484,-0.0125867,0.0348351,fluid
884,1.72253,4.19372,,1007.22,36.7347,115732,,0.063005,-0.252265,0.260014,,-66.7494,9.85308,-0.0434109,0.0430766,fluid
885,1.70907,4.41754,,1007.07,40.0835,113283,,0.0679845,-0.26861,0.27708,,-65.8888,9.86933,-0.0705599,0.0593277,fluid
886,1.69314,4.6447,,1006.91,44.7084,110812,,0.0749198,-0.292025,0.301482,,-65.0789,9.89364,-0.0811493,0.0836386,fluid
887,1.67444,4.87631,,1006.76,48.7571,108347,,0.0806534,-0.323227,0.333138,,-64.3343,9.91578,-0.0626706,0.105781,fluid
888,1.65347,5.11323,,1006.62,49.4333,105941,,0.0806175,-0.359373,0.368304,,-63.6654,9.91244,-0.0146091,0.102439,fluid
889,1.63162,5.35559,,1006.47,44.5136,103626,,0.0714427,-0.395725,0.402123,,-63.0566,9.881,0.0461103,0.0709973,fluid
890,1.61076,5.6029,,1006.34,34.1519,101364,,0.0538002,-0.428805,0.432167,,-62.4389,9.83649,0.0942911,0.0264887,fluid
891,1.59252,5.85458,,1006.2,21.1823,99070.8,,0.032611,-0.456673,0.457835,,-61.7098,9.79304,0.11711,-0.0169558,fluid
892,1.57772,6.11022,,1006.05,9.2169,96695.2,,0.0137455,-0.478265,0.478462,,-60.8054,9.76414,0.113744,-0.0458622,fluid
893,1.56632,6.36961,,1005.9,0.531324,94244,,0.00068935,-0.492454,0.492454,,-59.7277,9.74954,0.0885984,-0.0604616,fluid
894,1.55775,6.63264,,1005.75,-4.71806,91756.5,,-0.00654677,-0.498196,0.498239,,-58.5206,9.7383,0.0461208,-0.0717032,fluid
895,1.55146,6.89924,,1005.59,-7.49074,89232.4,,-0.00975223,-0.495277,0.495373,,-57.2006,9.72496,-0.00516557,-0.0850433,fluid
896,1.54704,7.16932,,1005.43,-8.96415,86649.3,,-0.0111239,-0.483886,0.484013,,-55.7653,9.68745,-0.0581318,-0.12255,fluid
897,1.54422,7.44223,,1005.27,-9.85414,83978.8,,-0.0121054,-0.464811,0.464968,,-54.1962,9.63636,-0.0985107,-0.173643,fluid
898,1.54269,7.71699,,1005.1,-10.4459,81215.6,,-0.0133213,-0.441085,0.441286,,-52.4923,9.58404,-0.11396,-0.225959,fluid
899,1.54202,7.99252,,1004.92,-10.7443,78370,,-0.0147162,-0.416639,0.416899,,-50.6743,9.55073,-0.100258,-0.259273,fluid
900,1.54174,8.26793,,1004.74,-11.1208,75497.3,,-0.0166297,-0.395195,0.395545,,-48.7958,9.55074,-0.0578439,-0.259258,fluid
901,1.54149,8.54274,,1004.56,-11.8415,72636.7,,-0.0191211,-0.380083,0.380563,,-46.9114,9.56675,-0.00452897,-0.243247,fluid
902,1.54115,8.81668,,1004.39,-13.019,69824.4,,-0.0220258,-0.370759,0.371413,,-45.0632,9.58961,0.045524,-0.220388,fluid
903,1.54068,9.08977,,1004.22,-14.7551,67099,,-0.0253845,-0.365944,0.366823,,-43.2822,9.62522,0.0862698,-0.184776,fluid
904,1.54015,9.36245,,1004.06,-16.7295,64443,,-0.0287082,-0.365032,0.366159,,-41.5638,9.65792,0.109257,-0.152083,fluid
905,1.53956,9.63523,,1003.89,-18.525,61821.6,,-0.0313373,-0.365388,0.366729,,-39.8895,9.67967,0.11014,-0.130332,fluid
906,1.53885,9.90844,,1003.73,-20.0625,59221.5,,-0.0331891,-0.363963,0.365473,,-38.247,9.69273,0.0942285,-0.117268,fluid
907,1.53793,10.1823,,1003.57,-21.481,56626.8,,-0.0346368,-0.359061,0.360728,,-36.6188,9.69037,0.0703109,-0.119633,fluid
908,1.53677,10.4568,,1003.41,-22.8572,54011.8,,-0.0360115,-0.349057,0.35091,,-34.9861,9.68496,0.040944,-0.125044,fluid
909,1.53533,10.7318,,1003.24,-24.1554,51368.7,,-0.0374461,-0.333999,0.336091,,-33.3397,9.6759,0.00985991,-0.134098,fluid
910,1.53361,11.0072,,1003.07,-25.2326,48691.8,,-0.0388636,-0.315455,0.31784,,-31.6558,9.65963,-0.0032252,-0.150369,fluid
911,1.53152,11.2832,,1002.9,-26.1443,45985.2,,-0.040414,-0.294786,0.297543,,-29.9184,9.64946,0.0205359,-0.160539,fluid
912,1.529,11.5596,,1002.73,-27.3389,43268,,-0.0426221,-0.272669,0.27598,,-28.1543,9.65765,0.0668373,-0.152347,fluid
913,1.52606,11.8364,,1002.56,-29.32,40548.9,,-0.045892,-0.250912,0.255075,,-26.4051,9.67982,0.097917,-0.130184,fluid
914,1.52275,12.1136,,1002.39,-32.2519,37832,,-0.0501861,-0.230121,0.235529,,-24.688,9.69254,0.097209,-0.117463,fluid
915,1.51908,12.3911,,1002.22,-35.7839,35114.9,,-0.0549714,-0.21108,0.21812,,-22.9944,9.68804,0.0701199,-0.121959,fluid
916,1.51493,12.6685,,1002.05,-39.46,32398.9,,-0.0597498,-0.195351,0.204285,,-21.3103,9.67559,0.0323426,-0.134409,fluid
917,1.50984,12.9454,,1001.88,-42.8746,29681.1,,-0.0640866,-0.182212,0.193154,,-19.6228,9.66014,-0.00118562,-0.149858,fluid
918,1.50308,13.222,,1001.71,-45.8199,26947.8,,-0.0677263,-0.170522,0.183479,,-17.9236,9.63874,-0.0257572,-0.171262,fluid
919,1.49337,13.4992,,1001.54,-48.9686,24212.2,,-0.0716295,-0.158404,0.173847,,-16.2312,9.6193,-0.0429047,-0.190697,fluid
920,1.47974,13.7801,,1001.36,-52.8738,21503.8,,-0.0765435,-0.140623,0.160105,,-14.5646,9.62382,-0.0522908,-0.186183,fluid
921,1.46243,14.0684,,1001.19,-56.132,18767.8,,-0.0803364,-0.111446,0.137383,,-12.8745,9.63634,-0.0565258,-0.173664,fluid
922,1.44418,14.3672,,1001.01,-58.6711,15933.9,,-0.0830973,-0.0769381,0.113246,,-11.0901,9.65113,-0.0680751,-0.158871,fluid
923,1.4286,14.6748,,1000.83,-60.0078,13001.4,,-0.0843875,-0.0385258,0.0927657,,-9.1629,9.67055,-0.0696603,-0.139454,fluid
924,1.42294,14.9932,,1000.64,-56.8384,10076.2,,-0.0799401,-0.00067221,0.0799429,,-7.09787,9.68555,-0.0211603,-0.124454,fluid
925,1.43682,15.3073,,1000.46,-40.0365,7176.96,,-0.0569628,0.0175799,0.0596139,,-4.94703,9.61272,0.0457262,-0.197277,fluid
926,1.5173,15.6297,,1000.28,-20.7833,4449.22,,-0.0312959,0.0217164,0.0380924,,-2.85658,9.60416,0.0749064,-0.205841,fluid
927,1.59058,15.9242,,1000.15,-22.0785,2419.66,,-0.0350113,0.0541101,0.0644492,,-1.38459,9.49807,0.136418,-0.311926,fluid
928,1.98003,0.114296,,1009.62,13.3154,155506,,0.0273232,-0.0027379,0.0274601,,-77.7936,9.81456,-0.00481664,0.00455514,fluid
929,2.03319,0.339016,,1009.5,19.2924,153474,,0.0401149,-0.0105536,0.04148,,-74.7937,9.80834,-0.020075,-0.00166252,fluid
930,2.09944,0.548556,,1009.39,25.16,151537,,0.0534966,-0.0236785,0.0585027,,-71.5359,9.80596,-0.0273902,-0.00403541,fluid
931,2.13361,0.751379,,1009.28,29.5798,149704,,0.0636138,-0.0382697,0.0742381,,-69.5424,9.80988,-0.0225204,-0.000117965,fluid
932,2.16053,0.953823,,1009.15,36.0522,147625,,0.078244,-0.0517469,0.0938076,,-67.7217,9.80653,-0.0130537,-0.00346536,fluid
933,2.17346,1.15494,,1009.04,39.9347,145737,,0.0870511,-0.0655277,0.108958,,-66.4618,9.80727,-0.00945832,-0.00273425,fluid
934,2.18061,1.35678,,1008.92,43.17,143793,,0.0942929,-0.0789033,0.122951,,-65.3641,9.80149,-0.00527934,-0.0085108,fluid
935,2.18106,1.5587,,1008.8,44.7951,141873,,0.0977957,-0.0919139,0.134209,,-64.4802,9.79181,4.57771e-05,-0.0181944,fluid
936,2.17593,1.76072,,1008.69,45.1587,139966,,0.0983282,-0.105133,0.143949,,-63.7679,9.78257,0.0026628,-0.0274318,fluid
937,2.16682,1.96326,,1008.57,45.1108,138009,,0.0978052,-0.118066,0.153315,,-63.1453,9.77613,0.00530326,-0.0338658,fluid
938,2.15406,2.16642,,1008.45,44.3917,136054,,0.0956768,-0.130781,0.162042,,-62.6244,9.77081,0.00820596,-0.0391876,fluid
939,2.13857,2.37055,,1008.33,43.3716,134077,,0.092814,-0.142925,0.170417,,-62.1619,9.76847,0.0148137,-0.0415251,fluid
940,2.12066,2.57588,,1008.21,41.8707,132097,,0.0888632,-0.15416,0.177938,,-61.7591,9.76994,0.0240735,-0.0400551,fluid
941,2.10082,2.78269,,1008.09,39.8432,130118,,0.0837849,-0.164142,0.184289,,-61.4046,9.77349,0.0352301,-0.0365107,fluid
942,2.07972,2.99121,,1007.97,37.1859,128148,,0.0774295,-0.172638,0.189207,,-61.0865,9.78078,0.0444735,-0.0292166,fluid
943,2.05848,3.20175,,1007.85,34.2007,126163,,0.0704928,-0.179348,0.192705,,-60.7658,9.78944,0.0459149,-0.0205584,fluid
944,2.03856,3.41459,,1007.73,31.6647,124106,,0.0646165,-0.184701,0.195678,,-60.3759,9.80627,0.0364511,-0.00373425,fluid
945,2.0212,3.63017,,1007.59,30.3851,121936,,0.0614316,-0.191041,0.200676,,-59.8572,9.83265,0.0166818,0.0226474,fluid
946,2.00654,3.84888,,1007.45,31.2172,119628,,0.0625552,-0.201267,0.210764,,-59.1941,9.86628,-0.0161674,0.0562828,fluid
947,1.99299,4.0709,,1007.3,34.7598,117184,,0.0690501,-0.217793,0.228477,,-58.4259,9.90586,-0.0538147,0.0958566,fluid
948,1.97821,4.29658,,1007.15,40.4785,114669,,0.0797102,-0.242009,0.254798,,-57.6362,9.94229,-0.0817872,0.132287,fluid
949,1.96053,4.5268,,1007,46.7368,112156,,0.091193,-0.27243,0.287288,,-56.8948,9.95832,-0.0852135,0.148317,fluid
950,1.93964,4.76232,,1006.85,51.1268,109718,,0.098772,-0.30404,0.319682,,-56.2396,9.93879,-0.0579839,0.128789,fluid
951,1.91649,5.00315,,1006.71,51.4045,107390,,0.098246,-0.331485,0.345737,,-55.6736,9.89381,-0.0124395,0.0838081,fluid
952,1.89277,5.24858,,1006.57,46.6658,105120,,0.0881853,-0.352813,0.363667,,-55.1481,9.8535,0.027305,0.0434955,fluid
953,1.87024,5.49774,,1006.42,37.7339,102809,,0.0705491,-0.369798,0.376467,,-54.5716,9.82389,0.0482941,0.0138916,fluid
954,1.85028,5.74996,,1006.28,26.5316,100401,,0.049203,-0.383944,0.387084,,-53.879,9.80438,0.0449019,-0.0056248,fluid
955,1.83362,6.00475,,1006.12,15.4786,97903.6,,0.0286801,-0.395916,0.396953,,-53.0452,9.78907,0.0234553,-0.0209325,fluid
956,1.82029,6.26175,,1005.97,6.1833,95369.2,,0.0118125,-0.405259,0.405431,,-52.0848,9.77029,-0.00324207,-0.039708,fluid
957,1.80985,6.52063,,1005.81,-0.931468,92842.6,,-0.000802504,-0.410782,0.410782,,-51.0252,9.74619,-0.0232925,-0.0638058,fluid
958,1.80172,6.78109,,1005.66,-6.41653,90343.1,,-0.010341,-0.411692,0.411822,,-49.8914,9.72195,-0.0308048,-0.0880462,fluid
959,1.79547,7.04294,,1005.51,-10.8483,87847.9,,-0.0180212,-0.406762,0.407161,,-48.6884,9.70248,-0.0287157,-0.10752,fluid
960,1.79089,7.30605,,1005.35,-14.228,85316.2,,-0.023993,-0.396254,0.39698,,-47.4081,9.69821,-0.0226764,-0.111787,fluid
961,1.78777,7.57049,,1005.19,-16.2776,82723.6,,-0.0278441,-0.381946,0.382959,,-46.0467,9.7095,-0.0134601,-0.100504,fluid
962,1.78578,7.83643,,1005.02,-16.7837,80053.3,,-0.0291787,-0.366551,0.367711,,-44.6079,9.72816,-0.0038157,-0.0818433,fluid
963,1.78455,8.10404,,1004.85,-16.0298,77317,,-0.0283828,-0.352075,0.353217,,-43.1121,9.74102,0.00441151,-0.0689784,fluid
964,1.7837,8.37332,,1004.68,-14.7459,74557,,-0.0265955,-0.339954,0.340992,,-41.5934,9.74377,0.0107006,-0.0662261,fluid
965,1.78304,8.64414,,1004.51,-13.6188,71790.9,,-0.0249351,-0.331245,0.332182,,-40.0732,9.73671,0.00912899,-0.0732888,fluid
966,1.78244,8.91626,,1004.34,-13.0969,69031,,-0.0241598,-0.325296,0.326192,,-38.5604,9.7133,0.000485873,-0.0966992,fluid
967,1.78186,9.18925,,1004.17,-13.4167,66304.5,,-0.0247079,-0.320845,0.321795,,-37.0649,9.68039,-0.00865035,-0.129612,fluid
968,1.78128,9.46257,,1004,-14.5415,63615.9,,-0.0265799,-0.317055,0.318167,,-35.5879,9.65298,-0.0167632,-0.157021,fluid
969,1.7807,9.73584,,1003.84,-16.2664,60959.4,,-0.0294607,-0.31288,0.314264,,-34.1252,9.63107,-0.0227633,-0.178931,fluid
970,1.78007,10.0088,,1003.68,-18.4273,58333.6,,-0.0330723,-0.307743,0.309515,,-32.6742,9.6183,-0.0237545,-0.191701,fluid
971,1.77935,10.2812,,1003.51,-20.7995,55715.4,,-0.0370572,-0.301372,0.303642,,-31.2251,9.61695,-0.0224328,-0.193054,fluid
972,1.77846,10.553,,1003.35,-23.1108,53094.1,,-0.0409916,-0.293203,0.296054,,-29.7727,9.62449,-0.0184257,-0.185507,fluid
973,1.77731,10.8241,,1003.18,-25.114,50471.8,,-0.0444952,-0.283663,0.287131,,-28.3168,9.64179,-0.00900819,-0.168212,fluid
974,1.77577,11.0948,,1003.02,-26.7586,47841.8,,-0.0474981,-0.272573,0.276681,,-26.8561,9.66416,0.00417087,-0.14584,fluid
975,1.77378,11.3653,,1002.86,-28.2301,45203.7,,-0.0502514,-0.259793,0.264609,,-25.3939,9.69074,0.0178195,-0.119262,fluid
976,1.77133,11.6359,,1002.69,-29.7462,42556.7,,-0.0529865,-0.245245,0.250904,,-23.9353,9.70799,0.0255883,-0.102007,fluid
977,1.76848,11.9067,,1002.52,-31.5152,39899.4,,-0.0559617,-0.229212,0.235944,,-22.4827,9.71663,0.0219059,-0.0933718,fluid
978,1.76532,12.1778,,1002.36,-33.4472,37233.2,,-0.0590289,-0.212607,0.220649,,-21.0325,9.71724,0.00949104,-0.0927604,fluid
979,1.76186,12.4493,,1002.19,-35.2111,34552.6,,-0.0616948,-0.195947,0.20543,,-19.5752,9.70346,-0.00652712,-0.106542,fluid
980,1.75794,12.7214,,1002.02,-36.6996,31855.9,,-0.0638674,-0.180203,0.191186,,-18.106,9.68041,-0.0213556,-0.129591,fluid
981,1.75299,12.9944,,1001.85,-38.3443,29158.5,,-0.0663529,-0.166239,0.178992,,-16.6321,9.65979,-0.0291568,-0.150212,fluid
982,1.74594,13.2686,,1001.68,-40.7129,26471.4,,-0.0701023,-0.151881,0.167279,,-15.166,9.64607,-0.0297165,-0.163931,fluid
983,1.73526,13.5445,,1001.51,-44.2718,23796.4,,-0.0758076,-0.136191,0.155868,,-13.7187,9.63233,-0.0259558,-0.177665,fluid
984,1.72004,13.8224,,1001.34,-48.6001,21136.5,,-0.0826111,-0.120566,0.146154,,-12.2869,9.62647,-0.0150142,-0.183526,fluid
985,1.70031,14.1035,,1001.17,-52.1058,18462.6,,-0.0876815,-0.103403,0.135573,,-10.8444,9.62094,0.00128639,-0.18906,fluid
986,1.67913,14.3911,,1001,-54.4416,15712.7,,-0.090623,-0.0853351,0.124477,,-9.34247,9.61424,0.00587372,-0.195763,fluid
987,1.65983,14.6872,,1000.82,-55.9343,12872.1,,-0.0922352,-0.0632057,0.111814,,-7.74286,9.60296,0.00585244,-0.207044,fluid
988,1.6512,14.9941,,1000.64,-52.8954,10011.6,,-0.0869591,-0.040061,0.0957433,,-6.02037,9.60877,0.0389949,-0.201234,fluid
989,1.66241,15.3093,,1000.46,-38.4209,7154.47,,-0.0636253,-0.0012495,0.0636375,,-4.21412,9.58922,0.0875828,-0.220784,fluid
990,1.75004,15.6304,,1000.28,-20.7948,4472.86,,-0.036278,0.00647519,0.0368514,,-2.46013,9.59508,0.0949961,-0.214924,fluid
991,1.83401,15.9228,,1000.15,-23.3026,2427.15,,-0.0426866,0.0409324,0.0591405,,-1.1623,9.5049,0.160912,-0.3051,fluid
992,2.23557,0.115659,,1009.64,12.6513,155728,,0.0292806,-0.00221061,0.0293639,,-68.9961,9.80912,-0.00180176,-0.000875206,fluid
993,2.29703,0.34342,,1009.5,20.7756,153472,,0.0485356,-0.00932008,0.0494224,,-66.194,9.80678,-0.00974578,-0.00321616,fluid
994,2.3691,0.557769,,1009.38,27.3364,151431,,0.0653231,-0.0213023,0.0687088,,-63.3405,9.80225,-0.0150882,-0.00774877,fluid
995,2.40249,0.766197,,1009.27,31.1188,149585,,0.0751952,-0.0353816,0.0831034,,-61.699,9.79281,-0.00832531,-0.0171905,fluid
996,2.42735,0.973918,,1009.15,35.4948,147611,,0.086485,-0.0473288,0.0985884,,-60.264,9.78287,-0.00390151,-0.0271262,fluid
997,2.43821,1.1808,,1009.04,38.1236,145727,,0.0932377,-0.0584487,0.110043,,-59.2309,9.78081,0.0017274,-0.0291881,fluid
998,2.44341,1.38852,,1008.92,39.9934,143801,,0.0979318,-0.0685984,0.119567,,-58.3272,9.77612,0.00531813,-0.0338815,fluid
999,2.44304,1.59637,,1008.8,41.1374,141818,,0.100667,-0.0783682,0.127575,,-57.532,9.7708,0.0113566,-0.0391969,fluid
1000,2.43699,1.80437,,1008.68,40.9383,139859,,0.0999013,-0.0883966,0.133395,,-56.8844,9.76674,0.0120439,-0.0432632,fluid
1001,2.42718,2.01301,,1008.56,40.5729,137828,,0.0985966,-0.0980817,0.139073,,-56.288,9.76112,0.0153781,-0.0488844,fluid
1002,2.41373,2.22234,,1008.44,39.4559,135799,,0.0953481,-0.107716,0.143854,,-55.771,9.753,0.0194934,-0.0570023,fluid
1003,2.39764,2.43264,,1008.31,37.9031,133748,,0.0909967,-0.11679,0.148055,,-55.2977,9.74523,0.0254669,-0.0647711,fluid
1004,2.37932,2.64391,,1008.19,35.8156,131694,,0.0853439,-0.125149,0.151479,,-54.8689,9.73942,0.0310032,-0.0705774,fluid
1005,2.3593,2.8562,,1008.06,33.4174,129637,,0.0789703,-0.13299,0.15467,,-54.4747,9.73986,0.0332889,-0.0701389,fluid
1006,2.33828,3.06963,,1007.94,30.9931,127579,,0.0725861,-0.141457,0.158993,,-54.1024,9.75249,0.0290109,-0.0575066,fluid
1007,2.31733,3.2846,,1007.81,29.0348,125497,,0.067344,-0.151806,0.166073,,-53.7208,9.77933,0.0153334,-0.0306716,fluid
1008,2.29766,3.50169,,1007.68,28.6155,123309,,0.0656798,-0.165198,0.177776,,-53.2696,9.81281,-0.0111008,0.00281156,fluid
1009,2.27984,3.72142,,1007.53,30.9975,120940,,0.070413,-0.181837,0.194994,,-52.6964,9.85476,-0.0453856,0.0447603,fluid
1010,2.26309,3.94461,,1007.38,36.4457,118404,,0.0820186,-0.204011,0.219881,,-52.0105,9.90048,-0.0741191,0.0904842,fluid
1011,2.24545,4.17246,,1007.22,43.5163,115804,,0.097102,-0.23242,0.251889,,-51.281,9.93119,-0.0777962,0.12119,fluid
1012,2.22508,4.40585,,1007.07,49.196,113324,,0.10883,-0.262948,0.28458,,-50.62,9.92482,-0.0471314,0.114816,fluid
1013,2.20185,4.64485,,1006.93,51.3309,111035,,0.112406,-0.289896,0.310926,,-50.0851,9.88993,-0.00403897,0.0799274,fluid
1014,2.17697,4.88869,,1006.79,49.3917,108851,,0.106931,-0.309673,0.327615,,-49.6262,9.84999,0.037489,0.039989,fluid
1015,2.15209,5.13623,,1006.66,43.9441,106631,,0.0940293,-0.32277,0.336188,,-49.1523,9.8174,0.0675428,0.0073972,fluid
1016,2.12868,5.3864,,1006.52,35.8294,104305,,0.0758446,-0.330516,0.339107,,-48.601,9.79513,0.0817003,-0.0148734,fluid
1017,2.10787,5.63841,,1006.37,26.351,101863,,0.0552993,-0.335106,0.339638,,-47.9425,9.78428,0.07703,-0.0257216,fluid
1018,2.09025,5.89178,,1006.21,16.9872,99333.4,,0.0354803,-0.338107,0.339963,,-47.1702,9.77803,0.0586209,-0.0319659,fluid
1019,2.07592,6.14625,,1006.05,8.76282,96766,,0.0183774,-0.340896,0.341391,,-46.2963,9.77287,0.0367873,-0.0371329,fluid
1020,2.06454,6.40174,,1005.9,2.02797,94190.2,,0.00453814,-0.343644,0.343674,,-45.336,9.76098,0.019393,-0.0490242,fluid
1021,2.05561,6.6582,,1005.74,-3.44205,91617.7,,-0.00662936,-0.345579,0.345642,,-44.3048,9.74459,0.0105759,-0.0654079,fluid
1022,2.0486,6.91554,,1005.58,-8.04259,89048.4,,-0.0160359,-0.346185,0.346557,,-43.2199,9.72939,0.00683208,-0.080605,fluid
1023,2.04311,7.17374,,1005.42,-11.8047,86470.1,,-0.0237747,-0.345285,0.346102,,-42.0894,9.72017,0.00520032,-0.0898328,fluid
1024,2.03878,7.43287,,1005.26,-14.5447,83881.1,,-0.0294644,-0.342829,0.344092,,-40.9226,9.71921,0.00498135,-0.0907865,fluid
1025,2.03526,7.69318,,1005.1,-16.1113,81290.2,,-0.0327691,-0.338389,0.339972,,-39.7301,9.72541,0.00815561,-0.0845916,fluid
1026,2.03228,7.955,,1004.94,-16.5959,78701.5,,-0.033853,-0.33193,0.333652,,-38.5228,9.73471,0.0126229,-0.0752881,fluid
1027,2.02965,8.21866,,1004.78,-16.2673,76106.6,,-0.0332266,-0.323201,0.324905,,-37.3027,9.73697,0.016254,-0.07303,fluid
1028,2.02734,8.48428,,1004.62,-15.5508,73499.8,,-0.0317261,-0.312268,0.313875,,-36.0706,9.73101,0.0171339,-0.0789855,fluid
1029,2.02541,8.75171,,1004.46,-14.9268,70879.3,,-0.0303504,-0.300033,0.301564,,-34.8273,9.71921,0.0125809,-0.0907864,fluid
1030,2.02394,9.02064,,1004.29,-14.6744,68240,,-0.0296963,-0.287808,0.289336,,-33.5685,9.69821,0.00391307,-0.111794,fluid
1031,2.02295,9.29061,,1004.13,-14.8896,65578.8,,-0.0299876,-0.276406,0.278028,,-32.2902,9.67262,-0.00593903,-0.137379,fluid
1032,2.02237,9.56112,,1003.96,-15.6082,62902.6,,-0.0313366,-0.26599,0.267829,,-30.9959,9.64714,-0.0151977,-0.162865,fluid
1033,2.02209,9.83173,,1003.79,-16.7419,60220.1,,-0.0335686,-0.256727,0.258912,,-29.6902,9.62352,-0.0217025,-0.186481,fluid
1034,2.02197,10.102,,1003.63,-18.148,57536.6,,-0.036382,-0.248391,0.251041,,-28.3772,9.60784,-0.0242821,-0.202158,fluid
1035,2.02186,10.3718,,1003.46,-19.7141,54860.1,,-0.0395524,-0.241223,0.244445,,-27.064,9.60213,-0.0240835,-0.207865,fluid
1036,2.0216,10.6409,,1003.29,-21.3013,52196.5,,-0.0427942,-0.235115,0.238977,,-25.7554,9.60144,-0.0207226,-0.208557,fluid
1037,2.02103,10.9093,,1003.13,-22.8986,49553.2,,-0.0460812,-0.229475,0.234056,,-24.4573,9.60957,-0.014947,-0.200431,fluid
1038,2.02003,11.1771,,1002.96,-24.6151,46932.9,,-0.0496142,-0.223839,0.229272,,-23.174,9.62329,-0.00884018,-0.186712,fluid
1039,2.01852,11.4442,,1002.8,-26.5534,44337.3,,-0.0535445,-0.217276,0.223777,,-21.9072,9.6406,-0.00330328,-0.1694,fluid
1040,2.01653,11.7106,,1002.64,-28.6416,41752.3,,-0.0576794,-0.209649,0.217439,,-20.6514,9.6626,-0.000878295,-0.147397,fluid
1041,2.01407,11.9765,,1002.48,-30.736,39162.9,,-0.0617295,-0.200126,0.20943,,-19.3986,9.68161,-0.00196699,-0.128389,fluid
1042,2.01111,12.2423,,1002.31,-32.6366,36570.7,,-0.0653257,-0.188679,0.199667,,-18.146,9.69762,-0.00362743,-0.112375,fluid
1043,2.00754,12.5084,,1002.15,-34.1032,33969.3,,-0.0680245,-0.175706,0.188414,,-16.8892,9.70575,-0.00457422,-0.104252,fluid
1044,2.00315,12.7753,,1001.99,-35.1077,31351.7,,-0.0697965,-0.161162,0.175627,,-15.625,9.7029,-0.0047916,-0.107104,fluid
1045,1.99758,13.0434,,1001.82,-35.9875,28720.1,,-0.0713192,-0.14663,0.163054,,-14.3552,9.68759,-0.00385221,-0.122407,fluid
1046,1.99004,13.3124,,1001.65,-37.4164,26079,,-0.0739013,-0.134335,0.153321,,-13.0867,9.67053,-0.00361587,-0.139466,fluid
1047,1.97896,13.5823,,1001.49,-40.0767,23433.4,,-0.0787901,-0.123156,0.146203,,-11.8249,9.6583,-0.00119659,-0.151701,fluid
1048,1.96295,13.8544,,1001.32,-43.6375,20794.8,,-0.085195,-0.111523,0.140341,,-10.5706,9.64547,0.00903031,-0.16453,fluid
1049,1.94165,14.1305,,1001.15,-46.7489,18161.4,,-0.0903681,-0.097801,0.133159,,-9.31901,9.633,0.0238184,-0.177004,fluid
1050,1.91797,14.4133,,1000.98,-48.9917,15472.3,,-0.0936289,-0.0827785,0.124975,,-8.03201,9.62492,0.0270994,-0.185083,fluid
1051,1.89527,14.7029,,1000.81,-51.4642,12697.9,,-0.0972876,-0.0641223,0.116518,,-6.6727,9.61462,0.0216982,-0.195385,fluid
1052,1.88202,15.0048,,1000.63,-50.4753,9905.01,,-0.0948444,-0.0413531,0.103468,,-5.21093,9.63326,0.0487225,-0.176742,fluid
1053,1.89008,15.3136,,1000.45,-38.1982,7131.49,,-0.0720666,-0.0083221,0.0725455,,-3.67487,9.59799,0.0965266,-0.212006,fluid
1054,1.98368,15.6324,,1000.28,-21.3201,4422.83,,-0.042219,-0.0027607,0.0423091,,-2.12626,9.60185,0.102725,-0.208151,fluid
1055,2.07836,15.9209,,1000.15,-23.6751,2424.16,,-0.0491922,0.0269887,0.0561093,,-0.986361,9.51887,0.179839,-0.29113,fluid
1056,2.48956,0.116778,,1009.66,11.8359,156024,,0.0304434,-0.00178362,0.0304956,,-62.0691,9.80847,0.00281517,-0.00152954,fluid
1057,2.55754,0.346811,,1009.51,21.4523,153579,,0.0556055,-0.00866294,0.0562762,,-59.485,9.80668,-0.001107,-0.00331912,fluid
1058,2.63525,0.562571,,1009.38,28.0074,151492,,0.0742965,-0.0214233,0.0773235,,-56.9561,9.80497,-0.00375855,-0.00502511,fluid
1059,2.66831,0.771648,,1009.27,31.1016,149646,,0.0833863,-0.0334993,0.0898636,,-55.5628,9.80313,0.00480358,-0.0068664,fluid
1060,2.69053,0.980606,,1009.16,33.4661,147793,,0.0903453,-0.0440972,0.100533,,-54.4309,9.80174,0.00149245,-0.00825871,fluid
1061,2.70068,1.18921,,1009.04,35.8336,145850,,0.0970388,-0.05393,0.111018,,-53.5137,9.80798,0.0070871,-0.0020203,fluid
1062,2.70442,1.39822,,1008.93,36.7859,143947,,0.0996562,-0.0642295,0.118561,,-52.7489,9.80871,0.00661044,-0.00129457,fluid
1063,2.70424,1.60756,,1008.8,38.0548,141896,,0.103025,-0.0740542,0.126879,,-52.0004,9.8097,0.013374,-0.000300714,fluid
1064,2.69816,1.81664,,1008.68,37.7791,139906,,0.102009,-0.0848551,0.132688,,-51.3928,9.81146,0.0132061,0.00145585,fluid
1065,2.6885,2.02616,,1008.56,37.3984,137845,,0.100596,-0.0952148,0.138511,,-50.8189,9.81207,0.0179376,0.00207365,fluid
1066,2.67532,2.23614,,1008.44,36.181,135799,,0.0968299,-0.105425,0.143145,,-50.3123,9.80919,0.0228205,-0.000807258,fluid
1067,2.65961,2.44686,,1008.31,34.5483,133733,,0.0919163,-0.114922,0.147159,,-49.8433,9.80942,0.0254292,-0.000575503,fluid
1068,2.64179,2.65852,,1008.18,32.7625,131645,,0.086562,-0.124233,0.151416,,-49.4065,9.81622,0.0208821,0.00622247,fluid
1069,2.62206,2.87151,,1008.05,31.421,129510,,0.0823456,-0.134706,0.157881,,-48.9893,9.83273,0.00863176,0.0227291,fluid
1070,2.60058,3.08668,,1007.92,31.0285,127314,,0.0805737,-0.148512,0.168961,,-48.5815,9.85976,-0.0102433,0.0497566,fluid
1071,2.57787,3.30539,,1007.78,31.8635,125052,,0.0819073,-0.167631,0.186572,,-48.1696,9.89403,-0.0345977,0.0840341,fluid
1072,2.55485,3.52946,,1007.64,34.4793,122673,,0.0876917,-0.193393,0.212346,,-47.7111,9.92812,-0.0592167,0.118124,fluid
1073,2.53206,3.76081,,1007.48,39.0198,120143,,0.0982562,-0.225311,0.245803,,-47.1648,9.93766,-0.068304,0.127656,fluid
1074,2.50922,4.00038,,1007.33,43.9977,117569,,0.109804,-0.25638,0.278904,,-46.5653,9.89656,-0.0513441,0.0865564,fluid
1075,2.48576,4.24682,,1007.18,47.2762,115097,,0.116912,-0.277905,0.301495,,-45.9905,9.82775,-0.0179762,0.0177483,fluid
1076,2.46131,4.49707,,1007.03,47.6713,112761,,0.116687,-0.288178,0.310905,,-45.4755,9.7808,0.0180008,-0.0291998,fluid
1077,2.43614,4.7487,,1006.89,45.1538,110479,,0.109282,-0.293357,0.313051,,-44.9891,9.76144,0.0505471,-0.0485608,fluid
1078,2.41125,5.00084,,1006.75,39.9357,108176,,0.095541,-0.296459,0.311474,,-44.4838,9.75009,0.0784171,-0.0599097,fluid
1079,2.38787,5.25335,,1006.61,32.804,105794,,0.077608,-0.298107,0.308043,,-43.9208,9.74026,0.0930063,-0.0697354,fluid
1080,2.36691,5.50613,,1006.46,24.7212,103328,,0.0579031,-0.29811,0.303681,,-43.2828,9.73344,0.0922678,-0.0765565,fluid
1081,2.34888,5.75912,,1006.3,16.7327,100802,,0.0388682,-0.297328,0.299858,,-42.5668,9.73065,0.0791664,-0.0793462,fluid
1082,2.33388,6.01242,,1006.14,9.61362,98241.4,,0.0222075,-0.296117,0.296949,,-41.7734,9.72509,0.0630651,-0.0849069,fluid
1083,2.32171,6.26612,,1005.99,3.65953,95666.8,,0.00845073,-0.294406,0.294527,,-40.9109,9.71795,0.0491642,-0.0920499,fluid
1084,2.31198,6.5203,,1005.83,-1.19641,93085.3,,-0.00269137,-0.29229,0.292303,,-39.9903,9.70989,0.0385678,-0.100115,fluid
1085,2.30421,6.77501,,1005.67,-5.19068,90500.1,,-0.0118471,-0.290084,0.290326,,-39.0247,9.70395,0.0297901,-0.106049,fluid
1086,2.29797,7.0303,,1005.51,-8.47347,87913.2,,-0.0193933,-0.288202,0.288854,,-38.0259,9.70121,0.0214507,-0.108786,fluid
1087,2.29283,7.2863,,1005.35,-11.0992,85331.4,,-0.0254493,-0.287017,0.288143,,-37.0047,9.70227,0.0139028,-0.107726,fluid
1088,2.2884,7.54317,,1005.19,-13.092,82761.3,,-0.0300558,-0.28634,0.287913,,-35.9702,9.70374,0.00858862,-0.106262,fluid
1089,2.28437,7.80113,,1005.03,-14.5506,80210.6,,-0.0334069,-0.285189,0.287139,,-34.9295,9.70241,0.00740296,-0.10759,fluid
1090,2.28055,8.06034,,1004.88,-15.6083,77679.3,,-0.035789,-0.282366,0.284625,,-33.887,9.70162,0.00939991,-0.108377,fluid
1091,2.27692,8.32091,,1004.72,-16.302,75151.3,,-0.0372865,-0.277097,0.279594,,-32.8384,9.70091,0.0122262,-0.109093,fluid
1092,2.27364,8.58288,,1004.56,-16.6566,72608,,-0.0379661,-0.268799,0.271467,,-31.7754,9.69806,0.0142565,-0.111944,fluid
1093,2.27089,8.84615,,1004.4,-16.7813,70041.9,,-0.0381001,-0.257731,0.260532,,-30.693,9.69418,0.0151384,-0.115823,fluid
1094,2.26881,9.11052,,1004.24,-16.8062,67448.3,,-0.0380151,-0.244952,0.247884,,-29.5889,9.68976,0.0139738,-0.120238,fluid
1095,2.26744,9.37575,,1004.08,-16.8717,64829.1,,-0.0380581,-0.231581,0.234688,,-28.465,9.6847,0.0101305,-0.125297,fluid
1096,2.2667,9.64158,,1003.92,-17.073,62192.7,,-0.0384535,-0.21887,0.222222,,-27.3258,9.67771,0.00464139,-0.132288,fluid
1097,2.26644,9.90779,,1003.75,-17.4253,59542.6,,-0.0392306,-0.207771,0.211442,,-26.1745,9.67105,-0.0013388,-0.138955,fluid
1098,2.26647,10.1742,,1003.59,-17.9117,56885,,-0.0403391,-0.198482,0.20254,,-25.0156,9.66183,-0.00673931,-0.14817,fluid
1099,2.26658,10.4407,,1003.42,-18.5318,54230.7,,-0.0417643,-0.191005,0.195518,,-23.855,9.65341,-0.0102879,-0.156588,fluid
1100,2.26661,10.7071,,1003.25,-19.2846,51583.1,,-0.0434984,-0.185432,0.190466,,-22.6962,9.64626,-0.0121668,-0.163735,fluid
1101,2.26642,10.9734,,1003.09,-20.2446,48945.1,,-0.0457007,-0.181208,0.186882,,-21.5425,9.6392,-0.0131322,-0.170804,fluid
1102,2.26591,11.2394,,1002.93,-21.5173,46320.5,,-0.0485974,-0.178149,0.184658,,-20.3967,9.63541,-0.0139712,-0.174586,fluid
1103,2.26504,11.5049,,1002.76,-23.1265,43709.5,,-0.0522209,-0.175747,0.183341,,-19.2591,9.63439,-0.0147729,-0.175609,fluid
1104,2.26375,11.7698,,1002.6,-25.0642,41113.7,,-0.0565478,-0.173451,0.182436,,-18.1313,9.63966,-0.0165816,-0.170344,fluid
1105,2.26193,12.034,,1002.44,-27.2547,38534.7,,-0.0614103,-0.170748,0.181456,,-17.0124,9.65116,-0.0176826,-0.158841,fluid
1106,2.25938,12.2975,,1002.28,-29.4743,35971.7,,-0.0662984,-0.166343,0.179068,,-15.9001,9.66543,-0.0152659,-0.144569,fluid
1107,2.25589,12.5607,,1002.12,-31.4697,33420.2,,-0.0706456,-0.159767,0.174689,,-14.7927,9.68299,-0.0093673,-0.127014,fluid
1108,2.25124,12.824,,1001.95,-32.98,30864.4,,-0.0738639,-0.150308,0.167476,,-13.6839,9.69781,-0.000727503,-0.112187,fluid
1109,2.2452,13.0878,,1001.79,-33.9444,28286.7,,-0.0758126,-0.138007,0.157459,,-12.5685,9.70251,0.00765461,-0.107492,fluid
1110,2.23707,13.3528,,1001.63,-34.8749,25678.5,,-0.0776173,-0.124732,0.14691,,-11.4481,9.69318,0.011862,-0.116822,fluid
1111,2.22528,13.6192,,1001.46,-36.876,23064.6,,-0.0816849,-0.112279,0.138848,,-10.3375,9.68056,0.0121645,-0.129442,fluid
1112,2.20821,13.8877,,1001.3,-39.9265,20470.6,,-0.0878343,-0.0991121,0.132431,,-9.23935,9.67136,0.0188554,-0.138644,fluid
1113,2.18529,14.1597,,1001.14,-42.5052,17884.8,,-0.092599,-0.0852868,0.12589,,-8.14189,9.65411,0.0330238,-0.155885,fluid
1114,2.15951,14.4375,,1000.97,-44.2134,15223.7,,-0.0952384,-0.0735147,0.120311,,-7.01005,9.6391,0.0327543,-0.170901,fluid
1115,2.13334,14.7216,,1000.79,-47.3621,12498,,-0.100859,-0.0584319,0.116563,,-5.83236,9.6254,0.0214321,-0.184599,fluid
1116,2.11549,15.0174,,1000.62,-47.8064,9772.39,,-0.101028,-0.0404097,0.10881,,-4.56795,9.63947,0.0486235,-0.170526,fluid
1117,2.11998,15.3198,,1000.45,-37.1124,7062.68,,-0.0785668,-0.0132308,0.079673,,-3.2272,9.60377,0.102778,-0.206228,fluid
1118,2.21861,15.6349,,1000.28,-21.0832,4371.59,,-0.0467211,-0.0100489,0.0477895,,-1.85869,9.61296,0.11118,-0.197041,fluid
1119,2.32497,15.9182,,1000.15,-22.1974,2428.01,,-0.0516283,0.0124461,0.0531074,,-0.852316,9.54119,0.191844,-0.268808,fluid
1120,2.74242,0.117834,,1009.67,11.0003,156330,,0.0311367,-0.00117816,0.031159,,-56.4507,9.80899,0.00760239,-0.00101295,fluid
1121,2.81668,0.350477,,1009.51,22.2617,153642,,0.0633752,-0.00711149,0.063773,,-54.0269,9.80708,0.00607469,-0.00292156,fluid
1122,2.89956,0.571681,,1009.39,28.0215,151525,,0.0816434,-0.0176116,0.0835213,,-51.7736,9.80648,-0.0014911,-0.00352381,fluid
1123,2.93373,0.785837,,1009.27,31.2378,149556,,0.0919426,-0.0297602,0.0966391,,-50.5017,9.80494,0.00854527,-0.0050608,fluid
1124,2.95241,0.99915,,1009.16,31.4239,147821,,0.0930039,-0.0407256,0.10153,,-49.6145,9.80383,-0.000943077,-0.00616754,fluid
1125,2.96214,1.21258,,1009.04,34.1271,145734,,0.101296,-0.0499006,0.11292,,-48.7483,9.80914,0.0100955,-0.000862775,fluid
1126,2.96358,1.42665,,1008.92,34.1584,143825,,0.101335,-0.0589023,0.11721,,-48.0952,9.80595,0.00643531,-0.00405487,fluid
1127,2.96316,1.64167,,1008.79,35.5274,141671,,0.105329,-0.0670312,0.124849,,-47.3767,9.7992,0.0173887,-0.0108013,fluid
1128,2.95652,1.85643,,1008.67,35.0152,139618,,0.103552,-0.076035,0.128469,,-46.7997,9.79347,0.0184985,-0.016532,fluid
1129,2.94637,2.07161,,1008.54,34.3289,137507,,0.101156,-0.0842576,0.13165,,-46.2517,9.78968,0.0229418,-0.0203217,fluid
1130,2.93294,2.28711,,1008.41,32.9906,135406,,0.0967402,-0.0926846,0.133974,,-45.7581,9.7865,0.0241157,-0.0235043,fluid
1131,2.91684,2.50324,,1008.28,31.6701,133270,,0.0923197,-0.101993,0.13757,,-45.2972,9.79082,0.0173624,-0.019175,fluid
1132,2.8982,2.72055,,1008.15,30.9681,131074,,0.0896158,-0.113453,0.144578,,-44.8598,9.80493,0.000445441,-0.00506662,fluid
1133,2.8768,2.93986,,1008.01,31.5064,128792,,0.0903821,-0.128277,0.15692,,-44.4365,9.82346,-0.0232865,0.0134607,fluid
1134,2.85243,3.16207,,1007.87,33.6024,126425,,0.0954835,-0.146672,0.175014,,-44.0206,9.84625,-0.0445659,0.0362546,fluid
1135,2.82538,3.3882,,1007.72,36.8965,124012,,0.10382,-0.169135,0.198457,,-43.6071,9.8643,-0.0513353,0.0543042,fluid
1136,2.79668,3.61953,,1007.57,40.2814,121613,,0.112239,-0.193681,0.223853,,-43.1925,9.8607,-0.0344115,0.0506968,fluid
1137,2.76793,3.857,,1007.43,42.3171,119297,,0.116785,-0.215673,0.245262,,-42.7824,9.83518,-0.000909652,0.0251821,fluid
1138,2.74065,4.10054,,1007.29,42.455,117036,,0.115985,-0.232508,0.259832,,-42.3726,9.80446,0.0218205,-0.00553845,fluid
1139,2.71516,4.3492,,1007.15,41.0948,114723,,0.111102,-0.243908,0.26802,,-41.9179,9.76939,0.0347305,-0.0406146,fluid
1140,2.69091,4.6013,,1007.01,38.3183,112330,,0.102537,-0.249484,0.269733,,-41.4037,9.73157,0.0501346,-0.0784285,fluid
1141,2.66764,4.85488,,1006.86,33.9992,109878,,0.0900635,-0.24983,0.265568,,-40.8424,9.70048,0.0663844,-0.109517,fluid
1142,2.6457,5.1084,,1006.71,28.3168,107392,,0.0742771,-0.246972,0.2579,,-40.2429,9.68428,0.077761,-0.125716,fluid
1143,2.6257,5.36127,,1006.55,21.8798,104876,,0.0568545,-0.243691,0.250235,,-39.6025,9.68248,0.0795883,-0.127518,fluid
1144,2.60809,5.61355,,1006.4,15.3671,102340,,0.0395876,-0.240999,0.244229,,-38.9157,9.68303,0.0741588,-0.126972,fluid
1145,2.59304,5.86547,,1006.24,9.32289,99796.3,,0.0238283,-0.238972,0.240157,,-38.1827,9.68607,0.0649141,-0.123927,fluid
1146,2.58047,6.11733,,1006.08,4.08888,97249.6,,0.0103506,-0.23744,0.237665,,-37.4046,9.68817,0.0543251,-0.121828,fluid
1147,2.57013,6.36939,,1005.93,-0.232992,94698.3,,-0.00068148,-0.235938,0.235939,,-36.5846,9.68996,0.0439827,-0.120039,fluid
1148,2.56166,6.62186,,1005.77,-3.68033,92140.6,,-0.00943597,-0.23451,0.234699,,-35.7289,9.69119,0.0338433,-0.118809,fluid
1149,2.55466,6.87493,,1005.61,-6.38854,89577.2,,-0.0163002,-0.233324,0.233892,,-34.8441,9.6929,0.0244643,-0.117104,fluid
1150,2.54874,7.12874,,1005.45,-8.51974,87011.7,,-0.0217029,-0.232577,0.233587,,-33.9375,9.69167,0.0164363,-0.118334,fluid
1151,2.54355,7.3834,,1005.3,-10.2711,84450.4,,-0.026144,-0.232015,0.233483,,-33.0164,9.68764,0.010489,-0.122359,fluid
1152,2.53882,7.63897,,1005.14,-11.8389,81899.9,,-0.0301166,-0.231293,0.233246,,-32.0875,9.68188,0.00668123,-0.128117,fluid
1153,2.53435,7.89544,,1004.98,-13.3178,79357.6,,-0.0338446,-0.229915,0.232393,,-31.153,9.67505,0.00469815,-0.134949,fluid
1154,2.53007,8.15275,,1004.82,-14.7272,76822.7,,-0.0373637,-0.227176,0.230228,,-30.2136,9.67007,0.00445251,-0.139926,fluid
1155,2.52606,8.41082,,1004.67,-15.9843,74291.6,,-0.0404674,-0.222745,0.226391,,-29.2681,9.67023,0.0053074,-0.139769,fluid
1156,2.52246,8.66962,,1004.51,-16.9529,71755.4,,-0.0428226,-0.216576,0.220769,,-28.3119,9.6746,0.00693247,-0.135396,fluid
1157,2.51944,8.92916,,1004.35,-17.5535,69206.6,,-0.0442425,-0.208721,0.213358,,-27.3412,9.68171,0.00884499,-0.128293,fluid
1158,2.51709,9.18945,,1004.19,-17.8067,66641.7,,-0.0447984,-0.199598,0.204564,,-26.3555,9.6899,0.00964334,-0.1201,fluid
1159,2.51544,9.45047,,1004.03,-17.8027,64061.3,,-0.0447242,-0.189828,0.195026,,-25.3561,9.69623,0.00885015,-0.113767,fluid
1160,2.5144,9.71218,,1003.87,-17.661,61468.2,,-0.0443165,-0.180126,0.185497,,-24.3455,9.70088,0.00677039,-0.109117,fluid
1161,2.51382,9.9745,,1003.71,-17.5042,58868,,-0.0438869,-0.170949,0.176493,,-23.3277,9.70381,0.0034865,-0.106188,fluid
1162,2.51354,10.2374,,1003.55,-17.4182,56264.7,,-0.0436461,-0.162924,0.168669,,-22.3058,9.70369,-0.00017603,-0.106312,fluid
1163,2.51338,10.5007,,1003.38,-17.4566,53659.7,,-0.0437202,-0.155959,0.161971,,-21.2807,9.69995,-0.0031096,-0.110047,fluid
1164,2.51321,10.7644,,1003.22,-17.6875,51055.4,,-0.0442798,-0.150022,0.15642,,-20.2549,9.69412,-0.00536413,-0.115879,fluid
1165,2.51295,11.0283,,1003.06,-18.1476,48450.5,,-0.0454124,-0.145102,0.152042,,-19.229,9.68526,-0.00741357,-0.124741,fluid
1166,2.51254,11.2924,,1002.9,-18.8847,45845.2,,-0.0472351,-0.141228,0.148917,,-18.2039,9.67554,-0.0100545,-0.134462,fluid
1167,2.51197,11.5564,,1002.73,-19.9188,43240.8,,-0.0497967,-0.138562,0.147238,,-17.1809,9.66609,-0.0139229,-0.143914,fluid
1168,2.51117,11.8202,,1002.57,-21.2827,40641.7,,-0.0531782,-0.137116,0.147067,,-16.1616,9.65833,-0.0187137,-0.151668,fluid
1169,2.51,12.0835,,1002.41,-23.0304,38053.9,,-0.0575152,-0.136858,0.148453,,-15.1478,9.65426,-0.023297,-0.155736,fluid
1170,2.50818,12.3462,,1002.25,-25.142,35483.2,,-0.0627458,-0.137133,0.150807,,-14.1402,9.65726,-0.0248412,-0.152744,fluid
1171,2.50533,12.6081,,1002.09,-27.4463,32932.5,,-0.0684254,-0.136344,0.152551,,-13.1389,9.66498,-0.0212776,-0.145016,fluid
1172,2.50108,12.8694,,1001.93,-29.6661,30400.2,,-0.0738405,-0.133593,0.152642,,-12.1444,9.67741,-0.0128749,-0.132588,fluid
1173,2.49502,13.1304,,1001.77,-31.5714,27871.9,,-0.078391,-0.127378,0.149567,,-11.1516,9.69372,-0.000316695,-0.116281,fluid
1174,2.48643,13.3917,,1001.61,-33.0816,25318.2,,-0.0818558,-0.116954,0.142754,,-10.1548,9.70258,0.0114422,-0.107417,fluid
1175,2.47388,13.654,,1001.44,-34.9821,22748.6,,-0.0861441,-0.104877,0.13572,,-9.16487,9.69414,0.0173878,-0.115856,fluid
1176,2.45569,13.9182,,1001.28,-37.4644,20185.1,,-0.0916367,-0.0925437,0.130237,,-8.18514,9.68556,0.024076,-0.124438,fluid
1177,2.43126,14.1854,,1001.12,-39.3797,17639.1,,-0.0954244,-0.0784466,0.12353,,-7.20831,9.67266,0.0386833,-0.137343,fluid
1178,2.40339,14.4587,,1000.95,-40.3145,15017.9,,-0.0966154,-0.0662994,0.117176,,-6.20484,9.65175,0.0378518,-0.158248,fluid
1179,2.37421,14.7374,,1000.78,-43.2345,12325.6,,-0.10244,-0.0554762,0.116497,,-5.1654,9.63313,0.0219899,-0.176868,fluid
1180,2.35197,15.0281,,1000.61,-44.3358,9643.88,,-0.104162,-0.0412512,0.112033,,-4.04789,9.64291,0.0499353,-0.167093,fluid
1181,2.3532,15.3247,,1000.45,-34.9037,7000.65,,-0.0820271,-0.018285,0.0840404,,-2.86569,9.61156,0.107933,-0.198445,fluid
1182,2.45647,15.6356,,1000.28,-19.9694,4328.15,,-0.0490238,-0.0169524,0.0518721,,-1.64525,9.62884,0.116202,-0.181155,fluid
1183,2.57331,15.9147,,1000.16,-19.5094,2436.61,,-0.0502497,-0.00174838,0.0502801,,-0.746381,9.56974,0.200347,-0.240256,fluid
1184,2.99441,0.118661,,1009.69,10.0007,156644,,0.0308898,-0.000685926,0.0308974,,-51.7999,9.80942,0.010028,-0.000583509,fluid
1185,3.07178,0.353557,,1009.52,22.1737,153773,,0.0687272,-0.00585878,0.0689765,,-49.5754,9.80684,0.012475,-0.00316352,fluid
1186,3.15924,0.578434,,1009.39,27.8417,151585,,0.088251,-0.0169755,0.0898689,,-47.5368,9.80282,-0.00158689,-0.00717839,fluid
1187,3.1966,0.794657,,1009.26,32.4408,149414,,0.103865,-0.0329181,0.108957,,-46.3004,9.80142,0.0123617,-0.00858021,fluid
1188,3.21101,1.00974,,1009.17,29.6711,147900,,0.0953709,-0.0473957,0.106499,,-45.6505,9.80148,-0.00851449,-0.00852123,fluid
1189,3.22147,1.22555,,1009.03,32.9486,145685,,0.106269,-0.0579867,0.12106,,-44.8015,9.80673,0.0167102,-0.00326671,fluid
1190,3.22031,1.44102,,1008.92,31.8151,143835,,0.102493,-0.068744,0.123412,,-44.2587,9.8048,0.0113963,-0.00520463,fluid
1191,3.21996,1.65789,,1008.79,33.3322,141624,,0.107309,-0.0769294,0.132035,,-43.5745,9.79775,0.0257097,-0.0122492,fluid
1192,3.21344,1.87436,,1008.66,32.924,139532,,0.105745,-0.086535,0.136639,,-43.0223,9.79215,0.0261458,-0.0178544,fluid
1193,3.20321,2.09121,,1008.53,32.3977,137387,,0.103675,-0.0961993,0.141431,,-42.503,9.79351,0.024724,-0.016494,fluid
1194,3.18967,2.30892,,1008.4,31.8689,135207,,0.10146,-0.107563,0.147864,,-42.0193,9.7974,0.0166298,-0.0126003,fluid
1195,3.17261,2.52834,,1008.26,31.9487,132955,,0.101061,-0.121794,0.158262,,-41.563,9.80919,0.000716745,-0.000809526,fluid
1196,3.15169,2.75069,,1008.12,33.0308,130617,,0.103674,-0.139817,0.17406,,-41.1279,9.82327,-0.0184403,0.0132748,fluid
1197,3.12657,2.97742,,1007.98,35.034,128211,,0.108995,-0.161029,0.194448,,-40.7134,9.82678,-0.0308197,0.016782,fluid
1198,3.09734,3.20972,,1007.83,37.3325,125790,,0.115064,-0.182503,0.215748,,-40.3251,9.80982,-0.0281131,-0.000175353,fluid
1199,3.06519,3.44804,,1007.68,38.9045,123428,,0.118755,-0.199032,0.231769,,-39.9686,9.77528,-0.00804947,-0.0347177,fluid
1200,3.0322,3.69174,,1007.55,39.0861,121143,,0.118097,-0.207686,0.238915,,-39.6367,9.74407,0.0163065,-0.0659293,fluid
1201,3.00059,3.93973,,1007.41,37.8777,118872,,0.113281,-0.209781,0.238413,,-39.2852,9.7251,0.0395996,-0.084896,fluid
1202,2.9719,4.19101,,1007.26,35.4341,116540,,0.104941,-0.20739,0.232429,,-38.8762,9.70694,0.0548434,-0.103065,fluid
1203,2.94655,4.44421,,1007.12,32.1107,114114,,0.0942289,-0.201432,0.222382,,-38.3946,9.69064,0.0596757,-0.119363,fluid
1204,2.92397,4.69774,,1006.96,28.1504,111619,,0.0818973,-0.194302,0.210857,,-37.8501,9.68307,0.059583,-0.126935,fluid
1205,2.90348,4.95072,,1006.81,23.7484,109079,,0.0685194,-0.18809,0.200182,,-37.2562,9.68339,0.0582897,-0.126611,fluid
1206,2.88481,5.20288,,1006.65,18.9735,106525,,0.0543128,-0.183747,0.191606,,-36.6241,9.6848,0.0580104,-0.125197,fluid
1207,2.868,5.45427,,1006.5,14.022,103971,,0.039838,-0.180942,0.185276,,-35.9616,9.68644,0.0565009,-0.123556,fluid
1208,2.85321,5.70512,,1006.34,9.18222,101425,,0.0258888,-0.179342,0.181201,,-35.2718,9.68662,0.0519595,-0.123375,fluid
1209,2.84048,5.95568,,1006.18,4.75381,98887.2,,0.0132758,-0.178239,0.178733,,-34.554,9.68679,0.0455338,-0.123209,fluid
1210,2.82969,6.2062,,1006.03,0.950077,96354.1,,0.00254298,-0.177525,0.177543,,-33.8093,9.68943,0.0377502,-0.12057,fluid
1211,2.82059,6.45691,,1005.87,-2.13883,93822.6,,-0.00610751,-0.177101,0.177206,,-33.0393,9.69372,0.0299853,-0.116284,fluid
1212,2.81285,6.70806,,1005.72,-4.57262,91291.5,,-0.0128837,-0.177036,0.177504,,-32.2477,9.69868,0.0229365,-0.111318,fluid
1213,2.80616,6.95985,,1005.56,-6.50533,88761.3,,-0.0182483,-0.177082,0.178019,,-31.4392,9.70157,0.0167209,-0.108425,fluid
1214,2.80025,7.2124,,1005.41,-8.10795,86231.3,,-0.0226925,-0.17709,0.178538,,-30.6174,9.7022,0.0111719,-0.107796,fluid
1215,2.79489,7.46578,,1005.25,-9.54473,83699.6,,-0.0266741,-0.176877,0.178877,,-29.7846,9.69918,0.00634352,-0.110825,fluid
1216,2.78993,7.71997,,1005.09,-10.9509,81165.9,,-0.0305627,-0.176258,0.178888,,-28.9428,9.69498,0.00224763,-0.115022,fluid
1217,2.78527,7.97486,,1004.94,-12.3775,78629.9,,-0.0344959,-0.175217,0.178581,,-28.0935,9.69144,-0.00154176,-0.118563,fluid
1218,2.78089,8.23035,,1004.78,-13.7801,76091.4,,-0.0383453,-0.173657,0.17784,,-27.2364,9.68905,-0.00434009,-0.120955,fluid
1219,2.77685,8.48634,,1004.62,-15.0581,73552.1,,-0.0418315,-0.171399,0.17643,,-26.3712,9.68896,-0.00541777,-0.121036,fluid
1220,2.77322,8.74279,,1004.46,-16.0973,71012.9,,-0.0446469,-0.168302,0.174123,,-25.4978,9.69236,-0.00497216,-0.117644,fluid
1221,2.77011,8.99972,,1004.31,-16.8041,68472.4,,-0.04654,-0.164324,0.170787,,-24.6158,9.69839,-0.00354168,-0.111615,fluid
1222,2.76757,9.25719,,1004.15,-17.1518,65929,,-0.0474431,-0.159558,0.166462,,-23.7255,9.70624,-0.00191662,-0.103759,fluid
1223,2.76561,9.51527,,1003.99,-17.1806,63380.2,,-0.0474701,-0.154287,0.161425,,-22.8272,9.71408,-0.000995129,-0.0959233,fluid
1224,2.76416,9.77405,,1003.83,-16.9861,60824.6,,-0.0468877,-0.148735,0.155951,,-21.9222,9.72024,-0.00140864,-0.0897625,fluid
1225,2.76313,10.0335,,1003.67,-16.7113,58265.1,,-0.0460869,-0.143187,0.150422,,-21.0121,9.72306,-0.00258233,-0.0869401,fluid
1226,2.76239,10.2936,,1003.51,-16.4796,55702.7,,-0.0454056,-0.137732,0.145023,,-20.098,9.72402,-0.00394733,-0.0859799,fluid
1227,2.76181,10.5544,,1003.35,-16.3832,53138.4,,-0.045099,-0.132478,0.139944,,-19.1814,9.72246,-0.00522119,-0.0875436,fluid
1228,2.76129,10.8156,,1003.19,-16.4636,50572,,-0.0452789,-0.127331,0.135142,,-18.2623,9.71891,-0.00591546,-0.0910892,fluid
1229,2.76075,11.0772,,1003.03,-16.7252,48002.9,,-0.0459559,-0.122341,0.130688,,-17.3417,9.71354,-0.00657607,-0.0964586,fluid
1230,2.76017,11.3392,,1002.87,-17.142,45429.6,,-0.0470596,-0.117622,0.126687,,-16.4196,9.70662,-0.00771252,-0.103383,fluid
1231,2.75954,11.6014,,1002.71,-17.6959,42852.1,,-0.0485403,-0.113553,0.123493,,-15.497,9.69692,-0.0101821,-0.113081,fluid
1232,2.75884,11.8638,,1002.55,-18.4383,40270.6,,-0.0505404,-0.110672,0.121666,,-14.5741,9.68601,-0.0142137,-0.12399,fluid
1233,2.75798,12.1263,,1002.38,-19.4828,37686.2,,-0.0533722,-0.10924,0.121581,,-13.6516,9.67384,-0.0196354,-0.136163,fluid
1234,2.75672,12.3884,,1002.22,-21.0222,35106.5,,-0.0575683,-0.109613,0.123811,,-12.7321,9.66462,-0.0255123,-0.145377,fluid
1235,2.75464,12.6498,,1002.06,-23.1086,32543.2,,-0.0632541,-0.110849,0.127627,,-11.8173,9.66269,-0.0276248,-0.147315,fluid
1236,2.75122,12.9105,,1001.9,-25.5195,30000,,-0.0697898,-0.111602,0.131627,,-10.9071,9.66523,-0.023554,-0.14477,fluid
1237,2.74593,13.1701,,1001.74,-28.0501,27474.6,,-0.0765938,-0.111221,0.135044,,-10.0032,9.67305,-0.0150113,-0.136949,fluid
1238,2.73774,13.4289,,1001.58,-30.6167,24956.1,,-0.0833786,-0.107478,0.136028,,-9.1027,9.68943,-0.0015325,-0.120575,fluid
1239,2.72495,13.6874,,1001.42,-33.1983,22424.6,,-0.0900114,-0.0987689,0.133631,,-8.20394,9.70014,0.013739,-0.109864,fluid
1240,2.70583,13.9473,,1001.26,-35.6244,19898,,-0.0959729,-0.08691,0.129476,,-7.31698,9.69687,0.0275209,-0.113126,fluid
1241,2.67994,14.2099,,1001.1,-36.9398,17397,,-0.0986318,-0.0733826,0.122936,,-6.43955,9.68949,0.0448431,-0.120509,fluid
1242,2.64999,14.4784,,1000.94,-37.0402,14819.4,,-0.0978332,-0.0607888,0.115181,,-5.54234,9.66971,0.0446343,-0.140294,fluid
1243,2.61768,14.7521,,1000.77,-39.4639,12168.1,,-0.103062,-0.0512359,0.115095,,-4.61889,9.65002,0.025961,-0.159978,fluid
1244,2.59102,15.0377,,1000.61,-40.7075,9531.99,,-0.105352,-0.0394248,0.112487,,-3.62435,9.65629,0.0522684,-0.153712,fluid
1245,2.589,15.3291,,1000.44,-32.2161,6946.64,,-0.0833079,-0.0221973,0.0862144,,-2.57324,9.62425,0.108709,-0.185746,fluid
1246,2.69616,15.6357,,1000.27,-18.688,4283.61,,-0.0503778,-0.0218826,0.0549252,,-1.47249,9.65082,0.115856,-0.159183,fluid
1247,2.82288,15.9108,,1000.16,-15.6894,2448.42,,-0.0443505,-0.0146134,0.0466961,,-0.659033,9.60551,0.20818,-0.204494,fluid
1248,3.24589,0.119299,,1009.71,9.07149,156919,,0.0303344,-0.000241756,0.0303354,,-47.8696,9.81009,0.00939805,8.72026e-05,fluid
1249,3.32435,0.356402,,1009.53,21.8826,153892,,0.0733039,-0.00416293,0.073422,,-45.8342,9.80749,0.0212292,-0.00250671,fluid
1250,3.41525,0.587392,,1009.39,27.9067,151572,,0.0955162,-0.0110733,0.096156,,-43.9636,9.80145,0.00453283,-0.00855323,fluid
1251,3.45653,0.810767,,1009.24,34.1625,149124,,0.11812,-0.0248842,0.120712,,-42.7265,9.79591,0.0210444,-0.0140948,fluid
1252,3.46674,1.03199,,1009.16,28.7909,147765,,0.0997723,-0.039218,0.107203,,-42.2494,9.78729,-0.0125482,-0.0227066,fluid
1253,3.47839,1.25453,,1009.02,32.0007,145433,,0.111339,-0.0475675,0.121075,,-41.4148,9.78985,0.0220105,-0.0201454,fluid
1254,3.47512,1.47521,,1008.91,29.6708,143604,,0.103083,-0.0566218,0.11761,,-40.9418,9.78891,0.0166838,-0.021091,fluid
1255,3.47431,1.69729,,1008.77,31.0324,141326,,0.107727,-0.062132,0.124361,,-40.2946,9.78685,0.0293355,-0.0231493,fluid
1256,3.46724,1.91922,,1008.64,30.8342,139151,,0.106768,-0.069804,0.127562,,-39.7646,9.78854,0.0247958,-0.0214643,fluid
1257,3.45561,2.14183,,1008.5,30.8159,136918,,0.106258,-0.0792353,0.132548,,-39.2732,9.79653,0.0147119,-0.0134695,fluid
1258,3.4399,2.36633,,1008.36,31.3748,134612,,0.10757,-0.0913675,0.141136,,-38.8069,9.80375,0.000960763,-0.00625094,fluid
1259,3.41932,2.59343,,1008.22,32.5715,132245,,0.110915,-0.10628,0.153615,,-38.3709,9.80887,-0.0105122,-0.001131,fluid
1260,3.39367,2.8239,,1008.08,34.0423,129859,,0.11502,-0.122349,0.167925,,-37.9694,9.80494,-0.0109942,-0.00505703,fluid
1261,3.3635,3.05811,,1007.93,34.9874,127520,,0.117176,-0.137164,0.1804,,-37.6148,9.78756,-0.000277501,-0.0224429,fluid
1262,3.33018,3.29572,,1007.8,34.8371,125259,,0.115548,-0.148758,0.188362,,-37.3085,9.76818,0.0137967,-0.0418201,fluid
1263,3.29577,3.53641,,1007.66,33.6539,123031,,0.110479,-0.156759,0.191779,,-37.0191,9.75035,0.0270277,-0.059654,fluid
1264,3.26226,3.78016,,1007.52,31.5435,120784,,0.102497,-0.160583,0.190507,,-36.7072,9.73312,0.0410689,-0.0768773,fluid
1265,3.23146,4.02695,,1007.38,28.7019,118467,,0.0923651,-0.159417,0.184242,,-36.342,9.72131,0.0497985,-0.0886895,fluid
1266,3.20465,4.27621,,1007.23,25.6211,116033,,0.0817305,-0.153784,0.174154,,-35.8981,9.72162,0.0497384,-0.0883777,fluid
1267,3.18185,4.52697,,1007.08,22.7146,113489,,0.0719072,-0.14676,0.163429,,-35.3713,9.72659,0.045517,-0.0834114,fluid
1268,3.16206,4.77824,,1006.92,19.7935,110894,,0.0622441,-0.140595,0.153757,,-34.7865,9.72992,0.042748,-0.0800813,fluid
1269,3.14432,5.0294,,1006.76,16.5768,108303,,0.0518113,-0.135968,0.145505,,-34.17,9.7302,0.0427957,-0.0797999,fluid
1270,3.12826,5.28018,,1006.6,13.0231,105734,,0.0404571,-0.132842,0.138866,,-33.5356,9.72809,0.0423699,-0.0819143,fluid
1271,3.11384,5.53053,,1006.45,9.29376,103187,,0.0286895,-0.130927,0.134034,,-32.8849,9.72623,0.0410499,-0.0837683,fluid
1272,3.10111,5.78055,,1006.29,5.64923,100655,,0.0173011,-0.129995,0.131141,,-32.2173,9.72636,0.0373231,-0.08364,fluid
1273,3.09005,6.03042,,1006.14,2.34395,98129.4,,0.00706061,-0.129845,0.130037,,-31.531,9.72628,0.0318682,-0.0837223,fluid
1274,3.08048,6.28034,,1005.98,-0.448136,95606.1,,-0.00152411,-0.130167,0.130176,,-30.8259,9.72774,0.0256132,-0.0822638,fluid
1275,3.07216,6.53051,,1005.83,-2.71493,93086.5,,-0.00844299,-0.130745,0.131017,,-30.1046,9.72916,0.0198883,-0.0808439,fluid
1276,3.06484,6.78109,,1005.67,-4.54815,90571.3,,-0.0140044,-0.131354,0.132099,,-29.3702,9.73136,0.0147645,-0.0786377,fluid
1277,3.0583,7.03222,,1005.52,-6.07625,88058.8,,-0.0186192,-0.131911,0.133219,,-28.6253,9.73284,0.0100862,-0.0771604,fluid
1278,3.05235,7.28397,,1005.36,-7.43086,85546.5,,-0.0226954,-0.132294,0.134227,,-27.8713,9.73365,0.00561062,-0.0763549,fluid
1279,3.04688,7.53637,,1005.21,-8.70485,83030.3,,-0.0265196,-0.132504,0.135132,,-27.1089,9.73364,0.000907051,-0.0763627,fluid
1280,3.04181,7.78938,,1005.05,-9.96018,80508.8,,-0.0302785,-0.132492,0.135908,,-26.3383,9.73193,-0.00386688,-0.0780665,fluid
1281,3.0371,8.04294,,1004.9,-11.2213,77983.2,,-0.0340452,-0.132349,0.136658,,-25.5601,9.72959,-0.00834492,-0.0804093,fluid
1282,3.03275,8.29697,,1004.74,-12.4556,75454.9,,-0.0377229,-0.132065,0.137347,,-24.7746,9.72719,-0.0119276,-0.082808,fluid
1283,3.02877,8.55141,,1004.58,-13.5878,72925.4,,-0.0410871,-0.131609,0.137873,,-23.982,9.72549,-0.0142609,-0.0845098,fluid
1284,3.02519,8.80623,,1004.43,-14.5261,70395.7,,-0.0438638,-0.130803,0.137961,,-23.1825,9.72514,-0.0151745,-0.0848585,fluid
1285,3.02205,9.06145,,1004.27,-15.1967,67866.3,,-0.0458327,-0.129527,0.137397,,-22.3763,9.72641,-0.0147589,-0.0835935,fluid
1286,3.01935,9.31714,,1004.11,-15.5674,65336.8,,-0.0468971,-0.127649,0.135991,,-21.5642,9.72862,-0.0134684,-0.0813848,fluid
1287,3.0171,9.57335,,1003.95,-15.6642,62806.4,,-0.0471384,-0.125156,0.133739,,-20.7468,9.73156,-0.0119737,-0.0784446,fluid
1288,3.01526,9.83017,,1003.8,-15.5657,60274.4,,-0.0467935,-0.122151,0.130807,,-19.925,9.73298,-0.0108099,-0.0770185,fluid
1289,3.01378,10.0876,,1003.64,-15.3787,57739.1,,-0.0461829,-0.118801,0.127462,,-19.099,9.73354,-0.0100438,-0.0764571,fluid
1290,3.01259,10.3457,,1003.48,-15.2168,55200.4,,-0.0456505,-0.115199,0.123915,,-18.2696,9.73159,-0.00984315,-0.0784084,fluid
1291,3.0116,10.6043,,1003.32,-15.1741,52659.4,,-0.045479,-0.111496,0.120415,,-17.4375,9.72922,-0.00986178,-0.0807751,fluid
1292,3.01074,10.8633,,1003.16,-15.2843,50117,,-0.0457692,-0.107682,0.117005,,-16.6035,9.72606,-0.00990255,-0.0839353,fluid
1293,3.00992,11.1228,,1003,-15.5349,47573,,-0.0464814,-0.103796,0.113728,,-15.7678,9.72341,-0.00970162,-0.0865912,fluid
1294,3.00908,11.3826,,1002.84,-15.8748,45028.2,,-0.0474612,-0.0997135,0.110433,,-14.9308,9.72014,-0.00920072,-0.0898637,fluid
1295,3.00821,11.6427,,1002.68,-16.2374,42480.7,,-0.0485055,-0.0955864,0.107189,,-14.0925,9.71543,-0.0087761,-0.0945701,fluid
1296,3.00732,11.9032,,1002.52,-16.6088,39927,,-0.0495746,-0.0916836,0.104228,,-13.2531,9.70748,-0.00994269,-0.102524,fluid
1297,3.00641,12.164,,1002.36,-17.1149,37365.9,,-0.0510454,-0.0886812,0.102323,,-12.4129,9.6968,-0.0134397,-0.1132,fluid
1298,3.00534,12.425,,1002.2,-17.9717,34798.4,,-0.0535679,-0.0870694,0.102228,,-11.5727,9.68317,-0.0192619,-0.126827,fluid
1299,3.00382,12.6859,,1002.04,-19.4033,32233.4,,-0.0578156,-0.0876102,0.104968,,-10.7344,9.67088,-0.0254973,-0.13912,fluid
1300,3.0013,12.946,,1001.88,-21.4395,29679.8,,-0.0638583,-0.0893853,0.109853,,-9.89766,9.66679,-0.0272306,-0.143207,fluid
1301,2.99721,13.2052,,1001.72,-23.952,27138.7,,-0.0712918,-0.0912838,0.115824,,-9.06272,9.66706,-0.0236177,-0.142945,fluid
1302,2.99031,13.4629,,1001.56,-26.9986,24610.4,,-0.0802417,-0.0924304,0.122401,,-8.23355,9.67281,-0.0163263,-0.137188,fluid
1303,2.9783,13.719,,1001.4,-30.7232,22108.1,,-0.0910233,-0.0904494,0.128321,,-7.4142,9.68972,-0.00155524,-0.120285,fluid
1304,2.9587,13.975,,1001.25,-33.8708,19623.9,,-0.0997658,-0.0816536,0.128921,,-6.60084,9.7035,0.0235339,-0.106495,fluid
1305,2.9315,14.2332,,1001.09,-34.9732,17166.7,,-0.102133,-0.0695768,0.12358,,-5.80005,9.69993,0.0495293,-0.110074,fluid
1306,2.89945,14.4967,,1000.93,-34.4944,14627.6,,-0.0996652,-0.0577002,0.115163,,-4.9907,9.68708,0.049556,-0.122922,fluid
1307,2.86383,14.7652,,1000.76,-36.3854,12024.4,,-0.103947,-0.0480622,0.114521,,-4.16474,9.6702,0.030787,-0.139803,fluid
1308,2.83257,15.0462,,1000.6,-37.1434,9437.34,,-0.105084,-0.0367222,0.111316,,-3.27189,9.67215,0.057837,-0.137854,fluid
1309,2.82743,15.3325,,1000.44,-29.0754,6901.08,,-0.0821111,-0.0246271,0.0857247,,-2.33312,9.64096,0.106568,-0.169037,fluid
1310,2.93784,15.6349,,1000.27,-17.0049,4241.1,,-0.049965,-0.0250884,0.05591,,-1.33237,9.67791,0.110852,-0.132088,fluid
1311,3.07379,15.9064,,1000.16,-11.176,2462.14,,-0.0344063,-0.0244684,0.0422196,,-0.595631,9.65095,0.205257,-0.159047,fluid
1312,3.49709,0.11985,,1009.72,8.12187,157150,,0.0292261,-5.91955e-05,0.0292261,,-44.4935,9.81067,0.0110425,0.000665296,fluid
1313,3.57348,0.35865,,1009.54,20.7293,154068,,0.0745414,-0.00280437,0.0745941,,-42.6817,9.80857,0.0252009,-0.00143223,fluid
1314,3.66519,0.593858,,1009.4,26.4401,151712,,0.0970546,-0.00640895,0.097266,,-40.9948,9.803,0.0124332,-0.00700105,fluid
1315,3.7111,0.822045,,1009.23,35.2566,148924,,0.130793,-0.017973,0.132022,,-39.7209,9.79504,0.0416227,-0.0149591,fluid
1316,3.71623,1.04841,,1009.16,27.314,147731,,0.101361,-0.0315212,0.106149,,-39.4049,9.78005,-0.0126284,-0.0299496,fluid
1317,3.72987,1.2779,,1009.01,30.5278,145273,,0.113789,-0.036803,0.119592,,-38.5761,9.7864,0.0246552,-0.0235984,fluid
1318,3.7262,1.50407,,1008.89,27.7609,143392,,0.103302,-0.0460263,0.113092,,-38.1272,9.78725,0.0155196,-0.0227462,fluid
1319,3.72445,1.73122,,1008.75,29.0043,141059,,0.107795,-0.0527045,0.11999,,-37.524,9.79426,0.0210455,-0.01574,fluid
1320,3.71644,1.95901,,1008.62,29.5006,138768,,0.109335,-0.0615438,0.125466,,-37.0062,9.80453,0.0138877,-0.00546581,fluid
1321,3.70242,2.18783,,1008.47,30.1948,136441,,0.11139,-0.0729014,0.133126,,-36.5373,9.81247,0.00492218,0.00247044,fluid
1322,3.68332,2.41942,,1008.33,31.2273,134065,,0.114533,-0.0855217,0.142939,,-36.0954,9.80743,0.00166509,-0.00256865,fluid
1323,3.65891,2.65411,,1008.19,32.0363,131691,,0.116709,-0.0974849,0.152067,,-35.6941,9.79335,0.00546544,-0.0166468,fluid
1324,3.62977,2.89174,,1008.04,32.1003,129361,,0.116012,-0.106435,0.157439,,-35.3407,9.77401,0.0137379,-0.0359906,fluid
1325,3.59744,3.13179,,1007.91,31.2551,127073,,0.111944,-0.111504,0.158002,,-35.0241,9.75811,0.0221793,-0.0518854,fluid
1326,3.56346,3.37349,,1007.77,29.5666,124801,,0.104884,-0.11349,0.154534,,-34.7236,9.74847,0.0288572,-0.0615296,fluid
1327,3.52947,3.61648,,1007.63,27.1484,122516,,0.0953608,-0.113022,0.147877,,-34.4157,9.74609,0.0339151,-0.0639105,fluid
1328,3.49713,3.86068,,1007.49,24.2201,120192,,0.0842521,-0.110887,0.139264,,-34.0786,9.75161,0.0348092,-0.0583919,fluid
1329,3.46802,4.1062,,1007.34,21.2708,117789,,0.0733359,-0.107956,0.130509,,-33.6843,9.76321,0.0325775,-0.0467915,fluid
1330,3.44311,4.35321,,1007.19,18.7259,115292,,0.0640776,-0.104771,0.122812,,-33.2146,9.7727,0.0312961,-0.0372971,fluid
1331,3.42221,4.60153,,1007.03,16.5732,112729,,0.0563664,-0.101434,0.116043,,-32.6783,9.7781,0.0320329,-0.0318987,fluid
1332,3.40434,4.85065,,1006.87,14.4295,110150,,0.0488143,-0.098336,0.109785,,-32.1016,9.77901,0.0334096,-0.0309877,fluid
1333,3.38855,5.10002,,1006.72,12.0041,107589,,0.0403989,-0.0959725,0.104129,,-31.5039,9.77715,0.0348485,-0.0328539,fluid
1334,3.37437,5.34936,,1006.56,9.29122,105046,,0.0310954,-0.094492,0.099477,,-30.8922,9.77465,0.0353791,-0.0353485,fluid
1335,3.3617,5.5986,,1006.41,6.41829,102520,,0.0213305,-0.0937971,0.0961919,,-30.2686,9.77034,0.033604,-0.039659,fluid
1336,3.35047,5.84774,,1006.25,3.61851,100002,,0.0118895,-0.0936857,0.0944371,,-29.6318,9.7668,0.0299622,-0.0432031,fluid
1337,3.3406,6.09689,,1006.1,1.117,97488.6,,0.00351092,-0.0940732,0.0941386,,-28.9815,9.76524,0.0246494,-0.0447625,fluid
1338,3.33188,6.34618,,1005.94,-0.994431,94978.2,,-0.00351473,-0.094877,0.0949421,,-28.3183,9.76505,0.0191644,-0.044948,fluid
1339,3.32411,6.59577,,1005.79,-2.74025,92471.4,,-0.00928463,-0.0960187,0.0964665,,-27.6441,9.76583,0.0141099,-0.0441709,fluid
1340,3.31709,6.84578,,1005.64,-4.20003,89966,,-0.0140762,-0.0972608,0.0982742,,-26.9604,9.76646,0.00955437,-0.0435369,fluid
1341,3.31067,7.09629,,1005.48,-5.47015,87460.3,,-0.0182163,-0.0984426,0.100114,,-26.2684,9.76665,0.00525817,-0.0433545,fluid
1342,3.30476,7.34733,,1005.33,-6.63263,84952.5,,-0.0219825,-0.0994288,0.10183,,-25.569,9.76593,0.000951716,-0.0440676,fluid
1343,3.29927,7.59891,,1005.17,-7.74845,82442.2,,-0.0255828,-0.100193,0.103408,,-24.863,9.7645,-0.00355516,-0.045504,fluid
1344,3.2942,7.85098,,1005.02,-8.84676,79929.3,,-0.0291164,-0.100784,0.104905,,-24.1506,9.76189,-0.0080658,-0.04811,fluid
1345,3.28951,8.10351,,1004.86,-9.92923,77414.1,,-0.0325935,-0.101231,0.106348,,-23.4321,9.75876,-0.0123496,-0.0512419,fluid
1346,3.28521,8.35643,,1004.7,-10.9757,74897.8,,-0.0359526,-0.101605,0.107778,,-22.7078,9.75494,-0.0160959,-0.0550563,fluid
1347,3.28129,8.6097,,1004.55,-11.9389,72381.2,,-0.0390397,-0.101907,0.109129,,-21.9777,9.75149,-0.0188786,-0.058514,fluid
1348,3.27775,8.86331,,1004.39,-12.758,69865.1,,-0.0416586,-0.102117,0.110287,,-21.2423,9.7486,-0.0205541,-0.0613977,fluid
1349,3.27458,9.11727,,1004.24,-13.3822,67349.4,,-0.043643,-0.10209,0.111028,,-20.5017,9.74649,-0.0210708,-0.0635054,fluid
1350,3.27176,9.37162,,1004.08,-13.7859,64833.7,,-0.0449088,-0.10171,0.111183,,-19.7562,9.74512,-0.0205721,-0.06488,fluid
1351,3.26928,9.62642,,1003.92,-13.9828,62317.7,,-0.0454995,-0.100772,0.110567,,-19.0062,9.74396,-0.0191052,-0.0660382,fluid
1352,3.26713,9.88171,,1003.77,-14.0173,59799.6,,-0.0455596,-0.0992938,0.109247,,-18.2519,9.74272,-0.0171711,-0.0672847,fluid
1353,3.26529,10.1375,,1003.61,-13.9625,57278.5,,-0.0453307,-0.0971987,0.10725,,-17.4939,9.74067,-0.0153735,-0.0693254,fluid
1354,3.26374,10.3939,,1003.45,-13.9019,54754,,-0.0450864,-0.0947473,0.104928,,-16.7328,9.73768,-0.0140901,-0.0723176,fluid
1355,3.26243,10.6507,,1003.29,-13.9054,52226.1,,-0.0450557,-0.0920095,0.102449,,-15.9692,9.73385,-0.0134661,-0.0761485,fluid
1356,3.2613,10.9079,,1003.14,-14.0255,49696.6,,-0.0454094,-0.0892471,0.100135,,-15.2039,9.7297,-0.0132681,-0.0802954,fluid
1357,3.26025,11.1654,,1002.98,-14.2719,47167,,-0.0461795,-0.0864275,0.0979912,,-14.4374,9.72629,-0.013055,-0.0837061,fluid
1358,3.25921,11.4233,,1002.82,-14.6177,44639.4,,-0.0472743,-0.0835435,0.0959915,,-13.6701,9.72323,-0.0121738,-0.0867711,fluid
1359,3.2581,11.6814,,1002.66,-14.9889,42113.9,,-0.0484487,-0.0803392,0.0938172,,-12.902,9.72134,-0.0103885,-0.0886635,fluid
1360,3.25693,11.9399,,1002.5,-15.3024,39587.3,,-0.0494291,-0.0767569,0.0912955,,-12.1331,9.7178,-0.00861092,-0.0922041,fluid
1361,3.25574,12.1987,,1002.34,-15.5775,37054.3,,-0.0502775,-0.0731545,0.088766,,-11.3634,9.71151,-0.0087717,-0.0984863,fluid
1362,3.25452,12.458,,1002.18,-15.9748,34512.9,,-0.0515169,-0.0701833,0.0870614,,-10.5931,9.70174,-0.0116498,-0.108259,fluid
1363,3.25314,12.7175,,1002.02,-16.7194,31964,,-0.0538832,-0.0686169,0.0872449,,-9.82303,9.68815,-0.0173025,-0.121847,fluid
1364,3.25122,12.9769,,1001.86,-18.0634,29416,,-0.058203,-0.069415,0.0905871,,-9.05441,9.67623,-0.02353,-0.13377,fluid
1365,3.24826,13.2356,,1001.7,-20.1062,26873.8,,-0.0647752,-0.0717126,0.096636,,-8.28473,9.67074,-0.0255165,-0.139258,fluid
1366,3.243,13.4929,,1001.54,-23.0407,24329.9,,-0.0741855,-0.0748987,0.10542,,-7.51469,9.67004,-0.0239528,-0.13996,fluid
1367,3.23278,13.748,,1001.38,-27.2452,21809.9,,-0.0875801,-0.0773329,0.116836,,-6.75442,9.67816,-0.0172612,-0.131835,fluid
1368,3.2139,14.0015,,1001.23,-31.508,19360.2,,-0.100825,-0.0748828,0.125591,,-6.00659,9.69806,0.00992948,-0.111944,fluid
1369,3.18592,14.2556,,1001.08,-33.0812,16942.7,,-0.105001,-0.0655082,0.12376,,-5.26463,9.70874,0.0476353,-0.101264,fluid
1370,3.15188,14.5143,,1000.92,-32.5107,14435.6,,-0.10211,-0.054853,0.115911,,-4.52454,9.69966,0.0512362,-0.110338,fluid
1371,3.11276,14.7775,,1000.76,-34.0543,11887.7,,-0.105751,-0.0453012,0.115045,,-3.78215,9.69192,0.0339912,-0.118084,fluid
1372,3.07665,15.0537,,1000.59,-33.9201,9353.75,,-0.104233,-0.0333989,0.109453,,-2.97428,9.69117,0.0641461,-0.118831,fluid
1373,3.06843,15.3353,,1000.44,-25.6852,6850.13,,-0.078708,-0.0252567,0.0826611,,-2.13042,9.66078,0.10106,-0.149216,fluid
1374,3.18133,15.6337,,1000.27,-14.9372,4203.81,,-0.0475398,-0.0261341,0.0542496,,-1.22073,9.70675,0.100318,-0.103249,fluid
1375,3.32579,15.9021,,1000.16,-6.84215,2472.73,,-0.0227993,-0.02963,0.0373864,,-0.556477,9.70035,0.186906,-0.109654,fluid
1376,3.74811,0.12016,,1009.73,7.32988,157299,,0.0281895,-1.63888e-05,0.0281895,,-41.5491,9.81089,0.013822,0.000888624,fluid
1377,3.8208,0.360311,,1009.55,19.1683,154243,,0.0735918,-0.00229649,0.0736276,,-39.9634,9.8096,0.0240427,-0.000401051,fluid
1378,3.91144,0.598937,,1009.41,24.2227,151885,,0.0948355,-0.00246425,0.0948675,,-38.4518,9.81166,0.0173874,0.00166268,fluid
1379,3.96084,0.832848,,1009.22,34.5745,148836,,0.136799,-0.00742511,0.137,,-37.1846,9.81449,0.0489436,0.00449245,fluid
1380,3.95941,1.06677,,1009.16,24.8875,147717,,0.0983494,-0.0136394,0.0992907,,-36.9837,9.81244,-0.0144454,0.00243974,fluid
1381,3.97453,1.30589,,1009,28.2474,145093,,0.112134,-0.0117015,0.112743,,-36.1593,9.82861,0.0208139,0.0186099,fluid
1382,3.97132,1.54145,,1008.87,26.0303,143050,,0.103132,-0.0166294,0.104464,,-35.6954,9.83066,0.00864881,0.0206621,fluid
1383,3.96792,1.77776,,1008.73,27.21,140633,,0.107645,-0.0210451,0.109683,,-35.1247,9.83441,0.0110609,0.0244146,fluid
1384,3.95826,2.01484,,1008.58,27.9773,138243,,0.110367,-0.0264971,0.113503,,-34.6205,9.83966,0.00741144,0.0296637,fluid
1385,3.94176,2.25168,,1008.44,28.6287,135875,,0.112423,-0.0339408,0.117435,,-34.173,9.83493,0.00907316,0.0249316,fluid
1386,3.9198,2.48942,,1008.3,28.9574,133528,,0.113066,-0.0413992,0.120406,,-33.7698,9.82428,0.0148066,0.0142841,fluid
1387,3.89334,2.72796,,1008.16,28.6077,131217,,0.110934,-0.0483272,0.121003,,-33.4105,9.81381,0.0196593,0.00381444,fluid
1388,3.86338,2.9671,,1008.02,27.4935,128933,,0.10575,-0.0544887,0.118963,,-33.0857,9.80274,0.0219077,-0.00726385,fluid
1389,3.83153,3.20695,,1007.88,25.8228,126639,,0.0984522,-0.0594493,0.115009,,-32.7714,9.79393,0.0218702,-0.0160678,fluid
1390,3.79904,3.44747,,1007.74,23.7602,124311,,0.0897602,-0.0632847,0.109826,,-32.4511,9.79109,0.0193961,-0.0189106,fluid
1391,3.76707,3.68876,,1007.59,21.4716,121941,,0.0803656,-0.0663703,0.104229,,-32.1098,9.79214,0.0165067,-0.0178593,fluid
1392,3.73684,3.93108,,1007.45,19.08,119528,,0.0707921,-0.0689708,0.0988357,,-31.7342,9.79489,0.0157391,-0.0151133,fluid
1393,3.70957,4.17477,,1007.3,16.7692,117072,,0.0617385,-0.0707566,0.093905,,-31.3129,9.79769,0.0179002,-0.0123059,fluid
1394,3.6861,4.42005,,1007.14,14.7246,114574,,0.0538557,-0.0713617,0.0894032,,-30.84,9.79968,0.0221672,-0.0103222,fluid
1395,3.66642,4.66681,,1006.99,12.935,112044,,0.0470464,-0.0708526,0.0850497,,-30.3202,9.80036,0.0271045,-0.00964174,fluid
1396,3.64977,4.91462,,1006.83,11.1407,109504,,0.0403119,-0.0697291,0.0805432,,-29.7682,9.79893,0.0312987,-0.0110686,fluid
1397,3.63528,5.16299,,1006.68,9.12436,106973,,0.0328379,-0.0685845,0.0760405,,-29.1976,9.79549,0.0334543,-0.0145066,fluid
1398,3.62243,5.41155,,1006.53,6.88061,104453,,0.0246042,-0.0675542,0.0718953,,-28.6144,9.7913,0.0337253,-0.0187021,fluid
1399,3.61104,5.66014,,1006.37,4.56492,101942,,0.016165,-0.0669208,0.0688455,,-28.0211,9.78815,0.0306911,-0.0218489,fluid
1400,3.60093,5.90872,,1006.22,2.3978,99432.1,,0.008314,-0.0668232,0.0673384,,-27.417,9.786,0.0252779,-0.0239953,fluid
1401,3.59191,6.15738,,1006.06,0.499537,96925,,0.00147828,-0.0673806,0.0673968,,-26.8021,9.78544,0.0195443,-0.0245607,fluid
1402,3.58379,6.40623,,1005.91,-1.11082,94421.3,,-0.00428334,-0.0684353,0.0685692,,-26.1775,9.78476,0.0145088,-0.0252424,fluid
1403,3.57639,6.65538,,1005.76,-2.4786,91920.4,,-0.00914092,-0.0697665,0.0703628,,-25.5447,9.78446,0.010221,-0.0255447,fluid
1404,3.56959,6.90491,,1005.6,-3.67538,89420.9,,-0.0133577,-0.0712111,0.0724531,,-24.9048,9.78401,0.00638652,-0.0259946,fluid
1405,3.56329,7.15486,,1005.45,-4.76629,86921.5,,-0.0171715,-0.0726197,0.0746222,,-24.2587,9.78328,0.00268366,-0.0267207,fluid
1406,3.55744,7.40525,,1005.29,-5.79807,84421.1,,-0.0207551,-0.0739037,0.0767628,,-23.607,9.78192,-0.00113489,-0.0280845,fluid
1407,3.552,7.65608,,1005.14,-6.79686,81919.1,,-0.0242083,-0.0750105,0.0788202,,-22.9501,9.77969,-0.00516577,-0.0303138,fluid
1408,3.54697,7.90732,,1004.98,-7.77181,79415.3,,-0.0275698,-0.0759679,0.0808159,,-22.2878,9.77679,-0.00926049,-0.0332112,fluid
1409,3.54235,8.15893,,1004.83,-8.71617,76909.9,,-0.0308215,-0.0767938,0.0827481,,-21.6205,9.77308,-0.0132805,-0.0369189,fluid
1410,3.53812,8.41088,,1004.67,-9.6078,74403,,-0.0338887,-0.0775628,0.084643,,-20.9481,9.76925,-0.016952,-0.0407519,fluid
1411,3.53427,8.66315,,1004.52,-10.4145,71895.2,,-0.0366596,-0.0782682,0.0864282,,-20.2708,9.76507,-0.0200059,-0.0449328,fluid
1412,3.53075,8.91573,,1004.36,-11.1064,69387.5,,-0.0390295,-0.0789211,0.0880446,,-19.5891,9.76136,-0.0221487,-0.0486441,fluid
1413,3.52755,9.16862,,1004.21,-11.6606,66880.5,,-0.0409171,-0.0794204,0.089341,,-18.9032,9.75763,-0.0231687,-0.0523674,fluid
1414,3.52464,9.42184,,1004.05,-12.072,64374.7,,-0.0423049,-0.0796852,0.0902188,,-18.2136,9.75468,-0.0230943,-0.0553201,fluid
1415,3.52201,9.67543,,1003.9,-12.3456,61869,,-0.0432096,-0.0795598,0.0905363,,-17.5203,9.75131,-0.0220692,-0.0586918,fluid
1416,3.51966,9.9294,,1003.74,-12.5037,59362.6,,-0.0437101,-0.0789119,0.090209,,-16.8236,9.74887,-0.0204005,-0.0611298,fluid
1417,3.51758,10.1838,,1003.58,-12.5852,56855,,-0.0439437,-0.0777529,0.0893116,,-16.1238,9.7457,-0.0183684,-0.064295,fluid
1418,3.51576,10.4386,,1003.43,-12.6344,54345,,-0.0440678,-0.0761063,0.0879439,,-15.4212,9.74276,-0.016426,-0.0672407,fluid
1419,3.51419,10.6938,,1003.27,-12.6979,51832.2,,-0.0442483,-0.0741315,0.0863331,,-14.7164,9.73855,-0.0149929,-0.0714475,fluid
1420,3.51281,10.9494,,1003.11,-12.816,49316.5,,-0.0446275,-0.0720181,0.0847244,,-14.0098,9.73415,-0.0142905,-0.0758525,fluid
1421,3.51158,11.2053,,1002.96,-13.0283,46799.7,,-0.0453447,-0.0699196,0.0833361,,-13.3021,9.7291,-0.0141348,-0.080903,fluid
1422,3.51039,11.4614,,1002.8,-13.3462,44283.1,,-0.0464364,-0.0679118,0.08227,,-12.5935,9.72511,-0.0138187,-0.084894,fluid
1423,3.50913,11.7178,,1002.64,-13.7362,41770,,-0.0477815,-0.0657779,0.0813007,,-11.8844,9.72212,-0.0125153,-0.0878795,fluid
1424,3.50776,11.9744,,1002.48,-14.1122,39260.3,,-0.0490697,-0.0632846,0.0800798,,-11.1747,9.72041,-0.00997081,-0.0895905,fluid
1425,3.50629,12.2313,,1002.33,-14.3945,36749.3,,-0.0500193,-0.0602341,0.0782948,,-10.4642,9.71785,-0.00752006,-0.092151,fluid
1426,3.50477,12.4885,,1002.17,-14.6274,34233.5,,-0.050787,-0.0570009,0.0763441,,-9.75352,9.71291,-0.00694812,-0.0970934,fluid
1427,3.50319,12.7463,,1002.01,-14.9558,31710.8,,-0.0518829,-0.0541863,0.0750199,,-9.04296,9.7046,-0.00910952,-0.105403,fluid
1428,3.5014,13.0043,,1001.85,-15.6109,29181,,-0.0541279,-0.0529259,0.0757033,,-8.33348,9.69168,-0.0147579,-0.118321,fluid
1429,3.49921,13.2623,,1001.69,-16.9172,26647.6,,-0.0586581,-0.0541389,0.0798236,,-7.62348,9.68203,-0.0210078,-0.127975,fluid
1430,3.4955,13.5192,,1001.53,-19.3534,24102,,-0.0671095,-0.0573585,0.0882818,,-6.91069,9.67566,-0.0260639,-0.134345,fluid
1431,3.48745,13.774,,1001.37,-23.4382,21561.4,,-0.0812358,-0.0617121,0.102018,,-6.20047,9.67813,-0.0263536,-0.131871,fluid
1432,3.47046,14.0263,,1001.21,-28.2205,19102.2,,-0.0975222,-0.0636717,0.116467,,-5.50344,9.69034,-0.00588707,-0.119656,fluid
1433,3.44306,14.2774,,1001.06,-30.8281,16723.3,,-0.105774,-0.0598123,0.121514,,-4.81621,9.70914,0.0357325,-0.100858,fluid
1434,3.40739,14.5314,,1000.9,-30.8212,14242,,-0.104665,-0.0513845,0.116598,,-4.12931,9.70995,0.046651,-0.100047,fluid
1435,3.36462,14.7895,,1000.75,-32.294,11751.8,,-0.108416,-0.042668,0.11651,,-3.45495,9.70995,0.0351909,-0.100053,fluid
1436,3.32337,15.0608,,1000.59,-31.1768,9280.56,,-0.10349,-0.029737,0.107678,,-2.72195,9.71152,0.0689147,-0.098483,fluid
1437,3.31183,15.3377,,1000.43,-22.4638,6804.98,,-0.0742784,-0.0243554,0.0781695,,-1.9617,9.68225,0.0921546,-0.127751,fluid
1438,3.42643,15.6324,,1000.27,-12.7265,4176.68,,-0.0436294,-0.0247485,0.0501599,,-1.13137,9.73303,0.0872673,-0.0769726,fluid
1439,3.5787,15.8981,,1000.16,-3.08327,2481.18,,-0.0110641,-0.0297641,0.031754,,-0.534497,9.74645,0.158713,-0.0635545,fluid
1440,3.99904,0.120258,,1009.74,6.88223,157355,,0.0280785,-3.6494e-05,0.0280785,,-38.9566,9.81072,0.0122444,0.00071831,fluid
1441,4.06719,0.361567,,1009.56,17.3919,154406,,0.071007,-0.00256155,0.0710532,,-37.5791,9.80977,0.0253202,-0.000233278,fluid
1442,4.15481,0.602023,,1009.42,21.4429,152107,,0.0890646,-0.00323681,0.0891234,,-36.2577,9.81363,0.0106361,0.00362802,fluid
1443,4.20616,0.839738,,1009.23,32.8986,148883,,0.138086,-0.00833153,0.138337,,-35.0243,9.81071,0.0484544,0.000706361,fluid
1444,4.1959,1.07967,,1009.16,21.3696,147863,,0.0893869,-0.0123979,0.0902426,,-34.9442,9.8121,-0.0242261,0.0021031,fluid
1445,4.21163,1.32731,,1009,25.2103,145063,,0.105946,-0.00652281,0.106147,,-34.1217,9.82779,0.0146901,0.0177929,fluid
1446,4.20864,1.57219,,1008.86,23.5956,142859,,0.0989675,-0.00625075,0.0991647,,-33.642,9.82788,0.00417644,0.0178769,fluid
1447,4.20391,1.81761,,1008.71,24.6182,140361,,0.103118,-0.00447057,0.103215,,-33.0921,9.83115,0.00777757,0.0211519,fluid
1448,4.19369,2.0632,,1008.56,25.3215,137899,,0.105786,-0.00259811,0.105818,,-32.5945,9.83598,0.00865984,0.0259818,fluid
1449,4.17718,2.30703,,1008.42,25.8698,135476,,0.107625,-0.00246088,0.107653,,-32.1481,9.83765,0.0135729,0.0276513,fluid
1450,4.15516,2.54951,,1008.27,25.8207,133108,,0.106842,-0.0042714,0.106927,,-31.7526,9.8389,0.0189107,0.0289019,fluid
1451,4.12934,2.79094,,1008.13,25.1942,130761,,0.103566,-0.00757154,0.103842,,-31.3903,9.83878,0.0208025,0.028775,fluid
1452,4.10054,3.03149,,1007.99,23.9364,128428,,0.0976452,-0.0123766,0.0984265,,-31.0525,9.83576,0.019168,0.0257599,fluid
1453,4.07012,3.27164,,1007.85,22.2939,126075,,0.0902043,-0.0182003,0.0920221,,-30.7196,9.83257,0.0151506,0.022566,fluid
1454,4.0392,3.51189,,1007.7,20.4429,123690,,0.0820259,-0.0243891,0.0855749,,-30.377,9.82854,0.0114409,0.0185449,fluid
1455,4.00877,3.75269,,1007.55,18.4052,121284,,0.0732412,-0.0304423,0.0793159,,-30.0175,9.82306,0.0102191,0.0130627,fluid
1456,3.97993,3.99443,,1007.41,16.2288,118863,,0.0640732,-0.0357966,0.0733946,,-29.6344,9.81838,0.0115645,0.00838227,fluid
1457,3.95388,4.23749,,1007.26,14.0943,116421,,0.0552389,-0.0399228,0.0681554,,-29.2177,9.81462,0.0148509,0.00462049,fluid
1458,3.93144,4.48201,,1007.11,12.1701,113950,,0.0473856,-0.0425515,0.0636869,,-28.7593,9.81143,0.0203805,0.00142977,fluid
1459,3.91267,4.72791,,1006.95,10.4599,111450,,0.0404873,-0.0436257,0.0595183,,-28.2614,9.80855,0.0263207,-0.00145421,fluid
1460,3.89696,4.97484,,1006.8,8.79841,108936,,0.033862,-0.0436228,0.0552231,,-27.7346,9.80493,0.0305945,-0.00507344,fluid
1461,3.88352,5.22233,,1006.65,7.02127,106422,,0.0268505,-0.043082,0.0507643,,-27.1904,9.80183,0.0321588,-0.00816816,fluid
1462,3.87178,5.47005,,1006.49,5.14199,103914,,0.0194931,-0.0426384,0.0468829,,-26.6353,9.79927,0.030458,-0.0107266,fluid
1463,3.8614,5.71787,,1006.34,3.31973,101408,,0.0123989,-0.0425894,0.0443575,,-26.0708,9.79783,0.0257921,-0.0121715,fluid
1464,3.85212,5.96579,,1006.19,1.66412,98904.3,,0.00598913,-0.0431696,0.0435831,,-25.4972,9.79682,0.020283,-0.0131782,fluid
1465,3.84373,6.21388,,1006.03,0.219158,96404.2,,0.000425337,-0.0442247,0.0442267,,-24.9155,9.79567,0.0150484,-0.0143286,fluid
1466,3.83604,6.46221,,1005.88,-1.02828,93907.7,,-0.00434825,-0.0456911,0.0458976,,-24.3266,9.79478,0.0106677,-0.0152164,fluid
1467,3.82894,6.71087,,1005.72,-2.12548,91413.1,,-0.00851639,-0.0473842,0.0481435,,-23.7312,9.79361,0.00716016,-0.0163896,fluid
1468,3.82232,6.95989,,1005.57,-3.1311,88919.6,,-0.0123063,-0.0491357,0.0506533,,-23.1302,9.7921,0.00411748,-0.0179046,fluid
1469,3.81615,7.20929,,1005.42,-4.08608,86426.1,,-0.0158783,-0.050799,0.0532228,,-22.5243,9.79019,0.00116959,-0.0198117,fluid
1470,3.81039,7.45906,,1005.26,-5.00869,83931.8,,-0.0193073,-0.0522967,0.0557469,,-21.9137,9.78793,-0.00192537,-0.0220713,fluid
1471,3.80504,7.70919,,1005.11,-5.90499,81436.5,,-0.0226224,-0.0536231,0.0581998,,-21.2987,9.78533,-0.00520889,-0.0246684,fluid
1472,3.8001,7.95965,,1004.96,-6.76934,78939.8,,-0.0258095,-0.0547925,0.0605669,,-20.6793,9.78244,-0.0086962,-0.027557,fluid
1473,3.79557,8.21043,,1004.8,-7.5922,76441.9,,-0.0288372,-0.0558764,0.0628789,,-20.0558,9.77909,-0.012212,-0.0309133,fluid
1474,3.79141,8.46151,,1004.65,-8.3566,73943.1,,-0.0316445,-0.0568901,0.0650988,,-19.4282,9.77549,-0.0156131,-0.0345106,fluid
1475,3.7876,8.71287,,1004.49,-9.04523,71443.8,,-0.0341669,-0.0578835,0.0672151,,-18.7968,9.77158,-0.0185721,-0.0384237,fluid
1476,3.78411,8.9645,,1004.34,-9.64197,68944.7,,-0.036344,-0.058792,0.0691186,,-18.1616,9.76758,-0.0207817,-0.0424224,fluid
1477,3.7809,9.21641,,1004.18,-10.1392,66446,,-0.0381468,-0.0596056,0.0707673,,-17.523,9.76346,-0.02203,-0.046539,fluid
1478,3.77794,9.46861,,1004.03,-10.5402,63948.3,,-0.039588,-0.0601781,0.072032,,-16.8811,9.7594,-0.0222453,-0.0505989,fluid
1479,3.77523,9.7211,,1003.87,-10.8537,61451.4,,-0.0407029,-0.0605007,0.0729182,,-16.2364,9.75564,-0.0216441,-0.0543647,fluid
1480,3.77275,9.97389,,1003.71,-11.0944,58955,,-0.0415477,-0.0604246,0.0733304,,-15.5891,9.75158,-0.0204418,-0.0584223,fluid
1481,3.77052,10.227,,1003.56,-11.275,56458.1,,-0.0421703,-0.0599324,0.0732818,,-14.9393,9.74822,-0.0187823,-0.0617826,fluid
1482,3.76852,10.4804,,1003.4,-11.4213,53961,,-0.0426706,-0.0589835,0.0727999,,-14.2872,9.74492,-0.0169086,-0.0650752,fluid
1483,3.76676,10.7341,,1003.25,-11.5528,51462.7,,-0.0431228,-0.0576795,0.0720174,,-13.6333,9.74149,-0.0151625,-0.0685093,fluid
1484,3.76519,10.9882,,1003.09,-11.6914,48962.6,,-0.0436096,-0.0560807,0.0710412,,-12.9779,9.7374,-0.0139405,-0.0725973,fluid
1485,3.76378,11.2426,,1002.93,-11.8691,46460.1,,-0.0442494,-0.0544436,0.0701577,,-12.3213,9.73255,-0.0134461,-0.0774536,fluid
1486,3.76247,11.4972,,1002.78,-12.1292,43956.1,,-0.0452059,-0.0528915,0.0695779,,-11.664,9.72773,-0.0135755,-0.0822713,fluid
1487,3.76113,11.752,,1002.62,-12.489,41453.7,,-0.0465398,-0.0514693,0.0693905,,-11.006,9.72355,-0.0132439,-0.0864496,fluid
1488,3.75967,12.0069,,1002.46,-12.8977,38955,,-0.048053,-0.0499201,0.06929,,-10.3474,9.72107,-0.0115486,-0.088931,fluid
1489,3.75804,12.262,,1002.31,-13.2637,36458.9,,-0.0493972,-0.0479574,0.0688476,,-9.68793,9.71967,-0.00866845,-0.0903303,fluid
1490,3.75626,12.5174,,1002.15,-13.5394,33962.6,,-0.0503929,-0.0454156,0.0678382,,-9.02805,9.71789,-0.00585143,-0.0921084,fluid
1491,3.75435,12.7731,,1001.99,-13.7521,31464.3,,-0.0511459,-0.0425635,0.0665399,,-8.36864,9.71443,-0.00455424,-0.0955738,fluid
1492,3.75234,13.0294,,1001.84,-13.9818,28961.4,,-0.0519594,-0.0400039,0.0655751,,-7.71042,9.70672,-0.00631663,-0.103276,fluid
1493,3.75041,13.286,,1001.68,-14.5626,26445.9,,-0.0541019,-0.0394975,0.0669855,,-7.05272,9.69587,-0.0130567,-0.114126,fluid
1494,3.74786,13.5422,,1001.52,-16.2677,23907.2,,-0.0604532,-0.0416676,0.0734219,,-6.39258,9.6873,-0.0233529,-0.1227,fluid
1495,3.7419,13.7967,,1001.36,-19.8681,21361.8,,-0.0738638,-0.0462089,0.087127,,-5.73103,9.68466,-0.0299425,-0.125338,fluid
1496,3.72743,14.0485,,1001.2,-24.5641,18889.1,,-0.0911683,-0.0501429,0.104048,,-5.07725,9.69164,-0.0157279,-0.118363,fluid
1497,3.70207,14.2981,,1001.05,-27.8155,16502.2,,-0.102639,-0.051048,0.114633,,-4.43411,9.70412,0.0187709,-0.105875,fluid
1498,3.666,14.5482,,1000.89,-29.125,14052.9,,-0.10644,-0.0469047,0.116317,,-3.79629,9.71625,0.0336156,-0.0937526,fluid
1499,3.61951,14.8012,,1000.74,-30.8871,11615,,-0.111577,-0.0392546,0.11828,,-3.17397,9.7244,0.0326522,-0.0855962,fluid
1500,3.57289,15.0676,,1000.59,-28.874,9212.07,,-0.103049,-0.0260466,0.10629,,-2.50616,9.72955,0.0706532,-0.0804525,fluid
1501,3.55774,15.3397,,1000.43,-19.6362,6759.6,,-0.0697285,-0.0223105,0.0732108,,-1.81893,9.70457,0.0802175,-0.105426,fluid
1502,3.6729,15.6311,,1000.26,-10.6022,4158.34,,-0.0389679,-0.0211231,0.0443248,,-1.06091,9.75665,0.0709621,-0.0533532,fluid
1503,3.83232,15.8946,,1000.16,-0.171653,2487.82,,-0.000673207,-0.0252015,0.0252105,,-0.526582,9.78591,0.122483,-0.0240868,fluid
1504,4.24952,0.12051,,1009.74,6.61098,157351,,0.0284763,-0.000115316,0.0284765,,-36.6627,9.81051,0.0083041,0.000508741,fluid
1505,4.31365,0.362776,,1009.56,16.0468,154494,,0.0693805,-0.00297468,0.0694442,,-35.4475,9.80932,0.0282823,-0.000682601,fluid
1506,4.39634,0.605546,,1009.43,19.3451,152234,,0.0848786,-0.00423452,0.0849842,,-34.2967,9.81151,0.00723514,0.00150779,fluid
1507,4.44697,0.849443,,1009.23,30.6945,148942,,0.136083,-0.00542686,0.136191,,-33.1393,9.81075,0.0472403,0.000746792,fluid
1508,4.42749,1.09576,,1009.17,17.8785,147969,,0.078812,-0.00706573,0.0791281,,-33.1474,9.80702,-0.0304873,-0.00297569,fluid
1509,4.44329,1.35025,,1008.99,22.141,145038,,0.0980769,0.00144985,0.0980876,,-32.336,9.81557,0.0150113,0.00556868,fluid
1510,4.44031,1.60155,,1008.86,20.5561,142767,,0.0908694,0.00367998,0.0909439,,-31.8676,9.80817,0.00261634,-0.00183411,fluid
1511,4.43525,1.85264,,1008.7,21.4367,140212,,0.094656,0.00784585,0.0949806,,-31.3329,9.81153,0.00739823,0.00152891,fluid
1512,4.42552,2.1033,,1008.55,21.931,137705,,0.0965793,0.0124679,0.0973807,,-30.8468,9.81552,0.00546871,0.00552011,fluid
1513,4.41077,2.35185,,1008.4,22.6196,135200,,0.099256,0.0163541,0.100594,,-30.3873,9.82281,0.00966355,0.0128141,fluid
1514,4.39048,2.59803,,1008.25,22.7247,132755,,0.0992419,0.0181151,0.100882,,-29.9756,9.83236,0.0140217,0.0223581,fluid
1515,4.36662,2.84221,,1008.1,22.3878,130332,,0.0972017,0.0171365,0.0987007,,-29.5906,9.83968,0.0168035,0.0296805,fluid
1516,4.33987,3.08479,,1007.96,21.4963,127927,,0.0927062,0.0136239,0.0937019,,-29.2281,9.84098,0.0163688,0.0309777,fluid
1517,4.31124,3.32631,,1007.81,20.1794,125524,,0.0864049,0.00814066,0.0867875,,-28.8749,9.83907,0.0148784,0.0290722,fluid
1518,4.28189,3.56749,,1007.67,18.548,123115,,0.0788278,0.00173315,0.0788468,,-28.5204,9.83437,0.0132905,0.0243661,fluid
1519,4.25281,3.80888,,1007.52,16.6371,120704,,0.0701707,-0.00481813,0.0703359,,-28.1577,9.8284,0.0126124,0.0184023,fluid
1520,4.22513,4.05094,,1007.37,14.5303,118289,,0.0608273,-0.0108366,0.061785,,-27.7777,9.8224,0.0139015,0.0124031,fluid
1521,4.20007,4.29407,,1007.22,12.4033,115859,,0.0515488,-0.015633,0.0538671,,-27.3701,9.81661,0.017024,0.00661499,fluid
1522,4.17846,4.53846,,1007.07,10.4383,113402,,0.0430855,-0.0187651,0.0469946,,-26.9277,9.81189,0.0214563,0.00188925,fluid
1523,4.16046,4.78403,,1006.92,8.69279,110918,,0.035649,-0.0202182,0.0409832,,-26.4507,9.80873,0.0260979,-0.00126779,fluid
1524,4.14557,5.03048,,1006.77,7.08705,108416,,0.0288709,-0.0204805,0.0353975,,-25.9475,9.80695,0.0288952,-0.00305095,fluid
1525,4.13303,5.27743,,1006.61,5.51551,105909,,0.022289,-0.0202919,0.0301423,,-25.428,9.80547,0.0286218,-0.00452624,fluid
1526,4.12219,5.52462,,1006.46,3.9886,103404,,0.0159324,-0.0202925,0.0257998,,-24.8984,9.80487,0.0252831,-0.00513439,fluid
1527,4.11259,5.77194,,1006.31,2.57187,100902,,0.0100653,-0.0207756,0.0230854,,-24.3606,9.80409,0.0204817,-0.00591438,fluid
1528,4.10393,6.01939,,1006.15,1.3035,98405,,0.00483632,-0.0217721,0.0223028,,-23.8161,9.80341,0.0154593,-0.00659336,fluid
1529,4.09598,6.26705,,1006,0.192476,95912.1,,0.000278066,-0.0232779,0.0232796,,-23.2653,9.80228,0.0111645,-0.0077151,fluid
1530,4.08862,6.51495,,1005.85,-0.795971,93422.1,,-0.0037537,-0.0251,0.0253791,,-22.7085,9.80081,0.00795105,-0.00919329,fluid
1531,4.08174,6.76316,,1005.7,-1.71031,90934,,-0.00745878,-0.027069,0.0280778,,-22.1466,9.79868,0.00550248,-0.0113168,fluid
1532,4.07529,7.01168,,1005.54,-2.586,88446.5,,-0.0109821,-0.0290256,0.0310337,,-21.5801,9.79625,0.00338635,-0.0137479,fluid
1533,4.06926,7.26052,,1005.39,-3.43976,85958.9,,-0.0143944,-0.030876,0.0340665,,-21.0095,9.79364,0.00119143,-0.0163559,fluid
1534,4.06363,7.50968,,1005.24,-4.27276,83470.6,,-0.0177043,-0.0325802,0.0370798,,-20.4352,9.79081,-0.00124406,-0.019188,fluid
1535,4.0584,7.75912,,1005.08,-5.07726,80981.4,,-0.0208848,-0.034138,0.0400197,,-19.8571,9.78796,-0.00392789,-0.0220403,fluid
1536,4.05357,8.00885,,1004.93,-5.8447,78491.4,,-0.0239063,-0.0355727,0.0428594,,-19.2754,9.78484,-0.00684277,-0.0251578,fluid
1537,4.04913,8.25885,,1004.77,-6.56347,76000.6,,-0.0267258,-0.0369179,0.0455763,,-18.6903,9.78165,-0.00983606,-0.0283543,fluid
1538,4.04505,8.50911,,1004.62,-7.2258,73509.4,,-0.0293141,-0.0381962,0.0481484,,-18.1019,9.77797,-0.012711,-0.0320321,fluid
1539,4.04129,8.75961,,1004.46,-7.82343,71018.4,,-0.0316399,-0.0394096,0.0505391,,-17.5103,9.77423,-0.0152434,-0.0357679,fluid
1540,4.03783,9.01036,,1004.31,-8.35281,68528,,-0.0336894,-0.0405306,0.0527039,,-16.9159,9.76998,-0.0172143,-0.0400158,fluid
1541,4.03463,9.26134,,1004.16,-8.81243,66038.5,,-0.0354574,-0.0415162,0.0545969,,-16.3187,9.7659,-0.0185102,-0.0441045,fluid
1542,4.03165,9.51256,,1004,-9.20444,63549.7,,-0.0369535,-0.0423132,0.056178,,-15.7189,9.76152,-0.019017,-0.0484778,fluid
1543,4.0289,9.764,,1003.85,-9.53689,61061.7,,-0.0382122,-0.0428656,0.057425,,-15.1167,9.75748,-0.0188469,-0.0525163,fluid
1544,4.02637,10.0157,,1003.69,-9.8168,58574.3,,-0.0392646,-0.043156,0.0583451,,-14.5124,9.75357,-0.0181647,-0.0564301,fluid
1545,4.02406,10.2676,,1003.54,-10.0574,56087.1,,-0.0401669,-0.0431507,0.0589522,,-13.9061,9.74963,-0.0172533,-0.0603699,fluid
1546,4.02198,10.5198,,1003.38,-10.2695,53600.2,,-0.0409632,-0.0427905,0.0592369,,-13.298,9.74597,-0.0160658,-0.0640301,fluid
1547,4.02009,10.7721,,1003.23,-10.4618,51113.7,,-0.041689,-0.0420918,0.0592426,,-12.6883,9.74285,-0.0146073,-0.0671534,fluid
1548,4.01839,11.0248,,1003.07,-10.6387,48627.5,,-0.0423613,-0.041091,0.0590165,,-12.0773,9.73948,-0.0130994,-0.0705178,fluid
1549,4.01684,11.2777,,1002.91,-10.81,46139.8,,-0.0430175,-0.0398973,0.0586711,,-11.4654,9.73558,-0.0121702,-0.0744224,fluid
1550,4.0154,11.5308,,1002.76,-11.019,43650,,-0.0438307,-0.0386971,0.0584688,,-10.8529,9.73091,-0.0121299,-0.0790931,fluid
1551,4.01399,11.7841,,1002.6,-11.3145,41159.7,,-0.0449962,-0.0376503,0.0586703,,-10.2399,9.72635,-0.0124178,-0.0836468,fluid
1552,4.0125,12.0375,,1002.45,-11.6954,38672,,-0.0465043,-0.0367022,0.0592428,,-9.62618,9.72268,-0.0117949,-0.0873213,fluid
1553,4.01083,12.2911,,1002.29,-12.0971,36187,,-0.0480906,-0.0356703,0.0598755,,-9.01157,9.7205,-0.00985327,-0.089495,fluid
1554,4.00893,12.5447,,1002.13,-12.4636,33703.3,,-0.0495301,-0.0342037,0.0601924,,-8.39621,9.71969,-0.00706028,-0.0903115,fluid
1555,4.00676,12.7986,,1001.98,-12.7446,31222.9,,-0.0506228,-0.0321037,0.0599443,,-7.78101,9.71924,-0.00385445,-0.0907638,fluid
1556,4.00439,13.0529,,1001.82,-12.8458,28747.5,,-0.0509878,-0.0294439,0.0588787,,-7.16725,9.71667,-0.00131669,-0.0933319,fluid
1557,4.00232,13.3078,,1001.66,-12.9149,26257.2,,-0.0512252,-0.0276487,0.0582106,,-6.55474,9.70868,-0.00516041,-0.10132,fluid
1558,4.00041,13.5628,,1001.51,-13.8889,23732.5,,-0.0550911,-0.0285171,0.0620343,,-5.9413,9.70012,-0.0176934,-0.109883,fluid
1559,3.99619,13.8167,,1001.34,-16.7812,21193.3,,-0.0666291,-0.032142,0.0739767,,-5.32545,9.69514,-0.029182,-0.114859,fluid
1560,3.9844,14.0681,,1001.19,-21.0149,18720.3,,-0.0833779,-0.036793,0.0911351,,-4.71324,9.69778,-0.0204138,-0.112216,fluid
1561,3.962,14.3169,,1001.04,-24.4293,16308.7,,-0.0964731,-0.0399776,0.104428,,-4.10772,9.70459,0.00429673,-0.105411,fluid
1562,3.92706,14.5644,,1000.88,-26.9828,13859.7,,-0.105675,-0.0403805,0.113127,,-3.51427,9.71693,0.0119089,-0.0930696,fluid
1563,3.87752,14.8129,,1000.73,-29.5485,11480,,-0.114384,-0.0352146,0.119682,,-2.93381,9.73477,0.0246779,-0.0752261,fluid
1564,3.82536,15.0744,,1000.58,-26.9967,9144.68,,-0.103164,-0.0220101,0.105486,,-2.32092,9.74232,0.0682299,-0.0676812,fluid
1565,3.80615,15.3415,,1000.43,-17.3893,6710.91,,-0.0660419,-0.0191841,0.0687718,,-1.69714,9.72597,0.0652798,-0.0840312,fluid
1566,3.92048,15.63,,1000.26,-8.803,4153.64,,-0.0345439,-0.0155063,0.0378646,,-1.00659,9.77681,0.0526033,-0.0331862,fluid
1567,4.08644,15.8921,,1000.16,1.75074,2492.67,,0.00715833,-0.0167239,0.0181915,,-0.52909,9.81525,0.0808,0.00525052,fluid
1568,4.49936,0.120797,,1009.73,6.37255,157326,,0.0289048,-0.000202751,0.0289055,,-34.6232,9.81034,0.00611142,0.000340954,fluid
1569,4.55998,0.364219,,1009.57,15.0322,154531,,0.0685533,-0.00294875,0.0686167,,-33.5389,9.80915,0.028489,-0.000853646,fluid
1570,4.63457,0.610381,,1009.43,17.3521,152326,,0.0801089,-0.00305557,0.0801672,,-32.5561,9.81099,0.00405039,0.000991257,fluid
1571,4.68248,0.861228,,1009.24,27.7518,149053,,0.129442,0.000298013,0.129442,,-31.4961,9.81151,0.0447621,0.00150824,fluid
1572,4.65599,1.1129,,1009.18,14.5824,148047,,0.0674991,0.00127155,0.067511,,-31.5422,9.80964,-0.034276,-0.000358856,fluid
1573,4.67271,1.37095,,1008.99,19.5666,145002,,0.0910614,0.009278,0.0915329,,-30.7357,9.81113,0.0194882,0.00112733,fluid
1574,4.66992,1.6256,,1008.85,17.8544,142709,,0.0828946,0.0105643,0.0835651,,-30.2884,9.80372,0.00249651,-0.00627945,fluid
1575,4.66527,1.88008,,1008.7,18.6903,140103,,0.0866856,0.0143705,0.0878687,,-29.7643,9.80339,0.00773658,-0.00661428,fluid
1576,4.65631,2.13397,,1008.54,18.923,137567,,0.0875191,0.0183943,0.0894312,,-29.2915,9.80079,0.00244556,-0.00920517,fluid
1577,4.64367,2.3862,,1008.39,19.6864,134989,,0.0907852,0.0228055,0.0936058,,-28.8228,9.80391,0.0048983,-0.00609267,fluid
1578,4.62564,2.6361,,1008.23,19.9824,132463,,0.0917733,0.0264435,0.0955071,,-28.3946,9.81019,0.00822561,0.000191213,fluid
1579,4.6041,2.88372,,1008.08,19.9702,129964,,0.0912676,0.0283496,0.0955692,,-27.9888,9.81671,0.0127448,0.00670805,fluid
1580,4.57959,3.12935,,1007.93,19.4405,127497,,0.0883473,0.0279316,0.0926575,,-27.6063,9.82346,0.0149306,0.013459,fluid
1581,4.55289,3.37344,,1007.78,18.4049,125057,,0.0831143,0.0253129,0.0868834,,-27.2401,9.82665,0.0153902,0.0166508,fluid
1582,4.52518,3.61668,,1007.64,16.9821,122628,,0.0761673,0.021201,0.0790628,,-26.8789,9.82685,0.0148486,0.0168501,fluid
1583,4.49752,3.8596,,1007.49,15.1988,120208,,0.0676887,0.0162407,0.0696098,,-26.5139,9.82472,0.015064,0.01472,fluid
1584,4.47108,4.10271,,1007.34,13.1602,117789,,0.0581891,0.0112307,0.059263,,-26.1364,9.82105,0.016339,0.0110518,fluid
1585,4.44707,4.34642,,1007.19,11.045,115360,,0.0484841,0.00689808,0.0489723,,-25.7367,9.81708,0.0186392,0.00708352,fluid
1586,4.42639,4.59097,,1007.04,9.06753,112906,,0.0395163,0.00379659,0.0396983,,-25.3076,9.81375,0.0215881,0.00375317,fluid
1587,4.40922,4.8364,,1006.89,7.33376,110427,,0.0317271,0.00200143,0.0317902,,-24.8488,9.81132,0.0244692,0.00131855,fluid
1588,4.39515,5.08252,,1006.74,5.82244,107930,,0.0249877,0.00118266,0.0250156,,-24.3669,9.80997,0.0254464,-2.55489e-05,fluid
1589,4.38341,5.32905,,1006.59,4.47378,105427,,0.0190088,0.000728627,0.0190227,,-23.8701,9.80945,0.0239117,-0.000545826,fluid
1590,4.3733,5.57582,,1006.43,3.25196,102925,,0.0136187,0.00013927,0.0136194,,-23.3641,9.80906,0.0203346,-0.000942806,fluid
1591,4.36431,5.82276,,1006.28,2.15723,100428,,0.00880876,-0.000890008,0.00885361,,-22.8518,9.80884,0.0158652,-0.00116138,fluid
1592,4.35612,6.06987,,1006.13,1.18686,97936.8,,0.00456049,-0.00239093,0.00514924,,-22.3339,9.80786,0.0117801,-0.00214315,fluid
1593,4.34853,6.31719,,1005.97,0.313132,95449.4,,0.000752371,-0.00425384,0.00431986,,-21.8107,9.80624,0.00874296,-0.00375694,fluid
1594,4.34144,6.56475,,1005.82,-0.503223,92964.7,,-0.00278744,-0.00630443,0.00689316,,-21.2829,9.80391,0.00658146,-0.00609263,fluid
1595,4.33477,6.81258,,1005.67,-1.29374,90481.4,,-0.00619556,-0.00839272,0.0104318,,-20.7507,9.8012,0.00502399,-0.00879924,fluid
1596,4.32851,7.06066,,1005.51,-2.07383,87998.5,,-0.00953871,-0.010427,0.0141319,,-20.2149,9.79821,0.00356698,-0.0117883,fluid
1597,4.32264,7.309,,1005.36,-2.84387,85515.6,,-0.0128194,-0.0123547,0.0178038,,-19.6758,9.79519,0.00190752,-0.0148127,fluid
1598,4.31716,7.55758,,1005.21,-3.59444,83032.5,,-0.0159998,-0.0141728,0.0213743,,-19.1335,9.79219,-1.50794e-06,-0.0178072,fluid
1599,4.31207,7.8064,,1005.05,-4.31381,80549.1,,-0.0190318,-0.0158845,0.0247896,,-18.5881,9.78912,-0.00214761,-0.0208764,fluid
1600,4.30736,8.05544,,1004.9,-4.99326,78065.5,,-0.0218805,-0.0175232,0.0280325,,-18.0397,9.78601,-0.00440597,-0.0239887,fluid
1601,4.30302,8.30471,,1004.75,-5.62672,75581.9,,-0.024523,-0.0190865,0.0310752,,-17.4886,9.78266,-0.00672518,-0.0273365,fluid
1602,4.29902,8.55419,,1004.59,-6.21011,73098.4,,-0.0269438,-0.020594,0.0339128,,-16.9348,9.77909,-0.00900712,-0.0309105,fluid
1603,4.29534,8.80388,,1004.44,-6.74236,70615.4,,-0.02914,-0.0220074,0.0365166,,-16.3785,9.77515,-0.0111674,-0.0348483,fluid
1604,4.29192,9.05377,,1004.29,-7.22376,68133.2,,-0.0311135,-0.0233219,0.038884,,-15.82,9.77102,-0.0129759,-0.0389753,fluid
1605,4.28875,9.30385,,1004.13,-7.65523,65652.1,,-0.03287,-0.0244777,0.0409828,,-15.2593,9.76677,-0.0143204,-0.0432346,fluid
1606,4.2858,9.55411,,1003.98,-8.03863,63172.1,,-0.0344191,-0.0254645,0.0428149,,-14.6966,9.76257,-0.0151381,-0.0474345,fluid
1607,4.28306,9.80455,,1003.82,-8.37529,60693.1,,-0.0357694,-0.0262311,0.0443568,,-14.1319,9.75845,-0.0153756,-0.0515463,fluid
1608,4.28052,10.0552,,1003.67,-8.67286,58215,,-0.0369567,-0.0267748,0.0456365,,-13.5654,9.75449,-0.0151612,-0.0555067,fluid
1609,4.2782,10.3059,,1003.51,-8.93938,55737.6,,-0.038019,-0.0270921,0.0466843,,-12.9974,9.75081,-0.0147448,-0.0591853,fluid
1610,4.27608,10.5569,,1003.36,-9.1846,53260.7,,-0.0390008,-0.0272138,0.0475569,,-12.428,9.74725,-0.0141582,-0.062752,fluid
1611,4.27414,10.808,,1003.2,-9.41704,50784.7,,-0.0399391,-0.0270959,0.0482631,,-11.8572,9.74381,-0.0133235,-0.0661865,fluid
1612,4.27236,11.0593,,1003.05,-9.63161,48310.1,,-0.0408108,-0.0267038,0.048771,,-11.2854,9.74077,-0.0122127,-0.0692327,fluid
1613,4.27072,11.3108,,1002.89,-9.82303,45835.8,,-0.0415909,-0.0260635,0.0490827,,-10.7127,9.73762,-0.0111448,-0.0723814,fluid
1614,4.26918,11.5625,,1002.74,-10.0128,43360.1,,-0.0423697,-0.0252881,0.0493424,,-10.1395,9.73392,-0.0106728,-0.0760752,fluid
1615,4.2677,11.8144,,1002.58,-10.2498,40883.6,,-0.043357,-0.0245421,0.0498211,,-9.56597,9.7297,-0.0108928,-0.0802975,fluid
1616,4.26618,12.0664,,1002.43,-10.5605,38408.4,,-0.0446626,-0.0239546,0.0506811,,-8.99211,9.7256,-0.0109382,-0.0844033,fluid
1617,4.26454,12.3185,,1002.27,-10.928,35934.4,,-0.046208,-0.0235133,0.0518465,,-8.41729,9.7224,-0.0100877,-0.0876026,fluid
1618,4.26266,12.5706,,1002.12,-11.34,33460,,-0.0479417,-0.0230072,0.0531765,,-7.84139,9.72107,-0.00841559,-0.0889293,fluid
1619,4.26039,12.8227,,1001.96,-11.7448,30991.8,,-0.0496471,-0.0219414,0.0542795,,-7.26525,9.72166,-0.0050806,-0.0883412,fluid
1620,4.25771,13.0752,,1001.81,-11.907,28538.3,,-0.0503101,-0.0199256,0.0541123,,-6.69046,9.72205,0.000187492,-0.0879549,fluid
1621,4.2553,13.3282,,1001.65,-11.7421,26075.4,,-0.049568,-0.0178279,0.0526766,,-6.11736,9.71841,0.000260494,-0.0915859,fluid
1622,4.25355,13.5816,,1001.49,-12.1358,23569.7,,-0.0512109,-0.0176176,0.0541566,,-5.54467,9.7111,-0.0117648,-0.0988977,fluid
1623,4.25056,13.8345,,1001.34,-14.2578,21044.2,,-0.0602338,-0.0200439,0.0634812,,-4.97011,9.70626,-0.0257924,-0.10374,fluid
1624,4.24134,14.0853,,1001.18,-17.8102,18580.6,,-0.0752339,-0.0244685,0.0791128,,-4.39776,9.7051,-0.0220764,-0.104904,fluid
1625,4.22231,14.3335,,1001.03,-21.0816,16147.2,,-0.0887167,-0.0289254,0.0933131,,-3.82758,9.70839,-0.00722901,-0.101606,fluid
1626,4.18956,14.5794,,1000.87,-24.4982,13679.1,,-0.102373,-0.0319484,0.107242,,-3.26932,9.71836,-0.00712099,-0.0916372,fluid
1627,4.13859,14.8243,,1000.72,-28.0757,11355.6,,-0.116037,-0.0296311,0.11976,,-2.72985,9.73929,0.0120103,-0.0707096,fluid
1628,4.08092,15.0811,,1000.58,-25.4031,9075.46,,-0.103562,-0.0173919,0.105013,,-2.16219,9.75018,0.0604065,-0.0598177,fluid
1629,4.05695,15.3432,,1000.42,-15.7846,6662.34,,-0.0638866,-0.0153062,0.0656946,,-1.59447,9.74481,0.0470341,-0.0651921,fluid
1630,4.16899,15.6294,,1000.26,-7.46965,4160.99,,-0.0311708,-0.00815726,0.0322205,,-0.964335,9.79101,0.0334815,-0.0189941,fluid
1631,4.34066,15.8906,,1000.16,2.71081,2495.66,,0.0117905,-0.00566387,0.0130803,,-0.536589,9.82994,0.0382684,0.0199416,fluid
1632,4.74838,0.121154,,1009.73,6.14237,157297,,0.0292494,-0.000228861,0.0292503,,-32.8018,9.81022,0.00537164,0.000220401,fluid
1633,4.80554,0.365943,,1009.57,14.0865,154557,,0.067543,-0.00239455,0.0675854,,-31.8307,9.80954,0.0266927,-0.000457107,fluid
1634,4.86887,0.615749,,1009.44,15.2561,152422,,0.0738451,-0.000847026,0.0738499,,-31.0117,9.81233,0.000931681,0.00233242,fluid
1635,4.91378,0.8725,,1009.25,24.5487,149201,,0.120036,0.00533375,0.120154,,-30.0407,9.81205,0.0449616,0.00204925,fluid
1636,4.8835,1.12812,,1009.18,11.8502,148091,,0.0574052,0.0072378,0.0578596,,-30.0839,9.80858,-0.0350534,-0.00141709,fluid
1637,4.90175,1.38801,,1008.99,17.6048,144954,,0.0858403,0.0135992,0.0869108,,-29.2827,9.80632,0.0256806,-0.00367609,fluid
1638,4.89883,1.64502,,1008.85,15.6637,142653,,0.0761523,0.0138472,0.077401,,-28.8595,9.797,0.00482086,-0.0130016,fluid
1639,4.89475,1.90218,,1008.69,16.445,140006,,0.0798792,0.0173339,0.0817383,,-28.3462,9.7947,0.0105945,-0.0152954,fluid
1640,4.88648,2.15868,,1008.53,16.432,137445,,0.0795905,0.0206805,0.0822334,,-27.8853,9.78662,0.0042669,-0.0233829,fluid
1641,4.87566,2.41398,,1008.38,17.0583,134824,,0.0824264,0.0253863,0.0862472,,-27.4185,9.78583,0.00423525,-0.0241669,fluid
1642,4.8599,2.66721,,1008.22,17.3559,132245,,0.0835622,0.0303008,0.0888863,,-26.9854,9.78936,0.00423958,-0.0206362,fluid
1643,4.84079,2.9182,,1008.06,17.5389,129688,,0.0840898,0.0342922,0.0908133,,-26.5691,9.79538,0.00723688,-0.0146173,fluid
1644,4.81868,3.16708,,1007.91,17.3185,127166,,0.0826399,0.0365241,0.0903513,,-26.173,9.80336,0.00995789,-0.00664085,fluid
1645,4.79413,3.4141,,1007.76,16.5959,124682,,0.0787516,0.0366666,0.0868692,,-25.795,9.81021,0.0118641,0.000209306,fluid
1646,4.76828,3.65982,,1007.61,15.428,122222,,0.0727617,0.0350224,0.0807517,,-25.4251,9.81401,0.0136049,0.0040068,fluid
1647,4.74227,3.90478,,1007.46,13.833,119779,,0.0648122,0.0322604,0.0723972,,-25.0559,9.81571,0.014737,0.00571354,fluid
1648,4.71728,4.14942,,1007.31,11.9288,117344,,0.0555032,0.02896,0.0626042,,-24.6781,9.81546,0.0165308,0.00546141,fluid
1649,4.69452,4.39417,,1007.16,9.89764,114904,,0.0457175,0.0257719,0.0524812,,-24.2835,9.81413,0.0185919,0.00413216,fluid
1650,4.67488,4.63934,,1007.01,7.97472,112446,,0.0365495,0.0232922,0.0433404,,-23.8653,9.81284,0.02042,0.00284082,fluid
1651,4.65863,4.88501,,1006.86,6.31351,109966,,0.0286927,0.021695,0.0359714,,-23.422,9.81206,0.0219244,0.00205535,fluid
1652,4.64537,5.13112,,1006.71,4.93419,107471,,0.0222091,0.0206977,0.0303585,,-22.9593,9.81199,0.0217008,0.00199081,fluid
1653,4.63435,5.37753,,1006.56,3.79124,104971,,0.016858,0.0198873,0.0260711,,-22.4835,9.81233,0.0194389,0.00233408,fluid
1654,4.62486,5.62411,,1006.4,2.82109,102472,,0.0123326,0.0188443,0.0225211,,-21.9999,9.81226,0.0160065,0.00226433,fluid
1655,4.61637,5.87085,,1006.25,1.97567,99980.3,,0.00840301,0.0174147,0.0193361,,-21.5109,9.81176,0.0123409,0.00175756,fluid
1656,4.60856,6.11774,,1006.1,1.21428,97493.6,,0.00487515,0.0156221,0.0163651,,-21.0172,9.81052,0.00941142,0.00052105,fluid
1657,4.60128,6.36482,,1005.95,0.497858,95011,,0.00156859,0.0135949,0.0136851,,-20.5193,9.80842,0.00748021,-0.00158199,fluid
1658,4.59443,6.61209,,1005.79,-0.204049,92530.6,,-0.00165583,0.0114608,0.0115798,,-20.0175,9.80581,0.00621832,-0.0041884,fluid
1659,4.58799,6.85956,,1005.64,-0.906444,90051.4,,-0.00486743,0.00933047,0.0105238,,-19.5123,9.80281,0.00519705,-0.00719484,fluid
1660,4.58194,7.10722,,1005.49,-1.60866,87572.6,,-0.00806167,0.00725389,0.0108448,,-19.0041,9.79965,0.00410233,-0.0103534,fluid
1661,4.57626,7.35507,,1005.34,-2.30186,85094,,-0.0111979,0.00524739,0.0123664,,-18.4932,9.79648,0.00277582,-0.0135186,fluid
1662,4.57096,7.6031,,1005.18,-2.97408,82615.6,,-0.0142234,0.00331751,0.0146051,,-17.9796,9.79335,0.00123241,-0.0166453,fluid
1663,4.56603,7.85132,,1005.03,-3.61528,80137.6,,-0.0170932,0.00145346,0.0171549,,-17.4634,9.7901,-0.000429005,-0.0198975,fluid
1664,4.56146,8.09972,,1004.88,-4.21852,77660,,-0.0197777,-0.000343139,0.0197806,,-16.9448,9.78681,-0.00220189,-0.0231866,fluid
1665,4.55724,8.3483,,1004.72,-4.78096,75182.9,,-0.0222656,-0.00207933,0.0223625,,-16.4239,9.78325,-0.00401969,-0.0267453,fluid
1666,4.55334,8.59704,,1004.57,-5.3023,72706.7,,-0.0245565,-0.00374127,0.0248399,,-15.901,9.77952,-0.00583989,-0.0304798,fluid
1667,4.54974,8.84595,,1004.42,-5.78432,70231.4,,-0.0266593,-0.00532465,0.0271858,,-15.3761,9.77554,-0.0075741,-0.0344599,fluid
1668,4.5464,9.09502,,1004.26,-6.2277,67757,,-0.0285793,-0.00679884,0.0293769,,-14.8493,9.77149,-0.00913394,-0.0385136,fluid
1669,4.54329,9.34423,,1004.11,-6.63487,65284,,-0.0303294,-0.00814654,0.0314045,,-14.3209,9.76727,-0.0104077,-0.0427279,fluid
1670,4.5404,9.59357,,1003.95,-7.00671,62812.4,,-0.0319164,-0.00933524,0.0332536,,-13.791,9.7632,-0.0113366,-0.0467984,fluid
1671,4.53771,9.84304,,1003.8,-7.3447,60342.4,,-0.0333503,-0.0103448,0.0349178,,-13.2595,9.75923,-0.0119053,-0.0507747,fluid
1672,4.53521,10.0926,,1003.65,-7.64946,57873.6,,-0.0346368,-0.0111598,0.0363903,,-12.7267,9.75547,-0.0121396,-0.0545309,fluid
1673,4.53292,10.3423,,1003.49,-7.9244,55405.8,,-0.0357947,-0.0117768,0.0376822,,-12.1926,9.75181,-0.0121382,-0.0581933,fluid
1674,4.53081,10.5921,,1003.34,-8.17894,52938.8,,-0.03687,-0.0122239,0.0388435,,-11.6574,9.74833,-0.0120559,-0.0616706,fluid
1675,4.52887,10.8421,,1003.19,-8.4209,50472.9,,-0.0379002,-0.0125334,0.0399188,,-11.1212,9.745,-0.0118672,-0.0649953,fluid
1676,4.52708,11.0921,,1003.03,-8.65243,48008.7,,-0.0388946,-0.0127107,0.0409188,,-10.584,9.74202,-0.0113112,-0.0679837,fluid
1677,4.5254,11.3423,,1002.88,-8.86816,45546.1,,-0.0398268,-0.0126964,0.0418016,,-10.0461,9.73921,-0.0104281,-0.0707928,fluid
1678,4.52379,11.5926,,1002.72,-9.0711,43083.9,,-0.0407087,-0.0124589,0.0425725,,-9.50767,9.7363,-0.00969709,-0.0736994,fluid
1679,4.52223,11.8431,,1002.57,-9.28101,40621.7,,-0.0416297,-0.0120947,0.0433511,,-8.96897,9.73296,-0.00932507,-0.0770407,fluid
1680,4.52068,12.0937,,1002.41,-9.51884,38160.1,,-0.0426833,-0.0118034,0.0442852,,-8.4301,9.72906,-0.00918928,-0.0809405,fluid
1681,4.51908,12.3444,,1002.26,-9.81252,35697.9,,-0.0439909,-0.011784,0.0455418,,-7.8907,9.72543,-0.00913203,-0.0845732,fluid
1682,4.5173,12.5951,,1002.1,-10.2131,33233.2,,-0.0457842,-0.0119144,0.047309,,-7.35043,9.72329,-0.00901997,-0.0867078,fluid
1683,4.51508,12.8457,,1001.95,-10.7022,30774,,-0.0479851,-0.0118573,0.0494284,,-6.80965,9.72325,-0.00707622,-0.0867473,fluid
1684,4.51225,13.0964,,1001.8,-10.988,28336.2,,-0.0492589,-0.0107771,0.050424,,-6.26957,9.72519,-0.000993915,-0.0848092,fluid
1685,4.50951,13.3476,,1001.64,-10.7984,25896.6,,-0.0483655,-0.00908081,0.0492106,,-5.7312,9.72408,0.0020523,-0.0859234,fluid
1686,4.50762,13.5992,,1001.49,-10.8374,23414.3,,-0.0485045,-0.00839623,0.0492258,,-5.19399,9.7199,-0.00730952,-0.0900999,fluid
1687,4.50536,13.8508,,1001.33,-12.2721,20908.7,,-0.0549782,-0.00980968,0.0558465,,-4.65602,9.71578,-0.02132,-0.0942172,fluid
1688,4.49836,14.1008,,1001.17,-15.0586,18457.1,,-0.0674746,-0.0133834,0.0687891,,-4.11981,9.71329,-0.0215282,-0.0967086,fluid
1689,4.48267,14.3485,,1001.02,-18.0455,16008.6,,-0.080615,-0.0181413,0.082631,,-3.58364,9.71343,-0.0160509,-0.0965731,fluid
1690,4.4527,14.5932,,1000.86,-22.0177,13527.3,,-0.097798,-0.0223766,0.100325,,-3.05793,9.72149,-0.0225437,-0.0885083,fluid
1691,4.4018,14.836,,1000.71,-26.2793,11230.2,,-0.115554,-0.0223093,0.117688,,-2.5533,9.73817,-0.00383512,-0.0718267,fluid
1692,4.33966,15.0885,,1000.57,-23.9556,8994.86,,-0.10385,-0.0121699,0.104561,,-2.0255,9.75248,0.0460263,-0.0575173,fluid
1693,4.31011,15.3453,,1000.42,-14.8501,6609.08,,-0.0638555,-0.0101601,0.0646587,,-1.5074,9.75719,0.0253416,-0.0528135,fluid
1694,4.4184,15.6294,,1000.27,-6.61556,4173.03,,-0.0292492,0.000277732,0.0292505,,-0.929277,9.79586,0.0149378,-0.014137,fluid
1695,4.59451,15.8905,,1000.16,2.78632,2497.56,,0.0128512,0.00607241,0.0142136,,-0.544933,9.82661,-0.00142223,0.0166132,fluid
1696,4.99645,0.121555,,1009.73,5.8426,157278,,0.0290855,-0.000197951,0.0290861,,-31.1686,9.81014,0.00600285,0.00013729,fluid
1697,5.04996,0.36778,,1009.57,13.0028,154604,,0.0653563,-0.00165092,0.0653771,,-30.2973,9.80992,0.0273819,-8.37972e-05,fluid
1698,5.09989,0.621038,,1009.45,13.0875,152536,,0.0661796,0.00175915,0.066203,,-29.6312,9.81464,-0.00140845,0.00463547,fluid
1699,5.14258,0.882096,,1009.25,21.6113,149350,,0.110408,0.00814759,0.110708,,-28.7324,9.80878,0.0431333,-0.0012156,fluid
1700,5.11123,1.14063,,1009.18,9.72942,148110,,0.0491705,0.0107934,0.0503412,,-28.7451,9.80673,-0.0313256,-0.00327278,fluid
1701,5.1308,1.40177,,1008.99,16.0685,144909,,0.0818603,0.0151885,0.0832575,,-27.9587,9.79967,0.0327627,-0.0103299,fluid
1702,5.12733,1.66101,,1008.85,13.8401,142602,,0.070252,0.0156125,0.0719659,,-27.5599,9.78949,0.0083181,-0.020511,fluid
1703,5.12391,1.92046,,1008.68,14.578,139922,,0.0739661,0.0184412,0.0762304,,-27.0561,9.7851,0.0163626,-0.0248997,fluid
1704,5.11621,2.17928,,1008.53,14.2805,137342,,0.072242,0.0218931,0.0754866,,-26.6094,9.77589,0.00800189,-0.0341058,fluid
1705,5.10692,2.43714,,1008.37,14.7014,134694,,0.0742107,0.0266529,0.0788518,,-26.1509,9.77267,0.00508181,-0.0373325,fluid
1706,5.0932,2.69329,,1008.21,14.8952,132080,,0.0749389,0.0322588,0.0815872,,-25.7209,9.77421,0.000603562,-0.0357914,fluid
1707,5.0764,2.9474,,1008.05,15.1745,129477,,0.0760757,0.0376657,0.0848894,,-25.3004,9.77968,0.00165127,-0.0303165,fluid
1708,5.05666,3.19945,,1007.9,15.1729,126907,,0.0757646,0.0418542,0.0865566,,-24.8967,9.78857,0.00375136,-0.0214264,fluid
1709,5.03437,3.44953,,1007.74,14.7052,124379,,0.0730701,0.0443892,0.0854965,,-24.5095,9.79621,0.00674392,-0.0137899,fluid
1710,5.0106,3.698,,1007.59,13.7738,121883,,0.0680649,0.0452879,0.0817547,,-24.1321,9.802,0.00970107,-0.008004,fluid
1711,4.98647,3.94526,,1007.44,12.4032,119409,,0.0609202,0.0448169,0.0756295,,-23.7576,9.80701,0.0120728,-0.00298871,fluid
1712,4.96318,4.19173,,1007.29,10.6895,116949,,0.0521471,0.0434403,0.0678703,,-23.3782,9.80927,0.0145909,-0.000728503,fluid
1713,4.94189,4.43783,,1007.14,8.81901,114491,,0.0427002,0.0416696,0.0596629,,-22.9864,9.81031,0.0168234,0.0003062,fluid
1714,4.9235,4.68389,,1006.99,7.02089,112023,,0.0337038,0.040059,0.0523514,,-22.5769,9.81096,0.0179761,0.000963485,fluid
1715,4.90829,4.9301,,1006.84,5.50145,109538,,0.0261502,0.0388733,0.0468505,,-22.147,9.81143,0.0184025,0.0014262,fluid
1716,4.89588,5.17648,,1006.68,4.29173,107041,,0.0201683,0.0379394,0.042967,,-21.7005,9.8126,0.0177602,0.0025964,fluid
1717,4.88556,5.423,,1006.53,3.34757,104541,,0.0155121,0.0369759,0.0400979,,-21.2435,9.81345,0.0154925,0.00344706,fluid
1718,4.87662,5.66963,,1006.38,2.58399,102045,,0.0117562,0.0357577,0.0376407,,-20.78,9.81366,0.0126646,0.003657,fluid
1719,4.86857,5.91636,,1006.23,1.92074,99555.9,,0.00850462,0.0341919,0.0352337,,-20.312,9.81314,0.0101401,0.00314259,fluid
1720,4.86112,6.16319,,1006.07,1.30179,97072.7,,0.00547828,0.03236,0.0328204,,-19.8403,9.81176,0.00835217,0.00176221,fluid
1721,4.85415,6.41013,,1005.92,0.691031,94593.5,,0.00250253,0.0303684,0.0304714,,-19.3651,9.80952,0.00730613,-0.000477113,fluid
1722,4.84759,6.65717,,1005.77,0.0724729,92116.2,,-0.000497997,0.0283116,0.0283159,,-18.8869,9.80687,0.00659847,-0.00312658,fluid
1723,4.84141,6.90433,,1005.62,-0.555211,89640.1,,-0.00352986,0.0262361,0.0264725,,-18.406,9.80397,0.00587062,-0.00602884,fluid
1724,4.8356,7.1516,,1005.46,-1.18508,87164.9,,-0.00655793,0.0241647,0.0250387,,-17.9227,9.80089,0.00498397,-0.00911446,fluid
1725,4.83014,7.39899,,1005.31,-1.80556,84690.6,,-0.00952567,0.0221065,0.0240714,,-17.4373,9.79774,0.003898,-0.0122601,fluid
1726,4.82504,7.64651,,1005.16,-2.40649,82217.2,,-0.0123851,0.0200795,0.0235919,,-16.9496,9.79443,0.00263076,-0.0155693,fluid
1727,4.82028,7.89416,,1005,-2.97871,79744.7,,-0.0150924,0.0180908,0.0235597,,-16.4599,9.791,0.00124795,-0.0189951,fluid
1728,4.81587,8.14194,,1004.85,-3.51731,77273,,-0.0176247,0.016152,0.0239065,,-15.9682,9.78743,-0.000210109,-0.0225654,fluid
1729,4.81179,8.38984,,1004.7,-4.02101,74802.4,,-0.0199773,0.0142679,0.0245492,,-15.4746,9.78376,-0.00168194,-0.0262437,fluid
1730,4.80802,8.63787,,1004.55,-4.4919,72333,,-0.0221608,0.0124495,0.0254183,,-14.9793,9.77988,-0.00311115,-0.0301203,fluid
1731,4.80452,8.88602,,1004.39,-4.93218,69865,,-0.0241868,0.0107094,0.0264517,,-14.4824,9.77591,-0.00448908,-0.034094,fluid
1732,4.80128,9.13427,,1004.24,-5.34389,67398.4,,-0.0260671,0.00906832,0.0275995,,-13.9842,9.77181,-0.00583646,-0.0381914,fluid
1733,4.79827,9.38263,,1004.09,-5.7282,64933.3,,-0.0278091,0.00754082,0.0288134,,-13.4847,9.76772,-0.00707068,-0.0422767,fluid
1734,4.79546,9.63107,,1003.93,-6.08559,62470,,-0.029418,0.00614693,0.0300533,,-12.984,9.76371,-0.0081318,-0.0462941,fluid
1735,4.79286,9.8796,,1003.78,-6.41614,60008.3,,-0.0308971,0.00489768,0.0312829,,-12.4822,9.7599,-0.0089351,-0.0501002,fluid
1736,4.79044,10.1282,,1003.63,-6.71907,57548.5,,-0.0322465,0.00380683,0.0324704,,-11.9793,9.75632,-0.00948511,-0.0536825,fluid
1737,4.7882,10.3769,,1003.47,-6.99468,55090.3,,-0.0334703,0.00287047,0.0335931,,-11.4754,9.75294,-0.00979791,-0.0570578,fluid
1738,4.78615,10.6256,,1003.32,-7.24702,52633.2,,-0.0345911,0.00207485,0.0346533,,-10.9706,9.74969,-0.00996414,-0.0603114,fluid
1739,4.78425,10.8744,,1003.17,-7.48467,50177.3,,-0.0356523,0.0013907,0.0356794,,-10.4649,9.74649,-0.0100105,-0.0635119,fluid
1740,4.78249,11.1233,,1003.01,-7.71572,47722.9,,-0.0366944,0.000802596,0.0367032,,-9.95856,9.74347,-0.00986802,-0.0665287,fluid
1741,4.78082,11.3723,,1002.86,-7.94197,45270.5,,-0.0377255,0.000325729,0.0377269,,-9.45167,9.74065,-0.00947563,-0.0693499,fluid
1742,4.77921,11.6213,,1002.71,-8.15978,42819.9,,-0.0387259,-1.73685e-05,0.0387259,,-8.9443,9.73804,-0.00885128,-0.0719639,fluid
1743,4.77761,11.8704,,1002.55,-8.36677,40371.1,,-0.0396837,-0.000215277,0.0396843,,-8.43667,9.73535,-0.00812978,-0.0746472,fluid
1744,4.77603,12.1196,,1002.4,-8.56135,37923.5,,-0.0405895,-0.000352138,0.0405911,,-7.929,9.73235,-0.00762121,-0.0776502,fluid
1745,4.77446,12.3689,,1002.24,-8.78123,35474,,-0.0416205,-0.00061787,0.0416251,,-7.42133,9.72915,-0.00802309,-0.0808477,fluid
1746,4.77279,12.6182,,1002.09,-9.12942,33019.8,,-0.0432687,-0.00112483,0.0432833,,-6.91294,9.72666,-0.00903011,-0.0833427,fluid
1747,4.77071,12.8675,,1001.94,-9.62978,30570.1,,-0.0456528,-0.00163809,0.0456821,,-6.40361,9.72593,-0.00811121,-0.0840717,fluid
1748,4.7679,13.1166,,1001.78,-10.0125,28143.7,,-0.0474696,-0.00165156,0.0474983,,-5.89483,9.72667,-0.00259634,-0.0833262,fluid
1749,4.76495,13.3661,,1001.63,-9.91545,25721.2,,-0.0469726,-0.000848137,0.0469803,,-5.38765,9.72777,0.00156106,-0.0822343,fluid
1750,4.7628,13.6159,,1001.48,-9.82522,23262.9,,-0.0465063,-0.000222422,0.0465068,,-4.88214,9.72605,-0.00503917,-0.0839501,fluid
1751,4.76082,13.866,,1001.32,-10.7317,20782.4,,-0.0508271,-0.000908155,0.0508352,,-4.37643,9.72315,-0.0168725,-0.086847,fluid
1752,4.75559,14.115,,1001.16,-12.7897,18344.5,,-0.0605842,-0.00363215,0.060693,,-3.87284,9.72001,-0.0198737,-0.0899876,fluid
1753,4.74295,14.3622,,1001.01,-15.4294,15886.2,,-0.0729129,-0.00823745,0.0733767,,-3.36844,9.71872,-0.0223834,-0.0912787,fluid
1754,4.71602,14.606,,1000.85,-19.6425,13399.3,,-0.0924055,-0.0129483,0.0933083,,-2.87235,9.72428,-0.0335311,-0.0857156,fluid
1755,4.6663,14.8473,,1000.71,-24.2364,11114.1,,-0.112974,-0.0144387,0.113893,,-2.39652,9.73711,-0.016421,-0.0728882,fluid
1756,4.60131,15.0965,,1000.57,-22.5843,8904.32,,-0.103792,-0.00639231,0.103989,,-1.90661,9.75045,0.0274632,-0.0595539,fluid
1757,4.56565,15.3482,,1000.42,-14.4222,6546.84,,-0.0656934,-0.00431075,0.0658347,,-1.42845,9.76171,0.00488941,-0.0482881,fluid
1758,4.66891,15.6302,,1000.27,-6.24888,4183.97,,-0.0291716,0.00865604,0.0304288,,-0.899093,9.79006,-0.00319771,-0.0199378,fluid
1759,4.84763,15.8917,,1000.16,2.24537,2497.46,,0.0109626,0.0161713,0.0195369,,-0.544372,9.80465,-0.0292611,-0.00534628,fluid
1760,5.2437,0.12197,,1009.73,5.54313,157267,,0.0287281,-0.000111115,0.0287283,,-29.7034,9.8102,-0.000898801,0.000196991,fluid
1761,5.29312,0.369853,,1009.57,11.8695,154667,,0.0623508,-0.000995632,0.0623588,,-28.9166,9.80907,0.0267195,-0.000928289,fluid
1762,5.32882,0.625736,,1009.45,11.268,152633,,0.0593502,0.000466882,0.0593521,,-28.3746,9.80985,0.00010327,-0.000149903,fluid
1763,5.37004,0.890113,,1009.26,18.9361,149498,,0.100829,0.00672491,0.101053,,-27.5407,9.79482,0.0431775,-0.0151779,fluid
1764,5.3396,1.15057,,1009.18,8.19213,148105,,0.0430673,0.00938323,0.0440777,,-27.5088,9.7926,-0.0240662,-0.0174032,fluid
1765,5.35968,1.41295,,1008.99,14.6347,144889,,0.0776826,0.0135295,0.078852,,-26.7566,9.78684,0.0359136,-0.0231643,fluid
1766,5.35564,1.67401,,1008.84,12.3231,142560,,0.0651368,0.0141254,0.0666508,,-26.3721,9.77634,0.0132139,-0.0336556,fluid
1767,5.35284,1.93548,,1008.68,12.8975,139863,,0.0681711,0.017489,0.0703787,,-25.8818,9.77246,0.0219958,-0.037544,fluid
1768,5.34575,2.19621,,1008.52,12.4394,137263,,0.0655413,0.0210239,0.0688307,,-25.4484,9.76468,0.011641,-0.0453212,fluid
1769,5.33766,2.45625,,1008.36,12.6474,134595,,0.0664998,0.02583,0.0713401,,-25.0005,9.76135,0.00650706,-0.0486452,fluid
1770,5.32566,2.71499,,1008.2,12.6701,131958,,0.0664029,0.0317554,0.0736054,,-24.5784,9.76212,-0.00207998,-0.0478767,fluid
1771,5.31092,2.97201,,1008.04,12.933,129321,,0.0675747,0.038226,0.0776374,,-24.1598,9.76619,-0.00417786,-0.0438078,fluid
1772,5.29341,3.22711,,1007.88,13.0432,126711,,0.0679224,0.0442166,0.0810467,,-23.7534,9.7754,-0.00307298,-0.0346018,fluid
1773,5.27341,3.48021,,1007.73,12.764,124143,,0.0661823,0.048898,0.0822868,,-23.3607,9.78484,9.26493e-05,-0.0251557,fluid
1774,5.25186,3.73148,,1007.57,12.054,121607,,0.0621892,0.0520256,0.0810812,,-22.9767,9.79242,0.00422236,-0.0175775,fluid
1775,5.22983,3.98121,,1007.42,10.9131,119096,,0.0559807,0.053748,0.0776059,,-22.5966,9.79856,0.00806751,-0.011436,fluid
1776,5.20848,4.22973,,1007.27,9.42576,116604,,0.0480231,0.0543128,0.0724989,,-22.2144,9.80258,0.0113809,-0.00741613,fluid
1777,5.1889,4.47742,,1007.12,7.76858,114122,,0.039266,0.0541147,0.0668597,,-21.8243,9.80505,0.0137261,-0.00495159,fluid
1778,5.17192,4.72465,,1006.97,6.16487,111636,,0.0308641,0.0535717,0.0618265,,-21.4205,9.80736,0.0153266,-0.00264291,fluid
1779,5.15785,4.97169,,1006.81,4.80507,109142,,0.0237742,0.0530425,0.0581268,,-21.002,9.8087,0.0151733,-0.00129671,fluid
1780,5.14634,5.21867,,1006.66,3.78127,106639,,0.0184577,0.0525831,0.0557286,,-20.5703,9.81051,0.0139555,0.000513733,fluid
1781,5.13672,5.46561,,1006.51,3.01985,104137,,0.0145133,0.0519379,0.0539275,,-20.1298,9.81251,0.0122093,0.00251435,fluid
1782,5.12834,5.71253,,1006.35,2.4222,101642,,0.011422,0.0509578,0.0522222,,-19.6841,9.81349,0.0104499,0.00348947,fluid
1783,5.12074,5.95943,,1006.2,1.89466,99154.5,,0.00870128,0.0496346,0.0503915,,-19.2349,9.81343,0.00909632,0.00343055,fluid
1784,5.11369,6.20632,,1006.05,1.3796,96673.1,,0.00605272,0.0480461,0.0484259,,-18.783,9.81231,0.00815515,0.00230695,fluid
1785,5.10708,6.45321,,1005.9,0.852021,94195.6,,0.00335036,0.0462818,0.0464029,,-18.3285,9.81039,0.00751854,0.000394354,fluid
1786,5.10086,6.7001,,1005.74,0.308504,91720.1,,0.000578995,0.0443965,0.0444002,,-17.8717,9.80804,0.00692034,-0.00196124,fluid
1787,5.095,6.94701,,1005.59,-0.245781,89246.3,,-0.00223518,0.0424204,0.0424792,,-17.4129,9.80537,0.00617111,-0.00462607,fluid
1788,5.08946,7.19394,,1005.44,-0.803461,86774.3,,-0.00505391,0.0403753,0.0406904,,-16.9523,9.80241,0.00528857,-0.00759051,fluid
1789,5.08425,7.44092,,1005.29,-1.35486,84304,,-0.00782794,0.0382937,0.0390856,,-16.4899,9.79921,0.00429898,-0.0107941,fluid
1790,5.07937,7.68796,,1005.13,-1.89059,81835.3,,-0.0105101,0.0362011,0.0376959,,-16.0258,9.79577,0.00326016,-0.0142327,fluid
1791,5.07482,7.93508,,1004.98,-2.402,79368.1,,-0.0130564,0.0341228,0.0365354,,-15.5599,9.79212,0.00218503,-0.0178761,fluid
1792,5.07059,8.18227,,1004.83,-2.88423,76902.2,,-0.0154422,0.0320686,0.0355929,,-15.0923,9.78833,0.0010784,-0.0216687,fluid
1793,5.06668,8.42953,,1004.68,-3.33796,74437.9,,-0.0176719,0.0300507,0.0348617,,-14.6234,9.78444,-0.000106324,-0.0255622,fluid
1794,5.06305,8.67685,,1004.52,-3.7654,71975.3,,-0.0197573,0.0280793,0.0343336,,-14.1531,9.78046,-0.00133876,-0.029545,fluid
1795,5.0597,8.92425,,1004.37,-4.16886,69514.4,,-0.021711,0.0261731,0.0340059,,-13.6816,9.77639,-0.00257715,-0.0336062,fluid
1796,5.05658,9.17171,,1004.22,-4.55033,67055.4,,-0.0235444,0.0243464,0.0338687,,-13.2091,9.77232,-0.00375266,-0.0376793,fluid
1797,5.05369,9.41923,,1004.07,-4.91053,64598.3,,-0.0252629,0.0226174,0.0339081,,-12.7355,9.7683,-0.00483433,-0.0416977,fluid
1798,5.051,9.6668,,1003.91,-5.24962,62143.1,,-0.0268701,0.0209964,0.0341006,,-12.261,9.76442,-0.00578852,-0.0455768,fluid
1799,5.0485,9.9144,,1003.76,-5.56681,59689.8,,-0.0283651,0.0194935,0.0344176,,-11.7856,9.76073,-0.00659233,-0.0492659,fluid
1800,5.04619,10.162,,1003.61,-5.86154,57238.7,,-0.029748,0.018113,0.0348285,,-11.3094,9.75729,-0.00719533,-0.0527088,fluid
1801,5.04405,10.4097,,1003.45,-6.1323,54789.6,,-0.0310141,0.0168602,0.0353007,,-10.8325,9.75408,-0.00763328,-0.0559209,fluid
1802,5.04208,10.6574,,1003.3,-6.38029,52342.3,,-0.0321721,0.0157275,0.0358106,,-10.3549,9.75102,-0.00798319,-0.0589843,fluid
1803,5.04025,10.9051,,1003.15,-6.61017,49896.4,,-0.0332482,0.0146928,0.03635,,-9.87679,9.74802,-0.00827924,-0.0619779,fluid
1804,5.03855,11.1529,,1003,-6.83058,47452,,-0.034288,0.0137267,0.0369336,,-9.39814,9.74511,-0.00847247,-0.0648947,fluid
1805,5.03693,11.4007,,1002.84,-7.04943,45009.2,,-0.0353317,0.0128152,0.037584,,-8.91892,9.74237,-0.00840718,-0.0676281,fluid
1806,5.03536,11.6485,,1002.69,-7.26797,42568.5,,-0.0363858,0.011988,0.0383098,,-8.43924,9.7399,-0.00800297,-0.070096,fluid
1807,5.03378,11.8964,,1002.54,-7.47601,40131,,-0.0373987,0.0112789,0.0390624,,-7.9594,9.73759,-0.00723795,-0.0724053,fluid
1808,5.0322,12.1443,,1002.38,-7.65323,37696.5,,-0.0382643,0.0106784,0.0397264,,-7.47966,9.73518,-0.00643066,-0.074818,fluid
1809,5.03067,12.3923,,1002.23,-7.82848,35260.4,,-0.039124,0.0100286,0.0403889,,-7.00006,9.73251,-0.00656966,-0.0774936,fluid
1810,5.02909,12.6403,,1002.08,-8.12218,32818.6,,-0.040587,0.00915667,0.0416071,,-6.52017,9.7301,-0.00795949,-0.0799005,fluid
1811,5.02716,12.8882,,1001.92,-8.5928,30379.7,,-0.0429514,0.00816706,0.0437209,,-6.03954,9.72882,-0.00803377,-0.0811771,fluid
1812,5.02451,13.136,,1001.77,-9.00466,27961.4,,-0.045015,0.00745671,0.0456285,,-5.55917,9.72903,-0.00401256,-0.0809723,fluid
1813,5.02153,13.3839,,1001.62,-9.01726,25550.2,,-0.0450465,0.00732677,0.0456385,,-5.08039,9.72961,-0.000490129,-0.0803865,fluid
1814,5.01913,13.632,,1001.47,-8.9493,23113.9,,-0.0446696,0.00737889,0.0452749,,-4.60346,9.72945,-0.00504174,-0.0805467,fluid
1815,5.01713,13.8805,,1001.31,-9.50772,20661.4,,-0.0474687,0.00695897,0.047976,,-4.12645,9.72794,-0.0136776,-0.0820637,fluid
1816,5.01328,14.1283,,1001.16,-10.9391,18237.1,,-0.054612,0.00479038,0.0548217,,-3.65195,9.72447,-0.0184069,-0.0855286,fluid
1817,5.00325,14.3747,,1001,-13.2209,15773.8,,-0.0658731,0.000561054,0.0658755,,-3.17608,9.7227,-0.0265266,-0.0873025,fluid
1818,4.9793,14.6178,,1000.84,-17.4331,13290.1,,-0.0865765,-0.00413007,0.086675,,-2.70718,9.72634,-0.0403575,-0.0836581,fluid
1819,4.93157,14.858,,1000.7,-22.1374,11012.7,,-0.109039,-0.00652464,0.109234,,-2.25708,9.73545,-0.0255414,-0.0745488,fluid
1820,4.86515,15.1047,,1000.56,-21.2981,8810.7,,-0.103467,-0.000528858,0.103468,,-1.80085,9.74417,0.00911233,-0.0658287,fluid
1821,4.82342,15.352,,1000.41,-14.3037,6483.35,,-0.0688448,0.0014577,0.0688602,,-1.35689,9.76005,-0.0133008,-0.0499455,fluid
1822,4.92044,15.632,,1000.27,-6.19363,4183.84,,-0.0304354,0.0155878,0.0341949,,-0.866608,9.77353,-0.0165359,-0.0364685,fluid
1823,5.09978,15.894,,1000.16,1.48084,2496.21,,0.00765185,0.0225912,0.0238519,,-0.530785,9.76959,-0.0413891,-0.0404071,fluid
1824,5.49016,0.122367,,1009.73,5.24257,157282,,0.0282668,-5.79803e-05,0.0282668,,-28.3803,9.81035,-0.00851149,0.000345495,fluid
1825,5.5347,0.372217,,1009.58,10.9302,154722,,0.0598522,0.000908708,0.0598591,,-27.6594,9.81654,0.0302683,0.00653646,fluid
1826,5.55624,0.631894,,1009.46,9.70384,152702,,0.0531346,0.0042561,0.0533048,,-27.2178,9.80713,0.00771478,-0.00287015,fluid
1827,5.59682,0.899779,,1009.27,16.392,149618,,0.0907926,0.015611,0.0921249,,-26.4475,9.81987,0.0395889,0.00987426,fluid
1828,5.56851,1.16165,,1009.18,6.99962,148068,,0.0381783,0.0161068,0.0414369,,-26.3655,9.80519,-0.0171621,-0.00480971,fluid
1829,5.58846,1.42578,,1008.98,13.3171,144850,,0.0735458,0.0219677,0.0767566,,-25.6485,9.80699,0.040122,-0.00300513,fluid
1830,5.58377,1.6884,,1008.84,10.9103,142507,,0.059936,0.0219941,0.063844,,-25.2816,9.79183,0.016388,-0.0181733,fluid
1831,5.58159,1.95154,,1008.68,11.3656,139792,,0.0624428,0.0252709,0.0673627,,-24.8053,9.78872,0.0244739,-0.0212816,fluid
1832,5.57502,2.21376,,1008.52,10.7646,137179,,0.0589352,0.0279248,0.0652161,,-24.3848,9.77987,0.0134544,-0.0301256,fluid
1833,5.56788,2.47548,,1008.36,10.7875,134497,,0.05893,0.0321713,0.0671397,,-23.9498,9.77504,0.00588464,-0.0349601,fluid
1834,5.5573,2.73602,,1008.2,10.6403,131847,,0.0579331,0.0371272,0.068809,,-23.5376,9.77268,-0.00542249,-0.0373164,fluid
1835,5.5444,2.99511,,1008.03,10.8292,129188,,0.0587966,0.042937,0.0728054,,-23.1254,9.77428,-0.0104795,-0.0357199,fluid
1836,5.52902,3.25245,,1007.87,10.9881,126551,,0.059483,0.0486824,0.0768648,,-22.7204,9.77872,-0.0106781,-0.031282,fluid
1837,5.51131,3.50786,,1007.72,10.8678,123947,,0.0586121,0.0536766,0.0794767,,-22.3245,9.78425,-0.00708566,-0.0257494,fluid
1838,5.49209,3.76139,,1007.56,10.354,121375,,0.0555873,0.057538,0.0800035,,-21.9356,9.78919,-0.00153539,-0.0208105,fluid
1839,5.47232,4.01323,,1007.4,9.43297,118829,,0.0503592,0.0602715,0.0785411,,-21.5514,9.79328,0.00350554,-0.0167191,fluid
1840,5.45306,4.26366,,1007.25,8.1837,116304,,0.0433846,0.0620417,0.075706,,-21.167,9.79646,0.00759895,-0.0135396,fluid
1841,5.43533,4.51299,,1007.1,6.75222,113793,,0.0354853,0.0630299,0.0723324,,-20.7778,9.7987,0.0105831,-0.0113009,fluid
1842,5.41989,4.76157,,1006.94,5.34576,111288,,0.0277783,0.0636066,0.0694078,,-20.38,9.80131,0.0117122,-0.00869476,fluid
1843,5.40704,5.00969,,1006.79,4.17145,108781,,0.0213707,0.0639986,0.0674724,,-19.9714,9.80389,0.0112848,-0.00611301,fluid
1844,5.39648,5.25752,,1006.64,3.31024,106271,,0.0166848,0.0642029,0.0663355,,-19.5529,9.80666,0.00994635,-0.00333639,fluid
1845,5.3876,5.50513,,1006.48,2.71017,103764,,0.0134251,0.0641786,0.0655677,,-19.1268,9.80913,0.00896054,-0.000868191,fluid
1846,5.37983,5.75256,,1006.33,2.24777,101267,,0.0109171,0.0637917,0.0647191,,-18.6969,9.81061,0.00818716,0.000612956,fluid
1847,5.37275,5.99981,,1006.18,1.8325,98778.1,,0.00867265,0.063045,0.0636388,,-18.2645,9.81119,0.00767243,0.00119107,fluid
1848,5.36618,6.2469,,1006.03,1.41154,96296,,0.00640727,0.0619609,0.0622913,,-17.83,9.81085,0.00746877,0.000849852,fluid
1849,5.36002,6.49385,,1005.87,0.966321,93818.2,,0.00402214,0.0606045,0.0607378,,-17.394,9.8097,0.00717565,-0.000304608,fluid
1850,5.3542,6.74068,,1005.72,0.502377,91343.3,,0.00154822,0.059032,0.0590523,,-16.9563,9.80794,0.00674261,-0.00206391,fluid
1851,5.3487,6.98742,,1005.57,0.0245905,88871.4,,-0.000988524,0.0572714,0.0572799,,-16.5174,9.80568,0.00613894,-0.00432415,fluid
1852,5.34349,7.23409,,1005.42,-0.461665,86402.4,,-0.00355948,0.0553642,0.0554785,,-16.0772,9.80298,0.00537988,-0.00701659,fluid
1853,5.33857,7.48074,,1005.26,-0.947637,83935.9,,-0.0061184,0.053359,0.0537086,,-15.6357,9.7999,0.00449574,-0.0101044,fluid
1854,5.33394,7.72737,,1005.11,-1.42253,81471.5,,-0.00860826,0.0512962,0.0520135,,-15.1929,9.79652,0.00352879,-0.0134825,fluid
1855,5.32963,7.97401,,1004.96,-1.87848,79008.9,,-0.0109876,0.0492029,0.0504149,,-14.7488,9.79286,0.00252119,-0.0171439,fluid
1856,5.32562,8.22066,,1004.81,-2.30997,76548.3,,-0.0132266,0.047102,0.0489239,,-14.3033,9.78899,0.00151211,-0.0210116,fluid
1857,5.3219,8.46732,,1004.65,-2.71727,74089.8,,-0.0153263,0.0450066,0.0475446,,-13.8566,9.78501,0.000525575,-0.0249934,fluid
1858,5.31846,8.714,,1004.5,-3.1034,71633.5,,-0.017303,0.0429324,0.0462881,,-13.4089,9.78099,-0.000416773,-0.0290131,fluid
1859,5.31527,8.96069,,1004.35,-3.47218,69179.5,,-0.0191777,0.0408921,0.0451658,,-12.9602,9.77696,-0.00130735,-0.0330401,fluid
1860,5.31231,9.2074,,1004.2,-3.82546,66727.9,,-0.020962,0.0389054,0.0441931,,-12.5107,9.77297,-0.00217916,-0.0370291,fluid
1861,5.30956,9.45411,,1004.05,-4.16263,64278.5,,-0.0226541,0.0369878,0.043374,,-12.0605,9.76905,-0.00305767,-0.0409542,fluid
1862,5.30701,9.70083,,1003.89,-4.48216,61831.2,,-0.0242476,0.0351504,0.0427024,,-11.6096,9.76526,-0.0039474,-0.0447405,fluid
1863,5.30466,9.94755,,1003.74,-4.78322,59386.2,,-0.0257405,0.0333996,0.0421676,,-11.1582,9.76168,-0.00479648,-0.0483227,fluid
1864,5.30247,10.1943,,1003.59,-5.06479,56943.4,,-0.0271299,0.031741,0.0417555,,-10.7061,9.75833,-0.00552944,-0.0516662,fluid
1865,5.30045,10.441,,1003.44,-5.32527,54502.9,,-0.0284097,0.0301811,0.0414489,,-10.2536,9.75524,-0.00610688,-0.0547627,fluid
1866,5.29858,10.6877,,1003.28,-5.56368,52064.6,,-0.0295769,0.0287206,0.041227,,-9.80047,9.75236,-0.00650919,-0.0576439,fluid
1867,5.29685,10.9344,,1003.13,-5.78333,49628.4,,-0.030652,0.0273469,0.0410779,,-9.34693,9.74959,-0.00677489,-0.0604102,fluid
1868,5.29523,11.1811,,1002.98,-5.992,47194,,-0.0316787,0.0260311,0.0410019,,-8.89304,9.74686,-0.00696236,-0.0631355,fluid
1869,5.29369,11.4278,,1002.83,-6.1995,44761.1,,-0.0327109,0.024746,0.0410166,,-8.43883,9.74422,-0.00710727,-0.0657794,fluid
1870,5.29219,11.6745,,1002.68,-6.41163,42330.1,,-0.0337803,0.0234976,0.0411491,,-7.98428,9.7418,-0.00702439,-0.0682038,fluid
1871,5.29068,11.9212,,1002.52,-6.61693,39902.7,,-0.0348262,0.0223233,0.0413665,,-7.52955,9.73966,-0.00644609,-0.0703391,fluid
1872,5.28914,12.1679,,1002.37,-6.78959,37479.4,,-0.0357082,0.0212506,0.0415532,,-7.07498,9.73764,-0.00563093,-0.0723632,fluid
1873,5.28765,12.4146,,1002.22,-6.94286,35055.5,,-0.0364929,0.0201997,0.0417104,,-6.62086,9.7354,-0.00585084,-0.0746019,fluid
1874,5.28616,12.6613,,1002.07,-7.18424,32626,,-0.0377515,0.0189969,0.0422617,,-6.16682,9.73306,-0.00759103,-0.076935,fluid
1875,5.28439,12.908,,1001.91,-7.58979,30198.9,,-0.0398891,0.0175872,0.0435941,,-5.71226,9.73137,-0.00843307,-0.0786302,fluid
1876,5.28196,13.1545,,1001.76,-7.98599,27789.2,,-0.0419709,0.0162316,0.0450003,,-5.25748,9.73087,-0.00555924,-0.0791327,fluid
1877,5.2791,13.4009,,1001.61,-8.09271,25386.1,,-0.0425012,0.0152905,0.045168,,-4.80373,9.73145,-0.00265737,-0.0785457,fluid
1878,5.27652,13.6475,,1001.46,-8.10285,22967.4,,-0.0425223,0.0146969,0.0449904,,-4.35204,9.73168,-0.00563112,-0.0783195,fluid
1879,5.2744,13.8945,,1001.3,-8.46082,20543.6,,-0.0444016,0.0141257,0.0465944,,-3.90116,9.73087,-0.0112692,-0.079134,fluid
1880,5.27153,14.141,,1001.15,-9.39679,18131.9,,-0.0492967,0.0121338,0.050768,,-3.45249,9.72754,-0.0168662,-0.0824556,fluid
1881,5.26366,14.3865,,1001,-11.3825,15668.3,,-0.0596221,0.00825679,0.0601911,,-3.0026,9.72533,-0.0288719,-0.0846725,fluid
1882,5.24237,14.629,,1000.84,-15.4429,13195.2,,-0.0807172,0.00381827,0.0808074,,-2.55759,9.72727,-0.04267,-0.0827331,fluid
1883,5.19717,14.8686,,1000.69,-20.0776,10920,,-0.104188,0.000759056,0.104191,,-2.13036,9.73226,-0.0306695,-0.0777388,fluid
1884,5.13045,15.1135,,1000.55,-19.9738,8706.95,,-0.102288,0.00480954,0.102401,,-1.70278,9.73447,-0.00660528,-0.0755269,fluid
1885,5.0832,15.3568,,1000.41,-14.2295,6422.82,,-0.0721871,0.0063931,0.0724696,,-1.28903,9.75415,-0.0260073,-0.0558487,fluid
1886,5.17315,15.6345,,1000.27,-6.35423,4170.35,,-0.0327947,0.0200336,0.0384297,,-0.828975,9.74945,-0.0230368,-0.0605498,fluid
1887,5.3509,15.8968,,1000.16,0.825291,2494.89,,0.0045304,0.0241575,0.0245787,,-0.504598,9.73013,-0.0384162,-0.0798684,fluid
1888,5.73512,0.123577,,1009.74,4.47101,157354,,0.0249542,0.00200726,0.0250348,,-27.1779,9.80987,-0.00560592,-0.000127403,fluid
1889,5.77303,0.377416,,1009.58,9.44074,154821,,0.0536252,0.00751915,0.0541498,,-26.5407,9.80897,0.0226326,-0.00102965,fluid
1890,5.78239,0.640256,,1009.46,7.87974,152795,,0.044656,0.0149262,0.0470845,,-26.1767,9.82447,-0.00014673,0.0144743,fluid
1891,5.82323,0.908553,,1009.28,14.1149,149741,,0.0811169,0.022025,0.0840539,,-25.441,9.83402,0.0369878,0.0240214,fluid
1892,5.79745,1.17322,,1009.17,5.82961,148035,,0.0328473,0.0281066,0.0432311,,-25.3151,9.82962,-0.0126761,0.0196157,fluid
1893,5.81735,1.43735,,1008.98,12.2922,144812,,0.0704944,0.0293419,0.0763571,,-24.6232,9.82039,0.0483808,0.0103872,fluid
1894,5.81206,1.70164,,1008.84,9.73723,142449,,0.0554802,0.0307553,0.0634346,,-24.2729,9.81391,0.0215744,0.00391187,fluid
1895,5.81078,1.96556,,1008.67,10.2847,139712,,0.0586286,0.0316264,0.0666149,,-23.8052,9.80053,0.0316435,-0.00947178,fluid
1896,5.80474,2.22879,,1008.51,9.5469,137088,,0.0542133,0.0333446,0.063647,,-23.3988,9.79145,0.0183657,-0.0185535,fluid
1897,5.79851,2.49139,,1008.35,9.47929,134394,,0.053705,0.0354413,0.0643452,,-22.975,9.78257,0.010484,-0.0274346,fluid
1898,5.78911,2.75315,,1008.19,9.17128,131736,,0.0517708,0.0387073,0.0646411,,-22.5742,9.77671,-0.00315673,-0.0332891,fluid
1899,5.77778,3.01381,,1008.03,9.24396,129064,,0.0520387,0.0431139,0.0675783,,-22.1707,9.77397,-0.0105697,-0.0360311,fluid
1900,5.76426,3.27306,,1007.87,9.3481,126409,,0.0524764,0.0483011,0.0713216,,-21.7712,9.77438,-0.0126007,-0.0356199,fluid
1901,5.74864,3.53065,,1007.71,9.27158,123779,,0.0518725,0.0535579,0.07456,,-21.377,9.77771,-0.00972852,-0.0322944,fluid
1902,5.7316,3.78647,,1007.55,8.86556,121177,,0.0493867,0.0583158,0.0764185,,-20.9879,9.78168,-0.00430965,-0.0283233,fluid
1903,5.714,4.04058,,1007.39,8.07818,118602,,0.0447392,0.0623049,0.076704,,-20.6031,9.78514,0.00105169,-0.0248603,fluid
1904,5.69682,4.29314,,1007.23,6.98423,116049,,0.0383837,0.0655792,0.0759865,,-20.2193,9.7879,0.00513407,-0.0220972,fluid
1905,5.68098,4.54434,,1007.08,5.72531,113513,,0.0311414,0.0682349,0.0750053,,-19.8334,9.7905,0.00732816,-0.0195016,fluid
1906,5.66717,4.79448,,1006.93,4.513,110987,,0.0242056,0.0702787,0.0743304,,-19.442,9.79394,0.00744499,-0.016058,fluid
1907,5.65562,5.04386,,1006.77,3.52249,108464,,0.0185606,0.0717753,0.0741362,,-19.0425,9.79731,0.00660291,-0.0126909,fluid
1908,5.64609,5.29269,,1006.62,2.8243,105944,,0.0145905,0.0729019,0.0743476,,-18.6351,9.80079,0.0056561,-0.00920631,fluid
1909,5.63803,5.54109,,1006.46,2.36233,103431,,0.0119645,0.073618,0.0745839,,-18.2222,9.80374,0.00515429,-0.00626253,fluid
1910,5.63095,5.78914,,1006.31,2.02014,100928,,0.0100254,0.0739089,0.0745857,,-17.8061,9.80592,0.00524048,-0.00408386,fluid
1911,5.62449,6.03688,,1006.16,1.70389,98434.6,,0.00824099,0.0737972,0.0742559,,-17.3882,9.80709,0.00577073,-0.00291192,fluid
1912,5.61849,6.28433,,1006,1.36952,95948.7,,0.00636217,0.0733552,0.0736306,,-16.9692,9.80721,0.00616904,-0.00278967,fluid
1913,5.61285,6.5315,,1005.85,1.0094,93468.2,,0.00434976,0.0725998,0.07273,,-16.5494,9.80685,0.00627251,-0.00314711,fluid
1914,5.60752,6.77843,,1005.7,0.629177,90992.2,,0.00223459,0.0715391,0.071574,,-16.1287,9.80588,0.00618268,-0.00411558,fluid
1915,5.60245,7.02514,,1005.55,0.231697,88520.6,,3.34915e-05,0.0701942,0.0701942,,-15.7073,9.8043,0.00594404,-0.00570185,fluid
1916,5.59761,7.27168,,1005.39,-0.18062,86053.3,,-0.00224003,0.0686038,0.0686403,,-15.2853,9.80213,0.00548232,-0.0078676,fluid
1917,5.59302,7.5181,,1005.24,-0.600253,83589.7,,-0.00454412,0.0668257,0.06698,,-14.8626,9.79937,0.00485373,-0.0106335,fluid
1918,5.5887,7.76443,,1005.09,-1.01413,81128.7,,-0.00680622,0.0649163,0.0652721,,-14.439,9.79616,0.00402927,-0.0138358,fluid
1919,5.58466,8.01068,,1004.94,-1.41423,78670.1,,-0.00898284,0.062917,0.063555,,-14.0145,9.7927,0.00307862,-0.0173019,fluid
1920,5.58091,8.25687,,1004.79,-1.79582,76214,,-0.011049,0.06086,0.0618548,,-13.589,9.78903,0.00212695,-0.0209712,fluid
1921,5.57743,8.50302,,1004.63,-2.15927,73760.6,,-0.0130069,0.0587689,0.0601911,,-13.1625,9.78521,0.00127704,-0.0247883,fluid
1922,5.5742,8.74912,,1004.48,-2.50711,71309.9,,-0.0148708,0.0566613,0.0585802,,-12.7353,9.78129,0.000501475,-0.0287145,fluid
1923,5.57121,8.99518,,1004.33,-2.84182,68862.1,,-0.0166542,0.0545548,0.0570402,,-12.3073,9.77735,-0.000271696,-0.0326458,fluid
1924,5.56843,9.2412,,1004.18,-3.16468,66416.9,,-0.0183643,0.0524676,0.0555886,,-11.8788,9.77347,-0.0010626,-0.0365259,fluid
1925,5.56586,9.48718,,1004.03,-3.47469,63974.3,,-0.0199961,0.050414,0.0542348,,-11.4498,9.7697,-0.00182344,-0.0402952,fluid
1926,5.56349,9.73313,,1003.88,-3.77084,61534.3,,-0.021545,0.0484068,0.052985,,-11.0202,9.76607,-0.00254749,-0.0439298,fluid
1927,5.56129,9.97903,,1003.72,-4.0516,59096.9,,-0.0230043,0.0464564,0.0518401,,-10.5903,9.76263,-0.00323968,-0.0473698,fluid
1928,5.55927,10.2249,,1003.57,-4.31582,56662,,-0.0243702,0.044567,0.0507949,,-10.16,9.7594,-0.0038696,-0.0505987,fluid
1929,5.55739,10.4707,,1003.42,-4.56315,54229.8,,-0.0256429,0.0427423,0.0498444,,-9.72927,9.75641,-0.00438083,-0.053592,fluid
1930,5.55565,10.7165,,1003.27,-4.79239,51800.2,,-0.026818,0.0409865,0.0489806,,-9.29827,9.75363,-0.00477706,-0.0563702,fluid
1931,5.55404,10.9622,,1003.12,-5.0036,49373,,-0.0278982,0.0393003,0.0481957,,-8.86708,9.75101,-0.00512277,-0.058993,fluid
1932,5.55252,11.2079,,1002.96,-5.19972,46948,,-0.0289024,0.0376666,0.0474776,,-8.43576,9.74847,-0.00549146,-0.0615339,fluid
1933,5.55108,11.4535,,1002.81,-5.39052,44524.6,,-0.0298867,0.0360519,0.046829,,-8.00427,9.74598,-0.00587806,-0.0640214,fluid
1934,5.54968,11.6992,,1002.66,-5.58701,42103.2,,-0.0309144,0.0344376,0.046278,,-7.57254,9.74365,-0.00608535,-0.0663501,fluid
1935,5.54827,11.9447,,1002.51,-5.78358,39685.4,,-0.0319555,0.0328465,0.0458263,,-7.14068,9.7416,-0.00583145,-0.0683991,fluid
1936,5.54682,12.1903,,1002.36,-5.95051,37272,,-0.0328419,0.0313353,0.0453927,,-6.70898,9.73976,-0.00525597,-0.0702368,fluid
1937,5.5454,12.4358,,1002.21,-6.08993,34859.2,,-0.0335812,0.0298714,0.0449444,,-6.27763,9.73788,-0.00531511,-0.0721175,fluid
1938,5.544,12.6813,,1002.05,-6.28796,32442.5,,-0.0346533,0.0283145,0.04475,,-5.84633,9.7358,-0.00650584,-0.0742001,fluid
1939,5.54238,12.9268,,1001.9,-6.62669,30028.2,,-0.0365173,0.0265234,0.0451332,,-5.41487,9.73391,-0.00724076,-0.0760906,fluid
1940,5.54021,13.172,,1001.75,-6.99831,27627.4,,-0.0385613,0.0246409,0.0457619,,-4.98381,9.7328,-0.0058147,-0.0771957,fluid
1941,5.53756,13.4172,,1001.6,-7.18436,25231.1,,-0.0395606,0.0230467,0.0457842,,-4.5536,9.73289,-0.00452562,-0.0771123,fluid
1942,5.5349,13.6623,,1001.45,-7.28004,22828,,-0.0400608,0.0218659,0.0456397,,-4.12481,9.73329,-0.00640982,-0.0767113,fluid
1943,5.53259,13.9078,,1001.3,-7.5127,20429.6,,-0.0413307,0.0209544,0.0463391,,-3.69752,9.73225,-0.00970184,-0.0777539,fluid
1944,5.5304,14.1532,,1001.14,-8.10649,18029.5,,-0.0445666,0.0188871,0.0484036,,-3.27208,9.72925,-0.0157455,-0.0807547,fluid
1945,5.52421,14.3978,,1000.99,-9.85357,15568.6,,-0.0541178,0.0152309,0.0562202,,-2.84537,9.72695,-0.0298913,-0.083049,fluid
1946,5.50496,14.6398,,1000.83,-13.6322,13110.5,,-0.074784,0.0109661,0.0755838,,-2.42104,9.72704,-0.0414494,-0.0829565,fluid
1947,5.46282,14.8791,,1000.69,-18.01,10829.3,,-0.0981882,0.00737644,0.0984649,,-2.01269,9.72823,-0.0316895,-0.0817679,fluid
1948,5.39672,15.1224,,1000.55,-18.5499,8595.94,,-0.0998817,0.00891631,0.100279,,-1.60827,9.72392,-0.0163271,-0.0860811,fluid
1949,5.3447,15.3622,,1000.41,-14.0271,6368.18,,-0.0748237,0.00995523,0.0754831,,-1.2208,9.74375,-0.0297829,-0.0662546,fluid
1950,5.42713,15.6376,,1000.26,-6.5058,4142.74,,-0.0351922,0.021099,0.0410324,,-0.785328,9.72277,-0.0221921,-0.087226,fluid
1951,5.60127,15.8995,,1000.16,0.554523,2494.95,,0.00322319,0.0207494,0.0209983,,-0.469733,9.69565,-0.0243774,-0.114352,fluid
1952,5.97873,0.123593,,1009.74,3.72414,157473,,0.0213437,-0.000153976,0.0213442,,-26.0915,9.80936,-0.0066602,-0.000640419,fluid
1953,6.01042,0.378321,,1009.59,8.36771,154965,,0.0491552,-0.000569167,0.0491585,,-25.5234,9.80669,0.0142873,-0.00331318,fluid
1954,6.0097,0.638803,,1009.47,6.55797,152942,,0.0382973,-0.00189986,0.0383444,,-25.2149,9.80164,-0.0043711,-0.00835568,fluid
1955,6.05036,0.905886,,1009.29,12.4899,149930,,0.0742691,-0.00238105,0.0743073,,-24.5055,9.76728,0.0468654,-0.0427239,fluid
1956,6.02758,1.17002,,1009.18,5.25319,148093,,0.030427,-0.000841442,0.0304386,,-24.3512,9.75935,-0.00549063,-0.0506511,fluid
1957,6.04586,1.43485,,1008.99,11.0806,144930,,0.0656728,-0.000894123,0.0656789,,-23.7094,9.73978,0.048868,-0.0702207,fluid
1958,6.04085,1.70013,,1008.84,8.95525,142496,,0.0527395,0.000472112,0.0527416,,-23.3497,9.72973,0.0322917,-0.0802744,fluid
1959,6.03991,1.96594,,1008.68,9.21006,139763,,0.0542367,0.00401933,0.0543854,,-22.9058,9.72472,0.0351475,-0.0852767,fluid
1960,6.03447,2.23131,,1008.51,8.51643,137104,,0.0499663,0.00827623,0.0506471,,-22.5041,9.72268,0.024231,-0.087323,fluid
1961,6.02879,2.49659,,1008.35,8.23508,134393,,0.0481717,0.0143073,0.0502515,,-22.0951,9.72506,0.0121911,-0.0849418,fluid
1962,6.02032,2.76131,,1008.19,7.78119,131712,,0.0453271,0.0216947,0.0502514,,-21.7035,9.73014,-0.00317918,-0.0798554,fluid
1963,6.01025,3.0251,,1008.02,7.67524,129019,,0.0445828,0.0301629,0.0538278,,-21.308,9.73926,-0.0124189,-0.0707363,fluid
1964,5.99834,3.28753,,1007.86,7.66182,126339,,0.0443752,0.0392234,0.0592253,,-20.9147,9.74889,-0.0166914,-0.0611091,fluid
1965,5.98471,3.54817,,1007.7,7.57082,123679,,0.0437137,0.0481456,0.0650298,,-20.5229,9.75948,-0.0148746,-0.0505225,fluid
1966,5.96987,3.80676,,1007.54,7.24846,121046,,0.0416783,0.0561389,0.0699189,,-20.1338,9.76983,-0.00939288,-0.0401706,fluid
1967,5.95455,4.06325,,1007.38,6.61122,118440,,0.0377768,0.062722,0.0732198,,-19.7484,9.77817,-0.00339612,-0.0318268,fluid
1968,5.93961,4.31778,,1007.22,5.71282,115860,,0.0323542,0.0677806,0.0751066,,-19.3653,9.78388,0.00111766,-0.0261177,fluid
1969,5.92583,4.57061,,1007.07,4.68772,113297,,0.0262114,0.071431,0.0760883,,-18.9819,9.78846,0.00317687,-0.0215414,fluid
1970,5.91377,4.8221,,1006.91,3.70043,110749,,0.0203236,0.0740203,0.0767597,,-18.595,9.79089,0.00385644,-0.0191106,fluid
1971,5.90363,5.07259,,1006.76,2.90625,108210,,0.0156032,0.0759348,0.0775213,,-18.2034,9.79292,0.00301331,-0.0170792,fluid
1972,5.89519,5.32236,,1006.6,2.36283,105678,,0.0123766,0.0773291,0.0783133,,-17.8063,9.79522,0.00221957,-0.0147824,fluid
1973,5.88801,5.5716,,1006.45,2.01539,103155,,0.0103161,0.0784089,0.0790847,,-17.4049,9.79667,0.00245941,-0.0133286,fluid
1974,5.88166,5.82039,,1006.29,1.76114,100644,,0.00881576,0.0792472,0.0797361,,-17.0012,9.79808,0.00324606,-0.0119184,fluid
1975,5.87588,6.06877,,1006.14,1.52116,98143.3,,0.0074045,0.0798114,0.0801541,,-16.5967,9.7994,0.00414486,-0.0105963,fluid
1976,5.87051,6.31675,,1005.99,1.26417,95650.6,,0.00590151,0.0800752,0.0802924,,-16.1918,9.79988,0.00472526,-0.0101237,fluid
1977,5.86546,6.56435,,1005.83,0.982846,93164.6,,0.00426918,0.0800319,0.0801457,,-15.7865,9.80013,0.00502928,-0.00987094,fluid
1978,5.86067,6.81159,,1005.68,0.680608,90684.8,,0.00252445,0.0796868,0.0797268,,-15.381,9.79977,0.00508325,-0.0102308,fluid
1979,5.8561,7.05851,,1005.53,0.364196,88210.6,,0.000707677,0.0790197,0.0790229,,-14.9753,9.79891,0.00488747,-0.0110886,fluid
1980,5.8517,7.30514,,1005.38,0.0289826,85742.2,,-0.0012097,0.0780169,0.0780262,,-14.5697,9.79755,0.00452567,-0.0124485,fluid
1981,5.8475,7.55155,,1005.22,-0.3212,83278.7,,-0.00320692,0.0767329,0.0767999,,-14.1636,9.79553,0.00414328,-0.0144718,fluid
1982,5.84353,7.79777,,1005.07,-0.673115,80818.9,,-0.00520617,0.075227,0.0754069,,-13.7571,9.79295,0.00362654,-0.0170472,fluid
1983,5.83981,8.04384,,1004.92,-1.01849,78362.4,,-0.00715968,0.0735605,0.0739081,,-13.35,9.79001,0.00297837,-0.0199901,fluid
1984,5.83636,8.28976,,1004.77,-1.35157,75909.1,,-0.00903532,0.0717755,0.0723419,,-12.9423,9.78679,0.002242,-0.0232148,fluid
1985,5.83315,8.53557,,1004.62,-1.67141,73459.2,,-0.0108287,0.0699056,0.0707393,,-12.5341,9.78341,0.00146796,-0.0265909,fluid
1986,5.83017,8.78126,,1004.46,-1.97986,71012.5,,-0.0125511,0.0679743,0.0691233,,-12.1253,9.77994,0.000773473,-0.0300581,fluid
1987,5.82742,9.02685,,1004.31,-2.27849,68569.2,,-0.0142107,0.0659973,0.0675099,,-11.7159,9.77641,0.000203938,-0.0335905,fluid
1988,5.82486,9.27234,,1004.16,-2.56907,66129.1,,-0.0158173,0.0639881,0.065914,,-11.3061,9.77293,-0.000288318,-0.0370671,fluid
1989,5.8225,9.51774,,1004.01,-2.85137,63692.1,,-0.0173705,0.0619646,0.0643532,,-10.8961,9.76953,-0.000774459,-0.0404701,fluid
1990,5.82032,9.76305,,1003.86,-3.12352,61258.2,,-0.0188593,0.059944,0.0628407,,-10.4857,9.76622,-0.00128337,-0.0437827,fluid
1991,5.81832,10.0083,,1003.71,-3.3832,58827.1,,-0.0202709,0.0579398,0.0613835,,-10.0752,9.76303,-0.00182946,-0.0469659,fluid
1992,5.81647,10.2534,,1003.56,-3.62877,56399,,-0.021597,0.0559579,0.059981,,-9.66448,9.76,-0.0024117,-0.049996,fluid
1993,5.81477,10.4985,,1003.4,-3.85908,53973.6,,-0.0228332,0.0540017,0.0586305,,-9.25368,9.75715,-0.00301036,-0.0528487,fluid
1994,5.81319,10.7434,,1003.25,-4.07281,51551.1,,-0.0239739,0.0520758,0.0573292,,-8.84277,9.7545,-0.0035692,-0.0554957,fluid
1995,5.81172,10.9883,,1003.1,-4.27,49131.6,,-0.0250211,0.0501872,0.0560786,,-8.43173,9.75206,-0.00398151,-0.0579375,fluid
1996,5.81034,11.2331,,1002.95,-4.45239,46715,,-0.0259875,0.0483284,0.0548724,,-8.0206,9.74976,-0.00427362,-0.0602433,fluid
1997,5.80903,11.4779,,1002.8,-4.62809,44300.5,,-0.0269234,0.0464761,0.0537113,,-7.60944,9.74751,-0.00458105,-0.06249,fluid
1998,5.80775,11.7225,,1002.65,-4.8085,41887.9,,-0.0278979,0.0446101,0.0526152,,-7.19827,9.74536,-0.00489186,-0.0646439,fluid
1999,5.80646,11.9671,,1002.5,-4.99148,39478.8,,-0.0289001,0.0427427,0.051596,,-6.78709,9.7434,-0.00491203,-0.0665979,fluid
2000,5.80512,12.2117,,1002.35,-5.15469,37074.1,,-0.0297976,0.0409166,0.0506168,,-6.37602,9.74171,-0.00452535,-0.0682896,fluid
2001,5.8038,12.4561,,1002.19,-5.2919,34671.1,,-0.0305513,0.0391403,0.0496522,,-5.9653,9.74,-0.00451749,-0.0699969,fluid
2002,5.8025,12.7006,,1002.04,-5.46074,32265.8,,-0.0314977,0.0372949,0.0488161,,-5.55499,9.73798,-0.00565937,-0.0720191,fluid
2003,5.80104,12.945,,1001.89,-5.72738,29862,,-0.0330226,0.0352115,0.0482736,,-5.1451,9.73586,-0.00712839,-0.074142,fluid
2004,5.79916,13.1892,,1001.74,-6.04082,27467.4,,-0.034817,0.0329459,0.0479339,,-4.73541,9.73438,-0.00720561,-0.075621,fluid
2005,5.79678,13.4332,,1001.59,-6.27257,25077.7,,-0.036127,0.0307641,0.0474509,,-4.32594,9.73396,-0.00665822,-0.0760362,fluid
2006,5.79412,13.677,,1001.44,-6.42901,22689.9,,-0.0370058,0.0289081,0.0469586,,-3.91758,9.73388,-0.00718881,-0.0761246,fluid
2007,5.7917,13.9213,,1001.29,-6.57684,20311.7,,-0.0378361,0.0272795,0.0466448,,-3.5111,9.73246,-0.00857899,-0.0775426,fluid
2008,5.78993,14.1653,,1001.14,-6.96732,17921.9,,-0.0400445,0.0248624,0.0471349,,-3.10676,9.73016,-0.014924,-0.0798407,fluid
2009,5.78498,14.4089,,1000.98,-8.5438,15469.3,,-0.0490908,0.0213018,0.0535133,,-2.70033,9.72824,-0.0289092,-0.081756,fluid
2010,5.76724,14.6502,,1000.83,-11.9528,13032,,-0.0686548,0.0172574,0.0707905,,-2.29526,9.7267,-0.0374706,-0.0832998,fluid
2011,5.72819,14.8893,,1000.68,-15.9944,10745.4,,-0.0913729,0.0132035,0.0923219,,-1.90184,9.72504,-0.0272435,-0.0849621,fluid
2012,5.66374,15.1314,,1000.54,-16.9786,8484.73,,-0.0959095,0.0110949,0.0965491,,-1.51634,9.71462,-0.0190648,-0.0953798,fluid
2013,5.60801,15.3684,,1000.4,-13.5315,6320.26,,-0.075742,0.0117446,0.0766471,,-1.15324,9.7299,-0.0266895,-0.0801004,fluid
2014,5.68255,15.6406,,1000.26,-6.36036,4100.62,,-0.0359927,0.0185316,0.0404832,,-0.735592,9.69921,-0.0141653,-0.11079,fluid
2015,5.85119,15.9015,,1000.16,0.687511,2501.84,,0.00412958,0.0133316,0.0139566,,-0.431321,9.67505,-0.00381165,-0.134952,fluid
2016,6.22049,0.126538,,1009.75,3.672,157523,,0.0217399,4.11763e-05,0.02174,,-25.0803,9.80366,-0.00139688,-0.00633729,fluid
2017,6.24638,0.387993,,1009.59,7.50446,154996,,0.0456198,0.00491304,0.0458836,,-24.5625,9.78558,0.0154048,-0.02442,fluid
2018,6.23969,0.65213,,1009.46,6.14136,152843,,0.0371852,0.00888732,0.0382325,,-24.2503,9.78035,0.0153304,-0.0296531,fluid
2019,6.27832,0.924101,,1009.29,10.773,149881,,0.0662417,0.0269289,0.0715061,,-23.6178,9.81349,0.0353198,0.00348809,fluid
2020,6.25841,1.18819,,1009.17,5.04949,147886,,0.0303685,0.0228291,0.0379923,,-23.4053,9.79134,0.0101261,-0.018655,fluid
2021,6.27471,1.45618,,1008.98,9.94264,144783,,0.0610542,0.0329123,0.0693602,,-22.8189,9.81456,0.0499069,0.00455642,fluid
2022,6.26923,1.72232,,1008.83,7.7749,142335,,0.0473729,0.0336711,0.05812,,-22.4729,9.8006,0.0320655,-0.0094044,fluid
2023,6.26842,1.98908,,1008.67,7.80862,139613,,0.0475404,0.0382787,0.0610356,,-22.0513,9.80484,0.0296828,-0.0051644,fluid
2024,6.26322,2.25481,,1008.51,6.99645,136960,,0.042374,0.0412664,0.0591479,,-21.6668,9.80176,0.0161466,-0.0082406,fluid
2025,6.25796,2.52025,,1008.34,6.57373,134264,,0.039625,0.0455056,0.0603398,,-21.2763,9.80419,0.00107073,-0.00580676,fluid
2026,6.25039,2.78475,,1008.18,6.04406,131594,,0.0362096,0.0494473,0.0612876,,-20.8966,9.80291,-0.0136278,-0.00709041,fluid
2027,6.24165,3.0482,,1008.02,5.87106,128908,,0.0350271,0.0541232,0.0644688,,-20.5112,9.80328,-0.022503,-0.00672159,fluid
2028,6.23153,3.31022,,1007.85,5.84956,126231,,0.0347771,0.0590772,0.0685534,,-20.1251,9.80263,-0.0261748,-0.00736891,fluid
2029,6.22008,3.57051,,1007.69,5.83945,123565,,0.0346136,0.0639179,0.0726884,,-19.7373,9.80236,-0.0233952,-0.00764381,fluid
2030,6.20767,3.82889,,1007.53,5.69575,120918,,0.0336271,0.068221,0.0760584,,-19.3496,9.80217,-0.0164532,-0.00782969,fluid
2031,6.19481,4.08535,,1007.37,5.29621,118295,,0.0310648,0.071651,0.0780954,,-18.9646,9.80056,-0.00845942,-0.00944204,fluid
2032,6.18219,4.34006,,1007.21,4.65014,115696,,0.0270031,0.0742543,0.0790119,,-18.5829,9.79855,-0.00250687,-0.0114497,fluid
2033,6.17046,4.59326,,1007.06,3.86632,113117,,0.0221117,0.076138,0.0792838,,-18.2029,9.79681,0.000621886,-0.01319,fluid
2034,6.16009,4.84526,,1006.9,3.08404,110555,,0.0172472,0.0774729,0.0793695,,-17.8224,9.79548,0.00159778,-0.0145172,fluid
2035,6.15126,5.09637,,1006.74,2.44689,108005,,0.0132976,0.0783877,0.0795076,,-17.4392,9.79427,0.00132162,-0.0157322,fluid
2036,6.14384,5.34683,,1006.59,2.00073,105464,,0.0105337,0.0792346,0.0799317,,-17.0526,9.79333,0.000843085,-0.0166716,fluid
2037,6.13748,5.59678,,1006.43,1.70374,102934,,0.00869598,0.0801006,0.0805712,,-16.6631,9.79266,0.00120892,-0.0173353,fluid
2038,6.13186,5.84628,,1006.28,1.48685,100416,,0.00736167,0.0809888,0.0813227,,-16.272,9.7922,0.00188024,-0.0178029,fluid
2039,6.12677,6.09534,,1006.12,1.28638,97906.3,,0.00613751,0.0819203,0.0821499,,-15.8802,9.79187,0.0026629,-0.0181272,fluid
2040,6.12207,6.34393,,1005.97,1.07686,95406.1,,0.0048715,0.0827789,0.0829221,,-15.4883,9.79157,0.00320836,-0.0184335,fluid
2041,6.11767,6.59205,,1005.82,0.857536,92913.3,,0.00356003,0.0834479,0.0835238,,-15.0966,9.79171,0.00325194,-0.0182863,fluid
2042,6.1135,6.83973,,1005.66,0.630832,90427.8,,0.00221296,0.0838173,0.0838465,,-14.7052,9.79181,0.00301987,-0.0181945,fluid
2043,6.10948,7.087,,1005.51,0.39839,87949,,0.000841487,0.0838003,0.0838046,,-14.3135,9.7916,0.00312214,-0.0184025,fluid
2044,6.10559,7.3339,,1005.36,0.140492,85477.3,,-0.000677879,0.0834345,0.0834373,,-13.9218,9.79086,0.00337488,-0.0191408,fluid
2045,6.10184,7.58049,,1005.21,-0.137394,83011.3,,-0.00231603,0.0827735,0.0828059,,-13.5306,9.78944,0.00328044,-0.0205561,fluid
2046,6.09828,7.82681,,1005.05,-0.423838,80549.9,,-0.00400122,0.0818595,0.0819572,,-13.1393,9.78766,0.00295821,-0.0223448,fluid
2047,6.09494,8.07289,,1004.9,-0.711296,78092.9,,-0.00568735,0.0807253,0.0809254,,-12.7477,9.78546,0.00250984,-0.0245394,fluid
2048,6.09183,8.31874,,1004.75,-0.993062,75640.1,,-0.00733287,0.0794118,0.0797497,,-12.3559,9.78288,0.00207645,-0.0271186,fluid
2049,6.08895,8.56439,,1004.6,-1.2664,73191.6,,-0.00892176,0.0779488,0.0784577,,-11.9637,9.78007,0.00164605,-0.0299271,fluid
2050,6.08627,8.80986,,1004.45,-1.5328,70747.2,,-0.0104651,0.076358,0.0770718,,-11.5714,9.77715,0.00122932,-0.0328467,fluid
2051,6.08379,9.05515,,1004.3,-1.79439,68306.8,,-0.011976,0.0746613,0.0756157,,-11.1788,9.77415,0.000845392,-0.035855,fluid
2052,6.0815,9.30028,,1004.14,-2.05137,65870.2,,-0.0134538,0.0728766,0.074108,,-10.7861,9.77109,0.000457298,-0.038911,fluid
2053,6.07938,9.54526,,1003.99,-2.30264,63437,,-0.0148915,0.0710272,0.0725715,,-10.3933,9.76806,-2.42568e-06,-0.0419422,fluid
2054,6.07743,9.7901,,1003.84,-2.54644,61007.3,,-0.0162784,0.0691349,0.0710255,,-10.0004,9.76509,-0.000482732,-0.0449075,fluid
2055,6.07564,10.0348,,1003.69,-2.78088,58581,,-0.0176029,0.0672138,0.0694806,,-9.60746,9.76222,-0.000969772,-0.0477837,fluid
2056,6.074,10.2794,,1003.54,-3.00359,56157.9,,-0.0188512,0.0652781,0.0679456,,-9.21447,9.75944,-0.00145829,-0.0505626,fluid
2057,6.07249,10.5238,,1003.39,-3.21366,53738.1,,-0.0200196,0.0633322,0.066421,,-8.82147,9.75678,-0.00192603,-0.053221,fluid
2058,6.0711,10.7682,,1003.24,-3.41036,51321.5,,-0.0211065,0.0613811,0.0649085,,-8.42849,9.75428,-0.00235264,-0.055724,fluid
2059,6.06981,11.0124,,1003.09,-3.59345,48908.5,,-0.0221127,0.0594245,0.0634053,,-8.0356,9.75196,-0.00273236,-0.0580375,fluid
2060,6.06859,11.2565,,1002.94,-3.76278,46498.7,,-0.0230398,0.0574603,0.0619073,,-7.64291,9.7498,-0.00316055,-0.0602043,fluid
2061,6.06744,11.5004,,1002.79,-3.92288,44091.4,,-0.0239178,0.0554779,0.060414,,-7.25046,9.74771,-0.00375526,-0.0622857,fluid
2062,6.06631,11.7443,,1002.63,-4.08458,41686.5,,-0.0248148,0.0534609,0.0589393,,-6.85814,9.74576,-0.00439303,-0.0642372,fluid
2063,6.06517,11.988,,1002.48,-4.25154,39285.1,,-0.0257551,0.0514112,0.0575016,,-6.46587,9.74401,-0.00475768,-0.065987,fluid
2064,6.06398,12.2317,,1002.33,-4.40721,36888.3,,-0.0266379,0.0493694,0.0560974,,-6.07383,9.74243,-0.00481825,-0.0675748,fluid
2065,6.06277,12.4752,,1002.18,-4.53674,34494,,-0.0273701,0.0473549,0.0546956,,-5.68213,9.74086,-0.00504361,-0.0691368,fluid
2066,6.06158,12.7187,,1002.03,-4.66578,32098.8,,-0.0281075,0.0452959,0.053308,,-5.29054,9.7391,-0.00583097,-0.0708986,fluid
2067,6.06027,12.962,,1001.88,-4.86181,29705.6,,-0.0292595,0.0430122,0.0520208,,-4.89895,9.73734,-0.00646685,-0.0726647,fluid
2068,6.05866,13.2052,,1001.73,-5.13236,27318.9,,-0.0308673,0.040466,0.0508949,,-4.50786,9.7357,-0.0065873,-0.0742987,fluid
2069,6.05655,13.4482,,1001.58,-5.382,24936,,-0.0323485,0.0379372,0.0498564,,-4.11731,9.73466,-0.00661154,-0.0753423,fluid
2070,6.05403,13.691,,1001.43,-5.56363,22560.2,,-0.0334241,0.0355502,0.0487953,,-3.72761,9.7342,-0.00646701,-0.0758034,fluid
2071,6.05156,13.9341,,1001.28,-5.6606,20195.3,,-0.03398,0.033374,0.0476284,,-3.34024,9.73269,-0.00730559,-0.0773063,fluid
2072,6.05002,14.1769,,1001.13,-5.97977,17813.8,,-0.0358596,0.0307626,0.0472467,,-2.95504,9.73101,-0.0139425,-0.0789922,fluid
2073,6.04577,14.4199,,1000.98,-7.42502,15372.2,,-0.0445493,0.0273836,0.0522924,,-2.56666,9.72896,-0.0264987,-0.0810435,fluid
2074,6.02918,14.6612,,1000.82,-10.4224,12954.8,,-0.062544,0.0233572,0.0667631,,-2.17768,9.72467,-0.0307719,-0.085327,fluid
2075,5.99325,14.9004,,1000.68,-13.9257,10652.4,,-0.0831829,0.0182994,0.0851719,,-1.79645,9.72001,-0.0202497,-0.0899862,fluid
2076,5.93178,15.1407,,1000.53,-14.9576,8366.72,,-0.0884772,0.0128,0.0893983,,-1.42711,9.7095,-0.0173686,-0.100496,fluid
2077,5.87328,15.3742,,1000.4,-12.4324,6270.43,,-0.0728673,0.0120801,0.0738619,,-1.08376,9.71981,-0.0165668,-0.0901904,fluid
2078,5.93891,15.6428,,1000.26,-6.02389,4060.44,,-0.0356107,0.0123801,0.0377013,,-0.682322,9.68609,0.00120263,-0.123906,fluid
2079,6.10138,15.9022,,1000.16,1.25838,2520.63,,0.0077532,0.00435409,0.00889214,,-0.399592,9.67397,0.0134668,-0.136032,fluid
2080,6.45652,0.129723,,1009.76,2.76208,157672,,0.0166582,0.00492839,0.0173719,,-24.179,9.80694,0.00567598,-0.00305909,fluid
2081,6.4763,0.395699,,1009.61,5.2145,155182,,0.03246,0.0151758,0.0358323,,-23.7246,9.82308,0.00890558,0.0130828,fluid
2082,6.46619,0.666977,,1009.47,3.83107,152927,,0.0235349,0.0376692,0.0444169,,-23.4276,9.85883,0.000829328,0.0488263,fluid
2083,6.50362,0.93931,,1009.29,8.35094,149942,,0.0528627,0.0528975,0.0747838,,-22.8202,9.87104,0.0227644,0.0610424,fluid
2084,6.48736,1.21062,,1009.16,3.86284,147732,,0.0238489,0.0683817,0.0724212,,-22.5588,9.89395,0.00678466,0.0839544,fluid
2085,6.50315,1.47891,,1008.97,8.67339,144645,,0.0550863,0.074972,0.0930339,,-21.9975,9.89866,0.0469872,0.0886616,fluid
2086,6.49853,1.74694,,1008.82,6.78285,142143,,0.0427311,0.0813219,0.0918651,,-21.6567,9.91242,0.0252141,0.102418,fluid
2087,6.49897,2.01251,,1008.65,7.18078,139405,,0.0452782,0.0816181,0.0933362,,-21.2368,9.91238,0.0295402,0.10238,fluid
2088,6.49462,2.27697,,1008.49,6.45531,136760,,0.0404738,0.080715,0.0902942,,-20.8635,9.90931,0.0165555,0.099308,fluid
2089,6.49034,2.54013,,1008.33,6.17692,134079,,0.0385555,0.0778816,0.0869026,,-20.481,9.89816,0.00656967,0.0881602,fluid
2090,6.48378,2.80239,,1008.17,5.65441,131431,,0.0350529,0.074681,0.0824983,,-20.1126,9.88327,-0.00616843,0.0732738,fluid
2091,6.47621,3.0638,,1008.01,5.43416,128766,,0.0335084,0.0717925,0.0792274,,-19.7378,9.86524,-0.0129242,0.0552376,fluid
2092,6.46747,3.32435,,1007.85,5.30244,126105,,0.0325335,0.070056,0.0772416,,-19.3629,9.84633,-0.0163738,0.0363307,fluid
2093,6.45766,3.58391,,1007.69,5.19604,123448,,0.0317409,0.0697759,0.0766561,,-18.9857,9.82938,-0.0149929,0.0193811,fluid
2094,6.44708,3.84224,,1007.52,5.00644,120801,,0.0304239,0.0708719,0.0771261,,-18.6077,9.81639,-0.0103213,0.00639365,fluid
2095,6.43611,4.0992,,1007.36,4.63113,118172,,0.027928,0.0726474,0.0778307,,-18.2312,9.80851,-0.0046474,-0.00148598,fluid
2096,6.42532,4.35473,,1007.21,4.05854,115565,,0.0241873,0.0745532,0.0783786,,-17.8573,9.8033,-5.97535e-05,-0.00670295,fluid
2097,6.41525,4.60891,,1007.05,3.37513,112977,,0.0197492,0.0762247,0.0787416,,-17.4855,9.79995,0.00204911,-0.010054,fluid
2098,6.40629,4.8619,,1006.89,2.69967,110407,,0.0153771,0.0776062,0.0791149,,-17.114,9.79712,0.00223043,-0.0128757,fluid
2099,6.39862,5.11391,,1006.73,2.13673,107851,,0.0117439,0.0787025,0.0795739,,-16.7411,9.79487,0.00153193,-0.0151267,fluid
2100,6.39212,5.36514,,1006.58,1.73318,105306,,0.00913777,0.0796259,0.0801485,,-16.3661,9.79324,0.000690175,-0.016758,fluid
2101,6.38654,5.61573,,1006.42,1.45722,102773,,0.00735786,0.080501,0.0808365,,-15.9888,9.7914,0.000667463,-0.0185992,fluid
2102,6.38164,5.86576,,1006.27,1.24781,100251,,0.00601727,0.0813651,0.0815873,,-15.6102,9.7899,0.00115335,-0.0201026,fluid
2103,6.37724,6.11528,,1006.11,1.06106,97737.2,,0.00482938,0.0822023,0.082344,,-15.2312,9.78879,0.00158203,-0.0212102,fluid
2104,6.3732,6.36432,,1005.96,0.879032,95231.8,,0.00368433,0.0829732,0.083055,,-14.8523,9.7877,0.00173743,-0.0222982,fluid
2105,6.36944,6.6129,,1005.81,0.704541,92733,,0.00260029,0.0836383,0.0836787,,-14.4733,9.78684,0.001685,-0.0231564,fluid
2106,6.36587,6.86103,,1005.65,0.533715,90241.2,,0.00154938,0.0841752,0.0841895,,-14.0941,9.78592,0.00196197,-0.0240812,fluid
2107,6.36242,7.10875,,1005.5,0.360062,87756.4,,0.000491042,0.0845423,0.0845438,,-13.715,9.78503,0.00244245,-0.0249734,fluid
2108,6.35904,7.35607,,1005.35,0.164865,85278.9,,-0.00069286,0.0846516,0.0846545,,-13.3364,9.7841,0.00292595,-0.0258992,fluid
2109,6.35575,7.60306,,1005.19,-0.0585105,82808.1,,-0.00204705,0.0844957,0.0845205,,-12.9584,9.78278,0.00313401,-0.027222,fluid
2110,6.35263,7.84975,,1005.04,-0.292057,80341.9,,-0.00345956,0.0841671,0.0842382,,-12.5806,9.781,0.00299609,-0.029004,fluid
2111,6.34971,8.09617,,1004.89,-0.529398,77880.4,,-0.00489219,0.0836951,0.083838,,-12.2029,9.77904,0.00263664,-0.0309583,fluid
2112,6.34699,8.34232,,1004.74,-0.76443,75423.7,,-0.00630636,0.0830907,0.0833297,,-11.8252,9.77698,0.00214066,-0.0330189,fluid
2113,6.34448,8.5882,,1004.59,-0.994211,72972,,-0.00768238,0.0823376,0.0826952,,-11.4475,9.77497,0.00166137,-0.0350344,fluid
2114,6.34216,8.83382,,1004.43,-1.21783,70525.2,,-0.00901609,0.0814343,0.0819319,,-11.0697,9.77284,0.00126841,-0.0371624,fluid
2115,6.34001,9.0792,,1004.28,-1.43616,68083.2,,-0.0103138,0.0803798,0.0810388,,-10.6919,9.77061,0.000931446,-0.0393881,fluid
2116,6.33803,9.32433,,1004.13,-1.65226,65645.9,,-0.011593,0.0791777,0.080022,,-10.3142,9.76835,0.00062419,-0.0416527,fluid
2117,6.3362,9.56924,,1003.98,-1.86728,63213.1,,-0.0128597,0.0778434,0.0788984,,-9.9366,9.76608,0.000357049,-0.0439175,fluid
2118,6.33453,9.81394,,1003.83,-2.07855,60784.6,,-0.0140973,0.0763913,0.0776812,,-9.55904,9.7638,0.0001283,-0.0462002,fluid
2119,6.333,10.0584,,1003.68,-2.28344,58360.3,,-0.0152897,0.0748357,0.0763817,,-9.18162,9.76147,-0.000113549,-0.0485305,fluid
2120,6.3316,10.3027,,1003.53,-2.47897,55939.9,,-0.0164182,0.0731925,0.0750113,,-8.80447,9.75917,-0.000487213,-0.0508339,fluid
2121,6.33033,10.5468,,1003.38,-2.66361,53523.1,,-0.0174744,0.0714705,0.0735757,,-8.42758,9.75694,-0.000985894,-0.053064,fluid
2122,6.32916,10.7908,,1003.22,-2.83719,51110.1,,-0.0184594,0.0696745,0.0720783,,-8.05094,9.75474,-0.00155149,-0.0552601,fluid
2123,6.32808,11.0345,,1003.07,-2.99722,48700.9,,-0.0193594,0.0678118,0.0705211,,-7.67457,9.75257,-0.00216827,-0.0574257,fluid
2124,6.32708,11.2781,,1002.92,-3.14237,46295.4,,-0.0201678,0.0658826,0.0689004,,-7.29843,9.75054,-0.00273794,-0.0594586,fluid
2125,6.32613,11.5215,,1002.77,-3.27843,43893.3,,-0.0209241,0.0638716,0.0672116,,-6.9225,9.7486,-0.00326616,-0.0613951,fluid
2126,6.32521,11.7647,,1002.62,-3.41669,41494.6,,-0.0217034,0.0617598,0.0654623,,-6.54686,9.7467,-0.00382118,-0.0633024,fluid
2127,6.32428,12.0078,,1002.47,-3.56068,39099.9,,-0.0225308,0.0595404,0.0636608,,-6.17158,9.74485,-0.00431199,-0.0651525,fluid
2128,6.32329,12.2506,,1002.32,-3.6968,36710.2,,-0.0233195,0.0572409,0.0618087,,-5.79657,9.74313,-0.00447167,-0.066872,fluid
2129,6.32227,12.4933,,1002.17,-3.81146,34324.4,,-0.0239814,0.0548823,0.059893,,-5.42172,9.74155,-0.00436346,-0.0684482,fluid
2130,6.32125,12.7358,,1002.02,-3.92674,31940.5,,-0.0246575,0.052439,0.0579469,,-5.04739,9.73982,-0.00471296,-0.0701802,fluid
2131,6.32016,12.9782,,1001.87,-4.0819,29558.2,,-0.0255976,0.0498572,0.0560444,,-4.67406,9.73792,-0.00599049,-0.0720836,fluid
2132,6.3188,13.2204,,1001.72,-4.30155,27179.1,,-0.0269505,0.0470753,0.054244,,-4.30131,9.73627,-0.00740394,-0.0737301,fluid
2133,6.31699,13.4623,,1001.57,-4.5418,24804.1,,-0.0284356,0.0442647,0.0526113,,-3.9285,9.73494,-0.00810285,-0.0750583,fluid
2134,6.31466,13.7041,,1001.42,-4.71322,22438.3,,-0.0294911,0.0416343,0.0510209,,-3.55594,9.73424,-0.00761575,-0.0757619,fluid
2135,6.3121,13.9461,,1001.27,-4.81675,20084.5,,-0.0301071,0.0390888,0.0493394,,-3.18587,9.73297,-0.00802432,-0.0770266,fluid
2136,6.31055,14.1882,,1001.12,-5.11046,17707.7,,-0.0319136,0.0365514,0.048523,,-2.81722,9.731,-0.0143292,-0.0790029,fluid
2137,6.30662,14.4308,,1000.97,-6.39452,15277,,-0.0399814,0.033202,0.05197,,-2.44279,9.72923,-0.0227639,-0.0807732,fluid
2138,6.29016,14.6716,,1000.82,-8.88276,12882.3,,-0.0555653,0.0284509,0.0624256,,-2.06843,9.72267,-0.0220955,-0.0873279,fluid
2139,6.25763,14.9111,,1000.67,-11.6572,10556.1,,-0.0726622,0.0213208,0.0757256,,-1.69776,9.71703,-0.0119707,-0.0929653,fluid
2140,6.20128,15.1503,,1000.53,-12.6389,8255.61,,-0.0781469,0.0123804,0.0791215,,-1.34088,9.70721,-0.0103044,-0.102792,fluid
2141,6.14105,15.3803,,1000.4,-11.1276,6221.97,,-0.0681696,0.0100726,0.0689098,,-1.01713,9.71242,-0.00435617,-0.0975778,fluid
2142,6.19848,15.6435,,1000.26,-4.92683,4019.73,,-0.0304046,0.00400653,0.0306674,,-0.634258,9.68694,0.0140786,-0.123057,fluid
2143,6.35031,15.9017,,1000.16,1.96631,2555.96,,0.0125254,-0.00224501,0.012725,,-0.379004,9.69089,0.0234245,-0.119105,fluid
2144,6.69344,0.126423,,1009.77,1.84435,157906,,0.0109251,-0.000675397,0.010946,,-23.3641,9.80798,-0.00123784,-0.00201503,fluid
2145,6.71043,0.385739,,1009.62,4.46513,155441,,0.0283698,-0.00206426,0.0284448,,-22.9335,9.80324,0.00992077,-0.00675779,fluid
2146,6.69614,0.644088,,1009.5,2.12418,153377,,0.0125625,-0.00889252,0.0153913,,-22.7082,9.78832,-0.0185032,-0.0216788,fluid
2147,6.73189,0.902796,,1009.32,7.11367,150449,,0.0460156,-0.02538,0.0525508,,-22.1238,9.74626,0.0185387,-0.0637411,fluid
2148,6.71811,1.16803,,1009.19,3.30396,148223,,0.0203802,-0.0246351,0.0319725,,-21.8596,9.75795,0.00268144,-0.0520545,fluid
2149,6.73082,1.43151,,1009.01,6.91362,145254,,0.0445791,-0.0350776,0.0567251,,-21.3627,9.71745,0.0250673,-0.0925523,fluid
2150,6.72818,1.69968,,1008.85,6.05983,142642,,0.0388407,-0.0305153,0.0493942,,-20.9846,9.71959,0.0301341,-0.0904075,fluid
2151,6.72854,1.96848,,1008.68,6.1853,139887,,0.0396288,-0.0257844,0.0472788,,-20.5862,9.70506,0.0248978,-0.10494,fluid
2152,6.72528,2.2383,,1008.52,5.80474,137149,,0.0370595,-0.0169465,0.0407504,,-20.1999,9.71001,0.0209001,-0.09999,fluid
2153,6.72154,2.50847,,1008.35,5.45597,134397,,0.0346633,-0.00637966,0.0352455,,-19.8184,9.71256,0.0109854,-0.0974353,fluid
2154,6.71593,2.7785,,1008.18,4.97395,131659,,0.0314126,0.00623119,0.0320246,,-19.4432,9.72318,0.00159829,-0.0868163,fluid
2155,6.70937,3.0477,,1008.02,4.63859,128919,,0.0291225,0.0195511,0.0350766,,-19.0683,9.73575,-0.00634203,-0.0742521,fluid
2156,6.7019,3.31547,,1007.85,4.39271,126193,,0.0274316,0.0329096,0.0428431,,-18.6923,9.7481,-0.00950418,-0.0619027,fluid
2157,6.69367,3.58128,,1007.69,4.1796,123482,,0.0259643,0.045547,0.0524278,,-18.3164,9.76094,-0.00944996,-0.0490593,fluid
2158,6.68494,3.84473,,1007.52,3.94884,120792,,0.0243716,0.056847,0.0618511,,-17.9415,9.77007,-0.00719621,-0.0399251,fluid
2159,6.676,4.10565,,1007.36,3.62673,118128,,0.0221803,0.0664245,0.0700298,,-17.5688,9.7784,-0.00376791,-0.031601,fluid
2160,6.66725,4.3641,,1007.2,3.17973,115493,,0.0191657,0.0739934,0.0764352,,-17.1995,9.78547,-0.000790168,-0.0245274,fluid
2161,6.65909,4.62033,,1007.04,2.66329,112887,,0.0156887,0.0796117,0.0811428,,-16.8333,9.79109,0.000560592,-0.0189077,fluid
2162,6.6518,4.87469,,1006.88,2.16008,110305,,0.012308,0.0834248,0.0843279,,-16.4686,9.79528,0.000710967,-0.0147232,fluid
2163,6.64551,5.12757,,1006.73,1.74415,107741,,0.00951556,0.0858748,0.0864004,,-16.1039,9.79794,0.000443692,-0.0120596,fluid
2164,6.64013,5.37931,,1006.57,1.43769,105193,,0.00745278,0.087397,0.0877142,,-15.7382,9.7989,0.000364202,-0.0110959,fluid
2165,6.6355,5.63015,,1006.42,1.22281,102658,,0.00600651,0.08836,0.0885639,,-15.3718,9.79872,0.000685346,-0.0112759,fluid
2166,6.63141,5.88026,,1006.26,1.06163,100134,,0.00492593,0.0889484,0.0890847,,-15.0048,9.7984,0.00128088,-0.0116014,fluid
2167,6.62771,6.12977,,1006.11,0.919308,97620.3,,0.00397604,0.0892379,0.0893265,,-14.638,9.7977,0.00167985,-0.0122966,fluid
2168,6.62433,6.37875,,1005.95,0.782478,95114.3,,0.00307475,0.089265,0.089318,,-14.2715,9.79654,0.00187018,-0.0134627,fluid
2169,6.62117,6.62728,,1005.8,0.647521,92615.6,,0.00219713,0.0890902,0.0891173,,-13.9051,9.79543,0.0020853,-0.0145659,fluid
2170,6.61814,6.87539,,1005.65,0.513499,90123.3,,0.00133708,0.0887452,0.0887552,,-13.5387,9.79371,0.00244815,-0.0162944,fluid
2171,6.61522,7.12312,,1005.49,0.377763,87637.1,,0.000482695,0.088258,0.0882594,,-13.1729,9.79137,0.0025663,-0.0186274,fluid
2172,6.61233,7.37048,,1005.34,0.228952,85157.1,,-0.000441821,0.0876475,0.0876487,,-12.8073,9.78881,0.00280858,-0.0211934,fluid
2173,6.60946,7.61753,,1005.19,0.0436014,82684.5,,-0.00159668,0.0869284,0.086943,,-12.4425,9.78614,0.00299157,-0.0238592,fluid
2174,6.60673,7.86432,,1005.03,-0.15961,80216.9,,-0.00286271,0.0861363,0.0861839,,-12.0779,9.78338,0.00296562,-0.0266157,fluid
2175,6.60419,8.11086,,1004.88,-0.369117,77753.7,,-0.00416683,0.0852857,0.0853874,,-11.7134,9.78047,0.00280031,-0.0295326,fluid
2176,6.60185,8.35715,,1004.73,-0.572774,75294.6,,-0.00542983,0.084404,0.0845785,,-11.349,9.77742,0.00242869,-0.0325805,fluid
2177,6.5997,8.6032,,1004.58,-0.769826,72840.1,,-0.00664294,0.0834974,0.0837613,,-10.9846,9.77444,0.00194953,-0.0355642,fluid
2178,6.59773,8.84901,,1004.43,-0.961444,70390.4,,-0.00781434,0.0825551,0.0829241,,-10.6204,9.77163,0.00144991,-0.0383669,fluid
2179,6.59592,9.09456,,1004.27,-1.14951,67945.6,,-0.00895968,0.0815615,0.0820521,,-10.2562,9.76898,0.00111119,-0.041018,fluid
2180,6.59427,9.33987,,1004.12,-1.33474,65505.6,,-0.0100841,0.0805052,0.0811343,,-9.89198,9.76639,0.000959997,-0.0436126,fluid
2181,6.59276,9.58494,,1003.97,-1.5184,63070.3,,-0.0111934,0.0793657,0.0801512,,-9.52802,9.76384,0.000752574,-0.0461645,fluid
2182,6.59139,9.82977,,1003.82,-1.69893,60639.5,,-0.0122768,0.078147,0.0791055,,-9.16445,9.76139,0.000351725,-0.0486149,fluid
2183,6.59015,10.0744,,1003.67,-1.8741,58213.1,,-0.0133198,0.0768496,0.0779954,,-8.8011,9.75904,-2.77924e-05,-0.0509633,fluid
2184,6.58903,10.3187,,1003.52,-2.0416,55791.1,,-0.014307,0.0754688,0.0768129,,-8.43792,9.75672,-0.000327019,-0.0532802,fluid
2185,6.58802,10.5629,,1003.37,-2.20059,53373.3,,-0.0152342,0.0740145,0.075566,,-8.07514,9.75444,-0.000753901,-0.0555569,fluid
2186,6.58711,10.8068,,1003.22,-2.34887,50959.5,,-0.0160888,0.0725086,0.0742721,,-7.71273,9.75233,-0.00128042,-0.0576741,fluid
2187,6.58628,11.0506,,1003.06,-2.486,48549.8,,-0.0168702,0.0709512,0.0729293,,-7.35056,9.75038,-0.00172351,-0.0596159,fluid
2188,6.58551,11.2941,,1002.91,-2.61251,46144.2,,-0.0175848,0.069349,0.0715437,,-6.98875,9.74857,-0.00217384,-0.0614298,fluid
2189,6.58479,11.5374,,1002.76,-2.73042,43742.4,,-0.0182488,0.0677007,0.070117,,-6.62747,9.74681,-0.00284238,-0.0631891,fluid
2190,6.5841,11.7806,,1002.61,-2.84328,41343.8,,-0.018888,0.0659876,0.0686376,,-6.26666,9.74511,-0.00369739,-0.0648898,fluid
2191,6.58341,12.0236,,1002.46,-2.95636,38949.1,,-0.0195385,0.0641647,0.0670736,,-5.9061,9.74352,-0.0043845,-0.0664835,fluid
2192,6.58266,12.2664,,1002.31,-3.0683,36559.5,,-0.0201924,0.0622008,0.0653963,,-5.54592,9.74193,-0.00481955,-0.0680669,fluid
2193,6.58187,12.5089,,1002.16,-3.16279,34174.4,,-0.0207431,0.0601049,0.0635836,,-5.18643,9.7404,-0.00543134,-0.0695986,fluid
2194,6.58107,12.7513,,1002.01,-3.24023,31791.7,,-0.0211917,0.0578708,0.0616289,,-4.82739,9.73885,-0.00630837,-0.0711485,fluid
2195,6.58019,12.9935,,1001.86,-3.34176,29411.9,,-0.021806,0.0554073,0.0595439,,-4.46853,9.7373,-0.00707609,-0.0726991,fluid
2196,6.57907,13.2354,,1001.71,-3.51455,27035.8,,-0.0228967,0.0526786,0.0574395,,-4.11003,9.73575,-0.00769246,-0.0742528,fluid
2197,6.57753,13.477,,1001.56,-3.73751,24665.2,,-0.0243285,0.0497765,0.0554037,,-3.7517,9.73452,-0.00763926,-0.0754823,fluid
2198,6.57535,13.7184,,1001.42,-3.91924,22305.9,,-0.0254984,0.0469049,0.0533876,,-3.39422,9.73366,-0.00665755,-0.0763401,fluid
2199,6.57275,13.9597,,1001.27,-4.01188,19952.8,,-0.0260703,0.0442612,0.0513684,,-3.03863,9.73228,-0.00678856,-0.0777219,fluid
2200,6.57097,14.2013,,1001.12,-4.3433,17580.1,,-0.0282087,0.0413637,0.0500668,,-2.68364,9.73044,-0.0112051,-0.079558,fluid
2201,6.56675,14.4432,,1000.96,-5.39333,15166.9,,-0.0350956,0.0378844,0.0516423,,-2.32422,9.72707,-0.0167853,-0.0829323,fluid
2202,6.55172,14.6834,,1000.81,-7.21609,12793.4,,-0.0469857,0.0322492,0.0569883,,-1.96331,9.72095,-0.012209,-0.089054,fluid
2203,6.52251,14.9219,,1000.67,-9.17348,10469.3,,-0.0595671,0.0233994,0.0639982,,-1.60791,9.71499,-0.00388051,-0.095014,fluid
2204,6.4731,15.1593,,1000.52,-10.0281,8160.9,,-0.0647055,0.011415,0.0657047,,-1.26402,9.70861,-0.00393624,-0.101386,fluid
2205,6.41331,15.3863,,1000.39,-9.30895,6144.31,,-0.0595567,0.00719888,0.0599902,,-0.959065,9.70721,-0.0013833,-0.102786,fluid
2206,6.46075,15.6416,,1000.25,-3.23911,4004.24,,-0.0208312,-0.00225027,0.0209524,,-0.593668,9.70055,0.0259527,-0.109447,fluid
2207,6.59808,15.9004,,1000.17,2.18818,2612.61,,0.0144507,-0.00414704,0.015034,,-0.37938,9.71642,0.0165191,-0.0935823,fluid
2208,6.93413,0.128146,,1009.77,2.14256,157961,,0.0132476,-0.000655451,0.0132638,,-22.5668,9.80764,-0.00706152,-0.00235797,fluid
2209,6.94744,0.391477,,1009.62,4.65493,155433,,0.0305661,-0.00110936,0.0305862,,-22.143,9.80404,0.0165943,-0.00596408,fluid
2210,6.93619,0.653074,,1009.48,3.96496,153109,,0.025759,-0.00655407,0.0265797,,-21.8487,9.77834,0.0179213,-0.0316611,fluid
2211,6.96403,0.921769,,1009.31,7.16314,150236,,0.048015,-0.00276781,0.0480947,,-21.3341,9.75615,0.040103,-0.0538515,fluid
2212,6.95201,1.18824,,1009.17,3.84882,147895,,0.0249182,-0.00622975,0.0256851,,-21.0661,9.72534,0.0142962,-0.084657,fluid
2213,6.96151,1.45769,,1008.99,6.35573,144967,,0.0423921,0.00491815,0.0426765,,-20.6083,9.75198,0.0302131,-0.0580194,fluid
2214,6.95771,1.72604,,1008.83,5.0674,142385,,0.033416,0.00941232,0.0347163,,-20.2579,9.75683,0.0272674,-0.0531703,fluid
2215,6.95721,1.99506,,1008.67,4.92629,139662,,0.0323925,0.0170213,0.0365923,,-19.8796,9.77213,0.0222597,-0.0378689,fluid
2216,6.95355,2.26333,,1008.51,4.29483,136973,,0.0279701,0.0226516,0.035992,,-19.5147,9.77625,0.0174636,-0.0337516,fluid
2217,6.94976,2.5314,,1008.34,3.72716,134276,,0.0239408,0.0292336,0.0377858,,-19.1558,9.77695,0.0052825,-0.033054,fluid
2218,6.9448,2.79861,,1008.18,3.126,131585,,0.0197123,0.0356489,0.040736,,-18.8003,9.77588,-0.00670645,-0.0341159,fluid
2219,6.93944,3.06483,,1008.02,2.74419,128883,,0.0169875,0.0428434,0.0460883,,-18.4404,9.77648,-0.0156218,-0.0335177,fluid
2220,6.93372,3.32967,,1007.85,2.52241,126182,,0.0153824,0.0503281,0.0526263,,-18.0759,9.77736,-0.0194477,-0.0326377,fluid
2221,6.92769,3.59289,,1007.69,2.41722,123482,,0.0146067,0.0580158,0.0598263,,-17.7083,9.78035,-0.0198392,-0.0296517,fluid
2222,6.92143,3.85425,,1007.52,2.36155,120794,,0.014171,0.0654664,0.0669825,,-17.3386,9.7848,-0.0166932,-0.0251962,fluid
2223,6.91503,4.11365,,1007.36,2.26881,118127,,0.0134901,0.0721485,0.0733988,,-16.9707,9.78959,-0.0128414,-0.0204088,fluid
2224,6.90867,4.37115,,1007.2,2.09027,115485,,0.0122282,0.0778077,0.0787627,,-16.6054,9.79487,-0.00896623,-0.0151311,fluid
2225,6.90263,4.62691,,1007.04,1.84188,112869,,0.0104792,0.0822409,0.0829059,,-16.2433,9.79876,-0.00608953,-0.0112446,fluid
2226,6.89712,4.88119,,1006.88,1.57454,110276,,0.00860644,0.0855185,0.0859505,,-15.8837,9.80146,-0.00424536,-0.00854404,fluid
2227,6.89224,5.13425,,1006.72,1.33869,107704,,0.00695451,0.087836,0.0881109,,-15.5254,9.80329,-0.00294106,-0.00671252,fluid
2228,6.88798,5.38636,,1006.57,1.15836,105148,,0.00568358,0.0893875,0.089568,,-15.1676,9.80424,-0.00182367,-0.00575601,fluid
2229,6.88425,5.6377,,1006.41,1.02726,102605,,0.00475892,0.0904076,0.0905328,,-14.81,9.80457,-0.000626262,-0.00542744,fluid
2230,6.88092,5.88843,,1006.26,0.922647,100073,,0.00402166,0.0910855,0.0911743,,-14.4529,9.80423,0.000293615,-0.00577063,fluid
2231,6.87789,6.13862,,1006.1,0.826208,97550.5,,0.00335103,0.091559,0.0916203,,-14.096,9.80333,0.00116029,-0.00666502,fluid
2232,6.87511,6.38832,,1005.95,0.72465,95036,,0.00266425,0.0918787,0.0919173,,-13.7397,9.802,0.00178107,-0.00799914,fluid
2233,6.87251,6.63753,,1005.79,0.617739,92529.2,,0.00195731,0.0920931,0.0921139,,-13.3842,9.80039,0.00187941,-0.00960756,fluid
2234,6.87003,6.88628,,1005.64,0.51638,90029.5,,0.00130609,0.0921587,0.092168,,-13.0295,9.79851,0.00172723,-0.0114909,fluid
2235,6.86762,7.13457,,1005.49,0.413866,87537.2,,0.000661278,0.0920239,0.0920262,,-12.6748,9.79703,0.00205369,-0.0129719,fluid
2236,6.86522,7.38242,,1005.33,0.299247,85052.7,,-6.51818e-05,0.0916712,0.0916712,,-12.3204,9.79529,0.0028227,-0.0147077,fluid
2237,6.86277,7.6299,,1005.18,0.150828,82575.7,,-0.00101698,0.0910836,0.0910892,,-11.9666,9.79294,0.00384468,-0.0170604,fluid
2238,6.86045,7.87704,,1005.03,-0.022134,80104.2,,-0.0021275,0.0903388,0.0903638,,-11.6138,9.78997,0.00399006,-0.0200305,fluid
2239,6.85829,8.12386,,1004.87,-0.204672,77637.1,,-0.00329404,0.0895174,0.089578,,-11.2615,9.78678,0.0037711,-0.0232239,fluid
2240,6.85632,8.37039,,1004.72,-0.387283,75175.5,,-0.00445865,0.088604,0.0887161,,-10.9095,9.78343,0.00337046,-0.0265683,fluid
2241,6.85453,8.61662,,1004.57,-0.563933,72719,,-0.00557847,0.0876233,0.0878007,,-10.5576,9.77999,0.00302646,-0.0300104,fluid
2242,6.85291,8.86257,,1004.42,-0.735419,70267.7,,-0.0066548,0.0865885,0.0868439,,-10.206,9.7767,0.00263003,-0.0332974,fluid
2243,6.85145,9.10825,,1004.27,-0.90155,67821.2,,-0.00768941,0.0855021,0.0858472,,-9.8547,9.77352,0.00206849,-0.0364772,fluid
2244,6.85012,9.35366,,1004.11,-1.06281,65379.5,,-0.00868889,0.0843607,0.084807,,-9.50368,9.77042,0.00149359,-0.0395821,fluid
2245,6.84893,9.59883,,1003.96,-1.21995,62942.8,,-0.00965606,0.0831536,0.0837124,,-9.15271,9.76732,0.00117685,-0.0426807,fluid
2246,6.84786,9.84375,,1003.81,-1.37366,60510.8,,-0.0105941,0.0818684,0.082551,,-8.80189,9.7643,0.000999792,-0.0457012,fluid
2247,6.84692,10.0884,,1003.66,-1.52296,58083.3,,-0.0114978,0.080506,0.0813229,,-8.45147,9.76136,0.000723477,-0.0486368,fluid
2248,6.84608,10.3329,,1003.51,-1.66593,55660.1,,-0.0123556,0.079067,0.0800265,,-8.10146,9.75851,0.000326917,-0.0514859,fluid
2249,6.84534,10.5771,,1003.36,-1.80227,53241.3,,-0.0131653,0.0775649,0.0786743,,-7.75178,9.75576,-6.58133e-05,-0.054242,fluid
2250,6.84469,10.8211,,1003.21,-1.93253,50826.8,,-0.0139326,0.0759917,0.0772584,,-7.40247,9.75316,-0.000487488,-0.0568422,fluid
2251,6.84411,11.0649,,1003.06,-2.05531,48416.5,,-0.0146501,0.0743755,0.0758046,,-7.05379,9.75057,-0.00116996,-0.0594323,fluid
2252,6.84359,11.3085,,1002.91,-2.16508,46010.2,,-0.0152813,0.072733,0.0743209,,-6.70563,9.74823,-0.00200318,-0.0617662,fluid
2253,6.8431,11.5518,,1002.76,-2.2628,43607.9,,-0.0158337,0.071042,0.0727851,,-6.35772,9.74597,-0.00270787,-0.0640264,fluid
2254,6.84264,11.7949,,1002.61,-2.3544,41209.7,,-0.0163513,0.0692852,0.0711885,,-6.01024,9.74384,-0.00340352,-0.0661587,fluid
2255,6.84218,12.0379,,1002.45,-2.44122,38815.5,,-0.0168464,0.0674292,0.0695018,,-5.66316,9.74181,-0.00407739,-0.0681873,fluid
2256,6.84169,12.2806,,1002.3,-2.5173,36425.8,,-0.0172787,0.0654313,0.0676743,,-5.31643,9.73988,-0.00457474,-0.0701178,fluid
2257,6.84117,12.523,,1002.15,-2.57555,34041,,-0.0175987,0.0632658,0.0656679,,-4.96987,9.7382,-0.00466512,-0.0718034,fluid
2258,6.84068,12.7652,,1002.01,-2.62594,31660.9,,-0.0178766,0.0609099,0.063479,,-4.62375,9.73654,-0.00467274,-0.0734596,fluid
2259,6.84014,13.007,,1001.86,-2.6942,29284.7,,-0.0182897,0.0583221,0.0611227,,-4.27857,9.73491,-0.00520445,-0.0750858,fluid
2260,6.83942,13.2485,,1001.71,-2.82826,26911.5,,-0.0191636,0.055422,0.0586416,,-3.93414,9.7333,-0.00607951,-0.0767048,fluid
2261,6.83834,13.4895,,1001.56,-3.02437,24544.6,,-0.020475,0.0523245,0.0561878,,-3.59085,9.73156,-0.0071585,-0.0784412,fluid
2262,6.83648,13.73,,1001.41,-3.18185,22189.9,,-0.0215264,0.0492905,0.053786,,-3.24813,9.73058,-0.00688469,-0.0794198,fluid
2263,6.83418,13.9705,,1001.26,-3.31517,19842.3,,-0.0224008,0.0462417,0.0513818,,-2.90648,9.72917,-0.00674676,-0.0808324,fluid
2264,6.83175,14.2108,,1001.11,-3.60414,17479.7,,-0.0243467,0.0432603,0.0496408,,-2.56591,9.72701,-0.0101551,-0.0829855,fluid
2265,6.82749,14.452,,1000.96,-4.43859,15095.6,,-0.0300376,0.0396691,0.0497584,,-2.21996,9.72426,-0.0110857,-0.0857412,fluid
2266,6.81464,14.6924,,1000.81,-5.56034,12737.1,,-0.0376455,0.0340394,0.050753,,-1.87249,9.7179,-0.00492146,-0.0920985,fluid
2267,6.78876,14.9294,,1000.66,-6.7292,10416.5,,-0.0454433,0.0251751,0.0519507,,-1.53055,9.7146,0.00280238,-0.0954024,fluid
2268,6.74769,15.1626,,1000.51,-7.26471,8083.74,,-0.0488438,0.012594,0.0504413,,-1.19628,9.71397,0.00110464,-0.0960292,fluid
2269,6.6866,15.385,,1000.39,-7.56137,6117.79,,-0.0504413,0.00522664,0.0507114,,-0.910182,9.71011,0.00439473,-0.0998903,fluid
2270,6.72558,15.6374,,1000.26,-1.84223,4031.84,,-0.0123315,-0.00477103,0.0132223,,-0.570094,9.72102,0.0292311,-0.0889824,fluid
2271,6.84792,15.8992,,1000.17,1.93791,2698.44,,0.0132621,-0.00255242,0.0135055,,-0.395468,9.73367,-0.00148291,-0.0763299,fluid
2272,7.16746,0.133511,,1009.78,1.45347,158041,,0.00881297,0.0049698,0.0101177,,-21.833,9.80545,0.00323844,-0.00455,fluid
2273,7.17488,0.408031,,1009.62,2.72759,155459,,0.0178104,0.022856,0.028976,,-21.4529,9.81038,0.00779724,0.000376726,fluid
2274,7.16669,0.682023,,1009.47,2.49482,152917,,0.016324,0.048155,0.0508466,,-21.1143,9.85108,0.0227482,0.0410777,fluid
2275,7.18844,0.960046,,1009.3,4.6757,150027,,0.0320131,0.0821853,0.0882001,,-20.6563,9.91179,0.0220479,0.101794,fluid
2276,7.18078,1.23435,,1009.14,2.50662,147491,,0.0164791,0.0954463,0.0968584,,-20.3487,9.91761,0.00490386,0.107614,fluid
2277,7.18898,1.5084,,1008.96,4.52226,144552,,0.0310445,0.113389,0.117562,,-19.9094,9.94001,0.0193871,0.13001,fluid
2278,7.18732,1.77975,,1008.8,3.60942,141891,,0.0244443,0.124427,0.126806,,-19.5621,9.94484,0.00754153,0.134845,fluid
2279,7.18817,2.0479,,1008.64,3.80389,139148,,0.0258412,0.130934,0.13346,,-19.1838,9.9538,0.00831136,0.143801,fluid
2280,7.18616,2.31321,,1008.48,3.43064,136481,,0.0230937,0.13306,0.135049,,-18.8303,9.96283,0.0022504,0.152832,fluid
2281,7.18391,2.57578,,1008.32,3.1702,133831,,0.0211169,0.130669,0.132365,,-18.4778,9.96149,-0.00219929,0.151487,fluid
2282,7.1804,2.83622,,1008.16,2.78057,131208,,0.0182075,0.125133,0.126451,,-18.1337,9.95483,-0.00850697,0.144826,fluid
2283,7.17632,3.09518,,1008,2.50848,128582,,0.0161086,0.118029,0.119123,,-17.7875,9.93845,-0.0120488,0.128452,fluid
2284,7.17177,3.35322,,1007.84,2.27982,125955,,0.0143422,0.110908,0.111831,,-17.4383,9.91591,-0.0121984,0.105912,fluid
2285,7.16695,3.61064,,1007.68,2.11423,123322,,0.0130526,0.104867,0.105676,,-17.0876,9.89224,-0.0117612,0.0822398,fluid
2286,7.16199,3.86745,,1007.52,1.99824,120685,,0.0121111,0.100345,0.101073,,-16.7361,9.8703,-0.0110825,0.0602955,fluid
2287,7.15698,4.12357,,1007.36,1.86986,118054,,0.0111129,0.097419,0.0980508,,-16.3827,9.85056,-0.00825835,0.0405645,fluid
2288,7.15208,4.37882,,1007.2,1.7087,115434,,0.00990289,0.0957493,0.09626,,-16.0309,9.83586,-0.00634682,0.0258574,fluid
2289,7.14744,4.63309,,1007.04,1.52171,112831,,0.00851343,0.0948622,0.0952435,,-15.6808,9.82443,-0.0048736,0.0144271,fluid
2290,7.1432,4.88637,,1006.88,1.33847,110247,,0.00716032,0.0942684,0.0945399,,-15.3323,9.81646,-0.00396185,0.00645607,fluid
2291,7.1394,5.13875,,1006.72,1.18712,107679,,0.00604016,0.0937032,0.0938976,,-14.9848,9.81111,-0.00319872,0.00111478,fluid
2292,7.13604,5.39035,,1006.57,1.07168,105126,,0.00518003,0.0930945,0.0932385,,-14.638,9.80662,-0.00234805,-0.00337784,fluid
2293,7.13305,5.64129,,1006.41,0.982471,102587,,0.00451817,0.0924629,0.0925733,,-14.2915,9.80293,-0.00125263,-0.00707426,fluid
2294,7.13036,5.89166,,1006.26,0.90416,100058,,0.00393986,0.0918407,0.0919252,,-13.9456,9.80022,-0.000149421,-0.00978177,fluid
2295,7.12791,6.14154,,1006.1,0.820942,97538.8,,0.00334023,0.0912769,0.091338,,-13.6003,9.79757,0.000819614,-0.0124292,fluid
2296,7.12566,6.39098,,1005.95,0.729864,95027.7,,0.00270705,0.0907579,0.0907983,,-13.2558,9.79504,0.00140055,-0.014964,fluid
2297,7.12357,6.64002,,1005.79,0.636912,92523.5,,0.00207181,0.0902759,0.0902997,,-12.9119,9.7925,0.0016966,-0.0174972,fluid
2298,7.12158,6.88868,,1005.64,0.551913,90025.3,,0.00149888,0.0898504,0.0898629,,-12.5684,9.79002,0.00189509,-0.0199826,fluid
2299,7.11966,7.13696,,1005.49,0.475925,87532.8,,0.000996427,0.0894581,0.0894636,,-12.225,9.7885,0.00244479,-0.0214979,fluid
2300,7.11771,7.38489,,1005.33,0.393036,85046.1,,0.000450968,0.0889884,0.0889896,,-11.8809,9.78762,0.00421348,-0.022383,fluid
2301,7.11565,7.63252,,1005.18,0.274523,82565.3,,-0.000327904,0.0883357,0.0883363,,-11.5371,9.78536,0.00647504,-0.0246356,fluid
2302,7.11369,7.87992,,1005.03,0.111104,80090.9,,-0.00140375,0.0876368,0.0876481,,-11.1955,9.7816,0.00690826,-0.0284028,fluid
2303,7.1119,8.12711,,1004.87,-0.0567535,77619.5,,-0.00249563,0.0870107,0.0870465,,-10.8549,9.77847,0.00615726,-0.0315261,fluid
2304,7.11027,8.37407,,1004.72,-0.228845,75152.3,,-0.00361244,0.0864198,0.0864953,,-10.5147,9.77585,0.00517189,-0.0341454,fluid
2305,7.10881,8.62079,,1004.57,-0.393258,72689.6,,-0.0046748,0.0858516,0.0859787,,-10.1745,9.77339,0.00428615,-0.0366103,fluid
2306,7.10751,8.86728,,1004.42,-0.549145,70231.9,,-0.00567234,0.085273,0.0854615,,-9.83436,9.77092,0.00356165,-0.0390754,fluid
2307,7.10636,9.11354,,1004.26,-0.698839,67779,,-0.00661802,0.0846651,0.0849233,,-9.49437,9.76861,0.00294904,-0.0413946,fluid
2308,7.10533,9.35955,,1004.11,-0.843229,65331,,-0.0075221,0.0840087,0.0843448,,-9.15455,9.76639,0.00244157,-0.0436059,fluid
2309,7.10443,9.60532,,1003.96,-0.984576,62887.8,,-0.0084035,0.0832931,0.0837159,,-8.81502,9.76419,0.0019842,-0.045807,fluid
2310,7.10365,9.85084,,1003.81,-1.12115,60449.3,,-0.00924965,0.0825018,0.0830187,,-8.47584,9.76198,0.00150525,-0.0480217,fluid
2311,7.10298,10.0961,,1003.66,-1.25088,58015.3,,-0.0100443,0.0816376,0.0822532,,-8.13693,9.7598,0.00106206,-0.0502023,fluid
2312,7.10241,10.3412,,1003.5,-1.37456,55585.9,,-0.0107936,0.0806913,0.08141,,-7.79836,9.75773,0.000649532,-0.0522657,fluid
2313,7.10194,10.586,,1003.35,-1.49377,53161,,-0.0115111,0.079668,0.0804953,,-7.46036,9.75572,5.06764e-05,-0.0542834,fluid
2314,7.10156,10.8305,,1003.2,-1.60449,50740.5,,-0.0121699,0.078564,0.079501,,-7.12294,9.75374,-0.000764078,-0.05626,fluid
2315,7.10124,11.0748,,1003.05,-1.70738,48324.7,,-0.0127737,0.0773844,0.0784315,,-6.78586,9.75187,-0.0014467,-0.058126,fluid
2316,7.10099,11.3189,,1002.9,-1.80216,45913.9,,-0.0133238,0.0761097,0.0772671,,-6.44919,9.75008,-0.00204365,-0.0599151,fluid
2317,7.10076,11.5627,,1002.75,-1.8815,43507.4,,-0.0137702,0.0747592,0.0760168,,-6.11293,9.74836,-0.00258591,-0.0616392,fluid
2318,7.10056,11.8062,,1002.6,-1.95443,41105.8,,-0.01418,0.0732651,0.0746247,,-5.77738,9.74661,-0.00329927,-0.0633917,fluid
2319,7.10038,12.0494,,1002.45,-2.01001,38707.8,,-0.014476,0.0716271,0.0730753,,-5.44232,9.74479,-0.0041245,-0.0652142,fluid
2320,7.10019,12.2923,,1002.3,-2.05129,36314.7,,-0.0146804,0.0697923,0.0713196,,-5.10757,9.74303,-0.00468618,-0.0669679,fluid
2321,7.1,12.535,,1002.15,-2.07644,33926.5,,-0.0147829,0.0677543,0.0693482,,-4.77331,9.74124,-0.00517358,-0.0687624,fluid
2322,7.09986,12.7774,,1002,-2.08268,31541.9,,-0.0147624,0.0654692,0.0671129,,-4.43968,9.73925,-0.00592052,-0.0707528,fluid
2323,7.09971,13.0195,,1001.85,-2.09765,29160.5,,-0.0148124,0.0629216,0.0646416,,-4.107,9.73697,-0.00730335,-0.0730332,fluid
2324,7.09945,13.2613,,1001.7,-2.15483,26780.5,,-0.0151705,0.0600977,0.0619829,,-3.77456,9.73477,-0.00875941,-0.075234,fluid
2325,7.09876,13.5028,,1001.55,-2.29672,24408.5,,-0.0161394,0.0569178,0.0591618,,-3.44162,9.73303,-0.00852173,-0.0769691,fluid
2326,7.09736,13.744,,1001.4,-2.44585,22047.1,,-0.0171706,0.0536973,0.0563758,,-3.10953,9.73102,-0.00749602,-0.0789766,fluid
2327,7.09529,13.9853,,1001.25,-2.57474,19690.1,,-0.018053,0.0503807,0.0535175,,-2.7784,9.72909,-0.00677767,-0.0809142,fluid
2328,7.09225,14.2263,,1001.1,-2.83823,17331.2,,-0.0198986,0.0465417,0.050617,,-2.44816,9.72626,-0.0071688,-0.0837359,fluid
2329,7.08813,14.4682,,1000.95,-3.3226,14958.6,,-0.0233399,0.0417286,0.0478124,,-2.11412,9.72169,-0.00575686,-0.0883094,fluid
2330,7.07675,14.7085,,1000.8,-3.87013,12618.4,,-0.027191,0.0332487,0.0429514,,-1.78028,9.71835,0.0013675,-0.0916502,fluid
2331,7.05324,14.9433,,1000.65,-4.50562,10300.9,,-0.0316011,0.0228172,0.0389776,,-1.45914,9.71592,0.00035877,-0.094079,fluid
2332,7.02376,15.182,,1000.5,-4.92111,7899.43,,-0.0344458,0.00981184,0.035816,,-1.12541,9.7222,-0.00129746,-0.0878049,fluid
2333,6.96879,15.4024,,1000.38,-5.84897,5955.75,,-0.0407273,0.00414331,0.0409376,,-0.851216,9.71677,0.00309343,-0.0932292,fluid
2334,7.00024,15.6317,,1000.26,0.500824,4007.12,,0.00350173,-0.00484769,0.00598015,,-0.562998,9.73195,0.00928221,-0.0780547,fluid
2335,7.08156,15.9009,,1000.18,1.04513,2770.8,,0.00738198,0.000229914,0.00738556,,-0.393277,9.73351,-0.00207684,-0.0764853,fluid
2336,7.40338,0.126852,,1009.79,0.625352,158285,,0.00283055,-0.000904047,0.00297141,,-21.1683,9.8083,0.00440882,-0.00169992,fluid
2337,7.40702,0.386047,,1009.65,1.47443,155846,,0.00893777,-0.00177503,0.00911232,,-20.8347,9.80365,0.00456246,-0.00634581,fluid
2338,7.40035,0.64433,,1009.5,0.592788,153501,,0.00242631,-0.00270882,0.00363657,,-20.5481,9.7962,-0.000985995,-0.013805,fluid
2339,7.41371,0.902789,,1009.34,1.93263,150810,,0.0122482,-0.00875225,0.0150539,,-20.1603,9.77828,-0.00655806,-0.0317216,fluid
2340,7.41099,1.17226,,1009.18,1.45946,148141,,0.00881676,0.00514826,0.0102098,,-19.8035,9.79496,0.00397117,-0.015035,fluid
2341,7.41454,1.43911,,1009.02,1.91253,145399,,0.0121852,0.0089483,0.0151179,,-19.4412,9.79506,-0.006528,-0.0149398,fluid
2342,7.41549,1.71199,,1008.85,2.06443,142616,,0.0133112,0.0257466,0.028984,,-19.0638,9.81612,-0.000308203,0.00612059,fluid
2343,7.41678,1.98538,,1008.68,2.32853,139819,,0.0152462,0.0391379,0.0420027,,-18.6912,9.82322,-0.00168753,0.0132201,fluid
2344,7.41685,2.26007,,1008.51,2.53011,137004,,0.0167487,0.0543827,0.0569034,,-18.3162,9.83146,-3.26789e-05,0.0214631,fluid
2345,7.41637,2.53434,,1008.34,2.68883,134198,,0.0178836,0.0679317,0.0702463,,-17.9436,9.83166,0.00166972,0.021662,fluid
2346,7.4148,2.80743,,1008.17,2.69894,131413,,0.017931,0.0796379,0.0816316,,-17.5764,9.82971,0.00313566,0.0197093,fluid
2347,7.41237,3.07846,,1008,2.6099,128656,,0.0172219,0.0887594,0.0904147,,-17.2144,9.82363,0.00467599,0.0136337,fluid
2348,7.40932,3.34696,,1007.84,2.44642,125925,,0.0159434,0.0953631,0.0966867,,-16.8578,9.81825,0.00559004,0.00825337,fluid
2349,7.40589,3.61282,,1007.67,2.24655,123219,,0.0144018,0.100081,0.101112,,-16.5057,9.81215,0.00562423,0.00215157,fluid
2350,7.40231,3.87611,,1007.51,2.0427,120536,,0.0128207,0.10324,0.104033,,-16.157,9.80642,0.00514507,-0.00358383,fluid
2351,7.39871,4.137,,1007.35,1.83727,117874,,0.0112296,0.105536,0.106132,,-15.8108,9.79944,0.00467297,-0.0105589,fluid
2352,7.39522,4.39573,,1007.18,1.63066,115235,,0.00964704,0.107087,0.107521,,-15.4671,9.79399,0.00412229,-0.0160081,fluid
2353,7.39195,4.65257,,1007.03,1.43224,112619,,0.00812733,0.108108,0.108413,,-15.1257,9.78838,0.0033339,-0.0216236,fluid
2354,7.38896,4.90777,,1006.87,1.25636,110023,,0.00677942,0.108793,0.109004,,-14.786,9.78281,0.00272952,-0.0271923,fluid
2355,7.38628,5.16159,,1006.71,1.11004,107447,,0.00565975,0.109347,0.109494,,-14.4475,9.77755,0.00236764,-0.0324516,fluid
2356,7.3839,5.41422,,1006.55,0.993118,104888,,0.00476919,0.109919,0.110022,,-14.1103,9.77293,0.00227015,-0.0370652,fluid
2357,7.38178,5.66582,,1006.4,0.900166,102346,,0.00406233,0.110551,0.110626,,-13.7741,9.76948,0.00241981,-0.0405243,fluid
2358,7.37988,5.91648,,1006.24,0.82089,99816.9,,0.0034592,0.111208,0.111261,,-13.439,9.76715,0.0026388,-0.0428495,fluid
2359,7.37816,6.1663,,1006.09,0.744144,97300.4,,0.00289555,0.11178,0.111817,,-13.1051,9.7653,0.00270416,-0.0447001,fluid
2360,7.37659,6.41533,,1005.93,0.668599,94795.3,,0.00235911,0.112212,0.112236,,-12.7722,9.76454,0.0028131,-0.0454573,fluid
2361,7.37514,6.66363,,1005.78,0.599863,92300.1,,0.00186165,0.11242,0.112436,,-12.4397,9.76526,0.00339811,-0.0447448,fluid
2362,7.37374,6.91127,,1005.63,0.543468,89813.2,,0.0014509,0.112335,0.112344,,-12.1076,9.76569,0.00445014,-0.0443125,fluid
2363,7.37236,7.1583,,1005.47,0.494038,87333.9,,0.00111694,0.111981,0.111986,,-11.7766,9.76533,0.00503327,-0.0446704,fluid
2364,7.37089,7.40478,,1005.32,0.4459,84860.7,,0.000820378,0.111379,0.111382,,-11.4476,9.76514,0.00439577,-0.0448641,fluid
2365,7.36922,7.65082,,1005.17,0.366239,82394.8,,0.000328107,0.110507,0.110508,,-11.118,9.76472,0.00542142,-0.0452779,fluid
2366,7.36755,7.89655,,1005.02,0.218949,79939.1,,-0.000663829,0.109395,0.109397,,-10.7887,9.76381,0.00729395,-0.0461852,fluid
2367,7.36604,8.14206,,1004.87,0.0722049,77486.5,,-0.00164665,0.108073,0.108085,,-10.462,9.76278,0.00649694,-0.0472166,fluid
2368,7.36469,8.38735,,1004.71,-0.0747962,75037,,-0.00261371,0.106628,0.10666,,-10.1354,9.76235,0.00551872,-0.0476499,fluid
2369,7.3635,8.63243,,1004.56,-0.218333,72591.2,,-0.00355239,0.105063,0.105123,,-9.80895,9.76187,0.00452752,-0.0481316,fluid
2370,7.36247,8.8773,,1004.41,-0.358891,70149.6,,-0.00446715,0.103413,0.103509,,-9.48242,9.76131,0.00374056,-0.0486948,fluid
2371,7.36159,9.12196,,1004.26,-0.491642,67712.4,,-0.00532148,0.101672,0.101811,,-9.15585,9.76066,0.00320999,-0.0493447,fluid
2372,7.36084,9.3664,,1004.11,-0.6137,65279.4,,-0.00609558,0.0998165,0.100002,,-8.82945,9.75986,0.00274119,-0.0501388,fluid
2373,7.36021,9.61061,,1003.96,-0.727356,62850.7,,-0.00680613,0.0978208,0.0980573,,-8.50338,9.75912,0.00221131,-0.0508806,fluid
2374,7.3597,9.85458,,1003.81,-0.835662,60426.5,,-0.00747653,0.095664,0.0959558,,-8.17765,9.75844,0.00167533,-0.0515649,fluid
2375,7.3593,10.0983,,1003.66,-0.938812,58006.9,,-0.00810997,0.0933261,0.0936778,,-7.85221,9.75763,0.0011932,-0.0523677,fluid
2376,7.35901,10.3418,,1003.5,-1.03398,55591.7,,-0.00868583,0.0907984,0.0912129,,-7.5271,9.75668,0.00075448,-0.0533242,fluid
2377,7.35881,10.5851,,1003.35,-1.1214,53181,,-0.0092061,0.0880701,0.0885499,,-7.20231,9.7556,0.000368185,-0.054403,fluid
2378,7.3587,10.8282,,1003.2,-1.2023,50774.6,,-0.00968165,0.0851335,0.0856822,,-6.87792,9.75436,-9.52918e-06,-0.0556424,fluid
2379,7.35866,11.071,,1003.05,-1.27624,48372.8,,-0.0101111,0.0819908,0.0826119,,-6.55401,9.75301,-0.000441467,-0.0569948,fluid
2380,7.35868,11.3136,,1002.9,-1.34299,45975.3,,-0.010494,0.078627,0.0793242,,-6.23076,9.75149,-0.00109166,-0.058511,fluid
2381,7.35875,11.5559,,1002.75,-1.39533,43581.5,,-0.0107761,0.0750848,0.0758541,,-5.90807,9.74982,-0.00191589,-0.0601807,fluid
2382,7.35884,11.798,,1002.6,-1.43927,41191.9,,-0.0110027,0.0713945,0.0722373,,-5.58597,9.74827,-0.00290127,-0.0617314,fluid
2383,7.35892,12.04,,1002.45,-1.47147,38805.4,,-0.0111486,0.0676314,0.0685441,,-5.26384,9.74678,-0.00350271,-0.0632225,fluid
2384,7.35896,12.2817,,1002.3,-1.50754,36422.9,,-0.0113312,0.0638922,0.0648892,,-4.94208,9.74532,-0.00399751,-0.0646768,fluid
2385,7.35891,12.5234,,1002.15,-1.5354,34042.7,,-0.0114616,0.0603358,0.0614148,,-4.62061,9.74368,-0.00450754,-0.066317,fluid
2386,7.35879,12.7651,,1002.01,-1.54193,31663.3,,-0.0114409,0.0571277,0.0582621,,-4.29868,9.74202,-0.00450726,-0.0679836,fluid
2387,7.35849,13.0071,,1001.86,-1.55829,29282.7,,-0.0114981,0.0542641,0.0554689,,-3.97575,9.74021,-0.00366839,-0.0697884,fluid
2388,7.35798,13.2496,,1001.7,-1.62989,26898,,-0.0119724,0.0517145,0.0530823,,-3.65211,9.73794,-0.00271884,-0.0720567,fluid
2389,7.35698,13.4927,,1001.55,-1.76742,24511,,-0.0129512,0.0493634,0.0510341,,-3.32919,9.73483,-0.00269314,-0.0751722,fluid
2390,7.35528,13.7364,,1001.4,-1.87446,22123.1,,-0.0137126,0.0469892,0.0489491,,-3.0059,9.73132,-0.00233865,-0.0786795,fluid
2391,7.35301,13.9808,,1001.25,-1.91616,19730.1,,-0.0139903,0.0440676,0.0462351,,-2.68142,9.72713,-0.00150433,-0.0828681,fluid
2392,7.34957,14.2252,,1001.1,-1.96393,17336.6,,-0.0143231,0.0400742,0.0425569,,-2.35722,9.72322,-0.000957499,-0.0867817,fluid
2393,7.34683,14.47,,1000.95,-2.15563,14945.5,,-0.0157416,0.0339409,0.0374137,,-2.03154,9.7196,0.000809954,-0.0904007,fluid
2394,7.33812,14.7109,,1000.8,-2.26431,12606.4,,-0.0165391,0.0274842,0.0320768,,-1.71646,9.71801,9.6004e-05,-0.0919934,fluid
2395,7.32571,14.9468,,1000.65,-2.19508,10241.4,,-0.015984,0.0178356,0.0239499,,-1.3924,9.71971,0.00469764,-0.0902906,fluid
2396,7.29686,15.1778,,1000.5,-2.86475,7923.42,,-0.020859,0.00738685,0.0221283,,-1.08349,9.71936,0.00183312,-0.0906394,fluid
2397,7.25372,15.3949,,1000.38,-3.57495,5971.81,,-0.0259638,-0.00129892,0.0259962,,-0.823154,9.72372,-0.000190517,-0.0862828,fluid
2398,7.281,15.6173,,1000.27,0.227854,4219.52,,0.00162426,-0.00517162,0.00542069,,-0.574675,9.72694,0.00469319,-0.0830554,fluid
2399,7.32811,15.9026,,1000.17,0.903874,2747.32,,0.00658166,0.00114568,0.00668063,,-0.380235,9.7256,-0.00539895,-0.0843957,fluid
2400,7.64676,0.127563,,1009.79,1.0071,158288,,0.00570993,-0.00083804,0.0057711,,-20.4981,9.80808,0.00119229,-0.00191646,fluid
2401,7.64733,0.387528,,1009.64,1.48751,155815,,0.00930751,-0.00102134,0.00936338,,-20.1729,9.80608,0.00759635,-0.00391716,fluid
2402,7.64485,0.645511,,1009.49,1.25216,153338,,0.00755789,-0.00207333,0.00783712,,-19.8611,9.80249,0.00803403,-0.00751337,fluid
2403,7.64943,0.906589,,1009.34,1.66138,150724,,0.0106281,-3.6281e-06,0.0106281,,-19.5159,9.80157,0.00579363,-0.00843353,fluid
2404,7.64729,1.1694,,1009.18,1.18524,148118,,0.00692508,-0.000373572,0.00693515,,-19.1906,9.78042,0.00192633,-0.0295848,fluid
2405,7.64775,1.43305,,1009.02,1.31696,145449,,0.00795948,0.00192097,0.008188,,-18.8472,9.77667,0.00130796,-0.0333318,fluid
2406,7.64683,1.69792,,1008.86,1.13889,142780,,0.00652707,0.0036901,0.00749797,,-18.5083,9.75779,-0.000547513,-0.0522142,fluid
2407,7.64608,1.96476,,1008.69,1.14725,140072,,0.00654705,0.00861776,0.0108226,,-18.1615,9.74946,0.000100261,-0.0605415,fluid
2408,7.64496,2.23306,,1008.53,1.10139,137348,,0.00616684,0.0157651,0.0169283,,-17.8141,9.74271,-0.000173455,-0.0672895,fluid
2409,7.6439,2.5028,,1008.36,1.10508,134602,,0.00614,0.0257297,0.0264522,,-17.4628,9.74104,0.000229696,-0.0689632,fluid
2410,7.64279,2.77319,,1008.2,1.13323,131842,,0.00630433,0.0375461,0.0380717,,-17.1096,9.74375,0.00070439,-0.0662528,fluid
2411,7.64174,3.04337,,1008.03,1.1915,129078,,0.00670511,0.0498706,0.0503193,,-16.7549,9.74737,0.00173652,-0.0626293,fluid
2412,7.64071,3.31242,,1007.86,1.26218,126319,,0.00719025,0.0614434,0.0618626,,-16.4004,9.75268,0.00308527,-0.0573223,fluid
2413,7.63963,3.57973,,1007.69,1.31236,123576,,0.00752171,0.0714455,0.0718403,,-16.0481,9.75398,0.00404376,-0.0560196,fluid
2414,7.63847,3.84495,,1007.53,1.32138,120856,,0.00754967,0.0796901,0.0800469,,-15.6993,9.75625,0.00452842,-0.0537496,fluid
2415,7.63721,4.108,,1007.36,1.28725,118163,,0.00723783,0.0863489,0.0866517,,-15.3544,9.75743,0.00450758,-0.0525729,fluid
2416,7.63586,4.36895,,1007.2,1.21619,115497,,0.00665284,0.0916362,0.0918774,,-15.0134,9.75785,0.00411403,-0.0521518,fluid
2417,7.63449,4.62799,,1007.04,1.12117,112859,,0.00588985,0.0958167,0.0959976,,-14.6758,9.75858,0.0035998,-0.0514231,fluid
2418,7.63313,4.88532,,1006.88,1.01764,110244,,0.0050582,0.0990932,0.0992222,,-14.3411,9.75921,0.00305092,-0.0507941,fluid
2419,7.63184,5.1412,,1006.72,0.916617,107651,,0.00425241,0.101661,0.10175,,-14.0089,9.75969,0.00244482,-0.0503101,fluid
2420,7.63065,5.39586,,1006.56,0.824632,105076,,0.003526,0.103716,0.103776,,-13.6785,9.75993,0.00193884,-0.0500686,fluid
2421,7.62955,5.6495,,1006.41,0.745987,102515,,0.00289969,0.105423,0.105463,,-13.3493,9.76029,0.00165978,-0.0497116,fluid
2422,7.62856,5.90227,,1006.25,0.679873,99965.7,,0.00236939,0.10691,0.106936,,-13.0212,9.76083,0.00149828,-0.0491653,fluid
2423,7.62765,6.1543,,1006.09,0.62027,97426.6,,0.00191986,0.108259,0.108277,,-12.6942,9.76077,0.0012656,-0.0492269,fluid
2424,7.62681,6.40567,,1005.94,0.565838,94896.5,,0.00153047,0.109472,0.109483,,-12.3682,9.76129,0.000792313,-0.048713,fluid
2425,7.62604,6.65646,,1005.78,0.517752,92373.5,,0.00117074,0.110564,0.11057,,-12.0431,9.76241,0.000154859,-0.0475934,fluid
2426,7.62527,6.90671,,1005.63,0.468627,89857.3,,0.000810126,0.111681,0.111684,,-11.7187,9.76429,-0.000555505,-0.0457112,fluid
2427,7.62451,7.15645,,1005.47,0.414848,87348.9,,0.000471315,0.112908,0.112909,,-11.3952,9.76465,-0.00125996,-0.045354,fluid
2428,7.62364,7.40565,,1005.32,0.369048,84849.3,,0.000222941,0.114215,0.114216,,-11.0729,9.76377,-0.00208772,-0.0462258,fluid
2429,7.62251,7.65421,,1005.17,0.319481,82360.4,,-1.56218e-05,0.115506,0.115506,,-10.7435,9.76458,0.00582155,-0.0454242,fluid
2430,7.62132,7.90211,,1005.01,0.235542,79882.7,,-0.000577211,0.116489,0.116491,,-10.4255,9.76656,0.0037262,-0.0434422,fluid
2431,7.62026,8.14939,,1004.86,0.130701,77413.5,,-0.00126971,0.117047,0.117054,,-10.1072,9.76843,0.00256942,-0.0415667,fluid
2432,7.61934,8.39608,,1004.71,0.0188452,74951.5,,-0.00199712,0.11722,0.117237,,-9.78858,9.77012,0.00233411,-0.03988,fluid
2433,7.61857,8.64221,,1004.56,-0.0863881,72496.7,,-0.00266957,0.117012,0.117043,,-9.47047,9.77097,0.00216059,-0.0390283,fluid
2434,7.61794,8.8878,,1004.4,-0.177542,70048.3,,-0.00322822,0.116397,0.116442,,-9.15326,9.77177,0.00159572,-0.0382311,fluid
2435,7.61745,9.13291,,1004.25,-0.259448,67606.6,,-0.00371495,0.115351,0.115411,,-8.83689,9.77261,0.000757088,-0.0373878,fluid
2436,7.61707,9.37757,,1004.1,-0.333708,65171.3,,-0.00414633,0.113884,0.11396,,-8.52083,9.77319,0.000168723,-0.0368147,fluid
2437,7.61678,9.62184,,1003.95,-0.398695,62741.8,,-0.00450854,0.111992,0.112083,,-8.20496,9.77341,-6.80725e-05,-0.0365854,fluid
2438,7.61658,9.86578,,1003.8,-0.454277,60317.3,,-0.00480064,0.109688,0.109793,,-7.88944,9.77341,-0.000203305,-0.0365878,fluid
2439,7.61645,10.1094,,1003.65,-0.503549,57897.2,,-0.00504883,0.106995,0.107114,,-7.57428,9.77318,-0.000317392,-0.0368196,fluid
2440,7.61638,10.3529,,1003.5,-0.54972,55481.2,,-0.00527794,0.103943,0.104076,,-7.25945,9.77258,-0.000385627,-0.0374183,fluid
2441,7.61638,10.5962,,1003.35,-0.59265,53068.6,,-0.0054871,0.100566,0.100716,,-6.94495,9.77167,-0.000499801,-0.0383335,fluid
2442,7.61643,10.8394,,1003.2,-0.630664,50658.9,,-0.00566407,0.0968943,0.0970597,,-6.63085,9.77032,-0.000777763,-0.0396844,fluid
2443,7.61653,11.0825,,1003.05,-0.66349,48251.7,,-0.00580604,0.0929655,0.0931466,,-6.31707,9.7685,-0.0011793,-0.0415002,fluid
2444,7.61667,11.3256,,1002.9,-0.688081,45846.8,,-0.00588953,0.0887979,0.088993,,-6.00342,9.76624,-0.00152951,-0.0437647,fluid
2445,7.61685,11.5687,,1002.75,-0.706432,43444.4,,-0.00593055,0.0844239,0.084632,,-5.68974,9.7635,-0.00163301,-0.0465011,fluid
2446,7.61707,11.8117,,1002.59,-0.724482,41044.8,,-0.00597633,0.0798413,0.0800646,,-5.37625,9.76031,-0.00167316,-0.0496932,fluid
2447,7.6173,12.0547,,1002.44,-0.746352,38648.3,,-0.00606009,0.0750279,0.0752722,,-5.06345,9.75647,-0.00207177,-0.0535325,fluid
2448,7.6175,12.2976,,1002.29,-0.767376,36255.7,,-0.00614594,0.0699894,0.0702587,,-4.75136,9.75222,-0.00273415,-0.0577783,fluid
2449,7.61764,12.5401,,1002.14,-0.788017,33869.1,,-0.00623525,0.0646796,0.0649794,,-4.43928,9.74811,-0.002647,-0.0618903,fluid
2450,7.61769,12.7822,,1001.99,-0.82513,31490.4,,-0.00645989,0.059035,0.0593874,,-4.12799,9.7444,-0.00236983,-0.0656004,fluid
2451,7.6176,13.0238,,1001.84,-0.893078,29119.4,,-0.00693258,0.0531569,0.053607,,-3.81963,9.74043,-0.00402141,-0.0695665,fluid
2452,7.6173,13.2645,,1001.7,-0.960444,26753.8,,-0.00740861,0.0472368,0.0478143,,-3.51279,9.73691,-0.00650265,-0.0730857,fluid
2453,7.61643,13.5044,,1001.55,-1.05397,24399.1,,-0.00808627,0.0412727,0.0420573,,-3.20501,9.73378,-0.00648618,-0.07622,fluid
2454,7.61503,13.7433,,1001.4,-1.15285,22058.8,,-0.00880951,0.0354769,0.0365543,,-2.89758,9.73066,-0.00487883,-0.079341,fluid
2455,7.61305,13.9813,,1001.25,-1.16319,19724.8,,-0.00887108,0.0299411,0.0312277,,-2.59137,9.72823,-0.00369004,-0.0817677,fluid
2456,7.61027,14.2184,,1001.11,-1.17374,17406.5,,-0.00894759,0.0250903,0.026638,,-2.2875,9.72471,-0.00279018,-0.0852909,fluid
2457,7.60825,14.4549,,1000.96,-1.07033,15102.4,,-0.00816984,0.0204875,0.0220564,,-1.98417,9.72111,-0.00106674,-0.0888931,fluid
2458,7.60336,14.6911,,1000.81,-1.13525,12823,,-0.00863246,0.0147473,0.017088,,-1.68054,9.71671,0.0045795,-0.0932931,fluid
2459,7.59937,14.923,,1000.67,-0.734944,10484.2,,-0.00562336,0.00847276,0.0101691,,-1.38292,9.71328,-0.00422027,-0.0967197,fluid
2460,7.5787,15.1505,,1000.52,-1.05512,8130.59,,-0.00802044,0.00167689,0.00819387,,-1.07164,9.71781,0.000629817,-0.0921864,fluid
2461,7.54023,15.3612,,1000.39,-2.37874,6170.49,,-0.0180641,-0.00348849,0.0183979,,-0.824918,9.71741,-0.00689637,-0.0925856,fluid
2462,7.59366,15.596,,1000.29,0.0481195,4523.86,,0.000235751,-0.0117127,0.0117151,,-0.595605,9.7147,-3.49744e-05,-0.0952986,fluid
2463,7.53912,15.888,,1000.17,0.327945,2689.31,,0.00240272,0.00168242,0.00293319,,-0.357086,9.71757,-0.000432842,-0.0924284,fluid
2464,7.88325,0.132933,,1009.79,0.599626,158285,,0.00284916,0.00227964,0.0036489,,-19.8832,9.80213,0.000749913,-0.00787412,fluid
2465,7.88232,0.40121,,1009.64,0.714851,155689,,0.00372052,0.0100477,0.0107144,,-19.5593,9.80979,0.00382045,-0.000205381,fluid
2466,7.8817,0.666928,,1009.48,0.611867,153078,,0.00295708,0.0183353,0.0185722,,-19.2362,9.81197,0.00338678,0.00197429,fluid
2467,7.88264,0.933775,,1009.32,0.707941,150437,,0.00370726,0.027275,0.0275258,,-18.9049,9.81942,0.00343547,0.00942321,fluid
2468,7.88175,1.20092,,1009.16,0.535491,147770,,0.00234753,0.0350053,0.0350839,,-18.5766,9.82306,0.00159664,0.0130566,fluid
2469,7.88165,1.46706,,1009,0.541396,145100,,0.00239571,0.0417681,0.0418367,,-18.2439,9.82543,0.00168279,0.0154285,fluid
2470,7.88104,1.73256,,1008.84,0.448641,142436,,0.00161162,0.0476381,0.0476654,,-17.9145,9.82622,0.000443533,0.0162222,fluid
2471,7.88038,1.99658,,1008.68,0.39456,139778,,0.0011159,0.0518945,0.0519065,,-17.5848,9.82468,0.000132515,0.0146826,fluid
2472,7.87973,2.25923,,1008.52,0.34377,137127,,0.000640246,0.05519,0.0551937,,-17.2562,9.82213,-0.000539997,0.0121273,fluid
2473,7.87914,2.5204,,1008.36,0.31775,134479,,0.000335584,0.0573058,0.0573068,,-16.927,9.81748,-0.000717329,0.00747786,fluid
2474,7.87866,2.78034,,1008.19,0.321233,131828,,0.000263016,0.0590585,0.0590591,,-16.5968,9.81335,-0.000536825,0.00335167,fluid
2475,7.87832,3.03937,,1008.03,0.352774,129168,,0.000425958,0.0608094,0.0608109,,-16.2647,9.80847,-2.23002e-06,-0.0015331,fluid
2476,7.87809,3.29776,,1007.87,0.401897,126503,,0.00073253,0.0633157,0.06332,,-15.9316,9.80653,0.000633189,-0.0034717,fluid
2477,7.87794,3.55574,,1007.71,0.45582,123839,,0.00107954,0.0665356,0.0665443,,-15.5983,9.80528,0.00121096,-0.00471968,fluid
2478,7.87782,3.81335,,1007.55,0.499677,121182,,0.00136714,0.0705288,0.0705421,,-15.2659,9.80549,0.00161062,-0.00450638,fluid
2479,7.87767,4.07055,,1007.39,0.527522,118539,,0.0015274,0.0748585,0.0748741,,-14.9354,9.80619,0.00176366,-0.00380618,fluid
2480,7.87748,4.32725,,1007.23,0.538514,115912,,0.00155983,0.0792388,0.0792542,,-14.607,9.80644,0.00170387,-0.00356271,fluid
2481,7.87726,4.58335,,1007.07,0.535348,113301,,0.00148839,0.0833579,0.0833712,,-14.2808,9.80667,0.00153184,-0.00333466,fluid
2482,7.87701,4.83877,,1006.91,0.523275,110706,,0.00134471,0.0870502,0.0870606,,-13.9566,9.80615,0.00133165,-0.00384652,fluid
2483,7.87673,5.09348,,1006.75,0.504997,108125,,0.00116104,0.0902132,0.0902206,,-13.634,9.80489,0.00113061,-0.00510503,fluid
2484,7.87645,5.34747,,1006.59,0.483263,105558,,0.000963065,0.0928366,0.0928416,,-13.313,9.80331,0.00093104,-0.0066938,fluid
2485,7.87618,5.60077,,1006.44,0.462413,103001,,0.000769042,0.0949691,0.0949722,,-12.9932,9.80171,0.000764173,-0.00828767,fluid
2486,7.87592,5.85342,,1006.28,0.443583,100455,,0.000588622,0.0966256,0.0966274,,-12.6744,9.79985,0.000610634,-0.010153,fluid
2487,7.87568,6.10546,,1006.12,0.4232,97916.4,,0.000425356,0.0978735,0.0978744,,-12.3567,9.7972,0.00040724,-0.0128046,fluid
2488,7.87545,6.35694,,1005.97,0.401685,95386.7,,0.000282052,0.0987972,0.0987976,,-12.0399,9.79429,8.07846e-05,-0.015709,fluid
2489,7.87524,6.6079,,1005.81,0.387505,92865.4,,0.000170196,0.0994084,0.0994085,,-11.7243,9.79206,-0.000379447,-0.0179351,fluid
2490,7.87501,6.85836,,1005.66,0.382203,90352.3,,0.000106014,0.0997218,0.0997218,,-11.4093,9.78958,-0.000541563,-0.0204233,fluid
2491,7.87475,7.10833,,1005.5,0.372765,87845.9,,6.58223e-05,0.0995816,0.0995817,,-11.0923,9.78623,0.00202114,-0.0237684,fluid
2492,7.87451,7.35779,,1005.35,0.348735,85346,,-5.80285e-05,0.0991901,0.0991901,,-10.7722,9.78301,0.00836633,-0.0269897,fluid
2493,7.87419,7.60666,,1005.2,0.320102,82854.5,,-0.000230077,0.0986019,0.0986021,,-10.4639,9.78061,0.00398254,-0.0293899,fluid
2494,7.87382,7.85479,,1005.04,0.276645,80372.2,,-0.000460323,0.0977666,0.0977676,,-10.1541,9.77965,0.00221259,-0.030349,fluid
2495,7.8735,8.10219,,1004.89,0.228717,77898,,-0.000691771,0.0966212,0.0966237,,-9.8435,9.77979,0.00205026,-0.0302138,fluid
2496,7.87323,8.34897,,1004.74,0.18857,75431,,-0.000871178,0.0950362,0.0950402,,-9.53371,9.77901,0.00180851,-0.0309852,fluid
2497,7.87303,8.59523,,1004.59,0.147131,72970.9,,-0.00107088,0.0930165,0.0930227,,-9.22525,9.77793,0.000908345,-0.0320691,fluid
2498,7.87289,8.8411,,1004.43,0.103495,70516.6,,-0.00128009,0.0906362,0.0906453,,-8.91695,9.77669,0.000410928,-0.0333063,fluid
2499,7.87279,9.08667,,1004.28,0.0663153,68066.8,,-0.00143003,0.0879771,0.0879887,,-8.60842,9.775,0.000550108,-0.0349981,fluid
2500,7.87274,9.33204,,1004.13,0.0391458,65620.5,,-0.00150316,0.0850947,0.085108,,-8.30031,9.77288,0.000568805,-0.0371178,fluid
2501,7.87272,9.57727,,1003.98,0.0157569,63177.5,,-0.00155033,0.0820446,0.0820593,,-7.99278,9.77047,0.000282338,-0.0395295,fluid
2502,7.87273,9.82242,,1003.83,-0.00759868,60737.4,,-0.00159856,0.0788864,0.0789026,,-7.68553,9.76788,-1.6649e-05,-0.0421205,fluid
2503,7.87275,10.0675,,1003.67,-0.0289189,58299.9,,-0.00163404,0.0756569,0.0756746,,-7.37835,9.76522,-0.000172736,-0.0447828,fluid
2504,7.87279,10.3126,,1003.52,-0.0463347,55864.7,,-0.00164422,0.0723645,0.0723832,,-7.07124,9.76247,-0.00021334,-0.0475339,fluid
2505,7.87284,10.5577,,1003.37,-0.0612109,53431.5,,-0.00163912,0.0690192,0.0690387,,-6.76421,9.75967,-0.000179643,-0.0503287,fluid
2506,7.8729,10.8029,,1003.22,-0.0745614,51000.3,,-0.0016273,0.0656255,0.0656457,,-6.45728,9.75692,-0.000101917,-0.0530792,fluid
2507,7.87297,11.0482,,1003.07,-0.0857546,48570.6,,-0.00160336,0.0621949,0.0622155,,-6.15027,9.75409,0.000152949,-0.0559136,fluid
2508,7.87306,11.2935,,1002.91,-0.09687,46142.4,,-0.00158291,0.0587482,0.0587696,,-5.84323,9.75122,0.000533005,-0.0587848,fluid
2509,7.87316,11.539,,1002.76,-0.109479,43715.4,,-0.00157936,0.0553097,0.0553323,,-5.53672,9.7483,0.000451981,-0.0617039,fluid
2510,7.87329,11.7846,,1002.61,-0.114744,41289,,-0.00152306,0.0519239,0.0519463,,-5.23084,9.74547,-0.000299105,-0.0645301,fluid
2511,7.87345,12.0305,,1002.46,-0.10674,38862.3,,-0.00136625,0.0485941,0.0486133,,-4.92438,9.74306,-0.000619548,-0.066935,fluid
2512,7.87362,12.2765,,1002.31,-0.106237,36435.3,,-0.00127355,0.0452768,0.0452947,,-4.61697,9.74074,-8.94e-05,-0.0692573,fluid
2513,7.87383,12.5229,,1002.15,-0.119234,34008.5,,-0.00129691,0.0420167,0.0420368,,-4.31064,9.73791,-0.000737484,-0.0720884,fluid
2514,7.87408,12.7695,,1002,-0.101698,31580.8,,-0.00108975,0.0388947,0.0389099,,-4.00517,9.73537,-0.00244928,-0.0746284,fluid
2515,7.87428,13.0165,,1001.85,-0.0711578,29152.8,,-0.000785896,0.0356478,0.0356564,,-3.69658,9.73353,-0.00112278,-0.0764694,fluid
2516,7.87439,13.2636,,1001.69,-0.109632,26726.3,,-0.001037,0.0320158,0.0320326,,-3.3856,9.73005,0.00274412,-0.0799499,fluid
2517,7.87431,13.5107,,1001.54,-0.203953,24303.2,,-0.00175042,0.0279412,0.027996,,-3.07782,9.7254,0.0038241,-0.0845967,fluid
2518,7.874,13.7572,,1001.39,-0.264887,21888.6,,-0.00221254,0.0232199,0.023325,,-2.77297,9.72158,0.00303605,-0.0884241,fluid
2519,7.87324,14.0027,,1001.24,-0.281173,19493.8,,-0.00233405,0.018182,0.0183312,,-2.46946,9.71858,0.00343781,-0.0914223,fluid
2520,7.87189,14.2465,,1001.09,-0.277715,17128.7,,-0.00230687,0.0128002,0.0130064,,-2.16681,9.71749,0.00675037,-0.0925051,fluid
2521,7.87096,14.4887,,1000.94,-0.33639,14798.3,,-0.00276252,0.00776325,0.00824012,,-1.87173,9.71497,0.0066191,-0.0950283,fluid
2522,7.86922,14.7288,,1000.79,-0.162191,12447.9,,-0.00137749,0.00291982,0.00322844,,-1.57805,9.71712,0.0025483,-0.0928829,fluid
2523,7.87261,14.9651,,1000.64,0.0296374,10042.3,,0.000120723,-0.000451,0.000466878,,-1.27537,9.71844,-0.000579399,-0.0915636,fluid
2524,7.85121,15.1904,,1000.49,-0.378059,7697.71,,-0.00306432,-0.00288375,0.00420786,,-0.974174,9.71323,0.00579536,-0.0967719,fluid
2525,7.86456,15.4021,,1000.37,-0.830974,5741.15,,-0.0066788,-0.011803,0.0135616,,-0.727809,9.71437,0.00192582,-0.0956325,fluid
2526,7.83879,15.607,,1000.26,-0.418977,4039.78,,-0.00348307,-0.00271374,0.00441545,,-0.518606,9.7089,-0.00337995,-0.101095,fluid
2527,7.69649,15.8196,,1000.19,0.213358,3057.37,,0.00154475,-0.000272654,0.00156863,,-0.3977,9.71359,-0.000535692,-0.0964129,fluid
