h/dp :,2
L2norm Pressure,KE,dp,Nparticles
125458,8.12432e+07,0.5,1152

t,0.44
ID,r,z,,rho,drhodt,pressure,,u_r,u_z,velocity,,pairAr,pairAz,totalAr,totalAz,Type
0,0.25,-0.25,,1002.59,0,61431.4,,0,0,0,,0,0,245.091,-9.81,boundary
1,0.75,-0.25,,1002.68,0,63630.5,,0,0,0,,0,0,84.6139,-9.81,boundary
2,1.25,-0.25,,1002.75,0,65207.7,,0,0,0,,0,0,52.0232,-9.81,boundary
3,1.75,-0.25,,1002.68,0,63623,,0,0,0,,0,0,36.2588,-9.81,boundary
4,2.25,-0.25,,1002.51,0,59622.8,,0,0,0,,0,0,26.4326,-9.81,boundary
5,2.75,-0.25,,1002.33,0,55172,,0,0,0,,0,0,20.016,-9.81,boundary
6,3.25,-0.25,,1002.15,0,50927.6,,0,0,0,,0,0,15.6364,-9.81,boundary
7,3.75,-0.25,,1001.96,0,46340.7,,0,0,0,,0,0,12.3334,-9.81,boundary
8,4.25,-0.25,,1001.73,0,40910.7,,0,0,0,,0,0,9.60944,-9.81,boundary
9,4.75,-0.25,,1001.47,0,34849.1,,0,0,0,,0,0,7.32585,-9.81,boundary
10,5.25,-0.25,,1001.22,0,28924.4,,0,0,0,,0,0,5.50267,-9.81,boundary
11,5.75,-0.25,,1001.01,0,23879.3,,0,0,0,,0,0,4.14873,-9.81,boundary
12,6.25,-0.25,,1000.85,0,19986.6,,0,0,0,,0,0,3.19515,-9.81,boundary
13,6.75,-0.25,,1000.72,0,17050.9,,0,0,0,,0,0,2.52423,-9.81,boundary
14,7.25,-0.25,,1000.62,0,14666.2,,0,0,0,,0,0,2.02167,-9.81,boundary
15,7.75,-0.25,,1000.53,0,12557.7,,0,0,0,,0,0,1.61949,-9.81,boundary
16,8.25,-0.25,,1000.46,0,10841.7,,0,0,0,,0,0,1.31354,-9.81,boundary
17,8.75,-0.25,,1000.41,0,9727.86,,0,0,0,,0,0,1.1113,-9.81,boundary
18,9.25,-0.25,,1000.38,0,8922.21,,0,0,0,,0,0,0.964198,-9.81,boundary
19,9.75,-0.25,,1000.33,0,7749.58,,0,0,0,,0,0,0.794567,-9.81,boundary
20,10.25,-0.25,,1000.26,0,6017.18,,0,0,0,,0,0,0.586892,-9.81,boundary
21,10.75,-0.25,,1000.18,0,4348.22,,0,0,0,,0,0,0.404411,-9.81,boundary
22,11.25,-0.25,,1000.15,0,3475.71,,0,0,0,,0,0,0.308907,-9.81,boundary
23,11.75,-0.25,,1000.16,0,3860.84,,0,0,0,,0,0,0.328529,-9.81,boundary
24,12.25,-0.25,,1000.23,0,5427.68,,0,0,0,,0,0,0.442974,-9.81,boundary
25,12.75,-0.25,,1000.3,0,6958.1,,0,0,0,,0,0,0.545572,-9.81,boundary
26,13.25,-0.25,,1000.38,0,9009.84,,0,0,0,,0,0,0.679728,-9.81,boundary
27,13.75,-0.25,,1000.37,0,8612.83,,0,0,0,,0,0,0.626159,-9.81,boundary
28,14.25,-0.25,,1000.35,0,8342.56,,0,0,0,,0,0,0.585236,-9.81,boundary
29,14.75,-0.25,,1000.34,0,7968.45,,0,0,0,,0,0,0.540052,-9.81,boundary
30,15.25,-0.25,,1000,0,0,,0,0,0,,0,0,0,-9.81,boundary
31,15.75,-0.25,,1000,0,0,,0,0,0,,0,0,0,-9.81,boundary
32,16.25,-0.25,,1000,0,0,,0,0,0,,0,0,0,-9.81,boundary
33,16.75,-0.25,,1000,0,0,,0,0,0,,0,0,0,-9.81,boundary
34,17.25,-0.25,,1000,0,0,,0,0,0,,0,0,0,-9.81,boundary
35,17.75,-0.25,,1000,0,0,,0,0,0,,0,0,0,-9.81,boundary
36,18.25,-0.25,,1000,0,0,,0,0,0,,0,0,0,-9.81,boundary
37,18.75,-0.25,,1000,0,0,,0,0,0,,0,0,0,-9.81,boundary
38,19.25,-0.25,,1000,0,0,,0,0,0,,0,0,0,-9.81,boundary
39,19.75,-0.25,,1000,0,0,,0,0,0,,0,0,0,-9.81,boundary
40,20.25,-0.25,,1000,0,0,,0,0,0,,0,0,0,-9.81,boundary
41,20.75,-0.25,,1000,0,0,,0,0,0,,0,0,0,-9.81,boundary
42,21.25,-0.25,,1000,0,0,,0,0,0,,0,0,0,-9.81,boundary
43,21.75,-0.25,,1000,0,0,,0,0,0,,0,0,0,-9.81,boundary
44,22.25,-0.25,,1000,0,0,,0,0,0,,0,0,0,-9.81,boundary
45,22.75,-0.25,,1000,0,0,,0,0,0,,0,0,0,-9.81,boundary
46,23.25,-0.25,,1000,0,0,,0,0,0,,0,0,0,-9.81,boundary
47,23.75,-0.25,,1000,0,0,,0,0,0,,0,0,0,-9.81,boundary
48,24.25,-0.25,,1000,0,0,,0,0,0,,0,0,0,-9.81,boundary
49,24.75,-0.25,,1000,0,0,,0,0,0,,0,0,0,-9.81,boundary
50,25.25,-0.25,,1000,0,0,,0,0,0,,0,0,0,-9.81,boundary
51,25.75,-0.25,,1000,0,0,,0,0,0,,0,0,0,-9.81,boundary
52,26.25,-0.25,,1000,0,0,,0,0,0,,0,0,0,-9.81,boundary
53,26.75,-0.25,,1000,0,0,,0,0,0,,0,0,0,-9.81,boundary
54,27.25,-0.25,,1000,0,0,,0,0,0,,0,0,0,-9.81,boundary
55,27.75,-0.25,,1000,0,0,,0,0,0,,0,0,0,-9.81,boundary
56,28.25,-0.25,,1000,0,0,,0,0,0,,0,0,0,-9.81,boundary
57,28.75,-0.25,,1000,0,0,,0,0,0,,0,0,0,-9.81,boundary
58,29.25,-0.25,,1000,0,0,,0,0,0,,0,0,0,-9.81,boundary
59,29.75,-0.25,,1000,0,0,,0,0,0,,0,0,0,-9.81,boundary
60,30.25,-0.25,,1000,0,0,,0,0,0,,0,0,0,-9.81,boundary
61,30.75,-0.25,,1000,0,0,,0,0,0,,0,0,0,-9.81,boundary
62,31.25,-0.25,,1000,0,0,,0,0,0,,0,0,0,-9.81,boundary
63,31.75,-0.25,,1000,0,0,,0,0,0,,0,0,0,-9.81,boundary
64,32.25,-0.25,,1000,0,0,,0,0,0,,0,0,0,-9.81,boundary
65,32.75,-0.25,,1000,0,0,,0,0,0,,0,0,0,-9.81,boundary
66,33.25,-0.25,,1000,0,0,,0,0,0,,0,0,0,-9.81,boundary
67,33.75,-0.25,,1000,0,0,,0,0,0,,0,0,0,-9.81,boundary
68,34.25,-0.25,,1000,0,0,,0,0,0,,0,0,0,-9.81,boundary
69,34.75,-0.25,,1000,0,0,,0,0,0,,0,0,0,-9.81,boundary
70,35.25,-0.25,,1000,0,0,,0,0,0,,0,0,0,-9.81,boundary
71,35.75,-0.25,,1000,0,0,,0,0,0,,0,0,0,-9.81,boundary
72,36.25,-0.25,,1000,0,0,,0,0,0,,0,0,0,-9.81,boundary
73,36.75,-0.25,,1000,0,0,,0,0,0,,0,0,0,-9.81,boundary
74,37.25,-0.25,,1000,0,0,,0,0,0,,0,0,0,-9.81,boundary
75,37.75,-0.25,,1000,0,0,,0,0,0,,0,0,0,-9.81,boundary
76,38.25,-0.25,,1000,0,0,,0,0,0,,0,0,0,-9.81,boundary
77,38.75,-0.25,,1000,0,0,,0,0,0,,0,0,0,-9.81,boundary
78,39.25,-0.25,,1000,0,0,,0,0,0,,0,0,0,-9.81,boundary
79,39.75,-0.25,,1000,0,0,,0,0,0,,0,0,0,-9.81,boundary
80,40.25,-0.25,,1000,0,0,,0,0,0,,0,0,0,-9.81,boundary
81,40.75,-0.25,,1000,0,0,,0,0,0,,0,0,0,-9.81,boundary
82,41.25,-0.25,,1000,0,0,,0,0,0,,0,0,0,-9.81,boundary
83,41.75,-0.25,,1000,0,0,,0,0,0,,0,0,0,-9.81,boundary
84,42.25,-0.25,,1000,0,0,,0,0,0,,0,0,0,-9.81,boundary
85,42.75,-0.25,,1000,0,0,,0,0,0,,0,0,0,-9.81,boundary
86,43.25,-0.25,,1000,0,0,,0,0,0,,0,0,0,-9.81,boundary
87,43.75,-0.25,,1000,0,0,,0,0,0,,0,0,0,-9.81,boundary
88,44.25,-0.25,,1000,0,0,,0,0,0,,0,0,0,-9.81,boundary
89,44.75,-0.25,,1000,0,0,,0,0,0,,0,0,0,-9.81,boundary
90,45.25,-0.25,,1000,0,0,,0,0,0,,0,0,0,-9.81,boundary
91,45.75,-0.25,,1000,0,0,,0,0,0,,0,0,0,-9.81,boundary
92,46.25,-0.25,,1000,0,0,,0,0,0,,0,0,0,-9.81,boundary
93,46.75,-0.25,,1000,0,0,,0,0,0,,0,0,0,-9.81,boundary
94,47.25,-0.25,,1000,0,0,,0,0,0,,0,0,0,-9.81,boundary
95,47.75,-0.25,,1000,0,0,,0,0,0,,0,0,0,-9.81,boundary
96,48.25,-0.25,,1000,0,0,,0,0,0,,0,0,0,-9.81,boundary
97,48.75,-0.25,,1000,0,0,,0,0,0,,0,0,0,-9.81,boundary
98,49.25,-0.25,,1000,0,0,,0,0,0,,0,0,0,-9.81,boundary
99,0.25,-0.75,,1002.6,0,61746.6,,0,0,0,,0,0,246.345,-9.81,boundary
100,0.75,-0.75,,1002.68,0,63606.4,,0,0,0,,0,0,84.5818,-9.81,boundary
101,1.25,-0.75,,1002.73,0,64691.3,,0,0,0,,0,0,51.6124,-9.81,boundary
102,1.75,-0.75,,1002.66,0,63019.1,,0,0,0,,0,0,35.9156,-9.81,boundary
103,2.25,-0.75,,1002.48,0,58805.7,,0,0,0,,0,0,26.0712,-9.81,boundary
104,2.75,-0.75,,1002.29,0,54169.1,,0,0,0,,0,0,19.6529,-9.81,boundary
105,3.25,-0.75,,1002.11,0,50062.8,,0,0,0,,0,0,15.3715,-9.81,boundary
106,3.75,-0.75,,1001.94,0,46010,,0,0,0,,0,0,12.2455,-9.81,boundary
107,4.25,-0.75,,1001.74,0,41278.1,,0,0,0,,0,0,9.69559,-9.81,boundary
108,4.75,-0.75,,1001.51,0,35806.3,,0,0,0,,0,0,7.52676,-9.81,boundary
109,5.25,-0.75,,1001.28,0,30198.2,,0,0,0,,0,0,5.7447,-9.81,boundary
110,5.75,-0.75,,1001.06,0,25138.8,,0,0,0,,0,0,4.36732,-9.81,boundary
111,6.25,-0.75,,1000.89,0,20946.3,,0,0,0,,0,0,3.34844,-9.81,boundary
112,6.75,-0.75,,1000.74,0,17578.1,,0,0,0,,0,0,2.60222,-9.81,boundary
113,7.25,-0.75,,1000.63,0,14847.3,,0,0,0,,0,0,2.04661,-9.81,boundary
114,7.75,-0.75,,1000.54,0,12631.2,,0,0,0,,0,0,1.62896,-9.81,boundary
115,8.25,-0.75,,1000.47,0,11021,,0,0,0,,0,0,1.33526,-9.81,boundary
116,8.75,-0.75,,1000.43,0,10023.7,,0,0,0,,0,0,1.14508,-9.81,boundary
117,9.25,-0.75,,1000.38,0,9069.21,,0,0,0,,0,0,0.980078,-9.81,boundary
118,9.75,-0.75,,1000.31,0,7389.8,,0,0,0,,0,0,0.75769,-9.81,boundary
119,10.25,-0.75,,1000.21,0,5037.79,,0,0,0,,0,0,0.491387,-9.81,boundary
120,10.75,-0.75,,1000.13,0,2955.37,,0,0,0,,0,0,0.274884,-9.81,boundary
121,11.25,-0.75,,1000.07,0,1619.27,,0,0,0,,0,0,0.143925,-9.81,boundary
122,11.75,-0.75,,1000.05,0,1207.81,,0,0,0,,0,0,0.102787,-9.81,boundary
123,12.25,-0.75,,1000.07,0,1720.83,,0,0,0,,0,0,0.140466,-9.81,boundary
124,12.75,-0.75,,1000.12,0,2776.19,,0,0,0,,0,0,0.217715,-9.81,boundary
125,13.25,-0.75,,1000.11,0,2610.2,,0,0,0,,0,0,0.196974,-9.81,boundary
126,13.75,-0.75,,1000.38,0,8878.13,,0,0,0,,0,0,0.645439,-9.81,boundary
127,14.25,-0.75,,1000.36,0,8464.98,,0,0,0,,0,0,0.59382,-9.81,boundary
128,14.75,-0.75,,1000.34,0,7982.76,,0,0,0,,0,0,0.541021,-9.81,boundary
129,15.25,-0.75,,1000,0,0,,0,0,0,,0,0,0,-9.81,boundary
130,15.75,-0.75,,1000,0,0,,0,0,0,,0,0,0,-9.81,boundary
131,16.25,-0.75,,1000,0,0,,0,0,0,,0,0,0,-9.81,boundary
132,16.75,-0.75,,1000,0,0,,0,0,0,,0,0,0,-9.81,boundary
133,17.25,-0.75,,1000,0,0,,0,0,0,,0,0,0,-9.81,boundary
134,17.75,-0.75,,1000,0,0,,0,0,0,,0,0,0,-9.81,boundary
135,18.25,-0.75,,1000,0,0,,0,0,0,,0,0,0,-9.81,boundary
136,18.75,-0.75,,1000,0,0,,0,0,0,,0,0,0,-9.81,boundary
137,19.25,-0.75,,1000,0,0,,0,0,0,,0,0,0,-9.81,boundary
138,19.75,-0.75,,1000,0,0,,0,0,0,,0,0,0,-9.81,boundary
139,20.25,-0.75,,1000,0,0,,0,0,0,,0,0,0,-9.81,boundary
140,20.75,-0.75,,1000,0,0,,0,0,0,,0,0,0,-9.81,boundary
141,21.25,-0.75,,1000,0,0,,0,0,0,,0,0,0,-9.81,boundary
142,21.75,-0.75,,1000,0,0,,0,0,0,,0,0,0,-9.81,boundary
143,22.25,-0.75,,1000,0,0,,0,0,0,,0,0,0,-9.81,boundary
144,22.75,-0.75,,1000,0,0,,0,0,0,,0,0,0,-9.81,boundary
145,23.25,-0.75,,1000,0,0,,0,0,0,,0,0,0,-9.81,boundary
146,23.75,-0.75,,1000,0,0,,0,0,0,,0,0,0,-9.81,boundary
147,24.25,-0.75,,1000,0,0,,0,0,0,,0,0,0,-9.81,boundary
148,24.75,-0.75,,1000,0,0,,0,0,0,,0,0,0,-9.81,boundary
149,25.25,-0.75,,1000,0,0,,0,0,0,,0,0,0,-9.81,boundary
150,25.75,-0.75,,1000,0,0,,0,0,0,,0,0,0,-9.81,boundary
151,26.25,-0.75,,1000,0,0,,0,0,0,,0,0,0,-9.81,boundary
152,26.75,-0.75,,1000,0,0,,0,0,0,,0,0,0,-9.81,boundary
153,27.25,-0.75,,1000,0,0,,0,0,0,,0,0,0,-9.81,boundary
154,27.75,-0.75,,1000,0,0,,0,0,0,,0,0,0,-9.81,boundary
155,28.25,-0.75,,1000,0,0,,0,0,0,,0,0,0,-9.81,boundary
156,28.75,-0.75,,1000,0,0,,0,0,0,,0,0,0,-9.81,boundary
157,29.25,-0.75,,1000,0,0,,0,0,0,,0,0,0,-9.81,boundary
158,29.75,-0.75,,1000,0,0,,0,0,0,,0,0,0,-9.81,boundary
159,30.25,-0.75,,1000,0,0,,0,0,0,,0,0,0,-9.81,boundary
160,30.75,-0.75,,1000,0,0,,0,0,0,,0,0,0,-9.81,boundary
161,31.25,-0.75,,1000,0,0,,0,0,0,,0,0,0,-9.81,boundary
162,31.75,-0.75,,1000,0,0,,0,0,0,,0,0,0,-9.81,boundary
163,32.25,-0.75,,1000,0,0,,0,0,0,,0,0,0,-9.81,boundary
164,32.75,-0.75,,1000,0,0,,0,0,0,,0,0,0,-9.81,boundary
165,33.25,-0.75,,1000,0,0,,0,0,0,,0,0,0,-9.81,boundary
166,33.75,-0.75,,1000,0,0,,0,0,0,,0,0,0,-9.81,boundary
167,34.25,-0.75,,1000,0,0,,0,0,0,,0,0,0,-9.81,boundary
168,34.75,-0.75,,1000,0,0,,0,0,0,,0,0,0,-9.81,boundary
169,35.25,-0.75,,1000,0,0,,0,0,0,,0,0,0,-9.81,boundary
170,35.75,-0.75,,1000,0,0,,0,0,0,,0,0,0,-9.81,boundary
171,36.25,-0.75,,1000,0,0,,0,0,0,,0,0,0,-9.81,boundary
172,36.75,-0.75,,1000,0,0,,0,0,0,,0,0,0,-9.81,boundary
173,37.25,-0.75,,1000,0,0,,0,0,0,,0,0,0,-9.81,boundary
174,37.75,-0.75,,1000,0,0,,0,0,0,,0,0,0,-9.81,boundary
175,38.25,-0.75,,1000,0,0,,0,0,0,,0,0,0,-9.81,boundary
176,38.75,-0.75,,1000,0,0,,0,0,0,,0,0,0,-9.81,boundary
177,39.25,-0.75,,1000,0,0,,0,0,0,,0,0,0,-9.81,boundary
178,39.75,-0.75,,1000,0,0,,0,0,0,,0,0,0,-9.81,boundary
179,40.25,-0.75,,1000,0,0,,0,0,0,,0,0,0,-9.81,boundary
180,40.75,-0.75,,1000,0,0,,0,0,0,,0,0,0,-9.81,boundary
181,41.25,-0.75,,1000,0,0,,0,0,0,,0,0,0,-9.81,boundary
182,41.75,-0.75,,1000,0,0,,0,0,0,,0,0,0,-9.81,boundary
183,42.25,-0.75,,1000,0,0,,0,0,0,,0,0,0,-9.81,boundary
184,42.75,-0.75,,1000,0,0,,0,0,0,,0,0,0,-9.81,boundary
185,43.25,-0.75,,1000,0,0,,0,0,0,,0,0,0,-9.81,boundary
186,43.75,-0.75,,1000,0,0,,0,0,0,,0,0,0,-9.81,boundary
187,44.25,-0.75,,1000,0,0,,0,0,0,,0,0,0,-9.81,boundary
188,44.75,-0.75,,1000,0,0,,0,0,0,,0,0,0,-9.81,boundary
189,45.25,-0.75,,1000,0,0,,0,0,0,,0,0,0,-9.81,boundary
190,45.75,-0.75,,1000,0,0,,0,0,0,,0,0,0,-9.81,boundary
191,46.25,-0.75,,1000,0,0,,0,0,0,,0,0,0,-9.81,boundary
192,46.75,-0.75,,1000,0,0,,0,0,0,,0,0,0,-9.81,boundary
193,47.25,-0.75,,1000,0,0,,0,0,0,,0,0,0,-9.81,boundary
194,47.75,-0.75,,1000,0,0,,0,0,0,,0,0,0,-9.81,boundary
195,48.25,-0.75,,1000,0,0,,0,0,0,,0,0,0,-9.81,boundary
196,48.75,-0.75,,1000,0,0,,0,0,0,,0,0,0,-9.81,boundary
197,49.25,-0.75,,1000,0,0,,0,0,0,,0,0,0,-9.81,boundary
198,0.25,-1.25,,1002.7,0,64139.4,,0,0,0,,0,0,255.866,-9.81,boundary
199,0.75,-1.25,,1002.73,0,64746.6,,0,0,0,,0,0,86.094,-9.81,boundary
200,1.25,-1.25,,1002.7,0,64147.2,,0,0,0,,0,0,51.1794,-9.81,boundary
201,1.75,-1.25,,1002.6,0,61596.4,,0,0,0,,0,0,35.1068,-9.81,boundary
202,2.25,-1.25,,1002.43,0,57589.9,,0,0,0,,0,0,25.5335,-9.81,boundary
203,2.75,-1.25,,1002.27,0,53815.5,,0,0,0,,0,0,19.5249,-9.81,boundary
204,3.25,-1.25,,1002.16,0,51135.8,,0,0,0,,0,0,15.7002,-9.81,boundary
205,3.75,-1.25,,1002.08,0,49259.8,,0,0,0,,0,0,13.1087,-9.81,boundary
206,4.25,-1.25,,1002,0,47465.8,,0,0,0,,0,0,11.1461,-9.81,boundary
207,4.75,-1.25,,1001.92,0,45384.4,,0,0,0,,0,0,9.53634,-9.81,boundary
208,5.25,-1.25,,1001.82,0,43084.5,,0,0,0,,0,0,8.19166,-9.81,boundary
209,5.75,-1.25,,1001.72,0,40652.4,,0,0,0,,0,0,7.05787,-9.81,boundary
210,6.25,-1.25,,1001.61,0,38038.7,,0,0,0,,0,0,6.07643,-9.81,boundary
211,6.75,-1.25,,1001.49,0,35323.1,,0,0,0,,0,0,5.22524,-9.81,boundary
212,7.25,-1.25,,1001.39,0,32813.5,,0,0,0,,0,0,4.51972,-9.81,boundary
213,7.75,-1.25,,1001.3,0,30780.7,,0,0,0,,0,0,3.96654,-9.81,boundary
214,8.25,-1.25,,1001.24,0,29231.6,,0,0,0,,0,0,3.53885,-9.81,boundary
215,8.75,-1.25,,1001.17,0,27738.6,,0,0,0,,0,0,3.16641,-9.81,boundary
216,9.25,-1.25,,1001.08,0,25519.7,,0,0,0,,0,0,2.75591,-9.81,boundary
217,9.75,-1.25,,1000.94,0,22241.8,,0,0,0,,0,0,2.27907,-9.81,boundary
218,10.25,-1.25,,1000.78,0,18320.2,,0,0,0,,0,0,1.78595,-9.81,boundary
219,10.75,-1.25,,1000.6,0,14084.7,,0,0,0,,0,0,1.30942,-9.81,boundary
220,11.25,-1.25,,1000.41,0,9690.91,,0,0,0,,0,0,0.86106,-9.81,boundary
221,11.75,-1.25,,1000.24,0,5577.97,,0,0,0,,0,0,0.474608,-9.81,boundary
222,12.25,-1.25,,1000.16,0,3869.92,,0,0,0,,0,0,0.31586,-9.81,boundary
223,12.75,-1.25,,1000.16,0,3738.5,,0,0,0,,0,0,0.293169,-9.81,boundary
224,13.25,-1.25,,1000.02,0,528.043,,0,0,0,,0,0,0.0398514,-9.81,boundary
225,13.75,-1.25,,1000.42,0,9863.31,,0,0,0,,0,0,0.717031,-9.81,boundary
226,14.25,-1.25,,1000.39,0,9270.95,,0,0,0,,0,0,0.650337,-9.81,boundary
227,14.75,-1.25,,1000.36,0,8517.49,,0,0,0,,0,0,0.577248,-9.81,boundary
228,15.25,-1.25,,1000,0,0,,0,0,0,,0,0,0,-9.81,boundary
229,15.75,-1.25,,1000,0,0,,0,0,0,,0,0,0,-9.81,boundary
230,16.25,-1.25,,1000,0,0,,0,0,0,,0,0,0,-9.81,boundary
231,16.75,-1.25,,1000,0,0,,0,0,0,,0,0,0,-9.81,boundary
232,17.25,-1.25,,1000,0,0,,0,0,0,,0,0,0,-9.81,boundary
233,17.75,-1.25,,1000,0,0,,0,0,0,,0,0,0,-9.81,boundary
234,18.25,-1.25,,1000,0,0,,0,0,0,,0,0,0,-9.81,boundary
235,18.75,-1.25,,1000,0,0,,0,0,0,,0,0,0,-9.81,boundary
236,19.25,-1.25,,1000,0,0,,0,0,0,,0,0,0,-9.81,boundary
237,19.75,-1.25,,1000,0,0,,0,0,0,,0,0,0,-9.81,boundary
238,20.25,-1.25,,1000,0,0,,0,0,0,,0,0,0,-9.81,boundary
239,20.75,-1.25,,1000,0,0,,0,0,0,,0,0,0,-9.81,boundary
240,21.25,-1.25,,1000,0,0,,0,0,0,,0,0,0,-9.81,boundary
241,21.75,-1.25,,1000,0,0,,0,0,0,,0,0,0,-9.81,boundary
242,22.25,-1.25,,1000,0,0,,0,0,0,,0,0,0,-9.81,boundary
243,22.75,-1.25,,1000,0,0,,0,0,0,,0,0,0,-9.81,boundary
244,23.25,-1.25,,1000,0,0,,0,0,0,,0,0,0,-9.81,boundary
245,23.75,-1.25,,1000,0,0,,0,0,0,,0,0,0,-9.81,boundary
246,24.25,-1.25,,1000,0,0,,0,0,0,,0,0,0,-9.81,boundary
247,24.75,-1.25,,1000,0,0,,0,0,0,,0,0,0,-9.81,boundary
248,25.25,-1.25,,1000,0,0,,0,0,0,,0,0,0,-9.81,boundary
249,25.75,-1.25,,1000,0,0,,0,0,0,,0,0,0,-9.81,boundary
250,26.25,-1.25,,1000,0,0,,0,0,0,,0,0,0,-9.81,boundary
251,26.75,-1.25,,1000,0,0,,0,0,0,,0,0,0,-9.81,boundary
252,27.25,-1.25,,1000,0,0,,0,0,0,,0,0,0,-9.81,boundary
253,27.75,-1.25,,1000,0,0,,0,0,0,,0,0,0,-9.81,boundary
254,28.25,-1.25,,1000,0,0,,0,0,0,,0,0,0,-9.81,boundary
255,28.75,-1.25,,1000,0,0,,0,0,0,,0,0,0,-9.81,boundary
256,29.25,-1.25,,1000,0,0,,0,0,0,,0,0,0,-9.81,boundary
257,29.75,-1.25,,1000,0,0,,0,0,0,,0,0,0,-9.81,boundary
258,30.25,-1.25,,1000,0,0,,0,0,0,,0,0,0,-9.81,boundary
259,30.75,-1.25,,1000,0,0,,0,0,0,,0,0,0,-9.81,boundary
260,31.25,-1.25,,1000,0,0,,0,0,0,,0,0,0,-9.81,boundary
261,31.75,-1.25,,1000,0,0,,0,0,0,,0,0,0,-9.81,boundary
262,32.25,-1.25,,1000,0,0,,0,0,0,,0,0,0,-9.81,boundary
263,32.75,-1.25,,1000,0,0,,0,0,0,,0,0,0,-9.81,boundary
264,33.25,-1.25,,1000,0,0,,0,0,0,,0,0,0,-9.81,boundary
265,33.75,-1.25,,1000,0,0,,0,0,0,,0,0,0,-9.81,boundary
266,34.25,-1.25,,1000,0,0,,0,0,0,,0,0,0,-9.81,boundary
267,34.75,-1.25,,1000,0,0,,0,0,0,,0,0,0,-9.81,boundary
268,35.25,-1.25,,1000,0,0,,0,0,0,,0,0,0,-9.81,boundary
269,35.75,-1.25,,1000,0,0,,0,0,0,,0,0,0,-9.81,boundary
270,36.25,-1.25,,1000,0,0,,0,0,0,,0,0,0,-9.81,boundary
271,36.75,-1.25,,1000,0,0,,0,0,0,,0,0,0,-9.81,boundary
272,37.25,-1.25,,1000,0,0,,0,0,0,,0,0,0,-9.81,boundary
273,37.75,-1.25,,1000,0,0,,0,0,0,,0,0,0,-9.81,boundary
274,38.25,-1.25,,1000,0,0,,0,0,0,,0,0,0,-9.81,boundary
275,38.75,-1.25,,1000,0,0,,0,0,0,,0,0,0,-9.81,boundary
276,39.25,-1.25,,1000,0,0,,0,0,0,,0,0,0,-9.81,boundary
277,39.75,-1.25,,1000,0,0,,0,0,0,,0,0,0,-9.81,boundary
278,40.25,-1.25,,1000,0,0,,0,0,0,,0,0,0,-9.81,boundary
279,40.75,-1.25,,1000,0,0,,0,0,0,,0,0,0,-9.81,boundary
280,41.25,-1.25,,1000,0,0,,0,0,0,,0,0,0,-9.81,boundary
281,41.75,-1.25,,1000,0,0,,0,0,0,,0,0,0,-9.81,boundary
282,42.25,-1.25,,1000,0,0,,0,0,0,,0,0,0,-9.81,boundary
283,42.75,-1.25,,1000,0,0,,0,0,0,,0,0,0,-9.81,boundary
284,43.25,-1.25,,1000,0,0,,0,0,0,,0,0,0,-9.81,boundary
285,43.75,-1.25,,1000,0,0,,0,0,0,,0,0,0,-9.81,boundary
286,44.25,-1.25,,1000,0,0,,0,0,0,,0,0,0,-9.81,boundary
287,44.75,-1.25,,1000,0,0,,0,0,0,,0,0,0,-9.81,boundary
288,45.25,-1.25,,1000,0,0,,0,0,0,,0,0,0,-9.81,boundary
289,45.75,-1.25,,1000,0,0,,0,0,0,,0,0,0,-9.81,boundary
290,46.25,-1.25,,1000,0,0,,0,0,0,,0,0,0,-9.81,boundary
291,46.75,-1.25,,1000,0,0,,0,0,0,,0,0,0,-9.81,boundary
292,47.25,-1.25,,1000,0,0,,0,0,0,,0,0,0,-9.81,boundary
293,47.75,-1.25,,1000,0,0,,0,0,0,,0,0,0,-9.81,boundary
294,48.25,-1.25,,1000,0,0,,0,0,0,,0,0,0,-9.81,boundary
295,48.75,-1.25,,1000,0,0,,0,0,0,,0,0,0,-9.81,boundary
296,49.25,-1.25,,1000,0,0,,0,0,0,,0,0,0,-9.81,boundary
297,48.25,0.25,,1000,0,0,,0,0,0,,0,0,0,-9.81,boundary
298,48.25,0.75,,1000,0,0,,0,0,0,,0,0,0,-9.81,boundary
299,48.25,1.25,,1000,0,0,,0,0,0,,0,0,0,-9.81,boundary
300,48.25,1.75,,1000,0,0,,0,0,0,,0,0,0,-9.81,boundary
301,48.25,2.25,,1000,0,0,,0,0,0,,0,0,0,-9.81,boundary
302,48.25,2.75,,1000,0,0,,0,0,0,,0,0,0,-9.81,boundary
303,48.25,3.25,,1000,0,0,,0,0,0,,0,0,0,-9.81,boundary
304,48.25,3.75,,1000,0,0,,0,0,0,,0,0,0,-9.81,boundary
305,48.25,4.25,,1000,0,0,,0,0,0,,0,0,0,-9.81,boundary
306,48.25,4.75,,1000,0,0,,0,0,0,,0,0,0,-9.81,boundary
307,48.25,5.25,,1000,0,0,,0,0,0,,0,0,0,-9.81,boundary
308,48.25,5.75,,1000,0,0,,0,0,0,,0,0,0,-9.81,boundary
309,48.25,6.25,,1000,0,0,,0,0,0,,0,0,0,-9.81,boundary
310,48.25,6.75,,1000,0,0,,0,0,0,,0,0,0,-9.81,boundary
311,48.25,7.25,,1000,0,0,,0,0,0,,0,0,0,-9.81,boundary
312,48.25,7.75,,1000,0,0,,0,0,0,,0,0,0,-9.81,boundary
313,48.25,8.25,,1000,0,0,,0,0,0,,0,0,0,-9.81,boundary
314,48.25,8.75,,1000,0,0,,0,0,0,,0,0,0,-9.81,boundary
315,48.25,9.25,,1000,0,0,,0,0,0,,0,0,0,-9.81,boundary
316,48.25,9.75,,1000,0,0,,0,0,0,,0,0,0,-9.81,boundary
317,48.25,10.25,,1000,0,0,,0,0,0,,0,0,0,-9.81,boundary
318,48.25,10.75,,1000,0,0,,0,0,0,,0,0,0,-9.81,boundary
319,48.25,11.25,,1000,0,0,,0,0,0,,0,0,0,-9.81,boundary
320,48.25,11.75,,1000,0,0,,0,0,0,,0,0,0,-9.81,boundary
321,48.25,12.25,,1000,0,0,,0,0,0,,0,0,0,-9.81,boundary
322,48.25,12.75,,1000,0,0,,0,0,0,,0,0,0,-9.81,boundary
323,48.25,13.25,,1000,0,0,,0,0,0,,0,0,0,-9.81,boundary
324,48.25,13.75,,1000,0,0,,0,0,0,,0,0,0,-9.81,boundary
325,48.25,14.25,,1000,0,0,,0,0,0,,0,0,0,-9.81,boundary
326,48.25,14.75,,1000,0,0,,0,0,0,,0,0,0,-9.81,boundary
327,48.25,15.25,,1000,0,0,,0,0,0,,0,0,0,-9.81,boundary
328,48.25,15.75,,1000,0,0,,0,0,0,,0,0,0,-9.81,boundary
329,48.25,16.25,,1000,0,0,,0,0,0,,0,0,0,-9.81,boundary
330,48.25,16.75,,1000,0,0,,0,0,0,,0,0,0,-9.81,boundary
331,48.25,17.25,,1000,0,0,,0,0,0,,0,0,0,-9.81,boundary
332,48.25,17.75,,1000,0,0,,0,0,0,,0,0,0,-9.81,boundary
333,48.25,18.25,,1000,0,0,,0,0,0,,0,0,0,-9.81,boundary
334,48.25,18.75,,1000,0,0,,0,0,0,,0,0,0,-9.81,boundary
335,48.25,19.25,,1000,0,0,,0,0,0,,0,0,0,-9.81,boundary
336,48.25,19.75,,1000,0,0,,0,0,0,,0,0,0,-9.81,boundary
337,48.25,20.25,,1000,0,0,,0,0,0,,0,0,0,-9.81,boundary
338,48.25,20.75,,1000,0,0,,0,0,0,,0,0,0,-9.81,boundary
339,48.25,21.25,,1000,0,0,,0,0,0,,0,0,0,-9.81,boundary
340,48.25,21.75,,1000,0,0,,0,0,0,,0,0,0,-9.81,boundary
341,48.25,22.25,,1000,0,0,,0,0,0,,0,0,0,-9.81,boundary
342,48.25,22.75,,1000,0,0,,0,0,0,,0,0,0,-9.81,boundary
343,48.25,23.25,,1000,0,0,,0,0,0,,0,0,0,-9.81,boundary
344,48.25,23.75,,1000,0,0,,0,0,0,,0,0,0,-9.81,boundary
345,48.25,24.25,,1000,0,0,,0,0,0,,0,0,0,-9.81,boundary
346,48.25,24.75,,1000,0,0,,0,0,0,,0,0,0,-9.81,boundary
347,48.25,25.25,,1000,0,0,,0,0,0,,0,0,0,-9.81,boundary
348,48.25,25.75,,1000,0,0,,0,0,0,,0,0,0,-9.81,boundary
349,48.25,26.25,,1000,0,0,,0,0,0,,0,0,0,-9.81,boundary
350,48.25,26.75,,1000,0,0,,0,0,0,,0,0,0,-9.81,boundary
351,48.75,0.25,,1000,0,0,,0,0,0,,0,0,0,-9.81,boundary
352,48.75,0.75,,1000,0,0,,0,0,0,,0,0,0,-9.81,boundary
353,48.75,1.25,,1000,0,0,,0,0,0,,0,0,0,-9.81,boundary
354,48.75,1.75,,1000,0,0,,0,0,0,,0,0,0,-9.81,boundary
355,48.75,2.25,,1000,0,0,,0,0,0,,0,0,0,-9.81,boundary
356,48.75,2.75,,1000,0,0,,0,0,0,,0,0,0,-9.81,boundary
357,48.75,3.25,,1000,0,0,,0,0,0,,0,0,0,-9.81,boundary
358,48.75,3.75,,1000,0,0,,0,0,0,,0,0,0,-9.81,boundary
359,48.75,4.25,,1000,0,0,,0,0,0,,0,0,0,-9.81,boundary
360,48.75,4.75,,1000,0,0,,0,0,0,,0,0,0,-9.81,boundary
361,48.75,5.25,,1000,0,0,,0,0,0,,0,0,0,-9.81,boundary
362,48.75,5.75,,1000,0,0,,0,0,0,,0,0,0,-9.81,boundary
363,48.75,6.25,,1000,0,0,,0,0,0,,0,0,0,-9.81,boundary
364,48.75,6.75,,1000,0,0,,0,0,0,,0,0,0,-9.81,boundary
365,48.75,7.25,,1000,0,0,,0,0,0,,0,0,0,-9.81,boundary
366,48.75,7.75,,1000,0,0,,0,0,0,,0,0,0,-9.81,boundary
367,48.75,8.25,,1000,0,0,,0,0,0,,0,0,0,-9.81,boundary
368,48.75,8.75,,1000,0,0,,0,0,0,,0,0,0,-9.81,boundary
369,48.75,9.25,,1000,0,0,,0,0,0,,0,0,0,-9.81,boundary
370,48.75,9.75,,1000,0,0,,0,0,0,,0,0,0,-9.81,boundary
371,48.75,10.25,,1000,0,0,,0,0,0,,0,0,0,-9.81,boundary
372,48.75,10.75,,1000,0,0,,0,0,0,,0,0,0,-9.81,boundary
373,48.75,11.25,,1000,0,0,,0,0,0,,0,0,0,-9.81,boundary
374,48.75,11.75,,1000,0,0,,0,0,0,,0,0,0,-9.81,boundary
375,48.75,12.25,,1000,0,0,,0,0,0,,0,0,0,-9.81,boundary
376,48.75,12.75,,1000,0,0,,0,0,0,,0,0,0,-9.81,boundary
377,48.75,13.25,,1000,0,0,,0,0,0,,0,0,0,-9.81,boundary
378,48.75,13.75,,1000,0,0,,0,0,0,,0,0,0,-9.81,boundary
379,48.75,14.25,,1000,0,0,,0,0,0,,0,0,0,-9.81,boundary
380,48.75,14.75,,1000,0,0,,0,0,0,,0,0,0,-9.81,boundary
381,48.75,15.25,,1000,0,0,,0,0,0,,0,0,0,-9.81,boundary
382,48.75,15.75,,1000,0,0,,0,0,0,,0,0,0,-9.81,boundary
383,48.75,16.25,,1000,0,0,,0,0,0,,0,0,0,-9.81,boundary
384,48.75,16.75,,1000,0,0,,0,0,0,,0,0,0,-9.81,boundary
385,48.75,17.25,,1000,0,0,,0,0,0,,0,0,0,-9.81,boundary
386,48.75,17.75,,1000,0,0,,0,0,0,,0,0,0,-9.81,boundary
387,48.75,18.25,,1000,0,0,,0,0,0,,0,0,0,-9.81,boundary
388,48.75,18.75,,1000,0,0,,0,0,0,,0,0,0,-9.81,boundary
389,48.75,19.25,,1000,0,0,,0,0,0,,0,0,0,-9.81,boundary
390,48.75,19.75,,1000,0,0,,0,0,0,,0,0,0,-9.81,boundary
391,48.75,20.25,,1000,0,0,,0,0,0,,0,0,0,-9.81,boundary
392,48.75,20.75,,1000,0,0,,0,0,0,,0,0,0,-9.81,boundary
393,48.75,21.25,,1000,0,0,,0,0,0,,0,0,0,-9.81,boundary
394,48.75,21.75,,1000,0,0,,0,0,0,,0,0,0,-9.81,boundary
395,48.75,22.25,,1000,0,0,,0,0,0,,0,0,0,-9.81,boundary
396,48.75,22.75,,1000,0,0,,0,0,0,,0,0,0,-9.81,boundary
397,48.75,23.25,,1000,0,0,,0,0,0,,0,0,0,-9.81,boundary
398,48.75,23.75,,1000,0,0,,0,0,0,,0,0,0,-9.81,boundary
399,48.75,24.25,,1000,0,0,,0,0,0,,0,0,0,-9.81,boundary
400,48.75,24.75,,1000,0,0,,0,0,0,,0,0,0,-9.81,boundary
401,48.75,25.25,,1000,0,0,,0,0,0,,0,0,0,-9.81,boundary
402,48.75,25.75,,1000,0,0,,0,0,0,,0,0,0,-9.81,boundary
403,48.75,26.25,,1000,0,0,,0,0,0,,0,0,0,-9.81,boundary
404,48.75,26.75,,1000,0,0,,0,0,0,,0,0,0,-9.81,boundary
405,49.25,0.25,,1000,0,0,,0,0,0,,0,0,0,-9.81,boundary
406,49.25,0.75,,1000,0,0,,0,0,0,,0,0,0,-9.81,boundary
407,49.25,1.25,,1000,0,0,,0,0,0,,0,0,0,-9.81,boundary
408,49.25,1.75,,1000,0,0,,0,0,0,,0,0,0,-9.81,boundary
409,49.25,2.25,,1000,0,0,,0,0,0,,0,0,0,-9.81,boundary
410,49.25,2.75,,1000,0,0,,0,0,0,,0,0,0,-9.81,boundary
411,49.25,3.25,,1000,0,0,,0,0,0,,0,0,0,-9.81,boundary
412,49.25,3.75,,1000,0,0,,0,0,0,,0,0,0,-9.81,boundary
413,49.25,4.25,,1000,0,0,,0,0,0,,0,0,0,-9.81,boundary
414,49.25,4.75,,1000,0,0,,0,0,0,,0,0,0,-9.81,boundary
415,49.25,5.25,,1000,0,0,,0,0,0,,0,0,0,-9.81,boundary
416,49.25,5.75,,1000,0,0,,0,0,0,,0,0,0,-9.81,boundary
417,49.25,6.25,,1000,0,0,,0,0,0,,0,0,0,-9.81,boundary
418,49.25,6.75,,1000,0,0,,0,0,0,,0,0,0,-9.81,boundary
419,49.25,7.25,,1000,0,0,,0,0,0,,0,0,0,-9.81,boundary
420,49.25,7.75,,1000,0,0,,0,0,0,,0,0,0,-9.81,boundary
421,49.25,8.25,,1000,0,0,,0,0,0,,0,0,0,-9.81,boundary
422,49.25,8.75,,1000,0,0,,0,0,0,,0,0,0,-9.81,boundary
423,49.25,9.25,,1000,0,0,,0,0,0,,0,0,0,-9.81,boundary
424,49.25,9.75,,1000,0,0,,0,0,0,,0,0,0,-9.81,boundary
425,49.25,10.25,,1000,0,0,,0,0,0,,0,0,0,-9.81,boundary
426,49.25,10.75,,1000,0,0,,0,0,0,,0,0,0,-9.81,boundary
427,49.25,11.25,,1000,0,0,,0,0,0,,0,0,0,-9.81,boundary
428,49.25,11.75,,1000,0,0,,0,0,0,,0,0,0,-9.81,boundary
429,49.25,12.25,,1000,0,0,,0,0,0,,0,0,0,-9.81,boundary
430,49.25,12.75,,1000,0,0,,0,0,0,,0,0,0,-9.81,boundary
431,49.25,13.25,,1000,0,0,,0,0,0,,0,0,0,-9.81,boundary
432,49.25,13.75,,1000,0,0,,0,0,0,,0,0,0,-9.81,boundary
433,49.25,14.25,,1000,0,0,,0,0,0,,0,0,0,-9.81,boundary
434,49.25,14.75,,1000,0,0,,0,0,0,,0,0,0,-9.81,boundary
435,49.25,15.25,,1000,0,0,,0,0,0,,0,0,0,-9.81,boundary
436,49.25,15.75,,1000,0,0,,0,0,0,,0,0,0,-9.81,boundary
437,49.25,16.25,,1000,0,0,,0,0,0,,0,0,0,-9.81,boundary
438,49.25,16.75,,1000,0,0,,0,0,0,,0,0,0,-9.81,boundary
439,49.25,17.25,,1000,0,0,,0,0,0,,0,0,0,-9.81,boundary
440,49.25,17.75,,1000,0,0,,0,0,0,,0,0,0,-9.81,boundary
441,49.25,18.25,,1000,0,0,,0,0,0,,0,0,0,-9.81,boundary
442,49.25,18.75,,1000,0,0,,0,0,0,,0,0,0,-9.81,boundary
443,49.25,19.25,,1000,0,0,,0,0,0,,0,0,0,-9.81,boundary
444,49.25,19.75,,1000,0,0,,0,0,0,,0,0,0,-9.81,boundary
445,49.25,20.25,,1000,0,0,,0,0,0,,0,0,0,-9.81,boundary
446,49.25,20.75,,1000,0,0,,0,0,0,,0,0,0,-9.81,boundary
447,49.25,21.25,,1000,0,0,,0,0,0,,0,0,0,-9.81,boundary
448,49.25,21.75,,1000,0,0,,0,0,0,,0,0,0,-9.81,boundary
449,49.25,22.25,,1000,0,0,,0,0,0,,0,0,0,-9.81,boundary
450,49.25,22.75,,1000,0,0,,0,0,0,,0,0,0,-9.81,boundary
451,49.25,23.25,,1000,0,0,,0,0,0,,0,0,0,-9.81,boundary
452,49.25,23.75,,1000,0,0,,0,0,0,,0,0,0,-9.81,boundary
453,49.25,24.25,,1000,0,0,,0,0,0,,0,0,0,-9.81,boundary
454,49.25,24.75,,1000,0,0,,0,0,0,,0,0,0,-9.81,boundary
455,49.25,25.25,,1000,0,0,,0,0,0,,0,0,0,-9.81,boundary
456,49.25,25.75,,1000,0,0,,0,0,0,,0,0,0,-9.81,boundary
457,49.25,26.25,,1000,0,0,,0,0,0,,0,0,0,-9.81,boundary
458,49.25,26.75,,1000,0,0,,0,0,0,,0,0,0,-9.81,boundary
459,0.261594,0.937948,,1002.53,-74.9777,59918.5,,0.128984,-0.460263,0.477995,,-233.146,-10.9972,-4.67213,-20.8072,fluid
460,0.237649,0.71685,,1002.53,-58.5356,60085.2,,0.149503,-0.583665,0.602508,,-247.697,0.659305,-7.96382,-9.1507,fluid
461,0.280991,1.22143,,1002.54,-30.8586,60373.9,,0.0543183,-0.407189,0.410796,,-218.8,1.98605,-4.48495,-7.82395,fluid
462,0.291663,1.64379,,1002.57,222.065,61056.6,,0.0648711,-0.0481671,0.0807981,,-207.452,10.9499,1.35039,1.13985,fluid
463,0.277674,2.03403,,1002.5,467.499,59270.4,,0.0761371,-0.793692,0.797335,,-210.683,9.13434,2.238,-0.675659,fluid
464,0.265714,2.42619,,1002.27,248.787,53832.8,,0.0173598,-1.26015,1.26027,,-206.922,13.9734,-4.7841,4.1634,fluid
465,0.264222,2.84801,,1001.92,-122.578,45556.2,,0.0535614,-1.18535,1.18656,,-175.652,29.0857,-3.56647,19.2757,fluid
466,0.267905,3.26199,,1001.11,-185.367,26135.5,,0.534743,-1.01,1.14283,,-119.83,40.1589,-22.3823,30.3489,fluid
467,0.2614,3.67372,,997.643,268.706,0,,0.320604,-1.08068,1.12723,,-62.0676,32.6882,-62.0676,22.8782,fluid
468,0.257889,4.10545,,985.966,999.477,0,,-0.429495,-1.78517,1.83611,,-18.0824,15.8427,-18.0824,6.03272,fluid
469,0.266912,4.56738,,960.12,1313.27,0,,-0.719488,-2.85972,2.94884,,-0.858388,4.44159,-0.858388,-5.36841,fluid
470,0.274346,5.05262,,923.91,942.334,0,,-0.0218004,-3.52776,3.52783,,0.115619,1.33562,0.115619,-8.47438,fluid
471,0.274454,5.54733,,892.535,441.582,0,,0.0609747,-3.69978,3.70029,,0.0188986,0.473535,0.0188986,-9.33646,fluid
472,0.273698,6.04441,,873.142,149.369,0,,0.0613213,-3.7185,3.71901,,0.00275361,0.0847856,0.00275361,-9.72521,fluid
473,0.272924,6.54222,,863.479,12.0318,0,,0.0592633,-3.72516,3.72563,,0.000103946,0.00959314,0.000103946,-9.80041,fluid
474,0.27217,7.04056,,859.659,-59.6412,0,,0.0573004,-3.7297,3.73014,,-2.93572e-06,0.00182501,-2.93572e-06,-9.80817,fluid
475,0.271439,7.53937,,859.142,-100.451,0,,0.0554013,-3.73295,3.73336,,-1.97912e-06,0.00126946,-1.97912e-06,-9.80873,fluid
476,0.270729,8.03856,,860.503,-122.772,0,,0.0535595,-3.73517,3.73555,,-1.50574e-06,0.00101185,-1.50574e-06,-9.80899,fluid
477,0.270036,8.53807,,862.957,-134.095,0,,0.0517663,-3.73655,3.7369,,-1.10497e-06,0.000775069,-1.10497e-06,-9.80922,fluid
478,0.269356,9.03781,,866.07,-139.045,0,,0.0500102,-3.73728,3.73762,,-7.57867e-07,0.000549969,-7.57867e-07,-9.80945,fluid
479,0.268686,9.53773,,869.593,-140.269,0,,0.0482801,-3.73758,3.73789,,-4.38756e-07,0.000325597,-4.38756e-07,-9.80967,fluid
480,0.268022,10.0378,,873.384,-139.287,0,,0.0465663,-3.73756,3.73785,,-7.5903e-08,5.67738e-05,-7.5903e-08,-9.80994,fluid
481,0.267361,10.5379,,877.359,-136.956,0,,0.0448607,-3.73728,3.73755,,-1.04847e-18,7.83888e-16,-1.04847e-18,-9.81,fluid
482,0.266701,11.038,,881.469,-133.773,0,,0.0431579,-3.7369,3.73715,,0,0,0,-9.81,fluid
483,0.26604,11.5382,,885.683,-130.047,0,,0.0414543,-3.73648,3.73671,,0,0,0,-9.81,fluid
484,0.265379,12.0383,,889.98,-125.968,0,,0.0397487,-3.73607,3.73629,,0,0,0,-9.81,fluid
485,0.264717,12.5385,,894.347,-121.644,0,,0.0380407,-3.73571,3.7359,,0,0,0,-9.81,fluid
486,0.264054,13.0386,,898.773,-117.139,0,,0.0363303,-3.7354,3.73558,,0,0,0,-9.81,fluid
487,0.26339,13.5387,,903.251,-112.498,0,,0.0346171,-3.73515,3.73531,,0,0,0,-9.81,fluid
488,0.262724,14.0388,,907.774,-107.756,0,,0.0328997,-3.73494,3.73508,,0,0,0,-9.81,fluid
489,0.262056,14.5388,,912.339,-102.944,0,,0.0311754,-3.73473,3.73486,,0,0,0,-9.81,fluid
490,0.261384,15.0389,,916.944,-98.0946,0,,0.029438,-3.73449,3.7346,,0,0,0,-9.81,fluid
491,0.260703,15.5391,,921.589,-93.2384,0,,0.0276791,-3.73413,3.73423,,0,0,0,-9.81,fluid
492,0.260013,16.0393,,926.273,-88.3762,0,,0.0258963,-3.73359,3.73368,,0,0,0,-9.81,fluid
493,0.259318,16.5395,,930.997,-83.4808,0,,0.0240966,-3.73281,3.73289,,0,0,0,-9.81,fluid
494,0.258617,17.0399,,935.756,-78.5475,0,,0.0222841,-3.73184,3.73191,,0,0,0,-9.81,fluid
495,0.257911,17.5403,,940.541,-73.5931,0,,0.0204575,-3.73073,3.73078,,0,0,0,-9.81,fluid
496,0.257206,18.0408,,945.332,-68.5709,0,,0.0186325,-3.72953,3.72958,,0,0,0,-9.81,fluid
497,0.256514,18.5412,,950.098,-63.4252,0,,0.0168422,-3.72849,3.72852,,3.97844e-10,-2.93291e-07,3.97844e-10,-9.81,fluid
498,0.255845,19.0414,,954.792,-58.2834,0,,0.0151107,-3.72793,3.72796,,1.64603e-07,-0.000122146,1.64603e-07,-9.81012,fluid
499,0.255183,19.5414,,959.356,-53.4481,0,,0.013398,-3.72797,3.72799,,6.40608e-07,-0.000481536,6.40608e-07,-9.81048,fluid
500,0.25448,20.0412,,963.714,-49.0216,0,,0.0115797,-3.72851,3.72853,,-1.45997e-05,-0.000772171,-1.45997e-05,-9.81077,fluid
501,0.253882,20.5409,,967.778,-44.0147,0,,0.0100009,-3.72946,3.72947,,-0.000128174,-0.00228684,-0.000128174,-9.81229,fluid
502,0.253514,21.0406,,971.425,-38.4126,0,,0.00887447,-3.73146,3.73147,,-0.00057299,-0.00587004,-0.00057299,-9.81587,fluid
503,0.252449,21.5372,,974.497,-40.0555,0,,0.00616334,-3.7381,3.7381,,-0.000588776,0.000351408,-0.000588776,-9.80965,fluid
504,0.250772,22.0335,,976.923,-49.5857,0,,0.00227221,-3.74572,3.74572,,0.000341933,0.00640405,0.000341933,-9.8036,fluid
505,0.249496,22.5537,,978.624,-50.3804,0,,-0.000825539,-3.70093,3.70093,,0.00130531,-0.0104722,0.00130531,-9.82047,fluid
506,0.251958,23.0447,,979.468,-26.9258,0,,0.00482265,-3.71765,3.71765,,-0.000861101,0.0119981,-0.000861101,-9.798,fluid
507,0.932435,0.850122,,1002.63,53.543,62356.9,,0.0184822,-0.400499,0.400926,,-66.5629,-10.3047,0.137109,-20.1147,fluid
508,0.812793,0.706122,,1002.66,46.8999,63045.4,,0.0367588,-0.520286,0.521583,,-80.1451,0.0640791,-2.78419,-9.74592,fluid
509,0.836837,1.19784,,1002.59,35.6503,61347.5,,0.024689,-0.507956,0.508555,,-72.3586,2.33858,0.761015,-7.47142,fluid
510,0.893549,1.63088,,1002.61,247.846,62001.6,,0.131185,-0.284516,0.313303,,-67.2148,8.09466,1.99234,-1.71534,fluid
511,0.839073,2.0366,,1002.57,416.336,61023,,0.193447,-0.79008,0.813417,,-71.5726,6.58287,0.967478,-3.22713,fluid
512,0.82163,2.43458,,1002.42,242.056,57357.8,,0.0389666,-1.15742,1.15807,,-71.2909,11.5603,-1.64957,1.75029,fluid
513,0.822179,2.8532,,1002.27,-17.0287,53848.2,,-0.0677287,-1.10607,1.10815,,-63.9701,27.7174,1.376,17.9074,fluid
514,0.837786,3.26379,,1001.56,6.78283,36990.7,,0.401109,-0.9257,1.00887,,-47.4058,41.9872,-3.32191,32.1772,fluid
515,0.827584,3.67198,,997.52,384.501,0,,1.00809,-0.936542,1.37599,,-27.7359,36.281,-27.7359,26.471,fluid
516,0.837571,4.10215,,984.487,984.534,0,,-0.652462,-1.80124,1.91576,,-8.42042,19.0423,-8.42042,9.23232,fluid
517,0.84722,4.56481,,957.545,1146.75,0,,0.0319636,-2.8929,2.89308,,-1.48222,5.19578,-1.48222,-4.61422,fluid
518,0.846922,5.05117,,922.699,811.154,0,,0.233521,-3.55114,3.55881,,-0.20617,1.01906,-0.20617,-8.79094,fluid
519,0.844639,5.54633,,893.215,390.176,0,,0.247445,-3.70767,3.71592,,-0.0409676,0.332111,-0.0409676,-9.47789,fluid
520,0.842111,6.04345,,874.754,141.16,0,,0.240488,-3.72136,3.72912,,-0.00492904,0.0574115,-0.00492904,-9.75259,fluid
521,0.839531,6.54127,,865.295,16.1508,0,,0.233759,-3.72771,3.73503,,-0.000237563,0.0068517,-0.000237563,-9.80315,fluid
522,0.836942,7.03962,,861.459,-52.9514,0,,0.226987,-3.73219,3.73908,,-8.4723e-06,0.00163363,-8.4723e-06,-9.80837,fluid
523,0.834352,7.53844,,860.881,-93.2662,0,,0.22022,-3.7354,3.74189,,-6.38906e-06,0.00122733,-6.38906e-06,-9.80877,fluid
524,0.831764,8.03764,,862.178,-115.553,0,,0.213465,-3.73757,3.74366,,-5.09333e-06,0.000980322,-5.09333e-06,-9.80902,fluid
525,0.829179,8.53717,,864.574,-126.941,0,,0.206719,-3.73891,3.74462,,-3.86335e-06,0.000745894,-3.86335e-06,-9.80925,fluid
526,0.826593,9.03692,,867.635,-131.979,0,,0.199975,-3.73962,3.74496,,-2.69954e-06,0.000521825,-2.69954e-06,-9.80948,fluid
527,0.824002,9.53684,,871.109,-133.297,0,,0.19322,-3.7399,3.74489,,-1.43244e-06,0.00027656,-1.43244e-06,-9.80972,fluid
528,0.821404,10.0369,,874.852,-132.413,0,,0.186448,-3.73986,3.7445,,-1.97535e-07,3.80856e-05,-1.97535e-07,-9.80996,fluid
529,0.818798,10.537,,878.781,-130.185,0,,0.179652,-3.73957,3.74388,,-1.0859e-18,2.09199e-16,-1.0859e-18,-9.81,fluid
530,0.816182,11.0371,,882.846,-127.113,0,,0.172832,-3.73918,3.74317,,0,0,0,-9.81,fluid
531,0.813558,11.5373,,887.013,-123.511,0,,0.165988,-3.73876,3.74245,,0,0,0,-9.81,fluid
532,0.810925,12.0375,,891.264,-119.569,0,,0.159124,-3.73836,3.74175,,0,0,0,-9.81,fluid
533,0.808287,12.5376,,895.584,-115.391,0,,0.152243,-3.738,3.7411,,0,0,0,-9.81,fluid
534,0.805644,13.0377,,899.962,-111.043,0,,0.145348,-3.73769,3.74052,,0,0,0,-9.81,fluid
535,0.802998,13.5378,,904.39,-106.566,0,,0.138445,-3.73745,3.74001,,0,0,0,-9.81,fluid
536,0.800349,14.0379,,908.864,-101.996,0,,0.131533,-3.73724,3.73955,,0,0,0,-9.81,fluid
537,0.797696,14.538,,913.378,-97.3663,0,,0.124612,-3.73705,3.73913,,0,0,0,-9.81,fluid
538,0.795035,15.038,,917.932,-92.7138,0,,0.117668,-3.73682,3.73868,,0,0,0,-9.81,fluid
539,0.792362,15.5382,,922.523,-88.0689,0,,0.110689,-3.7365,3.73813,,0,0,0,-9.81,fluid
540,0.789677,16.0384,,927.152,-83.4256,0,,0.103679,-3.73597,3.73741,,0,0,0,-9.81,fluid
541,0.786977,16.5386,,931.819,-78.7605,0,,0.0966251,-3.73522,3.73647,,0,0,0,-9.81,fluid
542,0.784238,17.039,,936.52,-74.0956,0,,0.0894691,-3.73428,3.73536,,0,0,0,-9.81,fluid
543,0.781458,17.5394,,941.247,-69.4396,0,,0.0822032,-3.73316,3.73407,,0,0,0,-9.81,fluid
544,0.778696,18.0399,,945.981,-64.6693,0,,0.0749788,-3.73188,3.73264,,-6.98854e-06,-2.08048e-05,-6.98854e-06,-9.81002,fluid
545,0.775993,18.5403,,950.691,-59.7119,0,,0.0679138,-3.73079,3.73141,,-1.75709e-05,-5.24433e-05,-1.75709e-05,-9.81005,fluid
546,0.77331,19.0405,,955.33,-54.8027,0,,0.0608996,-3.73027,3.73077,,-6.89628e-05,-0.000248745,-6.89628e-05,-9.81025,fluid
547,0.770585,19.5405,,959.84,-50.3008,0,,0.0537543,-3.73033,3.73072,,-0.000180765,-0.000766073,-0.000180765,-9.81077,fluid
548,0.767777,20.0403,,964.146,-46.2662,0,,0.0464224,-3.73077,3.73106,,-0.000241326,-0.00106743,-0.000241326,-9.81107,fluid
549,0.765293,20.5401,,968.162,-41.788,0,,0.039785,-3.73166,3.73187,,-0.000756857,-0.0025762,-0.000756857,-9.81258,fluid
550,0.763524,21.0402,,971.77,-36.745,0,,0.0345651,-3.73277,3.73293,,-0.00263378,-0.00736837,-0.00263378,-9.81737,fluid
551,0.759762,21.5374,,974.81,-38.2985,0,,0.0246842,-3.73866,3.73875,,-0.00335685,-0.00271823,-0.00335685,-9.81272,fluid
552,0.754087,22.0334,,977.206,-47.2017,0,,0.0113808,-3.74623,3.74625,,0.000432494,0.00614406,0.000432494,-9.80386,fluid
553,0.750667,22.5508,,978.883,-47.8707,0,,0.00238261,-3.70759,3.70759,,-0.000379865,-0.00874819,-0.000379865,-9.81875,fluid
554,0.755898,23.043,,979.731,-26.0086,0,,0.0146637,-3.72264,3.72267,,-0.0015201,0.0090723,-0.0015201,-9.80093,fluid
555,1.4446,0.733619,,1002.64,78.9179,62763.1,,0.107445,-0.367663,0.383041,,-46.5661,-3.74486,-3.23401,-13.5549,fluid
556,1.44056,0.705634,,1002.66,51.7371,63091.8,,0.0298013,-0.45191,0.452891,,-48.1756,3.81201,-4.49486,-5.99799,fluid
557,1.42451,1.19585,,1002.53,64.4553,60110.3,,0.090348,-0.46893,0.477555,,-40.3677,4.49984,1.72266,-5.31016,fluid
558,1.39518,1.62292,,1002.57,238.239,60981.4,,0.221567,-0.39422,0.452218,,-39.8222,6.2677,3.77425,-3.5423,fluid
559,1.38285,2.03732,,1002.56,355.97,60823.1,,0.229709,-0.755243,0.789404,,-41.0599,3.60431,2.81135,-6.20569,fluid
560,1.37696,2.43997,,1002.52,210.047,59680.7,,0.0427616,-1.08142,1.08227,,-42.4581,7.82621,0.775553,-1.98379,fluid
561,1.38038,2.85981,,1002.65,14.602,62995.9,,0.104133,-1.06793,1.07299,,-41.2578,24.3451,4.25793,14.5351,fluid
562,1.38285,3.26743,,1002.25,113.932,53282.9,,0.481501,-0.841327,0.969368,,-34.1848,42.5181,4.26,32.7081,fluid
563,1.3832,3.6732,,998.176,542.625,0,,0.36393,-0.866597,0.939912,,-20.5096,39.785,-20.5096,29.975,fluid
564,1.39984,4.10091,,984.896,1059.45,0,,-0.191165,-1.76077,1.77112,,-7.5932,22.5141,-7.5932,12.7041,fluid
565,1.40542,4.56234,,958.526,1226.85,0,,0.257732,-2.90203,2.91345,,-1.7951,6.6796,-1.7951,-3.1304,fluid
566,1.40322,5.04872,,925.2,862.46,0,,0.38636,-3.56729,3.58816,,-0.270154,1.18536,-0.270154,-8.62464,fluid
567,1.39929,5.544,,897.022,424.71,0,,0.389257,-3.71511,3.73545,,-0.0446755,0.360757,-0.0446755,-9.44924,fluid
568,1.3951,6.04108,,878.994,168.643,0,,0.3787,-3.72753,3.74672,,-0.00352458,0.0634426,-0.00352458,-9.74656,fluid
569,1.39086,6.5389,,869.461,42.9288,0,,0.367624,-3.73392,3.75197,,-0.000161397,0.00715004,-0.000161397,-9.80285,fluid
570,1.38666,7.03727,,865.444,-26.4526,0,,0.356617,-3.73834,3.75531,,-1.41158e-05,0.00164106,-1.41158e-05,-9.80836,fluid
571,1.38248,7.53612,,864.693,-68.0934,0,,0.345715,-3.74148,3.75742,,-1.04698e-05,0.0012311,-1.04698e-05,-9.80877,fluid
572,1.37834,8.03535,,865.838,-91.6924,0,,0.334903,-3.74357,3.75853,,-8.13351e-06,0.000969709,-8.13351e-06,-9.80903,fluid
573,1.37422,8.5349,,868.103,-104.135,0,,0.324163,-3.74485,3.75885,,-6.02343e-06,0.000726644,-6.02343e-06,-9.80927,fluid
574,1.37012,9.03467,,871.045,-110.029,0,,0.313471,-3.74551,3.7586,,-4.07287e-06,0.000495268,-4.07287e-06,-9.8095,fluid
575,1.36603,9.5346,,874.408,-112.087,0,,0.302802,-3.74576,3.75798,,-1.73778e-06,0.000212007,-1.73778e-06,-9.80979,fluid
576,1.36193,10.0346,,878.045,-111.873,0,,0.292132,-3.74569,3.75707,,-9.6501e-08,1.17777e-05,-9.6501e-08,-9.80999,fluid
577,1.35783,10.5348,,881.87,-110.279,0,,0.281447,-3.74539,3.75595,,-5.37829e-20,6.56261e-18,-5.37829e-20,-9.81,fluid
578,1.35372,11.0349,,885.83,-107.829,0,,0.27074,-3.74501,3.75478,,0,0,0,-9.81,fluid
579,1.3496,11.5351,,889.893,-104.85,0,,0.260006,-3.7446,3.75361,,0,0,0,-9.81,fluid
580,1.34548,12.0352,,894.038,-101.537,0,,0.249247,-3.7442,3.75249,,0,0,0,-9.81,fluid
581,1.34134,12.5354,,898.251,-97.9959,0,,0.238467,-3.74385,3.75143,,0,0,0,-9.81,fluid
582,1.3372,13.0355,,902.521,-94.2883,0,,0.227669,-3.74355,3.75047,,0,0,0,-9.81,fluid
583,1.33305,13.5356,,906.841,-90.4588,0,,0.216856,-3.74331,3.74959,,-2.24833e-06,-6.58561e-06,-2.24833e-06,-9.81001,fluid
584,1.3289,14.0356,,911.204,-86.5451,0,,0.20603,-3.74313,3.74879,,-7.01386e-06,-2.06027e-05,-7.01386e-06,-9.81002,fluid
585,1.32474,14.5357,,915.606,-82.5831,0,,0.195184,-3.74296,3.74805,,-1.10509e-05,-3.25562e-05,-1.10509e-05,-9.81003,fluid
586,1.32057,15.0358,,920.045,-78.6124,0,,0.1843,-3.74278,3.74731,,-1.45114e-05,-4.28803e-05,-1.45114e-05,-9.81004,fluid
587,1.31638,15.5359,,924.519,-74.6592,0,,0.173368,-3.7425,3.74652,,-1.78628e-05,-5.29501e-05,-1.78628e-05,-9.81005,fluid
588,1.31217,16.036,,929.028,-70.714,0,,0.162389,-3.74203,3.74555,,-2.07687e-05,-6.17612e-05,-2.07687e-05,-9.81006,fluid
589,1.30793,16.5363,,933.573,-66.7769,0,,0.15131,-3.74135,3.7444,,-2.26604e-05,-6.75954e-05,-2.26604e-05,-9.81007,fluid
590,1.30362,17.0366,,938.148,-62.9081,0,,0.14004,-3.7405,3.74312,,-6.04344e-05,-0.000145659,-6.04344e-05,-9.81015,fluid
591,1.29927,17.537,,942.749,-59.0811,0,,0.128663,-3.73945,3.74166,,-0.000164019,-0.000356623,-0.000164019,-9.81036,fluid
592,1.29498,18.0375,,947.358,-55.0723,0,,0.117428,-3.73813,3.73998,,-0.000312671,-0.000658059,-0.000312671,-9.81066,fluid
593,1.29069,18.538,,951.945,-50.8537,0,,0.106204,-3.73704,3.73855,,-0.000433379,-0.000906174,-0.000433379,-9.81091,fluid
594,1.2863,19.0381,,956.462,-46.8126,0,,0.0946963,-3.73664,3.73784,,-0.000613399,-0.00122494,-0.000613399,-9.81122,fluid
595,1.282,19.5382,,960.856,-43.2026,0,,0.0833922,-3.73657,3.7375,,-0.000880503,-0.00185024,-0.000880503,-9.81185,fluid
596,1.27783,20.0381,,965.053,-39.9805,0,,0.0724077,-3.73694,3.73764,,-0.00149297,-0.00253248,-0.00149297,-9.81253,fluid
597,1.2739,20.5379,,968.964,-36.5609,0,,0.0620748,-3.7377,3.73821,,-0.00212404,-0.00336467,-0.00212404,-9.81336,fluid
598,1.2707,21.0384,,972.481,-32.8209,0,,0.0528589,-3.73788,3.73826,,-0.00489235,-0.00897872,-0.00489235,-9.81898,fluid
599,1.26521,21.5365,,975.446,-34.5381,0,,0.0383939,-3.74187,3.74207,,-0.00567353,-0.00553125,-0.00567353,-9.81553,fluid
600,1.25717,22.0324,,977.776,-42.5949,0,,0.0198259,-3.74865,3.7487,,0.00157865,0.00720159,0.00157865,-9.8028,fluid
601,1.2518,22.5455,,979.402,-43.1549,0,,0.00552135,-3.72075,3.72075,,5.4005e-05,-0.00736814,5.4005e-05,-9.81737,fluid
602,1.25785,23.0395,,980.248,-24.2047,0,,0.0197808,-3.73241,3.73246,,-6.99818e-05,0.00669953,-6.99818e-05,-9.8033,fluid
603,1.9583,0.642731,,1002.53,94.752,60014.7,,0.167779,-0.297015,0.341127,,-34.1458,-0.407849,-3.57681,-10.2178,fluid
604,2.02488,0.704103,,1002.47,84.0123,58698.6,,0.150687,-0.298117,0.334036,,-29.9734,1.89116,-1.05632,-7.91884,fluid
605,1.9845,1.1844,,1002.39,92.3523,56567.3,,0.236847,-0.463245,0.520281,,-25.3508,8.0437,3.08601,-1.7663,fluid
606,1.9282,1.60949,,1002.47,224.946,58544.9,,0.326093,-0.480393,0.580615,,-24.9656,5.66242,5.32206,-4.14758,fluid
607,1.93203,2.03013,,1002.47,313.341,58495.8,,0.249522,-0.752524,0.792814,,-25.0167,1.42383,5.1857,-8.38617,fluid
608,1.92362,2.43706,,1002.41,195.431,57155.7,,0.0608617,-1.06899,1.07072,,-25.7011,4.46278,3.9401,-5.34722,fluid
609,1.92755,2.86192,,1002.68,13.5252,63534.2,,0.211692,-1.12655,1.14627,,-26.4542,19.1579,6.41888,9.34795,fluid
610,1.92933,3.27299,,1002.65,92.7401,62829.7,,0.486171,-0.856268,0.984661,,-25.3172,39.1597,7.16231,29.3497,fluid
611,1.93389,3.67865,,999.291,517.486,0,,0.149318,-0.826689,0.840066,,-17.4747,40.6744,-17.4747,30.8644,fluid
612,1.95133,4.10277,,987.669,1097.99,0,,-0.0640857,-1.68556,1.68678,,-8.56505,25.4031,-8.56505,15.5931,fluid
613,1.95723,4.56045,,963.962,1346.61,0,,0.347874,-2.85456,2.87568,,-2.76932,8.88933,-2.76932,-0.920674,fluid
614,1.9543,5.04509,,932.653,977.563,0,,0.502104,-3.55942,3.59466,,-0.482141,1.68884,-0.482141,-8.12116,fluid
615,1.94913,5.53999,,904.884,480.096,0,,0.517228,-3.72332,3.75907,,-0.0752876,0.434771,-0.0752876,-9.37523,fluid
616,1.94361,6.037,,886.373,192.171,0,,0.504238,-3.73802,3.77188,,-0.00975284,0.0815206,-0.00975284,-9.72848,fluid
617,1.93804,6.53482,,876.246,61.0535,0,,0.489739,-3.74456,3.77645,,-0.000453202,0.00881956,-0.000453202,-9.80118,fluid
618,1.93248,7.03322,,871.767,-10.0135,0,,0.475225,-3.74892,3.77892,,-2.40688e-05,0.0017252,-2.40688e-05,-9.80827,fluid
619,1.92693,7.5321,,870.675,-53.5658,0,,0.460776,-3.75196,3.78015,,-2.14246e-05,0.00120891,-2.14246e-05,-9.80879,fluid
620,1.9214,8.03137,,871.559,-78.7055,0,,0.446384,-3.75397,3.78042,,-1.57936e-05,0.000932684,-1.57936e-05,-9.80907,fluid
621,1.91589,8.53094,,873.608,-92.1643,0,,0.432037,-3.75517,3.77994,,-1.23789e-05,0.00068135,-1.23789e-05,-9.80932,fluid
622,1.91039,9.03074,,876.361,-98.7264,0,,0.417718,-3.75578,3.77894,,-1.05213e-05,0.000424231,-1.05213e-05,-9.80958,fluid
623,1.90489,9.53068,,879.551,-101.256,0,,0.403406,-3.75601,3.77761,,-9.24008e-06,0.000110556,-9.24008e-06,-9.80989,fluid
624,1.89938,10.0307,,883.022,-101.403,0,,0.389083,-3.75592,3.77602,,-1.1012e-05,-2.71792e-05,-1.1012e-05,-9.81003,fluid
625,1.89387,10.5308,,886.683,-100.108,0,,0.374737,-3.75562,3.77427,,-1.48989e-05,-4.35859e-05,-1.48989e-05,-9.81004,fluid
626,1.88834,11.031,,890.48,-97.9312,0,,0.360363,-3.75525,3.7725,,-1.92066e-05,-5.63255e-05,-1.92066e-05,-9.81006,fluid
627,1.88281,11.5311,,894.38,-95.2203,0,,0.34596,-3.75486,3.77076,,-2.37216e-05,-6.9735e-05,-2.37216e-05,-9.81007,fluid
628,1.87726,12.0313,,898.361,-92.1743,0,,0.331531,-3.75448,3.76909,,-2.83331e-05,-8.34921e-05,-2.83331e-05,-9.81008,fluid
629,1.87171,12.5314,,902.408,-88.9001,0,,0.31708,-3.75415,3.76751,,-3.2951e-05,-9.73327e-05,-3.2951e-05,-9.8101,fluid
630,1.86615,13.0315,,906.51,-85.461,0,,0.302614,-3.75387,3.76604,,-3.74707e-05,-0.000110949,-3.74707e-05,-9.81011,fluid
631,1.86058,13.5316,,910.659,-81.9085,0,,0.288118,-3.75368,3.76472,,-9.95681e-05,-0.000236504,-9.95681e-05,-9.81024,fluid
632,1.85501,14.0317,,914.85,-78.2834,0,,0.273607,-3.75356,3.76352,,-0.000177858,-0.000392872,-0.000177858,-9.81039,fluid
633,1.84944,14.5317,,919.077,-74.6198,0,,0.25908,-3.75347,3.7624,,-0.000252226,-0.000541798,-0.000252226,-9.81054,fluid
634,1.84385,15.0317,,923.338,-70.9535,0,,0.244526,-3.75338,3.76134,,-0.000324128,-0.000684965,-0.000324128,-9.81068,fluid
635,1.83825,15.5318,,927.63,-67.3046,0,,0.229935,-3.75321,3.76024,,-0.000396325,-0.000827514,-0.000396325,-9.81083,fluid
636,1.83264,16.032,,931.954,-63.6693,0,,0.215297,-3.75286,3.75903,,-0.000469507,-0.000972357,-0.000469507,-9.81097,fluid
637,1.82698,16.5322,,936.308,-60.0833,0,,0.200542,-3.75231,3.75767,,-0.000529112,-0.00109053,-0.000529112,-9.81109,fluid
638,1.82125,17.0324,,940.689,-56.6333,0,,0.185602,-3.75161,3.75619,,-0.000614954,-0.00122355,-0.000614954,-9.81122,fluid
639,1.81551,17.5328,,945.094,-53.2433,0,,0.170595,-3.75059,3.75447,,-0.000806949,-0.00150362,-0.000806949,-9.8115,fluid
640,1.80981,18.0334,,949.508,-49.6314,0,,0.155699,-3.74917,3.7524,,-0.0011383,-0.00193921,-0.0011383,-9.81194,fluid
641,1.80399,18.5338,,953.899,-45.8979,0,,0.140396,-3.74822,3.75085,,-0.0018299,-0.00260926,-0.0018299,-9.81261,fluid
642,1.7981,19.0339,,958.224,-42.503,0,,0.124976,-3.74792,3.75001,,-0.00214874,-0.00288019,-0.00214874,-9.81288,fluid
643,1.79252,19.5342,,962.436,-39.4205,0,,0.110241,-3.74754,3.74916,,-0.0028722,-0.00374408,-0.0028722,-9.81374,fluid
644,1.78697,20.0342,,966.46,-36.5018,0,,0.0956306,-3.74766,3.74888,,-0.0038404,-0.0048733,-0.0038404,-9.81487,fluid
645,1.78126,20.5338,,970.204,-33.7133,0,,0.0807577,-3.7485,3.74937,,-0.0040166,-0.00454771,-0.0040166,-9.81455,fluid
646,1.77655,21.0345,,973.572,-30.9787,0,,0.0676817,-3.74816,3.74877,,-0.00648113,-0.00902765,-0.00648113,-9.81903,fluid
647,1.77032,21.5335,,976.415,-32.4682,0,,0.051288,-3.75047,3.75082,,-0.00725503,-0.00763159,-0.00725503,-9.81763,fluid
648,1.76078,22.0295,,978.643,-39.2337,0,,0.0290452,-3.75652,3.75663,,0.000660756,0.00596159,0.000660756,-9.80404,fluid
649,1.75394,22.5393,,980.192,-39.8546,0,,0.0108287,-3.73616,3.73618,,-0.00102503,-0.00575283,-0.00102503,-9.81575,fluid
650,1.75908,23.0346,,981.018,-23.5002,0,,0.0232188,-3.74553,3.7456,,0.000841075,0.00492165,0.000841075,-9.80508,fluid
651,2.49592,0.549736,,1002.37,115.311,56186.8,,0.20593,-0.226289,0.305963,,-24.8504,1.93016,-2.39213,-7.87984,fluid
652,2.56238,0.698256,,1002.29,117.954,54184.1,,0.283499,-0.217019,0.357027,,-20.7336,3.16349,0.364203,-6.64651,fluid
653,2.53073,1.16302,,1002.25,134.761,53267.6,,0.392021,-0.507193,0.641035,,-17.901,11.4099,3.10008,1.59989,fluid
654,2.46807,1.59205,,1002.37,211.088,56307.6,,0.41427,-0.575414,0.709028,,-17.5541,5.72692,5.20633,-4.08308,fluid
655,2.47019,2.01934,,1002.36,273.495,55961.9,,0.287711,-0.728577,0.783327,,-16.6596,1.45683,5.94198,-8.35317,fluid
656,2.46442,2.43108,,1002.19,212.185,51938.9,,0.137458,-1.03217,1.04129,,-15.5675,3.2588,5.46193,-6.5512,fluid
657,2.46748,2.86122,,1002.37,37.5055,56118.3,,0.266366,-1.23229,1.26074,,-16.3849,13.535,6.30463,3.72497,fluid
658,2.46938,3.27903,,1002.63,32.7121,62435.4,,0.444982,-0.999965,1.0945,,-18.6835,31.7281,6.53401,21.9181,fluid
659,2.47625,3.68778,,1000.43,387.232,10250.7,,0.166402,-0.833005,0.849463,,-16.6544,38.9007,-12.5166,29.0907,fluid
660,2.493,4.1081,,991.532,971.02,0,,-0.0840509,-1.56275,1.56501,,-9.87037,27.9551,-9.87037,18.1451,fluid
661,2.50127,4.55959,,971.85,1338.99,0,,0.347065,-2.71348,2.73558,,-3.88281,11.9449,-3.88281,2.13487,fluid
662,2.49887,5.04039,,943.316,1065.6,0,,0.577384,-3.50055,3.54785,,-0.790197,2.71727,-0.790197,-7.09273,fluid
663,2.49272,5.53436,,915.704,550.413,0,,0.624684,-3.72725,3.77923,,-0.133746,0.571294,-0.133746,-9.23871,fluid
664,2.48595,6.03132,,896.159,228.224,0,,0.612491,-3.75238,3.80204,,-0.0204279,0.120878,-0.0204279,-9.68912,fluid
665,2.47914,6.52916,,884.997,82.985,0,,0.594934,-3.75932,3.8061,,-0.00110641,0.0132776,-0.00110641,-9.79672,fluid
666,2.47234,7.0276,,879.777,7.35586,0,,0.57727,-3.76361,3.80762,,-7.88945e-05,0.00189826,-7.88945e-05,-9.8081,fluid
667,2.46557,7.52651,,878.184,-39.1118,0,,0.559675,-3.76655,3.8079,,-6.85861e-05,0.0010881,-6.85861e-05,-9.80891,fluid
668,2.45881,8.02581,,878.707,-66.4724,0,,0.542144,-3.76847,3.80727,,-6.9376e-05,0.000765506,-6.9376e-05,-9.80923,fluid
669,2.45208,8.5254,,880.474,-81.3595,0,,0.524658,-3.76962,3.80596,,-8.69322e-05,0.000463608,-8.69322e-05,-9.80954,fluid
670,2.44535,9.02521,,882.986,-88.8194,0,,0.507199,-3.77021,3.80418,,-0.000114634,0.000133184,-0.000114634,-9.80987,fluid
671,2.43862,9.52515,,885.956,-91.9531,0,,0.489744,-3.77045,3.80212,,-0.000149572,-0.000261043,-0.000149572,-9.81026,fluid
672,2.43189,10.0252,,889.218,-92.5409,0,,0.472273,-3.77038,3.79984,,-0.000199433,-0.000435905,-0.000199433,-9.81044,fluid
673,2.42515,10.5253,,892.676,-91.5962,0,,0.454775,-3.77013,3.79746,,-0.000257353,-0.000551734,-0.000257353,-9.81055,fluid
674,2.41839,11.0254,,896.271,-89.7268,0,,0.437246,-3.76982,3.79509,,-0.000317551,-0.000670899,-0.000317551,-9.81067,fluid
675,2.41163,11.5256,,899.968,-87.303,0,,0.419685,-3.76949,3.79278,,-0.000378868,-0.000792439,-0.000378868,-9.81079,fluid
676,2.40485,12.0257,,903.745,-84.5313,0,,0.402096,-3.76918,3.79056,,-0.000445437,-0.000924413,-0.000445437,-9.81092,fluid
677,2.39807,12.5258,,907.585,-81.5217,0,,0.384486,-3.7689,3.78846,,-0.000513714,-0.00105999,-0.000513714,-9.81106,fluid
678,2.39128,13.0259,,911.478,-78.3459,0,,0.366862,-3.76867,3.78648,,-0.000581644,-0.00119519,-0.000581644,-9.8112,fluid
679,2.38449,13.526,,915.416,-75.0606,0,,0.34923,-3.76849,3.78464,,-0.000648953,-0.00132947,-0.000648953,-9.81133,fluid
680,2.3777,14.026,,919.392,-71.703,0,,0.331595,-3.76837,3.78293,,-0.000714677,-0.00146081,-0.000714677,-9.81146,fluid
681,2.3709,14.5261,,923.402,-68.3037,0,,0.313948,-3.76828,3.78134,,-0.000793824,-0.00155758,-0.000793824,-9.81156,fluid
682,2.3641,15.0261,,927.442,-64.9,0,,0.296277,-3.76821,3.77984,,-0.000872165,-0.00163713,-0.000872165,-9.81164,fluid
683,2.35729,15.5262,,931.51,-61.5168,0,,0.278576,-3.76807,3.77835,,-0.000951681,-0.00171706,-0.000951681,-9.81172,fluid
684,2.35044,16.0263,,935.604,-58.1716,0,,0.260732,-3.76787,3.77688,,-0.00136942,-0.00211765,-0.00136942,-9.81212,fluid
685,2.34353,16.5264,,939.721,-54.9269,0,,0.2427,-3.76757,3.77538,,-0.0018091,-0.00251767,-0.0018091,-9.81252,fluid
686,2.33656,17.0266,,943.861,-51.8686,0,,0.22452,-3.76709,3.77378,,-0.00218826,-0.00284922,-0.00218826,-9.81285,fluid
687,2.32958,17.527,,948.021,-48.8731,0,,0.206303,-3.76619,3.77183,,-0.00264922,-0.00332334,-0.00264922,-9.81332,fluid
688,2.32261,18.0275,,952.189,-45.6394,0,,0.188034,-3.76482,3.76952,,-0.00334955,-0.00408252,-0.00334955,-9.81408,fluid
689,2.31549,18.5279,,956.334,-42.3616,0,,0.169451,-3.76386,3.76767,,-0.00376277,-0.00444268,-0.00376277,-9.81444,fluid
690,2.30837,19.0281,,960.419,-39.5351,0,,0.150976,-3.76344,3.76647,,-0.00360139,-0.00411753,-0.00360139,-9.81412,fluid
691,2.30162,19.5285,,964.404,-36.8563,0,,0.133221,-3.7625,3.76486,,-0.00451339,-0.00494825,-0.00451339,-9.81495,fluid
692,2.29481,20.0288,,968.214,-34.0455,0,,0.115316,-3.76198,3.76375,,-0.00562924,-0.00618449,-0.00562924,-9.81618,fluid
693,2.28765,20.5282,,971.751,-31.6165,0,,0.0968862,-3.76301,3.76426,,-0.005114,-0.00489212,-0.005114,-9.81489,fluid
694,2.28164,21.0287,,974.931,-29.6122,0,,0.0806411,-3.76292,3.76379,,-0.00693273,-0.00803474,-0.00693273,-9.81803,fluid
695,2.27469,21.5284,,977.621,-30.7935,0,,0.0623526,-3.76413,3.76464,,-0.00794765,-0.00840921,-0.00794765,-9.81841,fluid
696,2.26428,22.0246,,979.724,-36.385,0,,0.0378112,-3.76944,3.76963,,2.78328e-05,0.00470423,2.78328e-05,-9.8053,fluid
697,2.25625,22.5324,,981.18,-37.227,0,,0.0166309,-3.75338,3.75341,,-0.00094035,-0.00302999,-0.00094035,-9.81303,fluid
698,2.25996,23.0285,,981.968,-23.1512,0,,0.0256697,-3.76116,3.76125,,0.00157991,0.00525164,0.00157991,-9.80475,fluid
699,3.01732,0.458009,,1002.24,126.098,53140.3,,0.269372,-0.174778,0.321106,,-18.0142,4.00514,-0.441857,-5.80486,fluid
700,3.08695,0.69337,,1002.16,146.796,51150,,0.456586,-0.185928,0.49299,,-14.4805,5.38953,2.05354,-4.42047,fluid
701,3.06382,1.1415,,1002.16,169.92,51175.5,,0.544879,-0.564243,0.784388,,-13.6052,13.7516,3.06197,3.94162,fluid
702,3.00104,1.5744,,1002.29,183.782,54392.7,,0.492522,-0.690773,0.848378,,-13.5851,6.02153,4.4981,-3.78847,fluid
703,3.00451,2.00874,,1002.27,220.399,53764.7,,0.367369,-0.692101,0.783558,,-12.39,2.875,5.46417,-6.935,fluid
704,3.00032,2.42483,,1002.01,235.182,47520.5,,0.253336,-0.968517,1.0011,,-10.4079,3.68027,5.3988,-6.12973,fluid
705,3.00058,2.85874,,1001.99,91.5593,47209.2,,0.312949,-1.33018,1.3665,,-10.3889,9.10068,5.31314,-0.709325,fluid
706,3.00437,3.2847,,1002.39,-19.2993,56742.7,,0.455539,-1.2211,1.30331,,-13.2668,23.089,5.57484,13.279,fluid
707,3.00939,3.69883,,1001.34,215.483,31750.7,,0.244269,-0.935622,0.966983,,-14.6406,35.4699,-4.1042,25.6599,fluid
708,3.02498,4.11656,,995.239,751.595,0,,-0.0225096,-1.41074,1.41092,,-9.57136,29.9003,-9.57136,20.0903,fluid
709,3.03628,4.5605,,980.003,1230.96,0,,0.312241,-2.48615,2.50568,,-4.19076,15.0335,-4.19076,5.22349,fluid
710,3.03548,5.03541,,955.154,1134.56,0,,0.617808,-3.37975,3.43575,,-1.00502,4.02622,-1.00502,-5.78378,fluid
711,3.02885,5.52752,,928.241,651.286,0,,0.708282,-3.71865,3.7855,,-0.206494,0.77089,-0.206494,-9.03911,fluid
712,3.02098,6.02429,,907.569,285.321,0,,0.70041,-3.76964,3.83416,,-0.0362935,0.189453,-0.0362935,-9.62055,fluid
713,3.01303,6.52214,,895.08,113.255,0,,0.680195,-3.77758,3.83833,,-0.0039441,0.0264725,-0.0039441,-9.78353,fluid
714,3.00512,7.02061,,888.881,29.1712,0,,0.659731,-3.7819,3.83902,,-0.000654674,0.00235993,-0.000654674,-9.80764,fluid
715,2.99728,7.51956,,886.64,-21.1398,0,,0.639425,-3.78476,3.83839,,-0.00055053,0.000184682,-0.00055053,-9.80982,fluid
716,2.98948,8.01889,,886.719,-51.3656,0,,0.619257,-3.7866,3.8369,,-0.000580733,-0.000247148,-0.000580733,-9.81025,fluid
717,2.98172,8.51851,,888.149,-68.1363,0,,0.599188,-3.78767,3.83478,,-0.000609601,-0.000587172,-0.000609601,-9.81059,fluid
718,2.97398,9.01833,,890.382,-76.7618,0,,0.579182,-3.78823,3.83225,,-0.000632564,-0.00097358,-0.000632564,-9.81097,fluid
719,2.96625,9.51828,,893.104,-80.6589,0,,0.559205,-3.78843,3.82948,,-0.000651464,-0.00128351,-0.000651464,-9.81128,fluid
720,2.95852,10.0183,,896.133,-81.7907,0,,0.539227,-3.78833,3.82651,,-0.000675455,-0.00137174,-0.000675455,-9.81137,fluid
721,2.95078,10.5184,,899.363,-81.2743,0,,0.51923,-3.78807,3.82349,,-0.000697887,-0.00142096,-0.000697887,-9.81142,fluid
722,2.94303,11.0186,,902.733,-79.7795,0,,0.499189,-3.78777,3.82052,,-0.000770838,-0.00151022,-0.000770838,-9.81151,fluid
723,2.93527,11.5187,,906.204,-77.706,0,,0.479115,-3.78744,3.81763,,-0.000841875,-0.00159245,-0.000841875,-9.81159,fluid
724,2.92749,12.0188,,909.753,-75.2742,0,,0.459014,-3.78713,3.81484,,-0.000910907,-0.00166976,-0.000910907,-9.81167,fluid
725,2.91971,12.5189,,913.362,-72.6065,0,,0.438893,-3.78684,3.81219,,-0.000980412,-0.00174189,-0.000980412,-9.81174,fluid
726,2.91191,13.019,,917.022,-69.7924,0,,0.418676,-3.78667,3.80975,,-0.00135267,-0.00209461,-0.00135267,-9.81209,fluid
727,2.9041,13.5191,,920.724,-66.8854,0,,0.398423,-3.78659,3.80749,,-0.00170578,-0.00242655,-0.00170578,-9.81243,fluid
728,2.89629,14.0191,,924.462,-63.9047,0,,0.378165,-3.78656,3.80539,,-0.00207049,-0.00276988,-0.00207049,-9.81277,fluid
729,2.88848,14.5191,,928.229,-60.875,0,,0.357905,-3.78658,3.80346,,-0.00243255,-0.00310768,-0.00243255,-9.81311,fluid
730,2.88067,15.0191,,932.023,-57.8417,0,,0.337635,-3.78664,3.80166,,-0.00278185,-0.00343108,-0.00278185,-9.81343,fluid
731,2.87285,15.5192,,935.841,-54.8385,0,,0.31734,-3.78665,3.79993,,-0.00313384,-0.00376132,-0.00313384,-9.81376,fluid
732,2.865,16.0192,,939.679,-51.8873,0,,0.29698,-3.78656,3.79819,,-0.00350428,-0.00411139,-0.00350428,-9.81411,fluid
733,2.85712,16.5193,,943.534,-49.058,0,,0.276553,-3.7863,3.79638,,-0.00358669,-0.00416904,-0.00358669,-9.81417,fluid
734,2.84918,17.0195,,947.407,-46.4537,0,,0.256,-3.78584,3.79448,,-0.00363096,-0.00415506,-0.00363096,-9.81416,fluid
735,2.8412,17.5198,,951.294,-43.9397,0,,0.235281,-3.78492,3.79223,,-0.00401641,-0.0044248,-0.00401641,-9.81442,fluid
736,2.83318,18.0204,,955.187,-41.1819,0,,0.214389,-3.78347,3.78954,,-0.00466332,-0.00496617,-0.00466332,-9.81497,fluid
737,2.82501,18.5208,,959.057,-38.4156,0,,0.193197,-3.78241,3.78734,,-0.0048603,-0.00492433,-0.0048603,-9.81492,fluid
738,2.81686,19.0209,,962.873,-36.1898,0,,0.172166,-3.78198,3.78589,,-0.00452839,-0.00439247,-0.00452839,-9.81439,fluid
739,2.80909,19.5216,,966.603,-33.9642,0,,0.151839,-3.78049,3.78354,,-0.00547549,-0.00530733,-0.00547549,-9.81531,fluid
740,2.80122,20.0222,,970.173,-31.2658,0,,0.13123,-3.77935,3.78163,,-0.00662894,-0.00678513,-0.00662894,-9.81679,fluid
741,2.79293,20.5215,,973.484,-29.0616,0,,0.110068,-3.78059,3.78219,,-0.00562954,-0.00482785,-0.00562954,-9.81483,fluid
742,2.78585,21.0216,,976.457,-27.6392,0,,0.0913191,-3.78103,3.78213,,-0.0066639,-0.006587,-0.0066639,-9.81659,fluid
743,2.7782,21.5217,,978.977,-28.6858,0,,0.0712608,-3.78142,3.78209,,-0.00775916,-0.00832175,-0.00775916,-9.81832,fluid
744,2.76731,22.0183,,980.944,-33.4205,0,,0.0453474,-3.78607,3.78634,,-0.000274013,0.00377782,-0.000274013,-9.80622,fluid
745,2.75851,22.5247,,982.299,-34.48,0,,0.0224923,-3.77302,3.77309,,-1.23113e-05,-0.00122675,-1.23113e-05,-9.81123,fluid
746,2.76063,23.0213,,983.039,-22.2094,0,,0.0277099,-3.77979,3.77989,,0.00309193,0.00656713,0.00309193,-9.80343,fluid
747,3.54273,0.379008,,1002.12,128.199,50242.4,,0.382194,-0.146656,0.409366,,-12.653,7.06756,1.49889,-2.74244,fluid
748,3.6093,0.690416,,1002.09,170.801,49432.4,,0.625275,-0.191238,0.653866,,-10.5374,8.00189,3.12994,-1.80811,fluid
749,3.59297,1.1239,,1002.12,196.756,50159.3,,0.68048,-0.595479,0.90424,,-11.0567,14.5001,2.87424,4.69008,fluid
750,3.52922,1.55677,,1002.21,157.586,52375.1,,0.568385,-0.815912,0.994371,,-11.1392,6.19705,3.66848,-3.61295,fluid
751,3.53534,1.99891,,1002.17,166.021,51541.6,,0.469486,-0.691748,0.836021,,-10.1501,4.36801,4.39719,-5.44199,fluid
752,3.53314,2.4191,,1001.9,250.125,44986.3,,0.385813,-0.914996,0.99301,,-8.24756,4.84036,4.46095,-4.96964,fluid
753,3.53063,2.85506,,1001.71,167.05,40546,,0.389982,-1.37765,1.43178,,-7.232,6.83247,4.23243,-2.97753,fluid
754,3.53335,3.28755,,1002.06,-26.8151,48791.6,,0.497014,-1.45018,1.53299,,-9.00338,16.1387,4.7771,6.32872,fluid
755,3.53819,3.70958,,1001.86,63.616,44098.2,,0.392746,-1.12821,1.19462,,-11.7301,30.3459,0.710146,20.5359,fluid
756,3.54974,4.12706,,998.153,516.105,0,,0.104061,-1.3079,1.31204,,-9.3592,30.1583,-9.3592,20.3483,fluid
757,3.56297,4.56359,,987.119,1057.86,0,,0.274476,-2.23048,2.2473,,-5.10215,17.4614,-5.10215,7.65141,fluid
758,3.56435,5.03095,,966.597,1163.83,0,,0.621085,-3.20592,3.26552,,-1.70767,5.64081,-1.70767,-4.16919,fluid
759,3.55805,5.51986,,941.312,766.271,0,,0.762843,-3.68793,3.766,,-0.350132,1.09297,-0.350132,-8.71703,fluid
760,3.54946,6.01617,,919.818,360.103,0,,0.769399,-3.78773,3.86509,,-0.0778592,0.306901,-0.0778592,-9.5031,fluid
761,3.54064,6.51404,,905.899,149.706,0,,0.74808,-3.79834,3.8713,,-0.0109711,0.0533185,-0.0109711,-9.75668,fluid
762,3.53188,7.01257,,898.553,52.5421,0,,0.725529,-3.80273,3.87133,,-0.00134487,0.00447893,-0.00134487,-9.80552,fluid
763,3.52318,7.51158,,895.546,-2.39366,0,,0.703112,-3.80545,3.86986,,-0.00103184,-0.000300999,-0.00103184,-9.8103,fluid
764,3.51454,8.01096,,895.112,-35.845,0,,0.680836,-3.80719,3.86759,,-0.00118478,-0.000961243,-0.00118478,-9.81096,fluid
765,3.50594,8.51061,,896.168,-54.8318,0,,0.658656,-3.80822,3.86476,,-0.00137644,-0.00145412,-0.00137644,-9.81145,fluid
766,3.49735,9.01043,,898.098,-64.8292,0,,0.636533,-3.80878,3.86161,,-0.00158732,-0.00200501,-0.00158732,-9.81201,fluid
767,3.48878,9.51038,,900.555,-69.6037,0,,0.614434,-3.80903,3.85826,,-0.00181539,-0.00245667,-0.00181539,-9.81246,fluid
768,3.4802,10.0104,,903.337,-71.3456,0,,0.592327,-3.809,3.85479,,-0.00207601,-0.00273878,-0.00207601,-9.81274,fluid
769,3.47162,10.5105,,906.329,-71.3014,0,,0.570197,-3.80886,3.8513,,-0.00235594,-0.00301542,-0.00235594,-9.81302,fluid
770,3.46303,11.0106,,909.463,-70.2106,0,,0.54804,-3.80865,3.84788,,-0.00263391,-0.00328176,-0.00263391,-9.81328,fluid
771,3.45442,11.5107,,912.698,-68.5088,0,,0.525854,-3.80843,3.84456,,-0.00290593,-0.00353748,-0.00290593,-9.81354,fluid
772,3.44581,12.0108,,916.009,-66.4365,0,,0.503643,-3.80821,3.84137,,-0.0031753,-0.00378907,-0.0031753,-9.81379,fluid
773,3.43719,12.5109,,919.378,-64.1314,0,,0.481411,-3.80801,3.83832,,-0.00344254,-0.00403808,-0.00344254,-9.81404,fluid
774,3.42856,13.011,,922.795,-61.6839,0,,0.459168,-3.80784,3.83543,,-0.00370349,-0.00428091,-0.00370349,-9.81428,fluid
775,3.41995,13.5111,,926.251,-59.1349,0,,0.436988,-3.80766,3.83265,,-0.00372614,-0.00430233,-0.00372614,-9.8143,fluid
776,3.41134,14.0111,,929.741,-56.5019,0,,0.414834,-3.8075,3.83003,,-0.00377732,-0.00435829,-0.00377732,-9.81436,fluid
777,3.40273,14.5112,,933.257,-53.822,0,,0.392629,-3.80743,3.82762,,-0.00394127,-0.00444732,-0.00394127,-9.81445,fluid
778,3.39411,15.0112,,936.797,-51.144,0,,0.370407,-3.80741,3.82539,,-0.00416102,-0.00455274,-0.00416102,-9.81455,fluid
779,3.38549,15.5112,,940.355,-48.4952,0,,0.34818,-3.80737,3.82326,,-0.00435983,-0.00464187,-0.00435983,-9.81464,fluid
780,3.37685,16.0112,,943.929,-45.8884,0,,0.325901,-3.80726,3.82118,,-0.00457063,-0.00474016,-0.00457063,-9.81474,fluid
781,3.36816,16.5113,,947.514,-43.4088,0,,0.303505,-3.80709,3.81917,,-0.00473418,-0.00475955,-0.00473418,-9.81476,fluid
782,3.35942,17.0114,,951.11,-41.1915,0,,0.280991,-3.80679,3.81715,,-0.00481702,-0.00468103,-0.00481702,-9.81468,fluid
783,3.35066,17.5117,,954.715,-39.105,0,,0.258358,-3.80596,3.81471,,-0.00507036,-0.0048251,-0.00507036,-9.81483,fluid
784,3.34182,18.0123,,958.322,-36.7927,0,,0.235461,-3.80454,3.81182,,-0.0056005,-0.00524488,-0.0056005,-9.81524,fluid
785,3.33281,18.5127,,961.904,-34.5217,0,,0.212239,-3.80355,3.80946,,-0.00561708,-0.00503099,-0.00561708,-9.81503,fluid
786,3.32384,19.0128,,965.439,-32.8697,0,,0.18922,-3.8031,3.8078,,-0.00513652,-0.00438433,-0.00513652,-9.81438,fluid
787,3.31522,19.5136,,968.902,-31.0818,0,,0.166815,-3.80114,3.8048,,-0.00602681,-0.00539137,-0.00602681,-9.81539,fluid
788,3.30644,20.0144,,972.22,-28.4816,0,,0.144003,-3.79939,3.80212,,-0.00694103,-0.00690722,-0.00694103,-9.81691,fluid
789,3.29727,20.5136,,975.296,-26.4019,0,,0.120768,-3.80073,3.80264,,-0.00534205,-0.00452263,-0.00534205,-9.81452,fluid
790,3.28928,21.0136,,978.058,-25.411,0,,0.0999013,-3.80154,3.80286,,-0.00595135,-0.00535036,-0.00595135,-9.81535,fluid
791,3.28097,21.514,,980.403,-26.3909,0,,0.078167,-3.8013,3.8021,,-0.00727153,-0.00773359,-0.00727153,-9.81773,fluid
792,3.26977,22.0109,,982.23,-30.4676,0,,0.0513628,-3.80549,3.80583,,-0.000308149,0.00320697,-0.000308149,-9.80679,fluid
793,3.26039,22.5161,,983.483,-31.6846,0,,0.0273016,-3.79479,3.79489,,0.000969216,0.000262164,0.000969216,-9.80974,fluid
794,3.26105,23.0129,,984.169,-20.8374,0,,0.0291116,-3.80096,3.80107,,0.00488298,0.00819193,0.00488298,-9.80181,fluid
795,4.07336,0.316759,,1001.96,129.358,46323.9,,0.530643,-0.138803,0.548496,,-8.38008,10.8522,2.97013,1.0422,fluid
796,4.13472,0.688555,,1002.03,191.67,48131.1,,0.793578,-0.217602,0.822871,,-8.02612,10.4089,3.591,0.598888,fluid
797,4.11275,1.10873,,1002.1,219.683,49797.4,,0.808249,-0.584646,0.997536,,-9.25435,13.6922,2.82832,3.88223,fluid
798,4.05718,1.53979,,1002.13,150.771,50437.6,,0.663847,-0.9116,1.1277,,-9.34542,6.37641,3.05985,-3.43359,fluid
799,4.06176,1.99118,,1002.08,126.118,49189.1,,0.583842,-0.73658,0.939905,,-8.57957,5.29622,3.50564,-4.51378,fluid
800,4.0606,2.41349,,1001.86,245.512,43975.4,,0.522412,-0.905037,1.04499,,-7.25854,5.94668,3.55119,-3.86332,fluid
801,4.05772,2.84997,,1001.57,240.619,37226.2,,0.480566,-1.3628,1.44505,,-5.97536,6.14918,3.1844,-3.66082,fluid
802,4.05957,3.28728,,1001.72,27.1659,40748.6,,0.566796,-1.61152,1.70829,,-6.85938,11.1673,3.16104,1.35727,fluid
803,4.06166,3.71716,,1001.98,-24.8545,46880.4,,0.53698,-1.38645,1.48681,,-10.2514,23.9206,1.26798,14.1106,fluid
804,4.06984,4.13791,,1000.09,309.756,2037.06,,0.290177,-1.3111,1.34283,,-10.9407,28.8044,-10.4402,18.9944,fluid
805,4.08219,4.56852,,992.611,843.22,0,,0.242179,-2.0078,2.02236,,-7.11112,19.8963,-7.11112,10.0863,fluid
806,4.08583,5.02747,,976.528,1123.35,0,,0.58814,-2.99332,3.05056,,-2.82051,8.1088,-2.82051,-1.7012,fluid
807,4.08029,5.51173,,953.787,864.946,0,,0.784078,-3.62198,3.70588,,-0.603189,1.84417,-0.603189,-7.96583,fluid
808,4.07131,6.00705,,932.075,444.977,0,,0.817294,-3.80103,3.88791,,-0.117892,0.453459,-0.117892,-9.35654,fluid
809,4.06183,6.50492,,916.833,191.022,0,,0.797844,-3.82168,3.90407,,-0.0205735,0.0937876,-0.0205735,-9.71621,fluid
810,4.0524,7.00354,,908.265,75.7853,0,,0.77382,-3.82637,3.90383,,-0.00401403,0.00753027,-0.00401403,-9.80247,fluid
811,4.04306,7.50263,,904.416,15.3972,0,,0.74987,-3.82891,3.90165,,-0.00337996,-0.00209877,-0.00337996,-9.8121,fluid
812,4.03378,8.00207,,903.426,-21.2879,0,,0.726091,-3.83046,3.89867,,-0.00346396,-0.00301632,-0.00346396,-9.81302,fluid
813,4.02454,8.50177,,904.088,-42.6062,0,,0.702435,-3.83134,3.8952,,-0.00353303,-0.00346885,-0.00353303,-9.81347,fluid
814,4.01533,9.00163,,905.709,-54.0663,0,,0.678854,-3.83179,3.89146,,-0.00358001,-0.00392507,-0.00358001,-9.81393,fluid
815,4.00613,9.5016,,907.899,-59.7532,0,,0.655306,-3.83191,3.88754,,-0.00363612,-0.00410638,-0.00363612,-9.81411,fluid
816,3.99693,10.0017,,910.436,-62.1094,0,,0.631757,-3.8318,3.88353,,-0.00370316,-0.00420123,-0.00370316,-9.8142,fluid
817,3.98772,10.5017,,913.193,-62.5313,0,,0.608192,-3.83158,3.87955,,-0.00375357,-0.00427133,-0.00375357,-9.81427,fluid
818,3.9785,11.0018,,916.095,-61.8385,0,,0.584554,-3.83133,3.87567,,-0.00390787,-0.00436099,-0.00390787,-9.81436,fluid
819,3.96926,11.502,,919.098,-60.4995,0,,0.560886,-3.83106,3.8719,,-0.00407864,-0.00445091,-0.00407864,-9.81445,fluid
820,3.96002,12.0021,,922.174,-58.771,0,,0.537205,-3.83078,3.86827,,-0.00421283,-0.00450406,-0.00421283,-9.8145,fluid
821,3.95077,12.5022,,925.307,-56.7979,0,,0.513506,-3.83051,3.86478,,-0.00434513,-0.00455423,-0.00434513,-9.81455,fluid
822,3.94152,13.0023,,928.486,-54.6651,0,,0.489794,-3.83027,3.86146,,-0.00447652,-0.00460302,-0.00447652,-9.8146,fluid
823,3.93226,13.5024,,931.7,-52.4148,0,,0.466075,-3.83006,3.85831,,-0.00460658,-0.00465021,-0.00460658,-9.81465,fluid
824,3.92301,14.0024,,934.946,-50.0748,0,,0.442357,-3.8299,3.85536,,-0.00474299,-0.00468469,-0.00474299,-9.81468,fluid
825,3.91376,14.5025,,938.215,-47.6877,0,,0.418653,-3.82979,3.85261,,-0.00486095,-0.00469432,-0.00486095,-9.81469,fluid
826,3.90451,15.0025,,941.505,-45.3003,0,,0.39496,-3.82974,3.85005,,-0.00498046,-0.00470276,-0.00498046,-9.8147,fluid
827,3.89527,15.5025,,944.81,-42.9322,0,,0.371268,-3.82971,3.84766,,-0.00511802,-0.00473337,-0.00511802,-9.81473,fluid
828,3.88601,16.0025,,948.126,-40.597,0,,0.34754,-3.82965,3.84539,,-0.00526578,-0.0047716,-0.00526578,-9.81477,fluid
829,3.87672,16.5026,,951.448,-38.3954,0,,0.32373,-3.82959,3.84325,,-0.00534981,-0.0047271,-0.00534981,-9.81473,fluid
830,3.86739,17.0026,,954.774,-36.4777,0,,0.29983,-3.82943,3.84115,,-0.00536932,-0.00461853,-0.00536932,-9.81462,fluid
831,3.85804,17.5029,,958.104,-34.7138,0,,0.275814,-3.82874,3.83867,,-0.00554873,-0.00474733,-0.00554873,-9.81475,fluid
832,3.84859,18.0034,,961.429,-32.7623,0,,0.25154,-3.82746,3.83571,,-0.00580861,-0.00504012,-0.00580861,-9.81504,fluid
833,3.83896,18.5037,,964.728,-30.9346,0,,0.226928,-3.82656,3.83329,,-0.00547061,-0.00463694,-0.00547061,-9.81464,fluid
834,3.82936,19.0038,,967.985,-29.7858,0,,0.202475,-3.82605,3.8314,,-0.0047612,-0.00391829,-0.0047612,-9.81392,fluid
835,3.82006,19.5048,,971.181,-28.3782,0,,0.178397,-3.82373,3.82789,,-0.00573299,-0.00505262,-0.00573299,-9.81505,fluid
836,3.81053,20.0058,,974.247,-25.9161,0,,0.153789,-3.82159,3.82468,,-0.00660904,-0.00653015,-0.00660904,-9.81653,fluid
837,3.80063,20.5049,,977.09,-23.9998,0,,0.128858,-3.82294,3.82511,,-0.00468351,-0.00387902,-0.00468351,-9.81388,fluid
838,3.7919,21.0048,,979.646,-23.3481,0,,0.106284,-3.82384,3.82532,,-0.00499366,-0.00425564,-0.00499366,-9.81426,fluid
839,3.78304,21.5054,,981.819,-24.2297,0,,0.083215,-3.82309,3.82399,,-0.00653636,-0.00697022,-0.00653636,-9.81697,fluid
840,3.77166,22.0026,,983.512,-27.7709,0,,0.0558773,-3.82699,3.8274,,-6.1011e-05,0.00305274,-6.1011e-05,-9.80695,fluid
841,3.76186,22.5069,,984.667,-29.1418,0,,0.0310304,-3.81821,3.81834,,0.00200278,0.00166935,0.00200278,-9.80833,fluid
842,3.76128,23.0039,,985.301,-19.541,0,,0.0299433,-3.82383,3.82395,,0.00657184,0.00962889,0.00657184,-9.80037,fluid
843,4.60596,0.277394,,1001.74,140.021,41202.2,,0.712654,-0.144833,0.727222,,-4.99599,14.3556,3.93389,4.54563,fluid
844,4.65314,0.68658,,1001.97,207.826,46618.4,,0.954416,-0.254049,0.987649,,-6.07136,12.6215,3.92764,2.81153,fluid
845,4.63329,1.09867,,1002.1,238.345,49671.2,,0.939734,-0.560005,1.09394,,-7.61818,12.0422,3.0799,2.23224,fluid
846,4.58478,1.52635,,1002.07,165.787,48961.5,,0.776098,-0.95687,1.23204,,-7.79237,6.53501,2.86476,-3.27499,fluid
847,4.58571,1.98623,,1001.97,108.62,46744.4,,0.702734,-0.816657,1.07739,,-7.15882,5.71351,3.0146,-4.09649,fluid
848,4.5857,2.4087,,1001.83,219.499,43326.9,,0.664085,-0.951173,1.16006,,-6.42689,6.54527,3.00411,-3.26473,fluid
849,4.58288,2.84485,,1001.55,282.195,36564.7,,0.595799,-1.3097,1.43885,,-5.39703,6.02901,2.56921,-3.78099,fluid
850,4.58266,3.28442,,1001.47,116.037,34796.6,,0.629319,-1.68054,1.79451,,-5.54621,7.76116,2.03573,-2.04884,fluid
851,4.58327,3.72089,,1001.82,-42.7514,43194.2,,0.666395,-1.64259,1.77262,,-8.35637,17.1225,1.05079,7.31255,fluid
852,4.58652,4.14715,,1001.15,148.332,27055.4,,0.479771,-1.43927,1.51713,,-10.7754,26.8101,-4.88323,17.0001,fluid
853,4.59602,4.57465,,996.426,620.958,0,,0.320434,-1.84258,1.87023,,-7.62973,22.6274,-7.62973,12.8174,fluid
854,4.60137,5.02552,,984.378,1016.19,0,,0.560534,-2.76211,2.81841,,-3.32606,11.1095,-3.32606,1.29954,fluid
855,4.59708,5.50394,,964.775,925.752,0,,0.789616,-3.51753,3.60506,,-0.801122,2.99021,-0.801122,-6.81979,fluid
856,4.58805,5.99758,,943.593,530.764,0,,0.85024,-3.8024,3.8963,,-0.159989,0.623689,-0.159989,-9.18631,fluid
857,4.57809,6.49537,,927.329,235.765,0,,0.834503,-3.84507,3.93459,,-0.0285202,0.154662,-0.0285202,-9.65534,fluid
858,4.56814,6.99407,,917.581,97.7284,0,,0.809446,-3.85042,3.93459,,-0.00518241,0.0183477,-0.00518241,-9.79165,fluid
859,4.55829,7.49325,,912.867,30.779,0,,0.78434,-3.85285,3.93188,,-0.00357037,-0.00106618,-0.00357037,-9.81107,fluid
860,4.54852,7.99275,,911.305,-8.9008,0,,0.75942,-3.85425,3.92835,,-0.00368781,-0.00294912,-0.00368781,-9.81295,fluid
861,4.53879,8.49248,,911.57,-32.4371,0,,0.73463,-3.85503,3.9244,,-0.00383262,-0.00350448,-0.00383262,-9.8135,fluid
862,4.52909,8.99236,,912.887,-45.3236,0,,0.709918,-3.85543,3.92025,,-0.00395126,-0.00390944,-0.00395126,-9.81391,fluid
863,4.5194,9.49234,,914.82,-51.872,0,,0.685237,-3.85552,3.91594,,-0.00408405,-0.00405747,-0.00408405,-9.81406,fluid
864,4.50971,9.99239,,917.123,-54.7799,0,,0.660555,-3.85542,3.9116,,-0.00421299,-0.00414272,-0.00421299,-9.81414,fluid
865,4.50001,10.4925,,919.657,-55.5991,0,,0.635859,-3.85522,3.90731,,-0.00433904,-0.00420263,-0.00433904,-9.8142,fluid
866,4.4903,10.9926,,922.34,-55.2269,0,,0.611142,-3.85498,3.90312,,-0.00444841,-0.00423661,-0.00444841,-9.81424,fluid
867,4.48059,11.4927,,925.124,-54.1688,0,,0.586398,-3.85471,3.89906,,-0.00455939,-0.00426783,-0.00455939,-9.81427,fluid
868,4.47086,11.9928,,927.981,-52.7001,0,,0.561627,-3.85445,3.89515,,-0.00466824,-0.00429649,-0.00466824,-9.8143,fluid
869,4.46113,12.4929,,930.892,-50.975,0,,0.536835,-3.85419,3.89139,,-0.00477249,-0.00431982,-0.00477249,-9.81432,fluid
870,4.45139,12.993,,933.845,-49.0818,0,,0.512028,-3.85394,3.88781,,-0.00487492,-0.0043403,-0.00487492,-9.81434,fluid
871,4.44165,13.4931,,936.833,-47.0685,0,,0.487215,-3.85373,3.8844,,-0.00497777,-0.00436105,-0.00497777,-9.81436,fluid
872,4.43191,13.9932,,939.849,-44.9669,0,,0.462404,-3.85355,3.88119,,-0.00508057,-0.00438157,-0.00508057,-9.81438,fluid
873,4.42217,14.4932,,942.887,-42.8114,0,,0.437605,-3.85343,3.8782,,-0.005177,-0.00439545,-0.005177,-9.8144,fluid
874,4.41246,14.9932,,945.943,-40.635,0,,0.412869,-3.85335,3.8754,,-0.00518663,-0.00438127,-0.00518663,-9.81438,fluid
875,4.40275,15.4933,,949.011,-38.4567,0,,0.388161,-3.85329,3.87279,,-0.00516533,-0.00436628,-0.00516533,-9.81437,fluid
876,4.39304,15.9933,,952.086,-36.3017,0,,0.363441,-3.85325,3.87036,,-0.00514574,-0.00435006,-0.00514574,-9.81435,fluid
877,4.3833,16.4933,,955.164,-34.2809,0,,0.338674,-3.85326,3.86811,,-0.00505965,-0.00425331,-0.00505965,-9.81425,fluid
878,4.37354,16.9933,,958.24,-32.541,0,,0.313848,-3.8532,3.86596,,-0.00493362,-0.0041184,-0.00493362,-9.81412,fluid
879,4.36375,17.4935,,961.314,-30.9622,0,,0.28889,-3.85268,3.8635,,-0.0050131,-0.0042281,-0.0050131,-9.81423,fluid
880,4.35384,17.9939,,964.376,-29.2697,0,,0.263598,-3.85166,3.86067,,-0.00521159,-0.00444879,-0.00521159,-9.81445,fluid
881,4.34375,18.4941,,967.409,-27.8257,0,,0.237952,-3.85099,3.85833,,-0.00477415,-0.00394605,-0.00477415,-9.81395,fluid
882,4.33367,18.9942,,970.402,-27.0942,0,,0.212409,-3.85044,3.85629,,-0.0041292,-0.0033117,-0.0041292,-9.81331,fluid
883,4.32382,19.4954,,973.341,-25.9856,0,,0.187058,-3.84787,3.85241,,-0.00520984,-0.00456959,-0.00520984,-9.81457,fluid
884,4.31369,19.9964,,976.164,-23.7357,0,,0.161074,-3.84556,3.84893,,-0.00591491,-0.00578613,-0.00591491,-9.81579,fluid
885,4.30321,20.4955,,978.784,-22.1185,0,,0.13485,-3.84685,3.84921,,-0.00375478,-0.00294061,-0.00375478,-9.81294,fluid
886,4.2939,20.9955,,981.146,-21.7438,0,,0.110962,-3.84753,3.84913,,-0.00401551,-0.00341878,-0.00401551,-9.81342,fluid
887,4.28456,21.4963,,983.16,-22.383,0,,0.0867396,-3.84621,3.84719,,-0.0057843,-0.00635637,-0.0057843,-9.81636,fluid
888,4.27313,21.9935,,984.729,-25.3993,0,,0.0592641,-3.85008,3.85053,,0.000211651,0.00308142,0.000211651,-9.80692,fluid
889,4.26315,22.4972,,985.795,-26.9528,0,,0.0341788,-3.84279,3.84294,,0.0027153,0.00278098,0.0027153,-9.80722,fluid
890,4.26148,22.9945,,986.379,-18.5663,0,,0.0305934,-3.84774,3.84786,,0.00788789,0.010622,0.00788789,-9.79938,fluid
891,5.1383,0.252595,,1001.52,157.926,35922.1,,0.880178,-0.15643,0.893971,,-3.03103,17.1353,3.94942,7.32533,fluid
892,5.17413,0.68435,,1001.9,218.039,44885.5,,1.09457,-0.292982,1.1331,,-4.82147,14.6795,3.83711,4.86946,fluid
893,5.1588,1.0933,,1002.09,248.017,49555.4,,1.07203,-0.547607,1.20379,,-6.29804,10.4076,3.2879,0.597618,fluid
894,5.11136,1.51695,,1002.03,190.051,48093.6,,0.886071,-0.961504,1.30752,,-6.50488,6.58153,2.8852,-3.22847,fluid
895,5.11203,1.98192,,1001.87,111.834,44343.5,,0.825286,-0.908322,1.22725,,-5.95061,5.89787,2.70752,-3.91213,fluid
896,5.11053,2.40403,,1001.78,183.136,42114.4,,0.806459,-1.04041,1.31637,,-5.50466,6.68943,2.72143,-3.12057,fluid
897,5.10805,2.84023,,1001.56,282.062,36993.2,,0.730266,-1.26393,1.45973,,-4.80387,6.1435,2.42696,-3.6665,fluid
898,5.10541,3.27992,,1001.34,200.045,31747.9,,0.715239,-1.67387,1.82027,,-4.28426,6.04542,1.92588,-3.76458,fluid
899,5.10403,3.71996,,1001.57,-1.12908,37147.4,,0.765583,-1.84307,1.99575,,-5.62251,12.172,1.64412,2.36198,fluid
900,5.10379,4.15286,,1001.57,48.5633,37070,,0.676985,-1.63484,1.76947,,-8.03929,23.4092,-0.78741,13.5992,fluid
901,5.10821,4.58045,,998.831,433.341,0,,0.470328,-1.77024,1.83166,,-7.0763,23.8811,-7.0763,14.0711,fluid
902,5.1135,5.02461,,990.111,880.179,0,,0.56513,-2.55655,2.61827,,-3.78671,13.6674,-3.78671,3.8574,fluid
903,5.11023,5.49658,,973.776,945.347,0,,0.790487,-3.39336,3.48422,,-1.19041,4.38021,-1.19041,-5.42979,fluid
904,5.10139,5.98775,,953.788,608.718,0,,0.870865,-3.79158,3.89031,,-0.233786,0.875379,-0.233786,-8.93462,fluid
905,5.09112,6.48529,,936.928,282.753,0,,0.861766,-3.86873,3.96355,,-0.0435467,0.235643,-0.0435467,-9.57436,fluid
906,5.0808,6.98408,,926.145,118.881,0,,0.836359,-3.87566,3.96487,,-0.00824601,0.0361541,-0.00824601,-9.77385,fluid
907,5.07057,7.48334,,920.6,43.9946,0,,0.810453,-3.87803,3.96181,,-0.00420793,0.000643796,-0.00420793,-9.80936,fluid
908,5.0604,7.98291,,918.48,1.56093,0,,0.784709,-3.87927,3.95784,,-0.00425291,-0.00292064,-0.00425291,-9.81292,fluid
909,5.05029,8.48268,,918.363,-23.9575,0,,0.759084,-3.87995,3.95351,,-0.00439364,-0.00358825,-0.00439364,-9.81359,fluid
910,5.04019,8.98258,,919.393,-38.1865,0,,0.733529,-3.88028,3.949,,-0.00450562,-0.00391079,-0.00450562,-9.81391,fluid
911,5.0301,9.48258,,921.087,-45.5471,0,,0.707998,-3.88032,3.94439,,-0.00462773,-0.00401155,-0.00462773,-9.81401,fluid
912,5.02002,9.98263,,923.176,-48.965,0,,0.682469,-3.88021,3.93978,,-0.00473732,-0.00407904,-0.00473732,-9.81408,fluid
913,5.00992,10.4827,,925.506,-50.1374,0,,0.656929,-3.88003,3.93525,,-0.00482813,-0.00411914,-0.00482813,-9.81412,fluid
914,4.99982,10.9828,,927.99,-50.0312,0,,0.631371,-3.8798,3.93083,,-0.00490942,-0.00414314,-0.00490942,-9.81414,fluid
915,4.98972,11.4829,,930.576,-49.1872,0,,0.605827,-3.87953,3.92655,,-0.00489938,-0.0041312,-0.00489938,-9.81413,fluid
916,4.97961,11.983,,933.233,-47.907,0,,0.58026,-3.87926,3.92241,,-0.00487009,-0.00410749,-0.00487009,-9.81411,fluid
917,4.96949,12.4831,,935.943,-46.3612,0,,0.554671,-3.87899,3.91844,,-0.00483839,-0.00408118,-0.00483839,-9.81408,fluid
918,4.95936,12.9832,,938.693,-44.6463,0,,0.529065,-3.87872,3.91464,,-0.00480572,-0.00405359,-0.00480572,-9.81405,fluid
919,4.94923,13.4833,,941.475,-42.8154,0,,0.503449,-3.87848,3.91102,,-0.00477325,-0.00402592,-0.00477325,-9.81403,fluid
920,4.93911,13.9834,,944.283,-40.8993,0,,0.477831,-3.87827,3.90759,,-0.00474023,-0.00399722,-0.00474023,-9.814,fluid
921,4.92898,14.4834,,947.112,-38.9224,0,,0.452222,-3.8781,3.90438,,-0.00470504,-0.00396544,-0.00470504,-9.81397,fluid
922,4.91886,14.9835,,949.957,-36.9066,0,,0.426634,-3.87799,3.90138,,-0.00467007,-0.00393422,-0.00467007,-9.81393,fluid
923,4.90875,15.4835,,952.812,-34.8689,0,,0.401068,-3.87791,3.8986,,-0.00463893,-0.00390795,-0.00463893,-9.81391,fluid
924,4.89865,15.9835,,955.672,-32.8406,0,,0.37551,-3.87789,3.89603,,-0.00459914,-0.00386776,-0.00459914,-9.81387,fluid
925,4.88854,16.4835,,958.531,-30.9304,0,,0.349947,-3.87794,3.89369,,-0.00450626,-0.00376254,-0.00450626,-9.81376,fluid
926,4.87843,16.9835,,961.385,-29.2687,0,,0.324383,-3.87796,3.89151,,-0.00440369,-0.00365717,-0.00440369,-9.81366,fluid
927,4.86829,17.4836,,964.23,-27.7637,0,,0.298712,-3.87762,3.88911,,-0.00447438,-0.00376347,-0.00447438,-9.81376,fluid
928,4.85804,17.9839,,967.056,-26.2489,0,,0.272719,-3.87691,3.88649,,-0.0045635,-0.00387446,-0.0045635,-9.81387,fluid
929,4.84761,18.484,,969.85,-25.1279,0,,0.24641,-3.87652,3.88434,,-0.00405614,-0.00332253,-0.00405614,-9.81332,fluid
930,4.83722,18.9842,,972.604,-24.7145,0,,0.220188,-3.87596,3.88221,,-0.0036007,-0.00289891,-0.0036007,-9.8129,fluid
931,4.82693,19.4853,,975.306,-23.8285,0,,0.193853,-3.87329,3.87814,,-0.00477787,-0.00424226,-0.00477787,-9.81424,fluid
932,4.81627,19.9863,,977.9,-21.8988,0,,0.166736,-3.87107,3.87466,,-0.0051843,-0.00495093,-0.0051843,-9.81495,fluid
933,4.80535,20.4855,,980.313,-20.7825,0,,0.139599,-3.87227,3.87478,,-0.00284646,-0.00202603,-0.00284646,-9.81203,fluid
934,4.79551,20.9857,,982.499,-20.6706,0,,0.114514,-3.87228,3.87397,,-0.00324528,-0.00288264,-0.00324528,-9.81288,fluid
935,4.78571,21.4869,,984.371,-20.8466,0,,0.0892195,-3.87025,3.87128,,-0.00525551,-0.00607595,-0.00525551,-9.81608,fluid
936,4.77432,21.984,,985.831,-23.1947,0,,0.0618676,-3.87428,3.87478,,0.000275145,0.00302482,0.000275145,-9.80698,fluid
937,4.76429,22.487,,986.82,-24.8468,0,,0.0368843,-3.86843,3.86861,,0.00312299,0.0035877,0.00312299,-9.80641,fluid
938,4.76169,22.9845,,987.36,-17.5579,0,,0.0312117,-3.87276,3.87288,,0.00895912,0.0113944,0.00895912,-9.79861,fluid
939,5.66837,0.236504,,1001.33,178.407,31520.2,,1.03749,-0.166386,1.05074,,-2.17165,18.7536,3.38167,8.94357,fluid
940,5.69578,0.6819,,1001.82,225.801,43076.7,,1.24125,-0.325209,1.28315,,-3.93539,16.2705,3.61379,6.46054,fluid
941,5.68657,1.08869,,1002.08,250.787,49178.4,,1.22605,-0.550666,1.34403,,-5.11898,9.31668,3.51126,-0.493322,fluid
942,5.64107,1.51001,,1002.01,212.947,47629.7,,1.02108,-0.943439,1.39021,,-5.3772,6.47405,3.04924,-3.33595,fluid
943,5.63839,1.97723,,1001.79,130.652,42283.4,,0.95156,-0.978716,1.36505,,-4.88878,6.05457,2.59705,-3.75543,fluid
944,5.63659,2.39862,,1001.7,153.126,40203.2,,0.952468,-1.14714,1.49102,,-4.49176,6.61113,2.62867,-3.19887,fluid
945,5.63198,2.83548,,1001.57,254.276,37175.9,,0.87731,-1.26012,1.53544,,-4.12364,6.26974,2.46686,-3.54026,fluid
946,5.62854,3.27443,,1001.31,256.064,30924.7,,0.819414,-1.63171,1.8259,,-3.50728,5.4704,1.97981,-4.3396,fluid
947,5.62474,3.71549,,1001.35,76.5064,31811.1,,0.863659,-1.95969,2.14156,,-4.08455,8.93152,1.56343,-0.878481,fluid
948,5.62138,4.15414,,1001.61,16.2695,38099.5,,0.837664,-1.84216,2.02367,,-6.45657,19.1402,0.310139,9.33024,fluid
949,5.6209,4.58438,,1000.19,298.83,4491.52,,0.65217,-1.79215,1.90713,,-7.50571,23.5431,-6.70679,13.7331,fluid
950,5.62367,5.02385,,994.001,741.645,0,,0.594562,-2.41052,2.48276,,-4.74662,15.9522,-4.74662,6.1422,fluid
951,5.62067,5.4896,,980.635,922.401,0,,0.787671,-3.26848,3.36205,,-1.76401,6.20895,-1.76401,-3.60105,fluid
952,5.61192,5.9778,,962.235,665.257,0,,0.880327,-3.76702,3.86851,,-0.336197,1.36894,-0.336197,-8.44106,fluid
953,5.60137,6.47489,,945.223,326.668,0,,0.880931,-3.88963,3.98814,,-0.0507006,0.319183,-0.0507006,-9.49082,fluid
954,5.59073,6.97377,,933.635,138.365,0,,0.856135,-3.90125,3.99409,,-0.0090649,0.059512,-0.0090649,-9.75049,fluid
955,5.58018,7.47312,,927.359,54.5988,0,,0.829613,-3.90364,3.99083,,-0.00340531,0.00410506,-0.00340531,-9.80589,fluid
956,5.56971,7.97275,,924.731,9.63277,0,,0.80326,-3.90474,3.9865,,-0.00338941,-0.00202956,-0.00338941,-9.81203,fluid
957,5.55928,8.47256,,924.268,-17.4858,0,,0.777036,-3.90532,3.98187,,-0.00348986,-0.00284668,-0.00348986,-9.81285,fluid
958,5.54888,8.97249,,925.04,-32.8538,0,,0.750885,-3.90557,3.97709,,-0.00355587,-0.00306834,-0.00355587,-9.81307,fluid
959,5.53849,9.4725,,926.522,-40.9104,0,,0.724762,-3.90557,3.97225,,-0.00361933,-0.00315077,-0.00361933,-9.81315,fluid
960,5.5281,9.97255,,928.423,-44.7573,0,,0.698646,-3.90545,3.96745,,-0.00366025,-0.00320046,-0.00366025,-9.8132,fluid
961,5.5177,10.4726,,930.576,-46.2159,0,,0.672523,-3.90527,3.96276,,-0.00368194,-0.00322449,-0.00368194,-9.81322,fluid
962,5.5073,10.9727,,932.887,-46.3146,0,,0.646382,-3.90505,3.95819,,-0.00369311,-0.00323348,-0.00369311,-9.81323,fluid
963,5.49689,11.4728,,935.3,-45.6286,0,,0.620219,-3.90481,3.95376,,-0.00369812,-0.00323399,-0.00369812,-9.81323,fluid
964,5.48647,11.9729,,937.784,-44.4827,0,,0.594034,-3.90457,3.9495,,-0.0036938,-0.00322363,-0.0036938,-9.81322,fluid
965,5.47604,12.473,,940.319,-43.0616,0,,0.567826,-3.90432,3.94539,,-0.00368716,-0.0032087,-0.00368716,-9.81321,fluid
966,5.46561,12.9731,,942.893,-41.4687,0,,0.541598,-3.90408,3.94146,,-0.0036805,-0.00319311,-0.0036805,-9.81319,fluid
967,5.45517,13.4732,,945.497,-39.7604,0,,0.515357,-3.90384,3.93771,,-0.00367457,-0.00317801,-0.00367457,-9.81318,fluid
968,5.44472,13.9733,,948.125,-37.9686,0,,0.489111,-3.90363,3.93416,,-0.00366994,-0.00316381,-0.00366994,-9.81316,fluid
969,5.43429,14.4733,,950.772,-36.1151,0,,0.462872,-3.90345,3.9308,,-0.00364901,-0.00314501,-0.00364901,-9.81315,fluid
970,5.42385,14.9734,,953.434,-34.2179,0,,0.43665,-3.90332,3.92767,,-0.00362948,-0.00312863,-0.00362948,-9.81313,fluid
971,5.41343,15.4734,,956.105,-32.2896,0,,0.410452,-3.90323,3.92475,,-0.00361525,-0.00312005,-0.00361525,-9.81312,fluid
972,5.40302,15.9734,,958.78,-30.3584,0,,0.384275,-3.9032,3.92207,,-0.00359104,-0.00309855,-0.00359104,-9.8131,fluid
973,5.39261,16.4734,,961.452,-28.517,0,,0.358124,-3.90326,3.91965,,-0.0035301,-0.00303241,-0.0035301,-9.81303,fluid
974,5.38222,16.9734,,964.116,-26.8688,0,,0.331998,-3.90333,3.91742,,-0.00349011,-0.00299199,-0.00349011,-9.81299,fluid
975,5.37181,17.4735,,966.766,-25.3535,0,,0.305795,-3.90314,3.9151,,-0.00359414,-0.00311318,-0.00359414,-9.81311,fluid
976,5.36129,17.9736,,969.391,-23.924,0,,0.279332,-3.90276,3.91274,,-0.00363103,-0.00314535,-0.00363103,-9.81315,fluid
977,5.35064,18.4736,,971.98,-23.0065,0,,0.252639,-3.90266,3.91083,,-0.00317786,-0.00263685,-0.00317786,-9.81264,fluid
978,5.34002,18.9738,,974.527,-22.7479,0,,0.22595,-3.90213,3.90867,,-0.00297706,-0.00247018,-0.00297706,-9.81247,fluid
979,5.3294,19.4749,,977.019,-21.9722,0,,0.198942,-3.89957,3.90464,,-0.00419712,-0.00382156,-0.00419712,-9.81382,fluid
980,5.31834,19.9756,,979.407,-20.4517,0,,0.171066,-3.89775,3.9015,,-0.00423119,-0.00403464,-0.00423119,-9.81403,fluid
981,5.30707,20.4748,,981.633,-20.0344,0,,0.143255,-3.89888,3.90151,,-0.00178177,-0.00107265,-0.00178177,-9.81107,fluid
982,5.29681,20.9756,,983.662,-20.1884,0,,0.117171,-3.89777,3.89953,,-0.00263217,-0.00232313,-0.00263217,-9.81232,fluid
983,5.2866,21.4771,,985.411,-19.6556,0,,0.0909158,-3.89494,3.896,,-0.00496952,-0.00610175,-0.00496952,-9.8161,fluid
984,5.27527,21.9742,,986.778,-21.0981,0,,0.0637497,-3.89922,3.89974,,0.000147597,0.0028527,0.000147597,-9.80715,fluid
985,5.26524,22.4765,,987.702,-22.6844,0,,0.0390396,-3.89491,3.89511,,0.00342055,0.00422225,0.00342055,-9.80578,fluid
986,5.26181,22.9742,,988.206,-16.3584,0,,0.0315506,-3.89873,3.89885,,0.00991985,0.0121155,0.00991985,-9.79788,fluid
987,6.19628,0.22825,,1001.2,193.89,28285.9,,1.17275,-0.171665,1.18525,,-1.87586,19.1336,2.68366,9.32364,fluid
988,6.22233,0.679264,,1001.74,229.46,41091.2,,1.37543,-0.344847,1.418,,-3.27965,17.115,3.31274,7.30503,fluid
989,6.21642,1.08432,,1002.04,246.495,48206.6,,1.37085,-0.569123,1.4843,,-4.10033,8.91115,3.63865,-0.898855,fluid
990,6.17302,1.50477,,1001.99,226.478,47181.6,,1.16314,-0.921489,1.48393,,-4.38407,6.15927,3.24394,-3.65073,fluid
991,6.16656,1.97259,,1001.73,156.105,40827.9,,1.07893,-1.01365,1.4804,,-4.05752,6.17773,2.55193,-3.63227,fluid
992,6.16452,2.39242,,1001.61,141.164,38162.1,,1.09676,-1.24698,1.66067,,-3.67531,6.50081,2.50532,-3.30919,fluid
993,6.15858,2.83061,,1001.55,223.615,36673.1,,1.03868,-1.29746,1.662,,-3.49477,6.18822,2.45081,-3.62178,fluid
994,6.15195,3.26803,,1001.32,284.889,31102,,0.954173,-1.59402,1.85778,,-3.09003,5.18497,1.95897,-4.62503,fluid
995,6.14651,3.70869,,1001.21,158.706,28499.9,,0.957977,-2.00897,2.22568,,-3.39706,6.61991,1.23412,-3.19009,fluid
996,6.13987,4.15134,,1001.5,28.1778,35531.6,,0.963653,-2.02226,2.24012,,-5.26993,14.71,0.508415,4.89999,fluid
997,6.13438,4.58499,,1000.87,204.182,20644.6,,0.815915,-1.88989,2.0585,,-6.77901,22.5041,-3.41656,12.6941,fluid
998,6.13318,5.02199,,996.468,607.653,0,,0.68044,-2.3272,2.42464,,-4.57173,18.2442,-4.57173,8.43415,fluid
999,6.12933,5.48263,,985.507,861.071,0,,0.798922,-3.15624,3.25578,,-1.74771,8.28946,-1.74771,-1.52054,fluid
1000,6.12042,5.96783,,968.767,690.12,0,,0.889136,-3.73208,3.83653,,-0.323619,2.01606,-0.323619,-7.79394,fluid
1001,6.10966,6.46435,,951.963,359.589,0,,0.895354,-3.90622,4.00752,,-0.0448347,0.392066,-0.0448347,-9.41793,fluid
1002,6.09875,6.96331,,939.847,152.897,0,,0.87106,-3.9267,4.02216,,-0.0057499,0.0864561,-0.0057499,-9.72354,fluid
1003,6.08794,7.46275,,932.995,60.5098,0,,0.844041,-3.92918,4.01881,,-0.000607854,0.00982131,-0.000607854,-9.80018,fluid
1004,6.07722,7.96244,,929.943,13.3755,0,,0.817209,-3.93016,4.01422,,-0.000814225,0.000179928,-0.000814225,-9.80982,fluid
1005,6.06654,8.46228,,929.186,-14.7969,0,,0.790514,-3.93067,4.00937,,-0.000999581,-0.00089286,-0.000999581,-9.81089,fluid
1006,6.05588,8.96222,,929.74,-30.9377,0,,0.763891,-3.93087,4.0044,,-0.00113931,-0.00112615,-0.00113931,-9.81113,fluid
1007,6.04524,9.46223,,931.044,-39.4571,0,,0.7373,-3.93087,3.99942,,-0.00126819,-0.0012504,-0.00126819,-9.81125,fluid
1008,6.0346,9.96228,,932.786,-43.5609,0,,0.710719,-3.93078,3.99452,,-0.00137495,-0.00134593,-0.00137495,-9.81135,fluid
1009,6.02396,10.4623,,934.79,-45.1639,0,,0.684134,-3.93063,3.98973,,-0.00146754,-0.00142097,-0.00146754,-9.81142,fluid
1010,6.01331,10.9624,,936.956,-45.3447,0,,0.657537,-3.93046,3.98508,,-0.00153995,-0.00148079,-0.00153995,-9.81148,fluid
1011,6.00265,11.4625,,939.225,-44.7078,0,,0.630918,-3.93027,3.98058,,-0.00160562,-0.00153332,-0.00160562,-9.81153,fluid
1012,5.99199,11.9626,,941.565,-43.5945,0,,0.604278,-3.93007,3.97625,,-0.00166602,-0.00158121,-0.00166602,-9.81158,fluid
1013,5.98131,12.4627,,943.954,-42.1982,0,,0.577615,-3.92986,3.97209,,-0.00172439,-0.00162657,-0.00172439,-9.81163,fluid
1014,5.97063,12.9628,,946.38,-40.6272,0,,0.550931,-3.92966,3.96809,,-0.0017826,-0.00167145,-0.0017826,-9.81167,fluid
1015,5.95994,13.4628,,948.834,-38.9411,0,,0.524229,-3.92947,3.96428,,-0.00184096,-0.00171639,-0.00184096,-9.81172,fluid
1016,5.94925,13.9629,,951.312,-37.1737,0,,0.497515,-3.92928,3.96065,,-0.00189893,-0.00176083,-0.00189893,-9.81176,fluid
1017,5.93856,14.463,,953.808,-35.3468,0,,0.470798,-3.92912,3.95723,,-0.00195651,-0.00180475,-0.00195651,-9.8118,fluid
1018,5.92787,14.963,,956.317,-33.4756,0,,0.444089,-3.92899,3.95401,,-0.00201641,-0.00185132,-0.00201641,-9.81185,fluid
1019,5.91719,15.4631,,958.835,-31.5688,0,,0.417398,-3.9289,3.95101,,-0.00208149,-0.00190357,-0.00208149,-9.8119,fluid
1020,5.90651,15.9631,,961.357,-29.6495,0,,0.390732,-3.92887,3.94825,,-0.00213812,-0.00194467,-0.00213812,-9.81194,fluid
1021,5.89586,16.4631,,963.875,-27.7893,0,,0.364108,-3.92893,3.94577,,-0.0021734,-0.00195997,-0.0021734,-9.81196,fluid
1022,5.88522,16.963,,966.384,-26.0591,0,,0.337528,-3.92902,3.94349,,-0.00224253,-0.00201495,-0.00224253,-9.81201,fluid
1023,5.87458,17.4631,,968.875,-24.4249,0,,0.310905,-3.92896,3.94125,,-0.0024076,-0.00217522,-0.0024076,-9.81218,fluid
1024,5.86386,17.9631,,971.337,-22.9432,0,,0.284113,-3.92889,3.93915,,-0.00244854,-0.00218512,-0.00244854,-9.81219,fluid
1025,5.85305,18.463,,973.758,-22.0358,0,,0.257189,-3.92904,3.93745,,-0.0021376,-0.00181154,-0.0021376,-9.81181,fluid
1026,5.84227,18.9632,,976.133,-21.6974,0,,0.230223,-3.9286,3.93534,,-0.0022173,-0.00192496,-0.0022173,-9.81192,fluid
1027,5.8314,19.4642,,978.447,-20.8559,0,,0.202763,-3.92638,3.93162,,-0.00340129,-0.00319893,-0.00340129,-9.8132,fluid
1028,5.82006,19.9646,,980.656,-19.7205,0,,0.17447,-3.92524,3.92912,,-0.00306108,-0.00293227,-0.00306108,-9.81293,fluid
1029,5.80859,20.4638,,982.719,-20.0523,0,,0.146312,-3.92633,3.92906,,-0.000733018,-0.00011739,-0.000733018,-9.81012,fluid
1030,5.79799,20.9651,,984.612,-20.4113,0,,0.1194,-3.9239,3.92572,,-0.00228888,-0.00206069,-0.00228888,-9.81206,fluid
1031,5.78736,21.4671,,986.254,-18.9885,0,,0.0921832,-3.92023,3.92131,,-0.00493548,-0.00645442,-0.00493548,-9.81645,fluid
1032,5.77595,21.9641,,987.541,-19.3687,0,,0.0649465,-3.92474,3.92528,,4.55242e-05,0.002735,4.55242e-05,-9.80726,fluid
1033,5.76585,22.4656,,988.411,-20.6931,0,,0.0404044,-3.92201,3.92222,,0.00399267,0.00514747,0.00399267,-9.80485,fluid
1034,5.76171,22.9635,,988.885,-15.1194,0,,0.0312694,-3.92532,3.92544,,0.0106991,0.0128133,0.0106991,-9.79719,fluid
1035,6.72714,0.224281,,1001.1,200.317,25886.1,,1.29398,-0.172861,1.30547,,-1.81752,18.7362,2.02628,8.92619,fluid
1036,6.7535,0.676657,,1001.65,227.944,38983.6,,1.51015,-0.352742,1.5508,,-2.85273,17.2748,2.91012,7.46477,fluid
1037,6.75024,1.07993,,1001.97,237.803,46671,,1.52237,-0.5946,1.63437,,-3.40412,8.98345,3.49624,-0.826546,fluid
1038,6.70808,1.49924,,1001.96,230.844,46491.9,,1.31775,-0.912405,1.60279,,-3.65579,5.72306,3.26136,-4.08694,fluid
1039,6.69962,1.96697,,1001.69,181.854,39931.9,,1.22208,-1.02674,1.59614,,-3.46615,6.18354,2.48414,-3.62646,fluid
1040,6.69667,2.3851,,1001.54,149.323,36508.2,,1.24751,-1.32359,1.81884,,-3.09346,6.44584,2.34983,-3.36416,fluid
1041,6.68637,2.82377,,1001.51,208.389,35710,,1.20149,-1.36027,1.81492,,-2.91241,6.00096,2.42026,-3.80904,fluid
1042,6.67886,3.26017,,1001.33,298.326,31324,,1.11023,-1.58687,1.93669,,-2.67582,4.93764,2.008,-4.87236,fluid
1043,6.67032,3.69962,,1001.14,219.035,26946.9,,1.05746,-2.03803,2.29604,,-2.70062,5.16576,1.33459,-4.64424,fluid
1044,6.66111,4.14434,,1001.38,49.1459,32604.5,,1.05917,-2.16958,2.41431,,-3.55076,11.6386,1.33725,1.82858,fluid
1045,6.65186,4.58133,,1001.17,132.729,27723.1,,0.967214,-2.01514,2.23524,,-4.2838,21.1616,-0.120966,11.3516,fluid
1046,6.64588,5.0176,,997.929,488.302,0,,0.807069,-2.30322,2.44053,,-2.89052,19.6808,-2.89052,9.87085,fluid
1047,6.64012,5.4747,,988.732,783.692,0,,0.847395,-3.07658,3.19115,,-1.04688,9.78105,-1.04688,-0.0289535,fluid
1048,6.63061,5.9574,,973.466,689.483,0,,0.912899,-3.7021,3.813,,-0.18975,2.49745,-0.18975,-7.31255,fluid
1049,6.61957,6.45334,,957.096,379.958,0,,0.914275,-3.923,4.02813,,-0.0316714,0.441676,-0.0316714,-9.36832,fluid
1050,6.60839,6.95236,,944.727,162.461,0,,0.889045,-3.95365,4.05238,,-0.00239684,0.109693,-0.00239684,-9.70031,fluid
1051,6.59729,7.4519,,937.483,63.0482,0,,0.861463,-3.95618,4.04889,,-0.000174238,0.0138281,-0.000174238,-9.79617,fluid
1052,6.58628,7.95165,,934.113,14.3221,0,,0.834091,-3.95705,4.044,,-0.000844675,0.000395806,-0.000844675,-9.8096,fluid
1053,6.5753,8.45152,,933.127,-14.3636,0,,0.806849,-3.95745,4.03886,,-0.00106666,-0.000926018,-0.00106666,-9.81093,fluid
1054,6.56435,8.95149,,933.506,-30.9238,0,,0.779672,-3.95758,4.03365,,-0.00119993,-0.00112311,-0.00119993,-9.81112,fluid
1055,6.55341,9.45151,,934.665,-39.7072,0,,0.752525,-3.95756,4.02847,,-0.00130775,-0.00123764,-0.00130775,-9.81124,fluid
1056,6.54247,9.95156,,936.278,-43.9476,0,,0.725388,-3.95746,4.0234,,-0.00139215,-0.00132238,-0.00139215,-9.81132,fluid
1057,6.53153,10.4516,,938.161,-45.6121,0,,0.698245,-3.95733,4.01845,,-0.0014623,-0.00138789,-0.0014623,-9.81139,fluid
1058,6.52058,10.9517,,940.208,-45.8105,0,,0.671088,-3.95716,4.01367,,-0.00152427,-0.00144241,-0.00152427,-9.81144,fluid
1059,6.50963,11.4518,,942.36,-45.167,0,,0.643911,-3.95699,4.00904,,-0.0015818,-0.00149088,-0.0015818,-9.81149,fluid
1060,6.49867,11.9518,,944.581,-44.0344,0,,0.616713,-3.95681,4.00458,,-0.00163689,-0.00153622,-0.00163689,-9.81154,fluid
1061,6.48769,12.4519,,946.851,-42.6122,0,,0.589492,-3.95662,4.0003,,-0.00169042,-0.00157959,-0.00169042,-9.81158,fluid
1062,6.47671,12.952,,949.157,-41.0129,0,,0.562249,-3.95644,3.99619,,-0.00174349,-0.00162229,-0.00174349,-9.81162,fluid
1063,6.46573,13.4521,,951.49,-39.2996,0,,0.534985,-3.95625,3.99226,,-0.00179631,-0.00166464,-0.00179631,-9.81166,fluid
1064,6.45473,13.9522,,953.845,-37.5082,0,,0.507705,-3.95608,3.98852,,-0.00184894,-0.0017067,-0.00184894,-9.81171,fluid
1065,6.44373,14.4522,,956.218,-35.6606,0,,0.480414,-3.95591,3.98498,,-0.0019018,-0.00174909,-0.0019018,-9.81175,fluid
1066,6.43274,14.9523,,958.604,-33.7698,0,,0.453122,-3.95577,3.98163,,-0.00195655,-0.00179398,-0.00195655,-9.81179,fluid
1067,6.42174,15.4523,,960.999,-31.8428,0,,0.425838,-3.95565,3.9785,,-0.00201394,-0.00184164,-0.00201394,-9.81184,fluid
1068,6.41075,15.9524,,963.398,-29.8984,0,,0.398574,-3.95558,3.97561,,-0.00206358,-0.00187951,-0.00206358,-9.81188,fluid
1069,6.39978,16.4524,,965.794,-27.988,0,,0.371353,-3.9556,3.97299,,-0.00210206,-0.00190461,-0.00210206,-9.8119,fluid
1070,6.38883,16.9524,,968.18,-26.1511,0,,0.344177,-3.95564,3.97059,,-0.00217559,-0.00197095,-0.00217559,-9.81197,fluid
1071,6.37789,17.4524,,970.547,-24.372,0,,0.316991,-3.95565,3.96833,,-0.00230185,-0.00209276,-0.00230185,-9.81209,fluid
1072,6.3669,17.9523,,972.882,-22.7784,0,,0.28973,-3.95575,3.96635,,-0.00228615,-0.00204418,-0.00228615,-9.81204,fluid
1073,6.35587,18.4522,,975.173,-21.7603,0,,0.262432,-3.95603,3.96473,,-0.00205035,-0.00176131,-0.00205035,-9.81176,fluid
1074,6.34486,18.9523,,977.413,-21.1931,0,,0.235062,-3.95568,3.96266,,-0.00226149,-0.00202025,-0.00226149,-9.81202,fluid
1075,6.33371,19.4531,,979.583,-20.1783,0,,0.207134,-3.95393,3.95935,,-0.00324325,-0.00306883,-0.00324325,-9.81307,fluid
1076,6.32214,19.9532,,981.645,-19.3536,0,,0.178538,-3.95355,3.95758,,-0.0025469,-0.00237455,-0.0025469,-9.81237,fluid
1077,6.31051,20.4525,,983.569,-20.3537,0,,0.150133,-3.95461,3.95746,,-0.000466345,0.000157203,-0.000466345,-9.80984,fluid
1078,6.29954,20.9543,,985.342,-20.8898,0,,0.122339,-3.95094,3.95284,,-0.00266012,-0.00247987,-0.00266012,-9.81248,fluid
1079,6.28833,21.4566,,986.887,-18.744,0,,0.0938495,-3.94648,3.9476,,-0.00524118,-0.00703842,-0.00524118,-9.81704,fluid
1080,6.2765,21.9535,,988.102,-18.3248,0,,0.0658371,-3.95108,3.95162,,0.000244117,0.00290771,0.000244117,-9.80709,fluid
1081,6.26612,22.4544,,988.921,-19.3493,0,,0.040986,-3.94953,3.94975,,0.00501662,0.00676682,0.00501662,-9.80323,fluid
1082,6.26141,22.9528,,989.37,-14.439,0,,0.0305371,-3.95174,3.95186,,0.0114188,0.0129531,0.0114188,-9.79705,fluid
1083,7.25643,0.221377,,1001.01,209.234,23887,,1.43426,-0.17362,1.44473,,-1.61614,18.4959,1.67237,8.6859,fluid
1084,7.28987,0.674262,,1001.57,234.888,37048.5,,1.68811,-0.35679,1.7254,,-2.38505,17.3783,2.68919,7.56826,fluid
1085,7.28647,1.07538,,1001.9,240.758,45038,,1.71429,-0.614804,1.8212,,-2.70158,9.21767,3.46773,-0.592325,fluid
1086,7.24534,1.49274,,1001.92,238.649,45502.5,,1.50604,-0.922905,1.76632,,-2.79267,5.35827,3.47553,-4.45173,fluid
1087,7.23349,1.95963,,1001.65,202.458,39080.9,,1.37604,-1.04436,1.72748,,-2.6527,6.07262,2.74116,-3.73738,fluid
1088,7.23079,2.37534,,1001.48,162.301,35105.4,,1.38681,-1.38744,1.96169,,-2.4132,6.40155,2.43459,-3.40845,fluid
1089,7.21856,2.81426,,1001.46,203.66,34413.6,,1.34904,-1.43291,1.96802,,-2.28212,5.78926,2.47832,-4.02074,fluid
1090,7.20752,3.24977,,1001.31,300.69,30964.6,,1.25243,-1.62142,2.0488,,-2.14898,4.72893,2.14156,-5.08107,fluid
1091,7.19725,3.68812,,1001.11,246.866,26106.7,,1.16841,-2.08072,2.38633,,-2.00438,4.52447,1.61894,-5.28553,fluid
1092,7.1858,4.13369,,1001.29,60.7193,30409.8,,1.16133,-2.28406,2.56235,,-2.0668,10.0856,2.15969,0.27559,fluid
1093,7.17306,4.57297,,1001.26,87.8502,29892.4,,1.11504,-2.13287,2.40675,,-1.99625,20.0292,2.16581,10.2192,fluid
1094,7.16229,5.00961,,998.671,407.64,0,,0.96119,-2.32691,2.51762,,-1.12273,19.934,-1.12273,10.124,fluid
1095,7.15349,5.465,,990.59,721.582,0,,0.93006,-3.04823,3.18696,,-0.316317,10.2959,-0.316317,0.485888,fluid
1096,7.14281,5.94622,,976.431,677.859,0,,0.951401,-3.69431,3.81485,,-0.0588205,2.67224,-0.0588205,-7.13776,fluid
1097,7.13132,6.44178,,960.578,389.891,0,,0.938072,-3.94445,4.05447,,-0.0126108,0.466088,-0.0126108,-9.34391,fluid
1098,7.11981,6.94087,,948.206,169.169,0,,0.91076,-3.98237,4.08519,,0.000831931,0.123895,0.000831931,-9.6861,fluid
1099,7.10838,7.44049,,940.777,65.9269,0,,0.882498,-3.98489,4.08144,,-0.0019162,0.0149046,-0.0019162,-9.7951,fluid
1100,7.09702,7.9403,,937.22,16.5051,0,,0.854473,-3.98562,4.07618,,-0.0032138,-0.00152036,-0.0032138,-9.81152,fluid
1101,7.08569,8.44022,,936.08,-12.2702,0,,0.826563,-3.98587,4.07067,,-0.0034136,-0.00294328,-0.0034136,-9.81294,fluid
1102,7.07438,8.94022,,936.335,-29.0286,0,,0.798708,-3.9859,4.06514,,-0.00345684,-0.00305022,-0.00345684,-9.81305,fluid
1103,7.06308,9.44025,,937.386,-38.0104,0,,0.770879,-3.98583,4.05969,,-0.00346337,-0.00307647,-0.00346337,-9.81308,fluid
1104,7.05179,9.9403,,938.901,-42.4076,0,,0.743057,-3.98569,4.05436,,-0.00344838,-0.00307486,-0.00344838,-9.81307,fluid
1105,7.04049,10.4404,,940.689,-44.1948,0,,0.715229,-3.98552,4.04919,,-0.00342166,-0.00305762,-0.00342166,-9.81306,fluid
1106,7.02918,10.9404,,942.645,-44.4908,0,,0.687387,-3.98534,4.04418,,-0.00338855,-0.0030319,-0.00338855,-9.81303,fluid
1107,7.01787,11.4405,,944.705,-43.9279,0,,0.659527,-3.98514,4.03935,,-0.00335208,-0.00300153,-0.00335208,-9.813,fluid
1108,7.00655,11.9406,,946.835,-42.865,0,,0.631647,-3.98494,4.03469,,-0.00331436,-0.002969,-0.00331436,-9.81297,fluid
1109,6.99522,12.4407,,949.013,-41.5059,0,,0.603746,-3.98474,4.03021,,-0.00327636,-0.00293559,-0.00327636,-9.81294,fluid
1110,6.98388,12.9408,,951.226,-39.9666,0,,0.575823,-3.98453,4.02592,,-0.00323877,-0.00290214,-0.00323877,-9.8129,fluid
1111,6.97253,13.4408,,953.466,-38.3128,0,,0.547879,-3.98432,4.02182,,-0.00320188,-0.00286907,-0.00320188,-9.81287,fluid
1112,6.96118,13.9409,,955.727,-36.583,0,,0.519916,-3.98412,4.0179,,-0.00316545,-0.00283613,-0.00316545,-9.81284,fluid
1113,6.94982,14.441,,958.006,-34.7997,0,,0.491938,-3.98392,4.01418,,-0.00313,-0.00280401,-0.00313,-9.8128,fluid
1114,6.93846,14.9411,,960.298,-32.9758,0,,0.463951,-3.98374,4.01066,,-0.00309685,-0.00277435,-0.00309685,-9.81277,fluid
1115,6.9271,15.4411,,962.599,-31.1184,0,,0.435962,-3.98357,4.00735,,-0.00306526,-0.00274599,-0.00306526,-9.81275,fluid
1116,6.91574,15.9412,,964.905,-29.2436,0,,0.407986,-3.98344,4.00428,,-0.00302767,-0.00270976,-0.00302767,-9.81271,fluid
1117,6.9044,16.4412,,967.209,-27.386,0,,0.380043,-3.98337,4.00146,,-0.00298617,-0.00266931,-0.00298617,-9.81267,fluid
1118,6.89308,16.9412,,969.505,-25.5597,0,,0.352139,-3.98333,3.99886,,-0.00297612,-0.00266619,-0.00297612,-9.81267,fluid
1119,6.88176,17.4412,,971.78,-23.7566,0,,0.324249,-3.98331,3.99648,,-0.00299101,-0.00268637,-0.00299101,-9.81269,fluid
1120,6.87043,17.9412,,974.024,-22.1356,0,,0.296364,-3.98346,3.99447,,-0.00287859,-0.00255115,-0.00287859,-9.81255,fluid
1121,6.85912,18.441,,976.221,-21.0344,0,,0.268528,-3.98377,3.99281,,-0.00264808,-0.0022966,-0.00264808,-9.8123,fluid
1122,6.84782,18.9412,,978.363,-20.2571,0,,0.240624,-3.98347,3.99073,,-0.00287116,-0.00258006,-0.00287116,-9.81258,fluid
1123,6.83636,19.4417,,980.426,-19.1114,0,,0.212211,-3.98222,3.98787,,-0.0035474,-0.00331228,-0.0035474,-9.81331,fluid
1124,6.82456,19.9415,,982.374,-18.5536,0,,0.183308,-3.98248,3.98669,,-0.00258717,-0.0023376,-0.00258717,-9.81234,fluid
1125,6.81279,20.4408,,984.186,-20.078,0,,0.154694,-3.98355,3.98655,,-0.000813127,-0.000129514,-0.000813127,-9.81013,fluid
1126,6.8014,20.943,,985.856,-20.871,0,,0.12597,-3.97906,3.98106,,-0.00333647,-0.0031598,-0.00333647,-9.81316,fluid
1127,6.78947,21.4454,,987.311,-18.6199,0,,0.0959684,-3.97416,3.97532,,-0.00532367,-0.00701393,-0.00532367,-9.81701,fluid
1128,6.77696,21.9423,,988.454,-18.1802,0,,0.0666875,-3.97867,3.97923,,0.00113264,0.00374351,0.00113264,-9.80626,fluid
1129,6.76623,22.443,,989.226,-19.1481,0,,0.0412161,-3.97721,3.97742,,0.00621911,0.00876019,0.00621911,-9.80124,fluid
1130,6.76111,22.9426,,989.65,-14.942,0,,0.029723,-3.97729,3.9774,,0.0118504,0.0120578,0.0118504,-9.79794,fluid
1131,7.78606,0.21973,,1000.92,210.952,21770.2,,1.53775,-0.176365,1.54783,,-1.43849,18.8802,1.35499,9.07016,fluid
1132,7.82579,0.672217,,1001.49,237.138,35267.2,,1.83253,-0.363053,1.86814,,-1.91284,17.928,2.58698,8.11799,fluid
1133,7.82533,1.07047,,1001.84,245.504,43483.4,,1.88289,-0.627478,1.98469,,-1.97922,9.55452,3.56734,-0.255482,fluid
1134,7.78347,1.48421,,1001.86,243.194,44145.4,,1.66995,-0.963577,1.92801,,-1.86759,5.26407,3.79354,-4.54593,fluid
1135,7.77156,1.95191,,1001.6,204.303,37765.7,,1.52054,-1.08076,1.8655,,-1.76041,5.8577,3.09132,-3.9523,fluid
1136,7.76629,2.36455,,1001.43,164.983,33727.8,,1.52794,-1.4448,2.10286,,-1.62695,6.24429,2.70971,-3.56571,fluid
1137,7.75331,2.80192,,1001.4,207.339,33007.1,,1.51303,-1.50026,2.13074,,-1.49909,5.59885,2.75213,-4.21115,fluid
1138,7.73813,3.23657,,1001.27,303.513,29898.6,,1.41259,-1.68311,2.19734,,-1.36975,4.54903,2.48918,-5.26097,fluid
1139,7.7241,3.67423,,1001.07,253.761,25221.1,,1.30277,-2.14227,2.50729,,-1.06445,4.39238,2.19731,-5.41762,fluid
1140,7.70921,4.12001,,1001.23,69.5805,29059.2,,1.29193,-2.36375,2.69377,,-0.523858,9.62889,3.24093,-0.181108,fluid
1141,7.69228,4.56019,,1001.24,84.4431,29329.9,,1.27624,-2.22427,2.5644,,0.115537,19.1293,3.92372,9.31927,fluid
1142,7.67655,4.9977,,998.867,385.77,0,,1.12351,-2.39347,2.64404,,0.418134,19.2205,0.418134,9.41047,fluid
1143,7.6641,5.45341,,991.262,691.571,0,,1.02408,-3.08394,3.24952,,0.279244,10.0029,0.279244,0.192949,fluid
1144,7.65185,5.93464,,977.727,658.662,0,,0.988701,-3.71878,3.84797,,0.0666762,2.61587,0.0666762,-7.19413,fluid
1145,7.63986,6.43025,,962.354,383.993,0,,0.955317,-3.97079,4.08409,,0.0184982,0.462617,0.0184982,-9.34738,fluid
1146,7.62807,6.92943,,950.196,168.261,0,,0.92536,-4.01012,4.1155,,0.00963993,0.127979,0.00963993,-9.68202,fluid
1147,7.61639,7.42913,,942.803,66.3271,0,,0.896594,-4.01252,4.11147,,4.98077e-05,0.0171862,4.98077e-05,-9.79281,fluid
1148,7.60478,7.92899,,939.206,17.7236,0,,0.868131,-4.01313,4.10596,,-0.00204502,-0.000395623,-0.00204502,-9.8104,fluid
1149,7.5932,8.42894,,938.004,-10.5855,0,,0.839783,-4.0133,4.10023,,-0.00232149,-0.00190587,-0.00232149,-9.81191,fluid
1150,7.58164,8.92894,,938.191,-27.2164,0,,0.811487,-4.01331,4.09453,,-0.00238486,-0.00202472,-0.00238486,-9.81202,fluid
1151,7.57009,9.42898,,939.177,-36.2296,0,,0.783214,-4.01323,4.08894,,-0.00241116,-0.00206537,-0.00241116,-9.81207,fluid
1152,7.55854,9.92903,,940.627,-40.7134,0,,0.754946,-4.01311,4.0835,,-0.00242105,-0.00208359,-0.00242105,-9.81208,fluid
1153,7.54699,10.4291,,942.352,-42.6016,0,,0.726671,-4.01297,4.07823,,-0.00242242,-0.00209049,-0.00242242,-9.81209,fluid
1154,7.53543,10.9292,,944.245,-42.9974,0,,0.698382,-4.01281,4.07313,,-0.00241935,-0.00209147,-0.00241935,-9.81209,fluid
1155,7.52386,11.4292,,946.243,-42.5287,0,,0.670074,-4.01265,4.06821,,-0.00241425,-0.0020895,-0.00241425,-9.81209,fluid
1156,7.51228,11.9293,,948.309,-41.554,0,,0.641747,-4.01248,4.06348,,-0.00240836,-0.00208616,-0.00240836,-9.81209,fluid
1157,7.5007,12.4294,,950.424,-40.2781,0,,0.613398,-4.01231,4.05893,,-0.00240254,-0.00208255,-0.00240254,-9.81208,fluid
1158,7.48911,12.9294,,952.573,-38.8184,0,,0.585028,-4.01214,4.05457,,-0.00239728,-0.00207924,-0.00239728,-9.81208,fluid
1159,7.47751,13.4295,,954.749,-37.2425,0,,0.556635,-4.01197,4.0504,,-0.00239271,-0.00207645,-0.00239271,-9.81208,fluid
1160,7.4659,13.9296,,956.947,-35.5903,0,,0.528221,-4.0118,4.04643,,-0.00238883,-0.00207421,-0.00238883,-9.81207,fluid
1161,7.45429,14.4296,,959.162,-33.886,0,,0.499788,-4.01163,4.04264,,-0.00238583,-0.00207286,-0.00238583,-9.81207,fluid
1162,7.44266,14.9297,,961.39,-32.1431,0,,0.471339,-4.01147,4.03906,,-0.00238479,-0.0020737,-0.00238479,-9.81207,fluid
1163,7.43104,15.4298,,963.628,-30.3703,0,,0.442881,-4.01131,4.03569,,-0.00238465,-0.00207515,-0.00238465,-9.81208,fluid
1164,7.41941,15.9298,,965.872,-28.5823,0,,0.414425,-4.01118,4.03253,,-0.00238085,-0.00207157,-0.00238085,-9.81207,fluid
1165,7.4078,16.4299,,968.116,-26.802,0,,0.385989,-4.01109,4.02962,,-0.00237818,-0.00206944,-0.00237818,-9.81207,fluid
1166,7.3962,16.9299,,970.352,-25.027,0,,0.357581,-4.01102,4.02693,,-0.00240318,-0.00210014,-0.00240318,-9.8121,fluid
1167,7.38461,17.4299,,972.571,-23.2495,0,,0.329197,-4.011,4.02448,,-0.00243866,-0.00213811,-0.00243866,-9.81214,fluid
1168,7.37303,17.9298,,974.757,-21.6243,0,,0.300865,-4.01116,4.02243,,-0.00237018,-0.00204811,-0.00237018,-9.81205,fluid
1169,7.36149,18.4297,,976.897,-20.4218,0,,0.272638,-4.01148,4.02074,,-0.00225845,-0.00192118,-0.00225845,-9.81192,fluid
1170,7.34997,18.9298,,978.978,-19.4246,0,,0.244372,-4.01128,4.01872,,-0.00256315,-0.00227885,-0.00256315,-9.81228,fluid
1171,7.33831,19.4302,,980.972,-18.1586,0,,0.21569,-4.01059,4.01638,,-0.00301515,-0.00282898,-0.00301515,-9.81283,fluid
1172,7.32639,19.9297,,982.845,-17.7405,0,,0.186701,-4.01128,4.01562,,-0.00204092,-0.00181704,-0.00204092,-9.81182,fluid
1173,7.31456,20.4291,,984.577,-19.4772,0,,0.158045,-4.01243,4.01554,,-0.000693243,7.44624e-05,-0.000693243,-9.80993,fluid
1174,7.30291,20.9313,,986.163,-20.4567,0,,0.128846,-4.00786,4.00993,,-0.00336985,-0.00319534,-0.00336985,-9.8132,fluid
1175,7.29042,21.4335,,987.536,-18.7154,0,,0.0978375,-4.00323,4.00443,,-0.00452047,-0.00593198,-0.00452047,-9.81593,fluid
1176,7.27742,21.9303,,988.609,-19.0759,0,,0.0676773,-4.00773,4.0083,,0.00265774,0.00527683,0.00265774,-9.80472,fluid
1177,7.26659,22.4316,,989.336,-20.2857,0,,0.0419587,-4.00496,4.00518,,0.00699132,0.00923734,0.00699132,-9.80076,fluid
1178,7.26102,22.9324,,989.735,-16.6275,0,,0.029203,-4.00225,4.00236,,0.0114074,0.0116336,0.0114074,-9.79837,fluid
1179,8.32348,0.218679,,1000.83,192.024,19689.9,,1.63549,-0.178746,1.64523,,-1.62857,19.4973,0.735045,9.6873,fluid
1180,8.37063,0.670669,,1001.42,235.469,33668.5,,2.01128,-0.36665,2.04443,,-1.71718,18.5414,2.29932,8.73145,fluid
1181,8.37138,1.06548,,1001.77,261.011,41925.7,,2.09933,-0.628981,2.19153,,-1.44556,9.85906,3.5538,0.049062,fluid
1182,8.32972,1.47359,,1001.79,253.535,42374.6,,1.87801,-1.03339,2.14355,,-1.19089,5.40858,3.88718,-4.40142,fluid
1183,8.31537,1.94201,,1001.53,199.703,36070.3,,1.71392,-1.13197,2.05399,,-1.11439,5.61238,3.21679,-4.19762,fluid
1184,8.30593,2.35166,,1001.37,175.838,32447.3,,1.73082,-1.4785,2.27633,,-0.941261,6.10581,2.9599,-3.70419,fluid
1185,8.28724,2.78554,,1001.33,237.445,31552,,1.71653,-1.55876,2.31866,,-0.718549,5.48957,3.08367,-4.32043,fluid
1186,8.26818,3.21876,,1001.19,317.476,28096.5,,1.58228,-1.7843,2.38482,,-0.540175,4.51643,2.85394,-5.29357,fluid
1187,8.25039,3.65658,,1001.02,241.469,24031.9,,1.43023,-2.23402,2.65262,,0.0675833,4.83353,2.97745,-4.97647,fluid
1188,8.23166,4.10233,,1001.2,73.7455,28310.8,,1.41406,-2.41575,2.79918,,1.37761,10.1239,4.81275,0.313858,fluid
1189,8.21047,4.54233,,1001.11,122.037,26324.3,,1.41691,-2.29216,2.69474,,2.5887,18.2917,5.79132,8.48166,fluid
1190,8.1903,4.98124,,998.559,422.674,0,,1.26199,-2.50757,2.80723,,2.28271,17.5217,2.28271,7.71166,fluid
1191,8.17446,5.43934,,990.82,693.968,0,,1.11398,-3.1892,3.37816,,0.974648,8.94864,0.974648,-0.861361,fluid
1192,8.16079,5.92218,,977.416,632.063,0,,1.02375,-3.77988,3.91607,,0.190005,2.35716,0.190005,-7.45284,fluid
1193,8.14839,6.41833,,962.448,361.12,0,,0.971333,-4.00479,4.1209,,0.0495493,0.424778,0.0495493,-9.38522,fluid
1194,8.13637,6.91767,,950.696,158.527,0,,0.939033,-4.0389,4.14663,,0.0153326,0.116677,0.0153326,-9.69332,fluid
1195,8.12448,7.41744,,943.551,63.4483,0,,0.909878,-4.041,4.14217,,0.000200485,0.015864,0.000200485,-9.79414,fluid
1196,8.11265,7.91734,,940.06,17.3136,0,,0.88107,-4.04148,4.1364,,-0.00249031,-0.000419813,-0.00249031,-9.81042,fluid
1197,8.10084,8.41732,,938.885,-9.95657,0,,0.852367,-4.04158,4.13048,,-0.00280154,-0.00184681,-0.00280154,-9.81185,fluid
1198,8.08905,8.91733,,939.064,-26.099,0,,0.823706,-4.04156,4.12465,,-0.00286228,-0.00196684,-0.00286228,-9.81197,fluid
1199,8.07727,9.41737,,940.025,-34.9246,0,,0.795061,-4.04149,4.11895,,-0.00288488,-0.00201641,-0.00288488,-9.81202,fluid
1200,8.06548,9.91742,,941.445,-39.3693,0,,0.766412,-4.04139,4.11342,,-0.00289258,-0.00204617,-0.00289258,-9.81205,fluid
1201,8.05368,10.4175,,943.137,-41.2817,0,,0.737751,-4.04127,4.10805,,-0.00289197,-0.00206599,-0.00289197,-9.81207,fluid
1202,8.04188,10.9175,,944.995,-41.7267,0,,0.709072,-4.04114,4.10287,,-0.00288623,-0.00207999,-0.00288623,-9.81208,fluid
1203,8.03007,11.4176,,946.958,-41.3155,0,,0.680371,-4.041,4.09788,,-0.00287705,-0.0020903,-0.00287705,-9.81209,fluid
1204,8.01825,11.9176,,948.99,-40.4,0,,0.651646,-4.04086,4.09307,,-0.00286568,-0.00209838,-0.00286568,-9.8121,fluid
1205,8.00642,12.4177,,951.07,-39.1828,0,,0.622896,-4.04072,4.08845,,-0.00285297,-0.00210522,-0.00285297,-9.81211,fluid
1206,7.99458,12.9178,,953.185,-37.7809,0,,0.594122,-4.04058,4.08403,,-0.00283909,-0.00211105,-0.00283909,-9.81211,fluid
1207,7.98273,13.4178,,955.326,-36.2625,0,,0.565322,-4.04044,4.0798,,-0.00282399,-0.00211589,-0.00282399,-9.81212,fluid
1208,7.97087,13.9179,,957.489,-34.6684,0,,0.536496,-4.0403,4.07576,,-0.00280749,-0.00211965,-0.00280749,-9.81212,fluid
1209,7.959,14.4179,,959.67,-33.0241,0,,0.507646,-4.04015,4.07192,,-0.00278992,-0.00212276,-0.00278992,-9.81212,fluid
1210,7.94712,14.918,,961.866,-31.3449,0,,0.478772,-4.04,4.06827,,-0.00277206,-0.00212614,-0.00277206,-9.81213,fluid
1211,7.93524,15.4181,,964.072,-29.641,0,,0.449878,-4.03986,4.06483,,-0.00275262,-0.00212815,-0.00275262,-9.81213,fluid
1212,7.92334,15.9181,,966.286,-27.9268,0,,0.420973,-4.03973,4.06161,,-0.00272944,-0.00212606,-0.00272944,-9.81213,fluid
1213,7.91145,16.4182,,968.501,-26.2183,0,,0.392071,-4.03962,4.0586,,-0.00270834,-0.00212717,-0.00270834,-9.81213,fluid
1214,7.89957,16.9182,,970.71,-24.507,0,,0.363176,-4.03952,4.05581,,-0.00270607,-0.00215141,-0.00270607,-9.81215,fluid
1215,7.88769,17.4182,,972.904,-22.7851,0,,0.334295,-4.03946,4.05327,,-0.00270149,-0.00217059,-0.00270149,-9.81217,fluid
1216,7.87582,17.9182,,975.067,-21.1812,0,,0.305474,-4.03957,4.05111,,-0.00261519,-0.00209124,-0.00261519,-9.81209,fluid
1217,7.86401,18.4181,,977.186,-19.8879,0,,0.276776,-4.03981,4.04928,,-0.00253496,-0.00202824,-0.00253496,-9.81203,fluid
1218,7.85223,18.9182,,979.243,-18.7016,0,,0.248067,-4.03966,4.04727,,-0.00279881,-0.00235632,-0.00279881,-9.81236,fluid
1219,7.84032,19.4184,,981.209,-17.3537,0,,0.219069,-4.03939,4.04533,,-0.00298072,-0.00275403,-0.00298072,-9.81275,fluid
1220,7.82826,19.9178,,983.047,-16.9624,0,,0.189955,-4.0403,4.04477,,-0.00203379,-0.00159269,-0.00203379,-9.81159,fluid
1221,7.81638,20.4172,,984.737,-18.562,0,,0.161285,-4.04144,4.04466,,-0.00110627,-0.000250474,-0.00110627,-9.81025,fluid
1222,7.80455,20.9193,,986.268,-19.4944,0,,0.131856,-4.03733,4.03948,,-0.00368639,-0.00339404,-0.00368639,-9.81339,fluid
1223,7.79173,21.4209,,987.577,-18.593,0,,0.100507,-4.0337,4.03496,,-0.00385508,-0.00494964,-0.00385508,-9.81495,fluid
1224,7.7785,21.9178,,988.592,-20.2986,0,,0.0700359,-4.03803,4.03863,,0.00352461,0.00620482,0.00352461,-9.8038,fluid
1225,7.76753,22.4201,,989.277,-21.987,0,,0.043882,-4.03316,4.0334,,0.00680139,0.00902741,0.00680139,-9.80097,fluid
1226,7.76144,22.922,,989.655,-18.6185,0,,0.0299074,-4.02778,4.02789,,0.0107826,0.0109746,0.0107826,-9.79903,fluid
1227,8.8591,0.218607,,1000.78,188.074,18451.4,,1.83137,-0.176095,1.83982,,-1.21966,19.4996,0.861476,9.6896,fluid
1228,8.91538,0.66971,,1001.36,262.559,32149.2,,2.28174,-0.354235,2.30907,,-0.544858,18.0769,3.05628,8.2669,fluid
1229,8.9148,1.05956,,1001.68,298.582,39739.3,,2.34811,-0.620421,2.42869,,-0.00222063,10.1639,4.44798,0.353889,fluid
1230,8.87443,1.45945,,1001.68,271.497,39860.8,,2.08953,-1.15114,2.38564,,0.0880101,5.64824,4.5721,-4.16176,fluid
1231,8.85809,1.92816,,1001.44,190.997,34034.6,,1.90282,-1.20116,2.25023,,-0.329238,5.15386,3.50744,-4.65614,fluid
1232,8.84704,2.33234,,1001.31,194.071,30893.6,,1.92068,-1.50453,2.4398,,-0.387275,5.93283,3.10014,-3.87717,fluid
1233,8.82293,2.76265,,1001.24,275.006,29263.9,,1.86818,-1.64359,2.48827,,-0.266872,5.39874,3.04583,-4.41126,fluid
1234,8.79997,3.19595,,1001.07,312.314,25249.5,,1.68615,-1.95218,2.57955,,-0.00834458,4.68609,2.85787,-5.12391,fluid
1235,8.78017,3.63464,,1000.97,188.94,22835.6,,1.53585,-2.35998,2.81574,,1.02515,6.02993,3.62345,-3.78007,fluid
1236,8.75753,4.07946,,1001.18,67.5684,27770.4,,1.54155,-2.44315,2.88884,,3.24333,11.7204,6.41064,1.91042,fluid
1237,8.73121,4.51835,,1000.81,192.851,19027.7,,1.54435,-2.35054,2.81248,,5.07616,17.407,7.25368,7.59695,fluid
1238,8.70679,4.95981,,997.62,508.65,0,,1.37023,-2.67182,3.00269,,3.9925,14.6875,3.9925,4.87753,fluid
1239,8.68804,5.42248,,989.133,722.979,0,,1.18463,-3.35542,3.5584,,1.59418,7.03964,1.59418,-2.77036,fluid
1240,8.67329,5.90827,,975.427,603.09,0,,1.05552,-3.87177,4.01306,,0.292422,1.84456,0.292422,-7.96544,fluid
1241,8.6605,6.40533,,960.831,331.9,0,,0.992422,-4.0476,4.16749,,0.0562413,0.364,0.0562413,-9.446,fluid
1242,8.64818,6.90487,,949.668,149.194,0,,0.958741,-4.0716,4.18296,,0.00914745,0.0905959,0.00914745,-9.7194,fluid
1243,8.63597,7.40473,,942.961,64.7363,0,,0.929078,-4.07319,4.1778,,-0.00762484,0.00744905,-0.00762484,-9.80255,fluid
1244,8.6238,7.9047,,939.711,21.9641,0,,0.899739,-4.0734,4.17159,,-0.0101489,-0.00550155,-0.0101489,-9.8155,fluid
1245,8.61165,8.40472,,938.648,-4.08441,0,,0.870483,-4.07335,4.16532,,-0.010187,-0.00643926,-0.010187,-9.81644,fluid
1246,8.59952,8.90476,,938.874,-19.6923,0,,0.841254,-4.07322,4.15919,,-0.00997119,-0.00637796,-0.00997119,-9.81638,fluid
1247,8.58738,9.40482,,939.853,-28.3845,0,,0.812027,-4.07305,4.15321,,-0.00971951,-0.00625876,-0.00971951,-9.81626,fluid
1248,8.57523,9.90488,,941.276,-32.9114,0,,0.78279,-4.07286,4.1474,,-0.00945539,-0.00612188,-0.00945539,-9.81612,fluid
1249,8.56308,10.405,,942.967,-35.0053,0,,0.753535,-4.07266,4.14178,,-0.0091846,-0.00597627,-0.0091846,-9.81598,fluid
1250,8.55092,10.905,,944.821,-35.6751,0,,0.724258,-4.07245,4.13635,,-0.00890953,-0.00582552,-0.00890953,-9.81583,fluid
1251,8.53875,11.4051,,946.779,-35.5065,0,,0.694957,-4.07224,4.13111,,-0.00863135,-0.00567177,-0.00863135,-9.81567,fluid
1252,8.52657,11.9052,,948.806,-34.84,0,,0.665631,-4.07202,4.12607,,-0.00835138,-0.00551657,-0.00835138,-9.81552,fluid
1253,8.51437,12.4052,,950.881,-33.8732,0,,0.636279,-4.07181,4.12122,,-0.00806989,-0.00536035,-0.00806989,-9.81536,fluid
1254,8.50217,12.9053,,952.992,-32.7212,0,,0.606902,-4.07159,4.11658,,-0.00778715,-0.00520345,-0.00778715,-9.8152,fluid
1255,8.48996,13.4054,,955.13,-31.452,0,,0.577497,-4.07138,4.11213,,-0.00750284,-0.00504564,-0.00750284,-9.81505,fluid
1256,8.47773,13.9055,,957.292,-30.1069,0,,0.548066,-4.07116,4.10788,,-0.0072166,-0.00488685,-0.0072166,-9.81489,fluid
1257,8.4655,14.4055,,959.472,-28.7124,0,,0.518608,-4.07094,4.10384,,-0.00692845,-0.00472761,-0.00692845,-9.81473,fluid
1258,8.45325,14.9056,,961.668,-27.2855,0,,0.489124,-4.07071,4.09999,,-0.00663868,-0.00456801,-0.00663868,-9.81457,fluid
1259,8.441,15.4057,,963.876,-25.839,0,,0.459614,-4.07049,4.09635,,-0.00634695,-0.00440692,-0.00634695,-9.81441,fluid
1260,8.42873,15.9058,,966.094,-24.3876,0,,0.430082,-4.07027,4.09293,,-0.00605364,-0.0042426,-0.00605364,-9.81424,fluid
1261,8.41646,16.4058,,968.314,-22.9452,0,,0.400536,-4.07005,4.08971,,-0.00576556,-0.00408059,-0.00576556,-9.81408,fluid
1262,8.40419,16.9059,,970.532,-21.5061,0,,0.370978,-4.06984,4.08671,,-0.00549171,-0.00393036,-0.00549171,-9.81393,fluid
1263,8.39192,17.406,,972.736,-20.0673,0,,0.341415,-4.06965,4.08394,,-0.00521185,-0.00376587,-0.00521185,-9.81377,fluid
1264,8.37965,17.906,,974.914,-18.7232,0,,0.311898,-4.06959,4.08153,,-0.00488806,-0.00353337,-0.00488806,-9.81353,fluid
1265,8.36744,18.4059,,977.049,-17.5899,0,,0.282483,-4.06962,4.07941,,-0.00462511,-0.00334785,-0.00462511,-9.81335,fluid
1266,8.35525,18.9061,,979.122,-16.493,0,,0.25306,-4.06937,4.07723,,-0.00460973,-0.00344188,-0.00460973,-9.81344,fluid
1267,8.34297,19.4061,,981.102,-15.3183,0,,0.223483,-4.06925,4.07539,,-0.00434024,-0.00340998,-0.00434024,-9.81341,fluid
1268,8.33066,19.9056,,982.951,-15.0426,0,,0.194039,-4.07012,4.07474,,-0.00326441,-0.00228928,-0.00326441,-9.81229,fluid
1269,8.31863,20.4052,,984.646,-16.3565,0,,0.165178,-4.07102,4.07437,,-0.00260556,-0.00159245,-0.00260556,-9.81159,fluid
1270,8.30656,20.9069,,986.163,-17.0813,0,,0.135508,-4.06756,4.06982,,-0.00467506,-0.00418674,-0.00467506,-9.81419,fluid
1271,8.29348,21.4078,,987.44,-17.1166,0,,0.104093,-4.0654,4.06673,,-0.00361183,-0.0043533,-0.00361183,-9.81435,fluid
1272,8.28021,21.9049,,988.421,-20.3755,0,,0.0736898,-4.06935,4.07001,,0.00349574,0.00619504,0.00349574,-9.8038,fluid
1273,8.269,22.4082,,989.081,-22.8096,0,,0.0468844,-4.06214,4.06242,,0.00572966,0.00812237,0.00572966,-9.80188,fluid
1274,8.26234,22.9109,,989.446,-19.7816,0,,0.0318405,-4.0548,4.05493,,0.0103263,0.0104476,0.0103263,-9.79955,fluid
1275,9.38614,0.219761,,1000.74,201.975,17467.4,,2.01853,-0.166716,2.02541,,0.0990199,18.3468,1.95862,8.53684,fluid
1276,9.4632,0.668535,,1001.25,278.894,29633.7,,2.45648,-0.330858,2.47866,,1.022,16.5799,4.14955,6.76989,fluid
1277,9.4683,1.05239,,1001.53,295.583,36169.3,,2.46863,-0.645638,2.55166,,1.2271,11.2798,5.04131,1.46984,fluid
1278,9.42706,1.44479,,1001.55,245.566,36627.4,,2.23115,-1.29119,2.57783,,0.847009,5.50976,4.72635,-4.30024,fluid
1279,9.4064,1.91405,,1001.36,176.363,32204.6,,2.1333,-1.23549,2.46524,,0.169831,4.34608,3.58886,-5.46392,fluid
1280,9.38857,2.30946,,1001.23,225.402,29180.4,,2.16529,-1.52945,2.65098,,0.126283,5.65363,3.23053,-4.15637,fluid
1281,9.35881,2.73546,,1001.11,303.268,26202.8,,2.0473,-1.77897,2.71223,,0.414685,5.48742,3.21139,-4.32258,fluid
1282,9.32922,3.17151,,1000.95,271.151,22475.9,,1.81832,-2.1502,2.81596,,1.19015,5.421,3.59705,-4.389,fluid
1283,9.30222,3.61106,,1000.98,119.935,23125.8,,1.71041,-2.45293,2.99039,,3.02343,8.03595,5.50704,-1.77405,fluid
1284,9.27147,4.05269,,1001.13,85.1,26601.9,,1.74709,-2.42793,2.99118,,5.72892,13.867,8.59491,4.05696,fluid
1285,9.23735,4.49024,,1000.17,292.11,3888.22,,1.68075,-2.42687,2.95205,,6.64836,15.9704,7.06921,6.1604,fluid
1286,9.20889,4.93658,,995.828,608.828,0,,1.41751,-2.88813,3.21724,,4.43042,11.1691,4.43042,1.35912,fluid
1287,9.1884,5.40596,,986.013,737.25,0,,1.19469,-3.55111,3.74669,,1.63558,4.77487,1.63558,-5.03513,fluid
1288,9.17341,5.89553,,971.719,549.641,0,,1.04996,-3.96627,4.10289,,0.326514,1.20892,0.326514,-8.60108,fluid
1289,9.16066,6.39359,,957.549,286.43,0,,0.988385,-4.0849,4.20278,,0.0746361,0.296005,0.0746361,-9.51399,fluid
1290,9.14835,6.89328,,947.149,129.918,0,,0.95541,-4.09825,4.20814,,0.0180017,0.0703774,0.0180017,-9.73962,fluid
1291,9.13613,7.39318,,941.036,58.222,0,,0.92589,-4.09942,4.20268,,0.00139792,0.00969161,0.00139792,-9.80031,fluid
1292,9.12395,7.89316,,938.133,19.6116,0,,0.89666,-4.09959,4.1965,,-0.0010043,0.000668884,-0.0010043,-9.80933,fluid
1293,9.11179,8.39318,,937.253,-4.64225,0,,0.867497,-4.09958,4.19035,,-0.00121173,-6.14775e-05,-0.00121173,-9.81006,fluid
1294,9.09963,8.89321,,937.577,-19.2777,0,,0.838351,-4.09951,4.18436,,-0.00121516,-0.00014576,-0.00121516,-9.81015,fluid
1295,9.08747,9.39325,,938.612,-27.5166,0,,0.809203,-4.09943,4.17853,,-0.00119713,-0.000190356,-0.00119713,-9.81019,fluid
1296,9.0753,9.89329,,940.073,-31.8796,0,,0.780041,-4.09934,4.17289,,-0.00117607,-0.000227339,-0.00117607,-9.81023,fluid
1297,9.06313,10.3933,,941.793,-33.9498,0,,0.75086,-4.09924,4.16744,,-0.00115601,-0.000262003,-0.00115601,-9.81026,fluid
1298,9.05095,10.8934,,943.673,-34.6613,0,,0.721658,-4.09913,4.16217,,-0.00113841,-0.000295794,-0.00113841,-9.8103,fluid
1299,9.03876,11.3934,,945.656,-34.5633,0,,0.692434,-4.09903,4.1571,,-0.00112398,-0.000330069,-0.00112398,-9.81033,fluid
1300,9.02656,11.8935,,947.708,-33.9782,0,,0.663187,-4.09893,4.15223,,-0.00111338,-0.000365662,-0.00111338,-9.81037,fluid
1301,9.01435,12.3935,,949.809,-33.0948,0,,0.633916,-4.09883,4.14756,,-0.00110728,-0.000402904,-0.00110728,-9.8104,fluid
1302,9.00213,12.8936,,951.947,-32.024,0,,0.604621,-4.09872,4.14308,,-0.00110603,-0.000441898,-0.00110603,-9.81044,fluid
1303,8.98991,13.3936,,954.114,-30.8319,0,,0.575302,-4.09862,4.1388,,-0.00110939,-0.000482262,-0.00110939,-9.81048,fluid
1304,8.97767,13.8937,,956.306,-29.559,0,,0.545958,-4.09852,4.13472,,-0.00111674,-0.000523634,-0.00111674,-9.81052,fluid
1305,8.96543,14.3937,,958.519,-28.2319,0,,0.516591,-4.09842,4.13085,,-0.00112745,-0.000566516,-0.00112745,-9.81057,fluid
1306,8.95317,14.8937,,960.75,-26.8685,0,,0.487199,-4.09832,4.12717,,-0.00114123,-0.000610782,-0.00114123,-9.81061,fluid
1307,8.94091,15.3938,,962.995,-25.4832,0,,0.457782,-4.09821,4.1237,,-0.00115759,-0.000655992,-0.00115759,-9.81066,fluid
1308,8.92864,15.8938,,965.252,-24.0912,0,,0.428344,-4.09811,4.12043,,-0.00117544,-0.00070156,-0.00117544,-9.8107,fluid
1309,8.91636,16.3939,,967.515,-22.7066,0,,0.398886,-4.098,4.11737,,-0.00119857,-0.000752143,-0.00119857,-9.81075,fluid
1310,8.90407,16.8939,,969.777,-21.3309,0,,0.369409,-4.0979,4.11451,,-0.00122882,-0.000810354,-0.00122882,-9.81081,fluid
1311,8.89178,17.394,,972.029,-19.9698,0,,0.339921,-4.09781,4.11188,,-0.00125083,-0.000856318,-0.00125083,-9.81086,fluid
1312,8.8795,17.894,,974.259,-18.6888,0,,0.310465,-4.0978,4.10954,,-0.00125094,-0.000871073,-0.00125094,-9.81087,fluid
1313,8.86725,18.394,,976.449,-17.5451,0,,0.281081,-4.09782,4.10745,,-0.00131299,-0.000952069,-0.00131299,-9.81095,fluid
1314,8.85502,18.8941,,978.579,-16.4026,0,,0.25169,-4.09768,4.1054,,-0.00153302,-0.00119954,-0.00153302,-9.8112,fluid
1315,8.84273,19.394,,980.617,-15.249,0,,0.222221,-4.09779,4.10381,,-0.00151897,-0.0012122,-0.00151897,-9.81121,fluid
1316,8.83049,19.8936,,982.525,-14.8315,0,,0.192966,-4.0986,4.10314,,-0.00108851,-0.000559537,-0.00108851,-9.81056,fluid
1317,8.81855,20.3934,,984.273,-15.4644,0,,0.164281,-4.09927,4.10256,,-0.00131833,-0.000732195,-0.00131833,-9.81073,fluid
1318,8.80653,20.8947,,985.826,-15.5119,0,,0.134896,-4.09676,4.09898,,-0.00341666,-0.00312746,-0.00341666,-9.81313,fluid
1319,8.79366,21.3947,,987.118,-15.9187,0,,0.104305,-4.09644,4.09777,,-0.00158664,-0.00226939,-0.00158664,-9.81227,fluid
1320,8.78093,21.8921,,988.105,-20.0737,0,,0.0752014,-4.10017,4.10086,,0.00438368,0.00715632,0.00438368,-9.80284,fluid
1321,8.76993,22.396,,988.768,-22.8175,0,,0.0487691,-4.09175,4.09204,,0.00529395,0.00769544,0.00529395,-9.8023,fluid
1322,8.76303,22.8986,,989.134,-19.4836,0,,0.0334434,-4.08424,4.08438,,0.0106559,0.0106961,0.0106559,-9.7993,fluid
1323,9.9158,0.222971,,1000.67,214.371,15698.1,,2.14899,-0.155727,2.15463,,1.48901,16.8065,3.0711,6.99645,fluid
1324,10.0233,0.667229,,1001.11,280.5,26109.3,,2.70361,-0.321911,2.72271,,2.11866,16.2233,4.72063,6.41333,fluid
1325,10.0385,1.04699,,1001.37,285.893,32490.9,,2.81878,-0.707828,2.90629,,2.05101,13.024,5.28322,3.21395,fluid
1326,9.99344,1.4275,,1001.45,247.389,34331.3,,2.65618,-1.33588,2.97319,,1.56885,4.94721,4.99925,-4.86279,fluid
1327,9.9571,1.89275,,1001.33,237.068,31453.2,,2.56737,-1.21633,2.84092,,1.05998,3.6139,4.21466,-6.1961,fluid
1328,9.92379,2.28003,,1001.17,299.241,27665.6,,2.48419,-1.59803,2.9538,,1.07887,5.5481,3.86342,-4.2619,fluid
1329,9.88594,2.70283,,1001,312.614,23517.7,,2.23523,-1.9965,2.99704,,1.65433,6.17817,4.03088,-3.63183,fluid
1330,9.84991,3.14243,,1000.92,194.313,21778.3,,1.97864,-2.34344,3.06703,,3.14516,7.15205,5.35413,-2.65795,fluid
1331,9.81412,3.58171,,1001.06,71.4429,25042.8,,1.91753,-2.48313,3.13733,,5.77098,10.6021,8.31999,0.792061,fluid
1332,9.7743,4.01931,,1000.88,154.164,20741.1,,1.92545,-2.41556,3.08906,,7.96058,14.7345,10.0807,4.92449,fluid
1333,9.73514,4.45803,,998.834,424.79,0,,1.73314,-2.59063,3.11691,,6.67749,13.3782,6.67749,3.56822,fluid
1334,9.70547,4.9126,,992.662,694.723,0,,1.41328,-3.16439,3.46565,,3.67639,7.72606,3.67639,-2.08394,fluid
1335,9.68513,5.39024,,980.993,699.638,0,,1.16506,-3.75451,3.93112,,1.20529,2.79637,1.20529,-7.01363,fluid
1336,9.67068,5.88373,,966.073,454.222,0,,1.03004,-4.04963,4.17858,,0.275807,0.708066,0.275807,-9.10193,fluid
1337,9.65817,6.38265,,952.553,217.626,0,,0.978269,-4.11586,4.23052,,0.0886022,0.217332,0.0886022,-9.59267,fluid
1338,9.64601,6.88244,,943.131,93.0218,0,,0.947139,-4.12181,4.22923,,0.0305936,0.0542247,0.0305936,-9.75578,fluid
1339,9.63392,7.38237,,937.758,34.8628,0,,0.918022,-4.12266,4.22364,,0.0167102,0.0150638,0.0167102,-9.79494,fluid
1340,9.62185,7.88234,,935.296,1.14137,0,,0.889129,-4.12289,4.21767,,0.0143519,0.00943078,0.0143519,-9.80057,fluid
1341,9.60979,8.38234,,934.662,-20.4286,0,,0.860276,-4.12301,4.2118,,0.0135784,0.00864751,0.0135784,-9.80135,fluid
1342,9.59772,8.88234,,935.129,-33.3324,0,,0.831424,-4.12311,4.2061,,0.0129568,0.00823632,0.0129568,-9.80176,fluid
1343,9.58565,9.38234,,936.259,-40.4863,0,,0.802556,-4.12319,4.20058,,0.0123613,0.00785839,0.0123613,-9.80214,fluid
1344,9.57357,9.88234,,937.791,-44.1278,0,,0.773665,-4.12328,4.19524,,0.0117809,0.00749204,0.0117809,-9.80251,fluid
1345,9.56148,10.3823,,939.57,-45.6602,0,,0.744747,-4.12338,4.19009,,0.0112145,0.00713476,0.0112145,-9.80287,fluid
1346,9.54938,10.8823,,941.506,-45.9243,0,,0.715801,-4.12348,4.18514,,0.0106612,0.00678542,0.0106612,-9.80321,fluid
1347,9.53727,11.3823,,943.543,-45.4221,0,,0.686829,-4.12358,4.18039,,0.0101152,0.00643945,0.0101152,-9.80356,fluid
1348,9.52515,11.8823,,945.651,-44.4517,0,,0.657829,-4.12368,4.17582,,0.00957493,0.00609569,0.00957493,-9.8039,fluid
1349,9.51301,12.3823,,947.809,-43.1896,0,,0.628803,-4.12379,4.17145,,0.0090404,0.00575401,0.0090404,-9.80425,fluid
1350,9.50087,12.8823,,950.006,-41.7404,0,,0.599749,-4.12389,4.16728,,0.00851178,0.00541453,0.00851178,-9.80459,fluid
1351,9.48871,13.3823,,952.235,-40.1666,0,,0.570668,-4.124,4.1633,,0.00798922,0.00507735,0.00798922,-9.80492,fluid
1352,9.47654,13.8823,,954.491,-38.5074,0,,0.541559,-4.12412,4.15952,,0.00747172,0.00474187,0.00747172,-9.80526,fluid
1353,9.46436,14.3823,,956.772,-36.7879,0,,0.512426,-4.12423,4.15594,,0.00695491,0.00440543,0.00695491,-9.80559,fluid
1354,9.45217,14.8823,,959.073,-35.026,0,,0.483269,-4.12434,4.15256,,0.00643956,0.00406862,0.00643956,-9.80593,fluid
1355,9.43998,15.3823,,961.392,-33.2366,0,,0.454087,-4.12445,4.14937,,0.00592552,0.00373102,0.00592552,-9.80627,fluid
1356,9.42777,15.8823,,963.725,-31.4338,0,,0.42488,-4.12456,4.14639,,0.00541361,0.00339223,0.00541361,-9.80661,fluid
1357,9.41555,16.3823,,966.068,-29.6303,0,,0.39565,-4.12467,4.1436,,0.0049021,0.00304878,0.0049021,-9.80695,fluid
1358,9.40332,16.8823,,968.414,-27.8331,0,,0.366396,-4.12477,4.14101,,0.00439161,0.00270124,0.00439161,-9.8073,fluid
1359,9.39108,17.3823,,970.754,-26.0544,0,,0.337123,-4.12489,4.13864,,0.00389125,0.0023598,0.00389125,-9.80764,fluid
1360,9.37885,17.8823,,973.075,-24.3382,0,,0.30786,-4.12503,4.13651,,0.00340653,0.00202182,0.00340653,-9.80798,fluid
1361,9.36663,18.3822,,975.362,-22.7058,0,,0.278632,-4.12517,4.13457,,0.00289188,0.00162148,0.00289188,-9.80838,fluid
1362,9.35441,18.8823,,977.591,-21.0715,0,,0.249383,-4.12524,4.13277,,0.00231677,0.00114956,0.00231677,-9.80885,fluid
1363,9.34216,19.3822,,979.732,-19.4973,0,,0.220104,-4.12556,4.13143,,0.00192292,0.000909894,0.00192292,-9.80909,fluid
1364,9.32999,19.8818,,981.746,-18.4901,0,,0.19106,-4.12631,4.13073,,0.00169487,0.000938119,0.00169487,-9.80906,fluid
1365,9.31806,20.3818,,983.598,-18.0138,0,,0.162442,-4.12674,4.12994,,0.000850318,0.000121366,0.000850318,-9.80988,fluid
1366,9.306,20.8827,,985.241,-16.9538,0,,0.133247,-4.12528,4.12743,,-0.00109528,-0.00206622,-0.00109528,-9.81207,fluid
1367,9.29335,21.3821,,986.603,-17.0185,0,,0.103333,-4.12621,4.12751,,0.000189375,-0.000483802,0.000189375,-9.81048,fluid
1368,9.28114,21.8797,,987.644,-21.0328,0,,0.0752734,-4.12965,4.13034,,0.004774,0.00760779,0.004774,-9.80239,fluid
1369,9.27046,22.3839,,988.345,-23.3977,0,,0.0495951,-4.1207,4.121,,0.00478372,0.00723822,0.00478372,-9.80276,fluid
1370,9.26338,22.8855,,988.734,-18.7639,0,,0.0342943,-4.11526,4.1154,,0.0113763,0.011288,0.0113763,-9.79871,fluid
1371,10.4633,0.232598,,1000.55,212.473,13026.2,,2.23805,-0.146526,2.24284,,2.23247,15.5603,3.47673,5.75032,fluid
1372,10.5896,0.668453,,1000.93,282.293,21995.9,,3.02865,-0.319458,3.04545,,3.08312,16.8627,5.15831,7.05271,fluid
1373,10.5956,1.04256,,1001.22,310.071,28718.4,,3.22065,-0.725973,3.30146,,3.51082,13.5889,6.21794,3.77886,fluid
1374,10.5495,1.39168,,1001.34,304.276,31599.9,,3.02954,-1.38033,3.32918,,3.09258,5.22032,6.08399,-4.58968,fluid
1375,10.5103,1.84975,,1001.23,305.317,29133.2,,2.79068,-1.33382,3.09306,,2.09039,2.57516,4.85885,-7.23484,fluid
1376,10.4719,2.23448,,1001.04,318.391,24555.6,,2.57252,-1.82407,3.15359,,1.81645,5.34994,4.15891,-4.46006,fluid
1377,10.431,2.65699,,1000.89,241.135,21084.5,,2.31793,-2.31327,3.27476,,2.52312,7.33643,4.54265,-2.47357,fluid
1378,10.3904,3.09896,,1000.95,95.02,22536.2,,2.14667,-2.53957,3.3253,,4.31835,9.453,6.48522,-0.357004,fluid
1379,10.348,3.53641,,1001,80.7899,23626.2,,2.1062,-2.53182,3.29335,,6.53029,12.7709,8.81118,2.96086,fluid
1380,10.3036,3.97254,,999.997,292.849,0,,2.01672,-2.53566,3.23987,,8.03191,13.2704,8.03191,3.4604,fluid
1381,10.2645,4.41812,,996.078,599.32,0,,1.73316,-2.91597,3.39216,,5.49039,9.31343,5.49039,-0.496574,fluid
1382,10.2361,4.88452,,987.171,763.711,0,,1.41031,-3.51447,3.78688,,2.32266,4.39109,2.32266,-5.41891,fluid
1383,10.2171,5.37094,,973.29,631.404,0,,1.17527,-3.96424,4.13479,,0.57647,1.33365,0.57647,-8.47635,fluid
1384,10.2028,5.86779,,958.06,365.489,0,,1.07169,-4.13456,4.27119,,0.127942,0.390944,0.127942,-9.41906,fluid
1385,10.1896,6.36736,,945.602,175.947,0,,1.03013,-4.16181,4.2874,,0.0179265,0.108204,0.0179265,-9.7018,fluid
1386,10.1766,6.86729,,937.411,83.3268,0,,0.99879,-4.16398,4.2821,,-0.0227134,0.00905102,-0.0227134,-9.80095,fluid
1387,10.1636,7.36729,,932.916,35.8626,0,,0.968294,-4.16423,4.27532,,-0.0300014,-0.0108512,-0.0300014,-9.82085,fluid
1388,10.1506,7.86732,,930.976,5.65267,0,,0.937928,-4.16415,4.26847,,-0.0300146,-0.0128918,-0.0300146,-9.82289,fluid
1389,10.1377,8.36735,,930.648,-13.9918,0,,0.907578,-4.16401,4.26177,,-0.0290884,-0.0127826,-0.0290884,-9.82278,fluid
1390,10.1247,8.8674,,931.308,-25.85,0,,0.87722,-4.16385,4.25525,,-0.0280442,-0.0125111,-0.0280442,-9.82251,fluid
1391,10.1117,9.36744,,932.575,-32.5858,0,,0.846845,-4.16367,4.24892,,-0.0269723,-0.0122156,-0.0269723,-9.82222,fluid
1392,10.0987,9.86749,,934.217,-36.1567,0,,0.816448,-4.16348,4.24278,,-0.0258962,-0.0119172,-0.0258962,-9.82192,fluid
1393,10.0857,10.3675,,936.095,-37.7949,0,,0.786029,-4.16329,4.23684,,-0.024831,-0.0116234,-0.024831,-9.82162,fluid
1394,10.0727,10.8676,,938.125,-38.2543,0,,0.755586,-4.16308,4.23109,,-0.0237662,-0.0113317,-0.0237662,-9.82133,fluid
1395,10.0597,11.3677,,940.256,-37.9934,0,,0.725119,-4.16287,4.22555,,-0.0227031,-0.0110425,-0.0227031,-9.82104,fluid
1396,10.0466,11.8677,,942.459,-37.29,0,,0.694626,-4.16266,4.22021,,-0.0216367,-0.0107517,-0.0216367,-9.82075,fluid
1397,10.0336,12.3678,,944.715,-36.3112,0,,0.664103,-4.16244,4.21508,,-0.0206997,-0.0103864,-0.0206997,-9.82039,fluid
1398,10.0205,12.8679,,947.012,-35.1573,0,,0.633546,-4.16222,4.21016,,-0.0197986,-0.00999534,-0.0197986,-9.82,fluid
1399,10.0075,13.3679,,949.346,-33.8887,0,,0.602954,-4.16199,4.20544,,-0.0188912,-0.00960026,-0.0188912,-9.8196,fluid
1400,9.99438,13.868,,951.71,-32.5439,0,,0.572325,-4.16175,4.20092,,-0.017977,-0.00920125,-0.017977,-9.8192,fluid
1401,9.98129,14.368,,954.102,-31.1483,0,,0.541659,-4.16152,4.19662,,-0.0170562,-0.00879855,-0.0170562,-9.8188,fluid
1402,9.96818,14.8681,,956.518,-29.7214,0,,0.510955,-4.16127,4.19252,,-0.0161258,-0.00838996,-0.0161258,-9.81839,fluid
1403,9.95505,15.3682,,958.957,-28.2806,0,,0.480211,-4.16101,4.18863,,-0.0151825,-0.00797516,-0.0151825,-9.81798,fluid
1404,9.94191,15.8683,,961.414,-26.8399,0,,0.449427,-4.16075,4.18495,,-0.0142272,-0.00755613,-0.0142272,-9.81756,fluid
1405,9.92875,16.3683,,963.885,-25.4094,0,,0.418599,-4.16046,4.18147,,-0.0132657,-0.00713643,-0.0132657,-9.81714,fluid
1406,9.91557,16.8684,,966.364,-23.9981,0,,0.387723,-4.16017,4.1782,,-0.0123014,-0.0067139,-0.0123014,-9.81671,fluid
1407,9.90237,17.3685,,968.84,-22.6213,0,,0.356808,-4.15987,4.17514,,-0.0113349,-0.00628562,-0.0113349,-9.81629,fluid
1408,9.88916,17.8686,,971.303,-21.3075,0,,0.32587,-4.15957,4.17232,,-0.0103775,-0.00586049,-0.0103775,-9.81586,fluid
1409,9.87595,18.3687,,973.735,-20.0618,0,,0.294906,-4.15925,4.1697,,-0.00946097,-0.00547035,-0.00946097,-9.81547,fluid
1410,9.86272,18.8688,,976.115,-18.8443,0,,0.26389,-4.15889,4.16726,,-0.00856215,-0.00509428,-0.00856215,-9.81509,fluid
1411,9.84947,19.3688,,978.41,-17.752,0,,0.232877,-4.15873,4.16524,,-0.00753001,-0.00455329,-0.00753001,-9.81455,fluid
1412,9.8363,19.8687,,980.583,-17.101,0,,0.202062,-4.15887,4.16378,,-0.00647433,-0.00395709,-0.00647433,-9.81396,fluid
1413,9.82324,20.3689,,982.594,-16.6397,0,,0.171353,-4.15844,4.16197,,-0.00610952,-0.00409312,-0.00610952,-9.81409,fluid
1414,9.81001,20.8695,,984.385,-15.6444,0,,0.140116,-4.15716,4.15952,,-0.0060288,-0.0047837,-0.0060288,-9.81478,fluid
1415,9.79648,21.3688,,985.88,-16.0701,0,,0.108836,-4.15821,4.15963,,-0.00324094,-0.00221979,-0.00324094,-9.81222,fluid
1416,9.78371,21.8671,,987.034,-20.1146,0,,0.079752,-4.16061,4.16137,,0.00113843,0.0041782,0.00113843,-9.80582,fluid
1417,9.77234,22.3718,,987.818,-22.5862,0,,0.0528199,-4.15009,4.15043,,0.00150235,0.00479697,0.00150235,-9.8052,fluid
1418,9.76443,22.8725,,988.254,-18.011,0,,0.0364714,-4.14605,4.14621,,0.0111007,0.0114134,0.0111007,-9.79859,fluid
1419,10.9957,0.25196,,1000.44,184.215,10445.2,,2.26635,-0.131983,2.27019,,2.53117,13.332,3.48067,3.52199,fluid
1420,11.1859,0.674413,,1000.71,277.3,16814.3,,3.42869,-0.285115,3.44052,,3.52386,14.6692,5.02596,4.85918,fluid
1421,11.2235,1.03549,,1000.93,359.775,21907.4,,3.80269,-0.67968,3.86295,,4.43573,12.8925,6.38584,3.08251,fluid
1422,11.146,1.34279,,1001.07,360.706,25167.1,,3.43971,-1.54829,3.77211,,4.07993,7.74623,6.33547,-2.06377,fluid
1423,11.085,1.79854,,1001.01,303.503,23767,,3.04996,-1.64984,3.4676,,4.19253,1.75171,6.33443,-8.05829,fluid
1424,11.037,2.18644,,1000.86,262.204,20372.6,,2.83829,-2.09077,3.52523,,4.51032,5.39964,6.35457,-4.41036,fluid
1425,10.9804,2.60742,,1000.82,203.001,19451.5,,2.69296,-2.51598,3.6854,,5.83131,8.96215,7.60133,-0.847846,fluid
1426,10.9185,3.04737,,1000.88,145.333,20733.3,,2.58218,-2.63652,3.69038,,7.8754,11.7739,9.77265,1.96387,fluid
1427,10.8586,3.48426,,1000.43,211.458,10093.8,,2.4289,-2.63911,3.58671,,8.66782,12.8248,9.59698,3.0148,fluid
1428,10.807,3.92576,,998.095,460.87,0,,2.08774,-2.82991,3.51668,,6.37242,10.4002,6.37242,0.590193,fluid
1429,10.7694,4.38365,,991.766,727.505,0,,1.65782,-3.30921,3.70125,,3.43926,5.82424,3.43926,-3.98576,fluid
1430,10.7445,4.86208,,979.979,759.825,0,,1.3267,-3.81843,4.04234,,1.16629,2.18483,1.16629,-7.62517,fluid
1431,10.7276,5.3551,,964.441,546.398,0,,1.14352,-4.10633,4.26258,,0.253341,0.667227,0.253341,-9.14277,fluid
1432,10.7136,5.85383,,949.484,308.955,0,,1.07434,-4.18535,4.32104,,0.0458275,0.252586,0.0458275,-9.55741,fluid
1433,10.7002,6.35367,,938.225,168.418,0,,1.03944,-4.19448,4.32136,,-0.0318709,0.0603659,-0.0318709,-9.74963,fluid
1434,10.6869,6.85365,,931.168,98.563,0,,1.0083,-4.19547,4.31493,,-0.0537752,0.00329144,-0.0537752,-9.80671,fluid
1435,10.6735,7.35367,,927.435,57.1618,0,,0.977536,-4.19554,4.30792,,-0.0557792,-0.00616382,-0.0557792,-9.81616,fluid
1436,10.6602,7.8537,,925.951,28.8515,0,,0.946837,-4.19546,4.30098,,-0.0541469,-0.00691586,-0.0541469,-9.81692,fluid
1437,10.6469,8.35374,,925.897,10.1931,0,,0.916143,-4.19536,4.29422,,-0.0521497,-0.00679624,-0.0521497,-9.8168,fluid
1438,10.6336,8.85378,,926.739,-1.40232,0,,0.885443,-4.19524,4.28766,,-0.0501144,-0.006635,-0.0501144,-9.81664,fluid
1439,10.6202,9.35382,,928.14,-8.39316,0,,0.854731,-4.19511,4.2813,,-0.0480489,-0.00647219,-0.0480489,-9.81647,fluid
1440,10.6069,9.85386,,929.896,-12.5099,0,,0.824006,-4.19498,4.27514,,-0.0459704,-0.00631642,-0.0459704,-9.81632,fluid
1441,10.5935,10.3539,,931.878,-14.8524,0,,0.793265,-4.19484,4.26919,,-0.0438873,-0.00616896,-0.0438873,-9.81617,fluid
1442,10.5802,10.8539,,934.009,-16.1065,0,,0.762509,-4.19469,4.26344,,-0.0418038,-0.00603006,-0.0418038,-9.81603,fluid
1443,10.5668,11.354,,936.243,-16.696,0,,0.731736,-4.19454,4.25789,,-0.0397222,-0.00589977,-0.0397222,-9.8159,fluid
1444,10.5534,11.854,,938.55,-16.8808,0,,0.700946,-4.19438,4.25255,,-0.0376424,-0.00577778,-0.0376424,-9.81578,fluid
1445,10.5401,12.3541,,940.915,-16.8188,0,,0.670139,-4.19422,4.24742,,-0.035564,-0.005665,-0.035564,-9.81567,fluid
1446,10.5267,12.8541,,943.326,-16.6038,0,,0.639313,-4.19404,4.24249,,-0.0334878,-0.00556223,-0.0334878,-9.81556,fluid
1447,10.5133,13.3542,,945.778,-16.2918,0,,0.608471,-4.19387,4.23778,,-0.0314153,-0.00546679,-0.0314153,-9.81547,fluid
1448,10.4999,13.8542,,948.266,-15.918,0,,0.577614,-4.19369,4.23328,,-0.0293476,-0.0053774,-0.0293476,-9.81538,fluid
1449,10.4865,14.3543,,950.787,-15.5048,0,,0.546741,-4.19351,4.229,,-0.0272829,-0.00529428,-0.0272829,-9.81529,fluid
1450,10.4731,14.8544,,953.339,-15.0695,0,,0.515851,-4.19333,4.22494,,-0.0252166,-0.00521626,-0.0252166,-9.81522,fluid
1451,10.4596,15.3544,,955.918,-14.6296,0,,0.48494,-4.19315,4.22109,,-0.0233453,-0.00492961,-0.0233453,-9.81493,fluid
1452,10.4462,15.8545,,958.522,-14.1988,0,,0.453988,-4.19294,4.21745,,-0.0216502,-0.0044556,-0.0216502,-9.81446,fluid
1453,10.4328,16.3545,,961.146,-13.7857,0,,0.422989,-4.1927,4.21399,,-0.0199454,-0.00401016,-0.0199454,-9.81401,fluid
1454,10.4193,16.8546,,963.783,-13.4022,0,,0.391935,-4.19243,4.21072,,-0.0182434,-0.00359158,-0.0182434,-9.81359,fluid
1455,10.4058,17.3547,,966.424,-13.0708,0,,0.36082,-4.19213,4.20763,,-0.0165408,-0.00319381,-0.0165408,-9.81319,fluid
1456,10.3924,17.8548,,969.058,-12.8175,0,,0.329634,-4.19177,4.20471,,-0.0148352,-0.00281907,-0.0148352,-9.81282,fluid
1457,10.3788,18.3549,,971.668,-12.6394,0,,0.298369,-4.19134,4.20195,,-0.0131515,-0.00247612,-0.0131515,-9.81248,fluid
1458,10.3653,18.855,,974.231,-12.5071,0,,0.267053,-4.1909,4.1994,,-0.0114825,-0.0021332,-0.0114825,-9.81213,fluid
1459,10.3517,19.3551,,976.717,-12.5039,0,,0.235746,-4.1906,4.19722,,-0.00976547,-0.00170958,-0.00976547,-9.81171,fluid
1460,10.3382,19.8551,,979.088,-12.8244,0,,0.204562,-4.19045,4.19544,,-0.00813343,-0.00136082,-0.00813343,-9.81136,fluid
1461,10.3248,20.3554,,981.299,-13.156,0,,0.17332,-4.18981,4.1934,,-0.00704946,-0.00158549,-0.00704946,-9.81159,fluid
1462,10.3111,20.8558,,983.286,-12.9563,0,,0.141614,-4.18894,4.19134,,-0.00591168,-0.00197581,-0.00591168,-9.81198,fluid
1463,10.2974,21.3551,,984.968,-13.9233,0,,0.11006,-4.19007,4.19152,,-0.00300003,5.10296e-05,-0.00300003,-9.80995,fluid
1464,10.2845,21.8539,,986.291,-17.7448,0,,0.080564,-4.19191,4.19268,,0.000123621,0.00401306,0.000123621,-9.80599,fluid
1465,10.2729,22.3581,,987.201,-19.7336,0,,0.0533467,-4.18233,4.18267,,0.000335161,0.00479565,0.000335161,-9.8052,fluid
1466,10.2646,22.8581,,987.713,-14.9161,0,,0.0364656,-4.17959,4.17975,,0.0109191,0.0131991,0.0109191,-9.7968,fluid
1467,11.4849,0.280906,,1000.39,213.971,9268.02,,2.41573,-0.116538,2.41854,,3.40836,10.9193,4.21501,1.10931,fluid
1468,11.7306,0.684815,,1000.53,298.304,12609.4,,3.80694,-0.222477,3.81343,,5.79318,9.89728,6.86752,0.0872797,fluid
1469,11.8234,1.03453,,1000.64,352.5,15060.9,,4.48209,-0.605003,4.52274,,7.82279,12.0586,9.09579,2.24864,fluid
1470,11.73,1.29061,,1000.77,412.067,18117.4,,4.35362,-1.64581,4.65432,,8.18052,13.51,9.72387,3.70005,fluid
1471,11.5983,1.74744,,1000.86,340.094,20253.2,,3.62198,-1.92682,4.1026,,10.0919,3.44329,11.8367,-6.36671,fluid
1472,11.5181,2.14423,,1000.82,252.349,19284.4,,3.23972,-2.18018,3.90499,,11.3843,7.05234,13.0572,-2.75766,fluid
1473,11.4417,2.55914,,1000.79,226.361,18557,,3.11097,-2.50982,3.99716,,12.8668,11.0478,14.4874,1.23776,fluid
1474,11.3595,2.99546,,1000.57,238.791,13361,,2.92664,-2.6721,3.963,,12.6601,12.8101,13.8356,3.00008,fluid
1475,11.2873,3.43718,,999.305,350.361,0,,2.49666,-2.839,3.78064,,8.19338,11.0627,8.19338,1.25269,fluid
1476,11.2371,3.8905,,995.282,604.427,0,,1.87215,-3.19107,3.69972,,5.40543,7.6442,5.40543,-2.1658,fluid
1477,11.2053,4.36163,,986.4,744.749,0,,1.44431,-3.64872,3.92418,,2.4526,3.68083,2.4526,-6.12917,fluid
1478,11.1857,4.84932,,972.265,646.247,0,,1.15683,-4.01304,4.17645,,0.849639,1.23189,0.849639,-8.57811,fluid
1479,11.1719,5.34612,,955.93,408.363,0,,1.03109,-4.17051,4.29608,,0.350569,0.461173,0.350569,-9.34883,fluid
1480,11.1598,5.84562,,941.605,216.971,0,,0.985211,-4.20176,4.31572,,0.178167,0.182991,0.178167,-9.62701,fluid
1481,11.1479,6.34554,,931.396,113.819,0,,0.955107,-4.20508,4.31218,,0.111062,0.0621706,0.111062,-9.74783,fluid
1482,11.1361,6.84552,,925.201,58.0028,0,,0.926515,-4.2056,4.30645,,0.0944827,0.0326175,0.0944827,-9.77738,fluid
1483,11.1242,7.34553,,922.026,20.6354,0,,0.898135,-4.20568,4.30051,,0.0901946,0.0283062,0.0901946,-9.78169,fluid
1484,11.1124,7.84553,,920.88,-5.80948,0,,0.869779,-4.20569,4.29469,,0.0875837,0.0278348,0.0875837,-9.78217,fluid
1485,11.1006,8.34555,,921.035,-23.4928,0,,0.84142,-4.2057,4.28905,,0.0850085,0.0276217,0.0850085,-9.78238,fluid
1486,11.0887,8.84556,,922.02,-34.8641,0,,0.813054,-4.20572,4.28359,,0.0823249,0.0273242,0.0823249,-9.78268,fluid
1487,11.0769,9.34556,,923.531,-42.0805,0,,0.784679,-4.20574,4.27832,,0.0795972,0.0270179,0.0795972,-9.78298,fluid
1488,11.0651,9.84557,,925.379,-46.6243,0,,0.756295,-4.20578,4.27324,,0.0768425,0.0267061,0.0768425,-9.78329,fluid
1489,11.0532,10.3456,,927.449,-49.4471,0,,0.727902,-4.20583,4.26836,,0.0740725,0.026393,0.0740725,-9.78361,fluid
1490,11.0414,10.8456,,929.667,-51.1495,0,,0.699501,-4.20589,4.26366,,0.0712943,0.0260817,0.0712943,-9.78392,fluid
1491,11.0295,11.3456,,931.99,-52.1055,0,,0.671092,-4.20596,4.25917,,0.0685119,0.0257748,0.0685119,-9.78423,fluid
1492,11.0177,11.8456,,934.391,-52.5448,0,,0.642679,-4.20605,4.25487,,0.0658484,0.0254094,0.0658484,-9.78459,fluid
1493,11.0058,12.3456,,936.855,-52.6063,0,,0.614261,-4.20615,4.25076,,0.0632184,0.0250297,0.0632184,-9.78497,fluid
1494,10.994,12.8456,,939.371,-52.3709,0,,0.585839,-4.20625,4.24686,,0.0605852,0.0246538,0.0605852,-9.78535,fluid
1495,10.9821,13.3455,,941.935,-51.8855,0,,0.557414,-4.20637,4.24314,,0.0579499,0.0242814,0.0579499,-9.78572,fluid
1496,10.9703,13.8455,,944.542,-51.1782,0,,0.528987,-4.2065,4.23963,,0.0553126,0.0239126,0.0553126,-9.78609,fluid
1497,10.9584,14.3455,,947.189,-50.2656,0,,0.500559,-4.20663,4.23631,,0.0526715,0.023546,0.0526715,-9.78645,fluid
1498,10.9465,14.8455,,949.875,-49.1582,0,,0.472135,-4.20678,4.23319,,0.0502177,0.0229738,0.0502177,-9.78703,fluid
1499,10.9347,15.3455,,952.596,-47.8694,0,,0.443733,-4.20695,4.23029,,0.0479281,0.0222098,0.0479281,-9.78779,fluid
1500,10.9228,15.8454,,955.35,-46.412,0,,0.41536,-4.20716,4.22761,,0.0456065,0.0214491,0.0456065,-9.78855,fluid
1501,10.911,16.3454,,958.131,-44.7987,0,,0.387018,-4.20742,4.22518,,0.043039,0.0204971,0.043039,-9.7895,fluid
1502,10.8991,16.8454,,960.934,-43.0466,0,,0.358666,-4.20776,4.22301,,0.0400701,0.0191892,0.0400701,-9.79081,fluid
1503,10.8873,17.3453,,963.749,-41.1901,0,,0.330295,-4.20819,4.22114,,0.0371549,0.0179509,0.0371549,-9.79205,fluid
1504,10.8754,17.8452,,966.565,-39.2648,0,,0.301901,-4.20872,4.21954,,0.0342964,0.0167808,0.0342964,-9.79322,fluid
1505,10.8636,18.3451,,969.364,-37.2713,0,,0.273444,-4.20928,4.21816,,0.0315051,0.0156579,0.0315051,-9.79434,fluid
1506,10.8517,18.8449,,972.126,-35.1863,0,,0.244921,-4.20991,4.21702,,0.0287718,0.0145451,0.0287718,-9.79545,fluid
1507,10.8398,19.3448,,974.82,-33.0721,0,,0.216395,-4.21059,4.21615,,0.0260498,0.0134273,0.0260498,-9.79657,fluid
1508,10.8279,19.8446,,977.407,-31.0567,0,,0.187968,-4.21132,4.21551,,0.0233157,0.0122613,0.0233157,-9.79774,fluid
1509,10.816,20.3446,,979.839,-28.8607,0,,0.159415,-4.21193,4.21495,,0.0201452,0.0101907,0.0201452,-9.79981,fluid
1510,10.804,20.8445,,982.049,-26.1256,0,,0.130431,-4.21273,4.21475,,0.0170569,0.00794832,0.0170569,-9.80205,fluid
1511,10.7918,21.3436,,983.952,-24.2897,0,,0.101537,-4.21464,4.21586,,0.0150528,0.00852474,0.0150528,-9.80148,fluid
1512,10.7803,21.8424,,985.479,-24.9481,0,,0.074236,-4.21711,4.21776,,0.0133882,0.0101931,0.0133882,-9.79981,fluid
1513,10.7698,22.3445,,986.546,-23.1287,0,,0.0488191,-4.21323,4.21351,,0.0104548,0.00865897,0.0104548,-9.80134,fluid
1514,10.762,22.8427,,987.155,-12.9426,0,,0.0319708,-4.21489,4.21501,,0.0168698,0.01628,0.0168698,-9.79372,fluid
1515,12.1022,0.334103,,1000.4,252.801,9318.95,,2.74941,-0.0889914,2.75085,,4.10565,7.45511,4.87537,-2.35489,fluid
1516,12.3483,0.69836,,1000.41,319.203,9616.8,,4.00882,-0.165835,4.01225,,6.4204,6.94179,7.19888,-2.86821,fluid
1517,12.4355,1.03867,,1000.45,352.803,10536.2,,4.67591,-0.544944,4.70755,,8.53659,12.28,9.38348,2.46997,fluid
1518,12.3743,1.2339,,1000.53,387.232,12526.1,,4.91629,-1.50273,5.14082,,9.03808,19.0793,10.0498,9.26928,fluid
1519,12.2017,1.6635,,1000.77,410.477,18120.7,,4.4358,-2.15455,4.93137,,12.7794,6.97728,14.2634,-2.83272,fluid
1520,12.0725,2.07472,,1000.82,274.2,19433.5,,3.68613,-2.26548,4.32666,,15.7138,9.76701,17.3223,-0.0429892,fluid
1521,11.9819,2.48751,,1000.53,272.65,12608.9,,3.31881,-2.54575,4.18275,,14.4761,11.6767,15.5278,1.86675,fluid
1522,11.9045,2.92272,,999.345,419.324,0,,2.87092,-2.88886,4.0728,,8.91534,10.3702,8.91534,0.560234,fluid
1523,11.8475,3.37769,,995.782,636.734,0,,2.1231,-3.33237,3.95123,,6.65453,7.57729,6.65453,-2.23271,fluid
1524,11.8098,3.85056,,987.831,610.616,0,,1.71634,-3.71828,4.09529,,3.35858,3.987,3.35858,-5.823,fluid
1525,11.7853,4.33765,,974.625,475.176,0,,1.39731,-4.03004,4.26541,,1.15523,1.48642,1.15523,-8.32358,fluid
1526,11.7683,4.83362,,958.051,258.487,0,,1.2318,-4.19148,4.36873,,0.341598,0.482615,0.341598,-9.32738,fluid
1527,11.7539,5.3329,,941.978,71.2712,0,,1.1671,-4.23518,4.39304,,0.116431,0.180962,0.116431,-9.62904,fluid
1528,11.7398,5.83282,,929.314,-37.7778,0,,1.13126,-4.24079,4.38908,,0.0285828,0.0485842,0.0285828,-9.76142,fluid
1529,11.7258,6.33282,,920.82,-93.8704,0,,1.09855,-4.2415,4.38145,,0.00542512,0.0091766,0.00542512,-9.80082,fluid
1530,11.7118,6.83283,,915.893,-128.018,0,,1.0662,-4.24155,4.3735,,0.00129301,0.00170273,0.00129301,-9.8083,fluid
1531,11.6978,7.33285,,913.559,-151.671,0,,1.0339,-4.2415,4.36569,,0.000926871,0.00105128,0.000926871,-9.80895,fluid
1532,11.6838,7.83287,,912.973,-166.822,0,,1.00158,-4.24144,4.35809,,0.000920197,0.00102893,0.000920197,-9.80897,fluid
1533,11.6698,8.3329,,913.53,-175.045,0,,0.96924,-4.24136,4.3507,,0.000950841,0.00106522,0.000950841,-9.80893,fluid
1534,11.6557,8.83292,,914.83,-178.342,0,,0.936877,-4.24129,4.34353,,0.00106752,0.00114817,0.00106752,-9.80885,fluid
1535,11.6417,9.33294,,916.61,-178.339,0,,0.904487,-4.24121,4.33659,,0.00126955,0.0013219,0.00126955,-9.80868,fluid
1536,11.6276,9.83297,,918.704,-176.159,0,,0.872073,-4.24113,4.32986,,0.00152323,0.0015892,0.00152323,-9.80841,fluid
1537,11.6136,10.333,,921.007,-172.549,0,,0.839636,-4.24104,4.32336,,0.00178213,0.00185798,0.00178213,-9.80814,fluid
1538,11.5995,10.833,,923.454,-167.991,0,,0.807173,-4.24094,4.31707,,0.00205305,0.00213024,0.00205305,-9.80787,fluid
1539,11.5854,11.333,,926.005,-162.797,0,,0.774686,-4.24084,4.31102,,0.00232378,0.00240224,0.00232378,-9.8076,fluid
1540,11.5713,11.8331,,928.635,-157.163,0,,0.742174,-4.24073,4.30519,,0.00259432,0.00267394,0.00259432,-9.80733,fluid
1541,11.5571,12.3331,,931.33,-151.215,0,,0.709636,-4.24062,4.29958,,0.0028646,0.00294526,0.0028646,-9.80705,fluid
1542,11.543,12.8331,,934.081,-145.03,0,,0.677074,-4.2405,4.29421,,0.00313449,0.00321607,0.00313449,-9.80678,fluid
1543,11.5289,13.3332,,936.882,-138.661,0,,0.644486,-4.24037,4.28906,,0.00340391,0.00348645,0.00340391,-9.80651,fluid
1544,11.5147,13.8332,,939.73,-132.141,0,,0.611873,-4.24023,4.28415,,0.0036729,0.00375646,0.0036729,-9.80624,fluid
1545,11.5006,14.3332,,942.621,-125.495,0,,0.579235,-4.24009,4.27947,,0.0039414,0.00402602,0.0039414,-9.80597,fluid
1546,11.4864,14.8333,,945.553,-118.741,0,,0.546573,-4.23994,4.27502,,0.00420923,0.00429494,0.00420923,-9.80571,fluid
1547,11.4722,15.3333,,948.524,-111.897,0,,0.513884,-4.23978,4.27081,,0.00447653,0.00456356,0.00447653,-9.80544,fluid
1548,11.458,15.8334,,951.53,-104.982,0,,0.481166,-4.23962,4.26684,,0.00474396,0.00483276,0.00474396,-9.80517,fluid
1549,11.4438,16.3334,,954.567,-98.0236,0,,0.448419,-4.23946,4.26311,,0.00501046,0.00510146,0.00501046,-9.8049,fluid
1550,11.4296,16.8335,,957.626,-91.0588,0,,0.415645,-4.2393,4.25962,,0.00548041,0.00556185,0.00548041,-9.80444,fluid
1551,11.4153,17.3335,,960.701,-84.1386,0,,0.382882,-4.23909,4.25635,,0.00633537,0.0063867,0.00633537,-9.80361,fluid
1552,11.4011,17.8336,,963.777,-77.3081,0,,0.350131,-4.23886,4.2533,,0.00712543,0.00710501,0.00712543,-9.80289,fluid
1553,11.3868,18.3336,,966.838,-70.5995,0,,0.317396,-4.23857,4.25044,,0.00786827,0.0077777,0.00786827,-9.80222,fluid
1554,11.3726,18.8337,,969.862,-64.0207,0,,0.284672,-4.23823,4.24778,,0.00856791,0.00840929,0.00856791,-9.80159,fluid
1555,11.3583,19.3338,,972.819,-57.6224,0,,0.251932,-4.23794,4.24543,,0.00908883,0.00871546,0.00908883,-9.80128,fluid
1556,11.3441,19.8338,,975.668,-51.4872,0,,0.21909,-4.23789,4.24355,,0.00939397,0.00853709,0.00939397,-9.80146,fluid
1557,11.3298,20.3339,,978.36,-45.4741,0,,0.186176,-4.23765,4.24174,,0.00963493,0.00821826,0.00963493,-9.80178,fluid
1558,11.3154,20.834,,980.824,-39.4067,0,,0.152975,-4.23767,4.24043,,0.0101577,0.00795051,0.0101577,-9.80205,fluid
1559,11.3007,21.3333,,982.971,-34.4469,0,,0.119169,-4.2391,4.24077,,0.0101116,0.0082732,0.0101116,-9.80173,fluid
1560,11.2864,21.8325,,984.723,-32.1533,0,,0.0862686,-4.24064,4.24152,,0.010108,0.0093799,0.010108,-9.80062,fluid
1561,11.2727,22.3346,,985.965,-26.8133,0,,0.0545694,-4.23614,4.23649,,0.0101146,0.00923442,0.0101146,-9.80077,fluid
1562,11.2613,22.8328,,986.679,-13.32,0,,0.0296298,-4.23859,4.2387,,0.0158043,0.0146955,0.0158043,-9.7953,fluid
1563,12.9484,0.343303,,1000.41,317.416,9599.55,,3.9164,-0.0423022,3.91663,,4.36256,5.78122,5.10363,-4.02878,fluid
1564,13.1614,0.718943,,1000.33,377.904,7824.87,,4.88315,-0.120751,4.88465,,8.99215,7.52774,9.58649,-2.28226,fluid
1565,13.1954,1.04823,,1000.33,388.276,7719.04,,5.17076,-0.444108,5.1898,,11.5334,11.6196,12.1182,1.80964,fluid
1566,13.1642,1.17533,,1000.36,383.704,8529.88,,5.33413,-1.14472,5.45558,,11.9054,20.4393,12.5532,10.6293,fluid
1567,13.0588,1.53174,,1000.57,450.362,13488.8,,5.76617,-2.60742,6.3283,,13.669,10.3344,14.7014,0.524367,fluid
1568,12.882,1.97083,,1000.82,351.701,19348.3,,4.75269,-2.63984,5.43662,,15.5861,11.843,17.0868,2.03302,fluid
1569,12.7646,2.40284,,1000.04,370.957,834.471,,3.59848,-2.98601,4.67604,,6.09263,7.87554,6.158,-1.93446,fluid
1570,12.7078,2.85732,,996.098,558.929,0,,2.6373,-3.49191,4.37593,,3.92238,5.58814,3.92238,-4.22186,fluid
1571,12.6712,3.33281,,986.615,461.3,0,,2.33699,-3.90754,4.55307,,1.70973,2.51118,1.70973,-7.29882,fluid
1572,12.6429,3.82408,,971.308,277.344,0,,2.12382,-4.15888,4.66978,,0.431436,0.660657,0.431436,-9.14934,fluid
1573,12.6188,4.32212,,953.295,112.877,0,,2.00684,-4.25034,4.7003,,0.0542196,0.152345,0.0542196,-9.65766,fluid
1574,12.5959,4.82188,,936.401,6.49158,0,,1.94294,-4.26602,4.68764,,0.0139018,0.0432413,0.0139018,-9.76676,fluid
1575,12.573,5.32187,,922.877,-54.7476,0,,1.89007,-4.26703,4.66689,,0.000838338,0.00498952,0.000838338,-9.80501,fluid
1576,12.5502,5.82188,,913.325,-92.5183,0,,1.83765,-4.26707,4.64595,,1.27183e-05,0.000187114,1.27183e-05,-9.80981,fluid
1577,12.5274,6.32189,,907.354,-120.442,0,,1.7852,-4.26705,4.62544,,0,0,0,-9.81,fluid
1578,12.5045,6.8219,,904.189,-142.421,0,,1.73271,-4.26703,4.60541,,0,0,0,-9.81,fluid
1579,12.4816,7.32191,,903.053,-158.486,0,,1.68018,-4.26701,4.58589,,0,0,0,-9.81,fluid
1580,12.4587,7.82192,,903.319,-169.075,0,,1.6276,-4.26699,4.56686,,0,0,0,-9.81,fluid
1581,12.4358,8.32193,,904.529,-175.359,0,,1.57497,-4.26696,4.54835,,0,0,0,-9.81,fluid
1582,12.4129,8.82194,,906.365,-178.524,0,,1.52229,-4.26693,4.53035,,0,0,0,-9.81,fluid
1583,12.3899,9.32195,,908.613,-179.496,0,,1.46957,-4.2669,4.51288,,0,0,0,-9.81,fluid
1584,12.3669,9.82197,,911.134,-178.931,0,,1.4168,-4.26688,4.49595,,0,0,0,-9.81,fluid
1585,12.3439,10.322,,913.837,-177.281,0,,1.36397,-4.26685,4.47956,,0,0,0,-9.81,fluid
1586,12.3209,10.822,,916.665,-174.843,0,,1.3111,-4.26682,4.46371,,0,0,0,-9.81,fluid
1587,12.2979,11.322,,919.584,-171.809,0,,1.25818,-4.26679,4.44843,,0,0,0,-9.81,fluid
1588,12.2748,11.822,,922.572,-168.3,0,,1.20521,-4.26676,4.43371,,0,0,0,-9.81,fluid
1589,12.2517,12.322,,925.616,-164.389,0,,1.15218,-4.26674,4.41957,,0,0,0,-9.81,fluid
1590,12.2286,12.822,,928.706,-160.119,0,,1.09911,-4.26671,4.406,,0,0,0,-9.81,fluid
1591,12.2055,13.322,,931.839,-155.515,0,,1.04599,-4.26668,4.39302,,0,0,0,-9.81,fluid
1592,12.1823,13.8221,,935.01,-150.591,0,,0.99282,-4.26665,4.38064,,0,0,0,-9.81,fluid
1593,12.1591,14.3221,,938.217,-145.356,0,,0.939598,-4.26662,4.36886,,0,0,0,-9.81,fluid
1594,12.1359,14.8221,,941.458,-139.813,0,,0.886326,-4.2666,4.35769,,0,0,0,-9.81,fluid
1595,12.1127,15.3221,,944.729,-133.967,0,,0.833003,-4.26657,4.34713,,0,0,0,-9.81,fluid
1596,12.0895,15.8221,,948.029,-127.821,0,,0.779629,-4.26654,4.33719,,0,0,0,-9.81,fluid
1597,12.0662,16.3221,,951.351,-121.384,0,,0.726205,-4.26651,4.32787,,0,0,0,-9.81,fluid
1598,12.0429,16.8221,,954.689,-114.663,0,,0.67273,-4.26648,4.31919,,0,0,0,-9.81,fluid
1599,12.0196,17.3221,,958.035,-107.664,0,,0.619204,-4.26645,4.31115,,0,0,0,-9.81,fluid
1600,11.9963,17.8222,,961.375,-100.401,0,,0.565625,-4.26642,4.30375,,0,0,0,-9.81,fluid
1601,11.9729,18.3222,,964.694,-92.8874,0,,0.511992,-4.26639,4.297,,0,0,0,-9.81,fluid
1602,11.9496,18.8222,,967.967,-85.1412,0,,0.458299,-4.26636,4.2909,,6.26435e-07,1.74566e-06,6.26435e-07,-9.81,fluid
1603,11.9262,19.3222,,971.166,-77.2185,0,,0.404562,-4.26631,4.28545,,2.57538e-05,7.30169e-05,2.57538e-05,-9.80993,fluid
1604,11.9027,19.8222,,974.252,-69.1935,0,,0.350788,-4.26623,4.28062,,5.16275e-05,0.000147323,5.16275e-05,-9.80985,fluid
1605,11.8793,20.3223,,977.171,-60.9836,0,,0.296965,-4.26595,4.27627,,0.000243575,0.00053503,0.000243575,-9.80946,fluid
1606,11.8557,20.8224,,979.854,-52.3837,0,,0.242948,-4.26571,4.27262,,0.000704081,0.00144554,0.000704081,-9.80855,fluid
1607,11.8321,21.3218,,982.211,-44.0812,0,,0.188837,-4.26673,4.2709,,0.00154792,0.00280408,0.00154792,-9.8072,fluid
1608,11.8094,21.8212,,984.156,-37.4646,0,,0.137242,-4.26753,4.26974,,0.00367595,0.00533909,0.00367595,-9.80466,fluid
1609,11.7886,22.3233,,985.553,-25.2792,0,,0.0899397,-4.2624,4.26335,,0.00559108,0.00698386,0.00559108,-9.80302,fluid
1610,11.7724,22.8262,,986.368,-9.53323,0,,0.0531211,-4.2553,4.25563,,0.00650478,0.00714864,0.00650478,-9.80285,fluid
